schema_version,experiment_name,environment,severity,seed,scenario_id,scenario_fingerprint,algorithm,status,task_count,uav_count,horizon_minutes,arrival_profile,objective_value,served_tasks,deferred_tasks,average_completion_delay,total_distance,total_travel_time,total_energy,requested_parcels,dropped_parcels,parcel_delivery_rate,safe_return_rate,runtime_seconds,planner_runtime_seconds,route_runtime_seconds,recourse_runtime_seconds,dispatch_count,mission_count,peak_queue_size,candidate_count,max_candidate_count,max_pending_considered,search_truncated_dispatches,phase_high_tasks,phase_medium_tasks,phase_low_tasks,recourse_trigger_count,accepted_replacements,rejected_replacements,replacement_gain,displaced_task_count,rejection_reasons
pgbm_v2_paired_metrics.v1,pgbm_v2_task_replacement_recourse,du_outdoor,moderate,101,du_outdoor_101,11852fbc4150756fc113ae45431bb642388f9c214fc4afb530e22e231f65349a,V1,ok,30,3,120.0,three_phase,4.194700753901535,10,20,38.34205813377175,2805.0679598793986,280.5067959879399,2918.6992741449794,47,15,0.3191489361702128,1.0,6.4331856250000214,6.432376168000019,6.3871064780005895,0.0,13,0,20,15771,9629,8,0,15,10,5,0,0,0,0.0,0,{}
pgbm_v2_paired_metrics.v1,pgbm_v2_task_replacement_recourse,du_outdoor,moderate,101,du_outdoor_tasks_30_uavs_3_seed_101,11852fbc4150756fc113ae45431bb642388f9c214fc4afb530e22e231f65349a,V2,ok,30,3,120.0,three_phase,5.514038455921753,11,19,38.96346877494963,3032.962920519015,303.2962920519015,3151.2949765297003,47,15,0.3191489361702128,1.0,13.789349458,13.313852249,13.243334510999969,0.46624166999999805,11,6,19,11065,9629,8,0,15,10,5,19,5,14,1.1127672407671518,5,"{""no_feasible_candidate"": 7, ""no_positive_gain"": 4, ""no_uncompleted_active_task"": 3}"
pgbm_v2_paired_metrics.v1,pgbm_v2_task_replacement_recourse,du_outdoor,moderate,102,du_outdoor_102,4de9a2fbf068ebdaeba3942cb8107206d5df60a24a645c24f1983cfaf9150bed,V1,ok,30,3,120.0,three_phase,4.332876455821331,9,21,30.278455205343544,2689.4906805267256,268.94906805267254,2787.8133648610296,53,16,0.3018867924528302,1.0,8.016206416999978,8.015488167000058,8.00804093599993,0.0,10,0,21,2854,2405,8,0,15,10,5,0,0,0,0.0,0,{}
pgbm_v2_paired_metrics.v1,pgbm_v2_task_replacement_recourse,du_outdoor,moderate,102,du_outdoor_tasks_30_uavs_3_seed_102,4de9a2fbf068ebdaeba3942cb8107206d5df60a24a645c24f1983cfaf9150bed,V2,ok,30,3,120.0,three_phase,5.9631009553084375,10,20,23.129119271340194,2842.47517178631,284.247517178631,2951.569627559117,53,17,0.32075471698113206,1.0,24.233780042,21.509844542,21.46542833100007,2.710304544000003,8,6,20,2230,1753,8,0,15,10,5,24,9,15,1.617234898526353,9,"{""no_feasible_candidate"": 2, ""no_positive_gain"": 8, ""no_uncompleted_active_task"": 5}"
pgbm_v2_paired_metrics.v1,pgbm_v2_task_replacement_recourse,du_outdoor,moderate,103,du_outdoor_103,da6fb3040c8504180f4939f38bcb6ddc359b84ae431f06f9b9ec9a2e37507a5a,V1,ok,30,3,120.0,three_phase,4.029499302153757,8,22,32.53876928207646,2724.44102670178,272.44410267017804,2826.4197301630034,48,14,0.2916666666666667,1.0,12.594793499999923,12.593717710000078,12.279137142023842,0.0,11,0,22,151574,50000,8,3,15,10,5,0,0,0,0.0,0,{}
pgbm_v2_paired_metrics.v1,pgbm_v2_task_replacement_recourse,du_outdoor,moderate,103,du_outdoor_tasks_30_uavs_3_seed_103,da6fb3040c8504180f4939f38bcb6ddc359b84ae431f06f9b9ec9a2e37507a5a,V2,ok,30,3,120.0,three_phase,5.511433497779092,10,20,22.289752317450812,2803.936442532351,280.3936442532351,2907.0863128321616,48,12,0.25,1.0,28.737198791999994,22.163105166999998,21.112543333001348,6.5628985010000065,12,6,20,129695,50000,8,2,15,10,5,21,7,14,1.4551347288258607,7,"{""no_feasible_candidate"": 7, ""no_positive_gain"": 7}"
pgbm_v2_paired_metrics.v1,pgbm_v2_task_replacement_recourse,du_outdoor,moderate,104,du_outdoor_104,aade9e4ef6b4aff573d6c3c5b19e7df19e5cc94b577576c37e105283a92e93c0,V1,ok,30,3,120.0,three_phase,4.180864962391657,9,21,35.28765376077311,2663.0684771380174,266.30684771380174,2744.802998901054,50,13,0.26,1.0,18.03130024999996,18.030387458000064,17.820981433012548,0.0,12,0,21,77948,45613,8,0,15,10,5,0,0,0,0.0,0,{}
pgbm_v2_paired_metrics.v1,pgbm_v2_task_replacement_recourse,du_outdoor,moderate,104,du_outdoor_tasks_30_uavs_3_seed_104,aade9e4ef6b4aff573d6c3c5b19e7df19e5cc94b577576c37e105283a92e93c0,V2,ok,30,3,120.0,three_phase,5.480293048394105,9,21,16.092048051982527,2725.683606990961,272.5683606990961,2817.8706293119676,50,12,0.24,1.0,40.43094462500001,32.953001916000005,32.51836588400205,7.4586274999999915,14,6,21,43279,25735,8,0,15,10,5,20,9,11,2.061041387563456,9,"{""no_feasible_candidate"": 5, ""no_positive_gain"": 6}"
pgbm_v2_paired_metrics.v1,pgbm_v2_task_replacement_recourse,du_outdoor,moderate,105,du_outdoor_105,ba86a850a17f3976ebbcd3c53f9e8fefeefa39263955ba487bf22ac785235c5b,V1,ok,30,3,120.0,three_phase,7.94667707494436,16,14,30.57692670786953,2834.6850213213183,283.46850213213185,2950.966360762231,43,19,0.4418604651162791,1.0,12.655913166999994,12.655283580999708,12.60362626600363,0.0,9,0,14,16383,14681,8,0,15,10,5,0,0,0,0.0,0,{}
pgbm_v2_paired_metrics.v1,pgbm_v2_task_replacement_recourse,du_outdoor,moderate,105,du_outdoor_tasks_30_uavs_3_seed_105,ba86a850a17f3976ebbcd3c53f9e8fefeefa39263955ba487bf22ac785235c5b,V2,ok,30,3,120.0,three_phase,7.604428616685697,14,16,27.31989522775962,2705.497723683232,270.5497723683232,2809.501022016627,43,16,0.37209302325581395,1.0,40.413539125,37.57784079199996,37.08633055499729,2.818862626000012,10,6,16,61294,50000,8,1,15,10,5,21,5,16,1.08964244367478,5,"{""no_feasible_candidate"": 11, ""no_positive_gain"": 2, ""no_uncompleted_active_task"": 3}"
pgbm_v2_paired_metrics.v1,pgbm_v2_task_replacement_recourse,du_outdoor,moderate,106,du_outdoor_106,b9c33354e8876694237100d36440de3fa04dd08e150811d6e058141a6da069ea,V1,ok,30,3,120.0,three_phase,6.283836384155059,13,17,35.15223837481595,3076.804848854181,307.6804848854181,3183.530894024161,49,16,0.32653061224489793,1.0,12.153729832999943,12.153114999999843,12.149914413000602,0.0,8,0,17,650,175,8,0,15,10,5,0,0,0,0.0,0,{}
pgbm_v2_paired_metrics.v1,pgbm_v2_task_replacement_recourse,du_outdoor,moderate,106,du_outdoor_tasks_30_uavs_3_seed_106,b9c33354e8876694237100d36440de3fa04dd08e150811d6e058141a6da069ea,V2,ok,30,3,120.0,three_phase,6.42657718752367,12,18,30.667859132950095,2982.468580876662,298.2468580876662,3075.0547545205836,49,15,0.30612244897959184,1.0,42.18426724999998,34.01068304399993,33.67310969200091,8.148951875000023,10,6,18,30053,27805,8,0,15,10,5,21,5,16,0.6555074900680007,5,"{""no_feasible_candidate"": 10, ""no_positive_gain"": 5, ""no_uncompleted_active_task"": 1}"
pgbm_v2_paired_metrics.v1,pgbm_v2_task_replacement_recourse,du_outdoor,moderate,107,du_outdoor_107,1cb0aa3e2c65a6d06e32b945c4fda4909a20d5d0717435c25d96aa87110fd20e,V1,ok,30,3,120.0,three_phase,5.669453654362843,10,20,27.54766272588667,2475.1429612483425,247.51429612483426,2567.0788103745326,55,15,0.2727272727272727,1.0,4.375605749999977,4.374901582999996,4.183230914016804,0.0,12,0,20,69436,25735,8,0,15,10,5,0,0,0,0.0,0,{}
pgbm_v2_paired_metrics.v1,pgbm_v2_task_replacement_recourse,du_outdoor,moderate,107,du_outdoor_tasks_30_uavs_3_seed_107,1cb0aa3e2c65a6d06e32b945c4fda4909a20d5d0717435c25d96aa87110fd20e,V2,ok,30,3,120.0,three_phase,6.050553577674077,10,20,25.30139278169788,2347.2478777982747,234.72478777982747,2431.572369971412,55,15,0.2727272727272727,1.0,16.625951583000017,16.588950000000096,15.618193463999319,0.02482741600002214,13,6,20,73544,25735,8,0,15,10,5,15,2,13,0.4506544171659158,2,"{""no_feasible_candidate"": 5, ""no_positive_gain"": 4, ""no_uncompleted_active_task"": 4}"
pgbm_v2_paired_metrics.v1,pgbm_v2_task_replacement_recourse,du_outdoor,moderate,108,du_outdoor_108,da3922c9e8c98a01a916b66b29990d931a576e0c66aea06f4f8f90697683430a,V1,ok,30,3,120.0,three_phase,3.212152532208493,7,23,36.992707048473115,2865.1648442173378,286.51648442173376,2953.7607230380972,48,12,0.25,1.0,25.901351207999937,25.90064983299999,25.896699082000282,0.0,8,0,23,1034,257,8,0,15,10,5,0,0,0,0.0,0,{}
pgbm_v2_paired_metrics.v1,pgbm_v2_task_replacement_recourse,du_outdoor,moderate,108,du_outdoor_tasks_30_uavs_3_seed_108,da3922c9e8c98a01a916b66b29990d931a576e0c66aea06f4f8f90697683430a,V2,ok,30,3,120.0,three_phase,4.9149779029409855,7,23,15.148529876351391,2804.317940138516,280.4317940138516,2892.1385520201115,48,8,0.16666666666666666,1.0,107.64274412500001,94.20084528999996,94.13714840599988,13.414782249999945,12,6,23,4602,2877,8,0,15,10,5,19,6,13,1.349975132598493,6,"{""no_feasible_candidate"": 5, ""no_positive_gain"": 6, ""no_uncompleted_active_task"": 2}"
pgbm_v2_paired_metrics.v1,pgbm_v2_task_replacement_recourse,du_outdoor,moderate,109,du_outdoor_109,4e7757d94e510179dca8cdf37ebb7c34745e963e1498fa40d3d6dd1e9243c869,V1,ok,30,3,120.0,three_phase,6.827485301297323,15,15,39.867155808511896,2943.57309712679,294.357309712679,3065.5611589630626,43,17,0.3953488372093023,1.0,8.542422584000064,8.541910999999914,8.532732539005906,0.0,7,0,15,2147,1115,8,0,15,10,5,0,0,0,0.0,0,{}
pgbm_v2_paired_metrics.v1,pgbm_v2_task_replacement_recourse,du_outdoor,moderate,109,du_outdoor_tasks_30_uavs_3_seed_109,4e7757d94e510179dca8cdf37ebb7c34745e963e1498fa40d3d6dd1e9243c869,V2,ok,30,3,120.0,three_phase,8.020041691059777,14,16,26.113206194385178,2803.6988428781856,280.36988428781854,2925.3872637696604,43,15,0.3488372093023256,1.0,31.215734750000024,24.627871248999952,24.05742276300714,6.556315209000104,9,6,16,68640,50000,8,1,15,10,5,24,9,15,2.2603564648387007,9,"{""no_feasible_candidate"": 6, ""no_positive_gain"": 5, ""no_uncompleted_active_task"": 4}"
pgbm_v2_paired_metrics.v1,pgbm_v2_task_replacement_recourse,du_outdoor,moderate,110,du_outdoor_110,7a5701a4a8427e7a09a2f64dc2f719781dc3908dd8d736137bc03ae4819d0d72,V1,ok,30,3,120.0,three_phase,4.392318611492626,8,22,36.74976555830219,3246.2334670769565,324.62334670769565,3343.546847150205,52,12,0.23076923076923078,1.0,6.1484854999999925,6.1477742089999765,6.141169544000945,0.0,6,0,22,2700,1241,8,0,15,10,5,0,0,0,0.0,0,{}
pgbm_v2_paired_metrics.v1,pgbm_v2_task_replacement_recourse,du_outdoor,moderate,110,du_outdoor_tasks_30_uavs_3_seed_110,7a5701a4a8427e7a09a2f64dc2f719781dc3908dd8d736137bc03ae4819d0d72,V2,ok,30,3,120.0,three_phase,3.718212355946197,5,25,17.813673501214154,2823.725708114869,282.3725708114869,2909.188040833189,52,5,0.09615384615384616,1.0,30.844719166999994,18.33152549900001,18.308525727998074,12.494810166000036,12,5,25,1701,473,8,0,15,10,5,18,4,14,0.9670582574662366,4,"{""no_feasible_candidate"": 1, ""no_positive_gain"": 10, ""no_uncompleted_active_task"": 3}"
pgbm_v2_paired_metrics.v1,pgbm_v2_task_replacement_recourse,du_outdoor,moderate,101,du_outdoor_101,12e6f22935dd1475d94e20497bee2551dce5ad29096a6be618b43cbe48fb52ab,V1,ok,30,5,120.0,three_phase,6.903060831977206,17,13,41.52454926725454,4778.9553627990335,477.89553627990335,4964.071950635615,47,24,0.5106382978723404,1.0,9.320895541000027,9.319284753000034,9.025229507019048,0.0,18,0,13,106430,50000,8,2,15,10,5,0,0,0,0.0,0,{}
pgbm_v2_paired_metrics.v1,pgbm_v2_task_replacement_recourse,du_outdoor,moderate,101,du_outdoor_tasks_30_uavs_5_seed_101,12e6f22935dd1475d94e20497bee2551dce5ad29096a6be618b43cbe48fb52ab,V2,ok,30,5,120.0,three_phase,7.748303964772341,16,14,34.738323095305766,4978.4804948693645,497.8480494869365,5191.660024778451,47,23,0.48936170212765956,1.0,33.950502709000034,30.64762899799996,29.90970223200162,3.270191665000141,17,10,14,66188,50000,8,1,15,10,5,13,6,7,1.0265865677892358,6,"{""no_feasible_candidate"": 4, ""no_positive_gain"": 2, ""no_uncompleted_active_task"": 1}"
pgbm_v2_paired_metrics.v1,pgbm_v2_task_replacement_recourse,du_outdoor,moderate,102,du_outdoor_102,3af388be9f008cba196e7a5578d30a27230039425782935a6dd91c7874762067,V1,ok,30,5,120.0,three_phase,7.246334711014075,17,13,39.580788225131734,4428.405895847264,442.84058958472644,4597.7716196908395,53,28,0.5283018867924528,1.0,11.236182125000028,11.234092498999757,11.135987777004857,0.0,15,0,15,27466,22741,8,0,15,10,5,0,0,0,0.0,0,{}
pgbm_v2_paired_metrics.v1,pgbm_v2_task_replacement_recourse,du_outdoor,moderate,102,du_outdoor_tasks_30_uavs_5_seed_102,3af388be9f008cba196e7a5578d30a27230039425782935a6dd91c7874762067,V2,ok,30,5,120.0,three_phase,7.909272163241006,16,14,27.2677264564264,4304.335709893569,430.43357098935695,4496.853488496958,53,23,0.4339622641509434,1.0,47.18684733399999,43.740961749000064,43.35281502400562,3.40787408500006,15,10,16,33833,22741,8,0,15,10,5,19,5,14,0.5844281132482041,5,"{""no_feasible_candidate"": 6, ""no_positive_gain"": 7, ""no_uncompleted_active_task"": 1}"
pgbm_v2_paired_metrics.v1,pgbm_v2_task_replacement_recourse,du_outdoor,moderate,103,du_outdoor_103,59382b732acbb4fcc346a59b76ed46475d30f35d28fa95aaca1e6b53efccda83,V1,ok,30,5,120.0,three_phase,6.888649200550376,15,15,35.438719291161725,4643.19346874064,464.319346874064,4817.009364171952,48,24,0.5,1.0,15.93691662499998,15.935806876000015,15.403251682993755,0.0,17,0,15,251602,50000,8,5,15,10,5,0,0,0,0.0,0,{}
pgbm_v2_paired_metrics.v1,pgbm_v2_task_replacement_recourse,du_outdoor,moderate,103,du_outdoor_tasks_30_uavs_5_seed_103,59382b732acbb4fcc346a59b76ed46475d30f35d28fa95aaca1e6b53efccda83,V2,ok,30,5,120.0,three_phase,8.12192834154347,15,15,21.803763709406812,4631.103175921794,463.1103175921794,4840.309600218707,48,20,0.4166666666666667,1.0,48.05655891699996,37.414901377000206,35.52264885899723,10.608933293000007,18,10,15,211626,50000,8,4,15,10,5,15,8,7,1.5791102309612757,8,"{""no_feasible_candidate"": 1, ""no_positive_gain"": 5, ""no_uncompleted_active_task"": 1}"
pgbm_v2_paired_metrics.v1,pgbm_v2_task_replacement_recourse,du_outdoor,moderate,104,du_outdoor_104,bcc5f892a10fbe93d49fa07ad6f26cb6dd3eb6d1c7cd3339dba61fdb8f9c4f5f,V1,ok,30,5,120.0,three_phase,7.028617226741681,15,15,28.46323704891423,4515.193303777114,451.5193303777114,4650.3938060474575,50,21,0.42,1.0,17.818768291000083,17.817659624000385,17.3500558530003,0.0,18,0,15,167460,50000,8,3,15,10,5,0,0,0,0.0,0,{}
pgbm_v2_paired_metrics.v1,pgbm_v2_task_replacement_recourse,du_outdoor,moderate,104,du_outdoor_tasks_30_uavs_5_seed_104,bcc5f892a10fbe93d49fa07ad6f26cb6dd3eb6d1c7cd3339dba61fdb8f9c4f5f,V2,ok,30,5,120.0,three_phase,7.755397239227489,15,15,23.109292849411982,4392.764912597518,439.27649125975177,4535.019241948099,50,22,0.44,1.0,63.46565179100003,53.946680958999764,51.517414844987115,9.473562041000037,21,10,15,219230,50000,8,4,15,10,5,14,6,8,1.9011546426143455,6,"{""no_feasible_candidate"": 4, ""no_positive_gain"": 4}"
pgbm_v2_paired_metrics.v1,pgbm_v2_task_replacement_recourse,du_outdoor,moderate,105,du_outdoor_105,e142fe051830cb6a15077232766aacb6ba9e50b46a6708c6e855c4bd19cdedad,V1,ok,30,5,120.0,three_phase,9.107895522629848,19,11,29.16384104248096,4184.062718996736,418.40627189967364,4340.185929919513,43,23,0.5348837209302325,1.0,12.47693470899992,12.475672457999963,11.994272302002742,0.0,18,0,11,205762,50000,8,4,15,10,5,0,0,0,0.0,0,{}
pgbm_v2_paired_metrics.v1,pgbm_v2_task_replacement_recourse,du_outdoor,moderate,105,du_outdoor_tasks_30_uavs_5_seed_105,e142fe051830cb6a15077232766aacb6ba9e50b46a6708c6e855c4bd19cdedad,V2,ok,30,5,120.0,three_phase,10.297473451304779,20,10,28.01217925727409,4577.71467266955,457.771467266955,4775.612454408678,43,27,0.627906976744186,1.0,36.53357262500003,32.47554179100007,32.29362567099588,4.0257220409999945,17,11,10,16259,14681,8,0,15,10,5,14,9,5,1.3888246932592303,9,"{""no_feasible_candidate"": 2, ""no_positive_gain"": 3}"
pgbm_v2_paired_metrics.v1,pgbm_v2_task_replacement_recourse,du_outdoor,moderate,106,du_outdoor_106,a63bf5bf30b5bfe4a64d50cdc89cb6f94c68f6da95e43b56b508c06b89ec2694,V1,ok,30,5,120.0,three_phase,9.407670472971066,19,11,32.451419100955384,5078.565661049343,507.85656610493436,5251.980312351732,49,26,0.5306122448979592,1.0,9.982851291000088,9.982056458999864,9.979209666001793,0.0,12,0,11,535,175,8,0,15,10,5,0,0,0,0.0,0,{}
pgbm_v2_paired_metrics.v1,pgbm_v2_task_replacement_recourse,du_outdoor,moderate,106,du_outdoor_tasks_30_uavs_5_seed_106,a63bf5bf30b5bfe4a64d50cdc89cb6f94c68f6da95e43b56b508c06b89ec2694,V2,ok,30,5,120.0,three_phase,9.983650680258638,18,12,26.121063700258702,4950.614462296512,495.0614462296512,5147.116190481462,49,23,0.46938775510204084,1.0,31.080714041999954,22.45941441499997,22.22626370999751,8.572921124999993,14,10,12,17182,14875,8,0,15,10,5,16,6,10,1.4683008602881205,6,"{""no_feasible_candidate"": 6, ""no_positive_gain"": 4}"
pgbm_v2_paired_metrics.v1,pgbm_v2_task_replacement_recourse,du_outdoor,moderate,107,du_outdoor_107,958e289327574c8669308a62e07ac5c576d24bb676090c61b815a3250ae91899,V1,ok,30,5,120.0,three_phase,8.41916768441648,16,14,29.12288838491869,4335.866321760466,433.58663217604663,4498.24427752249,55,27,0.4909090909090909,1.0,6.09515133299999,6.093826039000078,5.686430729996346,0.0,18,0,14,169540,50000,8,2,15,10,5,0,0,0,0.0,0,{}
pgbm_v2_paired_metrics.v1,pgbm_v2_task_replacement_recourse,du_outdoor,moderate,107,du_outdoor_tasks_30_uavs_5_seed_107,958e289327574c8669308a62e07ac5c576d24bb676090c61b815a3250ae91899,V2,ok,30,5,120.0,three_phase,9.2156980517554,15,15,21.38230768632224,4095.2155429514473,409.5215542951447,4244.936485776381,55,25,0.45454545454545453,1.0,25.99194295799998,24.66376025200009,22.396977450020017,1.301984666000294,18,10,15,231368,50000,8,4,15,10,5,12,4,8,1.303480732217568,4,"{""no_feasible_candidate"": 4, ""no_positive_gain"": 4}"
pgbm_v2_paired_metrics.v1,pgbm_v2_task_replacement_recourse,du_outdoor,moderate,108,du_outdoor_108,c422b14b0d78da1aaad0f818287d165231e621b3214160d0f018c86b0223e65b,V1,ok,30,5,120.0,three_phase,5.352235474090637,10,20,26.674378313959675,4419.265352693443,441.9265352693443,4538.794201532461,48,16,0.3333333333333333,1.0,32.90206729199997,32.900161376999904,32.74881364599912,0.0,20,0,20,56561,45613,8,0,15,10,5,0,0,0,0.0,0,{}
pgbm_v2_paired_metrics.v1,pgbm_v2_task_replacement_recourse,du_outdoor,moderate,108,du_outdoor_tasks_30_uavs_5_seed_108,c422b14b0d78da1aaad0f818287d165231e621b3214160d0f018c86b0223e65b,V2,ok,30,5,120.0,three_phase,7.072204173576243,12,18,29.191419486084044,4550.564502840662,455.05645028406616,4684.423505502313,48,17,0.3541666666666667,1.0,94.40637079200008,81.59568566799999,81.52906419800274,12.774983292000002,14,10,18,9745,5041,8,0,15,10,5,13,9,4,1.6438904194329953,9,"{""no_feasible_candidate"": 2, ""no_positive_gain"": 1, ""no_uncompleted_active_task"": 1}"
pgbm_v2_paired_metrics.v1,pgbm_v2_task_replacement_recourse,du_outdoor,moderate,109,du_outdoor_109,ffaee389e83efcdafc7ed494979964480d79c1e836248341b637b389265bb7ab,V1,ok,30,5,120.0,three_phase,8.818863567605018,20,10,36.62797966332015,4436.662640636805,443.6662640636805,4621.222558059031,43,28,0.6511627906976745,1.0,11.481690749999984,11.48082045700005,11.203075395012888,0.0,14,0,10,111278,50000,8,2,15,10,5,0,0,0,0.0,0,{}
pgbm_v2_paired_metrics.v1,pgbm_v2_task_replacement_recourse,du_outdoor,moderate,109,du_outdoor_tasks_30_uavs_5_seed_109,ffaee389e83efcdafc7ed494979964480d79c1e836248341b637b389265bb7ab,V2,ok,30,5,120.0,three_phase,9.152606470606385,18,12,28.207614573659253,4532.503064740473,453.2503064740473,4746.95730269431,43,21,0.4883720930232558,1.0,21.666308542000024,16.481188417000226,15.765715366012273,5.1632085800000596,14,10,12,110353,50000,8,2,15,10,5,20,10,10,1.7672862068852095,10,"{""no_feasible_candidate"": 6, ""no_positive_gain"": 4}"
pgbm_v2_paired_metrics.v1,pgbm_v2_task_replacement_recourse,du_outdoor,moderate,110,du_outdoor_110,450e473990c35cf384651d171353c64e7563e64ec66b5b556b22136bc78dab77,V1,ok,30,5,120.0,three_phase,5.549868380470093,11,19,34.095602902163805,5205.197445979331,520.5197445979331,5347.536622618963,52,16,0.3076923076923077,1.0,7.842928041999926,7.842030458999943,7.828824472000747,0.0,13,0,19,4712,1241,8,0,15,10,5,0,0,0,0.0,0,{}
pgbm_v2_paired_metrics.v1,pgbm_v2_task_replacement_recourse,du_outdoor,moderate,110,du_outdoor_tasks_30_uavs_5_seed_110,450e473990c35cf384651d171353c64e7563e64ec66b5b556b22136bc78dab77,V2,ok,30,5,120.0,three_phase,5.923244333342146,9,21,20.67694345204837,4412.90853772924,441.29085377292404,4558.222791987762,52,10,0.19230769230769232,1.0,23.539004792000014,15.539451121999832,15.200925502008545,7.979802584000254,19,8,21,39281,17409,8,0,15,10,5,16,7,9,1.4298200500727596,7,"{""no_feasible_candidate"": 1, ""no_positive_gain"": 5, ""no_uncompleted_active_task"": 3}"
pgbm_v2_paired_metrics.v1,pgbm_v2_task_replacement_recourse,du_outdoor,moderate,101,du_outdoor_101,4f1347e65fedefb9f365038d226da8d280c52d3e2fcb3e29bfabea963afdd789,V1,ok,30,8,120.0,three_phase,9.101919773526038,20,10,32.270059173002515,6726.696038645396,672.6696038645396,6973.391190137446,47,31,0.6595744680851063,1.0,14.133234625,14.130800664999697,13.307915876005609,0.0,27,0,10,337591,50000,8,6,15,10,5,0,0,0,0.0,0,{}
pgbm_v2_paired_metrics.v1,pgbm_v2_task_replacement_recourse,du_outdoor,moderate,101,du_outdoor_tasks_30_uavs_8_seed_101,4f1347e65fedefb9f365038d226da8d280c52d3e2fcb3e29bfabea963afdd789,V2,ok,30,8,120.0,three_phase,9.636692817982965,20,10,30.332696469351077,6974.003925804442,697.4003925804442,7227.083267279509,47,31,0.6595744680851063,1.0,33.73420033399998,33.06077658799984,31.00868449498614,0.6359935009999163,28,15,10,335480,50000,8,6,15,10,5,6,4,2,0.5525912362169555,4,"{""no_feasible_candidate"": 1, ""no_positive_gain"": 1}"
pgbm_v2_paired_metrics.v1,pgbm_v2_task_replacement_recourse,du_outdoor,moderate,102,du_outdoor_102,c5a30c12e4249af18267608d470bcf86a4f2207aa075f273e4b62183385e7269,V1,ok,30,8,120.0,three_phase,10.42167847783861,23,7,32.23927841508765,6164.213593707692,616.4213593707692,6400.533022048221,53,38,0.7169811320754716,1.0,11.912610207999933,11.91054403799967,11.343986171998608,0.0,27,0,11,215981,50000,8,3,15,10,5,0,0,0,0.0,0,{}
pgbm_v2_paired_metrics.v1,pgbm_v2_task_replacement_recourse,du_outdoor,moderate,102,du_outdoor_tasks_30_uavs_8_seed_102,c5a30c12e4249af18267608d470bcf86a4f2207aa075f273e4b62183385e7269,V2,ok,30,8,120.0,three_phase,10.571838944135433,22,8,27.53390601681441,6390.455358595512,639.0455358595511,6637.6485942716035,53,38,0.7169811320754716,1.0,34.32417799999996,31.13797587399995,30.1410719419805,3.1420714590000216,27,16,11,186600,50000,8,3,15,10,5,12,6,6,0.6661524068577057,6,"{""no_feasible_candidate"": 4, ""no_positive_gain"": 2}"
pgbm_v2_paired_metrics.v1,pgbm_v2_task_replacement_recourse,du_outdoor,moderate,103,du_outdoor_103,e00747aa8d5e8a04313838ba2edde5c3cd38acab7f962e17ab5ea69d98173a66,V1,ok,30,8,120.0,three_phase,9.729738789813483,21,9,29.736054759389738,7184.680773336248,718.4680773336248,7419.234877517561,48,32,0.6666666666666666,1.0,13.193182667000087,13.19158033600013,12.468035548979174,0.0,30,0,9,258945,50000,8,5,15,10,5,0,0,0,0.0,0,{}
pgbm_v2_paired_metrics.v1,pgbm_v2_task_replacement_recourse,du_outdoor,moderate,103,du_outdoor_tasks_30_uavs_8_seed_103,e00747aa8d5e8a04313838ba2edde5c3cd38acab7f962e17ab5ea69d98173a66,V2,ok,30,8,120.0,three_phase,9.699650957970862,19,11,23.689909410557004,7125.182037695334,712.5182037695333,7414.375475052016,48,28,0.5833333333333334,1.0,37.57727237500001,30.973948667999935,28.91275331506438,6.559366498999793,31,16,11,357647,50000,8,7,15,10,5,8,5,3,0.7981852716801303,5,"{""no_feasible_candidate"": 1, ""no_positive_gain"": 2}"
pgbm_v2_paired_metrics.v1,pgbm_v2_task_replacement_recourse,du_outdoor,moderate,104,du_outdoor_104,a51b2abdf202a58e786cb776ef5b86a0f5fc2f36ad6bf4fe8c9bf6762ed0810d,V1,ok,30,8,120.0,three_phase,8.289156781909107,18,12,28.610177967972025,6225.886257562799,622.58862575628,6405.742836219397,50,26,0.52,1.0,19.797396291999917,19.795492710000303,18.685276928991016,0.0,26,0,12,432973,50000,8,8,15,10,5,0,0,0,0.0,0,{}
pgbm_v2_paired_metrics.v1,pgbm_v2_task_replacement_recourse,du_outdoor,moderate,104,du_outdoor_tasks_30_uavs_8_seed_104,a51b2abdf202a58e786cb776ef5b86a0f5fc2f36ad6bf4fe8c9bf6762ed0810d,V2,ok,30,8,120.0,three_phase,8.686993428880918,17,13,23.956974094218925,6310.600865398917,631.0600865398917,6502.188602635338,50,26,0.52,1.0,44.73562970800003,42.02879649900024,39.411732325985895,2.659368208999922,29,14,13,476976,50000,8,8,15,10,5,5,4,1,1.0209654388145535,4,"{""no_positive_gain"": 1}"
pgbm_v2_paired_metrics.v1,pgbm_v2_task_replacement_recourse,du_outdoor,moderate,105,du_outdoor_105,965fc76214dca3a908ce794576b279b8130012d4c569526477c36db13246c7ac,V1,ok,30,8,120.0,three_phase,11.714574661230285,22,8,21.571559678020932,6016.318190159719,601.6318190159719,6217.197445132089,43,30,0.6976744186046512,1.0,12.544982083000036,12.543392997999945,11.606444319990828,0.0,32,0,8,392883,50000,8,6,15,10,5,0,0,0,0.0,0,{}
pgbm_v2_paired_metrics.v1,pgbm_v2_task_replacement_recourse,du_outdoor,moderate,105,du_outdoor_tasks_30_uavs_8_seed_105,965fc76214dca3a908ce794576b279b8130012d4c569526477c36db13246c7ac,V2,ok,30,8,120.0,three_phase,11.675249161146315,22,8,23.03978546646136,6044.286370793006,604.4286370793006,6259.421923680098,43,30,0.6976744186046512,1.0,25.646157625,25.469132330000207,23.631940782979314,0.1508605000001353,32,18,8,351084,50000,8,5,15,10,5,4,3,1,0.43760515719458454,3,"{""no_positive_gain"": 1}"
pgbm_v2_paired_metrics.v1,pgbm_v2_task_replacement_recourse,du_outdoor,moderate,106,du_outdoor_106,a814d4269664690fdebed399288dceedbdc4699663717a7f796f7a837caf630d,V1,ok,30,8,120.0,three_phase,10.68097403134087,22,8,27.942016468554957,6776.03788321791,677.6037883217911,7000.696121259875,49,34,0.6938775510204082,1.0,13.98778516599998,13.986179373000141,13.377155930011554,0.0,29,0,8,267920,50000,8,5,15,10,5,0,0,0,0.0,0,{}
pgbm_v2_paired_metrics.v1,pgbm_v2_task_replacement_recourse,du_outdoor,moderate,106,du_outdoor_tasks_30_uavs_8_seed_106,a814d4269664690fdebed399288dceedbdc4699663717a7f796f7a837caf630d,V2,ok,30,8,120.0,three_phase,10.89630785620278,22,8,27.582716126452336,6905.011093357293,690.5011093357293,7131.274074661709,49,34,0.6938775510204082,1.0,34.189664042000004,32.55954266700019,30.70444013205804,1.5764591240000527,30,15,8,313533,50000,8,5,15,10,5,3,2,1,0.4666751157118259,2,"{""no_feasible_candidate"": 1}"
pgbm_v2_paired_metrics.v1,pgbm_v2_task_replacement_recourse,du_outdoor,moderate,107,du_outdoor_107,40c249f4ca052501cf8b0bd9f5beb28ffb13339d4fffbab3281b79fd9306f60e,V1,ok,30,8,120.0,three_phase,11.736481864107182,22,8,26.610361252948625,6337.652166392452,633.7652166392452,6576.354523251948,55,40,0.7272727272727273,1.0,7.8299940839999636,7.828483667000569,7.022656163009742,0.0,27,0,8,343839,50000,8,6,15,10,5,0,0,0,0.0,0,{}
pgbm_v2_paired_metrics.v1,pgbm_v2_task_replacement_recourse,du_outdoor,moderate,107,du_outdoor_tasks_30_uavs_8_seed_107,40c249f4ca052501cf8b0bd9f5beb28ffb13339d4fffbab3281b79fd9306f60e,V2,ok,30,8,120.0,three_phase,12.932693893269278,22,8,23.66984072362477,6313.21390788337,631.321390788337,6554.4589379352465,55,39,0.7090909090909091,1.0,16.80309162499998,15.821976038000003,13.832066755122014,0.9447105849997115,27,16,8,328592,50000,8,6,15,10,5,6,5,1,1.4025335230888305,5,"{""no_positive_gain"": 1}"
pgbm_v2_paired_metrics.v1,pgbm_v2_task_replacement_recourse,du_outdoor,moderate,108,du_outdoor_108,1f3b397d16ee4af4b28c69c9ab81bd751c326b96a06bcd6e7ef675bb31240c4b,V1,ok,30,8,120.0,three_phase,9.047857800563998,18,12,28.374380192100446,6498.216516726902,649.8216516726902,6689.732866912046,48,27,0.5625,1.0,36.31112879199998,36.3088457089998,35.69480138101426,0.0,31,0,12,264366,50000,8,4,15,10,5,0,0,0,0.0,0,{}
pgbm_v2_paired_metrics.v1,pgbm_v2_task_replacement_recourse,du_outdoor,moderate,108,du_outdoor_tasks_30_uavs_8_seed_108,1f3b397d16ee4af4b28c69c9ab81bd751c326b96a06bcd6e7ef675bb31240c4b,V2,ok,30,8,120.0,three_phase,9.914348045240562,18,12,27.26356818657486,6710.967887064429,671.0967887064429,6935.423918066699,48,26,0.5416666666666666,1.0,85.56715795900004,75.14277495500005,73.75165390705729,10.366083082999921,29,15,12,214788,50000,8,3,15,10,5,8,8,0,1.8876250989460577,8,{}
pgbm_v2_paired_metrics.v1,pgbm_v2_task_replacement_recourse,du_outdoor,moderate,109,du_outdoor_109,47a62aa4809241ca97b459cdf97c97c9c2ac15c6aed315664e1ed0ba63efdc14,V1,ok,30,8,120.0,three_phase,11.112823112159813,23,7,27.145622691111974,6337.4892806247235,633.7489280624724,6558.860289646536,43,33,0.7674418604651163,1.0,9.10511170899997,9.103758335999942,8.551119002011887,0.0,30,0,7,258755,50000,7,5,15,10,5,0,0,0,0.0,0,{}
pgbm_v2_paired_metrics.v1,pgbm_v2_task_replacement_recourse,du_outdoor,moderate,109,du_outdoor_tasks_30_uavs_8_seed_109,47a62aa4809241ca97b459cdf97c97c9c2ac15c6aed315664e1ed0ba63efdc14,V2,ok,30,8,120.0,three_phase,11.357981997151263,23,7,27.40712430012328,6313.445290204293,631.3445290204293,6553.237608312267,43,33,0.7674418604651163,1.0,22.285241000000042,20.82744204200003,19.05235080886746,1.4228832079998028,30,16,7,308672,50000,7,6,15,10,5,5,4,1,0.697085103254086,4,"{""no_positive_gain"": 1}"
pgbm_v2_paired_metrics.v1,pgbm_v2_task_replacement_recourse,du_outdoor,moderate,110,du_outdoor_110,bff6510f741c6f200dc25d5d9619e06773202c6dad2c97d7aa1414c702bd5575,V1,ok,30,8,120.0,three_phase,6.891094467703835,13,17,29.06603579700563,6683.2582380026,668.32582380026,6851.169225936974,52,19,0.36538461538461536,1.0,12.61147629200002,12.609901080999862,11.800490995005362,0.0,25,0,17,323925,50000,8,4,15,10,5,0,0,0,0.0,0,{}
pgbm_v2_paired_metrics.v1,pgbm_v2_task_replacement_recourse,du_outdoor,moderate,110,du_outdoor_tasks_30_uavs_8_seed_110,bff6510f741c6f200dc25d5d9619e06773202c6dad2c97d7aa1414c702bd5575,V2,ok,30,8,120.0,three_phase,6.8939924517137765,11,19,22.14794767960112,6075.3709612319235,607.5370961231923,6271.09133318693,52,13,0.25,1.0,46.251780958999916,39.810853542999894,36.54436346799048,6.4058960459999525,24,11,19,510992,50000,8,10,15,10,5,12,6,6,1.102667151940344,6,"{""no_positive_gain"": 4, ""no_uncompleted_active_task"": 2}"
pgbm_v2_paired_metrics.v1,pgbm_v2_task_replacement_recourse,du_outdoor,moderate,101,du_outdoor_101,0fb05076da29361a79e7443e412e32e8fb0dff75e62d4c13eafaa5a9cdaf83a2,V1,ok,30,10,120.0,three_phase,9.762962876652747,21,9,29.646327558329524,7957.447476692503,795.7447476692503,8223.525511241112,47,33,0.7021276595744681,1.0,13.112232791999986,13.110429666999835,12.37600664297213,0.0,32,0,9,321486,50000,8,6,15,10,5,0,0,0,0.0,0,{}
pgbm_v2_paired_metrics.v1,pgbm_v2_task_replacement_recourse,du_outdoor,moderate,101,du_outdoor_tasks_30_uavs_10_seed_101,0fb05076da29361a79e7443e412e32e8fb0dff75e62d4c13eafaa5a9cdaf83a2,V2,ok,30,10,120.0,three_phase,9.742336392323908,19,11,24.650390124047806,7337.703791942697,733.7703791942697,7587.866284074799,47,29,0.6170212765957447,1.0,41.75043049999999,41.092328083999746,37.7046051399916,0.6188802899998791,34,16,11,539845,50000,8,9,15,10,5,6,4,2,0.9410688621790709,4,"{""no_feasible_candidate"": 1, ""no_positive_gain"": 1}"
pgbm_v2_paired_metrics.v1,pgbm_v2_task_replacement_recourse,du_outdoor,moderate,102,du_outdoor_102,ee1215325bdd7f87fe08d38ac73ccc212c49863e685dba23d514866807d92d7f,V1,ok,30,10,120.0,three_phase,11.572335921346276,25,5,29.54238814106639,7701.175748401228,770.1175748401228,7963.07921759392,53,42,0.7924528301886793,1.0,7.678736166999897,7.677310664999595,7.606791393003505,0.0,29,0,9,30946,19075,8,0,15,10,5,0,0,0,0.0,0,{}
pgbm_v2_paired_metrics.v1,pgbm_v2_task_replacement_recourse,du_outdoor,moderate,102,du_outdoor_tasks_30_uavs_10_seed_102,ee1215325bdd7f87fe08d38ac73ccc212c49863e685dba23d514866807d92d7f,V2,ok,30,10,120.0,three_phase,11.596038329913243,24,6,28.26295771591957,7889.178945184472,788.9178945184472,8169.763802528334,53,41,0.7735849056603774,1.0,33.080798749999985,27.39882542000032,26.27276769596665,5.610658040000089,31,19,9,166328,50000,8,2,15,10,5,11,5,6,0.6567469578086685,5,"{""no_feasible_candidate"": 4, ""no_positive_gain"": 2}"
pgbm_v2_paired_metrics.v1,pgbm_v2_task_replacement_recourse,du_outdoor,moderate,103,du_outdoor_103,bd4973ac82657d141136307202c74c16eca13de618444a397840c782bffcfc85,V1,ok,30,10,120.0,three_phase,10.04131840313804,21,9,25.889467222678192,7923.3427691437455,792.3342769143745,8169.523228071156,48,33,0.6875,1.0,14.746856500000035,14.744896833999519,13.315820544990743,0.0,36,0,9,545719,50000,8,9,15,10,5,0,0,0,0.0,0,{}
pgbm_v2_paired_metrics.v1,pgbm_v2_task_replacement_recourse,du_outdoor,moderate,103,du_outdoor_tasks_30_uavs_10_seed_103,bd4973ac82657d141136307202c74c16eca13de618444a397840c782bffcfc85,V2,ok,30,10,120.0,three_phase,10.69423337596086,22,8,25.256419744888202,8402.293017161384,840.2293017161385,8687.892185546958,48,35,0.7291666666666666,1.0,30.060600540999985,29.187187083000254,27.357760311018183,0.8117061670000112,37,19,8,400114,50000,8,7,15,10,5,4,3,1,0.6597894867391298,3,"{""no_positive_gain"": 1}"
pgbm_v2_paired_metrics.v1,pgbm_v2_task_replacement_recourse,du_outdoor,moderate,104,du_outdoor_104,f6e1d00facd34ab7e7b7c25c3f6fea1ba6bfe2ff128627f6938e7d35499e9559,V1,ok,30,10,120.0,three_phase,9.520239157940512,20,10,26.625854699675813,7307.655061630781,730.7655061630782,7517.536532603908,50,30,0.6,1.0,15.509365000000003,15.507491832000255,14.48096992699027,0.0,30,0,10,401183,50000,8,7,15,10,5,0,0,0,0.0,0,{}
pgbm_v2_paired_metrics.v1,pgbm_v2_task_replacement_recourse,du_outdoor,moderate,104,du_outdoor_tasks_30_uavs_10_seed_104,f6e1d00facd34ab7e7b7c25c3f6fea1ba6bfe2ff128627f6938e7d35499e9559,V2,ok,30,10,120.0,three_phase,9.126222429885186,18,12,22.98249333882333,6819.103524701058,681.9103524701057,7019.947715762179,50,27,0.54,1.0,40.5460068750001,38.93087932999947,35.74115251990497,1.5685134179998386,37,15,12,635316,50000,8,12,15,10,5,5,3,2,0.4553242271929142,3,"{""no_feasible_candidate"": 1, ""no_positive_gain"": 1}"
pgbm_v2_paired_metrics.v1,pgbm_v2_task_replacement_recourse,du_outdoor,moderate,105,du_outdoor_105,f7e8f357683d6c4dd85f7cffcb594818caa48ccbf77c0aa0d886903c5db5be61,V1,ok,30,10,120.0,three_phase,11.24385912197306,21,9,19.75091573336056,6488.272361665856,648.8272361665856,6679.753366240506,43,27,0.627906976744186,1.0,12.691779958999973,12.690054000000146,11.419855177057116,0.0,37,0,9,534773,50000,8,10,15,10,5,0,0,0,0.0,0,{}
pgbm_v2_paired_metrics.v1,pgbm_v2_task_replacement_recourse,du_outdoor,moderate,105,du_outdoor_tasks_30_uavs_10_seed_105,f7e8f357683d6c4dd85f7cffcb594818caa48ccbf77c0aa0d886903c5db5be61,V2,ok,30,10,120.0,three_phase,11.260187267207806,21,9,19.776707564193046,6479.972744491346,647.9972744491346,6669.814351234896,43,27,0.627906976744186,1.0,21.90671687500003,21.879279789000293,19.768073855057082,0.002450624999937645,37,19,9,534785,50000,8,10,15,10,5,2,1,1,0.10606202061269349,1,"{""no_positive_gain"": 1}"
pgbm_v2_paired_metrics.v1,pgbm_v2_task_replacement_recourse,du_outdoor,moderate,106,du_outdoor_106,d40703421aaf452124323407b5150d35b72a0ce16d28a771b7181d535cfb7fdc,V1,ok,30,10,120.0,three_phase,11.058526024822843,22,8,25.282073928890046,7187.369416300612,718.7369416300612,7417.055994613867,49,34,0.6938775510204082,1.0,14.72331920900001,14.72120745899997,13.823334419938647,0.0,30,0,8,394634,50000,8,7,15,10,5,0,0,0,0.0,0,{}
pgbm_v2_paired_metrics.v1,pgbm_v2_task_replacement_recourse,du_outdoor,moderate,106,du_outdoor_tasks_30_uavs_10_seed_106,d40703421aaf452124323407b5150d35b72a0ce16d28a771b7181d535cfb7fdc,V2,ok,30,10,120.0,three_phase,11.189019609779855,22,8,25.570137721996968,7518.184478537439,751.8184478537439,7760.705720374586,49,34,0.6938775510204082,1.0,20.85475775000009,19.930270377000625,18.672374160938716,0.8846303750001425,33,17,8,396116,50000,8,7,15,10,5,2,2,0,0.4105018535688518,2,{}
pgbm_v2_paired_metrics.v1,pgbm_v2_task_replacement_recourse,du_outdoor,moderate,107,du_outdoor_107,2398e6d9f686ffeba11becfe61eb322887ffeefd87718b4bd5b93f5b027b299f,V1,ok,30,10,120.0,three_phase,13.0718802644126,24,6,23.605672199161404,7372.29942444092,737.229942444092,7637.39668783261,55,44,0.8,1.0,5.488316624999925,5.486865753999609,5.076388792968032,0.0,32,0,6,181966,50000,6,3,15,10,5,0,0,0,0.0,0,{}
pgbm_v2_paired_metrics.v1,pgbm_v2_task_replacement_recourse,du_outdoor,moderate,107,du_outdoor_tasks_30_uavs_10_seed_107,2398e6d9f686ffeba11becfe61eb322887ffeefd87718b4bd5b93f5b027b299f,V2,ok,30,10,120.0,three_phase,13.664296826128375,24,6,22.017541968283762,7355.153889858424,735.5153889858424,7628.248000955609,55,43,0.7818181818181819,1.0,7.526751916999956,7.003184249999549,6.519949361025965,0.49598495800023557,32,19,6,151830,50000,6,2,15,10,5,3,3,0,0.6299832236703597,3,{}
pgbm_v2_paired_metrics.v1,pgbm_v2_task_replacement_recourse,du_outdoor,moderate,108,du_outdoor_108,a2520e76108fa3c2a05e2e7e0a76cbc55cb618dd000e66674bd2047473c551a8,V1,ok,30,10,120.0,three_phase,10.302648937231124,20,10,26.932146272223843,7654.8828637933775,765.4882863793378,7869.225621445254,48,30,0.625,1.0,34.47805904199993,34.475905288999684,33.57835944902877,0.0,35,0,10,375110,50000,8,6,15,10,5,0,0,0,0.0,0,{}
pgbm_v2_paired_metrics.v1,pgbm_v2_task_replacement_recourse,du_outdoor,moderate,108,du_outdoor_tasks_30_uavs_10_seed_108,a2520e76108fa3c2a05e2e7e0a76cbc55cb618dd000e66674bd2047473c551a8,V2,ok,30,10,120.0,three_phase,10.700319596008692,20,10,27.353431508879964,7883.49401758048,788.3494017580481,8117.193503120451,48,30,0.625,1.0,46.74477608300003,44.86468187399964,43.69854839193408,1.829768999999942,36,18,10,308706,50000,8,5,15,10,5,5,5,0,1.3073872206480117,5,{}
pgbm_v2_paired_metrics.v1,pgbm_v2_task_replacement_recourse,du_outdoor,moderate,109,du_outdoor_109,56ced218e270ad10aefda2a71edd7dffdedd38645e8fc3f327efffe7ec597455,V1,ok,30,10,120.0,three_phase,11.593899723072191,23,7,23.18813695191644,6581.5213386156875,658.1521338615687,6803.217691075737,43,33,0.7674418604651163,1.0,9.120733167000026,9.119291290999854,8.327722372043695,0.0,30,0,7,360188,50000,7,7,15,10,5,0,0,0,0.0,0,{}
pgbm_v2_paired_metrics.v1,pgbm_v2_task_replacement_recourse,du_outdoor,moderate,109,du_outdoor_tasks_30_uavs_10_seed_109,56ced218e270ad10aefda2a71edd7dffdedd38645e8fc3f327efffe7ec597455,V2,ok,30,10,120.0,three_phase,11.531755179409918,23,7,24.4733878737691,6508.785035205791,650.8785035205791,6755.72730742949,43,33,0.7674418604651163,1.0,14.50435487499999,13.78610291799987,12.45829192604424,0.6989989159999368,31,17,7,410179,50000,7,8,15,10,5,3,2,1,0.5339153371324212,2,"{""no_positive_gain"": 1}"
pgbm_v2_paired_metrics.v1,pgbm_v2_task_replacement_recourse,du_outdoor,moderate,110,du_outdoor_110,25b05221b8dcc94b8e8d69bec19a7d02e8e8d36b9c86f5a440750c240466c753,V1,ok,30,10,120.0,three_phase,7.723452470051613,15,15,29.262231217633893,7874.7582960632135,787.4758296063213,8073.8937584845135,52,22,0.4230769230769231,1.0,16.67361300000016,16.671489164000377,15.481696783116604,0.0,29,0,15,510837,50000,8,9,15,10,5,0,0,0,0.0,0,{}
pgbm_v2_paired_metrics.v1,pgbm_v2_task_replacement_recourse,du_outdoor,moderate,110,du_outdoor_tasks_30_uavs_10_seed_110,25b05221b8dcc94b8e8d69bec19a7d02e8e8d36b9c86f5a440750c240466c753,V2,ok,30,10,120.0,three_phase,8.53719236982525,15,15,28.5049307472859,7615.414605885791,761.5414605885792,7851.414647137603,52,19,0.36538461538461536,1.0,28.616930375000038,25.070363625000255,23.09641461900401,3.5051360420004585,28,14,15,467600,50000,8,9,15,10,5,10,4,6,1.0566415138769667,4,"{""no_feasible_candidate"": 2, ""no_positive_gain"": 4}"
pgbm_v2_paired_metrics.v1,pgbm_v2_task_replacement_recourse,du_outdoor,moderate,101,du_outdoor_101,5568d0510ff558cf64b4e59df29d6e3f85e2c95500799e16c297b3a2a909eefa,V1,ok,60,3,120.0,three_phase,6.15748574104821,11,49,33.200284547126486,3050.4334804427704,305.043348044277,3156.4941691435924,98,15,0.15306122448979592,1.0,7.049100291000059,7.047505833999821,6.8169394069982445,0.0,12,0,49,93345,50000,8,1,30,20,10,0,0,0,0.0,0,{}
pgbm_v2_paired_metrics.v1,pgbm_v2_task_replacement_recourse,du_outdoor,moderate,101,du_outdoor_tasks_60_uavs_3_seed_101,5568d0510ff558cf64b4e59df29d6e3f85e2c95500799e16c297b3a2a909eefa,V2,ok,60,3,120.0,three_phase,8.140980278961534,12,48,24.4995432487668,3185.49701219933,318.549701219933,3314.2394675394885,98,13,0.1326530612244898,1.0,13.181732792,9.524753997999998,9.517960047000027,3.6438501690000002,7,6,48,567,161,8,0,30,20,10,45,7,38,1.7939141609188711,7,"{""no_feasible_candidate"": 24, ""no_positive_gain"": 9, ""no_uncompleted_active_task"": 5}"
pgbm_v2_paired_metrics.v1,pgbm_v2_task_replacement_recourse,du_outdoor,moderate,102,du_outdoor_102,4eca818bf06f22d327fdec9fcf4a646d79dd985c69d1cb87f22b3f94c8fd4a0b,V1,ok,60,3,120.0,three_phase,6.3486484095061355,11,49,33.844817177892054,2940.970464065731,294.0970464065731,3057.2359293354275,98,17,0.17346938775510204,1.0,18.147378833000175,18.146039789999804,18.118124277008747,0.0,12,0,49,11084,5041,8,0,30,20,10,0,0,0,0.0,0,{}
pgbm_v2_paired_metrics.v1,pgbm_v2_task_replacement_recourse,du_outdoor,moderate,102,du_outdoor_tasks_60_uavs_3_seed_102,4eca818bf06f22d327fdec9fcf4a646d79dd985c69d1cb87f22b3f94c8fd4a0b,V2,ok,60,3,120.0,three_phase,7.024752183006069,10,50,16.614666402393286,2898.9844948695413,289.8984494869541,3007.2535117141697,98,15,0.15306122448979592,1.0,40.053264583,31.403135920000008,31.276970534999897,8.629104250000008,13,7,50,9431,5041,8,0,30,20,10,42,9,33,1.0055606301595228,9,"{""no_feasible_candidate"": 20, ""no_positive_gain"": 13}"
pgbm_v2_paired_metrics.v1,pgbm_v2_task_replacement_recourse,du_outdoor,moderate,103,du_outdoor_103,d66675857ef10f3c76f550942f54dd54db876fe2634c4456a6a5ddaabb02322f,V1,ok,60,3,120.0,three_phase,4.908278558340699,10,50,38.125378382923266,3025.416822887374,302.54168228873743,3147.7025366700896,108,17,0.1574074074074074,1.0,14.552993999999899,14.551626791999752,14.547885292997535,0.0,11,0,50,823,135,8,0,30,20,10,0,0,0,0.0,0,{}
pgbm_v2_paired_metrics.v1,pgbm_v2_task_replacement_recourse,du_outdoor,moderate,103,du_outdoor_tasks_60_uavs_3_seed_103,d66675857ef10f3c76f550942f54dd54db876fe2634c4456a6a5ddaabb02322f,V2,ok,60,3,120.0,three_phase,5.575603956774553,9,51,19.14429742466127,3242.651110475441,324.2651110475441,3354.4712091108577,108,14,0.12962962962962962,1.0,54.144817458999995,26.93544266600002,26.921008787999924,27.17555041800007,7,6,51,607,135,8,0,30,20,10,52,11,41,1.4494997281925879,11,"{""no_feasible_candidate"": 16, ""no_positive_gain"": 17, ""no_uncompleted_active_task"": 8}"
pgbm_v2_paired_metrics.v1,pgbm_v2_task_replacement_recourse,du_outdoor,moderate,104,du_outdoor_104,78ea705c696c7d254dd5ff7536f7e755ccf6247a662639e99b8826bc8c6c15a1,V1,ok,60,3,120.0,three_phase,3.716369579439393,8,52,34.558473592561086,2974.108013190251,297.4108013190251,3075.8206840420276,104,16,0.15384615384615385,1.0,12.858560416000046,12.857366041000205,12.852194317001704,0.0,10,0,52,1414,361,8,0,30,20,10,0,0,0,0.0,0,{}
pgbm_v2_paired_metrics.v1,pgbm_v2_task_replacement_recourse,du_outdoor,moderate,104,du_outdoor_tasks_60_uavs_3_seed_104,78ea705c696c7d254dd5ff7536f7e755ccf6247a662639e99b8826bc8c6c15a1,V2,ok,60,3,120.0,three_phase,8.209211270039141,13,47,18.511444270566937,2733.1287733358604,273.312877333586,2863.544204322427,104,16,0.15384615384615385,1.0,48.208701207999994,42.75564487400001,42.62460314599987,5.426671625000068,12,7,47,12735,3421,8,0,30,20,10,42,11,31,2.1514040667172054,11,"{""no_feasible_candidate"": 7, ""no_positive_gain"": 12, ""no_uncompleted_active_task"": 12}"
pgbm_v2_paired_metrics.v1,pgbm_v2_task_replacement_recourse,du_outdoor,moderate,105,du_outdoor_105,c16a8328615a8c6b549c288cbb59152dcf8e52e5c41d219944054ba11031393d,V1,ok,60,3,120.0,three_phase,7.110193341464394,13,47,33.55309052188822,3041.9263929904023,304.19263929904025,3166.1482933991942,96,17,0.17708333333333334,1.0,11.560561000000007,11.559225415999663,11.55351982399634,0.0,10,0,47,1462,425,8,0,30,20,10,0,0,0,0.0,0,{}
pgbm_v2_paired_metrics.v1,pgbm_v2_task_replacement_recourse,du_outdoor,moderate,105,du_outdoor_tasks_60_uavs_3_seed_105,c16a8328615a8c6b549c288cbb59152dcf8e52e5c41d219944054ba11031393d,V2,ok,60,3,120.0,three_phase,8.248552949468172,13,47,22.032718666209895,2782.585131316172,278.2585131316172,2918.413269705774,96,16,0.16666666666666666,1.0,59.774716708,46.82086262500002,45.17080039700525,12.932595499000115,15,6,47,119430,50000,8,2,30,20,10,38,8,30,1.056569128136098,8,"{""no_feasible_candidate"": 14, ""no_positive_gain"": 13, ""no_uncompleted_active_task"": 3}"
pgbm_v2_paired_metrics.v1,pgbm_v2_task_replacement_recourse,du_outdoor,moderate,106,du_outdoor_106,50c9cffa40006332ac7b64d54066f3cadc66ee49a533c32a100a3388a2ca56ca,V1,ok,60,3,120.0,three_phase,5.554889348487972,10,50,34.37965690027364,3031.742259094392,303.1742259094392,3149.5744257385586,101,16,0.15841584158415842,1.0,14.061425749999898,14.059206542999846,14.042329018997862,0.0,12,0,50,5518,1241,8,0,30,20,10,0,0,0,0.0,0,{}
pgbm_v2_paired_metrics.v1,pgbm_v2_task_replacement_recourse,du_outdoor,moderate,106,du_outdoor_tasks_60_uavs_3_seed_106,50c9cffa40006332ac7b64d54066f3cadc66ee49a533c32a100a3388a2ca56ca,V2,ok,60,3,120.0,three_phase,7.627061854682619,11,49,20.000345796471276,2643.520417158451,264.3520417158451,2760.3960888153706,101,13,0.12871287128712872,1.0,80.76743254099998,70.84378195799994,67.43481532900503,9.88935087900009,14,6,49,315296,50000,8,6,30,20,10,40,8,32,1.4773850782990179,8,"{""no_feasible_candidate"": 14, ""no_positive_gain"": 12, ""no_uncompleted_active_task"": 6}"
pgbm_v2_paired_metrics.v1,pgbm_v2_task_replacement_recourse,du_outdoor,moderate,107,du_outdoor_107,ab6f5ec9acdf06cec2199c0a44e285d71c05ba5bd3a547236037713d9bcf4859,V1,ok,60,3,120.0,three_phase,8.231623034001673,13,47,25.51778273515919,2534.646041513966,253.4646041513966,2642.0579470737966,108,20,0.18518518518518517,1.0,3.3268344169998727,3.3254995440004222,2.9918814959542033,0.0,17,0,47,100747,45613,8,0,30,20,10,0,0,0,0.0,0,{}
pgbm_v2_paired_metrics.v1,pgbm_v2_task_replacement_recourse,du_outdoor,moderate,107,du_outdoor_tasks_60_uavs_3_seed_107,ab6f5ec9acdf06cec2199c0a44e285d71c05ba5bd3a547236037713d9bcf4859,V2,ok,60,3,120.0,three_phase,9.348656809421225,14,46,21.17069044668468,2704.800693342416,270.4800693342416,2844.342288787013,108,18,0.16666666666666666,1.0,19.258352000000002,14.148386791000178,12.727092725994282,5.088332664999996,16,7,46,99425,45613,8,0,30,20,10,39,8,31,1.1172092259461082,8,"{""no_feasible_candidate"": 9, ""no_positive_gain"": 20, ""no_uncompleted_active_task"": 2}"
pgbm_v2_paired_metrics.v1,pgbm_v2_task_replacement_recourse,du_outdoor,moderate,108,du_outdoor_108,f6528dc949fca7cef6f68bdacce8b06f45503cec9ef7b2ccb9c17d221fb065d3,V1,ok,60,3,120.0,three_phase,6.167979248529942,11,49,35.486381126171054,2905.961572612629,290.5961572612629,3027.251751530048,95,18,0.18947368421052632,1.0,25.71581587500009,25.714397458999883,25.6653672649868,0.0,11,0,49,16751,14681,8,0,30,20,10,0,0,0,0.0,0,{}
pgbm_v2_paired_metrics.v1,pgbm_v2_task_replacement_recourse,du_outdoor,moderate,108,du_outdoor_tasks_60_uavs_3_seed_108,f6528dc949fca7cef6f68bdacce8b06f45503cec9ef7b2ccb9c17d221fb065d3,V2,ok,60,3,120.0,three_phase,7.124714721284751,12,48,28.69727895880783,2717.2806289921396,271.72806289921397,2838.1980591869246,95,16,0.16842105263157894,1.0,129.956312583,101.40166850300017,100.57963865199918,28.51217941900012,13,6,48,76652,50000,8,1,30,20,10,45,5,40,1.021752979729042,5,"{""no_feasible_candidate"": 22, ""no_positive_gain"": 16, ""no_uncompleted_active_task"": 2}"
pgbm_v2_paired_metrics.v1,pgbm_v2_task_replacement_recourse,du_outdoor,moderate,109,du_outdoor_109,72c1dd6d3ec46bb84d45bd811c326c4e194081986a9c9cff9c4ae6a12a457394,V1,ok,60,3,120.0,three_phase,6.447381675472953,12,48,30.46869809562736,2831.0709620136195,283.10709620136197,2948.704812449005,98,16,0.16326530612244897,1.0,7.188782457999878,7.187360335999529,7.019814175063402,0.0,16,0,48,84963,50000,8,1,30,20,10,0,0,0,0.0,0,{}
pgbm_v2_paired_metrics.v1,pgbm_v2_task_replacement_recourse,du_outdoor,moderate,109,du_outdoor_tasks_60_uavs_3_seed_109,72c1dd6d3ec46bb84d45bd811c326c4e194081986a9c9cff9c4ae6a12a457394,V2,ok,60,3,120.0,three_phase,6.639499656809481,11,49,26.25409336755671,3080.908842774703,308.0908842774703,3224.2342110668196,98,13,0.1326530612244898,1.0,26.984540000000038,22.14584949899995,21.4576724580038,4.804864122000254,12,6,49,81319,50000,8,1,30,20,10,47,7,40,0.7745025842144615,7,"{""no_feasible_candidate"": 20, ""no_positive_gain"": 12, ""no_uncompleted_active_task"": 8}"
pgbm_v2_paired_metrics.v1,pgbm_v2_task_replacement_recourse,du_outdoor,moderate,110,du_outdoor_110,aceb0c1abdf938b5a77824828d3101aaf96ffd72bcb0bfeacbf25d881030703f,V1,ok,60,3,120.0,three_phase,4.818546397045656,9,51,37.24931364941373,3088.058642285397,308.8058642285397,3210.6999539920075,107,15,0.14018691588785046,1.0,12.381909790999998,12.379276665999214,12.35157348898997,0.0,14,0,51,9460,2877,8,0,30,20,10,0,0,0,0.0,0,{}
pgbm_v2_paired_metrics.v1,pgbm_v2_task_replacement_recourse,du_outdoor,moderate,110,du_outdoor_tasks_60_uavs_3_seed_110,aceb0c1abdf938b5a77824828d3101aaf96ffd72bcb0bfeacbf25d881030703f,V2,ok,60,3,120.0,three_phase,6.300471954353234,9,51,22.467025386688988,3305.4941043022395,330.54941043022393,3448.0977734367298,107,11,0.102803738317757,1.0,34.777726125000015,20.656406290999996,20.651874084000497,14.09576704099976,6,6,51,314,71,8,0,30,20,10,48,6,42,1.6521792339201955,6,"{""no_feasible_candidate"": 23, ""no_positive_gain"": 8, ""no_uncompleted_active_task"": 11}"
pgbm_v2_paired_metrics.v1,pgbm_v2_task_replacement_recourse,du_outdoor,moderate,101,du_outdoor_101,68e0a1f0889cce6c05727ce5595c5f2fb8c4ad36067e25eb9d3bd91eacc1a22c,V1,ok,60,5,120.0,three_phase,8.594072750019805,17,43,39.853921328307685,5144.982069525322,514.4982069525322,5327.547485436547,98,26,0.2653061224489796,1.0,7.6672825839998495,7.665743042999566,7.426698220011076,0.0,16,0,43,93620,50000,8,1,30,20,10,0,0,0,0.0,0,{}
pgbm_v2_paired_metrics.v1,pgbm_v2_task_replacement_recourse,du_outdoor,moderate,101,du_outdoor_tasks_60_uavs_5_seed_101,68e0a1f0889cce6c05727ce5595c5f2fb8c4ad36067e25eb9d3bd91eacc1a22c,V2,ok,60,5,120.0,three_phase,10.782098968519156,17,43,24.149194193558387,5091.790525886392,509.1790525886392,5273.490192865733,98,21,0.21428571428571427,1.0,35.262570708,28.84731279100015,27.546171014990023,6.372390417999554,17,10,43,123465,50000,8,2,30,20,10,42,9,33,2.324194631248808,9,"{""no_feasible_candidate"": 16, ""no_positive_gain"": 12, ""no_uncompleted_active_task"": 5}"
pgbm_v2_paired_metrics.v1,pgbm_v2_task_replacement_recourse,du_outdoor,moderate,102,du_outdoor_102,ce152e7dcab337605110ebeb999f3bdaf555473e4373a5cc4b565c871899dd03,V1,ok,60,5,120.0,three_phase,10.82396702521676,19,41,32.130781710988344,4696.535810539679,469.6535810539679,4887.560263920365,98,30,0.30612244897959184,1.0,25.595488458999853,25.59374416599985,25.037564529016436,0.0,19,0,41,228484,50000,8,4,30,20,10,0,0,0,0.0,0,{}
pgbm_v2_paired_metrics.v1,pgbm_v2_task_replacement_recourse,du_outdoor,moderate,102,du_outdoor_tasks_60_uavs_5_seed_102,ce152e7dcab337605110ebeb999f3bdaf555473e4373a5cc4b565c871899dd03,V2,ok,60,5,120.0,three_phase,11.909228884651624,19,41,23.94136021280583,4902.87190482899,490.28719048289906,5089.054890822483,98,25,0.25510204081632654,1.0,86.52150291600003,63.57920133399955,62.335434068013114,22.87399087699987,20,10,41,117657,50000,8,2,30,20,10,36,9,27,1.5012940507552288,9,"{""no_feasible_candidate"": 12, ""no_positive_gain"": 14, ""no_uncompleted_active_task"": 1}"
pgbm_v2_paired_metrics.v1,pgbm_v2_task_replacement_recourse,du_outdoor,moderate,103,du_outdoor_103,ab9ff88e43787a1769ed1f9dd31ac11ba539c47d0b1ad4941d5d2a48c0afe170,V1,ok,60,5,120.0,three_phase,8.080808042795917,17,43,36.143859216908275,5061.8302983578,506.18302983577996,5264.010403155885,108,29,0.26851851851851855,1.0,18.042318000000023,18.040959585999644,18.013705192994166,0.0,16,0,43,8913,5041,8,0,30,20,10,0,0,0,0.0,0,{}
pgbm_v2_paired_metrics.v1,pgbm_v2_task_replacement_recourse,du_outdoor,moderate,103,du_outdoor_tasks_60_uavs_5_seed_103,ab9ff88e43787a1769ed1f9dd31ac11ba539c47d0b1ad4941d5d2a48c0afe170,V2,ok,60,5,120.0,three_phase,9.297237345694107,16,44,23.32551429359739,5196.31847984637,519.631847984637,5403.586926767426,108,23,0.21296296296296297,1.0,72.443845958,38.91178645800039,38.55659968099803,33.46377349800002,14,10,44,28490,25735,8,0,30,20,10,42,11,31,1.9420236031553446,11,"{""no_feasible_candidate"": 14, ""no_positive_gain"": 13, ""no_uncompleted_active_task"": 4}"
pgbm_v2_paired_metrics.v1,pgbm_v2_task_replacement_recourse,du_outdoor,moderate,104,du_outdoor_104,790a782eb7eb244ab3a11ac3059e2c74764f4cfad31c826f819945f016f18a8a,V1,ok,60,5,120.0,three_phase,7.760879955590497,16,44,33.886616443319355,4548.396640707707,454.8396640707707,4722.878105625884,104,26,0.25,1.0,24.190667249999933,24.18858937499931,23.67889814988439,0.0,17,0,44,207254,50000,8,4,30,20,10,0,0,0,0.0,0,{}
pgbm_v2_paired_metrics.v1,pgbm_v2_task_replacement_recourse,du_outdoor,moderate,104,du_outdoor_tasks_60_uavs_5_seed_104,790a782eb7eb244ab3a11ac3059e2c74764f4cfad31c826f819945f016f18a8a,V2,ok,60,5,120.0,three_phase,10.312191981304748,18,42,19.14369332052063,4380.049681400344,438.00496814003435,4559.490523965331,104,23,0.22115384615384615,1.0,54.07020320799995,47.51726837599995,46.0558862659808,6.514369997000131,17,10,42,213790,50000,8,2,30,20,10,35,12,23,1.8137946149096547,12,"{""no_feasible_candidate"": 14, ""no_positive_gain"": 9}"
pgbm_v2_paired_metrics.v1,pgbm_v2_task_replacement_recourse,du_outdoor,moderate,105,du_outdoor_105,5e07156f10c6d2a9b93a078d103a1440e33c321ed4f42f9a74c627c3e52e8cfc,V1,ok,60,5,120.0,three_phase,11.56453286409588,21,39,29.206675875884127,4619.263912825548,461.9263912825548,4823.364327580378,96,31,0.3229166666666667,1.0,14.301135416999841,14.299468501999627,13.734069109013262,0.0,20,0,39,205372,50000,8,3,30,20,10,0,0,0,0.0,0,{}
pgbm_v2_paired_metrics.v1,pgbm_v2_task_replacement_recourse,du_outdoor,moderate,105,du_outdoor_tasks_60_uavs_5_seed_105,5e07156f10c6d2a9b93a078d103a1440e33c321ed4f42f9a74c627c3e52e8cfc,V2,ok,60,5,120.0,three_phase,11.60668078078607,18,42,23.16595033769825,4497.789404114256,449.77894041142565,4719.818741972506,96,24,0.25,1.0,49.842615541999976,40.929319626000165,38.80764484196129,8.887099540000008,22,11,42,329773,50000,8,4,30,20,10,33,11,22,1.873388854406291,11,"{""no_feasible_candidate"": 6, ""no_positive_gain"": 16}"
pgbm_v2_paired_metrics.v1,pgbm_v2_task_replacement_recourse,du_outdoor,moderate,106,du_outdoor_106,64ec1b54aa2782057fae93d38198bb6b0bac45bbf8de64b5d1ae6a683865651a,V1,ok,60,5,120.0,three_phase,9.861423575682688,18,42,33.05196635918469,4710.984361248276,471.09843612482763,4905.875916516436,101,29,0.2871287128712871,1.0,24.031435999999985,24.02974875100017,23.418595416950893,0.0,18,0,42,302579,50000,8,6,30,20,10,0,0,0,0.0,0,{}
pgbm_v2_paired_metrics.v1,pgbm_v2_task_replacement_recourse,du_outdoor,moderate,106,du_outdoor_tasks_60_uavs_5_seed_106,64ec1b54aa2782057fae93d38198bb6b0bac45bbf8de64b5d1ae6a683865651a,V2,ok,60,5,120.0,three_phase,11.141532803337594,17,43,22.074964247743935,4538.221715269012,453.8221715269012,4737.848791272325,101,25,0.24752475247524752,1.0,69.506794625,59.41995195900006,57.48979717500629,10.046472041000584,23,10,43,348557,50000,8,6,30,20,10,30,10,20,2.2284196069130804,10,"{""no_feasible_candidate"": 9, ""no_positive_gain"": 11}"
pgbm_v2_paired_metrics.v1,pgbm_v2_task_replacement_recourse,du_outdoor,moderate,107,du_outdoor_107,288875d739f5a613a31756c7e6b0b73425b4872c8cad1ab7e354c5dd5352b52c,V1,ok,60,5,120.0,three_phase,11.055639004073,18,42,25.501705630676128,4300.550522393256,430.0550522393256,4468.233456466839,108,29,0.26851851851851855,1.0,6.52622858299992,6.524366745998805,5.638156492987491,0.0,23,0,42,296265,50000,8,3,30,20,10,0,0,0,0.0,0,{}
pgbm_v2_paired_metrics.v1,pgbm_v2_task_replacement_recourse,du_outdoor,moderate,107,du_outdoor_tasks_60_uavs_5_seed_107,288875d739f5a613a31756c7e6b0b73425b4872c8cad1ab7e354c5dd5352b52c,V2,ok,60,5,120.0,three_phase,13.07865432895532,20,40,22.724248736958934,4592.081779617237,459.20817796172366,4797.412303835585,108,29,0.26851851851851855,1.0,14.607595082999978,12.071863709999889,10.868381016024273,2.5059892930003116,20,12,40,172485,45613,8,0,30,20,10,32,8,24,1.293253482816218,8,"{""no_feasible_candidate"": 10, ""no_positive_gain"": 14}"
pgbm_v2_paired_metrics.v1,pgbm_v2_task_replacement_recourse,du_outdoor,moderate,108,du_outdoor_108,fbb3c3f7f9dd436cf23d6630519b26aae3489ccecd6b2cbb9b908df366c3cbdc,V1,ok,60,5,120.0,three_phase,9.840453407770731,18,42,32.053898415322145,4738.8172822171055,473.88172822171055,4918.551414589332,95,27,0.28421052631578947,1.0,30.841633999999885,30.840205165999805,30.412575756992737,0.0,16,0,42,160738,50000,8,3,30,20,10,0,0,0,0.0,0,{}
pgbm_v2_paired_metrics.v1,pgbm_v2_task_replacement_recourse,du_outdoor,moderate,108,du_outdoor_tasks_60_uavs_5_seed_108,fbb3c3f7f9dd436cf23d6630519b26aae3489ccecd6b2cbb9b908df366c3cbdc,V2,ok,60,5,120.0,three_phase,11.407196309037335,19,41,23.988599911292273,4990.903158323531,499.0903158323531,5189.111669735125,95,27,0.28421052631578947,1.0,89.02159408399996,62.7663847529999,62.425789775998396,26.21350329400002,17,11,41,66894,50000,8,1,30,20,10,43,7,36,1.2953933330597027,7,"{""no_feasible_candidate"": 17, ""no_positive_gain"": 19}"
pgbm_v2_paired_metrics.v1,pgbm_v2_task_replacement_recourse,du_outdoor,moderate,109,du_outdoor_109,f76dbe7e066b1bec7c4fcf19b2f38d1d1d1ee78182aa19ed6e7723af2f4fa7af,V1,ok,60,5,120.0,three_phase,10.236333262787054,20,40,32.886525137716994,4625.081926003683,462.5081926003683,4816.839395751173,98,28,0.2857142857142857,1.0,13.628112999999985,13.626186414999665,12.634577903023,0.0,22,0,40,478894,50000,8,9,30,20,10,0,0,0,0.0,0,{}
pgbm_v2_paired_metrics.v1,pgbm_v2_task_replacement_recourse,du_outdoor,moderate,109,du_outdoor_tasks_60_uavs_5_seed_109,f76dbe7e066b1bec7c4fcf19b2f38d1d1d1ee78182aa19ed6e7723af2f4fa7af,V2,ok,60,5,120.0,three_phase,9.979831919773154,17,43,24.540405118915512,4770.810631947233,477.08106319472324,4991.946164573044,98,21,0.21428571428571427,1.0,25.169497707999994,21.28691321100007,19.784796682991782,3.852290584999878,22,10,43,329411,50000,8,6,30,20,10,37,8,29,1.1315638668961598,8,"{""no_feasible_candidate"": 7, ""no_positive_gain"": 15, ""no_uncompleted_active_task"": 7}"
pgbm_v2_paired_metrics.v1,pgbm_v2_task_replacement_recourse,du_outdoor,moderate,110,du_outdoor_110,2f0d5e0038c6c418a64729bb3119aab76489a1bc0b3f67de98bd390025f47e4d,V1,ok,60,5,120.0,three_phase,7.085905627293628,14,46,37.35427283752953,5064.928221432319,506.49282214323193,5260.032808121305,107,24,0.22429906542056074,1.0,15.762128374999975,15.760583999001028,15.411815130992409,0.0,20,0,46,140933,45613,8,0,30,20,10,0,0,0,0.0,0,{}
pgbm_v2_paired_metrics.v1,pgbm_v2_task_replacement_recourse,du_outdoor,moderate,110,du_outdoor_tasks_60_uavs_5_seed_110,2f0d5e0038c6c418a64729bb3119aab76489a1bc0b3f67de98bd390025f47e4d,V2,ok,60,5,120.0,three_phase,7.486804889495943,11,49,24.579589711530286,4867.496978222709,486.7496978222709,5050.73688814565,107,18,0.16822429906542055,1.0,45.16327770800001,33.496514292999905,32.583598901028836,11.638689038000507,25,9,49,141065,45613,8,0,30,20,10,30,6,24,1.1924939551271048,6,"{""no_feasible_candidate"": 7, ""no_positive_gain"": 16, ""no_uncompleted_active_task"": 1}"
pgbm_v2_paired_metrics.v1,pgbm_v2_task_replacement_recourse,du_outdoor,moderate,101,du_outdoor_101,7a4c708d64aec75b74a60619abd3d4f179140cda5916f0ae4dc8d0f01894953f,V1,ok,60,8,120.0,three_phase,12.928830689086777,27,33,38.67396575529014,7985.124968834136,798.5124968834136,8295.719033758225,98,44,0.4489795918367347,1.0,10.562472165999907,10.560369336000122,9.9065938340309,0.0,24,0,33,265735,50000,8,5,30,20,10,0,0,0,0.0,0,{}
pgbm_v2_paired_metrics.v1,pgbm_v2_task_replacement_recourse,du_outdoor,moderate,101,du_outdoor_tasks_60_uavs_8_seed_101,7a4c708d64aec75b74a60619abd3d4f179140cda5916f0ae4dc8d0f01894953f,V2,ok,60,8,120.0,three_phase,14.132657475903622,24,36,26.116658751137383,7680.890049129682,768.0890049129682,7986.434219057979,98,36,0.3673469387755102,1.0,43.242576708000115,33.42258216499977,30.96794180201732,9.76272154499975,26,16,36,409080,50000,8,8,30,20,10,35,16,19,2.71145903258179,16,"{""no_feasible_candidate"": 7, ""no_positive_gain"": 12}"
pgbm_v2_paired_metrics.v1,pgbm_v2_task_replacement_recourse,du_outdoor,moderate,102,du_outdoor_102,4aaaf10ccb7413e0c4737cf29281a555fb03cd1620088cb1339833238442f4df,V1,ok,60,8,120.0,three_phase,16.230250146621113,30,30,32.469146306741,7466.4078315296365,746.6407831529636,7769.560742577564,98,46,0.46938775510204084,1.0,28.624162292000165,28.62154753700088,27.795906159921515,0.0,29,0,30,328993,50000,8,6,30,20,10,0,0,0,0.0,0,{}
pgbm_v2_paired_metrics.v1,pgbm_v2_task_replacement_recourse,du_outdoor,moderate,102,du_outdoor_tasks_60_uavs_8_seed_102,4aaaf10ccb7413e0c4737cf29281a555fb03cd1620088cb1339833238442f4df,V2,ok,60,8,120.0,three_phase,16.991115727289415,28,32,25.60039514398024,7475.657261461364,747.5657261461364,7771.804325525817,98,42,0.42857142857142855,1.0,88.81403529199997,56.94523325,54.49953294997772,31.778077042998802,28,16,32,333859,50000,8,6,30,20,10,34,13,21,2.489758978130877,13,"{""no_feasible_candidate"": 8, ""no_positive_gain"": 12, ""no_uncompleted_active_task"": 1}"
pgbm_v2_paired_metrics.v1,pgbm_v2_task_replacement_recourse,du_outdoor,moderate,103,du_outdoor_103,8f03555fac01f0877c1ffc0a891944f6a8cc274ab0d3c8b151cf77948b2656e8,V1,ok,60,8,120.0,three_phase,12.63667496207949,29,31,36.4255178267385,8233.584631102061,823.3584631102061,8554.683468727675,108,47,0.4351851851851852,1.0,25.083564499999966,25.081550540999388,24.882483860008733,0.0,22,0,31,54600,45613,8,0,30,20,10,0,0,0,0.0,0,{}
pgbm_v2_paired_metrics.v1,pgbm_v2_task_replacement_recourse,du_outdoor,moderate,103,du_outdoor_tasks_60_uavs_8_seed_103,8f03555fac01f0877c1ffc0a891944f6a8cc274ab0d3c8b151cf77948b2656e8,V2,ok,60,8,120.0,three_phase,13.236102225895793,25,35,26.56098815748892,8126.369522352933,812.6369522352933,8426.635270933708,108,38,0.35185185185185186,1.0,76.59614854100005,52.69786570999963,51.96389765296999,23.808599416000334,25,16,35,80660,50000,8,1,30,20,10,33,12,21,2.267831693478253,12,"{""no_feasible_candidate"": 10, ""no_positive_gain"": 10, ""no_uncompleted_active_task"": 1}"
pgbm_v2_paired_metrics.v1,pgbm_v2_task_replacement_recourse,du_outdoor,moderate,104,du_outdoor_104,29c07dfa9b7127d5a8f609dc0144618e9fb02b73e164e715321b520a62bb2ce1,V1,ok,60,8,120.0,three_phase,11.307683980608138,23,37,29.1109176918181,7304.893131888623,730.4893131888623,7563.063466663871,104,37,0.3557692307692308,1.0,26.389866959000074,26.387459252000554,25.624294249961395,0.0,28,0,37,308342,50000,8,6,30,20,10,0,0,0,0.0,0,{}
pgbm_v2_paired_metrics.v1,pgbm_v2_task_replacement_recourse,du_outdoor,moderate,104,du_outdoor_tasks_60_uavs_8_seed_104,29c07dfa9b7127d5a8f609dc0144618e9fb02b73e164e715321b520a62bb2ce1,V2,ok,60,8,120.0,three_phase,13.532648899449732,24,36,21.868799819504442,7205.344368891155,720.5344368891155,7474.432294843719,104,37,0.3557692307692308,1.0,55.50435800000014,47.02696758299999,45.71973504500488,8.422242998000002,28,16,36,248701,50000,8,1,30,20,10,28,13,15,1.8423795116324988,13,"{""no_feasible_candidate"": 3, ""no_positive_gain"": 12}"
pgbm_v2_paired_metrics.v1,pgbm_v2_task_replacement_recourse,du_outdoor,moderate,105,du_outdoor_105,1d8d8644c32f17f52eb99f9d9d46bdb287e6c3f1e71b0af44a49e53bab4440f9,V1,ok,60,8,120.0,three_phase,15.615860181765274,29,31,30.88828452402104,7477.201199579334,747.7201199579333,7793.423645644919,96,46,0.4791666666666667,1.0,23.312252124999986,23.309189540999796,22.57005924402324,0.0,27,0,31,259849,50000,8,4,30,20,10,0,0,0,0.0,0,{}
pgbm_v2_paired_metrics.v1,pgbm_v2_task_replacement_recourse,du_outdoor,moderate,105,du_outdoor_tasks_60_uavs_8_seed_105,1d8d8644c32f17f52eb99f9d9d46bdb287e6c3f1e71b0af44a49e53bab4440f9,V2,ok,60,8,120.0,three_phase,16.437969458226462,27,33,23.55157153302139,7323.818455926681,732.3818455926681,7641.668721788031,96,39,0.40625,1.0,39.135640875000036,33.513784874999374,32.154760712042844,5.571369087000448,31,16,33,310086,50000,8,5,30,20,10,29,12,17,2.0806956314905474,12,"{""no_feasible_candidate"": 4, ""no_positive_gain"": 13}"
pgbm_v2_paired_metrics.v1,pgbm_v2_task_replacement_recourse,du_outdoor,moderate,106,du_outdoor_106,3965fb96a870416aca9fb6430608943dd51e782be604845e7bd135cb94a475d2,V1,ok,60,8,120.0,three_phase,13.103748020971427,25,35,32.423040835517874,7332.636671872688,733.2636671872688,7601.508697009467,101,41,0.40594059405940597,1.0,27.4227276659999,27.419392836999577,26.394360171974085,0.0,29,0,35,371826,50000,8,7,30,20,10,0,0,0,0.0,0,{}
pgbm_v2_paired_metrics.v1,pgbm_v2_task_replacement_recourse,du_outdoor,moderate,106,du_outdoor_tasks_60_uavs_8_seed_106,3965fb96a870416aca9fb6430608943dd51e782be604845e7bd135cb94a475d2,V2,ok,60,8,120.0,three_phase,15.102301555146127,26,34,24.948264097285097,7184.178523082424,718.4178523082425,7493.880459055673,101,40,0.39603960396039606,1.0,39.20293512500007,32.288576416999604,30.86656379092892,6.872551251999539,32,15,34,415816,50000,8,8,30,20,10,19,11,8,2.04907212949596,11,"{""no_feasible_candidate"": 1, ""no_positive_gain"": 7}"
pgbm_v2_paired_metrics.v1,pgbm_v2_task_replacement_recourse,du_outdoor,moderate,107,du_outdoor_107,c6132b273233eacbb613d1f32c6909d35d1cbfbc7d28480b5c3ea26430fe0556,V1,ok,60,8,120.0,three_phase,16.63918752350087,30,30,28.540206805428262,7145.51739107269,714.551739107269,7424.770825077888,108,47,0.4351851851851852,1.0,9.886437916999967,9.884063374999641,8.74849279502564,0.0,30,0,30,400883,50000,8,7,30,20,10,0,0,0,0.0,0,{}
pgbm_v2_paired_metrics.v1,pgbm_v2_task_replacement_recourse,du_outdoor,moderate,107,du_outdoor_tasks_60_uavs_8_seed_107,c6132b273233eacbb613d1f32c6909d35d1cbfbc7d28480b5c3ea26430fe0556,V2,ok,60,8,120.0,three_phase,18.1847046248045,30,30,22.667213630807915,7127.199351504203,712.7199351504203,7426.521700683879,108,48,0.4444444444444444,1.0,12.526987291000069,11.246750332000374,9.600286212045148,1.248651122999945,30,17,30,475826,50000,8,9,30,20,10,30,15,15,2.816445036335872,15,"{""no_feasible_candidate"": 7, ""no_positive_gain"": 8}"
pgbm_v2_paired_metrics.v1,pgbm_v2_task_replacement_recourse,du_outdoor,moderate,108,du_outdoor_108,0196ecbf52d41ad5ef7bf746b0c6053201a93a79eae6958bf29b54832ee6ce6b,V1,ok,60,8,120.0,three_phase,13.382693173962085,27,33,32.477971827500824,7590.6722395898505,759.0672239589851,7853.110781782305,95,40,0.42105263157894735,1.0,47.60988383400013,47.60713304000001,46.831289573965705,0.0,25,0,33,278638,50000,8,5,30,20,10,0,0,0,0.0,0,{}
pgbm_v2_paired_metrics.v1,pgbm_v2_task_replacement_recourse,du_outdoor,moderate,108,du_outdoor_tasks_60_uavs_8_seed_108,0196ecbf52d41ad5ef7bf746b0c6053201a93a79eae6958bf29b54832ee6ce6b,V2,ok,60,8,120.0,three_phase,15.122532085398932,27,33,20.648914804197787,7330.495527155241,733.0495527155241,7600.238419947988,95,39,0.4105263157894737,1.0,85.38751929099999,66.29081753999981,65.16989686596389,19.047887498999444,26,16,33,379264,50000,8,7,30,20,10,35,17,18,2.4900334200220784,17,"{""no_feasible_candidate"": 8, ""no_positive_gain"": 10}"
pgbm_v2_paired_metrics.v1,pgbm_v2_task_replacement_recourse,du_outdoor,moderate,109,du_outdoor_109,3502df4279b485614841bd33fc20711902d6999735ae17786a04672fb32b53af,V1,ok,60,8,120.0,three_phase,13.82623643934609,28,32,32.26639302501058,7578.858255837924,757.8858255837924,7897.405829153429,98,43,0.4387755102040816,1.0,18.179837874999976,18.17691649800031,16.71304894888044,0.0,30,0,32,634286,50000,8,12,30,20,10,0,0,0,0.0,0,{}
pgbm_v2_paired_metrics.v1,pgbm_v2_task_replacement_recourse,du_outdoor,moderate,109,du_outdoor_tasks_60_uavs_8_seed_109,3502df4279b485614841bd33fc20711902d6999735ae17786a04672fb32b53af,V2,ok,60,8,120.0,three_phase,14.506598081762302,25,35,22.71902588057659,7267.342124449067,726.7342124449067,7586.470054176752,98,37,0.37755102040816324,1.0,21.758942916000024,18.84039624799948,17.015117203990258,2.8931768680001824,31,16,35,652185,50000,8,12,30,20,10,36,11,25,2.3874761135641336,11,"{""no_feasible_candidate"": 9, ""no_positive_gain"": 16}"
pgbm_v2_paired_metrics.v1,pgbm_v2_task_replacement_recourse,du_outdoor,moderate,110,du_outdoor_110,b23cea73d4d590aef84d8840a893539d325bcaaf6a844797cb3a920703eeaa1e,V1,ok,60,8,120.0,three_phase,10.655191697326043,21,39,36.19430454626523,7925.931012184601,792.5931012184601,8223.75873468788,107,38,0.35514018691588783,1.0,22.63779866699997,22.634912001000203,22.23582655601217,0.0,34,0,39,141652,45613,8,0,30,20,10,0,0,0,0.0,0,{}
pgbm_v2_paired_metrics.v1,pgbm_v2_task_replacement_recourse,du_outdoor,moderate,110,du_outdoor_tasks_60_uavs_8_seed_110,b23cea73d4d590aef84d8840a893539d325bcaaf6a844797cb3a920703eeaa1e,V2,ok,60,8,120.0,three_phase,10.455286633500572,17,43,23.21857766802559,7010.770747858542,701.0770747858542,7267.538576492074,107,26,0.24299065420560748,1.0,40.43296858300005,33.20707274700089,30.69356239596209,7.201551584000299,36,13,43,879627,50000,8,10,30,20,10,24,10,14,1.6941110005536375,10,"{""no_positive_gain"": 12, ""no_uncompleted_active_task"": 2}"
pgbm_v2_paired_metrics.v1,pgbm_v2_task_replacement_recourse,du_outdoor,moderate,101,du_outdoor_101,f0ff374ea78ce2b3be38e4a58301523d5f0f9292798336dac5ccc0d4a0719c1b,V1,ok,60,10,120.0,three_phase,14.491746865839724,29,31,35.36777046600408,9787.947676875772,978.7947676875772,10138.27020891141,98,49,0.5,1.0,12.309533040999895,12.30707337699937,11.398398363975048,0.0,29,0,31,366389,50000,8,7,30,20,10,0,0,0,0.0,0,{}
pgbm_v2_paired_metrics.v1,pgbm_v2_task_replacement_recourse,du_outdoor,moderate,101,du_outdoor_tasks_60_uavs_10_seed_101,f0ff374ea78ce2b3be38e4a58301523d5f0f9292798336dac5ccc0d4a0719c1b,V2,ok,60,10,120.0,three_phase,16.9147390956674,30,30,29.482462406716813,9738.859234662066,973.8859234662066,10119.069884809836,98,48,0.4897959183673469,1.0,19.87980933400013,14.898705870000413,13.904121217992042,4.949259501000597,30,20,30,416618,50000,8,8,30,20,10,30,12,18,2.682805166926111,12,"{""no_feasible_candidate"": 7, ""no_positive_gain"": 11}"
pgbm_v2_paired_metrics.v1,pgbm_v2_task_replacement_recourse,du_outdoor,moderate,102,du_outdoor_102,d9a7200bfc9490c60a8f1c13e05cced4cc87032dec5f74bb18cbecf8466ed0d1,V1,ok,60,10,120.0,three_phase,19.465559678097648,36,24,31.844070497566374,9186.15441884373,918.6154418843729,9563.300632332004,98,57,0.5816326530612245,1.0,38.292790707999984,38.289239586000804,36.92867764701532,0.0,35,0,24,523895,50000,8,9,30,20,10,0,0,0,0.0,0,{}
pgbm_v2_paired_metrics.v1,pgbm_v2_task_replacement_recourse,du_outdoor,moderate,102,du_outdoor_tasks_60_uavs_10_seed_102,d9a7200bfc9490c60a8f1c13e05cced4cc87032dec5f74bb18cbecf8466ed0d1,V2,ok,60,10,120.0,three_phase,20.356938985773887,35,25,28.12215899810719,9554.414372476418,955.4414372476418,9945.365750876692,98,54,0.5510204081632653,1.0,46.40313049999986,29.254634458000282,27.999839405941202,17.095744082999545,33,20,25,435005,50000,8,8,30,20,10,30,15,15,3.2351527450568365,15,"{""no_feasible_candidate"": 3, ""no_positive_gain"": 12}"
pgbm_v2_paired_metrics.v1,pgbm_v2_task_replacement_recourse,du_outdoor,moderate,103,du_outdoor_103,413300d0cc08c1273ab4d0b8c654b023aaed59672b26c0dfcb1235f4c918fa2f,V1,ok,60,10,120.0,three_phase,15.172534770402287,34,26,34.11003019608503,10201.198953765865,1020.1198953765864,10595.579358889081,108,58,0.5370370370370371,1.0,33.71244708300014,33.709109916999296,33.16214462500466,0.0,33,0,26,150264,50000,8,2,30,20,10,0,0,0,0.0,0,{}
pgbm_v2_paired_metrics.v1,pgbm_v2_task_replacement_recourse,du_outdoor,moderate,103,du_outdoor_tasks_60_uavs_10_seed_103,413300d0cc08c1273ab4d0b8c654b023aaed59672b26c0dfcb1235f4c918fa2f,V2,ok,60,10,120.0,three_phase,14.299875611338223,28,32,28.94084980855363,9406.01341167822,940.6013411678219,9746.59427960428,108,47,0.4351851851851852,1.0,42.54816166700016,34.58046362199957,33.392904612961274,7.910159041999805,40,19,32,376940,50000,8,4,30,20,10,21,12,9,1.9428291386500365,12,"{""no_feasible_candidate"": 3, ""no_positive_gain"": 6}"
pgbm_v2_paired_metrics.v1,pgbm_v2_task_replacement_recourse,du_outdoor,moderate,104,du_outdoor_104,300f3c7fac6cd7f9f3dff377305331043fc4a45c4bc8695d3ded5a058869b840,V1,ok,60,10,120.0,three_phase,14.504995568719611,30,30,28.100823446845922,9322.648795814981,932.2648795814981,9648.791888664113,104,48,0.46153846153846156,1.0,23.260529459000054,23.257777623999345,22.9624441659671,0.0,29,0,30,126484,50000,8,2,30,20,10,0,0,0,0.0,0,{}
pgbm_v2_paired_metrics.v1,pgbm_v2_task_replacement_recourse,du_outdoor,moderate,104,du_outdoor_tasks_60_uavs_10_seed_104,300f3c7fac6cd7f9f3dff377305331043fc4a45c4bc8695d3ded5a058869b840,V2,ok,60,10,120.0,three_phase,14.541141245223677,27,33,22.51076542045109,8721.30788275543,872.130788275543,9058.88736239409,104,43,0.41346153846153844,1.0,37.421793041,31.52136116599968,30.414141095134482,5.862881080999841,33,19,33,361925,50000,8,6,30,20,10,25,13,12,1.9967486253214177,13,"{""no_feasible_candidate"": 2, ""no_positive_gain"": 10}"
pgbm_v2_paired_metrics.v1,pgbm_v2_task_replacement_recourse,du_outdoor,moderate,105,du_outdoor_105,bd0ab58215e0a190de06485acfa32b04087a576aabfb316b3f97d531e35cca5f,V1,ok,60,10,120.0,three_phase,18.87591271798232,39,21,33.95890585919094,9105.723044552957,910.5723044552957,9505.413268558,96,58,0.6041666666666666,1.0,26.569510875000105,26.56668758399951,25.750178898970944,0.0,30,0,21,314371,50000,8,6,30,20,10,0,0,0,0.0,0,{}
pgbm_v2_paired_metrics.v1,pgbm_v2_task_replacement_recourse,du_outdoor,moderate,105,du_outdoor_tasks_60_uavs_10_seed_105,bd0ab58215e0a190de06485acfa32b04087a576aabfb316b3f97d531e35cca5f,V2,ok,60,10,120.0,three_phase,20.228696600057145,37,23,25.33054182697689,8940.315477173637,894.0315477173638,9312.496414070447,96,53,0.5520833333333334,1.0,28.40328733299998,23.44432178900024,22.34728832688188,4.911975332999646,36,21,23,406445,50000,8,7,30,20,10,23,14,9,3.151510016280421,14,"{""no_feasible_candidate"": 1, ""no_positive_gain"": 8}"
pgbm_v2_paired_metrics.v1,pgbm_v2_task_replacement_recourse,du_outdoor,moderate,106,du_outdoor_106,4155fe29ba20dff70705ac8d84526e27bbabc16962553dd788cbc9988b1640db,V1,ok,60,10,120.0,three_phase,14.584902384894663,28,32,31.30860409330279,8287.329255595769,828.7329255595769,8595.901156140917,101,45,0.44554455445544555,1.0,30.235169499999984,30.231411413999695,28.519523447189385,0.0,34,0,32,679878,50000,8,13,30,20,10,0,0,0,0.0,0,{}
pgbm_v2_paired_metrics.v1,pgbm_v2_task_replacement_recourse,du_outdoor,moderate,106,du_outdoor_tasks_60_uavs_10_seed_106,4155fe29ba20dff70705ac8d84526e27bbabc16962553dd788cbc9988b1640db,V2,ok,60,10,120.0,three_phase,17.13315088812034,32,28,27.475596377790676,9394.135034438588,939.4135034438589,9773.224277555852,101,51,0.504950495049505,1.0,31.284012042000086,26.391851083000347,25.201401072032468,4.844758625999475,31,20,28,403002,50000,8,7,30,20,10,27,10,17,1.880277279672595,10,"{""no_feasible_candidate"": 5, ""no_positive_gain"": 12}"
pgbm_v2_paired_metrics.v1,pgbm_v2_task_replacement_recourse,du_outdoor,moderate,107,du_outdoor_107,4a6476b329b54bc82cacd2a66d5b0ce57eb2201cd0961eb7d565ddeca6eedb6b,V1,ok,60,10,120.0,three_phase,19.85419969757036,38,22,29.15841297658112,9035.288316888309,903.5288316888309,9399.227776116564,108,61,0.5648148148148148,1.0,10.992025916999864,10.989184751000039,9.812066159007145,0.0,35,0,22,427324,50000,8,8,30,20,10,0,0,0,0.0,0,{}
pgbm_v2_paired_metrics.v1,pgbm_v2_task_replacement_recourse,du_outdoor,moderate,107,du_outdoor_tasks_60_uavs_10_seed_107,4a6476b329b54bc82cacd2a66d5b0ce57eb2201cd0961eb7d565ddeca6eedb6b,V2,ok,60,10,120.0,three_phase,21.733927566328447,36,24,21.554545987172975,9075.820761372026,907.5820761372026,9477.317199052713,108,59,0.5462962962962963,1.0,13.617192791999969,12.728492290000077,11.215679659133912,0.8550463340000078,37,22,24,516845,50000,8,10,30,20,10,23,13,10,3.490619736104212,13,"{""no_feasible_candidate"": 2, ""no_positive_gain"": 8}"
pgbm_v2_paired_metrics.v1,pgbm_v2_task_replacement_recourse,du_outdoor,moderate,108,du_outdoor_108,e7f84597bd022e72238b75517dddc62765b393f10d60f3717bceb16110e149a8,V1,ok,60,10,120.0,three_phase,16.945551189256207,34,26,32.108273114750496,9714.104052502782,971.4104052502782,10053.563070027425,95,53,0.5578947368421052,1.0,62.2031924580001,62.19784895800035,61.4156089979283,0.0,29,0,26,229572,50000,8,4,30,20,10,0,0,0,0.0,0,{}
pgbm_v2_paired_metrics.v1,pgbm_v2_task_replacement_recourse,du_outdoor,moderate,108,du_outdoor_tasks_60_uavs_10_seed_108,e7f84597bd022e72238b75517dddc62765b393f10d60f3717bceb16110e149a8,V2,ok,60,10,120.0,three_phase,16.905012097759197,31,29,23.751739833982626,9011.322998949598,901.1322998949597,9322.360786073617,95,45,0.47368421052631576,1.0,76.96011599999997,60.11699295500034,58.5436217079,16.787041498999542,33,20,29,584564,50000,8,11,30,20,10,35,16,19,3.1363639265059358,16,"{""no_feasible_candidate"": 10, ""no_positive_gain"": 9}"
pgbm_v2_paired_metrics.v1,pgbm_v2_task_replacement_recourse,du_outdoor,moderate,109,du_outdoor_109,895cd0068b4cdd87f01c029b2a287dd331c9d609a4c8af5b8180c9dd246c2553,V1,ok,60,10,120.0,three_phase,16.49227434500715,35,25,34.647331713630535,9503.25636085384,950.3256360853841,9904.543425256812,98,59,0.6020408163265306,1.0,25.219574416999876,25.21534666700086,23.49568444588499,0.0,35,0,25,601849,50000,8,11,30,20,10,0,0,0,0.0,0,{}
pgbm_v2_paired_metrics.v1,pgbm_v2_task_replacement_recourse,du_outdoor,moderate,109,du_outdoor_tasks_60_uavs_10_seed_109,895cd0068b4cdd87f01c029b2a287dd331c9d609a4c8af5b8180c9dd246c2553,V2,ok,60,10,120.0,three_phase,17.14421565532035,32,28,27.291842490261907,9564.796302963514,956.4796302963514,9997.08019452086,98,48,0.4897959183673469,1.0,22.970774583000093,18.453924124999958,16.899099386114358,4.480572873000483,35,20,28,500596,50000,8,8,30,20,10,32,15,17,2.4923001425502065,15,"{""no_feasible_candidate"": 6, ""no_positive_gain"": 11}"
pgbm_v2_paired_metrics.v1,pgbm_v2_task_replacement_recourse,du_outdoor,moderate,110,du_outdoor_110,89c19312bd4e9beb991466e52122a7416eaa404bbaca6a7bef4ebb5d057aab57,V1,ok,60,10,120.0,three_phase,11.64625972515287,23,37,35.6306883458729,9074.439741854672,907.4439741854673,9405.65418362001,107,42,0.3925233644859813,1.0,41.06792829200003,41.05824283100105,38.702956954988395,0.0,40,0,37,705859,50000,8,6,30,20,10,0,0,0,0.0,0,{}
pgbm_v2_paired_metrics.v1,pgbm_v2_task_replacement_recourse,du_outdoor,moderate,110,du_outdoor_tasks_60_uavs_10_seed_110,89c19312bd4e9beb991466e52122a7416eaa404bbaca6a7bef4ebb5d057aab57,V2,ok,60,10,120.0,three_phase,11.780242861154093,19,41,22.851714433332823,8222.418677038408,822.2418677038407,8516.166168180367,107,30,0.2803738317757009,1.0,44.339557499999955,39.063865000000305,35.94053626500431,5.238687497000683,40,15,41,1060277,50000,8,17,30,20,10,22,10,12,1.9779016334035777,10,"{""no_feasible_candidate"": 1, ""no_positive_gain"": 10, ""no_uncompleted_active_task"": 1}"
pgbm_v2_paired_metrics.v1,pgbm_v2_task_replacement_recourse,du_outdoor,moderate,101,du_outdoor_101,b0cacbb0bf4301059c0259ec4ac937e12843a356ad4d67b82db5991f977e4a74,V1,ok,90,3,120.0,three_phase,7.821940163435498,14,76,34.875818479494924,3051.3239614771473,305.13239614771476,3190.7071595033462,145,18,0.12413793103448276,1.0,11.176748957999962,11.174903499000038,10.966772614987349,0.0,12,0,76,78493,50000,8,1,45,30,15,0,0,0,0.0,0,{}
pgbm_v2_paired_metrics.v1,pgbm_v2_task_replacement_recourse,du_outdoor,moderate,101,du_outdoor_tasks_90_uavs_3_seed_101,b0cacbb0bf4301059c0259ec4ac937e12843a356ad4d67b82db5991f977e4a74,V2,ok,90,3,120.0,three_phase,8.979901298367798,13,77,22.872647329003026,3033.713686738181,303.3713686738181,3177.7436857267644,145,15,0.10344827586206896,1.0,31.779953582999998,24.510145084,24.025931391000466,7.254431752000006,13,6,77,71221,50000,8,1,45,30,15,70,10,60,1.5594531854377753,10,"{""no_feasible_candidate"": 24, ""no_positive_gain"": 18, ""no_uncompleted_active_task"": 18}"
pgbm_v2_paired_metrics.v1,pgbm_v2_task_replacement_recourse,du_outdoor,moderate,102,du_outdoor_102,161f60a29355eee2ed1e85bb59026f66a46c04e343db166880d69e785fb09f97,V1,ok,90,3,120.0,three_phase,5.474237676995433,11,79,37.25829944597179,2948.4206775731654,294.84206775731656,3071.9838584368617,144,18,0.125,1.0,16.74671120899984,16.744274373000053,16.318674646048976,0.0,15,0,79,147121,50000,8,2,45,30,15,0,0,0,0.0,0,{}
pgbm_v2_paired_metrics.v1,pgbm_v2_task_replacement_recourse,du_outdoor,moderate,102,du_outdoor_tasks_90_uavs_3_seed_102,161f60a29355eee2ed1e85bb59026f66a46c04e343db166880d69e785fb09f97,V2,ok,90,3,120.0,three_phase,8.090455830059081,12,78,20.158772783472852,2787.927354390711,278.7927354390711,2904.54480039412,144,15,0.10416666666666667,1.0,72.99051624999998,55.213172582999974,52.610370106998666,17.747931751999907,17,6,78,320805,50000,8,6,45,30,15,66,14,52,2.0323003586790307,14,"{""no_feasible_candidate"": 33, ""no_positive_gain"": 19}"
pgbm_v2_paired_metrics.v1,pgbm_v2_task_replacement_recourse,du_outdoor,moderate,103,du_outdoor_103,7aa5af8fa089434acdc82b8969d52b6131a4033566c7cba2002ab9cd14764452,V1,ok,90,3,120.0,three_phase,5.659844349570896,10,80,31.194668673365054,3064.4528757733306,306.44528757733303,3166.0052524548937,160,14,0.0875,1.0,17.753325958999994,17.7503985000003,17.71921932999726,0.0,13,0,80,6291,5041,8,0,45,30,15,0,0,0,0.0,0,{}
pgbm_v2_paired_metrics.v1,pgbm_v2_task_replacement_recourse,du_outdoor,moderate,103,du_outdoor_tasks_90_uavs_3_seed_103,7aa5af8fa089434acdc82b8969d52b6131a4033566c7cba2002ab9cd14764452,V2,ok,90,3,120.0,three_phase,6.342015136797689,10,80,23.839186417736858,2965.1454430723034,296.5145443072303,3059.294880943805,160,13,0.08125,1.0,64.032349084,43.296981167000055,42.58517019000129,20.69745921700006,14,6,80,65651,48031,8,0,45,30,15,68,3,65,0.6893224122871751,3,"{""no_feasible_candidate"": 41, ""no_positive_gain"": 13, ""no_uncompleted_active_task"": 11}"
pgbm_v2_paired_metrics.v1,pgbm_v2_task_replacement_recourse,du_outdoor,moderate,104,du_outdoor_104,43953f1a3886cca08b9fcbf660df2c6507fb698aa4486b2561dd6a8ff930366d,V1,ok,90,3,120.0,three_phase,5.072325075039739,9,81,36.70895492977384,2924.826389310123,292.4826389310123,3008.5440406411853,149,14,0.09395973154362416,1.0,17.103694083000164,17.101182666000113,17.07348395600161,0.0,16,0,81,9338,2405,8,0,45,30,15,0,0,0,0.0,0,{}
pgbm_v2_paired_metrics.v1,pgbm_v2_task_replacement_recourse,du_outdoor,moderate,104,du_outdoor_tasks_90_uavs_3_seed_104,43953f1a3886cca08b9fcbf660df2c6507fb698aa4486b2561dd6a8ff930366d,V2,ok,90,3,120.0,three_phase,5.614932585201579,8,82,21.320596221365385,3197.0448544336195,319.70448544336193,3294.2388042158573,149,10,0.06711409395973154,1.0,67.46180095800003,48.011280125999946,48.000796880000365,19.39227737500002,9,6,82,594,89,8,0,45,30,15,76,8,68,1.0216428908732176,8,"{""no_feasible_candidate"": 35, ""no_positive_gain"": 16, ""no_uncompleted_active_task"": 17}"
pgbm_v2_paired_metrics.v1,pgbm_v2_task_replacement_recourse,du_outdoor,moderate,105,du_outdoor_105,30b203e0c8a66eafe8cf23d4e4cc42868df5c23ff3924e07f6f2751b86e6f6cb,V1,ok,90,3,120.0,three_phase,6.139326094916781,11,79,33.64543579605527,3181.0872967028745,318.10872967028746,3302.955617146812,150,18,0.12,1.0,10.018669291000151,10.01734020799995,10.01450507900222,0.0,7,0,79,261,101,8,0,45,30,15,0,0,0,0.0,0,{}
pgbm_v2_paired_metrics.v1,pgbm_v2_task_replacement_recourse,du_outdoor,moderate,105,du_outdoor_tasks_90_uavs_3_seed_105,30b203e0c8a66eafe8cf23d4e4cc42868df5c23ff3924e07f6f2751b86e6f6cb,V2,ok,90,3,120.0,three_phase,7.04466188364072,10,80,18.606509079009736,2702.0552068040615,270.20552068040615,2808.6247476417757,150,12,0.08,1.0,72.27786158399996,57.932745791999935,56.27486870301368,14.306976669000022,17,6,80,165146,50000,8,1,45,30,15,64,9,55,1.0336677629762576,9,"{""no_feasible_candidate"": 32, ""no_positive_gain"": 23}"
pgbm_v2_paired_metrics.v1,pgbm_v2_task_replacement_recourse,du_outdoor,moderate,106,du_outdoor_106,37cf3d283487c6bea1c2b01b692c641c468ad9f01223e42670087c62b1c61eb9,V1,ok,90,3,120.0,three_phase,6.070244019565826,11,79,35.423731504711384,2978.33636781507,297.833636781507,3097.404064015633,155,16,0.1032258064516129,1.0,19.291194416000053,19.287083000000166,19.048267823951846,0.0,17,0,79,45683,9629,8,0,45,30,15,0,0,0,0.0,0,{}
pgbm_v2_paired_metrics.v1,pgbm_v2_task_replacement_recourse,du_outdoor,moderate,106,du_outdoor_tasks_90_uavs_3_seed_106,37cf3d283487c6bea1c2b01b692c641c468ad9f01223e42670087c62b1c61eb9,V2,ok,90,3,120.0,three_phase,7.9641005948031145,11,79,15.714880514822282,2974.7736025388685,297.47736025388684,3108.2362505143305,155,15,0.0967741935483871,1.0,64.08734466599998,37.024031915999956,36.889234924999755,27.021096421999687,18,7,79,11935,9629,8,0,45,30,15,66,12,54,1.8388174140771143,12,"{""no_feasible_candidate"": 21, ""no_positive_gain"": 32, ""no_uncompleted_active_task"": 1}"
pgbm_v2_paired_metrics.v1,pgbm_v2_task_replacement_recourse,du_outdoor,moderate,107,du_outdoor_107,8c05c5b91459ad89a3849abf67304a2f3ef16d00760a5414fc31ea8ab6403383,V1,ok,90,3,120.0,three_phase,8.980656244112044,14,76,28.556085387669857,2837.0739977379117,283.70739977379117,2965.4403204409277,157,22,0.14012738853503184,1.0,7.480558250000058,7.4764778759997625,7.2106886300312,0.0,19,0,76,56953,17361,8,0,45,30,15,0,0,0,0.0,0,{}
pgbm_v2_paired_metrics.v1,pgbm_v2_task_replacement_recourse,du_outdoor,moderate,107,du_outdoor_tasks_90_uavs_3_seed_107,8c05c5b91459ad89a3849abf67304a2f3ef16d00760a5414fc31ea8ab6403383,V2,ok,90,3,120.0,three_phase,9.89240345761377,14,76,19.445084857560325,2597.062147194548,259.7062147194548,2721.9576681630206,157,21,0.1337579617834395,1.0,22.765019291999977,21.53299953900006,19.602564999993035,1.1979144209999504,23,7,76,179843,50000,8,2,45,30,15,60,9,51,0.9467403900836879,9,"{""no_feasible_candidate"": 6, ""no_positive_gain"": 21, ""no_uncompleted_active_task"": 24}"
pgbm_v2_paired_metrics.v1,pgbm_v2_task_replacement_recourse,du_outdoor,moderate,108,du_outdoor_108,01470c92641687bb6e648d546c3214e70bef7a8e62a4b85bc84e397f06c13920,V1,ok,90,3,120.0,three_phase,6.655096683524132,12,78,29.888328307107003,3064.0829335956305,306.40829335956306,3159.0930739678697,137,16,0.11678832116788321,1.0,39.521038165999926,39.51850300000024,39.49478415200679,0.0,10,0,78,6228,5041,8,0,45,30,15,0,0,0,0.0,0,{}
pgbm_v2_paired_metrics.v1,pgbm_v2_task_replacement_recourse,du_outdoor,moderate,108,du_outdoor_tasks_90_uavs_3_seed_108,01470c92641687bb6e648d546c3214e70bef7a8e62a4b85bc84e397f06c13920,V2,ok,90,3,120.0,three_phase,8.390125108969428,11,79,17.261042846880116,2798.4983882937013,279.8498388293701,2905.808533309305,137,14,0.10218978102189781,1.0,162.63501025000005,115.40675650000014,115.24121619400319,47.185851877000175,12,6,79,12912,4409,8,0,45,30,15,73,12,61,2.1150275344114338,12,"{""no_feasible_candidate"": 22, ""no_positive_gain"": 20, ""no_uncompleted_active_task"": 19}"
pgbm_v2_paired_metrics.v1,pgbm_v2_task_replacement_recourse,du_outdoor,moderate,109,du_outdoor_109,de055875985e1fdde9ad2eb231d3d2aea0614505b6d4c4cd63da006c090909cd,V1,ok,90,3,120.0,three_phase,5.321666664556011,10,80,31.22188130839411,3250.000543993533,325.0000543993533,3362.7220756967267,150,17,0.11333333333333333,1.0,10.142967374999898,10.14202537500023,10.13991462400486,0.0,6,0,80,432,257,8,0,45,30,15,0,0,0,0.0,0,{}
pgbm_v2_paired_metrics.v1,pgbm_v2_task_replacement_recourse,du_outdoor,moderate,109,du_outdoor_tasks_90_uavs_3_seed_109,de055875985e1fdde9ad2eb231d3d2aea0614505b6d4c4cd63da006c090909cd,V2,ok,90,3,120.0,three_phase,7.934222312296706,12,78,22.142132219565127,3053.595244546748,305.3595244546748,3181.9149428170717,150,15,0.1,1.0,40.322438250000005,35.851161251000235,35.69135598499838,4.440050956999812,11,7,78,16887,9629,8,0,45,30,15,66,12,54,1.6171138787887909,12,"{""no_feasible_candidate"": 31, ""no_positive_gain"": 13, ""no_uncompleted_active_task"": 10}"
pgbm_v2_paired_metrics.v1,pgbm_v2_task_replacement_recourse,du_outdoor,moderate,110,du_outdoor_110,e0c16fa123fd6963a04d674f498bb1247e6c3b8d65e71c63aab5302f24b72a0c,V1,ok,90,3,120.0,three_phase,5.381628194075552,10,80,31.189343440528727,3089.686432752669,308.9686432752669,3211.8733240793995,165,16,0.09696969696969697,1.0,8.993267625000044,8.991525543000535,8.967345152977032,0.0,10,0,80,7028,6229,8,0,45,30,15,0,0,0,0.0,0,{}
pgbm_v2_paired_metrics.v1,pgbm_v2_task_replacement_recourse,du_outdoor,moderate,110,du_outdoor_tasks_90_uavs_3_seed_110,e0c16fa123fd6963a04d674f498bb1247e6c3b8d65e71c63aab5302f24b72a0c,V2,ok,90,3,120.0,three_phase,5.2814075514715215,8,82,20.939944442668136,2723.4176977194006,272.34176977194005,2817.314181301701,165,11,0.06666666666666667,1.0,56.6990168750001,31.865098624000098,31.13584118097674,24.79709900299997,22,5,82,79152,50000,8,1,45,30,15,60,8,52,0.8354731233203948,8,"{""no_feasible_candidate"": 35, ""no_positive_gain"": 17}"
pgbm_v2_paired_metrics.v1,pgbm_v2_task_replacement_recourse,du_outdoor,moderate,101,du_outdoor_101,2cb8c638264367fdb43cea68dfa93251e185c606356761d1e51cb79289bcb195,V1,ok,90,5,120.0,three_phase,10.619559075736872,20,70,35.046256871344255,5174.853821654761,517.4853821654762,5385.8265446874,145,28,0.19310344827586207,1.0,14.131951792000109,14.129554831998576,13.927382251007657,0.0,16,0,70,78894,50000,8,1,45,30,15,0,0,0,0.0,0,{}
pgbm_v2_paired_metrics.v1,pgbm_v2_task_replacement_recourse,du_outdoor,moderate,101,du_outdoor_tasks_90_uavs_5_seed_101,2cb8c638264367fdb43cea68dfa93251e185c606356761d1e51cb79289bcb195,V2,ok,90,5,120.0,three_phase,12.577460200356992,19,71,22.44941203901148,5254.4662552820855,525.4466255282085,5464.322217704818,145,23,0.15862068965517243,1.0,45.388083832999996,33.264510292000296,33.20509045599704,12.073669622000125,18,10,71,4303,2877,8,0,45,30,15,61,13,48,2.3272846998397725,13,"{""no_feasible_candidate"": 21, ""no_positive_gain"": 18, ""no_uncompleted_active_task"": 9}"
pgbm_v2_paired_metrics.v1,pgbm_v2_task_replacement_recourse,du_outdoor,moderate,102,du_outdoor_102,1bcfd1dfbd7b22f9ffaabeae523f86aa440f0697ea756b83e70e6602ffc30728,V1,ok,90,5,120.0,three_phase,8.885418379574393,17,73,33.15662391646876,4973.900814587904,497.3900814587904,5161.460936120158,144,30,0.20833333333333334,1.0,21.17054241699998,21.16812604299912,20.684288590892265,0.0,20,0,73,197392,50000,8,3,45,30,15,0,0,0,0.0,0,{}
pgbm_v2_paired_metrics.v1,pgbm_v2_task_replacement_recourse,du_outdoor,moderate,102,du_outdoor_tasks_90_uavs_5_seed_102,1bcfd1dfbd7b22f9ffaabeae523f86aa440f0697ea756b83e70e6602ffc30728,V2,ok,90,5,120.0,three_phase,14.888392551204145,22,68,15.33005253141114,4809.475815222617,480.94758152226166,5019.853043017072,144,30,0.20833333333333334,1.0,74.89574504199993,53.04428824899992,51.7737251809732,21.807272743999647,23,11,68,235880,50000,8,4,45,30,15,58,22,36,3.731253357985067,22,"{""no_feasible_candidate"": 19, ""no_positive_gain"": 16, ""no_uncompleted_active_task"": 1}"
pgbm_v2_paired_metrics.v1,pgbm_v2_task_replacement_recourse,du_outdoor,moderate,103,du_outdoor_103,c366a179e4c75c2232fd38a5cedf371829cbef23ae604c45ef1cf8e078974228,V1,ok,90,5,120.0,three_phase,9.242556964806155,17,73,31.37815874453723,5026.667676992505,502.6667676992505,5201.310839033407,160,25,0.15625,1.0,23.69941125000014,23.69688958100096,22.859190371899786,0.0,19,0,73,253685,50000,8,3,45,30,15,0,0,0,0.0,0,{}
pgbm_v2_paired_metrics.v1,pgbm_v2_task_replacement_recourse,du_outdoor,moderate,103,du_outdoor_tasks_90_uavs_5_seed_103,c366a179e4c75c2232fd38a5cedf371829cbef23ae604c45ef1cf8e078974228,V2,ok,90,5,120.0,three_phase,8.973129852859115,15,75,26.808664314169345,4988.286989878501,498.8286989878501,5134.582344580484,160,21,0.13125,1.0,68.191581542,46.66046537399984,45.640327370992736,21.473271165999904,21,10,75,160944,50000,8,1,45,30,15,63,4,59,0.8287777536105525,4,"{""no_feasible_candidate"": 32, ""no_positive_gain"": 21, ""no_uncompleted_active_task"": 6}"
pgbm_v2_paired_metrics.v1,pgbm_v2_task_replacement_recourse,du_outdoor,moderate,104,du_outdoor_104,79ffb2eb8fb25c3587c1290afa63bb089cfe2839ad0c73eb8416b55425ffbdc5,V1,ok,90,5,120.0,three_phase,7.201047284815071,13,77,34.29671011750748,5009.18377540138,500.91837754013807,5144.504678179663,149,21,0.14093959731543623,1.0,21.366725916000178,21.362862917001166,21.328697906985326,0.0,22,0,77,10369,2405,8,0,45,30,15,0,0,0,0.0,0,{}
pgbm_v2_paired_metrics.v1,pgbm_v2_task_replacement_recourse,du_outdoor,moderate,104,du_outdoor_tasks_90_uavs_5_seed_104,79ffb2eb8fb25c3587c1290afa63bb089cfe2839ad0c73eb8416b55425ffbdc5,V2,ok,90,5,120.0,three_phase,10.041769284384497,15,75,17.45752069203208,5193.418018345905,519.3418018345905,5352.98447925744,149,21,0.14093959731543623,1.0,58.03251920800005,41.92545875100018,41.8988767320003,16.0542029580007,18,10,75,4018,2405,8,0,45,30,15,61,13,48,1.8146325715332265,13,"{""no_feasible_candidate"": 30, ""no_positive_gain"": 14, ""no_uncompleted_active_task"": 4}"
pgbm_v2_paired_metrics.v1,pgbm_v2_task_replacement_recourse,du_outdoor,moderate,105,du_outdoor_105,75e6ab93bfe712c755b36bbfa7203a8b44d9198364c767ff003629719095fd39,V1,ok,90,5,120.0,three_phase,11.873793472030016,20,70,26.91672164133596,4991.902563947143,499.1902563947143,5180.241811482312,150,30,0.2,1.0,19.60531012499996,19.601940250999633,19.5859846049907,0.0,21,0,70,3766,725,8,0,45,30,15,0,0,0,0.0,0,{}
pgbm_v2_paired_metrics.v1,pgbm_v2_task_replacement_recourse,du_outdoor,moderate,105,du_outdoor_tasks_90_uavs_5_seed_105,75e6ab93bfe712c755b36bbfa7203a8b44d9198364c767ff003629719095fd39,V2,ok,90,5,120.0,three_phase,13.718842021548568,20,70,15.909424342000829,4633.124020539978,463.3124020539978,4810.431337409649,150,24,0.16,1.0,57.150684458,44.49183899899981,43.5133255609785,12.626375953000093,25,12,70,172404,50000,8,2,45,30,15,48,15,33,1.8612586596925589,15,"{""no_feasible_candidate"": 18, ""no_positive_gain"": 15}"
pgbm_v2_paired_metrics.v1,pgbm_v2_task_replacement_recourse,du_outdoor,moderate,106,du_outdoor_106,521f46150bdbd8c24a2ecee0297462ecdc87fdf8accb9106314871a49c64d431,V1,ok,90,5,120.0,three_phase,9.644467326248543,17,73,33.51162638123931,4642.769931713263,464.2769931713263,4827.648240334001,155,28,0.18064516129032257,1.0,21.484072000000197,21.474182705998828,20.166559683067135,0.0,24,0,73,474157,50000,8,8,45,30,15,0,0,0,0.0,0,{}
pgbm_v2_paired_metrics.v1,pgbm_v2_task_replacement_recourse,du_outdoor,moderate,106,du_outdoor_tasks_90_uavs_5_seed_106,521f46150bdbd8c24a2ecee0297462ecdc87fdf8accb9106314871a49c64d431,V2,ok,90,5,120.0,three_phase,12.254344604670491,17,73,17.47376181099656,4771.26587079965,477.12658707996496,4988.837608851465,155,25,0.16129032258064516,1.0,62.62707837499988,40.93353237500014,38.717810983030176,21.64881870499994,26,11,73,394236,50000,8,7,45,30,15,59,18,41,2.6214247700931406,18,"{""no_feasible_candidate"": 10, ""no_positive_gain"": 30, ""no_uncompleted_active_task"": 1}"
pgbm_v2_paired_metrics.v1,pgbm_v2_task_replacement_recourse,du_outdoor,moderate,107,du_outdoor_107,f1bff861e57ad8187f8fbfec76e6b5dc43cd586589e1ca0a9be4252790b0acc9,V1,ok,90,5,120.0,three_phase,13.54669493403957,22,68,28.637019180911548,4658.433013363216,465.8433013363216,4866.0281469250185,157,36,0.22929936305732485,1.0,10.651729458999853,10.64881170999979,9.621207387958293,0.0,25,0,68,337992,50000,8,4,45,30,15,0,0,0,0.0,0,{}
pgbm_v2_paired_metrics.v1,pgbm_v2_task_replacement_recourse,du_outdoor,moderate,107,du_outdoor_tasks_90_uavs_5_seed_107,f1bff861e57ad8187f8fbfec76e6b5dc43cd586589e1ca0a9be4252790b0acc9,V2,ok,90,5,120.0,three_phase,12.821972619159737,18,72,19.102596258624587,4589.551526504394,458.9551526504394,4826.493274832698,157,26,0.16560509554140126,1.0,25.92684429199994,21.723667583999713,19.27924633192447,4.176027495999733,28,11,72,410750,50000,8,5,45,30,15,58,16,42,1.90675276925733,16,"{""no_feasible_candidate"": 8, ""no_positive_gain"": 34}"
pgbm_v2_paired_metrics.v1,pgbm_v2_task_replacement_recourse,du_outdoor,moderate,108,du_outdoor_108,7a504779b96b25efe096c8182f9f32dc1fca228a112973409a130c88b9c2fe57,V1,ok,90,5,120.0,three_phase,11.375652260537144,20,70,29.049157315701684,4876.9627580499455,487.69627580499457,5042.253732315857,137,29,0.2116788321167883,1.0,41.187393875,41.18508516799875,40.764176164889705,0.0,17,0,70,174027,50000,8,3,45,30,15,0,0,0,0.0,0,{}
pgbm_v2_paired_metrics.v1,pgbm_v2_task_replacement_recourse,du_outdoor,moderate,108,du_outdoor_tasks_90_uavs_5_seed_108,7a504779b96b25efe096c8182f9f32dc1fca228a112973409a130c88b9c2fe57,V2,ok,90,5,120.0,three_phase,11.957859148079521,17,73,22.23899605033183,4931.015920869398,493.1015920869398,5097.693023801596,137,23,0.1678832116788321,1.0,122.92428120799991,87.68427391399973,87.57639689599728,35.17981549800061,17,10,73,13194,4409,8,0,45,30,15,65,12,53,2.3566665242453126,12,"{""no_feasible_candidate"": 22, ""no_positive_gain"": 19, ""no_uncompleted_active_task"": 12}"
pgbm_v2_paired_metrics.v1,pgbm_v2_task_replacement_recourse,du_outdoor,moderate,109,du_outdoor_109,55bb9047e80cadd2876ee332a4975cf7243874b521602f9dadabe8fcf5380c17,V1,ok,90,5,120.0,three_phase,8.032319722016139,16,74,35.07587258360302,5085.543832650763,508.5543832650763,5274.050975272229,150,27,0.18,1.0,16.636988290999852,16.634869335000076,16.58291731402005,0.0,20,0,74,17919,9629,8,0,45,30,15,0,0,0,0.0,0,{}
pgbm_v2_paired_metrics.v1,pgbm_v2_task_replacement_recourse,du_outdoor,moderate,109,du_outdoor_tasks_90_uavs_5_seed_109,55bb9047e80cadd2876ee332a4975cf7243874b521602f9dadabe8fcf5380c17,V2,ok,90,5,120.0,three_phase,12.156056108526805,18,72,18.62934617709297,4834.4687023703045,483.44687023703045,5070.433028759012,150,25,0.16666666666666666,1.0,61.722255542000084,52.18940320700085,50.21238298998014,9.495737792000227,20,10,72,306411,50000,8,6,45,30,15,58,18,40,3.136317516333495,18,"{""no_feasible_candidate"": 17, ""no_positive_gain"": 21, ""no_uncompleted_active_task"": 2}"
pgbm_v2_paired_metrics.v1,pgbm_v2_task_replacement_recourse,du_outdoor,moderate,110,du_outdoor_110,26191e51e9f04c40498c9c66e9a4f5c198a483a5563f4c0043d9848628a420b6,V1,ok,90,5,120.0,three_phase,7.626040162866884,14,76,30.1620692488117,5167.671223712695,516.7671223712695,5332.668567772838,165,22,0.13333333333333333,1.0,11.57120841699998,11.569394626000303,11.510368115005349,0.0,14,0,76,22653,9629,8,0,45,30,15,0,0,0,0.0,0,{}
pgbm_v2_paired_metrics.v1,pgbm_v2_task_replacement_recourse,du_outdoor,moderate,110,du_outdoor_tasks_90_uavs_5_seed_110,26191e51e9f04c40498c9c66e9a4f5c198a483a5563f4c0043d9848628a420b6,V2,ok,90,5,120.0,three_phase,8.594087222219196,14,76,24.520051212123523,5179.61619111938,517.961619111938,5337.0594680747945,165,21,0.12727272727272726,1.0,41.47383595800011,29.108115000999987,29.04462460400714,12.309860499999786,21,10,76,7676,6229,8,0,45,30,15,65,9,56,0.9880509160181428,9,"{""no_feasible_candidate"": 30, ""no_positive_gain"": 10, ""no_uncompleted_active_task"": 16}"
pgbm_v2_paired_metrics.v1,pgbm_v2_task_replacement_recourse,du_outdoor,moderate,101,du_outdoor_101,4ef0a703606608a880580bb8b4f7cbe0c3769dd0faf33a4305ed61836e2a4ecc,V1,ok,90,8,120.0,three_phase,15.98631157262431,30,60,33.47529420112337,8192.39884462454,819.239884462454,8514.826595521614,145,47,0.32413793103448274,1.0,21.25860858299984,21.255903871001465,20.95748733697792,0.0,27,0,60,129547,50000,8,2,45,30,15,0,0,0,0.0,0,{}
pgbm_v2_paired_metrics.v1,pgbm_v2_task_replacement_recourse,du_outdoor,moderate,101,du_outdoor_tasks_90_uavs_8_seed_101,4ef0a703606608a880580bb8b4f7cbe0c3769dd0faf33a4305ed61836e2a4ecc,V2,ok,90,8,120.0,three_phase,17.687012598225618,27,63,22.86490898287457,8072.817567451056,807.2817567451056,8417.573665701158,145,40,0.27586206896551724,1.0,58.290024792,42.64927433299999,40.20944280600218,15.571393125000004,27,16,63,359312,50000,8,7,45,30,15,52,18,34,3.3697051414464343,18,"{""no_feasible_candidate"": 11, ""no_positive_gain"": 19, ""no_uncompleted_active_task"": 4}"
pgbm_v2_paired_metrics.v1,pgbm_v2_task_replacement_recourse,du_outdoor,moderate,102,du_outdoor_102,59e7cce810a1b19870e7e9fdf9c27c42227fad3303adf0ebbb230cd715f8f77a,V1,ok,90,8,120.0,three_phase,12.655406712710473,24,66,29.96769938225295,7454.020087950306,745.4020087950306,7710.530173117479,144,42,0.2916666666666667,1.0,36.00043754199987,35.99653737499966,34.65128118103121,0.0,32,0,66,566505,50000,8,11,45,30,15,0,0,0,0.0,0,{}
pgbm_v2_paired_metrics.v1,pgbm_v2_task_replacement_recourse,du_outdoor,moderate,102,du_outdoor_tasks_90_uavs_8_seed_102,59e7cce810a1b19870e7e9fdf9c27c42227fad3303adf0ebbb230cd715f8f77a,V2,ok,90,8,120.0,three_phase,16.862778447480718,27,63,22.73053143865154,7626.602420346209,762.660242034621,7870.988229497778,144,35,0.24305555555555555,1.0,126.50895974999999,95.39886129200003,90.22984746200001,30.978474253000044,29,16,63,565858,50000,8,11,45,30,15,49,20,29,3.3066116015932736,20,"{""no_feasible_candidate"": 12, ""no_positive_gain"": 16, ""no_uncompleted_active_task"": 1}"
pgbm_v2_paired_metrics.v1,pgbm_v2_task_replacement_recourse,du_outdoor,moderate,103,du_outdoor_103,661b5d5cf9831d0469adad25b3f21325fb5222d953a06840cb66918820434e3a,V1,ok,90,8,120.0,three_phase,13.359222142548086,26,64,30.62193927469423,7736.055225971398,773.6055225971397,8009.143282294198,160,39,0.24375,1.0,35.55999474999999,35.555405461999726,34.076386281894884,0.0,30,0,64,505813,50000,8,9,45,30,15,0,0,0,0.0,0,{}
pgbm_v2_paired_metrics.v1,pgbm_v2_task_replacement_recourse,du_outdoor,moderate,103,du_outdoor_tasks_90_uavs_8_seed_103,661b5d5cf9831d0469adad25b3f21325fb5222d953a06840cb66918820434e3a,V2,ok,90,8,120.0,three_phase,13.248878533471865,23,67,24.178639668166156,7975.9603854911875,797.5960385491187,8232.984781949895,160,36,0.225,1.0,128.419789458,90.60550187299998,87.94933146799576,37.64469212199987,27,16,67,280982,50000,8,5,45,30,15,55,11,44,1.7644282242912293,11,"{""no_feasible_candidate"": 28, ""no_positive_gain"": 16}"
pgbm_v2_paired_metrics.v1,pgbm_v2_task_replacement_recourse,du_outdoor,moderate,104,du_outdoor_104,13f79051b66133470d9d0b8fa587f66b89f4200a4de29b08e26cb1a32a454934,V1,ok,90,8,120.0,three_phase,12.68162039108516,23,67,31.166543432010855,7936.134614807601,793.6134614807601,8172.412806110215,149,35,0.2348993288590604,1.0,28.2841410420001,28.2800344999996,27.85458673605217,0.0,34,0,67,166169,50000,8,1,45,30,15,0,0,0,0.0,0,{}
pgbm_v2_paired_metrics.v1,pgbm_v2_task_replacement_recourse,du_outdoor,moderate,104,du_outdoor_tasks_90_uavs_8_seed_104,13f79051b66133470d9d0b8fa587f66b89f4200a4de29b08e26cb1a32a454934,V2,ok,90,8,120.0,three_phase,14.608251801920455,23,67,21.148028969344285,7851.273669122836,785.1273669122836,8093.595342638403,149,32,0.21476510067114093,1.0,137.45161120800003,101.52116620700019,96.51710998200878,35.78076483199982,28,16,67,511334,50000,8,10,45,30,15,52,14,38,2.223864366108824,14,"{""no_feasible_candidate"": 17, ""no_positive_gain"": 20, ""no_uncompleted_active_task"": 1}"
pgbm_v2_paired_metrics.v1,pgbm_v2_task_replacement_recourse,du_outdoor,moderate,105,du_outdoor_105,b87c38f562f7fc1b38bf05a9312dc2e7c238eca88486a7fe17dddf4438d02177,V1,ok,90,8,120.0,three_phase,16.296763956469036,28,62,25.313411956964554,7564.068165417477,756.4068165417477,7838.472561054947,150,45,0.3,1.0,34.288876832999904,34.28128899899957,32.76143753903534,0.0,33,0,62,544182,50000,8,9,45,30,15,0,0,0,0.0,0,{}
pgbm_v2_paired_metrics.v1,pgbm_v2_task_replacement_recourse,du_outdoor,moderate,105,du_outdoor_tasks_90_uavs_8_seed_105,b87c38f562f7fc1b38bf05a9312dc2e7c238eca88486a7fe17dddf4438d02177,V2,ok,90,8,120.0,three_phase,18.535981671115948,28,62,18.59214272138168,7754.00127280622,775.400127280622,8075.795811438149,150,39,0.26,1.0,129.198519792,97.16762508399984,94.77604221899776,31.935463957000138,31,18,62,281453,50000,8,5,45,30,15,43,18,25,3.171273673983975,18,"{""no_feasible_candidate"": 1, ""no_positive_gain"": 24}"
pgbm_v2_paired_metrics.v1,pgbm_v2_task_replacement_recourse,du_outdoor,moderate,106,du_outdoor_106,755a77eecb9b6e436ead95b036b5b05d132e252d70762bdaa1a11190351daf76,V1,ok,90,8,120.0,three_phase,14.575027803982525,26,64,31.155950050638957,7656.117762771365,765.6117762771365,7943.991202839499,155,43,0.27741935483870966,1.0,31.414203333000387,31.40998062500057,29.962056392041177,0.0,32,0,64,574354,50000,8,10,45,30,15,0,0,0,0.0,0,{}
pgbm_v2_paired_metrics.v1,pgbm_v2_task_replacement_recourse,du_outdoor,moderate,106,du_outdoor_tasks_90_uavs_8_seed_106,755a77eecb9b6e436ead95b036b5b05d132e252d70762bdaa1a11190351daf76,V2,ok,90,8,120.0,three_phase,18.214333682528792,26,64,15.790863922834392,7315.8598409106435,731.5859840910643,7653.426287391669,155,38,0.24516129032258063,1.0,89.40736629099999,63.99830383099998,58.94246182700099,25.323972960000013,36,16,64,667176,50000,8,13,45,30,15,51,26,25,4.742851690308041,26,"{""no_feasible_candidate"": 6, ""no_positive_gain"": 19}"
pgbm_v2_paired_metrics.v1,pgbm_v2_task_replacement_recourse,du_outdoor,moderate,107,du_outdoor_107,be051c5d87a0bd53c0422f9c31024cd50d1abb86850eb351636ccdd38e59691d,V1,ok,90,8,120.0,three_phase,18.688696096875358,31,59,25.83803833857292,6850.454940303095,685.0454940303096,7153.760357769979,157,50,0.3184713375796178,1.0,17.962984542000413,17.958920713000225,15.767668113871878,0.0,40,0,59,799265,50000,8,15,45,30,15,0,0,0,0.0,0,{}
pgbm_v2_paired_metrics.v1,pgbm_v2_task_replacement_recourse,du_outdoor,moderate,107,du_outdoor_tasks_90_uavs_8_seed_107,be051c5d87a0bd53c0422f9c31024cd50d1abb86850eb351636ccdd38e59691d,V2,ok,90,8,120.0,three_phase,20.102615889518844,30,60,19.089315074632463,7465.653720174607,746.5653720174607,7797.777110812206,157,47,0.29936305732484075,1.0,40.070772417,36.38655400400005,31.482450350997553,3.625447627,38,18,60,522110,50000,8,9,45,30,15,45,16,29,2.5401397938151753,16,"{""no_feasible_candidate"": 5, ""no_positive_gain"": 24}"
pgbm_v2_paired_metrics.v1,pgbm_v2_task_replacement_recourse,du_outdoor,moderate,108,du_outdoor_108,6d6ba6b6b7525b95e9121f6f2e740e01416ff8c99a9915c49a2141cee9f0f369,V1,ok,90,8,120.0,three_phase,14.12874916703993,25,65,28.58153031852849,7444.66115978688,744.466115978688,7681.668900033442,137,38,0.2773722627737226,1.0,59.44412662500008,59.439424833000885,58.57194672712512,0.0,42,0,65,345304,50000,8,6,45,30,15,0,0,0,0.0,0,{}
pgbm_v2_paired_metrics.v1,pgbm_v2_task_replacement_recourse,du_outdoor,moderate,108,du_outdoor_tasks_90_uavs_8_seed_108,6d6ba6b6b7525b95e9121f6f2e740e01416ff8c99a9915c49a2141cee9f0f369,V2,ok,90,8,120.0,three_phase,16.368124390502597,25,65,21.96487521201795,7866.474616824518,786.6474616824519,8125.469273164925,137,34,0.24817518248175183,1.0,214.583352,156.01496871000018,153.6590411479891,58.388963164000245,27,16,65,210600,50000,8,4,45,30,15,44,16,28,2.9609373622506654,16,"{""no_feasible_candidate"": 9, ""no_positive_gain"": 17, ""no_uncompleted_active_task"": 2}"
pgbm_v2_paired_metrics.v1,pgbm_v2_task_replacement_recourse,du_outdoor,moderate,109,du_outdoor_109,bfb52ce3ff8f79747098f8776bc49366a9f7ecb9b05dba34a3b0de211d7ae61b,V1,ok,90,8,120.0,three_phase,12.270920447533939,24,66,33.90168752965891,8036.866968873766,803.6866968873767,8338.280041362434,150,40,0.26666666666666666,1.0,22.796108667000226,22.79241729200112,22.130294142140883,0.0,29,0,66,259683,50000,8,4,45,30,15,0,0,0,0.0,0,{}
pgbm_v2_paired_metrics.v1,pgbm_v2_task_replacement_recourse,du_outdoor,moderate,109,du_outdoor_tasks_90_uavs_8_seed_109,bfb52ce3ff8f79747098f8776bc49366a9f7ecb9b05dba34a3b0de211d7ae61b,V2,ok,90,8,120.0,three_phase,16.809382866371006,27,63,19.925868696737812,7943.788384936124,794.3788384936124,8304.783734527422,150,39,0.26,1.0,80.10477754200002,67.03347620699998,62.736877289997665,12.95759157699996,28,17,63,411195,50000,8,8,45,30,15,49,20,29,3.211967407969365,20,"{""no_feasible_candidate"": 13, ""no_positive_gain"": 13, ""no_uncompleted_active_task"": 3}"
pgbm_v2_paired_metrics.v1,pgbm_v2_task_replacement_recourse,du_outdoor,moderate,110,du_outdoor_110,f23ae39e300a6ec5edb8d35d5d6e40e2be6ad6d6ebaebce3505bafc9f3578824,V1,ok,90,8,120.0,three_phase,10.196134390546565,19,71,30.964351243881925,7807.32428151311,780.732428151311,8053.839431625631,165,32,0.19393939393939394,1.0,20.03489912499981,20.030380664998575,19.567238740908124,0.0,41,0,71,176658,50000,8,3,45,30,15,0,0,0,0.0,0,{}
pgbm_v2_paired_metrics.v1,pgbm_v2_task_replacement_recourse,du_outdoor,moderate,110,du_outdoor_tasks_90_uavs_8_seed_110,f23ae39e300a6ec5edb8d35d5d6e40e2be6ad6d6ebaebce3505bafc9f3578824,V2,ok,90,8,120.0,three_phase,12.272461452959934,19,71,21.798440629152857,7226.713616114738,722.6713616114738,7478.193175851563,165,31,0.18787878787878787,1.0,127.24640912500001,92.74150100600008,86.545783773967,34.3420564220001,43,14,71,622756,50000,8,8,45,30,15,48,15,33,1.9353798447638695,15,"{""no_feasible_candidate"": 2, ""no_positive_gain"": 22, ""no_uncompleted_active_task"": 9}"
pgbm_v2_paired_metrics.v1,pgbm_v2_task_replacement_recourse,du_outdoor,moderate,101,du_outdoor_101,872432d87218648f724a10f8d0c6f05b1249f9ccf735d291ad9ce22ddc2536d8,V1,ok,90,10,120.0,three_phase,17.740408297947123,34,56,33.3505937711978,9992.257323454418,999.2257323454418,10377.395756688971,145,56,0.38620689655172413,1.0,30.23047725000015,30.22673712300093,29.153439366958082,0.0,34,0,56,436471,50000,8,8,45,30,15,0,0,0,0.0,0,{}
pgbm_v2_paired_metrics.v1,pgbm_v2_task_replacement_recourse,du_outdoor,moderate,101,du_outdoor_tasks_90_uavs_10_seed_101,872432d87218648f724a10f8d0c6f05b1249f9ccf735d291ad9ce22ddc2536d8,V2,ok,90,10,120.0,three_phase,20.55356593421733,33,57,24.077956432538063,9722.787122892963,972.2787122892963,10119.101081206534,145,52,0.3586206896551724,1.0,84.74145995800001,69.67954325099998,65.08850877000467,14.951869081000002,36,20,57,631151,50000,8,12,45,30,15,45,15,30,3.7041976241438905,15,"{""no_feasible_candidate"": 10, ""no_positive_gain"": 20}"
pgbm_v2_paired_metrics.v1,pgbm_v2_task_replacement_recourse,du_outdoor,moderate,102,du_outdoor_102,c72413a7709d7d71a2831a7dddf363c240115fec9cc8b252c6298009c106fce9,V1,ok,90,10,120.0,three_phase,16.321120299460926,31,59,31.312432370775486,9576.169004353409,957.6169004353409,9893.690404830711,144,52,0.3611111111111111,1.0,42.032960083000035,42.027902294000796,40.6831768261045,0.0,35,0,59,500035,50000,8,9,45,30,15,0,0,0,0.0,0,{}
pgbm_v2_paired_metrics.v1,pgbm_v2_task_replacement_recourse,du_outdoor,moderate,102,du_outdoor_tasks_90_uavs_10_seed_102,c72413a7709d7d71a2831a7dddf363c240115fec9cc8b252c6298009c106fce9,V2,ok,90,10,120.0,three_phase,20.147661146798104,31,59,18.427113199278175,9280.094308025433,928.0094308025433,9622.138949334623,144,45,0.3125,1.0,161.3317265,132.12560816599986,125.46689879999832,29.040821417000018,38,21,59,626195,50000,8,12,45,30,15,40,20,20,3.5114405569367335,20,"{""no_feasible_candidate"": 8, ""no_positive_gain"": 12}"
pgbm_v2_paired_metrics.v1,pgbm_v2_task_replacement_recourse,du_outdoor,moderate,103,du_outdoor_103,53a1a94f9ad331d725d68d9dd268536f458fdb0ac5d8aee19b666924df67217e,V1,ok,90,10,120.0,three_phase,15.787621067525341,31,59,29.974530315744474,9650.417908971276,965.0417908971276,9994.301468614078,160,48,0.3,1.0,41.33972154100002,41.333874496000135,39.520244313970124,0.0,35,0,59,568571,50000,8,11,45,30,15,0,0,0,0.0,0,{}
pgbm_v2_paired_metrics.v1,pgbm_v2_task_replacement_recourse,du_outdoor,moderate,103,du_outdoor_tasks_90_uavs_10_seed_103,53a1a94f9ad331d725d68d9dd268536f458fdb0ac5d8aee19b666924df67217e,V2,ok,90,10,120.0,three_phase,16.279523882475107,29,61,24.3969968161912,9672.543470053908,967.2543470053909,10011.099418725982,160,45,0.28125,1.0,148.75499391699998,103.03331350000008,98.72987380099275,45.49389174800024,37,20,61,475825,50000,8,9,45,30,15,43,15,28,2.494528434336073,15,"{""no_feasible_candidate"": 12, ""no_positive_gain"": 16}"
pgbm_v2_paired_metrics.v1,pgbm_v2_task_replacement_recourse,du_outdoor,moderate,104,du_outdoor_104,1a13465e6ce932a78a8a11739cc1e309a30921fb230a89c2c43f4dbc3c0a1951,V1,ok,90,10,120.0,three_phase,16.215881362206666,30,60,30.319919698602103,9559.357344157768,955.9357344157768,9856.126767601214,149,45,0.30201342281879195,1.0,44.35174795900002,44.3458215440005,42.74500765718085,0.0,42,0,60,625025,50000,8,12,45,30,15,0,0,0,0.0,0,{}
pgbm_v2_paired_metrics.v1,pgbm_v2_task_replacement_recourse,du_outdoor,moderate,104,du_outdoor_tasks_90_uavs_10_seed_104,1a13465e6ce932a78a8a11739cc1e309a30921fb230a89c2c43f4dbc3c0a1951,V2,ok,90,10,120.0,three_phase,18.963058464925886,31,59,22.208712551354115,9757.646167177229,975.7646167177229,10060.589995037204,149,44,0.2953020134228188,1.0,153.97903841700003,119.79959470999978,113.76137803099346,34.00333271300002,36,20,59,621650,50000,8,12,45,30,15,41,16,25,2.625110331882717,16,"{""no_feasible_candidate"": 12, ""no_positive_gain"": 13}"
pgbm_v2_paired_metrics.v1,pgbm_v2_task_replacement_recourse,du_outdoor,moderate,105,du_outdoor_105,cd479af8957c4e3a9f512a4d76830e2f41bbbe5848fde78f791e4be9abbe568d,V1,ok,90,10,120.0,three_phase,19.096017668784338,33,57,25.380715139304485,9517.879055988136,951.7879055988136,9863.073419898938,150,55,0.36666666666666664,1.0,33.652287582999634,33.647404127000755,32.15531023785479,0.0,38,0,57,608569,50000,8,10,45,30,15,0,0,0,0.0,0,{}
pgbm_v2_paired_metrics.v1,pgbm_v2_task_replacement_recourse,du_outdoor,moderate,105,du_outdoor_tasks_90_uavs_10_seed_105,cd479af8957c4e3a9f512a4d76830e2f41bbbe5848fde78f791e4be9abbe568d,V2,ok,90,10,120.0,three_phase,21.63339773641803,35,55,20.17446913359902,9020.49224934365,902.0492249343649,9395.552472351768,150,48,0.32,1.0,119.76157629199997,90.85065949800025,85.22335741992458,28.761330747999637,38,20,55,613963,50000,8,11,45,30,15,38,18,20,3.673203937434514,18,"{""no_feasible_candidate"": 4, ""no_positive_gain"": 16}"
pgbm_v2_paired_metrics.v1,pgbm_v2_task_replacement_recourse,du_outdoor,moderate,106,du_outdoor_106,e7c7167e266efc2df5c93bbe261c47bd772e03811c6c53185ad1c0ffc8251199,V1,ok,90,10,120.0,three_phase,17.86744372343094,34,56,35.229800898821956,9360.518938834592,936.0518938834591,9726.249646339827,155,53,0.3419354838709677,1.0,38.081361791999825,38.07317262699962,35.62242228512923,0.0,42,0,56,866198,50000,8,17,45,30,15,0,0,0,0.0,0,{}
pgbm_v2_paired_metrics.v1,pgbm_v2_task_replacement_recourse,du_outdoor,moderate,106,du_outdoor_tasks_90_uavs_10_seed_106,e7c7167e266efc2df5c93bbe261c47bd772e03811c6c53185ad1c0ffc8251199,V2,ok,90,10,120.0,three_phase,20.310843245159003,30,60,16.779587321935296,8929.853308558775,892.9853308558775,9317.023893201675,155,44,0.2838709677419355,1.0,104.547689625,78.91389458499998,71.9349658680148,25.50519091200001,43,20,60,851200,50000,8,15,45,30,15,43,23,20,4.671948905087627,23,"{""no_feasible_candidate"": 6, ""no_positive_gain"": 14}"
pgbm_v2_paired_metrics.v1,pgbm_v2_task_replacement_recourse,du_outdoor,moderate,107,du_outdoor_107,43da4ac913723e0f754cb6ccff0e94d8786ba33b211130325d47b470c2fee2e2,V1,ok,90,10,120.0,three_phase,21.935895671034878,38,52,25.79113074247322,8663.185279728303,866.3185279728302,9029.399121945089,157,62,0.39490445859872614,1.0,23.0320526659998,23.023721545002445,20.1054644588703,0.0,45,0,52,899379,50000,8,17,45,30,15,0,0,0,0.0,0,{}
pgbm_v2_paired_metrics.v1,pgbm_v2_task_replacement_recourse,du_outdoor,moderate,107,du_outdoor_tasks_90_uavs_10_seed_107,43da4ac913723e0f754cb6ccff0e94d8786ba33b211130325d47b470c2fee2e2,V2,ok,90,10,120.0,three_phase,22.06181038494602,35,55,20.947516378989974,8336.6628416793,833.6662841679299,8709.256903133566,157,54,0.34394904458598724,1.0,58.512942499999994,53.57049908299993,45.17047384199998,4.840909126000014,44,21,55,923421,50000,8,18,45,30,15,30,14,16,2.298386208104289,14,"{""no_feasible_candidate"": 5, ""no_positive_gain"": 11}"
pgbm_v2_paired_metrics.v1,pgbm_v2_task_replacement_recourse,du_outdoor,moderate,108,du_outdoor_108,3ceed556ee2b05fd87ba7482b11039af327b86e7b00b6c376739fd80be6427be,V1,ok,90,10,120.0,three_phase,17.079493931184903,31,59,30.726697589221537,9822.120839110354,982.2120839110354,10123.81281019363,137,48,0.35036496350364965,1.0,50.28999266599976,50.28656829199872,49.64878026697215,0.0,30,0,59,268368,50000,8,5,45,30,15,0,0,0,0.0,0,{}
pgbm_v2_paired_metrics.v1,pgbm_v2_task_replacement_recourse,du_outdoor,moderate,108,du_outdoor_tasks_90_uavs_10_seed_108,3ceed556ee2b05fd87ba7482b11039af327b86e7b00b6c376739fd80be6427be,V2,ok,90,10,120.0,three_phase,20.992677355759053,34,56,25.805696725771107,9878.335728659546,987.8335728659546,10220.38897207494,137,50,0.36496350364963503,1.0,230.67852904200004,169.13940624799986,167.26757712600534,61.28887941800022,27,20,56,206202,50000,8,3,45,30,15,51,16,35,3.767606951826297,16,"{""no_feasible_candidate"": 13, ""no_positive_gain"": 21, ""no_uncompleted_active_task"": 1}"
pgbm_v2_paired_metrics.v1,pgbm_v2_task_replacement_recourse,du_outdoor,moderate,109,du_outdoor_109,b9bb4baa1c7733c90cb49b9272cd21982e9f8c15f4bb020d73d231da236858b8,V1,ok,90,10,120.0,three_phase,13.895142573420358,28,62,32.44063067114927,9887.338822468271,988.7338822468271,10245.320954002818,150,47,0.31333333333333335,1.0,27.58253166700024,27.578165915997488,26.25769952114979,0.0,39,0,62,531254,50000,8,10,45,30,15,0,0,0,0.0,0,{}
pgbm_v2_paired_metrics.v1,pgbm_v2_task_replacement_recourse,du_outdoor,moderate,109,du_outdoor_tasks_90_uavs_10_seed_109,b9bb4baa1c7733c90cb49b9272cd21982e9f8c15f4bb020d73d231da236858b8,V2,ok,90,10,120.0,three_phase,18.734061987506006,31,59,22.639911018160777,9199.540858275608,919.9540858275608,9571.562296565511,150,49,0.32666666666666666,1.0,122.23819037499999,115.62931091700011,109.3790183689897,6.4578589189997615,43,20,59,709261,50000,8,14,45,30,15,31,16,15,3.2292996182018787,16,"{""no_feasible_candidate"": 8, ""no_positive_gain"": 7}"
pgbm_v2_paired_metrics.v1,pgbm_v2_task_replacement_recourse,du_outdoor,moderate,110,du_outdoor_110,6f1afad1d5243e02fc1ea1264fd565f817ab3a99d04382ee64f995b46e341eec,V1,ok,90,10,120.0,three_phase,11.643197597221066,22,68,30.641111208942085,9139.851654330998,913.9851654330998,9432.432038681618,165,38,0.23030303030303031,1.0,33.0554487090003,33.049206544999834,30.853881665072095,0.0,51,0,68,822001,50000,8,11,45,30,15,0,0,0,0.0,0,{}
pgbm_v2_paired_metrics.v1,pgbm_v2_task_replacement_recourse,du_outdoor,moderate,110,du_outdoor_tasks_90_uavs_10_seed_110,6f1afad1d5243e02fc1ea1264fd565f817ab3a99d04382ee64f995b46e341eec,V2,ok,90,10,120.0,three_phase,13.788285486744718,22,68,23.935812342396808,8824.74297601269,882.4742976012691,9118.519692612696,165,39,0.23636363636363636,1.0,155.840788416,128.56446937400028,116.49736113495885,27.083250664000047,48,17,68,1300040,50000,8,25,45,30,15,43,18,25,2.1015378814102847,18,"{""no_feasible_candidate"": 3, ""no_positive_gain"": 14, ""no_uncompleted_active_task"": 8}"
pgbm_v2_paired_metrics.v1,pgbm_v2_task_replacement_recourse,synthetic,moderate,101,synthetic_101,413b35bca8473eec86041bb5efbb57c86008347c417709fba83186c075d38c87,V1,ok,30,3,120.0,three_phase,11.39296613026786,23,7,26.44139072626561,2514.484728780848,251.4484728780848,2659.545959054989,46,34,0.7391304347826086,1.0,0.4697838750000001,0.4689435420000002,0.45475992899999873,0.0,17,0,11,4433,2625,8,0,15,10,5,0,0,0,0.0,0,{}
pgbm_v2_paired_metrics.v1,pgbm_v2_task_replacement_recourse,synthetic,moderate,101,synthetic_tasks_30_uavs_3_seed_101,413b35bca8473eec86041bb5efbb57c86008347c417709fba83186c075d38c87,V2,ok,30,3,120.0,three_phase,11.868845123971877,23,7,28.675022827344264,2771.3437308799666,277.13437308799666,2937.659878234373,46,34,0.7391304347826086,1.0,0.722697667,0.5534567910000001,0.5461576939999999,0.15382096100000053,14,12,11,704,175,8,0,15,10,5,17,5,12,1.1011778122394378,5,"{""no_feasible_candidate"": 4, ""no_positive_gain"": 4, ""no_uncompleted_active_task"": 4}"
pgbm_v2_paired_metrics.v1,pgbm_v2_task_replacement_recourse,synthetic,moderate,102,synthetic_102,5b96074dd5c39be490a305c43527c85fac5e34ce95cbb01cd35dbaa534a69d74,V1,ok,30,3,120.0,three_phase,13.818683717592382,24,6,20.08953597534838,2300.8020582429012,230.08020582429012,2454.2795064413,55,41,0.7454545454545455,1.0,0.705690208,0.7048104980000003,0.7009071400000022,0.0,16,0,9,870,257,8,0,15,10,5,0,0,0,0.0,0,{}
pgbm_v2_paired_metrics.v1,pgbm_v2_task_replacement_recourse,synthetic,moderate,102,synthetic_tasks_30_uavs_3_seed_102,5b96074dd5c39be490a305c43527c85fac5e34ce95cbb01cd35dbaa534a69d74,V2,ok,30,3,120.0,three_phase,13.55439660474244,23,7,20.870826434569643,2325.5569758200636,232.55569758200636,2507.3219429199266,55,39,0.7090909090909091,1.0,1.9397765420000002,1.4547617080000004,1.448323963999997,0.472113749,16,14,11,595,161,8,0,15,10,5,13,7,6,1.5725441984559738,7,"{""no_feasible_candidate"": 3, ""no_positive_gain"": 3}"
pgbm_v2_paired_metrics.v1,pgbm_v2_task_replacement_recourse,synthetic,moderate,103,synthetic_103,f430a6f94f592ab8c1cf26dbeb11300699fdc41b74e82ba416bbaa1ea373aec3,V1,ok,30,3,120.0,three_phase,9.99448903629506,21,9,23.010538584849122,2518.4494416549337,251.84494416549336,2668.7258858187006,46,31,0.6739130434782609,1.0,1.8333881659999998,1.832528624,1.7591870450000573,0.0,14,0,9,20531,10733,8,0,15,10,5,0,0,0,0.0,0,{}
pgbm_v2_paired_metrics.v1,pgbm_v2_task_replacement_recourse,synthetic,moderate,103,synthetic_tasks_30_uavs_3_seed_103,f430a6f94f592ab8c1cf26dbeb11300699fdc41b74e82ba416bbaa1ea373aec3,V2,ok,30,3,120.0,three_phase,11.287074466155797,20,10,14.42207387109749,2569.941827339288,256.9941827339288,2740.8757819954985,46,26,0.5652173913043478,1.0,3.657867917000001,3.1308369590000007,3.0969959699999423,0.5094286649999997,14,10,10,4529,1877,8,0,15,10,5,18,7,11,2.1446477842273253,7,"{""no_feasible_candidate"": 5, ""no_positive_gain"": 6}"
pgbm_v2_paired_metrics.v1,pgbm_v2_task_replacement_recourse,synthetic,moderate,104,synthetic_104,c209581c694960af5678bb90caaaa8d198065af1b2d427afa3f8a874cf7b1c16,V1,ok,30,3,120.0,three_phase,12.862793625955243,23,7,20.158643366587576,2480.411258460792,248.04112584607918,2645.7827931019897,50,37,0.74,1.0,1.9525870840000001,1.9515597070000004,1.9450797669999904,0.0,19,0,7,2271,1773,7,0,15,10,5,0,0,0,0.0,0,{}
pgbm_v2_paired_metrics.v1,pgbm_v2_task_replacement_recourse,synthetic,moderate,104,synthetic_tasks_30_uavs_3_seed_104,c209581c694960af5678bb90caaaa8d198065af1b2d427afa3f8a874cf7b1c16,V2,ok,30,3,120.0,three_phase,13.661722846130331,22,8,16.745854089132994,2653.4175854259865,265.34175854259865,2834.6389135420377,50,34,0.68,1.0,4.1652087080000015,3.4282334569999975,3.4234165559999887,0.7221523720000036,13,12,8,422,104,8,0,15,10,5,18,9,9,2.813886845858315,9,"{""no_feasible_candidate"": 4, ""no_positive_gain"": 4, ""no_uncompleted_active_task"": 1}"
pgbm_v2_paired_metrics.v1,pgbm_v2_task_replacement_recourse,synthetic,moderate,105,synthetic_105,68d488ccbc6f1015d3fd8736090a9e808a732d04b569e2156d3bb9f83f6ed882,V1,ok,30,3,120.0,three_phase,11.832446485181705,24,6,28.233174030569,2657.023690017282,265.70236900172824,2804.330695608706,51,35,0.6862745098039216,1.0,1.0779481669999997,1.0771966679999982,1.0739525020000018,0.0,12,0,11,562,257,8,0,15,10,5,0,0,0,0.0,0,{}
pgbm_v2_paired_metrics.v1,pgbm_v2_task_replacement_recourse,synthetic,moderate,105,synthetic_tasks_30_uavs_3_seed_105,68d488ccbc6f1015d3fd8736090a9e808a732d04b569e2156d3bb9f83f6ed882,V2,ok,30,3,120.0,three_phase,12.366578863911098,22,8,22.498321839758177,2616.8486121459105,261.684861214591,2770.720690826298,51,34,0.6666666666666666,1.0,2.982912041999999,2.950102790999999,2.941843162000019,0.021085376000002043,13,12,11,740,135,8,0,15,10,5,19,7,12,1.0548898695717437,7,"{""no_feasible_candidate"": 8, ""no_positive_gain"": 4}"
pgbm_v2_paired_metrics.v1,pgbm_v2_task_replacement_recourse,synthetic,moderate,106,synthetic_106,7eda3d0069e802aa0221dee27802b996d47f31c566162ef855552abab9836726,V1,ok,30,3,120.0,three_phase,13.274852508814712,25,5,22.003750060056745,2749.7414640843344,274.97414640843346,2899.308298901683,43,35,0.813953488372093,1.0,2.815993208,2.8151088770000037,2.8084648010000013,0.0,14,0,11,1703,725,8,0,15,10,5,0,0,0,0.0,0,{}
pgbm_v2_paired_metrics.v1,pgbm_v2_task_replacement_recourse,synthetic,moderate,106,synthetic_tasks_30_uavs_3_seed_106,7eda3d0069e802aa0221dee27802b996d47f31c566162ef855552abab9836726,V2,ok,30,3,120.0,three_phase,13.982572176546846,24,6,18.042619494548312,2749.7057110950554,274.97057110950556,2902.0152423258696,43,35,0.813953488372093,1.0,6.898090374999999,6.3452612920000036,6.3336329479999876,0.5364187099999889,13,12,11,1073,361,8,0,15,10,5,17,5,12,1.6548391152877957,5,"{""no_feasible_candidate"": 6, ""no_positive_gain"": 3, ""no_uncompleted_active_task"": 3}"
pgbm_v2_paired_metrics.v1,pgbm_v2_task_replacement_recourse,synthetic,moderate,107,synthetic_107,8b8b3c4b91903aa97c9ab1987f2cc089564cc3458042502b19ba18506a860584,V1,ok,30,3,120.0,three_phase,14.145736543387175,24,6,21.764691831069968,2616.4344577364423,261.6434457736442,2748.644200606682,47,36,0.7659574468085106,1.0,1.4846016659999997,1.4838047919999973,1.4799493080000126,0.0,13,0,9,739,425,8,0,15,10,5,0,0,0,0.0,0,{}
pgbm_v2_paired_metrics.v1,pgbm_v2_task_replacement_recourse,synthetic,moderate,107,synthetic_tasks_30_uavs_3_seed_107,8b8b3c4b91903aa97c9ab1987f2cc089564cc3458042502b19ba18506a860584,V2,ok,30,3,120.0,three_phase,14.752253553712979,25,5,19.99427325260679,2676.2773735667024,267.62773735667025,2812.128895889143,47,36,0.7659574468085106,1.0,3.5441505000000006,3.05804100000001,3.0494623830000087,0.46740162600000446,13,12,9,728,425,8,0,15,10,5,18,2,16,0.5172005758738035,2,"{""no_feasible_candidate"": 8, ""no_positive_gain"": 6, ""no_uncompleted_active_task"": 2}"
pgbm_v2_paired_metrics.v1,pgbm_v2_task_replacement_recourse,synthetic,moderate,108,synthetic_108,0ed65fc8c4ac6cad3bba444585e5daf0b9cdd30540f66675ecb1c50e6b8fe532,V1,ok,30,3,120.0,three_phase,11.572238897996995,22,8,23.935560262056324,2507.0847198917377,250.70847198917377,2656.206848027271,53,34,0.6415094339622641,1.0,1.575686791999999,1.5747962930000057,1.571607328999992,0.0,13,0,10,518,175,8,0,15,10,5,0,0,0,0.0,0,{}
pgbm_v2_paired_metrics.v1,pgbm_v2_task_replacement_recourse,synthetic,moderate,108,synthetic_tasks_30_uavs_3_seed_108,0ed65fc8c4ac6cad3bba444585e5daf0b9cdd30540f66675ecb1c50e6b8fe532,V2,ok,30,3,120.0,three_phase,11.792962761105159,22,8,22.23655825392061,2546.3945032939655,254.63945032939654,2689.3481862494627,53,31,0.5849056603773585,1.0,3.0881063750000024,2.5264232479999933,2.519071412999981,0.5488086650000028,11,11,12,603,175,8,0,15,10,5,15,7,8,1.3125204376954898,7,"{""no_feasible_candidate"": 6, ""no_positive_gain"": 2}"
pgbm_v2_paired_metrics.v1,pgbm_v2_task_replacement_recourse,synthetic,moderate,109,synthetic_109,05fd2c764d3f7ca74b11b0a9520f6ac3b6518b594fe4683b5e0eb0f327b74123,V1,ok,30,3,120.0,three_phase,10.155087887862479,20,10,26.086963723940055,2334.549584571709,233.4549584571709,2468.4544506432603,47,31,0.6595744680851063,1.0,4.763360208,4.762479459999996,4.579745353000632,0.0,13,0,10,60708,50000,8,1,15,10,5,0,0,0,0.0,0,{}
pgbm_v2_paired_metrics.v1,pgbm_v2_task_replacement_recourse,synthetic,moderate,109,synthetic_tasks_30_uavs_3_seed_109,05fd2c764d3f7ca74b11b0a9520f6ac3b6518b594fe4683b5e0eb0f327b74123,V2,ok,30,3,120.0,three_phase,10.768268634916122,19,11,20.121748260492883,2490.8049044184545,249.08049044184546,2614.0947709615734,47,28,0.5957446808510638,1.0,8.809277334,7.650351706999999,7.319898545000505,1.131550750999999,12,9,11,57130,50000,8,1,15,10,5,20,8,12,1.8315089796076593,8,"{""no_feasible_candidate"": 9, ""no_positive_gain"": 2, ""no_uncompleted_active_task"": 1}"
pgbm_v2_paired_metrics.v1,pgbm_v2_task_replacement_recourse,synthetic,moderate,110,synthetic_110,354b0a76df7adbc683e77993ddcbeda57797855068d4dc45a9926e748d1d827e,V1,ok,30,3,120.0,three_phase,10.760523066374313,20,10,24.83772044182715,2540.4534294003693,254.04534294003693,2707.139668583339,48,31,0.6458333333333334,1.0,4.011090165999999,4.0101578740000114,3.580327375999996,0.0,14,0,10,155792,50000,8,3,15,10,5,0,0,0,0.0,0,{}
pgbm_v2_paired_metrics.v1,pgbm_v2_task_replacement_recourse,synthetic,moderate,110,synthetic_tasks_30_uavs_3_seed_110,354b0a76df7adbc683e77993ddcbeda57797855068d4dc45a9926e748d1d827e,V2,ok,30,3,120.0,three_phase,12.293765185038145,20,10,18.636831449248398,2669.777838060133,266.9777838060133,2843.3459843258806,48,30,0.625,1.0,4.588502500000004,3.8621764580000146,3.615484220000056,0.702880040999986,14,9,10,35135,25735,8,0,15,10,5,14,7,7,2.268173661352148,7,"{""no_feasible_candidate"": 1, ""no_positive_gain"": 2, ""no_uncompleted_active_task"": 4}"
pgbm_v2_paired_metrics.v1,pgbm_v2_task_replacement_recourse,synthetic,moderate,101,synthetic_101,2a6d59614bee175a913b06b0a758d0110e1587b1c44526b818302b5432fd9430,V1,ok,30,5,120.0,three_phase,13.54299412426692,25,5,18.42581162410258,3527.9051803038014,352.79051803038016,3708.811280750498,46,39,0.8478260869565217,1.0,0.6665503749999999,0.6654849599999899,0.6150930210003303,0.0,22,0,7,23669,19736,7,0,15,10,5,0,0,0,0.0,0,{}
pgbm_v2_paired_metrics.v1,pgbm_v2_task_replacement_recourse,synthetic,moderate,101,synthetic_tasks_30_uavs_5_seed_101,2a6d59614bee175a913b06b0a758d0110e1587b1c44526b818302b5432fd9430,V2,ok,30,5,120.0,three_phase,13.700874852059668,25,5,19.320163978622535,3597.551577274194,359.75515772741943,3788.4064766854954,46,39,0.8478260869565217,1.0,1.6588969579999997,1.5954337079999945,1.466471595999586,0.04037054199999801,23,16,7,23742,19736,7,0,15,10,5,11,4,7,0.993958849915091,4,"{""no_feasible_candidate"": 4, ""no_positive_gain"": 2, ""no_uncompleted_active_task"": 1}"
pgbm_v2_paired_metrics.v1,pgbm_v2_task_replacement_recourse,synthetic,moderate,102,synthetic_102,168771cb133896110b50c3a242c9f0ea7227156ae1e7dbf9f8629f676f28f9df,V1,ok,30,5,120.0,three_phase,16.70757711073517,28,2,15.023933116630786,3237.944342221438,323.7944342221438,3437.9745044173983,55,50,0.9090909090909091,1.0,0.48134083300000086,0.48027646000000246,0.47810412500002286,0.0,21,0,8,421,257,8,0,15,10,5,0,0,0,0.0,0,{}
pgbm_v2_paired_metrics.v1,pgbm_v2_task_replacement_recourse,synthetic,moderate,102,synthetic_tasks_30_uavs_5_seed_102,168771cb133896110b50c3a242c9f0ea7227156ae1e7dbf9f8629f676f28f9df,V2,ok,30,5,120.0,three_phase,15.935249459925991,27,3,17.94980940293607,3415.642690249501,341.5642690249501,3633.998638658282,55,48,0.8727272727272727,1.0,1.3868374580000022,1.0449501259999892,1.0357518300000947,0.2933190829999859,25,18,8,649,186,8,0,15,10,5,9,6,3,1.6041226938184354,6,"{""no_positive_gain"": 3}"
pgbm_v2_paired_metrics.v1,pgbm_v2_task_replacement_recourse,synthetic,moderate,103,synthetic_103,becdae2947a80cd550dbea27616e19865f4a878105687fd390b6a563c5e29a91,V1,ok,30,5,120.0,three_phase,14.100120011213583,28,2,16.271122811093527,4139.273709056608,413.9273709056608,4361.666274494256,46,43,0.9347826086956522,1.0,0.8973149169999992,0.8962381239999999,0.8951255020000133,0.0,22,0,4,206,65,4,0,15,10,5,0,0,0,0.0,0,{}
pgbm_v2_paired_metrics.v1,pgbm_v2_task_replacement_recourse,synthetic,moderate,103,synthetic_tasks_30_uavs_5_seed_103,becdae2947a80cd550dbea27616e19865f4a878105687fd390b6a563c5e29a91,V2,ok,30,5,120.0,three_phase,14.204816459308619,28,2,16.109738572466625,4125.88345295822,412.588345295822,4351.096787044344,46,43,0.9347826086956522,1.0,2.322079667000004,1.921164458000007,1.9176523379999253,0.3714792909999929,22,18,4,224,65,4,0,15,10,5,6,3,3,0.6765598842008702,3,"{""no_feasible_candidate"": 2, ""no_positive_gain"": 1}"
pgbm_v2_paired_metrics.v1,pgbm_v2_task_replacement_recourse,synthetic,moderate,104,synthetic_104,d5b5c66c4d96fd169244f93a51ecbbadaabdd87003cbd7f746425f778b1b09dc,V1,ok,30,5,120.0,three_phase,15.204537199304934,26,4,13.781451741145103,3820.7617670914324,382.0761767091432,4026.2535929962937,50,44,0.88,1.0,1.6922691249999993,1.6909489150000034,1.688389718999943,0.0,26,0,4,834,505,4,0,15,10,5,0,0,0,0.0,0,{}
pgbm_v2_paired_metrics.v1,pgbm_v2_task_replacement_recourse,synthetic,moderate,104,synthetic_tasks_30_uavs_5_seed_104,d5b5c66c4d96fd169244f93a51ecbbadaabdd87003cbd7f746425f778b1b09dc,V2,ok,30,5,120.0,three_phase,14.89751543786505,25,5,13.170013182650683,3627.4527056785455,362.74527056785456,3826.6256895536812,50,41,0.82,1.0,4.517865209,4.147763452999982,4.1011554859998185,0.33906983200000695,28,19,5,5723,4597,5,0,15,10,5,6,2,4,0.5566014966210497,2,"{""no_feasible_candidate"": 2, ""no_positive_gain"": 2}"
pgbm_v2_paired_metrics.v1,pgbm_v2_task_replacement_recourse,synthetic,moderate,105,synthetic_105,8a4b2dbe48647954b395219db7fcf6bcf26f4f0fa3b59438b85b7575ee3fc670,V1,ok,30,5,120.0,three_phase,15.7673998509584,29,1,16.4363994841958,3936.692093953298,393.6692093953298,4133.725972343333,51,50,0.9803921568627451,1.0,0.27607533299999787,0.2750575809999951,0.27406774899998965,0.0,25,0,5,161,34,5,0,15,10,5,0,0,0,0.0,0,{}
pgbm_v2_paired_metrics.v1,pgbm_v2_task_replacement_recourse,synthetic,moderate,105,synthetic_tasks_30_uavs_5_seed_105,8a4b2dbe48647954b395219db7fcf6bcf26f4f0fa3b59438b85b7575ee3fc670,V2,ok,30,5,120.0,three_phase,16.01375906847003,29,1,18.058827996293008,4116.994342056497,411.6994342056497,4332.816171466422,51,50,0.9803921568627451,1.0,0.5149807080000031,0.3210142499999975,0.3180137960000238,0.15684520899999654,25,22,5,190,34,5,0,15,10,5,14,5,9,0.6648179033825306,5,"{""no_feasible_candidate"": 6, ""no_positive_gain"": 3}"
pgbm_v2_paired_metrics.v1,pgbm_v2_task_replacement_recourse,synthetic,moderate,106,synthetic_106,40366712a706d8bca58c665a8f2e7e54778f3ec6af5608154179084d30ef9737,V1,ok,30,5,120.0,three_phase,16.023273226474426,29,1,15.640467142954323,4201.197469127901,420.1197469127901,4404.828474702591,43,42,0.9767441860465116,1.0,1.687893625000001,1.686678085000004,1.6856674160000225,0.0,23,0,4,139,21,4,0,15,10,5,0,0,0,0.0,0,{}
pgbm_v2_paired_metrics.v1,pgbm_v2_task_replacement_recourse,synthetic,moderate,106,synthetic_tasks_30_uavs_5_seed_106,40366712a706d8bca58c665a8f2e7e54778f3ec6af5608154179084d30ef9737,V2,ok,30,5,120.0,three_phase,16.11274448885163,29,1,15.650804134685249,4197.33377103145,419.733377103145,4409.577537247352,43,42,0.9767441860465116,1.0,4.541319833000003,4.419076661999995,4.4145657090000014,0.08408733400000301,23,20,4,156,17,4,0,15,10,5,4,3,1,0.7730185364926198,3,"{""no_positive_gain"": 1}"
pgbm_v2_paired_metrics.v1,pgbm_v2_task_replacement_recourse,synthetic,moderate,107,synthetic_107,8ee179586e6c4543bb0cf7ac654aa1f4d0034e366ee6da66b25ce169723d202d,V1,ok,30,5,120.0,three_phase,16.9060588582154,27,3,13.261724005197564,3650.5819171382723,365.0581917138272,3826.659427516681,47,41,0.8723404255319149,1.0,1.0593262920000015,1.0581688339999857,1.056162495000045,0.0,24,0,5,505,206,5,0,15,10,5,0,0,0,0.0,0,{}
pgbm_v2_paired_metrics.v1,pgbm_v2_task_replacement_recourse,synthetic,moderate,107,synthetic_tasks_30_uavs_5_seed_107,8ee179586e6c4543bb0cf7ac654aa1f4d0034e366ee6da66b25ce169723d202d,V2,ok,30,5,120.0,three_phase,16.967627505714518,27,3,13.686601621428569,3656.318613398001,365.63186133980014,3838.063492359135,47,41,0.8723404255319149,1.0,3.4899413330000044,3.151240329999993,3.1442371039999557,0.3067398340000267,24,19,5,536,206,5,0,15,10,5,4,3,1,0.6989386983307969,3,"{""no_positive_gain"": 1}"
pgbm_v2_paired_metrics.v1,pgbm_v2_task_replacement_recourse,synthetic,moderate,108,synthetic_108,609c6595521e811193a606f5079e51b383ea87c576cad3472e69e3c72088006d,V1,ok,30,5,120.0,three_phase,15.523819687804071,28,2,16.192684718912282,3590.062613251134,359.00626132511337,3790.864949216305,53,48,0.9056603773584906,1.0,1.010002,1.0089003759999997,1.007218760999919,0.0,22,0,7,321,128,7,0,15,10,5,0,0,0,0.0,0,{}
pgbm_v2_paired_metrics.v1,pgbm_v2_task_replacement_recourse,synthetic,moderate,108,synthetic_tasks_30_uavs_5_seed_108,609c6595521e811193a606f5079e51b383ea87c576cad3472e69e3c72088006d,V2,ok,30,5,120.0,three_phase,15.623179825130991,28,2,17.31807529601071,3901.182655760317,390.1182655760317,4114.830391310283,53,48,0.9056603773584906,1.0,3.1595653330000033,2.6935428749999772,2.688188249999911,0.4287697499999723,23,19,7,263,82,7,0,15,10,5,9,4,5,1.479510345633419,4,"{""no_feasible_candidate"": 2, ""no_positive_gain"": 3}"
pgbm_v2_paired_metrics.v1,pgbm_v2_task_replacement_recourse,synthetic,moderate,109,synthetic_109,a42dcfa43b1295a922678b972644e7f4a303bd8842cd6ac3193ce23d4364df75,V1,ok,30,5,120.0,three_phase,14.361931206563638,26,4,17.408309674618685,3856.369739588741,385.63697395887414,4042.8370030682136,47,40,0.851063829787234,1.0,2.012299583000001,2.011081080000018,2.008541247999972,0.0,20,0,5,743,385,5,0,15,10,5,0,0,0,0.0,0,{}
pgbm_v2_paired_metrics.v1,pgbm_v2_task_replacement_recourse,synthetic,moderate,109,synthetic_tasks_30_uavs_5_seed_109,a42dcfa43b1295a922678b972644e7f4a303bd8842cd6ac3193ce23d4364df75,V2,ok,30,5,120.0,three_phase,14.876938056876055,27,3,16.67391248509404,3851.053429314991,385.1053429314991,4048.5406746777517,47,41,0.8723404255319149,1.0,6.5863546249999985,6.137504581999977,6.119977574999822,0.4151661660000059,23,17,5,505,137,5,0,15,10,5,9,2,7,0.13509396467098433,2,"{""no_feasible_candidate"": 5, ""no_positive_gain"": 2}"
pgbm_v2_paired_metrics.v1,pgbm_v2_task_replacement_recourse,synthetic,moderate,110,synthetic_110,0027d693f8f56768668a32e0caa9385fb50c12fd27534c6e86f9da650c317c95,V1,ok,30,5,120.0,three_phase,14.89475476539466,26,4,19.075313477351994,4053.214268565359,405.3214268565359,4278.737314549478,48,41,0.8541666666666666,1.0,1.392885917000001,1.391635665999992,1.3865970239998902,0.0,23,0,6,1575,977,6,0,15,10,5,0,0,0,0.0,0,{}
pgbm_v2_paired_metrics.v1,pgbm_v2_task_replacement_recourse,synthetic,moderate,110,synthetic_tasks_30_uavs_5_seed_110,0027d693f8f56768668a32e0caa9385fb50c12fd27534c6e86f9da650c317c95,V2,ok,30,5,120.0,three_phase,14.831060125936748,25,5,18.613140095571666,4144.517495781816,414.45174957818165,4373.363080647,48,39,0.8125,1.0,4.042227124999997,3.7576066639999937,3.6161252589995883,0.25599749699999563,24,16,6,20582,13646,6,0,15,10,5,8,5,3,1.1781709203730832,5,"{""no_feasible_candidate"": 1, ""no_positive_gain"": 2}"
pgbm_v2_paired_metrics.v1,pgbm_v2_task_replacement_recourse,synthetic,moderate,101,synthetic_101,9095cb9153069dde321b43a50666c1859208a32117527c635a5437f684406ffb,V1,ok,30,8,120.0,three_phase,14.313664376989673,25,5,12.725430605076397,4517.606040241009,451.7606040241009,4716.3522041446495,46,39,0.8478260869565217,1.0,1.161085,1.1597819139999999,1.0134620080013406,0.0,27,0,5,61418,50000,5,1,15,10,5,0,0,0,0.0,0,{}
pgbm_v2_paired_metrics.v1,pgbm_v2_task_replacement_recourse,synthetic,moderate,101,synthetic_tasks_30_uavs_8_seed_101,9095cb9153069dde321b43a50666c1859208a32117527c635a5437f684406ffb,V2,ok,30,8,120.0,three_phase,14.34566520384592,25,5,12.371664215178715,4510.306933565319,451.0306933565319,4701.723202983496,46,39,0.8478260869565217,1.0,3.347144666999995,3.3087833309999723,2.863378231001988,0.0026788750000008577,27,22,5,61425,50000,5,1,15,10,5,2,1,1,0.10995943263045466,1,"{""no_feasible_candidate"": 1}"
pgbm_v2_paired_metrics.v1,pgbm_v2_task_replacement_recourse,synthetic,moderate,102,synthetic_102,7f2562e874002d85f293329fe39da22a73239c8cf54eebf82fa1342d4e76c8ed,V1,ok,30,8,120.0,three_phase,17.493894519111453,28,2,10.533871602264725,3837.7917379732567,383.77917379732565,4043.8941396658356,55,50,0.9090909090909091,1.0,0.39269404200000224,0.39143379200004347,0.3900004089999527,0.0,26,0,5,222,57,5,0,15,10,5,0,0,0,0.0,0,{}
pgbm_v2_paired_metrics.v1,pgbm_v2_task_replacement_recourse,synthetic,moderate,102,synthetic_tasks_30_uavs_8_seed_102,7f2562e874002d85f293329fe39da22a73239c8cf54eebf82fa1342d4e76c8ed,V2,ok,30,8,120.0,three_phase,17.493894519111453,28,2,10.533871602264727,3837.7917379732567,383.77917379732565,4043.894139665836,55,50,0.9090909090909091,1.0,1.1552059169999893,1.0291360440000403,1.0218437080001337,0.08600949999998875,26,23,5,224,57,5,0,15,10,5,1,0,1,0.0,0,"{""no_positive_gain"": 1}"
pgbm_v2_paired_metrics.v1,pgbm_v2_task_replacement_recourse,synthetic,moderate,103,synthetic_103,89213fffaa9d666c055d2f5b613c82b2df9802f9b151e2e8eaf3ca64b572bc3f,V1,ok,30,8,120.0,three_phase,14.761534928622208,28,2,12.356601828639366,5359.441789088667,535.9441789088667,5609.237008204331,46,43,0.9347826086956522,1.0,0.8068773339999993,0.8055176239999824,0.8040833330000083,0.0,29,0,3,179,55,3,0,15,10,5,0,0,0,0.0,0,{}
pgbm_v2_paired_metrics.v1,pgbm_v2_task_replacement_recourse,synthetic,moderate,103,synthetic_tasks_30_uavs_8_seed_103,89213fffaa9d666c055d2f5b613c82b2df9802f9b151e2e8eaf3ca64b572bc3f,V2,ok,30,8,120.0,three_phase,14.92464131982033,28,2,12.246960342632708,5419.858550889454,541.9858550889454,5670.069573017289,46,43,0.9347826086956522,1.0,2.6139944580000076,2.1642039159999626,2.1583498739997964,0.3875890420000019,29,26,3,182,55,3,0,15,10,5,2,2,0,0.8276021239105156,2,{}
pgbm_v2_paired_metrics.v1,pgbm_v2_task_replacement_recourse,synthetic,moderate,104,synthetic_104,b6b7d03e89ee453d67b6f0dda3e437aa81a420583f012beadbb01c53a43cbc8a,V1,ok,30,8,120.0,three_phase,15.895585826970722,26,4,9.919537322865741,4602.030745898817,460.20307458988174,4815.476759806929,50,44,0.88,1.0,1.9684276670000003,1.9662481690000035,1.9429831340000376,0.0,33,0,4,7588,6665,4,0,15,10,5,0,0,0,0.0,0,{}
pgbm_v2_paired_metrics.v1,pgbm_v2_task_replacement_recourse,synthetic,moderate,104,synthetic_tasks_30_uavs_8_seed_104,b6b7d03e89ee453d67b6f0dda3e437aa81a420583f012beadbb01c53a43cbc8a,V2,ok,30,8,120.0,three_phase,15.895585826970722,26,4,9.919537322865741,4602.030745898818,460.2030745898818,4815.476759806929,50,44,0.88,1.0,4.565355083,4.506428370999927,4.436643587000077,0.0,33,26,4,7588,6665,4,0,15,10,5,0,0,0,0.0,0,{}
pgbm_v2_paired_metrics.v1,pgbm_v2_task_replacement_recourse,synthetic,moderate,105,synthetic_105,255748217c0a2cbe73452d1f802afec221cc4fc3ef16758299062ee8a86724f2,V1,ok,30,8,120.0,three_phase,17.685904864613022,30,0,10.046448862796176,4967.946091403651,496.7946091403651,5182.288609589733,51,51,1.0,1.0,0.15832966700000384,0.15706208400002453,0.15608566299998472,0.0,29,0,2,116,9,2,0,15,10,5,0,0,0,0.0,0,{}
pgbm_v2_paired_metrics.v1,pgbm_v2_task_replacement_recourse,synthetic,moderate,105,synthetic_tasks_30_uavs_8_seed_105,255748217c0a2cbe73452d1f802afec221cc4fc3ef16758299062ee8a86724f2,V2,ok,30,8,120.0,three_phase,17.685904864613025,30,0,10.046448862796176,4967.946091403651,496.7946091403651,5182.288609589733,51,51,1.0,1.0,0.49598641700001167,0.45730775200004814,0.45326016900003196,0.0,29,29,2,116,9,2,0,15,10,5,0,0,0,0.0,0,{}
pgbm_v2_paired_metrics.v1,pgbm_v2_task_replacement_recourse,synthetic,moderate,106,synthetic_106,f9dcd4d4dbce12eb2cd458309540b21fa1ddb837d90f344a0156a7bd7352768b,V1,ok,30,8,120.0,three_phase,16.80718435997102,29,1,11.040415520788372,5205.84893751313,520.5848937513131,5417.142820359902,43,42,0.9767441860465116,1.0,1.5721220830000036,1.5706276290000076,1.5694163709999884,0.0,28,0,2,121,9,2,0,15,10,5,0,0,0,0.0,0,{}
pgbm_v2_paired_metrics.v1,pgbm_v2_task_replacement_recourse,synthetic,moderate,106,synthetic_tasks_30_uavs_8_seed_106,f9dcd4d4dbce12eb2cd458309540b21fa1ddb837d90f344a0156a7bd7352768b,V2,ok,30,8,120.0,three_phase,16.820548522641733,29,1,11.022713235758408,5206.711539148663,520.6711539148663,5418.492241011283,43,42,0.9767441860465116,1.0,5.048318583000011,4.5947054150000355,4.587103426000098,0.39302445900000293,28,27,2,123,9,2,0,15,10,5,1,1,0,0.07971449183661972,1,{}
pgbm_v2_paired_metrics.v1,pgbm_v2_task_replacement_recourse,synthetic,moderate,107,synthetic_107,ac89957e37a843085a957571dc953f9e716497358ec55b83c3b810da4d9b1eab,V1,ok,30,8,120.0,three_phase,17.36724762478807,27,3,10.85011473255679,4476.918085340563,447.69180853405635,4661.437976627247,47,41,0.8723404255319149,1.0,0.7913005420000019,0.7898256670000166,0.7860019679999866,0.0,28,0,3,1107,554,3,0,15,10,5,0,0,0,0.0,0,{}
pgbm_v2_paired_metrics.v1,pgbm_v2_task_replacement_recourse,synthetic,moderate,107,synthetic_tasks_30_uavs_8_seed_107,ac89957e37a843085a957571dc953f9e716497358ec55b83c3b810da4d9b1eab,V2,ok,30,8,120.0,three_phase,17.367247624788074,27,3,10.85011473255679,4476.918085340563,447.69180853405635,4661.437976627247,47,41,0.8723404255319149,1.0,2.6268248330000006,2.572894501999997,2.559568665999734,0.0014521250000143482,28,24,3,1116,554,3,0,15,10,5,2,0,2,0.0,0,"{""no_feasible_candidate"": 2}"
pgbm_v2_paired_metrics.v1,pgbm_v2_task_replacement_recourse,synthetic,moderate,108,synthetic_108,b4a703032e3003b2ca283075356bc70cf1d06d893b94b57470adf4e55fb36792,V1,ok,30,8,120.0,three_phase,16.26374890784576,28,2,12.148304698413652,4545.298277908578,454.5298277908578,4761.1743421442,53,48,0.9056603773584906,1.0,1.0058288749999988,1.004455959000012,1.003015992999984,0.0,26,0,4,236,57,4,0,15,10,5,0,0,0,0.0,0,{}
pgbm_v2_paired_metrics.v1,pgbm_v2_task_replacement_recourse,synthetic,moderate,108,synthetic_tasks_30_uavs_8_seed_108,b4a703032e3003b2ca283075356bc70cf1d06d893b94b57470adf4e55fb36792,V2,ok,30,8,120.0,three_phase,16.26739027044895,28,2,12.368266046290229,4607.343230302622,460.7343230302622,4837.916430212519,53,48,0.9056603773584906,1.0,3.1724112090000034,2.8907173770000583,2.883304871999769,0.23206037499997478,28,22,4,303,73,4,0,15,10,5,3,3,0,0.506688898805405,3,{}
pgbm_v2_paired_metrics.v1,pgbm_v2_task_replacement_recourse,synthetic,moderate,109,synthetic_109,600f9064b92c6c207a6de4bd595aaba9b8c283d7e1e7bfc2f5e100de249a7e28,V1,ok,30,8,120.0,three_phase,15.625976545430685,27,3,11.491518696765281,4808.8120834461915,480.88120834461915,5016.422767431017,47,41,0.8723404255319149,1.0,1.8855292499999976,1.8838334140000157,1.8789732520000797,0.0,33,0,3,1617,554,3,0,15,10,5,0,0,0,0.0,0,{}
pgbm_v2_paired_metrics.v1,pgbm_v2_task_replacement_recourse,synthetic,moderate,109,synthetic_tasks_30_uavs_8_seed_109,600f9064b92c6c207a6de4bd595aaba9b8c283d7e1e7bfc2f5e100de249a7e28,V2,ok,30,8,120.0,three_phase,15.628422203803511,27,3,11.506367317804347,4898.02584006445,489.802584006445,5108.867957236382,47,41,0.8723404255319149,1.0,5.959238000000013,5.887381831000013,5.869188424999379,0.00654670800001611,33,25,3,1623,554,3,0,15,10,5,2,1,1,0.06684599489650511,1,"{""no_positive_gain"": 1}"
pgbm_v2_paired_metrics.v1,pgbm_v2_task_replacement_recourse,synthetic,moderate,110,synthetic_110,b893ffdb52695d5154f8ab307d2b624b9eba48c74ff6ed30f10bb1ba6aadab7a,V1,ok,30,8,120.0,three_phase,16.3776790788968,27,3,12.944736877050817,5340.560811947036,534.0560811947037,5581.585339505105,48,43,0.8958333333333334,1.0,1.2783510410000005,1.2767619149999945,1.273117199000069,0.0,31,0,3,1141,913,3,0,15,10,5,0,0,0,0.0,0,{}
pgbm_v2_paired_metrics.v1,pgbm_v2_task_replacement_recourse,synthetic,moderate,110,synthetic_tasks_30_uavs_8_seed_110,b893ffdb52695d5154f8ab307d2b624b9eba48c74ff6ed30f10bb1ba6aadab7a,V2,ok,30,8,120.0,three_phase,16.3776790788968,27,3,12.944736877050813,5340.560811947036,534.0560811947037,5581.585339505104,48,43,0.8958333333333334,1.0,4.5681820419999895,4.499744460000045,4.485331648000255,0.00611470800001257,31,24,3,1148,913,3,0,15,10,5,1,0,1,0.0,0,"{""no_positive_gain"": 1}"
pgbm_v2_paired_metrics.v1,pgbm_v2_task_replacement_recourse,synthetic,moderate,101,synthetic_101,f7f2418502cc0a1d9264c685bf9373aceceb5d4ba8639505426f15128df90c43,V1,ok,30,10,120.0,three_phase,14.559322427961026,25,5,10.974799241570615,4772.500876537879,477.2500876537879,4970.504841783248,46,39,0.8478260869565217,1.0,1.3178442090000004,1.3164277480000308,1.1324981090000392,0.0,29,0,5,73584,50000,5,1,15,10,5,0,0,0,0.0,0,{}
pgbm_v2_paired_metrics.v1,pgbm_v2_task_replacement_recourse,synthetic,moderate,101,synthetic_tasks_30_uavs_10_seed_101,f7f2418502cc0a1d9264c685bf9373aceceb5d4ba8639505426f15128df90c43,V2,ok,30,10,120.0,three_phase,14.559322427961026,25,5,10.974799241570615,4772.50087653788,477.250087653788,4970.504841783247,46,39,0.8478260869565217,1.0,4.523490584000001,4.441657708000008,3.7893405650015666,0.0,29,24,5,73584,50000,5,1,15,10,5,0,0,0,0.0,0,{}
pgbm_v2_paired_metrics.v1,pgbm_v2_task_replacement_recourse,synthetic,moderate,102,synthetic_102,07a2787c181a2a6843676950cf6446a6db3df243f1fdb451ea29cc85f0bb505c,V1,ok,30,10,120.0,three_phase,17.688911546525453,28,2,9.575348407823595,4052.5279317303607,405.2527931730361,4270.519949457842,55,50,0.9090909090909091,1.0,0.39289233299999893,0.39138625199998245,0.3896789170000261,0.0,29,0,3,266,91,3,0,15,10,5,0,0,0,0.0,0,{}
pgbm_v2_paired_metrics.v1,pgbm_v2_task_replacement_recourse,synthetic,moderate,102,synthetic_tasks_30_uavs_10_seed_102,07a2787c181a2a6843676950cf6446a6db3df243f1fdb451ea29cc85f0bb505c,V2,ok,30,10,120.0,three_phase,17.688911546525453,28,2,9.575348407823597,4052.5279317303607,405.2527931730361,4270.519949457842,55,50,0.9090909090909091,1.0,1.251264582999994,1.2072649579999677,1.200687558000169,0.0,29,26,3,266,91,3,0,15,10,5,0,0,0,0.0,0,{}
pgbm_v2_paired_metrics.v1,pgbm_v2_task_replacement_recourse,synthetic,moderate,103,synthetic_103,cba11dcccd41b980144286d5abce2450bb247d3597c39136e6e4be7172bb8459,V1,ok,30,10,120.0,three_phase,15.015115226189529,28,2,11.025240596194621,5673.611631498558,567.3611631498559,5919.926373734164,46,43,0.9347826086956522,1.0,0.810175166999997,0.8086184570000299,0.8068542920000183,0.0,31,0,2,251,89,2,0,15,10,5,0,0,0,0.0,0,{}
pgbm_v2_paired_metrics.v1,pgbm_v2_task_replacement_recourse,synthetic,moderate,103,synthetic_tasks_30_uavs_10_seed_103,cba11dcccd41b980144286d5abce2450bb247d3597c39136e6e4be7172bb8459,V2,ok,30,10,120.0,three_phase,15.015115226189529,28,2,11.025240596194623,5673.611631498558,567.3611631498559,5919.926373734165,46,43,0.9347826086956522,1.0,2.3326368749999915,2.2800912950000907,2.272720713999945,0.0,31,28,2,251,89,2,0,15,10,5,0,0,0,0.0,0,{}
pgbm_v2_paired_metrics.v1,pgbm_v2_task_replacement_recourse,synthetic,moderate,104,synthetic_104,57e4adaadb76d55bffd87e39e15aaa4a64d1fd65edb507d1aff971a11ebeb50f,V1,ok,30,10,120.0,three_phase,15.930346882549399,26,4,9.696212973056744,4602.030745898817,460.20307458988174,4815.476759806929,50,44,0.88,1.0,1.7153171659999984,1.7135120430000157,1.669714548000357,0.0,33,0,4,16865,15229,4,0,15,10,5,0,0,0,0.0,0,{}
pgbm_v2_paired_metrics.v1,pgbm_v2_task_replacement_recourse,synthetic,moderate,104,synthetic_tasks_30_uavs_10_seed_104,57e4adaadb76d55bffd87e39e15aaa4a64d1fd65edb507d1aff971a11ebeb50f,V2,ok,30,10,120.0,three_phase,15.930346882549399,26,4,9.696212973056744,4602.030745898818,460.2030745898818,4815.476759806929,50,44,0.88,1.0,5.131039584000007,5.073064622000004,4.927442270999649,0.0,33,26,4,16865,15229,4,0,15,10,5,0,0,0,0.0,0,{}
pgbm_v2_paired_metrics.v1,pgbm_v2_task_replacement_recourse,synthetic,moderate,105,synthetic_105,29a51915a9aa4902e579f2be96caa221e0b4938566923983f67dee571d260ebf,V1,ok,30,10,120.0,three_phase,17.85955696498653,30,0,9.245182356884543,5037.109414124656,503.71094141246556,5253.273546570661,51,51,1.0,1.0,0.1630890830000027,0.16173179199999055,0.16009546600003688,0.0,30,0,1,167,11,1,0,15,10,5,0,0,0,0.0,0,{}
pgbm_v2_paired_metrics.v1,pgbm_v2_task_replacement_recourse,synthetic,moderate,105,synthetic_tasks_30_uavs_10_seed_105,29a51915a9aa4902e579f2be96caa221e0b4938566923983f67dee571d260ebf,V2,ok,30,10,120.0,three_phase,17.859556964986535,30,0,9.245182356884543,5037.109414124656,503.71094141246556,5253.273546570662,51,51,1.0,1.0,0.5004961660000049,0.4612650860000542,0.4558226999999704,0.0,30,30,1,167,11,1,0,15,10,5,0,0,0,0.0,0,{}
pgbm_v2_paired_metrics.v1,pgbm_v2_task_replacement_recourse,synthetic,moderate,106,synthetic_106,aa7dfb18002c64bde2b1425d59ce368ba854fd1494d779896ec357cb51e0dd0e,V1,ok,30,10,120.0,three_phase,16.9506252999953,29,1,10.142068182977448,5443.940850634293,544.3940850634293,5662.501113172612,43,42,0.9767441860465116,1.0,1.4856589579999948,1.4839312100000015,1.4824235420000065,0.0,30,0,1,165,11,1,0,15,10,5,0,0,0,0.0,0,{}
pgbm_v2_paired_metrics.v1,pgbm_v2_task_replacement_recourse,synthetic,moderate,106,synthetic_tasks_30_uavs_10_seed_106,aa7dfb18002c64bde2b1425d59ce368ba854fd1494d779896ec357cb51e0dd0e,V2,ok,30,10,120.0,three_phase,16.9506252999953,29,1,10.142068182977447,5443.940850634294,544.3940850634294,5662.501113172613,43,42,0.9767441860465116,1.0,4.205878582999986,4.144786918999927,4.13891646199977,0.0,30,29,1,165,11,1,0,15,10,5,0,0,0,0.0,0,{}
pgbm_v2_paired_metrics.v1,pgbm_v2_task_replacement_recourse,synthetic,moderate,107,synthetic_107,3ecc6880975d76fee9113e91a65aa44b595359dcacc72be5b141f701cbbad053,V1,ok,30,10,120.0,three_phase,17.53342397802601,27,3,10.013187385529877,4508.292387003325,450.82923870033244,4691.553930603905,47,41,0.8723404255319149,1.0,0.8061556249999953,0.8046058760000179,0.7980593349998699,0.0,30,0,3,2102,1072,3,0,15,10,5,0,0,0,0.0,0,{}
pgbm_v2_paired_metrics.v1,pgbm_v2_task_replacement_recourse,synthetic,moderate,107,synthetic_tasks_30_uavs_10_seed_107,3ecc6880975d76fee9113e91a65aa44b595359dcacc72be5b141f701cbbad053,V2,ok,30,10,120.0,three_phase,17.53342397802601,27,3,10.013187385529877,4508.292387003325,450.82923870033244,4691.553930603905,47,41,0.8723404255319149,1.0,2.7730305829999793,2.7140584980000995,2.688694239000057,0.0,30,26,3,2102,1072,3,0,15,10,5,0,0,0,0.0,0,{}
pgbm_v2_paired_metrics.v1,pgbm_v2_task_replacement_recourse,synthetic,moderate,108,synthetic_108,1b701c80884d4bfa61e0ec27ee5b240af5b40f1a7113921556d61bebfa47f85e,V1,ok,30,10,120.0,three_phase,16.502477847694603,28,2,10.683106412770963,4962.977555187001,496.29775551870006,5185.805982212484,53,48,0.9056603773584906,1.0,1.0134772920000046,1.011795038999999,1.0095385799999903,0.0,31,0,2,372,111,2,0,15,10,5,0,0,0,0.0,0,{}
pgbm_v2_paired_metrics.v1,pgbm_v2_task_replacement_recourse,synthetic,moderate,108,synthetic_tasks_30_uavs_10_seed_108,1b701c80884d4bfa61e0ec27ee5b240af5b40f1a7113921556d61bebfa47f85e,V2,ok,30,10,120.0,three_phase,16.502477847694603,28,2,10.683106412770965,4962.977555187001,496.29775551870006,5185.805982212484,53,48,0.9056603773584906,1.0,3.752937999999972,3.665991706000028,3.6549644110002646,0.0,31,26,2,372,111,2,0,15,10,5,0,0,0,0.0,0,{}
pgbm_v2_paired_metrics.v1,pgbm_v2_task_replacement_recourse,synthetic,moderate,109,synthetic_109,913bbb2c71cb37d7a50795bd7bc06f70d871a0c769348bf6e469bf1a635d681e,V1,ok,30,10,120.0,three_phase,15.843510369608548,27,3,10.197975517010432,5096.9067791254965,509.69067791254963,5308.540671233379,47,41,0.8723404255319149,1.0,1.778261791999995,1.7764608729999622,1.7662136710000453,0.0,35,0,3,3630,1072,3,0,15,10,5,0,0,0,0.0,0,{}
pgbm_v2_paired_metrics.v1,pgbm_v2_task_replacement_recourse,synthetic,moderate,109,synthetic_tasks_30_uavs_10_seed_109,913bbb2c71cb37d7a50795bd7bc06f70d871a0c769348bf6e469bf1a635d681e,V2,ok,30,10,120.0,three_phase,15.84351036960855,27,3,10.197975517010436,5096.906779125497,509.69067791254975,5308.540671233379,47,41,0.8723404255319149,1.0,6.68757845799999,6.610822871999886,6.565596477999662,0.0,35,27,3,3630,1072,3,0,15,10,5,0,0,0,0.0,0,{}
pgbm_v2_paired_metrics.v1,pgbm_v2_task_replacement_recourse,synthetic,moderate,110,synthetic_110,2bf874ea8d3b60fcd04492fb8f28573921342cb23b8aeed27d3608b92bb2c7d2,V1,ok,30,10,120.0,three_phase,16.47871059766745,27,3,12.145320034572128,5772.356771797809,577.235677179781,6020.548785531196,48,43,0.8958333333333334,1.0,1.2932235829999996,1.291527295999984,1.2852498219995852,0.0,33,0,3,1926,1621,3,0,15,10,5,0,0,0,0.0,0,{}
pgbm_v2_paired_metrics.v1,pgbm_v2_task_replacement_recourse,synthetic,moderate,110,synthetic_tasks_30_uavs_10_seed_110,2bf874ea8d3b60fcd04492fb8f28573921342cb23b8aeed27d3608b92bb2c7d2,V2,ok,30,10,120.0,three_phase,16.47871059766745,27,3,12.145320034572128,5772.356771797809,577.235677179781,6020.548785531196,48,43,0.8958333333333334,1.0,4.965495583000006,4.877835874999931,4.843176203999917,0.0,33,26,3,1926,1621,3,0,15,10,5,0,0,0,0.0,0,{}
pgbm_v2_paired_metrics.v1,pgbm_v2_task_replacement_recourse,synthetic,moderate,101,synthetic_101,b53c0d7e95156ac6894750adaaa7f534235909e423cf3a7a73e5e240a3a2c2a6,V1,ok,60,3,120.0,three_phase,15.210430182434326,26,34,25.18986797802612,2711.2218138590847,271.12218138590845,2870.379714219595,97,36,0.3711340206185567,1.0,0.9635037080000046,0.9622342500000087,0.9521990389998933,0.0,15,0,34,2393,725,8,0,30,20,10,0,0,0,0.0,0,{}
pgbm_v2_paired_metrics.v1,pgbm_v2_task_replacement_recourse,synthetic,moderate,101,synthetic_tasks_60_uavs_3_seed_101,b53c0d7e95156ac6894750adaaa7f534235909e423cf3a7a73e5e240a3a2c2a6,V2,ok,60,3,120.0,three_phase,17.20590609014942,26,34,16.709808548072086,2633.46447149223,263.346447149223,2794.0932337135255,97,36,0.3711340206185567,1.0,4.137756916000001,3.2625174579999623,3.2288359640002398,0.839684917999989,15,11,34,2161,361,8,0,30,20,10,40,10,30,2.462210072718067,10,"{""no_feasible_candidate"": 8, ""no_positive_gain"": 17, ""no_uncompleted_active_task"": 5}"
pgbm_v2_paired_metrics.v1,pgbm_v2_task_replacement_recourse,synthetic,moderate,102,synthetic_102,f598b32627535f85bef7f4723a889672568dac84c94a9288ea995b5d01bc8b4e,V1,ok,60,3,120.0,three_phase,16.13821068029224,25,35,21.372062420033732,2758.659742308364,275.8659742308364,2921.2909239621426,108,42,0.3888888888888889,1.0,2.0970021669999994,2.0956859560000254,2.0907563230001927,0.0,14,0,35,868,161,8,0,30,20,10,0,0,0,0.0,0,{}
pgbm_v2_paired_metrics.v1,pgbm_v2_task_replacement_recourse,synthetic,moderate,102,synthetic_tasks_60_uavs_3_seed_102,f598b32627535f85bef7f4723a889672568dac84c94a9288ea995b5d01bc8b4e,V2,ok,60,3,120.0,three_phase,16.721795554937632,25,35,15.979168849982766,2827.7290549918102,282.77290549918104,2999.4404259393737,108,38,0.35185185185185186,1.0,6.412184916000001,5.878855416000022,5.865532447999868,0.5033797970000649,12,12,36,641,101,8,0,30,20,10,37,10,27,1.3360271219984146,10,"{""no_feasible_candidate"": 17, ""no_positive_gain"": 10}"
pgbm_v2_paired_metrics.v1,pgbm_v2_task_replacement_recourse,synthetic,moderate,103,synthetic_103,4215b185e5c6b2be8db41f657bb5f87a1eb2f17202a011669566c761d948ec3f,V1,ok,60,3,120.0,three_phase,14.996701765209163,24,36,21.46330962511964,2670.478658714787,267.0478658714787,2841.811053616456,116,42,0.3620689655172414,1.0,1.8083157080000092,1.8070375840000281,1.8016010500002437,0.0,15,0,36,987,161,8,0,30,20,10,0,0,0,0.0,0,{}
pgbm_v2_paired_metrics.v1,pgbm_v2_task_replacement_recourse,synthetic,moderate,103,synthetic_tasks_60_uavs_3_seed_103,4215b185e5c6b2be8db41f657bb5f87a1eb2f17202a011669566c761d948ec3f,V2,ok,60,3,120.0,three_phase,15.354160872785528,22,38,14.219917798340258,2711.034551816231,271.10345518162313,2877.7211034403413,116,34,0.29310344827586204,1.0,8.891388583000008,7.179895705999996,7.109833221000343,1.6812195459999941,14,11,38,4384,1877,8,0,30,20,10,33,10,23,1.6287024110553738,10,"{""no_feasible_candidate"": 13, ""no_positive_gain"": 10}"
pgbm_v2_paired_metrics.v1,pgbm_v2_task_replacement_recourse,synthetic,moderate,104,synthetic_104,24955107cd52dcb6730ace413f8102f893959798b9d79daebd4df9d85dfb2595,V1,ok,60,3,120.0,three_phase,17.337697029827485,27,33,19.248294649946583,2731.621846541618,273.1621846541618,2889.3082907660882,101,39,0.38613861386138615,1.0,2.979357625000006,2.978186334,2.972552501999999,0.0,12,0,36,898,215,8,0,30,20,10,0,0,0,0.0,0,{}
pgbm_v2_paired_metrics.v1,pgbm_v2_task_replacement_recourse,synthetic,moderate,104,synthetic_tasks_60_uavs_3_seed_104,24955107cd52dcb6730ace413f8102f893959798b9d79daebd4df9d85dfb2595,V2,ok,60,3,120.0,three_phase,18.159317153428773,27,33,16.07337575210694,2631.0750140245627,263.10750140245625,2793.6325996488395,101,39,0.38613861386138615,1.0,13.853898458000003,11.938501667000025,11.905949364999657,1.8743930800000328,14,12,35,1271,473,8,0,30,20,10,34,4,30,0.7177333375937451,4,"{""no_feasible_candidate"": 12, ""no_positive_gain"": 8, ""no_uncompleted_active_task"": 10}"
pgbm_v2_paired_metrics.v1,pgbm_v2_task_replacement_recourse,synthetic,moderate,105,synthetic_105,b22fd5ff5e712e1d6398862fdd1c70799bbcbf2eb61bf862009e25dc103362ad,V1,ok,60,3,120.0,three_phase,15.986475263009226,26,34,21.50172400523462,2724.2296667551195,272.42296667551193,2868.5940830307686,103,37,0.3592233009708738,1.0,2.438301375000009,2.4369407919999873,2.432003948000016,0.0,15,0,34,805,215,8,0,30,20,10,0,0,0,0.0,0,{}
pgbm_v2_paired_metrics.v1,pgbm_v2_task_replacement_recourse,synthetic,moderate,105,synthetic_tasks_60_uavs_3_seed_105,b22fd5ff5e712e1d6398862fdd1c70799bbcbf2eb61bf862009e25dc103362ad,V2,ok,60,3,120.0,three_phase,15.845250378326472,25,35,17.21101062863484,2696.387850272232,269.6387850272232,2842.290800647231,103,35,0.33980582524271846,1.0,7.633900667000006,7.1728336660000025,7.121670347999469,0.4319292070000529,15,12,35,2458,1069,8,0,30,20,10,30,5,25,0.8998214918371877,5,"{""no_feasible_candidate"": 13, ""no_positive_gain"": 7, ""no_uncompleted_active_task"": 5}"
pgbm_v2_paired_metrics.v1,pgbm_v2_task_replacement_recourse,synthetic,moderate,106,synthetic_106,4e3620279c2c6319519098ff89414e4d0d6cd4c361d35b1018c92d5b1d5e3597,V1,ok,60,3,120.0,three_phase,18.445139938190493,30,30,21.53939651864031,2615.6474657166,261.56474657166,2774.6966501488,97,41,0.422680412371134,1.0,5.109793542000006,5.105632585000052,5.083099791000265,0.0,19,0,31,2885,425,8,0,30,20,10,0,0,0,0.0,0,{}
pgbm_v2_paired_metrics.v1,pgbm_v2_task_replacement_recourse,synthetic,moderate,106,synthetic_tasks_60_uavs_3_seed_106,4e3620279c2c6319519098ff89414e4d0d6cd4c361d35b1018c92d5b1d5e3597,V2,ok,60,3,120.0,three_phase,18.122981996526125,28,32,16.950378452933695,2651.322028117054,265.1322028117054,2812.690940067095,97,38,0.3917525773195876,1.0,18.73029258400001,17.37557733400007,17.319522648000714,1.3039134600000466,14,13,33,1565,425,8,0,30,20,10,26,7,19,0.9099236630964026,7,"{""no_feasible_candidate"": 9, ""no_positive_gain"": 5, ""no_uncompleted_active_task"": 5}"
pgbm_v2_paired_metrics.v1,pgbm_v2_task_replacement_recourse,synthetic,moderate,107,synthetic_107,4d57f8b2e1393a81ad2cc4d03c0f7f317faedc5e137db07ead1cc5cbb736a713,V1,ok,60,3,120.0,three_phase,17.6981058537972,27,33,17.273230163910004,2649.1796931939575,264.91796931939575,2786.56847468257,105,40,0.38095238095238093,1.0,2.533994832999994,2.532609707999967,2.5260738810001016,0.0,16,0,33,1108,257,8,0,30,20,10,0,0,0,0.0,0,{}
pgbm_v2_paired_metrics.v1,pgbm_v2_task_replacement_recourse,synthetic,moderate,107,synthetic_tasks_60_uavs_3_seed_107,4d57f8b2e1393a81ad2cc4d03c0f7f317faedc5e137db07ead1cc5cbb736a713,V2,ok,60,3,120.0,three_phase,18.23983659243662,27,33,14.959660557867837,2623.674071893835,262.36740718938347,2766.28252601586,105,38,0.3619047619047619,1.0,9.322205165999975,8.186509914999988,7.85068985599861,1.1021241619998534,17,13,33,22044,15763,8,0,30,20,10,31,10,21,1.2963095486554792,10,"{""no_feasible_candidate"": 14, ""no_positive_gain"": 5, ""no_uncompleted_active_task"": 2}"
pgbm_v2_paired_metrics.v1,pgbm_v2_task_replacement_recourse,synthetic,moderate,108,synthetic_108,a868213c5a375c30ac8ecc22b665f18c3a78ec2063de7b4ba910d9d107327cde,V1,ok,60,3,120.0,three_phase,12.396637315433674,21,39,20.5432150133461,2497.9549695044443,249.79549695044443,2654.8515460711546,115,39,0.3391304347826087,1.0,2.875112999999999,2.8735497509999846,2.7348613489998996,0.0,16,0,39,55771,50000,8,1,30,20,10,0,0,0,0.0,0,{}
pgbm_v2_paired_metrics.v1,pgbm_v2_task_replacement_recourse,synthetic,moderate,108,synthetic_tasks_60_uavs_3_seed_108,a868213c5a375c30ac8ecc22b665f18c3a78ec2063de7b4ba910d9d107327cde,V2,ok,60,3,120.0,three_phase,13.303191769383549,19,41,14.956578534985418,2785.587205177787,278.5587205177787,2956.587927037174,115,32,0.2782608695652174,1.0,12.25979612499998,8.059329583000135,8.022351384998956,4.1732700420001265,13,11,41,1770,1265,8,0,30,20,10,41,15,26,2.6001417734177004,15,"{""no_feasible_candidate"": 4, ""no_positive_gain"": 19, ""no_uncompleted_active_task"": 3}"
pgbm_v2_paired_metrics.v1,pgbm_v2_task_replacement_recourse,synthetic,moderate,109,synthetic_109,ced2061e7a4589fda8337c006dd792e3503946eb2615f3550d5fc8de9d090c52,V1,ok,60,3,120.0,three_phase,14.369352631964098,25,35,23.80310080758821,2736.8592927926616,273.68592927926613,2885.9290122491775,108,41,0.37962962962962965,1.0,3.9482365420000036,3.9467560440000256,3.9412330149994403,0.0,17,0,35,957,111,8,0,30,20,10,0,0,0,0.0,0,{}
pgbm_v2_paired_metrics.v1,pgbm_v2_task_replacement_recourse,synthetic,moderate,109,synthetic_tasks_60_uavs_3_seed_109,ced2061e7a4589fda8337c006dd792e3503946eb2615f3550d5fc8de9d090c52,V2,ok,60,3,120.0,three_phase,16.196857466605245,26,34,19.235936078095513,2732.3628690244964,273.23628690244965,2886.076553874888,108,39,0.3611111111111111,1.0,16.839117999999985,15.129869793000069,15.112893841999608,1.6729074210003887,16,13,34,678,111,8,0,30,20,10,36,9,27,1.7925493412895215,9,"{""no_feasible_candidate"": 21, ""no_positive_gain"": 6}"
pgbm_v2_paired_metrics.v1,pgbm_v2_task_replacement_recourse,synthetic,moderate,110,synthetic_110,32eaceaa9219cb158c27e68cb758eaceba7494f22977ab8e353eea7182f15a3d,V1,ok,60,3,120.0,three_phase,13.88331717841988,23,37,24.070316840443105,2760.9261347503525,276.09261347503525,2927.7110292834836,101,34,0.33663366336633666,1.0,3.868490458000011,3.867087419000029,3.8591290030000778,0.0,16,0,37,1566,257,8,0,30,20,10,0,0,0,0.0,0,{}
pgbm_v2_paired_metrics.v1,pgbm_v2_task_replacement_recourse,synthetic,moderate,110,synthetic_tasks_60_uavs_3_seed_110,32eaceaa9219cb158c27e68cb758eaceba7494f22977ab8e353eea7182f15a3d,V2,ok,60,3,120.0,three_phase,14.87791689108215,22,38,16.767729759430278,2775.93960268337,277.593960268337,2938.689420506273,101,33,0.32673267326732675,1.0,13.563449166999987,10.202924874999951,10.176773036001634,3.322285538999836,16,11,38,1262,161,8,0,30,20,10,35,8,27,1.6763355916266791,8,"{""no_feasible_candidate"": 14, ""no_positive_gain"": 10, ""no_uncompleted_active_task"": 3}"
pgbm_v2_paired_metrics.v1,pgbm_v2_task_replacement_recourse,synthetic,moderate,101,synthetic_101,7231c75daccf2d5549b12ded5aaa3d7e190761f6d4403924ba39ef2a0be63a12,V1,ok,60,5,120.0,three_phase,22.2615627739271,40,20,23.24164731170677,4390.245046344079,439.0245046344079,4641.625530867967,97,59,0.6082474226804123,1.0,2.447666125000012,2.445871960999966,2.1825003059984027,0.0,24,0,21,102228,50000,8,1,30,20,10,0,0,0,0.0,0,{}
pgbm_v2_paired_metrics.v1,pgbm_v2_task_replacement_recourse,synthetic,moderate,101,synthetic_tasks_60_uavs_5_seed_101,7231c75daccf2d5549b12ded5aaa3d7e190761f6d4403924ba39ef2a0be63a12,V2,ok,60,5,120.0,three_phase,23.73615110048687,37,23,15.962761860190009,4219.09518558608,421.90951855860806,4464.4206302519815,97,54,0.5567010309278351,1.0,15.89807829099999,15.285002625999937,12.593002701993726,0.5593086669998684,24,17,23,229907,50000,8,4,30,20,10,35,15,20,4.448257847611446,15,"{""no_feasible_candidate"": 6, ""no_positive_gain"": 12, ""no_uncompleted_active_task"": 2}"
pgbm_v2_paired_metrics.v1,pgbm_v2_task_replacement_recourse,synthetic,moderate,102,synthetic_102,3e439dfdab694b2dd63a23a244c82325cb99f79973edd5595eb30e23b67bccf2,V1,ok,60,5,120.0,three_phase,23.608107220116295,41,19,25.678629607454823,4607.5550787411585,460.75550787411584,4883.170742020925,108,67,0.6203703703703703,1.0,2.446696750000001,2.4448747099999935,2.438261831000048,0.0,21,0,23,1220,215,8,0,30,20,10,0,0,0,0.0,0,{}
pgbm_v2_paired_metrics.v1,pgbm_v2_task_replacement_recourse,synthetic,moderate,102,synthetic_tasks_60_uavs_5_seed_102,3e439dfdab694b2dd63a23a244c82325cb99f79973edd5595eb30e23b67bccf2,V2,ok,60,5,120.0,three_phase,24.114550411356404,39,21,19.995740807220713,4639.400576696793,463.9400576696793,4917.533406237145,108,64,0.5925925925925926,1.0,9.051346874999979,8.286604329999989,8.26127127199942,0.7015912880000883,22,20,24,1004,161,8,0,30,20,10,26,13,13,1.6622550842957755,13,"{""no_feasible_candidate"": 5, ""no_positive_gain"": 8}"
pgbm_v2_paired_metrics.v1,pgbm_v2_task_replacement_recourse,synthetic,moderate,103,synthetic_103,26228afa88d5e940f0f20ca190eff4d99a6b3af56557b21f18899b53768f8363,V1,ok,60,5,120.0,three_phase,21.209087487921902,36,24,21.486276843959192,4496.654602291941,449.6654602291941,4767.132511573467,116,62,0.5344827586206896,1.0,2.449000041000005,2.447225377999999,2.435250690000103,0.0,24,0,24,2327,701,8,0,30,20,10,0,0,0,0.0,0,{}
pgbm_v2_paired_metrics.v1,pgbm_v2_task_replacement_recourse,synthetic,moderate,103,synthetic_tasks_60_uavs_5_seed_103,26228afa88d5e940f0f20ca190eff4d99a6b3af56557b21f18899b53768f8363,V2,ok,60,5,120.0,three_phase,23.244152816650555,37,23,18.34121700440934,4637.30526620665,463.73052662066505,4929.697638849392,116,63,0.5431034482758621,1.0,10.993011792000004,9.489023663999888,9.40469584099958,1.4350788739998848,23,20,24,6072,4909,8,0,30,20,10,29,11,18,2.207763710594218,11,"{""no_feasible_candidate"": 11, ""no_positive_gain"": 7}"
pgbm_v2_paired_metrics.v1,pgbm_v2_task_replacement_recourse,synthetic,moderate,104,synthetic_104,cc4aa73c19151700e8a1b3f4a3c3531bbd46ff8cf6acb352e8f2215713c41aab,V1,ok,60,5,120.0,three_phase,25.29194329184362,43,17,19.441908796861274,4207.265206226659,420.7265206226659,4471.628148309137,101,64,0.6336633663366337,1.0,3.8690355840000024,3.8667075859999898,3.840548325000384,0.0,25,0,21,6519,4909,8,0,30,20,10,0,0,0,0.0,0,{}
pgbm_v2_paired_metrics.v1,pgbm_v2_task_replacement_recourse,synthetic,moderate,104,synthetic_tasks_60_uavs_5_seed_104,cc4aa73c19151700e8a1b3f4a3c3531bbd46ff8cf6acb352e8f2215713c41aab,V2,ok,60,5,120.0,three_phase,25.09230184402046,40,20,16.45638654592552,4420.924706447755,442.0924706447755,4680.121968337617,101,61,0.6039603960396039,1.0,14.624909500000001,12.933784915000047,12.910448763999966,1.6268561660000387,21,20,25,1099,135,8,0,30,20,10,25,7,18,1.4801302351912602,7,"{""no_feasible_candidate"": 9, ""no_positive_gain"": 7, ""no_uncompleted_active_task"": 2}"
pgbm_v2_paired_metrics.v1,pgbm_v2_task_replacement_recourse,synthetic,moderate,105,synthetic_105,f831435b0f8843059cc05472b4f405fc3e289b662a6395af3eed0da71b5478d9,V1,ok,60,5,120.0,three_phase,22.74044642297347,39,21,19.069026729867602,4397.09434809075,439.709434809075,4640.630226372064,103,61,0.5922330097087378,1.0,3.6343567920000055,3.6323732469999896,3.580307170000708,0.0,25,0,23,10856,8275,8,0,30,20,10,0,0,0,0.0,0,{}
pgbm_v2_paired_metrics.v1,pgbm_v2_task_replacement_recourse,synthetic,moderate,105,synthetic_tasks_60_uavs_5_seed_105,f831435b0f8843059cc05472b4f405fc3e289b662a6395af3eed0da71b5478d9,V2,ok,60,5,120.0,three_phase,24.039742756525563,39,21,16.976704109594927,4465.1699558388655,446.51699558388657,4707.880567246537,103,59,0.5728155339805825,1.0,10.373251541000002,9.933649958999808,9.910746913000196,0.3844775809999419,23,20,21,1092,111,8,0,30,20,10,16,6,10,1.03936037770002,6,"{""no_feasible_candidate"": 4, ""no_positive_gain"": 6}"
pgbm_v2_paired_metrics.v1,pgbm_v2_task_replacement_recourse,synthetic,moderate,106,synthetic_106,2156b14fda6f79b1ed341d9ce24009dcdf64ebfafb060a371012467f8e55faee,V1,ok,60,5,120.0,three_phase,24.289345237008934,43,17,19.715540916855993,4226.148226707108,422.6148226707108,4478.0273543959065,97,64,0.6597938144329897,1.0,6.688258290999997,6.686265876000036,6.432465858000825,0.0,28,0,19,96409,50000,8,1,30,20,10,0,0,0,0.0,0,{}
pgbm_v2_paired_metrics.v1,pgbm_v2_task_replacement_recourse,synthetic,moderate,106,synthetic_tasks_60_uavs_5_seed_106,2156b14fda6f79b1ed341d9ce24009dcdf64ebfafb060a371012467f8e55faee,V2,ok,60,5,120.0,three_phase,25.24954164033957,41,19,15.864101222936979,4316.811297110973,431.6811297110973,4568.728455190846,97,58,0.5979381443298969,1.0,16.833289166999975,14.768665374999841,14.615776681999705,1.9974743330000706,27,20,19,6381,5041,8,0,30,20,10,19,11,8,2.108868976314765,11,"{""no_feasible_candidate"": 3, ""no_positive_gain"": 5}"
pgbm_v2_paired_metrics.v1,pgbm_v2_task_replacement_recourse,synthetic,moderate,107,synthetic_107,ded5d395c91c44e63f822955fd57d5d033e502dfbd6973512470fe1df54e3f86,V1,ok,60,5,120.0,three_phase,26.013948485199947,44,16,18.336846733047967,4452.830639945741,445.28306399457404,4698.310053748595,105,70,0.6666666666666666,1.0,2.7250164999999953,2.7233872460000157,2.716337462999718,0.0,24,0,19,1160,257,8,0,30,20,10,0,0,0,0.0,0,{}
pgbm_v2_paired_metrics.v1,pgbm_v2_task_replacement_recourse,synthetic,moderate,107,synthetic_tasks_60_uavs_5_seed_107,ded5d395c91c44e63f822955fd57d5d033e502dfbd6973512470fe1df54e3f86,V2,ok,60,5,120.0,three_phase,25.761848499736,42,18,18.06494996238883,4450.905838101553,445.0905838101553,4706.002371176514,105,63,0.6,1.0,10.997806666999963,9.004791252000018,8.966925229998594,1.91389621400009,25,22,23,1884,749,8,0,30,20,10,23,10,13,2.118162182331571,10,"{""no_feasible_candidate"": 4, ""no_positive_gain"": 9}"
pgbm_v2_paired_metrics.v1,pgbm_v2_task_replacement_recourse,synthetic,moderate,108,synthetic_108,e3c8d3ed97dfd7341d450d9df04a0ad77be4752f51b1478694af94c3334e337e,V1,ok,60,5,120.0,three_phase,18.8317866827705,33,27,22.306631475329464,4293.128074684679,429.3128074684679,4567.740655081744,115,64,0.5565217391304348,1.0,4.633563333000012,4.6315614159999825,4.234995069989225,0.0,23,0,27,126317,50000,8,1,30,20,10,0,0,0,0.0,0,{}
pgbm_v2_paired_metrics.v1,pgbm_v2_task_replacement_recourse,synthetic,moderate,108,synthetic_tasks_60_uavs_5_seed_108,e3c8d3ed97dfd7341d450d9df04a0ad77be4752f51b1478694af94c3334e337e,V2,ok,60,5,120.0,three_phase,19.923709056982613,31,29,16.32618683967778,4369.996815738827,436.99968157388264,4641.0503007683665,115,58,0.5043478260869565,1.0,15.804619207999963,12.14216779200001,11.475215499003468,3.5956439190000538,24,19,29,54413,48031,8,0,30,20,10,32,15,17,2.711311844507801,15,"{""no_feasible_candidate"": 6, ""no_positive_gain"": 9, ""no_uncompleted_active_task"": 2}"
pgbm_v2_paired_metrics.v1,pgbm_v2_task_replacement_recourse,synthetic,moderate,109,synthetic_109,29fb265a4d2b1ce303c21c86b9c08dc0ba4490f6371101e32e8c6f26de3d5421,V1,ok,60,5,120.0,three_phase,23.368136480598594,44,16,24.035979374607848,4580.16104495919,458.01610449591897,4853.1345700541215,108,73,0.6759259259259259,1.0,4.574912541999993,4.572552669000061,4.565495152999944,0.0,24,0,19,945,111,8,0,30,20,10,0,0,0,0.0,0,{}
pgbm_v2_paired_metrics.v1,pgbm_v2_task_replacement_recourse,synthetic,moderate,109,synthetic_tasks_60_uavs_5_seed_109,29fb265a4d2b1ce303c21c86b9c08dc0ba4490f6371101e32e8c6f26de3d5421,V2,ok,60,5,120.0,three_phase,23.786689029969192,44,16,23.65862681182335,4462.238875138197,446.2238875138197,4743.695216683082,108,72,0.6666666666666666,1.0,17.68839387500003,16.557934416999956,16.496013190999918,1.0493974990000652,26,23,20,2534,921,8,0,30,20,10,23,11,12,2.68920764462169,11,"{""no_feasible_candidate"": 8, ""no_positive_gain"": 3, ""no_uncompleted_active_task"": 1}"
pgbm_v2_paired_metrics.v1,pgbm_v2_task_replacement_recourse,synthetic,moderate,110,synthetic_110,69fb26d9eeb5a6a36b611fecf946758876d99b0e1e47286fcaea6784701ed6ef,V1,ok,60,5,120.0,three_phase,20.76017565416167,36,24,23.105581416141096,4411.034661216206,441.10346612162056,4664.710370845763,101,55,0.5445544554455446,1.0,6.923984040999983,6.921839081999934,6.503390086996575,0.0,27,0,24,172612,50000,8,2,30,20,10,0,0,0,0.0,0,{}
pgbm_v2_paired_metrics.v1,pgbm_v2_task_replacement_recourse,synthetic,moderate,110,synthetic_tasks_60_uavs_5_seed_110,69fb26d9eeb5a6a36b611fecf946758876d99b0e1e47286fcaea6784701ed6ef,V2,ok,60,5,120.0,three_phase,22.158817678282308,36,24,18.620574369676056,4464.473775518184,446.4473775518184,4726.95553362582,101,55,0.5445544554455446,1.0,22.85325899999998,17.930997252000168,16.911836310007345,4.856404747999989,26,17,24,77469,31153,8,0,30,20,10,23,11,12,2.7364272797820233,11,"{""no_feasible_candidate"": 8, ""no_positive_gain"": 3, ""no_uncompleted_active_task"": 1}"
pgbm_v2_paired_metrics.v1,pgbm_v2_task_replacement_recourse,synthetic,moderate,101,synthetic_101,7eed4fd50977df83c43074783f76081393dc5d9e734a20cbccea4dd1a2484df4,V1,ok,60,8,120.0,three_phase,29.539077186721862,54,6,21.095589442273514,6989.570964196994,698.9570964196994,7370.258899297007,97,87,0.8969072164948454,1.0,1.1721276250000017,1.1703334199999063,1.1325027120004165,0.0,37,0,12,11467,8185,8,0,30,20,10,0,0,0,0.0,0,{}
pgbm_v2_paired_metrics.v1,pgbm_v2_task_replacement_recourse,synthetic,moderate,101,synthetic_tasks_60_uavs_8_seed_101,7eed4fd50977df83c43074783f76081393dc5d9e734a20cbccea4dd1a2484df4,V2,ok,60,8,120.0,three_phase,29.552672797901476,52,8,20.33954518718975,6820.682081166822,682.0682081166822,7218.94914986322,97,82,0.845360824742268,1.0,9.216122041999995,8.380432790999919,7.02716982900796,0.7336870419999855,37,28,14,118946,50000,8,2,30,20,10,21,16,5,4.075963322899213,16,"{""no_feasible_candidate"": 1, ""no_positive_gain"": 4}"
pgbm_v2_paired_metrics.v1,pgbm_v2_task_replacement_recourse,synthetic,moderate,102,synthetic_102,d748dc888ff88283d52f1a13cd39d0ca0a7f7947b446ce19c5af5da1aeb62b57,V1,ok,60,8,120.0,three_phase,30.838708533364652,55,5,20.75186907966233,6947.6310683256015,694.7631068325602,7349.442087904892,108,98,0.9074074074074074,1.0,2.0642480420000027,2.0614743330000636,2.05105833900015,0.0,41,0,12,2298,970,8,0,30,20,10,0,0,0,0.0,0,{}
pgbm_v2_paired_metrics.v1,pgbm_v2_task_replacement_recourse,synthetic,moderate,102,synthetic_tasks_60_uavs_8_seed_102,d748dc888ff88283d52f1a13cd39d0ca0a7f7947b446ce19c5af5da1aeb62b57,V2,ok,60,8,120.0,three_phase,31.23378863316653,53,7,18.291453995292102,6755.798099436483,675.5798099436483,7163.783931297943,108,94,0.8703703703703703,1.0,12.159591166000041,11.601387955000348,10.369245902003797,0.4452429180000763,43,33,12,120998,50000,8,2,30,20,10,11,8,3,0.6555427820074322,8,"{""no_feasible_candidate"": 2, ""no_positive_gain"": 1}"
pgbm_v2_paired_metrics.v1,pgbm_v2_task_replacement_recourse,synthetic,moderate,103,synthetic_103,87c8841590acfebbaa9af7cca642e625171a1099e9a3a0ff9150c1ca71f9160f,V1,ok,60,8,120.0,three_phase,30.288220867833072,54,6,19.041348086487332,7216.830628830215,721.6830628830214,7645.402842530475,116,100,0.8620689655172413,1.0,2.676616500000023,2.6737843319999683,2.658977093998857,0.0,38,0,10,2787,1629,8,0,30,20,10,0,0,0,0.0,0,{}
pgbm_v2_paired_metrics.v1,pgbm_v2_task_replacement_recourse,synthetic,moderate,103,synthetic_tasks_60_uavs_8_seed_103,87c8841590acfebbaa9af7cca642e625171a1099e9a3a0ff9150c1ca71f9160f,V2,ok,60,8,120.0,three_phase,29.072491396925063,50,10,19.517239503752112,7053.696961359851,705.3696961359851,7500.497705258641,116,93,0.8017241379310345,1.0,16.529565332999994,14.714027334000207,12.895306160994835,1.693602500000111,39,31,12,167953,50000,8,3,30,20,10,16,11,5,3.0219737807553173,11,"{""no_feasible_candidate"": 2, ""no_positive_gain"": 3}"
pgbm_v2_paired_metrics.v1,pgbm_v2_task_replacement_recourse,synthetic,moderate,104,synthetic_104,6a6328443c070a580690f3985fc91af808d481b01bdb3dd9a20de7cb41779fd5,V1,ok,60,8,120.0,three_phase,31.49663180055371,55,5,16.958218514381517,6150.790527670052,615.0790527670052,6515.237674196471,101,89,0.8811881188118812,1.0,4.447784709000018,4.44398187699997,4.3568114410022645,0.0,38,0,10,30818,22100,8,0,30,20,10,0,0,0,0.0,0,{}
pgbm_v2_paired_metrics.v1,pgbm_v2_task_replacement_recourse,synthetic,moderate,104,synthetic_tasks_60_uavs_8_seed_104,6a6328443c070a580690f3985fc91af808d481b01bdb3dd9a20de7cb41779fd5,V2,ok,60,8,120.0,three_phase,31.79075128505732,55,5,19.25049132800158,6515.501670920114,651.5501670920114,6901.207137975151,101,90,0.8910891089108911,1.0,15.143758832999993,11.495785335000448,11.387784882993344,3.5007935850001104,38,30,12,8786,5836,8,0,30,20,10,13,8,5,2.302314029470835,8,"{""no_feasible_candidate"": 1, ""no_positive_gain"": 4}"
pgbm_v2_paired_metrics.v1,pgbm_v2_task_replacement_recourse,synthetic,moderate,105,synthetic_105,33b36923bea3ff0c349ced76e234619484a98d2c362fb52d2eb17f00397a9b6d,V1,ok,60,8,120.0,three_phase,30.3615505651578,55,5,18.000597894412827,6368.778256088681,636.8778256088681,6725.30511946869,103,93,0.9029126213592233,1.0,3.19118554100001,3.188822000999977,3.1198095670023065,0.0,43,0,11,24681,19075,8,0,30,20,10,0,0,0,0.0,0,{}
pgbm_v2_paired_metrics.v1,pgbm_v2_task_replacement_recourse,synthetic,moderate,105,synthetic_tasks_60_uavs_8_seed_105,33b36923bea3ff0c349ced76e234619484a98d2c362fb52d2eb17f00397a9b6d,V2,ok,60,8,120.0,three_phase,30.124067345136304,54,6,18.466949252122642,6317.284759933997,631.7284759933997,6691.972497907118,103,91,0.883495145631068,1.0,20.227504040999975,19.586166459000424,18.580821201982985,0.5185848739999983,41,29,10,83632,50000,8,1,30,20,10,11,6,5,1.7664546842151219,6,"{""no_positive_gain"": 5}"
pgbm_v2_paired_metrics.v1,pgbm_v2_task_replacement_recourse,synthetic,moderate,106,synthetic_106,7b737f598627dace7ba629784d0d60858a04be80cb8f04892e7e4fdd163fad3e,V1,ok,60,8,120.0,three_phase,29.725514137050304,54,6,19.774335899336844,6585.641692249702,658.5641692249702,6972.30866548778,97,89,0.9175257731958762,1.0,4.663244875000004,4.660571001999955,4.414226849002233,0.0,42,0,11,123531,50000,8,2,30,20,10,0,0,0,0.0,0,{}
pgbm_v2_paired_metrics.v1,pgbm_v2_task_replacement_recourse,synthetic,moderate,106,synthetic_tasks_60_uavs_8_seed_106,7b737f598627dace7ba629784d0d60858a04be80cb8f04892e7e4fdd163fad3e,V2,ok,60,8,120.0,three_phase,29.432997801390638,53,7,20.29355687048625,6519.348430019809,651.9348430019809,6905.76651027764,97,88,0.9072164948453608,1.0,20.43338445800009,19.60909291199971,17.84366258002308,0.6986603760001344,43,32,12,223310,50000,8,4,30,20,10,7,5,2,1.6321987476687019,5,"{""no_feasible_candidate"": 1, ""no_positive_gain"": 1}"
pgbm_v2_paired_metrics.v1,pgbm_v2_task_replacement_recourse,synthetic,moderate,107,synthetic_107,5fdb9448b6e21ab61b692e4eb49504f859f544d15360b3fb2d51983344d7dbeb,V1,ok,60,8,120.0,three_phase,34.37879751066136,57,3,12.321358963263659,6213.049339492742,621.3049339492742,6574.353895281108,105,101,0.9619047619047619,1.0,1.6904834590000064,1.6885847929999613,1.6850336499997525,0.0,42,0,6,966,481,6,0,30,20,10,0,0,0,0.0,0,{}
pgbm_v2_paired_metrics.v1,pgbm_v2_task_replacement_recourse,synthetic,moderate,107,synthetic_tasks_60_uavs_8_seed_107,5fdb9448b6e21ab61b692e4eb49504f859f544d15360b3fb2d51983344d7dbeb,V2,ok,60,8,120.0,three_phase,33.961149047208615,57,3,14.979793315721569,6476.27841897067,647.627841897067,6853.502617057953,105,101,0.9619047619047619,1.0,8.386897999999974,7.733914874999641,7.709748919001527,0.5340687069998467,42,36,7,1167,481,7,0,30,20,10,10,9,1,2.4879237814091355,9,"{""no_feasible_candidate"": 1}"
pgbm_v2_paired_metrics.v1,pgbm_v2_task_replacement_recourse,synthetic,moderate,108,synthetic_108,d2466f6e6734d0aed6eb13e9ea46d9c95e944409345b675175421c465f02962f,V1,ok,60,8,120.0,three_phase,26.086431816585108,48,12,23.101336436555002,6649.0223868599005,664.90223868599,7037.572346552853,115,90,0.782608695652174,1.0,8.578187541000005,8.574300289000035,7.812198465001643,0.0,37,0,15,294883,50000,8,5,30,20,10,0,0,0,0.0,0,{}
pgbm_v2_paired_metrics.v1,pgbm_v2_task_replacement_recourse,synthetic,moderate,108,synthetic_tasks_60_uavs_8_seed_108,d2466f6e6734d0aed6eb13e9ea46d9c95e944409345b675175421c465f02962f,V2,ok,60,8,120.0,three_phase,26.14902374455283,44,16,18.395969822180437,6900.896630803836,690.0896630803836,7303.090781666265,115,78,0.6782608695652174,1.0,22.141899291000072,19.527868918999843,17.63262870199003,2.5064936669996314,35,27,17,217436,50000,8,4,30,20,10,25,12,13,2.474041364183619,12,"{""no_feasible_candidate"": 2, ""no_positive_gain"": 11}"
pgbm_v2_paired_metrics.v1,pgbm_v2_task_replacement_recourse,synthetic,moderate,109,synthetic_109,c7a31fc01ca98c15544425aa4cc4e167388802dd9efaca779dce929ec35f3bde,V1,ok,60,8,120.0,three_phase,29.470170530878832,54,6,16.61273712648045,6150.936277065775,615.0936277065775,6505.467503169986,108,96,0.8888888888888888,1.0,5.896601333000007,5.894150457000109,5.606727712005352,0.0,42,0,10,114055,50000,8,1,30,20,10,0,0,0,0.0,0,{}
pgbm_v2_paired_metrics.v1,pgbm_v2_task_replacement_recourse,synthetic,moderate,109,synthetic_tasks_60_uavs_8_seed_109,c7a31fc01ca98c15544425aa4cc4e167388802dd9efaca779dce929ec35f3bde,V2,ok,60,8,120.0,three_phase,29.515729570895708,54,6,17.599919773916728,6482.7520386219985,648.2752038621999,6868.978601331612,108,96,0.8888888888888888,1.0,18.33539108299999,15.957160627000235,14.87480209801538,2.2608153739998897,47,34,10,114124,50000,8,1,30,20,10,14,9,5,2.2674884701100533,9,"{""no_feasible_candidate"": 3, ""no_positive_gain"": 2}"
pgbm_v2_paired_metrics.v1,pgbm_v2_task_replacement_recourse,synthetic,moderate,110,synthetic_110,8ac7bae654cac7085f77d873a839aa32a231202e894973643aaace383c3fa383,V1,ok,60,8,120.0,three_phase,24.85313666495613,47,13,21.626255483809302,6605.609335667057,660.5609335667057,6973.290774672538,101,77,0.7623762376237624,1.0,12.251269833999999,12.247635960999986,10.979086808006855,0.0,39,0,13,494432,50000,8,9,30,20,10,0,0,0,0.0,0,{}
pgbm_v2_paired_metrics.v1,pgbm_v2_task_replacement_recourse,synthetic,moderate,110,synthetic_tasks_60_uavs_8_seed_110,8ac7bae654cac7085f77d873a839aa32a231202e894973643aaace383c3fa383,V2,ok,60,8,120.0,three_phase,26.972777455578843,47,13,19.130335740509125,6866.393965245257,686.6393965245258,7248.574385891943,101,74,0.7326732673267327,1.0,36.208328583000025,31.889926372000218,28.497328503039853,4.1888730400000895,40,27,13,337130,50000,8,6,30,20,10,20,13,7,3.978017502255052,13,"{""no_feasible_candidate"": 6, ""no_positive_gain"": 1}"
pgbm_v2_paired_metrics.v1,pgbm_v2_task_replacement_recourse,synthetic,moderate,101,synthetic_101,cd13a5f4fd50f8e93eb1a69901525c41b8b90032e1c6b48676a5985407b7bc51,V1,ok,60,10,120.0,three_phase,31.668500962107508,56,4,16.385676402962865,7973.492984601591,797.3492984601592,8388.207352207974,97,91,0.9381443298969072,1.0,1.062767249999979,1.060628458999986,1.040934342999634,0.0,41,0,10,5737,4069,8,0,30,20,10,0,0,0,0.0,0,{}
pgbm_v2_paired_metrics.v1,pgbm_v2_task_replacement_recourse,synthetic,moderate,101,synthetic_tasks_60_uavs_10_seed_101,cd13a5f4fd50f8e93eb1a69901525c41b8b90032e1c6b48676a5985407b7bc51,V2,ok,60,10,120.0,three_phase,30.931208379182888,53,7,16.842656891358946,7672.957722446752,767.2957722446752,8126.176124625919,97,84,0.865979381443299,1.0,12.535572209000065,11.996699457000318,10.037948392978024,0.41834883400008493,46,33,10,194641,50000,8,3,30,20,10,14,10,4,2.9973811885517008,10,"{""no_positive_gain"": 4}"
pgbm_v2_paired_metrics.v1,pgbm_v2_task_replacement_recourse,synthetic,moderate,102,synthetic_102,ff01ff8c929f4c53bc39213cc07d756cc4c5656c34836f0a8e396475511291d6,V1,ok,60,10,120.0,three_phase,32.449590871627805,55,5,14.990249493964164,7676.119559612291,767.6119559612291,8092.857438042208,108,98,0.9074074074074074,1.0,2.0278960419999805,2.0254007489999992,1.841838354999311,0.0,50,0,9,71815,50000,8,1,30,20,10,0,0,0,0.0,0,{}
pgbm_v2_paired_metrics.v1,pgbm_v2_task_replacement_recourse,synthetic,moderate,102,synthetic_tasks_60_uavs_10_seed_102,ff01ff8c929f4c53bc39213cc07d756cc4c5656c34836f0a8e396475511291d6,V2,ok,60,10,120.0,three_phase,32.802319594791015,55,5,15.020640114965357,7578.661344715635,757.8661344715636,8004.728742390453,108,98,0.9074074074074074,1.0,10.744132917000002,9.955948088000014,8.704758215002016,0.6640018340000324,49,37,9,153150,50000,8,1,30,20,10,8,6,2,1.5350856946550815,6,"{""no_feasible_candidate"": 2}"
pgbm_v2_paired_metrics.v1,pgbm_v2_task_replacement_recourse,synthetic,moderate,103,synthetic_103,a597013721aed15ed421619f2a6fecfb5495b68c2d5359cfe485257ae9266c15,V1,ok,60,10,120.0,three_phase,32.30030622285306,56,4,15.392290242494274,8228.393966988653,822.8393966988654,8701.130544543126,116,107,0.9224137931034483,1.0,2.2856011249999995,2.2831451670000718,2.2286995189952563,0.0,51,0,7,21359,9451,7,0,30,20,10,0,0,0,0.0,0,{}
pgbm_v2_paired_metrics.v1,pgbm_v2_task_replacement_recourse,synthetic,moderate,103,synthetic_tasks_60_uavs_10_seed_103,a597013721aed15ed421619f2a6fecfb5495b68c2d5359cfe485257ae9266c15,V2,ok,60,10,120.0,three_phase,32.64163583775506,57,3,15.735768589866602,8626.10798852526,862.610798852526,9130.734408913979,116,109,0.9396551724137931,1.0,8.228616999999986,7.6093484579999995,7.5893221390010694,0.4817300830000022,49,40,6,1473,456,6,0,30,20,10,5,4,1,0.38202296651405937,4,"{""no_feasible_candidate"": 1}"
pgbm_v2_paired_metrics.v1,pgbm_v2_task_replacement_recourse,synthetic,moderate,104,synthetic_104,044f36eb419f9167ad66f8ca6d87b1f01ba6891f192a5fdb102daf9d05a56d92,V1,ok,60,10,120.0,three_phase,32.918404458433436,57,3,15.490615259778384,7091.270466961787,709.1270466961787,7483.733190569991,101,95,0.9405940594059405,1.0,4.129545791999988,4.127377208000013,4.118675373999508,0.0,38,0,9,2182,1072,8,0,30,20,10,0,0,0,0.0,0,{}
pgbm_v2_paired_metrics.v1,pgbm_v2_task_replacement_recourse,synthetic,moderate,104,synthetic_tasks_60_uavs_10_seed_104,044f36eb419f9167ad66f8ca6d87b1f01ba6891f192a5fdb102daf9d05a56d92,V2,ok,60,10,120.0,three_phase,33.10138730305855,57,3,16.184863349930072,7373.388197007376,737.3388197007376,7791.163827536287,101,95,0.9405940594059405,1.0,11.148186957999997,10.313841038000191,10.276768118000177,0.6912023329999784,42,35,7,3344,1421,7,0,30,20,10,2,2,0,0.38997536935037813,2,{}
pgbm_v2_paired_metrics.v1,pgbm_v2_task_replacement_recourse,synthetic,moderate,105,synthetic_105,b5b64282d4cb43d2babb95bbf3f15a521c6fc4d8af5ddbc1b38e93399599be3c,V1,ok,60,10,120.0,three_phase,32.24621630658453,56,4,14.049808299666225,7413.059508005981,741.3059508005981,7782.916447598152,103,94,0.912621359223301,1.0,2.044499000000002,2.0421160829999963,2.0256257850003294,0.0,45,0,9,5247,3767,8,0,30,20,10,0,0,0,0.0,0,{}
pgbm_v2_paired_metrics.v1,pgbm_v2_task_replacement_recourse,synthetic,moderate,105,synthetic_tasks_60_uavs_10_seed_105,b5b64282d4cb43d2babb95bbf3f15a521c6fc4d8af5ddbc1b38e93399599be3c,V2,ok,60,10,120.0,three_phase,32.174428245346114,56,4,14.892238139805515,7483.867377248856,748.3867377248856,7867.403878480382,103,94,0.912621359223301,1.0,7.905011124999987,7.280431749000172,7.233195714002022,0.5246251649998612,45,37,9,5252,3767,8,0,30,20,10,11,3,8,0.6028254004938727,3,"{""no_positive_gain"": 8}"
pgbm_v2_paired_metrics.v1,pgbm_v2_task_replacement_recourse,synthetic,moderate,106,synthetic_106,77523e213f47992ed25612d8a4ca038764ced35d80a5a2afcee45ff1a4b815df,V1,ok,60,10,120.0,three_phase,31.65719468541719,55,5,14.439584504566358,7220.8712821018735,722.0871282101873,7625.655360959719,97,90,0.9278350515463918,1.0,4.41299595800001,4.41063008099988,4.146717248002005,0.0,44,0,8,111973,50000,8,2,30,20,10,0,0,0,0.0,0,{}
pgbm_v2_paired_metrics.v1,pgbm_v2_task_replacement_recourse,synthetic,moderate,106,synthetic_tasks_60_uavs_10_seed_106,77523e213f47992ed25612d8a4ca038764ced35d80a5a2afcee45ff1a4b815df,V2,ok,60,10,120.0,three_phase,31.799575618012433,55,5,14.891340740704143,7255.707020108113,725.5707020108114,7676.165136468751,97,90,0.9278350515463918,1.0,10.701899750000052,10.062478293000368,9.431308010035423,0.5434366659999341,45,37,8,111883,50000,8,2,30,20,10,6,6,0,1.6298858741116644,6,{}
pgbm_v2_paired_metrics.v1,pgbm_v2_task_replacement_recourse,synthetic,moderate,107,synthetic_107,5835a208864cd8bc60be057aff737ae203b38d577e35a69a996c386753ddc723,V1,ok,60,10,120.0,three_phase,35.17480375831506,57,3,10.22101154042646,7294.084901836152,729.4084901836152,7669.012473310407,105,101,0.9619047619047619,1.0,1.3734040420000042,1.371354085999883,1.3656098459995576,0.0,50,0,4,1820,1288,4,0,30,20,10,0,0,0,0.0,0,{}
pgbm_v2_paired_metrics.v1,pgbm_v2_task_replacement_recourse,synthetic,moderate,107,synthetic_tasks_60_uavs_10_seed_107,5835a208864cd8bc60be057aff737ae203b38d577e35a69a996c386753ddc723,V2,ok,60,10,120.0,three_phase,35.09400930130261,57,3,10.968568243366853,7292.602777722277,729.2602777722277,7677.631899737483,105,101,0.9619047619047619,1.0,3.4205565839999963,3.315349039000239,3.302322172999311,0.009323083999902337,48,44,4,1397,961,4,0,30,20,10,3,2,1,0.7154150833103009,2,"{""no_feasible_candidate"": 1}"
pgbm_v2_paired_metrics.v1,pgbm_v2_task_replacement_recourse,synthetic,moderate,108,synthetic_108,70104a3a917365699aa6f95cef09aa670629b61dfbf1096cd93492fb0b19398c,V1,ok,60,10,120.0,three_phase,31.137964041481403,56,4,19.616552417909613,8440.82918595443,844.082918595443,8910.707449716187,115,108,0.9391304347826087,1.0,4.156050667000017,4.1536986670001,4.136181190999849,0.0,46,0,12,6402,3361,8,0,30,20,10,0,0,0,0.0,0,{}
pgbm_v2_paired_metrics.v1,pgbm_v2_task_replacement_recourse,synthetic,moderate,108,synthetic_tasks_60_uavs_10_seed_108,70104a3a917365699aa6f95cef09aa670629b61dfbf1096cd93492fb0b19398c,V2,ok,60,10,120.0,three_phase,30.333529336049786,52,8,17.8505930820556,8450.122503712162,845.0122503712162,8925.32176277584,115,97,0.8434782608695652,1.0,16.69252958300001,14.858374414000082,13.221556341013866,1.7321694579999303,46,36,12,215963,50000,8,4,30,20,10,13,10,3,2.4537799873252544,10,"{""no_feasible_candidate"": 1, ""no_positive_gain"": 2}"
pgbm_v2_paired_metrics.v1,pgbm_v2_task_replacement_recourse,synthetic,moderate,109,synthetic_109,25c9c3f52f3a12380876e419e4eae08aa3cff7b4c3d59066be1a8ed9cbe16f1b,V1,ok,60,10,120.0,three_phase,30.615786079190748,54,6,12.522121743515353,7043.073090914395,704.3073090914395,7412.658684234635,108,96,0.8888888888888888,1.0,4.976302500000003,4.973946338999951,4.5574902729934195,0.0,51,0,8,158014,50000,8,3,30,20,10,0,0,0,0.0,0,{}
pgbm_v2_paired_metrics.v1,pgbm_v2_task_replacement_recourse,synthetic,moderate,109,synthetic_tasks_60_uavs_10_seed_109,25c9c3f52f3a12380876e419e4eae08aa3cff7b4c3d59066be1a8ed9cbe16f1b,V2,ok,60,10,120.0,three_phase,30.693344724429128,54,6,13.010017818859447,6955.915005325931,695.591500532593,7340.9796451229895,108,96,0.8888888888888888,1.0,12.564813749999985,12.228236382000318,11.296351359002642,0.24138245799997549,51,40,8,158093,50000,8,3,30,20,10,8,4,4,1.588259747229591,4,"{""no_feasible_candidate"": 3, ""no_positive_gain"": 1}"
pgbm_v2_paired_metrics.v1,pgbm_v2_task_replacement_recourse,synthetic,moderate,110,synthetic_110,d957d43d282b3f8a7e00b2bb3a896f5582c170fec044a91d9012ded5f6279c32,V1,ok,60,10,120.0,three_phase,28.459045583018234,51,9,17.017723453279388,7905.750653595717,790.5750653595717,8310.016854244104,101,83,0.8217821782178217,1.0,9.966914291999984,9.96286045900004,9.051576020999676,0.0,49,0,11,336220,50000,8,5,30,20,10,0,0,0,0.0,0,{}
pgbm_v2_paired_metrics.v1,pgbm_v2_task_replacement_recourse,synthetic,moderate,110,synthetic_tasks_60_uavs_10_seed_110,d957d43d282b3f8a7e00b2bb3a896f5582c170fec044a91d9012ded5f6279c32,V2,ok,60,10,120.0,three_phase,28.176638775690435,49,11,16.257613417097986,7783.1221443585855,778.3122144358586,8194.059322671266,101,78,0.7722772277227723,1.0,23.806431958000076,22.05578117399989,19.825841139979048,1.647831376999875,48,32,11,383565,50000,8,7,30,20,10,15,7,8,2.4224851455789285,7,"{""no_feasible_candidate"": 6, ""no_positive_gain"": 2}"
pgbm_v2_paired_metrics.v1,pgbm_v2_task_replacement_recourse,synthetic,moderate,101,synthetic_101,ad7578063d4ce8492a373dd9cab72dcc44f7bd25bc734d44c4719272d98218fb,V1,ok,90,3,120.0,three_phase,16.797124983729187,28,62,24.423309598548943,2855.0094737485038,285.5009473748504,3019.55130420954,152,37,0.24342105263157895,1.0,1.001271416999998,0.9997930420000216,0.9928658579999876,0.0,12,0,62,1826,543,8,0,45,30,15,0,0,0,0.0,0,{}
pgbm_v2_paired_metrics.v1,pgbm_v2_task_replacement_recourse,synthetic,moderate,101,synthetic_tasks_90_uavs_3_seed_101,ad7578063d4ce8492a373dd9cab72dcc44f7bd25bc734d44c4719272d98218fb,V2,ok,90,3,120.0,three_phase,19.34944168012704,30,60,14.710683476346231,2823.994133775978,282.3994133775978,2988.362764999008,152,37,0.24342105263157895,1.0,2.729791999999975,1.5222868340001696,1.5097654439989583,1.1836024159995304,13,12,60,1213,175,8,0,45,30,15,68,14,54,2.0090283650328646,14,"{""no_feasible_candidate"": 10, ""no_positive_gain"": 28, ""no_uncompleted_active_task"": 16}"
pgbm_v2_paired_metrics.v1,pgbm_v2_task_replacement_recourse,synthetic,moderate,102,synthetic_102,3ff1892dbf9b5ef25f5101c036c7f87d71149450b477b1daf9abd3c616ebafdc,V1,ok,90,3,120.0,three_phase,16.124610587451084,24,66,20.324249018222034,2901.237435854644,290.1237435854644,3060.0302234364417,155,38,0.24516129032258063,1.0,2.3381317500000023,2.3364350010000408,2.3312235249999844,0.0,12,0,66,898,161,8,0,45,30,15,0,0,0,0.0,0,{}
pgbm_v2_paired_metrics.v1,pgbm_v2_task_replacement_recourse,synthetic,moderate,102,synthetic_tasks_90_uavs_3_seed_102,3ff1892dbf9b5ef25f5101c036c7f87d71149450b477b1daf9abd3c616ebafdc,V2,ok,90,3,120.0,three_phase,15.663254235714145,22,68,13.371718645221392,2768.4003713576794,276.84003713576794,2932.1168397920355,155,30,0.1935483870967742,1.0,5.94983645800005,4.794179002000078,4.751107132998982,1.1360701690005044,19,11,68,4967,2585,8,0,45,30,15,56,18,38,1.6075529286262107,18,"{""no_feasible_candidate"": 19, ""no_positive_gain"": 19}"
pgbm_v2_paired_metrics.v1,pgbm_v2_task_replacement_recourse,synthetic,moderate,103,synthetic_103,57d1a8813eaac2f884802f44d51c5f357b011a6cece058786272094c1a634b6b,V1,ok,90,3,120.0,three_phase,15.549619284424171,25,65,22.194083411731807,2691.3625132149177,269.1362513214918,2866.0173235051325,166,41,0.2469879518072289,1.0,2.0028891670000064,2.0010312069999827,1.9962730230003558,0.0,18,0,65,948,137,8,0,45,30,15,0,0,0,0.0,0,{}
pgbm_v2_paired_metrics.v1,pgbm_v2_task_replacement_recourse,synthetic,moderate,103,synthetic_tasks_90_uavs_3_seed_103,57d1a8813eaac2f884802f44d51c5f357b011a6cece058786272094c1a634b6b,V2,ok,90,3,120.0,three_phase,15.15056436841596,22,68,14.806660042664799,2709.873509756188,270.9873509756188,2877.865987123471,166,35,0.21084337349397592,1.0,5.25906708399998,3.2991918359999772,3.272130104999974,1.939120748000164,18,11,68,3055,701,8,0,45,30,15,52,15,37,1.7166544783233317,15,"{""no_feasible_candidate"": 12, ""no_positive_gain"": 25}"
pgbm_v2_paired_metrics.v1,pgbm_v2_task_replacement_recourse,synthetic,moderate,104,synthetic_104,4c1929dae3c5415db9aa1dfd8816c67a457511ffaacb719f949c213b59f8bdab,V1,ok,90,3,120.0,three_phase,18.662692351285465,28,62,20.83875085632025,2782.6144980027943,278.2614498002794,2955.432919480961,162,36,0.2222222222222222,1.0,4.221558083000019,4.219981791000066,4.214178404000222,0.0,15,0,62,1175,257,8,0,45,30,15,0,0,0,0.0,0,{}
pgbm_v2_paired_metrics.v1,pgbm_v2_task_replacement_recourse,synthetic,moderate,104,synthetic_tasks_90_uavs_3_seed_104,4c1929dae3c5415db9aa1dfd8816c67a457511ffaacb719f949c213b59f8bdab,V2,ok,90,3,120.0,three_phase,19.89006526007624,28,62,15.779450268853351,2657.8036099683823,265.7803609968382,2825.1678141074635,162,39,0.24074074074074073,1.0,9.962799416999928,7.4281347070000265,7.394022070000005,2.505511081999771,16,12,62,3913,1649,8,0,45,30,15,58,14,44,1.937926511152094,14,"{""no_feasible_candidate"": 30, ""no_positive_gain"": 12, ""no_uncompleted_active_task"": 2}"
pgbm_v2_paired_metrics.v1,pgbm_v2_task_replacement_recourse,synthetic,moderate,105,synthetic_105,6457623b4c5d31ae06540236fab9b6b1a49e92d332c568dafa22eca325606fb4,V1,ok,90,3,120.0,three_phase,17.993153552328366,28,62,21.98615335894471,2692.2728585201194,269.22728585201196,2853.565469175624,148,40,0.2702702702702703,1.0,2.174237416000011,2.1722840409999833,2.1634474320008508,0.0,14,0,62,1782,361,8,0,45,30,15,0,0,0,0.0,0,{}
pgbm_v2_paired_metrics.v1,pgbm_v2_task_replacement_recourse,synthetic,moderate,105,synthetic_tasks_90_uavs_3_seed_105,6457623b4c5d31ae06540236fab9b6b1a49e92d332c568dafa22eca325606fb4,V2,ok,90,3,120.0,three_phase,19.88034909645218,27,63,14.935143549882438,2813.494610047604,281.3494610047604,2972.4632729732534,148,35,0.23648648648648649,1.0,4.24153124999998,3.0612478749999354,3.0448389220007357,1.154843496999547,13,13,63,1182,257,8,0,45,30,15,62,13,49,2.7849788659404107,13,"{""no_feasible_candidate"": 28, ""no_positive_gain"": 20, ""no_uncompleted_active_task"": 1}"
pgbm_v2_paired_metrics.v1,pgbm_v2_task_replacement_recourse,synthetic,moderate,106,synthetic_106,bc6e275764267353e780e4b263860993c4441689bd0166e145623a81cefb43b9,V1,ok,90,3,120.0,three_phase,19.842772213375035,32,58,20.706578309995088,2748.0363489688248,274.8036348968825,2922.494411574306,156,45,0.28846153846153844,1.0,5.099492374999983,5.098012291999993,5.090948849000114,0.0,13,0,58,1151,361,8,0,45,30,15,0,0,0,0.0,0,{}
pgbm_v2_paired_metrics.v1,pgbm_v2_task_replacement_recourse,synthetic,moderate,106,synthetic_tasks_90_uavs_3_seed_106,bc6e275764267353e780e4b263860993c4441689bd0166e145623a81cefb43b9,V2,ok,90,3,120.0,three_phase,19.250942995949032,28,62,15.414668447979889,2751.366110120041,275.1366110120041,2922.917668524314,156,40,0.2564102564102564,1.0,17.17137520899996,14.426510000999883,14.405581766999035,2.716002372999469,17,13,62,1520,257,8,0,45,30,15,60,14,46,2.017271943658505,14,"{""no_feasible_candidate"": 24, ""no_positive_gain"": 12, ""no_uncompleted_active_task"": 10}"
pgbm_v2_paired_metrics.v1,pgbm_v2_task_replacement_recourse,synthetic,moderate,107,synthetic_107,5ea8d79163deb26596273f2917a0e52794a94f53aecd1444dbe609e1504ee0c0,V1,ok,90,3,120.0,three_phase,18.086463581467005,29,61,22.41273810323366,2792.485973685294,279.24859736852943,2950.882442881237,162,41,0.25308641975308643,1.0,3.125293959000004,3.123855749000029,3.118710053999763,0.0,13,0,61,1015,215,8,0,45,30,15,0,0,0,0.0,0,{}
pgbm_v2_paired_metrics.v1,pgbm_v2_task_replacement_recourse,synthetic,moderate,107,synthetic_tasks_90_uavs_3_seed_107,5ea8d79163deb26596273f2917a0e52794a94f53aecd1444dbe609e1504ee0c0,V2,ok,90,3,120.0,three_phase,19.750376769326426,29,61,14.447220354381265,2736.543528476487,273.65435284764874,2887.8149354233587,162,40,0.24691358024691357,1.0,10.170996082999977,7.770741873999782,7.738926560004074,2.365303086000381,17,13,61,2911,1649,8,0,45,30,15,58,12,46,1.5519482091682155,12,"{""no_feasible_candidate"": 22, ""no_positive_gain"": 19, ""no_uncompleted_active_task"": 5}"
pgbm_v2_paired_metrics.v1,pgbm_v2_task_replacement_recourse,synthetic,moderate,108,synthetic_108,415253d7523381208adc73fb5fbcb6cfd49bacdac05538d3fe4a56be8cc1f989,V1,ok,90,3,120.0,three_phase,18.968273976222395,29,61,17.86819959874943,2705.1805569982716,270.5180556998272,2869.53103719503,151,40,0.26490066225165565,1.0,2.450751042000036,2.4491709579999963,2.442568427000623,0.0,14,0,61,1410,257,8,0,45,30,15,0,0,0,0.0,0,{}
pgbm_v2_paired_metrics.v1,pgbm_v2_task_replacement_recourse,synthetic,moderate,108,synthetic_tasks_90_uavs_3_seed_108,415253d7523381208adc73fb5fbcb6cfd49bacdac05538d3fe4a56be8cc1f989,V2,ok,90,3,120.0,three_phase,18.77823825650684,27,63,15.467570511471244,2654.89188716512,265.489188716512,2809.597610922181,151,39,0.2582781456953642,1.0,7.6182842919999985,6.4465082910001,6.426854860000162,1.145107916000029,16,13,63,1702,361,8,0,45,30,15,53,10,43,1.5273448891402,10,"{""no_feasible_candidate"": 22, ""no_positive_gain"": 15, ""no_uncompleted_active_task"": 6}"
pgbm_v2_paired_metrics.v1,pgbm_v2_task_replacement_recourse,synthetic,moderate,109,synthetic_109,7003ee7d9d826aa974c303b753e3558c5051be0e825d38e25425b456d35d76de,V1,ok,90,3,120.0,three_phase,19.934626499230184,29,61,16.510122062903157,2814.305849169236,281.4305849169236,2977.417465250652,156,41,0.26282051282051283,1.0,5.9972568329999945,5.9955812929999865,5.988277082000991,0.0,12,0,61,1406,633,8,0,45,30,15,0,0,0,0.0,0,{}
pgbm_v2_paired_metrics.v1,pgbm_v2_task_replacement_recourse,synthetic,moderate,109,synthetic_tasks_90_uavs_3_seed_109,7003ee7d9d826aa974c303b753e3558c5051be0e825d38e25425b456d35d76de,V2,ok,90,3,120.0,three_phase,20.172774184546192,28,62,14.156077549972265,2663.60168806897,266.360168806897,2811.5039797818813,156,36,0.23076923076923078,1.0,15.40335595900001,11.447265248000349,11.255597305009815,3.926795666999965,15,11,62,23230,10519,8,0,45,30,15,56,10,46,1.966809318411081,10,"{""no_feasible_candidate"": 19, ""no_positive_gain"": 20, ""no_uncompleted_active_task"": 7}"
pgbm_v2_paired_metrics.v1,pgbm_v2_task_replacement_recourse,synthetic,moderate,110,synthetic_110,5588291c8cfbe6b2cac76be2e9c9c307a61b39782b455f394a2f3353423d1320,V1,ok,90,3,120.0,three_phase,16.093275784430872,25,65,21.609290442759097,2799.6648074231866,279.96648074231865,2963.8374205895493,156,34,0.21794871794871795,1.0,4.051011374999973,4.049470085999815,4.0429017710008,0.0,14,0,65,1338,257,8,0,45,30,15,0,0,0,0.0,0,{}
pgbm_v2_paired_metrics.v1,pgbm_v2_task_replacement_recourse,synthetic,moderate,110,synthetic_tasks_90_uavs_3_seed_110,5588291c8cfbe6b2cac76be2e9c9c307a61b39782b455f394a2f3353423d1320,V2,ok,90,3,120.0,three_phase,15.53863799879823,22,68,15.592765995007067,2794.410010276667,279.4410010276667,2953.5536168197123,156,26,0.16666666666666666,1.0,11.41614949999996,8.009127542999863,7.9388195229985286,3.376060498999891,15,10,68,9673,2877,8,0,45,30,15,56,13,43,1.9404519677107595,13,"{""no_feasible_candidate"": 23, ""no_positive_gain"": 14, ""no_uncompleted_active_task"": 6}"
pgbm_v2_paired_metrics.v1,pgbm_v2_task_replacement_recourse,synthetic,moderate,101,synthetic_101,2f3c65db043a9ec34c4a881140b0108f4f5c1b904394d2d10b781ada983652fa,V1,ok,90,5,120.0,three_phase,25.159374705017544,45,45,25.648482072977433,4762.20218298207,476.220218298207,5034.170389490231,152,62,0.40789473684210525,1.0,1.0488413329999844,1.0471937489999732,1.039612718999365,0.0,20,0,46,1895,361,8,0,45,30,15,0,0,0,0.0,0,{}
pgbm_v2_paired_metrics.v1,pgbm_v2_task_replacement_recourse,synthetic,moderate,101,synthetic_tasks_90_uavs_5_seed_101,2f3c65db043a9ec34c4a881140b0108f4f5c1b904394d2d10b781ada983652fa,V2,ok,90,5,120.0,three_phase,26.69311102539596,44,46,17.79618448262672,4530.653139342403,453.0653139342403,4807.902890617754,152,58,0.3815789473684211,1.0,5.045586374999971,4.24216570700014,3.746695488015348,0.7617551209999647,28,19,46,80677,25735,8,0,45,30,15,53,21,32,3.405104441677966,21,"{""no_feasible_candidate"": 6, ""no_positive_gain"": 16, ""no_uncompleted_active_task"": 10}"
pgbm_v2_paired_metrics.v1,pgbm_v2_task_replacement_recourse,synthetic,moderate,102,synthetic_102,018b484ea47eb9fe98f7d7198aa01b45e9002371772b0fc365d18ea809bd22b9,V1,ok,90,5,120.0,three_phase,24.565745497184604,38,52,17.710235475675763,4652.396280798001,465.23962807980007,4908.254210569456,155,58,0.3741935483870968,1.0,2.862305000000049,2.8602722500001505,2.8490809539992483,0.0,23,0,52,2510,1249,8,0,45,30,15,0,0,0,0.0,0,{}
pgbm_v2_paired_metrics.v1,pgbm_v2_task_replacement_recourse,synthetic,moderate,102,synthetic_tasks_90_uavs_5_seed_102,018b484ea47eb9fe98f7d7198aa01b45e9002371772b0fc365d18ea809bd22b9,V2,ok,90,5,120.0,three_phase,23.48945252939833,35,55,16.23303040743369,4702.400511940274,470.2400511940274,4977.349404101208,155,56,0.36129032258064514,1.0,6.1342522910000525,4.960148291000223,4.944900136000115,1.1346080419998543,21,20,55,1215,137,8,0,45,30,15,47,13,34,1.6971911038737435,13,"{""no_feasible_candidate"": 14, ""no_positive_gain"": 13, ""no_uncompleted_active_task"": 7}"
pgbm_v2_paired_metrics.v1,pgbm_v2_task_replacement_recourse,synthetic,moderate,103,synthetic_103,d39c17fbc1c8fe115b9a316da3ad2045f17edc3e4585a38e800b4f9e404376ac,V1,ok,90,5,120.0,three_phase,22.509388235327204,36,54,19.44866526542965,4563.495850431378,456.34958504313784,4837.69956200554,166,60,0.3614457831325301,1.0,2.758128957999986,2.755793998000115,2.646287669999822,0.0,27,0,54,52496,48031,8,0,45,30,15,0,0,0,0.0,0,{}
pgbm_v2_paired_metrics.v1,pgbm_v2_task_replacement_recourse,synthetic,moderate,103,synthetic_tasks_90_uavs_5_seed_103,d39c17fbc1c8fe115b9a316da3ad2045f17edc3e4585a38e800b4f9e404376ac,V2,ok,90,5,120.0,three_phase,22.50785745225165,35,55,18.298042617985857,4650.273494654393,465.02734946543933,4956.317137123795,166,57,0.3433734939759036,1.0,7.160641541000018,5.222515415000203,5.081711722999216,1.8989302500004897,22,19,55,18000,15763,8,0,45,30,15,49,16,33,1.6024878922695258,16,"{""no_feasible_candidate"": 8, ""no_positive_gain"": 24, ""no_uncompleted_active_task"": 1}"
pgbm_v2_paired_metrics.v1,pgbm_v2_task_replacement_recourse,synthetic,moderate,104,synthetic_104,fc61611da0e8577e81af89091171e057f01f71df6cea8c283a0a5ac2877aae35,V1,ok,90,5,120.0,three_phase,28.926808677877624,44,46,19.85425176918398,4523.188843800364,452.3188843800364,4799.692347037003,162,66,0.4074074074074074,1.0,4.638495458000023,4.6361539170000015,4.626213886000528,0.0,28,0,46,1927,473,8,0,45,30,15,0,0,0,0.0,0,{}
pgbm_v2_paired_metrics.v1,pgbm_v2_task_replacement_recourse,synthetic,moderate,104,synthetic_tasks_90_uavs_5_seed_104,fc61611da0e8577e81af89091171e057f01f71df6cea8c283a0a5ac2877aae35,V2,ok,90,5,120.0,three_phase,28.448307553152336,43,47,17.8837237568765,4647.599792434319,464.7599792434319,4953.996413046352,162,62,0.38271604938271603,1.0,10.018119875000025,6.766061333000039,6.751151017001462,3.2023603789997424,21,20,49,1420,257,8,0,45,30,15,51,16,35,1.8756257820795574,16,"{""no_feasible_candidate"": 11, ""no_positive_gain"": 19, ""no_uncompleted_active_task"": 5}"
pgbm_v2_paired_metrics.v1,pgbm_v2_task_replacement_recourse,synthetic,moderate,105,synthetic_105,9597f28ed38c9f4a5ea164614e0c6f860b5b9e20a36056dc1a51b0f6cb657392,V1,ok,90,5,120.0,three_phase,26.81978843768633,43,47,20.27091834777612,4403.271779938862,440.3271779938862,4660.4133865552485,148,65,0.4391891891891892,1.0,3.903975124999988,3.9017167100000734,3.6576004740054486,0.0,27,0,47,119824,50000,8,2,45,30,15,0,0,0,0.0,0,{}
pgbm_v2_paired_metrics.v1,pgbm_v2_task_replacement_recourse,synthetic,moderate,105,synthetic_tasks_90_uavs_5_seed_105,9597f28ed38c9f4a5ea164614e0c6f860b5b9e20a36056dc1a51b0f6cb657392,V2,ok,90,5,120.0,three_phase,27.179614661161736,40,50,17.792757392444024,4671.583713595713,467.1583713595713,4941.596134392778,148,60,0.40540540540540543,1.0,5.167764167000087,3.9807347070000105,3.9643359230007036,1.15070816599939,21,20,50,1451,361,8,0,45,30,15,42,15,27,3.798029988212309,15,"{""no_feasible_candidate"": 10, ""no_positive_gain"": 15, ""no_uncompleted_active_task"": 2}"
pgbm_v2_paired_metrics.v1,pgbm_v2_task_replacement_recourse,synthetic,moderate,106,synthetic_106,d47ac54b08ee8941d1710fb7659cfc198346483532ea26b2aef4e066ccd2158d,V1,ok,90,5,120.0,three_phase,28.31974749733363,45,45,18.99365538243133,4340.0833102224415,434.00833102224414,4614.746141297361,156,69,0.4423076923076923,1.0,12.730078208000009,12.727308083000025,12.105303145984692,0.0,32,0,45,228182,50000,8,1,45,30,15,0,0,0,0.0,0,{}
pgbm_v2_paired_metrics.v1,pgbm_v2_task_replacement_recourse,synthetic,moderate,106,synthetic_tasks_90_uavs_5_seed_106,d47ac54b08ee8941d1710fb7659cfc198346483532ea26b2aef4e066ccd2158d,V2,ok,90,5,120.0,three_phase,28.75798026565215,43,47,14.411435266380296,4549.804693671323,454.9804693671323,4824.057678232542,156,65,0.4166666666666667,1.0,23.524370542000042,18.02077858199982,17.92191816499951,5.454052492999722,28,20,47,10145,2877,8,0,45,30,15,51,21,30,3.42828323959974,21,"{""no_feasible_candidate"": 10, ""no_positive_gain"": 20}"
pgbm_v2_paired_metrics.v1,pgbm_v2_task_replacement_recourse,synthetic,moderate,107,synthetic_107,2d6d6d684c110185e3bcbdbff86eb7ad97c3b5fc49d6b724f7d7c8295663a2f1,V1,ok,90,5,120.0,three_phase,27.347850941079603,44,46,18.648866111888626,4461.273840724287,446.1273840724287,4705.56048712139,162,68,0.41975308641975306,1.0,6.365165415999968,6.36260420799988,5.9410441970065335,0.0,28,0,46,159702,50000,8,1,45,30,15,0,0,0,0.0,0,{}
pgbm_v2_paired_metrics.v1,pgbm_v2_task_replacement_recourse,synthetic,moderate,107,synthetic_tasks_90_uavs_5_seed_107,2d6d6d684c110185e3bcbdbff86eb7ad97c3b5fc49d6b724f7d7c8295663a2f1,V2,ok,90,5,120.0,three_phase,29.354017218645126,43,47,12.428915578006842,4347.373210339069,434.73732103390694,4591.784919816807,162,66,0.4074074074074074,1.0,16.17760058300007,14.569794580999883,13.383846535996668,1.5580456230005666,34,22,47,181906,50000,8,2,45,30,15,35,11,24,2.11988815946376,11,"{""no_feasible_candidate"": 9, ""no_positive_gain"": 15}"
pgbm_v2_paired_metrics.v1,pgbm_v2_task_replacement_recourse,synthetic,moderate,108,synthetic_108,57c8e7601f50cd7cb5bd4ccf16fccae63be3aed0a609b902607cc30746de19b9,V1,ok,90,5,120.0,three_phase,25.667974854399354,41,49,20.344857730905414,4457.0852249590735,445.70852249590735,4716.05281674412,151,63,0.41721854304635764,1.0,4.441130874999999,4.439042294000103,4.20068183101165,0.0,24,0,51,109227,50000,8,2,45,30,15,0,0,0,0.0,0,{}
pgbm_v2_paired_metrics.v1,pgbm_v2_task_replacement_recourse,synthetic,moderate,108,synthetic_tasks_90_uavs_5_seed_108,57c8e7601f50cd7cb5bd4ccf16fccae63be3aed0a609b902607cc30746de19b9,V2,ok,90,5,120.0,three_phase,26.727549029760088,40,50,15.734552744610179,4321.044450121947,432.10444501219473,4574.63187463693,151,61,0.40397350993377484,1.0,11.470364416000052,10.736590496999952,10.084563350008125,0.6916670030000205,26,19,50,119149,50000,8,2,45,30,15,34,8,26,1.5184137556126558,8,"{""no_feasible_candidate"": 15, ""no_positive_gain"": 11}"
pgbm_v2_paired_metrics.v1,pgbm_v2_task_replacement_recourse,synthetic,moderate,109,synthetic_109,265c3b7ea14182f96cc4f38a5ac2886778c2d55dbd0f53fd25001a079a48bf84,V1,ok,90,5,120.0,three_phase,28.695382245613427,46,44,18.869180133852453,4650.659271497523,465.0659271497523,4920.003289689909,156,67,0.42948717948717946,1.0,7.7766580829999725,7.774549208000224,7.759865758001013,0.0,23,0,44,3688,1069,8,0,45,30,15,0,0,0,0.0,0,{}
pgbm_v2_paired_metrics.v1,pgbm_v2_task_replacement_recourse,synthetic,moderate,109,synthetic_tasks_90_uavs_5_seed_109,265c3b7ea14182f96cc4f38a5ac2886778c2d55dbd0f53fd25001a079a48bf84,V2,ok,90,5,120.0,three_phase,31.061228072515792,46,44,12.857432824568793,4531.019122647985,453.10191226479844,4800.027739819196,156,63,0.40384615384615385,1.0,14.759196208000049,10.223592537999707,10.201603842997656,4.482126083999901,26,22,44,1968,473,8,0,45,30,15,37,19,18,2.8607125426291717,19,"{""no_feasible_candidate"": 9, ""no_positive_gain"": 9}"
pgbm_v2_paired_metrics.v1,pgbm_v2_task_replacement_recourse,synthetic,moderate,110,synthetic_110,d100a076ac0d95daf4c4d6b10d7f080479d287789c78475fe3b156e00b17fc6c,V1,ok,90,5,120.0,three_phase,23.067828194832106,36,54,20.597694634452257,4599.720266829404,459.9720266829404,4845.314864244659,156,52,0.3333333333333333,1.0,5.487983832999987,5.485965207999982,5.435980844999676,0.0,22,0,54,16315,5041,8,0,45,30,15,0,0,0,0.0,0,{}
pgbm_v2_paired_metrics.v1,pgbm_v2_task_replacement_recourse,synthetic,moderate,110,synthetic_tasks_90_uavs_5_seed_110,d100a076ac0d95daf4c4d6b10d7f080479d287789c78475fe3b156e00b17fc6c,V2,ok,90,5,120.0,three_phase,23.05919467305607,33,57,16.101500231194343,4573.070336508691,457.30703365086913,4819.684430290304,156,46,0.2948717948717949,1.0,14.074883375000013,12.210446709999701,11.817933603999109,1.8148904590001393,24,17,57,66418,50000,8,1,45,30,15,42,15,27,2.1145375459542315,15,"{""no_feasible_candidate"": 16, ""no_positive_gain"": 11}"
pgbm_v2_paired_metrics.v1,pgbm_v2_task_replacement_recourse,synthetic,moderate,101,synthetic_101,4a8922652dd0e40562b8a065187a88b6d77e0b9c6ffc0f1055bc3ceef9320194,V1,ok,90,8,120.0,three_phase,34.96072669745348,63,27,21.29325392499702,7245.948716880331,724.5948716880331,7661.176541671188,152,97,0.6381578947368421,1.0,3.0710498750000284,3.067980207999824,2.690150992012093,0.0,42,0,29,154174,50000,8,2,45,30,15,0,0,0,0.0,0,{}
pgbm_v2_paired_metrics.v1,pgbm_v2_task_replacement_recourse,synthetic,moderate,101,synthetic_tasks_90_uavs_8_seed_101,4a8922652dd0e40562b8a065187a88b6d77e0b9c6ffc0f1055bc3ceef9320194,V2,ok,90,8,120.0,three_phase,34.54762107765895,59,31,18.436699577068683,7240.459735279443,724.0459735279443,7666.314372222264,152,89,0.5855263157894737,1.0,7.56773116699992,6.377414581000153,5.233653750011058,1.1160193729996308,40,32,32,167956,50000,8,3,45,30,15,40,21,19,3.380090590248308,21,"{""no_feasible_candidate"": 2, ""no_positive_gain"": 15, ""no_uncompleted_active_task"": 2}"
pgbm_v2_paired_metrics.v1,pgbm_v2_task_replacement_recourse,synthetic,moderate,102,synthetic_102,43d020c6f76ad26718a9f4bb6cbfbc4ba255ecdea2d31a39a9f64e957816f5de,V1,ok,90,8,120.0,three_phase,33.90552699751618,58,32,20.88597329178965,7024.404100038147,702.4404100038147,7419.060751115803,155,92,0.5935483870967742,1.0,3.8001347089999626,3.797300583000151,3.5671178910000094,0.0,41,0,33,76198,50000,8,1,45,30,15,0,0,0,0.0,0,{}
pgbm_v2_paired_metrics.v1,pgbm_v2_task_replacement_recourse,synthetic,moderate,102,synthetic_tasks_90_uavs_8_seed_102,43d020c6f76ad26718a9f4bb6cbfbc4ba255ecdea2d31a39a9f64e957816f5de,V2,ok,90,8,120.0,three_phase,34.27218862773487,56,34,16.7894750928283,7192.031707691925,719.2031707691924,7605.883534593632,155,88,0.567741935483871,1.0,8.32267283300007,7.758179755000583,7.414867203995186,0.482957166999995,39,31,34,55717,50000,8,1,45,30,15,25,8,17,1.1523351206252965,8,"{""no_feasible_candidate"": 9, ""no_positive_gain"": 7, ""no_uncompleted_active_task"": 1}"
pgbm_v2_paired_metrics.v1,pgbm_v2_task_replacement_recourse,synthetic,moderate,103,synthetic_103,67d22f48ebe4c1b2d91607be4ff7bc58e3355ef6a0af9fc64103329884324f4d,V1,ok,90,8,120.0,three_phase,32.90440939148792,57,33,19.502699986810317,6856.064155790818,685.6064155790818,7301.307189909836,166,95,0.572289156626506,1.0,7.569539833000022,7.566464251999776,6.557387229994731,0.0,42,0,33,353665,50000,8,5,45,30,15,0,0,0,0.0,0,{}
pgbm_v2_paired_metrics.v1,pgbm_v2_task_replacement_recourse,synthetic,moderate,103,synthetic_tasks_90_uavs_8_seed_103,67d22f48ebe4c1b2d91607be4ff7bc58e3355ef6a0af9fc64103329884324f4d,V2,ok,90,8,120.0,three_phase,33.880308844117906,57,33,17.681863260795083,7185.51617096471,718.551617096471,7651.248094858821,166,97,0.5843373493975904,1.0,10.256184041999859,7.7181758349997835,7.148361038994608,2.446969747000594,41,31,33,107128,50000,8,1,45,30,15,30,12,18,1.8754938341856207,12,"{""no_feasible_candidate"": 7, ""no_positive_gain"": 11}"
pgbm_v2_paired_metrics.v1,pgbm_v2_task_replacement_recourse,synthetic,moderate,104,synthetic_104,8974d2987ab3289af01fe72579f84d1cd4e890101702dca06d7216e94a74dd08,V1,ok,90,8,120.0,three_phase,37.7136310340172,64,26,22.376693794110235,7141.820768640669,714.1820768640669,7586.558856063263,162,106,0.654320987654321,1.0,5.752132000000017,5.749313167000139,5.69226629499434,0.0,41,0,31,19263,14875,8,0,45,30,15,0,0,0,0.0,0,{}
pgbm_v2_paired_metrics.v1,pgbm_v2_task_replacement_recourse,synthetic,moderate,104,synthetic_tasks_90_uavs_8_seed_104,8974d2987ab3289af01fe72579f84d1cd4e890101702dca06d7216e94a74dd08,V2,ok,90,8,120.0,three_phase,39.80399456609545,64,26,17.1808628330842,7092.322927245162,709.2322927245161,7554.5581803962605,162,101,0.6234567901234568,1.0,18.493786624999984,15.278305380000802,14.65990551502091,3.10931854299929,43,32,30,94641,50000,8,1,45,30,15,35,15,20,3.384533474674604,15,"{""no_feasible_candidate"": 2, ""no_positive_gain"": 18}"
pgbm_v2_paired_metrics.v1,pgbm_v2_task_replacement_recourse,synthetic,moderate,105,synthetic_105,de2d6fba6f137deffe9a98cb02df803f1c0c14716af068e6b222874a5edd85ed,V1,ok,90,8,120.0,three_phase,37.40107046895183,64,26,20.21393654866858,6831.084668488804,683.1084668488804,7251.638970054374,148,109,0.7364864864864865,1.0,5.695217875000026,5.6924346270000115,5.13574184201417,0.0,41,0,28,261854,50000,8,5,45,30,15,0,0,0,0.0,0,{}
pgbm_v2_paired_metrics.v1,pgbm_v2_task_replacement_recourse,synthetic,moderate,105,synthetic_tasks_90_uavs_8_seed_105,de2d6fba6f137deffe9a98cb02df803f1c0c14716af068e6b222874a5edd85ed,V2,ok,90,8,120.0,three_phase,37.31876232886271,61,29,18.514303710418645,7201.0567607364155,720.1056760736416,7613.924517342531,148,98,0.6621621621621622,1.0,8.190537541999902,7.324712666000551,7.214315283012866,0.7837215459999243,38,32,29,12617,9629,8,0,45,30,15,27,16,11,4.324561352684289,16,"{""no_feasible_candidate"": 2, ""no_positive_gain"": 9}"
pgbm_v2_paired_metrics.v1,pgbm_v2_task_replacement_recourse,synthetic,moderate,106,synthetic_106,565c605e10dd7e42e0bdda044e4149b519d6e911f7a1a4448b5f95c8cb0c2d78,V1,ok,90,8,120.0,three_phase,38.39747814026271,69,21,21.807181981758372,7274.937312835185,727.4937312835185,7716.690921228973,156,111,0.7115384615384616,1.0,10.59411795899996,10.591430915000046,10.577859787000136,0.0,42,0,23,2655,425,8,0,45,30,15,0,0,0,0.0,0,{}
pgbm_v2_paired_metrics.v1,pgbm_v2_task_replacement_recourse,synthetic,moderate,106,synthetic_tasks_90_uavs_8_seed_106,565c605e10dd7e42e0bdda044e4149b519d6e911f7a1a4448b5f95c8cb0c2d78,V2,ok,90,8,120.0,three_phase,38.37107674211898,64,26,17.3857309269987,7082.125941822738,708.2125941822738,7517.025709626053,156,102,0.6538461538461539,1.0,38.172370208000075,30.956989294001005,28.825527877944296,7.101203165999777,45,32,28,283853,50000,8,5,45,30,15,34,18,16,3.730878215736219,18,"{""no_feasible_candidate"": 4, ""no_positive_gain"": 12}"
pgbm_v2_paired_metrics.v1,pgbm_v2_task_replacement_recourse,synthetic,moderate,107,synthetic_107,f3b5c749b072e4045f10ac79f6813d9c376de79cd87a7ba35ab40a4309167a8d,V1,ok,90,8,120.0,three_phase,40.0732725925675,67,23,16.901273714319437,7094.544798321242,709.4544798321242,7490.446898009741,162,110,0.6790123456790124,1.0,7.630629375000012,7.627601375999859,7.096901765012262,0.0,46,0,24,181190,50000,8,2,45,30,15,0,0,0,0.0,0,{}
pgbm_v2_paired_metrics.v1,pgbm_v2_task_replacement_recourse,synthetic,moderate,107,synthetic_tasks_90_uavs_8_seed_107,f3b5c749b072e4045f10ac79f6813d9c376de79cd87a7ba35ab40a4309167a8d,V2,ok,90,8,120.0,three_phase,39.992614683366725,65,25,15.498705190321985,7199.728167746031,719.9728167746032,7625.066052930588,162,105,0.6481481481481481,1.0,13.753659083000002,12.068914498999675,11.511208574008606,1.572804374999805,44,35,25,71721,25735,8,0,45,30,15,22,12,10,1.37588558034198,12,"{""no_feasible_candidate"": 3, ""no_positive_gain"": 7}"
pgbm_v2_paired_metrics.v1,pgbm_v2_task_replacement_recourse,synthetic,moderate,108,synthetic_108,bf4b487cbbea41ef84fbb83b4f561e82560f33d27f3babec4a662d935d1e94bf,V1,ok,90,8,120.0,three_phase,34.72868837849875,56,34,17.298854488544233,6784.145785228063,678.4145785228063,7167.209109688934,151,88,0.5827814569536424,1.0,8.945830249999972,8.94296308499986,8.034712533001596,0.0,38,0,34,416489,50000,8,8,45,30,15,0,0,0,0.0,0,{}
pgbm_v2_paired_metrics.v1,pgbm_v2_task_replacement_recourse,synthetic,moderate,108,synthetic_tasks_90_uavs_8_seed_108,bf4b487cbbea41ef84fbb83b4f561e82560f33d27f3babec4a662d935d1e94bf,V2,ok,90,8,120.0,three_phase,38.37819395894728,63,27,17.820036831973493,7177.767598944322,717.7767598944322,7587.015026445704,151,99,0.6556291390728477,1.0,11.78794791700011,10.073389663999933,9.98099583999965,1.4455371279996143,36,31,29,7896,2877,8,0,45,30,15,22,11,11,1.868153971714518,11,"{""no_feasible_candidate"": 3, ""no_positive_gain"": 8}"
pgbm_v2_paired_metrics.v1,pgbm_v2_task_replacement_recourse,synthetic,moderate,109,synthetic_109,f741fbb0eacf38379559dbaf3bbd2e6ad89e7b0dd28dcc24b671abac76e3e7e5,V1,ok,90,8,120.0,three_phase,40.27792910021657,70,20,17.62515950407675,7152.613977269843,715.2613977269843,7569.20486778128,156,108,0.6923076923076923,1.0,11.687430874999961,11.68472691699992,11.403111086993476,0.0,39,0,23,129879,50000,8,2,45,30,15,0,0,0,0.0,0,{}
pgbm_v2_paired_metrics.v1,pgbm_v2_task_replacement_recourse,synthetic,moderate,109,synthetic_tasks_90_uavs_8_seed_109,f741fbb0eacf38379559dbaf3bbd2e6ad89e7b0dd28dcc24b671abac76e3e7e5,V2,ok,90,8,120.0,three_phase,41.61626487614639,67,23,13.506702370332926,7218.975797345128,721.8975797345128,7660.777422867197,156,101,0.6474358974358975,1.0,24.368112208999946,21.657386420999728,21.56036009899276,2.602169542999718,41,35,23,7283,4909,8,0,45,30,15,21,12,9,2.8168266955266876,12,"{""no_feasible_candidate"": 3, ""no_positive_gain"": 6}"
pgbm_v2_paired_metrics.v1,pgbm_v2_task_replacement_recourse,synthetic,moderate,110,synthetic_110,7d59acb396ee330a3cc3c4cd64fbb8dcd94a425f2a82be6d4f6dcda1468fd35f,V1,ok,90,8,120.0,three_phase,32.44062047735307,55,35,21.154184624736764,7161.538757205528,716.1538757205528,7556.585051546525,156,88,0.5641025641025641,1.0,8.118390790999968,8.115206953999973,7.603912579014661,0.0,37,0,35,192662,50000,8,1,45,30,15,0,0,0,0.0,0,{}
pgbm_v2_paired_metrics.v1,pgbm_v2_task_replacement_recourse,synthetic,moderate,110,synthetic_tasks_90_uavs_8_seed_110,7d59acb396ee330a3cc3c4cd64fbb8dcd94a425f2a82be6d4f6dcda1468fd35f,V2,ok,90,8,120.0,three_phase,31.850731024000414,49,41,17.97322213050374,7124.719734184701,712.4719734184702,7505.393501005365,156,76,0.48717948717948717,1.0,22.677111791000016,19.44447466500037,17.977785338920967,3.1209047489999193,38,28,41,180487,50000,8,3,45,30,15,31,19,12,3.96448400729856,19,"{""no_feasible_candidate"": 8, ""no_positive_gain"": 4}"
pgbm_v2_paired_metrics.v1,pgbm_v2_task_replacement_recourse,synthetic,moderate,101,synthetic_101,046f747409f7ca23416eae8d8e6b52aa812193700c3e934d9162670406f40dc3,V1,ok,90,10,120.0,three_phase,39.6991848189464,76,14,22.28125635433879,9005.859566574953,900.5859566574952,9521.110294656875,152,122,0.8026315789473685,1.0,3.6267010830000004,3.6237646249999216,3.106063311987157,0.0,50,0,23,190560,50000,8,2,45,30,15,0,0,0,0.0,0,{}
pgbm_v2_paired_metrics.v1,pgbm_v2_task_replacement_recourse,synthetic,moderate,101,synthetic_tasks_90_uavs_10_seed_101,046f747409f7ca23416eae8d8e6b52aa812193700c3e934d9162670406f40dc3,V2,ok,90,10,120.0,three_phase,39.45471669118043,72,18,20.132466193904907,8751.57028085823,875.157028085823,9258.267655496193,152,113,0.743421052631579,1.0,10.531740707999916,9.257466410000006,7.350661977005984,1.1638665860004949,50,37,26,217330,50000,8,3,45,30,15,32,18,14,3.872354828621707,18,"{""no_feasible_candidate"": 2, ""no_positive_gain"": 12}"
pgbm_v2_paired_metrics.v1,pgbm_v2_task_replacement_recourse,synthetic,moderate,102,synthetic_102,287f89c281596a704d34fab9201ada546a3913a8f794286adcb6108011d45754,V1,ok,90,10,120.0,three_phase,39.56207422788971,70,20,20.78799553185988,8965.946811711008,896.5946811711008,9466.401497907686,155,115,0.7419354838709677,1.0,3.3971358749999467,3.3942270399997483,3.355700871999204,0.0,45,0,23,11798,6229,8,0,45,30,15,0,0,0,0.0,0,{}
pgbm_v2_paired_metrics.v1,pgbm_v2_task_replacement_recourse,synthetic,moderate,102,synthetic_tasks_90_uavs_10_seed_102,287f89c281596a704d34fab9201ada546a3913a8f794286adcb6108011d45754,V2,ok,90,10,120.0,three_phase,38.82583467249011,65,25,17.204568828461152,8731.163358423388,873.1163358423388,9202.072195739469,155,106,0.6838709677419355,1.0,15.610516582999935,14.452116793999721,12.876421482020532,1.039925373999722,48,37,25,227895,50000,8,4,45,30,15,22,8,14,1.7766194811527303,8,"{""no_feasible_candidate"": 7, ""no_positive_gain"": 7}"
pgbm_v2_paired_metrics.v1,pgbm_v2_task_replacement_recourse,synthetic,moderate,103,synthetic_103,694aec76311da2416daa9dfd539278de8bdeaee5eb9cbe65c352c1ba5141a828,V1,ok,90,10,120.0,three_phase,38.413799508288754,71,19,21.183436635138076,8724.341788932166,872.4341788932167,9289.729316095418,166,124,0.7469879518072289,1.0,7.2985122499999875,7.295330290000095,6.4277039660060495,0.0,52,0,23,304085,50000,8,5,45,30,15,0,0,0,0.0,0,{}
pgbm_v2_paired_metrics.v1,pgbm_v2_task_replacement_recourse,synthetic,moderate,103,synthetic_tasks_90_uavs_10_seed_103,694aec76311da2416daa9dfd539278de8bdeaee5eb9cbe65c352c1ba5141a828,V2,ok,90,10,120.0,three_phase,38.10280058639085,68,22,18.70402719690563,8781.466043954668,878.1466043954667,9335.020044455154,166,118,0.7108433734939759,1.0,16.389185624999982,15.00114036900186,13.147908951945965,1.2677925409998352,50,38,24,265525,50000,8,5,45,30,15,23,10,13,1.3548715001781735,10,"{""no_feasible_candidate"": 2, ""no_positive_gain"": 11}"
pgbm_v2_paired_metrics.v1,pgbm_v2_task_replacement_recourse,synthetic,moderate,104,synthetic_104,42f1fbd40a3eb1a82b439322b3dcb98c1de5fe6741b626b29fa067176b88faed,V1,ok,90,10,120.0,three_phase,43.64571632003864,77,13,22.38609746883508,8937.041960456669,893.7041960456669,9470.963473670427,162,129,0.7962962962962963,1.0,6.466153125000005,6.463204204000078,6.433029228999885,0.0,49,0,21,7828,4909,8,0,45,30,15,0,0,0,0.0,0,{}
pgbm_v2_paired_metrics.v1,pgbm_v2_task_replacement_recourse,synthetic,moderate,104,synthetic_tasks_90_uavs_10_seed_104,42f1fbd40a3eb1a82b439322b3dcb98c1de5fe6741b626b29fa067176b88faed,V2,ok,90,10,120.0,three_phase,43.86758949791546,73,17,18.42498590434371,9082.273786256368,908.2273786256368,9643.844801988778,162,120,0.7407407407407407,1.0,18.0732069579999,13.536390709000443,13.474290903995552,4.370140911999442,45,40,24,4900,2437,8,0,45,30,15,41,24,17,5.083598047781065,24,"{""no_feasible_candidate"": 2, ""no_positive_gain"": 15}"
pgbm_v2_paired_metrics.v1,pgbm_v2_task_replacement_recourse,synthetic,moderate,105,synthetic_105,e016de221c238de8dbd58720f93558eab758db3553bca726b859d2902de48652,V1,ok,90,10,120.0,three_phase,42.067872390662146,77,13,21.104818217669276,8444.487543877973,844.4487543877973,8941.585421760266,148,126,0.8513513513513513,1.0,7.589694707999968,7.5866319550002,6.765142985009049,0.0,49,0,19,358561,50000,8,7,45,30,15,0,0,0,0.0,0,{}
pgbm_v2_paired_metrics.v1,pgbm_v2_task_replacement_recourse,synthetic,moderate,105,synthetic_tasks_90_uavs_10_seed_105,e016de221c238de8dbd58720f93558eab758db3553bca726b859d2902de48652,V2,ok,90,10,120.0,three_phase,42.196412103425466,76,14,21.965703349116893,8743.047751839744,874.3047751839744,9253.723112293437,148,124,0.8378378378378378,1.0,11.4168682909999,10.654127207000101,9.970300041995415,0.6400643729998592,47,40,18,102756,50000,8,1,45,30,15,14,10,4,2.6592969987888466,10,"{""no_positive_gain"": 4}"
pgbm_v2_paired_metrics.v1,pgbm_v2_task_replacement_recourse,synthetic,moderate,106,synthetic_106,1274f5597fa01f1064039dd4b5eb4e439ae5a74dab3f26582aee6b44e365d0f9,V1,ok,90,10,120.0,three_phase,41.457703497118914,76,14,20.236369762833103,8606.821175473864,860.6821175473864,9126.26342340568,156,128,0.8205128205128205,1.0,14.433174666000014,14.42996450000021,13.394398607016683,0.0,54,0,16,375795,50000,8,6,45,30,15,0,0,0,0.0,0,{}
pgbm_v2_paired_metrics.v1,pgbm_v2_task_replacement_recourse,synthetic,moderate,106,synthetic_tasks_90_uavs_10_seed_106,1274f5597fa01f1064039dd4b5eb4e439ae5a74dab3f26582aee6b44e365d0f9,V2,ok,90,10,120.0,three_phase,42.37224339444498,74,16,19.25276717314961,8936.51135576168,893.651135576168,9483.89623326324,156,123,0.7884615384615384,1.0,37.50610974999995,30.145246414999747,28.090306898979634,7.211232626000083,51,40,18,302664,50000,8,5,45,30,15,35,23,12,5.841062892111134,23,"{""no_feasible_candidate"": 3, ""no_positive_gain"": 9}"
pgbm_v2_paired_metrics.v1,pgbm_v2_task_replacement_recourse,synthetic,moderate,107,synthetic_107,18d65bc76f6ca36f4b4d902b06db6a3fc293f736617ff1999a0d14a7ca94f47a,V1,ok,90,10,120.0,three_phase,43.9204625669875,77,13,18.313163075926653,8339.72137158204,833.972137158204,8819.210145420278,162,135,0.8333333333333334,1.0,12.231617333999964,12.228199711000059,10.860552137998184,0.0,58,0,15,543401,50000,8,10,45,30,15,0,0,0,0.0,0,{}
pgbm_v2_paired_metrics.v1,pgbm_v2_task_replacement_recourse,synthetic,moderate,107,synthetic_tasks_90_uavs_10_seed_107,18d65bc76f6ca36f4b4d902b06db6a3fc293f736617ff1999a0d14a7ca94f47a,V2,ok,90,10,120.0,three_phase,44.27945033240022,76,14,17.986711086807794,8743.64983451095,874.364983451095,9241.448529508554,162,131,0.808641975308642,1.0,14.151268707999861,13.189785454998628,12.050218811962168,0.8503922509999029,52,43,16,216653,50000,8,3,45,30,15,10,7,3,1.478695286165229,7,"{""no_positive_gain"": 3}"
pgbm_v2_paired_metrics.v1,pgbm_v2_task_replacement_recourse,synthetic,moderate,108,synthetic_108,ee913d9110d1b37d025696a464d19d8fec4c8a33486517b5966cd2618802c678,V1,ok,90,10,120.0,three_phase,41.264287991459156,70,20,17.95761134339271,8535.455635329823,853.5455635329823,9002.527478296337,151,114,0.7549668874172185,1.0,8.631268375000047,8.628221246999942,7.729577331990356,0.0,46,0,22,358839,50000,8,7,45,30,15,0,0,0,0.0,0,{}
pgbm_v2_paired_metrics.v1,pgbm_v2_task_replacement_recourse,synthetic,moderate,108,synthetic_tasks_90_uavs_10_seed_108,ee913d9110d1b37d025696a464d19d8fec4c8a33486517b5966cd2618802c678,V2,ok,90,10,120.0,three_phase,42.83124720350778,70,20,16.815067726452696,8419.336504331599,841.9336504331599,8906.171106605518,151,113,0.7483443708609272,1.0,16.99243879200003,16.070906792000642,13.85768352198761,0.8294215389998953,49,37,22,434454,50000,8,8,45,30,15,16,8,8,2.33876916192905,8,"{""no_feasible_candidate"": 1, ""no_positive_gain"": 7}"
pgbm_v2_paired_metrics.v1,pgbm_v2_task_replacement_recourse,synthetic,moderate,109,synthetic_109,9b6781dbfb57a630717736daac082871869b501b00d6dc8edea71ca55ecfeeb7,V1,ok,90,10,120.0,three_phase,46.977688800020196,81,9,14.835150657028953,8810.465131756688,881.0465131756688,9325.213846463277,156,133,0.8525641025641025,1.0,11.649461083000006,11.646422207999763,11.178201051003498,0.0,52,0,12,111724,50000,8,2,45,30,15,0,0,0,0.0,0,{}
pgbm_v2_paired_metrics.v1,pgbm_v2_task_replacement_recourse,synthetic,moderate,109,synthetic_tasks_90_uavs_10_seed_109,9b6781dbfb57a630717736daac082871869b501b00d6dc8edea71ca55ecfeeb7,V2,ok,90,10,120.0,three_phase,46.595297044779194,79,11,15.219668465675928,9029.201194574372,902.9201194574373,9565.81070637576,156,129,0.8269230769230769,1.0,21.86225741699991,18.16275762699979,18.060821117997875,3.581416836999324,50,45,14,10995,8275,8,0,45,30,15,17,11,6,3.3968716286130394,11,"{""no_positive_gain"": 5, ""no_uncompleted_active_task"": 1}"
pgbm_v2_paired_metrics.v1,pgbm_v2_task_replacement_recourse,synthetic,moderate,110,synthetic_110,0b016bb2624b011c7830b9d6a28d55b905cc7cb97a37b9a80ffb12474842e824,V1,ok,90,10,120.0,three_phase,38.240736162973754,68,22,20.50939336841285,8937.689571690293,893.7689571690292,9441.107150184129,156,112,0.717948717948718,1.0,9.554398625000033,9.55107645600009,9.036884947014926,0.0,43,0,22,206646,50000,8,4,45,30,15,0,0,0,0.0,0,{}
pgbm_v2_paired_metrics.v1,pgbm_v2_task_replacement_recourse,synthetic,moderate,110,synthetic_tasks_90_uavs_10_seed_110,0b016bb2624b011c7830b9d6a28d55b905cc7cb97a37b9a80ffb12474842e824,V2,ok,90,10,120.0,three_phase,37.946967362301905,63,27,17.582509035477095,9015.565392857661,901.5565392857661,9515.934966209901,156,104,0.6666666666666666,1.0,17.394992124999817,14.608834211999465,13.52162117902526,2.6778009600002406,43,36,27,203198,50000,8,3,45,30,15,31,19,12,4.553203508078387,19,"{""no_feasible_candidate"": 4, ""no_positive_gain"": 8}"
