# Blender v2.93.0 OBJ File: ''
# www.blender.org
mtllib b_004_pre.mtl
o building_009.052_building_009.038
v -252.444458 3.405346 28.094177
v -250.652878 3.405346 27.893219
v -250.652878 6.810151 27.893223
v -252.444458 6.810151 28.094181
v -257.233521 6.384552 28.631359
v -257.233521 4.540282 28.631355
v -256.294373 4.540282 28.526012
v -256.294373 6.384551 28.526016
v -259.111847 3.405347 28.842041
v -254.416061 3.405346 28.315327
v -255.355225 4.540282 28.420670
v -258.172699 4.540282 28.736698
v -254.416061 6.810152 28.315331
v -259.111847 6.810152 28.842045
v -258.172699 6.384552 28.736702
v -255.355225 6.384551 28.420673
v -250.867279 6.810153 27.718819
v -250.867279 3.405346 27.718815
v -252.466446 3.405346 27.898190
v -252.466446 6.810151 27.898193
v -256.316376 4.540282 28.330025
v -257.255524 4.540282 28.435368
v -257.255524 6.384552 28.435371
v -256.316376 6.384551 28.330029
v -255.377213 4.540282 28.224682
v -254.438049 3.405346 28.119339
v -258.942993 3.405347 28.624649
v -258.194672 4.540282 28.540710
v -258.194672 6.384552 28.540714
v -258.942993 6.810152 28.624653
v -254.438049 6.810152 28.119343
v -255.377213 6.384551 28.224686
v -251.010193 4.540283 24.707737
v -251.010193 6.384552 24.707741
v -250.933777 6.384552 25.388988
v -250.933777 4.540283 25.388985
v -251.601700 6.810154 19.434254
v -250.803421 6.384552 26.551132
v -251.123489 6.384552 23.697639
v -251.601700 3.405350 19.434250
v -251.123489 4.540283 23.697636
v -250.803421 4.540283 26.551128
v -251.225281 3.405348 22.790119
v -251.126190 6.384552 25.410572
v -251.202606 6.384552 24.729324
v -251.202606 4.540283 24.729321
v -251.126190 4.540283 25.410568
v -250.995834 6.384552 26.572716
v -251.772705 6.810154 19.646667
v -251.315903 6.384552 23.719223
v -251.315903 4.540283 23.719219
v -251.772705 3.405350 19.646664
v -251.417694 3.405348 22.811703
v -250.995834 4.540283 26.572712
v -259.554260 5.533352 24.897816
v -259.554260 6.384554 24.897820
v -259.836395 6.384554 22.382370
v -259.836395 4.540284 22.382366
v -260.060669 6.810156 20.383076
v -259.946198 6.384556 21.403561
v -259.238708 6.384554 27.710888
v -260.060669 3.405351 20.383072
v -259.238708 5.533352 27.710884
v -259.946198 4.540285 21.403557
v -259.645569 6.384554 22.360966
v -259.363434 6.384554 24.876415
v -259.363434 5.533352 24.876411
v -259.645569 4.540284 22.360962
v -259.755371 6.384556 21.382156
v -259.848419 6.810156 20.552502
v -259.047882 6.384554 27.689484
v -259.047882 5.533352 27.689480
v -259.848419 3.405351 20.552498
v -259.755371 4.540285 21.382153
v -256.965912 5.107753 20.035938
v -256.965912 6.384555 20.035942
v -254.985291 6.384555 19.813782
v -254.985291 4.540285 19.813778
v -253.293488 6.384555 19.624016
v -258.080048 6.384556 20.160912
v -258.080048 5.107753 20.160908
v -253.293488 4.540284 19.624012
v -254.963882 6.384555 20.004612
v -256.944489 6.384555 20.226772
v -256.944489 5.107753 20.226768
v -254.963882 4.540285 20.004608
v -253.272095 6.384555 19.814846
v -258.058624 6.384556 20.351742
v -258.058624 5.107753 20.351738
v -253.272095 4.540284 19.814842
v -250.102768 7.091934 28.297478
v -251.154816 7.091938 18.918167
v -251.206055 7.137232 19.151634
v -250.204453 7.137228 28.081161
v -255.318451 9.700704 24.133850
v -255.170013 9.623652 24.117203
v -260.534119 7.091938 19.970222
v -255.335098 9.623652 23.985428
v -260.300659 7.137234 20.021461
v -251.371124 7.137232 19.019859
v -259.482086 7.091935 29.349533
v -255.466873 9.623652 24.150497
v -259.430847 7.137230 29.116062
v -260.432434 7.137234 20.186535
v -259.265747 7.137230 29.247841
v -255.301788 9.623652 24.282272
v -250.336227 7.137228 28.246239
v -251.224945 7.102896 19.153755
v -251.163742 7.055396 18.929340
v -250.113937 7.055392 28.288555
v -250.223328 7.102892 28.083282
v -255.188904 9.589319 24.119320
v -255.318451 9.661458 24.133850
v -255.332977 9.589319 24.004311
v -260.522949 7.055398 19.979141
v -260.298553 7.102898 20.040348
v -251.369019 7.102896 19.038746
v -255.447983 9.589319 24.148380
v -259.473145 7.055394 29.338356
v -259.411957 7.102894 29.113945
v -260.413544 7.102898 20.184418
v -259.267883 7.102894 29.228958
v -255.303909 9.589319 24.263393
v -250.338348 7.102892 28.227356
v -250.113937 6.810193 28.288555
v -251.163742 6.810197 18.929340
v -260.522949 6.810199 19.979141
v -259.473145 6.810195 29.338356
v -249.929932 6.966314 28.435452
v -251.016846 6.966318 18.745335
v -251.016846 7.055396 18.745335
v -249.929932 7.055392 28.435452
v -260.706970 6.966324 19.832249
v -260.706970 7.055398 19.832249
v -259.620056 6.966320 29.522366
v -259.620026 7.055394 29.522366
v -251.163742 7.055396 18.929340
v -251.163742 6.914128 18.929340
v -250.113937 6.914124 28.288555
v -260.522949 6.914130 19.979137
v -259.473145 6.914126 29.338356
v -251.028351 6.927176 18.759758
v -249.944351 6.927172 28.423935
v -260.692535 6.927179 19.843765
v -259.608521 6.927175 29.507942
v -251.062897 6.914128 18.803020
v -249.987610 6.914124 28.389400
v -260.649261 6.914130 19.878296
v -259.574005 6.914126 29.464680
v -250.223328 7.102896 28.083282
v -251.224945 7.102900 19.153755
v -260.298553 7.102903 20.040348
v -251.369019 7.102900 19.038746
v -259.411957 7.102899 29.113945
v -260.413544 7.102903 20.184418
v -259.267883 7.102899 29.228958
v -250.338348 7.102896 28.227356
v -254.475937 8.938156 29.131546
v -254.604355 8.938156 27.986576
v -254.604355 0.000540 27.986572
v -254.475937 0.000540 29.131542
v -252.205246 8.938154 28.876850
v -252.205246 0.000540 28.876846
v -252.333679 0.000540 27.731876
v -252.333679 8.938154 27.731880
v -254.438049 0.000540 28.119339
v -254.438049 8.938156 28.119343
v -254.343170 8.938156 28.965240
v -254.343170 0.000540 28.965237
v -252.466446 0.000540 27.898190
v -252.371567 0.000540 28.744087
v -252.371552 8.938154 28.744091
v -252.466446 8.938154 27.898193
v -254.604355 9.009090 27.986576
v -254.475937 9.009090 29.131546
v -254.343170 9.009090 28.965240
v -254.438049 9.009090 28.119343
v -252.205246 9.009088 28.876850
v -252.371552 9.009088 28.744091
v -252.333679 9.009088 27.731880
v -252.466446 9.009088 27.898193
v -262.442841 -0.637855 20.650272
v -248.388870 -0.637857 19.073875
v -248.857239 -0.637859 22.524502
v -248.001358 -0.637861 30.154861
v -261.210541 -0.637859 31.636501
v -248.012451 -0.637859 22.429745
v -248.857239 0.000541 22.524502
v -248.388870 0.000543 19.073875
v -262.442841 0.000546 20.650272
v -248.001358 0.000539 30.154861
v -261.210541 0.000542 31.636501
v -248.012451 0.000541 22.429745
v -251.412323 5.077946 21.122509
v -251.660416 2.982940 18.910812
v -248.083771 2.982940 18.509628
v -247.835693 5.077946 20.721325
v -251.168579 2.979786 23.295620
v -247.591934 2.979786 22.894436
v -247.566162 3.044749 23.124260
v -247.564178 3.084650 23.141933
v -251.140823 3.084650 23.543118
v -251.142792 3.044750 23.525444
v -251.686188 3.044752 18.680988
v -251.688171 3.084652 18.663315
v -248.111526 3.084652 18.262131
v -248.109543 3.044751 18.279804
v -247.572098 3.031450 23.071247
v -251.148743 3.031450 23.472431
v -251.680237 3.031452 18.734001
v -248.103607 3.031452 18.332817
v -248.083771 3.190598 18.509628
v -247.835693 5.276776 20.721325
v -251.660416 3.190598 18.910812
v -251.412338 5.276776 21.122509
v -247.591934 3.190596 22.894436
v -251.168579 3.190596 23.295620
v -248.388870 2.986175 19.073875
v -248.447708 2.983865 18.549335
v -248.388870 3.479730 19.073875
v -251.601700 3.479731 19.434250
v -251.660538 2.983866 18.909710
v -251.601700 2.986176 19.434250
v -248.012451 2.979786 22.429745
v -248.012451 3.467592 22.429745
v -247.955841 2.979786 22.934406
v -251.225281 3.467592 22.790119
v -251.225281 2.979786 22.790119
v -251.168671 2.979786 23.294781
v -251.168579 3.184077 23.295620
v -247.591934 3.184077 22.894436
v -247.591934 3.031450 22.894436
v -251.168579 3.031450 23.295620
v -247.564178 3.184077 23.141933
v -251.140823 3.184077 23.543118
v -251.688171 3.184079 18.663315
v -248.111526 3.184079 18.262131
v -248.083771 3.031452 18.509628
v -248.083771 3.184079 18.509628
v -251.660416 3.184079 18.910812
v -251.660416 3.031452 18.910812
v -251.050858 0.000542 24.345081
v -251.050858 2.979747 24.345081
v -250.892838 2.766946 25.753975
v -250.892838 0.851744 25.753975
v -250.767365 2.766946 26.872601
v -251.193192 2.979747 23.076233
v -250.767365 0.851744 26.872601
v -250.652878 0.000540 27.893219
v -251.193192 0.000542 23.076233
v -251.225281 0.000542 22.790119
v -251.083664 2.766946 25.775379
v -251.241684 2.979747 24.366486
v -251.241699 0.000542 24.366486
v -251.083664 0.851744 25.775379
v -250.958191 2.766946 26.894005
v -250.865692 3.405346 27.718636
v -251.432877 3.405349 22.661987
v -251.384018 2.979747 23.097637
v -250.865692 0.000540 27.718636
v -250.958191 0.851744 26.894005
v -251.384018 0.000542 23.097637
v -251.432877 0.000542 22.661987
v -252.444458 0.000540 28.094177
v -256.749298 1.064547 20.011642
v -256.749298 2.979750 20.011642
v -252.325409 2.766948 19.515427
v -252.325409 0.851746 19.515427
v -248.388870 3.405349 19.073875
v -250.633621 2.766948 19.325661
v -257.955719 2.979750 20.146965
v -260.060669 0.000545 20.383072
v -257.955719 1.064547 20.146965
v -250.633621 0.851746 19.325661
v -252.304016 2.766948 19.706257
v -256.727875 2.979750 20.202473
v -256.727875 1.064547 20.202473
v -252.304016 0.851746 19.706257
v -250.612213 2.766948 19.516491
v -248.547974 3.405349 19.284950
v -257.934326 2.979750 20.337795
v -257.934326 1.064547 20.337795
v -259.848419 0.000545 20.552498
v -248.547974 0.000543 19.284950
v -250.612213 0.851746 19.516491
v -257.054077 2.979746 28.611225
v -257.054077 1.064543 28.611225
v -256.294373 0.000541 28.526012
v -256.294373 2.979748 28.526012
v -258.172699 1.064543 28.736698
v -259.111847 0.000541 28.842041
v -258.172699 2.979746 28.736698
v -255.025528 2.979748 28.383690
v -255.025543 0.000540 28.383690
v -254.416061 0.000540 28.315327
v -256.316376 0.000541 28.330025
v -257.076050 1.064543 28.415237
v -257.076050 2.979748 28.415237
v -256.316376 2.979748 28.330025
v -258.942993 0.000541 28.624649
v -258.194672 1.064543 28.540710
v -258.194672 2.979746 28.540710
v -255.047516 2.979748 28.187702
v -255.047516 0.000540 28.187702
v -259.589813 0.000543 24.580879
v -259.589813 2.979749 24.580879
v -259.733124 2.979749 23.303265
v -259.733124 1.064545 23.303265
v -259.922882 2.979749 21.611469
v -259.226105 2.979748 27.823486
v -259.922882 1.064545 21.611469
v -259.226105 0.000541 27.823486
v -259.542297 2.979749 23.281860
v -259.398987 2.979749 24.559475
v -259.398987 0.000543 24.559475
v -259.542297 1.064545 23.281860
v -259.732056 2.979749 21.590065
v -259.035278 2.979748 27.802082
v -259.732056 1.064545 21.590065
v -259.035278 0.000541 27.802082
v -251.225281 3.479732 22.790119
v -248.012451 3.479733 22.429745
v -248.209732 0.000541 22.300453
v -251.432877 3.479733 22.661987
v -248.209732 3.479733 22.300453
v -248.199509 5.077946 20.762135
v -248.137924 2.979746 21.311119
v -248.388870 3.479734 19.073875
v -248.263397 2.979748 20.192501
v -248.263397 1.064545 20.192501
v -248.137924 1.064545 21.311119
v -248.318436 2.979746 21.331364
v -248.380005 5.077946 20.782379
v -248.547974 3.479734 19.284950
v -248.443909 2.979748 20.212746
v -248.318436 1.064545 21.331364
v -248.443909 1.064545 20.212746
v -248.141876 1.100012 21.275875
v -248.141876 2.944280 21.275875
v -248.259445 1.100012 20.227749
v -248.259445 2.944282 20.227749
v -248.322388 2.944280 21.296120
v -248.322388 1.100012 21.296120
v -248.439957 1.100012 20.247993
v -248.439957 2.944282 20.247993
v -248.211792 1.135478 21.248024
v -248.211792 1.933321 21.248024
v -248.207840 1.968787 21.283272
v -248.207840 1.100012 21.283272
v -248.321457 1.135479 20.270390
v -248.325409 1.100012 20.235146
v -248.321457 1.933321 20.270390
v -248.325409 1.968787 20.235146
v -248.243088 1.968787 21.287224
v -248.247040 1.933321 21.251976
v -248.247040 1.135478 21.251976
v -248.243088 1.100012 21.287224
v -248.356689 1.135479 20.274342
v -248.360657 1.100012 20.239098
v -248.356689 1.933321 20.274342
v -248.360657 1.968787 20.239098
v -248.247040 2.004252 21.251976
v -248.247040 2.908813 21.251976
v -248.243088 2.944280 21.287224
v -248.356689 2.004254 20.274342
v -248.356689 2.908814 20.274342
v -248.360657 2.944282 20.239098
v -248.278320 2.944280 21.291180
v -248.282288 2.908813 21.255932
v -248.282288 2.004252 21.255932
v -248.278336 1.968787 21.291180
v -248.391937 2.004254 20.278297
v -248.395889 1.968787 20.243053
v -248.391937 2.908814 20.278297
v -248.395889 2.944282 20.243053
v -248.332581 1.933321 20.271641
v -248.222931 1.933321 21.249275
v -248.222931 1.135478 21.249275
v -248.332581 1.135479 20.271641
v -248.231735 1.135478 21.250263
v -248.231735 1.933321 21.250263
v -248.341400 1.933321 20.272629
v -248.341400 1.135479 20.272629
v -248.367828 2.908814 20.275593
v -248.258179 2.908813 21.253227
v -248.258179 2.004252 21.253227
v -248.367828 2.004254 20.275593
v -248.266983 2.004252 21.254215
v -248.266983 2.908813 21.254215
v -248.376648 2.908814 20.276581
v -248.376648 2.004254 20.276581
v -250.771317 0.887210 26.837353
v -250.771317 2.731480 26.837353
v -250.888885 0.887210 25.789223
v -250.888885 2.731480 25.789223
v -250.962143 2.731480 26.858757
v -250.962143 0.887210 26.858757
v -251.079712 0.887210 25.810627
v -251.083664 0.851744 25.775379
v -251.079712 2.731480 25.810627
v -250.841217 0.922677 26.809505
v -250.841217 1.720519 26.809505
v -250.837265 1.755985 26.844749
v -250.837265 0.887210 26.844749
v -250.950882 0.922677 25.831863
v -250.954834 0.887210 25.796619
v -250.950882 1.720519 25.831863
v -250.954834 1.755985 25.796619
v -250.872513 1.755985 26.848705
v -250.876465 1.720519 26.813461
v -250.876465 0.922677 26.813461
v -250.872513 0.887210 26.848705
v -250.986130 0.922677 25.835819
v -250.990082 0.887210 25.800575
v -250.986130 1.720519 25.835819
v -250.990082 1.755985 25.800575
v -250.876465 1.791453 26.813461
v -250.876465 2.696013 26.813461
v -250.872513 2.731480 26.848705
v -250.986130 1.791453 25.835819
v -250.986130 2.696013 25.835819
v -250.990082 2.731480 25.800575
v -250.907761 2.731480 26.852657
v -250.911713 2.696013 26.817413
v -250.911713 1.791453 26.817413
v -250.907761 1.755985 26.852657
v -251.021378 1.791453 25.839771
v -251.025330 1.755985 25.804527
v -251.021378 2.696013 25.839771
v -251.025330 2.731480 25.804527
v -250.962021 1.720519 25.833115
v -250.852356 1.720519 26.810757
v -250.852356 0.922677 26.810757
v -250.962021 0.922677 25.833115
v -250.861176 0.922677 26.811745
v -250.861176 1.720519 26.811745
v -250.970825 1.720519 25.834103
v -250.970825 0.922677 25.834103
v -250.997269 2.696013 25.837067
v -250.887604 2.696013 26.814709
v -250.887604 1.791453 26.814709
v -250.997269 1.791453 25.837067
v -250.896423 1.791453 26.815697
v -250.896423 2.696013 26.815697
v -251.006073 2.696013 25.838055
v -251.006073 1.791453 25.838055
v -251.240128 1.599769 23.367012
v -251.161057 1.599769 24.071926
v -251.161057 1.380521 24.071926
v -251.240128 1.380521 23.367012
v -251.137329 2.908813 24.283401
v -251.137329 0.023386 24.283401
v -251.161057 0.284275 24.071926
v -251.161057 0.503524 24.071926
v -251.161057 0.722773 24.071926
v -251.161057 0.942024 24.071926
v -251.161057 1.161272 24.071926
v -251.161057 1.819017 24.071926
v -251.161057 2.038265 24.071926
v -251.161057 2.257517 24.071926
v -251.161057 2.476765 24.071926
v -251.161057 2.696013 24.071926
v -251.240128 0.284275 23.367012
v -251.263840 0.023386 23.155537
v -251.263840 2.908813 23.155537
v -251.240128 2.696013 23.367012
v -251.240128 2.476765 23.367012
v -251.240128 2.257517 23.367012
v -251.240128 2.038265 23.367012
v -251.240128 1.819017 23.367012
v -251.240128 1.161272 23.367012
v -251.240128 0.942024 23.367012
v -251.240128 0.722773 23.367012
v -251.240128 0.503524 23.367012
v -251.196304 1.380521 24.075878
v -251.196304 1.599769 24.075878
v -251.275360 1.599769 23.370964
v -251.275360 1.380521 23.370964
v -251.196304 0.284275 24.075878
v -251.172577 0.023386 24.287354
v -251.172577 2.908813 24.287354
v -251.196304 0.503524 24.075878
v -251.196304 2.696013 24.075878
v -251.196304 2.476765 24.075878
v -251.196304 2.257517 24.075878
v -251.196304 2.038265 24.075878
v -251.196304 1.819017 24.075878
v -251.196304 1.161272 24.075878
v -251.196304 0.942024 24.075878
v -251.196304 0.722773 24.075878
v -251.275360 0.284275 23.370964
v -251.299088 0.023386 23.159489
v -251.275360 2.696013 23.370964
v -251.299088 2.908813 23.159489
v -251.275360 2.476765 23.370964
v -251.275360 0.503524 23.370964
v -251.275360 0.722773 23.370964
v -251.275360 0.942024 23.370964
v -251.275360 1.161272 23.370964
v -251.275360 1.819017 23.370964
v -251.275360 2.038265 23.370964
v -251.275360 2.257517 23.370964
v -251.058777 0.023386 24.274590
v -251.058777 2.908813 24.274590
v -251.185272 0.023386 23.146725
v -251.185272 2.908813 23.146725
v -251.241699 2.979747 24.366486
v -251.249603 2.908813 24.295994
v -251.249603 0.023386 24.295994
v -251.241699 0.000542 24.366486
v -251.376114 0.023386 23.168129
v -251.384018 0.000542 23.097637
v -251.376114 2.908813 23.168129
v -251.384018 2.979747 23.097637
v -251.253967 0.503524 23.368565
v -251.174896 0.503524 24.073479
v -251.174896 0.284275 24.073479
v -251.253967 0.284275 23.368565
v -251.253967 0.942024 23.368565
v -251.174896 0.942024 24.073479
v -251.174896 0.722773 24.073479
v -251.253967 0.722773 23.368565
v -251.253967 1.380521 23.368565
v -251.174896 1.380521 24.073479
v -251.174896 1.161272 24.073479
v -251.253967 1.161272 23.368565
v -251.174896 2.476765 24.073479
v -251.253967 2.476765 23.368565
v -251.253967 2.696013 23.368565
v -251.174896 2.696013 24.073479
v -251.174896 2.038265 24.073479
v -251.253967 2.038265 23.368565
v -251.253967 2.257517 23.368565
v -251.174896 2.257517 24.073479
v -251.174896 1.599769 24.073479
v -251.253967 1.599769 23.368565
v -251.253967 1.819017 23.368565
v -251.174896 1.819017 24.073479
v -251.183716 0.284275 24.074467
v -251.183716 0.503524 24.074467
v -251.262787 0.503524 23.369553
v -251.262787 0.284275 23.369553
v -251.183716 0.722773 24.074467
v -251.183716 0.942024 24.074467
v -251.262787 0.942024 23.369553
v -251.262787 0.722773 23.369553
v -251.183716 1.161272 24.074467
v -251.183716 1.380521 24.074467
v -251.262787 1.380521 23.369553
v -251.262787 1.161272 23.369553
v -251.262787 2.696013 23.369553
v -251.262787 2.476765 23.369553
v -251.183716 2.476765 24.074467
v -251.183716 2.696013 24.074467
v -251.262787 2.257517 23.369553
v -251.262787 2.038265 23.369553
v -251.183716 2.038265 24.074467
v -251.183716 2.257517 24.074467
v -251.262787 1.819017 23.369553
v -251.262787 1.599769 23.369553
v -251.183716 1.599769 24.074467
v -251.183716 1.819017 24.074467
v -251.237122 1.219888 23.298470
v -251.248978 1.219888 23.192734
v -251.245026 1.255355 23.227978
v -251.241074 1.255355 23.263226
v -251.248978 1.326288 23.192734
v -251.245026 1.290821 23.227978
v -251.237122 1.326288 23.298470
v -251.241074 1.290821 23.263226
v -251.177246 1.255355 23.220375
v -251.197128 1.255355 23.258297
v -251.177246 1.290821 23.220375
v -251.197128 1.290821 23.258297
v -251.147705 1.255355 23.483700
v -251.147705 1.290821 23.483700
v -251.171539 1.290821 23.486374
v -251.171539 1.255355 23.486374
v -251.295242 1.219888 23.304993
v -251.299194 1.255355 23.269749
v -251.303162 1.255355 23.234501
v -251.307114 1.219888 23.199257
v -251.303162 1.290821 23.234501
v -251.307114 1.326288 23.199257
v -251.299194 1.290821 23.269749
v -251.295242 1.326288 23.304993
v -251.340088 1.255355 23.274334
v -251.367889 1.255355 23.241760
v -251.367889 1.290821 23.241760
v -251.340088 1.290821 23.274334
v -251.338348 1.255355 23.505085
v -251.314514 1.255355 23.502411
v -251.314514 1.290821 23.502411
v -251.338348 1.290821 23.505085
v -255.316895 1.599768 28.331596
v -256.021820 1.599768 28.410664
v -256.021820 1.380520 28.410664
v -255.316895 1.380520 28.331596
v -256.233276 2.908813 28.434383
v -256.233276 0.023385 28.434383
v -256.021820 0.284274 28.410664
v -256.021820 0.503523 28.410664
v -256.021820 0.722772 28.410664
v -256.021820 0.942023 28.410664
v -256.021820 1.161271 28.410664
v -256.021820 1.819016 28.410664
v -256.021820 2.038265 28.410664
v -256.021820 2.257515 28.410664
v -256.021820 2.476764 28.410664
v -256.021820 2.696013 28.410664
v -255.316895 0.284274 28.331596
v -255.105423 0.023385 28.307877
v -255.105423 2.908813 28.307873
v -255.316895 2.696013 28.331596
v -255.316895 2.476764 28.331596
v -255.316895 2.257515 28.331596
v -255.316895 2.038265 28.331596
v -255.316895 1.819016 28.331596
v -255.316895 1.161270 28.331596
v -255.316895 0.942022 28.331596
v -255.316895 0.722771 28.331596
v -255.316895 0.503523 28.331596
v -256.025757 1.380520 28.375416
v -256.025757 1.599768 28.375416
v -255.320847 1.599768 28.296349
v -255.320847 1.380520 28.296349
v -256.025757 0.284274 28.375416
v -256.237244 0.023385 28.399136
v -256.237244 2.908813 28.399136
v -256.025757 0.503523 28.375416
v -256.025757 2.696013 28.375416
v -256.025757 2.476764 28.375416
v -256.025757 2.257515 28.375416
v -256.025757 2.038265 28.375416
v -256.025757 1.819016 28.375416
v -256.025757 1.161271 28.375416
v -256.025757 0.942023 28.375416
v -256.025757 0.722772 28.375416
v -255.320847 0.284274 28.296349
v -255.109375 0.023385 28.272629
v -255.320847 2.696013 28.296349
v -255.109375 2.908813 28.272625
v -255.320847 2.476764 28.296349
v -255.320847 0.503523 28.296349
v -255.320847 0.722771 28.296349
v -255.320847 0.942022 28.296349
v -255.320847 1.161270 28.296349
v -255.320847 1.819016 28.296349
v -255.320847 2.038265 28.296349
v -255.320847 2.257515 28.296349
v -256.224457 0.023385 28.512939
v -256.224457 2.908813 28.512939
v -256.294952 2.979748 28.520847
v -256.294952 0.000541 28.520847
v -255.096603 0.023385 28.386433
v -255.026108 0.000540 28.378529
v -255.096603 2.908813 28.386433
v -255.026108 2.979748 28.378529
v -256.316376 2.979748 28.330021
v -256.245880 2.908813 28.322113
v -256.245880 0.023385 28.322113
v -256.316376 0.000541 28.330021
v -255.118011 0.023385 28.195606
v -255.047516 0.000540 28.187698
v -255.118011 2.908813 28.195602
v -255.047516 2.979748 28.187698
v -255.318451 0.503523 28.317745
v -256.023346 0.503523 28.396812
v -256.023346 0.284274 28.396812
v -255.318451 0.284274 28.317745
v -255.318451 0.942022 28.317745
v -256.023346 0.942023 28.396812
v -256.023346 0.722772 28.396812
v -255.318451 0.722771 28.317745
v -255.318451 1.380520 28.317745
v -256.023346 1.380520 28.396812
v -256.023346 1.161271 28.396812
v -255.318451 1.161270 28.317745
v -256.023346 2.476764 28.396812
v -255.318451 2.476764 28.317745
v -255.318451 2.696013 28.317745
v -256.023346 2.696013 28.396812
v -256.023346 2.038265 28.396812
v -255.318451 2.038265 28.317745
v -255.318451 2.257515 28.317745
v -256.023346 2.257515 28.396812
v -256.023346 1.599768 28.396812
v -255.318451 1.599768 28.317745
v -255.318451 1.819016 28.317745
v -256.023346 1.819016 28.396812
v -256.024353 0.284274 28.388000
v -256.024353 0.503523 28.388000
v -255.319427 0.503523 28.308933
v -255.319427 0.284274 28.308933
v -256.024353 0.722772 28.388000
v -256.024353 0.942023 28.388000
v -255.319427 0.942022 28.308933
v -255.319427 0.722771 28.308933
v -256.024353 1.161271 28.388000
v -256.024353 1.380520 28.388000
v -255.319427 1.380520 28.308933
v -255.319427 1.161270 28.308933
v -255.319427 2.696013 28.308933
v -255.319427 2.476764 28.308933
v -256.024353 2.476764 28.388000
v -256.024353 2.696013 28.388000
v -255.319427 2.257515 28.308933
v -255.319427 2.038265 28.308933
v -256.024353 2.038265 28.388000
v -256.024353 2.257515 28.388000
v -255.319427 1.819016 28.308933
v -255.319427 1.599768 28.308933
v -256.024353 1.599768 28.388000
v -256.024353 1.819016 28.388000
v -255.248352 1.219887 28.334595
v -255.142609 1.219887 28.322735
v -255.177856 1.255354 28.326687
v -255.213104 1.255354 28.330643
v -255.142609 1.326287 28.322735
v -255.177856 1.290820 28.326687
v -255.248352 1.326287 28.334595
v -255.213104 1.290820 28.330643
v -255.170258 1.255354 28.394470
v -255.208176 1.255354 28.374584
v -255.170258 1.290820 28.394470
v -255.208176 1.290820 28.374584
v -255.433578 1.255354 28.424007
v -255.433578 1.290820 28.424007
v -255.436264 1.290820 28.400166
v -255.436264 1.255354 28.400166
v -255.254868 1.219887 28.276466
v -255.219635 1.255354 28.272514
v -255.184387 1.255354 28.268559
v -255.149139 1.219887 28.264606
v -255.184387 1.290820 28.268559
v -255.149139 1.326287 28.264606
v -255.219635 1.290820 28.272514
v -255.254868 1.326287 28.276466
v -255.224213 1.255354 28.231625
v -255.191650 1.255354 28.203831
v -255.191650 1.290820 28.203831
v -255.224213 1.290820 28.231625
v -255.454971 1.255354 28.233368
v -255.452286 1.255354 28.257206
v -255.452286 1.290820 28.257206
v -255.454971 1.290820 28.233368
v -258.138031 1.100009 28.727585
v -258.138031 2.944279 28.727585
v -258.173279 2.979746 28.731537
v -258.173279 1.064543 28.731537
v -257.089905 1.100009 28.610016
v -257.054657 1.064543 28.606064
v -257.089905 2.944279 28.610016
v -257.054657 2.979746 28.606064
v -258.159424 2.944279 28.536758
v -258.159424 1.100009 28.536758
v -257.111298 1.100009 28.419189
v -257.111298 2.944279 28.419189
v -258.110168 1.135477 28.657669
v -258.110168 1.933318 28.657669
v -258.145416 1.968785 28.661625
v -258.145416 1.100009 28.661625
v -257.132538 1.135477 28.548012
v -257.097290 1.100009 28.544056
v -257.132538 1.933317 28.548012
v -257.097290 1.968785 28.544056
v -258.149384 1.968785 28.626381
v -258.114136 1.933318 28.622425
v -258.114136 1.135477 28.622425
v -258.149384 1.100009 28.626381
v -257.136505 1.135477 28.512768
v -257.101257 1.100009 28.508812
v -257.136505 1.933317 28.512768
v -257.101257 1.968785 28.508812
v -258.114136 2.004251 28.622425
v -258.114136 2.908813 28.622425
v -258.149384 2.944279 28.626381
v -257.136505 2.004251 28.512768
v -257.136505 2.908813 28.512768
v -257.101257 2.944279 28.508812
v -258.153320 2.944279 28.591133
v -258.118073 2.908813 28.587177
v -258.118073 2.004251 28.587177
v -258.153320 1.968785 28.591133
v -257.140442 2.004251 28.477520
v -257.105194 1.968785 28.473564
v -257.140442 2.908813 28.477520
v -257.105194 2.944279 28.473564
v -257.133789 1.933317 28.536873
v -258.111420 1.933318 28.646530
v -258.111420 1.135477 28.646530
v -257.133789 1.135477 28.536873
v -258.112427 1.135477 28.637722
v -258.112427 1.933318 28.637722
v -257.134766 1.933317 28.528065
v -257.134766 1.135477 28.528065
v -257.137726 2.908813 28.501629
v -258.115387 2.908813 28.611286
v -258.115387 2.004251 28.611286
v -257.137726 2.004251 28.501629
v -258.116364 2.004251 28.602478
v -258.116364 2.908813 28.602478
v -257.138733 2.908813 28.492821
v -257.138733 2.004251 28.492821
v -259.728088 1.100012 21.625305
v -259.546234 1.100012 23.246609
v -259.542297 1.064545 23.281857
v -259.732056 1.064545 21.590061
v -259.728088 2.944281 21.625313
v -259.546234 2.944281 23.246616
v -259.733124 1.064545 23.303261
v -259.737061 1.100012 23.268013
v -259.918915 1.100012 21.646709
v -259.922882 1.064545 21.611465
v -259.918915 2.944281 21.646717
v -259.737061 2.944281 23.268021
v -259.790100 1.135479 21.667950
v -259.709503 1.135479 22.386608
v -259.705536 1.100012 22.421852
v -259.794067 1.100012 21.632702
v -259.790100 2.908815 21.667953
v -259.794067 2.944281 21.632710
v -259.709503 2.908815 22.386608
v -259.705536 2.944281 22.421852
v -259.740784 1.100012 22.425808
v -259.744751 1.135479 22.390564
v -259.825348 1.135479 21.671906
v -259.829315 1.100012 21.636658
v -259.825348 2.908815 21.671909
v -259.829315 2.944281 21.636665
v -259.744751 2.908815 22.390564
v -259.740784 2.944281 22.425808
v -259.736847 1.135479 22.461056
v -259.651398 1.135479 23.222717
v -259.647461 1.100012 23.257961
v -259.736847 2.908815 22.461056
v -259.651398 2.908815 23.222721
v -259.647461 2.944281 23.257969
v -259.682678 1.100012 23.261913
v -259.686646 1.135479 23.226669
v -259.772095 1.135479 22.465008
v -259.776031 1.100012 22.429760
v -259.772064 2.908815 22.465008
v -259.776031 2.944281 22.429760
v -259.686646 2.908815 23.226673
v -259.682678 2.944281 23.261921
v -259.720642 2.908815 22.387859
v -259.720642 1.135479 22.387859
v -259.801239 1.135479 21.669201
v -259.801239 2.908815 21.669205
v -259.810059 1.135479 21.670189
v -259.729431 1.135479 22.388847
v -259.729431 2.908815 22.388847
v -259.810059 2.908815 21.670193
v -259.662537 2.908815 23.223969
v -259.662537 1.135479 23.223965
v -259.747986 1.135479 22.462303
v -259.747986 2.908815 22.462303
v -259.756775 1.135479 22.463291
v -259.671356 1.135479 23.224953
v -259.671356 2.908815 23.224957
v -259.756775 2.908815 22.463291
v -259.395020 0.036010 24.594719
v -259.039215 0.036008 27.766830
v -259.035278 0.000541 27.802078
v -259.398987 0.000543 24.559475
v -259.395020 2.944281 24.594723
v -259.039215 2.944279 27.766834
v -259.226105 0.000541 27.823483
v -259.230042 0.036008 27.788235
v -259.585846 0.036010 24.616123
v -259.589813 0.000543 24.580879
v -259.585846 2.944281 24.616127
v -259.230042 2.944279 27.788239
v -259.167206 0.248810 26.924648
v -259.096039 0.248810 27.559071
v -259.072327 0.036008 27.770542
v -259.190918 0.036010 26.713169
v -259.167206 2.731481 26.924648
v -259.190918 2.944281 26.713177
v -259.096039 2.731479 27.559071
v -259.072327 2.944279 27.770546
v -259.107574 0.036008 27.774498
v -259.131287 0.248810 27.563026
v -259.202454 0.248810 26.928604
v -259.226166 0.036010 26.717125
v -259.202454 2.731481 26.928604
v -259.226166 2.944281 26.717133
v -259.131287 2.731479 27.563026
v -259.107574 2.944279 27.774502
v -259.321045 0.248810 25.871231
v -259.249908 0.248810 26.505653
v -259.344788 0.036010 25.659756
v -259.321045 2.731481 25.871235
v -259.344788 2.944281 25.659760
v -259.249908 2.731481 26.505657
v -259.261414 0.036010 26.721077
v -259.285126 0.248810 26.509605
v -259.356293 0.248810 25.875183
v -259.380035 0.036010 25.663708
v -259.356293 2.731481 25.875187
v -259.380035 2.944281 25.663712
v -259.285126 2.731481 26.509609
v -259.261414 2.944281 26.721085
v -259.474915 0.248810 24.817814
v -259.403748 0.248810 25.452236
v -259.498627 0.036010 24.606339
v -259.474915 2.731481 24.817818
v -259.498627 2.944281 24.606342
v -259.403748 2.731481 25.452240
v -259.415283 0.036010 25.667660
v -259.438995 0.248810 25.456188
v -259.510162 0.248810 24.821766
v -259.533875 0.036010 24.610291
v -259.510162 2.731481 24.821770
v -259.533875 2.944281 24.610294
v -259.438995 2.731481 25.456192
v -259.415283 2.944281 25.667664
v -259.107178 2.731479 27.560322
v -259.107178 0.248810 27.560322
v -259.178345 0.248810 26.925900
v -259.178345 2.731481 26.925900
v -259.187164 0.248810 26.926888
v -259.115997 0.248810 27.561310
v -259.115997 2.731479 27.561310
v -259.187164 2.731481 26.926888
v -259.261047 2.731481 26.506905
v -259.261047 0.248810 26.506901
v -259.332184 0.248810 25.872478
v -259.332184 2.731481 25.872482
v -259.341003 0.248810 25.873466
v -259.269836 0.248810 26.507889
v -259.269836 2.731481 26.507893
v -259.341003 2.731481 25.873470
v -259.414886 2.731481 25.453487
v -259.414886 0.248810 25.453484
v -259.486053 0.248810 24.819061
v -259.486053 2.731481 24.819065
v -259.494843 0.248810 24.820053
v -259.423706 0.248810 25.454475
v -259.423706 2.731481 25.454475
v -259.494843 2.731481 24.820053
v -257.899078 1.100013 20.333843
v -257.899078 2.944283 20.333843
v -256.763123 1.100013 20.206425
v -256.763123 2.944283 20.206425
v -257.920502 2.944283 20.143013
v -257.920502 1.100013 20.143013
v -256.784546 1.100013 20.015594
v -256.784546 2.944283 20.015594
v -257.871246 1.135481 20.263931
v -257.871246 1.933321 20.263931
v -257.906494 1.968789 20.267883
v -257.906494 1.100013 20.267883
v -256.805786 1.135481 20.144421
v -256.770538 1.100013 20.140465
v -256.805786 1.933321 20.144421
v -256.770538 1.968789 20.140465
v -257.910431 1.968789 20.232639
v -257.875183 1.933321 20.228687
v -257.875183 1.135481 20.228687
v -257.910431 1.100013 20.232639
v -256.809723 1.135481 20.109177
v -256.774475 1.100013 20.105221
v -256.809723 1.933321 20.109177
v -256.774475 1.968789 20.105221
v -257.875183 2.004255 20.228687
v -257.875183 2.908817 20.228687
v -257.910431 2.944283 20.232639
v -256.809723 2.004255 20.109177
v -256.809723 2.908817 20.109177
v -256.774475 2.944283 20.105221
v -257.914398 2.944283 20.197395
v -257.879150 2.908817 20.193443
v -257.879150 2.004255 20.193443
v -257.914398 1.968789 20.197395
v -256.813690 2.004255 20.073933
v -256.778442 1.968789 20.069977
v -256.813690 2.908817 20.073933
v -256.778442 2.944283 20.069977
v -256.807007 1.933321 20.133286
v -257.872498 1.933321 20.252796
v -257.872498 1.135481 20.252796
v -256.807007 1.135481 20.133286
v -257.873474 1.135481 20.243984
v -257.873474 1.933321 20.243984
v -256.808014 1.933321 20.124474
v -256.808014 1.135481 20.124474
v -256.810974 2.908817 20.098038
v -257.876434 2.908817 20.217548
v -257.876434 2.004255 20.217548
v -256.810974 2.004255 20.098038
v -257.877441 2.004255 20.208736
v -257.877441 2.908817 20.208736
v -256.811951 2.908817 20.089226
v -256.811951 2.004255 20.089226
v -252.290176 0.887213 19.511475
v -250.668869 0.887212 19.329617
v -252.290176 2.731482 19.511475
v -250.668869 2.731482 19.329617
v -250.647461 0.887212 19.520447
v -252.268768 0.887213 19.702305
v -252.268768 2.731482 19.702305
v -250.647461 2.731482 19.520447
v -252.247528 0.922679 19.573479
v -251.528870 0.922679 19.492870
v -251.493622 0.887212 19.488918
v -252.282776 0.887213 19.577435
v -252.247528 2.696015 19.573479
v -252.282776 2.731482 19.577435
v -251.528870 2.696015 19.492870
v -251.493622 2.731482 19.488918
v -251.489670 0.887212 19.524162
v -251.524918 0.922679 19.528114
v -252.243576 0.922679 19.608723
v -252.278824 0.887213 19.612679
v -252.243576 2.696015 19.608723
v -252.278824 2.731482 19.612679
v -251.524918 2.696015 19.528114
v -251.489670 2.731482 19.524162
v -251.454437 0.922679 19.520206
v -250.692764 0.922679 19.434772
v -250.657516 0.887212 19.430820
v -251.454437 2.696015 19.520206
v -250.692764 2.696015 19.434772
v -250.657516 2.731482 19.430820
v -250.653564 0.887212 19.466064
v -250.688812 0.922679 19.470016
v -251.450470 0.922679 19.555454
v -251.485718 0.887212 19.559410
v -251.450470 2.696015 19.555454
v -251.485718 2.731482 19.559410
v -250.688812 2.696015 19.470020
v -250.653564 2.731482 19.466068
v -251.527618 2.696015 19.504009
v -251.527618 0.922679 19.504009
v -252.246277 0.922679 19.584618
v -252.246277 2.696015 19.584618
v -252.245285 0.922679 19.593430
v -251.526642 0.922679 19.512821
v -251.526642 2.696015 19.512821
v -252.245285 2.696015 19.593430
v -250.691513 2.696015 19.445911
v -250.691513 0.922679 19.445911
v -251.453186 0.922679 19.531345
v -251.453186 2.696015 19.531345
v -251.452194 0.922679 19.540157
v -250.690521 0.922679 19.454723
v -250.690521 2.696015 19.454723
v -251.452194 2.696015 19.540157
v -258.023407 5.143219 20.347786
v -258.023407 6.349088 20.347790
v -256.979736 5.143219 20.230724
v -256.979736 6.349087 20.230728
v -258.044800 6.349088 20.156960
v -258.044800 5.143219 20.156956
v -257.001160 5.143219 20.039894
v -257.001160 6.349087 20.039898
v -257.995544 5.178686 20.277874
v -257.995544 5.675132 20.277874
v -258.030792 5.710598 20.281826
v -258.030792 5.143219 20.281826
v -257.022400 5.178686 20.168716
v -256.987152 5.143219 20.164764
v -257.022400 5.675132 20.168716
v -256.987152 5.710598 20.164764
v -258.034760 5.710598 20.246582
v -257.999512 5.675132 20.242630
v -257.999512 5.178686 20.242630
v -258.034760 5.143219 20.246582
v -257.026337 5.178686 20.133472
v -256.991089 5.143219 20.129520
v -257.026337 5.675132 20.133472
v -256.991089 5.710598 20.129520
v -257.999512 5.746065 20.242630
v -257.999512 6.313622 20.242634
v -258.034760 6.349088 20.246586
v -257.026337 5.746065 20.133472
v -257.026337 6.313620 20.133476
v -256.991089 6.349087 20.129524
v -258.038696 6.349088 20.211342
v -258.003448 6.313622 20.207390
v -258.003448 5.746065 20.207386
v -258.038696 5.710598 20.211338
v -257.030304 5.746065 20.098228
v -256.995056 5.710598 20.094276
v -257.030304 6.313620 20.098232
v -256.995056 6.349087 20.094280
v -257.023651 5.675132 20.157581
v -257.996796 5.675132 20.266739
v -257.996796 5.178686 20.266739
v -257.023651 5.178686 20.157581
v -257.997772 5.178686 20.257927
v -257.997772 5.675132 20.257927
v -257.024628 5.675132 20.148769
v -257.024628 5.178686 20.148769
v -257.027588 6.313620 20.122337
v -258.000763 6.313622 20.231495
v -258.000763 5.746065 20.231491
v -257.027588 5.746065 20.122334
v -258.001740 5.746065 20.222679
v -258.001740 6.313622 20.222683
v -257.028595 6.313620 20.113525
v -257.028595 5.746065 20.113522
v -254.950043 4.575752 19.809826
v -253.328735 4.575751 19.627968
v -254.950043 6.349087 19.809830
v -253.328735 6.349087 19.627972
v -253.307327 4.575751 19.818798
v -254.928635 4.575752 20.000656
v -254.928635 6.349087 20.000660
v -253.307327 6.349087 19.818802
v -254.907394 4.611217 19.871830
v -254.188736 4.611217 19.791222
v -254.153503 4.575751 19.787270
v -254.942642 4.575752 19.875786
v -254.907394 6.313620 19.871834
v -254.942642 6.349087 19.875790
v -254.188736 6.313620 19.791225
v -254.153503 6.349087 19.787273
v -254.149536 4.575751 19.822514
v -254.184784 4.611217 19.826466
v -254.903442 4.611217 19.907074
v -254.938690 4.575752 19.911030
v -254.903442 6.313620 19.907078
v -254.938690 6.349087 19.911034
v -254.184784 6.313620 19.826469
v -254.149536 6.349087 19.822517
v -254.114304 4.611217 19.818558
v -253.352631 4.611217 19.733124
v -253.317383 4.575751 19.729172
v -254.114304 6.313620 19.818562
v -253.352631 6.313620 19.733128
v -253.317383 6.349087 19.729176
v -253.313431 4.575751 19.764416
v -253.348679 4.611217 19.768368
v -254.110352 4.611217 19.853806
v -254.145584 4.575751 19.857761
v -254.110352 6.313620 19.853809
v -254.145584 6.349087 19.857765
v -253.348679 6.313620 19.768375
v -253.313431 6.349087 19.764423
v -254.187500 6.313620 19.802364
v -254.187500 4.611217 19.802361
v -254.906143 4.611217 19.882969
v -254.906143 6.313620 19.882973
v -254.905151 4.611217 19.891781
v -254.186508 4.611217 19.811172
v -254.186508 6.313620 19.811176
v -254.905151 6.313620 19.891785
v -253.351379 6.313620 19.744267
v -253.351379 4.611217 19.744263
v -254.113052 4.611217 19.829697
v -254.113052 6.313620 19.829700
v -254.112061 4.611217 19.838509
v -253.350388 4.611217 19.753075
v -253.350388 6.313620 19.753078
v -254.112061 6.313620 19.838512
v -256.259125 4.575748 28.522060
v -256.259125 6.349083 28.522064
v -255.390472 4.575748 28.424622
v -255.390472 6.349083 28.424625
v -256.315796 6.384551 28.335186
v -256.280548 6.349083 28.331234
v -256.280548 4.575748 28.331230
v -256.315796 4.540282 28.335182
v -255.411880 4.575748 28.233791
v -255.376633 4.540282 28.229839
v -255.411880 6.349083 28.233795
v -255.376633 6.384551 28.229843
v -256.231293 4.611214 28.452145
v -256.231293 5.115566 28.452145
v -256.266541 5.151033 28.456100
v -256.266541 4.575748 28.456100
v -255.433105 4.611214 28.362617
v -255.397873 4.575748 28.358662
v -255.433105 5.115566 28.362617
v -255.397873 5.151033 28.358662
v -256.270477 5.151033 28.420856
v -256.235229 5.115566 28.416901
v -256.235229 4.611214 28.416901
v -256.270477 4.575748 28.420856
v -255.437073 4.611214 28.327374
v -255.401825 4.575748 28.323418
v -255.437073 5.115566 28.327374
v -255.401825 5.151033 28.323418
v -256.235229 5.186499 28.416901
v -256.235229 6.313617 28.416904
v -256.270477 6.349083 28.420860
v -255.437073 5.186499 28.327374
v -255.437073 6.313617 28.327377
v -255.401825 6.349083 28.323421
v -256.274445 6.349083 28.385616
v -256.239197 6.313617 28.381660
v -256.239197 5.186499 28.381657
v -256.274445 5.151033 28.385612
v -255.441025 5.186499 28.292130
v -255.405777 5.151033 28.288174
v -255.441025 6.313617 28.292133
v -255.405777 6.349083 28.288177
v -255.434357 5.115566 28.351486
v -256.232544 5.115566 28.441013
v -256.232544 4.611214 28.441013
v -255.434357 4.611214 28.351486
v -256.233521 4.611214 28.432198
v -256.233521 5.115566 28.432198
v -255.435349 5.115566 28.342670
v -255.435349 4.611214 28.342670
v -255.438309 6.313617 28.316242
v -256.236481 6.313617 28.405769
v -256.236481 5.186499 28.405766
v -255.438309 5.186499 28.316238
v -256.237488 5.186499 28.396954
v -256.237488 6.313617 28.396957
v -255.439301 6.313617 28.307430
v -255.439301 5.186499 28.307426
v -258.137451 4.575748 28.732746
v -258.137451 6.349084 28.732750
v -257.268768 4.575748 28.635307
v -257.268768 6.349084 28.635311
v -258.194092 6.384552 28.545872
v -258.158844 6.349084 28.541920
v -258.158844 4.575748 28.541916
v -258.194092 4.540282 28.545868
v -257.290192 4.575748 28.444477
v -257.254944 4.540282 28.440525
v -257.290192 6.349084 28.444481
v -257.254944 6.384552 28.440529
v -258.109589 4.611216 28.662830
v -258.109589 5.115566 28.662830
v -258.144836 5.151033 28.666786
v -258.144836 4.575748 28.666786
v -257.311432 4.611216 28.573303
v -257.276184 4.575748 28.569347
v -257.311432 5.115566 28.573303
v -257.276184 5.151033 28.569347
v -258.148804 5.151033 28.631542
v -258.113556 5.115566 28.627586
v -258.113556 4.611216 28.627586
v -258.148804 4.575748 28.631542
v -257.315369 4.611216 28.538059
v -257.280121 4.575748 28.534103
v -257.315369 5.115566 28.538059
v -257.280121 5.151033 28.534103
v -258.113556 5.186500 28.627586
v -258.113556 6.313618 28.627590
v -258.148804 6.349084 28.631546
v -257.315369 5.186500 28.538059
v -257.315369 6.313618 28.538063
v -257.280121 6.349084 28.534107
v -258.152740 6.349084 28.596302
v -258.117493 6.313618 28.592346
v -258.117493 5.186500 28.592342
v -258.152740 5.151033 28.596298
v -257.319336 5.186500 28.502815
v -257.284088 5.151033 28.498859
v -257.319336 6.313618 28.502819
v -257.284088 6.349084 28.498863
v -257.312683 5.115566 28.562172
v -258.110840 5.115566 28.651699
v -258.110840 4.611216 28.651699
v -257.312683 4.611216 28.562172
v -258.111847 4.611216 28.642883
v -258.111847 5.115566 28.642883
v -257.313660 5.115566 28.553356
v -257.313660 4.611216 28.553356
v -257.316620 6.313618 28.526928
v -258.114807 6.313618 28.616455
v -258.114807 5.186500 28.616451
v -257.316620 5.186500 28.526924
v -258.115784 5.186500 28.607639
v -258.115784 6.313618 28.607643
v -257.317627 6.313618 28.518116
v -257.317627 5.186500 28.518112
v -259.942261 4.575752 21.438801
v -259.942261 6.349088 21.438808
v -259.946198 4.540285 21.403557
v -259.840363 4.575750 22.347118
v -259.840363 6.349086 22.347122
v -259.751404 6.349088 21.417404
v -259.751404 4.575752 21.417400
v -259.649536 4.575750 22.325714
v -259.649536 6.349086 22.325718
v -259.872345 4.611220 21.466648
v -259.872345 5.115569 21.466648
v -259.876282 5.151037 21.431404
v -259.876282 4.575752 21.431404
v -259.778351 4.611218 22.304474
v -259.774414 4.575750 22.339718
v -259.778351 5.115568 22.304474
v -259.774414 5.151035 22.339718
v -259.841034 5.151037 21.427452
v -259.837097 5.115569 21.462696
v -259.837097 4.611220 21.462696
v -259.841034 4.575752 21.427452
v -259.743103 4.611218 22.300522
v -259.739166 4.575750 22.335766
v -259.743103 5.115568 22.300522
v -259.739166 5.151035 22.335766
v -259.837097 5.186504 21.462696
v -259.837097 6.313622 21.462700
v -259.841034 6.349088 21.427456
v -259.743103 5.186502 22.300522
v -259.743103 6.313620 22.300526
v -259.739166 6.349086 22.335770
v -259.805786 6.349088 21.423504
v -259.801849 6.313622 21.458748
v -259.801849 5.186504 21.458744
v -259.805786 5.151037 21.423500
v -259.707855 5.186502 22.296570
v -259.703918 5.151035 22.331814
v -259.707855 6.313620 22.296574
v -259.703918 6.349086 22.331818
v -259.767212 5.115568 22.303226
v -259.861206 5.115569 21.465401
v -259.861206 4.611220 21.465401
v -259.767212 4.611218 22.303226
v -259.852386 4.611220 21.464413
v -259.852386 5.115569 21.464413
v -259.758423 5.115568 22.302238
v -259.758423 4.611218 22.302238
v -259.731964 6.313620 22.299278
v -259.825958 6.313622 21.461452
v -259.825958 5.186504 21.461449
v -259.731964 5.186502 22.299274
v -259.817139 5.186504 21.460461
v -259.817139 6.313622 21.460464
v -259.723175 6.313620 22.298290
v -259.723175 5.186502 22.298286
v -259.242676 5.568820 27.675636
v -259.550293 5.568820 24.933064
v -259.242676 6.349086 27.675640
v -259.550293 6.349086 24.933067
v -259.359467 5.568820 24.911659
v -259.051849 5.568820 27.654232
v -259.051849 6.349086 27.654236
v -259.359467 6.349086 24.911663
v -259.180664 5.604285 27.632992
v -259.316772 5.604285 26.419670
v -259.320709 5.568820 26.384426
v -259.176727 5.568820 27.668236
v -259.180664 6.313620 27.632996
v -259.176727 6.349086 27.668240
v -259.316772 6.313620 26.419674
v -259.320709 6.349086 26.384430
v -259.285492 5.568820 26.380474
v -259.281525 5.604285 26.415718
v -259.145416 5.604285 27.629040
v -259.141479 5.568820 27.664284
v -259.145416 6.313620 27.629044
v -259.141479 6.349086 27.664288
v -259.281525 6.313620 26.415722
v -259.285492 6.349086 26.380478
v -259.289429 5.604285 26.345226
v -259.445160 5.604285 24.956955
v -259.449097 5.568820 24.921711
v -259.289429 6.313620 26.345230
v -259.445160 6.313620 24.956959
v -259.449097 6.349086 24.921715
v -259.413849 5.568820 24.917759
v -259.409912 5.604285 24.953003
v -259.254181 5.604285 26.341274
v -259.250244 5.568820 26.376522
v -259.254181 6.313620 26.341278
v -259.250244 6.349086 26.376526
v -259.409912 6.313620 24.953007
v -259.413849 6.349086 24.917763
v -259.305634 6.313620 26.418427
v -259.305634 5.604285 26.418423
v -259.169525 5.604285 27.631744
v -259.169525 6.313620 27.631748
v -259.160736 5.604285 27.630756
v -259.296814 5.604285 26.417435
v -259.296814 6.313620 26.417439
v -259.160736 6.313620 27.630760
v -259.434021 6.313620 24.955711
v -259.434021 5.604285 24.955708
v -259.278290 5.604285 26.343979
v -259.278290 6.313620 26.343983
v -259.269470 5.604285 26.342991
v -259.425201 5.604285 24.954720
v -259.425201 6.313620 24.954723
v -259.269470 6.313620 26.342995
v -251.311951 4.575749 23.754463
v -251.311951 6.349084 23.754467
v -251.206558 4.575749 24.694073
v -251.206558 6.349084 24.694077
v -251.119537 6.349084 23.732883
v -251.119537 4.575749 23.732880
v -251.014145 4.575749 24.672489
v -251.014145 6.349084 24.672493
v -251.240448 4.611216 23.782131
v -251.240448 5.115568 23.782131
v -251.244400 5.151034 23.746887
v -251.244400 4.575749 23.746887
v -251.142960 4.611216 24.651253
v -251.139008 4.575749 24.686497
v -251.142960 5.115568 24.651253
v -251.139008 5.151034 24.686497
v -251.209152 5.151034 23.742931
v -251.205200 5.115568 23.778175
v -251.205200 4.611216 23.778175
v -251.209152 4.575749 23.742931
v -251.107712 4.611216 24.647297
v -251.103760 4.575749 24.682541
v -251.107712 5.115568 24.647297
v -251.103760 5.151034 24.682541
v -251.205200 5.186501 23.778175
v -251.205200 6.313619 23.778179
v -251.209152 6.349084 23.742935
v -251.107712 5.186501 24.647297
v -251.107712 6.313619 24.647301
v -251.103760 6.349084 24.682545
v -251.173920 6.349084 23.738983
v -251.169952 6.313619 23.774227
v -251.169952 5.186501 23.774223
v -251.173920 5.151034 23.738979
v -251.072479 5.186501 24.643345
v -251.068512 5.151034 24.678589
v -251.072479 6.313619 24.643349
v -251.068512 6.349084 24.678593
v -251.131821 5.115568 24.650002
v -251.229309 5.115568 23.780880
v -251.229309 4.611216 23.780880
v -251.131821 4.611216 24.650002
v -251.220505 4.611216 23.779892
v -251.220505 5.115568 23.779892
v -251.123016 5.115568 24.649014
v -251.123016 4.611216 24.649014
v -251.096588 6.313619 24.646053
v -251.194061 6.313619 23.776932
v -251.194061 5.186501 23.776928
v -251.096588 5.186501 24.646049
v -251.185257 5.186501 23.775940
v -251.185257 6.313619 23.775944
v -251.087769 6.313619 24.645065
v -251.087769 5.186501 24.645061
v -251.122238 4.575749 25.445816
v -251.122238 6.349084 25.445820
v -251.126190 6.384552 25.410576
v -251.126190 4.540283 25.410572
v -250.999786 4.575749 26.537468
v -250.999786 6.349084 26.537472
v -250.933777 6.384552 25.388992
v -250.929810 6.349084 25.424236
v -250.929810 4.575749 25.424229
v -250.807373 4.575749 26.515884
v -250.807373 6.349084 26.515888
v -251.050735 4.611216 25.473484
v -251.050735 5.115567 25.473484
v -251.054688 5.151034 25.438240
v -251.054688 4.575749 25.438236
v -250.936188 4.611216 26.494644
v -250.932236 4.575749 26.529892
v -250.936188 5.115567 26.494644
v -250.932236 5.151034 26.529892
v -251.019440 5.151034 25.434284
v -251.015488 5.115567 25.469528
v -251.015488 4.611216 25.469528
v -251.019440 4.575749 25.434280
v -250.900955 4.611216 26.490688
v -250.897003 4.575749 26.525936
v -250.900955 5.115567 26.490688
v -250.897003 5.151034 26.525936
v -251.015488 5.186501 25.469528
v -251.015488 6.313618 25.469532
v -251.019440 6.349084 25.434288
v -250.900955 5.186501 26.490688
v -250.900955 6.313618 26.490692
v -250.897003 6.349084 26.525940
v -250.984192 6.349084 25.430336
v -250.980240 6.313618 25.465580
v -250.980240 5.186501 25.465576
v -250.984192 5.151034 25.430332
v -250.865707 5.186501 26.486736
v -250.861755 5.151034 26.521984
v -250.865707 6.313618 26.486740
v -250.861755 6.349084 26.521988
v -250.925049 5.115567 26.493393
v -251.039597 5.115567 25.472233
v -251.039597 4.611216 25.472233
v -250.925049 4.611216 26.493393
v -251.030792 4.611216 25.471245
v -251.030792 5.115567 25.471245
v -250.916245 5.115567 26.492405
v -250.916245 4.611216 26.492405
v -250.889816 6.313618 26.489445
v -251.004349 6.313618 25.468285
v -251.004349 5.186501 25.468281
v -250.889816 5.186501 26.489441
v -250.995544 5.186501 25.467293
v -250.995544 6.313618 25.467297
v -250.880997 6.313618 26.488457
v -250.880997 5.186501 26.488453
v -251.412308 5.312243 21.122711
v -247.835663 5.312242 20.721527
v -247.936172 5.229591 20.620895
v -251.336594 5.229588 21.002312
v -248.087906 3.212718 18.472790
v -248.167770 3.282027 18.556152
v -251.664551 3.212719 18.873974
v -251.568192 3.282028 18.937569
v -251.164429 3.212480 23.332706
v -247.587784 3.212479 22.931522
v -247.684052 3.282260 22.868717
v -251.084457 3.282260 23.250134
v -247.911499 5.228882 20.840977
v -251.311905 5.228882 21.222393
v -247.932053 5.207469 20.657730
v -251.332458 5.207466 21.039146
v -248.163635 3.259907 18.592987
v -251.564056 3.259908 18.974403
v -247.688202 3.260377 22.831635
v -251.088623 3.260378 23.213055
v -247.915649 5.206998 20.803890
v -251.316071 5.206999 21.185307
v -247.996964 3.226064 18.500092
v -247.748886 5.312242 20.711792
v -247.748886 5.186374 20.711792
v -247.996964 3.091370 18.500092
v -247.505142 3.226062 22.884903
v -247.505142 3.091368 22.884903
v -247.835663 5.186374 20.721527
v -248.083740 3.226064 18.509827
v -248.083740 3.091370 18.509827
v -247.591919 3.091368 22.894638
v -247.591919 3.226062 22.894638
v -259.194641 4.360303 28.812908
v -262.354401 3.222542 20.729576
v -261.154938 3.222538 31.423073
v -248.868958 3.222729 23.128136
v -250.578659 4.360109 27.846600
v -248.102829 3.222727 29.958374
v -248.200089 3.220670 30.096687
v -259.062195 4.362167 28.916939
v -261.028900 3.220672 31.535664
v -247.819870 3.051288 30.273796
v -248.001358 3.182369 30.154861
v -247.804077 3.091188 30.284149
v -261.361145 3.051290 31.792690
v -261.321808 3.037990 31.751888
v -261.374268 3.091190 31.806286
v -247.804077 3.182369 30.284149
v -248.857239 3.037990 22.524502
v -248.857239 3.182371 22.524502
v -248.001358 3.037988 30.154861
v -261.210541 3.182372 31.636501
v -261.210541 3.037990 31.636501
v -262.442841 3.182376 20.650272
v -248.729599 3.037990 22.510185
v -248.689941 3.051291 22.505737
v -248.086792 3.254307 29.956573
v -248.198380 3.252657 30.111912
v -248.676727 3.091190 22.504253
v -261.374268 3.182372 31.806286
v -262.610107 3.051294 20.669037
v -247.867279 3.037988 30.242725
v -261.170898 3.254156 31.424866
v -261.027191 3.252660 31.550888
v -259.119446 4.433952 28.850918
v -260.145294 4.391926 20.481789
v -259.210632 4.391922 28.814697
v -262.458801 3.213995 20.652065
v -262.370361 3.254160 20.731369
v -250.643433 4.433941 27.900169
v -250.683151 4.394154 27.992500
v -250.562622 4.391693 27.844799
v -261.217743 3.215859 31.645683
v -248.780609 3.213951 23.062775
v -251.199371 4.391695 22.168079
v -248.852921 3.254309 23.126335
v -251.293732 4.432053 22.035110
v -259.111847 4.400471 28.842041
v -260.129333 4.360307 20.480000
v -250.684860 4.362167 27.977276
v -248.796646 3.182371 23.064575
v -251.215408 4.360111 22.169880
v -262.623322 3.182376 20.670521
v -262.623322 3.091194 20.670521
v -251.309769 4.400473 22.036911
v -262.442841 3.037994 20.650272
v -260.060669 4.400475 20.383072
v -259.060486 4.394155 28.932163
v -260.076630 4.432093 20.384861
v -259.194489 4.359987 28.812889
v -261.154755 3.222221 31.423058
v -262.354218 3.222225 20.729561
v -247.992264 3.215850 30.162243
v -250.652878 4.400471 27.893219
v -248.869125 3.222413 23.128151
v -248.102997 3.222411 29.958389
v -250.578827 4.359794 27.846619
v -248.200104 3.220350 30.096531
v -261.028900 3.220352 31.535507
v -259.062195 4.361848 28.916786
v -247.821228 3.051977 30.273304
v -247.804535 3.091240 30.283482
v -248.001511 3.181849 30.155235
v -261.360474 3.051063 31.794323
v -261.391449 3.085718 31.823597
v -261.322021 3.038411 31.751617
v -247.805008 3.181700 30.283920
v -247.995514 3.048693 30.154282
v -248.856842 3.182016 22.524811
v -261.210266 3.181464 31.636642
v -261.211426 3.039536 31.636703
v -262.443146 3.182021 20.650669
v -248.729614 3.038366 22.510521
v -248.690475 3.051534 22.506054
v -248.003662 3.183105 30.153839
v -248.198105 3.252163 30.112034
v -248.086853 3.253607 29.957096
v -248.677063 3.091252 22.504627
v -261.376068 3.181711 31.805664
v -262.609528 3.051536 20.669235
v -262.370605 3.253008 20.731285
v -262.441101 3.182960 20.652370
v -260.144257 4.391422 20.481564
v -247.867126 3.038409 30.242413
v -261.170380 3.253542 31.425232
v -261.027466 3.252032 31.550789
v -261.210602 3.182656 31.637001
v -259.121674 4.431719 28.851631
v -259.210114 4.391653 28.814716
v -262.458160 3.213617 20.652782
v -250.641129 4.431716 27.900375
v -250.563110 4.391424 27.844929
v -250.682831 4.393802 27.991955
v -261.218262 3.215729 31.645409
v -248.781433 3.213838 23.062908
v -248.853119 3.253669 23.125904
v -251.199890 4.391427 22.168179
v -251.293655 4.431686 22.034386
v -259.112091 4.400238 28.842918
v -259.194702 4.360871 28.813335
v -259.062378 4.362631 28.916851
v -260.129730 4.361183 20.479313
v -262.354919 3.222698 20.729275
v -261.155640 3.223151 31.423687
v -248.102005 3.223345 29.958824
v -250.578522 4.360677 27.847004
v -250.684692 4.362629 27.977146
v -248.798889 3.183401 23.065796
v -248.868500 3.222853 23.127842
v -251.214706 4.361642 22.168350
v -248.199829 3.220872 30.097130
v -261.030457 3.223381 31.536961
v -262.622925 3.091256 20.670815
v -262.622925 3.182019 20.670834
v -251.310303 4.401036 22.036926
v -260.129181 4.359990 20.479980
v -251.215576 4.359796 22.169899
v -250.684875 4.361847 27.977123
v -262.443146 3.038349 20.650669
v -248.856842 3.038345 22.524811
v -259.060913 4.393803 28.931705
v -260.077606 4.431129 20.385071
v -247.994324 3.214945 30.161934
v -260.060791 4.400798 20.384418
v -250.652435 4.400237 27.894020
v -248.676727 3.182371 22.504253
v -262.570465 3.037994 20.664589
v -248.677048 3.182015 22.504642
v -262.570374 3.038369 20.664917
v -248.857239 2.980105 22.524502
v -248.001358 2.980103 30.154861
v -261.210541 2.980105 31.636501
v -262.442841 2.980109 20.650272
v -259.111847 2.980105 28.842041
v -250.652878 2.980103 27.893219
v -260.060669 2.980109 20.383072
v -251.225281 2.980105 22.790119
v -248.704025 1.277344 24.790298
v -248.680298 1.277344 25.001774
v -248.624863 1.277344 25.046024
v -248.659775 1.277344 24.734859
v -248.891785 1.277344 25.025494
v -248.936035 1.277344 25.080929
v -248.915497 1.277344 24.814018
v -248.970932 1.277344 24.769764
v -248.680298 2.885380 25.001774
v -248.704025 2.885380 24.790298
v -248.659775 2.885380 24.734859
v -248.624863 2.885380 25.046024
v -248.915497 2.885380 24.814018
v -248.970932 2.885380 24.769764
v -248.891785 2.885380 25.025494
v -248.936035 2.885380 25.080929
v -248.659775 0.106942 24.734859
v -248.624863 0.106942 25.046024
v -248.569427 0.106942 25.090279
v -248.615524 0.106942 24.679428
v -248.936035 0.106942 25.080929
v -248.980286 0.106942 25.136360
v -248.970932 0.106942 24.769764
v -249.026367 0.106942 24.725510
v -248.436386 1.277344 27.176342
v -248.412674 1.277344 27.387814
v -248.357239 1.277344 27.432068
v -248.392136 1.277344 27.120899
v -248.624146 1.277344 27.411533
v -248.668396 1.277342 27.466972
v -248.647858 1.277344 27.200062
v -248.703293 1.277344 27.155804
v -248.412674 2.885378 27.387814
v -248.436386 2.885378 27.176342
v -248.392136 2.885378 27.120899
v -248.357239 2.885378 27.432068
v -248.647858 2.885378 27.200062
v -248.703293 2.885378 27.155804
v -248.624146 2.885378 27.411533
v -248.668396 2.885378 27.466972
v -248.392136 0.106942 27.120899
v -248.357239 0.106942 27.432068
v -248.301804 0.106942 27.476322
v -248.347885 0.106942 27.065468
v -248.668396 0.106942 27.466972
v -248.712646 0.106942 27.522404
v -248.703293 0.106942 27.155804
v -248.758728 0.106942 27.111549
v -248.135941 1.277342 29.854877
v -248.112228 1.277342 30.066349
v -248.056793 1.277342 30.110611
v -248.091690 1.277342 29.799438
v -248.323700 1.277342 30.090069
v -248.367950 1.277342 30.145515
v -248.347412 1.277342 29.878597
v -248.402847 1.277342 29.834343
v -248.112228 2.885378 30.066349
v -248.135941 2.885378 29.854877
v -248.091690 2.885378 29.799438
v -248.056793 2.885378 30.110611
v -248.347412 2.885378 29.878597
v -248.402847 2.885378 29.834343
v -248.323700 2.885378 30.090069
v -248.367950 2.885378 30.145515
v -248.091690 0.106940 29.799438
v -248.056793 0.106940 30.110611
v -248.001358 0.106940 30.154861
v -248.047440 0.106940 29.744011
v -248.367950 0.106940 30.145515
v -248.412201 0.106940 30.200943
v -248.402847 0.106940 29.834343
v -248.458282 0.106940 29.790092
v -250.953537 1.277343 30.170921
v -250.929810 1.277343 30.382393
v -250.874374 1.277343 30.426655
v -250.909286 1.277343 30.115482
v -251.141296 1.277343 30.406113
v -251.185547 1.277343 30.461555
v -251.165009 1.277343 30.194641
v -251.220444 1.277343 30.150383
v -250.929810 2.885379 30.382393
v -250.953537 2.885379 30.170921
v -250.909286 2.885379 30.115482
v -250.874374 2.885379 30.426655
v -251.165009 2.885379 30.194641
v -251.220444 2.885379 30.150383
v -251.141296 2.885379 30.406113
v -251.185547 2.885379 30.461555
v -250.909286 0.106940 30.115482
v -250.874374 0.106940 30.426655
v -250.818939 0.106940 30.470901
v -250.865036 0.106940 30.060051
v -251.185547 0.106940 30.461555
v -251.229797 0.106940 30.516987
v -251.220444 0.106940 30.150383
v -251.275879 0.106940 30.106136
v -253.986130 1.277343 30.511078
v -253.962402 1.277343 30.722549
v -253.906967 1.277343 30.766811
v -253.941879 1.277343 30.455639
v -254.173889 1.277343 30.746269
v -254.218140 1.277343 30.801716
v -254.197601 1.277343 30.534798
v -254.253036 1.277343 30.490543
v -253.962402 2.885379 30.722549
v -253.986130 2.885379 30.511078
v -253.941879 2.885379 30.455639
v -253.906967 2.885379 30.766811
v -254.197601 2.885379 30.534798
v -254.253036 2.885379 30.490543
v -254.173889 2.885379 30.746269
v -254.218140 2.885379 30.801716
v -253.941879 0.106941 30.455639
v -253.906967 0.106941 30.766811
v -253.851532 0.106941 30.811062
v -253.897629 0.106941 30.400211
v -254.218140 0.106941 30.801716
v -254.262390 0.106941 30.857147
v -254.253036 0.106941 30.490543
v -254.308472 0.106941 30.446297
v -256.805847 1.277343 30.827362
v -256.782135 1.277343 31.038834
v -256.726715 1.277343 31.083096
v -256.761597 1.277343 30.771923
v -256.993622 1.277343 31.062553
v -257.037872 1.277343 31.118000
v -257.017334 1.277343 30.851082
v -257.072784 1.277343 30.806828
v -256.782135 2.885380 31.038834
v -256.805847 2.885380 30.827362
v -256.761597 2.885380 30.771923
v -256.726715 2.885380 31.083096
v -257.017334 2.885380 30.851082
v -257.072784 2.885380 30.806828
v -256.993622 2.885380 31.062553
v -257.037872 2.885380 31.118000
v -256.761597 0.106941 30.771923
v -256.726715 0.106941 31.083096
v -256.671265 0.106941 31.127342
v -256.717346 0.106941 30.716492
v -257.037872 0.106941 31.118000
v -257.082123 0.106941 31.173428
v -257.072784 0.106941 30.806828
v -257.128204 0.106941 30.762577
v -258.847412 1.277343 31.056358
v -258.823700 1.277343 31.267830
v -258.768250 1.277343 31.312092
v -258.803162 1.277343 31.000919
v -259.035156 1.277343 31.291550
v -259.079407 1.277343 31.346992
v -259.058899 1.277343 31.080078
v -259.114319 1.277343 31.035820
v -258.823700 2.885380 31.267830
v -258.847412 2.885380 31.056358
v -258.803162 2.885380 31.000919
v -258.768250 2.885380 31.312092
v -259.058899 2.885380 31.080078
v -259.114319 2.885380 31.035820
v -259.035156 2.885380 31.291550
v -259.079407 2.885380 31.346992
v -258.803162 0.106942 31.000919
v -258.768250 0.106942 31.312092
v -258.712830 0.106942 31.356339
v -258.758911 0.106942 30.945488
v -259.079407 0.106942 31.346992
v -259.123688 0.106942 31.402424
v -259.114319 0.106942 31.035820
v -259.169769 0.106942 30.991573
v -260.934265 1.277343 31.290436
v -260.910553 1.277343 31.501907
v -260.855103 1.277343 31.546169
v -260.890015 1.277343 31.234997
v -261.122009 1.277343 31.525627
v -261.166290 1.277343 31.581074
v -261.145752 1.277343 31.314156
v -261.201172 1.277343 31.269901
v -260.910553 2.885381 31.501907
v -260.934265 2.885381 31.290436
v -260.890015 2.885381 31.234997
v -260.855103 2.885381 31.546169
v -261.145752 2.885381 31.314156
v -261.201172 2.885381 31.269901
v -261.122009 2.885381 31.525627
v -261.166290 2.885381 31.581074
v -260.890015 0.106942 31.234997
v -260.855103 0.106942 31.546169
v -260.799683 0.106942 31.590416
v -260.845764 0.106942 31.179565
v -261.166290 0.106942 31.581074
v -261.210541 0.106942 31.636501
v -261.201172 0.106942 31.269901
v -261.256622 0.106942 31.225651
v -261.255219 1.277343 28.428986
v -261.231506 1.277343 28.640461
v -261.176086 1.277343 28.684711
v -261.210968 1.277343 28.373547
v -261.442993 1.277343 28.664181
v -261.487244 1.277343 28.719616
v -261.466705 1.277343 28.452705
v -261.522156 1.277343 28.408451
v -261.231506 2.885381 28.640461
v -261.255219 2.885381 28.428986
v -261.210968 2.885381 28.373547
v -261.176086 2.885381 28.684711
v -261.466705 2.885381 28.452705
v -261.522156 2.885381 28.408451
v -261.442993 2.885381 28.664181
v -261.487244 2.885381 28.719616
v -261.210968 0.106942 28.373547
v -261.176086 0.106942 28.684711
v -261.120636 0.106942 28.728962
v -261.166718 0.106942 28.318111
v -261.487244 0.106942 28.719616
v -261.531494 0.106942 28.775047
v -261.522156 0.106942 28.408451
v -261.577576 0.106942 28.364197
v -261.736664 1.277345 24.136829
v -261.712952 1.277345 24.348305
v -261.657501 1.277345 24.392555
v -261.692413 1.277345 24.081394
v -261.924438 1.277345 24.372025
v -261.968689 1.277345 24.427460
v -261.948151 1.277345 24.160549
v -262.003571 1.277345 24.116299
v -261.712952 2.885383 24.348305
v -261.736664 2.885383 24.136829
v -261.692413 2.885383 24.081394
v -261.657501 2.885383 24.392555
v -261.948151 2.885383 24.160549
v -262.003571 2.885383 24.116299
v -261.924438 2.885383 24.372025
v -261.968689 2.885383 24.427460
v -261.692413 0.106944 24.081394
v -261.657501 0.106944 24.392555
v -261.602081 0.106944 24.436813
v -261.648163 0.106944 24.025959
v -261.968689 0.106944 24.427460
v -262.012939 0.106944 24.482899
v -262.003571 0.106944 24.116299
v -262.059021 0.106944 24.072044
v -262.120483 1.277347 20.715061
v -262.096771 1.277346 20.926537
v -262.041321 1.277346 20.970795
v -262.076233 1.277347 20.659626
v -262.308228 1.277346 20.950256
v -262.352478 1.277346 21.005699
v -262.331970 1.277347 20.738781
v -262.387390 1.277347 20.694530
v -262.096771 2.885385 20.926537
v -262.120483 2.885385 20.715061
v -262.076233 2.885385 20.659626
v -262.041321 2.885385 20.970795
v -262.331970 2.885385 20.738781
v -262.387390 2.885385 20.694530
v -262.308228 2.885385 20.950256
v -262.352478 2.885385 21.005699
v -262.076233 0.106946 20.659626
v -262.041321 0.106946 20.970795
v -261.985901 0.106946 21.015045
v -262.031982 0.106946 20.604187
v -262.352478 0.106946 21.005699
v -262.396759 0.106946 21.061131
v -262.387390 0.106946 20.694530
v -262.442841 0.106946 20.650272
v -248.615524 0.000541 24.679428
v -248.569427 0.000541 25.090279
v -249.026367 0.000541 24.725510
v -248.980286 0.000541 25.136360
v -248.659775 2.979747 24.734859
v -248.624863 2.979747 25.046024
v -248.970932 2.979747 24.769764
v -248.936035 2.979747 25.080929
v -248.347885 0.000541 27.065468
v -248.301804 0.000541 27.476322
v -248.758728 0.000541 27.111549
v -248.712646 0.000541 27.522404
v -248.392136 2.979745 27.120899
v -248.357239 2.979745 27.432068
v -248.703293 2.979745 27.155804
v -248.668396 2.979745 27.466972
v -248.047440 0.000539 29.744011
v -248.458282 0.000539 29.790092
v -248.412201 0.000539 30.200943
v -248.091690 2.979745 29.799438
v -248.056793 2.979745 30.110611
v -248.402847 2.979745 29.834343
v -248.367950 2.979745 30.145515
v -250.865036 0.000540 30.060051
v -250.818939 0.000540 30.470901
v -251.275879 0.000540 30.106136
v -251.229797 0.000540 30.516987
v -250.909286 2.979745 30.115482
v -250.874374 2.979745 30.426655
v -251.220444 2.979745 30.150383
v -251.185547 2.979745 30.461555
v -253.897629 0.000540 30.400211
v -253.851532 0.000540 30.811062
v -254.308472 0.000540 30.446297
v -254.262390 0.000540 30.857147
v -253.941879 2.979746 30.455639
v -253.906967 2.979746 30.766811
v -254.253036 2.979746 30.490543
v -254.218140 2.979746 30.801716
v -256.717346 0.000541 30.716492
v -256.671265 0.000541 31.127342
v -257.128204 0.000541 30.762577
v -257.082123 0.000541 31.173428
v -256.761597 2.979746 30.771923
v -256.726715 2.979746 31.083096
v -257.072784 2.979746 30.806828
v -257.037872 2.979746 31.118000
v -258.758911 0.000541 30.945488
v -258.712830 0.000541 31.356339
v -259.169769 0.000541 30.991573
v -259.123688 0.000541 31.402424
v -258.803162 2.979747 31.000919
v -258.768250 2.979747 31.312092
v -259.114319 2.979747 31.035820
v -259.079407 2.979747 31.346992
v -260.845764 0.000541 31.179565
v -260.799683 0.000541 31.590416
v -261.256622 0.000542 31.225651
v -260.890015 2.979747 31.234997
v -260.855103 2.979747 31.546169
v -261.201172 2.979747 31.269901
v -261.166290 2.979747 31.581074
v -261.166718 0.000541 28.318111
v -261.120636 0.000541 28.728962
v -261.577576 0.000542 28.364197
v -261.531494 0.000542 28.775047
v -261.210968 2.979748 28.373547
v -261.176086 2.979747 28.684711
v -261.522156 2.979748 28.408451
v -261.487244 2.979747 28.719616
v -261.648163 0.000543 24.025959
v -261.602081 0.000543 24.436813
v -262.059021 0.000544 24.072044
v -262.012939 0.000544 24.482899
v -261.692413 2.979749 24.081394
v -261.657501 2.979749 24.392555
v -262.003571 2.979749 24.116299
v -261.968689 2.979749 24.427460
v -262.031982 0.000545 20.604187
v -261.985901 0.000545 21.015045
v -262.396759 0.000546 21.061131
v -262.076233 2.979751 20.659626
v -262.041321 2.979751 20.970795
v -262.387390 2.979751 20.694530
v -262.352478 2.979751 21.005699
v -248.212021 1.064541 29.812939
v -248.282516 1.064541 29.820843
v -248.815704 1.064543 25.067429
v -248.745209 1.064543 25.059525
v -248.212021 1.135475 29.812939
v -248.745209 1.135477 25.059525
v -248.815704 1.135477 25.067429
v -248.282516 1.135475 29.820843
v -248.744293 0.000541 25.226768
v -248.748245 0.000541 25.191525
v -248.748245 1.064543 25.191525
v -248.744293 1.064543 25.226768
v -248.783493 0.000541 25.195477
v -248.783493 1.064543 25.195477
v -248.779541 0.000541 25.230721
v -248.779541 1.064543 25.230721
v -248.726166 0.000541 25.388382
v -248.730118 0.000541 25.353134
v -248.730118 1.064543 25.353134
v -248.726166 1.064543 25.388382
v -248.765366 0.000541 25.357086
v -248.765366 1.064543 25.357086
v -248.761414 0.000541 25.392334
v -248.761414 1.064543 25.392334
v -248.708038 0.000541 25.549988
v -248.711990 0.000541 25.514744
v -248.711990 1.064543 25.514744
v -248.708038 1.064543 25.549988
v -248.747238 0.000541 25.518696
v -248.747238 1.064543 25.518696
v -248.743286 0.000541 25.553940
v -248.743286 1.064543 25.553940
v -248.689911 0.000541 25.711601
v -248.693863 0.000541 25.676357
v -248.693863 1.064543 25.676357
v -248.689911 1.064543 25.711601
v -248.729111 0.000541 25.680309
v -248.729111 1.064543 25.680309
v -248.725159 0.000541 25.715553
v -248.725159 1.064543 25.715553
v -248.671783 0.000541 25.873211
v -248.675735 0.000541 25.837963
v -248.675735 1.064543 25.837963
v -248.671783 1.064543 25.873211
v -248.710983 0.000541 25.841915
v -248.710983 1.064543 25.841915
v -248.707031 0.000541 25.877163
v -248.707031 1.064543 25.877163
v -248.653656 0.000541 26.034824
v -248.657608 0.000541 25.999577
v -248.657608 1.064543 25.999577
v -248.653656 1.064543 26.034824
v -248.692856 0.000541 26.003529
v -248.692856 1.064543 26.003529
v -248.688904 0.000541 26.038776
v -248.688904 1.064543 26.038776
v -248.635529 0.000541 26.196430
v -248.639481 0.000541 26.161182
v -248.639481 1.064543 26.161182
v -248.635529 1.064543 26.196430
v -248.674728 0.000541 26.165134
v -248.674728 1.064543 26.165134
v -248.670776 0.000541 26.200382
v -248.670776 1.064543 26.200382
v -248.617401 0.000541 26.358040
v -248.621353 0.000541 26.322792
v -248.621353 1.064543 26.322792
v -248.617401 1.064543 26.358040
v -248.656601 0.000541 26.326744
v -248.656601 1.064543 26.326744
v -248.652649 0.000541 26.361992
v -248.652649 1.064543 26.361992
v -248.599274 0.000541 26.519650
v -248.603226 0.000541 26.484406
v -248.603226 1.064543 26.484406
v -248.599274 1.064543 26.519650
v -248.638474 0.000541 26.488358
v -248.638474 1.064543 26.488358
v -248.634521 0.000541 26.523602
v -248.634521 1.064543 26.523602
v -248.581146 0.000541 26.681259
v -248.585098 0.000541 26.646011
v -248.585098 1.064543 26.646011
v -248.581146 1.064543 26.681259
v -248.620346 0.000541 26.649963
v -248.620346 1.064543 26.649963
v -248.616394 0.000541 26.685211
v -248.616394 1.064543 26.685211
v -248.563019 0.000541 26.842865
v -248.566971 0.000541 26.807621
v -248.566971 1.064543 26.807621
v -248.563019 1.064543 26.842865
v -248.602219 0.000541 26.811573
v -248.602219 1.064543 26.811573
v -248.598267 0.000541 26.846817
v -248.598267 1.064543 26.846817
v -248.544891 0.000541 27.004478
v -248.548843 0.000541 26.969234
v -248.548843 1.064543 26.969234
v -248.544891 1.064543 27.004478
v -248.584091 0.000541 26.973186
v -248.584091 1.064543 26.973186
v -248.580139 0.000541 27.008430
v -248.580139 1.064543 27.008430
v -248.472382 0.000539 27.650917
v -248.476334 0.000541 27.615673
v -248.476334 1.064541 27.615673
v -248.472382 1.064541 27.650917
v -248.511581 0.000541 27.619625
v -248.511581 1.064541 27.619625
v -248.507629 0.000539 27.654869
v -248.507629 1.064541 27.654869
v -248.454254 0.000539 27.812531
v -248.458206 0.000539 27.777287
v -248.458206 1.064541 27.777287
v -248.454254 1.064541 27.812531
v -248.493454 0.000539 27.781239
v -248.493454 1.064541 27.781239
v -248.489502 0.000539 27.816483
v -248.489502 1.064541 27.816483
v -248.436127 0.000539 27.974140
v -248.440079 0.000539 27.938892
v -248.440079 1.064541 27.938892
v -248.436127 1.064541 27.974140
v -248.475327 0.000539 27.942844
v -248.475327 1.064541 27.942844
v -248.471375 0.000539 27.978092
v -248.471375 1.064541 27.978092
v -248.417999 0.000539 28.135746
v -248.421951 0.000539 28.100502
v -248.421951 1.064541 28.100502
v -248.417999 1.064541 28.135746
v -248.457199 0.000539 28.104454
v -248.457199 1.064541 28.104454
v -248.453247 0.000539 28.139698
v -248.453247 1.064541 28.139698
v -248.399872 0.000539 28.297359
v -248.403824 0.000539 28.262112
v -248.403824 1.064541 28.262112
v -248.399872 1.064541 28.297359
v -248.439072 0.000539 28.266064
v -248.439072 1.064541 28.266064
v -248.435120 0.000539 28.301311
v -248.435120 1.064541 28.301311
v -248.381744 0.000539 28.458965
v -248.385696 0.000539 28.423721
v -248.385696 1.064541 28.423721
v -248.381744 1.064541 28.458965
v -248.420944 0.000539 28.427673
v -248.420944 1.064541 28.427673
v -248.416992 0.000539 28.462917
v -248.416992 1.064541 28.462917
v -248.363617 0.000539 28.620575
v -248.367569 0.000539 28.585331
v -248.367569 1.064541 28.585331
v -248.363617 1.064541 28.620575
v -248.402817 0.000539 28.589283
v -248.402817 1.064541 28.589283
v -248.398865 0.000539 28.624527
v -248.398865 1.064541 28.624527
v -248.345490 0.000539 28.782188
v -248.349442 0.000539 28.746941
v -248.349442 1.064541 28.746941
v -248.345490 1.064541 28.782188
v -248.384689 0.000539 28.750893
v -248.384689 1.064541 28.750893
v -248.380737 0.000539 28.786140
v -248.380737 1.064541 28.786140
v -248.327362 0.000539 28.943794
v -248.331314 0.000539 28.908550
v -248.331314 1.064541 28.908550
v -248.327362 1.064541 28.943794
v -248.366562 0.000539 28.912502
v -248.366562 1.064541 28.912502
v -248.362610 0.000539 28.947746
v -248.362610 1.064541 28.947746
v -248.309235 0.000539 29.105404
v -248.313187 0.000539 29.070160
v -248.313187 1.064541 29.070160
v -248.309235 1.064541 29.105404
v -248.348434 0.000539 29.074112
v -248.348434 1.064541 29.074112
v -248.344482 0.000539 29.109356
v -248.344482 1.064541 29.109356
v -248.291107 0.000539 29.267017
v -248.295059 0.000539 29.231770
v -248.295059 1.064541 29.231770
v -248.291107 1.064541 29.267017
v -248.330307 0.000539 29.235722
v -248.330307 1.064541 29.235722
v -248.326355 0.000539 29.270969
v -248.326355 1.064541 29.270969
v -248.272980 0.000539 29.428627
v -248.276932 0.000539 29.393379
v -248.276932 1.064541 29.393379
v -248.272980 1.064541 29.428627
v -248.312180 0.000539 29.397331
v -248.312180 1.064541 29.397331
v -248.308228 0.000539 29.432579
v -248.308228 1.064541 29.432579
v -248.254852 0.000539 29.590237
v -248.258804 0.000539 29.554985
v -248.258804 1.064541 29.554985
v -248.254852 1.064541 29.590237
v -248.294052 0.000539 29.558937
v -248.294052 1.064541 29.558937
v -248.290100 0.000539 29.594189
v -248.290100 1.064541 29.594189
v -248.236725 0.000539 29.751850
v -248.240677 0.000539 29.716599
v -248.240677 1.064541 29.716599
v -248.236725 1.064541 29.751850
v -248.275925 0.000539 29.720551
v -248.275925 1.064541 29.720551
v -248.271973 0.000539 29.755802
v -248.271973 1.064541 29.755802
v -248.498795 0.000539 30.021046
v -248.463547 0.000539 30.017090
v -248.463547 1.064541 30.017090
v -248.498795 1.064541 30.021046
v -248.467499 0.000539 29.981846
v -248.467499 1.064541 29.981846
v -248.502747 0.000539 29.985802
v -248.502747 1.064541 29.985802
v -248.660400 0.000539 30.039173
v -248.625153 0.000539 30.035217
v -248.625153 1.064541 30.035217
v -248.660400 1.064541 30.039173
v -248.629105 0.000539 29.999973
v -248.629105 1.064541 29.999973
v -248.664352 0.000539 30.003929
v -248.664352 1.064541 30.003929
v -248.822006 0.000539 30.057301
v -248.786774 0.000539 30.053345
v -248.786774 1.064541 30.053345
v -248.822006 1.064541 30.057301
v -248.790726 0.000539 30.018101
v -248.790726 1.064541 30.018101
v -248.825958 0.000539 30.022057
v -248.825958 1.064541 30.022057
v -248.983612 0.000539 30.075428
v -248.948380 0.000539 30.071472
v -248.948380 1.064541 30.071472
v -248.983612 1.064541 30.075428
v -248.952332 0.000539 30.036228
v -248.952332 1.064541 30.036228
v -248.987579 0.000539 30.040184
v -248.987579 1.064541 30.040184
v -249.145233 0.000539 30.093555
v -249.109985 0.000539 30.089600
v -249.109985 1.064541 30.089600
v -249.145233 1.064541 30.093555
v -249.113937 0.000539 30.054356
v -249.113937 1.064541 30.054356
v -249.149185 0.000539 30.058311
v -249.149185 1.064541 30.058311
v -249.306839 0.000539 30.111683
v -249.271591 0.000539 30.107727
v -249.271591 1.064541 30.107727
v -249.306839 1.064541 30.111683
v -249.275543 0.000539 30.072483
v -249.275543 1.064541 30.072483
v -249.310791 0.000539 30.076439
v -249.310791 1.064541 30.076439
v -249.468445 0.000539 30.129810
v -249.433197 0.000539 30.125854
v -249.433197 1.064542 30.125854
v -249.468445 1.064542 30.129810
v -249.437149 0.000539 30.090611
v -249.437149 1.064542 30.090611
v -249.472397 0.000539 30.094566
v -249.472397 1.064542 30.094566
v -249.630051 0.000539 30.147934
v -249.594818 0.000539 30.143982
v -249.594818 1.064542 30.143982
v -249.630051 1.064542 30.147934
v -249.598770 0.000539 30.108738
v -249.598770 1.064542 30.108738
v -249.634003 0.000539 30.112694
v -249.634003 1.064542 30.112694
v -249.791672 0.000539 30.166065
v -249.756424 0.000539 30.162109
v -249.756424 1.064542 30.162109
v -249.791672 1.064542 30.166065
v -249.760376 0.000539 30.126865
v -249.760376 1.064542 30.126865
v -249.795624 0.000539 30.130821
v -249.795624 1.064542 30.130821
v -249.953278 0.000540 30.184193
v -249.918030 0.000540 30.180237
v -249.918030 1.064542 30.180237
v -249.953278 1.064542 30.184193
v -249.921982 0.000540 30.144993
v -249.921982 1.064542 30.144993
v -249.957230 0.000540 30.148949
v -249.957230 1.064542 30.148949
v -250.114883 0.000540 30.202320
v -250.079651 0.000540 30.198364
v -250.079651 1.064542 30.198364
v -250.114883 1.064542 30.202320
v -250.083603 0.000540 30.163120
v -250.083603 1.064542 30.163120
v -250.118835 0.000540 30.167076
v -250.118835 1.064542 30.167076
v -250.276505 0.000540 30.220448
v -250.241257 0.000540 30.216492
v -250.241257 1.064542 30.216492
v -250.276505 1.064542 30.220448
v -250.245209 0.000540 30.181248
v -250.245209 1.064542 30.181248
v -250.280457 0.000540 30.185204
v -250.280457 1.064542 30.185204
v -250.442200 0.000540 30.239033
v -250.406952 0.000540 30.235077
v -250.406952 1.064542 30.235077
v -250.442200 1.064542 30.239033
v -250.410904 0.000540 30.199837
v -250.410904 1.064542 30.199837
v -250.446152 0.000540 30.203789
v -250.446152 1.064542 30.203789
v -250.603806 0.000540 30.257160
v -250.568558 0.000540 30.253204
v -250.568558 1.064542 30.253204
v -250.603806 1.064542 30.257160
v -250.572510 0.000540 30.217960
v -250.572510 1.064542 30.217960
v -250.607758 0.000540 30.221916
v -250.607758 1.064542 30.221916
v -250.765411 0.000540 30.275288
v -250.730179 0.000540 30.271332
v -250.730179 1.064542 30.271332
v -250.765411 1.064542 30.275288
v -250.734131 0.000540 30.236088
v -250.734131 1.064542 30.236088
v -250.769379 0.000540 30.240044
v -250.769379 1.064542 30.240044
v -251.370316 0.000540 30.343136
v -251.335068 0.000540 30.339184
v -251.335068 1.064542 30.339184
v -251.370316 1.064542 30.343136
v -251.339020 0.000540 30.303940
v -251.339020 1.064542 30.303940
v -251.374268 0.000540 30.307892
v -251.374268 1.064542 30.307892
v -251.531921 0.000540 30.361263
v -251.496674 0.000540 30.357311
v -251.496674 1.064542 30.357311
v -251.531921 1.064542 30.361263
v -251.500641 0.000540 30.322067
v -251.500626 1.064542 30.322067
v -251.535873 0.000540 30.326019
v -251.535873 1.064542 30.326019
v -251.693527 0.000540 30.379391
v -251.658295 0.000540 30.375439
v -251.658295 1.064542 30.375439
v -251.693527 1.064542 30.379391
v -251.662247 0.000540 30.340195
v -251.662247 1.064542 30.340195
v -251.697479 0.000540 30.344147
v -251.697479 1.064542 30.344147
v -251.855148 0.000540 30.397518
v -251.819901 0.000540 30.393566
v -251.819901 1.064542 30.393566
v -251.855148 1.064542 30.397518
v -251.823853 0.000540 30.358322
v -251.823853 1.064542 30.358322
v -251.859100 0.000540 30.362274
v -251.859100 1.064542 30.362274
v -252.016754 0.000540 30.415646
v -251.981506 0.000540 30.411694
v -251.981506 1.064542 30.411694
v -252.016754 1.064542 30.415646
v -251.985458 0.000540 30.376450
v -251.985458 1.064542 30.376450
v -252.020706 0.000540 30.380402
v -252.020706 1.064542 30.380402
v -252.178360 0.000540 30.433773
v -252.143112 0.000540 30.429821
v -252.143112 1.064542 30.429821
v -252.178360 1.064542 30.433773
v -252.147064 0.000540 30.394577
v -252.147064 1.064542 30.394577
v -252.182312 0.000540 30.398529
v -252.182312 1.064542 30.398529
v -252.339966 0.000540 30.451900
v -252.304718 0.000540 30.447948
v -252.304718 1.064542 30.447948
v -252.339966 1.064542 30.451900
v -252.308685 0.000540 30.412704
v -252.308685 1.064542 30.412704
v -252.343918 0.000540 30.416656
v -252.343918 1.064542 30.416656
v -252.501587 0.000540 30.470028
v -252.466339 0.000540 30.466076
v -252.466339 1.064542 30.466076
v -252.501587 1.064542 30.470028
v -252.470291 0.000540 30.430832
v -252.470291 1.064542 30.430832
v -252.505539 0.000540 30.434784
v -252.505539 1.064542 30.434784
v -252.658966 0.000540 30.487682
v -252.623734 0.000540 30.483730
v -252.623734 1.064542 30.483730
v -252.658966 1.064542 30.487682
v -252.627686 0.000540 30.448486
v -252.627686 1.064542 30.448486
v -252.662933 0.000540 30.452438
v -252.662933 1.064542 30.452438
v -252.820587 0.000540 30.505810
v -252.785339 0.000540 30.501858
v -252.785339 1.064542 30.501858
v -252.820587 1.064542 30.505810
v -252.789291 0.000540 30.466614
v -252.789291 1.064542 30.466614
v -252.824539 0.000540 30.470566
v -252.824539 1.064542 30.470566
v -252.982193 0.000540 30.523937
v -252.946945 0.000540 30.519985
v -252.946945 1.064542 30.519985
v -252.982193 1.064542 30.523937
v -252.950897 0.000540 30.484741
v -252.950897 1.064542 30.484741
v -252.986145 0.000540 30.488693
v -252.986145 1.064542 30.488693
v -253.143799 0.000540 30.542065
v -253.108566 0.000540 30.538113
v -253.108566 1.064542 30.538113
v -253.143799 1.064542 30.542065
v -253.112518 0.000540 30.502869
v -253.112518 1.064542 30.502869
v -253.147766 0.000540 30.506821
v -253.147766 1.064542 30.506821
v -253.305420 0.000540 30.560192
v -253.270172 0.000540 30.556240
v -253.270172 1.064542 30.556240
v -253.305420 1.064542 30.560192
v -253.274124 0.000540 30.520996
v -253.274124 1.064542 30.520996
v -253.309372 0.000540 30.524948
v -253.309372 1.064542 30.524948
v -253.467026 0.000540 30.578320
v -253.431778 0.000540 30.574368
v -253.431778 1.064542 30.574368
v -253.467026 1.064542 30.578320
v -253.435730 0.000540 30.539124
v -253.435730 1.064542 30.539124
v -253.470978 0.000540 30.543076
v -253.470978 1.064542 30.543076
v -253.628632 0.000540 30.596447
v -253.593384 0.000540 30.592495
v -253.593384 1.064542 30.592495
v -253.628632 1.064542 30.596447
v -253.597336 0.000540 30.557251
v -253.597336 1.064542 30.557251
v -253.632584 0.000540 30.561203
v -253.632584 1.064542 30.561203
v -253.790237 0.000540 30.614574
v -253.755005 0.000540 30.610622
v -253.755005 1.064542 30.610622
v -253.790237 1.064542 30.614574
v -253.758957 0.000540 30.575378
v -253.758957 1.064542 30.575378
v -253.794189 0.000540 30.579330
v -253.794189 1.064542 30.579330
v -257.207153 0.000541 30.997841
v -257.171936 0.000541 30.993889
v -257.171936 1.064543 30.993889
v -257.207153 1.064543 30.997841
v -257.175873 0.000541 30.958645
v -257.175873 1.064543 30.958645
v -257.211121 0.000541 30.962597
v -257.211121 1.064543 30.962597
v -257.368774 0.000541 31.015968
v -257.333527 0.000541 31.012016
v -257.333527 1.064543 31.012016
v -257.368774 1.064543 31.015968
v -257.337494 0.000541 30.976772
v -257.337494 1.064543 30.976772
v -257.372742 0.000541 30.980724
v -257.372742 1.064543 30.980724
v -257.530396 0.000541 31.034096
v -257.495148 0.000541 31.030144
v -257.495148 1.064543 31.030144
v -257.530396 1.064543 31.034096
v -257.499084 0.000541 30.994900
v -257.499084 1.064543 30.994900
v -257.534332 0.000541 30.998852
v -257.534332 1.064543 30.998852
v -257.691986 0.000541 31.052223
v -257.656738 0.000541 31.048271
v -257.656738 1.064543 31.048271
v -257.691986 1.064543 31.052223
v -257.660706 0.000541 31.013027
v -257.660706 1.064543 31.013027
v -257.695953 0.000541 31.016979
v -257.695953 1.064543 31.016979
v -257.853607 0.000541 31.070351
v -257.818359 0.000541 31.066399
v -257.818359 1.064543 31.066399
v -257.853607 1.064543 31.070351
v -257.822327 0.000541 31.031155
v -257.822327 1.064543 31.031155
v -257.857574 0.000541 31.035107
v -257.857574 1.064543 31.035107
v -258.015228 0.000541 31.088478
v -257.979980 0.000541 31.084526
v -257.979980 1.064543 31.084526
v -258.015228 1.064543 31.088478
v -257.983917 0.000541 31.049282
v -257.983917 1.064543 31.049282
v -258.019165 0.000541 31.053234
v -258.019165 1.064543 31.053234
v -258.176819 0.000541 31.106606
v -258.141571 0.000541 31.102654
v -258.141571 1.064543 31.102654
v -258.176819 1.064543 31.106606
v -258.145538 0.000541 31.067410
v -258.145538 1.064543 31.067410
v -258.180786 0.000541 31.071362
v -258.180786 1.064543 31.071362
v -258.338440 0.000541 31.124733
v -258.303192 0.000541 31.120781
v -258.303192 1.064543 31.120781
v -258.338440 1.064543 31.124733
v -258.307159 0.000541 31.085537
v -258.307159 1.064543 31.085537
v -258.342407 0.000541 31.089489
v -258.342407 1.064543 31.089489
v -258.500061 0.000541 31.142860
v -258.464813 0.000541 31.138908
v -258.464813 1.064543 31.138908
v -258.500061 1.064543 31.142860
v -258.468750 0.000541 31.103664
v -258.468750 1.064543 31.103664
v -258.503998 0.000541 31.107616
v -258.503998 1.064543 31.107616
v -258.661652 0.000541 31.160988
v -258.626404 0.000541 31.157036
v -258.626404 1.064543 31.157036
v -258.661652 1.064543 31.160988
v -258.630371 0.000541 31.121792
v -258.630371 1.064543 31.121792
v -258.665619 0.000541 31.125744
v -258.665619 1.064543 31.125744
v -259.275665 0.000541 31.229862
v -259.240417 0.000541 31.225906
v -259.240417 1.064543 31.225906
v -259.275665 1.064543 31.229862
v -259.244385 0.000541 31.190662
v -259.244385 1.064543 31.190662
v -259.279633 0.000541 31.194618
v -259.279633 1.064543 31.194618
v -259.437286 0.000541 31.247990
v -259.402039 0.000541 31.244034
v -259.402039 1.064543 31.244034
v -259.437286 1.064543 31.247990
v -259.406006 0.000541 31.208790
v -259.405975 1.064543 31.208790
v -259.441223 0.000541 31.212746
v -259.441223 1.064543 31.212746
v -259.598907 0.000541 31.266117
v -259.563660 0.000541 31.262161
v -259.563660 1.064543 31.262161
v -259.598907 1.064543 31.266117
v -259.567596 0.000541 31.226917
v -259.567596 1.064543 31.226917
v -259.602844 0.000541 31.230873
v -259.602844 1.064543 31.230873
v -259.760498 0.000541 31.284245
v -259.725250 0.000541 31.280289
v -259.725250 1.064543 31.280289
v -259.760498 1.064543 31.284245
v -259.729218 0.000541 31.245045
v -259.729218 1.064543 31.245045
v -259.764465 0.000541 31.249001
v -259.764465 1.064543 31.249001
v -259.922119 0.000541 31.302372
v -259.886871 0.000541 31.298416
v -259.886871 1.064543 31.298416
v -259.922119 1.064543 31.302372
v -259.890808 0.000541 31.263172
v -259.890808 1.064543 31.263172
v -259.926056 0.000541 31.267128
v -259.926056 1.064543 31.267128
v -260.083710 0.000541 31.320499
v -260.048462 0.000541 31.316544
v -260.048462 1.064543 31.316544
v -260.083710 1.064543 31.320499
v -260.052429 0.000541 31.281300
v -260.052429 1.064543 31.281300
v -260.087677 0.000541 31.285255
v -260.087677 1.064543 31.285255
v -260.245331 0.000541 31.338627
v -260.210083 0.000541 31.334671
v -260.210083 1.064543 31.334671
v -260.245331 1.064543 31.338627
v -260.214050 0.000541 31.299427
v -260.214050 1.064543 31.299427
v -260.249298 0.000541 31.303383
v -260.249298 1.064543 31.303383
v -260.406952 0.000541 31.356754
v -260.371704 0.000541 31.352798
v -260.371704 1.064543 31.352798
v -260.406952 1.064543 31.356754
v -260.375641 0.000541 31.317554
v -260.375641 1.064543 31.317554
v -260.410889 0.000541 31.321510
v -260.410889 1.064543 31.321510
v -260.568542 0.000541 31.374882
v -260.533295 0.000541 31.370926
v -260.533295 1.064543 31.370926
v -260.568542 1.064544 31.374882
v -260.537262 0.000541 31.335682
v -260.537262 1.064543 31.335682
v -260.572510 0.000541 31.339638
v -260.572510 1.064544 31.339638
v -260.730164 0.000541 31.393009
v -260.694916 0.000541 31.389053
v -260.694916 1.064544 31.389053
v -260.730164 1.064544 31.393009
v -260.698883 0.000541 31.353809
v -260.698883 1.064544 31.353809
v -260.734131 0.000541 31.357765
v -260.734131 1.064544 31.357765
v -248.339447 1.064541 29.949638
v -248.331543 1.064541 30.020126
v -253.920288 1.064542 30.647003
v -253.928192 1.064542 30.576515
v -260.868347 1.064544 31.426350
v -260.876251 1.064544 31.355862
v -257.058685 1.064543 30.927654
v -257.050781 1.064543 30.998142
v -248.331543 1.135475 30.020126
v -248.339447 1.135475 29.949638
v -253.928192 1.135475 30.576515
v -253.920288 1.135475 30.647003
v -260.876251 1.135477 31.355862
v -260.868347 1.135477 31.426350
v -257.050781 1.135477 30.998142
v -257.058685 1.135477 30.927654
v -262.156799 0.000546 21.151093
v -262.160767 0.000546 21.115845
v -262.160767 1.064548 21.115845
v -262.156799 1.064548 21.151093
v -262.196014 0.000546 21.119797
v -262.196014 1.064548 21.119797
v -262.192047 0.000546 21.155045
v -262.192047 1.064548 21.155045
v -262.138672 0.000546 21.312698
v -262.142639 0.000546 21.277454
v -262.142639 1.064548 21.277454
v -262.138672 1.064548 21.312698
v -262.177887 0.000546 21.281406
v -262.177887 1.064548 21.281406
v -262.173920 0.000546 21.316650
v -262.173920 1.064548 21.316650
v -262.120544 0.000546 21.474312
v -262.124512 0.000546 21.439064
v -262.124512 1.064548 21.439064
v -262.120544 1.064548 21.474312
v -262.159760 0.000546 21.443016
v -262.159760 1.064548 21.443016
v -262.155792 0.000546 21.478264
v -262.155792 1.064548 21.478264
v -262.102417 0.000544 21.635921
v -262.106384 0.000544 21.600674
v -262.106384 1.064546 21.600674
v -262.102417 1.064546 21.635921
v -262.141632 0.000544 21.604626
v -262.141632 1.064546 21.604626
v -262.137665 0.000544 21.639874
v -262.137665 1.064546 21.639874
v -262.084290 0.000544 21.797531
v -262.088257 0.000544 21.762287
v -262.088257 1.064546 21.762287
v -262.084290 1.064546 21.797531
v -262.123505 0.000544 21.766239
v -262.123505 1.064546 21.766239
v -262.119537 0.000544 21.801483
v -262.119537 1.064546 21.801483
v -262.066162 0.000544 21.959141
v -262.070129 0.000544 21.923897
v -262.070129 1.064546 21.923897
v -262.066162 1.064546 21.959141
v -262.105377 0.000544 21.927849
v -262.105377 1.064546 21.927849
v -262.101410 0.000544 21.963093
v -262.101410 1.064546 21.963093
v -262.048035 0.000544 22.120754
v -262.052002 0.000544 22.085506
v -262.052002 1.064546 22.085506
v -262.048035 1.064546 22.120754
v -262.087250 0.000544 22.089458
v -262.087250 1.064546 22.089458
v -262.083282 0.000544 22.124706
v -262.083282 1.064546 22.124706
v -262.029907 0.000544 22.282364
v -262.033875 0.000544 22.247120
v -262.033875 1.064546 22.247120
v -262.029907 1.064546 22.282364
v -262.069122 0.000544 22.251072
v -262.069122 1.064546 22.251072
v -262.065155 0.000544 22.286316
v -262.065155 1.064546 22.286316
v -262.011780 0.000544 22.443974
v -262.015747 0.000544 22.408726
v -262.015747 1.064546 22.408726
v -262.011780 1.064546 22.443974
v -262.050995 0.000544 22.412678
v -262.050995 1.064546 22.412678
v -262.047028 0.000544 22.447926
v -262.047028 1.064546 22.447926
v -261.993652 0.000544 22.605583
v -261.997620 0.000544 22.570339
v -261.997620 1.064546 22.570339
v -261.993652 1.064546 22.605583
v -262.032867 0.000544 22.574291
v -262.032867 1.064546 22.574291
v -262.028900 0.000544 22.609535
v -262.028900 1.064546 22.609535
v -261.975525 0.000544 22.767193
v -261.979492 0.000544 22.731945
v -261.979492 1.064546 22.731945
v -261.975525 1.064546 22.767193
v -262.014740 0.000544 22.735897
v -262.014740 1.064546 22.735897
v -262.010773 0.000544 22.771145
v -262.010773 1.064546 22.771145
v -261.957428 0.000544 22.928799
v -261.961365 0.000544 22.893555
v -261.961365 1.064546 22.893555
v -261.957428 1.064546 22.928799
v -261.996613 0.000544 22.897507
v -261.996613 1.064546 22.897507
v -261.992645 0.000544 22.932751
v -261.992645 1.064546 22.932751
v -261.938812 0.000544 23.094501
v -261.942780 0.000544 23.059258
v -261.942780 1.064546 23.059258
v -261.938812 1.064546 23.094501
v -261.978027 0.000544 23.063210
v -261.978027 1.064546 23.063210
v -261.974060 0.000544 23.098454
v -261.974060 1.064546 23.098454
v -261.920685 0.000544 23.256115
v -261.924652 0.000544 23.220867
v -261.924652 1.064546 23.220867
v -261.920685 1.064546 23.256115
v -261.959900 0.000544 23.224819
v -261.959900 1.064546 23.224819
v -261.955933 0.000544 23.260067
v -261.955933 1.064546 23.260067
v -261.902557 0.000544 23.417725
v -261.906525 0.000544 23.382481
v -261.906525 1.064546 23.382481
v -261.902557 1.064546 23.417725
v -261.941772 0.000544 23.386433
v -261.941772 1.064546 23.386433
v -261.937805 0.000544 23.421677
v -261.937805 1.064546 23.421677
v -261.292480 0.000542 28.856705
v -261.296448 0.000542 28.821457
v -261.296448 1.064544 28.821457
v -261.292480 1.064544 28.856705
v -261.331696 0.000542 28.825409
v -261.331696 1.064544 28.825409
v -261.327728 0.000542 28.860657
v -261.327728 1.064544 28.860657
v -261.274353 0.000542 29.018314
v -261.278320 0.000542 28.983070
v -261.278320 1.064544 28.983070
v -261.274353 1.064544 29.018314
v -261.313568 0.000542 28.987022
v -261.313568 1.064544 28.987022
v -261.309601 0.000542 29.022266
v -261.309601 1.064544 29.022266
v -261.256226 0.000542 29.179924
v -261.260193 0.000542 29.144680
v -261.260193 1.064544 29.144680
v -261.256226 1.064544 29.179924
v -261.295441 0.000542 29.148632
v -261.295441 1.064544 29.148632
v -261.291473 0.000542 29.183876
v -261.291473 1.064544 29.183876
v -261.238098 0.000542 29.341534
v -261.242065 0.000542 29.306286
v -261.242065 1.064544 29.306286
v -261.238098 1.064544 29.341534
v -261.277313 0.000542 29.310238
v -261.277313 1.064544 29.310238
v -261.273346 0.000542 29.345486
v -261.273346 1.064544 29.345486
v -261.219971 0.000542 29.503139
v -261.223938 0.000542 29.467896
v -261.223938 1.064544 29.467896
v -261.219971 1.064544 29.503139
v -261.259186 0.000542 29.471848
v -261.259186 1.064544 29.471848
v -261.255219 0.000542 29.507092
v -261.255219 1.064544 29.507092
v -261.202850 0.000542 29.655811
v -261.206818 0.000542 29.620564
v -261.206818 1.064544 29.620564
v -261.202850 1.064544 29.655811
v -261.242065 0.000542 29.624516
v -261.242065 1.064544 29.624516
v -261.238098 0.000542 29.659763
v -261.238098 1.064544 29.659763
v -261.184723 0.000542 29.817425
v -261.188690 0.000542 29.782177
v -261.188690 1.064544 29.782173
v -261.184723 1.064544 29.817421
v -261.223938 0.000542 29.786129
v -261.223938 1.064544 29.786125
v -261.219971 0.000542 29.821377
v -261.219971 1.064544 29.821373
v -261.166595 0.000542 29.979031
v -261.170563 0.000542 29.943787
v -261.170563 1.064544 29.943787
v -261.166595 1.064544 29.979031
v -261.205811 0.000542 29.947739
v -261.205811 1.064544 29.947739
v -261.201843 0.000542 29.982983
v -261.201843 1.064544 29.982983
v -261.148468 0.000542 30.140644
v -261.152435 0.000542 30.105400
v -261.152435 1.064544 30.105400
v -261.148468 1.064544 30.140644
v -261.187683 0.000542 30.109352
v -261.187683 1.064544 30.109352
v -261.183716 0.000542 30.144596
v -261.183716 1.064544 30.144596
v -261.130341 0.000542 30.302254
v -261.134308 0.000542 30.267010
v -261.134308 1.064544 30.267010
v -261.130341 1.064544 30.302254
v -261.169556 0.000542 30.270962
v -261.169556 1.064544 30.270962
v -261.165588 0.000542 30.306206
v -261.165588 1.064544 30.306206
v -261.112213 0.000542 30.463867
v -261.116180 0.000542 30.428616
v -261.116180 1.064544 30.428616
v -261.112213 1.064544 30.463867
v -261.151428 0.000542 30.432568
v -261.151428 1.064544 30.432568
v -261.147461 0.000542 30.467819
v -261.147461 1.064544 30.467819
v -261.094086 0.000542 30.625473
v -261.098053 0.000542 30.590229
v -261.098053 1.064544 30.590229
v -261.094086 1.064544 30.625473
v -261.133301 0.000542 30.594181
v -261.133301 1.064544 30.594181
v -261.129333 0.000542 30.629425
v -261.129333 1.064544 30.629425
v -261.075958 0.000542 30.787079
v -261.079926 0.000542 30.751835
v -261.079926 1.064544 30.751835
v -261.075958 1.064544 30.787079
v -261.115173 0.000542 30.755787
v -261.115173 1.064544 30.755787
v -261.111206 0.000542 30.791031
v -261.111206 1.064544 30.791031
v -261.057831 0.000542 30.948692
v -261.061798 0.000542 30.913448
v -261.061798 1.064544 30.913448
v -261.057831 1.064544 30.948692
v -261.097046 0.000542 30.917400
v -261.097046 1.064544 30.917400
v -261.093079 0.000542 30.952644
v -261.093079 1.064544 30.952644
v -261.039703 0.000542 31.110302
v -261.043671 0.000542 31.075054
v -261.043671 1.064544 31.075054
v -261.039703 1.064544 31.110302
v -261.078918 0.000542 31.079006
v -261.078918 1.064544 31.079006
v -261.074951 0.000542 31.114254
v -261.074951 1.064544 31.114254
v -262.228210 1.064548 20.991756
v -262.157715 1.064548 20.983852
v -261.808807 1.064546 24.094669
v -261.879272 1.064546 24.102573
v -261.006378 1.064544 31.248493
v -261.076874 1.064544 31.256397
v -261.362976 1.064544 28.705711
v -261.292480 1.064544 28.697807
v -262.157715 1.135481 20.983852
v -262.228210 1.135481 20.991756
v -261.879272 1.135479 24.102573
v -261.808807 1.135479 24.094669
v -261.076874 1.135477 31.256397
v -261.006378 1.135477 31.248493
v -261.292480 1.135477 28.697807
v -261.362976 1.135477 28.705711
v -261.881805 0.000544 23.602734
v -261.885773 0.000544 23.567490
v -261.885773 1.064546 23.567490
v -261.881805 1.064546 23.602734
v -261.921021 0.000544 23.571442
v -261.921021 1.064546 23.571442
v -261.917053 0.000544 23.606686
v -261.917053 1.064546 23.606686
v -261.863678 0.000544 23.764347
v -261.867645 0.000544 23.729099
v -261.867645 1.064546 23.729099
v -261.863678 1.064546 23.764347
v -261.902893 0.000544 23.733051
v -261.902893 1.064546 23.733051
v -261.898926 0.000544 23.768299
v -261.898926 1.064546 23.768299
v -261.845551 0.000544 23.925957
v -261.849518 0.000544 23.890709
v -261.849518 1.064546 23.890709
v -261.845551 1.064546 23.925957
v -261.884766 0.000544 23.894661
v -261.884766 1.064546 23.894661
v -261.880798 0.000544 23.929909
v -261.880798 1.064546 23.929909
v -261.895996 0.000545 20.774509
v -261.931244 0.000545 20.778465
v -261.931244 1.064548 20.778465
v -261.895996 1.064548 20.774509
v -261.927277 0.000545 20.813713
v -261.927277 1.064548 20.813713
v -261.892029 0.000545 20.809757
v -261.892029 1.064548 20.809757
v -261.734375 0.000545 20.756382
v -261.769623 0.000545 20.760338
v -261.769623 1.064548 20.760338
v -261.734375 1.064547 20.756382
v -261.765686 0.000545 20.795586
v -261.765686 1.064548 20.795586
v -261.730438 0.000545 20.791630
v -261.730438 1.064547 20.791630
v -261.572784 0.000545 20.738255
v -261.608032 0.000545 20.742210
v -261.608032 1.064547 20.742210
v -261.572784 1.064547 20.738255
v -261.604065 0.000545 20.777458
v -261.604065 1.064547 20.777458
v -261.568817 0.000545 20.773502
v -261.568817 1.064547 20.773502
v -261.411163 0.000545 20.720131
v -261.446411 0.000545 20.724083
v -261.446411 1.064547 20.724083
v -261.411163 1.064547 20.720131
v -261.442444 0.000545 20.759331
v -261.442444 1.064547 20.759331
v -261.407227 0.000545 20.755379
v -261.407227 1.064547 20.755379
v -261.249542 0.000545 20.702000
v -261.284790 0.000545 20.705956
v -261.284790 1.064547 20.705956
v -261.249542 1.064547 20.702000
v -261.280853 0.000545 20.741203
v -261.280853 1.064547 20.741203
v -261.245605 0.000545 20.737247
v -261.245605 1.064547 20.737247
v -261.087952 0.000545 20.683872
v -261.123199 0.000545 20.687828
v -261.123199 1.064547 20.687828
v -261.087952 1.064547 20.683872
v -261.119232 0.000545 20.723076
v -261.119232 1.064547 20.723076
v -261.083984 0.000545 20.719120
v -261.083984 1.064547 20.719120
v -260.926331 0.000545 20.665745
v -260.961578 0.000545 20.669701
v -260.961578 1.064547 20.669701
v -260.926331 1.064547 20.665745
v -260.957642 0.000545 20.704948
v -260.957642 1.064547 20.704948
v -260.922394 0.000545 20.700993
v -260.922394 1.064547 20.700993
v -260.764740 0.000545 20.647621
v -260.799957 0.000545 20.651573
v -260.799957 1.064547 20.651573
v -260.764740 1.064547 20.647621
v -260.796021 0.000545 20.686821
v -260.796021 1.064547 20.686821
v -260.760773 0.000545 20.682869
v -260.760773 1.064547 20.682869
v -260.603119 0.000545 20.629494
v -260.638367 0.000545 20.633446
v -260.638367 1.064547 20.633446
v -260.603119 1.064547 20.629494
v -260.634399 0.000545 20.668694
v -260.634399 1.064547 20.668694
v -260.599152 0.000545 20.664742
v -260.599152 1.064547 20.664742
v -260.441498 0.000545 20.611362
v -260.476746 0.000545 20.615318
v -260.476746 1.064547 20.615318
v -260.441498 1.064547 20.611362
v -260.472809 0.000545 20.650566
v -260.472809 1.064547 20.650566
v -260.437561 0.000545 20.646610
v -260.437561 1.064547 20.646610
v -260.279907 0.000545 20.593239
v -260.315155 0.000545 20.597191
v -260.315155 1.064547 20.597191
v -260.279907 1.064547 20.593239
v -260.311188 0.000545 20.632439
v -260.311188 1.064547 20.632439
v -260.275940 0.000545 20.628487
v -260.275940 1.064547 20.628487
v -260.118286 0.000545 20.575111
v -260.153534 0.000545 20.579063
v -260.153534 1.064547 20.579063
v -260.118286 1.064547 20.575111
v -260.149567 0.000545 20.614311
v -260.149567 1.064547 20.614311
v -260.114319 0.000545 20.610359
v -260.114319 1.064547 20.610359
v -262.055328 1.064548 20.845921
v -262.063232 1.064548 20.775429
v -260.041962 1.064547 20.548706
v -260.034027 1.064547 20.619198
v -262.063232 1.135481 20.775429
v -262.055328 1.135481 20.845921
v -260.034058 1.135481 20.619198
v -260.041931 1.135481 20.548706
v -248.192566 -0.425060 24.631985
v -248.434280 -0.425060 22.477058
v -248.434280 -0.212259 22.477058
v -248.192566 -0.212259 24.631985
v -247.769623 -0.637859 24.584545
v -248.011337 -0.637859 22.429619
v -248.011337 -0.425060 22.429619
v -247.769623 -0.425060 24.584545
v -248.857239 -0.212259 22.524502
v -248.615524 -0.212259 24.679428
v -248.615524 -0.637859 24.679428
v -256.623840 -0.425060 31.550293
v -254.214951 -0.425060 31.280098
v -254.214951 -0.212260 31.280098
v -256.623840 -0.212259 31.550293
v -256.576385 -0.637860 31.973244
v -254.167511 -0.637860 31.703049
v -254.167511 -0.425060 31.703049
v -256.576385 -0.425060 31.973244
v -254.262390 -0.212260 30.857147
v -256.671265 -0.212259 31.127342
v -256.671265 -0.637860 31.127342
v -254.262390 -0.637860 30.857147
v -262.435883 -0.425057 24.530342
v -262.000519 -0.425059 28.411640
v -262.000519 -0.212258 28.411640
v -262.435883 -0.212256 24.530342
v -262.858826 -0.637857 24.577774
v -262.423462 -0.637859 28.459080
v -262.423462 -0.425059 28.459080
v -262.858826 -0.425057 24.577774
v -261.577576 -0.212258 28.364197
v -262.012939 -0.212256 24.482899
v -262.012939 -0.637857 24.482899
v -261.577576 -0.637859 28.364197
v -252.815475 6.732571 19.014950
v -252.815475 6.957119 19.014950
v -252.805588 6.957119 19.103062
v -252.805588 6.791014 19.103062
v -252.900864 6.732571 19.024525
v -252.900864 6.957119 19.024525
v -252.890976 6.791014 19.112637
v -252.890976 6.957119 19.112637
v -252.766068 6.542382 19.455463
v -252.756180 6.600822 19.543575
v -252.851456 6.542382 19.465038
v -252.841568 6.600822 19.553150
v -252.766068 -0.278962 19.455460
v -252.756180 -0.278962 19.543571
v -252.851456 -0.278962 19.465034
v -252.841568 -0.278962 19.553146
v -259.744904 6.732571 19.792206
v -259.744904 6.957119 19.792206
v -259.735016 6.957119 19.880318
v -259.735016 6.791014 19.880318
v -259.834290 6.732571 19.802231
v -259.834290 6.957119 19.802231
v -259.824402 6.791014 19.890343
v -259.824402 6.957119 19.890343
v -259.695496 6.542382 20.232719
v -259.685608 6.600824 20.320831
v -259.784882 6.542382 20.242744
v -259.774994 6.600824 20.330856
v -259.695496 -0.278961 20.232716
v -259.685608 -0.278961 20.320827
v -259.784882 -0.278961 20.242741
v -259.774994 -0.278961 20.330853
v -250.979263 6.732571 19.815624
v -250.979263 6.957118 19.815624
v -251.067383 6.957118 19.825508
v -251.067383 6.791013 19.825508
v -250.990234 6.732571 19.717896
v -250.990234 6.957118 19.717896
v -251.078339 6.791013 19.727779
v -251.078339 6.957118 19.727779
v -251.419769 6.542381 19.865036
v -251.507889 6.600821 19.874920
v -251.430740 6.542381 19.767307
v -251.518860 6.600821 19.777191
v -251.419769 3.403598 19.865028
v -251.507889 3.403598 19.874912
v -251.430740 3.403598 19.767303
v -251.518860 3.403598 19.777187
v -250.123123 6.732569 27.448368
v -250.123123 6.957116 27.448368
v -250.211227 6.957116 27.458252
v -250.211227 6.791011 27.458252
v -250.133316 6.732569 27.357483
v -250.133316 6.957116 27.357483
v -250.221436 6.791011 27.367367
v -250.221436 6.957116 27.367367
v -250.563629 6.542379 27.497780
v -250.651749 6.600820 27.507664
v -250.573822 6.542379 27.406895
v -250.661942 6.600820 27.416779
v -250.563629 3.403595 27.497776
v -250.651749 3.403595 27.507660
v -250.573822 3.403595 27.406891
v -250.661942 3.403595 27.416775
v -250.854553 6.732567 28.493488
v -250.854553 6.957114 28.493488
v -250.864441 6.957114 28.405373
v -250.864441 6.791009 28.405373
v -250.767151 6.732567 28.483681
v -250.767151 6.957114 28.483681
v -250.777023 6.791009 28.395565
v -250.777023 6.957114 28.395565
v -250.903961 6.542377 28.052979
v -250.913849 6.600818 27.964863
v -250.816559 6.542377 28.043171
v -250.826447 6.600818 27.955055
v -250.903961 3.403595 28.052975
v -250.913849 3.403595 27.964859
v -250.816559 3.403595 28.043167
v -250.826447 3.403595 27.955051
v -258.829041 6.732568 29.387966
v -258.829041 6.957115 29.387966
v -258.838928 6.957115 29.299850
v -258.838928 6.791010 29.299850
v -258.739746 6.732568 29.377949
v -258.739746 6.957115 29.377949
v -258.749634 6.791010 29.289833
v -258.749634 6.957115 29.289833
v -258.878479 6.542378 28.947456
v -258.888336 6.600820 28.859341
v -258.789154 6.542378 28.937439
v -258.799042 6.600820 28.849323
v -258.878479 3.403595 28.947453
v -258.888336 3.403595 28.859337
v -258.789154 3.403595 28.937435
v -258.799042 3.403595 28.849319
v -247.915588 -0.557366 29.965855
v -247.915588 3.075714 29.965855
v -248.003708 3.075714 29.975739
v -248.003708 -0.557366 29.975739
v -247.926437 -0.557366 29.869194
v -247.926437 3.075714 29.869194
v -248.014557 -0.557366 29.879070
v -248.014557 3.075714 29.879078
v -260.572418 6.732571 20.792709
v -260.572418 6.957119 20.792709
v -260.484314 6.957119 20.782825
v -260.484314 6.791014 20.782825
v -260.562317 6.732571 20.882824
v -260.562317 6.957119 20.882824
v -260.474213 6.791014 20.872940
v -260.474213 6.957119 20.872940
v -260.131927 6.542382 20.743298
v -260.043793 6.600824 20.733414
v -260.121796 6.542382 20.833412
v -260.033691 6.600824 20.823528
v -260.131927 3.403599 20.743294
v -260.043793 3.403599 20.733410
v -260.121796 3.403599 20.833408
v -260.033691 3.403599 20.823524
v -259.715881 6.732568 28.429096
v -259.715881 6.957115 28.429096
v -259.627747 6.957115 28.419212
v -259.627747 6.791010 28.419212
v -259.704132 6.732568 28.533642
v -259.704132 6.957115 28.533642
v -259.616028 6.791010 28.523758
v -259.616028 6.957115 28.523758
v -259.275360 6.542378 28.379684
v -259.187256 6.600820 28.369801
v -259.263641 6.542378 28.484230
v -259.175507 6.600820 28.474346
v -259.275360 3.403595 28.379681
v -259.187256 3.403595 28.369797
v -259.263641 3.403595 28.484230
v -259.175507 3.403595 28.474346
v -248.154953 -0.557366 30.254738
v -248.154953 3.075714 30.254738
v -248.243057 3.075714 30.264622
v -248.243057 -0.557366 30.264622
v -248.165787 -0.557366 30.158070
v -248.165787 3.075714 30.158070
v -248.253906 -0.557366 30.167953
v -248.253906 3.075714 30.167953
v -260.959778 -0.557364 31.691025
v -260.959778 3.075716 31.691025
v -261.047882 3.075716 31.700909
v -261.047882 -0.557364 31.700909
v -260.970612 -0.557364 31.594357
v -260.970612 3.075716 31.594357
v -261.058746 -0.557364 31.604240
v -261.058746 3.075716 31.604240
v -261.233002 -0.557364 31.482334
v -261.233002 3.075716 31.482334
v -261.321136 3.075716 31.492218
v -261.321136 -0.557364 31.492218
v -261.243866 -0.557364 31.385666
v -261.243866 3.075716 31.385666
v -261.331970 -0.557364 31.395550
v -261.331970 3.075716 31.395550
v -262.420746 -0.557360 20.893299
v -262.420746 3.075720 20.893299
v -262.508881 3.075720 20.903183
v -262.508881 -0.557360 20.903183
v -262.431610 -0.557360 20.796631
v -262.431610 3.075720 20.796631
v -262.519714 -0.557360 20.806515
v -262.519714 3.075720 20.806515
v -248.750259 2.832586 18.432400
v -248.750259 3.057134 18.432400
v -248.740372 3.057134 18.520515
v -248.740372 2.891025 18.520515
v -248.835648 2.832586 18.441978
v -248.835648 3.057134 18.441978
v -248.825760 2.891025 18.530094
v -248.825760 3.057134 18.530094
v -248.686829 2.642395 18.997898
v -248.676941 2.700834 19.086010
v -248.772217 2.642395 19.007477
v -248.762329 2.700834 19.095589
v -248.686829 -0.278962 18.997898
v -248.676941 -0.278962 19.086010
v -248.772217 -0.278962 19.007477
v -248.762329 -0.278962 19.095589
vt 0.000000 0.000000
vt 0.000000 0.000000
vt 0.000000 0.000000
vt 0.000000 0.000000
vt 0.000000 0.000000
vt 0.000000 0.000000
vt 0.000000 0.000000
vt 0.000000 0.000000
vt 0.000000 0.000000
vt 0.000000 0.000000
vt 0.000000 0.000000
vt 0.000000 0.000000
vt 0.000000 0.000000
vt 0.000000 0.000000
vt 0.000000 0.000000
vt 0.000000 0.000000
vt 0.000000 0.000000
vt 0.000000 0.000000
vt 0.000000 0.000000
vt 0.000000 0.000000
vt 0.000000 0.000000
vt 0.000000 0.000000
vt 0.000000 0.000000
vt 0.000000 0.000000
vt 0.000000 0.000000
vt 0.000000 0.000000
vt 0.000000 0.000000
vt 0.000000 0.000000
vt 0.000000 0.000000
vt 0.000000 0.000000
vt 0.000000 0.000000
vt 0.000000 0.000000
vt 0.000000 0.000000
vt 0.000000 0.000000
vt 0.000000 0.000000
vt 0.000000 0.000000
vt 0.000000 0.000000
vt 0.000000 0.000000
vt 0.000000 0.000000
vt 0.000000 0.000000
vt 0.000000 0.000000
vt 0.000000 0.000000
vt 0.000000 0.000000
vt 0.000000 0.000000
vt 0.000000 0.000000
vt 0.000000 0.000000
vt 0.000000 0.000000
vt 0.000000 0.000000
vt 0.000000 0.000000
vt 0.000000 0.000000
vt 0.000000 0.000000
vt 0.000000 0.000000
vt 0.000000 0.000000
vt 0.000000 0.000000
vt 0.000000 0.000000
vt 0.000000 0.000000
vt 0.000000 0.000000
vt 0.000000 0.000000
vt 0.000000 0.000000
vt 0.000000 0.000000
vt 0.000000 0.000000
vt 0.000000 0.000000
vt 0.000000 0.000000
vt 0.000000 0.000000
vt 0.000000 0.000000
vt 0.000000 0.000000
vt 0.000000 0.000000
vt 0.000000 0.000000
vt 0.000000 0.000000
vt 0.000000 0.000000
vt 0.000000 0.000000
vt 0.000000 0.000000
vt 0.000000 0.000000
vt 0.000000 0.000000
vt 0.000000 0.000000
vt 0.000000 0.000000
vt 0.000000 0.000000
vt 0.000000 0.000000
vt 0.000000 0.000000
vt 0.000000 0.000000
vt 0.000000 0.000000
vt 0.000000 0.000000
vt 0.000000 0.000000
vt 0.000000 0.000000
vt 0.000000 0.000000
vt 0.000000 0.000000
vt 0.000000 0.000000
vt 0.000000 0.000000
vt 0.000000 0.000000
vt 0.000000 0.000000
vt 0.000000 0.000000
vt 0.000000 0.000000
vt 0.000000 0.000000
vt 0.000000 0.000000
vt 0.000000 0.000000
vt 0.000000 0.000000
vt 0.000000 0.000000
vt 0.000000 0.000000
vt 0.000000 0.000000
vt 0.000000 0.000000
vt 0.000000 0.000000
vt 0.000000 0.000000
vt 0.000000 0.000000
vt 0.000000 0.000000
vt 0.000000 0.000000
vt 0.000000 0.000000
vt 0.000000 0.000000
vt 0.000000 0.000000
vt 0.000000 0.000000
vt 0.000000 0.000000
vt 0.000000 0.000000
vt 0.000000 0.000000
vt 0.000000 0.000000
vt 0.000000 0.000000
vt 0.000000 0.000000
vt 0.000000 0.000000
vt 0.000000 0.000000
vt 0.000000 0.000000
vt 0.000000 0.000000
vt 0.000000 0.000000
vt 0.000000 0.000000
vt 0.000000 0.000000
vt 0.000000 0.000000
vt 0.000000 0.000000
vt 0.000000 0.000000
vt 0.000000 0.000000
vt 0.000000 0.000000
vt 0.000000 0.000000
vt 0.000000 0.000000
vt 0.000000 0.000000
vt 0.000000 0.000000
vt 0.000000 0.000000
vt 0.000000 0.000000
vt 0.000000 0.000000
vt 0.000000 0.000000
vt 0.000000 0.000000
vt 0.000000 0.000000
vt 0.000000 0.000000
vt 0.000000 0.000000
vt 0.000000 0.000000
vt 0.000000 0.000000
vt 0.000000 0.000000
vt 0.000000 0.000000
vt 0.000000 0.000000
vt 0.000000 0.000000
vt 0.000000 0.000000
vt 0.000000 0.000000
vt 0.000000 0.000000
vt 0.000000 0.000000
vt 0.000000 0.000000
vt 0.000000 0.000000
vt 0.000000 0.000000
vt 0.000000 0.000000
vt 0.000000 0.000000
vt 0.000000 0.000000
vt 0.000000 0.000000
vt 0.000000 0.000000
vt 0.000000 0.000000
vt 0.000000 0.000000
vt 0.000000 0.000000
vt 0.000000 0.000000
vt 0.000000 0.000000
vt 0.000000 0.000000
vt 0.000000 0.000000
vt 0.000000 0.000000
vt 0.000000 0.000000
vt 0.000000 0.000000
vt 0.000000 0.000000
vt 0.000000 0.000000
vt 0.000000 0.000000
vt 0.000000 0.000000
vt 0.000000 0.000000
vt 0.000000 0.000000
vt 0.000000 0.000000
vt 0.000000 0.000000
vt 0.000000 0.000000
vt 0.000000 0.000000
vt 0.000000 0.000000
vt 0.000000 0.000000
vt 0.000000 0.000000
vt 0.000000 0.000000
vt 0.000000 0.000000
vt 0.000000 0.000000
vt 0.000000 0.000000
vt 0.000000 0.000000
vt 0.000000 0.000000
vt 0.000000 0.000000
vt 0.000000 0.000000
vt 0.000000 0.000000
vt 0.000000 0.000000
vt 0.000000 0.000000
vt 0.000000 0.000000
vt 0.000000 0.000000
vt 0.000000 0.000000
vt 0.000000 0.000000
vt 0.000000 0.000000
vt 0.000000 0.000000
vt 0.000000 0.000000
vt 0.000000 0.000000
vt 0.000000 0.000000
vt 0.000000 0.000000
vt 0.000000 0.000000
vt 0.000000 0.000000
vt 0.000000 0.000000
vt 0.000000 0.000000
vt 0.000000 0.000000
vt 0.000000 0.000000
vt 0.000000 0.000000
vt 0.000000 0.000000
vt 0.000000 0.000000
vt 0.000000 0.000000
vt 0.000000 0.000000
vt 0.000000 0.000000
vt 0.000000 0.000000
vt 0.000000 0.000000
vt 0.000000 0.000000
vt 0.000000 0.000000
vt 0.000000 0.000000
vt 0.000000 0.000000
vt 0.000000 0.000000
vt 0.000000 0.000000
vt 0.000000 0.000000
vt 0.000000 0.000000
vt 0.000000 0.000000
vt 0.000000 0.000000
vt 0.000000 0.000000
vt 0.000000 0.000000
vt 0.000000 0.000000
vt 0.000000 0.000000
vt 0.000000 0.000000
vt 0.000000 0.000000
vt 0.000000 0.000000
vt 0.000000 0.000000
vt 0.000000 0.000000
vt 0.000000 0.000000
vt 0.000000 0.000000
vt 0.000000 0.000000
vt 0.000000 0.000000
vt 0.000000 0.000000
vt 0.000000 0.000000
vt 0.000000 0.000000
vt 0.000000 0.000000
vt 0.000000 0.000000
vt 0.000000 0.000000
vt 0.000000 0.000000
vt 0.000000 0.000000
vt 0.000000 0.000000
vt 0.000000 0.000000
vt 0.000000 0.000000
vt 0.000000 0.000000
vt 0.000000 0.000000
vt 0.000000 0.000000
vt 0.000000 0.000000
vt 0.000000 0.000000
vt 0.000000 0.000000
vt 0.000000 0.000000
vt 0.000000 0.000000
vt 0.000000 0.000000
vt 0.000000 0.000000
vt 0.000000 0.000000
vt 0.000000 0.000000
vt 0.000000 0.000000
vt 0.000000 0.000000
vt 0.000000 0.000000
vt 0.000000 0.000000
vt 0.000000 0.000000
vt 0.000000 0.000000
vt 0.000000 0.000000
vt 0.000000 0.000000
vt 0.000000 0.000000
vt 0.000000 0.000000
vt 0.000000 0.000000
vt 0.000000 0.000000
vt 0.000000 0.000000
vt 0.000000 0.000000
vt 0.000000 0.000000
vt 0.000000 0.000000
vt 0.000000 0.000000
vt 0.000000 0.000000
vt 0.000000 0.000000
vt 0.000000 0.000000
vt 0.000000 0.000000
vt 0.000000 0.000000
vt 0.000000 0.000000
vt 0.000000 0.000000
vt 0.000000 0.000000
vt 0.000000 0.000000
vt 0.000000 0.000000
vt 0.000000 0.000000
vt 0.000000 0.000000
vt 0.000000 0.000000
vt 0.000000 0.000000
vt 0.000000 0.000000
vt 0.000000 0.000000
vt 0.000000 0.000000
vt 0.000000 0.000000
vt 0.000000 0.000000
vt 0.000000 0.000000
vt 0.000000 0.000000
vt 0.000000 0.000000
vt 0.000000 0.000000
vt 0.000000 0.000000
vt 0.000000 0.000000
vt 0.000000 0.000000
vt 0.000000 0.000000
vt 0.000000 0.000000
vt 0.000000 0.000000
vt 0.000000 0.000000
vt 0.000000 0.000000
vt 0.000000 0.000000
vt 0.000000 0.000000
vt 0.000000 0.000000
vt 0.000000 0.000000
vt 0.000000 0.000000
vt 0.000000 0.000000
vt 0.000000 0.000000
vt 0.000000 0.000000
vt 0.000000 0.000000
vt 0.000000 0.000000
vt 0.000000 0.000000
vt 0.000000 0.000000
vt 0.000000 0.000000
vt 0.000000 0.000000
vt 0.000000 0.000000
vt 0.000000 0.000000
vt 0.000000 0.000000
vt 0.000000 0.000000
vt 0.000000 0.000000
vt 0.000000 0.000000
vt 0.000000 0.000000
vt 0.000000 0.000000
vt 0.000000 0.000000
vt 0.000000 0.000000
vt 0.000000 0.000000
vt 0.000000 0.000000
vt 0.000000 0.000000
vt 0.000000 0.000000
vt 0.000000 0.000000
vt 0.000000 0.000000
vt 0.000000 0.000000
vt 0.000000 0.000000
vt 0.000000 0.000000
vt 0.000000 0.000000
vt 0.000000 0.000000
vt 0.000000 0.000000
vt 0.000000 0.000000
vt 0.000000 0.000000
vt 0.000000 0.000000
vt 0.000000 0.000000
vt 0.000000 0.000000
vt 0.000000 0.000000
vt 0.000000 0.000000
vt 0.000000 0.000000
vt 0.000000 0.000000
vt 0.000000 0.000000
vt 0.000000 0.000000
vt 0.000000 0.000000
vt 0.000000 0.000000
vt 0.000000 0.000000
vt 0.000000 0.000000
vt 0.000000 0.000000
vt 0.000000 0.000000
vt 0.000000 0.000000
vt 0.000000 0.000000
vt 0.000000 0.000000
vt 0.000000 0.000000
vt 0.000000 0.000000
vt 0.000000 0.000000
vt 0.000000 0.000000
vt 0.000000 0.000000
vt 0.000000 0.000000
vt 0.000000 0.000000
vt 0.000000 0.000000
vt 0.000000 0.000000
vt 0.000000 0.000000
vt 0.000000 0.000000
vt 0.000000 0.000000
vt 0.000000 0.000000
vt 0.000000 0.000000
vt 0.000000 0.000000
vt 0.000000 0.000000
vt 0.000000 0.000000
vt 0.000000 0.000000
vt 0.000000 0.000000
vt 0.000000 0.000000
vt 0.000000 0.000000
vt 0.000000 0.000000
vt 0.000000 0.000000
vt 0.000000 0.000000
vt 0.000000 0.000000
vt 0.000000 0.000000
vt 0.000000 0.000000
vt 0.000000 0.000000
vt 0.000000 0.000000
vt 0.000000 0.000000
vt 0.000000 0.000000
vt 0.000000 0.000000
vt 0.000000 0.000000
vt 0.000000 0.000000
vt 0.000000 0.000000
vt 0.000000 0.000000
vt 0.000000 0.000000
vt 0.000000 0.000000
vt 0.000000 0.000000
vt 0.000000 0.000000
vt 0.000000 0.000000
vt 0.000000 0.000000
vt 0.000000 0.000000
vt 0.000000 0.000000
vt 0.000000 0.000000
vt 0.000000 0.000000
vt 0.000000 0.000000
vt 0.000000 0.000000
vt 0.000000 0.000000
vt 0.000000 0.000000
vt 0.000000 0.000000
vt 0.000000 0.000000
vt 0.000000 0.000000
vt 0.000000 0.000000
vt 0.000000 0.000000
vt 0.000000 0.000000
vt 0.000000 0.000000
vt 0.000000 0.000000
vt 0.000000 0.000000
vt 0.000000 0.000000
vt 0.000000 0.000000
vt 0.000000 0.000000
vt 0.000000 0.000000
vt 0.000000 0.000000
vt 0.000000 0.000000
vt 0.000000 0.000000
vt 0.000000 0.000000
vt 0.000000 0.000000
vt 0.000000 0.000000
vt 0.000000 0.000000
vt 0.000000 0.000000
vt 0.000000 0.000000
vt 0.000000 0.000000
vt 0.000000 0.000000
vt 0.000000 0.000000
vt 0.000000 0.000000
vt 0.000000 0.000000
vt 0.000000 0.000000
vt 0.000000 0.000000
vt 0.000000 0.000000
vt 0.000000 0.000000
vt 0.000000 0.000000
vt 0.000000 0.000000
vt 0.000000 0.000000
vt 0.000000 0.000000
vt 0.000000 0.000000
vt 0.000000 0.000000
vt 0.000000 0.000000
vt 0.000000 0.000000
vt 0.000000 0.000000
vt 0.000000 0.000000
vt 0.000000 0.000000
vt 0.000000 0.000000
vt 0.000000 0.000000
vt 0.000000 0.000000
vt 0.000000 0.000000
vt 0.000000 0.000000
vt 0.000000 0.000000
vt 0.000000 0.000000
vt 0.000000 0.000000
vt 0.000000 0.000000
vt 0.000000 0.000000
vt 0.000000 0.000000
vt 0.000000 0.000000
vt 0.000000 0.000000
vt 0.000000 0.000000
vt 0.000000 0.000000
vt 0.000000 0.000000
vt 0.000000 0.000000
vt 0.000000 0.000000
vt 0.000000 0.000000
vt 0.000000 0.000000
vt 0.000000 0.000000
vt 0.000000 0.000000
vt 0.000000 0.000000
vt 0.000000 0.000000
vt 0.000000 0.000000
vt 0.000000 0.000000
vt 0.000000 0.000000
vt 0.000000 0.000000
vt 0.000000 0.000000
vt 0.000000 0.000000
vt 0.000000 0.000000
vt 0.000000 0.000000
vt 0.000000 0.000000
vt 0.000000 0.000000
vt 0.000000 0.000000
vt 0.000000 0.000000
vt 0.000000 0.000000
vt 0.000000 0.000000
vt 0.000000 0.000000
vt 0.000000 0.000000
vt 0.000000 0.000000
vt 0.000000 0.000000
vt 0.000000 0.000000
vt 0.000000 0.000000
vt 0.000000 0.000000
vt 0.000000 0.000000
vt 0.000000 0.000000
vt 0.000000 0.000000
vt 0.000000 0.000000
vt 0.000000 0.000000
vt 0.000000 0.000000
vt 0.000000 0.000000
vt 0.000000 0.000000
vt 0.000000 0.000000
vt 0.000000 0.000000
vt 0.000000 0.000000
vt 0.000000 0.000000
vt 0.000000 0.000000
vt 0.000000 0.000000
vt 0.000000 0.000000
vt 0.000000 0.000000
vt 0.000000 0.000000
vt 0.000000 0.000000
vt 0.000000 0.000000
vt 0.000000 0.000000
vt 0.000000 0.000000
vt 0.000000 0.000000
vt 0.000000 0.000000
vt 0.000000 0.000000
vt 0.000000 0.000000
vt 0.000000 0.000000
vt 0.000000 0.000000
vt 0.000000 0.000000
vt 0.000000 0.000000
vt 0.000000 0.000000
vt 0.000000 0.000000
vt 0.000000 0.000000
vt 0.000000 0.000000
vt 0.000000 0.000000
vt 0.000000 0.000000
vt 0.000000 0.000000
vt 0.000000 0.000000
vt 0.000000 0.000000
vt 0.000000 0.000000
vt 0.000000 0.000000
vt 0.000000 0.000000
vt 0.000000 0.000000
vt 0.000000 0.000000
vt 0.000000 0.000000
vt 0.000000 0.000000
vt 0.000000 0.000000
vt 0.000000 0.000000
vt 0.000000 0.000000
vt 0.000000 0.000000
vt 0.000000 0.000000
vt 0.000000 0.000000
vt 0.000000 0.000000
vt 0.000000 0.000000
vt 0.000000 0.000000
vt 0.000000 0.000000
vt 0.000000 0.000000
vt 0.000000 0.000000
vt 0.000000 0.000000
vt 0.000000 0.000000
vt 0.000000 0.000000
vt 0.000000 0.000000
vt 0.000000 0.000000
vt 0.000000 0.000000
vt 0.000000 0.000000
vt 0.000000 0.000000
vt 0.000000 0.000000
vt 0.000000 0.000000
vt 0.000000 0.000000
vt 0.000000 0.000000
vt 0.000000 0.000000
vt 0.000000 0.000000
vt 0.000000 0.000000
vt 0.000000 0.000000
vt 0.000000 0.000000
vt 0.000000 0.000000
vt 0.000000 0.000000
vt 0.000000 0.000000
vt 0.000000 0.000000
vt 0.000000 0.000000
vt 0.000000 0.000000
vt 0.000000 0.000000
vt 0.000000 0.000000
vt 0.000000 0.000000
vt 0.000000 0.000000
vt 0.000000 0.000000
vt 0.000000 0.000000
vt 0.000000 0.000000
vt 0.000000 0.000000
vt 0.000000 0.000000
vt 0.000000 0.000000
vt 0.000000 0.000000
vt 0.000000 0.000000
vt 0.000000 0.000000
vt 0.000000 0.000000
vt 0.000000 0.000000
vt 0.000000 0.000000
vt 0.000000 0.000000
vt 0.000000 0.000000
vt 0.000000 0.000000
vt 0.000000 0.000000
vt 0.000000 0.000000
vt 0.000000 0.000000
vt 0.000000 0.000000
vt 0.000000 0.000000
vt 0.000000 0.000000
vt 0.000000 0.000000
vt 0.000000 0.000000
vt 0.000000 0.000000
vt 0.000000 0.000000
vt 0.000000 0.000000
vt 0.000000 0.000000
vt 0.000000 0.000000
vt 0.000000 0.000000
vt 0.000000 0.000000
vt 0.000000 0.000000
vt 0.000000 0.000000
vt 0.000000 0.000000
vt 0.000000 0.000000
vt 0.000000 0.000000
vt 0.000000 0.000000
vt 0.000000 0.000000
vt 0.000000 0.000000
vt 0.000000 0.000000
vt 0.000000 0.000000
vt 0.000000 0.000000
vt 0.000000 0.000000
vt 0.000000 0.000000
vt 0.000000 0.000000
vt 0.000000 0.000000
vt 0.000000 0.000000
vt 0.000000 0.000000
vt 0.000000 0.000000
vt 0.000000 0.000000
vt 0.000000 0.000000
vt 0.000000 0.000000
vt 0.000000 0.000000
vt 0.000000 0.000000
vt 0.000000 0.000000
vt 0.000000 0.000000
vt 0.000000 0.000000
vt 0.000000 0.000000
vt 0.000000 0.000000
vt 0.000000 0.000000
vt 0.000000 0.000000
vt 0.000000 0.000000
vt 0.000000 0.000000
vt 0.000000 0.000000
vt 0.000000 0.000000
vt 0.000000 0.000000
vt 0.000000 0.000000
vt 0.000000 0.000000
vt 0.000000 0.000000
vt 0.000000 0.000000
vt 0.000000 0.000000
vt 0.000000 0.000000
vt 0.000000 0.000000
vt 0.000000 0.000000
vt 0.000000 0.000000
vt 0.000000 0.000000
vt 0.000000 0.000000
vt 0.000000 0.000000
vt 0.000000 0.000000
vt 0.000000 0.000000
vt 0.000000 0.000000
vt 0.000000 0.000000
vt 0.000000 0.000000
vt 0.000000 0.000000
vt 0.000000 0.000000
vt 0.000000 0.000000
vt 0.000000 0.000000
vt 0.000000 0.000000
vt 0.000000 0.000000
vt 0.000000 0.000000
vt 0.000000 0.000000
vt 0.000000 0.000000
vt 0.000000 0.000000
vt 0.000000 0.000000
vt 0.000000 0.000000
vt 0.000000 0.000000
vt 0.000000 0.000000
vt 0.000000 0.000000
vt 0.000000 0.000000
vt 0.000000 0.000000
vt 0.000000 0.000000
vt 0.000000 0.000000
vt 0.000000 0.000000
vt 0.000000 0.000000
vt 0.000000 0.000000
vt 0.000000 0.000000
vt 0.000000 0.000000
vt 0.000000 0.000000
vt 0.000000 0.000000
vt 0.000000 0.000000
vt 0.000000 0.000000
vt 0.000000 0.000000
vt 0.000000 0.000000
vt 0.000000 0.000000
vt 0.000000 0.000000
vt 0.000000 0.000000
vt 0.000000 0.000000
vt 0.000000 0.000000
vt 0.000000 0.000000
vt 0.000000 0.000000
vt 0.000000 0.000000
vt 0.000000 0.000000
vt 0.000000 0.000000
vt 0.000000 0.000000
vt 0.000000 0.000000
vt 0.000000 0.000000
vt 0.000000 0.000000
vt 0.000000 0.000000
vt 0.000000 0.000000
vt 0.000000 0.000000
vt 0.000000 0.000000
vt 0.000000 0.000000
vt 0.000000 0.000000
vt 0.000000 0.000000
vt 0.000000 0.000000
vt 0.000000 0.000000
vt 0.000000 0.000000
vt 0.000000 0.000000
vt 0.000000 0.000000
vt 0.000000 0.000000
vt 0.000000 0.000000
vt 0.000000 0.000000
vt 0.000000 0.000000
vt 0.000000 0.000000
vt 0.000000 0.000000
vt 0.000000 0.000000
vt 0.000000 0.000000
vt 0.000000 0.000000
vt 0.000000 0.000000
vt 0.000000 0.000000
vt 0.000000 0.000000
vt 0.000000 0.000000
vt 0.000000 0.000000
vt 0.000000 0.000000
vt 0.000000 0.000000
vt 0.000000 0.000000
vt 0.000000 0.000000
vt 0.000000 0.000000
vt 0.000000 0.000000
vt 0.000000 0.000000
vt 0.000000 0.000000
vt 0.000000 0.000000
vt 0.000000 0.000000
vt 0.000000 0.000000
vt 0.000000 0.000000
vt 0.000000 0.000000
vt 0.000000 0.000000
vt 0.000000 0.000000
vt 0.000000 0.000000
vt 0.000000 0.000000
vt 0.000000 0.000000
vt 0.000000 0.000000
vt 0.000000 0.000000
vt 0.000000 0.000000
vt 0.000000 0.000000
vt 0.000000 0.000000
vt 0.000000 0.000000
vt 0.000000 0.000000
vt 0.000000 0.000000
vt 0.000000 0.000000
vt 0.000000 0.000000
vt 0.000000 0.000000
vt 0.000000 0.000000
vt 0.000000 0.000000
vt 0.000000 0.000000
vt 0.000000 0.000000
vt 0.000000 0.000000
vt 0.000000 0.000000
vt 0.000000 0.000000
vt 0.000000 0.000000
vt 0.000000 0.000000
vt 0.000000 0.000000
vt 0.000000 0.000000
vt 0.000000 0.000000
vt 0.000000 0.000000
vt 0.000000 0.000000
vt 0.000000 0.000000
vt 0.000000 0.000000
vt 0.000000 0.000000
vt 0.000000 0.000000
vt 0.000000 0.000000
vt 0.000000 0.000000
vt 0.000000 0.000000
vt 0.000000 0.000000
vt 0.000000 0.000000
vt 0.000000 0.000000
vt 0.000000 0.000000
vt 0.000000 0.000000
vt 0.000000 0.000000
vt 0.000000 0.000000
vt 0.000000 0.000000
vt 0.000000 0.000000
vt 0.000000 0.000000
vt 0.000000 0.000000
vt 0.000000 0.000000
vt 0.000000 0.000000
vt 0.000000 0.000000
vt 0.000000 0.000000
vt 0.000000 0.000000
vt 0.000000 0.000000
vt 0.000000 0.000000
vt 0.000000 0.000000
vt 0.000000 0.000000
vt 0.000000 0.000000
vt 0.000000 0.000000
vt 0.000000 0.000000
vt 0.000000 0.000000
vt 0.000000 0.000000
vt 0.000000 0.000000
vt 0.000000 0.000000
vt 0.000000 0.000000
vt 0.000000 0.000000
vt 0.000000 0.000000
vt 0.000000 0.000000
vt 0.000000 0.000000
vt 0.000000 0.000000
vt 0.000000 0.000000
vt 0.000000 0.000000
vt 0.000000 0.000000
vt 0.000000 0.000000
vt 0.000000 0.000000
vt 0.000000 0.000000
vt 0.000000 0.000000
vt 0.000000 0.000000
vt 0.000000 0.000000
vt 0.000000 0.000000
vt 0.000000 0.000000
vt 0.000000 0.000000
vt 0.000000 0.000000
vt 0.000000 0.000000
vt 0.000000 0.000000
vt 0.000000 0.000000
vt 0.000000 0.000000
vt 0.000000 0.000000
vt 0.000000 0.000000
vt 0.000000 0.000000
vt 0.000000 0.000000
vt 0.000000 0.000000
vt 0.000000 0.000000
vt 0.000000 0.000000
vt 0.000000 0.000000
vt 0.000000 0.000000
vt 0.000000 0.000000
vt 0.000000 0.000000
vt 0.000000 0.000000
vt 0.000000 0.000000
vt 0.000000 0.000000
vt 0.000000 0.000000
vt 0.000000 0.000000
vt 0.000000 0.000000
vt 0.000000 0.000000
vt 0.000000 0.000000
vt 0.000000 0.000000
vt 0.000000 0.000000
vt 0.000000 0.000000
vt 0.000000 0.000000
vt 0.000000 0.000000
vt 0.000000 0.000000
vt 0.000000 0.000000
vt 0.000000 0.000000
vt 0.000000 0.000000
vt 0.000000 0.000000
vt 0.000000 0.000000
vt 0.000000 0.000000
vt 0.000000 0.000000
vt 0.000000 0.000000
vt 0.000000 0.000000
vt 0.000000 0.000000
vt 0.000000 0.000000
vt 0.000000 0.000000
vt 0.000000 0.000000
vt 0.000000 0.000000
vt 0.000000 0.000000
vt 0.000000 0.000000
vt 0.000000 0.000000
vt 0.000000 0.000000
vt 0.000000 0.000000
vt 0.000000 0.000000
vt 0.000000 0.000000
vt 0.000000 0.000000
vt 0.000000 0.000000
vt 0.000000 0.000000
vt 0.000000 0.000000
vt 0.000000 0.000000
vt 0.000000 0.000000
vt 0.000000 0.000000
vt 0.000000 0.000000
vt 0.000000 0.000000
vt 0.000000 0.000000
vt 0.000000 0.000000
vt 0.000000 0.000000
vt 0.000000 0.000000
vt 0.000000 0.000000
vt 0.000000 0.000000
vt 0.000000 0.000000
vt 0.000000 0.000000
vt 0.000000 0.000000
vt 0.000000 0.000000
vt 0.000000 0.000000
vt 0.000000 0.000000
vt 0.000000 0.000000
vt 0.000000 0.000000
vt 0.000000 0.000000
vt 0.000000 0.000000
vt 0.000000 0.000000
vt 0.000000 0.000000
vt 0.000000 0.000000
vt 0.000000 0.000000
vt 0.000000 0.000000
vt 0.000000 0.000000
vt 0.000000 0.000000
vt 0.000000 0.000000
vt 0.000000 0.000000
vt 0.000000 0.000000
vt 0.000000 0.000000
vt 0.000000 0.000000
vt 0.000000 0.000000
vt 0.000000 0.000000
vt 0.000000 0.000000
vt 0.000000 0.000000
vt 0.000000 0.000000
vt 0.000000 0.000000
vt 0.000000 0.000000
vt 0.000000 0.000000
vt 0.000000 0.000000
vt 0.000000 0.000000
vt 0.000000 0.000000
vt 0.000000 0.000000
vt 0.000000 0.000000
vt 0.000000 0.000000
vt 0.000000 0.000000
vt 0.000000 0.000000
vt 0.000000 0.000000
vt 0.000000 0.000000
vt 0.000000 0.000000
vt 0.000000 0.000000
vt 0.000000 0.000000
vt 0.000000 0.000000
vt 0.000000 0.000000
vt 0.000000 0.000000
vt 0.000000 0.000000
vt 0.000000 0.000000
vt 0.000000 0.000000
vt 0.000000 0.000000
vt 0.000000 0.000000
vt 0.000000 0.000000
vt 0.000000 0.000000
vt 0.000000 0.000000
vt 0.000000 0.000000
vt 0.000000 0.000000
vt 0.000000 0.000000
vt 0.000000 0.000000
vt 0.000000 0.000000
vt 0.000000 0.000000
vt 0.000000 0.000000
vt 0.000000 0.000000
vt 0.000000 0.000000
vt 0.000000 0.000000
vt 0.000000 0.000000
vt 0.000000 0.000000
vt 0.000000 0.000000
vt 0.000000 0.000000
vt 0.000000 0.000000
vt 0.000000 0.000000
vt 0.000000 0.000000
vt 0.000000 0.000000
vt 0.000000 0.000000
vt 0.000000 0.000000
vt 0.000000 0.000000
vt 0.000000 0.000000
vt 0.000000 0.000000
vt 0.000000 0.000000
vt 0.000000 0.000000
vt 0.000000 0.000000
vt 0.000000 0.000000
vt 0.000000 0.000000
vt 0.000000 0.000000
vt 0.000000 0.000000
vt 0.000000 0.000000
vt 0.000000 0.000000
vt 0.000000 0.000000
vt 0.000000 0.000000
vt 0.000000 0.000000
vt 0.000000 0.000000
vt 0.000000 0.000000
vt 0.000000 0.000000
vt 0.000000 0.000000
vt 0.000000 0.000000
vt 0.000000 0.000000
vt 0.000000 0.000000
vt 0.000000 0.000000
vt 0.000000 0.000000
vt 0.000000 0.000000
vt 0.000000 0.000000
vt 0.000000 0.000000
vt 0.000000 0.000000
vt 0.000000 0.000000
vt 0.000000 0.000000
vt 0.000000 0.000000
vt 0.000000 0.000000
vt 0.000000 0.000000
vt 0.000000 0.000000
vt 0.000000 0.000000
vt 0.000000 0.000000
vt 0.000000 0.000000
vt 0.000000 0.000000
vt 0.000000 0.000000
vt 0.000000 0.000000
vt 0.000000 0.000000
vt 0.000000 0.000000
vt 0.000000 0.000000
vt 0.000000 0.000000
vt 0.000000 0.000000
vt 0.000000 0.000000
vt 0.000000 0.000000
vt 0.000000 0.000000
vt 0.000000 0.000000
vt 0.000000 0.000000
vt 0.000000 0.000000
vt 0.000000 0.000000
vt 0.000000 0.000000
vt 0.000000 0.000000
vt 0.000000 0.000000
vt 0.000000 0.000000
vt 0.000000 0.000000
vt 0.000000 0.000000
vt 0.000000 0.000000
vt 0.000000 0.000000
vt 0.000000 0.000000
vt 0.000000 0.000000
vt 0.000000 0.000000
vt 0.000000 0.000000
vt 0.000000 0.000000
vt 0.000000 0.000000
vt 0.000000 0.000000
vt 0.000000 0.000000
vt 0.000000 0.000000
vt 0.000000 0.000000
vt 0.000000 0.000000
vt 0.000000 0.000000
vt 0.000000 0.000000
vt 0.000000 0.000000
vt 0.000000 0.000000
vt 0.000000 0.000000
vt 0.000000 0.000000
vt 0.000000 0.000000
vt 0.000000 0.000000
vt 0.000000 0.000000
vt 0.000000 0.000000
vt 0.000000 0.000000
vt 0.000000 0.000000
vt 0.000000 0.000000
vt 0.000000 0.000000
vt 0.000000 0.000000
vt 0.000000 0.000000
vt 0.000000 0.000000
vt 0.000000 0.000000
vt 0.000000 0.000000
vt 0.000000 0.000000
vt 0.000000 0.000000
vt 0.000000 0.000000
vt 0.000000 0.000000
vt 0.000000 0.000000
vt 0.000000 0.000000
vt 0.000000 0.000000
vt 0.000000 0.000000
vt 0.000000 0.000000
vt 0.000000 0.000000
vt 0.000000 0.000000
vt 0.000000 0.000000
vt 0.000000 0.000000
vt 0.000000 0.000000
vt 0.000000 0.000000
vt 0.000000 0.000000
vt 0.000000 0.000000
vt 0.000000 0.000000
vt 0.000000 0.000000
vt 0.000000 0.000000
vt 0.000000 0.000000
vt 0.000000 0.000000
vt 0.000000 0.000000
vt 0.000000 0.000000
vt 0.000000 0.000000
vt 0.000000 0.000000
vt 0.000000 0.000000
vt 0.000000 0.000000
vt 0.000000 0.000000
vt 0.000000 0.000000
vt 0.000000 0.000000
vt 0.000000 0.000000
vt 0.000000 0.000000
vt 0.000000 0.000000
vt 0.000000 0.000000
vt 0.000000 0.000000
vt 0.000000 0.000000
vt 0.000000 0.000000
vt 0.000000 0.000000
vt 0.000000 0.000000
vt 0.000000 0.000000
vt 0.000000 0.000000
vt 0.000000 0.000000
vt 0.000000 0.000000
vt 0.000000 0.000000
vt 0.000000 0.000000
vt 0.000000 0.000000
vt 0.000000 0.000000
vt 0.000000 0.000000
vt 0.000000 0.000000
vt 0.000000 0.000000
vt 0.000000 0.000000
vt 0.000000 0.000000
vt 0.000000 0.000000
vt 0.000000 0.000000
vt 0.000000 0.000000
vt 0.000000 0.000000
vt 0.000000 0.000000
vt 0.000000 0.000000
vt 0.000000 0.000000
vt 0.000000 0.000000
vt 0.000000 0.000000
vt 0.000000 0.000000
vt 0.000000 0.000000
vt 0.000000 0.000000
vt 0.000000 0.000000
vt 0.000000 0.000000
vt 0.000000 0.000000
vt 0.000000 0.000000
vt 0.000000 0.000000
vt 0.000000 0.000000
vt 0.000000 0.000000
vt 0.000000 0.000000
vt 0.000000 0.000000
vt 0.000000 0.000000
vt 0.000000 0.000000
vt 0.000000 0.000000
vt 0.000000 0.000000
vt 0.000000 0.000000
vt 0.000000 0.000000
vt 0.000000 0.000000
vt 0.000000 0.000000
vt 0.000000 0.000000
vt 0.000000 0.000000
vt 0.000000 0.000000
vt 0.000000 0.000000
vt 0.000000 0.000000
vt 0.000000 0.000000
vt 0.000000 0.000000
vt 0.000000 0.000000
vt 0.000000 0.000000
vt 0.000000 0.000000
vt 0.000000 0.000000
vt 0.000000 0.000000
vt 0.000000 0.000000
vt 0.000000 0.000000
vt 0.000000 0.000000
vt 0.000000 0.000000
vt 0.000000 0.000000
vt 0.000000 0.000000
vt 0.000000 0.000000
vt 0.000000 0.000000
vt 0.000000 0.000000
vt 0.000000 0.000000
vt 0.000000 0.000000
vt 0.000000 0.000000
vt 0.000000 0.000000
vt 0.000000 0.000000
vt 0.000000 0.000000
vt 0.000000 0.000000
vt 0.000000 0.000000
vt 0.000000 0.000000
vt 0.000000 0.000000
vt 0.000000 0.000000
vt 0.000000 0.000000
vt 0.000000 0.000000
vt 0.000000 0.000000
vt 0.000000 0.000000
vt 0.000000 0.000000
vt 0.000000 0.000000
vt 0.000000 0.000000
vt 0.000000 0.000000
vt 0.000000 0.000000
vt 0.000000 0.000000
vt 0.000000 0.000000
vt 0.000000 0.000000
vt 0.000000 0.000000
vt 0.000000 0.000000
vt 0.000000 0.000000
vt 0.000000 0.000000
vt 0.000000 0.000000
vt 0.000000 0.000000
vt 0.000000 0.000000
vt 0.000000 0.000000
vt 0.000000 0.000000
vt 0.000000 0.000000
vt 0.000000 0.000000
vt 0.000000 0.000000
vt 0.000000 0.000000
vt 0.000000 0.000000
vt 0.000000 0.000000
vt 0.000000 0.000000
vt 0.000000 0.000000
vt 0.000000 0.000000
vt 0.000000 0.000000
vt 0.000000 0.000000
vt 0.000000 0.000000
vt 0.000000 0.000000
vt 0.000000 0.000000
vt 0.000000 0.000000
vt 0.000000 0.000000
vt 0.000000 0.000000
vt 0.000000 0.000000
vt 0.000000 0.000000
vt 0.000000 0.000000
vt 0.000000 0.000000
vt 0.000000 0.000000
vt 0.000000 0.000000
vt 0.000000 0.000000
vt 0.000000 0.000000
vt 0.000000 0.000000
vt 0.000000 0.000000
vt 0.000000 0.000000
vt 0.000000 0.000000
vt 0.000000 0.000000
vt 0.000000 0.000000
vt 0.000000 0.000000
vt 0.000000 0.000000
vt 0.000000 0.000000
vt 0.000000 0.000000
vt 0.000000 0.000000
vt 0.000000 0.000000
vt 0.000000 0.000000
vt 0.000000 0.000000
vt 0.000000 0.000000
vt 0.000000 0.000000
vt 0.000000 0.000000
vt 0.000000 0.000000
vt 0.000000 0.000000
vt 0.000000 0.000000
vt 0.000000 0.000000
vt 0.000000 0.000000
vt 0.000000 0.000000
vt 0.000000 0.000000
vt 0.000000 0.000000
vt 0.000000 0.000000
vt 0.000000 0.000000
vt 0.000000 0.000000
vt 0.000000 0.000000
vt 0.000000 0.000000
vt 0.000000 0.000000
vt 0.000000 0.000000
vt 0.000000 0.000000
vt 0.000000 0.000000
vt 0.000000 0.000000
vt 0.000000 0.000000
vt 0.000000 0.000000
vt 0.000000 0.000000
vt 0.000000 0.000000
vt 0.000000 0.000000
vt 0.000000 0.000000
vt 0.000000 0.000000
vt 0.000000 0.000000
vt 0.000000 0.000000
vt 0.000000 0.000000
vt 0.000000 0.000000
vt 0.000000 0.000000
vt 0.000000 0.000000
vt 0.000000 0.000000
vt 0.000000 0.000000
vt 0.000000 0.000000
vt 0.000000 0.000000
vt 0.000000 0.000000
vt 0.000000 0.000000
vt 0.000000 0.000000
vt 0.000000 0.000000
vt 0.000000 0.000000
vt 0.000000 0.000000
vt 0.000000 0.000000
vt 0.000000 0.000000
vt 0.000000 0.000000
vt 0.000000 0.000000
vt 0.000000 0.000000
vt 0.000000 0.000000
vt 0.000000 0.000000
vt 0.000000 0.000000
vt 0.000000 0.000000
vt 0.000000 0.000000
vt 0.000000 0.000000
vt 0.000000 0.000000
vt 0.000000 0.000000
vt 0.000000 0.000000
vt 0.000000 0.000000
vt 0.000000 0.000000
vt 0.000000 0.000000
vt 0.000000 0.000000
vt 0.000000 0.000000
vt 0.000000 0.000000
vt 0.000000 0.000000
vt 0.000000 0.000000
vt 0.000000 0.000000
vt 0.000000 0.000000
vt 0.000000 0.000000
vt 0.000000 0.000000
vt 0.000000 0.000000
vt 0.000000 0.000000
vt 0.000000 0.000000
vt 0.000000 0.000000
vt 0.000000 0.000000
vt 0.000000 0.000000
vt 0.000000 0.000000
vt 0.000000 0.000000
vt 0.000000 0.000000
vt 0.000000 0.000000
vt 0.000000 0.000000
vt 0.000000 0.000000
vt 0.000000 0.000000
vt 0.000000 0.000000
vt 0.000000 0.000000
vt 0.000000 0.000000
vt 0.000000 0.000000
vt 0.000000 0.000000
vt 0.000000 0.000000
vt 0.000000 0.000000
vt 0.000000 0.000000
vt 0.000000 0.000000
vt 0.000000 0.000000
vt 0.000000 0.000000
vt 0.000000 0.000000
vt 0.000000 0.000000
vt 0.000000 0.000000
vt 0.000000 0.000000
vt 0.000000 0.000000
vt 0.000000 0.000000
vt 0.000000 0.000000
vt 0.000000 0.000000
vt 0.000000 0.000000
vt 0.000000 0.000000
vt 0.000000 0.000000
vt 0.000000 0.000000
vt 0.000000 0.000000
vt 0.000000 0.000000
vt 0.000000 0.000000
vt 0.000000 0.000000
vt 0.000000 0.000000
vt 0.000000 0.000000
vt 0.000000 0.000000
vt 0.000000 0.000000
vt 0.000000 0.000000
vt 0.000000 0.000000
vt 0.000000 0.000000
vt 0.000000 0.000000
vt 0.000000 0.000000
vt 0.000000 0.000000
vt 0.000000 0.000000
vt 0.000000 0.000000
vt 0.000000 0.000000
vt 0.000000 0.000000
vt 0.000000 0.000000
vt 0.000000 0.000000
vt 0.000000 0.000000
vt 0.000000 0.000000
vt 0.000000 0.000000
vt 0.000000 0.000000
vt 0.000000 0.000000
vt 0.000000 0.000000
vt 0.000000 0.000000
vt 0.000000 0.000000
vt 0.000000 0.000000
vt 0.000000 0.000000
vt 0.000000 0.000000
vt 0.000000 0.000000
vt 0.000000 0.000000
vt 0.000000 0.000000
vt 0.000000 0.000000
vt 0.000000 0.000000
vt 0.000000 0.000000
vt 0.000000 0.000000
vt 0.000000 0.000000
vt 0.000000 0.000000
vt 0.000000 0.000000
vt 0.000000 0.000000
vt 0.000000 0.000000
vt 0.000000 0.000000
vt 0.000000 0.000000
vt 0.000000 0.000000
vt 0.000000 0.000000
vt 0.000000 0.000000
vt 0.000000 0.000000
vt 0.000000 0.000000
vt 0.000000 0.000000
vt 0.000000 0.000000
vt 0.000000 0.000000
vt 0.000000 0.000000
vt 0.000000 0.000000
vt 0.000000 0.000000
vt 0.000000 0.000000
vt 0.000000 0.000000
vt 0.000000 0.000000
vt 0.000000 0.000000
vt 0.000000 0.000000
vt 0.000000 0.000000
vt 0.000000 0.000000
vt 0.000000 0.000000
vt 0.000000 0.000000
vt 0.000000 0.000000
vt 0.000000 0.000000
vt 0.000000 0.000000
vt 0.000000 0.000000
vt 0.000000 0.000000
vt 0.000000 0.000000
vt 0.000000 0.000000
vt 0.000000 0.000000
vt 0.000000 0.000000
vt 0.000000 0.000000
vt 0.000000 0.000000
vt 0.000000 0.000000
vt 0.000000 0.000000
vt 0.000000 0.000000
vt 0.000000 0.000000
vt 0.000000 0.000000
vt 0.000000 0.000000
vt 0.000000 0.000000
vt 0.000000 0.000000
vt 0.000000 0.000000
vt 0.000000 0.000000
vt 0.000000 0.000000
vt 0.000000 0.000000
vt 0.000000 0.000000
vt 0.000000 0.000000
vt 0.000000 0.000000
vt 0.000000 0.000000
vt 0.000000 0.000000
vt 0.000000 0.000000
vt 0.000000 0.000000
vt 0.000000 0.000000
vt 0.000000 0.000000
vt 0.000000 0.000000
vt 0.000000 0.000000
vt 0.000000 0.000000
vt 0.000000 0.000000
vt 0.000000 0.000000
vt 0.000000 0.000000
vt 0.000000 0.000000
vt 0.000000 0.000000
vt 0.000000 0.000000
vt 0.000000 0.000000
vt 0.000000 0.000000
vt 0.000000 0.000000
vt 0.000000 0.000000
vt 0.000000 0.000000
vt 0.000000 0.000000
vt 0.000000 0.000000
vt 0.000000 0.000000
vt 0.000000 0.000000
vt 0.000000 0.000000
vt 0.000000 0.000000
vt 0.000000 0.000000
vt 0.000000 0.000000
vt 0.000000 0.000000
vt 0.000000 0.000000
vt 0.000000 0.000000
vt 0.000000 0.000000
vt 0.000000 0.000000
vt 0.000000 0.000000
vt 0.000000 0.000000
vt 0.000000 0.000000
vt 0.000000 0.000000
vt 0.000000 0.000000
vt 0.000000 0.000000
vt 0.000000 0.000000
vt 0.000000 0.000000
vt 0.000000 0.000000
vt 0.000000 0.000000
vt 0.000000 0.000000
vt 0.000000 0.000000
vt 0.000000 0.000000
vt 0.000000 0.000000
vt 0.000000 0.000000
vt 0.000000 0.000000
vt 0.000000 0.000000
vt 0.000000 0.000000
vt 0.000000 0.000000
vt 0.000000 0.000000
vt 0.000000 0.000000
vt 0.000000 0.000000
vt 0.000000 0.000000
vt 0.000000 0.000000
vt 0.000000 0.000000
vt 0.000000 0.000000
vt 0.000000 0.000000
vt 0.000000 0.000000
vt 0.000000 0.000000
vt 0.000000 0.000000
vt 0.000000 0.000000
vt 0.000000 0.000000
vt 0.000000 0.000000
vt 0.000000 0.000000
vt 0.000000 0.000000
vt 0.000000 0.000000
vt 0.000000 0.000000
vt 0.000000 0.000000
vt 0.000000 0.000000
vt 0.000000 0.000000
vt 0.000000 0.000000
vt 0.000000 0.000000
vt 0.000000 0.000000
vt 0.000000 0.000000
vt 0.000000 0.000000
vt 0.000000 0.000000
vt 0.000000 0.000000
vt 0.000000 0.000000
vt 0.000000 0.000000
vt 0.000000 0.000000
vt 0.000000 0.000000
vt 0.000000 0.000000
vt 0.000000 0.000000
vt 0.000000 0.000000
vt 0.000000 0.000000
vt 0.000000 0.000000
vt 0.000000 0.000000
vt 0.000000 0.000000
vt 0.000000 0.000000
vt 0.000000 0.000000
vt 0.000000 0.000000
vt 0.000000 0.000000
vt 0.000000 0.000000
vt 0.000000 0.000000
vt 0.000000 0.000000
vt 0.000000 0.000000
vt 0.000000 0.000000
vt 0.000000 0.000000
vt 0.000000 0.000000
vt 0.000000 0.000000
vt 0.000000 0.000000
vt 0.000000 0.000000
vt 0.000000 0.000000
vt 0.000000 0.000000
vt 0.000000 0.000000
vt 0.000000 0.000000
vt 0.000000 0.000000
vt 0.000000 0.000000
vt 0.000000 0.000000
vt 0.000000 0.000000
vt 0.000000 0.000000
vt 0.000000 0.000000
vt 0.000000 0.000000
vt 0.000000 0.000000
vt 0.000000 0.000000
vt 0.000000 0.000000
vt 0.000000 0.000000
vt 0.000000 0.000000
vt 0.000000 0.000000
vt 0.000000 0.000000
vt 0.000000 0.000000
vt 0.000000 0.000000
vt 0.000000 0.000000
vt 0.000000 0.000000
vt 0.000000 0.000000
vt 0.000000 0.000000
vt 0.000000 0.000000
vt 0.000000 0.000000
vt 0.000000 0.000000
vt 0.000000 0.000000
vt 0.000000 0.000000
vt 0.000000 0.000000
vt 0.000000 0.000000
vt 0.000000 0.000000
vt 0.000000 0.000000
vt 0.000000 0.000000
vt 0.000000 0.000000
vt 0.000000 0.000000
vt 0.000000 0.000000
vt 0.000000 0.000000
vt 0.000000 0.000000
vt 0.000000 0.000000
vt 0.000000 0.000000
vt 0.000000 0.000000
vt 0.000000 0.000000
vt 0.000000 0.000000
vt 0.000000 0.000000
vt 0.000000 0.000000
vt 0.000000 0.000000
vt 0.000000 0.000000
vt 0.000000 0.000000
vt 0.000000 0.000000
vt 0.000000 0.000000
vt 0.000000 0.000000
vt 0.000000 0.000000
vt 0.000000 0.000000
vt 0.000000 0.000000
vt 0.000000 0.000000
vt 0.000000 0.000000
vt 0.000000 0.000000
vt 0.000000 0.000000
vt 0.000000 0.000000
vt 0.000000 0.000000
vt 0.000000 0.000000
vt 0.000000 0.000000
vt 0.000000 0.000000
vt 0.000000 0.000000
vt 0.000000 0.000000
vt 0.000000 0.000000
vt 0.000000 0.000000
vt 0.000000 0.000000
vt 0.000000 0.000000
vt 0.000000 0.000000
vt 0.000000 0.000000
vt 0.000000 0.000000
vt 0.000000 0.000000
vt 0.000000 0.000000
vt 0.000000 0.000000
vt 0.000000 0.000000
vt 0.000000 0.000000
vt 0.000000 0.000000
vt 0.000000 0.000000
vt 0.000000 0.000000
vt 0.000000 0.000000
vt 0.000000 0.000000
vt 0.000000 0.000000
vt 0.000000 0.000000
vt 0.000000 0.000000
vt 0.000000 0.000000
vt 0.000000 0.000000
vt 0.000000 0.000000
vt 0.000000 0.000000
vt 0.000000 0.000000
vt 0.000000 0.000000
vt 0.000000 0.000000
vt 0.000000 0.000000
vt 0.000000 0.000000
vt 0.000000 0.000000
vt 0.000000 0.000000
vt 0.000000 0.000000
vt 0.000000 0.000000
vt 0.000000 0.000000
vt 0.000000 0.000000
vt 0.000000 0.000000
vt 0.000000 0.000000
vt 0.000000 0.000000
vt 0.000000 0.000000
vt 0.000000 0.000000
vt 0.000000 0.000000
vt 0.000000 0.000000
vt 0.000000 0.000000
vt 0.000000 0.000000
vt 0.000000 0.000000
vt 0.000000 0.000000
vt 0.000000 0.000000
vt 0.000000 0.000000
vt 0.000000 0.000000
vt 0.000000 0.000000
vt 0.000000 0.000000
vt 0.000000 0.000000
vt 0.000000 0.000000
vt 0.000000 0.000000
vt 0.000000 0.000000
vt 0.000000 0.000000
vt 0.000000 0.000000
vt 0.000000 0.000000
vt 0.000000 0.000000
vt 0.000000 0.000000
vt 0.000000 0.000000
vt 0.000000 0.000000
vt 0.000000 0.000000
vt 0.000000 0.000000
vt 0.000000 0.000000
vt 0.000000 0.000000
vt 0.000000 0.000000
vt 0.000000 0.000000
vt 0.000000 0.000000
vt 0.000000 0.000000
vt 0.000000 0.000000
vt 0.000000 0.000000
vt 0.000000 0.000000
vt 0.000000 0.000000
vt 0.000000 0.000000
vt 0.000000 0.000000
vt 0.000000 0.000000
vt 0.000000 0.000000
vt 0.000000 0.000000
vt 0.000000 0.000000
vt 0.000000 0.000000
vt 0.000000 0.000000
vt 0.000000 0.000000
vt 0.000000 0.000000
vt 0.000000 0.000000
vt 0.000000 0.000000
vt 0.000000 0.000000
vt 0.000000 0.000000
vt 0.000000 0.000000
vt 0.000000 0.000000
vt 0.000000 0.000000
vt 0.000000 0.000000
vt 0.000000 0.000000
vt 0.000000 0.000000
vt 0.000000 0.000000
vt 0.000000 0.000000
vt 0.000000 0.000000
vt 0.000000 0.000000
vt 0.000000 0.000000
vt 0.000000 0.000000
vt 0.000000 0.000000
vt 0.000000 0.000000
vt 0.000000 0.000000
vt 0.000000 0.000000
vt 0.000000 0.000000
vt 0.000000 0.000000
vt 0.000000 0.000000
vt 0.000000 0.000000
vt 0.000000 0.000000
vt 0.000000 0.000000
vt 0.000000 0.000000
vt 0.000000 0.000000
vt 0.000000 0.000000
vt 0.000000 0.000000
vt 0.000000 0.000000
vt 0.000000 0.000000
vt 0.000000 0.000000
vt 0.000000 0.000000
vt 0.000000 0.000000
vt 0.000000 0.000000
vt 0.000000 0.000000
vt 0.000000 0.000000
vt 0.000000 0.000000
vt 0.000000 0.000000
vt 0.000000 0.000000
vt 0.000000 0.000000
vt 0.000000 0.000000
vt 0.000000 0.000000
vt 0.000000 0.000000
vt 0.000000 0.000000
vt 0.000000 0.000000
vt 0.000000 0.000000
vt 0.000000 0.000000
vt 0.000000 0.000000
vt 0.000000 0.000000
vt 0.000000 0.000000
vt 0.000000 0.000000
vt 0.000000 0.000000
vt 0.000000 0.000000
vt 0.000000 0.000000
vt 0.000000 0.000000
vt 0.000000 0.000000
vt 0.000000 0.000000
vt 0.000000 0.000000
vt 0.000000 0.000000
vt 0.000000 0.000000
vt 0.000000 0.000000
vt 0.000000 0.000000
vt 0.000000 0.000000
vt 0.000000 0.000000
vt 0.000000 0.000000
vt 0.000000 0.000000
vt 0.000000 0.000000
vt 0.000000 0.000000
vt 0.000000 0.000000
vt 0.000000 0.000000
vt 0.000000 0.000000
vt 0.000000 0.000000
vt 0.000000 0.000000
vt 0.000000 0.000000
vt 0.000000 0.000000
vt 0.000000 0.000000
vt 0.000000 0.000000
vt 0.000000 0.000000
vt 0.000000 0.000000
vt 0.000000 0.000000
vt 0.000000 0.000000
vt 0.000000 0.000000
vt 0.000000 0.000000
vt 0.000000 0.000000
vt 0.000000 0.000000
vt 0.000000 0.000000
vt 0.000000 0.000000
vt 0.000000 0.000000
vt 0.000000 0.000000
vt 0.000000 0.000000
vt 0.000000 0.000000
vt 0.000000 0.000000
vt 0.000000 0.000000
vt 0.000000 0.000000
vt 0.000000 0.000000
vt 0.000000 0.000000
vt 0.000000 0.000000
vt 0.000000 0.000000
vt 0.000000 0.000000
vt 0.000000 0.000000
vt 0.000000 0.000000
vt 0.000000 0.000000
vt 0.000000 0.000000
vt 0.000000 0.000000
vt 0.000000 0.000000
vt 0.000000 0.000000
vt 0.000000 0.000000
vt 0.000000 0.000000
vt 0.000000 0.000000
vt 0.000000 0.000000
vt 0.000000 0.000000
vt 0.000000 0.000000
vt 0.000000 0.000000
vt 0.000000 0.000000
vt 0.000000 0.000000
vt 0.000000 0.000000
vt 0.000000 0.000000
vt 0.000000 0.000000
vt 0.000000 0.000000
vt 0.000000 0.000000
vt 0.000000 0.000000
vt 0.000000 0.000000
vt 0.000000 0.000000
vt 0.000000 0.000000
vt 0.000000 0.000000
vt 0.000000 0.000000
vt 0.000000 0.000000
vt 0.000000 0.000000
vt 0.000000 0.000000
vt 0.000000 0.000000
vt 0.000000 0.000000
vt 0.000000 0.000000
vt 0.000000 0.000000
vt 0.000000 0.000000
vt 0.000000 0.000000
vt 0.000000 0.000000
vt 0.000000 0.000000
vt 0.000000 0.000000
vt 0.000000 0.000000
vt 0.000000 0.000000
vt 0.000000 0.000000
vt 0.000000 0.000000
vt 0.000000 0.000000
vt 0.000000 0.000000
vt 0.000000 0.000000
vt 0.000000 0.000000
vt 0.000000 0.000000
vt 0.000000 0.000000
vt 0.000000 0.000000
vt 0.000000 0.000000
vt 0.000000 0.000000
vt 0.000000 0.000000
vt 0.000000 0.000000
vt 0.000000 0.000000
vt 0.000000 0.000000
vt 0.000000 0.000000
vt 0.000000 0.000000
vt 0.000000 0.000000
vt 0.000000 0.000000
vt 0.000000 0.000000
vt 0.000000 0.000000
vt 0.000000 0.000000
vt 0.000000 0.000000
vt 0.000000 0.000000
vt 0.000000 0.000000
vt 0.000000 0.000000
vt 0.000000 0.000000
vt 0.000000 0.000000
vt 0.000000 0.000000
vt 0.000000 0.000000
vt 0.000000 0.000000
vt 0.000000 0.000000
vt 0.000000 0.000000
vt 0.000000 0.000000
vt 0.000000 0.000000
vt 0.000000 0.000000
vt 0.000000 0.000000
vt 0.000000 0.000000
vt 0.000000 0.000000
vt 0.000000 0.000000
vt 0.000000 0.000000
vt 0.000000 0.000000
vt 0.000000 0.000000
vt 0.000000 0.000000
vt 0.000000 0.000000
vt 0.000000 0.000000
vt 0.000000 0.000000
vt 0.000000 0.000000
vt 0.000000 0.000000
vt 0.000000 0.000000
vt 0.000000 0.000000
vt 0.000000 0.000000
vt 0.000000 0.000000
vt 0.000000 0.000000
vt 0.000000 0.000000
vt 0.000000 0.000000
vt 0.000000 0.000000
vt 0.000000 0.000000
vt 0.000000 0.000000
vt 0.000000 0.000000
vt 0.000000 0.000000
vt 0.000000 0.000000
vt 0.000000 0.000000
vt 0.000000 0.000000
vt 0.000000 0.000000
vt 0.000000 0.000000
vt 0.000000 0.000000
vt 0.000000 0.000000
vt 0.000000 0.000000
vt 0.000000 0.000000
vt 0.000000 0.000000
vt 0.000000 0.000000
vt 0.000000 0.000000
vt 0.000000 0.000000
vt 0.000000 0.000000
vt 0.000000 0.000000
vt 0.000000 0.000000
vt 0.000000 0.000000
vt 0.000000 0.000000
vt 0.000000 0.000000
vt 0.000000 0.000000
vt 0.000000 0.000000
vt 0.000000 0.000000
vt 0.000000 0.000000
vt 0.000000 0.000000
vt 0.000000 0.000000
vt 0.000000 0.000000
vt 0.000000 0.000000
vt 0.000000 0.000000
vt 0.000000 0.000000
vt 0.000000 0.000000
vt 0.000000 0.000000
vt 0.000000 0.000000
vt 0.000000 0.000000
vt 0.000000 0.000000
vt 0.000000 0.000000
vt 0.000000 0.000000
vt 0.000000 0.000000
vt 0.000000 0.000000
vt 0.000000 0.000000
vt 0.000000 0.000000
vt 0.000000 0.000000
vt 0.000000 0.000000
vt 0.000000 0.000000
vt 0.000000 0.000000
vt 0.000000 0.000000
vt 0.000000 0.000000
vt 0.000000 0.000000
vt 0.000000 0.000000
vt 0.000000 0.000000
vt 0.000000 0.000000
vt 0.000000 0.000000
vt 0.000000 0.000000
vt 0.000000 0.000000
vt 0.000000 0.000000
vt 0.000000 0.000000
vt 0.000000 0.000000
vt 0.000000 0.000000
vt 0.000000 0.000000
vt 0.000000 0.000000
vt 0.000000 0.000000
vt 0.000000 0.000000
vt 0.000000 0.000000
vt 0.000000 0.000000
vt 0.000000 0.000000
vt 0.000000 0.000000
vt 0.000000 0.000000
vt 0.000000 0.000000
vt 0.000000 0.000000
vt 0.000000 0.000000
vt 0.000000 0.000000
vt 0.000000 0.000000
vt 0.000000 0.000000
vt 0.000000 0.000000
vt 0.000000 0.000000
vt 0.000000 0.000000
vt 0.000000 0.000000
vt 0.000000 0.000000
vt 0.000000 0.000000
vt 0.000000 0.000000
vt 0.000000 0.000000
vt 0.000000 0.000000
vt 0.000000 0.000000
vt 0.000000 0.000000
vt 0.000000 0.000000
vt 0.000000 0.000000
vt 0.000000 0.000000
vt 0.000000 0.000000
vt 0.000000 0.000000
vt 0.000000 0.000000
vt 0.000000 0.000000
vt 0.000000 0.000000
vt 0.000000 0.000000
vt 0.000000 0.000000
vt 0.000000 0.000000
vt 0.000000 0.000000
vt 0.000000 0.000000
vt 0.000000 0.000000
vt 0.000000 0.000000
vt 0.000000 0.000000
vt 0.000000 0.000000
vt 0.000000 0.000000
vt 0.000000 0.000000
vt 0.000000 0.000000
vt 0.000000 0.000000
vt 0.000000 0.000000
vt 0.000000 0.000000
vt 0.000000 0.000000
vt 0.000000 0.000000
vt 0.000000 0.000000
vt 0.000000 0.000000
vt 0.000000 0.000000
vt 0.000000 0.000000
vt 0.000000 0.000000
vt 0.000000 0.000000
vt 0.000000 0.000000
vt 0.000000 0.000000
vt 0.000000 0.000000
vt 0.000000 0.000000
vt 0.000000 0.000000
vt 0.000000 0.000000
vt 0.000000 0.000000
vt 0.000000 0.000000
vt 0.000000 0.000000
vt 0.000000 0.000000
vt 0.000000 0.000000
vt 0.000000 0.000000
vt 0.000000 0.000000
vt 0.000000 0.000000
vt 0.000000 0.000000
vt 0.000000 0.000000
vt 0.000000 0.000000
vt 0.000000 0.000000
vt 0.000000 0.000000
vt 0.000000 0.000000
vt 0.000000 0.000000
vt 0.000000 0.000000
vt 0.000000 0.000000
vt 0.000000 0.000000
vt 0.000000 0.000000
vt 0.000000 0.000000
vt 0.000000 0.000000
vt 0.000000 0.000000
vt 0.000000 0.000000
vt 0.000000 0.000000
vt 0.000000 0.000000
vt 0.000000 0.000000
vt 0.000000 0.000000
vt 0.000000 0.000000
vt 0.000000 0.000000
vt 0.000000 0.000000
vt 0.000000 0.000000
vt 0.000000 0.000000
vt 0.000000 0.000000
vt 0.000000 0.000000
vt 0.000000 0.000000
vt 0.000000 0.000000
vt 0.000000 0.000000
vt 0.000000 0.000000
vt 0.000000 0.000000
vt 0.000000 0.000000
vt 0.000000 0.000000
vt 0.000000 0.000000
vt 0.000000 0.000000
vt 0.000000 0.000000
vt 0.000000 0.000000
vt 0.000000 0.000000
vt 0.000000 0.000000
vt 0.000000 0.000000
vt 0.000000 0.000000
vt 0.000000 0.000000
vt 0.000000 0.000000
vt 0.000000 0.000000
vt 0.000000 0.000000
vt 0.000000 0.000000
vt 0.000000 0.000000
vt 0.000000 0.000000
vt 0.000000 0.000000
vt 0.000000 0.000000
vt 0.000000 0.000000
vt 0.000000 0.000000
vt 0.000000 0.000000
vt 0.000000 0.000000
vt 0.000000 0.000000
vt 0.000000 0.000000
vt 0.000000 0.000000
vt 0.000000 0.000000
vt 0.000000 0.000000
vt 0.000000 0.000000
vt 0.000000 0.000000
vt 0.000000 0.000000
vt 0.000000 0.000000
vt 0.000000 0.000000
vt 0.000000 0.000000
vt 0.000000 0.000000
vt 0.000000 0.000000
vt 0.000000 0.000000
vt 0.000000 0.000000
vt 0.000000 0.000000
vt 0.000000 0.000000
vt 0.000000 0.000000
vt 0.000000 0.000000
vt 0.000000 0.000000
vt 0.000000 0.000000
vt 0.000000 0.000000
vt 0.000000 0.000000
vt 0.000000 0.000000
vt 0.000000 0.000000
vt 0.000000 0.000000
vt 0.000000 0.000000
vt 0.000000 0.000000
vt 0.000000 0.000000
vt 0.000000 0.000000
vt 0.000000 0.000000
vt 0.000000 0.000000
vt 0.000000 0.000000
vt 0.000000 0.000000
vt 0.000000 0.000000
vt 0.000000 0.000000
vt 0.000000 0.000000
vt 0.000000 0.000000
vt 0.000000 0.000000
vt 0.000000 0.000000
vt 0.000000 0.000000
vt 0.000000 0.000000
vt 0.000000 0.000000
vt 0.000000 0.000000
vt 0.000000 0.000000
vt 0.000000 0.000000
vt 0.000000 0.000000
vt 0.000000 0.000000
vt 0.000000 0.000000
vt 0.000000 0.000000
vt 0.000000 0.000000
vt 0.000000 0.000000
vt 0.000000 0.000000
vt 0.000000 0.000000
vt 0.000000 0.000000
vt 0.000000 0.000000
vt 0.000000 0.000000
vt 0.000000 0.000000
vt 0.000000 0.000000
vt 0.000000 0.000000
vt 0.000000 0.000000
vt 0.000000 0.000000
vt 0.000000 0.000000
vt 0.000000 0.000000
vt 0.000000 0.000000
vt 0.000000 0.000000
vt 0.000000 0.000000
vt 0.000000 0.000000
vt 0.000000 0.000000
vt 0.000000 0.000000
vt 0.000000 0.000000
vt 0.000000 0.000000
vt 0.000000 0.000000
vt 0.000000 0.000000
vt 0.000000 0.000000
vt 0.000000 0.000000
vt 0.000000 0.000000
vt 0.000000 0.000000
vt 0.000000 0.000000
vt 0.000000 0.000000
vt 0.000000 0.000000
vt 0.000000 0.000000
vt 0.000000 0.000000
vt 0.000000 0.000000
vt 0.000000 0.000000
vt 0.000000 0.000000
vt 0.000000 0.000000
vt 0.000000 0.000000
vt 0.000000 0.000000
vt 0.000000 0.000000
vt 0.000000 0.000000
vt 0.000000 0.000000
vt 0.000000 0.000000
vt 0.000000 0.000000
vt 0.000000 0.000000
vt 0.000000 0.000000
vt 0.000000 0.000000
vt 0.000000 0.000000
vt 0.000000 0.000000
vt 0.000000 0.000000
vt 0.000000 0.000000
vt 0.000000 0.000000
vt 0.000000 0.000000
vt 0.000000 0.000000
vt 0.000000 0.000000
vt 0.000000 0.000000
vt 0.000000 0.000000
vt 0.000000 0.000000
vt 0.000000 0.000000
vt 0.000000 0.000000
vt 0.000000 0.000000
vt 0.000000 0.000000
vt 0.000000 0.000000
vt 0.000000 0.000000
vt 0.000000 0.000000
vt 0.000000 0.000000
vt 0.000000 0.000000
vt 0.000000 0.000000
vt 0.000000 0.000000
vt 0.000000 0.000000
vt 0.000000 0.000000
vt 0.000000 0.000000
vt 0.000000 0.000000
vt 0.000000 0.000000
vt 0.000000 0.000000
vt 0.000000 0.000000
vt 0.000000 0.000000
vt 0.000000 0.000000
vt 0.000000 0.000000
vt 0.000000 0.000000
vt 0.000000 0.000000
vt 0.000000 0.000000
vt 0.000000 0.000000
vt 0.000000 0.000000
vt 0.000000 0.000000
vt 0.000000 0.000000
vt 0.000000 0.000000
vt 0.000000 0.000000
vt 0.000000 0.000000
vt 0.000000 0.000000
vt 0.000000 0.000000
vt 0.000000 0.000000
vt 0.000000 0.000000
vt 0.000000 0.000000
vt 0.000000 0.000000
vt 0.000000 0.000000
vt 0.000000 0.000000
vt 0.000000 0.000000
vt 0.000000 0.000000
vt 0.000000 0.000000
vt 0.000000 0.000000
vt 0.000000 0.000000
vt 0.000000 0.000000
vt 0.000000 0.000000
vt 0.000000 0.000000
vt 0.000000 0.000000
vt 0.000000 0.000000
vt 0.000000 0.000000
vt 0.000000 0.000000
vt 0.000000 0.000000
vt 0.000000 0.000000
vt 0.000000 0.000000
vt 0.000000 0.000000
vt 0.000000 0.000000
vt 0.000000 0.000000
vt 0.000000 0.000000
vt 0.000000 0.000000
vt 0.000000 0.000000
vt 0.000000 0.000000
vt 0.000000 0.000000
vt 0.000000 0.000000
vt 0.000000 0.000000
vt 0.000000 0.000000
vt 0.000000 0.000000
vt 0.000000 0.000000
vt 0.000000 0.000000
vt 0.000000 0.000000
vt 0.000000 0.000000
vt 0.000000 0.000000
vt 0.000000 0.000000
vt 0.000000 0.000000
vt 0.000000 0.000000
vt 0.000000 0.000000
vt 0.000000 0.000000
vt 0.000000 0.000000
vt 0.000000 0.000000
vt 0.000000 0.000000
vt 0.000000 0.000000
vt 0.000000 0.000000
vt 0.000000 0.000000
vt 0.000000 0.000000
vt 0.000000 0.000000
vt 0.000000 0.000000
vt 0.000000 0.000000
vt 0.000000 0.000000
vt 0.000000 0.000000
vt 0.000000 0.000000
vt 0.000000 0.000000
vt 0.000000 0.000000
vt 0.000000 0.000000
vt 0.000000 0.000000
vt 0.000000 0.000000
vt 0.000000 0.000000
vt 0.000000 0.000000
vt 0.000000 0.000000
vt 0.000000 0.000000
vt 0.000000 0.000000
vt 0.000000 0.000000
vt 0.000000 0.000000
vt 0.000000 0.000000
vt 0.000000 0.000000
vt 0.000000 0.000000
vt 0.000000 0.000000
vt 0.000000 0.000000
vt 0.000000 0.000000
vt 0.000000 0.000000
vt 0.000000 0.000000
vt 0.000000 0.000000
vt 0.000000 0.000000
vt 0.000000 0.000000
vt 0.000000 0.000000
vt 0.000000 0.000000
vt 0.000000 0.000000
vt 0.000000 0.000000
vt 0.000000 0.000000
vt 0.000000 0.000000
vt 0.000000 0.000000
vt 0.000000 0.000000
vt 0.000000 0.000000
vt 0.000000 0.000000
vt 0.000000 0.000000
vt 0.000000 0.000000
vt 0.000000 0.000000
vt 0.000000 0.000000
vt 0.000000 0.000000
vt 0.000000 0.000000
vt 0.000000 0.000000
vt 0.000000 0.000000
vt 0.000000 0.000000
vt 0.000000 0.000000
vt 0.000000 0.000000
vt 0.000000 0.000000
vt 0.000000 0.000000
vt 0.000000 0.000000
vt 0.000000 0.000000
vt 0.000000 0.000000
vt 0.000000 0.000000
vt 0.000000 0.000000
vt 0.000000 0.000000
vt 0.000000 0.000000
vt 0.000000 0.000000
vt 0.000000 0.000000
vt 0.000000 0.000000
vt 0.000000 0.000000
vt 0.000000 0.000000
vt 0.000000 0.000000
vt 0.000000 0.000000
vt 0.000000 0.000000
vt 0.000000 0.000000
vt 0.000000 0.000000
vt 0.000000 0.000000
vt 0.000000 0.000000
vt 0.000000 0.000000
vt 0.000000 0.000000
vt 0.000000 0.000000
vt 0.000000 0.000000
vt 0.000000 0.000000
vt 0.000000 0.000000
vt 0.000000 0.000000
vt 0.000000 0.000000
vt 0.000000 0.000000
vt 0.000000 0.000000
vt 0.000000 0.000000
vt 0.000000 0.000000
vt 0.000000 0.000000
vt 0.000000 0.000000
vt 0.000000 0.000000
vt 0.000000 0.000000
vt 0.000000 0.000000
vt 0.000000 0.000000
vt 0.000000 0.000000
vt 0.000000 0.000000
vt 0.000000 0.000000
vt 0.000000 0.000000
vt 0.000000 0.000000
vt 0.000000 0.000000
vt 0.000000 0.000000
vt 0.000000 0.000000
vt 0.000000 0.000000
vt 0.000000 0.000000
vt 0.000000 0.000000
vt 0.000000 0.000000
vt 0.000000 0.000000
vt 0.000000 0.000000
vt 0.000000 0.000000
vt 0.000000 0.000000
vt 0.000000 0.000000
vt 0.000000 0.000000
vt 0.000000 0.000000
vt 0.000000 0.000000
vt 0.000000 0.000000
vt 0.000000 0.000000
vt 0.000000 0.000000
vt 0.000000 0.000000
vt 0.000000 0.000000
vt 0.000000 0.000000
vt 0.000000 0.000000
vt 0.000000 0.000000
vt 0.000000 0.000000
vt 0.000000 0.000000
vt 0.000000 0.000000
vt 0.000000 0.000000
vt 0.000000 0.000000
vt 0.000000 0.000000
vt 0.000000 0.000000
vt 0.000000 0.000000
vt 0.000000 0.000000
vt 0.000000 0.000000
vt 0.000000 0.000000
vt 0.000000 0.000000
vt 0.000000 0.000000
vt 0.000000 0.000000
vt 0.000000 0.000000
vt 0.000000 0.000000
vt 0.000000 0.000000
vt 0.000000 0.000000
vt 0.000000 0.000000
vt 0.000000 0.000000
vt 0.000000 0.000000
vt 0.000000 0.000000
vt 0.000000 0.000000
vt 0.000000 0.000000
vt 0.000000 0.000000
vt 0.000000 0.000000
vt 0.000000 0.000000
vt 0.000000 0.000000
vt 0.000000 0.000000
vt 0.000000 0.000000
vt 0.000000 0.000000
vt 0.000000 0.000000
vt 0.000000 0.000000
vt 0.000000 0.000000
vt 0.000000 0.000000
vt 0.000000 0.000000
vt 0.000000 0.000000
vt 0.000000 0.000000
vt 0.000000 0.000000
vt 0.000000 0.000000
vt 0.000000 0.000000
vt 0.000000 0.000000
vt 0.000000 0.000000
vt 0.000000 0.000000
vt 0.000000 0.000000
vt 0.000000 0.000000
vt 0.000000 0.000000
vt 0.000000 0.000000
vt 0.000000 0.000000
vt 0.000000 0.000000
vt 0.000000 0.000000
vt 0.000000 0.000000
vt 0.000000 0.000000
vt 0.000000 0.000000
vt 0.000000 0.000000
vt 0.000000 0.000000
vt 0.000000 0.000000
vt 0.000000 0.000000
vt 0.000000 0.000000
vt 0.000000 0.000000
vt 0.000000 0.000000
vt 0.000000 0.000000
vt 0.000000 0.000000
vt 0.000000 0.000000
vt 0.000000 0.000000
vt 0.000000 0.000000
vt 0.000000 0.000000
vt 0.000000 0.000000
vt 0.000000 0.000000
vt 0.000000 0.000000
vt 0.000000 0.000000
vt 0.000000 0.000000
vt 0.000000 0.000000
vt 0.000000 0.000000
vt 0.000000 0.000000
vt 0.000000 0.000000
vt 0.000000 0.000000
vt 0.000000 0.000000
vt 0.000000 0.000000
vt 0.000000 0.000000
vt 0.000000 0.000000
vt 0.000000 0.000000
vt 0.000000 0.000000
vt 0.000000 0.000000
vt 0.000000 0.000000
vt 0.000000 0.000000
vt 0.000000 0.000000
vt 0.000000 0.000000
vt 0.000000 0.000000
vt 0.000000 0.000000
vt 0.000000 0.000000
vt 0.000000 0.000000
vt 0.000000 0.000000
vt 0.000000 0.000000
vt 0.000000 0.000000
vt 0.000000 0.000000
vt 0.000000 0.000000
vt 0.000000 0.000000
vt 0.000000 0.000000
vt 0.000000 0.000000
vt 0.000000 0.000000
vt 0.000000 0.000000
vt 0.000000 0.000000
vt 0.000000 0.000000
vt 0.000000 0.000000
vt 0.000000 0.000000
vt 0.000000 0.000000
vt 0.000000 0.000000
vt 0.000000 0.000000
vt 0.000000 0.000000
vt 0.000000 0.000000
vt 0.000000 0.000000
vt 0.000000 0.000000
vt 0.000000 0.000000
vt 0.000000 0.000000
vt 0.000000 0.000000
vt 0.000000 0.000000
vt 0.000000 0.000000
vt 0.000000 0.000000
vt 0.000000 0.000000
vt 0.000000 0.000000
vt 0.000000 0.000000
vt 0.000000 0.000000
vt 0.000000 0.000000
vt 0.000000 0.000000
vt 0.000000 0.000000
vt 0.000000 0.000000
vt 0.000000 0.000000
vt 0.000000 0.000000
vt 0.000000 0.000000
vt 0.000000 0.000000
vt 0.000000 0.000000
vt 0.000000 0.000000
vt 0.000000 0.000000
vt 0.000000 0.000000
vt 0.000000 0.000000
vt 0.000000 0.000000
vt 0.000000 0.000000
vt 0.000000 0.000000
vt 0.000000 0.000000
vt 0.000000 0.000000
vt 0.000000 0.000000
vt 0.000000 0.000000
vt 0.000000 0.000000
vt 0.000000 0.000000
vt 0.000000 0.000000
vt 0.000000 0.000000
vt 0.000000 0.000000
vt 0.000000 0.000000
vt 0.000000 0.000000
vt 0.000000 0.000000
vt 0.000000 0.000000
vt 0.000000 0.000000
vt 0.000000 0.000000
vt 0.000000 0.000000
vt 0.000000 0.000000
vt 0.000000 0.000000
vt 0.000000 0.000000
vt 0.000000 0.000000
vt 0.000000 0.000000
vt 0.000000 0.000000
vt 0.000000 0.000000
vt 0.000000 0.000000
vt 0.000000 0.000000
vt 0.000000 0.000000
vt 0.000000 0.000000
vt 0.000000 0.000000
vt 0.000000 0.000000
vt 0.000000 0.000000
vt 0.000000 0.000000
vt 0.000000 0.000000
vt 0.000000 0.000000
vt 0.000000 0.000000
vt 0.000000 0.000000
vt 0.000000 0.000000
vt 0.000000 0.000000
vt 0.000000 0.000000
vt 0.000000 0.000000
vt 0.000000 0.000000
vt 0.000000 0.000000
vt 0.000000 0.000000
vt 0.000000 0.000000
vt 0.000000 0.000000
vt 0.000000 0.000000
vt 0.000000 0.000000
vt 0.000000 0.000000
vt 0.000000 0.000000
vt 0.000000 0.000000
vt 0.000000 0.000000
vt 0.000000 0.000000
vt 0.000000 0.000000
vt 0.000000 0.000000
vt 0.000000 0.000000
vt 0.000000 0.000000
vt 0.000000 0.000000
vt 0.000000 0.000000
vt 0.000000 0.000000
vt 0.000000 0.000000
vt 0.000000 0.000000
vt 0.000000 0.000000
vt 0.000000 0.000000
vt 0.000000 0.000000
vt 0.000000 0.000000
vt 0.000000 0.000000
vt 0.000000 0.000000
vt 0.000000 0.000000
vt 0.000000 0.000000
vt 0.000000 0.000000
vt 0.000000 0.000000
vt 0.000000 0.000000
vt 0.000000 0.000000
vt 0.000000 0.000000
vt 0.000000 0.000000
vt 0.000000 0.000000
vt 0.000000 0.000000
vt 0.000000 0.000000
vt 0.000000 0.000000
vt 0.000000 0.000000
vt 0.000000 0.000000
vt 0.000000 0.000000
vt 0.000000 0.000000
vt 0.000000 0.000000
vt 0.000000 0.000000
vt 0.000000 0.000000
vt 0.000000 0.000000
vt 0.000000 0.000000
vt 0.000000 0.000000
vt 0.000000 0.000000
vt 0.000000 0.000000
vt 0.000000 0.000000
vt 0.000000 0.000000
vt 0.000000 0.000000
vt 0.000000 0.000000
vt 0.000000 0.000000
vt 0.000000 0.000000
vt 0.000000 0.000000
vt 0.000000 0.000000
vt 0.000000 0.000000
vt 0.000000 0.000000
vt 0.000000 0.000000
vt 0.000000 0.000000
vt 0.000000 0.000000
vt 0.000000 0.000000
vt 0.000000 0.000000
vt 0.000000 0.000000
vt 0.000000 0.000000
vt 0.000000 0.000000
vt 0.000000 0.000000
vt 0.000000 0.000000
vt 0.000000 0.000000
vt 0.000000 0.000000
vt 0.000000 0.000000
vt 0.000000 0.000000
vt 0.000000 0.000000
vt 0.000000 0.000000
vt 0.000000 0.000000
vt 0.000000 0.000000
vt 0.000000 0.000000
vt 0.000000 0.000000
vt 0.000000 0.000000
vt 0.000000 0.000000
vt 0.000000 0.000000
vt 0.000000 0.000000
vt 0.000000 0.000000
vt 0.000000 0.000000
vt 0.000000 0.000000
vt 0.000000 0.000000
vt 0.000000 0.000000
vt 0.000000 0.000000
vt 0.000000 0.000000
vt 0.000000 0.000000
vt 0.000000 0.000000
vt 0.000000 0.000000
vt 0.000000 0.000000
vt 0.000000 0.000000
vt 0.000000 0.000000
vt 0.000000 0.000000
vt 0.000000 0.000000
vt 0.000000 0.000000
vt 0.000000 0.000000
vt 0.000000 0.000000
vt 0.000000 0.000000
vt 0.000000 0.000000
vt 0.000000 0.000000
vt 0.000000 0.000000
vt 0.000000 0.000000
vt 0.000000 0.000000
vt 0.000000 0.000000
vt 0.000000 0.000000
vt 0.000000 0.000000
vt 0.000000 0.000000
vt 0.000000 0.000000
vt 0.000000 0.000000
vt 0.000000 0.000000
vt 0.000000 0.000000
vt 0.000000 0.000000
vt 0.000000 0.000000
vt 0.000000 0.000000
vt 0.000000 0.000000
vt 0.000000 0.000000
vt 0.000000 0.000000
vt 0.000000 0.000000
vt 0.000000 0.000000
vt 0.000000 0.000000
vt 0.000000 0.000000
vt 0.000000 0.000000
vt 0.000000 0.000000
vt 0.000000 0.000000
vt 0.000000 0.000000
vt 0.000000 0.000000
vt 0.000000 0.000000
vt 0.000000 0.000000
vt 0.000000 0.000000
vt 0.000000 0.000000
vt 0.000000 0.000000
vt 0.000000 0.000000
vt 0.000000 0.000000
vt 0.000000 0.000000
vt 0.000000 0.000000
vt 0.000000 0.000000
vt 0.000000 0.000000
vt 0.000000 0.000000
vt 0.000000 0.000000
vt 0.000000 0.000000
vt 0.000000 0.000000
vt 0.000000 0.000000
vt 0.000000 0.000000
vt 0.000000 0.000000
vt 0.000000 0.000000
vt 0.000000 0.000000
vt 0.000000 0.000000
vt 0.000000 0.000000
vt 0.000000 0.000000
vt 0.000000 0.000000
vt 0.000000 0.000000
vt 0.000000 0.000000
vt 0.000000 0.000000
vt 0.000000 0.000000
vt 0.000000 0.000000
vt 0.000000 0.000000
vt 0.000000 0.000000
vt 0.000000 0.000000
vt 0.000000 0.000000
vt 0.000000 0.000000
vt 0.000000 0.000000
vt 0.000000 0.000000
vt 0.000000 0.000000
vt 0.000000 0.000000
vt 0.000000 0.000000
vt 0.000000 0.000000
vt 0.000000 0.000000
vt 0.000000 0.000000
vt 0.000000 0.000000
vt 0.000000 0.000000
vt 0.000000 0.000000
vt 0.000000 0.000000
vt 0.000000 0.000000
vt 0.000000 0.000000
vt 0.000000 0.000000
vt 0.000000 0.000000
vt 0.000000 0.000000
vt 0.000000 0.000000
vt 0.000000 0.000000
vt 0.000000 0.000000
vt 0.000000 0.000000
vt 0.000000 0.000000
vt 0.000000 0.000000
vt 0.000000 0.000000
vt 0.000000 0.000000
vt 0.000000 0.000000
vt 0.000000 0.000000
vt 0.000000 0.000000
vt 0.000000 0.000000
vt 0.000000 0.000000
vt 0.000000 0.000000
vt 0.000000 0.000000
vt 0.000000 0.000000
vt 0.000000 0.000000
vt 0.000000 0.000000
vt 0.000000 0.000000
vt 0.000000 0.000000
vt 0.000000 0.000000
vt 0.000000 0.000000
vt 0.000000 0.000000
vt 0.000000 0.000000
vt 0.000000 0.000000
vt 0.000000 0.000000
vt 0.000000 0.000000
vt 0.000000 0.000000
vt 0.000000 0.000000
vt 0.000000 0.000000
vt 0.000000 0.000000
vt 0.000000 0.000000
vt 0.000000 0.000000
vt 0.000000 0.000000
vt 0.000000 0.000000
vt 0.000000 0.000000
vt 0.000000 0.000000
vt 0.000000 0.000000
vt 0.000000 0.000000
vt 0.000000 0.000000
vt 0.000000 0.000000
vt 0.000000 0.000000
vt 0.000000 0.000000
vt 0.000000 0.000000
vt 0.000000 0.000000
vt 0.000000 0.000000
vt 0.000000 0.000000
vt 0.000000 0.000000
vt 0.000000 0.000000
vt 0.000000 0.000000
vt 0.000000 0.000000
vt 0.000000 0.000000
vt 0.000000 0.000000
vt 0.000000 0.000000
vt 0.000000 0.000000
vt 0.000000 0.000000
vt 0.000000 0.000000
vt 0.000000 0.000000
vt 0.000000 0.000000
vt 0.000000 0.000000
vt 0.000000 0.000000
vt 0.000000 0.000000
vt 0.000000 0.000000
vt 0.000000 0.000000
vt 0.000000 0.000000
vt 0.000000 0.000000
vt 0.000000 0.000000
vt 0.000000 0.000000
vt 0.000000 0.000000
vt 0.000000 0.000000
vt 0.000000 0.000000
vt 0.000000 0.000000
vt 0.000000 0.000000
vt 0.000000 0.000000
vt 0.000000 0.000000
vt 0.000000 0.000000
vt 0.000000 0.000000
vt 0.000000 0.000000
vt 0.000000 0.000000
vt 0.000000 0.000000
vt 0.000000 0.000000
vt 0.000000 0.000000
vt 0.000000 0.000000
vt 0.000000 0.000000
vt 0.000000 0.000000
vt 0.000000 0.000000
vt 0.000000 0.000000
vt 0.000000 0.000000
vt 0.000000 0.000000
vt 0.000000 0.000000
vt 0.000000 0.000000
vt 0.000000 0.000000
vt 0.000000 0.000000
vt 0.000000 0.000000
vt 0.000000 0.000000
vt 0.000000 0.000000
vt 0.000000 0.000000
vt 0.000000 0.000000
vt 0.000000 0.000000
vt 0.000000 0.000000
vt 0.000000 0.000000
vt 0.000000 0.000000
vt 0.000000 0.000000
vt 0.000000 0.000000
vt 0.000000 0.000000
vt 0.000000 0.000000
vt 0.000000 0.000000
vt 0.000000 0.000000
vt 0.000000 0.000000
vt 0.000000 0.000000
vt 0.000000 0.000000
vt 0.000000 0.000000
vt 0.000000 0.000000
vt 0.000000 0.000000
vt 0.000000 0.000000
vt 0.000000 0.000000
vt 0.000000 0.000000
vt 0.000000 0.000000
vt 0.000000 0.000000
vt 0.000000 0.000000
vt 0.000000 0.000000
vt 0.000000 0.000000
vt 0.000000 0.000000
vt 0.000000 0.000000
vt 0.000000 0.000000
vt 0.000000 0.000000
vt 0.000000 0.000000
vt 0.000000 0.000000
vt 0.000000 0.000000
vt 0.000000 0.000000
vt 0.000000 0.000000
vt 0.000000 0.000000
vt 0.000000 0.000000
vt 0.000000 0.000000
vt 0.000000 0.000000
vt 0.000000 0.000000
vt 0.000000 0.000000
vt 0.000000 0.000000
vt 0.000000 0.000000
vt 0.000000 0.000000
vt 0.000000 0.000000
vt 0.000000 0.000000
vt 0.000000 0.000000
vt 0.000000 0.000000
vt 0.000000 0.000000
vt 0.000000 0.000000
vt 0.000000 0.000000
vt 0.000000 0.000000
vt 0.000000 0.000000
vt 0.000000 0.000000
vt 0.000000 0.000000
vt 0.000000 0.000000
vt 0.000000 0.000000
vt 0.000000 0.000000
vt 0.000000 0.000000
vt 0.000000 0.000000
vt 0.000000 0.000000
vt 0.000000 0.000000
vt 0.000000 0.000000
vt 0.000000 0.000000
vt 0.000000 0.000000
vt 0.000000 0.000000
vt 0.000000 0.000000
vt 0.000000 0.000000
vt 0.000000 0.000000
vt 0.000000 0.000000
vt 0.000000 0.000000
vt 0.000000 0.000000
vt 0.000000 0.000000
vt 0.000000 0.000000
vt 0.000000 0.000000
vt 0.000000 0.000000
vt 0.000000 0.000000
vt 0.000000 0.000000
vt 0.000000 0.000000
vt 0.000000 0.000000
vt 0.000000 0.000000
vt 0.000000 0.000000
vt 0.000000 0.000000
vt 0.000000 0.000000
vt 0.000000 0.000000
vt 0.000000 0.000000
vt 0.000000 0.000000
vt 0.000000 0.000000
vt 0.000000 0.000000
vt 0.000000 0.000000
vt 0.000000 0.000000
vt 0.000000 0.000000
vt 0.000000 0.000000
vt 0.000000 0.000000
vt 0.000000 0.000000
vt 0.000000 0.000000
vt 0.000000 0.000000
vt 0.000000 0.000000
vt 0.000000 0.000000
vt 0.000000 0.000000
vt 0.000000 0.000000
vt 0.000000 0.000000
vt 0.000000 0.000000
vt 0.000000 0.000000
vt 0.000000 0.000000
vt 0.000000 0.000000
vt 0.000000 0.000000
vt 0.000000 0.000000
vt 0.000000 0.000000
vt 0.000000 0.000000
vt 0.000000 0.000000
vt 0.000000 0.000000
vt 0.000000 0.000000
vt 0.000000 0.000000
vt 0.000000 0.000000
vt 0.000000 0.000000
vt 0.000000 0.000000
vt 0.000000 0.000000
vt 0.000000 0.000000
vt 0.000000 0.000000
vt 0.000000 0.000000
vt 0.000000 0.000000
vt 0.000000 0.000000
vt 0.000000 0.000000
vt 0.000000 0.000000
vt 0.000000 0.000000
vt 0.000000 0.000000
vt 0.000000 0.000000
vt 0.000000 0.000000
vt 0.000000 0.000000
vt 0.000000 0.000000
vt 0.000000 0.000000
vt 0.000000 0.000000
vt 0.000000 0.000000
vt 0.000000 0.000000
vt 0.000000 0.000000
vt 0.000000 0.000000
vt 0.000000 0.000000
vt 0.000000 0.000000
vt 0.000000 0.000000
vt 0.000000 0.000000
vt 0.000000 0.000000
vt 0.000000 0.000000
vt 0.000000 0.000000
vt 0.000000 0.000000
vt 0.000000 0.000000
vt 0.000000 0.000000
vt 0.000000 0.000000
vt 0.000000 0.000000
vt 0.000000 0.000000
vt 0.000000 0.000000
vt 0.000000 0.000000
vt 0.000000 0.000000
vt 0.000000 0.000000
vt 0.000000 0.000000
vt 0.000000 0.000000
vt 0.000000 0.000000
vt 0.000000 0.000000
vt 0.000000 0.000000
vt 0.000000 0.000000
vt 0.000000 0.000000
vt 0.000000 0.000000
vt 0.000000 0.000000
vt 0.000000 0.000000
vt 0.000000 0.000000
vt 0.000000 0.000000
vt 0.000000 0.000000
vt 0.000000 0.000000
vt 0.000000 0.000000
vt 0.000000 0.000000
vt 0.000000 0.000000
vt 0.000000 0.000000
vt 0.000000 0.000000
vt 0.000000 0.000000
vt 0.000000 0.000000
vt 0.000000 0.000000
vt 0.000000 0.000000
vt 0.000000 0.000000
vt 0.000000 0.000000
vt 0.000000 0.000000
vt 0.000000 0.000000
vt 0.000000 0.000000
vt 0.000000 0.000000
vt 0.000000 0.000000
vt 0.000000 0.000000
vt 0.000000 0.000000
vt 0.000000 0.000000
vt 0.000000 0.000000
vt 0.000000 0.000000
vt 0.000000 0.000000
vt 0.000000 0.000000
vt 0.000000 0.000000
vt 0.000000 0.000000
vt 0.000000 0.000000
vt 0.000000 0.000000
vt 0.000000 0.000000
vt 0.000000 0.000000
vt 0.000000 0.000000
vt 0.000000 0.000000
vt 0.000000 0.000000
vt 0.000000 0.000000
vt 0.000000 0.000000
vt 0.000000 0.000000
vt 0.000000 0.000000
vt 0.000000 0.000000
vt 0.000000 0.000000
vt 0.000000 0.000000
vt 0.000000 0.000000
vt 0.000000 0.000000
vt 0.000000 0.000000
vt 0.000000 0.000000
vt 0.000000 0.000000
vt 0.000000 0.000000
vt 0.000000 0.000000
vt 0.000000 0.000000
vt 0.000000 0.000000
vt 0.000000 0.000000
vt 0.000000 0.000000
vt 0.000000 0.000000
vt 0.000000 0.000000
vt 0.000000 0.000000
vt 0.000000 0.000000
vt 0.000000 0.000000
vt 0.000000 0.000000
vt 0.000000 0.000000
vt 0.000000 0.000000
vt 0.000000 0.000000
vt 0.000000 0.000000
vt 0.000000 0.000000
vt 0.000000 0.000000
vt 0.000000 0.000000
vt 0.000000 0.000000
vt 0.000000 0.000000
vt 0.000000 0.000000
vt 0.000000 0.000000
vt 0.000000 0.000000
vt 0.000000 0.000000
vt 0.000000 0.000000
vt 0.000000 0.000000
vt 0.000000 0.000000
vt 0.000000 0.000000
vt 0.000000 0.000000
vt 0.000000 0.000000
vt 0.000000 0.000000
vt 0.000000 0.000000
vt 0.000000 0.000000
vt 0.000000 0.000000
vt 0.000000 0.000000
vt 0.000000 0.000000
vt 0.000000 0.000000
vt 0.000000 0.000000
vt 0.000000 0.000000
vt 0.000000 0.000000
vt 0.000000 0.000000
vt 0.000000 0.000000
vt 0.000000 0.000000
vt 0.000000 0.000000
vt 0.000000 0.000000
vt 0.000000 0.000000
vt 0.000000 0.000000
vt 0.000000 0.000000
vt 0.000000 0.000000
vt 0.000000 0.000000
vt 0.000000 0.000000
vt 0.000000 0.000000
vt 0.000000 0.000000
vt 0.000000 0.000000
vt 0.000000 0.000000
vt 0.000000 0.000000
vt 0.000000 0.000000
vt 0.000000 0.000000
vt 0.000000 0.000000
vt 0.000000 0.000000
vt 0.000000 0.000000
vt 0.000000 0.000000
vt 0.000000 0.000000
vt 0.000000 0.000000
vt 0.000000 0.000000
vt 0.000000 0.000000
vt 0.000000 0.000000
vt 0.000000 0.000000
vt 0.000000 0.000000
vt 0.000000 0.000000
vt 0.000000 0.000000
vt 0.000000 0.000000
vt 0.000000 0.000000
vt 0.000000 0.000000
vt 0.000000 0.000000
vt 0.000000 0.000000
vt 0.000000 0.000000
vt 0.000000 0.000000
vt 0.000000 0.000000
vt 0.000000 0.000000
vt 0.000000 0.000000
vt 0.000000 0.000000
vt 0.000000 0.000000
vt 0.000000 0.000000
vt 0.000000 0.000000
vt 0.000000 0.000000
vt 0.000000 0.000000
vt 0.000000 0.000000
vt 0.000000 0.000000
vt 0.000000 0.000000
vt 0.000000 0.000000
vt 0.000000 0.000000
vt 0.000000 0.000000
vt 0.000000 0.000000
vt 0.000000 0.000000
vt 0.000000 0.000000
vt 0.000000 0.000000
vt 0.000000 0.000000
vt 0.000000 0.000000
vt 0.000000 0.000000
vt 0.000000 0.000000
vt 0.000000 0.000000
vt 0.000000 0.000000
vt 0.000000 0.000000
vt 0.000000 0.000000
vt 0.000000 0.000000
vt 0.000000 0.000000
vt 0.000000 0.000000
vt 0.000000 0.000000
vt 0.000000 0.000000
vt 0.000000 0.000000
vt 0.000000 0.000000
vt 0.000000 0.000000
vt 0.000000 0.000000
vt 0.000000 0.000000
vt 0.000000 0.000000
vt 0.000000 0.000000
vt 0.000000 0.000000
vt 0.000000 0.000000
vt 0.000000 0.000000
vt 0.000000 0.000000
vt 0.000000 0.000000
vt 0.000000 0.000000
vt 0.000000 0.000000
vt 0.000000 0.000000
vt 0.000000 0.000000
vt 0.000000 0.000000
vt 0.000000 0.000000
vt 0.000000 0.000000
vt 0.000000 0.000000
vt 0.000000 0.000000
vt 0.000000 0.000000
vt 0.000000 0.000000
vt 0.000000 0.000000
vt 0.000000 0.000000
vt 0.000000 0.000000
vt 0.000000 0.000000
vt 0.000000 0.000000
vt 0.000000 0.000000
vt 0.000000 0.000000
vt 0.000000 0.000000
vt 0.000000 0.000000
vt 0.000000 0.000000
vt 0.000000 0.000000
vt 0.000000 0.000000
vt 0.000000 0.000000
vt 0.000000 0.000000
vt 0.000000 0.000000
vt 0.000000 0.000000
vt 0.000000 0.000000
vt 0.000000 0.000000
vt 0.000000 0.000000
vt 0.000000 0.000000
vt 0.000000 0.000000
vt 0.000000 0.000000
vt 0.000000 0.000000
vt 0.000000 0.000000
vt 0.000000 0.000000
vt 0.000000 0.000000
vt 0.000000 0.000000
vt 0.000000 0.000000
vt 0.000000 0.000000
vt 0.000000 0.000000
vt 0.000000 0.000000
vt 0.000000 0.000000
vt 0.000000 0.000000
vt 0.000000 0.000000
vt 0.000000 0.000000
vt 0.000000 0.000000
vt 0.000000 0.000000
vt 0.000000 0.000000
vt 0.000000 0.000000
vt 0.000000 0.000000
vt 0.000000 0.000000
vt 0.000000 0.000000
vt 0.000000 0.000000
vt 0.000000 0.000000
vt 0.000000 0.000000
vt 0.000000 0.000000
vt 0.000000 0.000000
vt 0.000000 0.000000
vt 0.000000 0.000000
vt 0.000000 0.000000
vt 0.000000 0.000000
vt 0.000000 0.000000
vt 0.000000 0.000000
vt 0.000000 0.000000
vt 0.000000 0.000000
vt 0.000000 0.000000
vt 0.000000 0.000000
vt 0.000000 0.000000
vt 0.000000 0.000000
vt 0.000000 0.000000
vt 0.000000 0.000000
vt 0.000000 0.000000
vt 0.000000 0.000000
vt 0.000000 0.000000
vt 0.000000 0.000000
vt 0.000000 0.000000
vt 0.000000 0.000000
vt 0.000000 0.000000
vt 0.000000 0.000000
vt 0.000000 0.000000
vt 0.000000 0.000000
vt 0.000000 0.000000
vt 0.000000 0.000000
vt 0.000000 0.000000
vt 0.000000 0.000000
vt 0.000000 0.000000
vt 0.000000 0.000000
vt 0.000000 0.000000
vt 0.000000 0.000000
vn 0.1115 -0.0000 0.9938
vn -0.1115 0.0000 -0.9938
vn -0.0000 1.0000 0.0000
vn -0.9938 0.0000 0.1115
vn 0.0000 -1.0000 -0.0000
vn 0.9938 -0.0000 -0.1116
vn -0.9938 0.0000 0.1116
vn 0.9938 -0.0000 -0.1115
vn 0.9938 0.0000 -0.1114
vn 0.9938 0.0001 -0.1115
vn 0.9938 0.0002 -0.1115
vn 0.9938 -0.0006 -0.1115
vn 0.9938 -0.0001 -0.1115
vn 0.9947 -0.0000 -0.1027
vn 0.9988 -0.0000 -0.0498
vn 0.9966 -0.0000 -0.0828
vn -0.9938 0.0003 0.1115
vn -0.9938 0.0005 0.1115
vn -0.9938 -0.0003 0.1115
vn -0.0102 0.9999 0.0020
vn -0.9938 0.0001 0.1115
vn -0.9938 -0.0006 0.1115
vn -0.9938 0.0001 0.1114
vn -0.1115 0.0001 -0.9938
vn -0.9938 -0.0000 0.1114
vn 0.5039 0.8619 -0.0565
vn 0.5041 0.8618 -0.0565
vn 0.4517 0.8882 -0.0837
vn 0.4671 0.8816 -0.0685
vn 0.4701 0.8819 -0.0363
vn 0.4590 0.8883 -0.0179
vn -0.0837 0.8882 -0.4518
vn -0.0685 0.8815 -0.4671
vn -0.0364 0.8819 -0.4701
vn -0.0180 0.8882 -0.4592
vn -0.0565 0.8618 -0.5042
vn -0.0565 0.8618 -0.5041
vn -0.4517 0.8882 0.0837
vn -0.4672 0.8815 0.0685
vn -0.4701 0.8819 0.0363
vn -0.4590 0.8882 0.0180
vn -0.5041 0.8618 0.0565
vn 0.0363 0.8818 0.4702
vn 0.0179 0.8884 0.4588
vn 0.0565 0.8618 0.5041
vn 0.0837 0.8882 0.4518
vn 0.0685 0.8815 0.4671
vn -0.4811 -0.8750 0.0540
vn -0.4813 -0.8749 0.0540
vn -0.4812 -0.8749 0.0540
vn -0.4812 -0.8749 0.0539
vn 0.0540 -0.8749 0.4812
vn 0.0539 -0.8750 0.4811
vn 0.0540 -0.8750 0.4811
vn 0.0540 -0.8750 0.4812
vn 0.4812 -0.8749 -0.0540
vn 0.4813 -0.8749 -0.0540
vn 0.4811 -0.8750 -0.0540
vn -0.0540 -0.8750 -0.4811
vn -0.0540 -0.8749 -0.4812
vn -0.0540 -0.8750 -0.4812
vn -0.0540 -0.8750 -0.4810
vn 0.9577 -0.2670 -0.1074
vn 0.9578 -0.2667 -0.1074
vn -0.8696 0.4839 0.0975
vn -0.8699 0.4835 0.0976
vn 0.6563 -0.3193 0.6836
vn 0.6564 -0.3191 0.6836
vn 0.4886 -0.3192 -0.8120
vn 0.4886 -0.3191 -0.8121
vn 0.6835 -0.3195 -0.6563
vn 0.6839 -0.3183 -0.6565
vn -0.8122 -0.3185 -0.4888
vn -0.8121 -0.3191 -0.4886
vn -0.1074 -0.2665 -0.9578
vn -0.1074 -0.2667 -0.9578
vn 0.0975 0.4843 0.8695
vn 0.0975 0.4842 0.8695
vn -0.6566 -0.3180 -0.6839
vn -0.6562 -0.3199 -0.6835
vn -0.4887 -0.3184 0.8123
vn -0.4885 -0.3195 0.8119
vn -0.9577 -0.2668 0.1074
vn -0.9578 -0.2667 0.1074
vn 0.8691 0.4849 -0.0975
vn 0.8699 0.4835 -0.0976
vn 0.8118 -0.3202 0.4883
vn 0.8123 -0.3183 0.4887
vn 0.1074 -0.2667 0.9578
vn 0.1074 -0.2668 0.9577
vn -0.0975 0.4841 -0.8695
vn -0.0975 0.4843 -0.8695
vn -0.6838 -0.3185 0.6566
vn -0.6837 -0.3187 0.6565
vn 0.9430 -0.3156 -0.1058
vn 0.9427 -0.3164 -0.1057
vn -0.1057 -0.3164 -0.9427
vn -0.1057 -0.3163 -0.9427
vn -0.9426 -0.3167 0.1057
vn 0.1057 -0.3163 0.9427
vn 0.1058 -0.3163 0.9428
vn 0.3141 -0.9487 -0.0352
vn 0.3142 -0.9487 -0.0352
vn -0.0353 -0.9487 -0.3143
vn -0.0352 -0.9487 -0.3143
vn -0.3145 -0.9486 0.0353
vn -0.3143 -0.9487 0.0352
vn 0.0353 -0.9487 0.3143
vn 0.0352 -0.9487 0.3143
vn 0.4812 0.8749 -0.0540
vn -0.0540 0.8749 -0.4812
vn -0.4812 0.8749 0.0540
vn 0.0540 0.8749 0.4812
vn 0.0764 -0.7281 0.6812
vn -0.0772 -0.7216 -0.6880
vn 0.1018 -0.4070 0.9077
vn 0.1018 -0.4071 0.9077
vn -0.1018 -0.4070 -0.9077
vn -0.1018 -0.4072 -0.9076
vn 0.0270 -0.9703 0.2404
vn -0.0270 -0.9703 -0.2404
vn -0.9938 -0.0003 0.1114
vn 0.0005 -1.0000 0.0043
vn 0.0005 -1.0000 0.0044
vn -0.0763 0.7288 -0.6804
vn 0.0772 0.7212 0.6884
vn -0.9938 -0.0008 0.1115
vn 0.9938 0.0004 -0.1115
vn 0.9938 0.0000 -0.1113
vn -0.9938 -0.0003 0.1116
vn 0.9938 0.0008 -0.1114
vn 0.9938 0.0003 -0.1115
vn 0.9938 -0.0002 -0.1114
vn -0.9938 -0.0001 0.1115
vn -0.9938 0.0002 0.1115
vn 0.0806 0.6910 0.7184
vn -0.4263 0.6286 0.6505
vn -0.6448 0.5899 -0.4861
vn -0.0811 0.6860 -0.7231
vn 0.9938 -0.0007 -0.1115
vn 0.9938 0.0017 -0.1115
vn 0.9938 -0.0015 -0.1115
vn -0.9938 0.0009 0.1115
vn -0.9938 -0.0016 0.1115
vn 0.9938 0.0006 -0.1115
vn -0.9937 0.0000 0.1119
vn 0.9937 0.0000 -0.1119
vn 0.9938 -0.0004 -0.1115
vn -0.9937 0.0000 0.1118
vn -0.9938 -0.0007 0.1115
vn -0.9938 -0.0004 0.1115
vn -0.1114 0.0000 -0.9938
vn 0.1114 0.0000 0.9938
vn -0.1113 0.0000 -0.9938
vn 0.1116 0.0000 0.9938
vn -0.1116 0.0000 -0.9938
vn 0.1116 0.0000 0.9937
vn -0.1110 0.0000 -0.9938
vn 0.1117 0.0000 0.9937
vn 0.1112 0.0000 0.9938
vn -0.1112 0.0000 -0.9938
vn 0.1119 0.0000 0.9937
vn -0.9938 0.0010 0.1115
vn -0.9938 -0.0015 0.1115
vn 0.9938 0.0008 -0.1115
vn 0.9938 -0.0012 -0.1115
vn -0.9938 0.0007 0.1115
vn -0.9938 -0.0010 0.1115
vn -0.1122 -0.0000 -0.9937
vn -0.1103 -0.0000 -0.9939
vn 0.1110 0.0000 0.9938
vn -0.1119 -0.0000 -0.9937
vn 0.9938 -0.0002 -0.1115
vn -0.9938 -0.0002 0.1115
vn 0.9937 0.0000 -0.1116
vn 0.9938 -0.0018 -0.1115
vn 0.9938 0.0021 -0.1115
vn -0.9938 0.0008 0.1115
vn 0.1113 0.0000 0.9938
vn -0.1117 0.0000 -0.9937
vn 0.9938 0.0010 -0.1114
vn 0.9938 -0.0015 -0.1114
vn 0.9938 -0.0010 -0.1114
vn 0.9938 0.0015 -0.1114
vn -0.9938 -0.0005 0.1116
vn -0.9937 0.0015 0.1118
vn -0.1118 0.0000 -0.9937
vn 0.9938 0.0000 -0.1110
vn 0.1115 0.0001 0.9938
vn 0.9939 0.0000 -0.1101
vn -0.9935 0.0000 0.1135
vn 0.9939 0.0000 -0.1102
vn 0.1118 0.0000 0.9937
vn 0.1114 0.0001 0.9938
vn 0.1114 -0.0002 0.9938
vn -0.9937 0.0000 0.1120
vn -0.1119 0.0002 -0.9937
vn -0.1115 -0.0002 -0.9938
vn -0.1116 0.0002 -0.9938
vn -0.9938 0.0000 0.1112
vn -0.9938 0.0000 0.1113
vn 0.9937 0.0000 -0.1117
vn 0.1109 -0.0000 0.9938
vn 0.1115 -0.0002 0.9938
vn 0.1115 0.0002 0.9938
vn -0.1115 -0.0001 -0.9938
vn -0.1115 0.0002 -0.9938
vn 0.1115 -0.0001 0.9938
vn -0.1116 0.0000 -0.9937
vn 0.9937 0.0000 -0.1118
vn -0.9938 0.0000 0.1110
vn -0.9935 0.0000 0.1136
vn 0.9935 0.0000 -0.1136
vn -0.9939 0.0000 0.1102
vn 0.9938 0.0019 -0.1115
vn -0.9938 0.0021 0.1115
vn -0.9938 -0.0014 0.1115
vn 0.9938 -0.0011 -0.1115
vn 0.9938 -0.0009 -0.1115
vn 0.9938 0.0011 -0.1115
vn -0.9938 0.0012 0.1115
vn -0.9938 -0.0023 0.1115
vn -0.9938 -0.0024 0.1115
vn -0.9938 0.0020 0.1115
vn -0.9938 -0.0011 0.1115
vn -0.9938 0.0011 0.1114
vn 0.9938 0.0024 -0.1115
vn -0.9938 0.0011 0.1115
vn 0.9938 0.0005 -0.1114
vn 0.9938 -0.0003 -0.1115
vn -0.1108 0.0000 -0.9938
vn 0.1126 0.0000 0.9936
vn 0.1104 0.0000 0.9939
vn -0.1115 -0.0004 -0.9938
vn -0.1115 0.0004 -0.9938
vn 0.9935 0.0000 -0.1135
vn -0.9939 0.0000 0.1101
vn -0.9937 0.0001 0.1119
vn -0.9937 -0.0001 0.1119
vn 0.0000 -1.0000 -0.0001
vn -0.1115 -0.0003 -0.9938
vn 0.1111 -0.0000 0.9938
vn 0.0000 1.0000 -0.0001
vn 0.0000 1.0000 0.0001
vn -0.9938 -0.0009 0.1115
vn -0.9938 -0.0013 0.1115
vn -0.9938 0.0004 0.1115
vn 0.9938 0.0010 -0.1115
vn 0.9938 -0.0008 -0.1115
vn -0.9938 0.0009 0.1114
vn 0.9938 -0.0010 -0.1115
vn 0.9938 0.0001 -0.1114
vn -0.9938 -0.0005 0.1115
vn -0.9938 0.0006 0.1115
vn -0.9938 -0.0012 0.1115
vn 0.9938 0.0009 -0.1115
vn -0.9938 0.0013 0.1115
vn -0.9938 -0.0001 0.1110
vn 0.9938 0.0013 -0.1115
vn 0.9938 0.0012 -0.1115
vn -0.1109 0.0000 -0.9938
vn 0.9938 -0.0005 -0.1115
vn 0.9938 -0.0016 -0.1115
vn -0.9938 0.0016 0.1115
vn -0.9938 0.0017 0.1115
vn 0.9938 -0.0017 -0.1115
vn 0.9938 0.0005 -0.1115
vn -0.0665 0.8026 -0.5928
vn -0.0700 0.7330 -0.6766
vn 0.0988 0.7183 -0.6887
vn -0.0762 0.7296 -0.6796
vn -0.2411 0.7227 -0.6478
vn -0.0762 0.7295 -0.6797
vn 0.0769 0.7236 0.6860
vn 0.0769 0.7235 0.6860
vn 0.2421 0.7167 0.6540
vn 0.0770 0.7235 0.6860
vn 0.0672 0.7977 0.5994
vn 0.0672 0.7977 0.5993
vn 0.0707 0.7270 0.6830
vn -0.0985 0.7123 0.6949
vn 0.0762 -0.7296 0.6796
vn 0.0762 -0.7297 0.6795
vn 0.0762 -0.7297 0.6796
vn 0.0762 -0.7294 0.6798
vn 0.0763 -0.7297 0.6796
vn -0.0769 -0.7235 -0.6860
vn -0.0769 -0.7237 -0.6858
vn -0.0770 -0.7236 -0.6860
vn -0.0769 -0.7236 -0.6860
vn -0.0571 -0.8587 -0.5093
vn 0.9938 0.0016 -0.1113
vn -0.9938 0.0010 0.1113
vn -0.0571 -0.8587 -0.5092
vn 0.0571 0.8587 0.5092
vn 0.0571 0.8587 0.5093
vn 0.0564 -0.8626 0.5027
vn -0.0564 0.8626 -0.5027
vn 0.9938 0.0002 -0.1113
vn 0.9937 0.0016 -0.1117
vn -0.9937 0.0018 0.1117
vn 0.9938 -0.0001 -0.1116
vn 0.9938 -0.0005 -0.1116
vn 0.0764 -0.7282 0.6811
vn -0.0771 -0.7220 -0.6876
vn -0.0771 -0.7223 -0.6873
vn 0.0769 0.7237 0.6858
vn -0.4502 0.8915 0.0505
vn 0.4523 0.8904 -0.0507
vn 0.0482 0.9019 0.4293
vn 0.5481 0.0000 -0.8364
vn 0.7200 -0.0009 0.6940
vn 0.3146 -0.9488 -0.0300
vn 0.2861 0.9337 0.2154
vn 0.9457 -0.3152 -0.0797
vn 0.0317 -0.9404 0.3386
vn -0.6135 0.7867 0.0689
vn -0.5481 0.0004 0.8364
vn -0.2302 0.9339 0.2736
vn -0.4339 0.8996 0.0487
vn 0.6473 0.5583 0.5189
vn -0.4626 0.1402 -0.8754
vn 0.4523 0.8904 -0.0508
vn 0.4519 0.8906 -0.0504
vn 0.5067 -0.5835 -0.6347
vn 0.7179 -0.6914 -0.0805
vn 0.4502 -0.8915 -0.0505
vn 0.4503 -0.8915 -0.0505
vn -0.2635 -0.9438 -0.1993
vn -0.4523 -0.8904 0.0507
vn -0.4524 -0.8904 0.0508
vn -0.0482 -0.9019 -0.4293
vn 0.7198 0.0000 0.6942
vn 0.1890 0.2911 -0.9378
vn -0.9918 0.0000 0.1278
vn 0.0075 0.9999 0.0073
vn 0.6927 -0.3867 -0.6088
vn -0.5482 -0.0009 0.8363
vn -0.7195 -0.6898 0.0807
vn -0.0011 -1.0000 -0.0011
vn -0.4594 0.8278 -0.3221
vn -0.9409 -0.3153 0.1238
vn 0.6134 0.7867 -0.0687
vn 0.5018 -0.1268 0.8557
vn -0.7198 -0.0007 -0.6942
vn 0.2898 -0.9565 -0.0325
vn -0.2896 -0.9566 0.0325
vn -0.2117 0.9441 0.2526
vn -0.4499 0.8917 0.0507
vn 0.5618 -0.2401 0.7917
vn 0.1220 -0.9807 -0.1528
vn 0.7487 0.6576 -0.0840
vn 0.4361 0.8986 -0.0489
vn 0.0502 0.8929 0.4474
vn 0.2636 0.9438 0.1994
vn 0.0074 0.9978 0.0657
vn 0.2635 0.9438 0.1993
vn 0.2117 -0.9441 -0.2526
vn 0.5479 0.3192 -0.7733
vn 0.4501 -0.8915 -0.0505
vn -0.1532 -0.9806 -0.1223
vn -0.4524 -0.8904 0.0507
vn -0.6355 -0.5821 -0.5073
vn 0.1022 -0.2406 0.9652
vn -0.6930 0.3857 0.6091
vn 0.8355 0.3090 -0.4544
vn -0.2116 0.9442 0.2525
vn -0.6602 -0.2935 0.6914
vn 0.6374 0.3028 -0.7085
vn -0.5156 0.5601 0.6484
vn -0.5415 0.0128 0.8406
vn -0.7558 -0.1351 -0.6407
vn -0.5478 -0.0070 0.8366
vn 0.9927 0.0456 -0.1113
vn 0.1115 -0.0005 0.9938
vn -0.9937 0.0078 0.1115
vn -0.3157 0.9484 0.0290
vn -0.2857 -0.9341 -0.2139
vn -0.9439 0.3206 0.0795
vn -0.0249 0.9599 -0.2793
vn 0.6121 -0.7878 -0.0688
vn 0.4593 -0.8271 0.3239
vn 0.5643 -0.0271 -0.8252
vn 0.2273 -0.9356 -0.2700
vn 0.4287 -0.9022 -0.0480
vn 0.4469 -0.8932 -0.0501
vn -0.6542 -0.5455 -0.5239
vn 0.4591 -0.1173 0.8806
vn -0.4518 -0.8908 0.0490
vn -0.4539 -0.8896 0.0505
vn -0.5055 0.5828 0.6362
vn -0.7151 0.6944 0.0803
vn -0.4511 0.8914 0.0448
vn -0.4554 0.8888 0.0510
vn 0.2628 0.9438 0.2002
vn 0.4571 0.8879 -0.0514
vn 0.4543 0.8891 -0.0557
vn 0.0486 0.9007 0.4317
vn 0.0479 0.9029 0.4271
vn -0.7239 -0.0128 -0.6898
vn -0.1840 -0.3143 0.9313
vn 0.9918 0.0003 -0.1278
vn -0.0073 -1.0000 -0.0057
vn -0.6796 0.4188 0.6023
vn 0.5633 -0.0260 -0.8258
vn 0.7172 0.6922 -0.0802
vn -0.0080 1.0000 0.0021
vn 0.9937 0.0000 -0.1122
vn 0.9390 0.3209 -0.1236
vn -0.6123 -0.7876 0.0686
vn -0.5005 0.1030 -0.8596
vn -0.3043 0.9520 0.0340
vn 0.2805 0.9593 -0.0315
vn 0.2117 -0.9441 -0.2527
vn 0.4552 -0.8889 -0.0513
vn -0.5593 0.2456 -0.7917
vn -0.1379 0.9790 0.1504
vn -0.7525 -0.6531 0.0844
vn -0.4311 -0.9010 0.0484
vn -0.0510 -0.8891 -0.4548
vn -0.2642 -0.9438 -0.1985
vn -0.0076 -0.9977 -0.0679
vn -0.2636 -0.9438 -0.1994
vn -0.2107 0.9442 0.2532
vn -0.5504 -0.3162 0.7727
vn -0.4511 0.8914 0.0444
vn -0.4562 0.8884 0.0511
vn 0.1525 0.9803 0.1254
vn 0.4650 0.8838 -0.0521
vn 0.4574 0.8868 -0.0668
vn 0.1115 -0.0021 0.9938
vn 0.6350 0.5808 0.5093
vn -0.1012 0.2729 -0.9567
vn 0.6716 -0.4161 -0.6131
vn -0.8155 -0.3721 0.4432
vn 0.2118 -0.9441 -0.2525
vn 0.6597 0.2903 -0.6932
vn 0.8664 -0.4898 -0.0972
vn -0.6446 -0.2761 0.7129
vn 0.5214 -0.5471 -0.6549
vn 0.9023 -0.4190 -0.1014
vn 0.9655 0.2367 -0.1083
vn 0.6737 0.3607 -0.6450
vn 0.2812 -0.2151 -0.9352
vn -0.1049 -0.0214 -0.9943
vn -0.1049 -0.0214 -0.9942
vn -0.1004 0.4357 -0.8945
vn -0.8258 -0.5563 0.0928
vn -0.8305 0.5492 0.0931
vn -0.5327 0.2955 0.7930
vn -0.5328 0.2955 0.7930
vn -0.8155 0.2831 -0.5049
vn -0.8155 0.2831 -0.5048
vn 0.7169 0.2049 0.6664
vn 0.1004 -0.4379 0.8934
vn 0.6992 0.0214 0.7146
vn 0.8005 0.5926 -0.0894
vn 0.7088 0.2026 -0.6756
vn 0.7088 0.2026 -0.6757
vn 0.2866 -0.2140 -0.9338
vn -0.1124 0.0173 -0.9935
vn -0.1010 0.4202 -0.9018
vn -0.9132 -0.3944 0.1027
vn -0.9205 0.3768 0.1033
vn -0.5074 0.3866 0.7701
vn -0.8341 0.1992 -0.5143
vn -0.8341 0.1992 -0.5144
vn 0.6429 0.4365 0.6294
vn 0.1001 -0.4371 0.8939
vn 0.0772 -0.7216 0.6880
vn 0.7467 -0.6598 -0.0843
vn -0.3136 -0.9487 0.0389
vn -0.7052 -0.3208 -0.6323
vn 0.0533 0.8901 0.4527
vn 0.2585 0.1406 -0.9557
vn -0.9145 0.3108 -0.2590
vn -0.7821 0.3015 -0.5454
vn -0.3901 0.2913 -0.8735
vn -0.6901 -0.3101 -0.6539
vn -0.8855 -0.4538 0.0993
vn 0.7485 0.6578 -0.0840
vn 0.8856 0.4537 -0.0993
vn 0.5288 -0.3135 -0.7887
vn -0.8848 0.4553 0.0992
vn -0.2864 0.1986 0.9373
vn -0.7479 -0.6586 0.0831
vn 0.8851 -0.4547 -0.0993
vn -0.1005 0.4320 -0.8963
vn -0.3778 -0.9243 -0.0549
vn 0.1005 -0.4320 0.8963
vn 0.3548 -0.9249 -0.1366
vn 0.9961 0.0000 -0.0879
vn 0.1004 0.0000 0.9950
vn 0.0012 -1.0000 -0.0018
vn 0.7055 0.3195 0.6325
vn 0.7199 0.0003 0.6941
vn 0.2599 -0.1861 -0.9475
vn -0.8853 -0.4524 0.1075
vn -0.0092 -0.9982 -0.0595
vn -0.7198 0.0000 -0.6941
vn -0.6893 -0.3125 -0.6536
vn -0.8859 -0.4531 0.0994
vn -0.7472 0.6593 0.0838
vn 0.8865 0.4519 -0.0994
vn 0.5287 -0.3137 -0.7887
vn -0.8846 0.4556 0.0992
vn 0.5261 0.7545 -0.3923
vn -0.2864 0.1987 0.9373
vn 0.8847 -0.4554 -0.0992
vn -0.1005 0.4319 -0.8963
vn 0.7953 -0.2941 0.5301
vn 0.1005 -0.4319 0.8963
vn -0.0001 -1.0000 -0.0010
vn -0.0773 0.7245 -0.6850
vn -0.7418 0.6654 0.0837
vn 0.1087 -0.0029 0.9941
vn 0.0001 1.0000 -0.0001
vn 0.3149 0.9483 -0.0391
vn 0.6877 0.3670 0.6264
vn -0.0529 -0.8920 -0.4489
vn -0.2629 -0.1647 0.9507
vn 0.8935 -0.3710 0.2529
vn 0.7808 -0.3021 0.5468
vn 0.3846 -0.3129 0.8684
vn 0.1115 -0.0003 0.9938
vn 0.6938 0.3029 0.6534
vn 0.8885 0.4480 -0.0996
vn -0.7529 -0.6526 0.0844
vn -0.1197 0.0164 -0.9927
vn -0.8813 -0.4620 0.0989
vn -0.5301 0.3113 0.7888
vn 0.8872 -0.4505 -0.0995
vn 0.2854 -0.2015 -0.9370
vn 0.7355 0.6726 -0.0818
vn -0.8907 0.4435 0.0999
vn 0.1000 -0.4410 0.8919
vn 0.3738 0.9255 0.0604
vn -0.1005 0.4318 -0.8964
vn -0.3491 0.9263 0.1416
vn -0.9961 0.0004 0.0880
vn -0.1004 0.0044 -0.9949
vn 0.6879 0.3147 0.6540
vn 0.4601 -0.8300 0.3152
vn -0.0003 1.0000 -0.0013
vn 0.1143 -0.0029 0.9934
vn 0.0849 0.9964 -0.0073
vn -0.6764 -0.3605 -0.6422
vn 0.7137 0.0242 0.7001
vn -0.7204 -0.0101 -0.6934
vn -0.2389 0.2267 0.9442
vn 0.8676 0.4860 -0.1055
vn 0.0129 0.9956 0.0926
vn -0.8872 0.4505 0.0995
vn 0.8941 0.4365 -0.1003
vn -0.1149 0.0064 -0.9934
vn 0.7396 -0.6679 -0.0829
vn 0.1005 -0.4323 0.8961
vn -0.8930 -0.4387 0.1002
vn -0.5258 -0.7575 0.3869
vn 0.3066 -0.1575 -0.9387
vn -0.5269 0.3170 0.7886
vn 0.8876 -0.4498 -0.0996
vn -0.7953 0.2909 -0.5319
vn 0.1120 0.0000 0.9937
vn 0.9937 -0.0001 -0.1118
vn -0.1120 -0.0000 -0.9937
vn 0.9937 0.0001 -0.1118
vn -0.0439 -0.9190 -0.3917
vn -0.0439 -0.9190 -0.3919
vn 0.0439 0.9190 0.3918
vn 0.0439 0.9190 0.3919
vn -0.0440 -0.9190 -0.3919
vn -0.0440 -0.9189 -0.3920
vn 0.0440 0.9189 0.3920
vn 0.3918 -0.9190 -0.0440
vn -0.3919 0.9190 0.0439
vn -0.3918 0.9190 0.0440
vn 0.3918 -0.9190 -0.0439
vn -0.3919 0.9190 0.0440
vn 0.0440 -0.9190 0.3919
vn 0.0440 -0.9190 0.3918
vn -0.0440 0.9190 -0.3918
vn 0.0440 -0.9189 0.3920
vn 0.0439 -0.9190 0.3917
vn -0.0439 0.9191 -0.3916
vn -0.0440 0.9189 -0.3920
vn -0.3918 -0.9190 0.0439
vn -0.3918 -0.9190 0.0441
vn 0.3918 0.9190 -0.0439
vn 0.3919 0.9190 -0.0439
vn -0.9937 -0.0000 0.1117
vn -0.3918 -0.9190 0.0440
vn -0.3919 -0.9190 0.0439
vn 0.3918 0.9190 -0.0440
vn -0.0353 -0.9485 -0.3149
vn -0.0353 -0.9484 -0.3150
vn 0.0353 0.9484 0.3151
vn 0.0353 0.9484 0.3150
usemtl None
s off
f 1/1/1 2/2/1 3/3/1
f 1/1/1 3/3/1 4/4/1
f 5/5/1 6/6/1 7/7/1
f 5/5/1 7/7/1 8/8/1
f 9/9/1 10/10/1 11/11/1
f 9/9/1 11/11/1 7/7/1
f 9/9/1 7/7/1 6/6/1
f 9/9/1 6/6/1 12/12/1
f 13/13/1 14/14/1 15/15/1
f 13/13/1 15/15/1 5/5/1
f 13/13/1 5/5/1 8/8/1
f 13/13/1 8/8/1 16/16/1
f 16/16/1 11/11/1 10/10/1
f 16/16/1 10/10/1 13/13/1
f 12/12/1 15/15/1 14/14/1
f 12/12/1 14/14/1 9/9/1
f 17/17/2 18/18/2 19/19/2
f 17/17/2 19/19/2 20/20/2
f 21/21/2 22/22/2 23/23/2
f 21/21/2 23/23/2 24/24/2
f 25/25/2 26/26/2 27/27/2
f 25/25/2 27/27/2 21/21/2
f 27/27/2 28/28/2 22/22/2
f 27/27/2 22/22/2 21/21/2
f 29/29/2 30/30/2 31/31/2
f 29/29/2 31/31/2 23/23/2
f 31/31/2 32/32/2 24/24/2
f 31/31/2 24/24/2 23/23/2
f 26/26/2 25/25/2 32/32/2
f 26/26/2 32/32/2 31/31/2
f 30/30/2 29/29/2 28/28/2
f 30/30/2 28/28/2 27/27/2
f 17/17/3 20/20/3 4/4/3
f 17/17/3 4/4/3 3/3/3
f 20/20/4 19/19/4 1/1/4
f 20/20/4 1/1/4 4/4/4
f 19/19/5 18/18/5 2/2/5
f 19/19/5 2/2/5 1/1/5
f 21/21/6 24/24/6 8/8/6
f 21/21/6 8/8/6 7/7/6
f 23/23/7 22/22/7 6/6/7
f 23/23/7 6/6/7 5/5/7
f 27/27/5 26/26/5 10/10/5
f 27/27/5 10/10/5 9/9/5
f 25/25/3 21/21/3 7/7/3
f 25/25/3 7/7/3 11/11/3
f 22/22/3 28/28/3 12/12/3
f 22/22/3 12/12/3 6/6/3
f 31/31/3 30/30/3 14/14/3
f 31/31/3 14/14/3 13/13/3
f 29/29/5 23/23/5 5/5/5
f 29/29/5 5/5/5 15/15/5
f 24/24/5 32/32/5 16/16/5
f 24/24/5 16/16/5 8/8/5
f 26/26/8 31/31/8 13/13/8
f 26/26/8 13/13/8 10/10/8
f 32/32/4 25/25/4 11/11/4
f 32/32/4 11/11/4 16/16/4
f 28/28/9 29/29/9 15/15/9
f 28/28/9 15/15/9 12/12/9
f 33/33/8 34/34/8 35/35/8
f 33/33/8 35/35/8 36/36/8
f 37/37/10 3/3/10 38/38/10
f 37/37/11 38/38/11 35/35/11
f 37/37/12 35/35/12 34/34/12
f 37/37/13 34/34/13 39/39/13
f 40/40/10 41/41/10 33/33/10
f 40/40/11 33/33/11 36/36/11
f 40/40/13 36/36/13 42/42/13
f 40/40/8 42/42/8 2/2/8
f 40/40/14 2/2/15 43/43/16
f 42/42/8 38/38/8 3/3/8
f 42/42/8 3/3/8 2/2/8
f 39/39/8 41/41/8 40/40/8
f 39/39/8 40/40/8 37/37/8
f 44/44/4 45/45/4 46/46/4
f 44/44/4 46/46/4 47/47/4
f 48/48/4 17/17/4 49/49/4
f 48/48/4 49/49/4 44/44/4
f 49/49/17 50/50/17 45/45/17
f 49/49/18 45/45/18 44/44/18
f 46/46/4 51/51/4 52/52/4
f 46/46/19 52/52/19 47/47/19
f 52/52/20 53/53/20 18/18/20
f 52/52/4 18/18/4 54/54/4
f 52/52/21 54/54/21 47/47/21
f 17/17/4 48/48/4 54/54/4
f 17/17/4 54/54/4 18/18/4
f 52/52/4 51/51/4 50/50/4
f 52/52/4 50/50/4 49/49/4
f 44/44/1 47/47/1 36/36/1
f 44/44/1 36/36/1 35/35/1
f 46/46/2 45/45/2 34/34/2
f 46/46/2 34/34/2 33/33/2
f 49/49/3 17/17/3 3/3/3
f 49/49/3 3/3/3 37/37/3
f 48/48/5 44/44/5 35/35/5
f 48/48/5 35/35/5 38/38/5
f 45/45/5 50/50/5 39/39/5
f 45/45/5 39/39/5 34/34/5
f 18/18/5 53/53/5 43/43/5
f 18/18/5 43/43/5 2/2/5
f 53/53/5 52/52/5 40/40/5
f 53/53/5 40/40/5 43/43/5
f 51/51/3 46/46/3 33/33/3
f 51/51/3 33/33/3 41/41/3
f 47/47/3 54/54/3 42/42/3
f 47/47/3 42/42/3 36/36/3
f 54/54/2 48/48/2 38/38/2
f 54/54/2 38/38/2 42/42/2
f 50/50/1 51/51/1 41/41/1
f 50/50/1 41/41/1 39/39/1
f 55/55/4 56/56/4 57/57/4
f 55/55/4 57/57/4 58/58/4
f 14/14/21 59/59/21 60/60/21
f 14/14/22 60/60/22 57/57/22
f 14/14/21 57/57/21 56/56/21
f 14/14/4 56/56/4 61/61/4
f 62/62/4 9/9/4 63/63/4
f 62/62/4 63/63/4 55/55/4
f 62/62/23 55/55/23 58/58/23
f 62/62/21 58/58/21 64/64/21
f 64/64/4 60/60/4 59/59/4
f 64/64/4 59/59/4 62/62/4
f 61/61/21 63/63/21 9/9/21
f 61/61/4 9/9/4 14/14/4
f 65/65/8 66/66/8 67/67/8
f 65/65/8 67/67/8 68/68/8
f 69/69/8 70/70/8 30/30/8
f 69/69/8 30/30/8 65/65/8
f 30/30/13 71/71/13 66/66/13
f 30/30/10 66/66/10 65/65/10
f 72/72/8 27/27/8 73/73/8
f 72/72/8 73/73/8 67/67/8
f 73/73/13 74/74/13 68/68/13
f 73/73/11 68/68/11 67/67/11
f 70/70/8 69/69/8 74/74/8
f 70/70/8 74/74/8 73/73/8
f 27/27/8 72/72/8 71/71/8
f 27/27/8 71/71/8 30/30/8
f 65/65/2 68/68/2 58/58/2
f 65/65/2 58/58/2 57/57/2
f 67/67/1 66/66/1 56/56/1
f 67/67/1 56/56/1 55/55/1
f 30/30/3 70/70/3 59/59/3
f 30/30/3 59/59/3 14/14/3
f 69/69/5 65/65/5 57/57/5
f 69/69/5 57/57/5 60/60/5
f 66/66/5 71/71/5 61/61/5
f 66/66/5 61/61/5 56/56/5
f 73/73/5 27/27/5 9/9/5
f 73/73/5 9/9/5 62/62/5
f 72/72/3 67/67/3 55/55/3
f 72/72/3 55/55/3 63/63/3
f 68/68/3 74/74/3 64/64/3
f 68/68/3 64/64/3 58/58/3
f 74/74/1 69/69/1 60/60/1
f 74/74/1 60/60/1 64/64/1
f 71/71/2 72/72/2 63/63/2
f 71/71/2 63/63/2 61/61/2
f 75/75/2 76/76/2 77/77/2
f 75/75/2 77/77/2 78/78/2
f 59/59/2 37/37/2 79/79/2
f 59/59/2 79/79/2 77/77/2
f 59/59/2 77/77/2 76/76/2
f 59/59/2 76/76/2 80/80/2
f 40/40/2 62/62/2 81/81/2
f 40/40/2 81/81/2 75/75/2
f 40/40/24 75/75/24 78/78/24
f 40/40/2 78/78/2 82/82/2
f 82/82/2 79/79/2 37/37/2
f 82/82/2 37/37/2 40/40/2
f 80/80/2 81/81/2 62/62/2
f 80/80/2 62/62/2 59/59/2
f 83/83/1 84/84/1 85/85/1
f 83/83/1 85/85/1 86/86/1
f 87/87/1 49/49/1 70/70/1
f 87/87/1 70/70/1 83/83/1
f 70/70/1 88/88/1 84/84/1
f 70/70/1 84/84/1 83/83/1
f 89/89/1 73/73/1 52/52/1
f 89/89/1 52/52/1 85/85/1
f 52/52/1 90/90/1 86/86/1
f 52/52/1 86/86/1 85/85/1
f 49/49/1 87/87/1 90/90/1
f 49/49/1 90/90/1 52/52/1
f 73/73/1 89/89/1 88/88/1
f 73/73/1 88/88/1 70/70/1
f 83/83/8 86/86/8 78/78/8
f 83/83/8 78/78/8 77/77/8
f 85/85/7 84/84/7 76/76/7
f 85/85/7 76/76/7 75/75/7
f 70/70/3 49/49/3 37/37/3
f 70/70/3 37/37/3 59/59/3
f 87/87/5 83/83/5 77/77/5
f 87/87/5 77/77/5 79/79/5
f 84/84/5 88/88/5 80/80/5
f 84/84/5 80/80/5 76/76/5
f 52/52/5 73/73/5 62/62/5
f 52/52/5 62/62/5 40/40/5
f 89/89/3 85/85/3 75/75/3
f 89/89/3 75/75/3 81/81/3
f 86/86/3 90/90/3 82/82/3
f 86/86/3 82/82/3 78/78/3
f 90/90/25 87/87/25 79/79/25
f 90/90/25 79/79/25 82/82/25
f 88/88/6 89/89/6 81/81/6
f 88/88/6 81/81/6 80/80/6
f 91/91/26 92/92/26 93/93/26
f 91/91/27 93/93/27 94/94/27
f 92/92/28 95/95/28 96/96/28
f 92/92/29 96/96/29 93/93/29
f 95/95/30 91/91/30 94/94/30
f 95/95/31 94/94/31 96/96/31
f 97/97/32 95/95/32 98/98/32
f 97/97/33 98/98/33 99/99/33
f 95/95/34 92/92/34 100/100/34
f 95/95/35 100/100/35 98/98/35
f 92/92/36 97/97/36 99/99/36
f 92/92/37 99/99/37 100/100/37
f 101/101/38 95/95/38 102/102/38
f 101/101/39 102/102/39 103/103/39
f 95/95/40 97/97/40 104/104/40
f 95/95/41 104/104/41 102/102/41
f 97/97/42 101/101/42 103/103/42
f 97/97/42 103/103/42 104/104/42
f 95/95/43 101/101/43 105/105/43
f 95/95/44 105/105/44 106/106/44
f 101/101/45 91/91/45 107/107/45
f 101/101/45 107/107/45 105/105/45
f 91/91/46 95/95/46 106/106/46
f 91/91/47 106/106/47 107/107/47
f 108/108/48 109/109/48 110/110/48
f 108/108/49 110/110/49 111/111/49
f 112/112/50 113/113/50 109/109/50
f 112/112/49 109/109/49 108/108/49
f 111/111/50 110/110/50 113/113/50
f 111/111/51 113/113/51 112/112/51
f 114/114/52 113/113/52 115/115/52
f 114/114/53 115/115/53 116/116/53
f 117/117/54 109/109/54 113/113/54
f 117/117/52 113/113/52 114/114/52
f 116/116/55 115/115/55 109/109/55
f 116/116/55 109/109/55 117/117/55
f 118/118/56 113/113/56 119/119/56
f 118/118/57 119/119/57 120/120/57
f 121/121/57 115/115/57 113/113/57
f 121/121/57 113/113/57 118/118/57
f 120/120/58 119/119/58 115/115/58
f 120/120/58 115/115/58 121/121/58
f 122/122/59 119/119/59 113/113/59
f 122/122/60 113/113/60 123/123/60
f 124/124/61 110/110/61 119/119/61
f 124/124/61 119/119/61 122/122/61
f 123/123/62 113/113/62 110/110/62
f 123/123/59 110/110/59 124/124/59
f 92/92/63 91/91/63 110/110/63
f 92/92/64 110/110/64 109/109/64
f 94/94/65 93/93/65 108/108/65
f 94/94/66 108/108/66 111/111/66
f 93/93/67 96/96/67 112/112/67
f 93/93/68 112/112/68 108/108/68
f 96/96/69 94/94/69 111/111/69
f 96/96/70 111/111/70 112/112/70
f 99/99/71 98/98/71 114/114/71
f 99/99/72 114/114/72 116/116/72
f 98/98/73 100/100/73 117/117/73
f 98/98/74 117/117/74 114/114/74
f 97/97/75 92/92/75 109/109/75
f 97/97/76 109/109/76 115/115/76
f 100/100/77 99/99/77 116/116/77
f 100/100/78 116/116/78 117/117/78
f 103/103/79 102/102/79 118/118/79
f 103/103/80 118/118/80 120/120/80
f 102/102/81 104/104/81 121/121/81
f 102/102/82 121/121/82 118/118/82
f 101/101/83 97/97/83 115/115/83
f 101/101/84 115/115/84 119/119/84
f 104/104/85 103/103/85 120/120/85
f 104/104/86 120/120/86 121/121/86
f 106/106/87 105/105/87 122/122/87
f 106/106/88 122/122/88 123/123/88
f 91/91/89 101/101/89 119/119/89
f 91/91/90 119/119/90 110/110/90
f 105/105/91 107/107/91 124/124/91
f 105/105/92 124/124/92 122/122/92
f 107/107/93 106/106/93 123/123/93
f 107/107/94 123/123/94 124/124/94
f 109/109/8 110/110/8 125/125/8
f 109/109/8 125/125/8 126/126/8
f 115/115/2 109/109/2 126/126/2
f 115/115/2 126/126/2 127/127/2
f 119/119/4 115/115/4 127/127/4
f 119/119/4 127/127/4 128/128/4
f 110/110/1 119/119/1 128/128/1
f 110/110/1 128/128/1 125/125/1
f 128/128/5 127/127/5 126/126/5
f 128/128/5 126/126/5 125/125/5
f 129/129/8 130/130/8 131/131/8
f 129/129/8 131/131/8 132/132/8
f 130/130/2 133/133/2 134/134/2
f 130/130/2 134/134/2 131/131/2
f 133/133/4 135/135/4 136/136/4
f 133/133/4 136/136/4 134/134/4
f 135/135/1 129/129/1 132/132/1
f 135/135/1 132/132/1 136/136/1
f 137/137/4 138/138/4 139/139/4
f 137/137/4 139/139/4 110/110/4
f 115/115/1 140/140/1 138/138/1
f 115/115/1 138/138/1 137/137/1
f 119/119/8 141/141/8 140/140/8
f 119/119/8 140/140/8 115/115/8
f 110/110/2 139/139/2 141/141/2
f 110/110/2 141/141/2 119/119/2
f 142/142/95 130/130/95 129/129/95
f 142/142/96 129/129/96 143/143/96
f 144/144/97 133/133/97 130/130/97
f 144/144/98 130/130/98 142/142/98
f 145/145/99 135/135/99 133/133/99
f 145/145/99 133/133/99 144/144/99
f 143/143/100 129/129/100 135/135/100
f 143/143/101 135/135/101 145/145/101
f 146/146/102 142/142/102 143/143/102
f 146/146/103 143/143/103 147/147/103
f 148/148/104 144/144/104 142/142/104
f 148/148/105 142/142/105 146/146/105
f 149/149/106 145/145/106 144/144/106
f 149/149/107 144/144/107 148/148/107
f 147/147/108 143/143/108 145/145/108
f 147/147/109 145/145/109 149/149/109
f 137/137/3 110/110/3 132/132/3
f 137/137/3 132/132/3 131/131/3
f 139/139/5 138/138/5 146/146/5
f 139/139/5 146/146/5 147/147/5
f 115/115/3 137/137/3 131/131/3
f 115/115/3 131/131/3 134/134/3
f 138/138/5 140/140/5 148/148/5
f 138/138/5 148/148/5 146/146/5
f 119/119/3 115/115/3 134/134/3
f 119/119/3 134/134/3 136/136/3
f 140/140/5 141/141/5 149/149/5
f 140/140/5 149/149/5 148/148/5
f 110/110/3 119/119/3 136/136/3
f 110/110/3 136/136/3 132/132/3
f 141/141/5 139/139/5 147/147/5
f 141/141/5 147/147/5 149/149/5
f 150/150/110 151/151/110 112/112/110
f 152/152/111 114/114/111 153/153/111
f 154/154/112 118/118/112 155/155/112
f 123/123/113 156/156/113 157/157/113
f 158/158/4 159/159/4 160/160/4
f 158/158/4 160/160/4 161/161/4
f 162/162/8 163/163/8 164/164/8
f 162/162/8 164/164/8 165/165/8
f 165/165/2 164/164/2 160/160/2
f 165/165/2 160/160/2 159/159/2
f 166/166/8 167/167/8 168/168/8
f 166/166/8 168/168/8 169/169/8
f 170/170/4 171/171/4 172/172/4
f 170/170/4 172/172/4 173/173/4
f 166/166/1 170/170/1 173/173/1
f 166/166/1 173/173/1 167/167/1
f 162/162/1 158/158/1 161/161/1
f 162/162/1 161/161/1 163/163/1
f 169/169/2 168/168/2 172/172/2
f 169/169/2 172/172/2 171/171/2
f 166/166/5 169/169/5 161/161/5
f 166/166/5 161/161/5 160/160/5
f 168/168/3 167/167/3 159/159/3
f 168/168/3 159/159/3 158/158/3
f 169/169/5 171/171/5 163/163/5
f 169/169/5 163/163/5 161/161/5
f 173/173/3 172/172/3 162/162/3
f 173/173/3 162/162/3 165/165/3
f 171/171/5 170/170/5 164/164/5
f 171/171/5 164/164/5 163/163/5
f 167/167/3 173/173/3 165/165/3
f 167/167/3 165/165/3 159/159/3
f 170/170/5 166/166/5 160/160/5
f 170/170/5 160/160/5 164/164/5
f 174/174/3 175/175/3 176/176/3
f 174/174/3 176/176/3 177/177/3
f 175/175/3 178/178/3 179/179/3
f 175/175/3 179/179/3 176/176/3
f 178/178/3 180/180/3 181/181/3
f 178/178/3 181/181/3 179/179/3
f 180/180/3 174/174/3 177/177/3
f 180/180/3 177/177/3 181/181/3
f 172/172/5 162/162/5 158/158/5
f 172/172/5 158/158/5 168/168/5
f 168/168/8 167/167/8 177/177/8
f 168/168/8 177/177/8 176/176/8
f 159/159/4 158/158/4 175/175/4
f 159/159/4 175/175/4 174/174/4
f 172/172/2 168/168/2 176/176/2
f 172/172/2 176/176/2 179/179/2
f 158/158/1 162/162/1 178/178/1
f 158/158/1 178/178/1 175/175/1
f 173/173/4 172/172/4 179/179/4
f 173/173/4 179/179/4 181/181/4
f 162/162/8 165/165/8 180/180/8
f 162/162/8 180/180/8 178/178/8
f 167/167/1 173/173/1 181/181/1
f 167/167/1 181/181/1 177/177/1
f 165/165/2 159/159/2 174/174/2
f 165/165/2 174/174/2 180/180/2
f 182/182/5 183/183/5 184/184/5
f 182/182/5 184/184/5 185/185/5
f 182/182/5 185/185/5 186/186/5
f 184/184/5 183/183/5 187/187/5
f 188/188/3 189/189/3 190/190/3
f 188/188/3 190/190/3 191/191/3
f 190/190/3 192/192/3 191/191/3
f 193/193/3 189/189/3 188/188/3
f 191/191/1 192/192/1 186/186/1
f 191/191/1 186/186/1 185/185/1
f 192/192/4 190/190/4 182/182/4
f 192/192/4 182/182/4 186/186/4
f 190/190/2 189/189/2 183/183/2
f 190/190/2 183/183/2 182/182/2
f 188/188/8 191/191/8 185/185/8
f 188/188/8 185/185/8 184/184/8
f 189/189/8 193/193/8 187/187/8
f 189/189/8 187/187/8 183/183/8
f 193/193/1 188/188/1 184/184/1
f 193/193/1 184/184/1 187/187/1
f 194/194/114 195/195/114 196/196/114
f 194/194/114 196/196/114 197/197/114
f 198/198/115 194/194/115 197/197/115
f 198/198/115 197/197/115 199/199/115
f 200/200/116 201/201/116 202/202/116
f 200/200/117 202/202/117 203/203/117
f 204/204/118 205/205/118 206/206/118
f 204/204/119 206/206/119 207/207/119
f 208/208/120 200/200/120 203/203/120
f 208/208/120 203/203/120 209/209/120
f 210/210/121 204/204/121 207/207/121
f 210/210/121 207/207/121 211/211/121
f 197/197/8 196/196/8 212/212/8
f 197/197/8 212/212/8 213/213/8
f 196/196/2 195/195/2 214/214/2
f 196/196/2 214/214/2 212/212/2
f 195/195/4 194/194/4 215/215/4
f 195/195/4 215/215/4 214/214/4
f 198/198/1 199/199/1 216/216/1
f 198/198/1 216/216/1 217/217/1
f 199/199/8 197/197/8 213/213/8
f 199/199/8 213/213/8 216/216/8
f 194/194/4 198/198/4 217/217/4
f 194/194/122 217/217/122 215/215/122
f 218/218/8 219/219/8 220/220/8
f 221/221/4 222/222/4 223/223/4
f 223/223/123 222/222/123 219/219/123
f 223/223/124 219/219/124 218/218/124
f 222/222/125 221/221/125 220/220/125
f 222/222/125 220/220/125 219/219/125
f 221/221/1 223/223/1 218/218/1
f 221/221/1 218/218/1 220/220/1
f 224/224/8 225/225/8 226/226/8
f 227/227/4 228/228/4 229/229/4
f 228/228/5 224/224/5 226/226/5
f 228/228/5 226/226/5 229/229/5
f 229/229/126 226/226/126 225/225/126
f 229/229/126 225/225/126 227/227/126
f 227/227/2 225/225/2 224/224/2
f 227/227/2 224/224/2 228/228/2
f 230/230/2 231/231/2 232/232/2
f 230/230/2 232/232/2 233/233/2
f 201/201/1 234/234/1 235/235/1
f 201/201/1 235/235/1 202/202/1
f 208/208/5 209/209/5 233/233/5
f 208/208/5 233/233/5 232/232/5
f 233/233/127 209/209/127 203/203/127
f 233/233/4 203/203/4 202/202/4
f 230/230/25 233/233/25 202/202/25
f 230/230/25 202/202/25 235/235/25
f 235/235/3 234/234/3 231/231/3
f 235/235/3 231/231/3 230/230/3
f 232/232/9 231/231/9 234/234/9
f 232/232/128 234/234/128 208/208/128
f 234/234/6 201/201/6 200/200/6
f 234/234/129 200/200/129 208/208/129
f 236/236/2 237/237/2 206/206/2
f 236/236/2 206/206/2 205/205/2
f 238/238/1 239/239/1 240/240/1
f 238/238/1 240/240/1 241/241/1
f 238/238/5 241/241/5 210/210/5
f 238/238/5 210/210/5 211/211/5
f 236/236/4 205/205/4 204/204/4
f 236/236/130 204/204/130 210/210/130
f 236/236/122 210/210/122 241/241/122
f 236/236/25 241/241/25 240/240/25
f 240/240/3 239/239/3 237/237/3
f 240/240/3 237/237/3 236/236/3
f 206/206/9 237/237/9 239/239/9
f 206/206/9 239/239/9 238/238/9
f 207/207/131 206/206/131 238/238/131
f 207/207/8 238/238/8 211/211/8
f 242/242/8 243/243/8 244/244/8
f 242/242/8 244/244/8 245/245/8
f 43/43/8 2/2/8 246/246/8
f 43/43/132 246/246/132 244/244/132
f 43/43/133 244/244/133 243/243/133
f 43/43/8 243/243/8 247/247/8
f 248/248/8 249/249/8 242/242/8
f 248/248/8 242/242/8 245/245/8
f 248/248/8 246/246/8 2/2/8
f 248/248/8 2/2/8 249/249/8
f 43/43/8 247/247/8 250/250/8
f 43/43/8 250/250/8 251/251/8
f 252/252/4 253/253/4 254/254/4
f 252/252/4 254/254/4 255/255/4
f 256/256/134 257/257/134 258/258/134
f 256/256/135 258/258/135 252/252/135
f 258/258/4 259/259/4 253/253/4
f 258/258/25 253/253/25 252/252/25
f 254/254/4 260/260/4 261/261/4
f 254/254/134 261/261/134 255/255/134
f 257/257/4 256/256/4 261/261/4
f 257/257/4 261/261/4 260/260/4
f 262/262/4 259/259/4 258/258/4
f 262/262/4 258/258/4 263/263/4
f 252/252/1 255/255/1 245/245/1
f 252/252/1 245/245/1 244/244/1
f 254/254/2 253/253/2 243/243/2
f 254/254/2 243/243/2 242/242/2
f 258/258/3 257/257/3 2/2/3
f 258/258/3 2/2/3 43/43/3
f 256/256/5 252/252/5 244/244/5
f 256/256/5 244/244/5 246/246/5
f 253/253/5 259/259/5 247/247/5
f 253/253/5 247/247/5 243/243/5
f 255/255/3 261/261/3 248/248/3
f 255/255/3 248/248/3 245/245/3
f 260/260/5 254/254/5 242/242/5
f 260/260/5 242/242/5 249/249/5
f 261/261/2 256/256/2 246/246/2
f 261/261/2 246/246/2 248/248/2
f 262/262/5 263/263/5 251/251/5
f 262/262/5 251/251/5 250/250/5
f 259/259/1 262/262/1 250/250/1
f 259/259/1 250/250/1 247/247/1
f 264/264/1 249/249/1 2/2/1
f 264/264/1 2/2/1 1/1/1
f 257/257/2 260/260/2 170/170/2
f 257/257/2 170/170/2 19/19/2
f 257/257/3 19/19/3 1/1/3
f 257/257/3 1/1/3 2/2/3
f 19/19/4 170/170/4 264/264/4
f 19/19/4 264/264/4 1/1/4
f 170/170/5 260/260/5 249/249/5
f 170/170/5 249/249/5 264/264/5
f 265/265/2 266/266/2 267/267/2
f 265/265/2 267/267/2 268/268/2
f 62/62/2 269/269/2 270/270/2
f 62/62/2 270/270/2 267/267/2
f 62/62/2 267/267/2 266/266/2
f 62/62/2 266/266/2 271/271/2
f 272/272/2 273/273/2 265/265/2
f 272/272/2 265/265/2 268/268/2
f 272/272/2 268/268/2 274/274/2
f 272/272/2 274/274/2 189/189/2
f 274/274/2 270/270/2 269/269/2
f 274/274/2 269/269/2 189/189/2
f 271/271/2 273/273/2 272/272/2
f 271/271/2 272/272/2 62/62/2
f 275/275/1 276/276/1 277/277/1
f 275/275/1 277/277/1 278/278/1
f 279/279/1 280/280/1 73/73/1
f 279/279/1 73/73/1 275/275/1
f 73/73/1 281/281/1 276/276/1
f 73/73/1 276/276/1 275/275/1
f 277/277/1 282/282/1 283/283/1
f 277/277/1 283/283/1 278/278/1
f 283/283/1 284/284/1 285/285/1
f 283/283/1 285/285/1 278/278/1
f 280/280/1 279/279/1 285/285/1
f 280/280/1 285/285/1 284/284/1
f 283/283/1 282/282/1 281/281/1
f 283/283/1 281/281/1 73/73/1
f 275/275/9 278/278/9 268/268/9
f 275/275/9 268/268/9 267/267/9
f 277/277/7 276/276/7 266/266/7
f 277/277/7 266/266/7 265/265/7
f 73/73/3 280/280/3 269/269/3
f 73/73/3 269/269/3 62/62/3
f 279/279/5 275/275/5 267/267/5
f 279/279/5 267/267/5 270/270/5
f 276/276/5 281/281/5 271/271/5
f 276/276/5 271/271/5 266/266/5
f 282/282/3 277/277/3 265/265/3
f 282/282/3 265/265/3 273/273/3
f 278/278/3 285/285/3 274/274/3
f 278/278/3 274/274/3 268/268/3
f 284/284/5 283/283/5 272/272/5
f 284/284/5 272/272/5 189/189/5
f 285/285/4 279/279/4 270/270/4
f 285/285/4 270/270/4 274/274/4
f 281/281/9 282/282/9 273/273/9
f 281/281/9 273/273/9 271/271/9
f 286/286/1 287/287/1 288/288/1
f 286/286/1 288/288/1 289/289/1
f 290/290/1 291/291/1 288/288/1
f 290/290/1 288/288/1 287/287/1
f 10/10/1 9/9/1 292/292/1
f 10/10/1 292/292/1 286/286/1
f 10/10/1 286/286/1 289/289/1
f 10/10/1 289/289/1 293/293/1
f 10/10/1 293/293/1 294/294/1
f 10/10/1 294/294/1 295/295/1
f 290/290/1 292/292/1 9/9/1
f 290/290/1 9/9/1 291/291/1
f 296/296/2 297/297/2 298/298/2
f 296/296/2 298/298/2 299/299/2
f 296/296/2 300/300/2 301/301/2
f 296/296/2 301/301/2 297/297/2
f 302/302/2 27/27/2 26/26/2
f 302/302/2 26/26/2 298/298/2
f 26/26/2 303/303/2 299/299/2
f 26/26/2 299/299/2 298/298/2
f 304/304/2 303/303/2 26/26/2
f 304/304/2 26/26/2 166/166/2
f 27/27/2 302/302/2 301/301/2
f 27/27/2 301/301/2 300/300/2
f 298/298/25 297/297/25 287/287/25
f 298/298/25 287/287/25 286/286/25
f 297/297/3 301/301/3 290/290/3
f 297/297/3 290/290/3 287/287/3
f 300/300/5 296/296/5 288/288/5
f 300/300/5 288/288/5 291/291/5
f 26/26/3 27/27/3 9/9/3
f 26/26/3 9/9/3 10/10/3
f 302/302/5 298/298/5 286/286/5
f 302/302/5 286/286/5 292/292/5
f 304/304/5 166/166/5 295/295/5
f 304/304/5 295/295/5 294/294/5
f 166/166/8 26/26/8 10/10/8
f 166/166/8 10/10/8 295/295/8
f 301/301/9 302/302/9 292/292/9
f 301/301/9 292/292/9 290/290/9
f 289/289/6 288/288/6 296/296/6
f 289/289/6 296/296/6 299/299/6
f 293/293/5 289/289/5 299/299/5
f 293/293/5 299/299/5 303/303/5
f 294/294/4 293/293/4 303/303/4
f 294/294/25 303/303/25 304/304/25
f 305/305/4 306/306/4 307/307/4
f 305/305/4 307/307/4 308/308/4
f 9/9/21 62/62/21 309/309/21
f 9/9/4 309/309/4 307/307/4
f 9/9/134 307/307/134 306/306/134
f 9/9/4 306/306/4 310/310/4
f 311/311/21 272/272/21 305/305/21
f 311/311/4 305/305/4 308/308/4
f 311/311/4 309/309/4 62/62/4
f 311/311/4 62/62/4 272/272/4
f 310/310/4 312/312/4 291/291/4
f 310/310/4 291/291/4 9/9/4
f 313/313/8 314/314/8 315/315/8
f 313/313/8 315/315/8 316/316/8
f 317/317/8 73/73/8 27/27/8
f 317/317/8 27/27/8 313/313/8
f 27/27/8 318/318/8 314/314/8
f 27/27/11 314/314/11 313/313/11
f 315/315/8 283/283/8 319/319/8
f 315/315/8 319/319/8 316/316/8
f 73/73/8 317/317/8 319/319/8
f 73/73/8 319/319/8 283/283/8
f 300/300/8 320/320/8 318/318/8
f 300/300/8 318/318/8 27/27/8
f 313/313/2 316/316/2 308/308/2
f 313/313/2 308/308/2 307/307/2
f 315/315/1 314/314/1 306/306/1
f 315/315/1 306/306/1 305/305/1
f 27/27/3 73/73/3 62/62/3
f 27/27/3 62/62/3 9/9/3
f 317/317/5 313/313/5 307/307/5
f 317/317/5 307/307/5 309/309/5
f 314/314/5 318/318/5 310/310/5
f 314/314/5 310/310/5 306/306/5
f 316/316/3 319/319/3 311/311/3
f 316/316/3 311/311/3 308/308/3
f 283/283/5 315/315/5 305/305/5
f 283/283/5 305/305/5 272/272/5
f 319/319/1 317/317/1 309/309/1
f 319/319/1 309/309/1 311/311/1
f 318/318/2 320/320/2 312/312/2
f 318/318/2 312/312/2 310/310/2
f 320/320/5 300/300/5 291/291/5
f 320/320/5 291/291/5 312/312/5
f 321/321/1 251/251/1 193/193/1
f 321/321/1 193/193/1 322/322/1
f 323/323/2 263/263/2 324/324/2
f 323/323/2 324/324/2 325/325/2
f 325/325/3 324/324/3 321/321/3
f 325/325/3 321/321/3 322/322/3
f 263/263/5 323/323/5 193/193/5
f 263/263/5 193/193/5 251/251/5
f 326/326/8 322/322/8 327/327/8
f 326/326/8 327/327/8 328/328/8
f 328/328/8 327/327/8 329/329/8
f 330/330/13 331/331/13 193/193/13
f 330/330/8 193/193/8 189/189/8
f 331/331/8 327/327/8 322/322/8
f 331/331/8 322/322/8 193/193/8
f 329/329/8 330/330/8 189/189/8
f 329/329/8 189/189/8 328/328/8
f 332/332/4 325/325/4 333/333/4
f 332/332/4 333/333/4 334/334/4
f 332/332/21 334/334/21 335/335/21
f 323/323/4 336/336/4 337/337/4
f 323/323/4 337/337/4 284/284/4
f 325/325/4 332/332/4 336/336/4
f 325/325/4 336/336/4 323/323/4
f 284/284/4 337/337/4 335/335/4
f 284/284/4 335/335/4 334/334/4
f 326/326/136 333/333/136 325/325/136
f 326/326/137 325/325/137 322/322/137
f 332/332/5 335/335/5 329/329/5
f 332/332/5 329/329/5 327/327/5
f 323/323/5 284/284/5 189/189/5
f 323/323/5 189/189/5 193/193/5
f 337/337/3 336/336/3 331/331/3
f 337/337/3 331/331/3 330/330/3
f 336/336/2 332/332/2 327/327/2
f 336/336/2 327/327/2 331/331/2
f 335/335/1 337/337/1 330/330/1
f 335/335/1 330/330/1 329/329/1
f 326/326/138 328/328/138 334/334/138
f 326/326/139 334/334/139 333/333/139
f 338/338/9 339/339/9 327/327/9
f 338/338/9 327/327/9 331/331/9
f 340/340/140 338/338/140 331/331/140
f 340/340/8 331/331/8 330/330/8
f 341/341/9 340/340/9 330/330/9
f 341/341/9 330/330/9 329/329/9
f 339/339/141 341/341/141 329/329/141
f 339/339/142 329/329/142 327/327/142
f 332/332/25 342/342/25 343/343/25
f 332/332/25 343/343/25 336/336/25
f 336/336/4 343/343/4 344/344/4
f 336/336/143 344/344/143 337/337/143
f 337/337/25 344/344/25 345/345/25
f 337/337/25 345/345/25 335/335/25
f 335/335/144 345/345/144 342/342/144
f 335/335/4 342/342/4 332/332/4
f 346/346/9 347/347/9 348/348/9
f 346/346/9 348/348/9 349/349/9
f 350/350/145 346/346/145 349/349/145
f 350/350/8 349/349/8 351/351/8
f 352/352/9 350/350/9 351/351/9
f 352/352/9 351/351/9 353/353/9
f 347/347/13 352/352/13 353/353/13
f 347/347/8 353/353/8 348/348/8
f 354/354/25 355/355/25 356/356/25
f 354/354/25 356/356/25 357/357/25
f 357/357/4 356/356/4 358/358/4
f 357/357/18 358/358/18 359/359/18
f 359/359/146 358/358/146 360/360/146
f 359/359/146 360/360/146 361/361/146
f 361/361/4 360/360/4 355/355/4
f 361/361/127 355/355/127 354/354/127
f 362/362/9 363/363/9 364/364/9
f 362/362/9 364/364/9 354/354/9
f 365/365/10 362/362/10 354/354/10
f 365/365/8 354/354/8 361/361/8
f 366/366/147 365/365/147 361/361/147
f 366/366/147 361/361/147 367/367/147
f 363/363/148 366/366/148 367/367/148
f 363/363/8 367/367/8 364/364/8
f 368/368/149 369/369/149 370/370/149
f 368/368/25 370/370/25 371/371/25
f 371/371/143 370/370/143 372/372/143
f 371/371/150 372/372/150 373/373/150
f 373/373/25 372/372/25 374/374/25
f 373/373/25 374/374/25 375/375/25
f 375/375/143 374/374/143 369/369/143
f 375/375/151 369/369/151 368/368/151
f 332/332/1 336/336/1 331/331/1
f 332/332/1 331/331/1 327/327/1
f 343/343/2 342/342/2 339/339/2
f 343/343/152 339/339/152 338/338/152
f 336/336/5 337/337/5 330/330/5
f 336/336/5 330/330/5 331/331/5
f 344/344/3 343/343/3 338/338/3
f 344/344/3 338/338/3 340/340/3
f 337/337/2 335/335/2 329/329/2
f 337/337/2 329/329/2 330/330/2
f 345/345/1 344/344/1 340/340/1
f 345/345/1 340/340/1 341/341/1
f 335/335/3 332/332/3 327/327/3
f 335/335/3 327/327/3 329/329/3
f 342/342/5 345/345/5 341/341/5
f 342/342/5 341/341/5 339/339/5
f 354/354/153 357/357/153 349/349/153
f 354/354/153 349/349/153 348/348/153
f 356/356/154 355/355/154 347/347/154
f 356/356/2 347/347/2 346/346/2
f 357/357/5 359/359/5 351/351/5
f 357/357/5 351/351/5 349/349/5
f 358/358/3 356/356/3 346/346/3
f 358/358/3 346/346/3 350/350/3
f 359/359/152 361/361/152 353/353/152
f 359/359/152 353/353/152 351/351/152
f 360/360/1 358/358/1 350/350/1
f 360/360/153 350/350/153 352/352/153
f 361/361/3 354/354/3 348/348/3
f 361/361/3 348/348/3 353/353/3
f 355/355/5 360/360/5 352/352/5
f 355/355/5 352/352/5 347/347/5
f 368/368/1 371/371/1 354/354/1
f 368/368/155 354/354/155 364/364/155
f 370/370/2 369/369/2 363/363/2
f 370/370/2 363/363/2 362/362/2
f 371/371/5 373/373/5 361/361/5
f 371/371/5 361/361/5 354/354/5
f 372/372/3 370/370/3 362/362/3
f 372/372/3 362/362/3 365/365/3
f 373/373/2 375/375/2 367/367/2
f 373/373/156 367/367/156 361/361/156
f 374/374/1 372/372/1 365/365/1
f 374/374/157 365/365/157 366/366/157
f 375/375/3 368/368/3 364/364/3
f 375/375/3 364/364/3 367/367/3
f 369/369/5 374/374/5 366/366/5
f 369/369/5 366/366/5 363/363/5
f 376/376/8 377/377/8 378/378/8
f 376/376/8 378/378/8 379/379/8
f 380/380/4 381/381/4 382/382/4
f 380/380/4 382/382/4 383/383/4
f 380/380/5 383/383/5 379/379/5
f 380/380/5 379/379/5 378/378/5
f 383/383/158 382/382/158 376/376/158
f 383/383/2 376/376/2 379/379/2
f 382/382/3 381/381/3 377/377/3
f 382/382/3 377/377/3 376/376/3
f 381/381/159 380/380/159 378/378/159
f 381/381/160 378/378/160 377/377/160
f 384/384/8 385/385/8 386/386/8
f 384/384/8 386/386/8 387/387/8
f 388/388/4 389/389/4 390/390/4
f 388/388/4 390/390/4 391/391/4
f 388/388/5 391/391/5 387/387/5
f 388/388/5 387/387/5 386/386/5
f 391/391/161 390/390/161 384/384/161
f 391/391/161 384/384/161 387/387/161
f 390/390/3 389/389/3 385/385/3
f 390/390/3 385/385/3 384/384/3
f 389/389/162 388/388/162 386/386/162
f 389/389/153 386/386/153 385/385/153
f 392/392/9 393/393/9 246/246/9
f 392/392/9 246/246/9 248/248/9
f 394/394/140 392/392/140 248/248/140
f 394/394/8 248/248/8 245/245/8
f 395/395/9 394/394/9 245/245/9
f 395/395/9 245/245/9 244/244/9
f 393/393/10 395/395/10 244/244/10
f 393/393/8 244/244/8 246/246/8
f 256/256/25 396/396/25 397/397/25
f 256/256/25 397/397/25 261/261/25
f 261/261/4 397/397/4 398/398/4
f 261/261/163 398/398/163 399/399/163
f 399/399/25 398/398/25 400/400/25
f 399/399/25 400/400/25 252/252/25
f 252/252/4 400/400/4 396/396/4
f 252/252/164 396/396/164 256/256/164
f 401/401/9 402/402/9 403/403/9
f 401/401/9 403/403/9 404/404/9
f 405/405/165 401/401/165 404/404/165
f 405/405/8 404/404/8 406/406/8
f 407/407/9 405/405/9 406/406/9
f 407/407/9 406/406/9 408/408/9
f 402/402/166 407/407/166 408/408/166
f 402/402/8 408/408/8 403/403/8
f 409/409/25 410/410/25 411/411/25
f 409/409/25 411/411/25 412/412/25
f 412/412/4 411/411/4 413/413/4
f 412/412/135 413/413/135 414/414/135
f 414/414/25 413/413/25 415/415/25
f 414/414/25 415/415/25 416/416/25
f 416/416/143 415/415/143 410/410/143
f 416/416/22 410/410/22 409/409/22
f 417/417/9 418/418/9 419/419/9
f 417/417/9 419/419/9 409/409/9
f 420/420/132 417/417/132 409/409/132
f 420/420/8 409/409/8 416/416/8
f 421/421/9 420/420/9 416/416/9
f 421/421/9 416/416/9 422/422/9
f 418/418/140 421/421/140 422/422/140
f 418/418/8 422/422/8 419/419/8
f 423/423/25 424/424/25 425/425/25
f 423/423/25 425/425/25 426/426/25
f 426/426/4 425/425/4 427/427/4
f 426/426/167 427/427/167 428/428/167
f 428/428/25 427/427/25 429/429/25
f 428/428/25 429/429/25 430/430/25
f 430/430/4 429/429/4 424/424/4
f 430/430/168 424/424/168 423/423/168
f 256/256/1 261/261/1 248/248/1
f 256/256/1 248/248/1 246/246/1
f 397/397/2 396/396/2 393/393/2
f 397/397/2 393/393/2 392/392/2
f 261/261/5 399/399/5 245/245/5
f 261/261/5 245/245/5 248/248/5
f 398/398/3 397/397/3 392/392/3
f 398/398/3 392/392/3 394/394/3
f 399/399/2 252/252/2 244/244/2
f 399/399/2 244/244/2 245/245/2
f 400/400/1 398/398/1 394/394/1
f 400/400/1 394/394/1 395/395/1
f 252/252/3 256/256/3 246/246/3
f 252/252/3 246/246/3 244/244/3
f 396/396/5 400/400/5 395/395/5
f 396/396/5 395/395/5 393/393/5
f 409/409/1 412/412/1 404/404/1
f 409/409/1 404/404/1 403/403/1
f 411/411/2 410/410/2 402/402/2
f 411/411/156 402/402/156 401/401/156
f 412/412/5 414/414/5 406/406/5
f 412/412/5 406/406/5 404/404/5
f 413/413/3 411/411/3 401/401/3
f 413/413/3 401/401/3 405/405/3
f 414/414/152 416/416/152 408/408/152
f 414/414/2 408/408/2 406/406/2
f 415/415/1 413/413/1 405/405/1
f 415/415/155 405/405/155 407/407/155
f 416/416/3 409/409/3 403/403/3
f 416/416/3 403/403/3 408/408/3
f 410/410/5 415/415/5 407/407/5
f 410/410/5 407/407/5 402/402/5
f 423/423/153 426/426/153 409/409/153
f 423/423/1 409/409/1 419/419/1
f 425/425/152 424/424/152 418/418/152
f 425/425/152 418/418/152 417/417/152
f 426/426/5 428/428/5 416/416/5
f 426/426/5 416/416/5 409/409/5
f 427/427/3 425/425/3 417/417/3
f 427/427/3 417/417/3 420/420/3
f 428/428/2 430/430/2 422/422/2
f 428/428/152 422/422/152 416/416/152
f 429/429/153 427/427/153 420/420/153
f 429/429/153 420/420/153 421/421/153
f 430/430/3 423/423/3 419/419/3
f 430/430/3 419/419/3 422/422/3
f 424/424/5 429/429/5 421/421/5
f 424/424/5 421/421/5 418/418/5
f 431/431/8 432/432/8 433/433/8
f 431/431/8 433/433/8 434/434/8
f 435/435/4 436/436/4 437/437/4
f 435/435/4 437/437/4 438/438/4
f 435/435/5 438/438/5 434/434/5
f 435/435/5 434/434/5 433/433/5
f 438/438/169 437/437/169 431/431/169
f 438/438/170 431/431/170 434/434/170
f 437/437/3 436/436/3 432/432/3
f 437/437/3 432/432/3 431/431/3
f 436/436/171 435/435/171 433/433/171
f 436/436/162 433/433/162 432/432/162
f 439/439/8 440/440/8 441/441/8
f 439/439/8 441/441/8 442/442/8
f 443/443/4 444/444/4 445/445/4
f 443/443/4 445/445/4 446/446/4
f 443/443/5 446/446/5 442/442/5
f 443/443/5 442/442/5 441/441/5
f 446/446/152 445/445/152 439/439/152
f 446/446/172 439/439/172 442/442/172
f 445/445/3 444/444/3 440/440/3
f 445/445/3 440/440/3 439/439/3
f 444/444/160 443/443/160 441/441/160
f 444/444/160 441/441/160 440/440/160
f 447/447/8 448/448/8 449/449/8
f 447/447/8 449/449/8 450/450/8
f 451/451/8 452/452/8 453/453/8
f 451/451/8 453/453/8 454/454/8
f 451/451/8 454/454/8 455/455/8
f 451/451/8 455/455/8 456/456/8
f 451/451/8 456/456/8 457/457/8
f 451/451/8 457/457/8 449/449/8
f 451/451/8 449/449/8 448/448/8
f 451/451/8 448/448/8 458/458/8
f 451/451/8 458/458/8 459/459/8
f 451/451/8 459/459/8 460/460/8
f 451/451/8 460/460/8 461/461/8
f 451/451/8 461/461/8 462/462/8
f 463/463/11 453/453/11 452/452/11
f 463/463/8 452/452/8 464/464/8
f 464/464/9 465/465/9 466/466/9
f 464/464/9 466/466/9 467/467/9
f 464/464/9 467/467/9 468/468/9
f 464/464/9 468/468/9 469/469/9
f 464/464/9 469/469/9 470/470/9
f 464/464/9 470/470/9 447/447/9
f 464/464/9 447/447/9 450/450/9
f 464/464/9 450/450/9 471/471/9
f 464/464/9 471/471/9 472/472/9
f 464/464/9 472/472/9 473/473/9
f 464/464/9 473/473/9 474/474/9
f 464/464/9 474/474/9 463/463/9
f 462/462/173 466/466/173 465/465/173
f 462/462/8 465/465/8 451/451/8
f 473/473/8 455/455/8 454/454/8
f 473/473/8 454/454/8 474/474/8
f 471/471/8 457/457/8 456/456/8
f 471/471/8 456/456/8 472/472/8
f 460/460/8 468/468/8 467/467/8
f 460/460/8 467/467/8 461/461/8
f 458/458/8 470/470/8 469/469/8
f 458/458/8 469/469/8 459/459/8
f 475/475/4 476/476/4 477/477/4
f 475/475/4 477/477/4 478/478/4
f 479/479/4 480/480/4 481/481/4
f 479/479/4 481/481/4 482/482/4
f 481/481/4 483/483/4 484/484/4
f 481/481/4 484/484/4 485/485/4
f 481/481/4 485/485/4 486/486/4
f 481/481/4 486/486/4 487/487/4
f 481/481/4 487/487/4 476/476/4
f 481/481/4 476/476/4 475/475/4
f 481/481/4 475/475/4 488/488/4
f 481/481/4 488/488/4 489/489/4
f 481/481/4 489/489/4 490/490/4
f 481/481/4 490/490/4 482/482/4
f 480/480/174 479/479/174 491/491/174
f 480/480/135 491/491/135 492/492/135
f 493/493/4 494/494/4 492/492/4
f 493/493/4 492/492/4 495/495/4
f 492/492/4 491/491/4 496/496/4
f 492/492/4 496/496/4 497/497/4
f 492/492/4 497/497/4 498/498/4
f 492/492/4 498/498/4 499/499/4
f 492/492/4 499/499/4 478/478/4
f 492/492/4 478/478/4 477/477/4
f 492/492/4 477/477/4 500/500/4
f 492/492/4 500/500/4 501/501/4
f 492/492/4 501/501/4 502/502/4
f 492/492/4 502/502/4 495/495/4
f 494/494/135 493/493/135 483/483/135
f 494/494/134 483/483/134 481/481/134
f 482/482/4 490/490/4 497/497/4
f 482/482/4 497/497/4 496/496/4
f 489/489/4 488/488/4 499/499/4
f 489/489/4 499/499/4 498/498/4
f 495/495/4 502/502/4 485/485/4
f 495/495/4 485/485/4 484/484/4
f 501/501/4 500/500/4 487/487/4
f 501/501/4 487/487/4 486/486/4
f 475/475/5 478/478/5 450/450/5
f 475/475/5 450/450/5 449/449/5
f 477/477/3 476/476/3 448/448/3
f 477/477/3 448/448/3 447/447/3
f 481/481/153 480/480/153 452/452/153
f 481/481/153 452/452/153 451/451/153
f 479/479/2 482/482/2 454/454/2
f 479/479/152 454/454/152 453/453/152
f 490/490/2 489/489/2 456/456/2
f 490/490/152 456/456/152 455/455/152
f 488/488/2 475/475/2 449/449/2
f 488/488/152 449/449/152 457/457/152
f 476/476/152 487/487/152 458/458/152
f 476/476/2 458/458/2 448/448/2
f 486/486/152 485/485/152 460/460/152
f 486/486/2 460/460/2 459/459/2
f 484/484/2 483/483/2 462/462/2
f 484/484/2 462/462/2 461/461/2
f 480/480/5 492/492/5 464/464/5
f 480/480/5 464/464/5 452/452/5
f 491/491/3 479/479/3 453/453/3
f 491/491/3 453/453/3 463/463/3
f 492/492/152 494/494/152 465/465/152
f 492/492/152 465/465/152 464/464/152
f 493/493/153 495/495/153 467/467/153
f 493/493/1 467/467/1 466/466/1
f 502/502/153 501/501/153 469/469/153
f 502/502/1 469/469/1 468/468/1
f 500/500/171 477/477/171 447/447/171
f 500/500/153 447/447/153 470/470/153
f 478/478/153 499/499/153 471/471/153
f 478/478/1 471/471/1 450/450/1
f 498/498/1 497/497/1 473/473/1
f 498/498/1 473/473/1 472/472/1
f 496/496/153 491/491/153 463/463/153
f 496/496/160 463/463/160 474/474/160
f 494/494/3 481/481/3 451/451/3
f 494/494/3 451/451/3 465/465/3
f 483/483/5 493/493/5 466/466/5
f 483/483/5 466/466/5 462/462/5
f 482/482/5 496/496/5 474/474/5
f 482/482/5 474/474/5 454/454/5
f 497/497/3 490/490/3 455/455/3
f 497/497/3 455/455/3 473/473/3
f 489/489/5 498/498/5 472/472/5
f 489/489/5 472/472/5 456/456/5
f 499/499/3 488/488/3 457/457/3
f 499/499/3 457/457/3 471/471/3
f 495/495/3 484/484/3 461/461/3
f 495/495/3 461/461/3 467/467/3
f 485/485/5 502/502/5 468/468/5
f 485/485/5 468/468/5 460/460/5
f 501/501/3 486/486/3 459/459/3
f 501/501/3 459/459/3 469/469/3
f 487/487/5 500/500/5 470/470/5
f 487/487/5 470/470/5 458/458/5
f 503/503/175 504/504/175 243/243/175
f 503/503/175 243/243/175 242/242/175
f 505/505/176 503/503/176 242/242/176
f 505/505/177 242/242/177 250/250/177
f 506/506/175 505/505/175 250/250/175
f 506/506/175 250/250/175 247/247/175
f 504/504/11 506/506/11 247/247/11
f 504/504/8 247/247/8 243/243/8
f 507/507/25 508/508/25 509/509/25
f 507/507/25 509/509/25 510/510/25
f 510/510/4 509/509/4 511/511/4
f 510/510/163 511/511/163 512/512/163
f 512/512/25 511/511/25 513/513/25
f 512/512/25 513/513/25 514/514/25
f 514/514/178 513/513/178 508/508/178
f 514/514/22 508/508/22 507/507/22
f 507/507/1 510/510/1 242/242/1
f 507/507/1 242/242/1 243/243/1
f 509/509/2 508/508/2 504/504/2
f 509/509/2 504/504/2 503/503/2
f 510/510/5 512/512/5 250/250/5
f 510/510/5 250/250/5 242/242/5
f 511/511/3 509/509/3 503/503/3
f 511/511/3 503/503/3 505/505/3
f 512/512/2 514/514/2 247/247/2
f 512/512/2 247/247/2 250/250/2
f 513/513/1 511/511/1 505/505/1
f 513/513/153 505/505/153 506/506/153
f 514/514/3 507/507/3 243/243/3
f 514/514/3 243/243/3 247/247/3
f 508/508/5 513/513/5 506/506/5
f 508/508/5 506/506/5 504/504/5
f 515/515/8 516/516/8 517/517/8
f 515/515/8 517/517/8 518/518/8
f 519/519/8 520/520/8 521/521/8
f 519/519/8 521/521/8 522/522/8
f 523/523/8 524/524/8 525/525/8
f 523/523/8 525/525/8 526/526/8
f 527/527/8 528/528/8 529/529/8
f 527/527/8 529/529/8 530/530/8
f 531/531/8 532/532/8 533/533/8
f 531/531/8 533/533/8 534/534/8
f 535/535/8 536/536/8 537/537/8
f 535/535/8 537/537/8 538/538/8
f 539/539/4 540/540/4 541/541/4
f 539/539/4 541/541/4 542/542/4
f 543/543/4 544/544/4 545/545/4
f 543/543/4 545/545/4 546/546/4
f 547/547/4 548/548/4 549/549/4
f 547/547/4 549/549/4 550/550/4
f 551/551/4 552/552/4 553/553/4
f 551/551/4 553/553/4 554/554/4
f 555/555/4 556/556/4 557/557/4
f 555/555/4 557/557/4 558/558/4
f 559/559/4 560/560/4 561/561/4
f 559/559/4 561/561/4 562/562/4
f 539/539/5 542/542/5 518/518/5
f 539/539/5 518/518/5 517/517/5
f 542/542/154 541/541/154 515/515/154
f 542/542/154 515/515/154 518/518/154
f 541/541/3 540/540/3 516/516/3
f 541/541/3 516/516/3 515/515/3
f 540/540/179 539/539/179 517/517/179
f 540/540/159 517/517/159 516/516/159
f 543/543/5 546/546/5 522/522/5
f 543/543/5 522/522/5 521/521/5
f 546/546/180 545/545/180 519/519/180
f 546/546/154 519/519/154 522/522/154
f 545/545/3 544/544/3 520/520/3
f 545/545/3 520/520/3 519/519/3
f 544/544/179 543/543/179 521/521/179
f 544/544/179 521/521/179 520/520/179
f 547/547/5 550/550/5 526/526/5
f 547/547/5 526/526/5 525/525/5
f 550/550/154 549/549/154 523/523/154
f 550/550/154 523/523/154 526/526/154
f 549/549/3 548/548/3 524/524/3
f 549/549/3 524/524/3 523/523/3
f 548/548/179 547/547/179 525/525/179
f 548/548/159 525/525/159 524/524/159
f 551/551/3 554/554/3 530/530/3
f 551/551/3 530/530/3 529/529/3
f 554/554/159 553/553/159 527/527/159
f 554/554/179 527/527/179 530/530/179
f 553/553/5 552/552/5 528/528/5
f 553/553/5 528/528/5 527/527/5
f 552/552/154 551/551/154 529/529/154
f 552/552/154 529/529/154 528/528/154
f 555/555/3 558/558/3 534/534/3
f 555/555/3 534/534/3 533/533/3
f 558/558/179 557/557/179 531/531/179
f 558/558/179 531/531/179 534/534/179
f 557/557/5 556/556/5 532/532/5
f 557/557/5 532/532/5 531/531/5
f 556/556/154 555/555/154 533/533/154
f 556/556/154 533/533/154 532/532/154
f 559/559/3 562/562/3 538/538/3
f 559/559/3 538/538/3 537/537/3
f 562/562/159 561/561/159 535/535/159
f 562/562/179 535/535/179 538/538/179
f 561/561/5 560/560/5 536/536/5
f 561/561/5 536/536/5 535/535/5
f 560/560/154 559/559/154 537/537/154
f 560/560/154 537/537/154 536/536/154
f 563/563/181 564/564/181 565/565/181
f 563/563/182 565/565/182 566/566/182
f 564/564/9 567/567/9 568/568/9
f 564/564/9 568/568/9 565/565/9
f 567/567/183 569/569/183 570/570/183
f 567/567/184 570/570/184 568/568/184
f 569/569/9 563/563/9 566/566/9
f 569/569/9 566/566/9 570/570/9
f 566/566/5 565/565/5 571/571/5
f 566/566/5 571/571/5 572/572/5
f 565/565/2 568/568/2 573/573/2
f 565/565/152 573/573/152 571/571/152
f 568/568/3 570/570/3 574/574/3
f 568/568/3 574/574/3 573/573/3
f 566/566/153 572/572/153 574/574/153
f 566/566/153 574/574/153 570/570/153
f 575/575/155 576/576/155 577/577/155
f 575/575/153 577/577/153 578/578/153
f 571/571/8 573/573/8 576/576/8
f 571/571/8 576/576/8 575/575/8
f 573/573/3 574/574/3 577/577/3
f 573/573/3 577/577/3 576/576/3
f 574/574/4 572/572/4 578/578/4
f 574/574/4 578/578/4 577/577/4
f 572/572/5 571/571/5 575/575/5
f 572/572/5 575/575/5 578/578/5
f 579/579/146 580/580/146 581/581/146
f 579/579/185 581/581/185 582/582/185
f 582/582/25 581/581/25 583/583/25
f 582/582/25 583/583/25 584/584/25
f 584/584/186 583/583/186 585/585/186
f 584/584/7 585/585/7 586/586/7
f 586/586/25 585/585/25 580/580/25
f 586/586/25 580/580/25 579/579/25
f 580/580/5 587/587/5 588/588/5
f 580/580/5 588/588/5 581/581/5
f 581/581/2 588/588/2 589/589/2
f 581/581/152 589/589/152 583/583/152
f 583/583/3 589/589/3 590/590/3
f 583/583/3 590/590/3 585/585/3
f 580/580/153 585/585/153 590/590/153
f 580/580/153 590/590/153 587/587/153
f 591/591/153 592/592/153 593/593/153
f 591/591/155 593/593/155 594/594/155
f 588/588/4 591/591/4 594/594/4
f 588/588/4 594/594/4 589/589/4
f 589/589/3 594/594/3 593/593/3
f 589/589/3 593/593/3 590/590/3
f 590/590/9 593/593/9 592/592/9
f 590/590/9 592/592/9 587/587/9
f 587/587/5 592/592/5 591/591/5
f 587/587/5 591/591/5 588/588/5
f 582/582/5 564/564/5 563/563/5
f 582/582/5 563/563/5 579/579/5
f 584/584/2 567/567/2 564/564/2
f 584/584/2 564/564/2 582/582/2
f 586/586/3 569/569/3 567/567/3
f 586/586/3 567/567/3 584/584/3
f 579/579/155 563/563/155 569/569/155
f 579/579/1 569/569/1 586/586/1
f 595/595/1 596/596/1 597/597/1
f 595/595/1 597/597/1 598/598/1
f 599/599/1 600/600/1 601/601/1
f 599/599/162 601/601/162 602/602/162
f 599/599/179 602/602/179 603/603/179
f 599/599/179 603/603/179 604/604/179
f 599/599/1 604/604/1 605/605/1
f 599/599/155 605/605/155 597/597/155
f 599/599/1 597/597/1 596/596/1
f 599/599/153 596/596/153 606/606/153
f 599/599/1 606/606/1 607/607/1
f 599/599/1 607/607/1 608/608/1
f 599/599/1 608/608/1 609/609/1
f 599/599/1 609/609/1 610/610/1
f 611/611/1 601/601/1 600/600/1
f 611/611/1 600/600/1 612/612/1
f 612/612/1 613/613/1 614/614/1
f 612/612/153 614/614/153 615/615/153
f 612/612/155 615/615/155 616/616/155
f 612/612/153 616/616/153 617/617/153
f 612/612/171 617/617/171 618/618/171
f 612/612/153 618/618/153 595/595/153
f 612/612/1 595/595/1 598/598/1
f 612/612/153 598/598/153 619/619/153
f 612/612/1 619/619/1 620/620/1
f 612/612/1 620/620/1 621/621/1
f 612/612/1 621/621/1 622/622/1
f 612/612/1 622/622/1 611/611/1
f 610/610/1 614/614/1 613/613/1
f 610/610/1 613/613/1 599/599/1
f 621/621/1 603/603/1 602/602/1
f 621/621/1 602/602/1 622/622/1
f 619/619/1 605/605/1 604/604/1
f 619/619/1 604/604/1 620/620/1
f 608/608/1 616/616/1 615/615/1
f 608/608/1 615/615/1 609/609/1
f 606/606/1 618/618/1 617/617/1
f 606/606/1 617/617/1 607/607/1
f 623/623/2 624/624/2 625/625/2
f 623/623/2 625/625/2 626/626/2
f 627/627/152 628/628/152 629/629/152
f 627/627/2 629/629/2 630/630/2
f 629/629/2 631/631/2 632/632/2
f 629/629/152 632/632/152 633/633/152
f 629/629/2 633/633/2 634/634/2
f 629/629/2 634/634/2 635/635/2
f 629/629/2 635/635/2 624/624/2
f 629/629/152 624/624/152 623/623/152
f 629/629/152 623/623/152 636/636/152
f 629/629/2 636/636/2 637/637/2
f 629/629/2 637/637/2 638/638/2
f 629/629/152 638/638/152 630/630/152
f 628/628/2 627/627/2 639/639/2
f 628/628/2 639/639/2 640/640/2
f 641/641/2 642/642/2 640/640/2
f 641/641/187 640/640/187 643/643/187
f 640/640/2 639/639/2 644/644/2
f 640/640/2 644/644/2 645/645/2
f 640/640/152 645/645/152 646/646/152
f 640/640/2 646/646/2 647/647/2
f 640/640/152 647/647/152 626/626/152
f 640/640/152 626/626/152 625/625/152
f 640/640/156 625/625/156 648/648/156
f 640/640/161 648/648/161 649/649/161
f 640/640/156 649/649/156 650/650/156
f 640/640/154 650/650/154 643/643/154
f 642/642/2 641/641/2 631/631/2
f 642/642/2 631/631/2 629/629/2
f 630/630/2 638/638/2 645/645/2
f 630/630/2 645/645/2 644/644/2
f 637/637/2 636/636/2 647/647/2
f 637/637/2 647/647/2 646/646/2
f 643/643/2 650/650/2 633/633/2
f 643/643/2 633/633/2 632/632/2
f 649/649/2 648/648/2 635/635/2
f 649/649/2 635/635/2 634/634/2
f 623/623/5 626/626/5 598/598/5
f 623/623/5 598/598/5 597/597/5
f 625/625/3 624/624/3 596/596/3
f 625/625/3 596/596/3 595/595/3
f 629/629/149 628/628/149 600/600/149
f 629/629/146 600/600/146 599/599/146
f 627/627/188 630/630/188 602/602/188
f 627/627/188 602/602/188 601/601/188
f 638/638/188 637/637/188 604/604/188
f 638/638/188 604/604/188 603/603/188
f 636/636/188 623/623/188 597/597/188
f 636/636/188 597/597/188 605/605/188
f 624/624/188 635/635/188 606/606/188
f 624/624/188 606/606/188 596/596/188
f 634/634/188 633/633/188 608/608/188
f 634/634/188 608/608/188 607/607/188
f 632/632/188 631/631/188 610/610/188
f 632/632/188 610/610/188 609/609/188
f 628/628/5 640/640/5 612/612/5
f 628/628/5 612/612/5 600/600/5
f 639/639/3 627/627/3 601/601/3
f 639/639/3 601/601/3 611/611/3
f 640/640/9 642/642/9 613/613/9
f 640/640/9 613/613/9 612/612/9
f 641/641/25 643/643/25 615/615/25
f 641/641/25 615/615/25 614/614/25
f 650/650/25 649/649/25 617/617/25
f 650/650/25 617/617/25 616/616/25
f 648/648/25 625/625/25 595/595/25
f 648/648/25 595/595/25 618/618/25
f 626/626/25 647/647/25 619/619/25
f 626/626/25 619/619/25 598/598/25
f 646/646/25 645/645/25 621/621/25
f 646/646/25 621/621/25 620/620/25
f 644/644/25 639/639/25 611/611/25
f 644/644/25 611/611/25 622/622/25
f 642/642/3 629/629/3 599/599/3
f 642/642/3 599/599/3 613/613/3
f 631/631/5 641/641/5 614/614/5
f 631/631/5 614/614/5 610/610/5
f 630/630/5 644/644/5 622/622/5
f 630/630/5 622/622/5 602/602/5
f 645/645/3 638/638/3 603/603/3
f 645/645/3 603/603/3 621/621/3
f 637/637/5 646/646/5 620/620/5
f 637/637/5 620/620/5 604/604/5
f 647/647/3 636/636/3 605/605/3
f 647/647/3 605/605/3 619/619/3
f 643/643/3 632/632/3 609/609/3
f 643/643/3 609/609/3 615/615/3
f 633/633/5 650/650/5 616/616/5
f 633/633/5 616/616/5 608/608/5
f 649/649/3 634/634/3 607/607/3
f 649/649/3 607/607/3 617/617/3
f 635/635/5 648/648/5 618/618/5
f 635/635/5 618/618/5 606/606/5
f 651/651/1 652/652/1 653/653/1
f 651/651/153 653/653/153 654/654/153
f 655/655/189 651/651/189 654/654/189
f 655/655/1 654/654/1 656/656/1
f 657/657/1 655/655/1 656/656/1
f 657/657/153 656/656/153 658/658/153
f 652/652/1 657/657/1 658/658/1
f 652/652/1 658/658/1 653/653/1
f 659/659/152 660/660/152 661/661/152
f 659/659/2 661/661/2 662/662/2
f 662/662/2 661/661/2 663/663/2
f 662/662/24 663/663/24 664/664/24
f 664/664/152 663/663/152 665/665/152
f 664/664/152 665/665/152 666/666/152
f 666/666/2 665/665/2 660/660/2
f 666/666/2 660/660/2 659/659/2
f 659/659/7 662/662/7 654/654/7
f 659/659/7 654/654/7 653/653/7
f 661/661/6 660/660/6 652/652/6
f 661/661/6 652/652/6 651/651/6
f 662/662/5 664/664/5 656/656/5
f 662/662/5 656/656/5 654/654/5
f 663/663/3 661/661/3 651/651/3
f 663/663/3 651/651/3 655/655/3
f 664/664/8 666/666/8 658/658/8
f 664/664/8 658/658/8 656/656/8
f 665/665/4 663/663/4 655/655/4
f 665/665/4 655/655/4 657/657/4
f 666/666/3 659/659/3 653/653/3
f 666/666/3 653/653/3 658/658/3
f 660/660/5 665/665/5 657/657/5
f 660/660/5 657/657/5 652/652/5
f 667/667/1 668/668/1 669/669/1
f 667/667/1 669/669/1 670/670/1
f 671/671/1 672/672/1 673/673/1
f 671/671/1 673/673/1 674/674/1
f 675/675/1 676/676/1 677/677/1
f 675/675/1 677/677/1 678/678/1
f 679/679/1 680/680/1 681/681/1
f 679/679/1 681/681/1 682/682/1
f 683/683/1 684/684/1 685/685/1
f 683/683/1 685/685/1 686/686/1
f 687/687/1 688/688/1 689/689/1
f 687/687/1 689/689/1 690/690/1
f 691/691/2 692/692/2 693/693/2
f 691/691/2 693/693/2 694/694/2
f 695/695/2 696/696/2 697/697/2
f 695/695/2 697/697/2 698/698/2
f 699/699/2 700/700/2 701/701/2
f 699/699/2 701/701/2 702/702/2
f 703/703/2 704/704/2 705/705/2
f 703/703/2 705/705/2 706/706/2
f 707/707/2 708/708/2 709/709/2
f 707/707/2 709/709/2 710/710/2
f 711/711/2 712/712/2 713/713/2
f 711/711/2 713/713/2 714/714/2
f 691/691/5 694/694/5 670/670/5
f 691/691/5 670/670/5 669/669/5
f 694/694/190 693/693/190 667/667/190
f 694/694/190 667/667/190 670/670/190
f 693/693/3 692/692/3 668/668/3
f 693/693/3 668/668/3 667/667/3
f 692/692/191 691/691/191 669/669/191
f 692/692/191 669/669/191 668/668/191
f 695/695/5 698/698/5 674/674/5
f 695/695/5 674/674/5 673/673/5
f 698/698/190 697/697/190 671/671/190
f 698/698/190 671/671/190 674/674/190
f 697/697/3 696/696/3 672/672/3
f 697/697/3 672/672/3 671/671/3
f 696/696/191 695/695/191 673/673/191
f 696/696/191 673/673/191 672/672/191
f 699/699/5 702/702/5 678/678/5
f 699/699/5 678/678/5 677/677/5
f 702/702/190 701/701/190 675/675/190
f 702/702/192 675/675/192 678/678/192
f 701/701/3 700/700/3 676/676/3
f 701/701/3 676/676/3 675/675/3
f 700/700/191 699/699/191 677/677/191
f 700/700/191 677/677/191 676/676/191
f 703/703/3 706/706/3 682/682/3
f 703/703/3 682/682/3 681/681/3
f 706/706/191 705/705/191 679/679/191
f 706/706/191 679/679/191 682/682/191
f 705/705/5 704/704/5 680/680/5
f 705/705/5 680/680/5 679/679/5
f 704/704/190 703/703/190 681/681/190
f 704/704/190 681/681/190 680/680/190
f 707/707/3 710/710/3 686/686/3
f 707/707/3 686/686/3 685/685/3
f 710/710/191 709/709/191 683/683/191
f 710/710/191 683/683/191 686/686/191
f 709/709/5 708/708/5 684/684/5
f 709/709/5 684/684/5 683/683/5
f 708/708/190 707/707/190 685/685/190
f 708/708/192 685/685/192 684/684/192
f 711/711/3 714/714/3 690/690/3
f 711/711/3 690/690/3 689/689/3
f 714/714/191 713/713/191 687/687/191
f 714/714/191 687/687/191 690/690/191
f 713/713/5 712/712/5 688/688/5
f 713/713/5 688/688/5 687/687/5
f 712/712/190 711/711/190 689/689/190
f 712/712/190 689/689/190 688/688/190
f 715/715/153 716/716/153 717/717/153
f 715/715/193 717/717/193 718/718/193
f 716/716/153 719/719/153 720/720/153
f 716/716/157 720/720/157 717/717/157
f 719/719/194 721/721/194 722/722/194
f 719/719/195 722/722/195 720/720/195
f 721/721/153 715/715/153 718/718/153
f 721/721/153 718/718/153 722/722/153
f 718/718/5 717/717/5 723/723/5
f 718/718/5 723/723/5 724/724/5
f 717/717/9 720/720/9 725/725/9
f 717/717/9 725/725/9 723/723/9
f 720/720/3 722/722/3 726/726/3
f 720/720/3 726/726/3 725/725/3
f 718/718/4 724/724/4 726/726/4
f 718/718/4 726/726/4 722/722/4
f 727/727/196 728/728/196 729/729/196
f 727/727/146 729/729/146 730/730/146
f 723/723/1 725/725/1 728/728/1
f 723/723/1 728/728/1 727/727/1
f 725/725/3 726/726/3 729/729/3
f 725/725/3 729/729/3 728/728/3
f 726/726/152 724/724/152 730/730/152
f 726/726/152 730/730/152 729/729/152
f 724/724/5 723/723/5 727/727/5
f 724/724/5 727/727/5 730/730/5
f 731/731/197 732/732/197 733/733/197
f 731/731/198 733/733/198 734/734/198
f 734/734/152 733/733/152 735/735/152
f 734/734/152 735/735/152 736/736/152
f 736/736/199 735/735/199 737/737/199
f 736/736/24 737/737/24 738/738/24
f 738/738/2 737/737/2 732/732/2
f 738/738/2 732/732/2 731/731/2
f 732/732/5 739/739/5 740/740/5
f 732/732/5 740/740/5 733/733/5
f 733/733/8 740/740/8 741/741/8
f 733/733/8 741/741/8 735/735/8
f 735/735/3 741/741/3 742/742/3
f 735/735/3 742/742/3 737/737/3
f 732/732/200 737/737/200 742/742/200
f 732/732/201 742/742/201 739/739/201
f 743/743/196 744/744/196 745/745/196
f 743/743/196 745/745/196 746/746/196
f 740/740/2 743/743/2 746/746/2
f 740/740/2 746/746/2 741/741/2
f 741/741/3 746/746/3 745/745/3
f 741/741/3 745/745/3 742/742/3
f 742/742/1 745/745/1 744/744/1
f 742/742/1 744/744/1 739/739/1
f 739/739/5 744/744/5 743/743/5
f 739/739/5 743/743/5 740/740/5
f 734/734/5 716/716/5 715/715/5
f 734/734/5 715/715/5 731/731/5
f 736/736/202 719/719/202 716/716/202
f 736/736/175 716/716/175 734/734/175
f 738/738/3 721/721/3 719/719/3
f 738/738/3 719/719/3 736/736/3
f 731/731/25 715/715/25 721/721/25
f 731/731/25 721/721/25 738/738/25
f 747/747/1 748/748/1 749/749/1
f 747/747/203 749/749/203 750/750/203
f 751/751/204 747/747/204 750/750/204
f 751/751/205 750/750/205 752/752/205
f 753/753/153 751/751/153 752/752/153
f 753/753/153 752/752/153 754/754/153
f 748/748/1 753/753/1 754/754/1
f 748/748/1 754/754/1 749/749/1
f 302/302/161 755/755/161 756/756/161
f 302/302/152 756/756/152 301/301/152
f 301/301/206 756/756/206 757/757/206
f 301/301/24 757/757/24 297/297/24
f 297/297/152 757/757/152 758/758/152
f 297/297/152 758/758/152 298/298/152
f 298/298/207 758/758/207 755/755/207
f 298/298/198 755/755/198 302/302/198
f 759/759/155 760/760/155 761/761/155
f 759/759/153 761/761/153 762/762/153
f 763/763/1 759/759/1 762/762/1
f 763/763/1 762/762/1 764/764/1
f 765/765/1 763/763/1 764/764/1
f 765/765/1 764/764/1 766/766/1
f 760/760/205 765/765/205 766/766/205
f 760/760/204 766/766/204 761/761/204
f 767/767/156 768/768/156 769/769/156
f 767/767/2 769/769/2 770/770/2
f 770/770/24 769/769/24 771/771/24
f 770/770/206 771/771/206 772/772/206
f 772/772/156 771/771/156 773/773/156
f 772/772/2 773/773/2 774/774/2
f 774/774/206 773/773/206 768/768/206
f 774/774/24 768/768/24 767/767/24
f 775/775/1 776/776/1 777/777/1
f 775/775/1 777/777/1 767/767/1
f 778/778/208 775/775/208 767/767/208
f 778/778/189 767/767/189 774/774/189
f 779/779/1 778/778/1 774/774/1
f 779/779/155 774/774/155 780/780/155
f 776/776/205 779/779/205 780/780/205
f 776/776/208 780/780/208 777/777/208
f 781/781/209 782/782/209 783/783/209
f 781/781/2 783/783/2 784/784/2
f 784/784/206 783/783/206 785/785/206
f 784/784/24 785/785/24 786/786/24
f 786/786/161 785/785/161 787/787/161
f 786/786/156 787/787/156 788/788/156
f 788/788/2 787/787/2 782/782/2
f 788/788/2 782/782/2 781/781/2
f 302/302/25 301/301/25 750/750/25
f 302/302/25 750/750/25 749/749/25
f 756/756/9 755/755/9 748/748/9
f 756/756/9 748/748/9 747/747/9
f 301/301/5 297/297/5 752/752/5
f 301/301/5 752/752/5 750/750/5
f 757/757/3 756/756/3 747/747/3
f 757/757/3 747/747/3 751/751/3
f 297/297/9 298/298/9 754/754/9
f 297/297/9 754/754/9 752/752/9
f 758/758/25 757/757/25 751/751/25
f 758/758/25 751/751/25 753/753/25
f 298/298/3 302/302/3 749/749/3
f 298/298/3 749/749/3 754/754/3
f 755/755/5 758/758/5 753/753/5
f 755/755/5 753/753/5 748/748/5
f 767/767/146 770/770/146 762/762/146
f 767/767/146 762/762/146 761/761/146
f 769/769/210 768/768/210 760/760/210
f 769/769/147 760/760/147 759/759/147
f 770/770/5 772/772/5 764/764/5
f 770/770/5 764/764/5 762/762/5
f 771/771/3 769/769/3 759/759/3
f 771/771/3 759/759/3 763/763/3
f 772/772/147 774/774/147 766/766/147
f 772/772/147 766/766/147 764/764/147
f 773/773/146 771/771/146 763/763/146
f 773/773/146 763/763/146 765/765/146
f 774/774/3 767/767/3 761/761/3
f 774/774/3 761/761/3 766/766/3
f 768/768/5 773/773/5 765/765/5
f 768/768/5 765/765/5 760/760/5
f 781/781/211 784/784/211 767/767/211
f 781/781/211 767/767/211 777/777/211
f 783/783/188 782/782/188 776/776/188
f 783/783/188 776/776/188 775/775/188
f 784/784/5 786/786/5 774/774/5
f 784/784/5 774/774/5 767/767/5
f 785/785/3 783/783/3 775/775/3
f 785/785/3 775/775/3 778/778/3
f 786/786/188 788/788/188 780/780/188
f 786/786/188 780/780/188 774/774/188
f 787/787/211 785/785/211 778/778/211
f 787/787/211 778/778/211 779/779/211
f 788/788/3 781/781/3 777/777/3
f 788/788/3 777/777/3 780/780/3
f 782/782/5 787/787/5 779/779/5
f 782/782/5 779/779/5 776/776/5
f 789/789/1 790/790/1 791/791/1
f 789/789/1 791/791/1 792/792/1
f 793/793/2 794/794/2 795/795/2
f 793/793/2 795/795/2 796/796/2
f 793/793/5 796/796/5 792/792/5
f 793/793/5 792/792/5 791/791/5
f 796/796/192 795/795/192 789/789/192
f 796/796/192 789/789/192 792/792/192
f 795/795/3 794/794/3 790/790/3
f 795/795/3 790/790/3 789/789/3
f 794/794/212 793/793/212 791/791/212
f 794/794/191 791/791/191 790/790/191
f 797/797/1 798/798/1 799/799/1
f 797/797/1 799/799/1 800/800/1
f 801/801/2 802/802/2 803/803/2
f 801/801/2 803/803/2 804/804/2
f 801/801/5 804/804/5 800/800/5
f 801/801/5 800/800/5 799/799/5
f 804/804/213 803/803/213 797/797/213
f 804/804/213 797/797/213 800/800/213
f 803/803/3 802/802/3 798/798/3
f 803/803/3 798/798/3 797/797/3
f 802/802/214 801/801/214 799/799/214
f 802/802/214 799/799/214 798/798/214
f 805/805/142 806/806/142 807/807/142
f 805/805/8 807/807/8 808/808/8
f 809/809/147 805/805/147 808/808/147
f 809/809/147 808/808/147 317/317/147
f 810/810/215 809/809/215 317/317/215
f 810/810/8 317/317/8 313/313/8
f 806/806/188 810/810/188 313/313/188
f 806/806/188 313/313/188 807/807/188
f 811/811/4 812/812/4 813/813/4
f 811/811/174 813/813/174 814/814/174
f 814/814/146 813/813/146 815/815/146
f 814/814/146 815/815/146 309/309/146
f 309/309/216 815/815/216 816/816/216
f 309/309/217 816/816/217 307/307/217
f 307/307/211 816/816/211 812/812/211
f 307/307/211 812/812/211 811/811/211
f 817/817/141 818/818/141 819/819/141
f 817/817/218 819/819/218 820/820/218
f 821/821/147 817/817/147 820/820/147
f 821/821/147 820/820/147 822/822/147
f 823/823/219 821/821/219 822/822/219
f 823/823/220 822/822/220 824/824/220
f 818/818/147 823/823/147 824/824/147
f 818/818/147 824/824/147 819/819/147
f 825/825/221 826/826/221 827/827/221
f 825/825/222 827/827/222 828/828/222
f 828/828/149 827/827/149 829/829/149
f 828/828/146 829/829/146 830/830/146
f 830/830/223 829/829/223 831/831/223
f 830/830/224 831/831/224 832/832/224
f 832/832/146 831/831/146 826/826/146
f 832/832/146 826/826/146 825/825/146
f 833/833/132 834/834/132 835/835/132
f 833/833/9 835/835/9 825/825/9
f 836/836/188 833/833/188 825/825/188
f 836/836/188 825/825/188 832/832/188
f 837/837/128 836/836/128 832/832/128
f 837/837/9 832/832/9 838/838/9
f 834/834/188 837/837/188 838/838/188
f 834/834/188 838/838/188 835/835/188
f 839/839/225 840/840/225 841/841/225
f 839/839/163 841/841/163 842/842/163
f 842/842/211 841/841/211 843/843/211
f 842/842/149 843/843/149 844/844/149
f 844/844/226 843/843/226 845/845/226
f 844/844/164 845/845/164 846/846/164
f 846/846/149 845/845/149 840/840/149
f 846/846/146 840/840/146 839/839/146
f 811/811/5 814/814/5 808/808/5
f 811/811/5 808/808/5 807/807/5
f 813/813/3 812/812/3 806/806/3
f 813/813/3 806/806/3 805/805/3
f 814/814/2 309/309/2 317/317/2
f 814/814/2 317/317/2 808/808/2
f 815/815/1 813/813/1 805/805/1
f 815/815/1 805/805/1 809/809/1
f 309/309/3 307/307/3 313/313/3
f 309/309/3 313/313/3 317/317/3
f 816/816/5 815/815/5 809/809/5
f 816/816/5 809/809/5 810/810/5
f 307/307/1 811/811/1 807/807/1
f 307/307/1 807/807/1 313/313/1
f 812/812/2 816/816/2 810/810/2
f 812/812/2 810/810/2 806/806/2
f 825/825/5 828/828/5 820/820/5
f 825/825/5 820/820/5 819/819/5
f 827/827/3 826/826/3 818/818/3
f 827/827/3 818/818/3 817/817/3
f 828/828/156 830/830/156 822/822/156
f 828/828/2 822/822/2 820/820/2
f 829/829/193 827/827/193 817/817/193
f 829/829/155 817/817/155 821/821/155
f 830/830/3 832/832/3 824/824/3
f 830/830/3 824/824/3 822/822/3
f 831/831/5 829/829/5 821/821/5
f 831/831/5 821/821/5 823/823/5
f 832/832/1 825/825/1 819/819/1
f 832/832/1 819/819/1 824/824/1
f 826/826/187 831/831/187 823/823/187
f 826/826/156 823/823/156 818/818/156
f 839/839/5 842/842/5 825/825/5
f 839/839/5 825/825/5 835/835/5
f 841/841/3 840/840/3 834/834/3
f 841/841/3 834/834/3 833/833/3
f 842/842/152 844/844/152 832/832/152
f 842/842/2 832/832/2 825/825/2
f 843/843/1 841/841/1 833/833/1
f 843/843/153 833/833/153 836/836/153
f 844/844/3 846/846/3 838/838/3
f 844/844/3 838/838/3 832/832/3
f 845/845/5 843/843/5 836/836/5
f 845/845/5 836/836/5 837/837/5
f 846/846/1 839/839/1 835/835/1
f 846/846/1 835/835/1 838/838/1
f 840/840/152 845/845/152 837/837/152
f 840/840/2 837/837/2 834/834/2
f 847/847/8 848/848/8 849/849/8
f 847/847/8 849/849/8 850/850/8
f 851/851/4 852/852/4 853/853/4
f 851/851/4 853/853/4 854/854/4
f 851/851/2 854/854/2 850/850/2
f 851/851/152 850/850/152 849/849/152
f 854/854/3 853/853/3 847/847/3
f 854/854/3 847/847/3 850/850/3
f 853/853/159 852/852/159 848/848/159
f 853/853/162 848/848/162 847/847/162
f 852/852/5 851/851/5 849/849/5
f 852/852/5 849/849/5 848/848/5
f 855/855/8 856/856/8 857/857/8
f 855/855/8 857/857/8 858/858/8
f 859/859/25 860/860/25 861/861/25
f 859/859/25 861/861/25 862/862/25
f 859/859/172 862/862/172 858/858/172
f 859/859/180 858/858/180 857/857/180
f 862/862/3 861/861/3 855/855/3
f 862/862/3 855/855/3 858/858/3
f 861/861/1 860/860/1 856/856/1
f 861/861/171 856/856/171 855/855/171
f 860/860/5 859/859/5 857/857/5
f 860/860/5 857/857/5 856/856/5
f 863/863/218 864/864/218 865/865/218
f 863/863/8 865/865/8 866/866/8
f 867/867/147 863/863/147 866/866/147
f 867/867/210 866/866/210 314/314/210
f 868/868/227 867/867/227 314/314/227
f 868/868/218 314/314/218 318/318/218
f 864/864/188 868/868/188 318/318/188
f 864/864/188 318/318/188 865/865/188
f 869/869/4 870/870/4 871/871/4
f 869/869/17 871/871/17 872/872/17
f 872/872/149 871/871/149 873/873/149
f 872/872/146 873/873/146 306/306/146
f 306/306/228 873/873/228 874/874/228
f 306/306/127 874/874/127 310/310/127
f 310/310/211 874/874/211 870/870/211
f 310/310/211 870/870/211 869/869/211
f 875/875/10 876/876/10 877/877/10
f 875/875/8 877/877/8 878/878/8
f 879/879/9 875/875/9 878/878/9
f 879/879/9 878/878/9 880/880/9
f 881/881/10 879/879/10 880/880/10
f 881/881/8 880/880/8 882/882/8
f 876/876/9 881/881/9 882/882/9
f 876/876/9 882/882/9 877/877/9
f 883/883/135 884/884/135 885/885/135
f 883/883/134 885/885/134 886/886/134
f 886/886/25 885/885/25 887/887/25
f 886/886/25 887/887/25 888/888/25
f 888/888/135 887/887/135 889/889/135
f 888/888/4 889/889/4 890/890/4
f 890/890/25 889/889/25 884/884/25
f 890/890/25 884/884/25 883/883/25
f 891/891/133 892/892/133 886/886/133
f 891/891/132 886/886/132 893/893/132
f 894/894/6 891/891/6 893/893/6
f 894/894/6 893/893/6 895/895/6
f 896/896/229 894/894/229 895/895/229
f 896/896/230 895/895/230 888/888/230
f 892/892/6 896/896/6 888/888/6
f 892/892/6 888/888/6 886/886/6
f 897/897/174 898/898/174 899/899/174
f 897/897/18 899/899/18 900/900/18
f 900/900/7 899/899/7 901/901/7
f 900/900/7 901/901/7 902/902/7
f 902/902/4 901/901/4 903/903/4
f 902/902/19 903/903/19 904/904/19
f 904/904/25 903/903/25 898/898/25
f 904/904/25 898/898/25 897/897/25
f 905/905/13 906/906/13 900/900/13
f 905/905/8 900/900/8 907/907/8
f 908/908/9 905/905/9 907/907/9
f 908/908/9 907/907/9 909/909/9
f 910/910/173 908/908/173 909/909/173
f 910/910/132 909/909/132 902/902/132
f 906/906/9 910/910/9 902/902/9
f 906/906/9 902/902/9 900/900/9
f 911/911/4 912/912/4 913/913/4
f 911/911/135 913/913/135 914/914/135
f 914/914/25 913/913/25 915/915/25
f 914/914/25 915/915/25 916/916/25
f 916/916/4 915/915/4 917/917/4
f 916/916/134 917/917/134 918/918/134
f 918/918/25 917/917/25 912/912/25
f 918/918/25 912/912/25 911/911/25
f 869/869/5 872/872/5 866/866/5
f 869/869/5 866/866/5 865/865/5
f 871/871/3 870/870/3 864/864/3
f 871/871/3 864/864/3 863/863/3
f 872/872/2 306/306/2 314/314/2
f 872/872/2 314/314/2 866/866/2
f 873/873/1 871/871/1 863/863/1
f 873/873/1 863/863/1 867/867/1
f 306/306/3 310/310/3 318/318/3
f 306/306/3 318/318/3 314/314/3
f 874/874/5 873/873/5 867/867/5
f 874/874/5 867/867/5 868/868/5
f 310/310/1 869/869/1 865/865/1
f 310/310/1 865/865/1 318/318/1
f 870/870/2 874/874/2 868/868/2
f 870/870/2 868/868/2 864/864/2
f 883/883/5 886/886/5 878/878/5
f 883/883/5 878/878/5 877/877/5
f 885/885/3 884/884/3 876/876/3
f 885/885/3 876/876/3 875/875/3
f 886/886/2 888/888/2 880/880/2
f 886/886/2 880/880/2 878/878/2
f 887/887/155 885/885/155 875/875/155
f 887/887/153 875/875/153 879/879/153
f 888/888/3 890/890/3 882/882/3
f 888/888/3 882/882/3 880/880/3
f 889/889/5 887/887/5 879/879/5
f 889/889/5 879/879/5 881/881/5
f 890/890/1 883/883/1 877/877/1
f 890/890/1 877/877/1 882/882/1
f 884/884/156 889/889/156 881/881/156
f 884/884/152 881/881/152 876/876/152
f 897/897/5 900/900/5 893/893/5
f 897/897/5 893/893/5 886/886/5
f 899/899/3 898/898/3 892/892/3
f 899/899/3 892/892/3 891/891/3
f 900/900/152 902/902/152 895/895/152
f 900/900/152 895/895/152 893/893/152
f 901/901/153 899/899/153 891/891/153
f 901/901/153 891/891/153 894/894/153
f 902/902/3 904/904/3 888/888/3
f 902/902/3 888/888/3 895/895/3
f 903/903/5 901/901/5 894/894/5
f 903/903/5 894/894/5 896/896/5
f 904/904/153 897/897/153 886/886/153
f 904/904/153 886/886/153 888/888/153
f 898/898/2 903/903/2 896/896/2
f 898/898/2 896/896/2 892/892/2
f 911/911/5 914/914/5 907/907/5
f 911/911/5 907/907/5 900/900/5
f 913/913/3 912/912/3 906/906/3
f 913/913/3 906/906/3 905/905/3
f 914/914/152 916/916/152 909/909/152
f 914/914/152 909/909/152 907/907/152
f 915/915/153 913/913/153 905/905/153
f 915/915/153 905/905/153 908/908/153
f 916/916/3 918/918/3 902/902/3
f 916/916/3 902/902/3 909/909/3
f 917/917/5 915/915/5 908/908/5
f 917/917/5 908/908/5 910/910/5
f 918/918/153 911/911/153 900/900/153
f 918/918/1 900/900/1 902/902/1
f 912/912/152 917/917/152 910/910/152
f 912/912/152 910/910/152 906/906/152
f 919/919/8 920/920/8 921/921/8
f 919/919/8 921/921/8 922/922/8
f 923/923/4 924/924/4 925/925/4
f 923/923/4 925/925/4 926/926/4
f 923/923/231 926/926/231 922/922/231
f 923/923/2 922/922/2 921/921/2
f 926/926/3 925/925/3 919/919/3
f 926/926/3 919/919/3 922/922/3
f 925/925/1 924/924/1 920/920/1
f 925/925/1 920/920/1 919/919/1
f 924/924/5 923/923/5 921/921/5
f 924/924/5 921/921/5 920/920/5
f 927/927/9 928/928/9 929/929/9
f 927/927/9 929/929/9 930/930/9
f 931/931/4 932/932/4 933/933/4
f 931/931/4 933/933/4 934/934/4
f 931/931/2 934/934/2 930/930/2
f 931/931/2 930/930/2 929/929/2
f 934/934/3 933/933/3 927/927/3
f 934/934/3 927/927/3 930/930/3
f 933/933/232 932/932/232 928/928/232
f 933/933/233 928/928/233 927/927/233
f 932/932/5 931/931/5 929/929/5
f 932/932/5 929/929/5 928/928/5
f 935/935/8 936/936/8 937/937/8
f 935/935/8 937/937/8 938/938/8
f 939/939/25 940/940/25 941/941/25
f 939/939/25 941/941/25 942/942/25
f 939/939/2 942/942/2 938/938/2
f 939/939/169 938/938/169 937/937/169
f 942/942/3 941/941/3 935/935/3
f 942/942/3 935/935/3 938/938/3
f 941/941/160 940/940/160 936/936/160
f 941/941/1 936/936/1 935/935/1
f 940/940/5 939/939/5 937/937/5
f 940/940/5 937/937/5 936/936/5
f 943/943/1 944/944/1 281/281/1
f 943/943/153 281/281/153 282/282/153
f 945/945/189 943/943/189 282/282/189
f 945/945/204 282/282/204 277/277/204
f 946/946/153 945/945/153 277/277/153
f 946/946/153 277/277/153 276/276/153
f 944/944/208 946/946/208 276/276/208
f 944/944/1 276/276/1 281/281/1
f 271/271/2 947/947/2 948/948/2
f 271/271/152 948/948/152 273/273/152
f 273/273/234 948/948/234 949/949/234
f 273/273/24 949/949/24 265/265/24
f 265/265/152 949/949/152 950/950/152
f 265/265/2 950/950/2 266/266/2
f 266/266/235 950/950/235 947/947/235
f 266/266/2 947/947/2 271/271/2
f 951/951/153 952/952/153 953/953/153
f 951/951/153 953/953/153 954/954/153
f 955/955/208 951/951/208 954/954/208
f 955/955/1 954/954/1 956/956/1
f 957/957/155 955/955/155 956/956/155
f 957/957/159 956/956/159 958/958/159
f 952/952/189 957/957/189 958/958/189
f 952/952/1 958/958/1 953/953/1
f 959/959/2 960/960/2 961/961/2
f 959/959/152 961/961/152 962/962/152
f 962/962/2 961/961/2 963/963/2
f 962/962/24 963/963/24 964/964/24
f 964/964/2 963/963/2 965/965/2
f 964/964/156 965/965/156 966/966/156
f 966/966/2 965/965/2 960/960/2
f 966/966/206 960/960/206 959/959/206
f 967/967/153 968/968/153 969/969/153
f 967/967/1 969/969/1 959/959/1
f 970/970/1 967/967/1 959/959/1
f 970/970/204 959/959/204 966/966/204
f 971/971/1 970/970/1 966/966/1
f 971/971/155 966/966/155 972/972/155
f 968/968/1 971/971/1 972/972/1
f 968/968/205 972/972/205 969/969/205
f 973/973/152 974/974/152 975/975/152
f 973/973/154 975/975/154 976/976/154
f 976/976/2 975/975/2 977/977/2
f 976/976/207 977/977/207 978/978/207
f 978/978/2 977/977/2 979/979/2
f 978/978/156 979/979/156 980/980/156
f 980/980/2 979/979/2 974/974/2
f 980/980/198 974/974/198 973/973/198
f 271/271/25 273/273/25 282/282/25
f 271/271/25 282/282/25 281/281/25
f 948/948/6 947/947/6 944/944/6
f 948/948/6 944/944/6 943/943/6
f 273/273/5 265/265/5 277/277/5
f 273/273/5 277/277/5 282/282/5
f 949/949/3 948/948/3 943/943/3
f 949/949/3 943/943/3 945/945/3
f 265/265/6 266/266/6 276/276/6
f 265/265/6 276/276/6 277/277/6
f 950/950/7 949/949/7 945/945/7
f 950/950/7 945/945/7 946/946/7
f 266/266/3 271/271/3 281/281/3
f 266/266/3 281/281/3 276/276/3
f 947/947/5 950/950/5 946/946/5
f 947/947/5 946/946/5 944/944/5
f 959/959/211 962/962/211 954/954/211
f 959/959/211 954/954/211 953/953/211
f 961/961/188 960/960/188 952/952/188
f 961/961/188 952/952/188 951/951/188
f 962/962/5 964/964/5 956/956/5
f 962/962/5 956/956/5 954/954/5
f 963/963/3 961/961/3 951/951/3
f 963/963/3 951/951/3 955/955/3
f 964/964/188 966/966/188 958/958/188
f 964/964/188 958/958/188 956/956/188
f 965/965/211 963/963/211 955/955/211
f 965/965/211 955/955/211 957/957/211
f 966/966/3 959/959/3 953/953/3
f 966/966/3 953/953/3 958/958/3
f 960/960/5 965/965/5 957/957/5
f 960/960/5 957/957/5 952/952/5
f 973/973/146 976/976/146 959/959/146
f 973/973/146 959/959/146 969/969/146
f 975/975/147 974/974/147 968/968/147
f 975/975/147 968/968/147 967/967/147
f 976/976/5 978/978/5 966/966/5
f 976/976/5 966/966/5 959/959/5
f 977/977/3 975/975/3 967/967/3
f 977/977/3 967/967/3 970/970/3
f 978/978/147 980/980/147 972/972/147
f 978/978/147 972/972/147 966/966/147
f 979/979/146 977/977/146 970/970/146
f 979/979/146 970/970/146 971/971/146
f 980/980/3 973/973/3 969/969/3
f 980/980/3 969/969/3 972/972/3
f 974/974/5 979/979/5 971/971/5
f 974/974/5 971/971/5 968/968/5
f 981/981/1 982/982/1 983/983/1
f 981/981/1 983/983/1 984/984/1
f 985/985/2 986/986/2 987/987/2
f 985/985/2 987/987/2 988/988/2
f 985/985/5 988/988/5 984/984/5
f 985/985/5 984/984/5 983/983/5
f 988/988/236 987/987/236 981/981/236
f 988/988/236 981/981/236 984/984/236
f 987/987/3 986/986/3 982/982/3
f 987/987/3 982/982/3 981/981/3
f 986/986/237 985/985/237 983/983/237
f 986/986/237 983/983/237 982/982/237
f 989/989/1 990/990/1 991/991/1
f 989/989/1 991/991/1 992/992/1
f 993/993/2 994/994/2 995/995/2
f 993/993/2 995/995/2 996/996/2
f 993/993/5 996/996/5 992/992/5
f 993/993/5 992/992/5 991/991/5
f 996/996/190 995/995/190 989/989/190
f 996/996/192 989/989/192 992/992/192
f 995/995/3 994/994/3 990/990/3
f 995/995/3 990/990/3 989/989/3
f 994/994/191 993/993/191 991/991/191
f 994/994/191 991/991/191 990/990/191
f 997/997/24 998/998/24 274/274/24
f 997/997/2 274/274/2 268/268/2
f 999/999/152 997/997/152 268/268/152
f 999/999/156 268/268/156 267/267/156
f 1000/1000/2 999/999/2 267/267/2
f 1000/1000/206 267/267/206 270/270/206
f 998/998/172 1000/1000/172 270/270/172
f 998/998/2 270/270/2 274/274/2
f 285/285/1 1001/1001/1 1002/1002/1
f 285/285/1 1002/1002/1 278/278/1
f 278/278/153 1002/1002/153 1003/1003/153
f 278/278/1 1003/1003/1 275/275/1
f 275/275/1 1003/1003/1 1004/1004/1
f 275/275/1 1004/1004/1 279/279/1
f 279/279/1 1004/1004/1 1001/1001/1
f 279/279/1 1001/1001/1 285/285/1
f 1005/1005/2 1006/1006/2 1007/1007/2
f 1005/1005/2 1007/1007/2 1008/1008/2
f 1009/1009/2 1005/1005/2 1008/1008/2
f 1009/1009/2 1008/1008/2 1010/1010/2
f 1011/1011/2 1009/1009/2 1010/1010/2
f 1011/1011/2 1010/1010/2 1012/1012/2
f 1006/1006/152 1011/1011/152 1012/1012/152
f 1006/1006/2 1012/1012/2 1007/1007/2
f 1013/1013/1 1014/1014/1 1015/1015/1
f 1013/1013/189 1015/1015/189 1016/1016/189
f 1016/1016/1 1015/1015/1 1017/1017/1
f 1016/1016/1 1017/1017/1 1018/1018/1
f 1018/1018/208 1017/1017/208 1019/1019/208
f 1018/1018/1 1019/1019/1 1020/1020/1
f 1020/1020/1 1019/1019/1 1014/1014/1
f 1020/1020/179 1014/1014/179 1013/1013/179
f 1021/1021/206 1022/1022/206 1023/1023/206
f 1021/1021/2 1023/1023/2 1013/1013/2
f 1024/1024/156 1021/1021/156 1013/1013/156
f 1024/1024/180 1013/1013/180 1020/1020/180
f 1025/1025/24 1024/1024/24 1020/1020/24
f 1025/1025/2 1020/1020/2 1026/1026/2
f 1022/1022/152 1025/1025/152 1026/1026/152
f 1022/1022/2 1026/1026/2 1023/1023/2
f 1027/1027/189 1028/1028/189 1029/1029/189
f 1027/1027/189 1029/1029/189 1030/1030/189
f 1030/1030/155 1029/1029/155 1031/1031/155
f 1030/1030/155 1031/1031/155 1032/1032/155
f 1032/1032/1 1031/1031/1 1033/1033/1
f 1032/1032/208 1033/1033/208 1034/1034/208
f 1034/1034/1 1033/1033/1 1028/1028/1
f 1034/1034/153 1028/1028/153 1027/1027/153
f 285/285/5 278/278/5 268/268/5
f 285/285/5 268/268/5 274/274/5
f 1002/1002/3 1001/1001/3 998/998/3
f 1002/1002/3 998/998/3 997/997/3
f 278/278/25 275/275/25 267/267/25
f 278/278/25 267/267/25 268/268/25
f 1003/1003/8 1002/1002/8 997/997/8
f 1003/1003/8 997/997/8 999/999/8
f 275/275/3 279/279/3 270/270/3
f 275/275/3 270/270/3 267/267/3
f 1004/1004/5 1003/1003/5 999/999/5
f 1004/1004/5 999/999/5 1000/1000/5
f 279/279/8 285/285/8 274/274/8
f 279/279/8 274/274/8 270/270/8
f 1001/1001/4 1004/1004/4 1000/1000/4
f 1001/1001/4 1000/1000/4 998/998/4
f 1013/1013/5 1016/1016/5 1008/1008/5
f 1013/1013/5 1008/1008/5 1007/1007/5
f 1015/1015/3 1014/1014/3 1006/1006/3
f 1015/1015/3 1006/1006/3 1005/1005/3
f 1016/1016/25 1018/1018/25 1010/1010/25
f 1016/1016/25 1010/1010/25 1008/1008/25
f 1017/1017/9 1015/1015/9 1005/1005/9
f 1017/1017/9 1005/1005/9 1009/1009/9
f 1018/1018/3 1020/1020/3 1012/1012/3
f 1018/1018/3 1012/1012/3 1010/1010/3
f 1019/1019/5 1017/1017/5 1009/1009/5
f 1019/1019/5 1009/1009/5 1011/1011/5
f 1020/1020/9 1013/1013/9 1007/1007/9
f 1020/1020/9 1007/1007/9 1012/1012/9
f 1014/1014/25 1019/1019/25 1011/1011/25
f 1014/1014/25 1011/1011/25 1006/1006/25
f 1027/1027/5 1030/1030/5 1013/1013/5
f 1027/1027/5 1013/1013/5 1023/1023/5
f 1029/1029/3 1028/1028/3 1022/1022/3
f 1029/1029/3 1022/1022/3 1021/1021/3
f 1030/1030/25 1032/1032/25 1020/1020/25
f 1030/1030/25 1020/1020/25 1013/1013/25
f 1031/1031/147 1029/1029/147 1021/1021/147
f 1031/1031/210 1021/1021/210 1024/1024/210
f 1032/1032/3 1034/1034/3 1026/1026/3
f 1032/1032/3 1026/1026/3 1020/1020/3
f 1033/1033/5 1031/1031/5 1024/1024/5
f 1033/1033/5 1024/1024/5 1025/1025/5
f 1034/1034/9 1027/1027/9 1023/1023/9
f 1034/1034/9 1023/1023/9 1026/1026/9
f 1028/1028/25 1033/1033/25 1025/1025/25
f 1028/1028/25 1025/1025/25 1022/1022/25
f 1035/1035/2 1036/1036/2 1037/1037/2
f 1035/1035/2 1037/1037/2 1038/1038/2
f 1039/1039/1 1040/1040/1 1041/1041/1
f 1039/1039/1 1041/1041/1 1042/1042/1
f 1039/1039/149 1042/1042/149 1038/1038/149
f 1039/1039/146 1038/1038/146 1037/1037/146
f 1042/1042/3 1041/1041/3 1035/1035/3
f 1042/1042/3 1035/1035/3 1038/1038/3
f 1041/1041/190 1040/1040/190 1036/1036/190
f 1041/1041/192 1036/1036/192 1035/1035/192
f 1040/1040/5 1039/1039/5 1037/1037/5
f 1040/1040/5 1037/1037/5 1036/1036/5
f 1043/1043/2 1044/1044/2 1045/1045/2
f 1043/1043/2 1045/1045/2 1046/1046/2
f 1047/1047/1 1048/1048/1 1049/1049/1
f 1047/1047/1 1049/1049/1 1050/1050/1
f 1047/1047/146 1050/1050/146 1046/1046/146
f 1047/1047/146 1046/1046/146 1045/1045/146
f 1050/1050/3 1049/1049/3 1043/1043/3
f 1050/1050/3 1043/1043/3 1046/1046/3
f 1049/1049/210 1048/1048/210 1044/1044/210
f 1049/1049/147 1044/1044/147 1043/1043/147
f 1048/1048/5 1047/1047/5 1045/1045/5
f 1048/1048/5 1045/1045/5 1044/1044/5
f 1051/1051/155 1052/1052/155 88/88/155
f 1051/1051/1 88/88/1 89/89/1
f 1053/1053/205 1051/1051/205 89/89/205
f 1053/1053/204 89/89/204 85/85/204
f 1054/1054/1 1053/1053/1 85/85/1
f 1054/1054/1 85/85/1 84/84/1
f 1052/1052/189 1054/1054/189 84/84/189
f 1052/1052/204 84/84/204 88/88/204
f 80/80/152 1055/1055/152 1056/1056/152
f 80/80/152 1056/1056/152 81/81/152
f 81/81/2 1056/1056/2 1057/1057/2
f 81/81/207 1057/1057/207 75/75/207
f 75/75/2 1057/1057/2 1058/1058/2
f 75/75/2 1058/1058/2 76/76/2
f 76/76/198 1058/1058/198 1055/1055/198
f 76/76/2 1055/1055/2 80/80/2
f 1059/1059/153 1060/1060/153 1061/1061/153
f 1059/1059/1 1061/1061/1 1062/1062/1
f 1063/1063/204 1059/1059/204 1062/1062/204
f 1063/1063/189 1062/1062/189 1064/1064/189
f 1065/1065/179 1063/1063/179 1064/1064/179
f 1065/1065/1 1064/1064/1 1066/1066/1
f 1060/1060/208 1065/1065/208 1066/1066/208
f 1060/1060/205 1066/1066/205 1061/1061/205
f 1067/1067/152 1068/1068/152 1069/1069/152
f 1067/1067/2 1069/1069/2 1070/1070/2
f 1070/1070/206 1069/1069/206 1071/1071/206
f 1070/1070/2 1071/1071/2 1072/1072/2
f 1072/1072/2 1071/1071/2 1073/1073/2
f 1072/1072/152 1073/1073/152 1074/1074/152
f 1074/1074/207 1073/1073/207 1068/1068/207
f 1074/1074/206 1068/1068/206 1067/1067/206
f 1075/1075/179 1076/1076/179 1077/1077/179
f 1075/1075/153 1077/1077/153 1067/1067/153
f 1078/1078/189 1075/1075/189 1067/1067/189
f 1078/1078/1 1067/1067/1 1074/1074/1
f 1079/1079/1 1078/1078/1 1074/1074/1
f 1079/1079/179 1074/1074/179 1080/1080/179
f 1076/1076/204 1079/1079/204 1080/1080/204
f 1076/1076/189 1080/1080/189 1077/1077/189
f 1081/1081/152 1082/1082/152 1083/1083/152
f 1081/1081/152 1083/1083/152 1084/1084/152
f 1084/1084/206 1083/1083/206 1085/1085/206
f 1084/1084/24 1085/1085/24 1086/1086/24
f 1086/1086/152 1085/1085/152 1087/1087/152
f 1086/1086/152 1087/1087/152 1088/1088/152
f 1088/1088/206 1087/1087/206 1082/1082/206
f 1088/1088/24 1082/1082/24 1081/1081/24
f 80/80/7 81/81/7 89/89/7
f 80/80/7 89/89/7 88/88/7
f 1056/1056/9 1055/1055/9 1052/1052/9
f 1056/1056/9 1052/1052/9 1051/1051/9
f 81/81/5 75/75/5 85/85/5
f 81/81/5 85/85/5 89/89/5
f 1057/1057/3 1056/1056/3 1051/1051/3
f 1057/1057/3 1051/1051/3 1053/1053/3
f 75/75/6 76/76/6 84/84/6
f 75/75/6 84/84/6 85/85/6
f 1058/1058/7 1057/1057/7 1053/1053/7
f 1058/1058/7 1053/1053/7 1054/1054/7
f 76/76/3 80/80/3 88/88/3
f 76/76/3 88/88/3 84/84/3
f 1055/1055/5 1058/1058/5 1054/1054/5
f 1055/1055/5 1054/1054/5 1052/1052/5
f 1067/1067/146 1070/1070/146 1062/1062/146
f 1067/1067/146 1062/1062/146 1061/1061/146
f 1069/1069/147 1068/1068/147 1060/1060/147
f 1069/1069/147 1060/1060/147 1059/1059/147
f 1070/1070/5 1072/1072/5 1064/1064/5
f 1070/1070/5 1064/1064/5 1062/1062/5
f 1071/1071/3 1069/1069/3 1059/1059/3
f 1071/1071/3 1059/1059/3 1063/1063/3
f 1072/1072/188 1074/1074/188 1066/1066/188
f 1072/1072/188 1066/1066/188 1064/1064/188
f 1073/1073/211 1071/1071/211 1063/1063/211
f 1073/1073/211 1063/1063/211 1065/1065/211
f 1074/1074/3 1067/1067/3 1061/1061/3
f 1074/1074/3 1061/1061/3 1066/1066/3
f 1068/1068/5 1073/1073/5 1065/1065/5
f 1068/1068/5 1065/1065/5 1060/1060/5
f 1081/1081/211 1084/1084/211 1067/1067/211
f 1081/1081/211 1067/1067/211 1077/1077/211
f 1083/1083/188 1082/1082/188 1076/1076/188
f 1083/1083/188 1076/1076/188 1075/1075/188
f 1084/1084/5 1086/1086/5 1074/1074/5
f 1084/1084/5 1074/1074/5 1067/1067/5
f 1085/1085/3 1083/1083/3 1075/1075/3
f 1085/1085/3 1075/1075/3 1078/1078/3
f 1086/1086/147 1088/1088/147 1080/1080/147
f 1086/1086/147 1080/1080/147 1074/1074/147
f 1087/1087/238 1085/1085/238 1078/1078/238
f 1087/1087/239 1078/1078/239 1079/1079/239
f 1088/1088/3 1081/1081/3 1077/1077/3
f 1088/1088/3 1077/1077/3 1080/1080/3
f 1082/1082/5 1087/1087/5 1079/1079/5
f 1082/1082/5 1079/1079/5 1076/1076/5
f 1089/1089/1 1090/1090/1 1091/1091/1
f 1089/1089/1 1091/1091/1 1092/1092/1
f 1093/1093/2 1094/1094/2 1095/1095/2
f 1093/1093/2 1095/1095/2 1096/1096/2
f 1093/1093/5 1096/1096/5 1092/1092/5
f 1093/1093/5 1092/1092/5 1091/1091/5
f 1096/1096/192 1095/1095/192 1089/1089/192
f 1096/1096/190 1089/1089/190 1092/1092/190
f 1095/1095/3 1094/1094/3 1090/1090/3
f 1095/1095/3 1090/1090/3 1089/1089/3
f 1094/1094/214 1093/1093/214 1091/1091/214
f 1094/1094/237 1091/1091/237 1090/1090/237
f 1097/1097/1 1098/1098/1 1099/1099/1
f 1097/1097/1 1099/1099/1 1100/1100/1
f 1101/1101/2 1102/1102/2 1103/1103/2
f 1101/1101/2 1103/1103/2 1104/1104/2
f 1101/1101/240 1104/1104/240 1100/1100/240
f 1101/1101/5 1100/1100/5 1099/1099/5
f 1104/1104/213 1103/1103/213 1097/1097/213
f 1104/1104/213 1097/1097/213 1100/1100/213
f 1103/1103/3 1102/1102/3 1098/1098/3
f 1103/1103/3 1098/1098/3 1097/1097/3
f 1102/1102/237 1101/1101/237 1099/1099/237
f 1102/1102/214 1099/1099/214 1098/1098/214
f 1105/1105/2 1106/1106/2 82/82/2
f 1105/1105/2 82/82/2 78/78/2
f 1107/1107/152 1105/1105/152 78/78/152
f 1107/1107/2 78/78/2 77/77/2
f 1108/1108/206 1107/1107/206 77/77/206
f 1108/1108/2 77/77/2 79/79/2
f 1106/1106/2 1108/1108/2 79/79/2
f 1106/1106/2 79/79/2 82/82/2
f 90/90/208 1109/1109/208 1110/1110/208
f 90/90/1 1110/1110/1 86/86/1
f 86/86/1 1110/1110/1 1111/1111/1
f 86/86/153 1111/1111/153 83/83/153
f 83/83/1 1111/1111/1 1112/1112/1
f 83/83/189 1112/1112/189 87/87/189
f 87/87/1 1112/1112/1 1109/1109/1
f 87/87/159 1109/1109/159 90/90/159
f 1113/1113/24 1114/1114/24 1115/1115/24
f 1113/1113/206 1115/1115/206 1116/1116/206
f 1117/1117/2 1113/1113/2 1116/1116/2
f 1117/1117/2 1116/1116/2 1118/1118/2
f 1119/1119/24 1117/1117/24 1118/1118/24
f 1119/1119/2 1118/1118/2 1120/1120/2
f 1114/1114/152 1119/1119/152 1120/1120/152
f 1114/1114/152 1120/1120/152 1115/1115/152
f 1121/1121/1 1122/1122/1 1123/1123/1
f 1121/1121/1 1123/1123/1 1124/1124/1
f 1124/1124/155 1123/1123/155 1125/1125/155
f 1124/1124/1 1125/1125/1 1126/1126/1
f 1126/1126/1 1125/1125/1 1127/1127/1
f 1126/1126/208 1127/1127/208 1128/1128/208
f 1128/1128/153 1127/1127/153 1122/1122/153
f 1128/1128/153 1122/1122/153 1121/1121/153
f 1129/1129/24 1130/1130/24 1131/1131/24
f 1129/1129/241 1131/1131/241 1121/1121/241
f 1132/1132/2 1129/1129/2 1121/1121/2
f 1132/1132/209 1121/1121/209 1128/1128/209
f 1133/1133/24 1132/1132/24 1128/1128/24
f 1133/1133/2 1128/1128/2 1134/1134/2
f 1130/1130/2 1133/1133/2 1134/1134/2
f 1130/1130/152 1134/1134/152 1131/1131/152
f 1135/1135/189 1136/1136/189 1137/1137/189
f 1135/1135/1 1137/1137/1 1138/1138/1
f 1138/1138/1 1137/1137/1 1139/1139/1
f 1138/1138/155 1139/1139/155 1140/1140/155
f 1140/1140/208 1139/1139/208 1141/1141/208
f 1140/1140/1 1141/1141/1 1142/1142/1
f 1142/1142/153 1141/1141/153 1136/1136/153
f 1142/1142/153 1136/1136/153 1135/1135/153
f 90/90/5 86/86/5 78/78/5
f 90/90/5 78/78/5 82/82/5
f 1110/1110/3 1109/1109/3 1106/1106/3
f 1110/1110/3 1106/1106/3 1105/1105/3
f 86/86/4 83/83/4 77/77/4
f 86/86/4 77/77/4 78/78/4
f 1111/1111/8 1110/1110/8 1105/1105/8
f 1111/1111/8 1105/1105/8 1107/1107/8
f 83/83/3 87/87/3 79/79/3
f 83/83/3 79/79/3 77/77/3
f 1112/1112/5 1111/1111/5 1107/1107/5
f 1112/1112/5 1107/1107/5 1108/1108/5
f 87/87/9 90/90/9 82/82/9
f 87/87/9 82/82/9 79/79/9
f 1109/1109/4 1112/1112/4 1108/1108/4
f 1109/1109/4 1108/1108/4 1106/1106/4
f 1121/1121/5 1124/1124/5 1116/1116/5
f 1121/1121/5 1116/1116/5 1115/1115/5
f 1123/1123/3 1122/1122/3 1114/1114/3
f 1123/1123/3 1114/1114/3 1113/1113/3
f 1124/1124/25 1126/1126/25 1118/1118/25
f 1124/1124/25 1118/1118/25 1116/1116/25
f 1125/1125/9 1123/1123/9 1113/1113/9
f 1125/1125/9 1113/1113/9 1117/1117/9
f 1126/1126/3 1128/1128/3 1120/1120/3
f 1126/1126/3 1120/1120/3 1118/1118/3
f 1127/1127/5 1125/1125/5 1117/1117/5
f 1127/1127/5 1117/1117/5 1119/1119/5
f 1128/1128/147 1121/1121/147 1115/1115/147
f 1128/1128/147 1115/1115/147 1120/1120/147
f 1122/1122/25 1127/1127/25 1119/1119/25
f 1122/1122/25 1119/1119/25 1114/1114/25
f 1135/1135/5 1138/1138/5 1121/1121/5
f 1135/1135/5 1121/1121/5 1131/1131/5
f 1137/1137/3 1136/1136/3 1130/1130/3
f 1137/1137/3 1130/1130/3 1129/1129/3
f 1138/1138/25 1140/1140/25 1128/1128/25
f 1138/1138/25 1128/1128/25 1121/1121/25
f 1139/1139/9 1137/1137/9 1129/1129/9
f 1139/1139/9 1129/1129/9 1132/1132/9
f 1140/1140/3 1142/1142/3 1134/1134/3
f 1140/1140/3 1134/1134/3 1128/1128/3
f 1141/1141/5 1139/1139/5 1132/1132/5
f 1141/1141/5 1132/1132/5 1133/1133/5
f 1142/1142/9 1135/1135/9 1131/1131/9
f 1142/1142/9 1131/1131/9 1134/1134/9
f 1136/1136/25 1141/1141/25 1133/1133/25
f 1136/1136/25 1133/1133/25 1130/1130/25
f 1143/1143/2 1144/1144/2 1145/1145/2
f 1143/1143/2 1145/1145/2 1146/1146/2
f 1147/1147/1 1148/1148/1 1149/1149/1
f 1147/1147/1 1149/1149/1 1150/1150/1
f 1147/1147/146 1150/1150/146 1146/1146/146
f 1147/1147/146 1146/1146/146 1145/1145/146
f 1150/1150/3 1149/1149/3 1143/1143/3
f 1150/1150/3 1143/1143/3 1146/1146/3
f 1149/1149/147 1148/1148/147 1144/1144/147
f 1149/1149/210 1144/1144/210 1143/1143/210
f 1148/1148/5 1147/1147/5 1145/1145/5
f 1148/1148/240 1145/1145/240 1144/1144/240
f 1151/1151/2 1152/1152/2 1153/1153/2
f 1151/1151/2 1153/1153/2 1154/1154/2
f 1155/1155/1 1156/1156/1 1157/1157/1
f 1155/1155/1 1157/1157/1 1158/1158/1
f 1155/1155/146 1158/1158/146 1154/1154/146
f 1155/1155/146 1154/1154/146 1153/1153/146
f 1158/1158/3 1157/1157/3 1151/1151/3
f 1158/1158/3 1151/1151/3 1154/1154/3
f 1157/1157/147 1156/1156/147 1152/1152/147
f 1157/1157/147 1152/1152/147 1151/1151/147
f 1156/1156/5 1155/1155/5 1153/1153/5
f 1156/1156/5 1153/1153/5 1152/1152/5
f 1159/1159/1 1160/1160/1 8/8/1
f 1159/1159/242 8/8/242 7/7/242
f 1161/1161/1 1159/1159/1 7/7/1
f 1161/1161/1 7/7/1 11/11/1
f 1162/1162/153 1161/1161/153 11/11/153
f 1162/1162/153 11/11/153 16/16/153
f 1160/1160/208 1162/1162/208 16/16/208
f 1160/1160/189 16/16/189 8/8/189
f 1163/1163/152 1164/1164/152 1165/1165/152
f 1163/1163/152 1165/1165/152 1166/1166/152
f 1166/1166/2 1165/1165/2 1167/1167/2
f 1166/1166/2 1167/1167/2 1168/1168/2
f 1168/1168/2 1167/1167/2 1169/1169/2
f 1168/1168/152 1169/1169/152 1170/1170/152
f 1170/1170/24 1169/1169/24 1164/1164/24
f 1170/1170/206 1164/1164/206 1163/1163/206
f 1171/1171/1 1172/1172/1 1173/1173/1
f 1171/1171/155 1173/1173/155 1174/1174/155
f 1175/1175/1 1171/1171/1 1174/1174/1
f 1175/1175/208 1174/1174/208 1176/1176/208
f 1177/1177/157 1175/1175/157 1176/1176/157
f 1177/1177/1 1176/1176/1 1178/1178/1
f 1172/1172/1 1177/1177/1 1178/1178/1
f 1172/1172/189 1178/1178/189 1173/1173/189
f 1179/1179/2 1180/1180/2 1181/1181/2
f 1179/1179/156 1181/1181/156 1182/1182/156
f 1182/1182/2 1181/1181/2 1183/1183/2
f 1182/1182/24 1183/1183/24 1184/1184/24
f 1184/1184/2 1183/1183/2 1185/1185/2
f 1184/1184/2 1185/1185/2 1186/1186/2
f 1186/1186/206 1185/1185/206 1180/1180/206
f 1186/1186/24 1180/1180/24 1179/1179/24
f 1187/1187/242 1188/1188/242 1189/1189/242
f 1187/1187/1 1189/1189/1 1179/1179/1
f 1190/1190/189 1187/1187/189 1179/1179/189
f 1190/1190/208 1179/1179/208 1186/1186/208
f 1191/1191/1 1190/1190/1 1186/1186/1
f 1191/1191/1 1186/1186/1 1192/1192/1
f 1188/1188/189 1191/1191/189 1192/1192/189
f 1188/1188/1 1192/1192/1 1189/1189/1
f 1193/1193/2 1194/1194/2 1195/1195/2
f 1193/1193/2 1195/1195/2 1196/1196/2
f 1196/1196/206 1195/1195/206 1197/1197/206
f 1196/1196/24 1197/1197/24 1198/1198/24
f 1198/1198/2 1197/1197/2 1199/1199/2
f 1198/1198/156 1199/1199/156 1200/1200/156
f 1200/1200/2 1199/1199/2 1194/1194/2
f 1200/1200/2 1194/1194/2 1193/1193/2
f 1163/1163/7 1166/1166/7 7/7/7
f 1163/1163/7 7/7/7 8/8/7
f 1165/1165/6 1164/1164/6 1160/1160/6
f 1165/1165/6 1160/1160/6 1159/1159/6
f 1166/1166/5 1168/1168/5 11/11/5
f 1166/1166/5 11/11/5 7/7/5
f 1167/1167/3 1165/1165/3 1159/1159/3
f 1167/1167/3 1159/1159/3 1161/1161/3
f 1168/1168/8 1170/1170/8 16/16/8
f 1168/1168/8 16/16/8 11/11/8
f 1169/1169/4 1167/1167/4 1161/1161/4
f 1169/1169/4 1161/1161/4 1162/1162/4
f 1170/1170/3 1163/1163/3 8/8/3
f 1170/1170/3 8/8/3 16/16/3
f 1164/1164/5 1169/1169/5 1162/1162/5
f 1164/1164/5 1162/1162/5 1160/1160/5
f 1179/1179/211 1182/1182/211 1174/1174/211
f 1179/1179/211 1174/1174/211 1173/1173/211
f 1181/1181/188 1180/1180/188 1172/1172/188
f 1181/1181/188 1172/1172/188 1171/1171/188
f 1182/1182/5 1184/1184/5 1176/1176/5
f 1182/1182/5 1176/1176/5 1174/1174/5
f 1183/1183/3 1181/1181/3 1171/1171/3
f 1183/1183/3 1171/1171/3 1175/1175/3
f 1184/1184/9 1186/1186/9 1178/1178/9
f 1184/1184/9 1178/1178/9 1176/1176/9
f 1185/1185/146 1183/1183/146 1175/1175/146
f 1185/1185/146 1175/1175/146 1177/1177/146
f 1186/1186/3 1179/1179/3 1173/1173/3
f 1186/1186/3 1173/1173/3 1178/1178/3
f 1180/1180/5 1185/1185/5 1177/1177/5
f 1180/1180/5 1177/1177/5 1172/1172/5
f 1193/1193/149 1196/1196/149 1179/1179/149
f 1193/1193/146 1179/1179/146 1189/1189/146
f 1195/1195/147 1194/1194/147 1188/1188/147
f 1195/1195/147 1188/1188/147 1187/1187/147
f 1196/1196/5 1198/1198/5 1186/1186/5
f 1196/1196/5 1186/1186/5 1179/1179/5
f 1197/1197/3 1195/1195/3 1187/1187/3
f 1197/1197/3 1187/1187/3 1190/1190/3
f 1198/1198/9 1200/1200/9 1192/1192/9
f 1198/1198/9 1192/1192/9 1186/1186/9
f 1199/1199/25 1197/1197/25 1190/1190/25
f 1199/1199/25 1190/1190/25 1191/1191/25
f 1200/1200/3 1193/1193/3 1189/1189/3
f 1200/1200/3 1189/1189/3 1192/1192/3
f 1194/1194/5 1199/1199/5 1191/1191/5
f 1194/1194/5 1191/1191/5 1188/1188/5
f 1201/1201/1 1202/1202/1 1203/1203/1
f 1201/1201/1 1203/1203/1 1204/1204/1
f 1205/1205/2 1206/1206/2 1207/1207/2
f 1205/1205/2 1207/1207/2 1208/1208/2
f 1205/1205/5 1208/1208/5 1204/1204/5
f 1205/1205/5 1204/1204/5 1203/1203/5
f 1208/1208/210 1207/1207/210 1201/1201/210
f 1208/1208/210 1201/1201/210 1204/1204/210
f 1207/1207/3 1206/1206/3 1202/1202/3
f 1207/1207/243 1202/1202/243 1201/1201/243
f 1206/1206/237 1205/1205/237 1203/1203/237
f 1206/1206/237 1203/1203/237 1202/1202/237
f 1209/1209/1 1210/1210/1 1211/1211/1
f 1209/1209/1 1211/1211/1 1212/1212/1
f 1213/1213/2 1214/1214/2 1215/1215/2
f 1213/1213/2 1215/1215/2 1216/1216/2
f 1213/1213/5 1216/1216/5 1212/1212/5
f 1213/1213/5 1212/1212/5 1211/1211/5
f 1216/1216/210 1215/1215/210 1209/1209/210
f 1216/1216/147 1209/1209/147 1212/1212/147
f 1215/1215/3 1214/1214/3 1210/1210/3
f 1215/1215/3 1210/1210/3 1209/1209/3
f 1214/1214/191 1213/1213/191 1211/1211/191
f 1214/1214/191 1211/1211/191 1210/1210/191
f 1217/1217/153 1218/1218/153 15/15/153
f 1217/1217/153 15/15/153 12/12/153
f 1219/1219/1 1217/1217/1 12/12/1
f 1219/1219/208 12/12/208 6/6/208
f 1220/1220/153 1219/1219/153 6/6/153
f 1220/1220/242 6/6/242 5/5/242
f 1218/1218/204 1220/1220/204 5/5/204
f 1218/1218/205 5/5/205 15/15/205
f 1221/1221/2 1222/1222/2 1223/1223/2
f 1221/1221/2 1223/1223/2 1224/1224/2
f 1224/1224/206 1223/1223/206 1225/1225/206
f 1224/1224/2 1225/1225/2 1226/1226/2
f 1226/1226/152 1225/1225/152 1227/1227/152
f 1226/1226/2 1227/1227/2 1228/1228/2
f 1228/1228/2 1227/1227/2 1222/1222/2
f 1228/1228/24 1222/1222/24 1221/1221/24
f 1229/1229/1 1230/1230/1 1231/1231/1
f 1229/1229/155 1231/1231/155 1232/1232/155
f 1233/1233/1 1229/1229/1 1232/1232/1
f 1233/1233/1 1232/1232/1 1234/1234/1
f 1235/1235/1 1233/1233/1 1234/1234/1
f 1235/1235/153 1234/1234/153 1236/1236/153
f 1230/1230/208 1235/1235/208 1236/1236/208
f 1230/1230/1 1236/1236/1 1231/1231/1
f 1237/1237/152 1238/1238/152 1239/1239/152
f 1237/1237/209 1239/1239/209 1240/1240/209
f 1240/1240/206 1239/1239/206 1241/1241/206
f 1240/1240/207 1241/1241/207 1242/1242/207
f 1242/1242/2 1241/1241/2 1243/1243/2
f 1242/1242/152 1243/1243/152 1244/1244/152
f 1244/1244/2 1243/1243/2 1238/1238/2
f 1244/1244/206 1238/1238/206 1237/1237/206
f 1245/1245/153 1246/1246/153 1247/1247/153
f 1245/1245/1 1247/1247/1 1237/1237/1
f 1248/1248/189 1245/1245/189 1237/1237/189
f 1248/1248/204 1237/1237/204 1244/1244/204
f 1249/1249/153 1248/1248/153 1244/1244/153
f 1249/1249/1 1244/1244/1 1250/1250/1
f 1246/1246/208 1249/1249/208 1250/1250/208
f 1246/1246/189 1250/1250/189 1247/1247/189
f 1251/1251/2 1252/1252/2 1253/1253/2
f 1251/1251/180 1253/1253/180 1254/1254/180
f 1254/1254/206 1253/1253/206 1255/1255/206
f 1254/1254/207 1255/1255/207 1256/1256/207
f 1256/1256/2 1255/1255/2 1257/1257/2
f 1256/1256/156 1257/1257/156 1258/1258/156
f 1258/1258/206 1257/1257/206 1252/1252/206
f 1258/1258/207 1252/1252/207 1251/1251/207
f 1221/1221/25 1224/1224/25 12/12/25
f 1221/1221/25 12/12/25 15/15/25
f 1223/1223/9 1222/1222/9 1218/1218/9
f 1223/1223/9 1218/1218/9 1217/1217/9
f 1224/1224/5 1226/1226/5 6/6/5
f 1224/1224/5 6/6/5 12/12/5
f 1225/1225/3 1223/1223/3 1217/1217/3
f 1225/1225/3 1217/1217/3 1219/1219/3
f 1226/1226/6 1228/1228/6 5/5/6
f 1226/1226/6 5/5/6 6/6/6
f 1227/1227/7 1225/1225/7 1219/1219/7
f 1227/1227/7 1219/1219/7 1220/1220/7
f 1228/1228/3 1221/1221/3 15/15/3
f 1228/1228/3 15/15/3 5/5/3
f 1222/1222/5 1227/1227/5 1220/1220/5
f 1222/1222/5 1220/1220/5 1218/1218/5
f 1237/1237/146 1240/1240/146 1232/1232/146
f 1237/1237/146 1232/1232/146 1231/1231/146
f 1239/1239/147 1238/1238/147 1230/1230/147
f 1239/1239/147 1230/1230/147 1229/1229/147
f 1240/1240/5 1242/1242/5 1234/1234/5
f 1240/1240/5 1234/1234/5 1232/1232/5
f 1241/1241/3 1239/1239/3 1229/1229/3
f 1241/1241/3 1229/1229/3 1233/1233/3
f 1242/1242/188 1244/1244/188 1236/1236/188
f 1242/1242/188 1236/1236/188 1234/1234/188
f 1243/1243/211 1241/1241/211 1233/1233/211
f 1243/1243/211 1233/1233/211 1235/1235/211
f 1244/1244/3 1237/1237/3 1231/1231/3
f 1244/1244/3 1231/1231/3 1236/1236/3
f 1238/1238/5 1243/1243/5 1235/1235/5
f 1238/1238/5 1235/1235/5 1230/1230/5
f 1251/1251/211 1254/1254/211 1237/1237/211
f 1251/1251/211 1237/1237/211 1247/1247/211
f 1253/1253/188 1252/1252/188 1246/1246/188
f 1253/1253/188 1246/1246/188 1245/1245/188
f 1254/1254/5 1256/1256/5 1244/1244/5
f 1254/1254/5 1244/1244/5 1237/1237/5
f 1255/1255/3 1253/1253/3 1245/1245/3
f 1255/1255/3 1245/1245/3 1248/1248/3
f 1256/1256/147 1258/1258/147 1250/1250/147
f 1256/1256/210 1250/1250/210 1244/1244/210
f 1257/1257/146 1255/1255/146 1248/1248/146
f 1257/1257/146 1248/1248/146 1249/1249/146
f 1258/1258/3 1251/1251/3 1247/1247/3
f 1258/1258/3 1247/1247/3 1250/1250/3
f 1252/1252/5 1257/1257/5 1249/1249/5
f 1252/1252/5 1249/1249/5 1246/1246/5
f 1259/1259/1 1260/1260/1 1261/1261/1
f 1259/1259/1 1261/1261/1 1262/1262/1
f 1263/1263/2 1264/1264/2 1265/1265/2
f 1263/1263/2 1265/1265/2 1266/1266/2
f 1263/1263/5 1266/1266/5 1262/1262/5
f 1263/1263/5 1262/1262/5 1261/1261/5
f 1266/1266/190 1265/1265/190 1259/1259/190
f 1266/1266/190 1259/1259/190 1262/1262/190
f 1265/1265/3 1264/1264/3 1260/1260/3
f 1265/1265/244 1260/1260/244 1259/1259/244
f 1264/1264/191 1263/1263/191 1261/1261/191
f 1264/1264/191 1261/1261/191 1260/1260/191
f 1267/1267/1 1268/1268/1 1269/1269/1
f 1267/1267/1 1269/1269/1 1270/1270/1
f 1271/1271/2 1272/1272/2 1273/1273/2
f 1271/1271/2 1273/1273/2 1274/1274/2
f 1271/1271/5 1274/1274/5 1270/1270/5
f 1271/1271/5 1270/1270/5 1269/1269/5
f 1274/1274/236 1273/1273/236 1267/1267/236
f 1274/1274/213 1267/1267/213 1270/1270/213
f 1273/1273/244 1272/1272/244 1268/1268/244
f 1273/1273/243 1268/1268/243 1267/1267/243
f 1272/1272/237 1271/1271/237 1269/1269/237
f 1272/1272/237 1269/1269/237 1268/1268/237
f 1275/1275/211 1276/1276/211 60/60/211
f 1275/1275/211 60/60/211 1277/1277/211
f 1278/1278/178 1275/1275/178 1277/1277/178
f 1278/1278/245 1277/1277/245 58/58/245
f 1279/1279/146 1278/1278/146 58/58/146
f 1279/1279/149 58/58/149 57/57/149
f 1276/1276/246 1279/1279/246 57/57/246
f 1276/1276/143 57/57/143 60/60/143
f 69/69/210 1280/1280/210 1281/1281/210
f 69/69/210 1281/1281/210 74/74/210
f 74/74/219 1281/1281/219 1282/1282/219
f 74/74/165 1282/1282/165 68/68/165
f 68/68/147 1282/1282/147 1283/1283/147
f 68/68/147 1283/1283/147 65/65/147
f 65/65/219 1283/1283/219 1280/1280/219
f 65/65/145 1280/1280/145 69/69/145
f 1284/1284/211 1285/1285/211 1286/1286/211
f 1284/1284/211 1286/1286/211 1287/1287/211
f 1288/1288/17 1284/1284/17 1287/1287/17
f 1288/1288/4 1287/1287/4 1289/1289/4
f 1290/1290/211 1288/1288/211 1289/1289/211
f 1290/1290/211 1289/1289/211 1291/1291/211
f 1285/1285/247 1290/1290/247 1291/1291/247
f 1285/1285/4 1291/1291/4 1286/1286/4
f 1292/1292/188 1293/1293/188 1294/1294/188
f 1292/1292/188 1294/1294/188 1295/1295/188
f 1295/1295/248 1294/1294/248 1296/1296/248
f 1295/1295/249 1296/1296/249 1297/1297/249
f 1297/1297/188 1296/1296/188 1298/1298/188
f 1297/1297/188 1298/1298/188 1299/1299/188
f 1299/1299/248 1298/1298/248 1293/1293/248
f 1299/1299/166 1293/1293/166 1292/1292/166
f 1300/1300/211 1301/1301/211 1302/1302/211
f 1300/1300/211 1302/1302/211 1292/1292/211
f 1303/1303/246 1300/1300/246 1292/1292/246
f 1303/1303/143 1292/1292/143 1299/1299/143
f 1304/1304/211 1303/1303/211 1299/1299/211
f 1304/1304/211 1299/1299/211 1305/1305/211
f 1301/1301/245 1304/1304/245 1305/1305/245
f 1301/1301/250 1305/1305/250 1302/1302/250
f 1306/1306/188 1307/1307/188 1308/1308/188
f 1306/1306/188 1308/1308/188 1309/1309/188
f 1309/1309/251 1308/1308/251 1310/1310/251
f 1309/1309/145 1310/1310/145 1311/1311/145
f 1311/1311/188 1310/1310/188 1312/1312/188
f 1311/1311/188 1312/1312/188 1313/1313/188
f 1313/1313/8 1312/1312/8 1307/1307/8
f 1313/1313/252 1307/1307/252 1306/1306/252
f 69/69/2 74/74/2 1277/1277/2
f 69/69/2 1277/1277/2 60/60/2
f 1281/1281/1 1280/1280/1 1276/1276/1
f 1281/1281/153 1276/1276/153 1275/1275/153
f 74/74/5 68/68/5 58/58/5
f 74/74/5 58/58/5 1277/1277/5
f 1282/1282/3 1281/1281/3 1275/1275/3
f 1282/1282/3 1275/1275/3 1278/1278/3
f 68/68/1 65/65/1 57/57/1
f 68/68/1 57/57/1 58/58/1
f 1283/1283/2 1282/1282/2 1278/1278/2
f 1283/1283/2 1278/1278/2 1279/1279/2
f 65/65/3 69/69/3 60/60/3
f 65/65/3 60/60/3 57/57/3
f 1280/1280/5 1283/1283/5 1279/1279/5
f 1280/1280/5 1279/1279/5 1276/1276/5
f 1292/1292/152 1295/1295/152 1287/1287/152
f 1292/1292/152 1287/1287/152 1286/1286/152
f 1294/1294/153 1293/1293/153 1285/1285/153
f 1294/1294/153 1285/1285/153 1284/1284/153
f 1295/1295/5 1297/1297/5 1289/1289/5
f 1295/1295/5 1289/1289/5 1287/1287/5
f 1296/1296/3 1294/1294/3 1284/1284/3
f 1296/1296/3 1284/1284/3 1288/1288/3
f 1297/1297/153 1299/1299/153 1291/1291/153
f 1297/1297/153 1291/1291/153 1289/1289/153
f 1298/1298/152 1296/1296/152 1288/1288/152
f 1298/1298/152 1288/1288/152 1290/1290/152
f 1299/1299/3 1292/1292/3 1286/1286/3
f 1299/1299/3 1286/1286/3 1291/1291/3
f 1293/1293/5 1298/1298/5 1290/1290/5
f 1293/1293/5 1290/1290/5 1285/1285/5
f 1306/1306/2 1309/1309/2 1292/1292/2
f 1306/1306/152 1292/1292/152 1302/1302/152
f 1308/1308/1 1307/1307/1 1301/1301/1
f 1308/1308/153 1301/1301/153 1300/1300/153
f 1309/1309/5 1311/1311/5 1299/1299/5
f 1309/1309/5 1299/1299/5 1292/1292/5
f 1310/1310/3 1308/1308/3 1300/1300/3
f 1310/1310/3 1300/1300/3 1303/1303/3
f 1311/1311/153 1313/1313/153 1305/1305/153
f 1311/1311/153 1305/1305/153 1299/1299/153
f 1312/1312/2 1310/1310/2 1303/1303/2
f 1312/1312/2 1303/1303/2 1304/1304/2
f 1313/1313/3 1306/1306/3 1302/1302/3
f 1313/1313/3 1302/1302/3 1305/1305/3
f 1307/1307/5 1312/1312/5 1304/1304/5
f 1307/1307/5 1304/1304/5 1301/1301/5
f 1314/1314/4 1315/1315/4 1316/1316/4
f 1314/1314/4 1316/1316/4 1317/1317/4
f 1318/1318/8 1319/1319/8 1320/1320/8
f 1318/1318/8 1320/1320/8 1321/1321/8
f 1318/1318/5 1321/1321/5 1317/1317/5
f 1318/1318/5 1317/1317/5 1316/1316/5
f 1321/1321/155 1320/1320/155 1314/1314/155
f 1321/1321/155 1314/1314/155 1317/1317/155
f 1320/1320/3 1319/1319/3 1315/1315/3
f 1320/1320/3 1315/1315/3 1314/1314/3
f 1319/1319/161 1318/1318/161 1316/1316/161
f 1319/1319/161 1316/1316/161 1315/1315/161
f 1322/1322/4 1323/1323/4 1324/1324/4
f 1322/1322/4 1324/1324/4 1325/1325/4
f 1326/1326/8 1327/1327/8 1328/1328/8
f 1326/1326/8 1328/1328/8 1329/1329/8
f 1326/1326/5 1329/1329/5 1325/1325/5
f 1326/1326/5 1325/1325/5 1324/1324/5
f 1329/1329/159 1328/1328/159 1322/1322/159
f 1329/1329/159 1322/1322/159 1325/1325/159
f 1328/1328/3 1327/1327/3 1323/1323/3
f 1328/1328/3 1323/1323/3 1322/1322/3
f 1327/1327/152 1326/1326/152 1324/1324/152
f 1327/1327/152 1324/1324/152 1323/1323/152
f 1330/1330/253 1331/1331/253 55/55/253
f 1330/1330/4 55/55/4 63/63/4
f 1332/1332/146 1330/1330/146 63/63/146
f 1332/1332/149 63/63/149 61/61/149
f 1333/1333/254 1332/1332/254 61/61/254
f 1333/1333/255 61/61/255 56/56/255
f 1331/1331/146 1333/1333/146 56/56/146
f 1331/1331/149 56/56/149 55/55/149
f 67/67/166 1334/1334/166 1335/1335/166
f 67/67/128 1335/1335/128 72/72/128
f 72/72/147 1335/1335/147 1336/1336/147
f 72/72/147 1336/1336/147 71/71/147
f 71/71/8 1336/1336/8 1337/1337/8
f 71/71/256 1337/1337/256 66/66/256
f 66/66/147 1337/1337/147 1334/1334/147
f 66/66/210 1334/1334/210 67/67/210
f 1338/1338/168 1339/1339/168 1340/1340/168
f 1338/1338/257 1340/1340/257 1341/1341/257
f 1342/1342/258 1338/1338/258 1341/1341/258
f 1342/1342/211 1341/1341/211 1343/1343/211
f 1344/1344/217 1342/1342/217 1343/1343/217
f 1344/1344/257 1343/1343/257 1345/1345/257
f 1339/1339/211 1344/1344/211 1345/1345/211
f 1339/1339/211 1345/1345/211 1340/1340/211
f 1346/1346/8 1347/1347/8 1348/1348/8
f 1346/1346/251 1348/1348/251 1349/1349/251
f 1349/1349/188 1348/1348/188 1350/1350/188
f 1349/1349/188 1350/1350/188 1351/1351/188
f 1351/1351/8 1350/1350/8 1352/1352/8
f 1351/1351/259 1352/1352/259 1353/1353/259
f 1353/1353/147 1352/1352/147 1347/1347/147
f 1353/1353/147 1347/1347/147 1346/1346/147
f 1354/1354/246 1355/1355/246 1356/1356/246
f 1354/1354/221 1356/1356/221 1346/1346/221
f 1357/1357/211 1354/1354/211 1346/1346/211
f 1357/1357/211 1346/1346/211 1353/1353/211
f 1358/1358/4 1357/1357/4 1353/1353/4
f 1358/1358/4 1353/1353/4 1359/1359/4
f 1355/1355/211 1358/1358/211 1359/1359/211
f 1355/1355/211 1359/1359/211 1356/1356/211
f 1360/1360/166 1361/1361/166 1362/1362/166
f 1360/1360/132 1362/1362/132 1363/1363/132
f 1363/1363/188 1362/1362/188 1364/1364/188
f 1363/1363/188 1364/1364/188 1365/1365/188
f 1365/1365/260 1364/1364/260 1366/1366/260
f 1365/1365/230 1366/1366/230 1367/1367/230
f 1367/1367/188 1366/1366/188 1361/1361/188
f 1367/1367/188 1361/1361/188 1360/1360/188
f 67/67/5 72/72/5 63/63/5
f 67/67/5 63/63/5 55/55/5
f 1335/1335/3 1334/1334/3 1331/1331/3
f 1335/1335/3 1331/1331/3 1330/1330/3
f 72/72/1 71/71/1 61/61/1
f 72/72/1 61/61/1 63/63/1
f 1336/1336/2 1335/1335/2 1330/1330/2
f 1336/1336/2 1330/1330/2 1332/1332/2
f 71/71/3 66/66/3 56/56/3
f 71/71/3 56/56/3 61/61/3
f 1337/1337/5 1336/1336/5 1332/1332/5
f 1337/1337/5 1332/1332/5 1333/1333/5
f 66/66/2 67/67/2 55/55/2
f 66/66/2 55/55/2 56/56/2
f 1334/1334/1 1337/1337/1 1333/1333/1
f 1334/1334/1 1333/1333/1 1331/1331/1
f 1346/1346/5 1349/1349/5 1341/1341/5
f 1346/1346/5 1341/1341/5 1340/1340/5
f 1348/1348/3 1347/1347/3 1339/1339/3
f 1348/1348/3 1339/1339/3 1338/1338/3
f 1349/1349/153 1351/1351/153 1343/1343/153
f 1349/1349/153 1343/1343/153 1341/1341/153
f 1350/1350/152 1348/1348/152 1338/1338/152
f 1350/1350/152 1338/1338/152 1342/1342/152
f 1351/1351/3 1353/1353/3 1345/1345/3
f 1351/1351/3 1345/1345/3 1343/1343/3
f 1352/1352/5 1350/1350/5 1342/1342/5
f 1352/1352/5 1342/1342/5 1344/1344/5
f 1353/1353/156 1346/1346/156 1340/1340/156
f 1353/1353/2 1340/1340/2 1345/1345/2
f 1347/1347/153 1352/1352/153 1344/1344/153
f 1347/1347/153 1344/1344/153 1339/1339/153
f 1360/1360/5 1363/1363/5 1346/1346/5
f 1360/1360/5 1346/1346/5 1356/1356/5
f 1362/1362/3 1361/1361/3 1355/1355/3
f 1362/1362/3 1355/1355/3 1354/1354/3
f 1363/1363/153 1365/1365/153 1353/1353/153
f 1363/1363/153 1353/1353/153 1346/1346/153
f 1364/1364/152 1362/1362/152 1354/1354/152
f 1364/1364/154 1354/1354/154 1357/1357/154
f 1365/1365/3 1367/1367/3 1359/1359/3
f 1365/1365/3 1359/1359/3 1353/1353/3
f 1366/1366/5 1364/1364/5 1357/1357/5
f 1366/1366/5 1357/1357/5 1358/1358/5
f 1367/1367/152 1360/1360/152 1356/1356/152
f 1367/1367/152 1356/1356/152 1359/1359/152
f 1361/1361/153 1366/1366/153 1358/1358/153
f 1361/1361/153 1358/1358/153 1355/1355/153
f 1368/1368/4 1369/1369/4 1370/1370/4
f 1368/1368/4 1370/1370/4 1371/1371/4
f 1372/1372/8 1373/1373/8 1374/1374/8
f 1372/1372/8 1374/1374/8 1375/1375/8
f 1372/1372/155 1375/1375/155 1371/1371/155
f 1372/1372/162 1371/1371/162 1370/1370/162
f 1375/1375/3 1374/1374/3 1368/1368/3
f 1375/1375/3 1368/1368/3 1371/1371/3
f 1374/1374/2 1373/1373/2 1369/1369/2
f 1374/1374/2 1369/1369/2 1368/1368/2
f 1373/1373/5 1372/1372/5 1370/1370/5
f 1373/1373/5 1370/1370/5 1369/1369/5
f 1376/1376/21 1377/1377/21 1378/1378/21
f 1376/1376/4 1378/1378/4 1379/1379/4
f 1380/1380/8 1381/1381/8 1382/1382/8
f 1380/1380/8 1382/1382/8 1383/1383/8
f 1380/1380/203 1383/1383/203 1379/1379/203
f 1380/1380/160 1379/1379/160 1378/1378/160
f 1383/1383/3 1382/1382/3 1376/1376/3
f 1383/1383/3 1376/1376/3 1379/1379/3
f 1382/1382/2 1381/1381/2 1377/1377/2
f 1382/1382/261 1377/1377/261 1376/1376/261
f 1381/1381/5 1380/1380/5 1378/1378/5
f 1381/1381/5 1378/1378/5 1377/1377/5
f 1384/1384/25 1385/1385/25 50/50/25
f 1384/1384/25 50/50/25 51/51/25
f 1386/1386/19 1384/1384/19 51/51/19
f 1386/1386/4 51/51/4 46/46/4
f 1387/1387/25 1386/1386/25 46/46/25
f 1387/1387/25 46/46/25 45/45/25
f 1385/1385/19 1387/1387/19 45/45/19
f 1385/1385/4 45/45/4 50/50/4
f 39/39/9 1388/1388/9 1389/1389/9
f 39/39/9 1389/1389/9 41/41/9
f 41/41/219 1389/1389/219 1390/1390/219
f 41/41/248 1390/1390/248 33/33/248
f 33/33/9 1390/1390/9 1391/1391/9
f 33/33/9 1391/1391/9 34/34/9
f 34/34/256 1391/1391/256 1388/1388/256
f 34/34/249 1388/1388/249 39/39/249
f 1392/1392/25 1393/1393/25 1394/1394/25
f 1392/1392/25 1394/1394/25 1395/1395/25
f 1396/1396/174 1392/1392/174 1395/1395/174
f 1396/1396/4 1395/1395/4 1397/1397/4
f 1398/1398/25 1396/1396/25 1397/1397/25
f 1398/1398/25 1397/1397/25 1399/1399/25
f 1393/1393/143 1398/1398/143 1399/1399/143
f 1393/1393/245 1399/1399/245 1394/1394/245
f 1400/1400/9 1401/1401/9 1402/1402/9
f 1400/1400/9 1402/1402/9 1403/1403/9
f 1403/1403/8 1402/1402/8 1404/1404/8
f 1403/1403/262 1404/1404/262 1405/1405/262
f 1405/1405/9 1404/1404/9 1406/1406/9
f 1405/1405/9 1406/1406/9 1407/1407/9
f 1407/1407/8 1406/1406/8 1401/1401/8
f 1407/1407/220 1401/1401/220 1400/1400/220
f 1408/1408/25 1409/1409/25 1410/1410/25
f 1408/1408/25 1410/1410/25 1400/1400/25
f 1411/1411/135 1408/1408/135 1400/1400/135
f 1411/1411/4 1400/1400/4 1407/1407/4
f 1412/1412/25 1411/1411/25 1407/1407/25
f 1412/1412/25 1407/1407/25 1413/1413/25
f 1409/1409/18 1412/1412/18 1413/1413/18
f 1409/1409/245 1413/1413/245 1410/1410/245
f 1414/1414/147 1415/1415/147 1416/1416/147
f 1414/1414/147 1416/1416/147 1417/1417/147
f 1417/1417/9 1416/1416/9 1418/1418/9
f 1417/1417/10 1418/1418/10 1419/1419/10
f 1419/1419/147 1418/1418/147 1420/1420/147
f 1419/1419/147 1420/1420/147 1421/1421/147
f 1421/1421/251 1420/1420/251 1415/1415/251
f 1421/1421/145 1415/1415/145 1414/1414/145
f 39/39/2 41/41/2 51/51/2
f 39/39/2 51/51/2 50/50/2
f 1389/1389/1 1388/1388/1 1385/1385/1
f 1389/1389/1 1385/1385/1 1384/1384/1
f 41/41/5 33/33/5 46/46/5
f 41/41/5 46/46/5 51/51/5
f 1390/1390/3 1389/1389/3 1384/1384/3
f 1390/1390/3 1384/1384/3 1386/1386/3
f 33/33/1 34/34/1 45/45/1
f 33/33/1 45/45/1 46/46/1
f 1391/1391/2 1390/1390/2 1386/1386/2
f 1391/1391/2 1386/1386/2 1387/1387/2
f 34/34/3 39/39/3 50/50/3
f 34/34/3 50/50/3 45/45/3
f 1388/1388/5 1391/1391/5 1387/1387/5
f 1388/1388/5 1387/1387/5 1385/1385/5
f 1400/1400/156 1403/1403/156 1395/1395/156
f 1400/1400/2 1395/1395/2 1394/1394/2
f 1402/1402/1 1401/1401/1 1393/1393/1
f 1402/1402/1 1393/1393/1 1392/1392/1
f 1403/1403/5 1405/1405/5 1397/1397/5
f 1403/1403/5 1397/1397/5 1395/1395/5
f 1404/1404/3 1402/1402/3 1392/1392/3
f 1404/1404/3 1392/1392/3 1396/1396/3
f 1405/1405/1 1407/1407/1 1399/1399/1
f 1405/1405/1 1399/1399/1 1397/1397/1
f 1406/1406/2 1404/1404/2 1396/1396/2
f 1406/1406/2 1396/1396/2 1398/1398/2
f 1407/1407/3 1400/1400/3 1394/1394/3
f 1407/1407/3 1394/1394/3 1399/1399/3
f 1401/1401/5 1406/1406/5 1398/1398/5
f 1401/1401/5 1398/1398/5 1393/1393/5
f 1414/1414/2 1417/1417/2 1400/1400/2
f 1414/1414/2 1400/1400/2 1410/1410/2
f 1416/1416/1 1415/1415/1 1409/1409/1
f 1416/1416/153 1409/1409/153 1408/1408/153
f 1417/1417/5 1419/1419/5 1407/1407/5
f 1417/1417/5 1407/1407/5 1400/1400/5
f 1418/1418/3 1416/1416/3 1408/1408/3
f 1418/1418/3 1408/1408/3 1411/1411/3
f 1419/1419/153 1421/1421/153 1413/1413/153
f 1419/1419/153 1413/1413/153 1407/1407/153
f 1420/1420/2 1418/1418/2 1411/1411/2
f 1420/1420/152 1411/1411/152 1412/1412/152
f 1421/1421/3 1414/1414/3 1410/1410/3
f 1421/1421/3 1410/1410/3 1413/1413/3
f 1415/1415/5 1420/1420/5 1412/1412/5
f 1415/1415/5 1412/1412/5 1409/1409/5
f 1422/1422/4 1423/1423/4 1424/1424/4
f 1422/1422/4 1424/1424/4 1425/1425/4
f 1426/1426/8 1427/1427/8 1428/1428/8
f 1426/1426/8 1428/1428/8 1429/1429/8
f 1426/1426/5 1429/1429/5 1425/1425/5
f 1426/1426/5 1425/1425/5 1424/1424/5
f 1429/1429/159 1428/1428/159 1422/1422/159
f 1429/1429/153 1422/1422/153 1425/1425/153
f 1428/1428/3 1427/1427/3 1423/1423/3
f 1428/1428/3 1423/1423/3 1422/1422/3
f 1427/1427/152 1426/1426/152 1424/1424/152
f 1427/1427/152 1424/1424/152 1423/1423/152
f 1430/1430/4 1431/1431/4 1432/1432/4
f 1430/1430/4 1432/1432/4 1433/1433/4
f 1434/1434/8 1435/1435/8 1436/1436/8
f 1434/1434/8 1436/1436/8 1437/1437/8
f 1434/1434/5 1437/1437/5 1433/1433/5
f 1434/1434/5 1433/1433/5 1432/1432/5
f 1437/1437/153 1436/1436/153 1430/1430/153
f 1437/1437/153 1430/1430/153 1433/1433/153
f 1436/1436/3 1435/1435/3 1431/1431/3
f 1436/1436/3 1431/1431/3 1430/1430/3
f 1435/1435/2 1434/1434/2 1432/1432/2
f 1435/1435/2 1432/1432/2 1431/1431/2
f 1438/1438/25 1439/1439/25 1440/1440/25
f 1438/1438/25 1440/1440/25 1441/1441/25
f 1442/1442/134 1438/1438/134 1441/1441/134
f 1442/1442/4 1441/1441/4 54/54/4
f 1443/1443/25 1442/1442/25 54/54/25
f 1443/1443/25 54/54/25 48/48/25
f 1439/1439/21 1443/1443/21 48/48/21
f 1439/1439/4 48/48/4 1440/1440/4
f 1444/1444/147 1445/1445/147 1446/1446/147
f 1444/1444/147 1446/1446/147 36/36/147
f 36/36/263 1446/1446/263 1447/1447/263
f 36/36/259 1447/1447/259 42/42/259
f 42/42/9 1447/1447/9 1448/1448/9
f 42/42/9 1448/1448/9 38/38/9
f 38/38/8 1448/1448/8 1445/1445/8
f 38/38/11 1445/1445/11 1444/1444/11
f 1449/1449/25 1450/1450/25 1451/1451/25
f 1449/1449/25 1451/1451/25 1452/1452/25
f 1453/1453/164 1449/1449/164 1452/1452/164
f 1453/1453/264 1452/1452/264 1454/1454/264
f 1455/1455/25 1453/1453/25 1454/1454/25
f 1455/1455/25 1454/1454/25 1456/1456/25
f 1450/1450/265 1455/1455/265 1456/1456/265
f 1450/1450/4 1456/1456/4 1451/1451/4
f 1457/1457/9 1458/1458/9 1459/1459/9
f 1457/1457/9 1459/1459/9 1460/1460/9
f 1460/1460/266 1459/1459/266 1461/1461/266
f 1460/1460/267 1461/1461/267 1462/1462/267
f 1462/1462/9 1461/1461/9 1463/1463/9
f 1462/1462/9 1463/1463/9 1464/1464/9
f 1464/1464/8 1463/1463/8 1458/1458/8
f 1464/1464/132 1458/1458/132 1457/1457/132
f 1465/1465/25 1466/1466/25 1467/1467/25
f 1465/1465/25 1467/1467/25 1457/1457/25
f 1468/1468/247 1465/1465/247 1457/1457/247
f 1468/1468/4 1457/1457/4 1464/1464/4
f 1469/1469/25 1468/1468/25 1464/1464/25
f 1469/1469/25 1464/1464/25 1470/1470/25
f 1466/1466/254 1469/1469/254 1470/1470/254
f 1466/1466/4 1470/1470/4 1467/1467/4
f 1471/1471/9 1472/1472/9 1473/1473/9
f 1471/1471/9 1473/1473/9 1474/1474/9
f 1474/1474/8 1473/1473/8 1475/1475/8
f 1474/1474/248 1475/1475/248 1476/1476/248
f 1476/1476/9 1475/1475/9 1477/1477/9
f 1476/1476/9 1477/1477/9 1478/1478/9
f 1478/1478/266 1477/1477/266 1472/1472/266
f 1478/1478/13 1472/1472/13 1471/1471/13
f 1444/1444/2 36/36/2 1441/1441/2
f 1444/1444/2 1441/1441/2 1440/1440/2
f 1446/1446/153 1445/1445/153 1439/1439/153
f 1446/1446/1 1439/1439/1 1438/1438/1
f 36/36/5 42/42/5 54/54/5
f 36/36/5 54/54/5 1441/1441/5
f 1447/1447/3 1446/1446/3 1438/1438/3
f 1447/1447/3 1438/1438/3 1442/1442/3
f 42/42/1 38/38/1 48/48/1
f 42/42/1 48/48/1 54/54/1
f 1448/1448/2 1447/1447/2 1442/1442/2
f 1448/1448/2 1442/1442/2 1443/1443/2
f 38/38/3 1444/1444/3 1440/1440/3
f 38/38/3 1440/1440/3 48/48/3
f 1445/1445/5 1448/1448/5 1443/1443/5
f 1445/1445/5 1443/1443/5 1439/1439/5
f 1457/1457/2 1460/1460/2 1452/1452/2
f 1457/1457/2 1452/1452/2 1451/1451/2
f 1459/1459/1 1458/1458/1 1450/1450/1
f 1459/1459/1 1450/1450/1 1449/1449/1
f 1460/1460/5 1462/1462/5 1454/1454/5
f 1460/1460/5 1454/1454/5 1452/1452/5
f 1461/1461/3 1459/1459/3 1449/1449/3
f 1461/1461/3 1449/1449/3 1453/1453/3
f 1462/1462/159 1464/1464/159 1456/1456/159
f 1462/1462/155 1456/1456/155 1454/1454/155
f 1463/1463/156 1461/1461/156 1453/1453/156
f 1463/1463/156 1453/1453/156 1455/1455/156
f 1464/1464/3 1457/1457/3 1451/1451/3
f 1464/1464/3 1451/1451/3 1456/1456/3
f 1458/1458/5 1463/1463/5 1455/1455/5
f 1458/1458/5 1455/1455/5 1450/1450/5
f 1471/1471/152 1474/1474/152 1457/1457/152
f 1471/1471/152 1457/1457/152 1467/1467/152
f 1473/1473/1 1472/1472/1 1466/1466/1
f 1473/1473/153 1466/1466/153 1465/1465/153
f 1474/1474/5 1476/1476/5 1464/1464/5
f 1474/1474/5 1464/1464/5 1457/1457/5
f 1475/1475/3 1473/1473/3 1465/1465/3
f 1475/1475/3 1465/1465/3 1468/1468/3
f 1476/1476/153 1478/1478/153 1470/1470/153
f 1476/1476/153 1470/1470/153 1464/1464/153
f 1477/1477/2 1475/1475/2 1468/1468/2
f 1477/1477/2 1468/1468/2 1469/1469/2
f 1478/1478/3 1471/1471/3 1467/1467/3
f 1478/1478/3 1467/1467/3 1470/1470/3
f 1472/1472/5 1477/1477/5 1469/1469/5
f 1472/1472/5 1469/1469/5 1466/1466/5
f 1479/1479/4 1480/1480/4 1481/1481/4
f 1479/1479/4 1481/1481/4 1482/1482/4
f 1483/1483/8 1484/1484/8 1485/1485/8
f 1483/1483/8 1485/1485/8 1486/1486/8
f 1483/1483/5 1486/1486/5 1482/1482/5
f 1483/1483/5 1482/1482/5 1481/1481/5
f 1486/1486/153 1485/1485/153 1479/1479/153
f 1486/1486/153 1479/1479/153 1482/1482/153
f 1485/1485/3 1484/1484/3 1480/1480/3
f 1485/1485/3 1480/1480/3 1479/1479/3
f 1484/1484/152 1483/1483/152 1481/1481/152
f 1484/1484/152 1481/1481/152 1480/1480/152
f 1487/1487/4 1488/1488/4 1489/1489/4
f 1487/1487/134 1489/1489/134 1490/1490/134
f 1491/1491/13 1492/1492/13 1493/1493/13
f 1491/1491/8 1493/1493/8 1494/1494/8
f 1491/1491/5 1494/1494/5 1490/1490/5
f 1491/1491/5 1490/1490/5 1489/1489/5
f 1494/1494/171 1493/1493/171 1487/1487/171
f 1494/1494/153 1487/1487/153 1490/1490/153
f 1493/1493/3 1492/1492/3 1488/1488/3
f 1493/1493/3 1488/1488/3 1487/1487/3
f 1492/1492/2 1491/1491/2 1489/1489/2
f 1492/1492/161 1489/1489/161 1488/1488/161
f 1495/1495/268 1496/1496/268 1497/1497/268
f 1495/1495/268 1497/1497/268 1498/1498/268
f 1496/1496/269 1499/1499/269 1500/1500/269
f 1496/1496/270 1500/1500/270 1497/1497/270
f 1499/1499/271 1501/1501/271 1502/1502/271
f 1499/1499/271 1502/1502/271 1500/1500/271
f 1501/1501/272 1495/1495/272 1498/1498/272
f 1501/1501/273 1498/1498/273 1502/1502/273
f 1503/1503/274 1504/1504/274 1505/1505/274
f 1503/1503/275 1505/1505/275 1506/1506/275
f 1504/1504/276 1496/1496/276 1507/1507/276
f 1504/1504/277 1507/1507/277 1505/1505/277
f 1496/1496/278 1495/1495/278 1508/1508/278
f 1496/1496/279 1508/1508/279 1507/1507/279
f 1495/1495/280 1503/1503/280 1506/1506/280
f 1495/1495/281 1506/1506/281 1508/1508/281
f 1509/1509/282 213/213/282 215/215/282
f 1509/1509/282 215/215/282 1510/1510/282
f 1511/1511/283 212/212/283 213/213/283
f 1511/1511/284 213/213/284 1509/1509/284
f 1512/1512/282 214/214/282 212/212/282
f 1512/1512/282 212/212/282 1511/1511/282
f 1510/1510/285 215/215/285 214/214/285
f 1510/1510/286 214/214/286 1512/1512/286
f 1513/1513/287 216/216/287 217/217/287
f 1513/1513/287 217/217/287 1514/1514/287
f 1515/1515/288 213/213/288 216/216/288
f 1515/1515/289 216/216/289 1513/1513/289
f 1516/1516/290 215/215/290 213/213/290
f 1516/1516/287 213/213/287 1515/1515/287
f 1514/1514/288 217/217/288 215/215/288
f 1514/1514/289 215/215/289 1516/1516/289
f 1498/1498/291 1497/1497/291 1509/1509/291
f 1498/1498/291 1509/1509/291 1510/1510/291
f 1499/1499/292 1496/1496/292 213/213/292
f 1499/1499/8 213/213/8 212/212/8
f 1497/1497/4 1500/1500/4 1511/1511/4
f 1497/1497/293 1511/1511/293 1509/1509/293
f 1501/1501/294 1499/1499/294 212/212/294
f 1501/1501/291 212/212/291 214/214/291
f 1500/1500/295 1502/1502/295 1512/1512/295
f 1500/1500/296 1512/1512/296 1511/1511/296
f 1495/1495/4 1501/1501/4 214/214/4
f 1495/1495/201 214/214/201 215/215/201
f 1502/1502/128 1498/1498/128 1510/1510/128
f 1502/1502/8 1510/1510/8 1512/1512/8
f 1504/1504/297 1503/1503/297 217/217/297
f 1504/1504/297 217/217/297 216/216/297
f 1506/1506/298 1505/1505/298 1513/1513/298
f 1506/1506/298 1513/1513/298 1514/1514/298
f 1496/1496/299 1504/1504/299 216/216/299
f 1496/1496/300 216/216/300 213/213/300
f 1505/1505/201 1507/1507/201 1515/1515/201
f 1505/1505/201 1515/1515/201 1513/1513/201
f 1507/1507/297 1508/1508/297 1516/1516/297
f 1507/1507/297 1516/1516/297 1515/1515/297
f 1503/1503/301 1495/1495/301 215/215/301
f 1503/1503/201 215/215/201 217/217/201
f 1508/1508/302 1506/1506/302 1514/1514/302
f 1508/1508/303 1514/1514/303 1516/1516/303
f 1511/1511/271 1512/1512/271 1510/1510/271
f 1511/1511/271 1510/1510/271 1509/1509/271
f 1515/1515/274 1516/1516/274 1514/1514/274
f 1515/1515/275 1514/1514/275 1513/1513/275
f 1517/1517/8 1518/1518/8 1519/1519/8
f 1517/1517/8 1519/1519/8 1520/1520/8
f 1518/1518/8 1521/1521/8 1522/1522/8
f 1518/1518/8 1522/1522/8 1519/1519/8
f 1523/1523/4 1496/1496/4 1524/1524/4
f 1523/1523/4 1524/1524/4 1525/1525/4
f 1526/1526/4 1527/1527/4 1496/1496/4
f 1526/1526/4 1496/1496/4 1523/1523/4
f 1523/1523/304 1525/1525/304 1520/1520/304
f 1523/1523/114 1520/1520/114 1519/1519/114
f 1525/1525/2 1524/1524/2 1517/1517/2
f 1525/1525/2 1517/1517/2 1520/1520/2
f 1524/1524/271 1496/1496/271 1518/1518/271
f 1524/1524/271 1518/1518/271 1517/1517/271
f 1526/1526/305 1523/1523/305 1519/1519/305
f 1526/1526/306 1519/1519/306 1522/1522/306
f 1496/1496/277 1527/1527/277 1521/1521/277
f 1496/1496/307 1521/1521/307 1518/1518/307
f 1527/1527/1 1526/1526/1 1522/1522/1
f 1527/1527/1 1522/1522/1 1521/1521/1
f 1528/1528/308 1529/1529/308 1530/1530/308
f 1531/1531/309 1532/1532/309 1533/1533/309
f 1534/1534/310 1535/1535/310 1536/1536/310
f 1537/1537/311 1538/1538/311 1539/1539/311
f 1540/1540/312 1541/1541/312 1542/1542/312
f 1538/1538/311 1543/1543/311 1539/1539/311
f 1544/1544/4 1538/1538/4 1545/1545/4
f 1546/1546/2 1547/1547/2 1538/1538/2
f 1548/1548/8 1549/1549/8 1547/1547/8
f 1550/1550/313 1551/1551/313 1546/1546/313
f 1538/1538/314 1552/1552/314 1553/1553/314
f 1554/1554/315 1538/1538/315 1551/1551/315
f 1555/1555/316 1546/1546/316 1539/1539/316
f 1540/1540/317 1547/1547/317 1556/1556/317
f 1539/1539/318 1546/1546/318 1557/1557/318
f 1558/1558/319 1547/1547/319 1559/1559/319
f 1560/1560/320 1561/1561/320 1562/1562/320
f 1563/1563/308 1558/1558/308 1564/1564/308
f 1565/1565/321 1566/1566/321 1567/1567/321
f 1547/1547/322 1568/1568/322 1559/1559/322
f 1569/1569/323 1570/1570/323 1571/1571/323
f 1565/1565/324 1570/1570/324 1572/1572/324
f 1573/1573/325 1535/1535/325 1528/1528/325
f 1574/1574/326 1560/1560/326 1528/1528/326
f 1549/1549/327 1574/1574/327 1529/1529/327
f 1530/1530/328 1549/1549/328 1529/1529/328
f 1533/1533/329 1575/1575/329 1532/1532/329
f 1576/1576/330 1533/1533/330 1531/1531/330
f 1577/1577/331 1576/1576/331 1531/1531/331
f 1538/1538/332 1536/1536/332 1534/1534/332
f 1573/1573/332 1575/1575/332 1535/1535/332
f 1541/1541/333 1555/1555/333 1542/1542/333
f 1560/1560/334 1573/1573/334 1528/1528/334
f 1547/1547/335 1578/1578/335 1579/1579/335
f 1547/1547/336 1555/1555/336 1539/1539/336
f 1572/1572/337 1570/1570/337 1580/1580/337
f 1537/1537/338 1539/1539/338 1557/1557/338
f 1565/1565/339 1577/1577/339 1532/1532/339
f 1528/1528/308 1574/1574/308 1529/1529/308
f 1531/1531/309 1577/1577/309 1532/1532/309
f 1534/1534/310 1575/1575/310 1535/1535/310
f 1548/1548/340 1541/1541/340 1556/1556/340
f 1544/1544/4 1546/1546/4 1538/1538/4
f 1546/1546/2 1548/1548/2 1547/1547/2
f 1548/1548/8 1581/1581/8 1549/1549/8
f 1549/1549/341 1564/1564/341 1582/1582/341
f 1547/1547/342 1579/1579/342 1556/1556/342
f 1538/1538/343 1537/1537/343 1551/1551/343
f 1568/1568/344 1547/1547/344 1536/1536/344
f 1542/1542/345 1547/1547/345 1540/1540/345
f 1551/1551/346 1537/1537/346 1557/1557/346
f 1541/1541/347 1540/1540/347 1556/1556/347
f 1558/1558/348 1583/1583/348 1562/1562/348
f 1560/1560/349 1584/1584/349 1561/1561/349
f 1585/1585/327 1586/1586/327 1587/1587/327
f 1576/1576/350 1569/1569/350 1571/1571/350
f 1536/1536/351 1547/1547/351 1530/1530/351
f 1552/1552/352 1576/1576/352 1571/1571/352
f 1565/1565/353 1567/1567/353 1570/1570/353
f 1588/1588/354 1553/1553/354 1559/1559/354
f 1553/1553/355 1552/1552/355 1566/1566/355
f 1566/1566/356 1573/1573/356 1583/1583/356
f 1566/1566/357 1552/1552/357 1567/1567/357
f 1535/1535/358 1530/1530/358 1528/1528/358
f 1549/1549/359 1563/1563/359 1564/1564/359
f 1549/1549/327 1582/1582/327 1574/1574/327
f 1530/1530/360 1547/1547/360 1549/1549/360
f 1538/1538/361 1534/1534/361 1533/1533/361
f 1576/1576/362 1538/1538/362 1533/1533/362
f 1577/1577/330 1580/1580/330 1576/1576/330
f 1573/1573/332 1589/1589/332 1575/1575/332
f 1575/1575/363 1589/1589/363 1532/1532/363
f 1538/1538/364 1588/1588/364 1559/1559/364
f 1572/1572/365 1580/1580/365 1577/1577/365
f 1573/1573/366 1560/1560/366 1583/1583/366
f 1558/1558/367 1559/1559/367 1583/1583/367
f 1575/1575/368 1533/1533/368 1566/1566/368
f 1536/1536/369 1530/1530/369 1559/1559/369
f 1583/1583/370 1560/1560/370 1562/1562/370
f 1590/1590/330 1591/1591/330 1592/1592/330
f 1593/1593/332 1594/1594/332 1595/1595/332
f 1596/1596/371 1597/1597/371 1598/1598/371
f 1599/1599/372 1600/1600/372 1601/1601/372
f 1598/1598/373 1597/1597/373 1602/1602/373
f 1598/1598/374 1603/1603/374 1604/1604/374
f 1605/1605/375 1606/1606/375 1598/1598/375
f 1606/1606/376 1605/1605/376 1607/1607/376
f 1608/1608/377 1603/1603/377 1609/1609/377
f 1610/1610/378 1611/1611/378 1612/1612/378
f 1613/1613/379 1609/1609/379 1598/1598/379
f 1614/1614/380 1597/1597/380 1603/1603/380
f 1599/1599/381 1615/1615/381 1605/1605/381
f 1616/1616/382 1617/1617/382 1618/1618/382
f 1597/1597/383 1619/1619/383 1603/1603/383
f 1620/1620/384 1621/1621/384 1622/1622/384
f 1623/1623/385 1624/1624/385 1618/1618/385
f 1625/1625/386 1616/1616/386 1620/1620/386
f 1626/1626/387 1627/1627/387 1628/1628/387
f 1622/1622/388 1621/1621/388 1629/1629/388
f 1630/1630/389 1631/1631/389 1632/1632/389
f 1626/1626/390 1633/1633/390 1632/1632/390
f 1634/1634/391 1635/1635/391 1636/1636/391
f 1637/1637/392 1635/1635/392 1623/1623/392
f 1617/1617/393 1638/1638/393 1637/1637/393
f 1639/1639/394 1638/1638/394 1617/1617/394
f 1640/1640/395 1641/1641/395 1642/1642/395
f 1643/1643/396 1644/1644/396 1640/1640/396
f 1645/1645/397 1644/1644/397 1643/1643/397
f 1610/1610/398 1646/1646/398 1647/1647/398
f 1634/1634/399 1636/1636/399 1642/1642/399
f 1601/1601/400 1600/1600/400 1614/1614/400
f 1623/1623/401 1635/1635/401 1634/1634/401
f 1605/1605/402 1648/1648/402 1649/1649/402
f 1605/1605/403 1597/1597/403 1614/1614/403
f 1633/1633/404 1650/1650/404 1632/1632/404
f 1596/1596/405 1619/1619/405 1597/1597/405
f 1626/1626/406 1641/1641/406 1645/1645/406
f 1585/1585/327 1587/1587/327 1651/1651/327
f 1590/1590/330 1592/1592/330 1652/1652/330
f 1593/1593/332 1595/1595/332 1653/1653/332
f 1606/1606/407 1615/1615/407 1601/1601/407
f 1606/1606/25 1607/1607/25 1654/1654/25
f 1603/1603/408 1655/1655/408 1604/1604/408
f 1605/1605/409 1615/1615/409 1648/1648/409
f 1598/1598/410 1609/1609/410 1596/1596/410
f 1629/1629/411 1647/1647/411 1622/1622/411
f 1609/1609/412 1619/1619/412 1596/1596/412
f 1601/1601/413 1615/1615/413 1599/1599/413
f 1620/1620/414 1624/1624/414 1656/1656/414
f 1623/1623/415 1618/1618/415 1657/1657/415
f 1643/1643/416 1631/1631/416 1630/1630/416
f 1647/1647/417 1639/1639/417 1622/1622/417
f 1612/1612/418 1631/1631/418 1643/1643/418
f 1626/1626/419 1632/1632/419 1627/1627/419
f 1658/1658/420 1621/1621/420 1611/1611/420
f 1611/1611/421 1628/1628/421 1612/1612/421
f 1628/1628/422 1656/1656/422 1634/1634/422
f 1628/1628/423 1627/1627/423 1612/1612/423
f 1636/1636/424 1635/1635/424 1639/1639/424
f 1617/1617/425 1616/1616/425 1625/1625/425
f 1617/1617/426 1637/1637/426 1659/1659/426
f 1639/1639/427 1617/1617/427 1622/1622/427
f 1610/1610/428 1640/1640/428 1646/1646/428
f 1643/1643/429 1640/1640/429 1610/1610/429
f 1645/1645/430 1643/1643/430 1650/1650/430
f 1606/1606/431 1603/1603/431 1598/1598/431
f 1634/1634/399 1642/1642/399 1660/1660/399
f 1642/1642/432 1641/1641/432 1660/1660/432
f 1610/1610/433 1621/1621/433 1658/1658/433
f 1633/1633/434 1645/1645/434 1650/1650/434
f 1634/1634/435 1656/1656/435 1623/1623/435
f 1620/1620/436 1656/1656/436 1621/1621/436
f 1642/1642/437 1628/1628/437 1640/1640/437
f 1533/1533/438 1591/1591/438 1590/1590/438
f 1647/1647/439 1621/1621/439 1639/1639/439
f 1656/1656/440 1624/1624/440 1623/1623/440
f 1533/1533/441 1590/1590/441 1531/1531/441
f 1528/1528/442 1651/1651/442 1574/1574/442
f 1534/1534/443 1653/1653/443 1575/1575/443
f 1531/1531/444 1652/1652/444 1577/1577/444
f 1574/1574/445 1587/1587/445 1529/1529/446
f 1575/1575/447 1595/1595/447 1535/1535/447
f 1529/1529/448 1586/1586/448 1530/1530/448
f 1577/1577/449 1592/1592/449 1532/1532/449
f 1532/1532/450 1591/1591/450 1533/1533/451
f 1535/1535/452 1594/1594/453 1536/1536/452
f 1528/1528/454 1586/1586/454 1585/1585/454
f 1536/1536/455 1593/1593/455 1534/1534/455
f 1614/1614/456 1600/1600/456 1599/1599/456
f 1528/1528/457 1585/1585/457 1651/1651/457
f 1534/1534/458 1593/1593/459 1653/1653/458
f 1531/1531/460 1590/1590/460 1652/1652/460
f 1574/1574/461 1651/1651/461 1587/1587/461
f 1575/1575/462 1653/1653/462 1595/1595/462
f 1529/1529/463 1587/1587/463 1586/1586/463
f 1577/1577/464 1652/1652/464 1592/1592/464
f 1532/1532/465 1592/1592/465 1591/1591/465
f 1535/1535/466 1595/1595/467 1594/1594/467
f 1528/1528/468 1530/1530/468 1586/1586/468
f 1536/1536/469 1594/1594/469 1593/1593/469
f 1538/1538/3 1661/1661/3 1545/1545/3
f 1550/1550/2 1545/1545/2 1554/1554/2
f 1547/1547/3 1543/1543/3 1538/1538/3
f 1546/1546/470 1555/1555/470 1548/1548/470
f 1574/1574/471 1584/1584/471 1560/1560/471
f 1581/1581/2 1662/1662/2 1549/1549/2
f 1579/1579/156 1662/1662/156 1556/1556/156
f 1548/1548/5 1662/1662/5 1581/1581/5
f 1564/1564/341 1561/1561/341 1582/1582/341
f 1662/1662/472 1548/1548/472 1556/1556/472
f 1584/1584/473 1582/1582/473 1561/1561/473
f 1568/1568/474 1538/1538/474 1559/1559/474
f 1588/1588/475 1538/1538/475 1553/1553/475
f 1565/1565/476 1589/1589/476 1566/1566/476
f 1533/1533/477 1534/1534/477 1553/1553/477
f 1589/1589/478 1565/1565/478 1532/1532/478
f 1545/1545/2 1661/1661/2 1554/1554/2
f 1562/1562/479 1530/1530/479 1558/1558/479
f 1561/1561/480 1528/1528/480 1562/1562/480
f 1552/1552/481 1538/1538/481 1576/1576/481
f 1564/1564/153 1574/1574/153 1561/1561/153
f 1558/1558/482 1529/1529/482 1564/1564/482
f 1567/1567/483 1533/1533/483 1532/1532/483
f 1571/1571/484 1533/1533/484 1552/1552/484
f 1571/1571/485 1577/1577/485 1531/1531/485
f 1572/1572/486 1577/1577/486 1565/1565/486
f 1567/1567/487 1577/1577/487 1570/1570/487
f 1553/1553/488 1536/1536/488 1559/1559/488
f 1566/1566/489 1533/1533/489 1553/1553/489
f 1583/1583/490 1575/1575/490 1566/1566/490
f 1559/1559/491 1530/1530/491 1583/1583/491
f 1661/1661/492 1538/1538/492 1554/1554/492
f 1543/1543/493 1547/1547/493 1539/1539/493
f 1546/1546/5 1544/1544/5 1550/1550/5
f 1554/1554/2 1551/1551/2 1550/1550/2
f 1550/1550/2 1544/1544/2 1545/1545/2
f 1551/1551/494 1557/1557/494 1546/1546/494
f 1547/1547/3 1549/1549/3 1578/1578/3
f 1579/1579/2 1578/1578/2 1549/1549/2
f 1574/1574/495 1582/1582/495 1584/1584/495
f 1662/1662/2 1579/1579/2 1549/1549/2
f 1555/1555/496 1541/1541/496 1548/1548/496
f 1569/1569/497 1576/1576/497 1570/1570/497
f 1558/1558/498 1563/1563/498 1549/1549/498
f 1538/1538/499 1568/1568/499 1536/1536/499
f 1542/1542/500 1555/1555/500 1547/1547/500
f 1562/1562/501 1528/1528/501 1530/1530/501
f 1566/1566/356 1589/1589/356 1573/1573/356
f 1561/1561/502 1574/1574/502 1528/1528/502
f 1564/1564/204 1529/1529/204 1574/1574/204
f 1547/1547/503 1558/1558/503 1549/1549/503
f 1558/1558/504 1530/1530/504 1529/1529/504
f 1567/1567/505 1552/1552/505 1533/1533/505
f 1571/1571/506 1531/1531/506 1533/1533/506
f 1570/1570/507 1576/1576/507 1580/1580/507
f 1571/1571/508 1570/1570/508 1577/1577/508
f 1567/1567/509 1532/1532/509 1577/1577/509
f 1553/1553/510 1534/1534/510 1536/1536/510
f 1530/1530/511 1535/1535/511 1583/1583/511
f 1583/1583/512 1535/1535/512 1575/1575/512
f 1598/1598/5 1604/1604/5 1663/1663/5
f 1608/1608/208 1613/1613/208 1604/1604/208
f 1605/1605/513 1598/1598/513 1602/1602/513
f 1603/1603/514 1606/1606/514 1614/1614/514
f 1637/1637/515 1623/1623/515 1657/1657/515
f 1654/1654/179 1607/1607/179 1664/1664/179
f 1648/1648/516 1615/1615/516 1664/1664/516
f 1606/1606/517 1654/1654/517 1664/1664/517
f 1664/1664/518 1615/1615/518 1606/1606/518
f 1657/1657/519 1618/1618/519 1659/1659/519
f 1629/1629/520 1621/1621/520 1610/1610/520
f 1658/1658/521 1611/1611/521 1610/1610/521
f 1626/1626/522 1628/1628/522 1660/1660/522
f 1640/1640/523 1611/1611/523 1646/1646/523
f 1660/1660/524 1641/1641/524 1626/1626/524
f 1604/1604/525 1613/1613/525 1663/1663/525
f 1639/1639/526 1635/1635/526 1620/1620/526
f 1618/1618/527 1624/1624/527 1635/1635/527
f 1612/1612/528 1643/1643/528 1610/1610/528
f 1616/1616/529 1618/1618/529 1637/1637/529
f 1638/1638/530 1639/1639/530 1616/1616/530
f 1640/1640/531 1612/1612/531 1641/1641/531
f 1640/1640/532 1644/1644/532 1612/1612/532
f 1631/1631/533 1644/1644/533 1645/1645/533
f 1633/1633/534 1626/1626/534 1645/1645/534
f 1645/1645/535 1641/1641/535 1632/1632/535
f 1647/1647/536 1646/1646/536 1621/1621/536
f 1628/1628/537 1611/1611/537 1640/1640/537
f 1642/1642/538 1636/1636/538 1628/1628/538
f 1621/1621/539 1656/1656/539 1639/1639/539
f 1663/1663/540 1613/1613/540 1598/1598/540
f 1602/1602/541 1597/1597/541 1605/1605/541
f 1635/1635/542 1624/1624/542 1620/1620/542
f 1617/1617/543 1659/1659/543 1618/1618/543
f 1603/1603/544 1608/1608/544 1655/1655/544
f 1613/1613/545 1608/1608/545 1609/1609/545
f 1608/1608/155 1604/1604/155 1655/1655/155
f 1609/1609/546 1603/1603/546 1619/1619/546
f 1605/1605/240 1649/1649/240 1607/1607/240
f 1648/1648/204 1607/1607/204 1649/1649/204
f 1637/1637/547 1657/1657/547 1659/1659/547
f 1664/1664/195 1607/1607/195 1648/1648/195
f 1605/1605/548 1614/1614/548 1599/1599/548
f 1614/1614/549 1606/1606/549 1601/1601/549
f 1630/1630/550 1632/1632/550 1643/1643/550
f 1620/1620/551 1617/1617/551 1625/1625/551
f 1610/1610/552 1647/1647/552 1629/1629/552
f 1641/1641/553 1627/1627/553 1632/1632/553
f 1628/1628/422 1634/1634/422 1660/1660/422
f 1618/1618/554 1635/1635/554 1637/1637/554
f 1616/1616/555 1637/1637/555 1638/1638/555
f 1622/1622/556 1617/1617/556 1620/1620/556
f 1636/1636/510 1656/1656/510 1628/1628/510
f 1646/1646/557 1611/1611/557 1621/1621/557
f 1639/1639/558 1620/1620/558 1616/1616/558
f 1632/1632/559 1650/1650/559 1643/1643/559
f 1631/1631/560 1645/1645/560 1632/1632/560
f 1612/1612/561 1627/1627/561 1641/1641/561
f 1644/1644/562 1631/1631/562 1612/1612/562
f 1639/1639/563 1656/1656/563 1636/1636/563
f 1538/1538/8 1665/1665/8 1545/1545/8
f 1547/1547/1 1666/1666/1 1538/1538/1
f 1549/1549/4 1667/1667/4 1547/1547/4
f 1668/1668/5 1669/1669/5 1667/1667/5
f 1669/1669/5 1666/1666/5 1667/1667/5
f 1670/1670/5 1665/1665/5 1666/1666/5
f 1671/1671/2 1549/1549/2 1582/1582/2
f 1538/1538/8 1666/1666/8 1665/1665/8
f 1547/1547/1 1667/1667/1 1666/1666/1
f 1549/1549/4 1668/1668/4 1667/1667/4
f 1668/1668/5 1671/1671/5 1669/1669/5
f 1669/1669/5 1670/1670/5 1666/1666/5
f 1670/1670/5 1672/1672/5 1665/1665/5
f 1671/1671/2 1668/1668/2 1549/1549/2
f 1673/1673/3 1674/1674/3 1675/1675/3
f 1673/1673/3 1675/1675/3 1676/1676/3
f 1674/1674/3 1677/1677/3 1678/1678/3
f 1674/1674/3 1678/1678/3 1675/1675/3
f 1677/1677/3 1679/1679/3 1680/1680/3
f 1677/1677/3 1680/1680/3 1678/1678/3
f 1679/1679/3 1673/1673/3 1676/1676/3
f 1679/1679/3 1676/1676/3 1680/1680/3
f 1681/1681/5 1682/1682/5 1683/1683/5
f 1681/1681/5 1683/1683/5 1684/1684/5
f 1682/1682/5 1685/1685/5 1686/1686/5
f 1682/1682/5 1686/1686/5 1683/1683/5
f 1685/1685/5 1687/1687/5 1688/1688/5
f 1685/1685/5 1688/1688/5 1686/1686/5
f 1687/1687/5 1681/1681/5 1684/1684/5
f 1687/1687/5 1684/1684/5 1688/1688/5
f 1689/1689/3 1690/1690/3 1691/1691/3
f 1689/1689/3 1691/1691/3 1692/1692/3
f 1690/1690/3 1693/1693/3 1694/1694/3
f 1690/1690/3 1694/1694/3 1691/1691/3
f 1693/1693/3 1695/1695/3 1696/1696/3
f 1693/1693/3 1696/1696/3 1694/1694/3
f 1695/1695/3 1689/1689/3 1692/1692/3
f 1695/1695/3 1692/1692/3 1696/1696/3
f 1697/1697/3 1698/1698/3 1699/1699/3
f 1697/1697/3 1699/1699/3 1700/1700/3
f 1698/1698/3 1701/1701/3 1702/1702/3
f 1698/1698/3 1702/1702/3 1699/1699/3
f 1701/1701/3 1703/1703/3 1704/1704/3
f 1701/1701/3 1704/1704/3 1702/1702/3
f 1703/1703/3 1697/1697/3 1700/1700/3
f 1703/1703/3 1700/1700/3 1704/1704/3
f 1705/1705/5 1706/1706/5 1707/1707/5
f 1705/1705/5 1707/1707/5 1708/1708/5
f 1706/1706/5 1709/1709/5 1710/1710/5
f 1706/1706/5 1710/1710/5 1707/1707/5
f 1709/1709/5 1711/1711/5 1712/1712/5
f 1709/1709/5 1712/1712/5 1710/1710/5
f 1711/1711/5 1705/1705/5 1708/1708/5
f 1711/1711/5 1708/1708/5 1712/1712/5
f 1713/1713/3 1714/1714/3 1715/1715/3
f 1713/1713/3 1715/1715/3 1716/1716/3
f 1714/1714/3 1717/1717/3 1718/1718/3
f 1714/1714/3 1718/1718/3 1715/1715/3
f 1717/1717/3 1719/1719/3 1720/1720/3
f 1717/1717/3 1720/1720/3 1718/1718/3
f 1719/1719/3 1713/1713/3 1716/1716/3
f 1719/1719/3 1716/1716/3 1720/1720/3
f 1721/1721/3 1722/1722/3 1723/1723/3
f 1721/1721/3 1723/1723/3 1724/1724/3
f 1722/1722/3 1725/1725/3 1726/1726/3
f 1722/1722/3 1726/1726/3 1723/1723/3
f 1725/1725/3 1727/1727/3 1728/1728/3
f 1725/1725/3 1728/1728/3 1726/1726/3
f 1727/1727/3 1721/1721/3 1724/1724/3
f 1727/1727/3 1724/1724/3 1728/1728/3
f 1729/1729/5 1730/1730/5 1731/1731/5
f 1729/1729/5 1731/1731/5 1732/1732/5
f 1730/1730/5 1733/1733/5 1734/1734/5
f 1730/1730/5 1734/1734/5 1731/1731/5
f 1733/1733/5 1735/1735/5 1736/1736/5
f 1733/1733/5 1736/1736/5 1734/1734/5
f 1735/1735/5 1729/1729/5 1732/1732/5
f 1735/1735/5 1732/1732/5 1736/1736/5
f 1737/1737/3 1738/1738/3 1739/1739/3
f 1737/1737/3 1739/1739/3 1740/1740/3
f 1738/1738/3 1741/1741/3 1742/1742/3
f 1738/1738/3 1742/1742/3 1739/1739/3
f 1741/1741/3 1743/1743/3 1744/1744/3
f 1741/1741/3 1744/1744/3 1742/1742/3
f 1743/1743/3 1737/1737/3 1740/1740/3
f 1743/1743/3 1740/1740/3 1744/1744/3
f 1745/1745/3 1746/1746/3 1747/1747/3
f 1745/1745/3 1747/1747/3 1748/1748/3
f 1746/1746/3 1749/1749/3 1750/1750/3
f 1746/1746/3 1750/1750/3 1747/1747/3
f 1749/1749/3 1751/1751/3 1752/1752/3
f 1749/1749/3 1752/1752/3 1750/1750/3
f 1751/1751/3 1745/1745/3 1748/1748/3
f 1751/1751/3 1748/1748/3 1752/1752/3
f 1753/1753/5 1754/1754/5 1755/1755/5
f 1753/1753/5 1755/1755/5 1756/1756/5
f 1754/1754/5 1757/1757/5 1758/1758/5
f 1754/1754/5 1758/1758/5 1755/1755/5
f 1757/1757/5 1759/1759/5 1760/1760/5
f 1757/1757/5 1760/1760/5 1758/1758/5
f 1759/1759/5 1753/1753/5 1756/1756/5
f 1759/1759/5 1756/1756/5 1760/1760/5
f 1761/1761/3 1762/1762/3 1763/1763/3
f 1761/1761/3 1763/1763/3 1764/1764/3
f 1762/1762/3 1765/1765/3 1766/1766/3
f 1762/1762/3 1766/1766/3 1763/1763/3
f 1765/1765/3 1767/1767/3 1768/1768/3
f 1765/1765/3 1768/1768/3 1766/1766/3
f 1767/1767/3 1761/1761/3 1764/1764/3
f 1767/1767/3 1764/1764/3 1768/1768/3
f 1769/1769/3 1770/1770/3 1771/1771/3
f 1769/1769/3 1771/1771/3 1772/1772/3
f 1770/1770/3 1773/1773/3 1774/1774/3
f 1770/1770/3 1774/1774/3 1771/1771/3
f 1773/1773/3 1775/1775/3 1776/1776/3
f 1773/1773/3 1776/1776/3 1774/1774/3
f 1775/1775/3 1769/1769/3 1772/1772/3
f 1775/1775/3 1772/1772/3 1776/1776/3
f 1777/1777/5 1778/1778/5 1779/1779/5
f 1777/1777/5 1779/1779/5 1780/1780/5
f 1778/1778/5 1781/1781/5 1782/1782/5
f 1778/1778/5 1782/1782/5 1779/1779/5
f 1781/1781/5 1783/1783/5 1784/1784/5
f 1781/1781/5 1784/1784/5 1782/1782/5
f 1783/1783/5 1777/1777/5 1780/1780/5
f 1783/1783/5 1780/1780/5 1784/1784/5
f 1785/1785/3 1786/1786/3 1787/1787/3
f 1785/1785/3 1787/1787/3 1788/1788/3
f 1786/1786/3 1789/1789/3 1790/1790/3
f 1786/1786/3 1790/1790/3 1787/1787/3
f 1789/1789/3 1791/1791/3 1792/1792/3
f 1789/1789/3 1792/1792/3 1790/1790/3
f 1791/1791/3 1785/1785/3 1788/1788/3
f 1791/1791/3 1788/1788/3 1792/1792/3
f 1793/1793/3 1794/1794/3 1795/1795/3
f 1793/1793/3 1795/1795/3 1796/1796/3
f 1794/1794/3 1797/1797/3 1798/1798/3
f 1794/1794/3 1798/1798/3 1795/1795/3
f 1797/1797/3 1799/1799/3 1800/1800/3
f 1797/1797/3 1800/1800/3 1798/1798/3
f 1799/1799/3 1793/1793/3 1796/1796/3
f 1799/1799/3 1796/1796/3 1800/1800/3
f 1801/1801/5 1802/1802/5 1803/1803/5
f 1801/1801/5 1803/1803/5 1804/1804/5
f 1802/1802/5 1805/1805/5 1806/1806/5
f 1802/1802/5 1806/1806/5 1803/1803/5
f 1805/1805/5 1807/1807/5 1808/1808/5
f 1805/1805/5 1808/1808/5 1806/1806/5
f 1807/1807/5 1801/1801/5 1804/1804/5
f 1807/1807/5 1804/1804/5 1808/1808/5
f 1809/1809/3 1810/1810/3 1811/1811/3
f 1809/1809/3 1811/1811/3 1812/1812/3
f 1810/1810/3 1813/1813/3 1814/1814/3
f 1810/1810/3 1814/1814/3 1811/1811/3
f 1813/1813/3 1815/1815/3 1816/1816/3
f 1813/1813/3 1816/1816/3 1814/1814/3
f 1815/1815/3 1809/1809/3 1812/1812/3
f 1815/1815/3 1812/1812/3 1816/1816/3
f 1817/1817/3 1818/1818/3 1819/1819/3
f 1817/1817/3 1819/1819/3 1820/1820/3
f 1818/1818/3 1821/1821/3 1822/1822/3
f 1818/1818/3 1822/1822/3 1819/1819/3
f 1821/1821/3 1823/1823/3 1824/1824/3
f 1821/1821/3 1824/1824/3 1822/1822/3
f 1823/1823/3 1817/1817/3 1820/1820/3
f 1823/1823/3 1820/1820/3 1824/1824/3
f 1825/1825/5 1826/1826/5 1827/1827/5
f 1825/1825/5 1827/1827/5 1828/1828/5
f 1826/1826/5 1829/1829/5 1830/1830/5
f 1826/1826/5 1830/1830/5 1827/1827/5
f 1829/1829/5 1831/1831/5 1832/1832/5
f 1829/1829/5 1832/1832/5 1830/1830/5
f 1831/1831/5 1825/1825/5 1828/1828/5
f 1831/1831/5 1828/1828/5 1832/1832/5
f 1833/1833/3 1834/1834/3 1835/1835/3
f 1833/1833/3 1835/1835/3 1836/1836/3
f 1834/1834/3 1837/1837/3 1838/1838/3
f 1834/1834/3 1838/1838/3 1835/1835/3
f 1837/1837/3 1839/1839/3 1840/1840/3
f 1837/1837/3 1840/1840/3 1838/1838/3
f 1839/1839/3 1833/1833/3 1836/1836/3
f 1839/1839/3 1836/1836/3 1840/1840/3
f 1841/1841/3 1842/1842/3 1843/1843/3
f 1841/1841/3 1843/1843/3 1844/1844/3
f 1842/1842/3 1845/1845/3 1846/1846/3
f 1842/1842/3 1846/1846/3 1843/1843/3
f 1845/1845/3 1847/1847/3 1848/1848/3
f 1845/1845/3 1848/1848/3 1846/1846/3
f 1847/1847/3 1841/1841/3 1844/1844/3
f 1847/1847/3 1844/1844/3 1848/1848/3
f 1849/1849/5 1850/1850/5 1851/1851/5
f 1849/1849/5 1851/1851/5 1852/1852/5
f 1850/1850/5 1853/1853/5 1854/1854/5
f 1850/1850/5 1854/1854/5 1851/1851/5
f 1853/1853/5 1855/1855/5 1856/1856/5
f 1853/1853/5 1856/1856/5 1854/1854/5
f 1855/1855/5 1849/1849/5 1852/1852/5
f 1855/1855/5 1852/1852/5 1856/1856/5
f 1857/1857/3 1858/1858/3 1859/1859/3
f 1857/1857/3 1859/1859/3 1860/1860/3
f 1858/1858/3 1861/1861/3 1862/1862/3
f 1858/1858/3 1862/1862/3 1859/1859/3
f 1861/1861/3 1863/1863/3 1864/1864/3
f 1861/1861/3 1864/1864/3 1862/1862/3
f 1863/1863/3 1857/1857/3 1860/1860/3
f 1863/1863/3 1860/1860/3 1864/1864/3
f 1865/1865/3 1866/1866/3 1867/1867/3
f 1865/1865/3 1867/1867/3 1868/1868/3
f 1866/1866/3 1869/1869/3 1870/1870/3
f 1866/1866/3 1870/1870/3 1867/1867/3
f 1869/1869/3 1871/1871/3 1872/1872/3
f 1869/1869/3 1872/1872/3 1870/1870/3
f 1871/1871/3 1865/1865/3 1868/1868/3
f 1871/1871/3 1868/1868/3 1872/1872/3
f 1873/1873/5 1874/1874/5 1875/1875/5
f 1873/1873/5 1875/1875/5 1876/1876/5
f 1874/1874/5 1877/1877/5 1878/1878/5
f 1874/1874/5 1878/1878/5 1875/1875/5
f 1877/1877/5 1879/1879/5 1880/1880/5
f 1877/1877/5 1880/1880/5 1878/1878/5
f 1879/1879/5 1873/1873/5 1876/1876/5
f 1879/1879/5 1876/1876/5 1880/1880/5
f 1881/1881/3 1882/1882/3 1883/1883/3
f 1881/1881/3 1883/1883/3 1884/1884/3
f 1882/1882/3 1885/1885/3 1886/1886/3
f 1882/1882/3 1886/1886/3 1883/1883/3
f 1885/1885/3 1887/1887/3 1888/1888/3
f 1885/1885/3 1888/1888/3 1886/1886/3
f 1887/1887/3 1881/1881/3 1884/1884/3
f 1887/1887/3 1884/1884/3 1888/1888/3
f 1889/1889/3 1890/1890/3 1891/1891/3
f 1889/1889/3 1891/1891/3 1892/1892/3
f 1890/1890/3 1893/1893/3 1894/1894/3
f 1890/1890/3 1894/1894/3 1891/1891/3
f 1893/1893/3 1895/1895/3 1896/1896/3
f 1893/1893/3 1896/1896/3 1894/1894/3
f 1895/1895/3 1889/1889/3 1892/1892/3
f 1895/1895/3 1892/1892/3 1896/1896/3
f 1897/1897/5 1898/1898/5 1899/1899/5
f 1897/1897/5 1899/1899/5 1900/1900/5
f 1898/1898/5 1901/1901/5 1902/1902/5
f 1898/1898/5 1902/1902/5 1899/1899/5
f 1901/1901/5 1903/1903/5 1904/1904/5
f 1901/1901/5 1904/1904/5 1902/1902/5
f 1903/1903/5 1897/1897/5 1900/1900/5
f 1903/1903/5 1900/1900/5 1904/1904/5
f 1905/1905/3 1906/1906/3 1907/1907/3
f 1905/1905/3 1907/1907/3 1908/1908/3
f 1906/1906/3 1909/1909/3 1910/1910/3
f 1906/1906/3 1910/1910/3 1907/1907/3
f 1909/1909/3 1911/1911/3 1912/1912/3
f 1909/1909/3 1912/1912/3 1910/1910/3
f 1911/1911/3 1905/1905/3 1908/1908/3
f 1911/1911/3 1908/1908/3 1912/1912/3
f 1913/1913/3 1914/1914/3 1915/1915/3
f 1913/1913/3 1915/1915/3 1916/1916/3
f 1914/1914/3 1917/1917/3 1918/1918/3
f 1914/1914/3 1918/1918/3 1915/1915/3
f 1917/1917/3 1919/1919/3 1920/1920/3
f 1917/1917/3 1920/1920/3 1918/1918/3
f 1919/1919/3 1913/1913/3 1916/1916/3
f 1919/1919/3 1916/1916/3 1920/1920/3
f 1921/1921/5 1922/1922/5 1923/1923/5
f 1921/1921/5 1923/1923/5 1924/1924/5
f 1922/1922/5 1925/1925/5 1926/1926/5
f 1922/1922/5 1926/1926/5 1923/1923/5
f 1925/1925/5 1927/1927/5 1928/1928/5
f 1925/1925/5 1928/1928/5 1926/1926/5
f 1927/1927/5 1921/1921/5 1924/1924/5
f 1927/1927/5 1924/1924/5 1928/1928/5
f 1929/1929/3 1930/1930/3 1931/1931/3
f 1929/1929/3 1931/1931/3 1932/1932/3
f 1930/1930/3 1933/1933/3 1934/1934/3
f 1930/1930/3 1934/1934/3 1931/1931/3
f 1933/1933/3 1935/1935/3 1936/1936/3
f 1933/1933/3 1936/1936/3 1934/1934/3
f 1935/1935/3 1929/1929/3 1932/1932/3
f 1935/1935/3 1932/1932/3 1936/1936/3
f 1937/1937/8 1692/1692/8 1691/1691/8
f 1937/1937/8 1691/1691/8 1938/1938/8
f 1939/1939/2 1696/1696/2 1692/1692/2
f 1939/1939/2 1692/1692/2 1937/1937/2
f 1940/1940/4 1694/1694/4 1696/1696/4
f 1940/1940/4 1696/1696/4 1939/1939/4
f 1938/1938/1 1691/1691/1 1694/1694/1
f 1938/1938/1 1694/1694/1 1940/1940/1
f 1682/1682/8 1681/1681/8 1674/1674/8
f 1682/1682/8 1674/1674/8 1673/1673/8
f 1685/1685/2 1682/1682/2 1673/1673/2
f 1685/1685/2 1673/1673/2 1679/1679/2
f 1687/1687/25 1685/1685/25 1679/1679/25
f 1687/1687/25 1679/1679/25 1677/1677/25
f 1681/1681/1 1687/1687/1 1677/1677/1
f 1681/1681/153 1677/1677/153 1674/1674/153
f 1941/1941/8 1942/1942/8 1684/1684/8
f 1941/1941/8 1684/1684/8 1683/1683/8
f 1943/1943/2 1941/1941/2 1683/1683/2
f 1943/1943/2 1683/1683/2 1686/1686/2
f 1944/1944/4 1943/1943/4 1686/1686/4
f 1944/1944/4 1686/1686/4 1688/1688/4
f 1942/1942/1 1944/1944/1 1688/1688/1
f 1942/1942/1 1688/1688/1 1684/1684/1
f 1942/1942/3 1941/1941/3 1943/1943/3
f 1942/1942/3 1943/1943/3 1944/1944/3
f 1676/1676/8 1675/1675/8 1690/1690/8
f 1676/1676/8 1690/1690/8 1689/1689/8
f 1680/1680/2 1676/1676/2 1689/1689/2
f 1680/1680/2 1689/1689/2 1695/1695/2
f 1678/1678/4 1680/1680/4 1695/1695/4
f 1678/1678/4 1695/1695/4 1693/1693/4
f 1675/1675/1 1678/1678/1 1693/1693/1
f 1675/1675/1 1693/1693/1 1690/1690/1
f 1939/1939/5 1937/1937/5 1938/1938/5
f 1939/1939/5 1938/1938/5 1940/1940/5
f 1945/1945/8 1716/1716/8 1715/1715/8
f 1945/1945/8 1715/1715/8 1946/1946/8
f 1947/1947/2 1720/1720/2 1716/1716/2
f 1947/1947/2 1716/1716/2 1945/1945/2
f 1948/1948/4 1718/1718/4 1720/1720/4
f 1948/1948/4 1720/1720/4 1947/1947/4
f 1946/1946/1 1715/1715/1 1718/1718/1
f 1946/1946/1 1718/1718/1 1948/1948/1
f 1706/1706/9 1705/1705/9 1698/1698/9
f 1706/1706/9 1698/1698/9 1697/1697/9
f 1709/1709/2 1706/1706/2 1697/1697/2
f 1709/1709/2 1697/1697/2 1703/1703/2
f 1711/1711/25 1709/1709/25 1703/1703/25
f 1711/1711/25 1703/1703/25 1701/1701/25
f 1705/1705/1 1711/1711/1 1701/1701/1
f 1705/1705/1 1701/1701/1 1698/1698/1
f 1949/1949/9 1950/1950/9 1708/1708/9
f 1949/1949/9 1708/1708/9 1707/1707/9
f 1951/1951/2 1949/1949/2 1707/1707/2
f 1951/1951/2 1707/1707/2 1710/1710/2
f 1952/1952/25 1951/1951/25 1710/1710/25
f 1952/1952/25 1710/1710/25 1712/1712/25
f 1950/1950/1 1952/1952/1 1712/1712/1
f 1950/1950/1 1712/1712/1 1708/1708/1
f 1950/1950/3 1949/1949/3 1951/1951/3
f 1950/1950/3 1951/1951/3 1952/1952/3
f 1700/1700/9 1699/1699/9 1714/1714/9
f 1700/1700/9 1714/1714/9 1713/1713/9
f 1704/1704/2 1700/1700/2 1713/1713/2
f 1704/1704/2 1713/1713/2 1719/1719/2
f 1702/1702/25 1704/1704/25 1719/1719/25
f 1702/1702/25 1719/1719/25 1717/1717/25
f 1699/1699/1 1702/1702/1 1717/1717/1
f 1699/1699/1 1717/1717/1 1714/1714/1
f 1947/1947/5 1945/1945/5 1946/1946/5
f 1947/1947/5 1946/1946/5 1948/1948/5
f 1953/1953/8 1740/1740/8 1739/1739/8
f 1953/1953/8 1739/1739/8 191/191/8
f 1954/1954/2 1744/1744/2 1740/1740/2
f 1954/1954/2 1740/1740/2 1953/1953/2
f 1955/1955/4 1742/1742/4 1744/1744/4
f 1955/1955/4 1744/1744/4 1954/1954/4
f 191/191/1 1739/1739/1 1742/1742/1
f 191/191/1 1742/1742/1 1955/1955/1
f 1730/1730/9 1729/1729/9 1722/1722/9
f 1730/1730/9 1722/1722/9 1721/1721/9
f 1733/1733/2 1730/1730/2 1721/1721/2
f 1733/1733/2 1721/1721/2 1727/1727/2
f 1735/1735/25 1733/1733/25 1727/1727/25
f 1735/1735/25 1727/1727/25 1725/1725/25
f 1729/1729/1 1735/1735/1 1725/1725/1
f 1729/1729/1 1725/1725/1 1722/1722/1
f 1956/1956/9 1957/1957/9 1732/1732/9
f 1956/1956/9 1732/1732/9 1731/1731/9
f 1958/1958/2 1956/1956/2 1731/1731/2
f 1958/1958/2 1731/1731/2 1734/1734/2
f 1959/1959/25 1958/1958/25 1734/1734/25
f 1959/1959/25 1734/1734/25 1736/1736/25
f 1957/1957/1 1959/1959/1 1736/1736/1
f 1957/1957/1 1736/1736/1 1732/1732/1
f 1957/1957/3 1956/1956/3 1958/1958/3
f 1957/1957/3 1958/1958/3 1959/1959/3
f 1724/1724/9 1723/1723/9 1738/1738/9
f 1724/1724/9 1738/1738/9 1737/1737/9
f 1728/1728/2 1724/1724/2 1737/1737/2
f 1728/1728/2 1737/1737/2 1743/1743/2
f 1726/1726/25 1728/1728/25 1743/1743/25
f 1726/1726/25 1743/1743/25 1741/1741/25
f 1723/1723/1 1726/1726/1 1741/1741/1
f 1723/1723/1 1741/1741/1 1738/1738/1
f 1954/1954/5 1953/1953/5 191/191/5
f 1954/1954/5 191/191/5 1955/1955/5
f 1960/1960/8 1764/1764/8 1763/1763/8
f 1960/1960/8 1763/1763/8 1961/1961/8
f 1962/1962/2 1768/1768/2 1764/1764/2
f 1962/1962/2 1764/1764/2 1960/1960/2
f 1963/1963/4 1766/1766/4 1768/1768/4
f 1963/1963/4 1768/1768/4 1962/1962/4
f 1961/1961/1 1763/1763/1 1766/1766/1
f 1961/1961/1 1766/1766/1 1963/1963/1
f 1754/1754/8 1753/1753/8 1746/1746/8
f 1754/1754/8 1746/1746/8 1745/1745/8
f 1757/1757/2 1754/1754/2 1745/1745/2
f 1757/1757/2 1745/1745/2 1751/1751/2
f 1759/1759/25 1757/1757/25 1751/1751/25
f 1759/1759/25 1751/1751/25 1749/1749/25
f 1753/1753/1 1759/1759/1 1749/1749/1
f 1753/1753/153 1749/1749/153 1746/1746/153
f 1964/1964/8 1965/1965/8 1756/1756/8
f 1964/1964/8 1756/1756/8 1755/1755/8
f 1966/1966/2 1964/1964/2 1755/1755/2
f 1966/1966/2 1755/1755/2 1758/1758/2
f 1967/1967/25 1966/1966/25 1758/1758/25
f 1967/1967/25 1758/1758/25 1760/1760/25
f 1965/1965/1 1967/1967/1 1760/1760/1
f 1965/1965/153 1760/1760/153 1756/1756/153
f 1965/1965/3 1964/1964/3 1966/1966/3
f 1965/1965/3 1966/1966/3 1967/1967/3
f 1748/1748/8 1747/1747/8 1762/1762/8
f 1748/1748/8 1762/1762/8 1761/1761/8
f 1752/1752/2 1748/1748/2 1761/1761/2
f 1752/1752/2 1761/1761/2 1767/1767/2
f 1750/1750/25 1752/1752/25 1767/1767/25
f 1750/1750/25 1767/1767/25 1765/1765/25
f 1747/1747/1 1750/1750/1 1765/1765/1
f 1747/1747/1 1765/1765/1 1762/1762/1
f 1962/1962/5 1960/1960/5 1961/1961/5
f 1962/1962/5 1961/1961/5 1963/1963/5
f 1968/1968/8 1788/1788/8 1787/1787/8
f 1968/1968/8 1787/1787/8 1969/1969/8
f 1970/1970/2 1792/1792/2 1788/1788/2
f 1970/1970/2 1788/1788/2 1968/1968/2
f 1971/1971/4 1790/1790/4 1792/1792/4
f 1971/1971/4 1792/1792/4 1970/1970/4
f 1969/1969/1 1787/1787/1 1790/1790/1
f 1969/1969/1 1790/1790/1 1971/1971/1
f 1778/1778/8 1777/1777/8 1770/1770/8
f 1778/1778/8 1770/1770/8 1769/1769/8
f 1781/1781/2 1778/1778/2 1769/1769/2
f 1781/1781/2 1769/1769/2 1775/1775/2
f 1783/1783/25 1781/1781/25 1775/1775/25
f 1783/1783/25 1775/1775/25 1773/1773/25
f 1777/1777/153 1783/1783/153 1773/1773/153
f 1777/1777/1 1773/1773/1 1770/1770/1
f 1972/1972/8 1973/1973/8 1780/1780/8
f 1972/1972/8 1780/1780/8 1779/1779/8
f 1974/1974/2 1972/1972/2 1779/1779/2
f 1974/1974/2 1779/1779/2 1782/1782/2
f 1975/1975/25 1974/1974/25 1782/1782/25
f 1975/1975/25 1782/1782/25 1784/1784/25
f 1973/1973/1 1975/1975/1 1784/1784/1
f 1973/1973/1 1784/1784/1 1780/1780/1
f 1973/1973/3 1972/1972/3 1974/1974/3
f 1973/1973/3 1974/1974/3 1975/1975/3
f 1772/1772/8 1771/1771/8 1786/1786/8
f 1772/1772/8 1786/1786/8 1785/1785/8
f 1776/1776/2 1772/1772/2 1785/1785/2
f 1776/1776/2 1785/1785/2 1791/1791/2
f 1774/1774/25 1776/1776/25 1791/1791/25
f 1774/1774/25 1791/1791/25 1789/1789/25
f 1771/1771/1 1774/1774/1 1789/1789/1
f 1771/1771/1 1789/1789/1 1786/1786/1
f 1970/1970/5 1968/1968/5 1969/1969/5
f 1970/1970/5 1969/1969/5 1971/1971/5
f 1976/1976/8 1812/1812/8 1811/1811/8
f 1976/1976/8 1811/1811/8 1977/1977/8
f 1978/1978/2 1816/1816/2 1812/1812/2
f 1978/1978/2 1812/1812/2 1976/1976/2
f 1979/1979/4 1814/1814/4 1816/1816/4
f 1979/1979/4 1816/1816/4 1978/1978/4
f 1977/1977/1 1811/1811/1 1814/1814/1
f 1977/1977/1 1814/1814/1 1979/1979/1
f 1802/1802/9 1801/1801/9 1794/1794/9
f 1802/1802/9 1794/1794/9 1793/1793/9
f 1805/1805/2 1802/1802/2 1793/1793/2
f 1805/1805/152 1793/1793/152 1799/1799/152
f 1807/1807/25 1805/1805/25 1799/1799/25
f 1807/1807/25 1799/1799/25 1797/1797/25
f 1801/1801/153 1807/1807/153 1797/1797/153
f 1801/1801/153 1797/1797/153 1794/1794/153
f 1980/1980/9 1981/1981/9 1804/1804/9
f 1980/1980/9 1804/1804/9 1803/1803/9
f 1982/1982/2 1980/1980/2 1803/1803/2
f 1982/1982/2 1803/1803/2 1806/1806/2
f 1983/1983/4 1982/1982/4 1806/1806/4
f 1983/1983/4 1806/1806/4 1808/1808/4
f 1981/1981/1 1983/1983/1 1808/1808/1
f 1981/1981/1 1808/1808/1 1804/1804/1
f 1981/1981/3 1980/1980/3 1982/1982/3
f 1981/1981/3 1982/1982/3 1983/1983/3
f 1796/1796/9 1795/1795/9 1810/1810/9
f 1796/1796/9 1810/1810/9 1809/1809/9
f 1800/1800/2 1796/1796/2 1809/1809/2
f 1800/1800/2 1809/1809/2 1815/1815/2
f 1798/1798/4 1800/1800/4 1815/1815/4
f 1798/1798/4 1815/1815/4 1813/1813/4
f 1795/1795/1 1798/1798/1 1813/1813/1
f 1795/1795/1 1813/1813/1 1810/1810/1
f 1978/1978/5 1976/1976/5 1977/1977/5
f 1978/1978/5 1977/1977/5 1979/1979/5
f 1984/1984/8 1836/1836/8 1835/1835/8
f 1984/1984/8 1835/1835/8 1985/1985/8
f 1986/1986/2 1840/1840/2 1836/1836/2
f 1986/1986/2 1836/1836/2 1984/1984/2
f 1987/1987/4 1838/1838/4 1840/1840/4
f 1987/1987/4 1840/1840/4 1986/1986/4
f 1985/1985/1 1835/1835/1 1838/1838/1
f 1985/1985/1 1838/1838/1 1987/1987/1
f 1826/1826/9 1825/1825/9 1818/1818/9
f 1826/1826/9 1818/1818/9 1817/1817/9
f 1829/1829/152 1826/1826/152 1817/1817/152
f 1829/1829/2 1817/1817/2 1823/1823/2
f 1831/1831/7 1829/1829/7 1823/1823/7
f 1831/1831/7 1823/1823/7 1821/1821/7
f 1825/1825/1 1831/1831/1 1821/1821/1
f 1825/1825/1 1821/1821/1 1818/1818/1
f 1988/1988/8 1989/1989/8 1828/1828/8
f 1988/1988/8 1828/1828/8 1827/1827/8
f 1990/1990/2 1988/1988/2 1827/1827/2
f 1990/1990/2 1827/1827/2 1830/1830/2
f 1991/1991/4 1990/1990/4 1830/1830/4
f 1991/1991/4 1830/1830/4 1832/1832/4
f 1989/1989/1 1991/1991/1 1832/1832/1
f 1989/1989/1 1832/1832/1 1828/1828/1
f 1989/1989/3 1988/1988/3 1990/1990/3
f 1989/1989/3 1990/1990/3 1991/1991/3
f 1820/1820/8 1819/1819/8 1834/1834/8
f 1820/1820/8 1834/1834/8 1833/1833/8
f 1824/1824/2 1820/1820/2 1833/1833/2
f 1824/1824/2 1833/1833/2 1839/1839/2
f 1822/1822/4 1824/1824/4 1839/1839/4
f 1822/1822/4 1839/1839/4 1837/1837/4
f 1819/1819/1 1822/1822/1 1837/1837/1
f 1819/1819/1 1837/1837/1 1834/1834/1
f 1986/1986/5 1984/1984/5 1985/1985/5
f 1986/1986/5 1985/1985/5 1987/1987/5
f 1992/1992/8 1860/1860/8 1859/1859/8
f 1992/1992/8 1859/1859/8 1993/1993/8
f 1994/1994/2 1864/1864/2 1860/1860/2
f 1994/1994/2 1860/1860/2 1992/1992/2
f 192/192/4 1862/1862/4 1864/1864/4
f 192/192/4 1864/1864/4 1994/1994/4
f 1993/1993/1 1859/1859/1 1862/1862/1
f 1993/1993/1 1862/1862/1 192/192/1
f 1850/1850/9 1849/1849/9 1842/1842/9
f 1850/1850/9 1842/1842/9 1841/1841/9
f 1853/1853/152 1850/1850/152 1841/1841/152
f 1853/1853/2 1841/1841/2 1847/1847/2
f 1855/1855/7 1853/1853/7 1847/1847/7
f 1855/1855/7 1847/1847/7 1845/1845/7
f 1849/1849/1 1855/1855/1 1845/1845/1
f 1849/1849/1 1845/1845/1 1842/1842/1
f 1995/1995/8 1996/1996/8 1852/1852/8
f 1995/1995/8 1852/1852/8 1851/1851/8
f 1997/1997/2 1995/1995/2 1851/1851/2
f 1997/1997/2 1851/1851/2 1854/1854/2
f 1998/1998/25 1997/1997/25 1854/1854/25
f 1998/1998/25 1854/1854/25 1856/1856/25
f 1996/1996/1 1998/1998/1 1856/1856/1
f 1996/1996/1 1856/1856/1 1852/1852/1
f 1996/1996/3 1995/1995/3 1997/1997/3
f 1996/1996/3 1997/1997/3 1998/1998/3
f 1844/1844/8 1843/1843/8 1858/1858/8
f 1844/1844/8 1858/1858/8 1857/1857/8
f 1848/1848/2 1844/1844/2 1857/1857/2
f 1848/1848/2 1857/1857/2 1863/1863/2
f 1846/1846/25 1848/1848/25 1863/1863/25
f 1846/1846/25 1863/1863/25 1861/1861/25
f 1843/1843/1 1846/1846/1 1861/1861/1
f 1843/1843/1 1861/1861/1 1858/1858/1
f 1994/1994/5 1992/1992/5 1993/1993/5
f 1994/1994/5 1993/1993/5 192/192/5
f 1999/1999/8 1884/1884/8 1883/1883/8
f 1999/1999/8 1883/1883/8 2000/2000/8
f 2001/2001/2 1888/1888/2 1884/1884/2
f 2001/2001/2 1884/1884/2 1999/1999/2
f 2002/2002/4 1886/1886/4 1888/1888/4
f 2002/2002/4 1888/1888/4 2001/2001/4
f 2000/2000/1 1883/1883/1 1886/1886/1
f 2000/2000/1 1886/1886/1 2002/2002/1
f 1874/1874/9 1873/1873/9 1866/1866/9
f 1874/1874/9 1866/1866/9 1865/1865/9
f 1877/1877/2 1874/1874/2 1865/1865/2
f 1877/1877/152 1865/1865/152 1871/1871/152
f 1879/1879/25 1877/1877/25 1871/1871/25
f 1879/1879/25 1871/1871/25 1869/1869/25
f 1873/1873/153 1879/1879/153 1869/1869/153
f 1873/1873/1 1869/1869/1 1866/1866/1
f 2003/2003/9 2004/2004/9 1876/1876/9
f 2003/2003/9 1876/1876/9 1875/1875/9
f 2005/2005/2 2003/2003/2 1875/1875/2
f 2005/2005/2 1875/1875/2 1878/1878/2
f 2006/2006/4 2005/2005/4 1878/1878/4
f 2006/2006/4 1878/1878/4 1880/1880/4
f 2004/2004/1 2006/2006/1 1880/1880/1
f 2004/2004/1 1880/1880/1 1876/1876/1
f 2004/2004/3 2003/2003/3 2005/2005/3
f 2004/2004/3 2005/2005/3 2006/2006/3
f 1868/1868/9 1867/1867/9 1882/1882/9
f 1868/1868/9 1882/1882/9 1881/1881/9
f 1872/1872/2 1868/1868/2 1881/1881/2
f 1872/1872/2 1881/1881/2 1887/1887/2
f 1870/1870/4 1872/1872/4 1887/1887/4
f 1870/1870/4 1887/1887/4 1885/1885/4
f 1867/1867/1 1870/1870/1 1885/1885/1
f 1867/1867/1 1885/1885/1 1882/1882/1
f 2001/2001/5 1999/1999/5 2000/2000/5
f 2001/2001/5 2000/2000/5 2002/2002/5
f 2007/2007/8 1908/1908/8 1907/1907/8
f 2007/2007/8 1907/1907/8 2008/2008/8
f 2009/2009/2 1912/1912/2 1908/1908/2
f 2009/2009/2 1908/1908/2 2007/2007/2
f 2010/2010/4 1910/1910/4 1912/1912/4
f 2010/2010/4 1912/1912/4 2009/2009/4
f 2008/2008/1 1907/1907/1 1910/1910/1
f 2008/2008/1 1910/1910/1 2010/2010/1
f 1898/1898/9 1897/1897/9 1890/1890/9
f 1898/1898/9 1890/1890/9 1889/1889/9
f 1901/1901/2 1898/1898/2 1889/1889/2
f 1901/1901/2 1889/1889/2 1895/1895/2
f 1903/1903/25 1901/1901/25 1895/1895/25
f 1903/1903/25 1895/1895/25 1893/1893/25
f 1897/1897/1 1903/1903/1 1893/1893/1
f 1897/1897/153 1893/1893/153 1890/1890/153
f 2011/2011/8 2012/2012/8 1900/1900/8
f 2011/2011/8 1900/1900/8 1899/1899/8
f 2013/2013/2 2011/2011/2 1899/1899/2
f 2013/2013/2 1899/1899/2 1902/1902/2
f 2014/2014/25 2013/2013/25 1902/1902/25
f 2014/2014/25 1902/1902/25 1904/1904/25
f 2012/2012/1 2014/2014/1 1904/1904/1
f 2012/2012/1 1904/1904/1 1900/1900/1
f 2012/2012/3 2011/2011/3 2013/2013/3
f 2012/2012/3 2013/2013/3 2014/2014/3
f 1892/1892/8 1891/1891/8 1906/1906/8
f 1892/1892/8 1906/1906/8 1905/1905/8
f 1896/1896/2 1892/1892/2 1905/1905/2
f 1896/1896/2 1905/1905/2 1911/1911/2
f 1894/1894/25 1896/1896/25 1911/1911/25
f 1894/1894/25 1911/1911/25 1909/1909/25
f 1891/1891/1 1894/1894/1 1909/1909/1
f 1891/1891/1 1909/1909/1 1906/1906/1
f 2009/2009/5 2007/2007/5 2008/2008/5
f 2009/2009/5 2008/2008/5 2010/2010/5
f 2015/2015/8 1932/1932/8 1931/1931/8
f 2015/2015/8 1931/1931/8 2016/2016/8
f 190/190/2 1936/1936/2 1932/1932/2
f 190/190/2 1932/1932/2 2015/2015/2
f 2017/2017/4 1934/1934/4 1936/1936/4
f 2017/2017/4 1936/1936/4 190/190/4
f 2016/2016/1 1931/1931/1 1934/1934/1
f 2016/2016/1 1934/1934/1 2017/2017/1
f 1922/1922/9 1921/1921/9 1914/1914/9
f 1922/1922/9 1914/1914/9 1913/1913/9
f 1925/1925/152 1922/1922/152 1913/1913/152
f 1925/1925/2 1913/1913/2 1919/1919/2
f 1927/1927/7 1925/1925/7 1919/1919/7
f 1927/1927/7 1919/1919/7 1917/1917/7
f 1921/1921/1 1927/1927/1 1917/1917/1
f 1921/1921/1 1917/1917/1 1914/1914/1
f 2018/2018/8 2019/2019/8 1924/1924/8
f 2018/2018/8 1924/1924/8 1923/1923/8
f 2020/2020/2 2018/2018/2 1923/1923/2
f 2020/2020/2 1923/1923/2 1926/1926/2
f 2021/2021/4 2020/2020/4 1926/1926/4
f 2021/2021/4 1926/1926/4 1928/1928/4
f 2019/2019/1 2021/2021/1 1928/1928/1
f 2019/2019/1 1928/1928/1 1924/1924/1
f 2019/2019/3 2018/2018/3 2020/2020/3
f 2019/2019/3 2020/2020/3 2021/2021/3
f 1916/1916/8 1915/1915/8 1930/1930/8
f 1916/1916/8 1930/1930/8 1929/1929/8
f 1920/1920/2 1916/1916/2 1929/1929/2
f 1920/1920/2 1929/1929/2 1935/1935/2
f 1918/1918/4 1920/1920/4 1935/1935/4
f 1918/1918/4 1935/1935/4 1933/1933/4
f 1915/1915/1 1918/1918/1 1933/1933/1
f 1915/1915/1 1933/1933/1 1930/1930/1
f 190/190/5 2015/2015/5 2016/2016/5
f 190/190/5 2016/2016/5 2017/2017/5
f 2022/2022/5 2023/2023/5 2024/2024/5
f 2022/2022/5 2024/2024/5 2025/2025/5
f 2026/2026/3 2027/2027/3 2028/2028/3
f 2026/2026/3 2028/2028/3 2029/2029/3
f 2022/2022/8 2025/2025/8 2027/2027/8
f 2022/2022/8 2027/2027/8 2026/2026/8
f 2024/2024/4 2023/2023/4 2029/2029/4
f 2024/2024/4 2029/2029/4 2028/2028/4
f 2030/2030/9 2031/2031/9 2032/2032/9
f 2030/2030/9 2032/2032/9 2033/2033/9
f 2031/2031/152 2034/2034/152 2035/2035/152
f 2031/2031/2 2035/2035/2 2032/2032/2
f 2034/2034/25 2036/2036/25 2037/2037/25
f 2034/2034/25 2037/2037/25 2035/2035/25
f 2036/2036/153 2030/2030/153 2033/2033/153
f 2036/2036/153 2033/2033/153 2037/2037/153
f 2038/2038/9 2039/2039/9 2040/2040/9
f 2038/2038/9 2040/2040/9 2041/2041/9
f 2039/2039/152 2042/2042/152 2043/2043/152
f 2039/2039/152 2043/2043/152 2040/2040/152
f 2042/2042/25 2044/2044/25 2045/2045/25
f 2042/2042/25 2045/2045/25 2043/2043/25
f 2044/2044/1 2038/2038/1 2041/2041/1
f 2044/2044/153 2041/2041/153 2045/2045/153
f 2046/2046/9 2047/2047/9 2048/2048/9
f 2046/2046/9 2048/2048/9 2049/2049/9
f 2047/2047/152 2050/2050/152 2051/2051/152
f 2047/2047/2 2051/2051/2 2048/2048/2
f 2050/2050/25 2052/2052/25 2053/2053/25
f 2050/2050/25 2053/2053/25 2051/2051/25
f 2052/2052/153 2046/2046/153 2049/2049/153
f 2052/2052/1 2049/2049/1 2053/2053/1
f 2054/2054/9 2055/2055/9 2056/2056/9
f 2054/2054/9 2056/2056/9 2057/2057/9
f 2055/2055/152 2058/2058/152 2059/2059/152
f 2055/2055/2 2059/2059/2 2056/2056/2
f 2058/2058/25 2060/2060/25 2061/2061/25
f 2058/2058/25 2061/2061/25 2059/2059/25
f 2060/2060/153 2054/2054/153 2057/2057/153
f 2060/2060/1 2057/2057/1 2061/2061/1
f 2062/2062/9 2063/2063/9 2064/2064/9
f 2062/2062/9 2064/2064/9 2065/2065/9
f 2063/2063/152 2066/2066/152 2067/2067/152
f 2063/2063/152 2067/2067/152 2064/2064/152
f 2066/2066/25 2068/2068/25 2069/2069/25
f 2066/2066/25 2069/2069/25 2067/2067/25
f 2068/2068/153 2062/2062/153 2065/2065/153
f 2068/2068/153 2065/2065/153 2069/2069/153
f 2070/2070/9 2071/2071/9 2072/2072/9
f 2070/2070/9 2072/2072/9 2073/2073/9
f 2071/2071/2 2074/2074/2 2075/2075/2
f 2071/2071/152 2075/2075/152 2072/2072/152
f 2074/2074/25 2076/2076/25 2077/2077/25
f 2074/2074/25 2077/2077/25 2075/2075/25
f 2076/2076/153 2070/2070/153 2073/2073/153
f 2076/2076/1 2073/2073/1 2077/2077/1
f 2078/2078/9 2079/2079/9 2080/2080/9
f 2078/2078/9 2080/2080/9 2081/2081/9
f 2079/2079/2 2082/2082/2 2083/2083/2
f 2079/2079/152 2083/2083/152 2080/2080/152
f 2082/2082/25 2084/2084/25 2085/2085/25
f 2082/2082/25 2085/2085/25 2083/2083/25
f 2084/2084/153 2078/2078/153 2081/2081/153
f 2084/2084/153 2081/2081/153 2085/2085/153
f 2086/2086/9 2087/2087/9 2088/2088/9
f 2086/2086/9 2088/2088/9 2089/2089/9
f 2087/2087/152 2090/2090/152 2091/2091/152
f 2087/2087/152 2091/2091/152 2088/2088/152
f 2090/2090/25 2092/2092/25 2093/2093/25
f 2090/2090/25 2093/2093/25 2091/2091/25
f 2092/2092/153 2086/2086/153 2089/2089/153
f 2092/2092/153 2089/2089/153 2093/2093/153
f 2094/2094/9 2095/2095/9 2096/2096/9
f 2094/2094/9 2096/2096/9 2097/2097/9
f 2095/2095/152 2098/2098/152 2099/2099/152
f 2095/2095/152 2099/2099/152 2096/2096/152
f 2098/2098/25 2100/2100/25 2101/2101/25
f 2098/2098/25 2101/2101/25 2099/2099/25
f 2100/2100/1 2094/2094/1 2097/2097/1
f 2100/2100/153 2097/2097/153 2101/2101/153
f 2102/2102/9 2103/2103/9 2104/2104/9
f 2102/2102/9 2104/2104/9 2105/2105/9
f 2103/2103/152 2106/2106/152 2107/2107/152
f 2103/2103/2 2107/2107/2 2104/2104/2
f 2106/2106/25 2108/2108/25 2109/2109/25
f 2106/2106/25 2109/2109/25 2107/2107/25
f 2108/2108/153 2102/2102/153 2105/2105/153
f 2108/2108/1 2105/2105/1 2109/2109/1
f 2110/2110/9 2111/2111/9 2112/2112/9
f 2110/2110/9 2112/2112/9 2113/2113/9
f 2111/2111/152 2114/2114/152 2115/2115/152
f 2111/2111/2 2115/2115/2 2112/2112/2
f 2114/2114/25 2116/2116/25 2117/2117/25
f 2114/2114/25 2117/2117/25 2115/2115/25
f 2116/2116/153 2110/2110/153 2113/2113/153
f 2116/2116/1 2113/2113/1 2117/2117/1
f 2118/2118/9 2119/2119/9 2120/2120/9
f 2118/2118/9 2120/2120/9 2121/2121/9
f 2119/2119/152 2122/2122/152 2123/2123/152
f 2119/2119/2 2123/2123/2 2120/2120/2
f 2122/2122/25 2124/2124/25 2125/2125/25
f 2122/2122/25 2125/2125/25 2123/2123/25
f 2124/2124/153 2118/2118/153 2121/2121/153
f 2124/2124/1 2121/2121/1 2125/2125/1
f 2126/2126/9 2127/2127/9 2128/2128/9
f 2126/2126/9 2128/2128/9 2129/2129/9
f 2127/2127/2 2130/2130/2 2131/2131/2
f 2127/2127/152 2131/2131/152 2128/2128/152
f 2130/2130/25 2132/2132/25 2133/2133/25
f 2130/2130/25 2133/2133/25 2131/2131/25
f 2132/2132/153 2126/2126/153 2129/2129/153
f 2132/2132/153 2129/2129/153 2133/2133/153
f 2134/2134/9 2135/2135/9 2136/2136/9
f 2134/2134/9 2136/2136/9 2137/2137/9
f 2135/2135/152 2138/2138/152 2139/2139/152
f 2135/2135/152 2139/2139/152 2136/2136/152
f 2138/2138/25 2140/2140/25 2141/2141/25
f 2138/2138/25 2141/2141/25 2139/2139/25
f 2140/2140/1 2134/2134/1 2137/2137/1
f 2140/2140/153 2137/2137/153 2141/2141/153
f 2142/2142/9 2143/2143/9 2144/2144/9
f 2142/2142/9 2144/2144/9 2145/2145/9
f 2143/2143/152 2146/2146/152 2147/2147/152
f 2143/2143/152 2147/2147/152 2144/2144/152
f 2146/2146/25 2148/2148/25 2149/2149/25
f 2146/2146/25 2149/2149/25 2147/2147/25
f 2148/2148/1 2142/2142/1 2145/2145/1
f 2148/2148/153 2145/2145/153 2149/2149/153
f 2150/2150/9 2151/2151/9 2152/2152/9
f 2150/2150/9 2152/2152/9 2153/2153/9
f 2151/2151/152 2154/2154/152 2155/2155/152
f 2151/2151/2 2155/2155/2 2152/2152/2
f 2154/2154/25 2156/2156/25 2157/2157/25
f 2154/2154/25 2157/2157/25 2155/2155/25
f 2156/2156/153 2150/2150/153 2153/2153/153
f 2156/2156/1 2153/2153/1 2157/2157/1
f 2158/2158/9 2159/2159/9 2160/2160/9
f 2158/2158/9 2160/2160/9 2161/2161/9
f 2159/2159/152 2162/2162/152 2163/2163/152
f 2159/2159/152 2163/2163/152 2160/2160/152
f 2162/2162/25 2164/2164/25 2165/2165/25
f 2162/2162/25 2165/2165/25 2163/2163/25
f 2164/2164/1 2158/2158/1 2161/2161/1
f 2164/2164/153 2161/2161/153 2165/2165/153
f 2166/2166/9 2167/2167/9 2168/2168/9
f 2166/2166/9 2168/2168/9 2169/2169/9
f 2167/2167/152 2170/2170/152 2171/2171/152
f 2167/2167/2 2171/2171/2 2168/2168/2
f 2170/2170/25 2172/2172/25 2173/2173/25
f 2170/2170/25 2173/2173/25 2171/2171/25
f 2172/2172/153 2166/2166/153 2169/2169/153
f 2172/2172/1 2169/2169/1 2173/2173/1
f 2174/2174/9 2175/2175/9 2176/2176/9
f 2174/2174/9 2176/2176/9 2177/2177/9
f 2175/2175/2 2178/2178/2 2179/2179/2
f 2175/2175/152 2179/2179/152 2176/2176/152
f 2178/2178/25 2180/2180/25 2181/2181/25
f 2178/2178/25 2181/2181/25 2179/2179/25
f 2180/2180/153 2174/2174/153 2177/2177/153
f 2180/2180/153 2177/2177/153 2181/2181/153
f 2182/2182/9 2183/2183/9 2184/2184/9
f 2182/2182/9 2184/2184/9 2185/2185/9
f 2183/2183/2 2186/2186/2 2187/2187/2
f 2183/2183/152 2187/2187/152 2184/2184/152
f 2186/2186/25 2188/2188/25 2189/2189/25
f 2186/2186/25 2189/2189/25 2187/2187/25
f 2188/2188/153 2182/2182/153 2185/2185/153
f 2188/2188/153 2185/2185/153 2189/2189/153
f 2190/2190/9 2191/2191/9 2192/2192/9
f 2190/2190/9 2192/2192/9 2193/2193/9
f 2191/2191/2 2194/2194/2 2195/2195/2
f 2191/2191/152 2195/2195/152 2192/2192/152
f 2194/2194/25 2196/2196/25 2197/2197/25
f 2194/2194/25 2197/2197/25 2195/2195/25
f 2196/2196/153 2190/2190/153 2193/2193/153
f 2196/2196/153 2193/2193/153 2197/2197/153
f 2198/2198/9 2199/2199/9 2200/2200/9
f 2198/2198/9 2200/2200/9 2201/2201/9
f 2199/2199/2 2202/2202/2 2203/2203/2
f 2199/2199/152 2203/2203/152 2200/2200/152
f 2202/2202/25 2204/2204/25 2205/2205/25
f 2202/2202/25 2205/2205/25 2203/2203/25
f 2204/2204/153 2198/2198/153 2201/2201/153
f 2204/2204/153 2201/2201/153 2205/2205/153
f 2206/2206/9 2207/2207/9 2208/2208/9
f 2206/2206/9 2208/2208/9 2209/2209/9
f 2207/2207/152 2210/2210/152 2211/2211/152
f 2207/2207/152 2211/2211/152 2208/2208/152
f 2210/2210/25 2212/2212/25 2213/2213/25
f 2210/2210/25 2213/2213/25 2211/2211/25
f 2212/2212/1 2206/2206/1 2209/2209/1
f 2212/2212/153 2209/2209/153 2213/2213/153
f 2214/2214/9 2215/2215/9 2216/2216/9
f 2214/2214/9 2216/2216/9 2217/2217/9
f 2215/2215/152 2218/2218/152 2219/2219/152
f 2215/2215/152 2219/2219/152 2216/2216/152
f 2218/2218/25 2220/2220/25 2221/2221/25
f 2218/2218/25 2221/2221/25 2219/2219/25
f 2220/2220/1 2214/2214/1 2217/2217/1
f 2220/2220/153 2217/2217/153 2221/2221/153
f 2222/2222/9 2223/2223/9 2224/2224/9
f 2222/2222/9 2224/2224/9 2225/2225/9
f 2223/2223/152 2226/2226/152 2227/2227/152
f 2223/2223/2 2227/2227/2 2224/2224/2
f 2226/2226/25 2228/2228/25 2229/2229/25
f 2226/2226/25 2229/2229/25 2227/2227/25
f 2228/2228/153 2222/2222/153 2225/2225/153
f 2228/2228/1 2225/2225/1 2229/2229/1
f 2230/2230/9 2231/2231/9 2232/2232/9
f 2230/2230/9 2232/2232/9 2233/2233/9
f 2231/2231/152 2234/2234/152 2235/2235/152
f 2231/2231/2 2235/2235/2 2232/2232/2
f 2234/2234/25 2236/2236/25 2237/2237/25
f 2234/2234/25 2237/2237/25 2235/2235/25
f 2236/2236/1 2230/2230/1 2233/2233/1
f 2236/2236/153 2233/2233/153 2237/2237/153
f 2238/2238/155 2239/2239/155 2240/2240/155
f 2238/2238/1 2240/2240/1 2241/2241/1
f 2239/2239/9 2242/2242/9 2243/2243/9
f 2239/2239/9 2243/2243/9 2240/2240/9
f 2242/2242/156 2244/2244/156 2245/2245/156
f 2242/2242/2 2245/2245/2 2243/2243/2
f 2244/2244/25 2238/2238/25 2241/2241/25
f 2244/2244/25 2241/2241/25 2245/2245/25
f 2246/2246/1 2247/2247/1 2248/2248/1
f 2246/2246/1 2248/2248/1 2249/2249/1
f 2247/2247/9 2250/2250/9 2251/2251/9
f 2247/2247/9 2251/2251/9 2248/2248/9
f 2250/2250/156 2252/2252/156 2253/2253/156
f 2250/2250/2 2253/2253/2 2251/2251/2
f 2252/2252/25 2246/2246/25 2249/2249/25
f 2252/2252/25 2249/2249/25 2253/2253/25
f 2254/2254/1 2255/2255/1 2256/2256/1
f 2254/2254/157 2256/2256/157 2257/2257/157
f 2255/2255/9 2258/2258/9 2259/2259/9
f 2255/2255/9 2259/2259/9 2256/2256/9
f 2258/2258/2 2260/2260/2 2261/2261/2
f 2258/2258/209 2261/2261/209 2259/2259/209
f 2260/2260/25 2254/2254/25 2257/2257/25
f 2260/2260/25 2257/2257/25 2261/2261/25
f 2262/2262/157 2263/2263/157 2264/2264/157
f 2262/2262/1 2264/2264/1 2265/2265/1
f 2263/2263/9 2266/2266/9 2267/2267/9
f 2263/2263/9 2267/2267/9 2264/2264/9
f 2266/2266/187 2268/2268/187 2269/2269/187
f 2266/2266/2 2269/2269/2 2267/2267/2
f 2268/2268/146 2262/2262/146 2265/2265/146
f 2268/2268/146 2265/2265/146 2269/2269/146
f 2270/2270/159 2271/2271/159 2272/2272/159
f 2270/2270/155 2272/2272/155 2273/2273/155
f 2271/2271/9 2274/2274/9 2275/2275/9
f 2271/2271/9 2275/2275/9 2272/2272/9
f 2274/2274/156 2276/2276/156 2277/2277/156
f 2274/2274/2 2277/2277/2 2275/2275/2
f 2276/2276/25 2270/2270/25 2273/2273/25
f 2276/2276/25 2273/2273/25 2277/2277/25
f 2278/2278/155 2279/2279/155 2280/2280/155
f 2278/2278/153 2280/2280/153 2281/2281/153
f 2279/2279/9 2282/2282/9 2283/2283/9
f 2279/2279/9 2283/2283/9 2280/2280/9
f 2282/2282/2 2284/2284/2 2285/2285/2
f 2282/2282/156 2285/2285/156 2283/2283/156
f 2284/2284/25 2278/2278/25 2281/2281/25
f 2284/2284/25 2281/2281/25 2285/2285/25
f 2286/2286/564 2287/2287/564 2288/2288/564
f 2286/2286/155 2288/2288/155 2289/2289/155
f 2287/2287/9 2290/2290/9 2291/2291/9
f 2287/2287/9 2291/2291/9 2288/2288/9
f 2290/2290/156 2292/2292/156 2293/2293/156
f 2290/2290/156 2293/2293/156 2291/2291/156
f 2292/2292/25 2286/2286/25 2289/2289/25
f 2292/2292/25 2289/2289/25 2293/2293/25
f 2294/2294/153 2295/2295/153 2296/2296/153
f 2294/2294/153 2296/2296/153 2297/2297/153
f 2295/2295/9 2298/2298/9 2299/2299/9
f 2295/2295/9 2299/2299/9 2296/2296/9
f 2298/2298/209 2300/2300/209 2301/2301/209
f 2298/2298/209 2301/2301/209 2299/2299/209
f 2300/2300/25 2294/2294/25 2297/2297/25
f 2300/2300/4 2297/2297/4 2301/2301/4
f 2302/2302/155 2303/2303/155 2304/2304/155
f 2302/2302/153 2304/2304/153 2305/2305/153
f 2303/2303/9 2306/2306/9 2307/2307/9
f 2303/2303/9 2307/2307/9 2304/2304/9
f 2306/2306/156 2308/2308/156 2309/2309/156
f 2306/2306/152 2309/2309/152 2307/2307/152
f 2308/2308/25 2302/2302/25 2305/2305/25
f 2308/2308/25 2305/2305/25 2309/2309/25
f 2310/2310/159 2311/2311/159 2312/2312/159
f 2310/2310/155 2312/2312/155 2313/2313/155
f 2311/2311/9 2314/2314/9 2315/2315/9
f 2311/2311/9 2315/2315/9 2312/2312/9
f 2314/2314/156 2316/2316/156 2317/2317/156
f 2314/2314/156 2317/2317/156 2315/2315/156
f 2316/2316/25 2310/2310/25 2313/2313/25
f 2316/2316/25 2313/2313/25 2317/2317/25
f 2318/2318/153 2319/2319/153 2320/2320/153
f 2318/2318/157 2320/2320/157 2321/2321/157
f 2319/2319/9 2322/2322/9 2323/2323/9
f 2319/2319/9 2323/2323/9 2320/2320/9
f 2322/2322/209 2324/2324/209 2325/2325/209
f 2322/2322/209 2325/2325/209 2323/2323/209
f 2324/2324/25 2318/2318/25 2321/2321/25
f 2324/2324/25 2321/2321/25 2325/2325/25
f 2326/2326/159 2327/2327/159 2328/2328/159
f 2326/2326/155 2328/2328/155 2329/2329/155
f 2327/2327/9 2330/2330/9 2331/2331/9
f 2327/2327/9 2331/2331/9 2328/2328/9
f 2330/2330/156 2332/2332/156 2333/2333/156
f 2330/2330/156 2333/2333/156 2331/2331/156
f 2332/2332/25 2326/2326/25 2329/2329/25
f 2332/2332/25 2329/2329/25 2333/2333/25
f 2334/2334/153 2335/2335/153 2336/2336/153
f 2334/2334/155 2336/2336/155 2337/2337/155
f 2335/2335/9 2338/2338/9 2339/2339/9
f 2335/2335/9 2339/2339/9 2336/2336/9
f 2338/2338/180 2340/2340/180 2341/2341/180
f 2338/2338/156 2341/2341/156 2339/2339/156
f 2340/2340/25 2334/2334/25 2337/2337/25
f 2340/2340/25 2337/2337/25 2341/2341/25
f 2342/2342/159 2343/2343/159 2344/2344/159
f 2342/2342/155 2344/2344/155 2345/2345/155
f 2343/2343/9 2346/2346/9 2347/2347/9
f 2343/2343/9 2347/2347/9 2344/2344/9
f 2346/2346/156 2348/2348/156 2349/2349/156
f 2346/2346/156 2349/2349/156 2347/2347/156
f 2348/2348/25 2342/2342/25 2345/2345/25
f 2348/2348/25 2345/2345/25 2349/2349/25
f 2350/2350/157 2351/2351/157 2352/2352/157
f 2350/2350/153 2352/2352/153 2353/2353/153
f 2351/2351/9 2354/2354/9 2355/2355/9
f 2351/2351/9 2355/2355/9 2352/2352/9
f 2354/2354/156 2356/2356/156 2357/2357/156
f 2354/2354/152 2357/2357/152 2355/2355/152
f 2356/2356/146 2350/2350/146 2353/2353/146
f 2356/2356/146 2353/2353/146 2357/2357/146
f 2358/2358/159 2359/2359/159 2360/2360/159
f 2358/2358/155 2360/2360/155 2361/2361/155
f 2359/2359/9 2362/2362/9 2363/2363/9
f 2359/2359/9 2363/2363/9 2360/2360/9
f 2362/2362/152 2364/2364/152 2365/2365/152
f 2362/2362/152 2365/2365/152 2363/2363/152
f 2364/2364/25 2358/2358/25 2361/2361/25
f 2364/2364/25 2361/2361/25 2365/2365/25
f 2366/2366/155 2367/2367/155 2368/2368/155
f 2366/2366/153 2368/2368/153 2369/2369/153
f 2367/2367/147 2370/2370/147 2371/2371/147
f 2367/2367/9 2371/2371/9 2368/2368/9
f 2370/2370/152 2372/2372/152 2373/2373/152
f 2370/2370/152 2373/2373/152 2371/2371/152
f 2372/2372/25 2366/2366/25 2369/2369/25
f 2372/2372/25 2369/2369/25 2373/2373/25
f 2374/2374/153 2375/2375/153 2376/2376/153
f 2374/2374/153 2376/2376/153 2377/2377/153
f 2375/2375/9 2378/2378/9 2379/2379/9
f 2375/2375/9 2379/2379/9 2376/2376/9
f 2378/2378/209 2380/2380/209 2381/2381/209
f 2378/2378/152 2381/2381/152 2379/2379/152
f 2380/2380/25 2374/2374/25 2377/2377/25
f 2380/2380/25 2377/2377/25 2381/2381/25
f 2382/2382/153 2383/2383/153 2384/2384/153
f 2382/2382/153 2384/2384/153 2385/2385/153
f 2383/2383/9 2386/2386/9 2387/2387/9
f 2383/2383/9 2387/2387/9 2384/2384/9
f 2386/2386/172 2388/2388/172 2389/2389/172
f 2386/2386/152 2389/2389/152 2387/2387/152
f 2388/2388/25 2382/2382/25 2385/2385/25
f 2388/2388/25 2385/2385/25 2389/2389/25
f 2390/2390/153 2391/2391/153 2392/2392/153
f 2390/2390/153 2392/2392/153 2393/2393/153
f 2391/2391/9 2394/2394/9 2395/2395/9
f 2391/2391/9 2395/2395/9 2392/2392/9
f 2394/2394/152 2396/2396/152 2397/2397/152
f 2394/2394/152 2397/2397/152 2395/2395/152
f 2396/2396/25 2390/2390/25 2393/2393/25
f 2396/2396/25 2393/2393/25 2397/2397/25
f 2398/2398/153 2399/2399/153 2400/2400/153
f 2398/2398/153 2400/2400/153 2401/2401/153
f 2399/2399/9 2402/2402/9 2403/2403/9
f 2399/2399/9 2403/2403/9 2400/2400/9
f 2402/2402/152 2404/2404/152 2405/2405/152
f 2402/2402/152 2405/2405/152 2403/2403/152
f 2404/2404/25 2398/2398/25 2401/2401/25
f 2404/2404/25 2401/2401/25 2405/2405/25
f 2406/2406/153 2407/2407/153 2408/2408/153
f 2406/2406/159 2408/2408/159 2409/2409/159
f 2407/2407/147 2410/2410/147 2411/2411/147
f 2407/2407/147 2411/2411/147 2408/2408/147
f 2410/2410/152 2412/2412/152 2413/2413/152
f 2410/2410/152 2413/2413/152 2411/2411/152
f 2412/2412/25 2406/2406/25 2409/2409/25
f 2412/2412/25 2409/2409/25 2413/2413/25
f 2414/2414/159 2415/2415/159 2416/2416/159
f 2414/2414/155 2416/2416/155 2417/2417/155
f 2415/2415/9 2418/2418/9 2419/2419/9
f 2415/2415/9 2419/2419/9 2416/2416/9
f 2418/2418/152 2420/2420/152 2421/2421/152
f 2418/2418/152 2421/2421/152 2419/2419/152
f 2420/2420/25 2414/2414/25 2417/2417/25
f 2420/2420/25 2417/2417/25 2421/2421/25
f 2422/2422/157 2423/2423/157 2424/2424/157
f 2422/2422/153 2424/2424/153 2425/2425/153
f 2423/2423/9 2426/2426/9 2427/2427/9
f 2423/2423/9 2427/2427/9 2424/2424/9
f 2426/2426/180 2428/2428/180 2429/2429/180
f 2426/2426/152 2429/2429/152 2427/2427/152
f 2428/2428/146 2422/2422/146 2425/2425/146
f 2428/2428/149 2425/2425/149 2429/2429/149
f 2430/2430/153 2431/2431/153 2432/2432/153
f 2430/2430/153 2432/2432/153 2433/2433/153
f 2431/2431/9 2434/2434/9 2435/2435/9
f 2431/2431/9 2435/2435/9 2432/2432/9
f 2434/2434/156 2436/2436/156 2437/2437/156
f 2434/2434/180 2437/2437/180 2435/2435/180
f 2436/2436/25 2430/2430/25 2433/2433/25
f 2436/2436/25 2433/2433/25 2437/2437/25
f 2438/2438/153 2439/2439/153 2440/2440/153
f 2438/2438/153 2440/2440/153 2441/2441/153
f 2439/2439/9 2442/2442/9 2443/2443/9
f 2439/2439/9 2443/2443/9 2440/2440/9
f 2442/2442/152 2444/2444/152 2445/2445/152
f 2442/2442/156 2445/2445/156 2443/2443/156
f 2444/2444/25 2438/2438/25 2441/2441/25
f 2444/2444/25 2441/2441/25 2445/2445/25
f 2446/2446/153 2447/2447/153 2448/2448/153
f 2446/2446/153 2448/2448/153 2449/2449/153
f 2447/2447/9 2450/2450/9 2451/2451/9
f 2447/2447/9 2451/2451/9 2448/2448/9
f 2450/2450/152 2452/2452/152 2453/2453/152
f 2450/2450/152 2453/2453/152 2451/2451/152
f 2452/2452/146 2446/2446/146 2449/2449/146
f 2452/2452/146 2449/2449/146 2453/2453/146
f 2454/2454/153 2455/2455/153 2456/2456/153
f 2454/2454/153 2456/2456/153 2457/2457/153
f 2455/2455/9 2458/2458/9 2459/2459/9
f 2455/2455/9 2459/2459/9 2456/2456/9
f 2458/2458/152 2460/2460/152 2461/2461/152
f 2458/2458/152 2461/2461/152 2459/2459/152
f 2460/2460/25 2454/2454/25 2457/2457/25
f 2460/2460/25 2457/2457/25 2461/2461/25
f 2462/2462/153 2463/2463/153 2464/2464/153
f 2462/2462/159 2464/2464/159 2465/2465/159
f 2463/2463/9 2466/2466/9 2467/2467/9
f 2463/2463/9 2467/2467/9 2464/2464/9
f 2466/2466/152 2468/2468/152 2469/2469/152
f 2466/2466/152 2469/2469/152 2467/2467/152
f 2468/2468/25 2462/2462/25 2465/2465/25
f 2468/2468/25 2465/2465/25 2469/2469/25
f 2470/2470/159 2471/2471/159 2472/2472/159
f 2470/2470/155 2472/2472/155 2473/2473/155
f 2471/2471/9 2474/2474/9 2475/2475/9
f 2471/2471/9 2475/2475/9 2472/2472/9
f 2474/2474/152 2476/2476/152 2477/2477/152
f 2474/2474/152 2477/2477/152 2475/2475/152
f 2476/2476/25 2470/2470/25 2473/2473/25
f 2476/2476/25 2473/2473/25 2477/2477/25
f 2478/2478/157 2479/2479/157 2480/2480/157
f 2478/2478/153 2480/2480/153 2481/2481/153
f 2479/2479/9 2482/2482/9 2483/2483/9
f 2479/2479/9 2483/2483/9 2480/2480/9
f 2482/2482/152 2484/2484/152 2485/2485/152
f 2482/2482/152 2485/2485/152 2483/2483/152
f 2484/2484/25 2478/2478/25 2481/2481/25
f 2484/2484/25 2481/2481/25 2485/2485/25
f 2486/2486/1 2487/2487/1 2488/2488/1
f 2486/2486/1 2488/2488/1 2489/2489/1
f 2487/2487/188 2490/2490/188 2491/2491/188
f 2487/2487/188 2491/2491/188 2488/2488/188
f 2490/2490/152 2492/2492/152 2493/2493/152
f 2490/2490/156 2493/2493/156 2491/2491/156
f 2492/2492/146 2486/2486/146 2489/2489/146
f 2492/2492/146 2489/2489/146 2493/2493/146
f 2494/2494/153 2495/2495/153 2496/2496/153
f 2494/2494/153 2496/2496/153 2497/2497/153
f 2495/2495/147 2498/2498/147 2499/2499/147
f 2495/2495/147 2499/2499/147 2496/2496/147
f 2498/2498/152 2500/2500/152 2501/2501/152
f 2498/2498/152 2501/2501/152 2499/2499/152
f 2500/2500/146 2494/2494/146 2497/2497/146
f 2500/2500/146 2497/2497/146 2501/2501/146
f 2502/2502/153 2503/2503/153 2504/2504/153
f 2502/2502/153 2504/2504/153 2505/2505/153
f 2503/2503/188 2506/2506/188 2507/2507/188
f 2503/2503/188 2507/2507/188 2504/2504/188
f 2506/2506/152 2508/2508/152 2509/2509/152
f 2506/2506/152 2509/2509/152 2507/2507/152
f 2508/2508/211 2502/2502/211 2505/2505/211
f 2508/2508/211 2505/2505/211 2509/2509/211
f 2510/2510/153 2511/2511/153 2512/2512/153
f 2510/2510/159 2512/2512/159 2513/2513/159
f 2511/2511/147 2514/2514/147 2515/2515/147
f 2511/2511/147 2515/2515/147 2512/2512/147
f 2514/2514/152 2516/2516/152 2517/2517/152
f 2514/2514/152 2517/2517/152 2515/2515/152
f 2516/2516/146 2510/2510/146 2513/2513/146
f 2516/2516/146 2513/2513/146 2517/2517/146
f 2518/2518/159 2519/2519/159 2520/2520/159
f 2518/2518/155 2520/2520/155 2521/2521/155
f 2519/2519/147 2522/2522/147 2523/2523/147
f 2519/2519/147 2523/2523/147 2520/2520/147
f 2522/2522/152 2524/2524/152 2525/2525/152
f 2522/2522/152 2525/2525/152 2523/2523/152
f 2524/2524/149 2518/2518/149 2521/2521/149
f 2524/2524/146 2521/2521/146 2525/2525/146
f 2526/2526/155 2527/2527/155 2528/2528/155
f 2526/2526/153 2528/2528/153 2529/2529/153
f 2527/2527/188 2530/2530/188 2531/2531/188
f 2527/2527/188 2531/2531/188 2528/2528/188
f 2530/2530/180 2532/2532/180 2533/2533/180
f 2530/2530/152 2533/2533/152 2531/2531/152
f 2532/2532/211 2526/2526/211 2529/2529/211
f 2532/2532/211 2529/2529/211 2533/2533/211
f 2534/2534/153 2535/2535/153 2536/2536/153
f 2534/2534/153 2536/2536/153 2537/2537/153
f 2535/2535/147 2538/2538/147 2539/2539/147
f 2535/2535/210 2539/2539/210 2536/2536/210
f 2538/2538/156 2540/2540/156 2541/2541/156
f 2538/2538/180 2541/2541/180 2539/2539/180
f 2540/2540/146 2534/2534/146 2537/2537/146
f 2540/2540/146 2537/2537/146 2541/2541/146
f 2542/2542/153 2543/2543/153 2544/2544/153
f 2542/2542/153 2544/2544/153 2545/2545/153
f 2543/2543/210 2546/2546/210 2547/2547/210
f 2543/2543/147 2547/2547/147 2544/2544/147
f 2546/2546/152 2548/2548/152 2549/2549/152
f 2546/2546/156 2549/2549/156 2547/2547/156
f 2548/2548/146 2542/2542/146 2545/2545/146
f 2548/2548/146 2545/2545/146 2549/2549/146
f 2550/2550/153 2551/2551/153 2552/2552/153
f 2550/2550/153 2552/2552/153 2553/2553/153
f 2551/2551/188 2554/2554/188 2555/2555/188
f 2551/2551/188 2555/2555/188 2552/2552/188
f 2554/2554/152 2556/2556/152 2557/2557/152
f 2554/2554/152 2557/2557/152 2555/2555/152
f 2556/2556/211 2550/2550/211 2553/2553/211
f 2556/2556/211 2553/2553/211 2557/2557/211
f 2558/2558/153 2559/2559/153 2560/2560/153
f 2558/2558/153 2560/2560/153 2561/2561/153
f 2559/2559/147 2562/2562/147 2563/2563/147
f 2559/2559/147 2563/2563/147 2560/2560/147
f 2562/2562/152 2564/2564/152 2565/2565/152
f 2562/2562/152 2565/2565/152 2563/2563/152
f 2564/2564/146 2558/2558/146 2561/2561/146
f 2564/2564/146 2561/2561/146 2565/2565/146
f 2566/2566/193 2567/2567/193 2568/2568/193
f 2566/2566/155 2568/2568/155 2569/2569/155
f 2567/2567/147 2570/2570/147 2571/2571/147
f 2567/2567/147 2571/2571/147 2568/2568/147
f 2570/2570/156 2572/2572/156 2573/2573/156
f 2570/2570/156 2573/2573/156 2571/2571/156
f 2572/2572/149 2566/2566/149 2569/2569/149
f 2572/2572/146 2569/2569/146 2573/2573/146
f 2574/2574/153 2575/2575/153 2576/2576/153
f 2574/2574/155 2576/2576/155 2577/2577/155
f 2575/2575/565 2578/2578/565 2579/2579/565
f 2575/2575/188 2579/2579/188 2576/2576/188
f 2578/2578/180 2580/2580/180 2581/2581/180
f 2578/2578/156 2581/2581/156 2579/2579/156
f 2580/2580/211 2574/2574/211 2577/2577/211
f 2580/2580/211 2577/2577/211 2581/2581/211
f 2582/2582/159 2583/2583/159 2584/2584/159
f 2582/2582/155 2584/2584/155 2585/2585/155
f 2583/2583/188 2586/2586/188 2587/2587/188
f 2583/2583/188 2587/2587/188 2584/2584/188
f 2586/2586/187 2588/2588/187 2589/2589/187
f 2586/2586/156 2589/2589/156 2587/2587/156
f 2588/2588/211 2582/2582/211 2585/2585/211
f 2588/2588/211 2585/2585/211 2589/2589/211
f 2590/2590/155 2591/2591/155 2592/2592/155
f 2590/2590/153 2592/2592/153 2593/2593/153
f 2591/2591/147 2594/2594/147 2595/2595/147
f 2591/2591/147 2595/2595/147 2592/2592/147
f 2594/2594/156 2596/2596/156 2597/2597/156
f 2594/2594/152 2597/2597/152 2595/2595/152
f 2596/2596/146 2590/2590/146 2593/2593/146
f 2596/2596/146 2593/2593/146 2597/2597/146
f 2598/2598/155 2599/2599/155 2600/2600/155
f 2598/2598/153 2600/2600/153 2601/2601/153
f 2599/2599/188 2602/2602/188 2603/2603/188
f 2599/2599/188 2603/2603/188 2600/2600/188
f 2602/2602/156 2604/2604/156 2605/2605/156
f 2602/2602/152 2605/2605/152 2603/2603/152
f 2604/2604/211 2598/2598/211 2601/2601/211
f 2604/2604/211 2601/2601/211 2605/2605/211
f 2606/2606/155 2607/2607/155 2608/2608/155
f 2606/2606/155 2608/2608/155 2609/2609/155
f 2607/2607/147 2610/2610/147 2611/2611/147
f 2607/2607/147 2611/2611/147 2608/2608/147
f 2610/2610/152 2612/2612/152 2613/2613/152
f 2610/2610/156 2613/2613/156 2611/2611/156
f 2612/2612/149 2606/2606/149 2609/2609/149
f 2612/2612/146 2609/2609/146 2613/2613/146
f 2614/2614/155 2615/2615/155 2616/2616/155
f 2614/2614/155 2616/2616/155 2617/2617/155
f 2615/2615/147 2618/2618/147 2619/2619/147
f 2615/2615/147 2619/2619/147 2616/2616/147
f 2618/2618/152 2620/2620/152 2621/2621/152
f 2618/2618/156 2621/2621/156 2619/2619/156
f 2620/2620/149 2614/2614/149 2617/2617/149
f 2620/2620/146 2617/2617/146 2621/2621/146
f 2622/2622/155 2623/2623/155 2624/2624/155
f 2622/2622/155 2624/2624/155 2625/2625/155
f 2623/2623/188 2626/2626/188 2627/2627/188
f 2623/2623/188 2627/2627/188 2624/2624/188
f 2626/2626/180 2628/2628/180 2629/2629/180
f 2626/2626/156 2629/2629/156 2627/2627/156
f 2628/2628/211 2622/2622/211 2625/2625/211
f 2628/2628/211 2625/2625/211 2629/2629/211
f 2630/2630/153 2631/2631/153 2632/2632/153
f 2630/2630/155 2632/2632/155 2633/2633/155
f 2631/2631/147 2634/2634/147 2635/2635/147
f 2631/2631/210 2635/2635/210 2632/2632/210
f 2634/2634/566 2636/2636/566 2637/2637/566
f 2634/2634/156 2637/2637/156 2635/2635/156
f 2636/2636/146 2630/2630/146 2633/2633/146
f 2636/2636/149 2633/2633/149 2637/2637/149
f 2638/2638/153 2639/2639/153 2640/2640/153
f 2638/2638/155 2640/2640/155 2641/2641/155
f 2639/2639/147 2642/2642/147 2643/2643/147
f 2639/2639/210 2643/2643/210 2640/2640/210
f 2642/2642/156 2644/2644/156 2645/2645/156
f 2642/2642/156 2645/2645/156 2643/2643/156
f 2644/2644/146 2638/2638/146 2641/2641/146
f 2644/2644/146 2641/2641/146 2645/2645/146
f 2646/2646/5 2647/2647/5 2648/2648/5
f 2646/2646/5 2648/2648/5 2649/2649/5
f 2650/2650/5 2651/2651/5 2652/2652/5
f 2650/2650/5 2652/2652/5 2653/2653/5
f 2654/2654/3 2655/2655/3 2656/2656/3
f 2654/2654/3 2656/2656/3 2657/2657/3
f 2658/2658/3 2659/2659/3 2660/2660/3
f 2658/2658/3 2660/2660/3 2661/2661/3
f 2647/2647/1 2654/2654/1 2657/2657/1
f 2647/2647/1 2657/2657/1 2648/2648/1
f 2659/2659/1 2650/2650/1 2653/2653/1
f 2659/2659/1 2653/2653/1 2660/2660/1
f 2651/2651/2 2658/2658/2 2661/2661/2
f 2651/2651/2 2661/2661/2 2652/2652/2
f 2655/2655/2 2646/2646/2 2649/2649/2
f 2655/2655/2 2649/2649/2 2656/2656/2
f 2662/2662/147 2663/2663/147 2664/2664/147
f 2662/2662/147 2664/2664/147 2665/2665/147
f 2663/2663/152 2666/2666/152 2667/2667/152
f 2663/2663/152 2667/2667/152 2664/2664/152
f 2666/2666/146 2668/2668/146 2669/2669/146
f 2666/2666/149 2669/2669/149 2667/2667/149
f 2668/2668/1 2662/2662/1 2665/2665/1
f 2668/2668/153 2665/2665/153 2669/2669/153
f 2670/2670/147 2671/2671/147 2672/2672/147
f 2670/2670/147 2672/2672/147 2673/2673/147
f 2671/2671/152 2674/2674/152 2675/2675/152
f 2671/2671/152 2675/2675/152 2672/2672/152
f 2674/2674/146 2676/2676/146 2677/2677/146
f 2674/2674/146 2677/2677/146 2675/2675/146
f 2676/2676/1 2670/2670/1 2673/2673/1
f 2676/2676/153 2673/2673/153 2677/2677/153
f 2678/2678/147 2679/2679/147 2680/2680/147
f 2678/2678/147 2680/2680/147 2681/2681/147
f 2679/2679/152 2682/2682/152 2683/2683/152
f 2679/2679/152 2683/2683/152 2680/2680/152
f 2682/2682/146 2684/2684/146 2685/2685/146
f 2682/2682/149 2685/2685/149 2683/2683/149
f 2684/2684/1 2678/2678/1 2681/2681/1
f 2684/2684/153 2681/2681/153 2685/2685/153
f 2686/2686/210 2687/2687/210 2688/2688/210
f 2686/2686/147 2688/2688/147 2689/2689/147
f 2687/2687/152 2690/2690/152 2691/2691/152
f 2687/2687/2 2691/2691/2 2688/2688/2
f 2690/2690/149 2692/2692/149 2693/2693/149
f 2690/2690/146 2693/2693/146 2691/2691/146
f 2692/2692/153 2686/2686/153 2689/2689/153
f 2692/2692/1 2689/2689/1 2693/2693/1
f 2694/2694/147 2695/2695/147 2696/2696/147
f 2694/2694/147 2696/2696/147 2697/2697/147
f 2695/2695/152 2698/2698/152 2699/2699/152
f 2695/2695/2 2699/2699/2 2696/2696/2
f 2698/2698/146 2700/2700/146 2701/2701/146
f 2698/2698/146 2701/2701/146 2699/2699/146
f 2700/2700/153 2694/2694/153 2697/2697/153
f 2700/2700/1 2697/2697/1 2701/2701/1
f 2702/2702/147 2703/2703/147 2704/2704/147
f 2702/2702/147 2704/2704/147 2705/2705/147
f 2703/2703/152 2706/2706/152 2707/2707/152
f 2703/2703/2 2707/2707/2 2704/2704/2
f 2706/2706/146 2708/2708/146 2709/2709/146
f 2706/2706/146 2709/2709/146 2707/2707/146
f 2708/2708/153 2702/2702/153 2705/2705/153
f 2708/2708/1 2705/2705/1 2709/2709/1
f 2710/2710/210 2711/2711/210 2712/2712/210
f 2710/2710/147 2712/2712/147 2713/2713/147
f 2711/2711/152 2714/2714/152 2715/2715/152
f 2711/2711/2 2715/2715/2 2712/2712/2
f 2714/2714/149 2716/2716/149 2717/2717/149
f 2714/2714/146 2717/2717/146 2715/2715/146
f 2716/2716/153 2710/2710/153 2713/2713/153
f 2716/2716/1 2713/2713/1 2717/2717/1
f 2718/2718/147 2719/2719/147 2720/2720/147
f 2718/2718/147 2720/2720/147 2721/2721/147
f 2719/2719/152 2722/2722/152 2723/2723/152
f 2719/2719/2 2723/2723/2 2720/2720/2
f 2722/2722/149 2724/2724/149 2725/2725/149
f 2722/2722/146 2725/2725/146 2723/2723/146
f 2724/2724/155 2718/2718/155 2721/2721/155
f 2724/2724/153 2721/2721/153 2725/2725/153
f 2726/2726/147 2727/2727/147 2728/2728/147
f 2726/2726/210 2728/2728/210 2729/2729/210
f 2727/2727/2 2730/2730/2 2731/2731/2
f 2727/2727/152 2731/2731/152 2728/2728/152
f 2730/2730/146 2732/2732/146 2733/2733/146
f 2730/2730/146 2733/2733/146 2731/2731/146
f 2732/2732/153 2726/2726/153 2729/2729/153
f 2732/2732/153 2729/2729/153 2733/2733/153
f 2734/2734/147 2735/2735/147 2736/2736/147
f 2734/2734/147 2736/2736/147 2737/2737/147
f 2735/2735/2 2738/2738/2 2739/2739/2
f 2735/2735/152 2739/2739/152 2736/2736/152
f 2738/2738/146 2740/2740/146 2741/2741/146
f 2738/2738/146 2741/2741/146 2739/2739/146
f 2740/2740/153 2734/2734/153 2737/2737/153
f 2740/2740/153 2737/2737/153 2741/2741/153
f 2742/2742/147 2743/2743/147 2744/2744/147
f 2742/2742/210 2744/2744/210 2745/2745/210
f 2743/2743/152 2746/2746/152 2747/2747/152
f 2743/2743/152 2747/2747/152 2744/2744/152
f 2746/2746/146 2748/2748/146 2749/2749/146
f 2746/2746/149 2749/2749/149 2747/2747/149
f 2748/2748/153 2742/2742/153 2745/2745/153
f 2748/2748/153 2745/2745/153 2749/2749/153
f 2750/2750/188 2751/2751/188 2752/2752/188
f 2750/2750/188 2752/2752/188 2753/2753/188
f 2751/2751/152 2754/2754/152 2755/2755/152
f 2751/2751/152 2755/2755/152 2752/2752/152
f 2754/2754/146 2756/2756/146 2757/2757/146
f 2754/2754/146 2757/2757/146 2755/2755/146
f 2756/2756/155 2750/2750/155 2753/2753/155
f 2756/2756/1 2753/2753/1 2757/2757/1
f 2758/2758/147 2759/2759/147 2760/2760/147
f 2758/2758/147 2760/2760/147 2761/2761/147
f 2759/2759/2 2762/2762/2 2763/2763/2
f 2759/2759/152 2763/2763/152 2760/2760/152
f 2762/2762/146 2764/2764/146 2765/2765/146
f 2762/2762/146 2765/2765/146 2763/2763/146
f 2764/2764/153 2758/2758/153 2761/2761/153
f 2764/2764/153 2761/2761/153 2765/2765/153
f 2766/2766/147 2767/2767/147 2768/2768/147
f 2766/2766/210 2768/2768/210 2769/2769/210
f 2767/2767/152 2770/2770/152 2771/2771/152
f 2767/2767/152 2771/2771/152 2768/2768/152
f 2770/2770/146 2772/2772/146 2773/2773/146
f 2770/2770/149 2773/2773/149 2771/2771/149
f 2772/2772/153 2766/2766/153 2769/2769/153
f 2772/2772/153 2769/2769/153 2773/2773/153
f 2774/2774/147 2775/2775/147 2776/2776/147
f 2774/2774/147 2776/2776/147 2777/2777/147
f 2775/2775/152 2778/2778/152 2779/2779/152
f 2775/2775/152 2779/2779/152 2776/2776/152
f 2778/2778/146 2780/2780/146 2781/2781/146
f 2778/2778/146 2781/2781/146 2779/2779/146
f 2780/2780/1 2774/2774/1 2777/2777/1
f 2780/2780/153 2777/2777/153 2781/2781/153
f 2782/2782/210 2783/2783/210 2784/2784/210
f 2782/2782/147 2784/2784/147 2785/2785/147
f 2783/2783/152 2786/2786/152 2787/2787/152
f 2783/2783/2 2787/2787/2 2784/2784/2
f 2786/2786/149 2788/2788/149 2789/2789/149
f 2786/2786/146 2789/2789/146 2787/2787/146
f 2788/2788/153 2782/2782/153 2785/2785/153
f 2788/2788/1 2785/2785/1 2789/2789/1
f 2790/2790/147 2791/2791/147 2792/2792/147
f 2790/2790/147 2792/2792/147 2793/2793/147
f 2791/2791/152 2794/2794/152 2795/2795/152
f 2791/2791/152 2795/2795/152 2792/2792/152
f 2794/2794/146 2796/2796/146 2797/2797/146
f 2794/2794/146 2797/2797/146 2795/2795/146
f 2796/2796/1 2790/2790/1 2793/2793/1
f 2796/2796/153 2793/2793/153 2797/2797/153
f 2798/2798/147 2799/2799/147 2800/2800/147
f 2798/2798/147 2800/2800/147 2801/2801/147
f 2799/2799/152 2802/2802/152 2803/2803/152
f 2799/2799/2 2803/2803/2 2800/2800/2
f 2802/2802/146 2804/2804/146 2805/2805/146
f 2802/2802/146 2805/2805/146 2803/2803/146
f 2804/2804/153 2798/2798/153 2801/2801/153
f 2804/2804/1 2801/2801/1 2805/2805/1
f 2806/2806/210 2807/2807/210 2808/2808/210
f 2806/2806/210 2808/2808/210 2809/2809/210
f 2807/2807/152 2810/2810/152 2811/2811/152
f 2807/2807/2 2811/2811/2 2808/2808/2
f 2810/2810/149 2812/2812/149 2813/2813/149
f 2810/2810/146 2813/2813/146 2811/2811/146
f 2812/2812/153 2806/2806/153 2809/2809/153
f 2812/2812/153 2809/2809/153 2813/2813/153
f 2814/2814/147 2815/2815/147 2816/2816/147
f 2814/2814/147 2816/2816/147 2817/2817/147
f 2815/2815/2 2818/2818/2 2819/2819/2
f 2815/2815/152 2819/2819/152 2816/2816/152
f 2818/2818/146 2820/2820/146 2821/2821/146
f 2818/2818/146 2821/2821/146 2819/2819/146
f 2820/2820/153 2814/2814/153 2817/2817/153
f 2820/2820/153 2817/2817/153 2821/2821/153
f 2822/2822/147 2823/2823/147 2824/2824/147
f 2822/2822/210 2824/2824/210 2825/2825/210
f 2823/2823/152 2826/2826/152 2827/2827/152
f 2823/2823/152 2827/2827/152 2824/2824/152
f 2826/2826/146 2828/2828/146 2829/2829/146
f 2826/2826/149 2829/2829/149 2827/2827/149
f 2828/2828/153 2822/2822/153 2825/2825/153
f 2828/2828/153 2825/2825/153 2829/2829/153
f 2830/2830/147 2831/2831/147 2832/2832/147
f 2830/2830/567 2832/2832/567 2833/2833/567
f 2831/2831/2 2834/2834/2 2835/2835/2
f 2831/2831/152 2835/2835/152 2832/2832/152
f 2834/2834/146 2836/2836/146 2837/2837/146
f 2834/2834/238 2837/2837/238 2835/2835/238
f 2836/2836/153 2830/2830/153 2833/2833/153
f 2836/2836/153 2833/2833/153 2837/2837/153
f 2838/2838/147 2839/2839/147 2840/2840/147
f 2838/2838/147 2840/2840/147 2841/2841/147
f 2839/2839/152 2842/2842/152 2843/2843/152
f 2839/2839/152 2843/2843/152 2840/2840/152
f 2842/2842/146 2844/2844/146 2845/2845/146
f 2842/2842/146 2845/2845/146 2843/2843/146
f 2844/2844/1 2838/2838/1 2841/2841/1
f 2844/2844/153 2841/2841/153 2845/2845/153
f 2846/2846/147 2847/2847/147 2848/2848/147
f 2846/2846/147 2848/2848/147 2849/2849/147
f 2847/2847/152 2850/2850/152 2851/2851/152
f 2847/2847/152 2851/2851/152 2848/2848/152
f 2850/2850/146 2852/2852/146 2853/2853/146
f 2850/2850/146 2853/2853/146 2851/2851/146
f 2852/2852/153 2846/2846/153 2849/2849/153
f 2852/2852/153 2849/2849/153 2853/2853/153
f 2854/2854/147 2855/2855/147 2856/2856/147
f 2854/2854/210 2856/2856/210 2857/2857/210
f 2855/2855/172 2858/2858/172 2859/2859/172
f 2855/2855/152 2859/2859/152 2856/2856/152
f 2858/2858/146 2860/2860/146 2861/2861/146
f 2858/2858/146 2861/2861/146 2859/2859/146
f 2860/2860/153 2854/2854/153 2857/2857/153
f 2860/2860/153 2857/2857/153 2861/2861/153
f 2862/2862/210 2863/2863/210 2864/2864/210
f 2862/2862/210 2864/2864/210 2865/2865/210
f 2863/2863/152 2866/2866/152 2867/2867/152
f 2863/2863/152 2867/2867/152 2864/2864/152
f 2866/2866/149 2868/2868/149 2869/2869/149
f 2866/2866/149 2869/2869/149 2867/2867/149
f 2868/2868/153 2862/2862/153 2865/2865/153
f 2868/2868/155 2865/2865/155 2869/2869/155
f 2870/2870/147 2871/2871/147 2872/2872/147
f 2870/2870/210 2872/2872/210 2873/2873/210
f 2871/2871/156 2874/2874/156 2875/2875/156
f 2871/2871/152 2875/2875/152 2872/2872/152
f 2874/2874/146 2876/2876/146 2877/2877/146
f 2874/2874/146 2877/2877/146 2875/2875/146
f 2876/2876/153 2870/2870/153 2873/2873/153
f 2876/2876/153 2873/2873/153 2877/2877/153
f 2878/2878/210 2879/2879/210 2880/2880/210
f 2878/2878/147 2880/2880/147 2881/2881/147
f 2879/2879/152 2882/2882/152 2883/2883/152
f 2879/2879/152 2883/2883/152 2880/2880/152
f 2882/2882/149 2884/2884/149 2885/2885/149
f 2882/2882/146 2885/2885/146 2883/2883/146
f 2884/2884/153 2878/2878/153 2881/2881/153
f 2884/2884/153 2881/2881/153 2885/2885/153
f 2886/2886/147 2887/2887/147 2888/2888/147
f 2886/2886/147 2888/2888/147 2889/2889/147
f 2887/2887/152 2890/2890/152 2891/2891/152
f 2887/2887/152 2891/2891/152 2888/2888/152
f 2890/2890/146 2892/2892/146 2893/2893/146
f 2890/2890/149 2893/2893/149 2891/2891/149
f 2892/2892/155 2886/2886/155 2889/2889/155
f 2892/2892/153 2889/2889/153 2893/2893/153
f 2894/2894/210 2895/2895/210 2896/2896/210
f 2894/2894/210 2896/2896/210 2897/2897/210
f 2895/2895/152 2898/2898/152 2899/2899/152
f 2895/2895/172 2899/2899/172 2896/2896/172
f 2898/2898/146 2900/2900/146 2901/2901/146
f 2898/2898/149 2901/2901/149 2899/2899/149
f 2900/2900/153 2894/2894/153 2897/2897/153
f 2900/2900/153 2897/2897/153 2901/2901/153
f 2902/2902/5 2903/2903/5 2904/2904/5
f 2902/2902/5 2904/2904/5 2905/2905/5
f 2906/2906/5 2907/2907/5 2908/2908/5
f 2906/2906/5 2908/2908/5 2909/2909/5
f 2910/2910/3 2911/2911/3 2912/2912/3
f 2910/2910/3 2912/2912/3 2913/2913/3
f 2914/2914/3 2915/2915/3 2916/2916/3
f 2914/2914/3 2916/2916/3 2917/2917/3
f 2903/2903/8 2910/2910/8 2913/2913/8
f 2903/2903/8 2913/2913/8 2904/2904/8
f 2915/2915/8 2906/2906/8 2909/2909/8
f 2915/2915/8 2909/2909/8 2916/2916/8
f 2907/2907/4 2914/2914/4 2917/2917/4
f 2907/2907/4 2917/2917/4 2908/2908/4
f 2911/2911/4 2902/2902/4 2905/2905/4
f 2911/2911/4 2905/2905/4 2912/2912/4
f 2918/2918/147 2919/2919/147 2920/2920/147
f 2918/2918/147 2920/2920/147 2921/2921/147
f 2919/2919/2 2922/2922/2 2923/2923/2
f 2919/2919/152 2923/2923/152 2920/2920/152
f 2922/2922/146 2924/2924/146 2925/2925/146
f 2922/2922/146 2925/2925/146 2923/2923/146
f 2924/2924/153 2918/2918/153 2921/2921/153
f 2924/2924/153 2921/2921/153 2925/2925/153
f 2926/2926/210 2927/2927/210 2928/2928/210
f 2926/2926/147 2928/2928/147 2929/2929/147
f 2927/2927/152 2930/2930/152 2931/2931/152
f 2927/2927/152 2931/2931/152 2928/2928/152
f 2930/2930/149 2932/2932/149 2933/2933/149
f 2930/2930/149 2933/2933/149 2931/2931/149
f 2932/2932/153 2926/2926/153 2929/2929/153
f 2932/2932/1 2929/2929/1 2933/2933/1
f 2934/2934/147 2935/2935/147 2936/2936/147
f 2934/2934/147 2936/2936/147 2937/2937/147
f 2935/2935/152 2938/2938/152 2939/2939/152
f 2935/2935/152 2939/2939/152 2936/2936/152
f 2938/2938/146 2940/2940/146 2941/2941/146
f 2938/2938/149 2941/2941/149 2939/2939/149
f 2940/2940/1 2934/2934/1 2937/2937/1
f 2940/2940/153 2937/2937/153 2941/2941/153
f 2942/2942/2 2943/2943/2 2944/2944/2
f 2942/2942/156 2944/2944/156 2945/2945/156
f 2943/2943/146 2946/2946/146 2947/2947/146
f 2943/2943/149 2947/2947/149 2944/2944/149
f 2946/2946/155 2948/2948/155 2949/2949/155
f 2946/2946/1 2949/2949/1 2947/2947/1
f 2948/2948/210 2942/2942/210 2945/2945/210
f 2948/2948/147 2945/2945/147 2949/2949/147
f 2950/2950/2 2951/2951/2 2952/2952/2
f 2950/2950/156 2952/2952/156 2953/2953/156
f 2951/2951/211 2954/2954/211 2955/2955/211
f 2951/2951/211 2955/2955/211 2952/2952/211
f 2954/2954/1 2956/2956/1 2957/2957/1
f 2954/2954/155 2957/2957/155 2955/2955/155
f 2956/2956/188 2950/2950/188 2953/2953/188
f 2956/2956/188 2953/2953/188 2957/2957/188
f 2958/2958/2 2959/2959/2 2960/2960/2
f 2958/2958/2 2960/2960/2 2961/2961/2
f 2959/2959/146 2962/2962/146 2963/2963/146
f 2959/2959/149 2963/2963/149 2960/2960/149
f 2962/2962/155 2964/2964/155 2965/2965/155
f 2962/2962/1 2965/2965/1 2963/2963/1
f 2964/2964/147 2958/2958/147 2961/2961/147
f 2964/2964/147 2961/2961/147 2965/2965/147
f 2966/2966/152 2967/2967/152 2968/2968/152
f 2966/2966/2 2968/2968/2 2969/2969/2
f 2967/2967/149 2970/2970/149 2971/2971/149
f 2967/2967/146 2971/2971/146 2968/2968/146
f 2970/2970/1 2972/2972/1 2973/2973/1
f 2970/2970/155 2973/2973/155 2971/2971/155
f 2972/2972/188 2966/2966/188 2969/2969/188
f 2972/2972/188 2969/2969/188 2973/2973/188
f 2974/2974/156 2975/2975/156 2976/2976/156
f 2974/2974/2 2976/2976/2 2977/2977/2
f 2975/2975/211 2978/2978/211 2979/2979/211
f 2975/2975/211 2979/2979/211 2976/2976/211
f 2978/2978/1 2980/2980/1 2981/2981/1
f 2978/2978/1 2981/2981/1 2979/2979/1
f 2980/2980/188 2974/2974/188 2977/2977/188
f 2980/2980/188 2977/2977/188 2981/2981/188
f 2982/2982/2 2983/2983/2 2984/2984/2
f 2982/2982/2 2984/2984/2 2985/2985/2
f 2983/2983/146 2986/2986/146 2987/2987/146
f 2983/2983/149 2987/2987/149 2984/2984/149
f 2986/2986/155 2988/2988/155 2989/2989/155
f 2986/2986/1 2989/2989/1 2987/2987/1
f 2988/2988/147 2982/2982/147 2985/2985/147
f 2988/2988/147 2985/2985/147 2989/2989/147
f 2990/2990/2 2991/2991/2 2992/2992/2
f 2990/2990/156 2992/2992/156 2993/2993/156
f 2991/2991/211 2994/2994/211 2995/2995/211
f 2991/2991/211 2995/2995/211 2992/2992/211
f 2994/2994/155 2996/2996/155 2997/2997/155
f 2994/2994/1 2997/2997/1 2995/2995/1
f 2996/2996/188 2990/2990/188 2993/2993/188
f 2996/2996/188 2993/2993/188 2997/2997/188
f 2998/2998/2 2999/2999/2 3000/3000/2
f 2998/2998/156 3000/3000/156 3001/3001/156
f 2999/2999/211 3002/3002/211 3003/3003/211
f 2999/2999/211 3003/3003/211 3000/3000/211
f 3002/3002/153 3004/3004/153 3005/3005/153
f 3002/3002/1 3005/3005/1 3003/3003/1
f 3004/3004/210 2998/2998/210 3001/3001/210
f 3004/3004/147 3001/3001/147 3005/3005/147
f 3006/3006/2 3007/3007/2 3008/3008/2
f 3006/3006/152 3008/3008/152 3009/3009/152
f 3007/3007/146 3010/3010/146 3011/3011/146
f 3007/3007/146 3011/3011/146 3008/3008/146
f 3010/3010/153 3012/3012/153 3013/3013/153
f 3010/3010/153 3013/3013/153 3011/3011/153
f 3012/3012/147 3006/3006/147 3009/3009/147
f 3012/3012/210 3009/3009/210 3013/3013/210
f 3014/3014/2 3015/3015/2 3016/3016/2
f 3014/3014/2 3016/3016/2 3017/3017/2
f 3015/3015/211 3018/3018/211 3019/3019/211
f 3015/3015/211 3019/3019/211 3016/3016/211
f 3018/3018/155 3020/3020/155 3021/3021/155
f 3018/3018/1 3021/3021/1 3019/3019/1
f 3020/3020/188 3014/3014/188 3017/3017/188
f 3020/3020/188 3017/3017/188 3021/3021/188
f 3022/3022/152 3023/3023/152 3024/3024/152
f 3022/3022/2 3024/3024/2 3025/3025/2
f 3023/3023/149 3026/3026/149 3027/3027/149
f 3023/3023/146 3027/3027/146 3024/3024/146
f 3026/3026/153 3028/3028/153 3029/3029/153
f 3026/3026/1 3029/3029/1 3027/3027/1
f 3028/3028/210 3022/3022/210 3025/3025/210
f 3028/3028/147 3025/3025/147 3029/3029/147
f 3030/3030/2 3031/3031/2 3032/3032/2
f 3030/3030/152 3032/3032/152 3033/3033/152
f 3031/3031/149 3034/3034/149 3035/3035/149
f 3031/3031/146 3035/3035/146 3032/3032/146
f 3034/3034/153 3036/3036/153 3037/3037/153
f 3034/3034/1 3037/3037/1 3035/3035/1
f 3036/3036/210 3030/3030/210 3033/3033/210
f 3036/3036/147 3033/3033/147 3037/3037/147
f 3038/3038/5 3039/3039/5 3040/3040/5
f 3038/3038/5 3040/3040/5 3041/3041/5
f 3042/3042/3 3043/3043/3 3044/3044/3
f 3042/3042/3 3044/3044/3 3045/3045/3
f 3039/3039/2 3042/3042/2 3045/3045/2
f 3039/3039/24 3045/3045/24 3040/3040/24
f 3043/3043/1 3038/3038/1 3041/3041/1
f 3043/3043/1 3041/3041/1 3044/3044/1
f 3046/3046/8 3047/3047/8 3048/3048/8
f 3046/3046/8 3048/3048/8 3049/3049/8
f 3050/3050/8 3051/3051/8 3052/3052/8
f 3050/3050/8 3052/3052/8 3053/3053/8
f 3054/3054/3 3055/3055/3 3049/3049/3
f 3054/3054/3 3049/3049/3 3048/3048/3
f 3047/3047/3 3046/3046/3 3053/3053/3
f 3047/3047/3 3053/3053/3 3052/3052/3
f 3046/3046/1 3049/3049/1 3055/3055/1
f 3046/3046/1 3055/3055/1 3056/3056/1
f 3046/3046/1 3056/3056/1 3050/3050/1
f 3046/3046/1 3050/3050/1 3053/3053/1
f 3051/3051/5 3050/3050/5 3056/3056/5
f 3051/3051/5 3056/3056/5 184/184/5
f 3047/3047/2 3052/3052/2 3051/3051/2
f 3047/3047/2 3051/3051/2 184/184/2
f 3048/3048/2 3047/3047/2 184/184/2
f 3048/3048/2 184/184/2 3054/3054/2
f 184/184/4 3056/3056/4 3055/3055/4
f 184/184/4 3055/3055/4 3054/3054/4
f 3057/3057/1 3058/3058/1 3059/3059/1
f 3057/3057/1 3059/3059/1 3060/3060/1
f 3061/3061/1 3062/3062/1 3063/3063/1
f 3061/3061/1 3063/3063/1 3064/3064/1
f 3065/3065/3 3066/3066/3 3060/3060/3
f 3065/3065/3 3060/3060/3 3059/3059/3
f 3058/3058/3 3057/3057/3 3064/3064/3
f 3058/3058/3 3064/3064/3 3063/3063/3
f 3057/3057/25 3060/3060/25 3066/3066/25
f 3057/3057/25 3066/3066/25 3067/3067/25
f 3057/3057/135 3067/3067/135 3061/3061/135
f 3057/3057/4 3061/3061/4 3064/3064/4
f 3062/3062/5 3061/3061/5 3067/3067/5
f 3062/3062/5 3067/3067/5 3068/3068/5
f 3058/3058/8 3063/3063/8 3062/3062/8
f 3058/3058/8 3062/3062/8 3068/3068/8
f 3059/3059/8 3058/3058/8 3068/3068/8
f 3059/3059/8 3068/3068/8 3065/3065/8
f 3068/3068/2 3067/3067/2 3066/3066/2
f 3068/3068/2 3066/3066/2 3065/3065/2
f 3069/3069/4 3070/3070/4 3071/3071/4
f 3069/3069/4 3071/3071/4 3072/3072/4
f 3073/3073/4 3074/3074/4 3075/3075/4
f 3073/3073/4 3075/3075/4 3076/3076/4
f 3077/3077/3 3078/3078/3 3072/3072/3
f 3077/3077/3 3072/3072/3 3071/3071/3
f 3070/3070/3 3069/3069/3 3076/3076/3
f 3070/3070/3 3076/3076/3 3075/3075/3
f 3069/3069/2 3072/3072/2 3078/3078/2
f 3069/3069/2 3078/3078/2 3079/3079/2
f 3069/3069/2 3079/3079/2 3073/3073/2
f 3069/3069/2 3073/3073/2 3076/3076/2
f 3074/3074/5 3073/3073/5 3079/3079/5
f 3074/3074/5 3079/3079/5 3080/3080/5
f 3070/3070/1 3075/3075/1 3074/3074/1
f 3070/3070/1 3074/3074/1 3080/3080/1
f 3071/3071/1 3070/3070/1 3080/3080/1
f 3071/3071/1 3080/3080/1 3077/3077/1
f 3080/3080/8 3079/3079/8 3078/3078/8
f 3080/3080/8 3078/3078/8 3077/3077/8
f 3081/3081/8 3082/3082/8 3083/3083/8
f 3081/3081/8 3083/3083/8 3084/3084/8
f 3085/3085/152 3086/3086/152 3082/3082/152
f 3085/3085/2 3082/3082/2 3081/3081/2
f 3087/3087/4 3088/3088/4 3086/3086/4
f 3087/3087/4 3086/3086/4 3085/3085/4
f 3084/3084/1 3083/3083/1 3088/3088/1
f 3084/3084/153 3088/3088/153 3087/3087/153
f 3089/3089/13 3081/3081/13 3084/3084/13
f 3089/3089/8 3084/3084/8 3090/3090/8
f 3091/3091/568 3085/3085/568 3081/3081/568
f 3091/3091/569 3081/3081/569 3089/3089/569
f 3092/3092/151 3087/3087/151 3085/3085/151
f 3092/3092/247 3085/3085/247 3091/3091/247
f 3090/3090/570 3084/3084/570 3087/3087/570
f 3090/3090/571 3087/3087/571 3092/3092/571
f 3093/3093/8 3089/3089/8 3090/3090/8
f 3093/3093/8 3090/3090/8 3094/3094/8
f 3095/3095/152 3091/3091/152 3089/3089/152
f 3095/3095/2 3089/3089/2 3093/3093/2
f 3096/3096/4 3092/3092/4 3091/3091/4
f 3096/3096/4 3091/3091/4 3095/3095/4
f 3094/3094/153 3090/3090/153 3092/3092/153
f 3094/3094/1 3092/3092/1 3096/3096/1
f 3086/3086/3 3088/3088/3 3083/3083/3
f 3086/3086/3 3083/3083/3 3082/3082/3
f 3094/3094/5 3096/3096/5 3095/3095/5
f 3094/3094/5 3095/3095/5 3093/3093/5
f 3097/3097/8 3098/3098/8 3099/3099/8
f 3097/3097/8 3099/3099/8 3100/3100/8
f 3101/3101/152 3102/3102/152 3098/3098/152
f 3101/3101/2 3098/3098/2 3097/3097/2
f 3103/3103/4 3104/3104/4 3102/3102/4
f 3103/3103/4 3102/3102/4 3101/3101/4
f 3100/3100/153 3099/3099/153 3104/3104/153
f 3100/3100/153 3104/3104/153 3103/3103/153
f 3105/3105/13 3097/3097/13 3100/3100/13
f 3105/3105/128 3100/3100/128 3106/3106/128
f 3107/3107/572 3101/3101/572 3097/3097/572
f 3107/3107/573 3097/3097/573 3105/3105/573
f 3108/3108/151 3103/3103/151 3101/3101/151
f 3108/3108/247 3101/3101/247 3107/3107/247
f 3106/3106/574 3100/3100/574 3103/3103/574
f 3106/3106/574 3103/3103/574 3108/3108/574
f 3109/3109/8 3105/3105/8 3106/3106/8
f 3109/3109/8 3106/3106/8 3110/3110/8
f 3111/3111/2 3107/3107/2 3105/3105/2
f 3111/3111/2 3105/3105/2 3109/3109/2
f 3112/3112/4 3108/3108/4 3107/3107/4
f 3112/3112/4 3107/3107/4 3111/3111/4
f 3110/3110/1 3106/3106/1 3108/3108/1
f 3110/3110/1 3108/3108/1 3112/3112/1
f 3102/3102/3 3104/3104/3 3099/3099/3
f 3102/3102/3 3099/3099/3 3098/3098/3
f 3110/3110/5 3112/3112/5 3111/3111/5
f 3110/3110/5 3111/3111/5 3109/3109/5
f 3113/3113/1 3114/3114/1 3115/3115/1
f 3113/3113/1 3115/3115/1 3116/3116/1
f 3117/3117/6 3118/3118/6 3114/3114/6
f 3117/3117/6 3114/3114/6 3113/3113/6
f 3119/3119/2 3120/3120/2 3118/3118/2
f 3119/3119/2 3118/3118/2 3117/3117/2
f 3116/3116/25 3115/3115/25 3120/3120/25
f 3116/3116/25 3120/3120/25 3119/3119/25
f 3121/3121/1 3113/3113/1 3116/3116/1
f 3121/3121/1 3116/3116/1 3122/3122/1
f 3123/3123/575 3117/3117/575 3113/3113/575
f 3123/3123/575 3113/3113/575 3121/3121/575
f 3124/3124/2 3119/3119/2 3117/3117/2
f 3124/3124/2 3117/3117/2 3123/3123/2
f 3122/3122/576 3116/3116/576 3119/3119/576
f 3122/3122/577 3119/3119/577 3124/3124/577
f 3125/3125/1 3121/3121/1 3122/3122/1
f 3125/3125/1 3122/3122/1 3126/3126/1
f 3127/3127/6 3123/3123/6 3121/3121/6
f 3127/3127/6 3121/3121/6 3125/3125/6
f 3128/3128/2 3124/3124/2 3123/3123/2
f 3128/3128/2 3123/3123/2 3127/3127/2
f 3126/3126/7 3122/3122/7 3124/3124/7
f 3126/3126/7 3124/3124/7 3128/3128/7
f 3118/3118/3 3120/3120/3 3115/3115/3
f 3118/3118/3 3115/3115/3 3114/3114/3
f 3126/3126/5 3128/3128/5 3127/3127/5
f 3126/3126/5 3127/3127/5 3125/3125/5
f 3129/3129/1 3130/3130/1 3131/3131/1
f 3129/3129/1 3131/3131/1 3132/3132/1
f 3133/3133/8 3134/3134/8 3130/3130/8
f 3133/3133/9 3130/3130/9 3129/3129/9
f 3135/3135/152 3136/3136/152 3134/3134/152
f 3135/3135/2 3134/3134/2 3133/3133/2
f 3132/3132/7 3131/3131/7 3136/3136/7
f 3132/3132/7 3136/3136/7 3135/3135/7
f 3137/3137/1 3129/3129/1 3132/3132/1
f 3137/3137/1 3132/3132/1 3138/3138/1
f 3139/3139/578 3133/3133/578 3129/3129/578
f 3139/3139/575 3129/3129/575 3137/3137/575
f 3140/3140/2 3135/3135/2 3133/3133/2
f 3140/3140/2 3133/3133/2 3139/3139/2
f 3138/3138/579 3132/3132/579 3135/3135/579
f 3138/3138/577 3135/3135/577 3140/3140/577
f 3141/3141/1 3137/3137/1 3138/3138/1
f 3141/3141/1 3138/3138/1 3142/3142/1
f 3143/3143/9 3139/3139/9 3137/3137/9
f 3143/3143/8 3137/3137/8 3141/3141/8
f 3144/3144/2 3140/3140/2 3139/3139/2
f 3144/3144/2 3139/3139/2 3143/3143/2
f 3142/3142/4 3138/3138/4 3140/3140/4
f 3142/3142/25 3140/3140/25 3144/3144/25
f 3134/3134/3 3136/3136/3 3131/3131/3
f 3134/3134/3 3131/3131/3 3130/3130/3
f 3142/3142/5 3144/3144/5 3143/3143/5
f 3142/3142/5 3143/3143/5 3141/3141/5
f 3145/3145/4 3146/3146/4 3147/3147/4
f 3145/3145/4 3147/3147/4 3148/3148/4
f 3149/3149/1 3150/3150/1 3146/3146/1
f 3149/3149/1 3146/3146/1 3145/3145/1
f 3151/3151/129 3152/3152/129 3150/3150/129
f 3151/3151/129 3150/3150/129 3149/3149/129
f 3148/3148/2 3147/3147/2 3152/3152/2
f 3148/3148/2 3152/3152/2 3151/3151/2
f 3153/3153/21 3145/3145/21 3148/3148/21
f 3153/3153/151 3148/3148/151 3154/3154/151
f 3155/3155/580 3149/3149/580 3145/3145/580
f 3155/3155/581 3145/3145/581 3153/3153/581
f 3156/3156/252 3151/3151/252 3149/3149/252
f 3156/3156/148 3149/3149/148 3155/3155/148
f 3154/3154/582 3148/3148/582 3151/3151/582
f 3154/3154/582 3151/3151/582 3156/3156/582
f 3157/3157/4 3153/3153/4 3154/3154/4
f 3157/3157/4 3154/3154/4 3158/3158/4
f 3159/3159/1 3155/3155/1 3153/3153/1
f 3159/3159/1 3153/3153/1 3157/3157/1
f 3160/3160/8 3156/3156/8 3155/3155/8
f 3160/3160/8 3155/3155/8 3159/3159/8
f 3158/3158/2 3154/3154/2 3156/3156/2
f 3158/3158/2 3156/3156/2 3160/3160/2
f 3150/3150/3 3152/3152/3 3147/3147/3
f 3150/3150/3 3147/3147/3 3146/3146/3
f 3158/3158/5 3160/3160/5 3159/3159/5
f 3158/3158/5 3159/3159/5 3157/3157/5
f 3161/3161/4 3162/3162/4 3163/3163/4
f 3161/3161/4 3163/3163/4 3164/3164/4
f 3165/3165/1 3166/3166/1 3162/3162/1
f 3165/3165/1 3162/3162/1 3161/3161/1
f 3167/3167/8 3168/3168/8 3166/3166/8
f 3167/3167/8 3166/3166/8 3165/3165/8
f 3164/3164/2 3163/3163/2 3168/3168/2
f 3164/3164/2 3168/3168/2 3167/3167/2
f 3169/3169/4 3161/3161/4 3164/3164/4
f 3169/3169/201 3164/3164/201 3170/3170/201
f 3171/3171/583 3165/3165/583 3161/3161/583
f 3171/3171/584 3161/3161/584 3169/3169/584
f 3172/3172/132 3167/3167/132 3165/3165/132
f 3172/3172/8 3165/3165/8 3171/3171/8
f 3170/3170/585 3164/3164/585 3167/3167/585
f 3170/3170/586 3167/3167/586 3172/3172/586
f 3173/3173/200 3169/3169/200 3170/3170/200
f 3173/3173/200 3170/3170/200 3174/3174/200
f 3175/3175/1 3171/3171/1 3169/3169/1
f 3175/3175/1 3169/3169/1 3173/3173/1
f 3176/3176/8 3172/3172/8 3171/3171/8
f 3176/3176/8 3171/3171/8 3175/3175/8
f 3174/3174/2 3170/3170/2 3172/3172/2
f 3174/3174/2 3172/3172/2 3176/3176/2
f 3166/3166/3 3168/3168/3 3163/3163/3
f 3166/3166/3 3163/3163/3 3162/3162/3
f 3174/3174/5 3176/3176/5 3175/3175/5
f 3174/3174/5 3175/3175/5 3173/3173/5
f 3177/3177/1 3178/3178/1 3179/3179/1
f 3177/3177/1 3179/3179/1 3180/3180/1
f 3181/3181/8 3182/3182/8 3178/3178/8
f 3181/3181/8 3178/3178/8 3177/3177/8
f 3183/3183/2 3184/3184/2 3182/3182/2
f 3183/3183/152 3182/3182/152 3181/3181/152
f 3180/3180/4 3179/3179/4 3184/3184/4
f 3180/3180/4 3184/3184/4 3183/3183/4
f 3180/3180/5 3183/3183/5 3181/3181/5
f 3180/3180/5 3181/3181/5 3177/3177/5
f 3185/3185/2 3186/3186/2 3187/3187/2
f 3185/3185/2 3187/3187/2 3188/3188/2
f 3189/3189/25 3190/3190/25 3186/3186/25
f 3189/3189/25 3186/3186/25 3185/3185/25
f 3191/3191/1 3192/3192/1 3190/3190/1
f 3191/3191/1 3190/3190/1 3189/3189/1
f 3188/3188/9 3187/3187/9 3192/3192/9
f 3188/3188/9 3192/3192/9 3191/3191/9
f 3193/3193/2 3185/3185/2 3188/3188/2
f 3193/3193/2 3188/3188/2 3194/3194/2
f 3195/3195/587 3189/3189/587 3185/3185/587
f 3195/3195/588 3185/3185/588 3193/3193/588
f 3196/3196/189 3191/3191/189 3189/3189/189
f 3196/3196/1 3189/3189/1 3195/3195/1
f 3194/3194/589 3188/3188/589 3191/3191/589
f 3194/3194/590 3191/3191/590 3196/3196/590
f 3197/3197/2 3193/3193/2 3194/3194/2
f 3197/3197/152 3194/3194/152 3198/3198/152
f 3199/3199/591 3195/3195/591 3193/3193/591
f 3199/3199/591 3193/3193/591 3197/3197/591
f 3200/3200/1 3196/3196/1 3195/3195/1
f 3200/3200/1 3195/3195/1 3199/3199/1
f 3198/3198/9 3194/3194/9 3196/3196/9
f 3198/3198/9 3196/3196/9 3200/3200/9
f 3190/3190/3 3192/3192/3 3187/3187/3
f 3190/3190/3 3187/3187/3 3186/3186/3
f 3198/3198/5 3200/3200/5 3199/3199/5
f 3198/3198/5 3199/3199/5 3197/3197/5
f 3201/3201/152 3202/3202/152 3203/3203/152
f 3201/3201/2 3203/3203/2 3204/3204/2
f 3205/3205/591 3206/3206/591 3202/3202/591
f 3205/3205/591 3202/3202/591 3201/3201/591
f 3207/3207/1 3208/3208/1 3206/3206/1
f 3207/3207/1 3206/3206/1 3205/3205/1
f 3204/3204/9 3203/3203/9 3208/3208/9
f 3204/3204/9 3208/3208/9 3207/3207/9
f 3209/3209/2 3201/3201/2 3204/3204/2
f 3209/3209/2 3204/3204/2 3210/3210/2
f 3211/3211/592 3205/3205/592 3201/3201/592
f 3211/3211/593 3201/3201/593 3209/3209/593
f 3212/3212/1 3207/3207/1 3205/3205/1
f 3212/3212/1 3205/3205/1 3211/3211/1
f 3210/3210/590 3204/3204/590 3207/3207/590
f 3210/3210/594 3207/3207/594 3212/3212/594
f 3213/3213/2 3209/3209/2 3210/3210/2
f 3213/3213/2 3210/3210/2 3214/3214/2
f 3215/3215/25 3211/3211/25 3209/3209/25
f 3215/3215/25 3209/3209/25 3213/3213/25
f 3216/3216/1 3212/3212/1 3211/3211/1
f 3216/3216/153 3211/3211/153 3215/3215/153
f 3214/3214/202 3210/3210/202 3212/3212/202
f 3214/3214/202 3212/3212/202 3216/3216/202
f 3206/3206/3 3208/3208/3 3203/3203/3
f 3206/3206/3 3203/3203/3 3202/3202/3
f 3214/3214/5 3216/3216/5 3215/3215/5
f 3214/3214/5 3215/3215/5 3213/3213/5
f 3217/3217/1 3218/3218/1 3219/3219/1
f 3217/3217/1 3219/3219/1 3220/3220/1
f 3221/3221/9 3222/3222/9 3218/3218/9
f 3221/3221/9 3218/3218/9 3217/3217/9
f 3223/3223/2 3224/3224/2 3222/3222/2
f 3223/3223/2 3222/3222/2 3221/3221/2
f 3220/3220/4 3219/3219/4 3224/3224/4
f 3220/3220/4 3224/3224/4 3223/3223/4
f 3220/3220/5 3223/3223/5 3221/3221/5
f 3220/3220/5 3221/3221/5 3217/3217/5
f 3225/3225/1 3226/3226/1 3227/3227/1
f 3225/3225/1 3227/3227/1 3228/3228/1
f 3229/3229/9 3230/3230/9 3226/3226/9
f 3229/3229/9 3226/3226/9 3225/3225/9
f 3231/3231/152 3232/3232/152 3230/3230/152
f 3231/3231/152 3230/3230/152 3229/3229/152
f 3228/3228/591 3227/3227/591 3232/3232/591
f 3228/3228/591 3232/3232/591 3231/3231/591
f 3228/3228/5 3231/3231/5 3229/3229/5
f 3228/3228/5 3229/3229/5 3225/3225/5
f 3233/3233/153 3234/3234/153 3235/3235/153
f 3233/3233/1 3235/3235/1 3236/3236/1
f 3237/3237/202 3238/3238/202 3234/3234/202
f 3237/3237/202 3234/3234/202 3233/3233/202
f 3239/3239/2 3240/3240/2 3238/3238/2
f 3239/3239/2 3238/3238/2 3237/3237/2
f 3236/3236/25 3235/3235/25 3240/3240/25
f 3236/3236/25 3240/3240/25 3239/3239/25
f 3236/3236/5 3239/3239/5 3237/3237/5
f 3236/3236/5 3237/3237/5 3233/3233/5
f 3241/3241/153 3242/3242/153 3243/3243/153
f 3241/3241/1 3243/3243/1 3244/3244/1
f 3245/3245/202 3246/3246/202 3242/3242/202
f 3245/3245/202 3242/3242/202 3241/3241/202
f 3247/3247/2 3248/3248/2 3246/3246/2
f 3247/3247/2 3246/3246/2 3245/3245/2
f 3244/3244/25 3243/3243/25 3248/3248/25
f 3244/3244/25 3248/3248/25 3247/3247/25
f 3244/3244/5 3247/3247/5 3245/3245/5
f 3244/3244/5 3245/3245/5 3241/3241/5
f 3249/3249/8 3250/3250/8 3251/3251/8
f 3249/3249/8 3251/3251/8 3252/3252/8
f 3253/3253/2 3254/3254/2 3250/3250/2
f 3253/3253/2 3250/3250/2 3249/3249/2
f 3255/3255/4 3256/3256/4 3254/3254/4
f 3255/3255/4 3254/3254/4 3253/3253/4
f 3252/3252/1 3251/3251/1 3256/3256/1
f 3252/3252/1 3256/3256/1 3255/3255/1
f 3257/3257/132 3249/3249/132 3252/3252/132
f 3257/3257/8 3252/3252/8 3258/3258/8
f 3259/3259/595 3253/3253/595 3249/3249/595
f 3259/3259/596 3249/3249/596 3257/3257/596
f 3260/3260/134 3255/3255/134 3253/3253/134
f 3260/3260/254 3253/3253/254 3259/3259/254
f 3258/3258/597 3252/3252/597 3255/3255/597
f 3258/3258/598 3255/3255/598 3260/3260/598
f 3261/3261/8 3257/3257/8 3258/3258/8
f 3261/3261/8 3258/3258/8 3262/3262/8
f 3263/3263/2 3259/3259/2 3257/3257/2
f 3263/3263/2 3257/3257/2 3261/3261/2
f 3264/3264/4 3260/3260/4 3259/3259/4
f 3264/3264/4 3259/3259/4 3263/3263/4
f 3262/3262/1 3258/3258/1 3260/3260/1
f 3262/3262/1 3260/3260/1 3264/3264/1
f 3254/3254/3 3256/3256/3 3251/3251/3
f 3254/3254/3 3251/3251/3 3250/3250/3
f 3262/3262/5 3264/3264/5 3263/3263/5
f 3262/3262/5 3263/3263/5 3261/3261/5
