# Blender v2.93.0 OBJ File: ''
# www.blender.org
mtllib b_003_pre.mtl
o building_009.051_building_009.037
v -251.036377 3.405340 48.029205
v -249.244797 3.405340 47.828247
v -249.244797 6.810145 47.828247
v -251.036377 6.810145 48.029205
v -255.825455 6.384546 48.566383
v -255.825455 4.540276 48.566383
v -254.886292 4.540276 48.461040
v -254.886292 6.384545 48.461040
v -257.703766 3.405341 48.777069
v -253.007980 3.405340 48.250355
v -253.947144 4.540276 48.355698
v -256.764618 4.540276 48.671726
v -253.007980 6.810146 48.250355
v -257.703766 6.810146 48.777069
v -256.764618 6.384546 48.671726
v -253.947144 6.384545 48.355698
v -249.459198 6.810145 47.653843
v -249.459198 3.405340 47.653843
v -251.058365 3.405340 47.833218
v -251.058365 6.810145 47.833218
v -254.908279 4.540277 48.265053
v -255.847443 4.540276 48.370396
v -255.847443 6.384546 48.370396
v -254.908279 6.384545 48.265053
v -253.969131 4.540277 48.159710
v -253.029968 3.405340 48.054367
v -257.534912 3.405341 48.559677
v -256.786591 4.540276 48.475739
v -256.786591 6.384546 48.475739
v -257.534912 6.810146 48.559677
v -253.029968 6.810146 48.054367
v -253.969131 6.384545 48.159710
v -249.602112 4.540277 44.642765
v -249.602112 6.384546 44.642765
v -249.525696 6.384546 45.324013
v -249.525696 4.540277 45.324013
v -250.193619 6.810149 39.369278
v -249.395340 6.384544 46.486156
v -249.715408 6.384546 43.632664
v -250.193619 3.405343 39.369278
v -249.715408 4.540277 43.632664
v -249.395340 4.540276 46.486156
v -249.817200 3.405342 42.725147
v -249.718109 6.384546 45.345596
v -249.794525 6.384546 44.664349
v -249.794525 4.540277 44.664349
v -249.718109 4.540277 45.345596
v -249.587753 6.384544 46.507740
v -250.364624 6.810147 39.581692
v -249.907822 6.384546 43.654247
v -249.907822 4.540277 43.654247
v -250.364624 3.405343 39.581692
v -250.009613 3.405342 42.746731
v -249.587753 4.540276 46.507740
v -258.146179 5.533346 44.832844
v -258.146179 6.384548 44.832844
v -258.428314 6.384548 42.317394
v -258.428314 4.540278 42.317394
v -258.652588 6.810148 40.318100
v -258.538116 6.384548 41.338585
v -257.830627 6.384546 47.645912
v -258.652588 3.405343 40.318100
v -257.830627 5.533344 47.645912
v -258.538116 4.540278 41.338585
v -258.237488 6.384548 42.295990
v -257.955353 6.384548 44.811440
v -257.955353 5.533346 44.811440
v -258.237488 4.540278 42.295990
v -258.347290 6.384548 41.317181
v -258.440338 6.810148 40.487526
v -257.639801 6.384546 47.624508
v -257.639801 5.533344 47.624508
v -258.440338 3.405343 40.487526
v -258.347290 4.540278 41.317181
v -255.557831 5.107745 39.970966
v -255.557831 6.384547 39.970966
v -253.577209 6.384547 39.748806
v -253.577209 4.540278 39.748806
v -251.885406 6.384547 39.559040
v -256.671967 6.384548 40.095936
v -256.671967 5.107745 40.095936
v -251.885406 4.540277 39.559040
v -253.555801 6.384547 39.939636
v -255.536423 6.384547 40.161797
v -255.536423 5.107745 40.161797
v -253.555801 4.540278 39.939636
v -251.864014 6.384547 39.749870
v -256.650543 6.384548 40.286766
v -256.650543 5.107745 40.286766
v -251.864014 4.540277 39.749870
v -248.694687 7.091929 48.232502
v -249.746735 7.091932 38.853191
v -249.797974 7.137226 39.086658
v -248.796371 7.137222 48.016186
v -253.910370 9.700696 44.068874
v -253.761932 9.623645 44.052227
v -259.126038 7.091931 39.905247
v -253.927017 9.623645 43.920452
v -258.892578 7.137226 39.956486
v -249.963043 7.137226 38.954884
v -258.074005 7.091929 49.284557
v -254.058792 9.623645 44.085522
v -258.022766 7.137224 49.051086
v -259.024353 7.137226 40.121559
v -257.857666 7.137224 49.182865
v -253.893707 9.623645 44.217297
v -248.928146 7.137222 48.181263
v -249.816864 7.102890 39.088779
v -249.755661 7.055390 38.864365
v -248.705856 7.055387 48.223579
v -248.815247 7.102886 48.018307
v -253.780823 9.589312 44.054344
v -253.910370 9.661450 44.068874
v -253.924896 9.589312 43.939335
v -259.114868 7.055391 39.914165
v -258.890472 7.102890 39.975372
v -249.960938 7.102890 38.973770
v -254.039902 9.589312 44.083405
v -258.065063 7.055388 49.273380
v -258.003876 7.102888 49.048969
v -259.005463 7.102890 40.119442
v -257.859802 7.102888 49.163982
v -253.895828 9.589312 44.198418
v -248.930267 7.102886 48.162380
v -248.705856 6.810187 48.223579
v -249.755661 6.810191 38.864365
v -259.114868 6.810191 39.914165
v -258.065063 6.810189 49.273380
v -248.521851 6.966308 48.370476
v -249.608765 6.966312 38.680359
v -249.608765 7.055390 38.680359
v -248.521851 7.055386 48.370476
v -259.298889 6.966316 39.767273
v -259.298889 7.055391 39.767273
v -258.211975 6.966314 49.457390
v -258.211945 7.055388 49.457390
v -249.755661 7.055390 38.864365
v -249.755661 6.914122 38.864365
v -248.705856 6.914118 48.223579
v -259.114868 6.914122 39.914162
v -258.065063 6.914120 49.273380
v -249.620270 6.927170 38.694782
v -248.536270 6.927166 48.358959
v -259.284454 6.927171 39.778790
v -258.200439 6.927169 49.442966
v -249.654816 6.914122 38.738045
v -248.579529 6.914118 48.324425
v -259.241180 6.914122 39.813320
v -258.165924 6.914120 49.399704
v -248.815247 7.102891 48.018307
v -249.816864 7.102894 39.088779
v -258.890472 7.102895 39.975372
v -249.960938 7.102894 38.973770
v -258.003876 7.102893 49.048969
v -259.005463 7.102895 40.119442
v -257.859802 7.102893 49.163982
v -248.930267 7.102891 48.162380
v -253.067856 8.938150 49.066570
v -253.196274 8.938150 47.921600
v -253.196274 0.000534 47.921600
v -253.067856 0.000534 49.066570
v -250.797165 8.938148 48.811874
v -250.797165 0.000534 48.811874
v -250.925598 0.000534 47.666904
v -250.925598 8.938148 47.666904
v -253.029968 0.000534 48.054367
v -253.029968 8.938150 48.054367
v -252.935089 8.938150 48.900265
v -252.935089 0.000534 48.900265
v -251.058365 0.000534 47.833218
v -250.963486 0.000534 48.679115
v -250.963470 8.938148 48.679115
v -251.058365 8.938148 47.833218
v -253.196274 9.009085 47.921600
v -253.067856 9.009085 49.066570
v -252.935089 9.009085 48.900265
v -253.029968 9.009085 48.054367
v -250.797165 9.009082 48.811874
v -250.963470 9.009082 48.679115
v -250.925598 9.009082 47.666904
v -251.058365 9.009082 47.833218
v -261.034760 -0.637863 40.585300
v -246.980789 -0.637863 39.008904
v -247.449158 -0.637865 42.459530
v -246.593277 -0.637867 50.089890
v -259.802460 -0.637865 51.571529
v -246.604370 -0.637865 42.364773
v -247.449158 0.000535 42.459530
v -246.980789 0.000537 39.008904
v -261.034760 0.000538 40.585300
v -246.593277 0.000533 50.089890
v -259.802460 0.000536 51.571529
v -246.604370 0.000535 42.364773
v -250.004242 5.077939 41.057537
v -250.252335 2.982933 38.845840
v -246.675690 2.982934 38.444656
v -246.427612 5.077939 40.656353
v -249.760498 2.979780 43.230648
v -246.183853 2.979780 42.829464
v -246.158081 3.044743 43.059288
v -246.156097 3.084644 43.076962
v -249.732742 3.084644 43.478146
v -249.734711 3.044744 43.460472
v -250.278107 3.044746 38.616016
v -250.280090 3.084646 38.598343
v -246.703445 3.084646 38.197159
v -246.701462 3.044745 38.214832
v -246.164017 3.031444 43.006275
v -249.740662 3.031444 43.407459
v -250.272156 3.031446 38.669029
v -246.695526 3.031446 38.267845
v -246.675690 3.190592 38.444656
v -246.427612 5.276768 40.656353
v -250.252335 3.190592 38.845840
v -250.004257 5.276768 41.057537
v -246.183853 3.190590 42.829464
v -249.760498 3.190590 43.230648
v -246.980789 2.986169 39.008904
v -247.039627 2.983859 38.484364
v -246.980789 3.479723 39.008904
v -250.193619 3.479725 39.369278
v -250.252457 2.983859 38.844738
v -250.193619 2.986170 39.369278
v -246.604370 2.979780 42.364773
v -246.604370 3.467585 42.364773
v -246.547760 2.979780 42.869434
v -249.817200 3.467586 42.725147
v -249.817200 2.979780 42.725147
v -249.760590 2.979780 43.229809
v -249.760498 3.184071 43.230648
v -246.183853 3.184071 42.829464
v -246.183853 3.031444 42.829464
v -249.760498 3.031444 43.230648
v -246.156097 3.184071 43.076962
v -249.732742 3.184071 43.478146
v -250.280090 3.184073 38.598343
v -246.703445 3.184073 38.197159
v -246.675690 3.031446 38.444656
v -246.675690 3.184073 38.444656
v -250.252335 3.184072 38.845840
v -250.252335 3.031445 38.845840
v -249.642776 0.000536 44.280109
v -249.642776 2.979741 44.280109
v -249.484756 2.766940 45.689003
v -249.484756 0.851738 45.689003
v -249.359283 2.766938 46.807629
v -249.785110 2.979741 43.011261
v -249.359283 0.851736 46.807629
v -249.244797 0.000534 47.828247
v -249.785110 0.000536 43.011261
v -249.817200 0.000536 42.725147
v -249.675583 2.766940 45.710407
v -249.833603 2.979741 44.301514
v -249.833618 0.000536 44.301514
v -249.675583 0.851738 45.710407
v -249.550110 2.766938 46.829033
v -249.457611 3.405340 47.653664
v -250.024796 3.405342 42.597015
v -249.975937 2.979741 43.032665
v -249.457611 0.000534 47.653664
v -249.550110 0.851736 46.829033
v -249.975937 0.000536 43.032665
v -250.024796 0.000536 42.597015
v -251.036377 0.000534 48.029205
v -255.341202 1.064539 39.946671
v -255.341202 2.979743 39.946671
v -250.917328 2.766942 39.450455
v -250.917328 0.851740 39.450455
v -246.980789 3.405343 39.008904
v -249.225540 2.766942 39.260689
v -256.547638 2.979743 40.081993
v -258.652588 0.000537 40.318100
v -256.547638 1.064539 40.081993
v -249.225540 0.851740 39.260689
v -250.895935 2.766942 39.641285
v -255.319794 2.979743 40.137501
v -255.319794 1.064539 40.137501
v -250.895935 0.851740 39.641285
v -249.204132 2.766942 39.451519
v -247.139893 3.405343 39.219978
v -256.526245 2.979742 40.272823
v -256.526245 1.064539 40.272823
v -258.440338 0.000537 40.487526
v -247.139893 0.000537 39.219978
v -249.204132 0.851740 39.451519
v -255.645996 2.979740 48.546253
v -255.645996 1.064537 48.546253
v -254.886307 0.000535 48.461040
v -254.886292 2.979740 48.461040
v -256.764618 1.064537 48.671726
v -257.703766 0.000535 48.777069
v -256.764618 2.979740 48.671726
v -253.617447 2.979740 48.318718
v -253.617462 0.000534 48.318718
v -253.007980 0.000534 48.250355
v -254.908279 0.000535 48.265053
v -255.667969 1.064537 48.350266
v -255.667969 2.979740 48.350266
v -254.908279 2.979740 48.265053
v -257.534912 0.000535 48.559677
v -256.786591 1.064537 48.475739
v -256.786591 2.979740 48.475739
v -253.639435 2.979740 48.122730
v -253.639435 0.000534 48.122730
v -258.181732 0.000537 44.515907
v -258.181732 2.979743 44.515907
v -258.325043 2.979743 43.238293
v -258.325043 1.064539 43.238293
v -258.514801 2.979743 41.546497
v -257.818024 2.979741 47.758514
v -258.514801 1.064539 41.546497
v -257.818024 0.000535 47.758514
v -258.134216 2.979743 43.216888
v -257.990906 2.979743 44.494503
v -257.990906 0.000537 44.494503
v -258.134216 1.064539 43.216888
v -258.323975 2.979743 41.525093
v -257.627197 2.979741 47.737110
v -258.323975 1.064539 41.525093
v -257.627197 0.000535 47.737110
v -249.817200 3.479726 42.725147
v -246.604370 3.479726 42.364773
v -246.801651 0.000535 42.235481
v -250.024796 3.479726 42.597015
v -246.801651 3.479726 42.235481
v -246.791428 5.077939 40.697163
v -246.729843 2.979740 41.246147
v -246.980789 3.479727 39.008904
v -246.855316 2.979742 40.127529
v -246.855316 1.064537 40.127529
v -246.729843 1.064537 41.246147
v -246.910355 2.979740 41.266392
v -246.971924 5.077939 40.717407
v -247.139893 3.479727 39.219978
v -247.035828 2.979742 40.147774
v -246.910355 1.064537 41.266392
v -247.035828 1.064537 40.147774
v -246.733795 1.100004 41.210903
v -246.733795 2.944274 41.210903
v -246.851364 1.100004 40.162777
v -246.851364 2.944276 40.162777
v -246.914307 2.944274 41.231148
v -246.914307 1.100004 41.231148
v -247.031876 1.100004 40.183022
v -247.031876 2.944276 40.183022
v -246.803711 1.135471 41.183052
v -246.803711 1.933313 41.183052
v -246.799759 1.968779 41.218300
v -246.799759 1.100004 41.218300
v -246.913376 1.135471 40.205418
v -246.917328 1.100004 40.170174
v -246.913376 1.933313 40.205418
v -246.917328 1.968779 40.170174
v -246.835007 1.968779 41.222252
v -246.838959 1.933313 41.187004
v -246.838959 1.135471 41.187004
v -246.835007 1.100004 41.222252
v -246.948608 1.135471 40.209370
v -246.952576 1.100004 40.174126
v -246.948608 1.933313 40.209370
v -246.952576 1.968779 40.174126
v -246.838959 2.004246 41.187004
v -246.838959 2.908806 41.187004
v -246.835007 2.944274 41.222252
v -246.948608 2.004248 40.209370
v -246.948608 2.908807 40.209370
v -246.952576 2.944276 40.174126
v -246.870239 2.944274 41.226208
v -246.874207 2.908806 41.190960
v -246.874207 2.004246 41.190960
v -246.870255 1.968779 41.226208
v -246.983856 2.004248 40.213326
v -246.987808 1.968779 40.178082
v -246.983856 2.908807 40.213326
v -246.987808 2.944276 40.178082
v -246.924500 1.933313 40.206669
v -246.814850 1.933313 41.184303
v -246.814850 1.135471 41.184303
v -246.924500 1.135471 40.206669
v -246.823654 1.135471 41.185291
v -246.823654 1.933313 41.185291
v -246.933319 1.933313 40.207657
v -246.933319 1.135471 40.207657
v -246.959747 2.908807 40.210621
v -246.850098 2.908806 41.188255
v -246.850098 2.004246 41.188255
v -246.959747 2.004248 40.210621
v -246.858902 2.004246 41.189243
v -246.858902 2.908806 41.189243
v -246.968567 2.908807 40.211609
v -246.968567 2.004248 40.211609
v -249.363235 0.887202 46.772381
v -249.363235 2.731472 46.772381
v -249.480804 0.887204 45.724251
v -249.480804 2.731474 45.724251
v -249.554062 2.731472 46.793785
v -249.554062 0.887202 46.793785
v -249.671631 0.887204 45.745655
v -249.675583 0.851738 45.710407
v -249.671631 2.731474 45.745655
v -249.433136 0.922669 46.744534
v -249.433136 1.720511 46.744534
v -249.429184 1.755977 46.779778
v -249.429184 0.887202 46.779778
v -249.542801 0.922671 45.766891
v -249.546753 0.887204 45.731647
v -249.542801 1.720513 45.766891
v -249.546753 1.755978 45.731647
v -249.464432 1.755977 46.783733
v -249.468384 1.720511 46.748489
v -249.468384 0.922669 46.748489
v -249.464432 0.887202 46.783733
v -249.578049 0.922671 45.770847
v -249.582001 0.887204 45.735603
v -249.578049 1.720513 45.770847
v -249.582001 1.755978 45.735603
v -249.468384 1.791445 46.748489
v -249.468384 2.696005 46.748489
v -249.464432 2.731472 46.783733
v -249.578049 1.791445 45.770847
v -249.578049 2.696007 45.770847
v -249.582001 2.731474 45.735603
v -249.499680 2.731472 46.787685
v -249.503632 2.696005 46.752441
v -249.503632 1.791445 46.752441
v -249.499680 1.755977 46.787685
v -249.613297 1.791445 45.774799
v -249.617249 1.755978 45.739555
v -249.613297 2.696007 45.774799
v -249.617249 2.731474 45.739555
v -249.553940 1.720513 45.768143
v -249.444275 1.720511 46.745785
v -249.444275 0.922669 46.745785
v -249.553940 0.922671 45.768143
v -249.453094 0.922669 46.746773
v -249.453094 1.720511 46.746773
v -249.562744 1.720513 45.769131
v -249.562744 0.922671 45.769131
v -249.589188 2.696007 45.772095
v -249.479523 2.696005 46.749737
v -249.479523 1.791445 46.749737
v -249.589188 1.791445 45.772095
v -249.488342 1.791445 46.750725
v -249.488342 2.696005 46.750725
v -249.597992 2.696007 45.773083
v -249.597992 1.791445 45.773083
v -249.832047 1.599763 43.302040
v -249.752975 1.599763 44.006954
v -249.752975 1.380515 44.006954
v -249.832047 1.380515 43.302040
v -249.729248 2.908807 44.218430
v -249.729248 0.023380 44.218430
v -249.752975 0.284269 44.006954
v -249.752975 0.503518 44.006954
v -249.752975 0.722767 44.006954
v -249.752975 0.942018 44.006954
v -249.752975 1.161266 44.006954
v -249.752975 1.819011 44.006954
v -249.752975 2.038259 44.006954
v -249.752975 2.257511 44.006954
v -249.752975 2.476759 44.006954
v -249.752975 2.696007 44.006954
v -249.832047 0.284269 43.302040
v -249.855759 0.023380 43.090565
v -249.855759 2.908807 43.090565
v -249.832047 2.696007 43.302040
v -249.832047 2.476759 43.302040
v -249.832047 2.257511 43.302040
v -249.832047 2.038259 43.302040
v -249.832047 1.819011 43.302040
v -249.832047 1.161266 43.302040
v -249.832047 0.942018 43.302040
v -249.832047 0.722767 43.302040
v -249.832047 0.503518 43.302040
v -249.788223 1.380515 44.010906
v -249.788223 1.599763 44.010906
v -249.867279 1.599763 43.305992
v -249.867279 1.380515 43.305992
v -249.788223 0.284269 44.010906
v -249.764496 0.023380 44.222382
v -249.764496 2.908807 44.222382
v -249.788223 0.503518 44.010906
v -249.788223 2.696007 44.010906
v -249.788223 2.476759 44.010906
v -249.788223 2.257511 44.010906
v -249.788223 2.038259 44.010906
v -249.788223 1.819011 44.010906
v -249.788223 1.161266 44.010906
v -249.788223 0.942018 44.010906
v -249.788223 0.722767 44.010906
v -249.867279 0.284269 43.305992
v -249.891006 0.023380 43.094517
v -249.867279 2.696007 43.305992
v -249.891006 2.908807 43.094517
v -249.867279 2.476759 43.305992
v -249.867279 0.503518 43.305992
v -249.867279 0.722767 43.305992
v -249.867279 0.942018 43.305992
v -249.867279 1.161266 43.305992
v -249.867279 1.819011 43.305992
v -249.867279 2.038259 43.305992
v -249.867279 2.257511 43.305992
v -249.650696 0.023380 44.209618
v -249.650696 2.908807 44.209618
v -249.777191 0.023380 43.081753
v -249.777191 2.908807 43.081753
v -249.833618 2.979741 44.301514
v -249.841522 2.908807 44.231022
v -249.841522 0.023380 44.231022
v -249.833618 0.000536 44.301514
v -249.968033 0.023380 43.103157
v -249.975937 0.000536 43.032665
v -249.968033 2.908807 43.103157
v -249.975937 2.979741 43.032665
v -249.845886 0.503518 43.303593
v -249.766815 0.503518 44.008507
v -249.766815 0.284269 44.008507
v -249.845886 0.284269 43.303593
v -249.845886 0.942018 43.303593
v -249.766815 0.942018 44.008507
v -249.766815 0.722767 44.008507
v -249.845886 0.722767 43.303593
v -249.845886 1.380515 43.303593
v -249.766815 1.380515 44.008507
v -249.766815 1.161266 44.008507
v -249.845886 1.161266 43.303593
v -249.766815 2.476759 44.008507
v -249.845886 2.476759 43.303593
v -249.845886 2.696007 43.303593
v -249.766815 2.696007 44.008507
v -249.766815 2.038259 44.008507
v -249.845886 2.038259 43.303593
v -249.845886 2.257511 43.303593
v -249.766815 2.257511 44.008507
v -249.766815 1.599763 44.008507
v -249.845886 1.599763 43.303593
v -249.845886 1.819011 43.303593
v -249.766815 1.819011 44.008507
v -249.775635 0.284269 44.009495
v -249.775635 0.503518 44.009495
v -249.854706 0.503518 43.304581
v -249.854706 0.284269 43.304581
v -249.775635 0.722767 44.009495
v -249.775635 0.942018 44.009495
v -249.854706 0.942018 43.304581
v -249.854706 0.722767 43.304581
v -249.775635 1.161266 44.009495
v -249.775635 1.380515 44.009495
v -249.854706 1.380515 43.304581
v -249.854706 1.161266 43.304581
v -249.854706 2.696007 43.304581
v -249.854706 2.476759 43.304581
v -249.775635 2.476759 44.009495
v -249.775635 2.696007 44.009495
v -249.854706 2.257511 43.304581
v -249.854706 2.038259 43.304581
v -249.775635 2.038259 44.009495
v -249.775635 2.257511 44.009495
v -249.854706 1.819011 43.304581
v -249.854706 1.599763 43.304581
v -249.775635 1.599763 44.009495
v -249.775635 1.819011 44.009495
v -249.829041 1.219882 43.233498
v -249.840897 1.219882 43.127762
v -249.836945 1.255349 43.163006
v -249.832993 1.255349 43.198254
v -249.840897 1.326282 43.127762
v -249.836945 1.290815 43.163006
v -249.829041 1.326282 43.233498
v -249.832993 1.290815 43.198254
v -249.769165 1.255349 43.155403
v -249.789047 1.255349 43.193325
v -249.769165 1.290815 43.155403
v -249.789047 1.290815 43.193325
v -249.739624 1.255349 43.418728
v -249.739624 1.290815 43.418728
v -249.763458 1.290815 43.421402
v -249.763458 1.255349 43.421402
v -249.887161 1.219882 43.240021
v -249.891113 1.255349 43.204777
v -249.895081 1.255349 43.169529
v -249.899033 1.219882 43.134285
v -249.895081 1.290815 43.169529
v -249.899033 1.326282 43.134285
v -249.891113 1.290815 43.204777
v -249.887161 1.326282 43.240021
v -249.932007 1.255349 43.209362
v -249.959808 1.255349 43.176788
v -249.959808 1.290815 43.176788
v -249.932007 1.290815 43.209362
v -249.930267 1.255349 43.440113
v -249.906433 1.255349 43.437439
v -249.906433 1.290815 43.437439
v -249.930267 1.290815 43.440113
v -253.908813 1.599762 48.266624
v -254.613724 1.599762 48.345692
v -254.613724 1.380514 48.345692
v -253.908813 1.380514 48.266624
v -254.825195 2.908807 48.369411
v -254.825195 0.023379 48.369411
v -254.613724 0.284268 48.345692
v -254.613724 0.503517 48.345692
v -254.613724 0.722766 48.345692
v -254.613724 0.942017 48.345692
v -254.613724 1.161265 48.345692
v -254.613724 1.819010 48.345692
v -254.613724 2.038258 48.345692
v -254.613724 2.257509 48.345692
v -254.613724 2.476758 48.345692
v -254.613724 2.696006 48.345692
v -253.908813 0.284268 48.266624
v -253.697342 0.023379 48.242905
v -253.697342 2.908807 48.242901
v -253.908813 2.696006 48.266624
v -253.908813 2.476758 48.266624
v -253.908813 2.257509 48.266624
v -253.908813 2.038258 48.266624
v -253.908813 1.819010 48.266624
v -253.908813 1.161264 48.266624
v -253.908813 0.942016 48.266624
v -253.908813 0.722765 48.266624
v -253.908813 0.503517 48.266624
v -254.617676 1.380514 48.310444
v -254.617676 1.599762 48.310444
v -253.912766 1.599762 48.231377
v -253.912766 1.380514 48.231377
v -254.617676 0.284268 48.310444
v -254.829147 0.023379 48.334164
v -254.829147 2.908807 48.334164
v -254.617676 0.503517 48.310444
v -254.617676 2.696006 48.310444
v -254.617676 2.476758 48.310444
v -254.617676 2.257509 48.310444
v -254.617676 2.038258 48.310444
v -254.617676 1.819010 48.310444
v -254.617676 1.161265 48.310444
v -254.617676 0.942017 48.310444
v -254.617676 0.722766 48.310444
v -253.912766 0.284268 48.231377
v -253.701294 0.023379 48.207657
v -253.912766 2.696006 48.231377
v -253.701294 2.908807 48.207653
v -253.912766 2.476758 48.231377
v -253.912766 0.503517 48.231377
v -253.912766 0.722765 48.231377
v -253.912766 0.942016 48.231377
v -253.912766 1.161264 48.231377
v -253.912766 1.819010 48.231377
v -253.912766 2.038258 48.231377
v -253.912766 2.257509 48.231377
v -254.816391 0.023379 48.447968
v -254.816391 2.908807 48.447968
v -254.886871 2.979740 48.455875
v -254.886871 0.000535 48.455875
v -253.688522 0.023379 48.321461
v -253.618027 0.000534 48.313557
v -253.688522 2.908807 48.321461
v -253.618027 2.979740 48.313557
v -254.908279 2.979740 48.265049
v -254.837784 2.908807 48.257141
v -254.837799 0.023379 48.257141
v -254.908279 0.000535 48.265049
v -253.709930 0.023379 48.130634
v -253.639435 0.000534 48.122726
v -253.709930 2.908807 48.130630
v -253.639435 2.979740 48.122726
v -253.910370 0.503517 48.252773
v -254.615280 0.503517 48.331841
v -254.615280 0.284268 48.331841
v -253.910370 0.284268 48.252773
v -253.910370 0.942016 48.252773
v -254.615280 0.942017 48.331841
v -254.615280 0.722766 48.331841
v -253.910370 0.722765 48.252773
v -253.910370 1.380514 48.252773
v -254.615280 1.380514 48.331841
v -254.615280 1.161265 48.331841
v -253.910370 1.161264 48.252773
v -254.615280 2.476758 48.331841
v -253.910370 2.476758 48.252773
v -253.910370 2.696006 48.252773
v -254.615280 2.696006 48.331841
v -254.615280 2.038258 48.331841
v -253.910370 2.038258 48.252773
v -253.910370 2.257509 48.252773
v -254.615280 2.257509 48.331841
v -254.615280 1.599762 48.331841
v -253.910370 1.599762 48.252773
v -253.910370 1.819010 48.252773
v -254.615280 1.819010 48.331841
v -254.616272 0.284268 48.323029
v -254.616272 0.503517 48.323029
v -253.911346 0.503517 48.243961
v -253.911346 0.284268 48.243961
v -254.616272 0.722766 48.323029
v -254.616272 0.942017 48.323029
v -253.911346 0.942016 48.243961
v -253.911346 0.722765 48.243961
v -254.616272 1.161265 48.323029
v -254.616272 1.380514 48.323029
v -253.911346 1.380514 48.243961
v -253.911346 1.161264 48.243961
v -253.911346 2.696006 48.243961
v -253.911346 2.476758 48.243961
v -254.616272 2.476758 48.323029
v -254.616272 2.696006 48.323029
v -253.911346 2.257509 48.243961
v -253.911346 2.038258 48.243961
v -254.616272 2.038258 48.323029
v -254.616272 2.257509 48.323029
v -253.911346 1.819010 48.243961
v -253.911346 1.599762 48.243961
v -254.616272 1.599762 48.323029
v -254.616272 1.819010 48.323029
v -253.840271 1.219881 48.269623
v -253.734528 1.219881 48.257763
v -253.769775 1.255348 48.261715
v -253.805023 1.255348 48.265671
v -253.734528 1.326281 48.257763
v -253.769775 1.290814 48.261715
v -253.840271 1.326281 48.269623
v -253.805023 1.290814 48.265671
v -253.762177 1.255348 48.329498
v -253.800095 1.255348 48.309612
v -253.762177 1.290814 48.329498
v -253.800095 1.290814 48.309612
v -254.025497 1.255348 48.359035
v -254.025497 1.290814 48.359035
v -254.028183 1.290814 48.335194
v -254.028183 1.255348 48.335194
v -253.846786 1.219881 48.211494
v -253.811554 1.255348 48.207542
v -253.776306 1.255348 48.203587
v -253.741058 1.219881 48.199635
v -253.776306 1.290814 48.203587
v -253.741058 1.326281 48.199635
v -253.811554 1.290814 48.207542
v -253.846786 1.326281 48.211494
v -253.816132 1.255348 48.166653
v -253.783569 1.255348 48.138859
v -253.783569 1.290814 48.138859
v -253.816132 1.290814 48.166653
v -254.046890 1.255348 48.168396
v -254.044205 1.255348 48.192234
v -254.044205 1.290814 48.192234
v -254.046890 1.290814 48.168396
v -256.729950 1.100003 48.662613
v -256.729950 2.944273 48.662613
v -256.765198 2.979740 48.666565
v -256.765198 1.064537 48.666565
v -255.681808 1.100003 48.545044
v -255.646561 1.064537 48.541092
v -255.681808 2.944273 48.545044
v -255.646561 2.979740 48.541092
v -256.751343 2.944273 48.471786
v -256.751343 1.100003 48.471786
v -255.703217 1.100003 48.354218
v -255.703217 2.944273 48.354218
v -256.702087 1.135471 48.592697
v -256.702087 1.933312 48.592697
v -256.737335 1.968779 48.596653
v -256.737335 1.100003 48.596653
v -255.724457 1.135471 48.483040
v -255.689209 1.100003 48.479084
v -255.724457 1.933311 48.483040
v -255.689209 1.968779 48.479084
v -256.741302 1.968779 48.561409
v -256.706055 1.933312 48.557453
v -256.706055 1.135471 48.557453
v -256.741302 1.100003 48.561409
v -255.728409 1.135471 48.447796
v -255.693161 1.100003 48.443840
v -255.728409 1.933311 48.447796
v -255.693161 1.968779 48.443840
v -256.706055 2.004245 48.557453
v -256.706055 2.908807 48.557453
v -256.741302 2.944273 48.561409
v -255.728409 2.004245 48.447796
v -255.728409 2.908807 48.447796
v -255.693161 2.944273 48.443840
v -256.745239 2.944273 48.526161
v -256.709991 2.908807 48.522205
v -256.709991 2.004245 48.522205
v -256.745239 1.968779 48.526161
v -255.732361 2.004245 48.412548
v -255.697113 1.968779 48.408592
v -255.732361 2.908807 48.412548
v -255.697113 2.944273 48.408592
v -255.725708 1.933311 48.471901
v -256.703339 1.933312 48.581558
v -256.703339 1.135471 48.581558
v -255.725708 1.135471 48.471901
v -256.704346 1.135471 48.572750
v -256.704346 1.933312 48.572750
v -255.726700 1.933311 48.463093
v -255.726700 1.135471 48.463093
v -255.729660 2.908807 48.436657
v -256.707306 2.908807 48.546314
v -256.707306 2.004245 48.546314
v -255.729660 2.004245 48.436657
v -256.708282 2.004245 48.537506
v -256.708282 2.908807 48.537506
v -255.730652 2.908807 48.427849
v -255.730652 2.004245 48.427849
v -258.320007 1.100006 41.560333
v -258.138153 1.100006 43.181637
v -258.134216 1.064539 43.216885
v -258.323975 1.064539 41.525089
v -258.320007 2.944275 41.560341
v -258.138153 2.944275 43.181644
v -258.325043 1.064539 43.238289
v -258.328979 1.100006 43.203041
v -258.510834 1.100006 41.581738
v -258.514801 1.064539 41.546494
v -258.510834 2.944275 41.581745
v -258.328979 2.944275 43.203049
v -258.382019 1.135473 41.602978
v -258.301422 1.135473 42.321636
v -258.297455 1.100006 42.356880
v -258.385986 1.100006 41.567730
v -258.382019 2.908809 41.602982
v -258.385986 2.944275 41.567738
v -258.301422 2.908809 42.321636
v -258.297455 2.944275 42.356880
v -258.332703 1.100006 42.360836
v -258.336670 1.135473 42.325592
v -258.417267 1.135473 41.606934
v -258.421234 1.100006 41.571686
v -258.417267 2.908809 41.606937
v -258.421234 2.944275 41.571693
v -258.336670 2.908809 42.325592
v -258.332703 2.944275 42.360836
v -258.328766 1.135473 42.396084
v -258.243317 1.135473 43.157745
v -258.239380 1.100006 43.192989
v -258.328766 2.908809 42.396084
v -258.243317 2.908809 43.157749
v -258.239380 2.944275 43.192997
v -258.274597 1.100006 43.196941
v -258.278564 1.135473 43.161697
v -258.364014 1.135473 42.400036
v -258.367950 1.100006 42.364788
v -258.363983 2.908809 42.400036
v -258.367950 2.944275 42.364788
v -258.278564 2.908809 43.161701
v -258.274597 2.944275 43.196949
v -258.312561 2.908809 42.322887
v -258.312561 1.135473 42.322887
v -258.393158 1.135473 41.604229
v -258.393158 2.908809 41.604233
v -258.401978 1.135473 41.605217
v -258.321350 1.135473 42.323875
v -258.321350 2.908809 42.323875
v -258.401978 2.908809 41.605221
v -258.254456 2.908809 43.158997
v -258.254456 1.135473 43.158993
v -258.339905 1.135473 42.397331
v -258.339905 2.908809 42.397331
v -258.348694 1.135473 42.398319
v -258.263275 1.135473 43.159981
v -258.263275 2.908809 43.159985
v -258.348694 2.908809 42.398319
v -257.986938 0.036004 44.529747
v -257.631134 0.036002 47.701859
v -257.627197 0.000535 47.737106
v -257.990906 0.000537 44.494503
v -257.986938 2.944275 44.529751
v -257.631134 2.944273 47.701862
v -257.818024 0.000535 47.758511
v -257.821960 0.036002 47.723263
v -258.177765 0.036004 44.551151
v -258.181732 0.000537 44.515907
v -258.177765 2.944275 44.551155
v -257.821960 2.944273 47.723267
v -257.759125 0.248802 46.859676
v -257.687958 0.248802 47.494099
v -257.664246 0.036002 47.705570
v -257.782837 0.036002 46.648197
v -257.759125 2.731473 46.859676
v -257.782837 2.944273 46.648205
v -257.687958 2.731473 47.494099
v -257.664246 2.944273 47.705574
v -257.699493 0.036002 47.709526
v -257.723206 0.248802 47.498055
v -257.794373 0.248802 46.863632
v -257.818085 0.036002 46.652153
v -257.794373 2.731473 46.863632
v -257.818085 2.944273 46.652161
v -257.723206 2.731473 47.498055
v -257.699493 2.944273 47.709530
v -257.912964 0.248804 45.806259
v -257.841827 0.248802 46.440681
v -257.936707 0.036004 45.594784
v -257.912964 2.731475 45.806263
v -257.936707 2.944275 45.594788
v -257.841827 2.731473 46.440685
v -257.853333 0.036002 46.656105
v -257.877045 0.248802 46.444633
v -257.948212 0.248804 45.810211
v -257.971954 0.036004 45.598736
v -257.948212 2.731475 45.810215
v -257.971954 2.944275 45.598740
v -257.877045 2.731473 46.444637
v -257.853333 2.944273 46.656113
v -258.066833 0.248804 44.752842
v -257.995667 0.248804 45.387264
v -258.090546 0.036004 44.541367
v -258.066833 2.731475 44.752846
v -258.090546 2.944275 44.541370
v -257.995667 2.731475 45.387268
v -258.007202 0.036004 45.602688
v -258.030914 0.248804 45.391216
v -258.102081 0.248804 44.756794
v -258.125793 0.036004 44.545319
v -258.102081 2.731475 44.756798
v -258.125793 2.944275 44.545322
v -258.030914 2.731475 45.391220
v -258.007202 2.944275 45.602692
v -257.699097 2.731473 47.495350
v -257.699097 0.248802 47.495350
v -257.770264 0.248802 46.860928
v -257.770264 2.731473 46.860928
v -257.779083 0.248802 46.861916
v -257.707916 0.248802 47.496338
v -257.707916 2.731473 47.496338
v -257.779083 2.731473 46.861916
v -257.852966 2.731473 46.441933
v -257.852966 0.248802 46.441929
v -257.924103 0.248804 45.807507
v -257.924103 2.731475 45.807510
v -257.932922 0.248804 45.808495
v -257.861755 0.248802 46.442917
v -257.861755 2.731473 46.442921
v -257.932922 2.731475 45.808498
v -258.006805 2.731475 45.388515
v -258.006805 0.248804 45.388512
v -258.077972 0.248804 44.754089
v -258.077972 2.731475 44.754093
v -258.086761 0.248804 44.755081
v -258.015625 0.248804 45.389503
v -258.015625 2.731475 45.389503
v -258.086761 2.731475 44.755081
v -256.490997 1.100005 40.268871
v -256.490997 2.944275 40.268871
v -255.355042 1.100005 40.141453
v -255.355042 2.944277 40.141453
v -256.512421 2.944277 40.078041
v -256.512421 1.100005 40.078041
v -255.376450 1.100005 39.950623
v -255.376450 2.944277 39.950623
v -256.463165 1.135473 40.198959
v -256.463165 1.933313 40.198959
v -256.498413 1.968781 40.202911
v -256.498413 1.100005 40.202911
v -255.397690 1.135473 40.079449
v -255.362442 1.100005 40.075493
v -255.397690 1.933313 40.079449
v -255.362442 1.968781 40.075493
v -256.502350 1.968781 40.167667
v -256.467102 1.933313 40.163715
v -256.467102 1.135473 40.163715
v -256.502350 1.100005 40.167667
v -255.401642 1.135473 40.044205
v -255.366394 1.100005 40.040249
v -255.401642 1.933313 40.044205
v -255.366394 1.968781 40.040249
v -256.467102 2.004249 40.163715
v -256.467102 2.908811 40.163715
v -256.502350 2.944277 40.167667
v -255.401642 2.004249 40.044205
v -255.401642 2.908811 40.044205
v -255.366394 2.944277 40.040249
v -256.506317 2.944277 40.132423
v -256.471069 2.908811 40.128471
v -256.471069 2.004249 40.128471
v -256.506317 1.968781 40.132423
v -255.405594 2.004249 40.008961
v -255.370346 1.968781 40.005005
v -255.405594 2.908811 40.008961
v -255.370346 2.944277 40.005005
v -255.398941 1.933313 40.068314
v -256.464417 1.933313 40.187824
v -256.464417 1.135473 40.187824
v -255.398941 1.135473 40.068314
v -256.465393 1.135473 40.179012
v -256.465393 1.933313 40.179012
v -255.399933 1.933313 40.059502
v -255.399933 1.135473 40.059502
v -255.402893 2.908811 40.033066
v -256.468353 2.908811 40.152576
v -256.468353 2.004249 40.152576
v -255.402893 2.004249 40.033066
v -256.469360 2.004249 40.143764
v -256.469360 2.908811 40.143764
v -255.403885 2.908811 40.024254
v -255.403885 2.004249 40.024254
v -250.882095 0.887207 39.446503
v -249.260788 0.887206 39.264645
v -250.882095 2.731476 39.446503
v -249.260788 2.731476 39.264645
v -249.239380 0.887206 39.455475
v -250.860687 0.887207 39.637333
v -250.860687 2.731476 39.637333
v -249.239380 2.731476 39.455475
v -250.839447 0.922673 39.508507
v -250.120789 0.922673 39.427898
v -250.085541 0.887206 39.423946
v -250.874695 0.887207 39.512463
v -250.839447 2.696008 39.508507
v -250.874695 2.731476 39.512463
v -250.120789 2.696008 39.427898
v -250.085541 2.731476 39.423946
v -250.081589 0.887206 39.459190
v -250.116837 0.922673 39.463142
v -250.835495 0.922673 39.543751
v -250.870743 0.887207 39.547707
v -250.835495 2.696008 39.543751
v -250.870743 2.731476 39.547707
v -250.116837 2.696008 39.463142
v -250.081589 2.731476 39.459190
v -250.046356 0.922673 39.455235
v -249.284683 0.922673 39.369801
v -249.249435 0.887206 39.365849
v -250.046356 2.696008 39.455235
v -249.284683 2.696008 39.369801
v -249.249435 2.731476 39.365849
v -249.245483 0.887206 39.401093
v -249.280731 0.922673 39.405045
v -250.042389 0.922673 39.490482
v -250.077637 0.887206 39.494438
v -250.042389 2.696008 39.490482
v -250.077637 2.731476 39.494438
v -249.280731 2.696008 39.405048
v -249.245483 2.731476 39.401096
v -250.119537 2.696008 39.439037
v -250.119537 0.922673 39.439037
v -250.838196 0.922673 39.519646
v -250.838196 2.696008 39.519646
v -250.837204 0.922673 39.528458
v -250.118561 0.922673 39.447849
v -250.118561 2.696008 39.447849
v -250.837204 2.696008 39.528458
v -249.283432 2.696008 39.380939
v -249.283432 0.922673 39.380939
v -250.045105 0.922673 39.466373
v -250.045105 2.696008 39.466373
v -250.044113 0.922673 39.475185
v -249.282440 0.922673 39.389751
v -249.282440 2.696008 39.389751
v -250.044113 2.696008 39.475185
v -256.615326 5.143212 40.282814
v -256.615326 6.349081 40.282814
v -255.571671 5.143212 40.165752
v -255.571671 6.349079 40.165752
v -256.636719 6.349081 40.091984
v -256.636719 5.143212 40.091984
v -255.593079 5.143212 39.974922
v -255.593079 6.349079 39.974922
v -256.587463 5.178679 40.212902
v -256.587463 5.675124 40.212902
v -256.622711 5.710591 40.216854
v -256.622711 5.143212 40.216854
v -255.614304 5.178679 40.103745
v -255.579071 5.143212 40.099792
v -255.614304 5.675124 40.103745
v -255.579071 5.710591 40.099792
v -256.626678 5.710591 40.181610
v -256.591431 5.675124 40.177658
v -256.591431 5.178679 40.177658
v -256.626678 5.143212 40.181610
v -255.618271 5.178679 40.068501
v -255.583023 5.143212 40.064548
v -255.618271 5.675124 40.068501
v -255.583023 5.710591 40.064548
v -256.591431 5.746058 40.177658
v -256.591431 6.313615 40.177658
v -256.626678 6.349081 40.181610
v -255.618271 5.746058 40.068501
v -255.618256 6.313613 40.068501
v -255.583023 6.349079 40.064548
v -256.630615 6.349081 40.146366
v -256.595367 6.313615 40.142414
v -256.595367 5.746058 40.142414
v -256.630615 5.710591 40.146366
v -255.622223 5.746058 40.033257
v -255.586975 5.710591 40.029305
v -255.622223 6.313613 40.033257
v -255.586975 6.349079 40.029305
v -255.615555 5.675124 40.092609
v -256.588715 5.675124 40.201767
v -256.588715 5.178679 40.201767
v -255.615555 5.178679 40.092609
v -256.589691 5.178679 40.192955
v -256.589691 5.675124 40.192955
v -255.616547 5.675124 40.083797
v -255.616547 5.178679 40.083797
v -255.619507 6.313613 40.057362
v -256.592682 6.313615 40.166519
v -256.592682 5.746058 40.166519
v -255.619507 5.746058 40.057362
v -256.593658 5.746058 40.157707
v -256.593658 6.313615 40.157707
v -255.620499 6.313613 40.048550
v -255.620499 5.746058 40.048550
v -253.541962 4.575744 39.744854
v -251.920654 4.575743 39.562996
v -253.541962 6.349079 39.744854
v -251.920654 6.349079 39.562996
v -251.899246 4.575743 39.753826
v -253.520554 4.575744 39.935684
v -253.520554 6.349079 39.935684
v -251.899246 6.349079 39.753826
v -253.499313 4.611210 39.806858
v -252.780655 4.611210 39.726250
v -252.745422 4.575743 39.722298
v -253.534561 4.575744 39.810814
v -253.499313 6.313613 39.806858
v -253.534561 6.349079 39.810814
v -252.780655 6.313613 39.726250
v -252.745422 6.349079 39.722298
v -252.741455 4.575743 39.757542
v -252.776703 4.611210 39.761494
v -253.495361 4.611210 39.842102
v -253.530609 4.575744 39.846058
v -253.495361 6.313613 39.842102
v -253.530609 6.349079 39.846058
v -252.776703 6.313613 39.761494
v -252.741455 6.349079 39.757542
v -252.706223 4.611210 39.753586
v -251.944550 4.611210 39.668152
v -251.909302 4.575743 39.664200
v -252.706223 6.313613 39.753586
v -251.944550 6.313613 39.668152
v -251.909302 6.349079 39.664200
v -251.905350 4.575743 39.699444
v -251.940598 4.611210 39.703396
v -252.702271 4.611210 39.788834
v -252.737503 4.575743 39.792789
v -252.702271 6.313613 39.788834
v -252.737503 6.349079 39.792789
v -251.940598 6.313613 39.703400
v -251.905350 6.349079 39.699448
v -252.779419 6.313613 39.737389
v -252.779419 4.611210 39.737389
v -253.498062 4.611210 39.817997
v -253.498062 6.313613 39.817997
v -253.497070 4.611210 39.826809
v -252.778427 4.611210 39.746201
v -252.778427 6.313613 39.746201
v -253.497070 6.313613 39.826809
v -251.943298 6.313613 39.679291
v -251.943298 4.611210 39.679291
v -252.704971 4.611210 39.764725
v -252.704971 6.313613 39.764725
v -252.703979 4.611210 39.773537
v -251.942307 4.611210 39.688103
v -251.942307 6.313613 39.688103
v -252.703979 6.313613 39.773537
v -254.851059 4.575742 48.457088
v -254.851059 6.349077 48.457088
v -253.982391 4.575742 48.359650
v -253.982391 6.349077 48.359650
v -254.907700 6.384545 48.270210
v -254.872452 6.349077 48.266258
v -254.872452 4.575742 48.266258
v -254.907700 4.540277 48.270210
v -254.003799 4.575742 48.168819
v -253.968552 4.540277 48.164867
v -254.003799 6.349077 48.168819
v -253.968552 6.384545 48.164867
v -254.823212 4.611208 48.387173
v -254.823212 5.115560 48.387173
v -254.858444 5.151027 48.391129
v -254.858459 4.575742 48.391129
v -254.025024 4.611208 48.297646
v -253.989792 4.575742 48.293690
v -254.025024 5.115560 48.297646
v -253.989792 5.151027 48.293690
v -254.862411 5.151027 48.355885
v -254.827164 5.115560 48.351929
v -254.827164 4.611208 48.351929
v -254.862411 4.575742 48.355885
v -254.028992 4.611209 48.262402
v -253.993744 4.575742 48.258446
v -254.028992 5.115561 48.262402
v -253.993744 5.151027 48.258446
v -254.827164 5.186493 48.351929
v -254.827164 6.313611 48.351929
v -254.862411 6.349077 48.355885
v -254.028992 5.186494 48.262402
v -254.028992 6.313612 48.262402
v -253.993744 6.349077 48.258446
v -254.866364 6.349077 48.320641
v -254.831116 6.313611 48.316685
v -254.831116 5.186493 48.316685
v -254.866364 5.151027 48.320641
v -254.032944 5.186494 48.227158
v -253.997696 5.151027 48.223202
v -254.032944 6.313612 48.227158
v -253.997696 6.349077 48.223202
v -254.026276 5.115561 48.286514
v -254.824448 5.115560 48.376041
v -254.824448 4.611208 48.376041
v -254.026276 4.611209 48.286514
v -254.825439 4.611208 48.367226
v -254.825439 5.115560 48.367226
v -254.027267 5.115561 48.277699
v -254.027267 4.611209 48.277699
v -254.030228 6.313612 48.251266
v -254.828415 6.313611 48.340794
v -254.828415 5.186493 48.340794
v -254.030228 5.186494 48.251266
v -254.829391 5.186493 48.331982
v -254.829391 6.313611 48.331982
v -254.031219 6.313612 48.242455
v -254.031219 5.186494 48.242455
v -256.729370 4.575742 48.667774
v -256.729370 6.349078 48.667774
v -255.860703 4.575742 48.570335
v -255.860703 6.349078 48.570335
v -256.786011 6.384546 48.480896
v -256.750763 6.349078 48.476944
v -256.750763 4.575742 48.476944
v -256.786011 4.540276 48.480896
v -255.882095 4.575742 48.379505
v -255.846863 4.540276 48.375553
v -255.882095 6.349078 48.379505
v -255.846863 6.384546 48.375553
v -256.701508 4.611210 48.597858
v -256.701508 5.115560 48.597858
v -256.736755 5.151027 48.601814
v -256.736755 4.575742 48.601814
v -255.903336 4.611210 48.508331
v -255.868103 4.575742 48.504375
v -255.903336 5.115560 48.508331
v -255.868103 5.151027 48.504375
v -256.740723 5.151027 48.566570
v -256.705475 5.115560 48.562614
v -256.705475 4.611210 48.562614
v -256.740723 4.575742 48.566570
v -255.907288 4.611210 48.473087
v -255.872055 4.575742 48.469131
v -255.907288 5.115560 48.473087
v -255.872055 5.151027 48.469131
v -256.705475 5.186494 48.562614
v -256.705475 6.313612 48.562614
v -256.740723 6.349078 48.566570
v -255.907288 5.186494 48.473087
v -255.907288 6.313612 48.473087
v -255.872055 6.349078 48.469131
v -256.744659 6.349078 48.531326
v -256.709412 6.313612 48.527370
v -256.709412 5.186494 48.527370
v -256.744659 5.151027 48.531326
v -255.911255 5.186494 48.437843
v -255.876007 5.151027 48.433887
v -255.911255 6.313612 48.437843
v -255.876007 6.349078 48.433887
v -255.904587 5.115560 48.497200
v -256.702759 5.115560 48.586727
v -256.702759 4.611210 48.586727
v -255.904587 4.611210 48.497200
v -256.703766 4.611210 48.577911
v -256.703766 5.115560 48.577911
v -255.905579 5.115560 48.488384
v -255.905579 4.611210 48.488384
v -255.908539 6.313612 48.461952
v -256.706726 6.313612 48.551479
v -256.706726 5.186494 48.551479
v -255.908539 5.186494 48.461952
v -256.707703 5.186494 48.542667
v -256.707703 6.313612 48.542667
v -255.909531 6.313612 48.453140
v -255.909531 5.186494 48.453140
v -258.534180 4.575744 41.373829
v -258.534180 6.349081 41.373833
v -258.538116 4.540278 41.338585
v -258.432281 4.575744 42.282146
v -258.432281 6.349081 42.282146
v -258.343323 6.349081 41.352428
v -258.343323 4.575744 41.352428
v -258.241455 4.575744 42.260742
v -258.241455 6.349081 42.260742
v -258.464264 4.611212 41.401676
v -258.464264 5.115562 41.401676
v -258.468201 5.151029 41.366432
v -258.468201 4.575744 41.366432
v -258.370270 4.611212 42.239502
v -258.366333 4.575744 42.274746
v -258.370270 5.115562 42.239502
v -258.366333 5.151029 42.274746
v -258.432953 5.151029 41.362480
v -258.429016 5.115562 41.397724
v -258.429016 4.611212 41.397724
v -258.432953 4.575744 41.362480
v -258.335022 4.611212 42.235550
v -258.331085 4.575744 42.270794
v -258.335022 5.115562 42.235550
v -258.331085 5.151029 42.270794
v -258.429016 5.186496 41.397724
v -258.429016 6.313615 41.397724
v -258.432953 6.349081 41.362480
v -258.335022 5.186496 42.235550
v -258.335022 6.313615 42.235550
v -258.331085 6.349081 42.270794
v -258.397705 6.349081 41.358528
v -258.393768 6.313615 41.393772
v -258.393768 5.186496 41.393772
v -258.397705 5.151029 41.358528
v -258.299774 5.186496 42.231598
v -258.295837 5.151029 42.266842
v -258.299774 6.313615 42.231598
v -258.295837 6.349081 42.266842
v -258.359131 5.115562 42.238255
v -258.453125 5.115562 41.400429
v -258.453125 4.611212 41.400429
v -258.359131 4.611212 42.238255
v -258.444305 4.611212 41.399441
v -258.444305 5.115562 41.399441
v -258.350342 5.115562 42.237267
v -258.350342 4.611212 42.237267
v -258.323883 6.313615 42.234303
v -258.417877 6.313615 41.396477
v -258.417877 5.186496 41.396477
v -258.323883 5.186496 42.234303
v -258.409058 5.186496 41.395489
v -258.409058 6.313615 41.395489
v -258.315094 6.313615 42.233315
v -258.315094 5.186496 42.233315
v -257.834595 5.568812 47.610664
v -258.142212 5.568814 44.868092
v -257.834595 6.349078 47.610664
v -258.142212 6.349080 44.868092
v -257.951385 5.568814 44.846687
v -257.643768 5.568812 47.589260
v -257.643768 6.349078 47.589260
v -257.951385 6.349080 44.846687
v -257.772583 5.604277 47.568020
v -257.908691 5.604277 46.354698
v -257.912628 5.568812 46.319454
v -257.768646 5.568812 47.603264
v -257.772583 6.313613 47.568020
v -257.768646 6.349078 47.603264
v -257.908691 6.313613 46.354698
v -257.912628 6.349078 46.319454
v -257.877411 5.568812 46.315502
v -257.873444 5.604277 46.350746
v -257.737335 5.604277 47.564068
v -257.733398 5.568812 47.599312
v -257.737335 6.313613 47.564068
v -257.733398 6.349078 47.599312
v -257.873444 6.313613 46.350746
v -257.877411 6.349078 46.315502
v -257.881348 5.604277 46.280254
v -258.037079 5.604279 44.891983
v -258.041016 5.568814 44.856739
v -257.881348 6.313613 46.280254
v -258.037079 6.313614 44.891983
v -258.041016 6.349080 44.856739
v -258.005768 5.568814 44.852787
v -258.001831 5.604279 44.888031
v -257.846100 5.604277 46.276302
v -257.842163 5.568812 46.311550
v -257.846100 6.313613 46.276302
v -257.842163 6.349078 46.311550
v -258.001831 6.313614 44.888031
v -258.005768 6.349080 44.852787
v -257.897552 6.313613 46.353451
v -257.897552 5.604277 46.353451
v -257.761444 5.604277 47.566772
v -257.761444 6.313613 47.566772
v -257.752655 5.604277 47.565784
v -257.888733 5.604277 46.352463
v -257.888733 6.313613 46.352463
v -257.752655 6.313613 47.565784
v -258.025940 6.313614 44.890736
v -258.025940 5.604279 44.890736
v -257.870209 5.604277 46.279007
v -257.870209 6.313613 46.279007
v -257.861389 5.604277 46.278019
v -258.017120 5.604279 44.889748
v -258.017120 6.313614 44.889748
v -257.861389 6.313613 46.278019
v -249.903870 4.575743 43.689491
v -249.903870 6.349078 43.689491
v -249.798477 4.575743 44.629101
v -249.798477 6.349078 44.629101
v -249.711456 6.349078 43.667908
v -249.711456 4.575743 43.667908
v -249.606064 4.575743 44.607517
v -249.606064 6.349078 44.607517
v -249.832367 4.611210 43.717159
v -249.832367 5.115562 43.717159
v -249.836319 5.151028 43.681915
v -249.836319 4.575743 43.681915
v -249.734879 4.611210 44.586281
v -249.730927 4.575743 44.621525
v -249.734879 5.115562 44.586281
v -249.730927 5.151028 44.621525
v -249.801071 5.151028 43.677959
v -249.797119 5.115562 43.713203
v -249.797119 4.611210 43.713203
v -249.801071 4.575743 43.677959
v -249.699631 4.611210 44.582325
v -249.695679 4.575743 44.617569
v -249.699631 5.115562 44.582325
v -249.695679 5.151028 44.617569
v -249.797119 5.186495 43.713203
v -249.797119 6.313613 43.713203
v -249.801071 6.349078 43.677959
v -249.699631 5.186495 44.582325
v -249.699631 6.313613 44.582325
v -249.695679 6.349078 44.617569
v -249.765839 6.349078 43.674007
v -249.761871 6.313613 43.709251
v -249.761871 5.186495 43.709251
v -249.765839 5.151028 43.674007
v -249.664398 5.186495 44.578373
v -249.660431 5.151028 44.613617
v -249.664398 6.313613 44.578373
v -249.660431 6.349078 44.613617
v -249.723740 5.115562 44.585030
v -249.821228 5.115562 43.715908
v -249.821228 4.611210 43.715908
v -249.723740 4.611210 44.585030
v -249.812424 4.611210 43.714920
v -249.812424 5.115562 43.714920
v -249.714935 5.115562 44.584042
v -249.714935 4.611210 44.584042
v -249.688507 6.313613 44.581078
v -249.785980 6.313613 43.711956
v -249.785980 5.186495 43.711956
v -249.688507 5.186495 44.581078
v -249.777176 5.186495 43.710968
v -249.777176 6.313613 43.710968
v -249.679688 6.313613 44.580090
v -249.679688 5.186495 44.580090
v -249.714157 4.575741 45.380844
v -249.714157 6.349076 45.380844
v -249.718109 6.384546 45.345600
v -249.718109 4.540277 45.345600
v -249.591705 4.575741 46.472496
v -249.591705 6.349076 46.472496
v -249.525696 6.384546 45.324017
v -249.521729 6.349078 45.359261
v -249.521729 4.575743 45.359257
v -249.399292 4.575741 46.450912
v -249.399292 6.349076 46.450912
v -249.642654 4.611209 45.408512
v -249.642654 5.115561 45.408512
v -249.646606 5.151026 45.373268
v -249.646606 4.575741 45.373264
v -249.528107 4.611209 46.429672
v -249.524155 4.575741 46.464920
v -249.528107 5.115561 46.429672
v -249.524155 5.151026 46.464920
v -249.611359 5.151026 45.369312
v -249.607407 5.115561 45.404556
v -249.607407 4.611209 45.404556
v -249.611359 4.575741 45.369308
v -249.492874 4.611209 46.425716
v -249.488922 4.575741 46.460964
v -249.492874 5.115561 46.425716
v -249.488922 5.151026 46.460964
v -249.607407 5.186494 45.404556
v -249.607407 6.313612 45.404556
v -249.611359 6.349076 45.369312
v -249.492874 5.186494 46.425716
v -249.492874 6.313612 46.425716
v -249.488922 6.349076 46.460964
v -249.576111 6.349078 45.365360
v -249.572159 6.313612 45.400604
v -249.572159 5.186494 45.400604
v -249.576111 5.151028 45.365360
v -249.457626 5.186494 46.421764
v -249.453674 5.151026 46.457012
v -249.457626 6.313612 46.421764
v -249.453674 6.349076 46.457012
v -249.516968 5.115561 46.428421
v -249.631516 5.115561 45.407261
v -249.631516 4.611209 45.407261
v -249.516968 4.611209 46.428421
v -249.622711 4.611209 45.406273
v -249.622711 5.115561 45.406273
v -249.508163 5.115561 46.427433
v -249.508163 4.611209 46.427433
v -249.481735 6.313612 46.424469
v -249.596268 6.313612 45.403309
v -249.596268 5.186494 45.403309
v -249.481735 5.186494 46.424469
v -249.587463 5.186494 45.402321
v -249.587463 6.313612 45.402321
v -249.472916 6.313612 46.423481
v -249.472916 5.186494 46.423481
v -250.004227 5.312236 41.057739
v -246.427582 5.312235 40.656555
v -246.528091 5.229583 40.555923
v -249.928513 5.229581 40.937340
v -246.679825 3.212712 38.407818
v -246.759689 3.282021 38.491180
v -250.256470 3.212712 38.809002
v -250.160110 3.282021 38.872597
v -249.756348 3.212474 43.267735
v -246.179703 3.212473 42.866550
v -246.275970 3.282254 42.803745
v -249.676376 3.282254 43.185162
v -246.503418 5.228874 40.776005
v -249.903824 5.228874 41.157421
v -246.523972 5.207462 40.592758
v -249.924377 5.207459 40.974174
v -246.755554 3.259901 38.528015
v -250.155975 3.259901 38.909431
v -246.280121 3.260371 42.766663
v -249.680542 3.260372 43.148083
v -246.507568 5.206990 40.738918
v -249.907990 5.206991 41.120335
v -246.588882 3.226058 38.435120
v -246.340805 5.312235 40.646820
v -246.340805 5.186367 40.646820
v -246.588882 3.091364 38.435120
v -246.097061 3.226056 42.819931
v -246.097061 3.091362 42.819931
v -246.427582 5.186367 40.656555
v -246.675659 3.226058 38.444855
v -246.675659 3.091364 38.444855
v -246.183838 3.091362 42.829666
v -246.183838 3.226056 42.829666
v -257.786560 4.360297 48.747936
v -260.946320 3.222534 40.664604
v -259.746857 3.222532 51.358101
v -247.460876 3.222723 43.063164
v -249.170578 4.360104 47.781628
v -246.694748 3.222721 49.893402
v -246.792007 3.220664 50.031715
v -257.654114 4.362161 48.851967
v -259.620819 3.220666 51.470692
v -246.411789 3.051282 50.208824
v -246.593277 3.182363 50.089890
v -246.395996 3.091182 50.219177
v -259.953064 3.051284 51.727718
v -259.913727 3.037984 51.686916
v -259.966187 3.091184 51.741314
v -246.395996 3.182363 50.219177
v -247.449158 3.037984 42.459530
v -247.449158 3.182365 42.459530
v -246.593277 3.037982 50.089890
v -259.802460 3.182366 51.571529
v -259.802460 3.037984 51.571529
v -261.034760 3.182368 40.585300
v -247.321518 3.037984 42.445213
v -247.281860 3.051284 42.440765
v -246.678711 3.254301 49.891602
v -246.790298 3.252651 50.046940
v -247.268646 3.091184 42.439281
v -259.966187 3.182366 51.741314
v -261.202026 3.051286 40.604065
v -246.459198 3.037982 50.177753
v -259.762817 3.254150 51.359894
v -259.619110 3.252654 51.485916
v -257.711365 4.433946 48.785946
v -258.737213 4.391918 40.416817
v -257.802551 4.391916 48.749725
v -261.050720 3.213987 40.587093
v -260.962280 3.254152 40.666397
v -249.235352 4.433935 47.835197
v -249.275070 4.394148 47.927528
v -249.154541 4.391687 47.779827
v -259.809662 3.215853 51.580711
v -247.372528 3.213945 42.997803
v -249.791290 4.391689 42.103107
v -247.444839 3.254303 43.061363
v -249.885651 4.432048 41.970139
v -257.703766 4.400465 48.777069
v -258.721252 4.360299 40.415028
v -249.276779 4.362161 47.912304
v -247.388565 3.182365 42.999603
v -249.807327 4.360106 42.104908
v -261.215240 3.182368 40.605549
v -261.215240 3.091186 40.605549
v -249.901688 4.400468 41.971939
v -261.034760 3.037986 40.585300
v -258.652588 4.400468 40.318100
v -257.652405 4.394149 48.867191
v -258.668549 4.432086 40.319889
v -257.786407 4.359981 48.747917
v -259.746674 3.222215 51.358086
v -260.946136 3.222217 40.664589
v -246.584183 3.215844 50.097271
v -249.244797 4.400466 47.828247
v -247.461044 3.222407 43.063179
v -246.694916 3.222405 49.893417
v -249.170746 4.359789 47.781647
v -246.792023 3.220344 50.031559
v -259.620819 3.220346 51.470535
v -257.654114 4.361842 48.851814
v -246.413147 3.051971 50.208332
v -246.396454 3.091234 50.218510
v -246.593430 3.181843 50.090263
v -259.952393 3.051057 51.729351
v -259.983368 3.085712 51.758625
v -259.913940 3.038405 51.686646
v -246.396927 3.181694 50.218948
v -246.587433 3.048687 50.089310
v -247.448761 3.182010 42.459839
v -259.802185 3.181458 51.571671
v -259.803345 3.039530 51.571732
v -261.035065 3.182013 40.585697
v -247.321533 3.038360 42.445549
v -247.282394 3.051528 42.441082
v -246.595581 3.183099 50.088867
v -246.790024 3.252157 50.047062
v -246.678772 3.253601 49.892124
v -247.268982 3.091246 42.439655
v -259.967987 3.181705 51.740692
v -261.201447 3.051528 40.604263
v -260.962524 3.253000 40.666313
v -261.033020 3.182952 40.587399
v -258.736176 4.391414 40.416592
v -246.459045 3.038403 50.177441
v -259.762299 3.253536 51.360260
v -259.619385 3.252026 51.485817
v -259.802521 3.182650 51.572029
v -257.713593 4.431713 48.786659
v -257.802032 4.391647 48.749744
v -261.050079 3.213609 40.587811
v -249.233047 4.431710 47.835403
v -249.155029 4.391419 47.779957
v -249.274750 4.393797 47.926983
v -259.810181 3.215723 51.580437
v -247.373352 3.213832 42.997936
v -247.445038 3.253663 43.060932
v -249.791809 4.391421 42.103207
v -249.885574 4.431680 41.969414
v -257.704010 4.400232 48.777946
v -257.786621 4.360865 48.748363
v -257.654297 4.362625 48.851879
v -258.721649 4.361176 40.414341
v -260.946838 3.222690 40.664303
v -259.747559 3.223145 51.358715
v -246.693924 3.223339 49.893852
v -249.170441 4.360672 47.782032
v -249.276611 4.362623 47.912174
v -247.390808 3.183395 43.000824
v -247.460419 3.222847 43.062870
v -249.806625 4.361636 42.103378
v -246.791748 3.220866 50.032158
v -259.622375 3.223375 51.471989
v -261.214844 3.091248 40.605843
v -261.214844 3.182011 40.605862
v -249.902222 4.401031 41.971954
v -258.721100 4.359983 40.415009
v -249.807495 4.359790 42.104927
v -249.276794 4.361841 47.912151
v -261.035065 3.038341 40.585697
v -247.448761 3.038339 42.459839
v -257.652832 4.393797 48.866734
v -258.669525 4.431122 40.320099
v -246.586243 3.214939 50.096962
v -258.652710 4.400790 40.319447
v -249.244354 4.400231 47.829048
v -247.268646 3.182365 42.439281
v -261.162384 3.037986 40.599617
v -247.268967 3.182009 42.439671
v -261.162292 3.038361 40.599945
v -247.449158 2.980099 42.459530
v -246.593277 2.980097 50.089890
v -259.802460 2.980099 51.571529
v -261.034760 2.980101 40.585300
v -257.703766 2.980099 48.777069
v -249.244797 2.980097 47.828247
v -258.652588 2.980101 40.318100
v -249.817200 2.980099 42.725147
v -247.295944 1.277338 44.725327
v -247.272217 1.277338 44.936802
v -247.216782 1.277338 44.981052
v -247.251694 1.277338 44.669888
v -247.483704 1.277338 44.960522
v -247.527954 1.277338 45.015957
v -247.507416 1.277338 44.749046
v -247.562851 1.277338 44.704792
v -247.272217 2.885374 44.936802
v -247.295944 2.885374 44.725327
v -247.251694 2.885374 44.669888
v -247.216782 2.885374 44.981052
v -247.507416 2.885374 44.749046
v -247.562851 2.885374 44.704792
v -247.483704 2.885374 44.960522
v -247.527954 2.885374 45.015957
v -247.251694 0.106936 44.669888
v -247.216782 0.106936 44.981052
v -247.161346 0.106936 45.025307
v -247.207443 0.106936 44.614456
v -247.527954 0.106936 45.015957
v -247.572205 0.106936 45.071388
v -247.562851 0.106936 44.704792
v -247.618286 0.106936 44.660538
v -247.028305 1.277336 47.111370
v -247.004593 1.277336 47.322842
v -246.949158 1.277336 47.367096
v -246.984055 1.277336 47.055927
v -247.216064 1.277336 47.346561
v -247.260315 1.277336 47.402000
v -247.239777 1.277336 47.135090
v -247.295212 1.277336 47.090832
v -247.004593 2.885372 47.322842
v -247.028305 2.885372 47.111370
v -246.984055 2.885372 47.055927
v -246.949158 2.885372 47.367096
v -247.239777 2.885372 47.135090
v -247.295212 2.885372 47.090832
v -247.216064 2.885372 47.346561
v -247.260315 2.885372 47.402000
v -246.984055 0.106934 47.055927
v -246.949158 0.106934 47.367096
v -246.893723 0.106934 47.411350
v -246.939804 0.106934 47.000496
v -247.260315 0.106934 47.402000
v -247.304565 0.106934 47.457432
v -247.295212 0.106934 47.090832
v -247.350647 0.106934 47.046577
v -246.727859 1.277336 49.789906
v -246.704147 1.277336 50.001377
v -246.648712 1.277336 50.045639
v -246.683609 1.277336 49.734467
v -246.915619 1.277336 50.025097
v -246.959869 1.277336 50.080544
v -246.939331 1.277336 49.813625
v -246.994766 1.277336 49.769371
v -246.704147 2.885372 50.001377
v -246.727859 2.885372 49.789906
v -246.683609 2.885372 49.734467
v -246.648712 2.885372 50.045639
v -246.939331 2.885372 49.813625
v -246.994766 2.885372 49.769371
v -246.915619 2.885372 50.025097
v -246.959869 2.885372 50.080544
v -246.683609 0.106934 49.734467
v -246.648712 0.106934 50.045639
v -246.593277 0.106934 50.089890
v -246.639359 0.106934 49.679039
v -246.959869 0.106934 50.080544
v -247.004120 0.106934 50.135971
v -246.994766 0.106934 49.769371
v -247.050201 0.106934 49.725121
v -249.545456 1.277337 50.105949
v -249.521729 1.277337 50.317421
v -249.466293 1.277337 50.361683
v -249.501205 1.277337 50.050510
v -249.733215 1.277337 50.341141
v -249.777466 1.277337 50.396584
v -249.756927 1.277337 50.129669
v -249.812363 1.277337 50.085411
v -249.521729 2.885373 50.317421
v -249.545456 2.885373 50.105949
v -249.501205 2.885373 50.050510
v -249.466293 2.885373 50.361683
v -249.756927 2.885373 50.129669
v -249.812363 2.885373 50.085411
v -249.733215 2.885373 50.341141
v -249.777466 2.885373 50.396584
v -249.501205 0.106934 50.050510
v -249.466293 0.106934 50.361683
v -249.410858 0.106934 50.405930
v -249.456955 0.106934 49.995079
v -249.777466 0.106934 50.396584
v -249.821716 0.106934 50.452015
v -249.812363 0.106934 50.085411
v -249.867798 0.106934 50.041164
v -252.578049 1.277337 50.446106
v -252.554321 1.277337 50.657578
v -252.498886 1.277337 50.701839
v -252.533798 1.277337 50.390667
v -252.765808 1.277337 50.681297
v -252.810059 1.277337 50.736744
v -252.789520 1.277337 50.469826
v -252.844955 1.277337 50.425571
v -252.554321 2.885373 50.657578
v -252.578049 2.885373 50.446106
v -252.533798 2.885373 50.390667
v -252.498886 2.885373 50.701839
v -252.789520 2.885373 50.469826
v -252.844955 2.885373 50.425571
v -252.765808 2.885373 50.681297
v -252.810059 2.885373 50.736744
v -252.533798 0.106935 50.390667
v -252.498886 0.106935 50.701839
v -252.443451 0.106935 50.746090
v -252.489548 0.106935 50.335239
v -252.810059 0.106935 50.736744
v -252.854309 0.106935 50.792175
v -252.844955 0.106935 50.425571
v -252.900391 0.106935 50.381325
v -255.397781 1.277337 50.762390
v -255.374054 1.277337 50.973862
v -255.318619 1.277337 51.018124
v -255.353531 1.277337 50.706951
v -255.585541 1.277337 50.997581
v -255.629791 1.277337 51.053028
v -255.609253 1.277337 50.786110
v -255.664688 1.277337 50.741856
v -255.374054 2.885374 50.973862
v -255.397781 2.885374 50.762390
v -255.353531 2.885374 50.706951
v -255.318619 2.885374 51.018124
v -255.609253 2.885374 50.786110
v -255.664688 2.885374 50.741856
v -255.585541 2.885374 50.997581
v -255.629791 2.885374 51.053028
v -255.353531 0.106935 50.706951
v -255.318619 0.106935 51.018124
v -255.263184 0.106935 51.062370
v -255.309280 0.106935 50.651520
v -255.629791 0.106935 51.053028
v -255.674042 0.106935 51.108456
v -255.664688 0.106935 50.741856
v -255.720123 0.106935 50.697605
v -257.439331 1.277337 50.991386
v -257.415619 1.277337 51.202858
v -257.360168 1.277337 51.247120
v -257.395081 1.277337 50.935947
v -257.627075 1.277337 51.226578
v -257.671326 1.277337 51.282021
v -257.650818 1.277337 51.015106
v -257.706238 1.277337 50.970848
v -257.415619 2.885374 51.202858
v -257.439331 2.885374 50.991386
v -257.395081 2.885374 50.935947
v -257.360168 2.885374 51.247120
v -257.650818 2.885374 51.015106
v -257.706238 2.885374 50.970848
v -257.627075 2.885374 51.226578
v -257.671326 2.885374 51.282021
v -257.395081 0.106936 50.935947
v -257.360168 0.106936 51.247120
v -257.304749 0.106936 51.291367
v -257.350830 0.106936 50.880516
v -257.671326 0.106936 51.282021
v -257.715607 0.106936 51.337452
v -257.706238 0.106936 50.970848
v -257.761688 0.106936 50.926601
v -259.526184 1.277337 51.225464
v -259.502472 1.277337 51.436935
v -259.447021 1.277337 51.481197
v -259.481934 1.277337 51.170025
v -259.713928 1.277337 51.460655
v -259.758209 1.277337 51.516102
v -259.737671 1.277337 51.249184
v -259.793091 1.277337 51.204929
v -259.502472 2.885375 51.436935
v -259.526184 2.885375 51.225464
v -259.481934 2.885375 51.170025
v -259.447021 2.885375 51.481197
v -259.737671 2.885375 51.249184
v -259.793091 2.885375 51.204929
v -259.713928 2.885375 51.460655
v -259.758209 2.885375 51.516102
v -259.481934 0.106936 51.170025
v -259.447021 0.106936 51.481197
v -259.391602 0.106936 51.525444
v -259.437683 0.106936 51.114594
v -259.758209 0.106936 51.516102
v -259.802460 0.106936 51.571529
v -259.793091 0.106936 51.204929
v -259.848541 0.106936 51.160679
v -259.847137 1.277337 48.364014
v -259.823425 1.277337 48.575489
v -259.768005 1.277337 48.619740
v -259.802887 1.277337 48.308575
v -260.034912 1.277337 48.599209
v -260.079163 1.277337 48.654644
v -260.058624 1.277337 48.387733
v -260.114075 1.277337 48.343479
v -259.823425 2.885375 48.575489
v -259.847137 2.885375 48.364014
v -259.802887 2.885375 48.308575
v -259.768005 2.885375 48.619740
v -260.058624 2.885375 48.387733
v -260.114075 2.885375 48.343479
v -260.034912 2.885375 48.599209
v -260.079163 2.885375 48.654644
v -259.802887 0.106936 48.308575
v -259.768005 0.106936 48.619740
v -259.712555 0.106936 48.663990
v -259.758636 0.106936 48.253139
v -260.079163 0.106936 48.654644
v -260.123413 0.106936 48.710075
v -260.114075 0.106936 48.343479
v -260.169495 0.106936 48.299225
v -260.328583 1.277339 44.071857
v -260.304871 1.277339 44.283333
v -260.249420 1.277339 44.327583
v -260.284332 1.277339 44.016422
v -260.516357 1.277339 44.307053
v -260.560608 1.277339 44.362488
v -260.540070 1.277339 44.095577
v -260.595490 1.277339 44.051327
v -260.304871 2.885377 44.283333
v -260.328583 2.885377 44.071857
v -260.284332 2.885377 44.016422
v -260.249420 2.885377 44.327583
v -260.540070 2.885377 44.095577
v -260.595490 2.885377 44.051327
v -260.516357 2.885377 44.307053
v -260.560608 2.885377 44.362488
v -260.284332 0.106938 44.016422
v -260.249420 0.106938 44.327583
v -260.194000 0.106938 44.371841
v -260.240082 0.106938 43.960987
v -260.560608 0.106938 44.362488
v -260.604858 0.106938 44.417927
v -260.595490 0.106938 44.051327
v -260.650940 0.106938 44.007072
v -260.712402 1.277339 40.650089
v -260.688690 1.277339 40.861565
v -260.633240 1.277339 40.905823
v -260.668152 1.277339 40.594654
v -260.900146 1.277339 40.885284
v -260.944397 1.277339 40.940727
v -260.923889 1.277339 40.673809
v -260.979309 1.277339 40.629559
v -260.688690 2.885377 40.861565
v -260.712402 2.885377 40.650089
v -260.668152 2.885377 40.594654
v -260.633240 2.885377 40.905823
v -260.923889 2.885377 40.673809
v -260.979309 2.885377 40.629559
v -260.900146 2.885377 40.885284
v -260.944397 2.885377 40.940727
v -260.668152 0.106938 40.594654
v -260.633240 0.106938 40.905823
v -260.577820 0.106938 40.950073
v -260.623901 0.106938 40.539215
v -260.944397 0.106938 40.940727
v -260.988678 0.106938 40.996159
v -260.979309 0.106938 40.629559
v -261.034760 0.106938 40.585300
v -247.207443 0.000535 44.614456
v -247.161346 0.000535 45.025307
v -247.618286 0.000535 44.660538
v -247.572205 0.000535 45.071388
v -247.251694 2.979741 44.669888
v -247.216782 2.979741 44.981052
v -247.562851 2.979741 44.704792
v -247.527954 2.979741 45.015957
v -246.939804 0.000533 47.000496
v -246.893723 0.000533 47.411350
v -247.350647 0.000533 47.046577
v -247.304565 0.000533 47.457432
v -246.984055 2.979739 47.055927
v -246.949158 2.979739 47.367096
v -247.295212 2.979739 47.090832
v -247.260315 2.979739 47.402000
v -246.639359 0.000533 49.679039
v -247.050201 0.000533 49.725121
v -247.004120 0.000533 50.135971
v -246.683609 2.979739 49.734467
v -246.648712 2.979739 50.045639
v -246.994766 2.979739 49.769371
v -246.959869 2.979739 50.080544
v -249.456955 0.000534 49.995079
v -249.410858 0.000534 50.405930
v -249.867798 0.000534 50.041164
v -249.821716 0.000534 50.452015
v -249.501205 2.979739 50.050510
v -249.466293 2.979739 50.361683
v -249.812363 2.979739 50.085411
v -249.777466 2.979739 50.396584
v -252.489548 0.000534 50.335239
v -252.443451 0.000534 50.746090
v -252.900391 0.000534 50.381325
v -252.854309 0.000534 50.792175
v -252.533798 2.979740 50.390667
v -252.498886 2.979740 50.701839
v -252.844955 2.979740 50.425571
v -252.810059 2.979740 50.736744
v -255.309280 0.000535 50.651520
v -255.263184 0.000535 51.062370
v -255.720123 0.000535 50.697605
v -255.674042 0.000535 51.108456
v -255.353531 2.979740 50.706951
v -255.318619 2.979740 51.018124
v -255.664688 2.979740 50.741856
v -255.629791 2.979740 51.053028
v -257.350830 0.000535 50.880516
v -257.304749 0.000535 51.291367
v -257.761688 0.000535 50.926601
v -257.715607 0.000535 51.337452
v -257.395081 2.979741 50.935947
v -257.360168 2.979741 51.247120
v -257.706238 2.979741 50.970848
v -257.671326 2.979741 51.282021
v -259.437683 0.000535 51.114594
v -259.391602 0.000535 51.525444
v -259.848541 0.000536 51.160679
v -259.481934 2.979741 51.170025
v -259.447021 2.979741 51.481197
v -259.793091 2.979741 51.204929
v -259.758209 2.979741 51.516102
v -259.758636 0.000535 48.253139
v -259.712555 0.000535 48.663990
v -260.169495 0.000536 48.299225
v -260.123413 0.000536 48.710075
v -259.802887 2.979741 48.308575
v -259.768005 2.979741 48.619740
v -260.114075 2.979741 48.343479
v -260.079163 2.979741 48.654644
v -260.240082 0.000537 43.960987
v -260.194000 0.000537 44.371841
v -260.650940 0.000538 44.007072
v -260.604858 0.000538 44.417927
v -260.284332 2.979743 44.016422
v -260.249420 2.979743 44.327583
v -260.595490 2.979743 44.051327
v -260.560608 2.979743 44.362488
v -260.623901 0.000537 40.539215
v -260.577820 0.000537 40.950073
v -260.988678 0.000538 40.996159
v -260.668152 2.979743 40.594654
v -260.633240 2.979743 40.905823
v -260.979309 2.979743 40.629559
v -260.944397 2.979743 40.940727
v -246.803940 1.064535 49.747967
v -246.874435 1.064535 49.755871
v -247.407623 1.064537 45.002457
v -247.337128 1.064537 44.994553
v -246.803940 1.135469 49.747967
v -247.337128 1.135471 44.994553
v -247.407623 1.135471 45.002457
v -246.874435 1.135469 49.755871
v -247.336212 0.000535 45.161797
v -247.340164 0.000535 45.126553
v -247.340164 1.064537 45.126553
v -247.336212 1.064537 45.161797
v -247.375412 0.000535 45.130505
v -247.375412 1.064537 45.130505
v -247.371460 0.000535 45.165749
v -247.371460 1.064537 45.165749
v -247.318085 0.000535 45.323410
v -247.322037 0.000535 45.288162
v -247.322037 1.064537 45.288162
v -247.318085 1.064537 45.323410
v -247.357285 0.000535 45.292114
v -247.357285 1.064537 45.292114
v -247.353333 0.000535 45.327362
v -247.353333 1.064537 45.327362
v -247.299957 0.000535 45.485016
v -247.303909 0.000535 45.449772
v -247.303909 1.064537 45.449772
v -247.299957 1.064537 45.485016
v -247.339157 0.000535 45.453724
v -247.339157 1.064537 45.453724
v -247.335205 0.000535 45.488968
v -247.335205 1.064537 45.488968
v -247.281830 0.000535 45.646629
v -247.285782 0.000535 45.611385
v -247.285782 1.064537 45.611385
v -247.281830 1.064537 45.646629
v -247.321030 0.000535 45.615337
v -247.321030 1.064537 45.615337
v -247.317078 0.000535 45.650581
v -247.317078 1.064537 45.650581
v -247.263702 0.000535 45.808239
v -247.267654 0.000535 45.772991
v -247.267654 1.064535 45.772991
v -247.263702 1.064535 45.808239
v -247.302902 0.000535 45.776943
v -247.302902 1.064535 45.776943
v -247.298950 0.000535 45.812191
v -247.298950 1.064535 45.812191
v -247.245575 0.000535 45.969852
v -247.249527 0.000535 45.934605
v -247.249527 1.064535 45.934605
v -247.245575 1.064535 45.969852
v -247.284775 0.000535 45.938557
v -247.284775 1.064535 45.938557
v -247.280823 0.000535 45.973804
v -247.280823 1.064535 45.973804
v -247.227448 0.000533 46.131458
v -247.231400 0.000533 46.096210
v -247.231400 1.064535 46.096210
v -247.227448 1.064535 46.131458
v -247.266647 0.000533 46.100163
v -247.266647 1.064535 46.100163
v -247.262695 0.000533 46.135410
v -247.262695 1.064535 46.135410
v -247.209320 0.000533 46.293068
v -247.213272 0.000533 46.257820
v -247.213272 1.064535 46.257820
v -247.209320 1.064535 46.293068
v -247.248520 0.000533 46.261772
v -247.248520 1.064535 46.261772
v -247.244568 0.000533 46.297020
v -247.244568 1.064535 46.297020
v -247.191193 0.000533 46.454678
v -247.195145 0.000533 46.419434
v -247.195145 1.064535 46.419434
v -247.191193 1.064535 46.454678
v -247.230392 0.000533 46.423386
v -247.230392 1.064535 46.423386
v -247.226440 0.000533 46.458630
v -247.226440 1.064535 46.458630
v -247.173065 0.000533 46.616287
v -247.177017 0.000533 46.581039
v -247.177017 1.064535 46.581039
v -247.173065 1.064535 46.616287
v -247.212265 0.000533 46.584991
v -247.212265 1.064535 46.584991
v -247.208313 0.000533 46.620239
v -247.208313 1.064535 46.620239
v -247.154938 0.000533 46.777893
v -247.158890 0.000533 46.742649
v -247.158890 1.064535 46.742649
v -247.154938 1.064535 46.777893
v -247.194138 0.000533 46.746601
v -247.194138 1.064535 46.746601
v -247.190186 0.000533 46.781845
v -247.190186 1.064535 46.781845
v -247.136810 0.000533 46.939507
v -247.140762 0.000533 46.904263
v -247.140762 1.064535 46.904263
v -247.136810 1.064535 46.939507
v -247.176010 0.000533 46.908215
v -247.176010 1.064535 46.908215
v -247.172058 0.000533 46.943459
v -247.172058 1.064535 46.943459
v -247.064301 0.000533 47.585945
v -247.068253 0.000533 47.550701
v -247.068253 1.064535 47.550701
v -247.064301 1.064535 47.585945
v -247.103500 0.000533 47.554653
v -247.103500 1.064535 47.554653
v -247.099548 0.000533 47.589897
v -247.099548 1.064535 47.589897
v -247.046173 0.000533 47.747559
v -247.050125 0.000533 47.712315
v -247.050125 1.064535 47.712315
v -247.046173 1.064535 47.747559
v -247.085373 0.000533 47.716267
v -247.085373 1.064535 47.716267
v -247.081421 0.000533 47.751511
v -247.081421 1.064535 47.751511
v -247.028046 0.000533 47.909168
v -247.031998 0.000533 47.873920
v -247.031998 1.064535 47.873920
v -247.028046 1.064535 47.909168
v -247.067245 0.000533 47.877872
v -247.067245 1.064535 47.877872
v -247.063293 0.000533 47.913120
v -247.063293 1.064535 47.913120
v -247.009918 0.000533 48.070774
v -247.013870 0.000533 48.035530
v -247.013870 1.064535 48.035530
v -247.009918 1.064535 48.070774
v -247.049118 0.000533 48.039482
v -247.049118 1.064535 48.039482
v -247.045166 0.000533 48.074726
v -247.045166 1.064535 48.074726
v -246.991791 0.000533 48.232388
v -246.995743 0.000533 48.197140
v -246.995743 1.064535 48.197140
v -246.991791 1.064535 48.232388
v -247.030991 0.000533 48.201092
v -247.030991 1.064535 48.201092
v -247.027039 0.000533 48.236340
v -247.027039 1.064535 48.236340
v -246.973663 0.000533 48.393993
v -246.977615 0.000533 48.358749
v -246.977615 1.064535 48.358749
v -246.973663 1.064535 48.393993
v -247.012863 0.000533 48.362701
v -247.012863 1.064535 48.362701
v -247.008911 0.000533 48.397945
v -247.008911 1.064535 48.397945
v -246.955536 0.000533 48.555603
v -246.959488 0.000533 48.520359
v -246.959488 1.064535 48.520359
v -246.955536 1.064535 48.555603
v -246.994736 0.000533 48.524311
v -246.994736 1.064535 48.524311
v -246.990784 0.000533 48.559555
v -246.990784 1.064535 48.559555
v -246.937408 0.000533 48.717216
v -246.941360 0.000533 48.681969
v -246.941360 1.064535 48.681969
v -246.937408 1.064535 48.717216
v -246.976608 0.000533 48.685921
v -246.976608 1.064535 48.685921
v -246.972656 0.000533 48.721169
v -246.972656 1.064535 48.721169
v -246.919281 0.000533 48.878822
v -246.923233 0.000533 48.843578
v -246.923233 1.064535 48.843578
v -246.919281 1.064535 48.878822
v -246.958481 0.000533 48.847530
v -246.958481 1.064535 48.847530
v -246.954529 0.000533 48.882774
v -246.954529 1.064535 48.882774
v -246.901154 0.000533 49.040432
v -246.905106 0.000533 49.005188
v -246.905106 1.064535 49.005188
v -246.901154 1.064535 49.040432
v -246.940353 0.000533 49.009140
v -246.940353 1.064535 49.009140
v -246.936401 0.000533 49.044384
v -246.936401 1.064535 49.044384
v -246.883026 0.000533 49.202045
v -246.886978 0.000533 49.166798
v -246.886978 1.064535 49.166798
v -246.883026 1.064535 49.202045
v -246.922226 0.000533 49.170750
v -246.922226 1.064535 49.170750
v -246.918274 0.000533 49.205997
v -246.918274 1.064535 49.205997
v -246.864899 0.000533 49.363655
v -246.868851 0.000533 49.328407
v -246.868851 1.064535 49.328407
v -246.864899 1.064535 49.363655
v -246.904099 0.000533 49.332359
v -246.904099 1.064535 49.332359
v -246.900146 0.000533 49.367607
v -246.900146 1.064535 49.367607
v -246.846771 0.000533 49.525265
v -246.850723 0.000533 49.490013
v -246.850723 1.064535 49.490013
v -246.846771 1.064535 49.525265
v -246.885971 0.000533 49.493965
v -246.885971 1.064535 49.493965
v -246.882019 0.000533 49.529217
v -246.882019 1.064535 49.529217
v -246.828644 0.000533 49.686878
v -246.832596 0.000533 49.651627
v -246.832596 1.064535 49.651627
v -246.828644 1.064535 49.686878
v -246.867844 0.000533 49.655579
v -246.867844 1.064535 49.655579
v -246.863892 0.000533 49.690830
v -246.863892 1.064535 49.690830
v -247.090714 0.000533 49.956074
v -247.055466 0.000533 49.952118
v -247.055466 1.064535 49.952118
v -247.090714 1.064535 49.956074
v -247.059418 0.000533 49.916874
v -247.059418 1.064535 49.916874
v -247.094666 0.000533 49.920830
v -247.094666 1.064535 49.920830
v -247.252319 0.000533 49.974201
v -247.217072 0.000533 49.970245
v -247.217072 1.064535 49.970245
v -247.252319 1.064535 49.974201
v -247.221024 0.000533 49.935001
v -247.221024 1.064535 49.935001
v -247.256271 0.000533 49.938957
v -247.256271 1.064535 49.938957
v -247.413925 0.000533 49.992329
v -247.378693 0.000533 49.988373
v -247.378693 1.064535 49.988373
v -247.413925 1.064535 49.992329
v -247.382645 0.000533 49.953129
v -247.382645 1.064535 49.953129
v -247.417877 0.000533 49.957085
v -247.417877 1.064535 49.957085
v -247.575531 0.000533 50.010456
v -247.540298 0.000533 50.006500
v -247.540298 1.064535 50.006500
v -247.575531 1.064535 50.010456
v -247.544250 0.000533 49.971256
v -247.544250 1.064535 49.971256
v -247.579498 0.000533 49.975212
v -247.579498 1.064535 49.975212
v -247.737152 0.000533 50.028584
v -247.701904 0.000533 50.024628
v -247.701904 1.064535 50.024628
v -247.737152 1.064535 50.028584
v -247.705856 0.000533 49.989384
v -247.705856 1.064535 49.989384
v -247.741104 0.000533 49.993340
v -247.741104 1.064535 49.993340
v -247.898758 0.000533 50.046711
v -247.863510 0.000533 50.042755
v -247.863510 1.064535 50.042755
v -247.898758 1.064535 50.046711
v -247.867462 0.000533 50.007511
v -247.867462 1.064535 50.007511
v -247.902710 0.000533 50.011467
v -247.902710 1.064535 50.011467
v -248.060364 0.000533 50.064838
v -248.025116 0.000533 50.060883
v -248.025116 1.064536 50.060883
v -248.060364 1.064536 50.064838
v -248.029068 0.000533 50.025639
v -248.029068 1.064536 50.025639
v -248.064316 0.000533 50.029594
v -248.064316 1.064536 50.029594
v -248.221970 0.000533 50.082962
v -248.186737 0.000533 50.079010
v -248.186737 1.064536 50.079010
v -248.221970 1.064536 50.082962
v -248.190689 0.000533 50.043766
v -248.190689 1.064536 50.043766
v -248.225922 0.000533 50.047722
v -248.225922 1.064536 50.047722
v -248.383591 0.000533 50.101093
v -248.348343 0.000533 50.097137
v -248.348343 1.064536 50.097137
v -248.383591 1.064536 50.101093
v -248.352295 0.000533 50.061893
v -248.352295 1.064536 50.061893
v -248.387543 0.000533 50.065849
v -248.387543 1.064536 50.065849
v -248.545197 0.000534 50.119221
v -248.509949 0.000534 50.115265
v -248.509949 1.064536 50.115265
v -248.545197 1.064536 50.119221
v -248.513901 0.000534 50.080021
v -248.513901 1.064536 50.080021
v -248.549149 0.000534 50.083977
v -248.549149 1.064536 50.083977
v -248.706802 0.000534 50.137348
v -248.671570 0.000534 50.133392
v -248.671570 1.064536 50.133392
v -248.706802 1.064536 50.137348
v -248.675522 0.000534 50.098148
v -248.675522 1.064536 50.098148
v -248.710754 0.000534 50.102104
v -248.710754 1.064536 50.102104
v -248.868423 0.000534 50.155476
v -248.833176 0.000534 50.151520
v -248.833176 1.064536 50.151520
v -248.868423 1.064536 50.155476
v -248.837128 0.000534 50.116276
v -248.837128 1.064536 50.116276
v -248.872375 0.000534 50.120232
v -248.872375 1.064536 50.120232
v -249.034119 0.000534 50.174061
v -248.998871 0.000534 50.170105
v -248.998871 1.064536 50.170105
v -249.034119 1.064536 50.174061
v -249.002823 0.000534 50.134865
v -249.002823 1.064536 50.134865
v -249.038071 0.000534 50.138817
v -249.038071 1.064536 50.138817
v -249.195724 0.000534 50.192188
v -249.160477 0.000534 50.188232
v -249.160477 1.064536 50.188232
v -249.195724 1.064536 50.192188
v -249.164429 0.000534 50.152988
v -249.164429 1.064536 50.152988
v -249.199677 0.000534 50.156944
v -249.199677 1.064536 50.156944
v -249.357330 0.000534 50.210316
v -249.322098 0.000534 50.206360
v -249.322098 1.064536 50.206360
v -249.357330 1.064536 50.210316
v -249.326050 0.000534 50.171116
v -249.326050 1.064536 50.171116
v -249.361298 0.000534 50.175072
v -249.361298 1.064536 50.175072
v -249.962234 0.000534 50.278164
v -249.926987 0.000534 50.274212
v -249.926987 1.064536 50.274212
v -249.962234 1.064536 50.278164
v -249.930939 0.000534 50.238968
v -249.930939 1.064536 50.238968
v -249.966187 0.000534 50.242920
v -249.966187 1.064536 50.242920
v -250.123840 0.000534 50.296291
v -250.088593 0.000534 50.292339
v -250.088593 1.064536 50.292339
v -250.123840 1.064536 50.296291
v -250.092560 0.000534 50.257095
v -250.092545 1.064536 50.257095
v -250.127792 0.000534 50.261047
v -250.127792 1.064536 50.261047
v -250.285446 0.000534 50.314419
v -250.250214 0.000534 50.310467
v -250.250214 1.064536 50.310467
v -250.285446 1.064536 50.314419
v -250.254166 0.000534 50.275223
v -250.254166 1.064536 50.275223
v -250.289398 0.000534 50.279175
v -250.289398 1.064536 50.279175
v -250.447067 0.000534 50.332546
v -250.411819 0.000534 50.328594
v -250.411819 1.064536 50.328594
v -250.447067 1.064536 50.332546
v -250.415771 0.000534 50.293350
v -250.415771 1.064536 50.293350
v -250.451019 0.000534 50.297302
v -250.451019 1.064536 50.297302
v -250.608673 0.000534 50.350674
v -250.573425 0.000534 50.346722
v -250.573425 1.064536 50.346722
v -250.608673 1.064536 50.350674
v -250.577377 0.000534 50.311478
v -250.577377 1.064536 50.311478
v -250.612625 0.000534 50.315430
v -250.612625 1.064536 50.315430
v -250.770279 0.000534 50.368801
v -250.735031 0.000534 50.364849
v -250.735031 1.064536 50.364849
v -250.770279 1.064536 50.368801
v -250.738983 0.000534 50.329605
v -250.738983 1.064536 50.329605
v -250.774231 0.000534 50.333557
v -250.774231 1.064536 50.333557
v -250.931885 0.000534 50.386929
v -250.896637 0.000534 50.382977
v -250.896637 1.064536 50.382977
v -250.931885 1.064536 50.386929
v -250.900604 0.000534 50.347733
v -250.900604 1.064536 50.347733
v -250.935837 0.000534 50.351685
v -250.935837 1.064536 50.351685
v -251.093506 0.000534 50.405056
v -251.058258 0.000534 50.401104
v -251.058258 1.064536 50.401104
v -251.093506 1.064536 50.405056
v -251.062210 0.000534 50.365860
v -251.062210 1.064536 50.365860
v -251.097458 0.000534 50.369812
v -251.097458 1.064536 50.369812
v -251.250885 0.000534 50.422710
v -251.215652 0.000534 50.418758
v -251.215652 1.064536 50.418758
v -251.250885 1.064536 50.422710
v -251.219604 0.000534 50.383514
v -251.219604 1.064536 50.383514
v -251.254852 0.000534 50.387466
v -251.254852 1.064536 50.387466
v -251.412506 0.000534 50.440838
v -251.377258 0.000534 50.436886
v -251.377258 1.064536 50.436886
v -251.412506 1.064536 50.440838
v -251.381210 0.000534 50.401642
v -251.381210 1.064536 50.401642
v -251.416458 0.000534 50.405594
v -251.416458 1.064536 50.405594
v -251.574112 0.000534 50.458965
v -251.538864 0.000534 50.455013
v -251.538864 1.064536 50.455013
v -251.574112 1.064536 50.458965
v -251.542816 0.000534 50.419769
v -251.542816 1.064536 50.419769
v -251.578064 0.000534 50.423721
v -251.578064 1.064536 50.423721
v -251.735718 0.000534 50.477093
v -251.700485 0.000534 50.473141
v -251.700485 1.064536 50.473141
v -251.735718 1.064536 50.477093
v -251.704437 0.000534 50.437897
v -251.704437 1.064536 50.437897
v -251.739685 0.000534 50.441849
v -251.739685 1.064536 50.441849
v -251.897339 0.000534 50.495220
v -251.862091 0.000534 50.491268
v -251.862091 1.064536 50.491268
v -251.897339 1.064536 50.495220
v -251.866043 0.000534 50.456024
v -251.866043 1.064536 50.456024
v -251.901291 0.000534 50.459976
v -251.901291 1.064536 50.459976
v -252.058945 0.000534 50.513348
v -252.023697 0.000534 50.509396
v -252.023697 1.064536 50.509396
v -252.058945 1.064536 50.513348
v -252.027649 0.000534 50.474152
v -252.027649 1.064536 50.474152
v -252.062897 0.000534 50.478104
v -252.062897 1.064536 50.478104
v -252.220551 0.000534 50.531475
v -252.185303 0.000534 50.527523
v -252.185303 1.064536 50.527523
v -252.220551 1.064536 50.531475
v -252.189255 0.000534 50.492279
v -252.189255 1.064536 50.492279
v -252.224503 0.000534 50.496231
v -252.224503 1.064536 50.496231
v -252.382156 0.000534 50.549603
v -252.346924 0.000534 50.545650
v -252.346924 1.064536 50.545650
v -252.382156 1.064536 50.549603
v -252.350876 0.000534 50.510406
v -252.350876 1.064536 50.510406
v -252.386108 0.000534 50.514359
v -252.386108 1.064536 50.514359
v -255.799088 0.000535 50.932869
v -255.763840 0.000535 50.928917
v -255.763840 1.064537 50.928917
v -255.799088 1.064537 50.932869
v -255.767792 0.000535 50.893673
v -255.767792 1.064537 50.893673
v -255.803040 0.000535 50.897625
v -255.803040 1.064537 50.897625
v -255.960693 0.000535 50.950996
v -255.925461 0.000535 50.947044
v -255.925446 1.064537 50.947044
v -255.960693 1.064537 50.950996
v -255.929413 0.000535 50.911800
v -255.929398 1.064537 50.911800
v -255.964661 0.000535 50.915752
v -255.964645 1.064537 50.915752
v -256.122314 0.000535 50.969124
v -256.087067 0.000535 50.965172
v -256.087067 1.064537 50.965172
v -256.122314 1.064537 50.969124
v -256.091003 0.000535 50.929928
v -256.091003 1.064537 50.929928
v -256.126251 0.000535 50.933880
v -256.126251 1.064537 50.933880
v -256.283905 0.000535 50.987251
v -256.248657 0.000535 50.983299
v -256.248657 1.064537 50.983299
v -256.283905 1.064537 50.987251
v -256.252625 0.000535 50.948055
v -256.252625 1.064537 50.948055
v -256.287872 0.000535 50.952007
v -256.287872 1.064537 50.952007
v -256.445526 0.000535 51.005379
v -256.410278 0.000535 51.001427
v -256.410278 1.064537 51.001427
v -256.445526 1.064537 51.005379
v -256.414246 0.000535 50.966183
v -256.414246 1.064537 50.966183
v -256.449493 0.000535 50.970135
v -256.449493 1.064537 50.970135
v -256.607147 0.000535 51.023506
v -256.571899 0.000535 51.019554
v -256.571899 1.064537 51.019554
v -256.607147 1.064537 51.023506
v -256.575836 0.000535 50.984310
v -256.575836 1.064537 50.984310
v -256.611084 0.000535 50.988262
v -256.611084 1.064537 50.988262
v -256.768738 0.000535 51.041634
v -256.733490 0.000535 51.037682
v -256.733490 1.064537 51.037682
v -256.768738 1.064537 51.041634
v -256.737457 0.000535 51.002438
v -256.737457 1.064537 51.002438
v -256.772705 0.000535 51.006390
v -256.772705 1.064537 51.006390
v -256.930359 0.000535 51.059761
v -256.895111 0.000535 51.055809
v -256.895111 1.064537 51.055809
v -256.930359 1.064537 51.059761
v -256.899078 0.000535 51.020565
v -256.899078 1.064537 51.020565
v -256.934326 0.000535 51.024517
v -256.934326 1.064537 51.024517
v -257.091980 0.000535 51.077888
v -257.056732 0.000535 51.073936
v -257.056732 1.064537 51.073936
v -257.091980 1.064537 51.077888
v -257.060669 0.000535 51.038692
v -257.060669 1.064537 51.038692
v -257.095917 0.000535 51.042645
v -257.095917 1.064537 51.042645
v -257.253571 0.000535 51.096016
v -257.218323 0.000535 51.092064
v -257.218323 1.064537 51.092064
v -257.253571 1.064537 51.096016
v -257.222290 0.000535 51.056820
v -257.222290 1.064537 51.056820
v -257.257538 0.000535 51.060772
v -257.257538 1.064537 51.060772
v -257.867584 0.000535 51.164890
v -257.832336 0.000535 51.160934
v -257.832336 1.064537 51.160934
v -257.867584 1.064537 51.164890
v -257.836304 0.000535 51.125690
v -257.836304 1.064537 51.125690
v -257.871552 0.000535 51.129646
v -257.871552 1.064537 51.129646
v -258.029205 0.000535 51.183018
v -257.993958 0.000535 51.179062
v -257.993958 1.064537 51.179062
v -258.029205 1.064537 51.183018
v -257.997925 0.000535 51.143818
v -257.997894 1.064537 51.143818
v -258.033142 0.000535 51.147774
v -258.033142 1.064537 51.147774
v -258.190826 0.000535 51.201145
v -258.155579 0.000535 51.197189
v -258.155579 1.064537 51.197189
v -258.190826 1.064537 51.201145
v -258.159515 0.000535 51.161945
v -258.159515 1.064537 51.161945
v -258.194763 0.000535 51.165901
v -258.194763 1.064537 51.165901
v -258.352417 0.000535 51.219273
v -258.317169 0.000535 51.215317
v -258.317169 1.064537 51.215317
v -258.352417 1.064537 51.219273
v -258.321136 0.000535 51.180073
v -258.321136 1.064537 51.180073
v -258.356384 0.000535 51.184029
v -258.356384 1.064537 51.184029
v -258.514038 0.000535 51.237400
v -258.478790 0.000535 51.233444
v -258.478790 1.064537 51.233444
v -258.514038 1.064537 51.237400
v -258.482727 0.000535 51.198200
v -258.482727 1.064537 51.198200
v -258.517975 0.000535 51.202156
v -258.517975 1.064537 51.202156
v -258.675629 0.000535 51.255527
v -258.640381 0.000535 51.251572
v -258.640381 1.064537 51.251572
v -258.675629 1.064537 51.255527
v -258.644348 0.000535 51.216328
v -258.644348 1.064537 51.216328
v -258.679596 0.000535 51.220284
v -258.679596 1.064537 51.220284
v -258.837250 0.000535 51.273655
v -258.802002 0.000535 51.269699
v -258.802002 1.064537 51.269699
v -258.837250 1.064537 51.273655
v -258.805969 0.000535 51.234455
v -258.805969 1.064537 51.234455
v -258.841217 0.000535 51.238411
v -258.841217 1.064537 51.238411
v -258.998871 0.000535 51.291782
v -258.963623 0.000535 51.287827
v -258.963623 1.064537 51.287827
v -258.998871 1.064537 51.291782
v -258.967560 0.000535 51.252583
v -258.967560 1.064537 51.252583
v -259.002808 0.000535 51.256538
v -259.002808 1.064537 51.256538
v -259.160461 0.000535 51.309910
v -259.125214 0.000535 51.305954
v -259.125214 1.064537 51.305954
v -259.160461 1.064538 51.309910
v -259.129181 0.000535 51.270710
v -259.129181 1.064537 51.270710
v -259.164429 0.000535 51.274666
v -259.164429 1.064538 51.274666
v -259.322083 0.000535 51.328037
v -259.286835 0.000535 51.324081
v -259.286835 1.064538 51.324081
v -259.322083 1.064538 51.328037
v -259.290802 0.000535 51.288837
v -259.290802 1.064538 51.288837
v -259.326050 0.000535 51.292793
v -259.326050 1.064538 51.292793
v -246.931366 1.064535 49.884666
v -246.923462 1.064535 49.955154
v -252.512207 1.064536 50.582031
v -252.520111 1.064536 50.511543
v -259.460266 1.064538 51.361378
v -259.468170 1.064538 51.290890
v -255.650589 1.064537 50.862682
v -255.642685 1.064537 50.933170
v -246.923462 1.135469 49.955154
v -246.931366 1.135469 49.884666
v -252.520111 1.135469 50.511543
v -252.512207 1.135469 50.582031
v -259.468170 1.135471 51.290890
v -259.460266 1.135471 51.361378
v -255.642685 1.135471 50.933170
v -255.650589 1.135471 50.862682
v -260.748718 0.000538 41.086121
v -260.752686 0.000538 41.050873
v -260.752686 1.064540 41.050873
v -260.748718 1.064540 41.086121
v -260.787933 0.000538 41.054825
v -260.787933 1.064540 41.054825
v -260.783966 0.000538 41.090073
v -260.783966 1.064540 41.090073
v -260.730591 0.000538 41.247726
v -260.734558 0.000538 41.212482
v -260.734558 1.064540 41.212482
v -260.730591 1.064540 41.247726
v -260.769806 0.000538 41.216434
v -260.769806 1.064540 41.216434
v -260.765839 0.000538 41.251678
v -260.765839 1.064540 41.251678
v -260.712463 0.000538 41.409340
v -260.716431 0.000538 41.374092
v -260.716431 1.064540 41.374092
v -260.712463 1.064540 41.409340
v -260.751678 0.000538 41.378044
v -260.751678 1.064540 41.378044
v -260.747711 0.000538 41.413292
v -260.747711 1.064540 41.413292
v -260.694336 0.000538 41.570950
v -260.698303 0.000538 41.535702
v -260.698303 1.064540 41.535702
v -260.694336 1.064540 41.570950
v -260.733551 0.000538 41.539654
v -260.733551 1.064540 41.539654
v -260.729584 0.000538 41.574902
v -260.729584 1.064540 41.574902
v -260.676208 0.000538 41.732559
v -260.680176 0.000538 41.697315
v -260.680176 1.064540 41.697315
v -260.676208 1.064540 41.732559
v -260.715424 0.000538 41.701267
v -260.715424 1.064540 41.701267
v -260.711456 0.000538 41.736511
v -260.711456 1.064540 41.736511
v -260.658081 0.000538 41.894169
v -260.662048 0.000538 41.858925
v -260.662048 1.064540 41.858925
v -260.658081 1.064540 41.894169
v -260.697296 0.000538 41.862877
v -260.697296 1.064540 41.862877
v -260.693329 0.000538 41.898121
v -260.693329 1.064540 41.898121
v -260.639954 0.000538 42.055782
v -260.643921 0.000538 42.020535
v -260.643921 1.064540 42.020535
v -260.639954 1.064540 42.055782
v -260.679169 0.000538 42.024487
v -260.679169 1.064540 42.024487
v -260.675201 0.000538 42.059734
v -260.675201 1.064540 42.059734
v -260.621826 0.000538 42.217392
v -260.625793 0.000538 42.182148
v -260.625793 1.064540 42.182148
v -260.621826 1.064540 42.217392
v -260.661041 0.000538 42.186100
v -260.661041 1.064540 42.186100
v -260.657074 0.000538 42.221344
v -260.657074 1.064540 42.221344
v -260.603699 0.000538 42.379002
v -260.607666 0.000538 42.343754
v -260.607666 1.064540 42.343754
v -260.603699 1.064540 42.379002
v -260.642914 0.000538 42.347706
v -260.642914 1.064540 42.347706
v -260.638947 0.000538 42.382954
v -260.638947 1.064540 42.382954
v -260.585571 0.000538 42.540611
v -260.589539 0.000538 42.505367
v -260.589539 1.064540 42.505367
v -260.585571 1.064540 42.540611
v -260.624786 0.000538 42.509319
v -260.624786 1.064540 42.509319
v -260.620819 0.000538 42.544563
v -260.620819 1.064540 42.544563
v -260.567444 0.000538 42.702221
v -260.571411 0.000538 42.666973
v -260.571411 1.064540 42.666973
v -260.567444 1.064540 42.702221
v -260.606659 0.000538 42.670925
v -260.606659 1.064540 42.670925
v -260.602692 0.000538 42.706173
v -260.602692 1.064540 42.706173
v -260.549347 0.000538 42.863827
v -260.553284 0.000538 42.828583
v -260.553284 1.064540 42.828583
v -260.549347 1.064540 42.863827
v -260.588531 0.000538 42.832535
v -260.588531 1.064540 42.832535
v -260.584564 0.000538 42.867779
v -260.584564 1.064540 42.867779
v -260.530731 0.000538 43.029530
v -260.534698 0.000538 42.994286
v -260.534698 1.064540 42.994286
v -260.530731 1.064540 43.029530
v -260.569946 0.000538 42.998238
v -260.569946 1.064540 42.998238
v -260.565979 0.000538 43.033482
v -260.565979 1.064540 43.033482
v -260.512604 0.000538 43.191143
v -260.516571 0.000538 43.155895
v -260.516571 1.064540 43.155895
v -260.512604 1.064540 43.191143
v -260.551819 0.000538 43.159847
v -260.551819 1.064540 43.159847
v -260.547852 0.000538 43.195095
v -260.547852 1.064540 43.195095
v -260.494476 0.000538 43.352753
v -260.498444 0.000538 43.317509
v -260.498444 1.064540 43.317509
v -260.494476 1.064540 43.352753
v -260.533691 0.000538 43.321461
v -260.533691 1.064540 43.321461
v -260.529724 0.000538 43.356705
v -260.529724 1.064540 43.356705
v -259.884399 0.000536 48.791733
v -259.888367 0.000536 48.756485
v -259.888367 1.064538 48.756485
v -259.884399 1.064538 48.791733
v -259.923615 0.000536 48.760437
v -259.923615 1.064538 48.760437
v -259.919647 0.000536 48.795685
v -259.919647 1.064538 48.795685
v -259.866272 0.000536 48.953342
v -259.870239 0.000536 48.918098
v -259.870239 1.064538 48.918098
v -259.866272 1.064538 48.953342
v -259.905487 0.000536 48.922050
v -259.905487 1.064538 48.922050
v -259.901520 0.000536 48.957294
v -259.901520 1.064538 48.957294
v -259.848145 0.000536 49.114952
v -259.852112 0.000536 49.079708
v -259.852112 1.064538 49.079708
v -259.848145 1.064538 49.114952
v -259.887360 0.000536 49.083660
v -259.887360 1.064538 49.083660
v -259.883392 0.000536 49.118904
v -259.883392 1.064538 49.118904
v -259.830017 0.000536 49.276562
v -259.833984 0.000536 49.241314
v -259.833984 1.064538 49.241314
v -259.830017 1.064538 49.276562
v -259.869232 0.000536 49.245266
v -259.869232 1.064538 49.245266
v -259.865265 0.000536 49.280514
v -259.865265 1.064538 49.280514
v -259.811890 0.000536 49.438168
v -259.815857 0.000536 49.402924
v -259.815857 1.064538 49.402924
v -259.811890 1.064538 49.438168
v -259.851105 0.000536 49.406876
v -259.851105 1.064538 49.406876
v -259.847137 0.000536 49.442120
v -259.847137 1.064538 49.442120
v -259.794769 0.000536 49.590839
v -259.798737 0.000536 49.555592
v -259.798737 1.064538 49.555592
v -259.794769 1.064538 49.590839
v -259.833984 0.000536 49.559544
v -259.833984 1.064538 49.559544
v -259.830017 0.000536 49.594791
v -259.830017 1.064538 49.594791
v -259.776642 0.000536 49.752453
v -259.780609 0.000536 49.717205
v -259.780609 1.064538 49.717201
v -259.776642 1.064538 49.752449
v -259.815857 0.000536 49.721157
v -259.815857 1.064538 49.721153
v -259.811890 0.000536 49.756405
v -259.811890 1.064538 49.756401
v -259.758514 0.000536 49.914059
v -259.762482 0.000536 49.878815
v -259.762482 1.064538 49.878815
v -259.758514 1.064538 49.914059
v -259.797729 0.000536 49.882767
v -259.797729 1.064538 49.882767
v -259.793762 0.000536 49.918011
v -259.793762 1.064538 49.918011
v -259.740387 0.000536 50.075672
v -259.744354 0.000536 50.040428
v -259.744354 1.064538 50.040428
v -259.740387 1.064538 50.075672
v -259.779602 0.000536 50.044380
v -259.779602 1.064538 50.044380
v -259.775635 0.000536 50.079624
v -259.775635 1.064538 50.079624
v -259.722260 0.000536 50.237282
v -259.726227 0.000536 50.202038
v -259.726227 1.064538 50.202038
v -259.722260 1.064538 50.237282
v -259.761475 0.000536 50.205990
v -259.761475 1.064538 50.205990
v -259.757507 0.000536 50.241234
v -259.757507 1.064538 50.241234
v -259.704132 0.000536 50.398895
v -259.708099 0.000536 50.363644
v -259.708099 1.064538 50.363644
v -259.704132 1.064538 50.398895
v -259.743347 0.000536 50.367596
v -259.743347 1.064538 50.367596
v -259.739380 0.000536 50.402847
v -259.739380 1.064538 50.402847
v -259.686005 0.000536 50.560501
v -259.689972 0.000536 50.525257
v -259.689972 1.064538 50.525257
v -259.686005 1.064538 50.560501
v -259.725220 0.000536 50.529209
v -259.725220 1.064538 50.529209
v -259.721252 0.000536 50.564453
v -259.721252 1.064538 50.564453
v -259.667877 0.000536 50.722107
v -259.671844 0.000536 50.686863
v -259.671844 1.064538 50.686863
v -259.667877 1.064538 50.722107
v -259.707092 0.000536 50.690815
v -259.707092 1.064538 50.690815
v -259.703125 0.000536 50.726059
v -259.703125 1.064538 50.726059
v -259.649750 0.000536 50.883720
v -259.653717 0.000536 50.848476
v -259.653717 1.064538 50.848476
v -259.649750 1.064538 50.883720
v -259.688965 0.000536 50.852428
v -259.688965 1.064538 50.852428
v -259.684998 0.000536 50.887672
v -259.684998 1.064538 50.887672
v -259.631622 0.000536 51.045330
v -259.635590 0.000536 51.010082
v -259.635590 1.064538 51.010082
v -259.631622 1.064538 51.045330
v -259.670837 0.000536 51.014034
v -259.670837 1.064538 51.014034
v -259.666870 0.000536 51.049282
v -259.666870 1.064538 51.049282
v -260.820129 1.064540 40.926785
v -260.749634 1.064540 40.918880
v -260.400726 1.064540 44.029697
v -260.471191 1.064540 44.037601
v -259.598297 1.064538 51.183521
v -259.668793 1.064538 51.191425
v -259.954895 1.064538 48.640739
v -259.884399 1.064538 48.632835
v -260.749634 1.135473 40.918880
v -260.820129 1.135473 40.926785
v -260.471191 1.135473 44.037601
v -260.400726 1.135473 44.029697
v -259.668793 1.135471 51.191425
v -259.598297 1.135471 51.183521
v -259.884399 1.135471 48.632835
v -259.954895 1.135471 48.640739
v -260.473724 0.000538 43.537762
v -260.477692 0.000538 43.502518
v -260.477692 1.064540 43.502518
v -260.473724 1.064540 43.537762
v -260.512939 0.000538 43.506470
v -260.512939 1.064540 43.506470
v -260.508972 0.000538 43.541714
v -260.508972 1.064540 43.541714
v -260.455597 0.000538 43.699375
v -260.459564 0.000538 43.664127
v -260.459564 1.064540 43.664127
v -260.455597 1.064540 43.699375
v -260.494812 0.000538 43.668079
v -260.494812 1.064540 43.668079
v -260.490845 0.000538 43.703327
v -260.490845 1.064540 43.703327
v -260.437469 0.000538 43.860985
v -260.441437 0.000538 43.825737
v -260.441437 1.064540 43.825737
v -260.437469 1.064540 43.860985
v -260.476685 0.000538 43.829689
v -260.476685 1.064540 43.829689
v -260.472717 0.000538 43.864937
v -260.472717 1.064540 43.864937
v -260.487915 0.000537 40.709538
v -260.523163 0.000537 40.713493
v -260.523163 1.064540 40.713493
v -260.487915 1.064540 40.709538
v -260.519196 0.000537 40.748741
v -260.519196 1.064540 40.748741
v -260.483948 0.000537 40.744785
v -260.483948 1.064540 40.744785
v -260.326294 0.000537 40.691410
v -260.361542 0.000537 40.695366
v -260.361542 1.064540 40.695366
v -260.326294 1.064539 40.691410
v -260.357605 0.000537 40.730614
v -260.357605 1.064540 40.730614
v -260.322357 0.000537 40.726658
v -260.322357 1.064539 40.726658
v -260.164703 0.000537 40.673283
v -260.199951 0.000537 40.677238
v -260.199951 1.064539 40.677238
v -260.164703 1.064539 40.673283
v -260.195984 0.000537 40.712486
v -260.195984 1.064539 40.712486
v -260.160736 0.000537 40.708530
v -260.160736 1.064539 40.708530
v -260.003082 0.000537 40.655159
v -260.038330 0.000537 40.659111
v -260.038330 1.064539 40.659111
v -260.003082 1.064539 40.655159
v -260.034363 0.000537 40.694359
v -260.034363 1.064539 40.694359
v -259.999146 0.000537 40.690407
v -259.999146 1.064539 40.690407
v -259.841461 0.000537 40.637028
v -259.876709 0.000537 40.640984
v -259.876709 1.064539 40.640984
v -259.841461 1.064539 40.637028
v -259.872772 0.000537 40.676231
v -259.872772 1.064539 40.676231
v -259.837524 0.000537 40.672276
v -259.837524 1.064539 40.672276
v -259.679871 0.000537 40.618900
v -259.715118 0.000537 40.622856
v -259.715118 1.064539 40.622856
v -259.679871 1.064539 40.618900
v -259.711151 0.000537 40.658104
v -259.711151 1.064539 40.658104
v -259.675903 0.000537 40.654148
v -259.675903 1.064539 40.654148
v -259.518250 0.000537 40.600773
v -259.553497 0.000537 40.604729
v -259.553497 1.064539 40.604729
v -259.518250 1.064539 40.600773
v -259.549561 0.000537 40.639977
v -259.549561 1.064539 40.639977
v -259.514313 0.000537 40.636021
v -259.514313 1.064539 40.636021
v -259.356659 0.000537 40.582649
v -259.391876 0.000537 40.586601
v -259.391876 1.064539 40.586601
v -259.356659 1.064539 40.582649
v -259.387939 0.000537 40.621849
v -259.387939 1.064539 40.621849
v -259.352692 0.000537 40.617897
v -259.352692 1.064539 40.617897
v -259.195038 0.000537 40.564522
v -259.230286 0.000537 40.568474
v -259.230286 1.064539 40.568474
v -259.195038 1.064539 40.564522
v -259.226318 0.000537 40.603722
v -259.226318 1.064539 40.603722
v -259.191071 0.000537 40.599770
v -259.191071 1.064539 40.599770
v -259.033417 0.000537 40.546391
v -259.068665 0.000537 40.550346
v -259.068665 1.064539 40.550346
v -259.033417 1.064539 40.546391
v -259.064728 0.000537 40.585594
v -259.064728 1.064539 40.585594
v -259.029480 0.000537 40.581638
v -259.029480 1.064539 40.581638
v -258.871826 0.000537 40.528267
v -258.907074 0.000537 40.532219
v -258.907074 1.064539 40.532219
v -258.871826 1.064539 40.528267
v -258.903107 0.000537 40.567467
v -258.903107 1.064539 40.567467
v -258.867859 0.000537 40.563515
v -258.867859 1.064539 40.563515
v -258.710205 0.000537 40.510139
v -258.745453 0.000537 40.514091
v -258.745453 1.064539 40.514091
v -258.710205 1.064539 40.510139
v -258.741486 0.000537 40.549339
v -258.741486 1.064539 40.549339
v -258.706238 0.000537 40.545387
v -258.706238 1.064539 40.545387
v -260.647247 1.064540 40.780949
v -260.655151 1.064540 40.710457
v -258.633881 1.064539 40.483734
v -258.625946 1.064539 40.554226
v -260.655151 1.135473 40.710457
v -260.647247 1.135473 40.780949
v -258.625977 1.135473 40.554226
v -258.633850 1.135473 40.483734
v -246.784485 -0.425066 44.567013
v -247.026199 -0.425066 42.412086
v -247.026199 -0.212265 42.412086
v -246.784485 -0.212265 44.567013
v -246.361542 -0.637865 44.519573
v -246.603256 -0.637865 42.364647
v -246.603256 -0.425066 42.364647
v -246.361542 -0.425066 44.519573
v -247.449158 -0.212265 42.459530
v -247.207443 -0.212265 44.614456
v -247.207443 -0.637865 44.614456
v -255.215744 -0.425066 51.485321
v -252.806870 -0.425066 51.215126
v -252.806870 -0.212266 51.215126
v -255.215744 -0.212265 51.485321
v -255.168304 -0.637866 51.908272
v -252.759430 -0.637866 51.638077
v -252.759430 -0.425066 51.638077
v -255.168304 -0.425066 51.908272
v -252.854309 -0.212266 50.792175
v -255.263184 -0.212265 51.062370
v -255.263184 -0.637866 51.062370
v -252.854309 -0.637866 50.792175
v -261.027802 -0.425063 44.465370
v -260.592438 -0.425065 48.346668
v -260.592438 -0.212264 48.346668
v -261.027802 -0.212262 44.465370
v -261.450745 -0.637863 44.512802
v -261.015381 -0.637865 48.394108
v -261.015381 -0.425065 48.394108
v -261.450745 -0.425063 44.512802
v -260.169495 -0.212264 48.299225
v -260.604858 -0.212262 44.417927
v -260.604858 -0.637863 44.417927
v -260.169495 -0.637865 48.299225
v -251.407394 6.732565 38.949974
v -251.407394 6.957113 38.949974
v -251.397507 6.957113 39.038086
v -251.397507 6.791008 39.038086
v -251.492783 6.732565 38.959549
v -251.492783 6.957113 38.959549
v -251.482895 6.791008 39.047661
v -251.482895 6.957113 39.047661
v -251.357986 6.542376 39.390488
v -251.348099 6.600817 39.478600
v -251.443375 6.542376 39.400063
v -251.433487 6.600817 39.488174
v -251.357986 -0.278968 39.390488
v -251.348099 -0.278968 39.478600
v -251.443375 -0.278968 39.400063
v -251.433487 -0.278968 39.488174
v -258.336823 6.732564 39.727230
v -258.336823 6.957112 39.727230
v -258.326935 6.957112 39.815342
v -258.326935 6.791006 39.815342
v -258.426208 6.732564 39.737255
v -258.426208 6.957112 39.737255
v -258.416321 6.791006 39.825367
v -258.416321 6.957112 39.825367
v -258.287415 6.542374 40.167744
v -258.277527 6.600816 40.255856
v -258.376801 6.542374 40.177769
v -258.366913 6.600816 40.265881
v -258.287415 -0.278969 40.167744
v -258.277527 -0.278969 40.255856
v -258.376801 -0.278969 40.177769
v -258.366913 -0.278969 40.265881
v -249.571182 6.732563 39.750648
v -249.571182 6.957111 39.750648
v -249.659302 6.957111 39.760532
v -249.659302 6.791005 39.760532
v -249.582153 6.732563 39.652920
v -249.582153 6.957111 39.652920
v -249.670258 6.791005 39.662804
v -249.670258 6.957111 39.662804
v -250.011688 6.542373 39.800060
v -250.099808 6.600814 39.809944
v -250.022659 6.542373 39.702332
v -250.110779 6.600814 39.712215
v -250.011688 3.403592 39.800056
v -250.099808 3.403592 39.809940
v -250.022659 3.403592 39.702332
v -250.110779 3.403592 39.712215
v -248.715042 6.732562 47.383392
v -248.715042 6.957109 47.383392
v -248.803146 6.957109 47.393276
v -248.803146 6.791003 47.393276
v -248.725235 6.732562 47.292507
v -248.725235 6.957109 47.292507
v -248.813354 6.791003 47.302391
v -248.813354 6.957109 47.302391
v -249.155548 6.542371 47.432804
v -249.243668 6.600813 47.442688
v -249.165741 6.542371 47.341919
v -249.253860 6.600813 47.351803
v -249.155548 3.403588 47.432804
v -249.243668 3.403588 47.442688
v -249.165741 3.403588 47.341919
v -249.253860 3.403588 47.351803
v -249.446472 6.732561 48.428513
v -249.446472 6.957108 48.428513
v -249.456360 6.957108 48.340397
v -249.456360 6.791003 48.340397
v -249.359070 6.732561 48.418705
v -249.359070 6.957108 48.418705
v -249.368942 6.791003 48.330589
v -249.368942 6.957108 48.330589
v -249.495880 6.542371 47.988003
v -249.505768 6.600813 47.899887
v -249.408478 6.542371 47.978195
v -249.418365 6.600813 47.890079
v -249.495880 3.403588 47.988003
v -249.505768 3.403588 47.899887
v -249.408478 3.403588 47.978195
v -249.418365 3.403588 47.890079
v -257.420959 6.732562 49.322990
v -257.420959 6.957109 49.322990
v -257.430847 6.957109 49.234875
v -257.430847 6.791004 49.234875
v -257.331665 6.732562 49.312973
v -257.331665 6.957109 49.312973
v -257.341553 6.791004 49.224857
v -257.341553 6.957109 49.224857
v -257.470398 6.542372 48.882481
v -257.480255 6.600814 48.794365
v -257.381073 6.542372 48.872463
v -257.390961 6.600814 48.784348
v -257.470398 3.403589 48.882481
v -257.480255 3.403589 48.794365
v -257.381073 3.403589 48.872463
v -257.390961 3.403589 48.784348
v -246.507507 -0.557372 49.900883
v -246.507507 3.075708 49.900883
v -246.595627 3.075708 49.910767
v -246.595627 -0.557372 49.910767
v -246.518356 -0.557372 49.804222
v -246.518356 3.075708 49.804222
v -246.606476 -0.557372 49.814098
v -246.606476 3.075708 49.814106
v -259.164337 6.732564 40.727734
v -259.164337 6.957112 40.727734
v -259.076233 6.957112 40.717850
v -259.076233 6.791006 40.717850
v -259.154236 6.732564 40.817848
v -259.154236 6.957112 40.817848
v -259.066132 6.791006 40.807964
v -259.066132 6.957112 40.807964
v -258.723846 6.542374 40.678322
v -258.635712 6.600816 40.668438
v -258.713715 6.542374 40.768436
v -258.625610 6.600816 40.758553
v -258.723846 3.403591 40.678322
v -258.635712 3.403591 40.668438
v -258.713715 3.403591 40.768436
v -258.625610 3.403591 40.758553
v -258.307800 6.732562 48.364120
v -258.307800 6.957109 48.364120
v -258.219666 6.957109 48.354237
v -258.219666 6.791004 48.354237
v -258.296051 6.732562 48.468666
v -258.296051 6.957109 48.468666
v -258.207947 6.791004 48.458782
v -258.207947 6.957109 48.458782
v -257.867279 6.542372 48.314709
v -257.779175 6.600814 48.304825
v -257.855560 6.542372 48.419254
v -257.767426 6.600814 48.409370
v -257.867279 3.403589 48.314709
v -257.779175 3.403589 48.304825
v -257.855560 3.403589 48.419258
v -257.767426 3.403589 48.409374
v -246.746872 -0.557372 50.189766
v -246.746872 3.075708 50.189766
v -246.834976 3.075708 50.199650
v -246.834976 -0.557372 50.199650
v -246.757706 -0.557372 50.093098
v -246.757706 3.075708 50.093098
v -246.845825 -0.557372 50.102982
v -246.845825 3.075708 50.102982
v -259.551697 -0.557370 51.626053
v -259.551697 3.075710 51.626053
v -259.639801 3.075710 51.635937
v -259.639801 -0.557370 51.635937
v -259.562531 -0.557370 51.529385
v -259.562531 3.075710 51.529385
v -259.650665 -0.557370 51.539268
v -259.650665 3.075710 51.539268
v -259.824921 -0.557370 51.417362
v -259.824921 3.075710 51.417362
v -259.913055 3.075710 51.427246
v -259.913055 -0.557370 51.427246
v -259.835785 -0.557370 51.320694
v -259.835785 3.075710 51.320694
v -259.923889 -0.557370 51.330578
v -259.923889 3.075710 51.330578
v -261.012665 -0.557368 40.828327
v -261.012665 3.075712 40.828327
v -261.100800 3.075712 40.838211
v -261.100800 -0.557368 40.838211
v -261.023529 -0.557368 40.731659
v -261.023529 3.075712 40.731659
v -261.111633 -0.557368 40.741543
v -261.111633 3.075712 40.741543
v -247.342178 2.832580 38.367428
v -247.342178 3.057128 38.367428
v -247.332291 3.057128 38.455544
v -247.332291 2.891019 38.455544
v -247.427567 2.832580 38.377007
v -247.427567 3.057128 38.377007
v -247.417679 2.891019 38.465122
v -247.417679 3.057128 38.465122
v -247.278748 2.642389 38.932926
v -247.268860 2.700828 39.021038
v -247.364136 2.642389 38.942505
v -247.354248 2.700828 39.030617
v -247.278748 -0.278968 38.932926
v -247.268860 -0.278968 39.021038
v -247.364136 -0.278968 38.942505
v -247.354248 -0.278968 39.030617
vt 0.000000 0.000000
vt 0.000000 0.000000
vt 0.000000 0.000000
vt 0.000000 0.000000
vt 0.000000 0.000000
vt 0.000000 0.000000
vt 0.000000 0.000000
vt 0.000000 0.000000
vt 0.000000 0.000000
vt 0.000000 0.000000
vt 0.000000 0.000000
vt 0.000000 0.000000
vt 0.000000 0.000000
vt 0.000000 0.000000
vt 0.000000 0.000000
vt 0.000000 0.000000
vt 0.000000 0.000000
vt 0.000000 0.000000
vt 0.000000 0.000000
vt 0.000000 0.000000
vt 0.000000 0.000000
vt 0.000000 0.000000
vt 0.000000 0.000000
vt 0.000000 0.000000
vt 0.000000 0.000000
vt 0.000000 0.000000
vt 0.000000 0.000000
vt 0.000000 0.000000
vt 0.000000 0.000000
vt 0.000000 0.000000
vt 0.000000 0.000000
vt 0.000000 0.000000
vt 0.000000 0.000000
vt 0.000000 0.000000
vt 0.000000 0.000000
vt 0.000000 0.000000
vt 0.000000 0.000000
vt 0.000000 0.000000
vt 0.000000 0.000000
vt 0.000000 0.000000
vt 0.000000 0.000000
vt 0.000000 0.000000
vt 0.000000 0.000000
vt 0.000000 0.000000
vt 0.000000 0.000000
vt 0.000000 0.000000
vt 0.000000 0.000000
vt 0.000000 0.000000
vt 0.000000 0.000000
vt 0.000000 0.000000
vt 0.000000 0.000000
vt 0.000000 0.000000
vt 0.000000 0.000000
vt 0.000000 0.000000
vt 0.000000 0.000000
vt 0.000000 0.000000
vt 0.000000 0.000000
vt 0.000000 0.000000
vt 0.000000 0.000000
vt 0.000000 0.000000
vt 0.000000 0.000000
vt 0.000000 0.000000
vt 0.000000 0.000000
vt 0.000000 0.000000
vt 0.000000 0.000000
vt 0.000000 0.000000
vt 0.000000 0.000000
vt 0.000000 0.000000
vt 0.000000 0.000000
vt 0.000000 0.000000
vt 0.000000 0.000000
vt 0.000000 0.000000
vt 0.000000 0.000000
vt 0.000000 0.000000
vt 0.000000 0.000000
vt 0.000000 0.000000
vt 0.000000 0.000000
vt 0.000000 0.000000
vt 0.000000 0.000000
vt 0.000000 0.000000
vt 0.000000 0.000000
vt 0.000000 0.000000
vt 0.000000 0.000000
vt 0.000000 0.000000
vt 0.000000 0.000000
vt 0.000000 0.000000
vt 0.000000 0.000000
vt 0.000000 0.000000
vt 0.000000 0.000000
vt 0.000000 0.000000
vt 0.000000 0.000000
vt 0.000000 0.000000
vt 0.000000 0.000000
vt 0.000000 0.000000
vt 0.000000 0.000000
vt 0.000000 0.000000
vt 0.000000 0.000000
vt 0.000000 0.000000
vt 0.000000 0.000000
vt 0.000000 0.000000
vt 0.000000 0.000000
vt 0.000000 0.000000
vt 0.000000 0.000000
vt 0.000000 0.000000
vt 0.000000 0.000000
vt 0.000000 0.000000
vt 0.000000 0.000000
vt 0.000000 0.000000
vt 0.000000 0.000000
vt 0.000000 0.000000
vt 0.000000 0.000000
vt 0.000000 0.000000
vt 0.000000 0.000000
vt 0.000000 0.000000
vt 0.000000 0.000000
vt 0.000000 0.000000
vt 0.000000 0.000000
vt 0.000000 0.000000
vt 0.000000 0.000000
vt 0.000000 0.000000
vt 0.000000 0.000000
vt 0.000000 0.000000
vt 0.000000 0.000000
vt 0.000000 0.000000
vt 0.000000 0.000000
vt 0.000000 0.000000
vt 0.000000 0.000000
vt 0.000000 0.000000
vt 0.000000 0.000000
vt 0.000000 0.000000
vt 0.000000 0.000000
vt 0.000000 0.000000
vt 0.000000 0.000000
vt 0.000000 0.000000
vt 0.000000 0.000000
vt 0.000000 0.000000
vt 0.000000 0.000000
vt 0.000000 0.000000
vt 0.000000 0.000000
vt 0.000000 0.000000
vt 0.000000 0.000000
vt 0.000000 0.000000
vt 0.000000 0.000000
vt 0.000000 0.000000
vt 0.000000 0.000000
vt 0.000000 0.000000
vt 0.000000 0.000000
vt 0.000000 0.000000
vt 0.000000 0.000000
vt 0.000000 0.000000
vt 0.000000 0.000000
vt 0.000000 0.000000
vt 0.000000 0.000000
vt 0.000000 0.000000
vt 0.000000 0.000000
vt 0.000000 0.000000
vt 0.000000 0.000000
vt 0.000000 0.000000
vt 0.000000 0.000000
vt 0.000000 0.000000
vt 0.000000 0.000000
vt 0.000000 0.000000
vt 0.000000 0.000000
vt 0.000000 0.000000
vt 0.000000 0.000000
vt 0.000000 0.000000
vt 0.000000 0.000000
vt 0.000000 0.000000
vt 0.000000 0.000000
vt 0.000000 0.000000
vt 0.000000 0.000000
vt 0.000000 0.000000
vt 0.000000 0.000000
vt 0.000000 0.000000
vt 0.000000 0.000000
vt 0.000000 0.000000
vt 0.000000 0.000000
vt 0.000000 0.000000
vt 0.000000 0.000000
vt 0.000000 0.000000
vt 0.000000 0.000000
vt 0.000000 0.000000
vt 0.000000 0.000000
vt 0.000000 0.000000
vt 0.000000 0.000000
vt 0.000000 0.000000
vt 0.000000 0.000000
vt 0.000000 0.000000
vt 0.000000 0.000000
vt 0.000000 0.000000
vt 0.000000 0.000000
vt 0.000000 0.000000
vt 0.000000 0.000000
vt 0.000000 0.000000
vt 0.000000 0.000000
vt 0.000000 0.000000
vt 0.000000 0.000000
vt 0.000000 0.000000
vt 0.000000 0.000000
vt 0.000000 0.000000
vt 0.000000 0.000000
vt 0.000000 0.000000
vt 0.000000 0.000000
vt 0.000000 0.000000
vt 0.000000 0.000000
vt 0.000000 0.000000
vt 0.000000 0.000000
vt 0.000000 0.000000
vt 0.000000 0.000000
vt 0.000000 0.000000
vt 0.000000 0.000000
vt 0.000000 0.000000
vt 0.000000 0.000000
vt 0.000000 0.000000
vt 0.000000 0.000000
vt 0.000000 0.000000
vt 0.000000 0.000000
vt 0.000000 0.000000
vt 0.000000 0.000000
vt 0.000000 0.000000
vt 0.000000 0.000000
vt 0.000000 0.000000
vt 0.000000 0.000000
vt 0.000000 0.000000
vt 0.000000 0.000000
vt 0.000000 0.000000
vt 0.000000 0.000000
vt 0.000000 0.000000
vt 0.000000 0.000000
vt 0.000000 0.000000
vt 0.000000 0.000000
vt 0.000000 0.000000
vt 0.000000 0.000000
vt 0.000000 0.000000
vt 0.000000 0.000000
vt 0.000000 0.000000
vt 0.000000 0.000000
vt 0.000000 0.000000
vt 0.000000 0.000000
vt 0.000000 0.000000
vt 0.000000 0.000000
vt 0.000000 0.000000
vt 0.000000 0.000000
vt 0.000000 0.000000
vt 0.000000 0.000000
vt 0.000000 0.000000
vt 0.000000 0.000000
vt 0.000000 0.000000
vt 0.000000 0.000000
vt 0.000000 0.000000
vt 0.000000 0.000000
vt 0.000000 0.000000
vt 0.000000 0.000000
vt 0.000000 0.000000
vt 0.000000 0.000000
vt 0.000000 0.000000
vt 0.000000 0.000000
vt 0.000000 0.000000
vt 0.000000 0.000000
vt 0.000000 0.000000
vt 0.000000 0.000000
vt 0.000000 0.000000
vt 0.000000 0.000000
vt 0.000000 0.000000
vt 0.000000 0.000000
vt 0.000000 0.000000
vt 0.000000 0.000000
vt 0.000000 0.000000
vt 0.000000 0.000000
vt 0.000000 0.000000
vt 0.000000 0.000000
vt 0.000000 0.000000
vt 0.000000 0.000000
vt 0.000000 0.000000
vt 0.000000 0.000000
vt 0.000000 0.000000
vt 0.000000 0.000000
vt 0.000000 0.000000
vt 0.000000 0.000000
vt 0.000000 0.000000
vt 0.000000 0.000000
vt 0.000000 0.000000
vt 0.000000 0.000000
vt 0.000000 0.000000
vt 0.000000 0.000000
vt 0.000000 0.000000
vt 0.000000 0.000000
vt 0.000000 0.000000
vt 0.000000 0.000000
vt 0.000000 0.000000
vt 0.000000 0.000000
vt 0.000000 0.000000
vt 0.000000 0.000000
vt 0.000000 0.000000
vt 0.000000 0.000000
vt 0.000000 0.000000
vt 0.000000 0.000000
vt 0.000000 0.000000
vt 0.000000 0.000000
vt 0.000000 0.000000
vt 0.000000 0.000000
vt 0.000000 0.000000
vt 0.000000 0.000000
vt 0.000000 0.000000
vt 0.000000 0.000000
vt 0.000000 0.000000
vt 0.000000 0.000000
vt 0.000000 0.000000
vt 0.000000 0.000000
vt 0.000000 0.000000
vt 0.000000 0.000000
vt 0.000000 0.000000
vt 0.000000 0.000000
vt 0.000000 0.000000
vt 0.000000 0.000000
vt 0.000000 0.000000
vt 0.000000 0.000000
vt 0.000000 0.000000
vt 0.000000 0.000000
vt 0.000000 0.000000
vt 0.000000 0.000000
vt 0.000000 0.000000
vt 0.000000 0.000000
vt 0.000000 0.000000
vt 0.000000 0.000000
vt 0.000000 0.000000
vt 0.000000 0.000000
vt 0.000000 0.000000
vt 0.000000 0.000000
vt 0.000000 0.000000
vt 0.000000 0.000000
vt 0.000000 0.000000
vt 0.000000 0.000000
vt 0.000000 0.000000
vt 0.000000 0.000000
vt 0.000000 0.000000
vt 0.000000 0.000000
vt 0.000000 0.000000
vt 0.000000 0.000000
vt 0.000000 0.000000
vt 0.000000 0.000000
vt 0.000000 0.000000
vt 0.000000 0.000000
vt 0.000000 0.000000
vt 0.000000 0.000000
vt 0.000000 0.000000
vt 0.000000 0.000000
vt 0.000000 0.000000
vt 0.000000 0.000000
vt 0.000000 0.000000
vt 0.000000 0.000000
vt 0.000000 0.000000
vt 0.000000 0.000000
vt 0.000000 0.000000
vt 0.000000 0.000000
vt 0.000000 0.000000
vt 0.000000 0.000000
vt 0.000000 0.000000
vt 0.000000 0.000000
vt 0.000000 0.000000
vt 0.000000 0.000000
vt 0.000000 0.000000
vt 0.000000 0.000000
vt 0.000000 0.000000
vt 0.000000 0.000000
vt 0.000000 0.000000
vt 0.000000 0.000000
vt 0.000000 0.000000
vt 0.000000 0.000000
vt 0.000000 0.000000
vt 0.000000 0.000000
vt 0.000000 0.000000
vt 0.000000 0.000000
vt 0.000000 0.000000
vt 0.000000 0.000000
vt 0.000000 0.000000
vt 0.000000 0.000000
vt 0.000000 0.000000
vt 0.000000 0.000000
vt 0.000000 0.000000
vt 0.000000 0.000000
vt 0.000000 0.000000
vt 0.000000 0.000000
vt 0.000000 0.000000
vt 0.000000 0.000000
vt 0.000000 0.000000
vt 0.000000 0.000000
vt 0.000000 0.000000
vt 0.000000 0.000000
vt 0.000000 0.000000
vt 0.000000 0.000000
vt 0.000000 0.000000
vt 0.000000 0.000000
vt 0.000000 0.000000
vt 0.000000 0.000000
vt 0.000000 0.000000
vt 0.000000 0.000000
vt 0.000000 0.000000
vt 0.000000 0.000000
vt 0.000000 0.000000
vt 0.000000 0.000000
vt 0.000000 0.000000
vt 0.000000 0.000000
vt 0.000000 0.000000
vt 0.000000 0.000000
vt 0.000000 0.000000
vt 0.000000 0.000000
vt 0.000000 0.000000
vt 0.000000 0.000000
vt 0.000000 0.000000
vt 0.000000 0.000000
vt 0.000000 0.000000
vt 0.000000 0.000000
vt 0.000000 0.000000
vt 0.000000 0.000000
vt 0.000000 0.000000
vt 0.000000 0.000000
vt 0.000000 0.000000
vt 0.000000 0.000000
vt 0.000000 0.000000
vt 0.000000 0.000000
vt 0.000000 0.000000
vt 0.000000 0.000000
vt 0.000000 0.000000
vt 0.000000 0.000000
vt 0.000000 0.000000
vt 0.000000 0.000000
vt 0.000000 0.000000
vt 0.000000 0.000000
vt 0.000000 0.000000
vt 0.000000 0.000000
vt 0.000000 0.000000
vt 0.000000 0.000000
vt 0.000000 0.000000
vt 0.000000 0.000000
vt 0.000000 0.000000
vt 0.000000 0.000000
vt 0.000000 0.000000
vt 0.000000 0.000000
vt 0.000000 0.000000
vt 0.000000 0.000000
vt 0.000000 0.000000
vt 0.000000 0.000000
vt 0.000000 0.000000
vt 0.000000 0.000000
vt 0.000000 0.000000
vt 0.000000 0.000000
vt 0.000000 0.000000
vt 0.000000 0.000000
vt 0.000000 0.000000
vt 0.000000 0.000000
vt 0.000000 0.000000
vt 0.000000 0.000000
vt 0.000000 0.000000
vt 0.000000 0.000000
vt 0.000000 0.000000
vt 0.000000 0.000000
vt 0.000000 0.000000
vt 0.000000 0.000000
vt 0.000000 0.000000
vt 0.000000 0.000000
vt 0.000000 0.000000
vt 0.000000 0.000000
vt 0.000000 0.000000
vt 0.000000 0.000000
vt 0.000000 0.000000
vt 0.000000 0.000000
vt 0.000000 0.000000
vt 0.000000 0.000000
vt 0.000000 0.000000
vt 0.000000 0.000000
vt 0.000000 0.000000
vt 0.000000 0.000000
vt 0.000000 0.000000
vt 0.000000 0.000000
vt 0.000000 0.000000
vt 0.000000 0.000000
vt 0.000000 0.000000
vt 0.000000 0.000000
vt 0.000000 0.000000
vt 0.000000 0.000000
vt 0.000000 0.000000
vt 0.000000 0.000000
vt 0.000000 0.000000
vt 0.000000 0.000000
vt 0.000000 0.000000
vt 0.000000 0.000000
vt 0.000000 0.000000
vt 0.000000 0.000000
vt 0.000000 0.000000
vt 0.000000 0.000000
vt 0.000000 0.000000
vt 0.000000 0.000000
vt 0.000000 0.000000
vt 0.000000 0.000000
vt 0.000000 0.000000
vt 0.000000 0.000000
vt 0.000000 0.000000
vt 0.000000 0.000000
vt 0.000000 0.000000
vt 0.000000 0.000000
vt 0.000000 0.000000
vt 0.000000 0.000000
vt 0.000000 0.000000
vt 0.000000 0.000000
vt 0.000000 0.000000
vt 0.000000 0.000000
vt 0.000000 0.000000
vt 0.000000 0.000000
vt 0.000000 0.000000
vt 0.000000 0.000000
vt 0.000000 0.000000
vt 0.000000 0.000000
vt 0.000000 0.000000
vt 0.000000 0.000000
vt 0.000000 0.000000
vt 0.000000 0.000000
vt 0.000000 0.000000
vt 0.000000 0.000000
vt 0.000000 0.000000
vt 0.000000 0.000000
vt 0.000000 0.000000
vt 0.000000 0.000000
vt 0.000000 0.000000
vt 0.000000 0.000000
vt 0.000000 0.000000
vt 0.000000 0.000000
vt 0.000000 0.000000
vt 0.000000 0.000000
vt 0.000000 0.000000
vt 0.000000 0.000000
vt 0.000000 0.000000
vt 0.000000 0.000000
vt 0.000000 0.000000
vt 0.000000 0.000000
vt 0.000000 0.000000
vt 0.000000 0.000000
vt 0.000000 0.000000
vt 0.000000 0.000000
vt 0.000000 0.000000
vt 0.000000 0.000000
vt 0.000000 0.000000
vt 0.000000 0.000000
vt 0.000000 0.000000
vt 0.000000 0.000000
vt 0.000000 0.000000
vt 0.000000 0.000000
vt 0.000000 0.000000
vt 0.000000 0.000000
vt 0.000000 0.000000
vt 0.000000 0.000000
vt 0.000000 0.000000
vt 0.000000 0.000000
vt 0.000000 0.000000
vt 0.000000 0.000000
vt 0.000000 0.000000
vt 0.000000 0.000000
vt 0.000000 0.000000
vt 0.000000 0.000000
vt 0.000000 0.000000
vt 0.000000 0.000000
vt 0.000000 0.000000
vt 0.000000 0.000000
vt 0.000000 0.000000
vt 0.000000 0.000000
vt 0.000000 0.000000
vt 0.000000 0.000000
vt 0.000000 0.000000
vt 0.000000 0.000000
vt 0.000000 0.000000
vt 0.000000 0.000000
vt 0.000000 0.000000
vt 0.000000 0.000000
vt 0.000000 0.000000
vt 0.000000 0.000000
vt 0.000000 0.000000
vt 0.000000 0.000000
vt 0.000000 0.000000
vt 0.000000 0.000000
vt 0.000000 0.000000
vt 0.000000 0.000000
vt 0.000000 0.000000
vt 0.000000 0.000000
vt 0.000000 0.000000
vt 0.000000 0.000000
vt 0.000000 0.000000
vt 0.000000 0.000000
vt 0.000000 0.000000
vt 0.000000 0.000000
vt 0.000000 0.000000
vt 0.000000 0.000000
vt 0.000000 0.000000
vt 0.000000 0.000000
vt 0.000000 0.000000
vt 0.000000 0.000000
vt 0.000000 0.000000
vt 0.000000 0.000000
vt 0.000000 0.000000
vt 0.000000 0.000000
vt 0.000000 0.000000
vt 0.000000 0.000000
vt 0.000000 0.000000
vt 0.000000 0.000000
vt 0.000000 0.000000
vt 0.000000 0.000000
vt 0.000000 0.000000
vt 0.000000 0.000000
vt 0.000000 0.000000
vt 0.000000 0.000000
vt 0.000000 0.000000
vt 0.000000 0.000000
vt 0.000000 0.000000
vt 0.000000 0.000000
vt 0.000000 0.000000
vt 0.000000 0.000000
vt 0.000000 0.000000
vt 0.000000 0.000000
vt 0.000000 0.000000
vt 0.000000 0.000000
vt 0.000000 0.000000
vt 0.000000 0.000000
vt 0.000000 0.000000
vt 0.000000 0.000000
vt 0.000000 0.000000
vt 0.000000 0.000000
vt 0.000000 0.000000
vt 0.000000 0.000000
vt 0.000000 0.000000
vt 0.000000 0.000000
vt 0.000000 0.000000
vt 0.000000 0.000000
vt 0.000000 0.000000
vt 0.000000 0.000000
vt 0.000000 0.000000
vt 0.000000 0.000000
vt 0.000000 0.000000
vt 0.000000 0.000000
vt 0.000000 0.000000
vt 0.000000 0.000000
vt 0.000000 0.000000
vt 0.000000 0.000000
vt 0.000000 0.000000
vt 0.000000 0.000000
vt 0.000000 0.000000
vt 0.000000 0.000000
vt 0.000000 0.000000
vt 0.000000 0.000000
vt 0.000000 0.000000
vt 0.000000 0.000000
vt 0.000000 0.000000
vt 0.000000 0.000000
vt 0.000000 0.000000
vt 0.000000 0.000000
vt 0.000000 0.000000
vt 0.000000 0.000000
vt 0.000000 0.000000
vt 0.000000 0.000000
vt 0.000000 0.000000
vt 0.000000 0.000000
vt 0.000000 0.000000
vt 0.000000 0.000000
vt 0.000000 0.000000
vt 0.000000 0.000000
vt 0.000000 0.000000
vt 0.000000 0.000000
vt 0.000000 0.000000
vt 0.000000 0.000000
vt 0.000000 0.000000
vt 0.000000 0.000000
vt 0.000000 0.000000
vt 0.000000 0.000000
vt 0.000000 0.000000
vt 0.000000 0.000000
vt 0.000000 0.000000
vt 0.000000 0.000000
vt 0.000000 0.000000
vt 0.000000 0.000000
vt 0.000000 0.000000
vt 0.000000 0.000000
vt 0.000000 0.000000
vt 0.000000 0.000000
vt 0.000000 0.000000
vt 0.000000 0.000000
vt 0.000000 0.000000
vt 0.000000 0.000000
vt 0.000000 0.000000
vt 0.000000 0.000000
vt 0.000000 0.000000
vt 0.000000 0.000000
vt 0.000000 0.000000
vt 0.000000 0.000000
vt 0.000000 0.000000
vt 0.000000 0.000000
vt 0.000000 0.000000
vt 0.000000 0.000000
vt 0.000000 0.000000
vt 0.000000 0.000000
vt 0.000000 0.000000
vt 0.000000 0.000000
vt 0.000000 0.000000
vt 0.000000 0.000000
vt 0.000000 0.000000
vt 0.000000 0.000000
vt 0.000000 0.000000
vt 0.000000 0.000000
vt 0.000000 0.000000
vt 0.000000 0.000000
vt 0.000000 0.000000
vt 0.000000 0.000000
vt 0.000000 0.000000
vt 0.000000 0.000000
vt 0.000000 0.000000
vt 0.000000 0.000000
vt 0.000000 0.000000
vt 0.000000 0.000000
vt 0.000000 0.000000
vt 0.000000 0.000000
vt 0.000000 0.000000
vt 0.000000 0.000000
vt 0.000000 0.000000
vt 0.000000 0.000000
vt 0.000000 0.000000
vt 0.000000 0.000000
vt 0.000000 0.000000
vt 0.000000 0.000000
vt 0.000000 0.000000
vt 0.000000 0.000000
vt 0.000000 0.000000
vt 0.000000 0.000000
vt 0.000000 0.000000
vt 0.000000 0.000000
vt 0.000000 0.000000
vt 0.000000 0.000000
vt 0.000000 0.000000
vt 0.000000 0.000000
vt 0.000000 0.000000
vt 0.000000 0.000000
vt 0.000000 0.000000
vt 0.000000 0.000000
vt 0.000000 0.000000
vt 0.000000 0.000000
vt 0.000000 0.000000
vt 0.000000 0.000000
vt 0.000000 0.000000
vt 0.000000 0.000000
vt 0.000000 0.000000
vt 0.000000 0.000000
vt 0.000000 0.000000
vt 0.000000 0.000000
vt 0.000000 0.000000
vt 0.000000 0.000000
vt 0.000000 0.000000
vt 0.000000 0.000000
vt 0.000000 0.000000
vt 0.000000 0.000000
vt 0.000000 0.000000
vt 0.000000 0.000000
vt 0.000000 0.000000
vt 0.000000 0.000000
vt 0.000000 0.000000
vt 0.000000 0.000000
vt 0.000000 0.000000
vt 0.000000 0.000000
vt 0.000000 0.000000
vt 0.000000 0.000000
vt 0.000000 0.000000
vt 0.000000 0.000000
vt 0.000000 0.000000
vt 0.000000 0.000000
vt 0.000000 0.000000
vt 0.000000 0.000000
vt 0.000000 0.000000
vt 0.000000 0.000000
vt 0.000000 0.000000
vt 0.000000 0.000000
vt 0.000000 0.000000
vt 0.000000 0.000000
vt 0.000000 0.000000
vt 0.000000 0.000000
vt 0.000000 0.000000
vt 0.000000 0.000000
vt 0.000000 0.000000
vt 0.000000 0.000000
vt 0.000000 0.000000
vt 0.000000 0.000000
vt 0.000000 0.000000
vt 0.000000 0.000000
vt 0.000000 0.000000
vt 0.000000 0.000000
vt 0.000000 0.000000
vt 0.000000 0.000000
vt 0.000000 0.000000
vt 0.000000 0.000000
vt 0.000000 0.000000
vt 0.000000 0.000000
vt 0.000000 0.000000
vt 0.000000 0.000000
vt 0.000000 0.000000
vt 0.000000 0.000000
vt 0.000000 0.000000
vt 0.000000 0.000000
vt 0.000000 0.000000
vt 0.000000 0.000000
vt 0.000000 0.000000
vt 0.000000 0.000000
vt 0.000000 0.000000
vt 0.000000 0.000000
vt 0.000000 0.000000
vt 0.000000 0.000000
vt 0.000000 0.000000
vt 0.000000 0.000000
vt 0.000000 0.000000
vt 0.000000 0.000000
vt 0.000000 0.000000
vt 0.000000 0.000000
vt 0.000000 0.000000
vt 0.000000 0.000000
vt 0.000000 0.000000
vt 0.000000 0.000000
vt 0.000000 0.000000
vt 0.000000 0.000000
vt 0.000000 0.000000
vt 0.000000 0.000000
vt 0.000000 0.000000
vt 0.000000 0.000000
vt 0.000000 0.000000
vt 0.000000 0.000000
vt 0.000000 0.000000
vt 0.000000 0.000000
vt 0.000000 0.000000
vt 0.000000 0.000000
vt 0.000000 0.000000
vt 0.000000 0.000000
vt 0.000000 0.000000
vt 0.000000 0.000000
vt 0.000000 0.000000
vt 0.000000 0.000000
vt 0.000000 0.000000
vt 0.000000 0.000000
vt 0.000000 0.000000
vt 0.000000 0.000000
vt 0.000000 0.000000
vt 0.000000 0.000000
vt 0.000000 0.000000
vt 0.000000 0.000000
vt 0.000000 0.000000
vt 0.000000 0.000000
vt 0.000000 0.000000
vt 0.000000 0.000000
vt 0.000000 0.000000
vt 0.000000 0.000000
vt 0.000000 0.000000
vt 0.000000 0.000000
vt 0.000000 0.000000
vt 0.000000 0.000000
vt 0.000000 0.000000
vt 0.000000 0.000000
vt 0.000000 0.000000
vt 0.000000 0.000000
vt 0.000000 0.000000
vt 0.000000 0.000000
vt 0.000000 0.000000
vt 0.000000 0.000000
vt 0.000000 0.000000
vt 0.000000 0.000000
vt 0.000000 0.000000
vt 0.000000 0.000000
vt 0.000000 0.000000
vt 0.000000 0.000000
vt 0.000000 0.000000
vt 0.000000 0.000000
vt 0.000000 0.000000
vt 0.000000 0.000000
vt 0.000000 0.000000
vt 0.000000 0.000000
vt 0.000000 0.000000
vt 0.000000 0.000000
vt 0.000000 0.000000
vt 0.000000 0.000000
vt 0.000000 0.000000
vt 0.000000 0.000000
vt 0.000000 0.000000
vt 0.000000 0.000000
vt 0.000000 0.000000
vt 0.000000 0.000000
vt 0.000000 0.000000
vt 0.000000 0.000000
vt 0.000000 0.000000
vt 0.000000 0.000000
vt 0.000000 0.000000
vt 0.000000 0.000000
vt 0.000000 0.000000
vt 0.000000 0.000000
vt 0.000000 0.000000
vt 0.000000 0.000000
vt 0.000000 0.000000
vt 0.000000 0.000000
vt 0.000000 0.000000
vt 0.000000 0.000000
vt 0.000000 0.000000
vt 0.000000 0.000000
vt 0.000000 0.000000
vt 0.000000 0.000000
vt 0.000000 0.000000
vt 0.000000 0.000000
vt 0.000000 0.000000
vt 0.000000 0.000000
vt 0.000000 0.000000
vt 0.000000 0.000000
vt 0.000000 0.000000
vt 0.000000 0.000000
vt 0.000000 0.000000
vt 0.000000 0.000000
vt 0.000000 0.000000
vt 0.000000 0.000000
vt 0.000000 0.000000
vt 0.000000 0.000000
vt 0.000000 0.000000
vt 0.000000 0.000000
vt 0.000000 0.000000
vt 0.000000 0.000000
vt 0.000000 0.000000
vt 0.000000 0.000000
vt 0.000000 0.000000
vt 0.000000 0.000000
vt 0.000000 0.000000
vt 0.000000 0.000000
vt 0.000000 0.000000
vt 0.000000 0.000000
vt 0.000000 0.000000
vt 0.000000 0.000000
vt 0.000000 0.000000
vt 0.000000 0.000000
vt 0.000000 0.000000
vt 0.000000 0.000000
vt 0.000000 0.000000
vt 0.000000 0.000000
vt 0.000000 0.000000
vt 0.000000 0.000000
vt 0.000000 0.000000
vt 0.000000 0.000000
vt 0.000000 0.000000
vt 0.000000 0.000000
vt 0.000000 0.000000
vt 0.000000 0.000000
vt 0.000000 0.000000
vt 0.000000 0.000000
vt 0.000000 0.000000
vt 0.000000 0.000000
vt 0.000000 0.000000
vt 0.000000 0.000000
vt 0.000000 0.000000
vt 0.000000 0.000000
vt 0.000000 0.000000
vt 0.000000 0.000000
vt 0.000000 0.000000
vt 0.000000 0.000000
vt 0.000000 0.000000
vt 0.000000 0.000000
vt 0.000000 0.000000
vt 0.000000 0.000000
vt 0.000000 0.000000
vt 0.000000 0.000000
vt 0.000000 0.000000
vt 0.000000 0.000000
vt 0.000000 0.000000
vt 0.000000 0.000000
vt 0.000000 0.000000
vt 0.000000 0.000000
vt 0.000000 0.000000
vt 0.000000 0.000000
vt 0.000000 0.000000
vt 0.000000 0.000000
vt 0.000000 0.000000
vt 0.000000 0.000000
vt 0.000000 0.000000
vt 0.000000 0.000000
vt 0.000000 0.000000
vt 0.000000 0.000000
vt 0.000000 0.000000
vt 0.000000 0.000000
vt 0.000000 0.000000
vt 0.000000 0.000000
vt 0.000000 0.000000
vt 0.000000 0.000000
vt 0.000000 0.000000
vt 0.000000 0.000000
vt 0.000000 0.000000
vt 0.000000 0.000000
vt 0.000000 0.000000
vt 0.000000 0.000000
vt 0.000000 0.000000
vt 0.000000 0.000000
vt 0.000000 0.000000
vt 0.000000 0.000000
vt 0.000000 0.000000
vt 0.000000 0.000000
vt 0.000000 0.000000
vt 0.000000 0.000000
vt 0.000000 0.000000
vt 0.000000 0.000000
vt 0.000000 0.000000
vt 0.000000 0.000000
vt 0.000000 0.000000
vt 0.000000 0.000000
vt 0.000000 0.000000
vt 0.000000 0.000000
vt 0.000000 0.000000
vt 0.000000 0.000000
vt 0.000000 0.000000
vt 0.000000 0.000000
vt 0.000000 0.000000
vt 0.000000 0.000000
vt 0.000000 0.000000
vt 0.000000 0.000000
vt 0.000000 0.000000
vt 0.000000 0.000000
vt 0.000000 0.000000
vt 0.000000 0.000000
vt 0.000000 0.000000
vt 0.000000 0.000000
vt 0.000000 0.000000
vt 0.000000 0.000000
vt 0.000000 0.000000
vt 0.000000 0.000000
vt 0.000000 0.000000
vt 0.000000 0.000000
vt 0.000000 0.000000
vt 0.000000 0.000000
vt 0.000000 0.000000
vt 0.000000 0.000000
vt 0.000000 0.000000
vt 0.000000 0.000000
vt 0.000000 0.000000
vt 0.000000 0.000000
vt 0.000000 0.000000
vt 0.000000 0.000000
vt 0.000000 0.000000
vt 0.000000 0.000000
vt 0.000000 0.000000
vt 0.000000 0.000000
vt 0.000000 0.000000
vt 0.000000 0.000000
vt 0.000000 0.000000
vt 0.000000 0.000000
vt 0.000000 0.000000
vt 0.000000 0.000000
vt 0.000000 0.000000
vt 0.000000 0.000000
vt 0.000000 0.000000
vt 0.000000 0.000000
vt 0.000000 0.000000
vt 0.000000 0.000000
vt 0.000000 0.000000
vt 0.000000 0.000000
vt 0.000000 0.000000
vt 0.000000 0.000000
vt 0.000000 0.000000
vt 0.000000 0.000000
vt 0.000000 0.000000
vt 0.000000 0.000000
vt 0.000000 0.000000
vt 0.000000 0.000000
vt 0.000000 0.000000
vt 0.000000 0.000000
vt 0.000000 0.000000
vt 0.000000 0.000000
vt 0.000000 0.000000
vt 0.000000 0.000000
vt 0.000000 0.000000
vt 0.000000 0.000000
vt 0.000000 0.000000
vt 0.000000 0.000000
vt 0.000000 0.000000
vt 0.000000 0.000000
vt 0.000000 0.000000
vt 0.000000 0.000000
vt 0.000000 0.000000
vt 0.000000 0.000000
vt 0.000000 0.000000
vt 0.000000 0.000000
vt 0.000000 0.000000
vt 0.000000 0.000000
vt 0.000000 0.000000
vt 0.000000 0.000000
vt 0.000000 0.000000
vt 0.000000 0.000000
vt 0.000000 0.000000
vt 0.000000 0.000000
vt 0.000000 0.000000
vt 0.000000 0.000000
vt 0.000000 0.000000
vt 0.000000 0.000000
vt 0.000000 0.000000
vt 0.000000 0.000000
vt 0.000000 0.000000
vt 0.000000 0.000000
vt 0.000000 0.000000
vt 0.000000 0.000000
vt 0.000000 0.000000
vt 0.000000 0.000000
vt 0.000000 0.000000
vt 0.000000 0.000000
vt 0.000000 0.000000
vt 0.000000 0.000000
vt 0.000000 0.000000
vt 0.000000 0.000000
vt 0.000000 0.000000
vt 0.000000 0.000000
vt 0.000000 0.000000
vt 0.000000 0.000000
vt 0.000000 0.000000
vt 0.000000 0.000000
vt 0.000000 0.000000
vt 0.000000 0.000000
vt 0.000000 0.000000
vt 0.000000 0.000000
vt 0.000000 0.000000
vt 0.000000 0.000000
vt 0.000000 0.000000
vt 0.000000 0.000000
vt 0.000000 0.000000
vt 0.000000 0.000000
vt 0.000000 0.000000
vt 0.000000 0.000000
vt 0.000000 0.000000
vt 0.000000 0.000000
vt 0.000000 0.000000
vt 0.000000 0.000000
vt 0.000000 0.000000
vt 0.000000 0.000000
vt 0.000000 0.000000
vt 0.000000 0.000000
vt 0.000000 0.000000
vt 0.000000 0.000000
vt 0.000000 0.000000
vt 0.000000 0.000000
vt 0.000000 0.000000
vt 0.000000 0.000000
vt 0.000000 0.000000
vt 0.000000 0.000000
vt 0.000000 0.000000
vt 0.000000 0.000000
vt 0.000000 0.000000
vt 0.000000 0.000000
vt 0.000000 0.000000
vt 0.000000 0.000000
vt 0.000000 0.000000
vt 0.000000 0.000000
vt 0.000000 0.000000
vt 0.000000 0.000000
vt 0.000000 0.000000
vt 0.000000 0.000000
vt 0.000000 0.000000
vt 0.000000 0.000000
vt 0.000000 0.000000
vt 0.000000 0.000000
vt 0.000000 0.000000
vt 0.000000 0.000000
vt 0.000000 0.000000
vt 0.000000 0.000000
vt 0.000000 0.000000
vt 0.000000 0.000000
vt 0.000000 0.000000
vt 0.000000 0.000000
vt 0.000000 0.000000
vt 0.000000 0.000000
vt 0.000000 0.000000
vt 0.000000 0.000000
vt 0.000000 0.000000
vt 0.000000 0.000000
vt 0.000000 0.000000
vt 0.000000 0.000000
vt 0.000000 0.000000
vt 0.000000 0.000000
vt 0.000000 0.000000
vt 0.000000 0.000000
vt 0.000000 0.000000
vt 0.000000 0.000000
vt 0.000000 0.000000
vt 0.000000 0.000000
vt 0.000000 0.000000
vt 0.000000 0.000000
vt 0.000000 0.000000
vt 0.000000 0.000000
vt 0.000000 0.000000
vt 0.000000 0.000000
vt 0.000000 0.000000
vt 0.000000 0.000000
vt 0.000000 0.000000
vt 0.000000 0.000000
vt 0.000000 0.000000
vt 0.000000 0.000000
vt 0.000000 0.000000
vt 0.000000 0.000000
vt 0.000000 0.000000
vt 0.000000 0.000000
vt 0.000000 0.000000
vt 0.000000 0.000000
vt 0.000000 0.000000
vt 0.000000 0.000000
vt 0.000000 0.000000
vt 0.000000 0.000000
vt 0.000000 0.000000
vt 0.000000 0.000000
vt 0.000000 0.000000
vt 0.000000 0.000000
vt 0.000000 0.000000
vt 0.000000 0.000000
vt 0.000000 0.000000
vt 0.000000 0.000000
vt 0.000000 0.000000
vt 0.000000 0.000000
vt 0.000000 0.000000
vt 0.000000 0.000000
vt 0.000000 0.000000
vt 0.000000 0.000000
vt 0.000000 0.000000
vt 0.000000 0.000000
vt 0.000000 0.000000
vt 0.000000 0.000000
vt 0.000000 0.000000
vt 0.000000 0.000000
vt 0.000000 0.000000
vt 0.000000 0.000000
vt 0.000000 0.000000
vt 0.000000 0.000000
vt 0.000000 0.000000
vt 0.000000 0.000000
vt 0.000000 0.000000
vt 0.000000 0.000000
vt 0.000000 0.000000
vt 0.000000 0.000000
vt 0.000000 0.000000
vt 0.000000 0.000000
vt 0.000000 0.000000
vt 0.000000 0.000000
vt 0.000000 0.000000
vt 0.000000 0.000000
vt 0.000000 0.000000
vt 0.000000 0.000000
vt 0.000000 0.000000
vt 0.000000 0.000000
vt 0.000000 0.000000
vt 0.000000 0.000000
vt 0.000000 0.000000
vt 0.000000 0.000000
vt 0.000000 0.000000
vt 0.000000 0.000000
vt 0.000000 0.000000
vt 0.000000 0.000000
vt 0.000000 0.000000
vt 0.000000 0.000000
vt 0.000000 0.000000
vt 0.000000 0.000000
vt 0.000000 0.000000
vt 0.000000 0.000000
vt 0.000000 0.000000
vt 0.000000 0.000000
vt 0.000000 0.000000
vt 0.000000 0.000000
vt 0.000000 0.000000
vt 0.000000 0.000000
vt 0.000000 0.000000
vt 0.000000 0.000000
vt 0.000000 0.000000
vt 0.000000 0.000000
vt 0.000000 0.000000
vt 0.000000 0.000000
vt 0.000000 0.000000
vt 0.000000 0.000000
vt 0.000000 0.000000
vt 0.000000 0.000000
vt 0.000000 0.000000
vt 0.000000 0.000000
vt 0.000000 0.000000
vt 0.000000 0.000000
vt 0.000000 0.000000
vt 0.000000 0.000000
vt 0.000000 0.000000
vt 0.000000 0.000000
vt 0.000000 0.000000
vt 0.000000 0.000000
vt 0.000000 0.000000
vt 0.000000 0.000000
vt 0.000000 0.000000
vt 0.000000 0.000000
vt 0.000000 0.000000
vt 0.000000 0.000000
vt 0.000000 0.000000
vt 0.000000 0.000000
vt 0.000000 0.000000
vt 0.000000 0.000000
vt 0.000000 0.000000
vt 0.000000 0.000000
vt 0.000000 0.000000
vt 0.000000 0.000000
vt 0.000000 0.000000
vt 0.000000 0.000000
vt 0.000000 0.000000
vt 0.000000 0.000000
vt 0.000000 0.000000
vt 0.000000 0.000000
vt 0.000000 0.000000
vt 0.000000 0.000000
vt 0.000000 0.000000
vt 0.000000 0.000000
vt 0.000000 0.000000
vt 0.000000 0.000000
vt 0.000000 0.000000
vt 0.000000 0.000000
vt 0.000000 0.000000
vt 0.000000 0.000000
vt 0.000000 0.000000
vt 0.000000 0.000000
vt 0.000000 0.000000
vt 0.000000 0.000000
vt 0.000000 0.000000
vt 0.000000 0.000000
vt 0.000000 0.000000
vt 0.000000 0.000000
vt 0.000000 0.000000
vt 0.000000 0.000000
vt 0.000000 0.000000
vt 0.000000 0.000000
vt 0.000000 0.000000
vt 0.000000 0.000000
vt 0.000000 0.000000
vt 0.000000 0.000000
vt 0.000000 0.000000
vt 0.000000 0.000000
vt 0.000000 0.000000
vt 0.000000 0.000000
vt 0.000000 0.000000
vt 0.000000 0.000000
vt 0.000000 0.000000
vt 0.000000 0.000000
vt 0.000000 0.000000
vt 0.000000 0.000000
vt 0.000000 0.000000
vt 0.000000 0.000000
vt 0.000000 0.000000
vt 0.000000 0.000000
vt 0.000000 0.000000
vt 0.000000 0.000000
vt 0.000000 0.000000
vt 0.000000 0.000000
vt 0.000000 0.000000
vt 0.000000 0.000000
vt 0.000000 0.000000
vt 0.000000 0.000000
vt 0.000000 0.000000
vt 0.000000 0.000000
vt 0.000000 0.000000
vt 0.000000 0.000000
vt 0.000000 0.000000
vt 0.000000 0.000000
vt 0.000000 0.000000
vt 0.000000 0.000000
vt 0.000000 0.000000
vt 0.000000 0.000000
vt 0.000000 0.000000
vt 0.000000 0.000000
vt 0.000000 0.000000
vt 0.000000 0.000000
vt 0.000000 0.000000
vt 0.000000 0.000000
vt 0.000000 0.000000
vt 0.000000 0.000000
vt 0.000000 0.000000
vt 0.000000 0.000000
vt 0.000000 0.000000
vt 0.000000 0.000000
vt 0.000000 0.000000
vt 0.000000 0.000000
vt 0.000000 0.000000
vt 0.000000 0.000000
vt 0.000000 0.000000
vt 0.000000 0.000000
vt 0.000000 0.000000
vt 0.000000 0.000000
vt 0.000000 0.000000
vt 0.000000 0.000000
vt 0.000000 0.000000
vt 0.000000 0.000000
vt 0.000000 0.000000
vt 0.000000 0.000000
vt 0.000000 0.000000
vt 0.000000 0.000000
vt 0.000000 0.000000
vt 0.000000 0.000000
vt 0.000000 0.000000
vt 0.000000 0.000000
vt 0.000000 0.000000
vt 0.000000 0.000000
vt 0.000000 0.000000
vt 0.000000 0.000000
vt 0.000000 0.000000
vt 0.000000 0.000000
vt 0.000000 0.000000
vt 0.000000 0.000000
vt 0.000000 0.000000
vt 0.000000 0.000000
vt 0.000000 0.000000
vt 0.000000 0.000000
vt 0.000000 0.000000
vt 0.000000 0.000000
vt 0.000000 0.000000
vt 0.000000 0.000000
vt 0.000000 0.000000
vt 0.000000 0.000000
vt 0.000000 0.000000
vt 0.000000 0.000000
vt 0.000000 0.000000
vt 0.000000 0.000000
vt 0.000000 0.000000
vt 0.000000 0.000000
vt 0.000000 0.000000
vt 0.000000 0.000000
vt 0.000000 0.000000
vt 0.000000 0.000000
vt 0.000000 0.000000
vt 0.000000 0.000000
vt 0.000000 0.000000
vt 0.000000 0.000000
vt 0.000000 0.000000
vt 0.000000 0.000000
vt 0.000000 0.000000
vt 0.000000 0.000000
vt 0.000000 0.000000
vt 0.000000 0.000000
vt 0.000000 0.000000
vt 0.000000 0.000000
vt 0.000000 0.000000
vt 0.000000 0.000000
vt 0.000000 0.000000
vt 0.000000 0.000000
vt 0.000000 0.000000
vt 0.000000 0.000000
vt 0.000000 0.000000
vt 0.000000 0.000000
vt 0.000000 0.000000
vt 0.000000 0.000000
vt 0.000000 0.000000
vt 0.000000 0.000000
vt 0.000000 0.000000
vt 0.000000 0.000000
vt 0.000000 0.000000
vt 0.000000 0.000000
vt 0.000000 0.000000
vt 0.000000 0.000000
vt 0.000000 0.000000
vt 0.000000 0.000000
vt 0.000000 0.000000
vt 0.000000 0.000000
vt 0.000000 0.000000
vt 0.000000 0.000000
vt 0.000000 0.000000
vt 0.000000 0.000000
vt 0.000000 0.000000
vt 0.000000 0.000000
vt 0.000000 0.000000
vt 0.000000 0.000000
vt 0.000000 0.000000
vt 0.000000 0.000000
vt 0.000000 0.000000
vt 0.000000 0.000000
vt 0.000000 0.000000
vt 0.000000 0.000000
vt 0.000000 0.000000
vt 0.000000 0.000000
vt 0.000000 0.000000
vt 0.000000 0.000000
vt 0.000000 0.000000
vt 0.000000 0.000000
vt 0.000000 0.000000
vt 0.000000 0.000000
vt 0.000000 0.000000
vt 0.000000 0.000000
vt 0.000000 0.000000
vt 0.000000 0.000000
vt 0.000000 0.000000
vt 0.000000 0.000000
vt 0.000000 0.000000
vt 0.000000 0.000000
vt 0.000000 0.000000
vt 0.000000 0.000000
vt 0.000000 0.000000
vt 0.000000 0.000000
vt 0.000000 0.000000
vt 0.000000 0.000000
vt 0.000000 0.000000
vt 0.000000 0.000000
vt 0.000000 0.000000
vt 0.000000 0.000000
vt 0.000000 0.000000
vt 0.000000 0.000000
vt 0.000000 0.000000
vt 0.000000 0.000000
vt 0.000000 0.000000
vt 0.000000 0.000000
vt 0.000000 0.000000
vt 0.000000 0.000000
vt 0.000000 0.000000
vt 0.000000 0.000000
vt 0.000000 0.000000
vt 0.000000 0.000000
vt 0.000000 0.000000
vt 0.000000 0.000000
vt 0.000000 0.000000
vt 0.000000 0.000000
vt 0.000000 0.000000
vt 0.000000 0.000000
vt 0.000000 0.000000
vt 0.000000 0.000000
vt 0.000000 0.000000
vt 0.000000 0.000000
vt 0.000000 0.000000
vt 0.000000 0.000000
vt 0.000000 0.000000
vt 0.000000 0.000000
vt 0.000000 0.000000
vt 0.000000 0.000000
vt 0.000000 0.000000
vt 0.000000 0.000000
vt 0.000000 0.000000
vt 0.000000 0.000000
vt 0.000000 0.000000
vt 0.000000 0.000000
vt 0.000000 0.000000
vt 0.000000 0.000000
vt 0.000000 0.000000
vt 0.000000 0.000000
vt 0.000000 0.000000
vt 0.000000 0.000000
vt 0.000000 0.000000
vt 0.000000 0.000000
vt 0.000000 0.000000
vt 0.000000 0.000000
vt 0.000000 0.000000
vt 0.000000 0.000000
vt 0.000000 0.000000
vt 0.000000 0.000000
vt 0.000000 0.000000
vt 0.000000 0.000000
vt 0.000000 0.000000
vt 0.000000 0.000000
vt 0.000000 0.000000
vt 0.000000 0.000000
vt 0.000000 0.000000
vt 0.000000 0.000000
vt 0.000000 0.000000
vt 0.000000 0.000000
vt 0.000000 0.000000
vt 0.000000 0.000000
vt 0.000000 0.000000
vt 0.000000 0.000000
vt 0.000000 0.000000
vt 0.000000 0.000000
vt 0.000000 0.000000
vt 0.000000 0.000000
vt 0.000000 0.000000
vt 0.000000 0.000000
vt 0.000000 0.000000
vt 0.000000 0.000000
vt 0.000000 0.000000
vt 0.000000 0.000000
vt 0.000000 0.000000
vt 0.000000 0.000000
vt 0.000000 0.000000
vt 0.000000 0.000000
vt 0.000000 0.000000
vt 0.000000 0.000000
vt 0.000000 0.000000
vt 0.000000 0.000000
vt 0.000000 0.000000
vt 0.000000 0.000000
vt 0.000000 0.000000
vt 0.000000 0.000000
vt 0.000000 0.000000
vt 0.000000 0.000000
vt 0.000000 0.000000
vt 0.000000 0.000000
vt 0.000000 0.000000
vt 0.000000 0.000000
vt 0.000000 0.000000
vt 0.000000 0.000000
vt 0.000000 0.000000
vt 0.000000 0.000000
vt 0.000000 0.000000
vt 0.000000 0.000000
vt 0.000000 0.000000
vt 0.000000 0.000000
vt 0.000000 0.000000
vt 0.000000 0.000000
vt 0.000000 0.000000
vt 0.000000 0.000000
vt 0.000000 0.000000
vt 0.000000 0.000000
vt 0.000000 0.000000
vt 0.000000 0.000000
vt 0.000000 0.000000
vt 0.000000 0.000000
vt 0.000000 0.000000
vt 0.000000 0.000000
vt 0.000000 0.000000
vt 0.000000 0.000000
vt 0.000000 0.000000
vt 0.000000 0.000000
vt 0.000000 0.000000
vt 0.000000 0.000000
vt 0.000000 0.000000
vt 0.000000 0.000000
vt 0.000000 0.000000
vt 0.000000 0.000000
vt 0.000000 0.000000
vt 0.000000 0.000000
vt 0.000000 0.000000
vt 0.000000 0.000000
vt 0.000000 0.000000
vt 0.000000 0.000000
vt 0.000000 0.000000
vt 0.000000 0.000000
vt 0.000000 0.000000
vt 0.000000 0.000000
vt 0.000000 0.000000
vt 0.000000 0.000000
vt 0.000000 0.000000
vt 0.000000 0.000000
vt 0.000000 0.000000
vt 0.000000 0.000000
vt 0.000000 0.000000
vt 0.000000 0.000000
vt 0.000000 0.000000
vt 0.000000 0.000000
vt 0.000000 0.000000
vt 0.000000 0.000000
vt 0.000000 0.000000
vt 0.000000 0.000000
vt 0.000000 0.000000
vt 0.000000 0.000000
vt 0.000000 0.000000
vt 0.000000 0.000000
vt 0.000000 0.000000
vt 0.000000 0.000000
vt 0.000000 0.000000
vt 0.000000 0.000000
vt 0.000000 0.000000
vt 0.000000 0.000000
vt 0.000000 0.000000
vt 0.000000 0.000000
vt 0.000000 0.000000
vt 0.000000 0.000000
vt 0.000000 0.000000
vt 0.000000 0.000000
vt 0.000000 0.000000
vt 0.000000 0.000000
vt 0.000000 0.000000
vt 0.000000 0.000000
vt 0.000000 0.000000
vt 0.000000 0.000000
vt 0.000000 0.000000
vt 0.000000 0.000000
vt 0.000000 0.000000
vt 0.000000 0.000000
vt 0.000000 0.000000
vt 0.000000 0.000000
vt 0.000000 0.000000
vt 0.000000 0.000000
vt 0.000000 0.000000
vt 0.000000 0.000000
vt 0.000000 0.000000
vt 0.000000 0.000000
vt 0.000000 0.000000
vt 0.000000 0.000000
vt 0.000000 0.000000
vt 0.000000 0.000000
vt 0.000000 0.000000
vt 0.000000 0.000000
vt 0.000000 0.000000
vt 0.000000 0.000000
vt 0.000000 0.000000
vt 0.000000 0.000000
vt 0.000000 0.000000
vt 0.000000 0.000000
vt 0.000000 0.000000
vt 0.000000 0.000000
vt 0.000000 0.000000
vt 0.000000 0.000000
vt 0.000000 0.000000
vt 0.000000 0.000000
vt 0.000000 0.000000
vt 0.000000 0.000000
vt 0.000000 0.000000
vt 0.000000 0.000000
vt 0.000000 0.000000
vt 0.000000 0.000000
vt 0.000000 0.000000
vt 0.000000 0.000000
vt 0.000000 0.000000
vt 0.000000 0.000000
vt 0.000000 0.000000
vt 0.000000 0.000000
vt 0.000000 0.000000
vt 0.000000 0.000000
vt 0.000000 0.000000
vt 0.000000 0.000000
vt 0.000000 0.000000
vt 0.000000 0.000000
vt 0.000000 0.000000
vt 0.000000 0.000000
vt 0.000000 0.000000
vt 0.000000 0.000000
vt 0.000000 0.000000
vt 0.000000 0.000000
vt 0.000000 0.000000
vt 0.000000 0.000000
vt 0.000000 0.000000
vt 0.000000 0.000000
vt 0.000000 0.000000
vt 0.000000 0.000000
vt 0.000000 0.000000
vt 0.000000 0.000000
vt 0.000000 0.000000
vt 0.000000 0.000000
vt 0.000000 0.000000
vt 0.000000 0.000000
vt 0.000000 0.000000
vt 0.000000 0.000000
vt 0.000000 0.000000
vt 0.000000 0.000000
vt 0.000000 0.000000
vt 0.000000 0.000000
vt 0.000000 0.000000
vt 0.000000 0.000000
vt 0.000000 0.000000
vt 0.000000 0.000000
vt 0.000000 0.000000
vt 0.000000 0.000000
vt 0.000000 0.000000
vt 0.000000 0.000000
vt 0.000000 0.000000
vt 0.000000 0.000000
vt 0.000000 0.000000
vt 0.000000 0.000000
vt 0.000000 0.000000
vt 0.000000 0.000000
vt 0.000000 0.000000
vt 0.000000 0.000000
vt 0.000000 0.000000
vt 0.000000 0.000000
vt 0.000000 0.000000
vt 0.000000 0.000000
vt 0.000000 0.000000
vt 0.000000 0.000000
vt 0.000000 0.000000
vt 0.000000 0.000000
vt 0.000000 0.000000
vt 0.000000 0.000000
vt 0.000000 0.000000
vt 0.000000 0.000000
vt 0.000000 0.000000
vt 0.000000 0.000000
vt 0.000000 0.000000
vt 0.000000 0.000000
vt 0.000000 0.000000
vt 0.000000 0.000000
vt 0.000000 0.000000
vt 0.000000 0.000000
vt 0.000000 0.000000
vt 0.000000 0.000000
vt 0.000000 0.000000
vt 0.000000 0.000000
vt 0.000000 0.000000
vt 0.000000 0.000000
vt 0.000000 0.000000
vt 0.000000 0.000000
vt 0.000000 0.000000
vt 0.000000 0.000000
vt 0.000000 0.000000
vt 0.000000 0.000000
vt 0.000000 0.000000
vt 0.000000 0.000000
vt 0.000000 0.000000
vt 0.000000 0.000000
vt 0.000000 0.000000
vt 0.000000 0.000000
vt 0.000000 0.000000
vt 0.000000 0.000000
vt 0.000000 0.000000
vt 0.000000 0.000000
vt 0.000000 0.000000
vt 0.000000 0.000000
vt 0.000000 0.000000
vt 0.000000 0.000000
vt 0.000000 0.000000
vt 0.000000 0.000000
vt 0.000000 0.000000
vt 0.000000 0.000000
vt 0.000000 0.000000
vt 0.000000 0.000000
vt 0.000000 0.000000
vt 0.000000 0.000000
vt 0.000000 0.000000
vt 0.000000 0.000000
vt 0.000000 0.000000
vt 0.000000 0.000000
vt 0.000000 0.000000
vt 0.000000 0.000000
vt 0.000000 0.000000
vt 0.000000 0.000000
vt 0.000000 0.000000
vt 0.000000 0.000000
vt 0.000000 0.000000
vt 0.000000 0.000000
vt 0.000000 0.000000
vt 0.000000 0.000000
vt 0.000000 0.000000
vt 0.000000 0.000000
vt 0.000000 0.000000
vt 0.000000 0.000000
vt 0.000000 0.000000
vt 0.000000 0.000000
vt 0.000000 0.000000
vt 0.000000 0.000000
vt 0.000000 0.000000
vt 0.000000 0.000000
vt 0.000000 0.000000
vt 0.000000 0.000000
vt 0.000000 0.000000
vt 0.000000 0.000000
vt 0.000000 0.000000
vt 0.000000 0.000000
vt 0.000000 0.000000
vt 0.000000 0.000000
vt 0.000000 0.000000
vt 0.000000 0.000000
vt 0.000000 0.000000
vt 0.000000 0.000000
vt 0.000000 0.000000
vt 0.000000 0.000000
vt 0.000000 0.000000
vt 0.000000 0.000000
vt 0.000000 0.000000
vt 0.000000 0.000000
vt 0.000000 0.000000
vt 0.000000 0.000000
vt 0.000000 0.000000
vt 0.000000 0.000000
vt 0.000000 0.000000
vt 0.000000 0.000000
vt 0.000000 0.000000
vt 0.000000 0.000000
vt 0.000000 0.000000
vt 0.000000 0.000000
vt 0.000000 0.000000
vt 0.000000 0.000000
vt 0.000000 0.000000
vt 0.000000 0.000000
vt 0.000000 0.000000
vt 0.000000 0.000000
vt 0.000000 0.000000
vt 0.000000 0.000000
vt 0.000000 0.000000
vt 0.000000 0.000000
vt 0.000000 0.000000
vt 0.000000 0.000000
vt 0.000000 0.000000
vt 0.000000 0.000000
vt 0.000000 0.000000
vt 0.000000 0.000000
vt 0.000000 0.000000
vt 0.000000 0.000000
vt 0.000000 0.000000
vt 0.000000 0.000000
vt 0.000000 0.000000
vt 0.000000 0.000000
vt 0.000000 0.000000
vt 0.000000 0.000000
vt 0.000000 0.000000
vt 0.000000 0.000000
vt 0.000000 0.000000
vt 0.000000 0.000000
vt 0.000000 0.000000
vt 0.000000 0.000000
vt 0.000000 0.000000
vt 0.000000 0.000000
vt 0.000000 0.000000
vt 0.000000 0.000000
vt 0.000000 0.000000
vt 0.000000 0.000000
vt 0.000000 0.000000
vt 0.000000 0.000000
vt 0.000000 0.000000
vt 0.000000 0.000000
vt 0.000000 0.000000
vt 0.000000 0.000000
vt 0.000000 0.000000
vt 0.000000 0.000000
vt 0.000000 0.000000
vt 0.000000 0.000000
vt 0.000000 0.000000
vt 0.000000 0.000000
vt 0.000000 0.000000
vt 0.000000 0.000000
vt 0.000000 0.000000
vt 0.000000 0.000000
vt 0.000000 0.000000
vt 0.000000 0.000000
vt 0.000000 0.000000
vt 0.000000 0.000000
vt 0.000000 0.000000
vt 0.000000 0.000000
vt 0.000000 0.000000
vt 0.000000 0.000000
vt 0.000000 0.000000
vt 0.000000 0.000000
vt 0.000000 0.000000
vt 0.000000 0.000000
vt 0.000000 0.000000
vt 0.000000 0.000000
vt 0.000000 0.000000
vt 0.000000 0.000000
vt 0.000000 0.000000
vt 0.000000 0.000000
vt 0.000000 0.000000
vt 0.000000 0.000000
vt 0.000000 0.000000
vt 0.000000 0.000000
vt 0.000000 0.000000
vt 0.000000 0.000000
vt 0.000000 0.000000
vt 0.000000 0.000000
vt 0.000000 0.000000
vt 0.000000 0.000000
vt 0.000000 0.000000
vt 0.000000 0.000000
vt 0.000000 0.000000
vt 0.000000 0.000000
vt 0.000000 0.000000
vt 0.000000 0.000000
vt 0.000000 0.000000
vt 0.000000 0.000000
vt 0.000000 0.000000
vt 0.000000 0.000000
vt 0.000000 0.000000
vt 0.000000 0.000000
vt 0.000000 0.000000
vt 0.000000 0.000000
vt 0.000000 0.000000
vt 0.000000 0.000000
vt 0.000000 0.000000
vt 0.000000 0.000000
vt 0.000000 0.000000
vt 0.000000 0.000000
vt 0.000000 0.000000
vt 0.000000 0.000000
vt 0.000000 0.000000
vt 0.000000 0.000000
vt 0.000000 0.000000
vt 0.000000 0.000000
vt 0.000000 0.000000
vt 0.000000 0.000000
vt 0.000000 0.000000
vt 0.000000 0.000000
vt 0.000000 0.000000
vt 0.000000 0.000000
vt 0.000000 0.000000
vt 0.000000 0.000000
vt 0.000000 0.000000
vt 0.000000 0.000000
vt 0.000000 0.000000
vt 0.000000 0.000000
vt 0.000000 0.000000
vt 0.000000 0.000000
vt 0.000000 0.000000
vt 0.000000 0.000000
vt 0.000000 0.000000
vt 0.000000 0.000000
vt 0.000000 0.000000
vt 0.000000 0.000000
vt 0.000000 0.000000
vt 0.000000 0.000000
vt 0.000000 0.000000
vt 0.000000 0.000000
vt 0.000000 0.000000
vt 0.000000 0.000000
vt 0.000000 0.000000
vt 0.000000 0.000000
vt 0.000000 0.000000
vt 0.000000 0.000000
vt 0.000000 0.000000
vt 0.000000 0.000000
vt 0.000000 0.000000
vt 0.000000 0.000000
vt 0.000000 0.000000
vt 0.000000 0.000000
vt 0.000000 0.000000
vt 0.000000 0.000000
vt 0.000000 0.000000
vt 0.000000 0.000000
vt 0.000000 0.000000
vt 0.000000 0.000000
vt 0.000000 0.000000
vt 0.000000 0.000000
vt 0.000000 0.000000
vt 0.000000 0.000000
vt 0.000000 0.000000
vt 0.000000 0.000000
vt 0.000000 0.000000
vt 0.000000 0.000000
vt 0.000000 0.000000
vt 0.000000 0.000000
vt 0.000000 0.000000
vt 0.000000 0.000000
vt 0.000000 0.000000
vt 0.000000 0.000000
vt 0.000000 0.000000
vt 0.000000 0.000000
vt 0.000000 0.000000
vt 0.000000 0.000000
vt 0.000000 0.000000
vt 0.000000 0.000000
vt 0.000000 0.000000
vt 0.000000 0.000000
vt 0.000000 0.000000
vt 0.000000 0.000000
vt 0.000000 0.000000
vt 0.000000 0.000000
vt 0.000000 0.000000
vt 0.000000 0.000000
vt 0.000000 0.000000
vt 0.000000 0.000000
vt 0.000000 0.000000
vt 0.000000 0.000000
vt 0.000000 0.000000
vt 0.000000 0.000000
vt 0.000000 0.000000
vt 0.000000 0.000000
vt 0.000000 0.000000
vt 0.000000 0.000000
vt 0.000000 0.000000
vt 0.000000 0.000000
vt 0.000000 0.000000
vt 0.000000 0.000000
vt 0.000000 0.000000
vt 0.000000 0.000000
vt 0.000000 0.000000
vt 0.000000 0.000000
vt 0.000000 0.000000
vt 0.000000 0.000000
vt 0.000000 0.000000
vt 0.000000 0.000000
vt 0.000000 0.000000
vt 0.000000 0.000000
vt 0.000000 0.000000
vt 0.000000 0.000000
vt 0.000000 0.000000
vt 0.000000 0.000000
vt 0.000000 0.000000
vt 0.000000 0.000000
vt 0.000000 0.000000
vt 0.000000 0.000000
vt 0.000000 0.000000
vt 0.000000 0.000000
vt 0.000000 0.000000
vt 0.000000 0.000000
vt 0.000000 0.000000
vt 0.000000 0.000000
vt 0.000000 0.000000
vt 0.000000 0.000000
vt 0.000000 0.000000
vt 0.000000 0.000000
vt 0.000000 0.000000
vt 0.000000 0.000000
vt 0.000000 0.000000
vt 0.000000 0.000000
vt 0.000000 0.000000
vt 0.000000 0.000000
vt 0.000000 0.000000
vt 0.000000 0.000000
vt 0.000000 0.000000
vt 0.000000 0.000000
vt 0.000000 0.000000
vt 0.000000 0.000000
vt 0.000000 0.000000
vt 0.000000 0.000000
vt 0.000000 0.000000
vt 0.000000 0.000000
vt 0.000000 0.000000
vt 0.000000 0.000000
vt 0.000000 0.000000
vt 0.000000 0.000000
vt 0.000000 0.000000
vt 0.000000 0.000000
vt 0.000000 0.000000
vt 0.000000 0.000000
vt 0.000000 0.000000
vt 0.000000 0.000000
vt 0.000000 0.000000
vt 0.000000 0.000000
vt 0.000000 0.000000
vt 0.000000 0.000000
vt 0.000000 0.000000
vt 0.000000 0.000000
vt 0.000000 0.000000
vt 0.000000 0.000000
vt 0.000000 0.000000
vt 0.000000 0.000000
vt 0.000000 0.000000
vt 0.000000 0.000000
vt 0.000000 0.000000
vt 0.000000 0.000000
vt 0.000000 0.000000
vt 0.000000 0.000000
vt 0.000000 0.000000
vt 0.000000 0.000000
vt 0.000000 0.000000
vt 0.000000 0.000000
vt 0.000000 0.000000
vt 0.000000 0.000000
vt 0.000000 0.000000
vt 0.000000 0.000000
vt 0.000000 0.000000
vt 0.000000 0.000000
vt 0.000000 0.000000
vt 0.000000 0.000000
vt 0.000000 0.000000
vt 0.000000 0.000000
vt 0.000000 0.000000
vt 0.000000 0.000000
vt 0.000000 0.000000
vt 0.000000 0.000000
vt 0.000000 0.000000
vt 0.000000 0.000000
vt 0.000000 0.000000
vt 0.000000 0.000000
vt 0.000000 0.000000
vt 0.000000 0.000000
vt 0.000000 0.000000
vt 0.000000 0.000000
vt 0.000000 0.000000
vt 0.000000 0.000000
vt 0.000000 0.000000
vt 0.000000 0.000000
vt 0.000000 0.000000
vt 0.000000 0.000000
vt 0.000000 0.000000
vt 0.000000 0.000000
vt 0.000000 0.000000
vt 0.000000 0.000000
vt 0.000000 0.000000
vt 0.000000 0.000000
vt 0.000000 0.000000
vt 0.000000 0.000000
vt 0.000000 0.000000
vt 0.000000 0.000000
vt 0.000000 0.000000
vt 0.000000 0.000000
vt 0.000000 0.000000
vt 0.000000 0.000000
vt 0.000000 0.000000
vt 0.000000 0.000000
vt 0.000000 0.000000
vt 0.000000 0.000000
vt 0.000000 0.000000
vt 0.000000 0.000000
vt 0.000000 0.000000
vt 0.000000 0.000000
vt 0.000000 0.000000
vt 0.000000 0.000000
vt 0.000000 0.000000
vt 0.000000 0.000000
vt 0.000000 0.000000
vt 0.000000 0.000000
vt 0.000000 0.000000
vt 0.000000 0.000000
vt 0.000000 0.000000
vt 0.000000 0.000000
vt 0.000000 0.000000
vt 0.000000 0.000000
vt 0.000000 0.000000
vt 0.000000 0.000000
vt 0.000000 0.000000
vt 0.000000 0.000000
vt 0.000000 0.000000
vt 0.000000 0.000000
vt 0.000000 0.000000
vt 0.000000 0.000000
vt 0.000000 0.000000
vt 0.000000 0.000000
vt 0.000000 0.000000
vt 0.000000 0.000000
vt 0.000000 0.000000
vt 0.000000 0.000000
vt 0.000000 0.000000
vt 0.000000 0.000000
vt 0.000000 0.000000
vt 0.000000 0.000000
vt 0.000000 0.000000
vt 0.000000 0.000000
vt 0.000000 0.000000
vt 0.000000 0.000000
vt 0.000000 0.000000
vt 0.000000 0.000000
vt 0.000000 0.000000
vt 0.000000 0.000000
vt 0.000000 0.000000
vt 0.000000 0.000000
vt 0.000000 0.000000
vt 0.000000 0.000000
vt 0.000000 0.000000
vt 0.000000 0.000000
vt 0.000000 0.000000
vt 0.000000 0.000000
vt 0.000000 0.000000
vt 0.000000 0.000000
vt 0.000000 0.000000
vt 0.000000 0.000000
vt 0.000000 0.000000
vt 0.000000 0.000000
vt 0.000000 0.000000
vt 0.000000 0.000000
vt 0.000000 0.000000
vt 0.000000 0.000000
vt 0.000000 0.000000
vt 0.000000 0.000000
vt 0.000000 0.000000
vt 0.000000 0.000000
vt 0.000000 0.000000
vt 0.000000 0.000000
vt 0.000000 0.000000
vt 0.000000 0.000000
vt 0.000000 0.000000
vt 0.000000 0.000000
vt 0.000000 0.000000
vt 0.000000 0.000000
vt 0.000000 0.000000
vt 0.000000 0.000000
vt 0.000000 0.000000
vt 0.000000 0.000000
vt 0.000000 0.000000
vt 0.000000 0.000000
vt 0.000000 0.000000
vt 0.000000 0.000000
vt 0.000000 0.000000
vt 0.000000 0.000000
vt 0.000000 0.000000
vt 0.000000 0.000000
vt 0.000000 0.000000
vt 0.000000 0.000000
vt 0.000000 0.000000
vt 0.000000 0.000000
vt 0.000000 0.000000
vt 0.000000 0.000000
vt 0.000000 0.000000
vt 0.000000 0.000000
vt 0.000000 0.000000
vt 0.000000 0.000000
vt 0.000000 0.000000
vt 0.000000 0.000000
vt 0.000000 0.000000
vt 0.000000 0.000000
vt 0.000000 0.000000
vt 0.000000 0.000000
vt 0.000000 0.000000
vt 0.000000 0.000000
vt 0.000000 0.000000
vt 0.000000 0.000000
vt 0.000000 0.000000
vt 0.000000 0.000000
vt 0.000000 0.000000
vt 0.000000 0.000000
vt 0.000000 0.000000
vt 0.000000 0.000000
vt 0.000000 0.000000
vt 0.000000 0.000000
vt 0.000000 0.000000
vt 0.000000 0.000000
vt 0.000000 0.000000
vt 0.000000 0.000000
vt 0.000000 0.000000
vt 0.000000 0.000000
vt 0.000000 0.000000
vt 0.000000 0.000000
vt 0.000000 0.000000
vt 0.000000 0.000000
vt 0.000000 0.000000
vt 0.000000 0.000000
vt 0.000000 0.000000
vt 0.000000 0.000000
vt 0.000000 0.000000
vt 0.000000 0.000000
vt 0.000000 0.000000
vt 0.000000 0.000000
vt 0.000000 0.000000
vt 0.000000 0.000000
vt 0.000000 0.000000
vt 0.000000 0.000000
vt 0.000000 0.000000
vt 0.000000 0.000000
vt 0.000000 0.000000
vt 0.000000 0.000000
vt 0.000000 0.000000
vt 0.000000 0.000000
vt 0.000000 0.000000
vt 0.000000 0.000000
vt 0.000000 0.000000
vt 0.000000 0.000000
vt 0.000000 0.000000
vt 0.000000 0.000000
vt 0.000000 0.000000
vt 0.000000 0.000000
vt 0.000000 0.000000
vt 0.000000 0.000000
vt 0.000000 0.000000
vt 0.000000 0.000000
vt 0.000000 0.000000
vt 0.000000 0.000000
vt 0.000000 0.000000
vt 0.000000 0.000000
vt 0.000000 0.000000
vt 0.000000 0.000000
vt 0.000000 0.000000
vt 0.000000 0.000000
vt 0.000000 0.000000
vt 0.000000 0.000000
vt 0.000000 0.000000
vt 0.000000 0.000000
vt 0.000000 0.000000
vt 0.000000 0.000000
vt 0.000000 0.000000
vt 0.000000 0.000000
vt 0.000000 0.000000
vt 0.000000 0.000000
vt 0.000000 0.000000
vt 0.000000 0.000000
vt 0.000000 0.000000
vt 0.000000 0.000000
vt 0.000000 0.000000
vt 0.000000 0.000000
vt 0.000000 0.000000
vt 0.000000 0.000000
vt 0.000000 0.000000
vt 0.000000 0.000000
vt 0.000000 0.000000
vt 0.000000 0.000000
vt 0.000000 0.000000
vt 0.000000 0.000000
vt 0.000000 0.000000
vt 0.000000 0.000000
vt 0.000000 0.000000
vt 0.000000 0.000000
vt 0.000000 0.000000
vt 0.000000 0.000000
vt 0.000000 0.000000
vt 0.000000 0.000000
vt 0.000000 0.000000
vt 0.000000 0.000000
vt 0.000000 0.000000
vt 0.000000 0.000000
vt 0.000000 0.000000
vt 0.000000 0.000000
vt 0.000000 0.000000
vt 0.000000 0.000000
vt 0.000000 0.000000
vt 0.000000 0.000000
vt 0.000000 0.000000
vt 0.000000 0.000000
vt 0.000000 0.000000
vt 0.000000 0.000000
vt 0.000000 0.000000
vt 0.000000 0.000000
vt 0.000000 0.000000
vt 0.000000 0.000000
vt 0.000000 0.000000
vt 0.000000 0.000000
vt 0.000000 0.000000
vt 0.000000 0.000000
vt 0.000000 0.000000
vt 0.000000 0.000000
vt 0.000000 0.000000
vt 0.000000 0.000000
vt 0.000000 0.000000
vt 0.000000 0.000000
vt 0.000000 0.000000
vt 0.000000 0.000000
vt 0.000000 0.000000
vt 0.000000 0.000000
vt 0.000000 0.000000
vt 0.000000 0.000000
vt 0.000000 0.000000
vt 0.000000 0.000000
vt 0.000000 0.000000
vt 0.000000 0.000000
vt 0.000000 0.000000
vt 0.000000 0.000000
vt 0.000000 0.000000
vt 0.000000 0.000000
vt 0.000000 0.000000
vt 0.000000 0.000000
vt 0.000000 0.000000
vt 0.000000 0.000000
vt 0.000000 0.000000
vt 0.000000 0.000000
vt 0.000000 0.000000
vt 0.000000 0.000000
vt 0.000000 0.000000
vt 0.000000 0.000000
vt 0.000000 0.000000
vt 0.000000 0.000000
vt 0.000000 0.000000
vt 0.000000 0.000000
vt 0.000000 0.000000
vt 0.000000 0.000000
vt 0.000000 0.000000
vt 0.000000 0.000000
vt 0.000000 0.000000
vt 0.000000 0.000000
vt 0.000000 0.000000
vt 0.000000 0.000000
vt 0.000000 0.000000
vt 0.000000 0.000000
vt 0.000000 0.000000
vt 0.000000 0.000000
vt 0.000000 0.000000
vt 0.000000 0.000000
vt 0.000000 0.000000
vt 0.000000 0.000000
vt 0.000000 0.000000
vt 0.000000 0.000000
vt 0.000000 0.000000
vt 0.000000 0.000000
vt 0.000000 0.000000
vt 0.000000 0.000000
vt 0.000000 0.000000
vt 0.000000 0.000000
vt 0.000000 0.000000
vt 0.000000 0.000000
vt 0.000000 0.000000
vt 0.000000 0.000000
vt 0.000000 0.000000
vt 0.000000 0.000000
vt 0.000000 0.000000
vt 0.000000 0.000000
vt 0.000000 0.000000
vt 0.000000 0.000000
vt 0.000000 0.000000
vt 0.000000 0.000000
vt 0.000000 0.000000
vt 0.000000 0.000000
vt 0.000000 0.000000
vt 0.000000 0.000000
vt 0.000000 0.000000
vt 0.000000 0.000000
vt 0.000000 0.000000
vt 0.000000 0.000000
vt 0.000000 0.000000
vt 0.000000 0.000000
vt 0.000000 0.000000
vt 0.000000 0.000000
vt 0.000000 0.000000
vt 0.000000 0.000000
vt 0.000000 0.000000
vt 0.000000 0.000000
vt 0.000000 0.000000
vt 0.000000 0.000000
vt 0.000000 0.000000
vt 0.000000 0.000000
vt 0.000000 0.000000
vt 0.000000 0.000000
vt 0.000000 0.000000
vt 0.000000 0.000000
vt 0.000000 0.000000
vt 0.000000 0.000000
vt 0.000000 0.000000
vt 0.000000 0.000000
vt 0.000000 0.000000
vt 0.000000 0.000000
vt 0.000000 0.000000
vt 0.000000 0.000000
vt 0.000000 0.000000
vt 0.000000 0.000000
vt 0.000000 0.000000
vt 0.000000 0.000000
vt 0.000000 0.000000
vt 0.000000 0.000000
vt 0.000000 0.000000
vt 0.000000 0.000000
vt 0.000000 0.000000
vt 0.000000 0.000000
vt 0.000000 0.000000
vt 0.000000 0.000000
vt 0.000000 0.000000
vt 0.000000 0.000000
vt 0.000000 0.000000
vt 0.000000 0.000000
vt 0.000000 0.000000
vt 0.000000 0.000000
vt 0.000000 0.000000
vt 0.000000 0.000000
vt 0.000000 0.000000
vt 0.000000 0.000000
vt 0.000000 0.000000
vt 0.000000 0.000000
vt 0.000000 0.000000
vt 0.000000 0.000000
vt 0.000000 0.000000
vt 0.000000 0.000000
vt 0.000000 0.000000
vt 0.000000 0.000000
vt 0.000000 0.000000
vt 0.000000 0.000000
vt 0.000000 0.000000
vt 0.000000 0.000000
vt 0.000000 0.000000
vt 0.000000 0.000000
vt 0.000000 0.000000
vt 0.000000 0.000000
vt 0.000000 0.000000
vt 0.000000 0.000000
vt 0.000000 0.000000
vt 0.000000 0.000000
vt 0.000000 0.000000
vt 0.000000 0.000000
vt 0.000000 0.000000
vt 0.000000 0.000000
vt 0.000000 0.000000
vt 0.000000 0.000000
vt 0.000000 0.000000
vt 0.000000 0.000000
vt 0.000000 0.000000
vt 0.000000 0.000000
vt 0.000000 0.000000
vt 0.000000 0.000000
vt 0.000000 0.000000
vt 0.000000 0.000000
vt 0.000000 0.000000
vt 0.000000 0.000000
vt 0.000000 0.000000
vt 0.000000 0.000000
vt 0.000000 0.000000
vt 0.000000 0.000000
vt 0.000000 0.000000
vt 0.000000 0.000000
vt 0.000000 0.000000
vt 0.000000 0.000000
vt 0.000000 0.000000
vt 0.000000 0.000000
vt 0.000000 0.000000
vt 0.000000 0.000000
vt 0.000000 0.000000
vt 0.000000 0.000000
vt 0.000000 0.000000
vt 0.000000 0.000000
vt 0.000000 0.000000
vt 0.000000 0.000000
vt 0.000000 0.000000
vt 0.000000 0.000000
vt 0.000000 0.000000
vt 0.000000 0.000000
vt 0.000000 0.000000
vt 0.000000 0.000000
vt 0.000000 0.000000
vt 0.000000 0.000000
vt 0.000000 0.000000
vt 0.000000 0.000000
vt 0.000000 0.000000
vt 0.000000 0.000000
vt 0.000000 0.000000
vt 0.000000 0.000000
vt 0.000000 0.000000
vt 0.000000 0.000000
vt 0.000000 0.000000
vt 0.000000 0.000000
vt 0.000000 0.000000
vt 0.000000 0.000000
vt 0.000000 0.000000
vt 0.000000 0.000000
vt 0.000000 0.000000
vt 0.000000 0.000000
vt 0.000000 0.000000
vt 0.000000 0.000000
vt 0.000000 0.000000
vt 0.000000 0.000000
vt 0.000000 0.000000
vt 0.000000 0.000000
vt 0.000000 0.000000
vt 0.000000 0.000000
vt 0.000000 0.000000
vt 0.000000 0.000000
vt 0.000000 0.000000
vt 0.000000 0.000000
vt 0.000000 0.000000
vt 0.000000 0.000000
vt 0.000000 0.000000
vt 0.000000 0.000000
vt 0.000000 0.000000
vt 0.000000 0.000000
vt 0.000000 0.000000
vt 0.000000 0.000000
vt 0.000000 0.000000
vt 0.000000 0.000000
vt 0.000000 0.000000
vt 0.000000 0.000000
vt 0.000000 0.000000
vt 0.000000 0.000000
vt 0.000000 0.000000
vt 0.000000 0.000000
vt 0.000000 0.000000
vt 0.000000 0.000000
vt 0.000000 0.000000
vt 0.000000 0.000000
vt 0.000000 0.000000
vt 0.000000 0.000000
vt 0.000000 0.000000
vt 0.000000 0.000000
vt 0.000000 0.000000
vt 0.000000 0.000000
vt 0.000000 0.000000
vt 0.000000 0.000000
vt 0.000000 0.000000
vt 0.000000 0.000000
vt 0.000000 0.000000
vt 0.000000 0.000000
vt 0.000000 0.000000
vt 0.000000 0.000000
vt 0.000000 0.000000
vt 0.000000 0.000000
vt 0.000000 0.000000
vt 0.000000 0.000000
vt 0.000000 0.000000
vt 0.000000 0.000000
vt 0.000000 0.000000
vt 0.000000 0.000000
vt 0.000000 0.000000
vt 0.000000 0.000000
vt 0.000000 0.000000
vt 0.000000 0.000000
vt 0.000000 0.000000
vt 0.000000 0.000000
vt 0.000000 0.000000
vt 0.000000 0.000000
vt 0.000000 0.000000
vt 0.000000 0.000000
vt 0.000000 0.000000
vt 0.000000 0.000000
vt 0.000000 0.000000
vt 0.000000 0.000000
vt 0.000000 0.000000
vt 0.000000 0.000000
vt 0.000000 0.000000
vt 0.000000 0.000000
vt 0.000000 0.000000
vt 0.000000 0.000000
vt 0.000000 0.000000
vt 0.000000 0.000000
vt 0.000000 0.000000
vt 0.000000 0.000000
vt 0.000000 0.000000
vt 0.000000 0.000000
vt 0.000000 0.000000
vt 0.000000 0.000000
vt 0.000000 0.000000
vt 0.000000 0.000000
vt 0.000000 0.000000
vt 0.000000 0.000000
vt 0.000000 0.000000
vt 0.000000 0.000000
vt 0.000000 0.000000
vt 0.000000 0.000000
vt 0.000000 0.000000
vt 0.000000 0.000000
vt 0.000000 0.000000
vt 0.000000 0.000000
vt 0.000000 0.000000
vt 0.000000 0.000000
vt 0.000000 0.000000
vt 0.000000 0.000000
vt 0.000000 0.000000
vt 0.000000 0.000000
vt 0.000000 0.000000
vt 0.000000 0.000000
vt 0.000000 0.000000
vt 0.000000 0.000000
vt 0.000000 0.000000
vt 0.000000 0.000000
vt 0.000000 0.000000
vt 0.000000 0.000000
vt 0.000000 0.000000
vt 0.000000 0.000000
vt 0.000000 0.000000
vt 0.000000 0.000000
vt 0.000000 0.000000
vt 0.000000 0.000000
vt 0.000000 0.000000
vt 0.000000 0.000000
vt 0.000000 0.000000
vt 0.000000 0.000000
vt 0.000000 0.000000
vt 0.000000 0.000000
vt 0.000000 0.000000
vt 0.000000 0.000000
vt 0.000000 0.000000
vt 0.000000 0.000000
vt 0.000000 0.000000
vt 0.000000 0.000000
vt 0.000000 0.000000
vt 0.000000 0.000000
vt 0.000000 0.000000
vt 0.000000 0.000000
vt 0.000000 0.000000
vt 0.000000 0.000000
vt 0.000000 0.000000
vt 0.000000 0.000000
vt 0.000000 0.000000
vt 0.000000 0.000000
vt 0.000000 0.000000
vt 0.000000 0.000000
vt 0.000000 0.000000
vt 0.000000 0.000000
vt 0.000000 0.000000
vt 0.000000 0.000000
vt 0.000000 0.000000
vt 0.000000 0.000000
vt 0.000000 0.000000
vt 0.000000 0.000000
vt 0.000000 0.000000
vt 0.000000 0.000000
vt 0.000000 0.000000
vt 0.000000 0.000000
vt 0.000000 0.000000
vt 0.000000 0.000000
vt 0.000000 0.000000
vt 0.000000 0.000000
vt 0.000000 0.000000
vt 0.000000 0.000000
vt 0.000000 0.000000
vt 0.000000 0.000000
vt 0.000000 0.000000
vt 0.000000 0.000000
vt 0.000000 0.000000
vt 0.000000 0.000000
vt 0.000000 0.000000
vt 0.000000 0.000000
vt 0.000000 0.000000
vt 0.000000 0.000000
vt 0.000000 0.000000
vt 0.000000 0.000000
vt 0.000000 0.000000
vt 0.000000 0.000000
vt 0.000000 0.000000
vt 0.000000 0.000000
vt 0.000000 0.000000
vt 0.000000 0.000000
vt 0.000000 0.000000
vt 0.000000 0.000000
vt 0.000000 0.000000
vt 0.000000 0.000000
vt 0.000000 0.000000
vt 0.000000 0.000000
vt 0.000000 0.000000
vt 0.000000 0.000000
vt 0.000000 0.000000
vt 0.000000 0.000000
vt 0.000000 0.000000
vt 0.000000 0.000000
vt 0.000000 0.000000
vt 0.000000 0.000000
vt 0.000000 0.000000
vt 0.000000 0.000000
vt 0.000000 0.000000
vt 0.000000 0.000000
vt 0.000000 0.000000
vt 0.000000 0.000000
vt 0.000000 0.000000
vt 0.000000 0.000000
vt 0.000000 0.000000
vt 0.000000 0.000000
vt 0.000000 0.000000
vt 0.000000 0.000000
vt 0.000000 0.000000
vt 0.000000 0.000000
vt 0.000000 0.000000
vt 0.000000 0.000000
vt 0.000000 0.000000
vt 0.000000 0.000000
vt 0.000000 0.000000
vt 0.000000 0.000000
vt 0.000000 0.000000
vt 0.000000 0.000000
vt 0.000000 0.000000
vt 0.000000 0.000000
vt 0.000000 0.000000
vt 0.000000 0.000000
vt 0.000000 0.000000
vt 0.000000 0.000000
vt 0.000000 0.000000
vt 0.000000 0.000000
vt 0.000000 0.000000
vt 0.000000 0.000000
vt 0.000000 0.000000
vt 0.000000 0.000000
vt 0.000000 0.000000
vt 0.000000 0.000000
vt 0.000000 0.000000
vt 0.000000 0.000000
vt 0.000000 0.000000
vt 0.000000 0.000000
vt 0.000000 0.000000
vt 0.000000 0.000000
vt 0.000000 0.000000
vt 0.000000 0.000000
vt 0.000000 0.000000
vt 0.000000 0.000000
vt 0.000000 0.000000
vt 0.000000 0.000000
vt 0.000000 0.000000
vt 0.000000 0.000000
vt 0.000000 0.000000
vt 0.000000 0.000000
vt 0.000000 0.000000
vt 0.000000 0.000000
vt 0.000000 0.000000
vt 0.000000 0.000000
vt 0.000000 0.000000
vt 0.000000 0.000000
vt 0.000000 0.000000
vt 0.000000 0.000000
vt 0.000000 0.000000
vt 0.000000 0.000000
vt 0.000000 0.000000
vt 0.000000 0.000000
vt 0.000000 0.000000
vt 0.000000 0.000000
vt 0.000000 0.000000
vt 0.000000 0.000000
vt 0.000000 0.000000
vt 0.000000 0.000000
vt 0.000000 0.000000
vt 0.000000 0.000000
vt 0.000000 0.000000
vt 0.000000 0.000000
vt 0.000000 0.000000
vt 0.000000 0.000000
vt 0.000000 0.000000
vt 0.000000 0.000000
vt 0.000000 0.000000
vt 0.000000 0.000000
vt 0.000000 0.000000
vt 0.000000 0.000000
vt 0.000000 0.000000
vt 0.000000 0.000000
vt 0.000000 0.000000
vt 0.000000 0.000000
vt 0.000000 0.000000
vt 0.000000 0.000000
vt 0.000000 0.000000
vt 0.000000 0.000000
vt 0.000000 0.000000
vt 0.000000 0.000000
vt 0.000000 0.000000
vt 0.000000 0.000000
vt 0.000000 0.000000
vt 0.000000 0.000000
vt 0.000000 0.000000
vt 0.000000 0.000000
vt 0.000000 0.000000
vt 0.000000 0.000000
vt 0.000000 0.000000
vt 0.000000 0.000000
vt 0.000000 0.000000
vt 0.000000 0.000000
vt 0.000000 0.000000
vt 0.000000 0.000000
vt 0.000000 0.000000
vt 0.000000 0.000000
vt 0.000000 0.000000
vt 0.000000 0.000000
vt 0.000000 0.000000
vt 0.000000 0.000000
vt 0.000000 0.000000
vt 0.000000 0.000000
vt 0.000000 0.000000
vt 0.000000 0.000000
vt 0.000000 0.000000
vt 0.000000 0.000000
vt 0.000000 0.000000
vt 0.000000 0.000000
vt 0.000000 0.000000
vt 0.000000 0.000000
vt 0.000000 0.000000
vt 0.000000 0.000000
vt 0.000000 0.000000
vt 0.000000 0.000000
vt 0.000000 0.000000
vt 0.000000 0.000000
vt 0.000000 0.000000
vt 0.000000 0.000000
vt 0.000000 0.000000
vt 0.000000 0.000000
vt 0.000000 0.000000
vt 0.000000 0.000000
vt 0.000000 0.000000
vt 0.000000 0.000000
vt 0.000000 0.000000
vt 0.000000 0.000000
vt 0.000000 0.000000
vt 0.000000 0.000000
vt 0.000000 0.000000
vt 0.000000 0.000000
vt 0.000000 0.000000
vt 0.000000 0.000000
vt 0.000000 0.000000
vt 0.000000 0.000000
vt 0.000000 0.000000
vt 0.000000 0.000000
vt 0.000000 0.000000
vt 0.000000 0.000000
vt 0.000000 0.000000
vt 0.000000 0.000000
vt 0.000000 0.000000
vt 0.000000 0.000000
vt 0.000000 0.000000
vt 0.000000 0.000000
vt 0.000000 0.000000
vt 0.000000 0.000000
vt 0.000000 0.000000
vt 0.000000 0.000000
vt 0.000000 0.000000
vt 0.000000 0.000000
vt 0.000000 0.000000
vt 0.000000 0.000000
vt 0.000000 0.000000
vt 0.000000 0.000000
vt 0.000000 0.000000
vt 0.000000 0.000000
vt 0.000000 0.000000
vt 0.000000 0.000000
vt 0.000000 0.000000
vt 0.000000 0.000000
vt 0.000000 0.000000
vt 0.000000 0.000000
vt 0.000000 0.000000
vt 0.000000 0.000000
vt 0.000000 0.000000
vt 0.000000 0.000000
vt 0.000000 0.000000
vt 0.000000 0.000000
vt 0.000000 0.000000
vt 0.000000 0.000000
vt 0.000000 0.000000
vt 0.000000 0.000000
vt 0.000000 0.000000
vt 0.000000 0.000000
vt 0.000000 0.000000
vt 0.000000 0.000000
vt 0.000000 0.000000
vt 0.000000 0.000000
vt 0.000000 0.000000
vt 0.000000 0.000000
vt 0.000000 0.000000
vt 0.000000 0.000000
vt 0.000000 0.000000
vt 0.000000 0.000000
vt 0.000000 0.000000
vt 0.000000 0.000000
vt 0.000000 0.000000
vt 0.000000 0.000000
vt 0.000000 0.000000
vt 0.000000 0.000000
vt 0.000000 0.000000
vt 0.000000 0.000000
vt 0.000000 0.000000
vt 0.000000 0.000000
vt 0.000000 0.000000
vt 0.000000 0.000000
vt 0.000000 0.000000
vt 0.000000 0.000000
vt 0.000000 0.000000
vt 0.000000 0.000000
vt 0.000000 0.000000
vt 0.000000 0.000000
vt 0.000000 0.000000
vt 0.000000 0.000000
vt 0.000000 0.000000
vt 0.000000 0.000000
vt 0.000000 0.000000
vt 0.000000 0.000000
vt 0.000000 0.000000
vt 0.000000 0.000000
vt 0.000000 0.000000
vt 0.000000 0.000000
vt 0.000000 0.000000
vt 0.000000 0.000000
vt 0.000000 0.000000
vt 0.000000 0.000000
vt 0.000000 0.000000
vt 0.000000 0.000000
vt 0.000000 0.000000
vt 0.000000 0.000000
vt 0.000000 0.000000
vt 0.000000 0.000000
vt 0.000000 0.000000
vt 0.000000 0.000000
vt 0.000000 0.000000
vt 0.000000 0.000000
vt 0.000000 0.000000
vt 0.000000 0.000000
vt 0.000000 0.000000
vt 0.000000 0.000000
vt 0.000000 0.000000
vt 0.000000 0.000000
vt 0.000000 0.000000
vt 0.000000 0.000000
vt 0.000000 0.000000
vt 0.000000 0.000000
vt 0.000000 0.000000
vt 0.000000 0.000000
vt 0.000000 0.000000
vt 0.000000 0.000000
vt 0.000000 0.000000
vt 0.000000 0.000000
vt 0.000000 0.000000
vt 0.000000 0.000000
vt 0.000000 0.000000
vt 0.000000 0.000000
vt 0.000000 0.000000
vt 0.000000 0.000000
vt 0.000000 0.000000
vt 0.000000 0.000000
vt 0.000000 0.000000
vt 0.000000 0.000000
vt 0.000000 0.000000
vt 0.000000 0.000000
vt 0.000000 0.000000
vt 0.000000 0.000000
vt 0.000000 0.000000
vt 0.000000 0.000000
vt 0.000000 0.000000
vt 0.000000 0.000000
vt 0.000000 0.000000
vt 0.000000 0.000000
vt 0.000000 0.000000
vt 0.000000 0.000000
vt 0.000000 0.000000
vt 0.000000 0.000000
vt 0.000000 0.000000
vt 0.000000 0.000000
vt 0.000000 0.000000
vt 0.000000 0.000000
vt 0.000000 0.000000
vt 0.000000 0.000000
vt 0.000000 0.000000
vt 0.000000 0.000000
vt 0.000000 0.000000
vt 0.000000 0.000000
vt 0.000000 0.000000
vt 0.000000 0.000000
vt 0.000000 0.000000
vt 0.000000 0.000000
vt 0.000000 0.000000
vt 0.000000 0.000000
vt 0.000000 0.000000
vt 0.000000 0.000000
vt 0.000000 0.000000
vt 0.000000 0.000000
vt 0.000000 0.000000
vt 0.000000 0.000000
vt 0.000000 0.000000
vt 0.000000 0.000000
vt 0.000000 0.000000
vt 0.000000 0.000000
vt 0.000000 0.000000
vt 0.000000 0.000000
vt 0.000000 0.000000
vt 0.000000 0.000000
vt 0.000000 0.000000
vt 0.000000 0.000000
vt 0.000000 0.000000
vt 0.000000 0.000000
vt 0.000000 0.000000
vt 0.000000 0.000000
vt 0.000000 0.000000
vt 0.000000 0.000000
vt 0.000000 0.000000
vt 0.000000 0.000000
vt 0.000000 0.000000
vt 0.000000 0.000000
vt 0.000000 0.000000
vt 0.000000 0.000000
vt 0.000000 0.000000
vt 0.000000 0.000000
vt 0.000000 0.000000
vt 0.000000 0.000000
vt 0.000000 0.000000
vt 0.000000 0.000000
vt 0.000000 0.000000
vt 0.000000 0.000000
vt 0.000000 0.000000
vt 0.000000 0.000000
vt 0.000000 0.000000
vt 0.000000 0.000000
vt 0.000000 0.000000
vt 0.000000 0.000000
vt 0.000000 0.000000
vt 0.000000 0.000000
vt 0.000000 0.000000
vt 0.000000 0.000000
vt 0.000000 0.000000
vt 0.000000 0.000000
vt 0.000000 0.000000
vt 0.000000 0.000000
vt 0.000000 0.000000
vt 0.000000 0.000000
vt 0.000000 0.000000
vt 0.000000 0.000000
vt 0.000000 0.000000
vt 0.000000 0.000000
vt 0.000000 0.000000
vt 0.000000 0.000000
vt 0.000000 0.000000
vt 0.000000 0.000000
vt 0.000000 0.000000
vt 0.000000 0.000000
vt 0.000000 0.000000
vt 0.000000 0.000000
vt 0.000000 0.000000
vt 0.000000 0.000000
vt 0.000000 0.000000
vt 0.000000 0.000000
vt 0.000000 0.000000
vt 0.000000 0.000000
vt 0.000000 0.000000
vt 0.000000 0.000000
vt 0.000000 0.000000
vt 0.000000 0.000000
vt 0.000000 0.000000
vt 0.000000 0.000000
vt 0.000000 0.000000
vt 0.000000 0.000000
vt 0.000000 0.000000
vt 0.000000 0.000000
vt 0.000000 0.000000
vt 0.000000 0.000000
vt 0.000000 0.000000
vt 0.000000 0.000000
vt 0.000000 0.000000
vt 0.000000 0.000000
vt 0.000000 0.000000
vt 0.000000 0.000000
vt 0.000000 0.000000
vt 0.000000 0.000000
vt 0.000000 0.000000
vt 0.000000 0.000000
vt 0.000000 0.000000
vt 0.000000 0.000000
vt 0.000000 0.000000
vt 0.000000 0.000000
vt 0.000000 0.000000
vt 0.000000 0.000000
vt 0.000000 0.000000
vt 0.000000 0.000000
vt 0.000000 0.000000
vt 0.000000 0.000000
vt 0.000000 0.000000
vt 0.000000 0.000000
vt 0.000000 0.000000
vt 0.000000 0.000000
vt 0.000000 0.000000
vt 0.000000 0.000000
vt 0.000000 0.000000
vt 0.000000 0.000000
vt 0.000000 0.000000
vt 0.000000 0.000000
vt 0.000000 0.000000
vt 0.000000 0.000000
vt 0.000000 0.000000
vt 0.000000 0.000000
vt 0.000000 0.000000
vt 0.000000 0.000000
vt 0.000000 0.000000
vt 0.000000 0.000000
vt 0.000000 0.000000
vt 0.000000 0.000000
vt 0.000000 0.000000
vt 0.000000 0.000000
vt 0.000000 0.000000
vt 0.000000 0.000000
vt 0.000000 0.000000
vt 0.000000 0.000000
vt 0.000000 0.000000
vt 0.000000 0.000000
vt 0.000000 0.000000
vt 0.000000 0.000000
vt 0.000000 0.000000
vt 0.000000 0.000000
vt 0.000000 0.000000
vt 0.000000 0.000000
vt 0.000000 0.000000
vt 0.000000 0.000000
vt 0.000000 0.000000
vt 0.000000 0.000000
vt 0.000000 0.000000
vt 0.000000 0.000000
vt 0.000000 0.000000
vt 0.000000 0.000000
vt 0.000000 0.000000
vt 0.000000 0.000000
vt 0.000000 0.000000
vt 0.000000 0.000000
vt 0.000000 0.000000
vt 0.000000 0.000000
vt 0.000000 0.000000
vt 0.000000 0.000000
vt 0.000000 0.000000
vt 0.000000 0.000000
vt 0.000000 0.000000
vt 0.000000 0.000000
vt 0.000000 0.000000
vt 0.000000 0.000000
vt 0.000000 0.000000
vt 0.000000 0.000000
vt 0.000000 0.000000
vt 0.000000 0.000000
vt 0.000000 0.000000
vt 0.000000 0.000000
vt 0.000000 0.000000
vt 0.000000 0.000000
vt 0.000000 0.000000
vt 0.000000 0.000000
vt 0.000000 0.000000
vt 0.000000 0.000000
vt 0.000000 0.000000
vt 0.000000 0.000000
vt 0.000000 0.000000
vt 0.000000 0.000000
vt 0.000000 0.000000
vt 0.000000 0.000000
vt 0.000000 0.000000
vt 0.000000 0.000000
vt 0.000000 0.000000
vt 0.000000 0.000000
vt 0.000000 0.000000
vt 0.000000 0.000000
vt 0.000000 0.000000
vt 0.000000 0.000000
vt 0.000000 0.000000
vt 0.000000 0.000000
vt 0.000000 0.000000
vt 0.000000 0.000000
vt 0.000000 0.000000
vt 0.000000 0.000000
vt 0.000000 0.000000
vt 0.000000 0.000000
vt 0.000000 0.000000
vt 0.000000 0.000000
vt 0.000000 0.000000
vt 0.000000 0.000000
vt 0.000000 0.000000
vt 0.000000 0.000000
vt 0.000000 0.000000
vt 0.000000 0.000000
vt 0.000000 0.000000
vn 0.1115 0.0000 0.9938
vn -0.1115 0.0000 -0.9938
vn 0.0000 1.0000 0.0000
vn -0.9938 0.0000 0.1115
vn 0.0000 -1.0000 0.0000
vn 0.9938 0.0000 -0.1115
vn 0.9938 0.0000 -0.1114
vn 0.9938 0.0001 -0.1115
vn 0.9938 0.0004 -0.1115
vn 0.9938 -0.0004 -0.1115
vn 0.9938 -0.0001 -0.1115
vn 0.9938 0.0002 -0.1115
vn -0.0062 1.0000 0.0030
vn -0.9938 -0.0004 0.1115
vn -0.9938 0.0003 0.1115
vn -0.9938 0.0001 0.1115
vn 0.0056 -1.0000 -0.0040
vn -0.1114 0.0000 -0.9938
vn -0.9938 -0.0002 0.1115
vn -0.9938 0.0001 0.1114
vn 0.9938 0.0006 -0.1115
vn 0.1114 0.0000 0.9938
vn -0.1114 0.0001 -0.9938
vn -0.9938 0.0000 0.1114
vn 0.9938 0.0000 -0.1116
vn 0.5038 0.8620 -0.0565
vn 0.5044 0.8616 -0.0566
vn 0.4517 0.8882 -0.0837
vn 0.4671 0.8816 -0.0685
vn 0.4701 0.8819 -0.0363
vn 0.4591 0.8882 -0.0179
vn -0.0837 0.8882 -0.4518
vn -0.0685 0.8816 -0.4671
vn -0.0364 0.8819 -0.4701
vn -0.0179 0.8882 -0.4590
vn -0.0565 0.8618 -0.5042
vn -0.0565 0.8618 -0.5041
vn -0.4517 0.8882 0.0837
vn -0.4672 0.8815 0.0685
vn -0.4701 0.8819 0.0363
vn -0.4591 0.8882 0.0179
vn -0.5042 0.8617 0.0566
vn -0.5041 0.8618 0.0565
vn 0.0363 0.8819 0.4701
vn 0.0180 0.8882 0.4590
vn 0.0565 0.8618 0.5041
vn 0.0565 0.8618 0.5042
vn 0.0837 0.8883 0.4517
vn 0.0685 0.8815 0.4672
vn -0.4813 -0.8749 0.0540
vn -0.4814 -0.8749 0.0540
vn -0.4812 -0.8750 0.0539
vn -0.4812 -0.8749 0.0540
vn 0.0540 -0.8750 0.4811
vn 0.0539 -0.8750 0.4812
vn 0.0539 -0.8749 0.4813
vn 0.0540 -0.8750 0.4812
vn 0.4811 -0.8750 -0.0539
vn 0.4813 -0.8749 -0.0540
vn 0.4811 -0.8750 -0.0540
vn -0.0540 -0.8749 -0.4814
vn -0.0539 -0.8751 -0.4810
vn -0.0540 -0.8750 -0.4812
vn -0.0539 -0.8749 -0.4812
vn 0.9579 -0.2664 -0.1074
vn 0.9574 -0.2679 -0.1074
vn -0.8698 0.4837 0.0976
vn -0.8699 0.4835 0.0976
vn 0.6564 -0.3188 0.6837
vn 0.6564 -0.3191 0.6837
vn 0.4887 -0.3187 -0.8121
vn 0.4886 -0.3191 -0.8121
vn 0.6835 -0.3194 -0.6563
vn 0.6838 -0.3187 -0.6564
vn -0.8120 -0.3192 -0.4886
vn -0.1074 -0.2666 -0.9578
vn -0.1074 -0.2665 -0.9578
vn 0.0975 0.4842 0.8695
vn 0.0975 0.4843 0.8695
vn -0.6565 -0.3184 -0.6838
vn -0.6564 -0.3191 -0.6836
vn -0.4887 -0.3185 0.8122
vn -0.4885 -0.3195 0.8119
vn -0.9576 -0.2674 0.1074
vn -0.9578 -0.2667 0.1074
vn 0.8690 0.4851 -0.0975
vn 0.8699 0.4835 -0.0976
vn 0.8120 -0.3196 0.4884
vn 0.8123 -0.3183 0.4887
vn 0.1074 -0.2667 0.9578
vn -0.0975 0.4842 -0.8695
vn -0.6838 -0.3182 0.6566
vn -0.6836 -0.3191 0.6564
vn 0.1115 -0.0001 0.9938
vn 0.9426 -0.3167 -0.1057
vn 0.9429 -0.3159 -0.1058
vn -0.1057 -0.3163 -0.9428
vn -0.1058 -0.3162 -0.9428
vn -0.9426 -0.3167 0.1057
vn -0.9425 -0.3172 0.1057
vn 0.1057 -0.3163 0.9427
vn 0.1058 -0.3162 0.9428
vn 0.3138 -0.9489 -0.0352
vn 0.3146 -0.9486 -0.0353
vn -0.0353 -0.9487 -0.3143
vn -0.0352 -0.9487 -0.3143
vn -0.3145 -0.9486 0.0353
vn -0.3142 -0.9487 0.0352
vn 0.0352 -0.9487 0.3143
vn 0.0353 -0.9487 0.3143
vn 0.4812 0.8749 -0.0540
vn -0.0540 0.8749 -0.4812
vn -0.4812 0.8749 0.0540
vn 0.0540 0.8749 0.4812
vn 0.0764 -0.7281 0.6812
vn -0.0772 -0.7216 -0.6880
vn 0.1018 -0.4070 0.9077
vn 0.1018 -0.4071 0.9077
vn -0.1018 -0.4071 -0.9077
vn -0.1018 -0.4072 -0.9077
vn 0.0270 -0.9703 0.2404
vn -0.0270 -0.9703 -0.2404
vn -0.9938 -0.0003 0.1114
vn 0.0005 -1.0000 0.0044
vn 0.0005 -1.0000 0.0043
vn -0.0763 0.7288 -0.6804
vn 0.0772 0.7212 0.6884
vn -0.9938 -0.0016 0.1115
vn 0.9938 0.0003 -0.1113
vn -0.9938 0.0000 0.1116
vn -0.9938 0.0003 0.1114
vn 0.9938 0.0017 -0.1114
vn 0.9938 -0.0032 -0.1115
vn 0.9938 -0.0002 -0.1114
vn -0.9938 -0.0001 0.1115
vn 0.9938 0.0003 -0.1115
vn 0.0806 0.6910 0.7184
vn -0.4263 0.6287 0.6504
vn -0.6448 0.5899 -0.4861
vn -0.0811 0.6860 -0.7231
vn 0.9938 -0.0010 -0.1115
vn 0.9938 0.0015 -0.1115
vn 0.9938 0.0007 -0.1115
vn 0.9938 -0.0006 -0.1115
vn 0.9938 0.0016 -0.1115
vn -0.9938 0.0009 0.1115
vn -0.9938 0.0015 0.1115
vn -0.9937 0.0000 0.1118
vn -0.9938 -0.0009 0.1115
vn -0.9938 -0.0013 0.1115
vn 0.9938 -0.0005 -0.1115
vn 0.9938 -0.0016 -0.1115
vn 0.9937 0.0000 -0.1119
vn 0.9937 0.0000 -0.1118
vn 0.9938 0.0008 -0.1115
vn -0.9938 0.0004 0.1115
vn -0.9938 0.0007 0.1115
vn -0.1113 0.0000 -0.9938
vn -0.1117 0.0000 -0.9937
vn 0.1117 0.0000 0.9937
vn 0.1118 0.0000 0.9937
vn -0.1116 0.0000 -0.9938
vn 0.1113 0.0000 0.9938
vn -0.1110 0.0000 -0.9938
vn 0.1112 0.0000 0.9938
vn 0.1122 0.0000 0.9937
vn -0.1121 -0.0000 -0.9937
vn -0.1112 0.0000 -0.9938
vn 0.1104 0.0000 0.9939
vn 0.1123 0.0000 0.9937
vn -0.9938 0.0016 0.1115
vn -0.9938 -0.0005 0.1115
vn 0.9938 0.0005 -0.1115
vn 0.9938 -0.0009 -0.1115
vn 0.1119 0.0000 0.9937
vn 0.1110 0.0000 0.9938
vn -0.1122 0.0000 -0.9937
vn -0.1132 -0.0000 -0.9936
vn -0.1123 0.0000 -0.9937
vn 0.1121 0.0000 0.9937
vn 0.1103 0.0000 0.9939
vn 0.1116 0.0000 0.9937
vn 0.9937 0.0000 -0.1117
vn 0.9937 0.0000 -0.1116
vn 0.9938 -0.0002 -0.1115
vn -0.9938 -0.0024 0.1115
vn -0.9938 0.0008 0.1115
vn -0.9938 -0.0003 0.1115
vn -0.1108 0.0000 -0.9938
vn 0.1108 0.0000 0.9938
vn 0.9938 0.0005 -0.1114
vn 0.9938 -0.0015 -0.1114
vn 0.9938 -0.0005 -0.1114
vn 0.9938 0.0015 -0.1114
vn -0.1118 -0.0000 -0.9937
vn 0.1111 0.0000 0.9938
vn 0.1116 -0.0000 0.9938
vn -0.9937 0.0000 0.1119
vn -0.9937 0.0015 0.1119
vn -0.9938 -0.0005 0.1116
vn 0.1120 0.0000 0.9937
vn -0.1111 0.0000 -0.9938
vn -0.1119 0.0000 -0.9937
vn 0.1115 0.0001 0.9938
vn 0.1115 0.0003 0.9938
vn -0.1115 0.0001 -0.9938
vn 0.9939 0.0000 -0.1102
vn 0.9939 0.0000 -0.1101
vn 0.1114 -0.0002 0.9938
vn -0.9937 0.0000 0.1120
vn -0.1114 0.0004 -0.9938
vn -0.1115 -0.0003 -0.9938
vn -0.9938 0.0000 0.1112
vn -0.9938 0.0000 0.1113
vn -0.1115 -0.0001 -0.9938
vn 0.1115 -0.0002 0.9938
vn -0.1115 -0.0002 -0.9938
vn -0.1115 0.0002 -0.9938
vn -0.9938 0.0000 0.1110
vn 0.9938 0.0000 -0.1110
vn -0.9935 0.0000 0.1135
vn -0.9935 0.0000 0.1137
vn 0.0000 1.0000 0.0001
vn -0.9939 0.0000 0.1102
vn -0.9939 0.0000 0.1101
vn 0.9938 -0.0018 -0.1115
vn 0.9938 0.0022 -0.1115
vn -0.9938 -0.0011 0.1115
vn -0.9938 0.0010 0.1115
vn -0.9938 0.0011 0.1115
vn 0.9938 0.0025 -0.1115
vn 0.9938 -0.0022 -0.1115
vn 0.9938 0.0011 -0.1115
vn -0.9938 0.0028 0.1115
vn 0.9938 -0.0010 -0.1114
vn -0.9938 0.0006 0.1115
vn -0.9938 0.0011 0.1114
vn -0.9938 -0.0012 0.1115
vn -0.1105 0.0000 -0.9939
vn 0.1109 0.0000 0.9938
vn 0.1105 0.0000 0.9939
vn 0.1124 -0.0000 0.9937
vn 0.9938 -0.0013 -0.1115
vn 0.9938 -0.0011 -0.1115
vn 0.9938 0.0026 -0.1115
vn -0.9938 -0.0010 0.1115
vn -0.9938 0.0002 0.1115
vn -0.9938 0.0005 0.1115
vn 0.9938 -0.0003 -0.1115
vn 0.1115 0.0002 0.9938
vn 0.0000 -1.0000 0.0001
vn -0.9937 0.0000 0.1121
vn 0.9937 0.0000 -0.1121
vn 0.0000 -1.0000 -0.0001
vn 0.0000 1.0000 -0.0001
vn 0.1115 -0.0003 0.9938
vn -0.1115 0.0003 -0.9938
vn -0.1116 0.0000 -0.9937
vn -0.9937 0.0001 0.1119
vn -0.9935 0.0000 0.1136
vn 0.9938 0.0010 -0.1115
vn -0.9938 0.0009 0.1114
vn -0.9938 -0.0008 0.1115
vn -0.9938 0.0013 0.1115
vn 0.9938 -0.0012 -0.1115
vn -0.9938 0.0012 0.1115
vn 0.9938 0.0012 -0.1115
vn -0.1109 0.0000 -0.9938
vn 0.9938 0.0009 -0.1115
vn -0.9938 -0.0001 0.1114
vn 0.9938 -0.0008 -0.1115
vn 0.9938 -0.0017 -0.1115
vn 0.9938 0.0017 -0.1115
vn -0.1126 0.0000 -0.9936
vn -0.0665 0.8026 -0.5928
vn -0.0700 0.7329 -0.6767
vn 0.0987 0.7185 -0.6884
vn -0.0762 0.7296 -0.6796
vn -0.2411 0.7226 -0.6478
vn -0.0762 0.7295 -0.6797
vn 0.0769 0.7236 0.6860
vn 0.0769 0.7235 0.6860
vn 0.2421 0.7168 0.6539
vn 0.0770 0.7235 0.6860
vn 0.0672 0.7977 0.5994
vn 0.0672 0.7977 0.5993
vn 0.0706 0.7272 0.6828
vn -0.0984 0.7122 0.6950
vn 0.0762 -0.7296 0.6796
vn 0.0762 -0.7297 0.6795
vn 0.0763 -0.7296 0.6796
vn 0.0762 -0.7294 0.6798
vn -0.0769 -0.7235 -0.6860
vn -0.0770 -0.7236 -0.6859
vn -0.0769 -0.7236 -0.6860
vn -0.0768 -0.7237 -0.6858
vn -0.0571 -0.8587 -0.5092
vn -0.0571 -0.8587 -0.5093
vn 0.9938 -0.0004 -0.1113
vn -0.9938 0.0005 0.1113
vn 0.0571 0.8587 0.5092
vn 0.0571 0.8587 0.5093
vn 0.0564 -0.8626 0.5027
vn -0.0564 0.8626 -0.5027
vn 0.9938 -0.0002 -0.1113
vn -0.9938 0.0001 0.1113
vn 0.0564 -0.8627 0.5026
vn -0.9937 0.0013 0.1117
vn -0.9938 -0.0010 0.1113
vn 0.9938 -0.0002 -0.1116
vn 0.0764 -0.7284 0.6809
vn -0.0763 0.7295 -0.6797
vn -0.0762 0.7298 -0.6794
vn -0.0771 -0.7221 -0.6875
vn -0.0771 -0.7223 -0.6873
vn 0.0770 0.7234 0.6861
vn 0.0769 0.7237 0.6858
vn -0.4502 0.8915 0.0505
vn 0.4523 0.8904 -0.0507
vn 0.0482 0.9019 0.4293
vn 0.5481 0.0000 -0.8364
vn 0.7198 -0.0019 0.6941
vn 0.3148 -0.9487 -0.0300
vn 0.2861 0.9336 0.2155
vn 0.9457 -0.3152 -0.0797
vn 0.0317 -0.9404 0.3386
vn -0.6135 0.7867 0.0689
vn -0.5481 0.0000 0.8364
vn -0.2302 0.9339 0.2736
vn -0.4339 0.8996 0.0487
vn 0.6473 0.5583 0.5189
vn -0.4626 0.1402 -0.8754
vn 0.4523 0.8904 -0.0508
vn 0.4520 0.8906 -0.0504
vn 0.5066 -0.5838 -0.6345
vn 0.7180 -0.6914 -0.0805
vn 0.4503 -0.8915 -0.0505
vn 0.4502 -0.8915 -0.0505
vn -0.2636 -0.9438 -0.1993
vn -0.4524 -0.8904 0.0507
vn -0.4524 -0.8904 0.0508
vn -0.0482 -0.9019 -0.4293
vn 0.7198 0.0000 0.6942
vn 0.1886 0.2915 -0.9378
vn -0.9918 0.0000 0.1278
vn 0.0075 0.9999 0.0073
vn 0.6926 -0.3868 -0.6088
vn -0.7195 -0.6898 0.0807
vn -0.0011 -1.0000 -0.0011
vn -0.4594 0.8278 -0.3221
vn -0.9410 -0.3148 0.1239
vn 0.6134 0.7868 -0.0687
vn 0.5018 -0.1263 0.8557
vn -0.7198 -0.0014 -0.6942
vn 0.2898 -0.9565 -0.0325
vn -0.2896 -0.9566 0.0325
vn -0.2117 0.9441 0.2526
vn -0.4499 0.8916 0.0507
vn 0.5619 -0.2401 0.7916
vn 0.1220 -0.9807 -0.1528
vn 0.7486 0.6577 -0.0840
vn 0.4363 0.8985 -0.0489
vn 0.0502 0.8929 0.4474
vn 0.2636 0.9438 0.1994
vn 0.0074 0.9978 0.0657
vn 0.2635 0.9438 0.1993
vn 0.2117 -0.9441 -0.2526
vn 0.5478 0.3193 -0.7733
vn 0.4501 -0.8915 -0.0505
vn -0.1532 -0.9806 -0.1223
vn -0.4523 -0.8904 0.0507
vn -0.6351 -0.5827 -0.5070
vn 0.1022 -0.2405 0.9653
vn -0.6926 0.3868 0.6088
vn 0.8352 0.3100 -0.4543
vn -0.2116 0.9442 0.2525
vn -0.6601 -0.2940 0.6913
vn 0.6374 0.3028 -0.7085
vn -0.5158 0.5597 0.6486
vn -0.5416 0.0128 0.8406
vn -0.7558 -0.1351 -0.6407
vn -0.5478 -0.0071 0.8366
vn 0.9927 0.0456 -0.1113
vn 0.1115 -0.0005 0.9938
vn -0.9937 0.0078 0.1115
vn -0.3155 0.9485 0.0290
vn -0.2857 -0.9341 -0.2139
vn -0.9436 0.3213 0.0795
vn -0.0249 0.9599 -0.2793
vn 0.6121 -0.7878 -0.0688
vn 0.4593 -0.8271 0.3239
vn 0.5642 -0.0275 -0.8252
vn 0.2273 -0.9356 -0.2700
vn 0.4287 -0.9022 -0.0480
vn 0.4471 -0.8931 -0.0501
vn -0.6539 -0.5461 -0.5236
vn 0.4591 -0.1168 0.8807
vn -0.4518 -0.8908 0.0490
vn -0.4539 -0.8896 0.0505
vn -0.5053 0.5831 0.6361
vn -0.7153 0.6942 0.0803
vn -0.4510 0.8914 0.0448
vn -0.4553 0.8889 0.0510
vn 0.2628 0.9439 0.2002
vn 0.4573 0.8878 -0.0514
vn 0.4543 0.8891 -0.0557
vn 0.0486 0.9007 0.4317
vn 0.0479 0.9029 0.4271
vn -0.7239 -0.0127 -0.6898
vn -0.1840 -0.3146 0.9312
vn 0.9918 -0.0003 -0.1278
vn -0.0073 -1.0000 -0.0057
vn -0.6795 0.4188 0.6023
vn 0.5635 -0.0250 -0.8257
vn 0.7170 0.6925 -0.0802
vn -0.0080 1.0000 0.0021
vn 0.9937 0.0000 -0.1122
vn 0.9390 0.3208 -0.1236
vn -0.6123 -0.7877 0.0686
vn -0.5005 0.1030 -0.8596
vn -0.3042 0.9520 0.0340
vn 0.2808 0.9593 -0.0315
vn 0.2117 -0.9441 -0.2527
vn 0.4553 -0.8888 -0.0513
vn -0.5592 0.2457 -0.7918
vn -0.1379 0.9790 0.1504
vn -0.7526 -0.6531 0.0844
vn -0.4311 -0.9010 0.0484
vn -0.0510 -0.8891 -0.4549
vn -0.2643 -0.9438 -0.1985
vn -0.0076 -0.9977 -0.0679
vn -0.2636 -0.9438 -0.1994
vn -0.2107 0.9442 0.2533
vn -0.5504 -0.3162 0.7727
vn -0.4511 0.8914 0.0444
vn -0.4560 0.8885 0.0511
vn 0.1525 0.9803 0.1254
vn 0.4651 0.8837 -0.0521
vn 0.4573 0.8868 -0.0668
vn 0.1115 -0.0021 0.9938
vn 0.6350 0.5808 0.5093
vn -0.1012 0.2729 -0.9567
vn 0.6716 -0.4161 -0.6131
vn -0.8156 -0.3721 0.4432
vn 0.2118 -0.9441 -0.2525
vn 0.6597 0.2903 -0.6932
vn 0.9063 -0.4102 -0.1015
vn -0.6444 -0.2775 0.7126
vn 0.5214 -0.5471 -0.6549
vn 0.8690 -0.4850 -0.0977
vn 0.9699 0.2177 -0.1093
vn 0.6874 0.3153 -0.6542
vn 0.6875 0.3153 -0.6541
vn 0.2904 -0.2214 -0.9309
vn -0.1016 -0.0184 -0.9947
vn -0.1009 0.4370 -0.8938
vn -0.8747 -0.4747 0.0982
vn -0.8190 0.5663 0.0920
vn -0.5395 0.2365 0.8081
vn -0.8048 0.3185 -0.5009
vn -0.8048 0.3184 -0.5009
vn 0.6992 0.2996 0.6491
vn 0.1004 -0.4408 0.8920
vn 0.1003 -0.4407 0.8920
vn 0.6992 0.0212 0.7146
vn 0.8005 0.5926 -0.0894
vn 0.6907 0.2960 -0.6598
vn 0.6906 0.2960 -0.6598
vn 0.6906 0.2960 -0.6599
vn 0.2741 -0.2435 -0.9304
vn 0.2740 -0.2435 -0.9304
vn -0.1208 0.0000 -0.9927
vn -0.1002 0.4184 -0.9027
vn -0.8625 -0.4968 0.0965
vn -0.9204 0.3773 0.1030
vn -0.5118 0.3854 0.7678
vn -0.5118 0.3853 0.7678
vn -0.8348 0.1994 -0.5131
vn -0.8348 0.1994 -0.5132
vn 0.6263 0.4648 0.6258
vn 0.6263 0.4649 0.6259
vn 0.1000 -0.4364 0.8942
vn 0.0772 -0.7216 0.6880
vn 0.7467 -0.6597 -0.0843
vn -0.3136 -0.9487 0.0389
vn -0.7050 -0.3215 -0.6321
vn 0.0533 0.8901 0.4527
vn 0.2585 0.1406 -0.9557
vn -0.9145 0.3109 -0.2590
vn -0.7823 0.3007 -0.5456
vn -0.3902 0.2918 -0.8733
vn -0.6900 -0.3104 -0.6538
vn -0.8860 -0.4529 0.0994
vn 0.7489 0.6574 -0.0840
vn 0.8858 0.4533 -0.0994
vn 0.5288 -0.3135 -0.7887
vn -0.8845 0.4559 0.0992
vn -0.2864 0.1989 0.9373
vn -0.7479 -0.6586 0.0831
vn 0.8855 -0.4540 -0.0993
vn -0.1005 0.4319 -0.8963
vn -0.3778 -0.9243 -0.0549
vn 0.1005 -0.4319 0.8963
vn 0.3547 -0.9249 -0.1366
vn 0.9961 0.0000 -0.0879
vn 0.1004 0.0000 0.9950
vn 0.0012 -1.0000 -0.0018
vn 0.7055 0.3197 0.6325
vn 0.7198 0.0003 0.6941
vn 0.2600 -0.1861 -0.9475
vn -0.8855 -0.4520 0.1076
vn -0.0092 -0.9982 -0.0595
vn -0.7198 0.0000 -0.6942
vn -0.6896 -0.3115 -0.6538
vn 0.0074 0.9978 0.0658
vn -0.8852 -0.4544 0.0993
vn -0.7470 0.6595 0.0838
vn 0.8865 0.4519 -0.0994
vn 0.5288 -0.3133 -0.7888
vn -0.8850 0.4548 0.0993
vn 0.5261 0.7545 -0.3923
vn -0.2863 0.1986 0.9373
vn 0.8847 -0.4554 -0.0992
vn 0.7951 -0.2952 0.5299
vn 0.1005 -0.4320 0.8963
vn 0.1116 -0.0001 0.9938
vn -0.0001 -1.0000 -0.0010
vn -0.0773 0.7245 -0.6850
vn -0.7415 0.6657 0.0837
vn 0.1087 -0.0029 0.9941
vn 0.0001 1.0000 -0.0001
vn 0.3149 0.9483 -0.0391
vn 0.6878 0.3669 0.6264
vn -0.0529 -0.8920 -0.4489
vn -0.2629 -0.1645 0.9507
vn 0.8932 -0.3719 0.2528
vn 0.7806 -0.3029 0.5467
vn 0.3847 -0.3134 0.8682
vn 0.6936 0.3038 0.6532
vn 0.8885 0.4479 -0.0996
vn -0.7529 -0.6526 0.0844
vn -0.1196 0.0164 -0.9927
vn -0.8808 -0.4631 0.0988
vn -0.5302 0.3103 0.7891
vn 0.8872 -0.4505 -0.0995
vn 0.2855 -0.2015 -0.9370
vn 0.7355 0.6726 -0.0818
vn -0.8912 0.4425 0.0999
vn 0.1000 -0.4410 0.8919
vn 0.3738 0.9256 0.0604
vn -0.1005 0.4318 -0.8964
vn -0.3491 0.9263 0.1416
vn -0.9961 0.0004 0.0880
vn -0.1004 0.0043 -0.9949
vn 0.6879 0.3147 0.6540
vn 0.4601 -0.8300 0.3152
vn -0.0003 1.0000 -0.0013
vn 0.1144 -0.0029 0.9934
vn 0.0849 0.9964 -0.0073
vn -0.6764 -0.3608 -0.6421
vn 0.7137 0.0242 0.7001
vn -0.7204 -0.0105 -0.6935
vn -0.2387 0.2266 0.9443
vn 0.8683 0.4847 -0.1056
vn 0.0129 0.9956 0.0926
vn -0.8867 0.4515 0.0995
vn 0.8941 0.4365 -0.1003
vn -0.1149 0.0064 -0.9934
vn 0.7396 -0.6679 -0.0829
vn 0.1005 -0.4322 0.8962
vn -0.8930 -0.4387 0.1002
vn -0.5258 -0.7576 0.3868
vn 0.3065 -0.1576 -0.9387
vn -0.5267 0.3180 0.7883
vn 0.8880 -0.4490 -0.0996
vn -0.7951 0.2915 -0.5318
vn -0.1120 -0.0000 -0.9937
vn 0.9937 -0.0001 -0.1119
vn -0.0440 -0.9190 -0.3919
vn -0.0439 -0.9190 -0.3919
vn 0.0439 0.9190 0.3918
vn 0.0440 0.9190 0.3919
vn -0.0439 -0.9189 -0.3919
vn -0.0439 -0.9190 -0.3918
vn 0.0439 0.9189 0.3919
vn 0.3918 -0.9190 -0.0440
vn -0.3918 0.9190 0.0439
vn -0.3919 0.9190 0.0440
vn 0.3918 -0.9190 -0.0439
vn 0.9938 0.0000 -0.1113
vn 0.0440 -0.9190 0.3919
vn 0.0440 -0.9190 0.3917
vn 0.9938 -0.0004 -0.1114
vn -0.0439 0.9190 -0.3919
vn -0.0440 0.9190 -0.3918
vn 0.0440 -0.9189 0.3921
vn -0.0439 0.9191 -0.3916
vn -0.0440 0.9189 -0.3920
vn -0.3918 -0.9190 0.0439
vn -0.3919 -0.9190 0.0441
vn 0.3919 0.9190 -0.0439
vn -0.9937 0.0000 0.1117
vn -0.3918 -0.9190 0.0440
vn 0.3918 0.9190 -0.0440
vn -0.0353 -0.9485 -0.3149
vn -0.0354 -0.9484 -0.3150
vn 0.0354 0.9484 0.3151
vn 0.0354 0.9484 0.3150
usemtl None
s off
f 1/1/1 2/2/1 3/3/1
f 1/1/1 3/3/1 4/4/1
f 5/5/1 6/6/1 7/7/1
f 5/5/1 7/7/1 8/8/1
f 9/9/1 10/10/1 11/11/1
f 9/9/1 11/11/1 7/7/1
f 9/9/1 7/7/1 6/6/1
f 9/9/1 6/6/1 12/12/1
f 13/13/1 14/14/1 15/15/1
f 13/13/1 15/15/1 5/5/1
f 13/13/1 5/5/1 8/8/1
f 13/13/1 8/8/1 16/16/1
f 16/16/1 11/11/1 10/10/1
f 16/16/1 10/10/1 13/13/1
f 12/12/1 15/15/1 14/14/1
f 12/12/1 14/14/1 9/9/1
f 17/17/2 18/18/2 19/19/2
f 17/17/2 19/19/2 20/20/2
f 21/21/2 22/22/2 23/23/2
f 21/21/2 23/23/2 24/24/2
f 25/25/2 26/26/2 27/27/2
f 25/25/2 27/27/2 21/21/2
f 27/27/2 28/28/2 22/22/2
f 27/27/2 22/22/2 21/21/2
f 29/29/2 30/30/2 31/31/2
f 29/29/2 31/31/2 23/23/2
f 31/31/2 32/32/2 24/24/2
f 31/31/2 24/24/2 23/23/2
f 26/26/2 25/25/2 32/32/2
f 26/26/2 32/32/2 31/31/2
f 30/30/2 29/29/2 28/28/2
f 30/30/2 28/28/2 27/27/2
f 17/17/3 20/20/3 4/4/3
f 17/17/3 4/4/3 3/3/3
f 20/20/4 19/19/4 1/1/4
f 20/20/4 1/1/4 4/4/4
f 19/19/5 18/18/5 2/2/5
f 19/19/5 2/2/5 1/1/5
f 21/21/6 24/24/6 8/8/6
f 21/21/6 8/8/6 7/7/6
f 23/23/4 22/22/4 6/6/4
f 23/23/4 6/6/4 5/5/4
f 27/27/5 26/26/5 10/10/5
f 27/27/5 10/10/5 9/9/5
f 25/25/3 21/21/3 7/7/3
f 25/25/3 7/7/3 11/11/3
f 22/22/3 28/28/3 12/12/3
f 22/22/3 12/12/3 6/6/3
f 31/31/3 30/30/3 14/14/3
f 31/31/3 14/14/3 13/13/3
f 29/29/5 23/23/5 5/5/5
f 29/29/5 5/5/5 15/15/5
f 24/24/5 32/32/5 16/16/5
f 24/24/5 16/16/5 8/8/5
f 26/26/6 31/31/6 13/13/6
f 26/26/6 13/13/6 10/10/6
f 32/32/4 25/25/4 11/11/4
f 32/32/4 11/11/4 16/16/4
f 28/28/7 29/29/7 15/15/7
f 28/28/7 15/15/7 12/12/7
f 33/33/6 34/34/6 35/35/6
f 33/33/6 35/35/6 36/36/6
f 37/37/8 3/3/8 38/38/8
f 37/37/9 38/38/9 35/35/9
f 37/37/10 35/35/10 34/34/10
f 37/37/8 34/34/8 39/39/8
f 40/40/11 41/41/11 33/33/11
f 40/40/12 33/33/12 36/36/12
f 40/40/11 36/36/11 42/42/11
f 40/40/6 42/42/6 2/2/6
f 40/40/13 2/2/13 43/43/13
f 42/42/6 38/38/6 3/3/6
f 42/42/6 3/3/6 2/2/6
f 39/39/6 41/41/6 40/40/6
f 39/39/6 40/40/6 37/37/6
f 44/44/4 45/45/4 46/46/4
f 44/44/4 46/46/4 47/47/4
f 48/48/4 17/17/4 49/49/4
f 48/48/4 49/49/4 44/44/4
f 49/49/14 50/50/14 45/45/14
f 49/49/15 45/45/15 44/44/15
f 46/46/16 51/51/16 52/52/16
f 46/46/4 52/52/4 47/47/4
f 52/52/17 53/53/17 18/18/17
f 52/52/4 18/18/4 54/54/4
f 52/52/4 54/54/4 47/47/4
f 17/17/4 48/48/4 54/54/4
f 17/17/4 54/54/4 18/18/4
f 52/52/4 51/51/4 50/50/4
f 52/52/4 50/50/4 49/49/4
f 44/44/1 47/47/1 36/36/1
f 44/44/1 36/36/1 35/35/1
f 46/46/18 45/45/18 34/34/18
f 46/46/2 34/34/2 33/33/2
f 49/49/3 17/17/3 3/3/3
f 49/49/3 3/3/3 37/37/3
f 48/48/5 44/44/5 35/35/5
f 48/48/5 35/35/5 38/38/5
f 45/45/5 50/50/5 39/39/5
f 45/45/5 39/39/5 34/34/5
f 18/18/5 53/53/5 43/43/5
f 18/18/5 43/43/5 2/2/5
f 53/53/5 52/52/5 40/40/5
f 53/53/5 40/40/5 43/43/5
f 51/51/3 46/46/3 33/33/3
f 51/51/3 33/33/3 41/41/3
f 47/47/3 54/54/3 42/42/3
f 47/47/3 42/42/3 36/36/3
f 54/54/2 48/48/2 38/38/2
f 54/54/18 38/38/18 42/42/18
f 50/50/1 51/51/1 41/41/1
f 50/50/1 41/41/1 39/39/1
f 55/55/4 56/56/4 57/57/4
f 55/55/4 57/57/4 58/58/4
f 14/14/4 59/59/4 60/60/4
f 14/14/14 60/60/14 57/57/14
f 14/14/16 57/57/16 56/56/16
f 14/14/19 56/56/19 61/61/19
f 62/62/4 9/9/4 63/63/4
f 62/62/4 63/63/4 55/55/4
f 62/62/20 55/55/20 58/58/20
f 62/62/16 58/58/16 64/64/16
f 64/64/4 60/60/4 59/59/4
f 64/64/4 59/59/4 62/62/4
f 61/61/4 63/63/4 9/9/4
f 61/61/4 9/9/4 14/14/4
f 65/65/6 66/66/6 67/67/6
f 65/65/6 67/67/6 68/68/6
f 69/69/11 70/70/11 30/30/11
f 69/69/21 30/30/21 65/65/21
f 30/30/6 71/71/6 66/66/6
f 30/30/11 66/66/11 65/65/11
f 72/72/6 27/27/6 73/73/6
f 72/72/6 73/73/6 67/67/6
f 73/73/11 74/74/11 68/68/11
f 73/73/8 68/68/8 67/67/8
f 70/70/6 69/69/6 74/74/6
f 70/70/6 74/74/6 73/73/6
f 27/27/6 72/72/6 71/71/6
f 27/27/6 71/71/6 30/30/6
f 65/65/2 68/68/2 58/58/2
f 65/65/2 58/58/2 57/57/2
f 67/67/1 66/66/1 56/56/1
f 67/67/1 56/56/1 55/55/1
f 30/30/3 70/70/3 59/59/3
f 30/30/3 59/59/3 14/14/3
f 69/69/5 65/65/5 57/57/5
f 69/69/5 57/57/5 60/60/5
f 66/66/5 71/71/5 61/61/5
f 66/66/5 61/61/5 56/56/5
f 73/73/5 27/27/5 9/9/5
f 73/73/5 9/9/5 62/62/5
f 72/72/3 67/67/3 55/55/3
f 72/72/3 55/55/3 63/63/3
f 68/68/3 74/74/3 64/64/3
f 68/68/3 64/64/3 58/58/3
f 74/74/22 69/69/22 60/60/22
f 74/74/1 60/60/1 64/64/1
f 71/71/18 72/72/18 63/63/18
f 71/71/2 63/63/2 61/61/2
f 75/75/2 76/76/2 77/77/2
f 75/75/2 77/77/2 78/78/2
f 59/59/2 37/37/2 79/79/2
f 59/59/2 79/79/2 77/77/2
f 59/59/2 77/77/2 76/76/2
f 59/59/2 76/76/2 80/80/2
f 40/40/2 62/62/2 81/81/2
f 40/40/2 81/81/2 75/75/2
f 40/40/23 75/75/23 78/78/23
f 40/40/2 78/78/2 82/82/2
f 82/82/2 79/79/2 37/37/2
f 82/82/2 37/37/2 40/40/2
f 80/80/2 81/81/2 62/62/2
f 80/80/2 62/62/2 59/59/2
f 83/83/1 84/84/1 85/85/1
f 83/83/1 85/85/1 86/86/1
f 87/87/1 49/49/1 70/70/1
f 87/87/1 70/70/1 83/83/1
f 70/70/1 88/88/1 84/84/1
f 70/70/1 84/84/1 83/83/1
f 89/89/1 73/73/1 52/52/1
f 89/89/1 52/52/1 85/85/1
f 52/52/1 90/90/1 86/86/1
f 52/52/22 86/86/22 85/85/22
f 49/49/1 87/87/1 90/90/1
f 49/49/1 90/90/1 52/52/1
f 73/73/1 89/89/1 88/88/1
f 73/73/1 88/88/1 70/70/1
f 83/83/6 86/86/6 78/78/6
f 83/83/6 78/78/6 77/77/6
f 85/85/4 84/84/4 76/76/4
f 85/85/4 76/76/4 75/75/4
f 70/70/3 49/49/3 37/37/3
f 70/70/3 37/37/3 59/59/3
f 87/87/5 83/83/5 77/77/5
f 87/87/5 77/77/5 79/79/5
f 84/84/5 88/88/5 80/80/5
f 84/84/5 80/80/5 76/76/5
f 52/52/5 73/73/5 62/62/5
f 52/52/5 62/62/5 40/40/5
f 89/89/3 85/85/3 75/75/3
f 89/89/3 75/75/3 81/81/3
f 86/86/3 90/90/3 82/82/3
f 86/86/3 82/82/3 78/78/3
f 90/90/24 87/87/24 79/79/24
f 90/90/24 79/79/24 82/82/24
f 88/88/25 89/89/25 81/81/25
f 88/88/25 81/81/25 80/80/25
f 91/91/26 92/92/26 93/93/26
f 91/91/27 93/93/27 94/94/27
f 92/92/28 95/95/28 96/96/28
f 92/92/29 96/96/29 93/93/29
f 95/95/30 91/91/30 94/94/30
f 95/95/31 94/94/31 96/96/31
f 97/97/32 95/95/32 98/98/32
f 97/97/33 98/98/33 99/99/33
f 95/95/34 92/92/34 100/100/34
f 95/95/35 100/100/35 98/98/35
f 92/92/36 97/97/36 99/99/36
f 92/92/37 99/99/37 100/100/37
f 101/101/38 95/95/38 102/102/38
f 101/101/39 102/102/39 103/103/39
f 95/95/40 97/97/40 104/104/40
f 95/95/41 104/104/41 102/102/41
f 97/97/42 101/101/42 103/103/42
f 97/97/43 103/103/43 104/104/43
f 95/95/44 101/101/44 105/105/44
f 95/95/45 105/105/45 106/106/45
f 101/101/46 91/91/46 107/107/46
f 101/101/47 107/107/47 105/105/47
f 91/91/48 95/95/48 106/106/48
f 91/91/49 106/106/49 107/107/49
f 108/108/50 109/109/50 110/110/50
f 108/108/50 110/110/50 111/111/50
f 112/112/51 113/113/51 109/109/51
f 112/112/52 109/109/52 108/108/52
f 111/111/53 110/110/53 113/113/53
f 111/111/52 113/113/52 112/112/52
f 114/114/54 113/113/54 115/115/54
f 114/114/55 115/115/55 116/116/55
f 117/117/54 109/109/54 113/113/54
f 117/117/56 113/113/56 114/114/56
f 116/116/54 115/115/54 109/109/54
f 116/116/57 109/109/57 117/117/57
f 118/118/58 113/113/58 119/119/58
f 118/118/59 119/119/59 120/120/59
f 121/121/59 115/115/59 113/113/59
f 121/121/59 113/113/59 118/118/59
f 120/120/59 119/119/59 115/115/59
f 120/120/60 115/115/60 121/121/60
f 122/122/61 119/119/61 113/113/61
f 122/122/62 113/113/62 123/123/62
f 124/124/63 110/110/63 119/119/63
f 124/124/63 119/119/63 122/122/63
f 123/123/63 113/113/63 110/110/63
f 123/123/64 110/110/64 124/124/64
f 92/92/65 91/91/65 110/110/65
f 92/92/66 110/110/66 109/109/66
f 94/94/67 93/93/67 108/108/67
f 94/94/68 108/108/68 111/111/68
f 93/93/69 96/96/69 112/112/69
f 93/93/70 112/112/70 108/108/70
f 96/96/71 94/94/71 111/111/71
f 96/96/72 111/111/72 112/112/72
f 99/99/73 98/98/73 114/114/73
f 99/99/74 114/114/74 116/116/74
f 98/98/75 100/100/75 117/117/75
f 98/98/75 117/117/75 114/114/75
f 97/97/76 92/92/76 109/109/76
f 97/97/77 109/109/77 115/115/77
f 100/100/78 99/99/78 116/116/78
f 100/100/79 116/116/79 117/117/79
f 103/103/80 102/102/80 118/118/80
f 103/103/81 118/118/81 120/120/81
f 102/102/82 104/104/82 121/121/82
f 102/102/83 121/121/83 118/118/83
f 101/101/84 97/97/84 115/115/84
f 101/101/85 115/115/85 119/119/85
f 104/104/86 103/103/86 120/120/86
f 104/104/87 120/120/87 121/121/87
f 106/106/88 105/105/88 122/122/88
f 106/106/89 122/122/89 123/123/89
f 91/91/90 101/101/90 119/119/90
f 91/91/90 119/119/90 110/110/90
f 105/105/91 107/107/91 124/124/91
f 105/105/91 124/124/91 122/122/91
f 107/107/92 106/106/92 123/123/92
f 107/107/93 123/123/93 124/124/93
f 109/109/6 110/110/6 125/125/6
f 109/109/6 125/125/6 126/126/6
f 115/115/2 109/109/2 126/126/2
f 115/115/2 126/126/2 127/127/2
f 119/119/4 115/115/4 127/127/4
f 119/119/4 127/127/4 128/128/4
f 110/110/1 119/119/1 128/128/1
f 110/110/1 128/128/1 125/125/1
f 128/128/5 127/127/5 126/126/5
f 128/128/5 126/126/5 125/125/5
f 129/129/6 130/130/6 131/131/6
f 129/129/6 131/131/6 132/132/6
f 130/130/2 133/133/2 134/134/2
f 130/130/2 134/134/2 131/131/2
f 133/133/4 135/135/4 136/136/4
f 133/133/4 136/136/4 134/134/4
f 135/135/1 129/129/1 132/132/1
f 135/135/94 132/132/94 136/136/94
f 137/137/4 138/138/4 139/139/4
f 137/137/4 139/139/4 110/110/4
f 115/115/1 140/140/1 138/138/1
f 115/115/1 138/138/1 137/137/1
f 119/119/6 141/141/6 140/140/6
f 119/119/6 140/140/6 115/115/6
f 110/110/2 139/139/2 141/141/2
f 110/110/2 141/141/2 119/119/2
f 142/142/95 130/130/95 129/129/95
f 142/142/96 129/129/96 143/143/96
f 144/144/97 133/133/97 130/130/97
f 144/144/98 130/130/98 142/142/98
f 145/145/99 135/135/99 133/133/99
f 145/145/100 133/133/100 144/144/100
f 143/143/101 129/129/101 135/135/101
f 143/143/102 135/135/102 145/145/102
f 146/146/103 142/142/103 143/143/103
f 146/146/104 143/143/104 147/147/104
f 148/148/105 144/144/105 142/142/105
f 148/148/106 142/142/106 146/146/106
f 149/149/107 145/145/107 144/144/107
f 149/149/108 144/144/108 148/148/108
f 147/147/109 143/143/109 145/145/109
f 147/147/110 145/145/110 149/149/110
f 137/137/3 110/110/3 132/132/3
f 137/137/3 132/132/3 131/131/3
f 139/139/5 138/138/5 146/146/5
f 139/139/5 146/146/5 147/147/5
f 115/115/3 137/137/3 131/131/3
f 115/115/3 131/131/3 134/134/3
f 138/138/5 140/140/5 148/148/5
f 138/138/5 148/148/5 146/146/5
f 119/119/3 115/115/3 134/134/3
f 119/119/3 134/134/3 136/136/3
f 140/140/5 141/141/5 149/149/5
f 140/140/5 149/149/5 148/148/5
f 110/110/3 119/119/3 136/136/3
f 110/110/3 136/136/3 132/132/3
f 141/141/5 139/139/5 147/147/5
f 141/141/5 147/147/5 149/149/5
f 150/150/111 151/151/111 112/112/111
f 152/152/112 114/114/112 153/153/112
f 154/154/113 118/118/113 155/155/113
f 123/123/114 156/156/114 157/157/114
f 158/158/4 159/159/4 160/160/4
f 158/158/4 160/160/4 161/161/4
f 162/162/6 163/163/6 164/164/6
f 162/162/6 164/164/6 165/165/6
f 165/165/2 164/164/2 160/160/2
f 165/165/2 160/160/2 159/159/2
f 166/166/6 167/167/6 168/168/6
f 166/166/6 168/168/6 169/169/6
f 170/170/4 171/171/4 172/172/4
f 170/170/4 172/172/4 173/173/4
f 166/166/1 170/170/1 173/173/1
f 166/166/1 173/173/1 167/167/1
f 162/162/1 158/158/1 161/161/1
f 162/162/1 161/161/1 163/163/1
f 169/169/2 168/168/2 172/172/2
f 169/169/2 172/172/2 171/171/2
f 166/166/5 169/169/5 161/161/5
f 166/166/5 161/161/5 160/160/5
f 168/168/3 167/167/3 159/159/3
f 168/168/3 159/159/3 158/158/3
f 169/169/5 171/171/5 163/163/5
f 169/169/5 163/163/5 161/161/5
f 173/173/3 172/172/3 162/162/3
f 173/173/3 162/162/3 165/165/3
f 171/171/5 170/170/5 164/164/5
f 171/171/5 164/164/5 163/163/5
f 167/167/3 173/173/3 165/165/3
f 167/167/3 165/165/3 159/159/3
f 170/170/5 166/166/5 160/160/5
f 170/170/5 160/160/5 164/164/5
f 174/174/3 175/175/3 176/176/3
f 174/174/3 176/176/3 177/177/3
f 175/175/3 178/178/3 179/179/3
f 175/175/3 179/179/3 176/176/3
f 178/178/3 180/180/3 181/181/3
f 178/178/3 181/181/3 179/179/3
f 180/180/3 174/174/3 177/177/3
f 180/180/3 177/177/3 181/181/3
f 172/172/5 162/162/5 158/158/5
f 172/172/5 158/158/5 168/168/5
f 168/168/6 167/167/6 177/177/6
f 168/168/6 177/177/6 176/176/6
f 159/159/4 158/158/4 175/175/4
f 159/159/4 175/175/4 174/174/4
f 172/172/2 168/168/2 176/176/2
f 172/172/2 176/176/2 179/179/2
f 158/158/1 162/162/1 178/178/1
f 158/158/1 178/178/1 175/175/1
f 173/173/4 172/172/4 179/179/4
f 173/173/4 179/179/4 181/181/4
f 162/162/6 165/165/6 180/180/6
f 162/162/6 180/180/6 178/178/6
f 167/167/1 173/173/1 181/181/1
f 167/167/1 181/181/1 177/177/1
f 165/165/2 159/159/2 174/174/2
f 165/165/2 174/174/2 180/180/2
f 182/182/5 183/183/5 184/184/5
f 182/182/5 184/184/5 185/185/5
f 182/182/5 185/185/5 186/186/5
f 184/184/5 183/183/5 187/187/5
f 188/188/3 189/189/3 190/190/3
f 188/188/3 190/190/3 191/191/3
f 190/190/3 192/192/3 191/191/3
f 193/193/3 189/189/3 188/188/3
f 191/191/1 192/192/1 186/186/1
f 191/191/1 186/186/1 185/185/1
f 192/192/4 190/190/4 182/182/4
f 192/192/4 182/182/4 186/186/4
f 190/190/2 189/189/2 183/183/2
f 190/190/2 183/183/2 182/182/2
f 188/188/6 191/191/6 185/185/6
f 188/188/6 185/185/6 184/184/6
f 189/189/6 193/193/6 187/187/6
f 189/189/6 187/187/6 183/183/6
f 193/193/1 188/188/1 184/184/1
f 193/193/1 184/184/1 187/187/1
f 194/194/115 195/195/115 196/196/115
f 194/194/115 196/196/115 197/197/115
f 198/198/116 194/194/116 197/197/116
f 198/198/116 197/197/116 199/199/116
f 200/200/117 201/201/117 202/202/117
f 200/200/118 202/202/118 203/203/118
f 204/204/119 205/205/119 206/206/119
f 204/204/120 206/206/120 207/207/120
f 208/208/121 200/200/121 203/203/121
f 208/208/121 203/203/121 209/209/121
f 210/210/122 204/204/122 207/207/122
f 210/210/122 207/207/122 211/211/122
f 197/197/6 196/196/6 212/212/6
f 197/197/6 212/212/6 213/213/6
f 196/196/2 195/195/2 214/214/2
f 196/196/2 214/214/2 212/212/2
f 195/195/4 194/194/4 215/215/4
f 195/195/4 215/215/4 214/214/4
f 198/198/1 199/199/1 216/216/1
f 198/198/1 216/216/1 217/217/1
f 199/199/6 197/197/6 213/213/6
f 199/199/6 213/213/6 216/216/6
f 194/194/4 198/198/4 217/217/4
f 194/194/123 217/217/123 215/215/123
f 218/218/6 219/219/6 220/220/6
f 221/221/4 222/222/4 223/223/4
f 223/223/124 222/222/124 219/219/124
f 223/223/125 219/219/125 218/218/125
f 222/222/126 221/221/126 220/220/126
f 222/222/126 220/220/126 219/219/126
f 221/221/1 223/223/1 218/218/1
f 221/221/1 218/218/1 220/220/1
f 224/224/6 225/225/6 226/226/6
f 227/227/4 228/228/4 229/229/4
f 228/228/5 224/224/5 226/226/5
f 228/228/5 226/226/5 229/229/5
f 229/229/127 226/226/127 225/225/127
f 229/229/127 225/225/127 227/227/127
f 227/227/2 225/225/2 224/224/2
f 227/227/2 224/224/2 228/228/2
f 230/230/2 231/231/2 232/232/2
f 230/230/2 232/232/2 233/233/2
f 201/201/1 234/234/1 235/235/1
f 201/201/1 235/235/1 202/202/1
f 208/208/5 209/209/5 233/233/5
f 208/208/5 233/233/5 232/232/5
f 233/233/128 209/209/128 203/203/128
f 233/233/15 203/203/15 202/202/15
f 230/230/24 233/233/24 202/202/24
f 230/230/24 202/202/24 235/235/24
f 235/235/3 234/234/3 231/231/3
f 235/235/3 231/231/3 230/230/3
f 232/232/7 231/231/7 234/234/7
f 232/232/6 234/234/6 208/208/6
f 234/234/6 201/201/6 200/200/6
f 234/234/129 200/200/129 208/208/129
f 236/236/2 237/237/2 206/206/2
f 236/236/2 206/206/2 205/205/2
f 238/238/1 239/239/1 240/240/1
f 238/238/1 240/240/1 241/241/1
f 238/238/5 241/241/5 210/210/5
f 238/238/5 210/210/5 211/211/5
f 236/236/130 205/205/130 204/204/130
f 236/236/4 204/204/4 210/210/4
f 236/236/131 210/210/131 241/241/131
f 236/236/24 241/241/24 240/240/24
f 240/240/3 239/239/3 237/237/3
f 240/240/3 237/237/3 236/236/3
f 206/206/7 237/237/7 239/239/7
f 206/206/7 239/239/7 238/238/7
f 207/207/132 206/206/132 238/238/132
f 207/207/133 238/238/133 211/211/133
f 242/242/6 243/243/6 244/244/6
f 242/242/6 244/244/6 245/245/6
f 43/43/6 2/2/6 246/246/6
f 43/43/6 246/246/6 244/244/6
f 43/43/134 244/244/134 243/243/134
f 43/43/11 243/243/11 247/247/11
f 248/248/6 249/249/6 242/242/6
f 248/248/8 242/242/8 245/245/8
f 248/248/6 246/246/6 2/2/6
f 248/248/6 2/2/6 249/249/6
f 43/43/6 247/247/6 250/250/6
f 43/43/6 250/250/6 251/251/6
f 252/252/4 253/253/4 254/254/4
f 252/252/4 254/254/4 255/255/4
f 256/256/135 257/257/135 258/258/135
f 256/256/4 258/258/4 252/252/4
f 258/258/4 259/259/4 253/253/4
f 258/258/131 253/253/131 252/252/131
f 254/254/4 260/260/4 261/261/4
f 254/254/16 261/261/16 255/255/16
f 257/257/4 256/256/4 261/261/4
f 257/257/4 261/261/4 260/260/4
f 262/262/4 259/259/4 258/258/4
f 262/262/24 258/258/24 263/263/24
f 252/252/22 255/255/22 245/245/22
f 252/252/1 245/245/1 244/244/1
f 254/254/2 253/253/2 243/243/2
f 254/254/18 243/243/18 242/242/18
f 258/258/3 257/257/3 2/2/3
f 258/258/3 2/2/3 43/43/3
f 256/256/5 252/252/5 244/244/5
f 256/256/5 244/244/5 246/246/5
f 253/253/5 259/259/5 247/247/5
f 253/253/5 247/247/5 243/243/5
f 255/255/3 261/261/3 248/248/3
f 255/255/3 248/248/3 245/245/3
f 260/260/5 254/254/5 242/242/5
f 260/260/5 242/242/5 249/249/5
f 261/261/2 256/256/2 246/246/2
f 261/261/18 246/246/18 248/248/18
f 262/262/5 263/263/5 251/251/5
f 262/262/5 251/251/5 250/250/5
f 259/259/22 262/262/22 250/250/22
f 259/259/1 250/250/1 247/247/1
f 264/264/1 249/249/1 2/2/1
f 264/264/1 2/2/1 1/1/1
f 257/257/2 260/260/2 170/170/2
f 257/257/2 170/170/2 19/19/2
f 257/257/3 19/19/3 1/1/3
f 257/257/3 1/1/3 2/2/3
f 19/19/4 170/170/4 264/264/4
f 19/19/4 264/264/4 1/1/4
f 170/170/5 260/260/5 249/249/5
f 170/170/5 249/249/5 264/264/5
f 265/265/2 266/266/2 267/267/2
f 265/265/2 267/267/2 268/268/2
f 62/62/2 269/269/2 270/270/2
f 62/62/2 270/270/2 267/267/2
f 62/62/2 267/267/2 266/266/2
f 62/62/2 266/266/2 271/271/2
f 272/272/2 273/273/2 265/265/2
f 272/272/2 265/265/2 268/268/2
f 272/272/2 268/268/2 274/274/2
f 272/272/2 274/274/2 189/189/2
f 274/274/2 270/270/2 269/269/2
f 274/274/2 269/269/2 189/189/2
f 271/271/2 273/273/2 272/272/2
f 271/271/2 272/272/2 62/62/2
f 275/275/1 276/276/1 277/277/1
f 275/275/1 277/277/1 278/278/1
f 279/279/1 280/280/1 73/73/1
f 279/279/1 73/73/1 275/275/1
f 73/73/1 281/281/1 276/276/1
f 73/73/1 276/276/1 275/275/1
f 277/277/1 282/282/1 283/283/1
f 277/277/1 283/283/1 278/278/1
f 283/283/1 284/284/1 285/285/1
f 283/283/1 285/285/1 278/278/1
f 280/280/1 279/279/1 285/285/1
f 280/280/1 285/285/1 284/284/1
f 283/283/1 282/282/1 281/281/1
f 283/283/1 281/281/1 73/73/1
f 275/275/7 278/278/7 268/268/7
f 275/275/7 268/268/7 267/267/7
f 277/277/4 276/276/4 266/266/4
f 277/277/4 266/266/4 265/265/4
f 73/73/3 280/280/3 269/269/3
f 73/73/3 269/269/3 62/62/3
f 279/279/5 275/275/5 267/267/5
f 279/279/5 267/267/5 270/270/5
f 276/276/5 281/281/5 271/271/5
f 276/276/5 271/271/5 266/266/5
f 282/282/3 277/277/3 265/265/3
f 282/282/3 265/265/3 273/273/3
f 278/278/3 285/285/3 274/274/3
f 278/278/3 274/274/3 268/268/3
f 284/284/5 283/283/5 272/272/5
f 284/284/5 272/272/5 189/189/5
f 285/285/4 279/279/4 270/270/4
f 285/285/4 270/270/4 274/274/4
f 281/281/7 282/282/7 273/273/7
f 281/281/7 273/273/7 271/271/7
f 286/286/1 287/287/1 288/288/1
f 286/286/1 288/288/1 289/289/1
f 290/290/1 291/291/1 288/288/1
f 290/290/1 288/288/1 287/287/1
f 10/10/1 9/9/1 292/292/1
f 10/10/1 292/292/1 286/286/1
f 10/10/1 286/286/1 289/289/1
f 10/10/1 289/289/1 293/293/1
f 10/10/1 293/293/1 294/294/1
f 10/10/1 294/294/1 295/295/1
f 290/290/1 292/292/1 9/9/1
f 290/290/1 9/9/1 291/291/1
f 296/296/2 297/297/2 298/298/2
f 296/296/2 298/298/2 299/299/2
f 296/296/2 300/300/2 301/301/2
f 296/296/2 301/301/2 297/297/2
f 302/302/2 27/27/2 26/26/2
f 302/302/2 26/26/2 298/298/2
f 26/26/2 303/303/2 299/299/2
f 26/26/2 299/299/2 298/298/2
f 304/304/2 303/303/2 26/26/2
f 304/304/2 26/26/2 166/166/2
f 27/27/2 302/302/2 301/301/2
f 27/27/2 301/301/2 300/300/2
f 298/298/24 297/297/24 287/287/24
f 298/298/24 287/287/24 286/286/24
f 297/297/3 301/301/3 290/290/3
f 297/297/3 290/290/3 287/287/3
f 300/300/5 296/296/5 288/288/5
f 300/300/5 288/288/5 291/291/5
f 26/26/3 27/27/3 9/9/3
f 26/26/3 9/9/3 10/10/3
f 302/302/5 298/298/5 286/286/5
f 302/302/5 286/286/5 292/292/5
f 304/304/5 166/166/5 295/295/5
f 304/304/5 295/295/5 294/294/5
f 166/166/6 26/26/6 10/10/6
f 166/166/6 10/10/6 295/295/6
f 301/301/7 302/302/7 292/292/7
f 301/301/7 292/292/7 290/290/7
f 289/289/7 288/288/7 296/296/7
f 289/289/6 296/296/6 299/299/6
f 293/293/5 289/289/5 299/299/5
f 293/293/5 299/299/5 303/303/5
f 294/294/4 293/293/4 303/303/4
f 294/294/24 303/303/24 304/304/24
f 305/305/4 306/306/4 307/307/4
f 305/305/4 307/307/4 308/308/4
f 9/9/16 62/62/16 309/309/16
f 9/9/16 309/309/16 307/307/16
f 9/9/19 307/307/19 306/306/19
f 9/9/16 306/306/16 310/310/16
f 311/311/16 272/272/16 305/305/16
f 311/311/4 305/305/4 308/308/4
f 311/311/4 309/309/4 62/62/4
f 311/311/4 62/62/4 272/272/4
f 310/310/4 312/312/4 291/291/4
f 310/310/4 291/291/4 9/9/4
f 313/313/6 314/314/6 315/315/6
f 313/313/6 315/315/6 316/316/6
f 317/317/11 73/73/11 27/27/11
f 317/317/136 27/27/136 313/313/136
f 27/27/11 318/318/11 314/314/11
f 27/27/11 314/314/11 313/313/11
f 315/315/11 283/283/11 319/319/11
f 315/315/6 319/319/6 316/316/6
f 73/73/6 317/317/6 319/319/6
f 73/73/6 319/319/6 283/283/6
f 300/300/6 320/320/6 318/318/6
f 300/300/6 318/318/6 27/27/6
f 313/313/2 316/316/2 308/308/2
f 313/313/18 308/308/18 307/307/18
f 315/315/1 314/314/1 306/306/1
f 315/315/22 306/306/22 305/305/22
f 27/27/3 73/73/3 62/62/3
f 27/27/3 62/62/3 9/9/3
f 317/317/5 313/313/5 307/307/5
f 317/317/5 307/307/5 309/309/5
f 314/314/5 318/318/5 310/310/5
f 314/314/5 310/310/5 306/306/5
f 316/316/3 319/319/3 311/311/3
f 316/316/3 311/311/3 308/308/3
f 283/283/5 315/315/5 305/305/5
f 283/283/5 305/305/5 272/272/5
f 319/319/1 317/317/1 309/309/1
f 319/319/22 309/309/22 311/311/22
f 318/318/18 320/320/18 312/312/18
f 318/318/2 312/312/2 310/310/2
f 320/320/5 300/300/5 291/291/5
f 320/320/5 291/291/5 312/312/5
f 321/321/1 251/251/1 193/193/1
f 321/321/1 193/193/1 322/322/1
f 323/323/2 263/263/2 324/324/2
f 323/323/2 324/324/2 325/325/2
f 325/325/3 324/324/3 321/321/3
f 325/325/3 321/321/3 322/322/3
f 263/263/5 323/323/5 193/193/5
f 263/263/5 193/193/5 251/251/5
f 326/326/6 322/322/6 327/327/6
f 326/326/6 327/327/6 328/328/6
f 328/328/8 327/327/8 329/329/8
f 330/330/8 331/331/8 193/193/8
f 330/330/6 193/193/6 189/189/6
f 331/331/6 327/327/6 322/322/6
f 331/331/6 322/322/6 193/193/6
f 329/329/6 330/330/6 189/189/6
f 329/329/6 189/189/6 328/328/6
f 332/332/4 325/325/4 333/333/4
f 332/332/4 333/333/4 334/334/4
f 332/332/16 334/334/16 335/335/16
f 323/323/135 336/336/135 337/337/135
f 323/323/4 337/337/4 284/284/4
f 325/325/4 332/332/4 336/336/4
f 325/325/4 336/336/4 323/323/4
f 284/284/4 337/337/4 335/335/4
f 284/284/4 335/335/4 334/334/4
f 326/326/137 333/333/137 325/325/137
f 326/326/138 325/325/138 322/322/138
f 332/332/5 335/335/5 329/329/5
f 332/332/5 329/329/5 327/327/5
f 323/323/5 284/284/5 189/189/5
f 323/323/5 189/189/5 193/193/5
f 337/337/3 336/336/3 331/331/3
f 337/337/3 331/331/3 330/330/3
f 336/336/2 332/332/2 327/327/2
f 336/336/2 327/327/2 331/331/2
f 335/335/1 337/337/1 330/330/1
f 335/335/1 330/330/1 329/329/1
f 326/326/139 328/328/139 334/334/139
f 326/326/140 334/334/140 333/333/140
f 338/338/7 339/339/7 327/327/7
f 338/338/7 327/327/7 331/331/7
f 340/340/141 338/338/141 331/331/141
f 340/340/142 331/331/142 330/330/142
f 341/341/7 340/340/7 330/330/7
f 341/341/7 330/330/7 329/329/7
f 339/339/143 341/341/143 329/329/143
f 339/339/6 329/329/6 327/327/6
f 332/332/24 342/342/24 343/343/24
f 332/332/24 343/343/24 336/336/24
f 336/336/4 343/343/4 344/344/4
f 336/336/135 344/344/135 337/337/135
f 337/337/24 344/344/24 345/345/24
f 337/337/24 345/345/24 335/335/24
f 335/335/4 345/345/4 342/342/4
f 335/335/19 342/342/19 332/332/19
f 346/346/7 347/347/7 348/348/7
f 346/346/7 348/348/7 349/349/7
f 350/350/6 346/346/6 349/349/6
f 350/350/6 349/349/6 351/351/6
f 352/352/6 350/350/6 351/351/6
f 352/352/7 351/351/7 353/353/7
f 347/347/144 352/352/144 353/353/144
f 347/347/145 353/353/145 348/348/145
f 354/354/24 355/355/24 356/356/24
f 354/354/24 356/356/24 357/357/24
f 357/357/146 356/356/146 358/358/146
f 357/357/147 358/358/147 359/359/147
f 359/359/148 358/358/148 360/360/148
f 359/359/148 360/360/148 361/361/148
f 361/361/149 360/360/149 355/355/149
f 361/361/150 355/355/150 354/354/150
f 362/362/7 363/363/7 364/364/7
f 362/362/7 364/364/7 354/354/7
f 365/365/151 362/362/151 354/354/151
f 365/365/152 354/354/152 361/361/152
f 366/366/153 365/365/153 361/361/153
f 366/366/154 361/361/154 367/367/154
f 363/363/155 366/366/155 367/367/155
f 363/363/145 367/367/145 364/364/145
f 368/368/148 369/369/148 370/370/148
f 368/368/24 370/370/24 371/371/24
f 371/371/4 370/370/4 372/372/4
f 371/371/156 372/372/156 373/373/156
f 373/373/24 372/372/24 374/374/24
f 373/373/4 374/374/4 375/375/4
f 375/375/146 374/374/146 369/369/146
f 375/375/157 369/369/157 368/368/157
f 332/332/1 336/336/1 331/331/1
f 332/332/1 331/331/1 327/327/1
f 343/343/2 342/342/2 339/339/2
f 343/343/2 339/339/2 338/338/2
f 336/336/5 337/337/5 330/330/5
f 336/336/5 330/330/5 331/331/5
f 344/344/3 343/343/3 338/338/3
f 344/344/3 338/338/3 340/340/3
f 337/337/2 335/335/2 329/329/2
f 337/337/2 329/329/2 330/330/2
f 345/345/1 344/344/1 340/340/1
f 345/345/22 340/340/22 341/341/22
f 335/335/3 332/332/3 327/327/3
f 335/335/3 327/327/3 329/329/3
f 342/342/5 345/345/5 341/341/5
f 342/342/5 341/341/5 339/339/5
f 354/354/22 357/357/22 349/349/22
f 354/354/22 349/349/22 348/348/22
f 356/356/158 355/355/158 347/347/158
f 356/356/159 347/347/159 346/346/159
f 357/357/5 359/359/5 351/351/5
f 357/357/5 351/351/5 349/349/5
f 358/358/3 356/356/3 346/346/3
f 358/358/3 346/346/3 350/350/3
f 359/359/18 361/361/18 353/353/18
f 359/359/18 353/353/18 351/351/18
f 360/360/160 358/358/160 350/350/160
f 360/360/22 350/350/22 352/352/22
f 361/361/3 354/354/3 348/348/3
f 361/361/3 348/348/3 353/353/3
f 355/355/5 360/360/5 352/352/5
f 355/355/5 352/352/5 347/347/5
f 368/368/161 371/371/161 354/354/161
f 368/368/22 354/354/22 364/364/22
f 370/370/2 369/369/2 363/363/2
f 370/370/2 363/363/2 362/362/2
f 371/371/5 373/373/5 361/361/5
f 371/371/5 361/361/5 354/354/5
f 372/372/3 370/370/3 362/362/3
f 372/372/3 362/362/3 365/365/3
f 373/373/162 375/375/162 367/367/162
f 373/373/162 367/367/162 361/361/162
f 374/374/163 372/372/163 365/365/163
f 374/374/161 365/365/161 366/366/161
f 375/375/3 368/368/3 364/364/3
f 375/375/3 364/364/3 367/367/3
f 369/369/5 374/374/5 366/366/5
f 369/369/5 366/366/5 363/363/5
f 376/376/6 377/377/6 378/378/6
f 376/376/6 378/378/6 379/379/6
f 380/380/4 381/381/4 382/382/4
f 380/380/4 382/382/4 383/383/4
f 380/380/5 383/383/5 379/379/5
f 380/380/5 379/379/5 378/378/5
f 383/383/164 382/382/164 376/376/164
f 383/383/164 376/376/164 379/379/164
f 382/382/3 381/381/3 377/377/3
f 382/382/3 377/377/3 376/376/3
f 381/381/165 380/380/165 378/378/165
f 381/381/166 378/378/166 377/377/166
f 384/384/6 385/385/6 386/386/6
f 384/384/6 386/386/6 387/387/6
f 388/388/4 389/389/4 390/390/4
f 388/388/4 390/390/4 391/391/4
f 388/388/5 391/391/5 387/387/5
f 388/388/5 387/387/5 386/386/5
f 391/391/167 390/390/167 384/384/167
f 391/391/168 384/384/168 387/387/168
f 390/390/3 389/389/3 385/385/3
f 390/390/3 385/385/3 384/384/3
f 389/389/169 388/388/169 386/386/169
f 389/389/170 386/386/170 385/385/170
f 392/392/7 393/393/7 246/246/7
f 392/392/7 246/246/7 248/248/7
f 394/394/9 392/392/9 248/248/9
f 394/394/6 248/248/6 245/245/6
f 395/395/7 394/394/7 245/245/7
f 395/395/7 245/245/7 244/244/7
f 393/393/141 395/395/141 244/244/141
f 393/393/142 244/244/142 246/246/142
f 256/256/24 396/396/24 397/397/24
f 256/256/24 397/397/24 261/261/24
f 261/261/128 397/397/128 398/398/128
f 261/261/4 398/398/4 399/399/4
f 399/399/24 398/398/24 400/400/24
f 399/399/24 400/400/24 252/252/24
f 252/252/171 400/400/171 396/396/171
f 252/252/172 396/396/172 256/256/172
f 401/401/6 402/402/6 403/403/6
f 401/401/7 403/403/7 404/404/7
f 405/405/173 401/401/173 404/404/173
f 405/405/6 404/404/6 406/406/6
f 407/407/7 405/405/7 406/406/7
f 407/407/6 406/406/6 408/408/6
f 402/402/174 407/407/174 408/408/174
f 402/402/145 408/408/145 403/403/145
f 409/409/24 410/410/24 411/411/24
f 409/409/24 411/411/24 412/412/24
f 412/412/4 411/411/4 413/413/4
f 412/412/14 413/413/14 414/414/14
f 414/414/4 413/413/4 415/415/4
f 414/414/24 415/415/24 416/416/24
f 416/416/4 415/415/4 410/410/4
f 416/416/4 410/410/4 409/409/4
f 417/417/7 418/418/7 419/419/7
f 417/417/7 419/419/7 409/409/7
f 420/420/6 417/417/6 409/409/6
f 420/420/6 409/409/6 416/416/6
f 421/421/7 420/420/7 416/416/7
f 421/421/7 416/416/7 422/422/7
f 418/418/10 421/421/10 422/422/10
f 418/418/6 422/422/6 419/419/6
f 423/423/24 424/424/24 425/425/24
f 423/423/24 425/425/24 426/426/24
f 426/426/4 425/425/4 427/427/4
f 426/426/146 427/427/146 428/428/146
f 428/428/4 427/427/4 429/429/4
f 428/428/24 429/429/24 430/430/24
f 430/430/4 429/429/4 424/424/4
f 430/430/172 424/424/172 423/423/172
f 256/256/1 261/261/1 248/248/1
f 256/256/22 248/248/22 246/246/22
f 397/397/2 396/396/2 393/393/2
f 397/397/18 393/393/18 392/392/18
f 261/261/5 399/399/5 245/245/5
f 261/261/5 245/245/5 248/248/5
f 398/398/3 397/397/3 392/392/3
f 398/398/3 392/392/3 394/394/3
f 399/399/18 252/252/18 244/244/18
f 399/399/2 244/244/2 245/245/2
f 400/400/1 398/398/1 394/394/1
f 400/400/1 394/394/1 395/395/1
f 252/252/3 256/256/3 246/246/3
f 252/252/3 246/246/3 244/244/3
f 396/396/5 400/400/5 395/395/5
f 396/396/5 395/395/5 393/393/5
f 409/409/160 412/412/160 404/404/160
f 409/409/22 404/404/22 403/403/22
f 411/411/158 410/410/158 402/402/158
f 411/411/162 402/402/162 401/401/162
f 412/412/5 414/414/5 406/406/5
f 412/412/5 406/406/5 404/404/5
f 413/413/3 411/411/3 401/401/3
f 413/413/3 401/401/3 405/405/3
f 414/414/18 416/416/18 408/408/18
f 414/414/159 408/408/159 406/406/159
f 415/415/175 413/413/175 405/405/175
f 415/415/163 405/405/163 407/407/163
f 416/416/3 409/409/3 403/403/3
f 416/416/3 403/403/3 408/408/3
f 410/410/5 415/415/5 407/407/5
f 410/410/5 407/407/5 402/402/5
f 423/423/165 426/426/165 409/409/165
f 423/423/22 409/409/22 419/419/22
f 425/425/158 424/424/158 418/418/158
f 425/425/2 418/418/2 417/417/2
f 426/426/5 428/428/5 416/416/5
f 426/426/5 416/416/5 409/409/5
f 427/427/3 425/425/3 417/417/3
f 427/427/3 417/417/3 420/420/3
f 428/428/162 430/430/162 422/422/162
f 428/428/18 422/422/18 416/416/18
f 429/429/1 427/427/1 420/420/1
f 429/429/176 420/420/176 421/421/176
f 430/430/3 423/423/3 419/419/3
f 430/430/3 419/419/3 422/422/3
f 424/424/5 429/429/5 421/421/5
f 424/424/5 421/421/5 418/418/5
f 431/431/6 432/432/6 433/433/6
f 431/431/6 433/433/6 434/434/6
f 435/435/4 436/436/4 437/437/4
f 435/435/4 437/437/4 438/438/4
f 435/435/5 438/438/5 434/434/5
f 435/435/5 434/434/5 433/433/5
f 438/438/168 437/437/168 431/431/168
f 438/438/177 431/431/177 434/434/177
f 437/437/3 436/436/3 432/432/3
f 437/437/3 432/432/3 431/431/3
f 436/436/166 435/435/166 433/433/166
f 436/436/176 433/433/176 432/432/176
f 439/439/6 440/440/6 441/441/6
f 439/439/6 441/441/6 442/442/6
f 443/443/4 444/444/4 445/445/4
f 443/443/4 445/445/4 446/446/4
f 443/443/5 446/446/5 442/442/5
f 443/443/5 442/442/5 441/441/5
f 446/446/178 445/445/178 439/439/178
f 446/446/179 439/439/179 442/442/179
f 445/445/3 444/444/3 440/440/3
f 445/445/3 440/440/3 439/439/3
f 444/444/180 443/443/180 441/441/180
f 444/444/181 441/441/181 440/440/181
f 447/447/6 448/448/6 449/449/6
f 447/447/6 449/449/6 450/450/6
f 451/451/6 452/452/6 453/453/6
f 451/451/6 453/453/6 454/454/6
f 451/451/6 454/454/6 455/455/6
f 451/451/6 455/455/6 456/456/6
f 451/451/6 456/456/6 457/457/6
f 451/451/6 457/457/6 449/449/6
f 451/451/6 449/449/6 448/448/6
f 451/451/6 448/448/6 458/458/6
f 451/451/6 458/458/6 459/459/6
f 451/451/6 459/459/6 460/460/6
f 451/451/6 460/460/6 461/461/6
f 451/451/6 461/461/6 462/462/6
f 463/463/8 453/453/8 452/452/8
f 463/463/6 452/452/6 464/464/6
f 464/464/7 465/465/7 466/466/7
f 464/464/7 466/466/7 467/467/7
f 464/464/6 467/467/6 468/468/6
f 464/464/7 468/468/7 469/469/7
f 464/464/7 469/469/7 470/470/7
f 464/464/6 470/470/6 447/447/6
f 464/464/7 447/447/7 450/450/7
f 464/464/7 450/450/7 471/471/7
f 464/464/7 471/471/7 472/472/7
f 464/464/7 472/472/7 473/473/7
f 464/464/7 473/473/7 474/474/7
f 464/464/7 474/474/7 463/463/7
f 462/462/6 466/466/6 465/465/6
f 462/462/6 465/465/6 451/451/6
f 473/473/6 455/455/6 454/454/6
f 473/473/6 454/454/6 474/474/6
f 471/471/6 457/457/6 456/456/6
f 471/471/6 456/456/6 472/472/6
f 460/460/6 468/468/6 467/467/6
f 460/460/6 467/467/6 461/461/6
f 458/458/6 470/470/6 469/469/6
f 458/458/6 469/469/6 459/459/6
f 475/475/4 476/476/4 477/477/4
f 475/475/24 477/477/24 478/478/24
f 479/479/4 480/480/4 481/481/4
f 479/479/4 481/481/4 482/482/4
f 481/481/4 483/483/4 484/484/4
f 481/481/4 484/484/4 485/485/4
f 481/481/4 485/485/4 486/486/4
f 481/481/4 486/486/4 487/487/4
f 481/481/4 487/487/4 476/476/4
f 481/481/4 476/476/4 475/475/4
f 481/481/4 475/475/4 488/488/4
f 481/481/4 488/488/4 489/489/4
f 481/481/4 489/489/4 490/490/4
f 481/481/4 490/490/4 482/482/4
f 480/480/4 479/479/4 491/491/4
f 480/480/16 491/491/16 492/492/16
f 493/493/4 494/494/4 492/492/4
f 493/493/4 492/492/4 495/495/4
f 492/492/4 491/491/4 496/496/4
f 492/492/4 496/496/4 497/497/4
f 492/492/4 497/497/4 498/498/4
f 492/492/4 498/498/4 499/499/4
f 492/492/4 499/499/4 478/478/4
f 492/492/4 478/478/4 477/477/4
f 492/492/4 477/477/4 500/500/4
f 492/492/4 500/500/4 501/501/4
f 492/492/4 501/501/4 502/502/4
f 492/492/4 502/502/4 495/495/4
f 494/494/19 493/493/19 483/483/19
f 494/494/4 483/483/4 481/481/4
f 482/482/4 490/490/4 497/497/4
f 482/482/4 497/497/4 496/496/4
f 489/489/24 488/488/24 499/499/24
f 489/489/4 499/499/4 498/498/4
f 495/495/4 502/502/4 485/485/4
f 495/495/4 485/485/4 484/484/4
f 501/501/4 500/500/4 487/487/4
f 501/501/24 487/487/24 486/486/24
f 475/475/5 478/478/5 450/450/5
f 475/475/5 450/450/5 449/449/5
f 477/477/3 476/476/3 448/448/3
f 477/477/3 448/448/3 447/447/3
f 481/481/165 480/480/165 452/452/165
f 481/481/22 452/452/22 451/451/22
f 479/479/162 482/482/162 454/454/162
f 479/479/18 454/454/18 453/453/18
f 490/490/18 489/489/18 456/456/18
f 490/490/18 456/456/18 455/455/18
f 488/488/18 475/475/18 449/449/18
f 488/488/18 449/449/18 457/457/18
f 476/476/18 487/487/18 458/458/18
f 476/476/18 458/458/18 448/448/18
f 486/486/18 485/485/18 460/460/18
f 486/486/18 460/460/18 459/459/18
f 484/484/18 483/483/18 462/462/18
f 484/484/18 462/462/18 461/461/18
f 480/480/5 492/492/5 464/464/5
f 480/480/5 464/464/5 452/452/5
f 491/491/3 479/479/3 453/453/3
f 491/491/3 453/453/3 463/463/3
f 492/492/168 494/494/168 465/465/168
f 492/492/18 465/465/18 464/464/18
f 493/493/22 495/495/22 467/467/22
f 493/493/182 467/467/182 466/466/182
f 502/502/22 501/501/22 469/469/22
f 502/502/182 469/469/182 468/468/182
f 500/500/22 477/477/22 447/447/22
f 500/500/182 447/447/182 470/470/182
f 478/478/22 499/499/22 471/471/22
f 478/478/22 471/471/22 450/450/22
f 498/498/22 497/497/22 473/473/22
f 498/498/22 473/473/22 472/472/22
f 496/496/22 491/491/22 463/463/22
f 496/496/22 463/463/22 474/474/22
f 494/494/3 481/481/3 451/451/3
f 494/494/3 451/451/3 465/465/3
f 483/483/5 493/493/5 466/466/5
f 483/483/5 466/466/5 462/462/5
f 482/482/5 496/496/5 474/474/5
f 482/482/5 474/474/5 454/454/5
f 497/497/3 490/490/3 455/455/3
f 497/497/3 455/455/3 473/473/3
f 489/489/5 498/498/5 472/472/5
f 489/489/5 472/472/5 456/456/5
f 499/499/3 488/488/3 457/457/3
f 499/499/3 457/457/3 471/471/3
f 495/495/3 484/484/3 461/461/3
f 495/495/3 461/461/3 467/467/3
f 485/485/5 502/502/5 468/468/5
f 485/485/5 468/468/5 460/460/5
f 501/501/3 486/486/3 459/459/3
f 501/501/3 459/459/3 469/469/3
f 487/487/5 500/500/5 470/470/5
f 487/487/5 470/470/5 458/458/5
f 503/503/25 504/504/25 243/243/25
f 503/503/183 243/243/183 242/242/183
f 505/505/144 503/503/144 242/242/144
f 505/505/6 242/242/6 250/250/6
f 506/506/183 505/505/183 250/250/183
f 506/506/184 250/250/184 247/247/184
f 504/504/185 506/506/185 247/247/185
f 504/504/6 247/247/6 243/243/6
f 507/507/24 508/508/24 509/509/24
f 507/507/24 509/509/24 510/510/24
f 510/510/186 509/509/186 511/511/186
f 510/510/135 511/511/135 512/512/135
f 512/512/24 511/511/24 513/513/24
f 512/512/24 513/513/24 514/514/24
f 514/514/187 513/513/187 508/508/187
f 514/514/188 508/508/188 507/507/188
f 507/507/1 510/510/1 242/242/1
f 507/507/22 242/242/22 243/243/22
f 509/509/18 508/508/18 504/504/18
f 509/509/2 504/504/2 503/503/2
f 510/510/5 512/512/5 250/250/5
f 510/510/5 250/250/5 242/242/5
f 511/511/3 509/509/3 503/503/3
f 511/511/3 503/503/3 505/505/3
f 512/512/18 514/514/18 247/247/18
f 512/512/2 247/247/2 250/250/2
f 513/513/1 511/511/1 505/505/1
f 513/513/22 505/505/22 506/506/22
f 514/514/3 507/507/3 243/243/3
f 514/514/3 243/243/3 247/247/3
f 508/508/5 513/513/5 506/506/5
f 508/508/5 506/506/5 504/504/5
f 515/515/6 516/516/6 517/517/6
f 515/515/6 517/517/6 518/518/6
f 519/519/6 520/520/6 521/521/6
f 519/519/6 521/521/6 522/522/6
f 523/523/6 524/524/6 525/525/6
f 523/523/6 525/525/6 526/526/6
f 527/527/6 528/528/6 529/529/6
f 527/527/6 529/529/6 530/530/6
f 531/531/6 532/532/6 533/533/6
f 531/531/6 533/533/6 534/534/6
f 535/535/6 536/536/6 537/537/6
f 535/535/6 537/537/6 538/538/6
f 539/539/4 540/540/4 541/541/4
f 539/539/4 541/541/4 542/542/4
f 543/543/4 544/544/4 545/545/4
f 543/543/4 545/545/4 546/546/4
f 547/547/4 548/548/4 549/549/4
f 547/547/4 549/549/4 550/550/4
f 551/551/4 552/552/4 553/553/4
f 551/551/4 553/553/4 554/554/4
f 555/555/4 556/556/4 557/557/4
f 555/555/4 557/557/4 558/558/4
f 559/559/4 560/560/4 561/561/4
f 559/559/4 561/561/4 562/562/4
f 539/539/5 542/542/5 518/518/5
f 539/539/5 518/518/5 517/517/5
f 542/542/159 541/541/159 515/515/159
f 542/542/189 515/515/189 518/518/189
f 541/541/3 540/540/3 516/516/3
f 541/541/3 516/516/3 515/515/3
f 540/540/190 539/539/190 517/517/190
f 540/540/160 517/517/160 516/516/160
f 543/543/5 546/546/5 522/522/5
f 543/543/5 522/522/5 521/521/5
f 546/546/159 545/545/159 519/519/159
f 546/546/189 519/519/189 522/522/189
f 545/545/3 544/544/3 520/520/3
f 545/545/3 520/520/3 519/519/3
f 544/544/165 543/543/165 521/521/165
f 544/544/160 521/521/160 520/520/160
f 547/547/5 550/550/5 526/526/5
f 547/547/5 526/526/5 525/525/5
f 550/550/159 549/549/159 523/523/159
f 550/550/168 523/523/168 526/526/168
f 549/549/3 548/548/3 524/524/3
f 549/549/3 524/524/3 523/523/3
f 548/548/190 547/547/190 525/525/190
f 548/548/160 525/525/160 524/524/160
f 551/551/3 554/554/3 530/530/3
f 551/551/3 530/530/3 529/529/3
f 554/554/190 553/553/190 527/527/190
f 554/554/160 527/527/160 530/530/160
f 553/553/5 552/552/5 528/528/5
f 553/553/5 528/528/5 527/527/5
f 552/552/159 551/551/159 529/529/159
f 552/552/189 529/529/189 528/528/189
f 555/555/3 558/558/3 534/534/3
f 555/555/3 534/534/3 533/533/3
f 558/558/190 557/557/190 531/531/190
f 558/558/160 531/531/160 534/534/160
f 557/557/5 556/556/5 532/532/5
f 557/557/5 532/532/5 531/531/5
f 556/556/159 555/555/159 533/533/159
f 556/556/2 533/533/2 532/532/2
f 559/559/3 562/562/3 538/538/3
f 559/559/3 538/538/3 537/537/3
f 562/562/190 561/561/190 535/535/190
f 562/562/160 535/535/160 538/538/160
f 561/561/5 560/560/5 536/536/5
f 561/561/5 536/536/5 535/535/5
f 560/560/159 559/559/159 537/537/159
f 560/560/189 537/537/189 536/536/189
f 563/563/191 564/564/191 565/565/191
f 563/563/192 565/565/192 566/566/192
f 564/564/7 567/567/7 568/568/7
f 564/564/7 568/568/7 565/565/7
f 567/567/193 569/569/193 570/570/193
f 567/567/194 570/570/194 568/568/194
f 569/569/7 563/563/7 566/566/7
f 569/569/6 566/566/6 570/570/6
f 566/566/5 565/565/5 571/571/5
f 566/566/5 571/571/5 572/572/5
f 565/565/195 568/568/195 573/573/195
f 565/565/2 573/573/2 571/571/2
f 568/568/3 570/570/3 574/574/3
f 568/568/3 574/574/3 573/573/3
f 566/566/22 572/572/22 574/574/22
f 566/566/196 574/574/196 570/570/196
f 575/575/1 576/576/1 577/577/1
f 575/575/197 577/577/197 578/578/197
f 571/571/6 573/573/6 576/576/6
f 571/571/6 576/576/6 575/575/6
f 573/573/3 574/574/3 577/577/3
f 573/573/3 577/577/3 576/576/3
f 574/574/4 572/572/4 578/578/4
f 574/574/4 578/578/4 577/577/4
f 572/572/5 571/571/5 575/575/5
f 572/572/5 575/575/5 578/578/5
f 579/579/198 580/580/198 581/581/198
f 579/579/130 581/581/130 582/582/130
f 582/582/24 581/581/24 583/583/24
f 582/582/24 583/583/24 584/584/24
f 584/584/199 583/583/199 585/585/199
f 584/584/200 585/585/200 586/586/200
f 586/586/4 585/585/4 580/580/4
f 586/586/24 580/580/24 579/579/24
f 580/580/5 587/587/5 588/588/5
f 580/580/5 588/588/5 581/581/5
f 581/581/2 588/588/2 589/589/2
f 581/581/18 589/589/18 583/583/18
f 583/583/3 589/589/3 590/590/3
f 583/583/3 590/590/3 585/585/3
f 580/580/22 585/585/22 590/590/22
f 580/580/197 590/590/197 587/587/197
f 591/591/197 592/592/197 593/593/197
f 591/591/197 593/593/197 594/594/197
f 588/588/4 591/591/4 594/594/4
f 588/588/4 594/594/4 589/589/4
f 589/589/3 594/594/3 593/593/3
f 589/589/3 593/593/3 590/590/3
f 590/590/7 593/593/7 592/592/7
f 590/590/7 592/592/7 587/587/7
f 587/587/5 592/592/5 591/591/5
f 587/587/5 591/591/5 588/588/5
f 582/582/5 564/564/5 563/563/5
f 582/582/5 563/563/5 579/579/5
f 584/584/2 567/567/2 564/564/2
f 584/584/2 564/564/2 582/582/2
f 586/586/3 569/569/3 567/567/3
f 586/586/3 567/567/3 584/584/3
f 579/579/197 563/563/197 569/569/197
f 579/579/197 569/569/197 586/586/197
f 595/595/1 596/596/1 597/597/1
f 595/595/1 597/597/1 598/598/1
f 599/599/1 600/600/1 601/601/1
f 599/599/163 601/601/163 602/602/163
f 599/599/201 602/602/201 603/603/201
f 599/599/22 603/603/22 604/604/22
f 599/599/22 604/604/22 605/605/22
f 599/599/163 605/605/163 597/597/163
f 599/599/1 597/597/1 596/596/1
f 599/599/22 596/596/22 606/606/22
f 599/599/22 606/606/22 607/607/22
f 599/599/197 607/607/197 608/608/197
f 599/599/22 608/608/22 609/609/22
f 599/599/1 609/609/1 610/610/1
f 611/611/1 601/601/1 600/600/1
f 611/611/1 600/600/1 612/612/1
f 612/612/22 613/613/22 614/614/22
f 612/612/176 614/614/176 615/615/176
f 612/612/160 615/615/160 616/616/160
f 612/612/165 616/616/165 617/617/165
f 612/612/22 617/617/22 618/618/22
f 612/612/22 618/618/22 595/595/22
f 612/612/22 595/595/22 598/598/22
f 612/612/22 598/598/22 619/619/22
f 612/612/165 619/619/165 620/620/165
f 612/612/1 620/620/1 621/621/1
f 612/612/1 621/621/1 622/622/1
f 612/612/22 622/622/22 611/611/22
f 610/610/1 614/614/1 613/613/1
f 610/610/1 613/613/1 599/599/1
f 621/621/1 603/603/1 602/602/1
f 621/621/1 602/602/1 622/622/1
f 619/619/1 605/605/1 604/604/1
f 619/619/1 604/604/1 620/620/1
f 608/608/1 616/616/1 615/615/1
f 608/608/1 615/615/1 609/609/1
f 606/606/1 618/618/1 617/617/1
f 606/606/1 617/617/1 607/607/1
f 623/623/2 624/624/2 625/625/2
f 623/623/2 625/625/2 626/626/2
f 627/627/2 628/628/2 629/629/2
f 627/627/164 629/629/164 630/630/164
f 629/629/2 631/631/2 632/632/2
f 629/629/18 632/632/18 633/633/18
f 629/629/2 633/633/2 634/634/2
f 629/629/18 634/634/18 635/635/18
f 629/629/168 635/635/168 624/624/168
f 629/629/18 624/624/18 623/623/18
f 629/629/162 623/623/162 636/636/162
f 629/629/159 636/636/159 637/637/159
f 629/629/202 637/637/202 638/638/202
f 629/629/203 638/638/203 630/630/203
f 628/628/2 627/627/2 639/639/2
f 628/628/2 639/639/2 640/640/2
f 641/641/2 642/642/2 640/640/2
f 641/641/168 640/640/168 643/643/168
f 640/640/18 639/639/18 644/644/18
f 640/640/18 644/644/18 645/645/18
f 640/640/162 645/645/162 646/646/162
f 640/640/162 646/646/162 647/647/162
f 640/640/18 647/647/18 626/626/18
f 640/640/2 626/626/2 625/625/2
f 640/640/18 625/625/18 648/648/18
f 640/640/2 648/648/2 649/649/2
f 640/640/202 649/649/202 650/650/202
f 640/640/18 650/650/18 643/643/18
f 642/642/2 641/641/2 631/631/2
f 642/642/2 631/631/2 629/629/2
f 630/630/2 638/638/2 645/645/2
f 630/630/2 645/645/2 644/644/2
f 637/637/2 636/636/2 647/647/2
f 637/637/2 647/647/2 646/646/2
f 643/643/2 650/650/2 633/633/2
f 643/643/2 633/633/2 632/632/2
f 649/649/2 648/648/2 635/635/2
f 649/649/2 635/635/2 634/634/2
f 623/623/5 626/626/5 598/598/5
f 623/623/5 598/598/5 597/597/5
f 625/625/3 624/624/3 596/596/3
f 625/625/3 596/596/3 595/595/3
f 629/629/24 628/628/24 600/600/24
f 629/629/24 600/600/24 599/599/24
f 627/627/7 630/630/7 602/602/7
f 627/627/7 602/602/7 601/601/7
f 638/638/7 637/637/7 604/604/7
f 638/638/7 604/604/7 603/603/7
f 636/636/7 623/623/7 597/597/7
f 636/636/7 597/597/7 605/605/7
f 624/624/7 635/635/7 606/606/7
f 624/624/7 606/606/7 596/596/7
f 634/634/7 633/633/7 608/608/7
f 634/634/7 608/608/7 607/607/7
f 632/632/7 631/631/7 610/610/7
f 632/632/7 610/610/7 609/609/7
f 628/628/5 640/640/5 612/612/5
f 628/628/5 612/612/5 600/600/5
f 639/639/3 627/627/3 601/601/3
f 639/639/3 601/601/3 611/611/3
f 640/640/7 642/642/7 613/613/7
f 640/640/7 613/613/7 612/612/7
f 641/641/24 643/643/24 615/615/24
f 641/641/24 615/615/24 614/614/24
f 650/650/24 649/649/24 617/617/24
f 650/650/24 617/617/24 616/616/24
f 648/648/24 625/625/24 595/595/24
f 648/648/24 595/595/24 618/618/24
f 626/626/24 647/647/24 619/619/24
f 626/626/24 619/619/24 598/598/24
f 646/646/24 645/645/24 621/621/24
f 646/646/24 621/621/24 620/620/24
f 644/644/24 639/639/24 611/611/24
f 644/644/24 611/611/24 622/622/24
f 642/642/3 629/629/3 599/599/3
f 642/642/3 599/599/3 613/613/3
f 631/631/5 641/641/5 614/614/5
f 631/631/5 614/614/5 610/610/5
f 630/630/5 644/644/5 622/622/5
f 630/630/5 622/622/5 602/602/5
f 645/645/3 638/638/3 603/603/3
f 645/645/3 603/603/3 621/621/3
f 637/637/5 646/646/5 620/620/5
f 637/637/5 620/620/5 604/604/5
f 647/647/3 636/636/3 605/605/3
f 647/647/3 605/605/3 619/619/3
f 643/643/3 632/632/3 609/609/3
f 643/643/3 609/609/3 615/615/3
f 633/633/5 650/650/5 616/616/5
f 633/633/5 616/616/5 608/608/5
f 649/649/3 634/634/3 607/607/3
f 649/649/3 607/607/3 617/617/3
f 635/635/5 648/648/5 618/618/5
f 635/635/5 618/618/5 606/606/5
f 651/651/22 652/652/22 653/653/22
f 651/651/1 653/653/1 654/654/1
f 655/655/204 651/651/204 654/654/204
f 655/655/205 654/654/205 656/656/205
f 657/657/1 655/655/1 656/656/1
f 657/657/1 656/656/1 658/658/1
f 652/652/94 657/657/94 658/658/94
f 652/652/1 658/658/1 653/653/1
f 659/659/18 660/660/18 661/661/18
f 659/659/2 661/661/2 662/662/2
f 662/662/2 661/661/2 663/663/2
f 662/662/206 663/663/206 664/664/206
f 664/664/2 663/663/2 665/665/2
f 664/664/18 665/665/18 666/666/18
f 666/666/2 665/665/2 660/660/2
f 666/666/2 660/660/2 659/659/2
f 659/659/4 662/662/4 654/654/4
f 659/659/4 654/654/4 653/653/4
f 661/661/7 660/660/7 652/652/7
f 661/661/6 652/652/6 651/651/6
f 662/662/5 664/664/5 656/656/5
f 662/662/5 656/656/5 654/654/5
f 663/663/3 661/661/3 651/651/3
f 663/663/3 651/651/3 655/655/3
f 664/664/6 666/666/6 658/658/6
f 664/664/6 658/658/6 656/656/6
f 665/665/4 663/663/4 655/655/4
f 665/665/4 655/655/4 657/657/4
f 666/666/3 659/659/3 653/653/3
f 666/666/3 653/653/3 658/658/3
f 660/660/5 665/665/5 657/657/5
f 660/660/5 657/657/5 652/652/5
f 667/667/1 668/668/1 669/669/1
f 667/667/1 669/669/1 670/670/1
f 671/671/1 672/672/1 673/673/1
f 671/671/1 673/673/1 674/674/1
f 675/675/1 676/676/1 677/677/1
f 675/675/1 677/677/1 678/678/1
f 679/679/1 680/680/1 681/681/1
f 679/679/1 681/681/1 682/682/1
f 683/683/1 684/684/1 685/685/1
f 683/683/1 685/685/1 686/686/1
f 687/687/1 688/688/1 689/689/1
f 687/687/1 689/689/1 690/690/1
f 691/691/2 692/692/2 693/693/2
f 691/691/2 693/693/2 694/694/2
f 695/695/2 696/696/2 697/697/2
f 695/695/2 697/697/2 698/698/2
f 699/699/2 700/700/2 701/701/2
f 699/699/2 701/701/2 702/702/2
f 703/703/2 704/704/2 705/705/2
f 703/703/2 705/705/2 706/706/2
f 707/707/2 708/708/2 709/709/2
f 707/707/2 709/709/2 710/710/2
f 711/711/2 712/712/2 713/713/2
f 711/711/2 713/713/2 714/714/2
f 691/691/5 694/694/5 670/670/5
f 691/691/5 670/670/5 669/669/5
f 694/694/207 693/693/207 667/667/207
f 694/694/208 667/667/208 670/670/208
f 693/693/3 692/692/3 668/668/3
f 693/693/3 668/668/3 667/667/3
f 692/692/148 691/691/148 669/669/148
f 692/692/148 669/669/148 668/668/148
f 695/695/5 698/698/5 674/674/5
f 695/695/5 674/674/5 673/673/5
f 698/698/208 697/697/208 671/671/208
f 698/698/208 671/671/208 674/674/208
f 697/697/3 696/696/3 672/672/3
f 697/697/3 672/672/3 671/671/3
f 696/696/148 695/695/148 673/673/148
f 696/696/148 673/673/148 672/672/148
f 699/699/5 702/702/5 678/678/5
f 699/699/5 678/678/5 677/677/5
f 702/702/208 701/701/208 675/675/208
f 702/702/208 675/675/208 678/678/208
f 701/701/3 700/700/3 676/676/3
f 701/701/3 676/676/3 675/675/3
f 700/700/148 699/699/148 677/677/148
f 700/700/148 677/677/148 676/676/148
f 703/703/3 706/706/3 682/682/3
f 703/703/3 682/682/3 681/681/3
f 706/706/148 705/705/148 679/679/148
f 706/706/198 679/679/198 682/682/198
f 705/705/5 704/704/5 680/680/5
f 705/705/5 680/680/5 679/679/5
f 704/704/208 703/703/208 681/681/208
f 704/704/208 681/681/208 680/680/208
f 707/707/3 710/710/3 686/686/3
f 707/707/3 686/686/3 685/685/3
f 710/710/148 709/709/148 683/683/148
f 710/710/148 683/683/148 686/686/148
f 709/709/5 708/708/5 684/684/5
f 709/709/5 684/684/5 683/683/5
f 708/708/208 707/707/208 685/685/208
f 708/708/208 685/685/208 684/684/208
f 711/711/3 714/714/3 690/690/3
f 711/711/3 690/690/3 689/689/3
f 714/714/148 713/713/148 687/687/148
f 714/714/148 687/687/148 690/690/148
f 713/713/5 712/712/5 688/688/5
f 713/713/5 688/688/5 687/687/5
f 712/712/208 711/711/208 689/689/208
f 712/712/208 689/689/208 688/688/208
f 715/715/204 716/716/204 717/717/204
f 715/715/209 717/717/209 718/718/209
f 716/716/1 719/719/1 720/720/1
f 716/716/22 720/720/22 717/717/22
f 719/719/22 721/721/22 722/722/22
f 719/719/197 722/722/197 720/720/197
f 721/721/22 715/715/22 718/718/22
f 721/721/22 718/718/22 722/722/22
f 718/718/5 717/717/5 723/723/5
f 718/718/5 723/723/5 724/724/5
f 717/717/7 720/720/7 725/725/7
f 717/717/7 725/725/7 723/723/7
f 720/720/3 722/722/3 726/726/3
f 720/720/3 726/726/3 725/725/3
f 718/718/4 724/724/4 726/726/4
f 718/718/4 726/726/4 722/722/4
f 727/727/198 728/728/198 729/729/198
f 727/727/210 729/729/210 730/730/210
f 723/723/1 725/725/1 728/728/1
f 723/723/1 728/728/1 727/727/1
f 725/725/3 726/726/3 729/729/3
f 725/725/3 729/729/3 728/728/3
f 726/726/18 724/724/18 730/730/18
f 726/726/2 730/730/2 729/729/2
f 724/724/5 723/723/5 727/727/5
f 724/724/5 727/727/5 730/730/5
f 731/731/211 732/732/211 733/733/211
f 731/731/212 733/733/212 734/734/212
f 734/734/18 733/733/18 735/735/18
f 734/734/18 735/735/18 736/736/18
f 736/736/162 735/735/162 737/737/162
f 736/736/206 737/737/206 738/738/206
f 738/738/2 737/737/2 732/732/2
f 738/738/18 732/732/18 731/731/18
f 732/732/5 739/739/5 740/740/5
f 732/732/5 740/740/5 733/733/5
f 733/733/6 740/740/6 741/741/6
f 733/733/6 741/741/6 735/735/6
f 735/735/3 741/741/3 742/742/3
f 735/735/3 742/742/3 737/737/3
f 732/732/213 737/737/213 742/742/213
f 732/732/214 742/742/214 739/739/214
f 743/743/198 744/744/198 745/745/198
f 743/743/210 745/745/210 746/746/210
f 740/740/2 743/743/2 746/746/2
f 740/740/2 746/746/2 741/741/2
f 741/741/3 746/746/3 745/745/3
f 741/741/3 745/745/3 742/742/3
f 742/742/1 745/745/1 744/744/1
f 742/742/1 744/744/1 739/739/1
f 739/739/5 744/744/5 743/743/5
f 739/739/5 743/743/5 740/740/5
f 734/734/5 716/716/5 715/715/5
f 734/734/5 715/715/5 731/731/5
f 736/736/183 719/719/183 716/716/183
f 736/736/183 716/716/183 734/734/183
f 738/738/3 721/721/3 719/719/3
f 738/738/3 719/719/3 736/736/3
f 731/731/24 715/715/24 721/721/24
f 731/731/24 721/721/24 738/738/24
f 747/747/1 748/748/1 749/749/1
f 747/747/165 749/749/165 750/750/165
f 751/751/94 747/747/94 750/750/94
f 751/751/1 750/750/1 752/752/1
f 753/753/1 751/751/1 752/752/1
f 753/753/22 752/752/22 754/754/22
f 748/748/204 753/753/204 754/754/204
f 748/748/1 754/754/1 749/749/1
f 302/302/168 755/755/168 756/756/168
f 302/302/202 756/756/202 301/301/202
f 301/301/2 756/756/2 757/757/2
f 301/301/2 757/757/2 297/297/2
f 297/297/2 757/757/2 758/758/2
f 297/297/18 758/758/18 298/298/18
f 298/298/206 758/758/206 755/755/206
f 298/298/215 755/755/215 302/302/215
f 759/759/22 760/760/22 761/761/22
f 759/759/160 761/761/160 762/762/160
f 763/763/1 759/759/1 762/762/1
f 763/763/204 762/762/204 764/764/204
f 765/765/22 763/763/22 764/764/22
f 765/765/160 764/764/160 766/766/160
f 760/760/204 765/765/204 766/766/204
f 760/760/216 766/766/216 761/761/216
f 767/767/162 768/768/162 769/769/162
f 767/767/18 769/769/18 770/770/18
f 770/770/2 769/769/2 771/771/2
f 770/770/2 771/771/2 772/772/2
f 772/772/203 771/771/203 773/773/203
f 772/772/158 773/773/158 774/774/158
f 774/774/215 773/773/215 768/768/215
f 774/774/206 768/768/206 767/767/206
f 775/775/160 776/776/160 777/777/160
f 775/775/22 777/777/22 767/767/22
f 778/778/1 775/775/1 767/767/1
f 778/778/1 767/767/1 774/774/1
f 779/779/165 778/778/165 774/774/165
f 779/779/22 774/774/22 780/780/22
f 776/776/204 779/779/204 780/780/204
f 776/776/94 780/780/94 777/777/94
f 781/781/195 782/782/195 783/783/195
f 781/781/2 783/783/2 784/784/2
f 784/784/217 783/783/217 785/785/217
f 784/784/218 785/785/218 786/786/218
f 786/786/195 785/785/195 787/787/195
f 786/786/18 787/787/18 788/788/18
f 788/788/2 787/787/2 782/782/2
f 788/788/2 782/782/2 781/781/2
f 302/302/24 301/301/24 750/750/24
f 302/302/24 750/750/24 749/749/24
f 756/756/7 755/755/7 748/748/7
f 756/756/7 748/748/7 747/747/7
f 301/301/5 297/297/5 752/752/5
f 301/301/5 752/752/5 750/750/5
f 757/757/3 756/756/3 747/747/3
f 757/757/3 747/747/3 751/751/3
f 297/297/6 298/298/6 754/754/6
f 297/297/6 754/754/6 752/752/6
f 758/758/4 757/757/4 751/751/4
f 758/758/4 751/751/4 753/753/4
f 298/298/3 302/302/3 749/749/3
f 298/298/3 749/749/3 754/754/3
f 755/755/5 758/758/5 753/753/5
f 755/755/5 753/753/5 748/748/5
f 767/767/148 770/770/148 762/762/148
f 767/767/198 762/762/198 761/761/198
f 769/769/153 768/768/153 760/760/153
f 769/769/154 760/760/154 759/759/154
f 770/770/5 772/772/5 764/764/5
f 770/770/5 764/764/5 762/762/5
f 771/771/3 769/769/3 759/759/3
f 771/771/3 759/759/3 763/763/3
f 772/772/7 774/774/7 766/766/7
f 772/772/7 766/766/7 764/764/7
f 773/773/4 771/771/4 763/763/4
f 773/773/24 763/763/24 765/765/24
f 774/774/3 767/767/3 761/761/3
f 774/774/3 761/761/3 766/766/3
f 768/768/5 773/773/5 765/765/5
f 768/768/5 765/765/5 760/760/5
f 781/781/219 784/784/219 767/767/219
f 781/781/219 767/767/219 777/777/219
f 783/783/220 782/782/220 776/776/220
f 783/783/220 776/776/220 775/775/220
f 784/784/5 786/786/5 774/774/5
f 784/784/5 774/774/5 767/767/5
f 785/785/3 783/783/3 775/775/3
f 785/785/3 775/775/3 778/778/3
f 786/786/7 788/788/7 780/780/7
f 786/786/7 780/780/7 774/774/7
f 787/787/24 785/785/24 778/778/24
f 787/787/24 778/778/24 779/779/24
f 788/788/3 781/781/3 777/777/3
f 788/788/3 777/777/3 780/780/3
f 782/782/5 787/787/5 779/779/5
f 782/782/5 779/779/5 776/776/5
f 789/789/1 790/790/1 791/791/1
f 789/789/1 791/791/1 792/792/1
f 793/793/2 794/794/2 795/795/2
f 793/793/2 795/795/2 796/796/2
f 793/793/5 796/796/5 792/792/5
f 793/793/5 792/792/5 791/791/5
f 796/796/153 795/795/153 789/789/153
f 796/796/153 789/789/153 792/792/153
f 795/795/3 794/794/3 790/790/3
f 795/795/3 790/790/3 789/789/3
f 794/794/221 793/793/221 791/791/221
f 794/794/222 791/791/222 790/790/222
f 797/797/1 798/798/1 799/799/1
f 797/797/1 799/799/1 800/800/1
f 801/801/2 802/802/2 803/803/2
f 801/801/2 803/803/2 804/804/2
f 801/801/5 804/804/5 800/800/5
f 801/801/5 800/800/5 799/799/5
f 804/804/153 803/803/153 797/797/153
f 804/804/153 797/797/153 800/800/153
f 803/803/3 802/802/3 798/798/3
f 803/803/223 798/798/223 797/797/223
f 802/802/224 801/801/224 799/799/224
f 802/802/225 799/799/225 798/798/225
f 805/805/226 806/806/226 807/807/226
f 805/805/6 807/807/6 808/808/6
f 809/809/153 805/805/153 808/808/153
f 809/809/153 808/808/153 317/317/153
f 810/810/227 809/809/227 317/317/227
f 810/810/6 317/317/6 313/313/6
f 806/806/220 810/810/220 313/313/220
f 806/806/220 313/313/220 807/807/220
f 811/811/228 812/812/228 813/813/228
f 811/811/229 813/813/229 814/814/229
f 814/814/198 813/813/198 815/815/198
f 814/814/148 815/815/148 309/309/148
f 309/309/230 815/815/230 816/816/230
f 309/309/128 816/816/128 307/307/128
f 307/307/219 816/816/219 812/812/219
f 307/307/219 812/812/219 811/811/219
f 817/817/231 818/818/231 819/819/231
f 817/817/232 819/819/232 820/820/232
f 821/821/153 817/817/153 820/820/153
f 821/821/153 820/820/153 822/822/153
f 823/823/151 821/821/151 822/822/151
f 823/823/233 822/822/233 824/824/233
f 818/818/153 823/823/153 824/824/153
f 818/818/154 824/824/154 819/819/154
f 825/825/4 826/826/4 827/827/4
f 825/825/172 827/827/172 828/828/172
f 828/828/148 827/827/148 829/829/148
f 828/828/198 829/829/198 830/830/198
f 830/830/186 829/829/186 831/831/186
f 830/830/234 831/831/234 832/832/234
f 832/832/148 831/831/148 826/826/148
f 832/832/198 826/826/198 825/825/198
f 833/833/233 834/834/233 835/835/233
f 833/833/235 835/835/235 825/825/235
f 836/836/220 833/833/220 825/825/220
f 836/836/220 825/825/220 832/832/220
f 837/837/233 836/836/233 832/832/233
f 837/837/235 832/832/235 838/838/235
f 834/834/220 837/837/220 838/838/220
f 834/834/220 838/838/220 835/835/220
f 839/839/4 840/840/4 841/841/4
f 839/839/236 841/841/236 842/842/236
f 842/842/219 841/841/219 843/843/219
f 842/842/148 843/843/148 844/844/148
f 844/844/237 843/843/237 845/845/237
f 844/844/238 845/845/238 846/846/238
f 846/846/198 845/845/198 840/840/198
f 846/846/148 840/840/148 839/839/148
f 811/811/5 814/814/5 808/808/5
f 811/811/5 808/808/5 807/807/5
f 813/813/3 812/812/3 806/806/3
f 813/813/3 806/806/3 805/805/3
f 814/814/18 309/309/18 317/317/18
f 814/814/18 317/317/18 808/808/18
f 815/815/1 813/813/1 805/805/1
f 815/815/1 805/805/1 809/809/1
f 309/309/3 307/307/3 313/313/3
f 309/309/3 313/313/3 317/317/3
f 816/816/5 815/815/5 809/809/5
f 816/816/5 809/809/5 810/810/5
f 307/307/22 811/811/22 807/807/22
f 307/307/22 807/807/22 313/313/22
f 812/812/18 816/816/18 810/810/18
f 812/812/2 810/810/2 806/806/2
f 825/825/5 828/828/5 820/820/5
f 825/825/5 820/820/5 819/819/5
f 827/827/3 826/826/3 818/818/3
f 827/827/3 818/818/3 817/817/3
f 828/828/159 830/830/159 822/822/159
f 828/828/2 822/822/2 820/820/2
f 829/829/22 827/827/22 817/817/22
f 829/829/197 817/817/197 821/821/197
f 830/830/3 832/832/3 824/824/3
f 830/830/3 824/824/3 822/822/3
f 831/831/5 829/829/5 821/821/5
f 831/831/5 821/821/5 823/823/5
f 832/832/22 825/825/22 819/819/22
f 832/832/163 819/819/163 824/824/163
f 826/826/18 831/831/18 823/823/18
f 826/826/162 823/823/162 818/818/162
f 839/839/5 842/842/5 825/825/5
f 839/839/5 825/825/5 835/835/5
f 841/841/3 840/840/3 834/834/3
f 841/841/3 834/834/3 833/833/3
f 842/842/158 844/844/158 832/832/158
f 842/842/2 832/832/2 825/825/2
f 843/843/197 841/841/197 833/833/197
f 843/843/22 833/833/22 836/836/22
f 844/844/3 846/846/3 838/838/3
f 844/844/3 838/838/3 832/832/3
f 845/845/5 843/843/5 836/836/5
f 845/845/5 836/836/5 837/837/5
f 846/846/197 839/839/197 835/835/197
f 846/846/197 835/835/197 838/838/197
f 840/840/18 845/845/18 837/837/18
f 840/840/162 837/837/162 834/834/162
f 847/847/6 848/848/6 849/849/6
f 847/847/6 849/849/6 850/850/6
f 851/851/4 852/852/4 853/853/4
f 851/851/4 853/853/4 854/854/4
f 851/851/239 854/854/239 850/850/239
f 851/851/2 850/850/2 849/849/2
f 854/854/3 853/853/3 847/847/3
f 854/854/3 847/847/3 850/850/3
f 853/853/175 852/852/175 848/848/175
f 853/853/240 848/848/240 847/847/240
f 852/852/5 851/851/5 849/849/5
f 852/852/5 849/849/5 848/848/5
f 855/855/6 856/856/6 857/857/6
f 855/855/6 857/857/6 858/858/6
f 859/859/24 860/860/24 861/861/24
f 859/859/24 861/861/24 862/862/24
f 859/859/203 862/862/203 858/858/203
f 859/859/203 858/858/203 857/857/203
f 862/862/3 861/861/3 855/855/3
f 862/862/3 855/855/3 858/858/3
f 861/861/241 860/860/241 856/856/241
f 861/861/242 856/856/242 855/855/242
f 860/860/5 859/859/5 857/857/5
f 860/860/5 857/857/5 856/856/5
f 863/863/243 864/864/243 865/865/243
f 863/863/244 865/865/244 866/866/244
f 867/867/153 863/863/153 866/866/153
f 867/867/154 866/866/154 314/314/154
f 868/868/245 867/867/245 314/314/245
f 868/868/244 314/314/244 318/318/244
f 864/864/220 868/868/220 318/318/220
f 864/864/220 318/318/220 865/865/220
f 869/869/4 870/870/4 871/871/4
f 869/869/15 871/871/15 872/872/15
f 872/872/198 871/871/198 873/873/198
f 872/872/148 873/873/148 306/306/148
f 306/306/230 873/873/230 874/874/230
f 306/306/246 874/874/246 310/310/246
f 310/310/219 874/874/219 870/870/219
f 310/310/219 870/870/219 869/869/219
f 875/875/12 876/876/12 877/877/12
f 875/875/6 877/877/6 878/878/6
f 879/879/7 875/875/7 878/878/7
f 879/879/7 878/878/7 880/880/7
f 881/881/11 879/879/11 880/880/11
f 881/881/6 880/880/6 882/882/6
f 876/876/7 881/881/7 882/882/7
f 876/876/7 882/882/7 877/877/7
f 883/883/247 884/884/247 885/885/247
f 883/883/4 885/885/4 886/886/4
f 886/886/24 885/885/24 887/887/24
f 886/886/24 887/887/24 888/888/24
f 888/888/4 887/887/4 889/889/4
f 888/888/4 889/889/4 890/890/4
f 890/890/24 889/889/24 884/884/24
f 890/890/24 884/884/24 883/883/24
f 891/891/134 892/892/134 886/886/134
f 891/891/136 886/886/136 893/893/136
f 894/894/25 891/891/25 893/893/25
f 894/894/25 893/893/25 895/895/25
f 896/896/191 894/894/191 895/895/191
f 896/896/151 895/895/151 888/888/151
f 892/892/25 896/896/25 888/888/25
f 892/892/25 888/888/25 886/886/25
f 897/897/4 898/898/4 899/899/4
f 897/897/248 899/899/248 900/900/248
f 900/900/130 899/899/130 901/901/130
f 900/900/130 901/901/130 902/902/130
f 902/902/19 901/901/19 903/903/19
f 902/902/188 903/903/188 904/904/188
f 904/904/24 903/903/24 898/898/24
f 904/904/24 898/898/24 897/897/24
f 905/905/249 906/906/249 900/900/249
f 905/905/136 900/900/136 907/907/136
f 908/908/7 905/905/7 907/907/7
f 908/908/7 907/907/7 909/909/7
f 910/910/185 908/908/185 909/909/185
f 910/910/6 909/909/6 902/902/6
f 906/906/7 910/910/7 902/902/7
f 906/906/7 902/902/7 900/900/7
f 911/911/19 912/912/19 913/913/19
f 911/911/247 913/913/247 914/914/247
f 914/914/24 913/913/24 915/915/24
f 914/914/24 915/915/24 916/916/24
f 916/916/4 915/915/4 917/917/4
f 916/916/4 917/917/4 918/918/4
f 918/918/24 917/917/24 912/912/24
f 918/918/24 912/912/24 911/911/24
f 869/869/5 872/872/5 866/866/5
f 869/869/5 866/866/5 865/865/5
f 871/871/3 870/870/3 864/864/3
f 871/871/3 864/864/3 863/863/3
f 872/872/18 306/306/18 314/314/18
f 872/872/2 314/314/2 866/866/2
f 873/873/1 871/871/1 863/863/1
f 873/873/1 863/863/1 867/867/1
f 306/306/3 310/310/3 318/318/3
f 306/306/3 318/318/3 314/314/3
f 874/874/5 873/873/5 867/867/5
f 874/874/5 867/867/5 868/868/5
f 310/310/1 869/869/1 865/865/1
f 310/310/22 865/865/22 318/318/22
f 870/870/2 874/874/2 868/868/2
f 870/870/2 868/868/2 864/864/2
f 883/883/5 886/886/5 878/878/5
f 883/883/5 878/878/5 877/877/5
f 885/885/3 884/884/3 876/876/3
f 885/885/3 876/876/3 875/875/3
f 886/886/195 888/888/195 880/880/195
f 886/886/168 880/880/168 878/878/168
f 887/887/22 885/885/22 875/875/22
f 887/887/161 875/875/161 879/879/161
f 888/888/3 890/890/3 882/882/3
f 888/888/3 882/882/3 880/880/3
f 889/889/5 887/887/5 879/879/5
f 889/889/5 879/879/5 881/881/5
f 890/890/165 883/883/165 877/877/165
f 890/890/1 877/877/1 882/882/1
f 884/884/18 889/889/18 881/881/18
f 884/884/195 881/881/195 876/876/195
f 897/897/5 900/900/5 893/893/5
f 897/897/5 893/893/5 886/886/5
f 899/899/3 898/898/3 892/892/3
f 899/899/3 892/892/3 891/891/3
f 900/900/168 902/902/168 895/895/168
f 900/900/168 895/895/168 893/893/168
f 901/901/22 899/899/22 891/891/22
f 901/901/22 891/891/22 894/894/22
f 902/902/3 904/904/3 888/888/3
f 902/902/3 888/888/3 895/895/3
f 903/903/5 901/901/5 894/894/5
f 903/903/5 894/894/5 896/896/5
f 904/904/176 897/897/176 886/886/176
f 904/904/165 886/886/165 888/888/165
f 898/898/2 903/903/2 896/896/2
f 898/898/2 896/896/2 892/892/2
f 911/911/5 914/914/5 907/907/5
f 911/911/5 907/907/5 900/900/5
f 913/913/3 912/912/3 906/906/3
f 913/913/3 906/906/3 905/905/3
f 914/914/2 916/916/2 909/909/2
f 914/914/202 909/909/202 907/907/202
f 915/915/22 913/913/22 905/905/22
f 915/915/22 905/905/22 908/908/22
f 916/916/3 918/918/3 902/902/3
f 916/916/3 902/902/3 909/909/3
f 917/917/5 915/915/5 908/908/5
f 917/917/5 908/908/5 910/910/5
f 918/918/165 911/911/165 900/900/165
f 918/918/1 900/900/1 902/902/1
f 912/912/18 917/917/18 910/910/18
f 912/912/18 910/910/18 906/906/18
f 919/919/6 920/920/6 921/921/6
f 919/919/6 921/921/6 922/922/6
f 923/923/4 924/924/4 925/925/4
f 923/923/4 925/925/4 926/926/4
f 923/923/2 926/926/2 922/922/2
f 923/923/2 922/922/2 921/921/2
f 926/926/3 925/925/3 919/919/3
f 926/926/3 919/919/3 922/922/3
f 925/925/1 924/924/1 920/920/1
f 925/925/1 920/920/1 919/919/1
f 924/924/5 923/923/5 921/921/5
f 924/924/5 921/921/5 920/920/5
f 927/927/7 928/928/7 929/929/7
f 927/927/7 929/929/7 930/930/7
f 931/931/4 932/932/4 933/933/4
f 931/931/4 933/933/4 934/934/4
f 931/931/189 934/934/189 930/930/189
f 931/931/2 930/930/2 929/929/2
f 934/934/3 933/933/3 927/927/3
f 934/934/3 927/927/3 930/930/3
f 933/933/165 932/932/165 928/928/165
f 933/933/201 928/928/201 927/927/201
f 932/932/5 931/931/5 929/929/5
f 932/932/5 929/929/5 928/928/5
f 935/935/6 936/936/6 937/937/6
f 935/935/6 937/937/6 938/938/6
f 939/939/24 940/940/24 941/941/24
f 939/939/24 941/941/24 942/942/24
f 939/939/203 942/942/203 938/938/203
f 939/939/203 938/938/203 937/937/203
f 942/942/3 941/941/3 935/935/3
f 942/942/3 935/935/3 938/938/3
f 941/941/1 940/940/1 936/936/1
f 941/941/1 936/936/1 935/935/1
f 940/940/5 939/939/5 937/937/5
f 940/940/5 937/937/5 936/936/5
f 943/943/1 944/944/1 281/281/1
f 943/943/165 281/281/165 282/282/165
f 945/945/1 943/943/1 282/282/1
f 945/945/250 282/282/250 277/277/250
f 946/946/163 945/945/163 277/277/163
f 946/946/22 277/277/22 276/276/22
f 944/944/94 946/946/94 276/276/94
f 944/944/1 276/276/1 281/281/1
f 271/271/159 947/947/159 948/948/159
f 271/271/162 948/948/162 273/273/162
f 273/273/2 948/948/2 949/949/2
f 273/273/2 949/949/2 265/265/2
f 265/265/158 949/949/158 950/950/158
f 265/265/18 950/950/18 266/266/18
f 266/266/2 950/950/2 947/947/2
f 266/266/2 947/947/2 271/271/2
f 951/951/163 952/952/163 953/953/163
f 951/951/22 953/953/22 954/954/22
f 955/955/216 951/951/216 954/954/216
f 955/955/1 954/954/1 956/956/1
f 957/957/197 955/955/197 956/956/197
f 957/957/22 956/956/22 958/958/22
f 952/952/250 957/957/250 958/958/250
f 952/952/1 958/958/1 953/953/1
f 959/959/158 960/960/158 961/961/158
f 959/959/2 961/961/2 962/962/2
f 962/962/206 961/961/206 963/963/206
f 962/962/206 963/963/206 964/964/206
f 964/964/2 963/963/2 965/965/2
f 964/964/2 965/965/2 966/966/2
f 966/966/215 965/965/215 960/960/215
f 966/966/215 960/960/215 959/959/215
f 967/967/1 968/968/1 969/969/1
f 967/967/22 969/969/22 959/959/22
f 970/970/94 967/967/94 959/959/94
f 970/970/1 959/959/1 966/966/1
f 971/971/22 970/970/22 966/966/22
f 971/971/197 966/966/197 972/972/197
f 968/968/204 971/971/204 972/972/204
f 968/968/1 972/972/1 969/969/1
f 973/973/2 974/974/2 975/975/2
f 973/973/18 975/975/18 976/976/18
f 976/976/2 975/975/2 977/977/2
f 976/976/2 977/977/2 978/978/2
f 978/978/195 977/977/195 979/979/195
f 978/978/18 979/979/18 980/980/18
f 980/980/215 979/979/215 974/974/215
f 980/980/206 974/974/206 973/973/206
f 271/271/24 273/273/24 282/282/24
f 271/271/24 282/282/24 281/281/24
f 948/948/25 947/947/25 944/944/25
f 948/948/25 944/944/25 943/943/25
f 273/273/5 265/265/5 277/277/5
f 273/273/5 277/277/5 282/282/5
f 949/949/3 948/948/3 943/943/3
f 949/949/3 943/943/3 945/945/3
f 265/265/6 266/266/6 276/276/6
f 265/265/6 276/276/6 277/277/6
f 950/950/4 949/949/4 945/945/4
f 950/950/4 945/945/4 946/946/4
f 266/266/3 271/271/3 281/281/3
f 266/266/3 281/281/3 276/276/3
f 947/947/5 950/950/5 946/946/5
f 947/947/5 946/946/5 944/944/5
f 959/959/219 962/962/219 954/954/219
f 959/959/219 954/954/219 953/953/219
f 961/961/220 960/960/220 952/952/220
f 961/961/220 952/952/220 951/951/220
f 962/962/5 964/964/5 956/956/5
f 962/962/5 956/956/5 954/954/5
f 963/963/3 961/961/3 951/951/3
f 963/963/3 951/951/3 955/955/3
f 964/964/7 966/966/7 958/958/7
f 964/964/7 958/958/7 956/956/7
f 965/965/24 963/963/24 955/955/24
f 965/965/24 955/955/24 957/957/24
f 966/966/3 959/959/3 953/953/3
f 966/966/3 953/953/3 958/958/3
f 960/960/5 965/965/5 957/957/5
f 960/960/5 957/957/5 952/952/5
f 973/973/148 976/976/148 959/959/148
f 973/973/198 959/959/198 969/969/198
f 975/975/154 974/974/154 968/968/154
f 975/975/153 968/968/153 967/967/153
f 976/976/5 978/978/5 966/966/5
f 976/976/5 966/966/5 959/959/5
f 977/977/3 975/975/3 967/967/3
f 977/977/3 967/967/3 970/970/3
f 978/978/7 980/980/7 972/972/7
f 978/978/7 972/972/7 966/966/7
f 979/979/4 977/977/4 970/970/4
f 979/979/24 970/970/24 971/971/24
f 980/980/3 973/973/3 969/969/3
f 980/980/3 969/969/3 972/972/3
f 974/974/5 979/979/5 971/971/5
f 974/974/5 971/971/5 968/968/5
f 981/981/1 982/982/1 983/983/1
f 981/981/1 983/983/1 984/984/1
f 985/985/2 986/986/2 987/987/2
f 985/985/2 987/987/2 988/988/2
f 985/985/5 988/988/5 984/984/5
f 985/985/5 984/984/5 983/983/5
f 988/988/154 987/987/154 981/981/154
f 988/988/154 981/981/154 984/984/154
f 987/987/3 986/986/3 982/982/3
f 987/987/3 982/982/3 981/981/3
f 986/986/224 985/985/224 983/983/224
f 986/986/225 983/983/225 982/982/225
f 989/989/1 990/990/1 991/991/1
f 989/989/1 991/991/1 992/992/1
f 993/993/2 994/994/2 995/995/2
f 993/993/2 995/995/2 996/996/2
f 993/993/5 996/996/5 992/992/5
f 993/993/251 992/992/251 991/991/251
f 996/996/154 995/995/154 989/989/154
f 996/996/154 989/989/154 992/992/154
f 995/995/3 994/994/3 990/990/3
f 995/995/3 990/990/3 989/989/3
f 994/994/221 993/993/221 991/991/221
f 994/994/221 991/991/221 990/990/221
f 997/997/2 998/998/2 274/274/2
f 997/997/206 274/274/206 268/268/206
f 999/999/168 997/997/168 268/268/168
f 999/999/2 268/268/2 267/267/2
f 1000/1000/2 999/999/2 267/267/2
f 1000/1000/215 267/267/215 270/270/215
f 998/998/2 1000/1000/2 270/270/2
f 998/998/18 270/270/18 274/274/18
f 285/285/94 1001/1001/94 1002/1002/94
f 285/285/1 1002/1002/1 278/278/1
f 278/278/1 1002/1002/1 1003/1003/1
f 278/278/22 1003/1003/22 275/275/22
f 275/275/204 1003/1003/204 1004/1004/204
f 275/275/1 1004/1004/1 279/279/1
f 279/279/163 1004/1004/163 1001/1001/163
f 279/279/160 1001/1001/160 285/285/160
f 1005/1005/215 1006/1006/215 1007/1007/215
f 1005/1005/215 1007/1007/215 1008/1008/215
f 1009/1009/2 1005/1005/2 1008/1008/2
f 1009/1009/159 1008/1008/159 1010/1010/159
f 1011/1011/206 1009/1009/206 1010/1010/206
f 1011/1011/206 1010/1010/206 1012/1012/206
f 1006/1006/18 1011/1011/18 1012/1012/18
f 1006/1006/2 1012/1012/2 1007/1007/2
f 1013/1013/204 1014/1014/204 1015/1015/204
f 1013/1013/204 1015/1015/204 1016/1016/204
f 1016/1016/161 1015/1015/161 1017/1017/161
f 1016/1016/165 1017/1017/165 1018/1018/165
f 1018/1018/1 1017/1017/1 1019/1019/1
f 1018/1018/94 1019/1019/94 1020/1020/94
f 1020/1020/22 1019/1019/22 1014/1014/22
f 1020/1020/197 1014/1014/197 1013/1013/197
f 1021/1021/2 1022/1022/2 1023/1023/2
f 1021/1021/215 1023/1023/215 1013/1013/215
f 1024/1024/162 1021/1021/162 1013/1013/162
f 1024/1024/158 1013/1013/158 1020/1020/158
f 1025/1025/206 1024/1024/206 1020/1020/206
f 1025/1025/2 1020/1020/2 1026/1026/2
f 1022/1022/18 1025/1025/18 1026/1026/18
f 1022/1022/159 1026/1026/159 1023/1023/159
f 1027/1027/1 1028/1028/1 1029/1029/1
f 1027/1027/204 1029/1029/204 1030/1030/204
f 1030/1030/22 1029/1029/22 1031/1031/22
f 1030/1030/197 1031/1031/197 1032/1032/197
f 1032/1032/1 1031/1031/1 1033/1033/1
f 1032/1032/94 1033/1033/94 1034/1034/94
f 1034/1034/22 1033/1033/22 1028/1028/22
f 1034/1034/197 1028/1028/197 1027/1027/197
f 285/285/5 278/278/5 268/268/5
f 285/285/5 268/268/5 274/274/5
f 1002/1002/3 1001/1001/3 998/998/3
f 1002/1002/3 998/998/3 997/997/3
f 278/278/24 275/275/24 267/267/24
f 278/278/24 267/267/24 268/268/24
f 1003/1003/6 1002/1002/6 997/997/6
f 1003/1003/6 997/997/6 999/999/6
f 275/275/3 279/279/3 270/270/3
f 275/275/3 270/270/3 267/267/3
f 1004/1004/5 1003/1003/5 999/999/5
f 1004/1004/5 999/999/5 1000/1000/5
f 279/279/6 285/285/6 274/274/6
f 279/279/6 274/274/6 270/270/6
f 1001/1001/4 1004/1004/4 1000/1000/4
f 1001/1001/4 1000/1000/4 998/998/4
f 1013/1013/5 1016/1016/5 1008/1008/5
f 1013/1013/5 1008/1008/5 1007/1007/5
f 1015/1015/3 1014/1014/3 1006/1006/3
f 1015/1015/3 1006/1006/3 1005/1005/3
f 1016/1016/24 1018/1018/24 1010/1010/24
f 1016/1016/4 1010/1010/4 1008/1008/4
f 1017/1017/6 1015/1015/6 1005/1005/6
f 1017/1017/7 1005/1005/7 1009/1009/7
f 1018/1018/3 1020/1020/3 1012/1012/3
f 1018/1018/3 1012/1012/3 1010/1010/3
f 1019/1019/5 1017/1017/5 1009/1009/5
f 1019/1019/5 1009/1009/5 1011/1011/5
f 1020/1020/7 1013/1013/7 1007/1007/7
f 1020/1020/6 1007/1007/6 1012/1012/6
f 1014/1014/24 1019/1019/24 1011/1011/24
f 1014/1014/24 1011/1011/24 1006/1006/24
f 1027/1027/5 1030/1030/5 1013/1013/5
f 1027/1027/5 1013/1013/5 1023/1023/5
f 1029/1029/3 1028/1028/3 1022/1022/3
f 1029/1029/3 1022/1022/3 1021/1021/3
f 1030/1030/24 1032/1032/24 1020/1020/24
f 1030/1030/24 1020/1020/24 1013/1013/24
f 1031/1031/153 1029/1029/153 1021/1021/153
f 1031/1031/154 1021/1021/154 1024/1024/154
f 1032/1032/3 1034/1034/3 1026/1026/3
f 1032/1032/3 1026/1026/3 1020/1020/3
f 1033/1033/5 1031/1031/5 1024/1024/5
f 1033/1033/5 1024/1024/5 1025/1025/5
f 1034/1034/6 1027/1027/6 1023/1023/6
f 1034/1034/7 1023/1023/7 1026/1026/7
f 1028/1028/24 1033/1033/24 1025/1025/24
f 1028/1028/24 1025/1025/24 1022/1022/24
f 1035/1035/2 1036/1036/2 1037/1037/2
f 1035/1035/2 1037/1037/2 1038/1038/2
f 1039/1039/1 1040/1040/1 1041/1041/1
f 1039/1039/1 1041/1041/1 1042/1042/1
f 1039/1039/198 1042/1042/198 1038/1038/198
f 1039/1039/252 1038/1038/252 1037/1037/252
f 1042/1042/3 1041/1041/3 1035/1035/3
f 1042/1042/3 1035/1035/3 1038/1038/3
f 1041/1041/208 1040/1040/208 1036/1036/208
f 1041/1041/207 1036/1036/207 1035/1035/207
f 1040/1040/5 1039/1039/5 1037/1037/5
f 1040/1040/5 1037/1037/5 1036/1036/5
f 1043/1043/2 1044/1044/2 1045/1045/2
f 1043/1043/2 1045/1045/2 1046/1046/2
f 1047/1047/1 1048/1048/1 1049/1049/1
f 1047/1047/1 1049/1049/1 1050/1050/1
f 1047/1047/198 1050/1050/198 1046/1046/198
f 1047/1047/198 1046/1046/198 1045/1045/198
f 1050/1050/3 1049/1049/3 1043/1043/3
f 1050/1050/223 1043/1043/223 1046/1046/223
f 1049/1049/253 1048/1048/253 1044/1044/253
f 1049/1049/153 1044/1044/153 1043/1043/153
f 1048/1048/5 1047/1047/5 1045/1045/5
f 1048/1048/5 1045/1045/5 1044/1044/5
f 1051/1051/22 1052/1052/22 88/88/22
f 1051/1051/1 88/88/1 89/89/1
f 1053/1053/1 1051/1051/1 89/89/1
f 1053/1053/250 89/89/250 85/85/250
f 1054/1054/197 1053/1053/197 85/85/197
f 1054/1054/1 85/85/1 84/84/1
f 1052/1052/1 1054/1054/1 84/84/1
f 1052/1052/216 84/84/216 88/88/216
f 80/80/158 1055/1055/158 1056/1056/158
f 80/80/18 1056/1056/18 81/81/18
f 81/81/215 1056/1056/215 1057/1057/215
f 81/81/206 1057/1057/206 75/75/206
f 75/75/2 1057/1057/2 1058/1058/2
f 75/75/162 1058/1058/162 76/76/162
f 76/76/217 1058/1058/217 1055/1055/217
f 76/76/206 1055/1055/206 80/80/206
f 1059/1059/22 1060/1060/22 1061/1061/22
f 1059/1059/1 1061/1061/1 1062/1062/1
f 1063/1063/204 1059/1059/204 1062/1062/204
f 1063/1063/94 1062/1062/94 1064/1064/94
f 1065/1065/1 1063/1063/1 1064/1064/1
f 1065/1065/1 1064/1064/1 1066/1066/1
f 1060/1060/94 1065/1065/94 1066/1066/94
f 1060/1060/204 1066/1066/204 1061/1061/204
f 1067/1067/18 1068/1068/18 1069/1069/18
f 1067/1067/162 1069/1069/162 1070/1070/162
f 1070/1070/2 1069/1069/2 1071/1071/2
f 1070/1070/2 1071/1071/2 1072/1072/2
f 1072/1072/18 1071/1071/18 1073/1073/18
f 1072/1072/2 1073/1073/2 1074/1074/2
f 1074/1074/218 1073/1073/218 1068/1068/218
f 1074/1074/217 1068/1068/217 1067/1067/217
f 1075/1075/22 1076/1076/22 1077/1077/22
f 1075/1075/163 1077/1077/163 1067/1067/163
f 1078/1078/1 1075/1075/1 1067/1067/1
f 1078/1078/1 1067/1067/1 1074/1074/1
f 1079/1079/22 1078/1078/22 1074/1074/22
f 1079/1079/22 1074/1074/22 1080/1080/22
f 1076/1076/216 1079/1079/216 1080/1080/216
f 1076/1076/250 1080/1080/250 1077/1077/250
f 1081/1081/18 1082/1082/18 1083/1083/18
f 1081/1081/18 1083/1083/18 1084/1084/18
f 1084/1084/2 1083/1083/2 1085/1085/2
f 1084/1084/2 1085/1085/2 1086/1086/2
f 1086/1086/18 1085/1085/18 1087/1087/18
f 1086/1086/18 1087/1087/18 1088/1088/18
f 1088/1088/215 1087/1087/215 1082/1082/215
f 1088/1088/206 1082/1082/206 1081/1081/206
f 80/80/130 81/81/130 89/89/130
f 80/80/130 89/89/130 88/88/130
f 1056/1056/7 1055/1055/7 1052/1052/7
f 1056/1056/7 1052/1052/7 1051/1051/7
f 81/81/5 75/75/5 85/85/5
f 81/81/5 85/85/5 89/89/5
f 1057/1057/3 1056/1056/3 1051/1051/3
f 1057/1057/3 1051/1051/3 1053/1053/3
f 75/75/6 76/76/6 84/84/6
f 75/75/6 84/84/6 85/85/6
f 1058/1058/4 1057/1057/4 1053/1053/4
f 1058/1058/4 1053/1053/4 1054/1054/4
f 76/76/3 80/80/3 88/88/3
f 76/76/3 88/88/3 84/84/3
f 1055/1055/5 1058/1058/5 1054/1054/5
f 1055/1055/5 1054/1054/5 1052/1052/5
f 1067/1067/198 1070/1070/198 1062/1062/198
f 1067/1067/198 1062/1062/198 1061/1061/198
f 1069/1069/153 1068/1068/153 1060/1060/153
f 1069/1069/153 1060/1060/153 1059/1059/153
f 1070/1070/5 1072/1072/5 1064/1064/5
f 1070/1070/5 1064/1064/5 1062/1062/5
f 1071/1071/3 1069/1069/3 1059/1059/3
f 1071/1071/3 1059/1059/3 1063/1063/3
f 1072/1072/7 1074/1074/7 1066/1066/7
f 1072/1072/7 1066/1066/7 1064/1064/7
f 1073/1073/198 1071/1071/198 1063/1063/198
f 1073/1073/148 1063/1063/148 1065/1065/148
f 1074/1074/3 1067/1067/3 1061/1061/3
f 1074/1074/3 1061/1061/3 1066/1066/3
f 1068/1068/5 1073/1073/5 1065/1065/5
f 1068/1068/5 1065/1065/5 1060/1060/5
f 1081/1081/219 1084/1084/219 1067/1067/219
f 1081/1081/219 1067/1067/219 1077/1077/219
f 1083/1083/220 1082/1082/220 1076/1076/220
f 1083/1083/220 1076/1076/220 1075/1075/220
f 1084/1084/5 1086/1086/5 1074/1074/5
f 1084/1084/5 1074/1074/5 1067/1067/5
f 1085/1085/3 1083/1083/3 1075/1075/3
f 1085/1085/3 1075/1075/3 1078/1078/3
f 1086/1086/7 1088/1088/7 1080/1080/7
f 1086/1086/7 1080/1080/7 1074/1074/7
f 1087/1087/24 1085/1085/24 1078/1078/24
f 1087/1087/198 1078/1078/198 1079/1079/198
f 1088/1088/3 1081/1081/3 1077/1077/3
f 1088/1088/3 1077/1077/3 1080/1080/3
f 1082/1082/5 1087/1087/5 1079/1079/5
f 1082/1082/5 1079/1079/5 1076/1076/5
f 1089/1089/1 1090/1090/1 1091/1091/1
f 1089/1089/1 1091/1091/1 1092/1092/1
f 1093/1093/2 1094/1094/2 1095/1095/2
f 1093/1093/2 1095/1095/2 1096/1096/2
f 1093/1093/254 1096/1096/254 1092/1092/254
f 1093/1093/5 1092/1092/5 1091/1091/5
f 1096/1096/154 1095/1095/154 1089/1089/154
f 1096/1096/153 1089/1089/153 1092/1092/153
f 1095/1095/3 1094/1094/3 1090/1090/3
f 1095/1095/255 1090/1090/255 1089/1089/255
f 1094/1094/225 1093/1093/225 1091/1091/225
f 1094/1094/225 1091/1091/225 1090/1090/225
f 1097/1097/1 1098/1098/1 1099/1099/1
f 1097/1097/1 1099/1099/1 1100/1100/1
f 1101/1101/2 1102/1102/2 1103/1103/2
f 1101/1101/2 1103/1103/2 1104/1104/2
f 1101/1101/5 1104/1104/5 1100/1100/5
f 1101/1101/5 1100/1100/5 1099/1099/5
f 1104/1104/153 1103/1103/153 1097/1097/153
f 1104/1104/153 1097/1097/153 1100/1100/153
f 1103/1103/3 1102/1102/3 1098/1098/3
f 1103/1103/3 1098/1098/3 1097/1097/3
f 1102/1102/224 1101/1101/224 1099/1099/224
f 1102/1102/224 1099/1099/224 1098/1098/224
f 1105/1105/206 1106/1106/206 82/82/206
f 1105/1105/2 82/82/2 78/78/2
f 1107/1107/18 1105/1105/18 78/78/18
f 1107/1107/158 78/78/158 77/77/158
f 1108/1108/2 1107/1107/2 77/77/2
f 1108/1108/215 77/77/215 79/79/215
f 1106/1106/18 1108/1108/18 79/79/18
f 1106/1106/159 79/79/159 82/82/159
f 90/90/256 1109/1109/256 1110/1110/256
f 90/90/204 1110/1110/204 86/86/204
f 86/86/22 1110/1110/22 1111/1111/22
f 86/86/1 1111/1111/1 83/83/1
f 83/83/1 1111/1111/1 1112/1112/1
f 83/83/204 1112/1112/204 87/87/204
f 87/87/182 1112/1112/182 1109/1109/182
f 87/87/163 1109/1109/163 90/90/163
f 1113/1113/2 1114/1114/2 1115/1115/2
f 1113/1113/215 1115/1115/215 1116/1116/215
f 1117/1117/162 1113/1113/162 1116/1116/162
f 1117/1117/18 1116/1116/18 1118/1118/18
f 1119/1119/2 1117/1117/2 1118/1118/2
f 1119/1119/206 1118/1118/206 1120/1120/206
f 1114/1114/18 1119/1119/18 1120/1120/18
f 1114/1114/18 1120/1120/18 1115/1115/18
f 1121/1121/1 1122/1122/1 1123/1123/1
f 1121/1121/204 1123/1123/204 1124/1124/204
f 1124/1124/22 1123/1123/22 1125/1125/22
f 1124/1124/160 1125/1125/160 1126/1126/160
f 1126/1126/94 1125/1125/94 1127/1127/94
f 1126/1126/1 1127/1127/1 1128/1128/1
f 1128/1128/22 1127/1127/22 1122/1122/22
f 1128/1128/22 1122/1122/22 1121/1121/22
f 1129/1129/206 1130/1130/206 1131/1131/206
f 1129/1129/215 1131/1131/215 1121/1121/215
f 1132/1132/158 1129/1129/158 1121/1121/158
f 1132/1132/2 1121/1121/2 1128/1128/2
f 1133/1133/2 1132/1132/2 1128/1128/2
f 1133/1133/206 1128/1128/206 1134/1134/206
f 1130/1130/18 1133/1133/18 1134/1134/18
f 1130/1130/18 1134/1134/18 1131/1131/18
f 1135/1135/204 1136/1136/204 1137/1137/204
f 1135/1135/1 1137/1137/1 1138/1138/1
f 1138/1138/165 1137/1137/165 1139/1139/165
f 1138/1138/175 1139/1139/175 1140/1140/175
f 1140/1140/94 1139/1139/94 1141/1141/94
f 1140/1140/94 1141/1141/94 1142/1142/94
f 1142/1142/22 1141/1141/22 1136/1136/22
f 1142/1142/163 1136/1136/163 1135/1135/163
f 90/90/5 86/86/5 78/78/5
f 90/90/5 78/78/5 82/82/5
f 1110/1110/3 1109/1109/3 1106/1106/3
f 1110/1110/3 1106/1106/3 1105/1105/3
f 86/86/4 83/83/4 77/77/4
f 86/86/4 77/77/4 78/78/4
f 1111/1111/6 1110/1110/6 1105/1105/6
f 1111/1111/6 1105/1105/6 1107/1107/6
f 83/83/3 87/87/3 79/79/3
f 83/83/3 79/79/3 77/77/3
f 1112/1112/5 1111/1111/5 1107/1107/5
f 1112/1112/5 1107/1107/5 1108/1108/5
f 87/87/7 90/90/7 82/82/7
f 87/87/7 82/82/7 79/79/7
f 1109/1109/4 1112/1112/4 1108/1108/4
f 1109/1109/4 1108/1108/4 1106/1106/4
f 1121/1121/5 1124/1124/5 1116/1116/5
f 1121/1121/5 1116/1116/5 1115/1115/5
f 1123/1123/3 1122/1122/3 1114/1114/3
f 1123/1123/3 1114/1114/3 1113/1113/3
f 1124/1124/4 1126/1126/4 1118/1118/4
f 1124/1124/24 1118/1118/24 1116/1116/24
f 1125/1125/7 1123/1123/7 1113/1113/7
f 1125/1125/7 1113/1113/7 1117/1117/7
f 1126/1126/3 1128/1128/3 1120/1120/3
f 1126/1126/3 1120/1120/3 1118/1118/3
f 1127/1127/5 1125/1125/5 1117/1117/5
f 1127/1127/5 1117/1117/5 1119/1119/5
f 1128/1128/153 1121/1121/153 1115/1115/153
f 1128/1128/153 1115/1115/153 1120/1120/153
f 1122/1122/4 1127/1127/4 1119/1119/4
f 1122/1122/24 1119/1119/24 1114/1114/24
f 1135/1135/5 1138/1138/5 1121/1121/5
f 1135/1135/5 1121/1121/5 1131/1131/5
f 1137/1137/3 1136/1136/3 1130/1130/3
f 1137/1137/3 1130/1130/3 1129/1129/3
f 1138/1138/24 1140/1140/24 1128/1128/24
f 1138/1138/24 1128/1128/24 1121/1121/24
f 1139/1139/7 1137/1137/7 1129/1129/7
f 1139/1139/7 1129/1129/7 1132/1132/7
f 1140/1140/3 1142/1142/3 1134/1134/3
f 1140/1140/3 1134/1134/3 1128/1128/3
f 1141/1141/5 1139/1139/5 1132/1132/5
f 1141/1141/5 1132/1132/5 1133/1133/5
f 1142/1142/7 1135/1135/7 1131/1131/7
f 1142/1142/7 1131/1131/7 1134/1134/7
f 1136/1136/24 1141/1141/24 1133/1133/24
f 1136/1136/24 1133/1133/24 1130/1130/24
f 1143/1143/2 1144/1144/2 1145/1145/2
f 1143/1143/2 1145/1145/2 1146/1146/2
f 1147/1147/1 1148/1148/1 1149/1149/1
f 1147/1147/1 1149/1149/1 1150/1150/1
f 1147/1147/252 1150/1150/252 1146/1146/252
f 1147/1147/198 1146/1146/198 1145/1145/198
f 1150/1150/3 1149/1149/3 1143/1143/3
f 1150/1150/3 1143/1143/3 1146/1146/3
f 1149/1149/153 1148/1148/153 1144/1144/153
f 1149/1149/153 1144/1144/153 1143/1143/153
f 1148/1148/5 1147/1147/5 1145/1145/5
f 1148/1148/5 1145/1145/5 1144/1144/5
f 1151/1151/2 1152/1152/2 1153/1153/2
f 1151/1151/2 1153/1153/2 1154/1154/2
f 1155/1155/1 1156/1156/1 1157/1157/1
f 1155/1155/1 1157/1157/1 1158/1158/1
f 1155/1155/252 1158/1158/252 1154/1154/252
f 1155/1155/198 1154/1154/198 1153/1153/198
f 1158/1158/255 1157/1157/255 1151/1151/255
f 1158/1158/223 1151/1151/223 1154/1154/223
f 1157/1157/153 1156/1156/153 1152/1152/153
f 1157/1157/153 1152/1152/153 1151/1151/153
f 1156/1156/5 1155/1155/5 1153/1153/5
f 1156/1156/5 1153/1153/5 1152/1152/5
f 1159/1159/197 1160/1160/197 8/8/197
f 1159/1159/163 8/8/163 7/7/163
f 1161/1161/94 1159/1159/94 7/7/94
f 1161/1161/204 7/7/204 11/11/204
f 1162/1162/1 1161/1161/1 11/11/1
f 1162/1162/1 11/11/1 16/16/1
f 1160/1160/204 1162/1162/204 16/16/204
f 1160/1160/94 16/16/94 8/8/94
f 1163/1163/18 1164/1164/18 1165/1165/18
f 1163/1163/158 1165/1165/158 1166/1166/158
f 1166/1166/206 1165/1165/206 1167/1167/206
f 1166/1166/2 1167/1167/2 1168/1168/2
f 1168/1168/18 1167/1167/18 1169/1169/18
f 1168/1168/18 1169/1169/18 1170/1170/18
f 1170/1170/2 1169/1169/2 1164/1164/2
f 1170/1170/215 1164/1164/215 1163/1163/215
f 1171/1171/160 1172/1172/160 1173/1173/160
f 1171/1171/22 1173/1173/22 1174/1174/22
f 1175/1175/1 1171/1171/1 1174/1174/1
f 1175/1175/94 1174/1174/94 1176/1176/94
f 1177/1177/1 1175/1175/1 1176/1176/1
f 1177/1177/160 1176/1176/160 1178/1178/160
f 1172/1172/204 1177/1177/204 1178/1178/204
f 1172/1172/94 1178/1178/94 1173/1173/94
f 1179/1179/158 1180/1180/158 1181/1181/158
f 1179/1179/159 1181/1181/159 1182/1182/159
f 1182/1182/2 1181/1181/2 1183/1183/2
f 1182/1182/215 1183/1183/215 1184/1184/215
f 1184/1184/159 1183/1183/159 1185/1185/159
f 1184/1184/2 1185/1185/2 1186/1186/2
f 1186/1186/215 1185/1185/215 1180/1180/215
f 1186/1186/257 1180/1180/257 1179/1179/257
f 1187/1187/197 1188/1188/197 1189/1189/197
f 1187/1187/160 1189/1189/160 1179/1179/160
f 1190/1190/1 1187/1187/1 1179/1179/1
f 1190/1190/204 1179/1179/204 1186/1186/204
f 1191/1191/160 1190/1190/160 1186/1186/160
f 1191/1191/163 1186/1186/163 1192/1192/163
f 1188/1188/250 1191/1191/250 1192/1192/250
f 1188/1188/216 1192/1192/216 1189/1189/216
f 1193/1193/258 1194/1194/258 1195/1195/258
f 1193/1193/18 1195/1195/18 1196/1196/18
f 1196/1196/215 1195/1195/215 1197/1197/215
f 1196/1196/218 1197/1197/218 1198/1198/218
f 1198/1198/258 1197/1197/258 1199/1199/258
f 1198/1198/162 1199/1199/162 1200/1200/162
f 1200/1200/206 1199/1199/206 1194/1194/206
f 1200/1200/215 1194/1194/215 1193/1193/215
f 1163/1163/4 1166/1166/4 7/7/4
f 1163/1163/4 7/7/4 8/8/4
f 1165/1165/7 1164/1164/7 1160/1160/7
f 1165/1165/7 1160/1160/7 1159/1159/7
f 1166/1166/5 1168/1168/5 11/11/5
f 1166/1166/5 11/11/5 7/7/5
f 1167/1167/3 1165/1165/3 1159/1159/3
f 1167/1167/3 1159/1159/3 1161/1161/3
f 1168/1168/6 1170/1170/6 16/16/6
f 1168/1168/6 16/16/6 11/11/6
f 1169/1169/4 1167/1167/4 1161/1161/4
f 1169/1169/4 1161/1161/4 1162/1162/4
f 1170/1170/3 1163/1163/3 8/8/3
f 1170/1170/3 8/8/3 16/16/3
f 1164/1164/5 1169/1169/5 1162/1162/5
f 1164/1164/5 1162/1162/5 1160/1160/5
f 1179/1179/24 1182/1182/24 1174/1174/24
f 1179/1179/259 1174/1174/259 1173/1173/259
f 1181/1181/7 1180/1180/7 1172/1172/7
f 1181/1181/6 1172/1172/6 1171/1171/6
f 1182/1182/5 1184/1184/5 1176/1176/5
f 1182/1182/5 1176/1176/5 1174/1174/5
f 1183/1183/3 1181/1181/3 1171/1171/3
f 1183/1183/223 1171/1171/223 1175/1175/223
f 1184/1184/7 1186/1186/7 1178/1178/7
f 1184/1184/6 1178/1178/6 1176/1176/6
f 1185/1185/198 1183/1183/198 1175/1175/198
f 1185/1185/198 1175/1175/198 1177/1177/198
f 1186/1186/3 1179/1179/3 1173/1173/3
f 1186/1186/3 1173/1173/3 1178/1178/3
f 1180/1180/5 1185/1185/5 1177/1177/5
f 1180/1180/5 1177/1177/5 1172/1172/5
f 1193/1193/24 1196/1196/24 1179/1179/24
f 1193/1193/24 1179/1179/24 1189/1189/24
f 1195/1195/6 1194/1194/6 1188/1188/6
f 1195/1195/7 1188/1188/7 1187/1187/7
f 1196/1196/5 1198/1198/5 1186/1186/5
f 1196/1196/5 1186/1186/5 1179/1179/5
f 1197/1197/3 1195/1195/3 1187/1187/3
f 1197/1197/3 1187/1187/3 1190/1190/3
f 1198/1198/7 1200/1200/7 1192/1192/7
f 1198/1198/7 1192/1192/7 1186/1186/7
f 1199/1199/24 1197/1197/24 1190/1190/24
f 1199/1199/4 1190/1190/4 1191/1191/4
f 1200/1200/3 1193/1193/3 1189/1189/3
f 1200/1200/3 1189/1189/3 1192/1192/3
f 1194/1194/5 1199/1199/5 1191/1191/5
f 1194/1194/5 1191/1191/5 1188/1188/5
f 1201/1201/1 1202/1202/1 1203/1203/1
f 1201/1201/1 1203/1203/1 1204/1204/1
f 1205/1205/2 1206/1206/2 1207/1207/2
f 1205/1205/2 1207/1207/2 1208/1208/2
f 1205/1205/5 1208/1208/5 1204/1204/5
f 1205/1205/251 1204/1204/251 1203/1203/251
f 1208/1208/154 1207/1207/154 1201/1201/154
f 1208/1208/154 1201/1201/154 1204/1204/154
f 1207/1207/3 1206/1206/3 1202/1202/3
f 1207/1207/3 1202/1202/3 1201/1201/3
f 1206/1206/148 1205/1205/148 1203/1203/148
f 1206/1206/198 1203/1203/198 1202/1202/198
f 1209/1209/1 1210/1210/1 1211/1211/1
f 1209/1209/1 1211/1211/1 1212/1212/1
f 1213/1213/2 1214/1214/2 1215/1215/2
f 1213/1213/2 1215/1215/2 1216/1216/2
f 1213/1213/5 1216/1216/5 1212/1212/5
f 1213/1213/5 1212/1212/5 1211/1211/5
f 1216/1216/154 1215/1215/154 1209/1209/154
f 1216/1216/154 1209/1209/154 1212/1212/154
f 1215/1215/223 1214/1214/223 1210/1210/223
f 1215/1215/255 1210/1210/255 1209/1209/255
f 1214/1214/225 1213/1213/225 1211/1211/225
f 1214/1214/224 1211/1211/224 1210/1210/224
f 1217/1217/1 1218/1218/1 15/15/1
f 1217/1217/1 15/15/1 12/12/1
f 1219/1219/204 1217/1217/204 12/12/204
f 1219/1219/1 12/12/1 6/6/1
f 1220/1220/163 1219/1219/163 6/6/163
f 1220/1220/163 6/6/163 5/5/163
f 1218/1218/216 1220/1220/216 5/5/216
f 1218/1218/204 5/5/204 15/15/204
f 1221/1221/162 1222/1222/162 1223/1223/162
f 1221/1221/18 1223/1223/18 1224/1224/18
f 1224/1224/2 1223/1223/2 1225/1225/2
f 1224/1224/206 1225/1225/206 1226/1226/206
f 1226/1226/18 1225/1225/18 1227/1227/18
f 1226/1226/162 1227/1227/162 1228/1228/162
f 1228/1228/215 1227/1227/215 1222/1222/215
f 1228/1228/2 1222/1222/2 1221/1221/2
f 1229/1229/197 1230/1230/197 1231/1231/197
f 1229/1229/22 1231/1231/22 1232/1232/22
f 1233/1233/204 1229/1229/204 1232/1232/204
f 1233/1233/94 1232/1232/94 1234/1234/94
f 1235/1235/22 1233/1233/22 1234/1234/22
f 1235/1235/161 1234/1234/161 1236/1236/161
f 1230/1230/1 1235/1235/1 1236/1236/1
f 1230/1230/204 1236/1236/204 1231/1231/204
f 1237/1237/2 1238/1238/2 1239/1239/2
f 1237/1237/258 1239/1239/258 1240/1240/258
f 1240/1240/212 1239/1239/212 1241/1241/212
f 1240/1240/218 1241/1241/218 1242/1242/218
f 1242/1242/195 1241/1241/195 1243/1243/195
f 1242/1242/2 1243/1243/2 1244/1244/2
f 1244/1244/2 1243/1243/2 1238/1238/2
f 1244/1244/2 1238/1238/2 1237/1237/2
f 1245/1245/22 1246/1246/22 1247/1247/22
f 1245/1245/160 1247/1247/160 1237/1237/160
f 1248/1248/250 1245/1245/250 1237/1237/250
f 1248/1248/216 1237/1237/216 1244/1244/216
f 1249/1249/160 1248/1248/160 1244/1244/160
f 1249/1249/1 1244/1244/1 1250/1250/1
f 1246/1246/1 1249/1249/1 1250/1250/1
f 1246/1246/1 1250/1250/1 1247/1247/1
f 1251/1251/258 1252/1252/258 1253/1253/258
f 1251/1251/18 1253/1253/18 1254/1254/18
f 1254/1254/215 1253/1253/215 1255/1255/215
f 1254/1254/218 1255/1255/218 1256/1256/218
f 1256/1256/158 1255/1255/158 1257/1257/158
f 1256/1256/162 1257/1257/162 1258/1258/162
f 1258/1258/212 1257/1257/212 1252/1252/212
f 1258/1258/206 1252/1252/206 1251/1251/206
f 1221/1221/24 1224/1224/24 12/12/24
f 1221/1221/24 12/12/24 15/15/24
f 1223/1223/7 1222/1222/7 1218/1218/7
f 1223/1223/7 1218/1218/7 1217/1217/7
f 1224/1224/5 1226/1226/5 6/6/5
f 1224/1224/5 6/6/5 12/12/5
f 1225/1225/3 1223/1223/3 1217/1217/3
f 1225/1225/3 1217/1217/3 1219/1219/3
f 1226/1226/6 1228/1228/6 5/5/6
f 1226/1226/6 5/5/6 6/6/6
f 1227/1227/24 1225/1225/24 1219/1219/24
f 1227/1227/24 1219/1219/24 1220/1220/24
f 1228/1228/3 1221/1221/3 15/15/3
f 1228/1228/3 15/15/3 5/5/3
f 1222/1222/5 1227/1227/5 1220/1220/5
f 1222/1222/5 1220/1220/5 1218/1218/5
f 1237/1237/198 1240/1240/198 1232/1232/198
f 1237/1237/198 1232/1232/198 1231/1231/198
f 1239/1239/153 1238/1238/153 1230/1230/153
f 1239/1239/153 1230/1230/153 1229/1229/153
f 1240/1240/5 1242/1242/5 1234/1234/5
f 1240/1240/5 1234/1234/5 1232/1232/5
f 1241/1241/3 1239/1239/3 1229/1229/3
f 1241/1241/3 1229/1229/3 1233/1233/3
f 1242/1242/7 1244/1244/7 1236/1236/7
f 1242/1242/6 1236/1236/6 1234/1234/6
f 1243/1243/4 1241/1241/4 1233/1233/4
f 1243/1243/24 1233/1233/24 1235/1235/24
f 1244/1244/3 1237/1237/3 1231/1231/3
f 1244/1244/3 1231/1231/3 1236/1236/3
f 1238/1238/5 1243/1243/5 1235/1235/5
f 1238/1238/5 1235/1235/5 1230/1230/5
f 1251/1251/219 1254/1254/219 1237/1237/219
f 1251/1251/219 1237/1237/219 1247/1247/219
f 1253/1253/220 1252/1252/220 1246/1246/220
f 1253/1253/220 1246/1246/220 1245/1245/220
f 1254/1254/5 1256/1256/5 1244/1244/5
f 1254/1254/5 1244/1244/5 1237/1237/5
f 1255/1255/3 1253/1253/3 1245/1245/3
f 1255/1255/3 1245/1245/3 1248/1248/3
f 1256/1256/6 1258/1258/6 1250/1250/6
f 1256/1256/7 1250/1250/7 1244/1244/7
f 1257/1257/148 1255/1255/148 1248/1248/148
f 1257/1257/198 1248/1248/198 1249/1249/198
f 1258/1258/3 1251/1251/3 1247/1247/3
f 1258/1258/3 1247/1247/3 1250/1250/3
f 1252/1252/5 1257/1257/5 1249/1249/5
f 1252/1252/5 1249/1249/5 1246/1246/5
f 1259/1259/1 1260/1260/1 1261/1261/1
f 1259/1259/1 1261/1261/1 1262/1262/1
f 1263/1263/2 1264/1264/2 1265/1265/2
f 1263/1263/2 1265/1265/2 1266/1266/2
f 1263/1263/5 1266/1266/5 1262/1262/5
f 1263/1263/251 1262/1262/251 1261/1261/251
f 1266/1266/153 1265/1265/153 1259/1259/153
f 1266/1266/154 1259/1259/154 1262/1262/154
f 1265/1265/3 1264/1264/3 1260/1260/3
f 1265/1265/255 1260/1260/255 1259/1259/255
f 1264/1264/221 1263/1263/221 1261/1261/221
f 1264/1264/260 1261/1261/260 1260/1260/260
f 1267/1267/1 1268/1268/1 1269/1269/1
f 1267/1267/1 1269/1269/1 1270/1270/1
f 1271/1271/2 1272/1272/2 1273/1273/2
f 1271/1271/2 1273/1273/2 1274/1274/2
f 1271/1271/5 1274/1274/5 1270/1270/5
f 1271/1271/5 1270/1270/5 1269/1269/5
f 1274/1274/154 1273/1273/154 1267/1267/154
f 1274/1274/154 1267/1267/154 1270/1270/154
f 1273/1273/3 1272/1272/3 1268/1268/3
f 1273/1273/3 1268/1268/3 1267/1267/3
f 1272/1272/225 1271/1271/225 1269/1269/225
f 1272/1272/225 1269/1269/225 1268/1268/225
f 1275/1275/219 1276/1276/219 60/60/219
f 1275/1275/219 60/60/219 1277/1277/219
f 1278/1278/247 1275/1275/247 1277/1277/247
f 1278/1278/149 1277/1277/149 58/58/149
f 1279/1279/148 1278/1278/148 58/58/148
f 1279/1279/198 58/58/198 57/57/198
f 1276/1276/149 1279/1279/149 57/57/149
f 1276/1276/146 57/57/146 60/60/146
f 69/69/153 1280/1280/153 1281/1281/153
f 69/69/154 1281/1281/154 74/74/154
f 74/74/6 1281/1281/6 1282/1282/6
f 74/74/261 1282/1282/261 68/68/261
f 68/68/153 1282/1282/153 1283/1283/153
f 68/68/154 1283/1283/154 65/65/154
f 65/65/174 1283/1283/174 1280/1280/174
f 65/65/136 1280/1280/136 69/69/136
f 1284/1284/219 1285/1285/219 1286/1286/219
f 1284/1284/219 1286/1286/219 1287/1287/219
f 1288/1288/14 1284/1284/14 1287/1287/14
f 1288/1288/4 1287/1287/4 1289/1289/4
f 1290/1290/219 1288/1288/219 1289/1289/219
f 1290/1290/219 1289/1289/219 1291/1291/219
f 1285/1285/230 1290/1290/230 1291/1291/230
f 1285/1285/149 1291/1291/149 1286/1286/149
f 1292/1292/220 1293/1293/220 1294/1294/220
f 1292/1292/220 1294/1294/220 1295/1295/220
f 1295/1295/261 1294/1294/261 1296/1296/261
f 1295/1295/244 1296/1296/244 1297/1297/244
f 1297/1297/220 1296/1296/220 1298/1298/220
f 1297/1297/220 1298/1298/220 1299/1299/220
f 1299/1299/261 1298/1298/261 1293/1293/261
f 1299/1299/174 1293/1293/174 1292/1292/174
f 1300/1300/219 1301/1301/219 1302/1302/219
f 1300/1300/219 1302/1302/219 1292/1292/219
f 1303/1303/246 1300/1300/246 1292/1292/246
f 1303/1303/262 1292/1292/262 1299/1299/262
f 1304/1304/219 1303/1303/219 1299/1299/219
f 1304/1304/219 1299/1299/219 1305/1305/219
f 1301/1301/238 1304/1304/238 1305/1305/238
f 1301/1301/146 1305/1305/146 1302/1302/146
f 1306/1306/220 1307/1307/220 1308/1308/220
f 1306/1306/220 1308/1308/220 1309/1309/220
f 1309/1309/6 1308/1308/6 1310/1310/6
f 1309/1309/136 1310/1310/136 1311/1311/136
f 1311/1311/220 1310/1310/220 1312/1312/220
f 1311/1311/220 1312/1312/220 1313/1313/220
f 1313/1313/6 1312/1312/6 1307/1307/6
f 1313/1313/9 1307/1307/9 1306/1306/9
f 69/69/18 74/74/18 1277/1277/18
f 69/69/2 1277/1277/2 60/60/2
f 1281/1281/22 1280/1280/22 1276/1276/22
f 1281/1281/1 1276/1276/1 1275/1275/1
f 74/74/5 68/68/5 58/58/5
f 74/74/5 58/58/5 1277/1277/5
f 1282/1282/3 1281/1281/3 1275/1275/3
f 1282/1282/3 1275/1275/3 1278/1278/3
f 68/68/1 65/65/1 57/57/1
f 68/68/1 57/57/1 58/58/1
f 1283/1283/2 1282/1282/2 1278/1278/2
f 1283/1283/18 1278/1278/18 1279/1279/18
f 65/65/3 69/69/3 60/60/3
f 65/65/3 60/60/3 57/57/3
f 1280/1280/5 1283/1283/5 1279/1279/5
f 1280/1280/5 1279/1279/5 1276/1276/5
f 1292/1292/18 1295/1295/18 1287/1287/18
f 1292/1292/18 1287/1287/18 1286/1286/18
f 1294/1294/163 1293/1293/163 1285/1285/163
f 1294/1294/1 1285/1285/1 1284/1284/1
f 1295/1295/5 1297/1297/5 1289/1289/5
f 1295/1295/5 1289/1289/5 1287/1287/5
f 1296/1296/3 1294/1294/3 1284/1284/3
f 1296/1296/3 1284/1284/3 1288/1288/3
f 1297/1297/22 1299/1299/22 1291/1291/22
f 1297/1297/165 1291/1291/165 1289/1289/165
f 1298/1298/158 1296/1296/158 1288/1288/158
f 1298/1298/168 1288/1288/168 1290/1290/168
f 1299/1299/3 1292/1292/3 1286/1286/3
f 1299/1299/3 1286/1286/3 1291/1291/3
f 1293/1293/5 1298/1298/5 1290/1290/5
f 1293/1293/5 1290/1290/5 1285/1285/5
f 1306/1306/2 1309/1309/2 1292/1292/2
f 1306/1306/158 1292/1292/158 1302/1302/158
f 1308/1308/1 1307/1307/1 1301/1301/1
f 1308/1308/1 1301/1301/1 1300/1300/1
f 1309/1309/5 1311/1311/5 1299/1299/5
f 1309/1309/5 1299/1299/5 1292/1292/5
f 1310/1310/3 1308/1308/3 1300/1300/3
f 1310/1310/3 1300/1300/3 1303/1303/3
f 1311/1311/163 1313/1313/163 1305/1305/163
f 1311/1311/1 1305/1305/1 1299/1299/1
f 1312/1312/2 1310/1310/2 1303/1303/2
f 1312/1312/158 1303/1303/158 1304/1304/158
f 1313/1313/3 1306/1306/3 1302/1302/3
f 1313/1313/3 1302/1302/3 1305/1305/3
f 1307/1307/5 1312/1312/5 1304/1304/5
f 1307/1307/5 1304/1304/5 1301/1301/5
f 1314/1314/4 1315/1315/4 1316/1316/4
f 1314/1314/4 1316/1316/4 1317/1317/4
f 1318/1318/6 1319/1319/6 1320/1320/6
f 1318/1318/6 1320/1320/6 1321/1321/6
f 1318/1318/5 1321/1321/5 1317/1317/5
f 1318/1318/5 1317/1317/5 1316/1316/5
f 1321/1321/201 1320/1320/201 1314/1314/201
f 1321/1321/165 1314/1314/165 1317/1317/165
f 1320/1320/3 1319/1319/3 1315/1315/3
f 1320/1320/3 1315/1315/3 1314/1314/3
f 1319/1319/189 1318/1318/189 1316/1316/189
f 1319/1319/258 1316/1316/258 1315/1315/258
f 1322/1322/4 1323/1323/4 1324/1324/4
f 1322/1322/4 1324/1324/4 1325/1325/4
f 1326/1326/6 1327/1327/6 1328/1328/6
f 1326/1326/6 1328/1328/6 1329/1329/6
f 1326/1326/5 1329/1329/5 1325/1325/5
f 1326/1326/5 1325/1325/5 1324/1324/5
f 1329/1329/242 1328/1328/242 1322/1322/242
f 1329/1329/196 1322/1322/196 1325/1325/196
f 1328/1328/3 1327/1327/3 1323/1323/3
f 1328/1328/3 1323/1323/3 1322/1322/3
f 1327/1327/2 1326/1326/2 1324/1324/2
f 1327/1327/18 1324/1324/18 1323/1323/18
f 1330/1330/188 1331/1331/188 55/55/188
f 1330/1330/4 55/55/4 63/63/4
f 1332/1332/198 1330/1330/198 63/63/198
f 1332/1332/148 63/63/148 61/61/148
f 1333/1333/156 1332/1332/156 61/61/156
f 1333/1333/4 61/61/4 56/56/4
f 1331/1331/148 1333/1333/148 56/56/148
f 1331/1331/198 56/56/198 55/55/198
f 67/67/6 1334/1334/6 1335/1335/6
f 67/67/12 1335/1335/12 72/72/12
f 72/72/154 1335/1335/154 1336/1336/154
f 72/72/154 1336/1336/154 71/71/154
f 71/71/6 1336/1336/6 1337/1337/6
f 71/71/11 1337/1337/11 66/66/11
f 66/66/154 1337/1337/154 1334/1334/154
f 66/66/153 1334/1334/153 67/67/153
f 1338/1338/263 1339/1339/263 1340/1340/263
f 1338/1338/264 1340/1340/264 1341/1341/264
f 1342/1342/219 1338/1338/219 1341/1341/219
f 1342/1342/219 1341/1341/219 1343/1343/219
f 1344/1344/128 1342/1342/128 1343/1343/128
f 1344/1344/264 1343/1343/264 1345/1345/264
f 1339/1339/219 1344/1344/219 1345/1345/219
f 1339/1339/219 1345/1345/219 1340/1340/219
f 1346/1346/6 1347/1347/6 1348/1348/6
f 1346/1346/265 1348/1348/265 1349/1349/265
f 1349/1349/220 1348/1348/220 1350/1350/220
f 1349/1349/220 1350/1350/220 1351/1351/220
f 1351/1351/6 1350/1350/6 1352/1352/6
f 1351/1351/142 1352/1352/142 1353/1353/142
f 1353/1353/153 1352/1352/153 1347/1347/153
f 1353/1353/153 1347/1347/153 1346/1346/153
f 1354/1354/228 1355/1355/228 1356/1356/228
f 1354/1354/266 1356/1356/266 1346/1346/266
f 1357/1357/219 1354/1354/219 1346/1346/219
f 1357/1357/219 1346/1346/219 1353/1353/219
f 1358/1358/187 1357/1357/187 1353/1353/187
f 1358/1358/238 1353/1353/238 1359/1359/238
f 1355/1355/219 1358/1358/219 1359/1359/219
f 1355/1355/219 1359/1359/219 1356/1356/219
f 1360/1360/265 1361/1361/265 1362/1362/265
f 1360/1360/233 1362/1362/233 1363/1363/233
f 1363/1363/220 1362/1362/220 1364/1364/220
f 1363/1363/220 1364/1364/220 1365/1365/220
f 1365/1365/267 1364/1364/267 1366/1366/267
f 1365/1365/243 1366/1366/243 1367/1367/243
f 1367/1367/220 1366/1366/220 1361/1361/220
f 1367/1367/220 1361/1361/220 1360/1360/220
f 67/67/5 72/72/5 63/63/5
f 67/67/5 63/63/5 55/55/5
f 1335/1335/3 1334/1334/3 1331/1331/3
f 1335/1335/3 1331/1331/3 1330/1330/3
f 72/72/22 71/71/22 61/61/22
f 72/72/1 61/61/1 63/63/1
f 1336/1336/2 1335/1335/2 1330/1330/2
f 1336/1336/2 1330/1330/2 1332/1332/2
f 71/71/3 66/66/3 56/56/3
f 71/71/3 56/56/3 61/61/3
f 1337/1337/5 1336/1336/5 1332/1332/5
f 1337/1337/5 1332/1332/5 1333/1333/5
f 66/66/2 67/67/2 55/55/2
f 66/66/2 55/55/2 56/56/2
f 1334/1334/1 1337/1337/1 1333/1333/1
f 1334/1334/1 1333/1333/1 1331/1331/1
f 1346/1346/5 1349/1349/5 1341/1341/5
f 1346/1346/5 1341/1341/5 1340/1340/5
f 1348/1348/3 1347/1347/3 1339/1339/3
f 1348/1348/3 1339/1339/3 1338/1338/3
f 1349/1349/182 1351/1351/182 1343/1343/182
f 1349/1349/22 1343/1343/22 1341/1341/22
f 1350/1350/162 1348/1348/162 1338/1338/162
f 1350/1350/158 1338/1338/158 1342/1342/158
f 1351/1351/3 1353/1353/3 1345/1345/3
f 1351/1351/3 1345/1345/3 1343/1343/3
f 1352/1352/5 1350/1350/5 1342/1342/5
f 1352/1352/5 1342/1342/5 1344/1344/5
f 1353/1353/159 1346/1346/159 1340/1340/159
f 1353/1353/2 1340/1340/2 1345/1345/2
f 1347/1347/197 1352/1352/197 1344/1344/197
f 1347/1347/163 1344/1344/163 1339/1339/163
f 1360/1360/5 1363/1363/5 1346/1346/5
f 1360/1360/5 1346/1346/5 1356/1356/5
f 1362/1362/3 1361/1361/3 1355/1355/3
f 1362/1362/3 1355/1355/3 1354/1354/3
f 1363/1363/22 1365/1365/22 1353/1353/22
f 1363/1363/22 1353/1353/22 1346/1346/22
f 1364/1364/162 1362/1362/162 1354/1354/162
f 1364/1364/162 1354/1354/162 1357/1357/162
f 1365/1365/3 1367/1367/3 1359/1359/3
f 1365/1365/3 1359/1359/3 1353/1353/3
f 1366/1366/5 1364/1364/5 1357/1357/5
f 1366/1366/5 1357/1357/5 1358/1358/5
f 1367/1367/158 1360/1360/158 1356/1356/158
f 1367/1367/18 1356/1356/18 1359/1359/18
f 1361/1361/22 1366/1366/22 1358/1358/22
f 1361/1361/22 1358/1358/22 1355/1355/22
f 1368/1368/4 1369/1369/4 1370/1370/4
f 1368/1368/4 1370/1370/4 1371/1371/4
f 1372/1372/6 1373/1373/6 1374/1374/6
f 1372/1372/6 1374/1374/6 1375/1375/6
f 1372/1372/240 1375/1375/240 1371/1371/240
f 1372/1372/175 1371/1371/175 1370/1370/175
f 1375/1375/3 1374/1374/3 1368/1368/3
f 1375/1375/3 1368/1368/3 1371/1371/3
f 1374/1374/2 1373/1373/2 1369/1369/2
f 1374/1374/18 1369/1369/18 1368/1368/18
f 1373/1373/5 1372/1372/5 1370/1370/5
f 1373/1373/5 1370/1370/5 1369/1369/5
f 1376/1376/4 1377/1377/4 1378/1378/4
f 1376/1376/4 1378/1378/4 1379/1379/4
f 1380/1380/6 1381/1381/6 1382/1382/6
f 1380/1380/6 1382/1382/6 1383/1383/6
f 1380/1380/1 1383/1383/1 1379/1379/1
f 1380/1380/1 1379/1379/1 1378/1378/1
f 1383/1383/3 1382/1382/3 1376/1376/3
f 1383/1383/3 1376/1376/3 1379/1379/3
f 1382/1382/167 1381/1381/167 1377/1377/167
f 1382/1382/268 1377/1377/268 1376/1376/268
f 1381/1381/5 1380/1380/5 1378/1378/5
f 1381/1381/5 1378/1378/5 1377/1377/5
f 1384/1384/24 1385/1385/24 50/50/24
f 1384/1384/4 50/50/4 51/51/4
f 1386/1386/135 1384/1384/135 51/51/135
f 1386/1386/263 51/51/263 46/46/263
f 1387/1387/24 1386/1386/24 46/46/24
f 1387/1387/24 46/46/24 45/45/24
f 1385/1385/135 1387/1387/135 45/45/135
f 1385/1385/187 45/45/187 50/50/187
f 39/39/7 1388/1388/7 1389/1389/7
f 39/39/6 1389/1389/6 41/41/6
f 41/41/6 1389/1389/6 1390/1390/6
f 41/41/9 1390/1390/9 33/33/9
f 33/33/7 1390/1390/7 1391/1391/7
f 33/33/7 1391/1391/7 34/34/7
f 34/34/269 1391/1391/269 1388/1388/269
f 34/34/151 1388/1388/151 39/39/151
f 1392/1392/24 1393/1393/24 1394/1394/24
f 1392/1392/24 1394/1394/24 1395/1395/24
f 1396/1396/16 1392/1392/16 1395/1395/16
f 1396/1396/4 1395/1395/4 1397/1397/4
f 1398/1398/24 1396/1396/24 1397/1397/24
f 1398/1398/4 1397/1397/4 1399/1399/4
f 1393/1393/14 1398/1398/14 1399/1399/14
f 1393/1393/4 1399/1399/4 1394/1394/4
f 1400/1400/7 1401/1401/7 1402/1402/7
f 1400/1400/6 1402/1402/6 1403/1403/6
f 1403/1403/6 1402/1402/6 1404/1404/6
f 1403/1403/12 1404/1404/12 1405/1405/12
f 1405/1405/6 1404/1404/6 1406/1406/6
f 1405/1405/7 1406/1406/7 1407/1407/7
f 1407/1407/141 1406/1406/141 1401/1401/141
f 1407/1407/173 1401/1401/173 1400/1400/173
f 1408/1408/24 1409/1409/24 1410/1410/24
f 1408/1408/24 1410/1410/24 1400/1400/24
f 1411/1411/172 1408/1408/172 1400/1400/172
f 1411/1411/4 1400/1400/4 1407/1407/4
f 1412/1412/4 1411/1411/4 1407/1407/4
f 1412/1412/24 1407/1407/24 1413/1413/24
f 1409/1409/266 1412/1412/266 1413/1413/266
f 1409/1409/4 1413/1413/4 1410/1410/4
f 1414/1414/153 1415/1415/153 1416/1416/153
f 1414/1414/153 1416/1416/153 1417/1417/153
f 1417/1417/6 1416/1416/6 1418/1418/6
f 1417/1417/185 1418/1418/185 1419/1419/185
f 1419/1419/153 1418/1418/153 1420/1420/153
f 1419/1419/153 1420/1420/153 1421/1421/153
f 1421/1421/141 1420/1420/141 1415/1415/141
f 1421/1421/269 1415/1415/269 1414/1414/269
f 39/39/2 41/41/2 51/51/2
f 39/39/2 51/51/2 50/50/2
f 1389/1389/1 1388/1388/1 1385/1385/1
f 1389/1389/1 1385/1385/1 1384/1384/1
f 41/41/5 33/33/5 46/46/5
f 41/41/5 46/46/5 51/51/5
f 1390/1390/3 1389/1389/3 1384/1384/3
f 1390/1390/3 1384/1384/3 1386/1386/3
f 33/33/1 34/34/1 45/45/1
f 33/33/22 45/45/22 46/46/22
f 1391/1391/2 1390/1390/2 1386/1386/2
f 1391/1391/2 1386/1386/2 1387/1387/2
f 34/34/3 39/39/3 50/50/3
f 34/34/3 50/50/3 45/45/3
f 1388/1388/5 1391/1391/5 1387/1387/5
f 1388/1388/5 1387/1387/5 1385/1385/5
f 1400/1400/162 1403/1403/162 1395/1395/162
f 1400/1400/18 1395/1395/18 1394/1394/18
f 1402/1402/163 1401/1401/163 1393/1393/163
f 1402/1402/160 1393/1393/160 1392/1392/160
f 1403/1403/5 1405/1405/5 1397/1397/5
f 1403/1403/5 1397/1397/5 1395/1395/5
f 1404/1404/3 1402/1402/3 1392/1392/3
f 1404/1404/3 1392/1392/3 1396/1396/3
f 1405/1405/22 1407/1407/22 1399/1399/22
f 1405/1405/197 1399/1399/197 1397/1397/197
f 1406/1406/2 1404/1404/2 1396/1396/2
f 1406/1406/2 1396/1396/2 1398/1398/2
f 1407/1407/3 1400/1400/3 1394/1394/3
f 1407/1407/3 1394/1394/3 1399/1399/3
f 1401/1401/5 1406/1406/5 1398/1398/5
f 1401/1401/5 1398/1398/5 1393/1393/5
f 1414/1414/18 1417/1417/18 1400/1400/18
f 1414/1414/2 1400/1400/2 1410/1410/2
f 1416/1416/1 1415/1415/1 1409/1409/1
f 1416/1416/1 1409/1409/1 1408/1408/1
f 1417/1417/5 1419/1419/5 1407/1407/5
f 1417/1417/5 1407/1407/5 1400/1400/5
f 1418/1418/3 1416/1416/3 1408/1408/3
f 1418/1418/3 1408/1408/3 1411/1411/3
f 1419/1419/1 1421/1421/1 1413/1413/1
f 1419/1419/163 1413/1413/163 1407/1407/163
f 1420/1420/2 1418/1418/2 1411/1411/2
f 1420/1420/2 1411/1411/2 1412/1412/2
f 1421/1421/3 1414/1414/3 1410/1410/3
f 1421/1421/3 1410/1410/3 1413/1413/3
f 1415/1415/5 1420/1420/5 1412/1412/5
f 1415/1415/5 1412/1412/5 1409/1409/5
f 1422/1422/4 1423/1423/4 1424/1424/4
f 1422/1422/4 1424/1424/4 1425/1425/4
f 1426/1426/6 1427/1427/6 1428/1428/6
f 1426/1426/6 1428/1428/6 1429/1429/6
f 1426/1426/5 1429/1429/5 1425/1425/5
f 1426/1426/5 1425/1425/5 1424/1424/5
f 1429/1429/161 1428/1428/161 1422/1422/161
f 1429/1429/161 1422/1422/161 1425/1425/161
f 1428/1428/3 1427/1427/3 1423/1423/3
f 1428/1428/3 1423/1423/3 1422/1422/3
f 1427/1427/195 1426/1426/195 1424/1424/195
f 1427/1427/164 1424/1424/164 1423/1423/164
f 1430/1430/4 1431/1431/4 1432/1432/4
f 1430/1430/4 1432/1432/4 1433/1433/4
f 1434/1434/6 1435/1435/6 1436/1436/6
f 1434/1434/6 1436/1436/6 1437/1437/6
f 1434/1434/5 1437/1437/5 1433/1433/5
f 1434/1434/5 1433/1433/5 1432/1432/5
f 1437/1437/190 1436/1436/190 1430/1430/190
f 1437/1437/201 1430/1430/201 1433/1433/201
f 1436/1436/3 1435/1435/3 1431/1431/3
f 1436/1436/3 1431/1431/3 1430/1430/3
f 1435/1435/179 1434/1434/179 1432/1432/179
f 1435/1435/189 1432/1432/189 1431/1431/189
f 1438/1438/24 1439/1439/24 1440/1440/24
f 1438/1438/4 1440/1440/4 1441/1441/4
f 1442/1442/16 1438/1438/16 1441/1441/16
f 1442/1442/4 1441/1441/4 54/54/4
f 1443/1443/24 1442/1442/24 54/54/24
f 1443/1443/4 54/54/4 48/48/4
f 1439/1439/135 1443/1443/135 48/48/135
f 1439/1439/4 48/48/4 1440/1440/4
f 1444/1444/154 1445/1445/154 1446/1446/154
f 1444/1444/154 1446/1446/154 36/36/154
f 36/36/6 1446/1446/6 1447/1447/6
f 36/36/10 1447/1447/10 42/42/10
f 42/42/7 1447/1447/7 1448/1448/7
f 42/42/7 1448/1448/7 38/38/7
f 38/38/6 1448/1448/6 1445/1445/6
f 38/38/173 1445/1445/173 1444/1444/173
f 1449/1449/4 1450/1450/4 1451/1451/4
f 1449/1449/270 1451/1451/270 1452/1452/270
f 1453/1453/135 1449/1449/135 1452/1452/135
f 1453/1453/4 1452/1452/4 1454/1454/4
f 1455/1455/24 1453/1453/24 1454/1454/24
f 1455/1455/24 1454/1454/24 1456/1456/24
f 1450/1450/15 1455/1455/15 1456/1456/15
f 1450/1450/4 1456/1456/4 1451/1451/4
f 1457/1457/7 1458/1458/7 1459/1459/7
f 1457/1457/7 1459/1459/7 1460/1460/7
f 1460/1460/6 1459/1459/6 1461/1461/6
f 1460/1460/6 1461/1461/6 1462/1462/6
f 1462/1462/7 1461/1461/7 1463/1463/7
f 1462/1462/7 1463/1463/7 1464/1464/7
f 1464/1464/6 1463/1463/6 1458/1458/6
f 1464/1464/141 1458/1458/141 1457/1457/141
f 1465/1465/24 1466/1466/24 1467/1467/24
f 1465/1465/4 1467/1467/4 1457/1457/4
f 1468/1468/236 1465/1465/236 1457/1457/236
f 1468/1468/128 1457/1457/128 1464/1464/128
f 1469/1469/24 1468/1468/24 1464/1464/24
f 1469/1469/24 1464/1464/24 1470/1470/24
f 1466/1466/4 1469/1469/4 1470/1470/4
f 1466/1466/171 1470/1470/171 1467/1467/171
f 1471/1471/7 1472/1472/7 1473/1473/7
f 1471/1471/6 1473/1473/6 1474/1474/6
f 1474/1474/271 1473/1473/271 1475/1475/271
f 1474/1474/9 1475/1475/9 1476/1476/9
f 1476/1476/7 1475/1475/7 1477/1477/7
f 1476/1476/7 1477/1477/7 1478/1478/7
f 1478/1478/272 1477/1477/272 1472/1472/272
f 1478/1478/273 1472/1472/273 1471/1471/273
f 1444/1444/2 36/36/2 1441/1441/2
f 1444/1444/2 1441/1441/2 1440/1440/2
f 1446/1446/22 1445/1445/22 1439/1439/22
f 1446/1446/1 1439/1439/1 1438/1438/1
f 36/36/5 42/42/5 54/54/5
f 36/36/5 54/54/5 1441/1441/5
f 1447/1447/3 1446/1446/3 1438/1438/3
f 1447/1447/3 1438/1438/3 1442/1442/3
f 42/42/22 38/38/22 48/48/22
f 42/42/1 48/48/1 54/54/1
f 1448/1448/2 1447/1447/2 1442/1442/2
f 1448/1448/2 1442/1442/2 1443/1443/2
f 38/38/3 1444/1444/3 1440/1440/3
f 38/38/3 1440/1440/3 48/48/3
f 1445/1445/5 1448/1448/5 1443/1443/5
f 1445/1445/5 1443/1443/5 1439/1439/5
f 1457/1457/162 1460/1460/162 1452/1452/162
f 1457/1457/162 1452/1452/162 1451/1451/162
f 1459/1459/1 1458/1458/1 1450/1450/1
f 1459/1459/1 1450/1450/1 1449/1449/1
f 1460/1460/5 1462/1462/5 1454/1454/5
f 1460/1460/5 1454/1454/5 1452/1452/5
f 1461/1461/3 1459/1459/3 1449/1449/3
f 1461/1461/3 1449/1449/3 1453/1453/3
f 1462/1462/160 1464/1464/160 1456/1456/160
f 1462/1462/1 1456/1456/1 1454/1454/1
f 1463/1463/162 1461/1461/162 1453/1453/162
f 1463/1463/162 1453/1453/162 1455/1455/162
f 1464/1464/3 1457/1457/3 1451/1451/3
f 1464/1464/3 1451/1451/3 1456/1456/3
f 1458/1458/5 1463/1463/5 1455/1455/5
f 1458/1458/5 1455/1455/5 1450/1450/5
f 1471/1471/158 1474/1474/158 1457/1457/158
f 1471/1471/2 1457/1457/2 1467/1467/2
f 1473/1473/1 1472/1472/1 1466/1466/1
f 1473/1473/1 1466/1466/1 1465/1465/1
f 1474/1474/5 1476/1476/5 1464/1464/5
f 1474/1474/5 1464/1464/5 1457/1457/5
f 1475/1475/3 1473/1473/3 1465/1465/3
f 1475/1475/3 1465/1465/3 1468/1468/3
f 1476/1476/163 1478/1478/163 1470/1470/163
f 1476/1476/1 1470/1470/1 1464/1464/1
f 1477/1477/2 1475/1475/2 1468/1468/2
f 1477/1477/2 1468/1468/2 1469/1469/2
f 1478/1478/3 1471/1471/3 1467/1467/3
f 1478/1478/3 1467/1467/3 1470/1470/3
f 1472/1472/5 1477/1477/5 1469/1469/5
f 1472/1472/5 1469/1469/5 1466/1466/5
f 1479/1479/4 1480/1480/4 1481/1481/4
f 1479/1479/4 1481/1481/4 1482/1482/4
f 1483/1483/6 1484/1484/6 1485/1485/6
f 1483/1483/6 1485/1485/6 1486/1486/6
f 1483/1483/5 1486/1486/5 1482/1482/5
f 1483/1483/5 1482/1482/5 1481/1481/5
f 1486/1486/176 1485/1485/176 1479/1479/176
f 1486/1486/161 1479/1479/161 1482/1482/161
f 1485/1485/3 1484/1484/3 1480/1480/3
f 1485/1485/3 1480/1480/3 1479/1479/3
f 1484/1484/274 1483/1483/274 1481/1481/274
f 1484/1484/164 1481/1481/164 1480/1480/164
f 1487/1487/4 1488/1488/4 1489/1489/4
f 1487/1487/4 1489/1489/4 1490/1490/4
f 1491/1491/6 1492/1492/6 1493/1493/6
f 1491/1491/6 1493/1493/6 1494/1494/6
f 1491/1491/5 1494/1494/5 1490/1490/5
f 1491/1491/5 1490/1490/5 1489/1489/5
f 1494/1494/163 1493/1493/163 1487/1487/163
f 1494/1494/163 1487/1487/163 1490/1490/163
f 1493/1493/3 1492/1492/3 1488/1488/3
f 1493/1493/3 1488/1488/3 1487/1487/3
f 1492/1492/179 1491/1491/179 1489/1489/179
f 1492/1492/189 1489/1489/189 1488/1488/189
f 1495/1495/275 1496/1496/275 1497/1497/275
f 1495/1495/275 1497/1497/275 1498/1498/275
f 1496/1496/276 1499/1499/276 1500/1500/276
f 1496/1496/277 1500/1500/277 1497/1497/277
f 1499/1499/278 1501/1501/278 1502/1502/278
f 1499/1499/278 1502/1502/278 1500/1500/278
f 1501/1501/279 1495/1495/279 1498/1498/279
f 1501/1501/280 1498/1498/280 1502/1502/280
f 1503/1503/281 1504/1504/281 1505/1505/281
f 1503/1503/282 1505/1505/282 1506/1506/282
f 1504/1504/283 1496/1496/283 1507/1507/283
f 1504/1504/284 1507/1507/284 1505/1505/284
f 1496/1496/285 1495/1495/285 1508/1508/285
f 1496/1496/286 1508/1508/286 1507/1507/286
f 1495/1495/287 1503/1503/287 1506/1506/287
f 1495/1495/288 1506/1506/288 1508/1508/288
f 1509/1509/289 213/213/289 215/215/289
f 1509/1509/289 215/215/289 1510/1510/289
f 1511/1511/290 212/212/290 213/213/290
f 1511/1511/289 213/213/289 1509/1509/289
f 1512/1512/289 214/214/289 212/212/289
f 1512/1512/289 212/212/289 1511/1511/289
f 1510/1510/291 215/215/291 214/214/291
f 1510/1510/292 214/214/292 1512/1512/292
f 1513/1513/293 216/216/293 217/217/293
f 1513/1513/293 217/217/293 1514/1514/293
f 1515/1515/293 213/213/293 216/216/293
f 1515/1515/294 216/216/294 1513/1513/294
f 1516/1516/293 215/215/293 213/213/293
f 1516/1516/295 213/213/295 1515/1515/295
f 1514/1514/296 217/217/296 215/215/296
f 1514/1514/294 215/215/294 1516/1516/294
f 1498/1498/297 1497/1497/297 1509/1509/297
f 1498/1498/298 1509/1509/298 1510/1510/298
f 1499/1499/299 1496/1496/299 213/213/299
f 1499/1499/261 213/213/261 212/212/261
f 1497/1497/188 1500/1500/188 1511/1511/188
f 1497/1497/300 1511/1511/300 1509/1509/300
f 1501/1501/297 1499/1499/297 212/212/297
f 1501/1501/297 212/212/297 214/214/297
f 1500/1500/301 1502/1502/301 1512/1512/301
f 1500/1500/302 1512/1512/302 1511/1511/302
f 1495/1495/247 1501/1501/247 214/214/247
f 1495/1495/213 214/214/213 215/215/213
f 1502/1502/21 1498/1498/21 1510/1510/21
f 1502/1502/6 1510/1510/6 1512/1512/6
f 1504/1504/303 1503/1503/303 217/217/303
f 1504/1504/303 217/217/303 216/216/303
f 1506/1506/304 1505/1505/304 1513/1513/304
f 1506/1506/304 1513/1513/304 1514/1514/304
f 1496/1496/305 1504/1504/305 216/216/305
f 1496/1496/183 216/216/183 213/213/183
f 1505/1505/306 1507/1507/306 1515/1515/306
f 1505/1505/214 1515/1515/214 1513/1513/214
f 1507/1507/307 1508/1508/307 1516/1516/307
f 1507/1507/303 1516/1516/303 1515/1515/303
f 1503/1503/308 1495/1495/308 215/215/308
f 1503/1503/309 215/215/309 217/217/309
f 1508/1508/310 1506/1506/310 1514/1514/310
f 1508/1508/25 1514/1514/25 1516/1516/25
f 1511/1511/278 1512/1512/278 1510/1510/278
f 1511/1511/278 1510/1510/278 1509/1509/278
f 1515/1515/282 1516/1516/282 1514/1514/282
f 1515/1515/281 1514/1514/281 1513/1513/281
f 1517/1517/6 1518/1518/6 1519/1519/6
f 1517/1517/6 1519/1519/6 1520/1520/6
f 1518/1518/6 1521/1521/6 1522/1522/6
f 1518/1518/6 1522/1522/6 1519/1519/6
f 1523/1523/4 1496/1496/4 1524/1524/4
f 1523/1523/4 1524/1524/4 1525/1525/4
f 1526/1526/4 1527/1527/4 1496/1496/4
f 1526/1526/4 1496/1496/4 1523/1523/4
f 1523/1523/115 1525/1525/115 1520/1520/115
f 1523/1523/311 1520/1520/311 1519/1519/311
f 1525/1525/2 1524/1524/2 1517/1517/2
f 1525/1525/2 1517/1517/2 1520/1520/2
f 1524/1524/312 1496/1496/312 1518/1518/312
f 1524/1524/313 1518/1518/313 1517/1517/313
f 1526/1526/314 1523/1523/314 1519/1519/314
f 1526/1526/315 1519/1519/315 1522/1522/315
f 1496/1496/316 1527/1527/316 1521/1521/316
f 1496/1496/317 1521/1521/317 1518/1518/317
f 1527/1527/1 1526/1526/1 1522/1522/1
f 1527/1527/1 1522/1522/1 1521/1521/1
f 1528/1528/318 1529/1529/318 1530/1530/318
f 1531/1531/319 1532/1532/319 1533/1533/319
f 1534/1534/320 1535/1535/320 1536/1536/320
f 1537/1537/321 1538/1538/321 1539/1539/321
f 1540/1540/322 1541/1541/322 1542/1542/322
f 1538/1538/321 1543/1543/321 1539/1539/321
f 1544/1544/4 1538/1538/4 1545/1545/4
f 1546/1546/2 1547/1547/2 1538/1538/2
f 1548/1548/6 1549/1549/6 1547/1547/6
f 1550/1550/323 1551/1551/323 1546/1546/323
f 1538/1538/324 1552/1552/324 1553/1553/324
f 1554/1554/325 1538/1538/325 1551/1551/325
f 1555/1555/326 1546/1546/326 1539/1539/326
f 1540/1540/327 1547/1547/327 1556/1556/327
f 1539/1539/328 1546/1546/328 1557/1557/328
f 1558/1558/329 1547/1547/329 1559/1559/329
f 1560/1560/330 1561/1561/330 1562/1562/330
f 1563/1563/318 1558/1558/318 1564/1564/318
f 1565/1565/331 1566/1566/331 1567/1567/331
f 1547/1547/332 1568/1568/332 1559/1559/332
f 1569/1569/333 1570/1570/333 1571/1571/333
f 1565/1565/334 1570/1570/334 1572/1572/334
f 1573/1573/335 1535/1535/335 1528/1528/335
f 1574/1574/336 1560/1560/336 1528/1528/336
f 1549/1549/337 1574/1574/337 1529/1529/337
f 1530/1530/338 1549/1549/338 1529/1529/338
f 1533/1533/339 1575/1575/339 1532/1532/339
f 1576/1576/340 1533/1533/340 1531/1531/340
f 1577/1577/341 1576/1576/341 1531/1531/341
f 1538/1538/342 1536/1536/342 1534/1534/342
f 1573/1573/342 1575/1575/342 1535/1535/342
f 1541/1541/343 1555/1555/343 1542/1542/343
f 1560/1560/344 1573/1573/344 1528/1528/344
f 1547/1547/345 1578/1578/345 1579/1579/345
f 1547/1547/346 1555/1555/346 1539/1539/346
f 1572/1572/347 1570/1570/347 1580/1580/347
f 1537/1537/328 1539/1539/328 1557/1557/328
f 1565/1565/348 1577/1577/348 1532/1532/348
f 1528/1528/318 1574/1574/318 1529/1529/318
f 1531/1531/319 1577/1577/319 1532/1532/319
f 1534/1534/320 1575/1575/320 1535/1535/320
f 1548/1548/349 1541/1541/349 1556/1556/349
f 1544/1544/4 1546/1546/4 1538/1538/4
f 1546/1546/2 1548/1548/2 1547/1547/2
f 1548/1548/6 1581/1581/6 1549/1549/6
f 1549/1549/350 1564/1564/350 1582/1582/350
f 1547/1547/351 1579/1579/351 1556/1556/351
f 1538/1538/352 1537/1537/352 1551/1551/352
f 1568/1568/353 1547/1547/353 1536/1536/353
f 1542/1542/354 1547/1547/354 1540/1540/354
f 1551/1551/355 1537/1537/355 1557/1557/355
f 1541/1541/356 1540/1540/356 1556/1556/356
f 1558/1558/357 1583/1583/357 1562/1562/357
f 1560/1560/358 1584/1584/358 1561/1561/358
f 1585/1585/338 1586/1586/338 1587/1587/338
f 1576/1576/359 1569/1569/359 1571/1571/359
f 1536/1536/360 1547/1547/360 1530/1530/360
f 1552/1552/361 1576/1576/361 1571/1571/361
f 1565/1565/362 1567/1567/362 1570/1570/362
f 1588/1588/363 1553/1553/363 1559/1559/363
f 1553/1553/364 1552/1552/364 1566/1566/364
f 1566/1566/365 1573/1573/365 1583/1583/365
f 1566/1566/366 1552/1552/366 1567/1567/366
f 1535/1535/367 1530/1530/367 1528/1528/367
f 1549/1549/368 1563/1563/368 1564/1564/368
f 1549/1549/338 1582/1582/338 1574/1574/338
f 1530/1530/369 1547/1547/369 1549/1549/369
f 1538/1538/370 1534/1534/370 1533/1533/370
f 1576/1576/371 1538/1538/371 1533/1533/371
f 1577/1577/371 1580/1580/371 1576/1576/371
f 1573/1573/342 1589/1589/342 1575/1575/342
f 1575/1575/372 1589/1589/372 1532/1532/372
f 1538/1538/373 1588/1588/373 1559/1559/373
f 1572/1572/374 1580/1580/374 1577/1577/374
f 1573/1573/375 1560/1560/375 1583/1583/375
f 1558/1558/376 1559/1559/376 1583/1583/376
f 1575/1575/377 1533/1533/377 1566/1566/377
f 1536/1536/378 1530/1530/378 1559/1559/378
f 1583/1583/379 1560/1560/379 1562/1562/379
f 1590/1590/371 1591/1591/371 1592/1592/371
f 1593/1593/342 1594/1594/342 1595/1595/342
f 1596/1596/380 1597/1597/380 1598/1598/380
f 1599/1599/381 1600/1600/381 1601/1601/381
f 1598/1598/382 1597/1597/382 1602/1602/382
f 1598/1598/383 1603/1603/383 1604/1604/383
f 1605/1605/384 1606/1606/384 1598/1598/384
f 1606/1606/385 1605/1605/385 1607/1607/385
f 1608/1608/386 1603/1603/386 1609/1609/386
f 1610/1610/387 1611/1611/387 1612/1612/387
f 1613/1613/388 1609/1609/388 1598/1598/388
f 1614/1614/389 1597/1597/389 1603/1603/389
f 1599/1599/390 1615/1615/390 1605/1605/390
f 1616/1616/391 1617/1617/391 1618/1618/391
f 1597/1597/392 1619/1619/392 1603/1603/392
f 1620/1620/393 1621/1621/393 1622/1622/393
f 1623/1623/394 1624/1624/394 1618/1618/394
f 1625/1625/395 1616/1616/395 1620/1620/395
f 1626/1626/396 1627/1627/396 1628/1628/396
f 1622/1622/397 1621/1621/397 1629/1629/397
f 1630/1630/398 1631/1631/398 1632/1632/398
f 1626/1626/399 1633/1633/399 1632/1632/399
f 1634/1634/400 1635/1635/400 1636/1636/400
f 1637/1637/401 1635/1635/401 1623/1623/401
f 1617/1617/402 1638/1638/402 1637/1637/402
f 1639/1639/403 1638/1638/403 1617/1617/403
f 1640/1640/404 1641/1641/404 1642/1642/404
f 1643/1643/405 1644/1644/405 1640/1640/405
f 1645/1645/406 1644/1644/406 1643/1643/406
f 1610/1610/407 1646/1646/407 1647/1647/407
f 1634/1634/408 1636/1636/408 1642/1642/408
f 1601/1601/409 1600/1600/409 1614/1614/409
f 1623/1623/410 1635/1635/410 1634/1634/410
f 1605/1605/411 1648/1648/411 1649/1649/411
f 1605/1605/412 1597/1597/412 1614/1614/412
f 1633/1633/413 1650/1650/413 1632/1632/413
f 1596/1596/414 1619/1619/414 1597/1597/414
f 1626/1626/415 1641/1641/415 1645/1645/415
f 1585/1585/338 1587/1587/338 1651/1651/338
f 1590/1590/371 1592/1592/371 1652/1652/371
f 1593/1593/342 1595/1595/342 1653/1653/342
f 1606/1606/416 1615/1615/416 1601/1601/416
f 1606/1606/24 1607/1607/24 1654/1654/24
f 1603/1603/417 1655/1655/417 1604/1604/417
f 1605/1605/418 1615/1615/418 1648/1648/418
f 1598/1598/419 1609/1609/419 1596/1596/419
f 1629/1629/420 1647/1647/420 1622/1622/420
f 1609/1609/421 1619/1619/421 1596/1596/421
f 1601/1601/422 1615/1615/422 1599/1599/422
f 1620/1620/423 1624/1624/423 1656/1656/423
f 1623/1623/424 1618/1618/424 1657/1657/424
f 1643/1643/425 1631/1631/425 1630/1630/425
f 1647/1647/426 1639/1639/426 1622/1622/426
f 1612/1612/427 1631/1631/427 1643/1643/427
f 1626/1626/428 1632/1632/428 1627/1627/428
f 1658/1658/429 1621/1621/429 1611/1611/429
f 1611/1611/430 1628/1628/430 1612/1612/430
f 1628/1628/431 1656/1656/431 1634/1634/431
f 1628/1628/432 1627/1627/432 1612/1612/432
f 1636/1636/433 1635/1635/433 1639/1639/433
f 1617/1617/434 1616/1616/434 1625/1625/434
f 1617/1617/435 1637/1637/435 1659/1659/435
f 1639/1639/436 1617/1617/436 1622/1622/436
f 1610/1610/437 1640/1640/437 1646/1646/437
f 1643/1643/438 1640/1640/438 1610/1610/438
f 1645/1645/439 1643/1643/439 1650/1650/439
f 1606/1606/440 1603/1603/440 1598/1598/440
f 1634/1634/408 1642/1642/408 1660/1660/408
f 1642/1642/441 1641/1641/441 1660/1660/441
f 1610/1610/442 1621/1621/442 1658/1658/442
f 1633/1633/443 1645/1645/443 1650/1650/443
f 1634/1634/444 1656/1656/444 1623/1623/444
f 1620/1620/445 1656/1656/445 1621/1621/445
f 1642/1642/446 1628/1628/446 1640/1640/446
f 1533/1533/447 1591/1591/447 1590/1590/447
f 1647/1647/448 1621/1621/448 1639/1639/448
f 1656/1656/449 1624/1624/449 1623/1623/449
f 1533/1533/450 1590/1590/450 1531/1531/450
f 1528/1528/451 1651/1651/451 1574/1574/451
f 1534/1534/452 1653/1653/453 1575/1575/452
f 1531/1531/454 1652/1652/454 1577/1577/454
f 1574/1574/455 1587/1587/455 1529/1529/455
f 1575/1575/456 1595/1595/456 1535/1535/456
f 1529/1529/457 1586/1586/457 1530/1530/457
f 1577/1577/458 1592/1592/458 1532/1532/458
f 1532/1532/459 1591/1591/459 1533/1533/459
f 1535/1535/460 1594/1594/460 1536/1536/461
f 1528/1528/462 1586/1586/462 1585/1585/462
f 1536/1536/463 1593/1593/464 1534/1534/463
f 1614/1614/465 1600/1600/465 1599/1599/465
f 1528/1528/466 1585/1585/466 1651/1651/466
f 1534/1534/467 1593/1593/468 1653/1653/469
f 1531/1531/470 1590/1590/470 1652/1652/471
f 1574/1574/472 1651/1651/472 1587/1587/472
f 1575/1575/473 1653/1653/473 1595/1595/473
f 1529/1529/474 1587/1587/474 1586/1586/474
f 1577/1577/475 1652/1652/475 1592/1592/475
f 1532/1532/476 1592/1592/476 1591/1591/477
f 1535/1535/478 1595/1595/479 1594/1594/479
f 1528/1528/480 1530/1530/481 1586/1586/480
f 1536/1536/482 1594/1594/482 1593/1593/482
f 1538/1538/3 1661/1661/3 1545/1545/3
f 1550/1550/2 1545/1545/2 1554/1554/2
f 1547/1547/3 1543/1543/3 1538/1538/3
f 1546/1546/483 1555/1555/483 1548/1548/483
f 1574/1574/484 1584/1584/484 1560/1560/484
f 1581/1581/2 1662/1662/2 1549/1549/2
f 1579/1579/168 1662/1662/168 1556/1556/168
f 1548/1548/5 1662/1662/5 1581/1581/5
f 1564/1564/350 1561/1561/350 1582/1582/350
f 1662/1662/485 1548/1548/485 1556/1556/485
f 1584/1584/486 1582/1582/486 1561/1561/486
f 1568/1568/487 1538/1538/487 1559/1559/487
f 1588/1588/488 1538/1538/488 1553/1553/488
f 1565/1565/489 1589/1589/489 1566/1566/489
f 1533/1533/490 1534/1534/490 1553/1553/490
f 1589/1589/491 1565/1565/491 1532/1532/491
f 1545/1545/2 1661/1661/2 1554/1554/2
f 1562/1562/492 1530/1530/492 1558/1558/492
f 1561/1561/493 1528/1528/493 1562/1562/493
f 1552/1552/494 1538/1538/494 1576/1576/494
f 1564/1564/216 1574/1574/216 1561/1561/216
f 1558/1558/495 1529/1529/495 1564/1564/495
f 1567/1567/496 1533/1533/496 1532/1532/496
f 1571/1571/497 1533/1533/497 1552/1552/497
f 1571/1571/498 1577/1577/498 1531/1531/498
f 1572/1572/499 1577/1577/499 1565/1565/499
f 1567/1567/500 1577/1577/500 1570/1570/500
f 1553/1553/501 1536/1536/501 1559/1559/501
f 1566/1566/502 1533/1533/502 1553/1553/502
f 1583/1583/503 1575/1575/503 1566/1566/503
f 1559/1559/504 1530/1530/504 1583/1583/504
f 1661/1661/505 1538/1538/505 1554/1554/505
f 1543/1543/506 1547/1547/506 1539/1539/506
f 1546/1546/5 1544/1544/5 1550/1550/5
f 1554/1554/202 1551/1551/202 1550/1550/202
f 1550/1550/2 1544/1544/2 1545/1545/2
f 1551/1551/507 1557/1557/507 1546/1546/507
f 1547/1547/3 1549/1549/3 1578/1578/3
f 1579/1579/2 1578/1578/2 1549/1549/2
f 1574/1574/508 1582/1582/508 1584/1584/508
f 1662/1662/2 1579/1579/2 1549/1549/2
f 1555/1555/509 1541/1541/509 1548/1548/509
f 1569/1569/510 1576/1576/510 1570/1570/510
f 1558/1558/511 1563/1563/511 1549/1549/511
f 1538/1538/512 1568/1568/512 1536/1536/512
f 1542/1542/513 1555/1555/513 1547/1547/513
f 1562/1562/514 1528/1528/514 1530/1530/514
f 1566/1566/515 1589/1589/515 1573/1573/515
f 1561/1561/516 1574/1574/516 1528/1528/516
f 1564/1564/22 1529/1529/22 1574/1574/22
f 1547/1547/517 1558/1558/517 1549/1549/517
f 1558/1558/518 1530/1530/518 1529/1529/518
f 1567/1567/519 1552/1552/519 1533/1533/519
f 1571/1571/520 1531/1531/520 1533/1533/520
f 1570/1570/521 1576/1576/521 1580/1580/521
f 1571/1571/522 1570/1570/522 1577/1577/522
f 1567/1567/523 1532/1532/523 1577/1577/523
f 1553/1553/501 1534/1534/501 1536/1536/501
f 1530/1530/524 1535/1535/524 1583/1583/524
f 1583/1583/525 1535/1535/525 1575/1575/525
f 1598/1598/5 1604/1604/5 1663/1663/5
f 1608/1608/526 1613/1613/526 1604/1604/526
f 1605/1605/527 1598/1598/527 1602/1602/527
f 1603/1603/528 1606/1606/528 1614/1614/528
f 1637/1637/529 1623/1623/529 1657/1657/529
f 1654/1654/163 1607/1607/163 1664/1664/163
f 1648/1648/530 1615/1615/530 1664/1664/530
f 1606/1606/531 1654/1654/531 1664/1664/531
f 1664/1664/532 1615/1615/532 1606/1606/532
f 1657/1657/533 1618/1618/533 1659/1659/533
f 1629/1629/534 1621/1621/534 1610/1610/534
f 1658/1658/535 1611/1611/535 1610/1610/535
f 1626/1626/536 1628/1628/536 1660/1660/536
f 1640/1640/537 1611/1611/537 1646/1646/537
f 1660/1660/538 1641/1641/538 1626/1626/538
f 1604/1604/209 1613/1613/209 1663/1663/209
f 1639/1639/539 1635/1635/539 1620/1620/539
f 1618/1618/540 1624/1624/540 1635/1635/540
f 1612/1612/541 1643/1643/541 1610/1610/541
f 1616/1616/542 1618/1618/542 1637/1637/542
f 1638/1638/543 1639/1639/543 1616/1616/543
f 1640/1640/544 1612/1612/544 1641/1641/544
f 1640/1640/545 1644/1644/545 1612/1612/545
f 1631/1631/546 1644/1644/546 1645/1645/546
f 1633/1633/547 1626/1626/547 1645/1645/547
f 1645/1645/548 1641/1641/548 1632/1632/548
f 1647/1647/549 1646/1646/549 1621/1621/549
f 1628/1628/550 1611/1611/550 1640/1640/550
f 1642/1642/551 1636/1636/551 1628/1628/551
f 1621/1621/552 1656/1656/552 1639/1639/552
f 1663/1663/553 1613/1613/553 1598/1598/553
f 1602/1602/554 1597/1597/554 1605/1605/554
f 1635/1635/555 1624/1624/555 1620/1620/555
f 1617/1617/556 1659/1659/556 1618/1618/556
f 1603/1603/557 1608/1608/557 1655/1655/557
f 1613/1613/558 1608/1608/558 1609/1609/558
f 1608/1608/197 1604/1604/197 1655/1655/197
f 1609/1609/559 1603/1603/559 1619/1619/559
f 1605/1605/254 1649/1649/254 1607/1607/254
f 1648/1648/209 1607/1607/209 1649/1649/209
f 1637/1637/560 1657/1657/560 1659/1659/560
f 1664/1664/209 1607/1607/209 1648/1648/209
f 1605/1605/561 1614/1614/561 1599/1599/561
f 1614/1614/562 1606/1606/562 1601/1601/562
f 1630/1630/563 1632/1632/563 1643/1643/563
f 1620/1620/564 1617/1617/564 1625/1625/564
f 1610/1610/565 1647/1647/565 1629/1629/565
f 1641/1641/566 1627/1627/566 1632/1632/566
f 1628/1628/431 1634/1634/431 1660/1660/431
f 1618/1618/567 1635/1635/567 1637/1637/567
f 1616/1616/568 1637/1637/568 1638/1638/568
f 1622/1622/569 1617/1617/569 1620/1620/569
f 1636/1636/501 1656/1656/501 1628/1628/501
f 1646/1646/570 1611/1611/570 1621/1621/570
f 1639/1639/571 1620/1620/571 1616/1616/571
f 1632/1632/572 1650/1650/572 1643/1643/572
f 1631/1631/573 1645/1645/573 1632/1632/573
f 1612/1612/574 1627/1627/574 1641/1641/574
f 1644/1644/575 1631/1631/575 1612/1612/575
f 1639/1639/576 1656/1656/576 1636/1636/576
f 1538/1538/6 1665/1665/6 1545/1545/6
f 1547/1547/1 1666/1666/1 1538/1538/1
f 1549/1549/4 1667/1667/4 1547/1547/4
f 1668/1668/5 1669/1669/5 1667/1667/5
f 1669/1669/5 1666/1666/5 1667/1667/5
f 1670/1670/5 1665/1665/5 1666/1666/5
f 1671/1671/2 1549/1549/2 1582/1582/2
f 1538/1538/6 1666/1666/6 1665/1665/6
f 1547/1547/1 1667/1667/1 1666/1666/1
f 1549/1549/4 1668/1668/4 1667/1667/4
f 1668/1668/5 1671/1671/5 1669/1669/5
f 1669/1669/5 1670/1670/5 1666/1666/5
f 1670/1670/5 1672/1672/5 1665/1665/5
f 1671/1671/2 1668/1668/2 1549/1549/2
f 1673/1673/3 1674/1674/3 1675/1675/3
f 1673/1673/3 1675/1675/3 1676/1676/3
f 1674/1674/3 1677/1677/3 1678/1678/3
f 1674/1674/3 1678/1678/3 1675/1675/3
f 1677/1677/3 1679/1679/3 1680/1680/3
f 1677/1677/3 1680/1680/3 1678/1678/3
f 1679/1679/3 1673/1673/3 1676/1676/3
f 1679/1679/3 1676/1676/3 1680/1680/3
f 1681/1681/5 1682/1682/5 1683/1683/5
f 1681/1681/5 1683/1683/5 1684/1684/5
f 1682/1682/5 1685/1685/5 1686/1686/5
f 1682/1682/5 1686/1686/5 1683/1683/5
f 1685/1685/5 1687/1687/5 1688/1688/5
f 1685/1685/5 1688/1688/5 1686/1686/5
f 1687/1687/5 1681/1681/5 1684/1684/5
f 1687/1687/5 1684/1684/5 1688/1688/5
f 1689/1689/3 1690/1690/3 1691/1691/3
f 1689/1689/3 1691/1691/3 1692/1692/3
f 1690/1690/3 1693/1693/3 1694/1694/3
f 1690/1690/3 1694/1694/3 1691/1691/3
f 1693/1693/3 1695/1695/3 1696/1696/3
f 1693/1693/3 1696/1696/3 1694/1694/3
f 1695/1695/3 1689/1689/3 1692/1692/3
f 1695/1695/3 1692/1692/3 1696/1696/3
f 1697/1697/3 1698/1698/3 1699/1699/3
f 1697/1697/3 1699/1699/3 1700/1700/3
f 1698/1698/3 1701/1701/3 1702/1702/3
f 1698/1698/3 1702/1702/3 1699/1699/3
f 1701/1701/3 1703/1703/3 1704/1704/3
f 1701/1701/3 1704/1704/3 1702/1702/3
f 1703/1703/3 1697/1697/3 1700/1700/3
f 1703/1703/3 1700/1700/3 1704/1704/3
f 1705/1705/5 1706/1706/5 1707/1707/5
f 1705/1705/5 1707/1707/5 1708/1708/5
f 1706/1706/5 1709/1709/5 1710/1710/5
f 1706/1706/5 1710/1710/5 1707/1707/5
f 1709/1709/5 1711/1711/5 1712/1712/5
f 1709/1709/5 1712/1712/5 1710/1710/5
f 1711/1711/5 1705/1705/5 1708/1708/5
f 1711/1711/5 1708/1708/5 1712/1712/5
f 1713/1713/3 1714/1714/3 1715/1715/3
f 1713/1713/3 1715/1715/3 1716/1716/3
f 1714/1714/3 1717/1717/3 1718/1718/3
f 1714/1714/3 1718/1718/3 1715/1715/3
f 1717/1717/3 1719/1719/3 1720/1720/3
f 1717/1717/3 1720/1720/3 1718/1718/3
f 1719/1719/3 1713/1713/3 1716/1716/3
f 1719/1719/3 1716/1716/3 1720/1720/3
f 1721/1721/3 1722/1722/3 1723/1723/3
f 1721/1721/3 1723/1723/3 1724/1724/3
f 1722/1722/3 1725/1725/3 1726/1726/3
f 1722/1722/3 1726/1726/3 1723/1723/3
f 1725/1725/3 1727/1727/3 1728/1728/3
f 1725/1725/3 1728/1728/3 1726/1726/3
f 1727/1727/3 1721/1721/3 1724/1724/3
f 1727/1727/3 1724/1724/3 1728/1728/3
f 1729/1729/5 1730/1730/5 1731/1731/5
f 1729/1729/5 1731/1731/5 1732/1732/5
f 1730/1730/5 1733/1733/5 1734/1734/5
f 1730/1730/5 1734/1734/5 1731/1731/5
f 1733/1733/5 1735/1735/5 1736/1736/5
f 1733/1733/5 1736/1736/5 1734/1734/5
f 1735/1735/5 1729/1729/5 1732/1732/5
f 1735/1735/5 1732/1732/5 1736/1736/5
f 1737/1737/3 1738/1738/3 1739/1739/3
f 1737/1737/3 1739/1739/3 1740/1740/3
f 1738/1738/3 1741/1741/3 1742/1742/3
f 1738/1738/3 1742/1742/3 1739/1739/3
f 1741/1741/3 1743/1743/3 1744/1744/3
f 1741/1741/3 1744/1744/3 1742/1742/3
f 1743/1743/3 1737/1737/3 1740/1740/3
f 1743/1743/3 1740/1740/3 1744/1744/3
f 1745/1745/3 1746/1746/3 1747/1747/3
f 1745/1745/3 1747/1747/3 1748/1748/3
f 1746/1746/3 1749/1749/3 1750/1750/3
f 1746/1746/3 1750/1750/3 1747/1747/3
f 1749/1749/3 1751/1751/3 1752/1752/3
f 1749/1749/3 1752/1752/3 1750/1750/3
f 1751/1751/3 1745/1745/3 1748/1748/3
f 1751/1751/3 1748/1748/3 1752/1752/3
f 1753/1753/5 1754/1754/5 1755/1755/5
f 1753/1753/5 1755/1755/5 1756/1756/5
f 1754/1754/5 1757/1757/5 1758/1758/5
f 1754/1754/5 1758/1758/5 1755/1755/5
f 1757/1757/5 1759/1759/5 1760/1760/5
f 1757/1757/5 1760/1760/5 1758/1758/5
f 1759/1759/5 1753/1753/5 1756/1756/5
f 1759/1759/5 1756/1756/5 1760/1760/5
f 1761/1761/3 1762/1762/3 1763/1763/3
f 1761/1761/3 1763/1763/3 1764/1764/3
f 1762/1762/3 1765/1765/3 1766/1766/3
f 1762/1762/3 1766/1766/3 1763/1763/3
f 1765/1765/3 1767/1767/3 1768/1768/3
f 1765/1765/3 1768/1768/3 1766/1766/3
f 1767/1767/3 1761/1761/3 1764/1764/3
f 1767/1767/3 1764/1764/3 1768/1768/3
f 1769/1769/3 1770/1770/3 1771/1771/3
f 1769/1769/3 1771/1771/3 1772/1772/3
f 1770/1770/3 1773/1773/3 1774/1774/3
f 1770/1770/3 1774/1774/3 1771/1771/3
f 1773/1773/3 1775/1775/3 1776/1776/3
f 1773/1773/3 1776/1776/3 1774/1774/3
f 1775/1775/3 1769/1769/3 1772/1772/3
f 1775/1775/3 1772/1772/3 1776/1776/3
f 1777/1777/5 1778/1778/5 1779/1779/5
f 1777/1777/5 1779/1779/5 1780/1780/5
f 1778/1778/5 1781/1781/5 1782/1782/5
f 1778/1778/5 1782/1782/5 1779/1779/5
f 1781/1781/5 1783/1783/5 1784/1784/5
f 1781/1781/5 1784/1784/5 1782/1782/5
f 1783/1783/5 1777/1777/5 1780/1780/5
f 1783/1783/5 1780/1780/5 1784/1784/5
f 1785/1785/3 1786/1786/3 1787/1787/3
f 1785/1785/3 1787/1787/3 1788/1788/3
f 1786/1786/3 1789/1789/3 1790/1790/3
f 1786/1786/3 1790/1790/3 1787/1787/3
f 1789/1789/3 1791/1791/3 1792/1792/3
f 1789/1789/3 1792/1792/3 1790/1790/3
f 1791/1791/3 1785/1785/3 1788/1788/3
f 1791/1791/3 1788/1788/3 1792/1792/3
f 1793/1793/3 1794/1794/3 1795/1795/3
f 1793/1793/3 1795/1795/3 1796/1796/3
f 1794/1794/3 1797/1797/3 1798/1798/3
f 1794/1794/3 1798/1798/3 1795/1795/3
f 1797/1797/3 1799/1799/3 1800/1800/3
f 1797/1797/3 1800/1800/3 1798/1798/3
f 1799/1799/3 1793/1793/3 1796/1796/3
f 1799/1799/3 1796/1796/3 1800/1800/3
f 1801/1801/5 1802/1802/5 1803/1803/5
f 1801/1801/5 1803/1803/5 1804/1804/5
f 1802/1802/5 1805/1805/5 1806/1806/5
f 1802/1802/5 1806/1806/5 1803/1803/5
f 1805/1805/5 1807/1807/5 1808/1808/5
f 1805/1805/5 1808/1808/5 1806/1806/5
f 1807/1807/5 1801/1801/5 1804/1804/5
f 1807/1807/5 1804/1804/5 1808/1808/5
f 1809/1809/3 1810/1810/3 1811/1811/3
f 1809/1809/3 1811/1811/3 1812/1812/3
f 1810/1810/3 1813/1813/3 1814/1814/3
f 1810/1810/3 1814/1814/3 1811/1811/3
f 1813/1813/3 1815/1815/3 1816/1816/3
f 1813/1813/3 1816/1816/3 1814/1814/3
f 1815/1815/3 1809/1809/3 1812/1812/3
f 1815/1815/3 1812/1812/3 1816/1816/3
f 1817/1817/3 1818/1818/3 1819/1819/3
f 1817/1817/3 1819/1819/3 1820/1820/3
f 1818/1818/3 1821/1821/3 1822/1822/3
f 1818/1818/3 1822/1822/3 1819/1819/3
f 1821/1821/3 1823/1823/3 1824/1824/3
f 1821/1821/3 1824/1824/3 1822/1822/3
f 1823/1823/3 1817/1817/3 1820/1820/3
f 1823/1823/3 1820/1820/3 1824/1824/3
f 1825/1825/5 1826/1826/5 1827/1827/5
f 1825/1825/5 1827/1827/5 1828/1828/5
f 1826/1826/5 1829/1829/5 1830/1830/5
f 1826/1826/5 1830/1830/5 1827/1827/5
f 1829/1829/5 1831/1831/5 1832/1832/5
f 1829/1829/5 1832/1832/5 1830/1830/5
f 1831/1831/5 1825/1825/5 1828/1828/5
f 1831/1831/5 1828/1828/5 1832/1832/5
f 1833/1833/3 1834/1834/3 1835/1835/3
f 1833/1833/3 1835/1835/3 1836/1836/3
f 1834/1834/3 1837/1837/3 1838/1838/3
f 1834/1834/3 1838/1838/3 1835/1835/3
f 1837/1837/3 1839/1839/3 1840/1840/3
f 1837/1837/3 1840/1840/3 1838/1838/3
f 1839/1839/3 1833/1833/3 1836/1836/3
f 1839/1839/3 1836/1836/3 1840/1840/3
f 1841/1841/3 1842/1842/3 1843/1843/3
f 1841/1841/3 1843/1843/3 1844/1844/3
f 1842/1842/3 1845/1845/3 1846/1846/3
f 1842/1842/3 1846/1846/3 1843/1843/3
f 1845/1845/3 1847/1847/3 1848/1848/3
f 1845/1845/3 1848/1848/3 1846/1846/3
f 1847/1847/3 1841/1841/3 1844/1844/3
f 1847/1847/3 1844/1844/3 1848/1848/3
f 1849/1849/5 1850/1850/5 1851/1851/5
f 1849/1849/5 1851/1851/5 1852/1852/5
f 1850/1850/5 1853/1853/5 1854/1854/5
f 1850/1850/5 1854/1854/5 1851/1851/5
f 1853/1853/5 1855/1855/5 1856/1856/5
f 1853/1853/5 1856/1856/5 1854/1854/5
f 1855/1855/5 1849/1849/5 1852/1852/5
f 1855/1855/5 1852/1852/5 1856/1856/5
f 1857/1857/3 1858/1858/3 1859/1859/3
f 1857/1857/3 1859/1859/3 1860/1860/3
f 1858/1858/3 1861/1861/3 1862/1862/3
f 1858/1858/3 1862/1862/3 1859/1859/3
f 1861/1861/3 1863/1863/3 1864/1864/3
f 1861/1861/3 1864/1864/3 1862/1862/3
f 1863/1863/3 1857/1857/3 1860/1860/3
f 1863/1863/3 1860/1860/3 1864/1864/3
f 1865/1865/3 1866/1866/3 1867/1867/3
f 1865/1865/3 1867/1867/3 1868/1868/3
f 1866/1866/3 1869/1869/3 1870/1870/3
f 1866/1866/3 1870/1870/3 1867/1867/3
f 1869/1869/3 1871/1871/3 1872/1872/3
f 1869/1869/3 1872/1872/3 1870/1870/3
f 1871/1871/3 1865/1865/3 1868/1868/3
f 1871/1871/3 1868/1868/3 1872/1872/3
f 1873/1873/5 1874/1874/5 1875/1875/5
f 1873/1873/5 1875/1875/5 1876/1876/5
f 1874/1874/5 1877/1877/5 1878/1878/5
f 1874/1874/5 1878/1878/5 1875/1875/5
f 1877/1877/5 1879/1879/5 1880/1880/5
f 1877/1877/5 1880/1880/5 1878/1878/5
f 1879/1879/5 1873/1873/5 1876/1876/5
f 1879/1879/5 1876/1876/5 1880/1880/5
f 1881/1881/3 1882/1882/3 1883/1883/3
f 1881/1881/3 1883/1883/3 1884/1884/3
f 1882/1882/3 1885/1885/3 1886/1886/3
f 1882/1882/3 1886/1886/3 1883/1883/3
f 1885/1885/3 1887/1887/3 1888/1888/3
f 1885/1885/3 1888/1888/3 1886/1886/3
f 1887/1887/3 1881/1881/3 1884/1884/3
f 1887/1887/3 1884/1884/3 1888/1888/3
f 1889/1889/3 1890/1890/3 1891/1891/3
f 1889/1889/3 1891/1891/3 1892/1892/3
f 1890/1890/3 1893/1893/3 1894/1894/3
f 1890/1890/3 1894/1894/3 1891/1891/3
f 1893/1893/3 1895/1895/3 1896/1896/3
f 1893/1893/3 1896/1896/3 1894/1894/3
f 1895/1895/3 1889/1889/3 1892/1892/3
f 1895/1895/3 1892/1892/3 1896/1896/3
f 1897/1897/5 1898/1898/5 1899/1899/5
f 1897/1897/5 1899/1899/5 1900/1900/5
f 1898/1898/5 1901/1901/5 1902/1902/5
f 1898/1898/5 1902/1902/5 1899/1899/5
f 1901/1901/5 1903/1903/5 1904/1904/5
f 1901/1901/5 1904/1904/5 1902/1902/5
f 1903/1903/5 1897/1897/5 1900/1900/5
f 1903/1903/5 1900/1900/5 1904/1904/5
f 1905/1905/3 1906/1906/3 1907/1907/3
f 1905/1905/3 1907/1907/3 1908/1908/3
f 1906/1906/3 1909/1909/3 1910/1910/3
f 1906/1906/3 1910/1910/3 1907/1907/3
f 1909/1909/3 1911/1911/3 1912/1912/3
f 1909/1909/3 1912/1912/3 1910/1910/3
f 1911/1911/3 1905/1905/3 1908/1908/3
f 1911/1911/3 1908/1908/3 1912/1912/3
f 1913/1913/3 1914/1914/3 1915/1915/3
f 1913/1913/3 1915/1915/3 1916/1916/3
f 1914/1914/3 1917/1917/3 1918/1918/3
f 1914/1914/3 1918/1918/3 1915/1915/3
f 1917/1917/3 1919/1919/3 1920/1920/3
f 1917/1917/3 1920/1920/3 1918/1918/3
f 1919/1919/3 1913/1913/3 1916/1916/3
f 1919/1919/3 1916/1916/3 1920/1920/3
f 1921/1921/5 1922/1922/5 1923/1923/5
f 1921/1921/5 1923/1923/5 1924/1924/5
f 1922/1922/5 1925/1925/5 1926/1926/5
f 1922/1922/5 1926/1926/5 1923/1923/5
f 1925/1925/5 1927/1927/5 1928/1928/5
f 1925/1925/5 1928/1928/5 1926/1926/5
f 1927/1927/5 1921/1921/5 1924/1924/5
f 1927/1927/5 1924/1924/5 1928/1928/5
f 1929/1929/3 1930/1930/3 1931/1931/3
f 1929/1929/3 1931/1931/3 1932/1932/3
f 1930/1930/3 1933/1933/3 1934/1934/3
f 1930/1930/3 1934/1934/3 1931/1931/3
f 1933/1933/3 1935/1935/3 1936/1936/3
f 1933/1933/3 1936/1936/3 1934/1934/3
f 1935/1935/3 1929/1929/3 1932/1932/3
f 1935/1935/3 1932/1932/3 1936/1936/3
f 1937/1937/6 1692/1692/6 1691/1691/6
f 1937/1937/6 1691/1691/6 1938/1938/6
f 1939/1939/2 1696/1696/2 1692/1692/2
f 1939/1939/2 1692/1692/2 1937/1937/2
f 1940/1940/4 1694/1694/4 1696/1696/4
f 1940/1940/4 1696/1696/4 1939/1939/4
f 1938/1938/22 1691/1691/22 1694/1694/22
f 1938/1938/1 1694/1694/1 1940/1940/1
f 1682/1682/6 1681/1681/6 1674/1674/6
f 1682/1682/6 1674/1674/6 1673/1673/6
f 1685/1685/2 1682/1682/2 1673/1673/2
f 1685/1685/2 1673/1673/2 1679/1679/2
f 1687/1687/24 1685/1685/24 1679/1679/24
f 1687/1687/24 1679/1679/24 1677/1677/24
f 1681/1681/1 1687/1687/1 1677/1677/1
f 1681/1681/22 1677/1677/22 1674/1674/22
f 1941/1941/6 1942/1942/6 1684/1684/6
f 1941/1941/6 1684/1684/6 1683/1683/6
f 1943/1943/2 1941/1941/2 1683/1683/2
f 1943/1943/2 1683/1683/2 1686/1686/2
f 1944/1944/4 1943/1943/4 1686/1686/4
f 1944/1944/4 1686/1686/4 1688/1688/4
f 1942/1942/1 1944/1944/1 1688/1688/1
f 1942/1942/1 1688/1688/1 1684/1684/1
f 1942/1942/3 1941/1941/3 1943/1943/3
f 1942/1942/3 1943/1943/3 1944/1944/3
f 1676/1676/6 1675/1675/6 1690/1690/6
f 1676/1676/6 1690/1690/6 1689/1689/6
f 1680/1680/2 1676/1676/2 1689/1689/2
f 1680/1680/2 1689/1689/2 1695/1695/2
f 1678/1678/4 1680/1680/4 1695/1695/4
f 1678/1678/24 1695/1695/24 1693/1693/24
f 1675/1675/1 1678/1678/1 1693/1693/1
f 1675/1675/1 1693/1693/1 1690/1690/1
f 1939/1939/5 1937/1937/5 1938/1938/5
f 1939/1939/5 1938/1938/5 1940/1940/5
f 1945/1945/6 1716/1716/6 1715/1715/6
f 1945/1945/6 1715/1715/6 1946/1946/6
f 1947/1947/2 1720/1720/2 1716/1716/2
f 1947/1947/2 1716/1716/2 1945/1945/2
f 1948/1948/4 1718/1718/4 1720/1720/4
f 1948/1948/4 1720/1720/4 1947/1947/4
f 1946/1946/1 1715/1715/1 1718/1718/1
f 1946/1946/1 1718/1718/1 1948/1948/1
f 1706/1706/7 1705/1705/7 1698/1698/7
f 1706/1706/7 1698/1698/7 1697/1697/7
f 1709/1709/18 1706/1706/18 1697/1697/18
f 1709/1709/2 1697/1697/2 1703/1703/2
f 1711/1711/24 1709/1709/24 1703/1703/24
f 1711/1711/24 1703/1703/24 1701/1701/24
f 1705/1705/22 1711/1711/22 1701/1701/22
f 1705/1705/1 1701/1701/1 1698/1698/1
f 1949/1949/7 1950/1950/7 1708/1708/7
f 1949/1949/6 1708/1708/6 1707/1707/6
f 1951/1951/2 1949/1949/2 1707/1707/2
f 1951/1951/2 1707/1707/2 1710/1710/2
f 1952/1952/4 1951/1951/4 1710/1710/4
f 1952/1952/24 1710/1710/24 1712/1712/24
f 1950/1950/1 1952/1952/1 1712/1712/1
f 1950/1950/1 1712/1712/1 1708/1708/1
f 1950/1950/3 1949/1949/3 1951/1951/3
f 1950/1950/3 1951/1951/3 1952/1952/3
f 1700/1700/7 1699/1699/7 1714/1714/7
f 1700/1700/6 1714/1714/6 1713/1713/6
f 1704/1704/2 1700/1700/2 1713/1713/2
f 1704/1704/2 1713/1713/2 1719/1719/2
f 1702/1702/4 1704/1704/4 1719/1719/4
f 1702/1702/24 1719/1719/24 1717/1717/24
f 1699/1699/1 1702/1702/1 1717/1717/1
f 1699/1699/1 1717/1717/1 1714/1714/1
f 1947/1947/5 1945/1945/5 1946/1946/5
f 1947/1947/5 1946/1946/5 1948/1948/5
f 1953/1953/6 1740/1740/6 1739/1739/6
f 1953/1953/6 1739/1739/6 191/191/6
f 1954/1954/2 1744/1744/2 1740/1740/2
f 1954/1954/2 1740/1740/2 1953/1953/2
f 1955/1955/4 1742/1742/4 1744/1744/4
f 1955/1955/4 1744/1744/4 1954/1954/4
f 191/191/1 1739/1739/1 1742/1742/1
f 191/191/1 1742/1742/1 1955/1955/1
f 1730/1730/7 1729/1729/7 1722/1722/7
f 1730/1730/7 1722/1722/7 1721/1721/7
f 1733/1733/18 1730/1730/18 1721/1721/18
f 1733/1733/2 1721/1721/2 1727/1727/2
f 1735/1735/24 1733/1733/24 1727/1727/24
f 1735/1735/24 1727/1727/24 1725/1725/24
f 1729/1729/1 1735/1735/1 1725/1725/1
f 1729/1729/1 1725/1725/1 1722/1722/1
f 1956/1956/7 1957/1957/7 1732/1732/7
f 1956/1956/7 1732/1732/7 1731/1731/7
f 1958/1958/2 1956/1956/2 1731/1731/2
f 1958/1958/2 1731/1731/2 1734/1734/2
f 1959/1959/24 1958/1958/24 1734/1734/24
f 1959/1959/24 1734/1734/24 1736/1736/24
f 1957/1957/1 1959/1959/1 1736/1736/1
f 1957/1957/1 1736/1736/1 1732/1732/1
f 1957/1957/3 1956/1956/3 1958/1958/3
f 1957/1957/3 1958/1958/3 1959/1959/3
f 1724/1724/7 1723/1723/7 1738/1738/7
f 1724/1724/7 1738/1738/7 1737/1737/7
f 1728/1728/2 1724/1724/2 1737/1737/2
f 1728/1728/2 1737/1737/2 1743/1743/2
f 1726/1726/24 1728/1728/24 1743/1743/24
f 1726/1726/24 1743/1743/24 1741/1741/24
f 1723/1723/1 1726/1726/1 1741/1741/1
f 1723/1723/1 1741/1741/1 1738/1738/1
f 1954/1954/5 1953/1953/5 191/191/5
f 1954/1954/5 191/191/5 1955/1955/5
f 1960/1960/6 1764/1764/6 1763/1763/6
f 1960/1960/6 1763/1763/6 1961/1961/6
f 1962/1962/2 1768/1768/2 1764/1764/2
f 1962/1962/2 1764/1764/2 1960/1960/2
f 1963/1963/4 1766/1766/4 1768/1768/4
f 1963/1963/4 1768/1768/4 1962/1962/4
f 1961/1961/1 1763/1763/1 1766/1766/1
f 1961/1961/1 1766/1766/1 1963/1963/1
f 1754/1754/6 1753/1753/6 1746/1746/6
f 1754/1754/6 1746/1746/6 1745/1745/6
f 1757/1757/18 1754/1754/18 1745/1745/18
f 1757/1757/2 1745/1745/2 1751/1751/2
f 1759/1759/24 1757/1757/24 1751/1751/24
f 1759/1759/24 1751/1751/24 1749/1749/24
f 1753/1753/1 1759/1759/1 1749/1749/1
f 1753/1753/1 1749/1749/1 1746/1746/1
f 1964/1964/6 1965/1965/6 1756/1756/6
f 1964/1964/6 1756/1756/6 1755/1755/6
f 1966/1966/2 1964/1964/2 1755/1755/2
f 1966/1966/2 1755/1755/2 1758/1758/2
f 1967/1967/24 1966/1966/24 1758/1758/24
f 1967/1967/24 1758/1758/24 1760/1760/24
f 1965/1965/22 1967/1967/22 1760/1760/22
f 1965/1965/1 1760/1760/1 1756/1756/1
f 1965/1965/3 1964/1964/3 1966/1966/3
f 1965/1965/3 1966/1966/3 1967/1967/3
f 1748/1748/6 1747/1747/6 1762/1762/6
f 1748/1748/6 1762/1762/6 1761/1761/6
f 1752/1752/2 1748/1748/2 1761/1761/2
f 1752/1752/2 1761/1761/2 1767/1767/2
f 1750/1750/24 1752/1752/24 1767/1767/24
f 1750/1750/24 1767/1767/24 1765/1765/24
f 1747/1747/22 1750/1750/22 1765/1765/22
f 1747/1747/1 1765/1765/1 1762/1762/1
f 1962/1962/5 1960/1960/5 1961/1961/5
f 1962/1962/5 1961/1961/5 1963/1963/5
f 1968/1968/6 1788/1788/6 1787/1787/6
f 1968/1968/6 1787/1787/6 1969/1969/6
f 1970/1970/2 1792/1792/2 1788/1788/2
f 1970/1970/2 1788/1788/2 1968/1968/2
f 1971/1971/4 1790/1790/4 1792/1792/4
f 1971/1971/4 1792/1792/4 1970/1970/4
f 1969/1969/1 1787/1787/1 1790/1790/1
f 1969/1969/1 1790/1790/1 1971/1971/1
f 1778/1778/6 1777/1777/6 1770/1770/6
f 1778/1778/6 1770/1770/6 1769/1769/6
f 1781/1781/2 1778/1778/2 1769/1769/2
f 1781/1781/18 1769/1769/18 1775/1775/18
f 1783/1783/24 1781/1781/24 1775/1775/24
f 1783/1783/24 1775/1775/24 1773/1773/24
f 1777/1777/22 1783/1783/22 1773/1773/22
f 1777/1777/1 1773/1773/1 1770/1770/1
f 1972/1972/6 1973/1973/6 1780/1780/6
f 1972/1972/6 1780/1780/6 1779/1779/6
f 1974/1974/2 1972/1972/2 1779/1779/2
f 1974/1974/2 1779/1779/2 1782/1782/2
f 1975/1975/24 1974/1974/24 1782/1782/24
f 1975/1975/24 1782/1782/24 1784/1784/24
f 1973/1973/1 1975/1975/1 1784/1784/1
f 1973/1973/1 1784/1784/1 1780/1780/1
f 1973/1973/3 1972/1972/3 1974/1974/3
f 1973/1973/3 1974/1974/3 1975/1975/3
f 1772/1772/6 1771/1771/6 1786/1786/6
f 1772/1772/6 1786/1786/6 1785/1785/6
f 1776/1776/2 1772/1772/2 1785/1785/2
f 1776/1776/2 1785/1785/2 1791/1791/2
f 1774/1774/24 1776/1776/24 1791/1791/24
f 1774/1774/24 1791/1791/24 1789/1789/24
f 1771/1771/1 1774/1774/1 1789/1789/1
f 1771/1771/1 1789/1789/1 1786/1786/1
f 1970/1970/5 1968/1968/5 1969/1969/5
f 1970/1970/5 1969/1969/5 1971/1971/5
f 1976/1976/6 1812/1812/6 1811/1811/6
f 1976/1976/6 1811/1811/6 1977/1977/6
f 1978/1978/2 1816/1816/2 1812/1812/2
f 1978/1978/2 1812/1812/2 1976/1976/2
f 1979/1979/4 1814/1814/4 1816/1816/4
f 1979/1979/4 1816/1816/4 1978/1978/4
f 1977/1977/1 1811/1811/1 1814/1814/1
f 1977/1977/1 1814/1814/1 1979/1979/1
f 1802/1802/6 1801/1801/6 1794/1794/6
f 1802/1802/6 1794/1794/6 1793/1793/6
f 1805/1805/2 1802/1802/2 1793/1793/2
f 1805/1805/2 1793/1793/2 1799/1799/2
f 1807/1807/24 1805/1805/24 1799/1799/24
f 1807/1807/24 1799/1799/24 1797/1797/24
f 1801/1801/1 1807/1807/1 1797/1797/1
f 1801/1801/22 1797/1797/22 1794/1794/22
f 1980/1980/6 1981/1981/6 1804/1804/6
f 1980/1980/6 1804/1804/6 1803/1803/6
f 1982/1982/2 1980/1980/2 1803/1803/2
f 1982/1982/2 1803/1803/2 1806/1806/2
f 1983/1983/24 1982/1982/24 1806/1806/24
f 1983/1983/24 1806/1806/24 1808/1808/24
f 1981/1981/1 1983/1983/1 1808/1808/1
f 1981/1981/22 1808/1808/22 1804/1804/22
f 1981/1981/3 1980/1980/3 1982/1982/3
f 1981/1981/3 1982/1982/3 1983/1983/3
f 1796/1796/6 1795/1795/6 1810/1810/6
f 1796/1796/6 1810/1810/6 1809/1809/6
f 1800/1800/2 1796/1796/2 1809/1809/2
f 1800/1800/2 1809/1809/2 1815/1815/2
f 1798/1798/4 1800/1800/4 1815/1815/4
f 1798/1798/24 1815/1815/24 1813/1813/24
f 1795/1795/1 1798/1798/1 1813/1813/1
f 1795/1795/1 1813/1813/1 1810/1810/1
f 1978/1978/5 1976/1976/5 1977/1977/5
f 1978/1978/5 1977/1977/5 1979/1979/5
f 1984/1984/6 1836/1836/6 1835/1835/6
f 1984/1984/6 1835/1835/6 1985/1985/6
f 1986/1986/2 1840/1840/2 1836/1836/2
f 1986/1986/2 1836/1836/2 1984/1984/2
f 1987/1987/4 1838/1838/4 1840/1840/4
f 1987/1987/4 1840/1840/4 1986/1986/4
f 1985/1985/1 1835/1835/1 1838/1838/1
f 1985/1985/1 1838/1838/1 1987/1987/1
f 1826/1826/7 1825/1825/7 1818/1818/7
f 1826/1826/7 1818/1818/7 1817/1817/7
f 1829/1829/2 1826/1826/2 1817/1817/2
f 1829/1829/2 1817/1817/2 1823/1823/2
f 1831/1831/130 1829/1829/130 1823/1823/130
f 1831/1831/130 1823/1823/130 1821/1821/130
f 1825/1825/22 1831/1831/22 1821/1821/22
f 1825/1825/1 1821/1821/1 1818/1818/1
f 1988/1988/6 1989/1989/6 1828/1828/6
f 1988/1988/6 1828/1828/6 1827/1827/6
f 1990/1990/2 1988/1988/2 1827/1827/2
f 1990/1990/2 1827/1827/2 1830/1830/2
f 1991/1991/4 1990/1990/4 1830/1830/4
f 1991/1991/4 1830/1830/4 1832/1832/4
f 1989/1989/1 1991/1991/1 1832/1832/1
f 1989/1989/1 1832/1832/1 1828/1828/1
f 1989/1989/3 1988/1988/3 1990/1990/3
f 1989/1989/3 1990/1990/3 1991/1991/3
f 1820/1820/6 1819/1819/6 1834/1834/6
f 1820/1820/6 1834/1834/6 1833/1833/6
f 1824/1824/2 1820/1820/2 1833/1833/2
f 1824/1824/18 1833/1833/18 1839/1839/18
f 1822/1822/4 1824/1824/4 1839/1839/4
f 1822/1822/4 1839/1839/4 1837/1837/4
f 1819/1819/22 1822/1822/22 1837/1837/22
f 1819/1819/1 1837/1837/1 1834/1834/1
f 1986/1986/5 1984/1984/5 1985/1985/5
f 1986/1986/5 1985/1985/5 1987/1987/5
f 1992/1992/6 1860/1860/6 1859/1859/6
f 1992/1992/6 1859/1859/6 1993/1993/6
f 1994/1994/2 1864/1864/2 1860/1860/2
f 1994/1994/2 1860/1860/2 1992/1992/2
f 192/192/4 1862/1862/4 1864/1864/4
f 192/192/4 1864/1864/4 1994/1994/4
f 1993/1993/1 1859/1859/1 1862/1862/1
f 1993/1993/1 1862/1862/1 192/192/1
f 1850/1850/7 1849/1849/7 1842/1842/7
f 1850/1850/7 1842/1842/7 1841/1841/7
f 1853/1853/2 1850/1850/2 1841/1841/2
f 1853/1853/18 1841/1841/18 1847/1847/18
f 1855/1855/130 1853/1853/130 1847/1847/130
f 1855/1855/130 1847/1847/130 1845/1845/130
f 1849/1849/1 1855/1855/1 1845/1845/1
f 1849/1849/22 1845/1845/22 1842/1842/22
f 1995/1995/6 1996/1996/6 1852/1852/6
f 1995/1995/6 1852/1852/6 1851/1851/6
f 1997/1997/2 1995/1995/2 1851/1851/2
f 1997/1997/2 1851/1851/2 1854/1854/2
f 1998/1998/24 1997/1997/24 1854/1854/24
f 1998/1998/24 1854/1854/24 1856/1856/24
f 1996/1996/1 1998/1998/1 1856/1856/1
f 1996/1996/1 1856/1856/1 1852/1852/1
f 1996/1996/3 1995/1995/3 1997/1997/3
f 1996/1996/3 1997/1997/3 1998/1998/3
f 1844/1844/6 1843/1843/6 1858/1858/6
f 1844/1844/6 1858/1858/6 1857/1857/6
f 1848/1848/2 1844/1844/2 1857/1857/2
f 1848/1848/2 1857/1857/2 1863/1863/2
f 1846/1846/24 1848/1848/24 1863/1863/24
f 1846/1846/24 1863/1863/24 1861/1861/24
f 1843/1843/1 1846/1846/1 1861/1861/1
f 1843/1843/1 1861/1861/1 1858/1858/1
f 1994/1994/5 1992/1992/5 1993/1993/5
f 1994/1994/5 1993/1993/5 192/192/5
f 1999/1999/6 1884/1884/6 1883/1883/6
f 1999/1999/6 1883/1883/6 2000/2000/6
f 2001/2001/18 1888/1888/18 1884/1884/18
f 2001/2001/2 1884/1884/2 1999/1999/2
f 2002/2002/4 1886/1886/4 1888/1888/4
f 2002/2002/4 1888/1888/4 2001/2001/4
f 2000/2000/1 1883/1883/1 1886/1886/1
f 2000/2000/1 1886/1886/1 2002/2002/1
f 1874/1874/7 1873/1873/7 1866/1866/7
f 1874/1874/7 1866/1866/7 1865/1865/7
f 1877/1877/18 1874/1874/18 1865/1865/18
f 1877/1877/2 1865/1865/2 1871/1871/2
f 1879/1879/24 1877/1877/24 1871/1871/24
f 1879/1879/24 1871/1871/24 1869/1869/24
f 1873/1873/22 1879/1879/22 1869/1869/22
f 1873/1873/1 1869/1869/1 1866/1866/1
f 2003/2003/7 2004/2004/7 1876/1876/7
f 2003/2003/7 1876/1876/7 1875/1875/7
f 2005/2005/2 2003/2003/2 1875/1875/2
f 2005/2005/2 1875/1875/2 1878/1878/2
f 2006/2006/4 2005/2005/4 1878/1878/4
f 2006/2006/4 1878/1878/4 1880/1880/4
f 2004/2004/1 2006/2006/1 1880/1880/1
f 2004/2004/1 1880/1880/1 1876/1876/1
f 2004/2004/3 2003/2003/3 2005/2005/3
f 2004/2004/3 2005/2005/3 2006/2006/3
f 1868/1868/7 1867/1867/7 1882/1882/7
f 1868/1868/7 1882/1882/7 1881/1881/7
f 1872/1872/2 1868/1868/2 1881/1881/2
f 1872/1872/2 1881/1881/2 1887/1887/2
f 1870/1870/4 1872/1872/4 1887/1887/4
f 1870/1870/4 1887/1887/4 1885/1885/4
f 1867/1867/1 1870/1870/1 1885/1885/1
f 1867/1867/1 1885/1885/1 1882/1882/1
f 2001/2001/5 1999/1999/5 2000/2000/5
f 2001/2001/5 2000/2000/5 2002/2002/5
f 2007/2007/6 1908/1908/6 1907/1907/6
f 2007/2007/6 1907/1907/6 2008/2008/6
f 2009/2009/18 1912/1912/18 1908/1908/18
f 2009/2009/2 1908/1908/2 2007/2007/2
f 2010/2010/4 1910/1910/4 1912/1912/4
f 2010/2010/4 1912/1912/4 2009/2009/4
f 2008/2008/22 1907/1907/22 1910/1910/22
f 2008/2008/1 1910/1910/1 2010/2010/1
f 1898/1898/7 1897/1897/7 1890/1890/7
f 1898/1898/7 1890/1890/7 1889/1889/7
f 1901/1901/2 1898/1898/2 1889/1889/2
f 1901/1901/18 1889/1889/18 1895/1895/18
f 1903/1903/24 1901/1901/24 1895/1895/24
f 1903/1903/24 1895/1895/24 1893/1893/24
f 1897/1897/22 1903/1903/22 1893/1893/22
f 1897/1897/1 1893/1893/1 1890/1890/1
f 2011/2011/6 2012/2012/6 1900/1900/6
f 2011/2011/6 1900/1900/6 1899/1899/6
f 2013/2013/2 2011/2011/2 1899/1899/2
f 2013/2013/2 1899/1899/2 1902/1902/2
f 2014/2014/24 2013/2013/24 1902/1902/24
f 2014/2014/24 1902/1902/24 1904/1904/24
f 2012/2012/1 2014/2014/1 1904/1904/1
f 2012/2012/22 1904/1904/22 1900/1900/22
f 2012/2012/3 2011/2011/3 2013/2013/3
f 2012/2012/3 2013/2013/3 2014/2014/3
f 1892/1892/6 1891/1891/6 1906/1906/6
f 1892/1892/6 1906/1906/6 1905/1905/6
f 1896/1896/2 1892/1892/2 1905/1905/2
f 1896/1896/2 1905/1905/2 1911/1911/2
f 1894/1894/24 1896/1896/24 1911/1911/24
f 1894/1894/24 1911/1911/24 1909/1909/24
f 1891/1891/1 1894/1894/1 1909/1909/1
f 1891/1891/1 1909/1909/1 1906/1906/1
f 2009/2009/5 2007/2007/5 2008/2008/5
f 2009/2009/5 2008/2008/5 2010/2010/5
f 2015/2015/6 1932/1932/6 1931/1931/6
f 2015/2015/6 1931/1931/6 2016/2016/6
f 190/190/2 1936/1936/2 1932/1932/2
f 190/190/2 1932/1932/2 2015/2015/2
f 2017/2017/4 1934/1934/4 1936/1936/4
f 2017/2017/4 1936/1936/4 190/190/4
f 2016/2016/22 1931/1931/22 1934/1934/22
f 2016/2016/1 1934/1934/1 2017/2017/1
f 1922/1922/7 1921/1921/7 1914/1914/7
f 1922/1922/7 1914/1914/7 1913/1913/7
f 1925/1925/2 1922/1922/2 1913/1913/2
f 1925/1925/2 1913/1913/2 1919/1919/2
f 1927/1927/130 1925/1925/130 1919/1919/130
f 1927/1927/130 1919/1919/130 1917/1917/130
f 1921/1921/1 1927/1927/1 1917/1917/1
f 1921/1921/22 1917/1917/22 1914/1914/22
f 2018/2018/6 2019/2019/6 1924/1924/6
f 2018/2018/6 1924/1924/6 1923/1923/6
f 2020/2020/2 2018/2018/2 1923/1923/2
f 2020/2020/2 1923/1923/2 1926/1926/2
f 2021/2021/4 2020/2020/4 1926/1926/4
f 2021/2021/4 1926/1926/4 1928/1928/4
f 2019/2019/1 2021/2021/1 1928/1928/1
f 2019/2019/1 1928/1928/1 1924/1924/1
f 2019/2019/3 2018/2018/3 2020/2020/3
f 2019/2019/3 2020/2020/3 2021/2021/3
f 1916/1916/6 1915/1915/6 1930/1930/6
f 1916/1916/6 1930/1930/6 1929/1929/6
f 1920/1920/2 1916/1916/2 1929/1929/2
f 1920/1920/2 1929/1929/2 1935/1935/2
f 1918/1918/4 1920/1920/4 1935/1935/4
f 1918/1918/4 1935/1935/4 1933/1933/4
f 1915/1915/1 1918/1918/1 1933/1933/1
f 1915/1915/1 1933/1933/1 1930/1930/1
f 190/190/5 2015/2015/5 2016/2016/5
f 190/190/5 2016/2016/5 2017/2017/5
f 2022/2022/5 2023/2023/5 2024/2024/5
f 2022/2022/5 2024/2024/5 2025/2025/5
f 2026/2026/3 2027/2027/3 2028/2028/3
f 2026/2026/3 2028/2028/3 2029/2029/3
f 2022/2022/6 2025/2025/6 2027/2027/6
f 2022/2022/6 2027/2027/6 2026/2026/6
f 2024/2024/4 2023/2023/4 2029/2029/4
f 2024/2024/4 2029/2029/4 2028/2028/4
f 2030/2030/6 2031/2031/6 2032/2032/6
f 2030/2030/7 2032/2032/7 2033/2033/7
f 2031/2031/159 2034/2034/159 2035/2035/159
f 2031/2031/18 2035/2035/18 2032/2032/18
f 2034/2034/24 2036/2036/24 2037/2037/24
f 2034/2034/24 2037/2037/24 2035/2035/24
f 2036/2036/22 2030/2030/22 2033/2033/22
f 2036/2036/22 2033/2033/22 2037/2037/22
f 2038/2038/7 2039/2039/7 2040/2040/7
f 2038/2038/7 2040/2040/7 2041/2041/7
f 2039/2039/18 2042/2042/18 2043/2043/18
f 2039/2039/159 2043/2043/159 2040/2040/159
f 2042/2042/24 2044/2044/24 2045/2045/24
f 2042/2042/24 2045/2045/24 2043/2043/24
f 2044/2044/197 2038/2038/197 2041/2041/197
f 2044/2044/22 2041/2041/22 2045/2045/22
f 2046/2046/7 2047/2047/7 2048/2048/7
f 2046/2046/7 2048/2048/7 2049/2049/7
f 2047/2047/18 2050/2050/18 2051/2051/18
f 2047/2047/158 2051/2051/158 2048/2048/158
f 2050/2050/24 2052/2052/24 2053/2053/24
f 2050/2050/4 2053/2053/4 2051/2051/4
f 2052/2052/160 2046/2046/160 2049/2049/160
f 2052/2052/175 2049/2049/175 2053/2053/175
f 2054/2054/7 2055/2055/7 2056/2056/7
f 2054/2054/7 2056/2056/7 2057/2057/7
f 2055/2055/18 2058/2058/18 2059/2059/18
f 2055/2055/203 2059/2059/203 2056/2056/203
f 2058/2058/24 2060/2060/24 2061/2061/24
f 2058/2058/4 2061/2061/4 2059/2059/4
f 2060/2060/22 2054/2054/22 2057/2057/22
f 2060/2060/196 2057/2057/196 2061/2061/196
f 2062/2062/7 2063/2063/7 2064/2064/7
f 2062/2062/7 2064/2064/7 2065/2065/7
f 2063/2063/18 2066/2066/18 2067/2067/18
f 2063/2063/203 2067/2067/203 2064/2064/203
f 2066/2066/24 2068/2068/24 2069/2069/24
f 2066/2066/24 2069/2069/24 2067/2067/24
f 2068/2068/22 2062/2062/22 2065/2065/22
f 2068/2068/197 2065/2065/197 2069/2069/197
f 2070/2070/7 2071/2071/7 2072/2072/7
f 2070/2070/7 2072/2072/7 2073/2073/7
f 2071/2071/18 2074/2074/18 2075/2075/18
f 2071/2071/162 2075/2075/162 2072/2072/162
f 2074/2074/24 2076/2076/24 2077/2077/24
f 2074/2074/24 2077/2077/24 2075/2075/24
f 2076/2076/22 2070/2070/22 2073/2073/22
f 2076/2076/175 2073/2073/175 2077/2077/175
f 2078/2078/7 2079/2079/7 2080/2080/7
f 2078/2078/7 2080/2080/7 2081/2081/7
f 2079/2079/18 2082/2082/18 2083/2083/18
f 2079/2079/18 2083/2083/18 2080/2080/18
f 2082/2082/24 2084/2084/24 2085/2085/24
f 2082/2082/24 2085/2085/24 2083/2083/24
f 2084/2084/22 2078/2078/22 2081/2081/22
f 2084/2084/22 2081/2081/22 2085/2085/22
f 2086/2086/7 2087/2087/7 2088/2088/7
f 2086/2086/7 2088/2088/7 2089/2089/7
f 2087/2087/159 2090/2090/159 2091/2091/159
f 2087/2087/18 2091/2091/18 2088/2088/18
f 2090/2090/24 2092/2092/24 2093/2093/24
f 2090/2090/24 2093/2093/24 2091/2091/24
f 2092/2092/22 2086/2086/22 2089/2089/22
f 2092/2092/22 2089/2089/22 2093/2093/22
f 2094/2094/7 2095/2095/7 2096/2096/7
f 2094/2094/7 2096/2096/7 2097/2097/7
f 2095/2095/18 2098/2098/18 2099/2099/18
f 2095/2095/18 2099/2099/18 2096/2096/18
f 2098/2098/4 2100/2100/4 2101/2101/4
f 2098/2098/24 2101/2101/24 2099/2099/24
f 2100/2100/22 2094/2094/22 2097/2097/22
f 2100/2100/22 2097/2097/22 2101/2101/22
f 2102/2102/7 2103/2103/7 2104/2104/7
f 2102/2102/7 2104/2104/7 2105/2105/7
f 2103/2103/18 2106/2106/18 2107/2107/18
f 2103/2103/18 2107/2107/18 2104/2104/18
f 2106/2106/24 2108/2108/24 2109/2109/24
f 2106/2106/24 2109/2109/24 2107/2107/24
f 2108/2108/22 2102/2102/22 2105/2105/22
f 2108/2108/22 2105/2105/22 2109/2109/22
f 2110/2110/7 2111/2111/7 2112/2112/7
f 2110/2110/7 2112/2112/7 2113/2113/7
f 2111/2111/18 2114/2114/18 2115/2115/18
f 2111/2111/162 2115/2115/162 2112/2112/162
f 2114/2114/24 2116/2116/24 2117/2117/24
f 2114/2114/4 2117/2117/4 2115/2115/4
f 2116/2116/22 2110/2110/22 2113/2113/22
f 2116/2116/22 2113/2113/22 2117/2117/22
f 2118/2118/7 2119/2119/7 2120/2120/7
f 2118/2118/7 2120/2120/7 2121/2121/7
f 2119/2119/18 2122/2122/18 2123/2123/18
f 2119/2119/18 2123/2123/18 2120/2120/18
f 2122/2122/24 2124/2124/24 2125/2125/24
f 2122/2122/24 2125/2125/24 2123/2123/24
f 2124/2124/160 2118/2118/160 2121/2121/160
f 2124/2124/197 2121/2121/197 2125/2125/197
f 2126/2126/6 2127/2127/6 2128/2128/6
f 2126/2126/7 2128/2128/7 2129/2129/7
f 2127/2127/18 2130/2130/18 2131/2131/18
f 2127/2127/18 2131/2131/18 2128/2128/18
f 2130/2130/24 2132/2132/24 2133/2133/24
f 2130/2130/24 2133/2133/24 2131/2131/24
f 2132/2132/22 2126/2126/22 2129/2129/22
f 2132/2132/22 2129/2129/22 2133/2133/22
f 2134/2134/7 2135/2135/7 2136/2136/7
f 2134/2134/7 2136/2136/7 2137/2137/7
f 2135/2135/162 2138/2138/162 2139/2139/162
f 2135/2135/18 2139/2139/18 2136/2136/18
f 2138/2138/24 2140/2140/24 2141/2141/24
f 2138/2138/4 2141/2141/4 2139/2139/4
f 2140/2140/22 2134/2134/22 2137/2137/22
f 2140/2140/22 2137/2137/22 2141/2141/22
f 2142/2142/7 2143/2143/7 2144/2144/7
f 2142/2142/7 2144/2144/7 2145/2145/7
f 2143/2143/18 2146/2146/18 2147/2147/18
f 2143/2143/18 2147/2147/18 2144/2144/18
f 2146/2146/24 2148/2148/24 2149/2149/24
f 2146/2146/24 2149/2149/24 2147/2147/24
f 2148/2148/22 2142/2142/22 2145/2145/22
f 2148/2148/22 2145/2145/22 2149/2149/22
f 2150/2150/7 2151/2151/7 2152/2152/7
f 2150/2150/7 2152/2152/7 2153/2153/7
f 2151/2151/18 2154/2154/18 2155/2155/18
f 2151/2151/18 2155/2155/18 2152/2152/18
f 2154/2154/4 2156/2156/4 2157/2157/4
f 2154/2154/24 2157/2157/24 2155/2155/24
f 2156/2156/22 2150/2150/22 2153/2153/22
f 2156/2156/22 2153/2153/22 2157/2157/22
f 2158/2158/7 2159/2159/7 2160/2160/7
f 2158/2158/7 2160/2160/7 2161/2161/7
f 2159/2159/18 2162/2162/18 2163/2163/18
f 2159/2159/18 2163/2163/18 2160/2160/18
f 2162/2162/24 2164/2164/24 2165/2165/24
f 2162/2162/24 2165/2165/24 2163/2163/24
f 2164/2164/22 2158/2158/22 2161/2161/22
f 2164/2164/22 2161/2161/22 2165/2165/22
f 2166/2166/7 2167/2167/7 2168/2168/7
f 2166/2166/6 2168/2168/6 2169/2169/6
f 2167/2167/18 2170/2170/18 2171/2171/18
f 2167/2167/18 2171/2171/18 2168/2168/18
f 2170/2170/24 2172/2172/24 2173/2173/24
f 2170/2170/24 2173/2173/24 2171/2171/24
f 2172/2172/22 2166/2166/22 2169/2169/22
f 2172/2172/197 2169/2169/197 2173/2173/197
f 2174/2174/7 2175/2175/7 2176/2176/7
f 2174/2174/7 2176/2176/7 2177/2177/7
f 2175/2175/18 2178/2178/18 2179/2179/18
f 2175/2175/162 2179/2179/162 2176/2176/162
f 2178/2178/24 2180/2180/24 2181/2181/24
f 2178/2178/4 2181/2181/4 2179/2179/4
f 2180/2180/22 2174/2174/22 2177/2177/22
f 2180/2180/22 2177/2177/22 2181/2181/22
f 2182/2182/7 2183/2183/7 2184/2184/7
f 2182/2182/7 2184/2184/7 2185/2185/7
f 2183/2183/18 2186/2186/18 2187/2187/18
f 2183/2183/203 2187/2187/203 2184/2184/203
f 2186/2186/24 2188/2188/24 2189/2189/24
f 2186/2186/24 2189/2189/24 2187/2187/24
f 2188/2188/22 2182/2182/22 2185/2185/22
f 2188/2188/22 2185/2185/22 2189/2189/22
f 2190/2190/7 2191/2191/7 2192/2192/7
f 2190/2190/7 2192/2192/7 2193/2193/7
f 2191/2191/162 2194/2194/162 2195/2195/162
f 2191/2191/18 2195/2195/18 2192/2192/18
f 2194/2194/24 2196/2196/24 2197/2197/24
f 2194/2194/4 2197/2197/4 2195/2195/4
f 2196/2196/22 2190/2190/22 2193/2193/22
f 2196/2196/22 2193/2193/22 2197/2197/22
f 2198/2198/7 2199/2199/7 2200/2200/7
f 2198/2198/7 2200/2200/7 2201/2201/7
f 2199/2199/18 2202/2202/18 2203/2203/18
f 2199/2199/18 2203/2203/18 2200/2200/18
f 2202/2202/4 2204/2204/4 2205/2205/4
f 2202/2202/24 2205/2205/24 2203/2203/24
f 2204/2204/22 2198/2198/22 2201/2201/22
f 2204/2204/22 2201/2201/22 2205/2205/22
f 2206/2206/7 2207/2207/7 2208/2208/7
f 2206/2206/7 2208/2208/7 2209/2209/7
f 2207/2207/162 2210/2210/162 2211/2211/162
f 2207/2207/18 2211/2211/18 2208/2208/18
f 2210/2210/24 2212/2212/24 2213/2213/24
f 2210/2210/24 2213/2213/24 2211/2211/24
f 2212/2212/22 2206/2206/22 2209/2209/22
f 2212/2212/22 2209/2209/22 2213/2213/22
f 2214/2214/7 2215/2215/7 2216/2216/7
f 2214/2214/7 2216/2216/7 2217/2217/7
f 2215/2215/18 2218/2218/18 2219/2219/18
f 2215/2215/18 2219/2219/18 2216/2216/18
f 2218/2218/24 2220/2220/24 2221/2221/24
f 2218/2218/24 2221/2221/24 2219/2219/24
f 2220/2220/22 2214/2214/22 2217/2217/22
f 2220/2220/22 2217/2217/22 2221/2221/22
f 2222/2222/7 2223/2223/7 2224/2224/7
f 2222/2222/7 2224/2224/7 2225/2225/7
f 2223/2223/18 2226/2226/18 2227/2227/18
f 2223/2223/18 2227/2227/18 2224/2224/18
f 2226/2226/24 2228/2228/24 2229/2229/24
f 2226/2226/24 2229/2229/24 2227/2227/24
f 2228/2228/160 2222/2222/160 2225/2225/160
f 2228/2228/22 2225/2225/22 2229/2229/22
f 2230/2230/7 2231/2231/7 2232/2232/7
f 2230/2230/7 2232/2232/7 2233/2233/7
f 2231/2231/18 2234/2234/18 2235/2235/18
f 2231/2231/159 2235/2235/159 2232/2232/159
f 2234/2234/24 2236/2236/24 2237/2237/24
f 2234/2234/24 2237/2237/24 2235/2235/24
f 2236/2236/22 2230/2230/22 2233/2233/22
f 2236/2236/22 2233/2233/22 2237/2237/22
f 2238/2238/22 2239/2239/22 2240/2240/22
f 2238/2238/161 2240/2240/161 2241/2241/161
f 2239/2239/6 2242/2242/6 2243/2243/6
f 2239/2239/7 2243/2243/7 2240/2240/7
f 2242/2242/18 2244/2244/18 2245/2245/18
f 2242/2242/162 2245/2245/162 2243/2243/162
f 2244/2244/24 2238/2238/24 2241/2241/24
f 2244/2244/24 2241/2241/24 2245/2245/24
f 2246/2246/22 2247/2247/22 2248/2248/22
f 2246/2246/161 2248/2248/161 2249/2249/161
f 2247/2247/7 2250/2250/7 2251/2251/7
f 2247/2247/7 2251/2251/7 2248/2248/7
f 2250/2250/18 2252/2252/18 2253/2253/18
f 2250/2250/162 2253/2253/162 2251/2251/162
f 2252/2252/24 2246/2246/24 2249/2249/24
f 2252/2252/24 2249/2249/24 2253/2253/24
f 2254/2254/182 2255/2255/182 2256/2256/182
f 2254/2254/182 2256/2256/182 2257/2257/182
f 2255/2255/7 2258/2258/7 2259/2259/7
f 2255/2255/7 2259/2259/7 2256/2256/7
f 2258/2258/18 2260/2260/18 2261/2261/18
f 2258/2258/258 2261/2261/258 2259/2259/258
f 2260/2260/24 2254/2254/24 2257/2257/24
f 2260/2260/24 2257/2257/24 2261/2261/24
f 2262/2262/22 2263/2263/22 2264/2264/22
f 2262/2262/182 2264/2264/182 2265/2265/182
f 2263/2263/7 2266/2266/7 2267/2267/7
f 2263/2263/7 2267/2267/7 2264/2264/7
f 2266/2266/162 2268/2268/162 2269/2269/162
f 2266/2266/162 2269/2269/162 2267/2267/162
f 2268/2268/198 2262/2262/198 2265/2265/198
f 2268/2268/198 2265/2265/198 2269/2269/198
f 2270/2270/22 2271/2271/22 2272/2272/22
f 2270/2270/197 2272/2272/197 2273/2273/197
f 2271/2271/7 2274/2274/7 2275/2275/7
f 2271/2271/7 2275/2275/7 2272/2272/7
f 2274/2274/159 2276/2276/159 2277/2277/159
f 2274/2274/195 2277/2277/195 2275/2275/195
f 2276/2276/24 2270/2270/24 2273/2273/24
f 2276/2276/24 2273/2273/24 2277/2277/24
f 2278/2278/22 2279/2279/22 2280/2280/22
f 2278/2278/197 2280/2280/197 2281/2281/197
f 2279/2279/6 2282/2282/6 2283/2283/6
f 2279/2279/7 2283/2283/7 2280/2280/7
f 2282/2282/18 2284/2284/18 2285/2285/18
f 2282/2282/162 2285/2285/162 2283/2283/162
f 2284/2284/4 2278/2278/4 2281/2281/4
f 2284/2284/24 2281/2281/24 2285/2285/24
f 2286/2286/197 2287/2287/197 2288/2288/197
f 2286/2286/197 2288/2288/197 2289/2289/197
f 2287/2287/7 2290/2290/7 2291/2291/7
f 2287/2287/7 2291/2291/7 2288/2288/7
f 2290/2290/162 2292/2292/162 2293/2293/162
f 2290/2290/162 2293/2293/162 2291/2291/162
f 2292/2292/24 2286/2286/24 2289/2289/24
f 2292/2292/24 2289/2289/24 2293/2293/24
f 2294/2294/175 2295/2295/175 2296/2296/175
f 2294/2294/22 2296/2296/22 2297/2297/22
f 2295/2295/7 2298/2298/7 2299/2299/7
f 2295/2295/7 2299/2299/7 2296/2296/7
f 2298/2298/18 2300/2300/18 2301/2301/18
f 2298/2298/195 2301/2301/195 2299/2299/195
f 2300/2300/24 2294/2294/24 2297/2297/24
f 2300/2300/4 2297/2297/4 2301/2301/4
f 2302/2302/22 2303/2303/22 2304/2304/22
f 2302/2302/197 2304/2304/197 2305/2305/197
f 2303/2303/7 2306/2306/7 2307/2307/7
f 2303/2303/7 2307/2307/7 2304/2304/7
f 2306/2306/577 2308/2308/577 2309/2309/577
f 2306/2306/195 2309/2309/195 2307/2307/195
f 2308/2308/4 2302/2302/4 2305/2305/4
f 2308/2308/24 2305/2305/24 2309/2309/24
f 2310/2310/175 2311/2311/175 2312/2312/175
f 2310/2310/197 2312/2312/197 2313/2313/197
f 2311/2311/7 2314/2314/7 2315/2315/7
f 2311/2311/7 2315/2315/7 2312/2312/7
f 2314/2314/18 2316/2316/18 2317/2317/18
f 2314/2314/162 2317/2317/162 2315/2315/162
f 2316/2316/24 2310/2310/24 2313/2313/24
f 2316/2316/24 2313/2313/24 2317/2317/24
f 2318/2318/22 2319/2319/22 2320/2320/22
f 2318/2318/182 2320/2320/182 2321/2321/182
f 2319/2319/7 2322/2322/7 2323/2323/7
f 2319/2319/7 2323/2323/7 2320/2320/7
f 2322/2322/258 2324/2324/258 2325/2325/258
f 2322/2322/258 2325/2325/258 2323/2323/258
f 2324/2324/4 2318/2318/4 2321/2321/4
f 2324/2324/24 2321/2321/24 2325/2325/24
f 2326/2326/160 2327/2327/160 2328/2328/160
f 2326/2326/197 2328/2328/197 2329/2329/197
f 2327/2327/7 2330/2330/7 2331/2331/7
f 2327/2327/7 2331/2331/7 2328/2328/7
f 2330/2330/18 2332/2332/18 2333/2333/18
f 2330/2330/167 2333/2333/167 2331/2331/167
f 2332/2332/4 2326/2326/4 2329/2329/4
f 2332/2332/24 2329/2329/24 2333/2333/24
f 2334/2334/22 2335/2335/22 2336/2336/22
f 2334/2334/197 2336/2336/197 2337/2337/197
f 2335/2335/6 2338/2338/6 2339/2339/6
f 2335/2335/7 2339/2339/7 2336/2336/7
f 2338/2338/18 2340/2340/18 2341/2341/18
f 2338/2338/18 2341/2341/18 2339/2339/18
f 2340/2340/4 2334/2334/4 2337/2337/4
f 2340/2340/24 2337/2337/24 2341/2341/24
f 2342/2342/22 2343/2343/22 2344/2344/22
f 2342/2342/197 2344/2344/197 2345/2345/197
f 2343/2343/6 2346/2346/6 2347/2347/6
f 2343/2343/7 2347/2347/7 2344/2344/7
f 2346/2346/18 2348/2348/18 2349/2349/18
f 2346/2346/162 2349/2349/162 2347/2347/162
f 2348/2348/4 2342/2342/4 2345/2345/4
f 2348/2348/24 2345/2345/24 2349/2349/24
f 2350/2350/22 2351/2351/22 2352/2352/22
f 2350/2350/161 2352/2352/161 2353/2353/161
f 2351/2351/6 2354/2354/6 2355/2355/6
f 2351/2351/7 2355/2355/7 2352/2352/7
f 2354/2354/159 2356/2356/159 2357/2357/159
f 2354/2354/162 2357/2357/162 2355/2355/162
f 2356/2356/198 2350/2350/198 2353/2353/198
f 2356/2356/148 2353/2353/148 2357/2357/148
f 2358/2358/22 2359/2359/22 2360/2360/22
f 2358/2358/22 2360/2360/22 2361/2361/22
f 2359/2359/7 2362/2362/7 2363/2363/7
f 2359/2359/7 2363/2363/7 2360/2360/7
f 2362/2362/162 2364/2364/162 2365/2365/162
f 2362/2362/18 2365/2365/18 2363/2363/18
f 2364/2364/24 2358/2358/24 2361/2361/24
f 2364/2364/24 2361/2361/24 2365/2365/24
f 2366/2366/22 2367/2367/22 2368/2368/22
f 2366/2366/22 2368/2368/22 2369/2369/22
f 2367/2367/154 2370/2370/154 2371/2371/154
f 2367/2367/7 2371/2371/7 2368/2368/7
f 2370/2370/18 2372/2372/18 2373/2373/18
f 2370/2370/162 2373/2373/162 2371/2371/162
f 2372/2372/24 2366/2366/24 2369/2369/24
f 2372/2372/24 2369/2369/24 2373/2373/24
f 2374/2374/22 2375/2375/22 2376/2376/22
f 2374/2374/22 2376/2376/22 2377/2377/22
f 2375/2375/7 2378/2378/7 2379/2379/7
f 2375/2375/7 2379/2379/7 2376/2376/7
f 2378/2378/18 2380/2380/18 2381/2381/18
f 2378/2378/18 2381/2381/18 2379/2379/18
f 2380/2380/4 2374/2374/4 2377/2377/4
f 2380/2380/24 2377/2377/24 2381/2381/24
f 2382/2382/22 2383/2383/22 2384/2384/22
f 2382/2382/160 2384/2384/160 2385/2385/160
f 2383/2383/7 2386/2386/7 2387/2387/7
f 2383/2383/7 2387/2387/7 2384/2384/7
f 2386/2386/18 2388/2388/18 2389/2389/18
f 2386/2386/18 2389/2389/18 2387/2387/18
f 2388/2388/4 2382/2382/4 2385/2385/4
f 2388/2388/24 2385/2385/24 2389/2389/24
f 2390/2390/160 2391/2391/160 2392/2392/160
f 2390/2390/22 2392/2392/22 2393/2393/22
f 2391/2391/7 2394/2394/7 2395/2395/7
f 2391/2391/6 2395/2395/6 2392/2392/6
f 2394/2394/18 2396/2396/18 2397/2397/18
f 2394/2394/18 2397/2397/18 2395/2395/18
f 2396/2396/4 2390/2390/4 2393/2393/4
f 2396/2396/24 2393/2393/24 2397/2397/24
f 2398/2398/22 2399/2399/22 2400/2400/22
f 2398/2398/197 2400/2400/197 2401/2401/197
f 2399/2399/7 2402/2402/7 2403/2403/7
f 2399/2399/6 2403/2403/6 2400/2400/6
f 2402/2402/159 2404/2404/159 2405/2405/159
f 2402/2402/18 2405/2405/18 2403/2403/18
f 2404/2404/24 2398/2398/24 2401/2401/24
f 2404/2404/24 2401/2401/24 2405/2405/24
f 2406/2406/197 2407/2407/197 2408/2408/197
f 2406/2406/22 2408/2408/22 2409/2409/22
f 2407/2407/154 2410/2410/154 2411/2411/154
f 2407/2407/153 2411/2411/153 2408/2408/153
f 2410/2410/18 2412/2412/18 2413/2413/18
f 2410/2410/18 2413/2413/18 2411/2411/18
f 2412/2412/24 2406/2406/24 2409/2409/24
f 2412/2412/24 2409/2409/24 2413/2413/24
f 2414/2414/22 2415/2415/22 2416/2416/22
f 2414/2414/22 2416/2416/22 2417/2417/22
f 2415/2415/7 2418/2418/7 2419/2419/7
f 2415/2415/7 2419/2419/7 2416/2416/7
f 2418/2418/162 2420/2420/162 2421/2421/162
f 2418/2418/18 2421/2421/18 2419/2419/18
f 2420/2420/24 2414/2414/24 2417/2417/24
f 2420/2420/24 2417/2417/24 2421/2421/24
f 2422/2422/22 2423/2423/22 2424/2424/22
f 2422/2422/22 2424/2424/22 2425/2425/22
f 2423/2423/7 2426/2426/7 2427/2427/7
f 2423/2423/7 2427/2427/7 2424/2424/7
f 2426/2426/18 2428/2428/18 2429/2429/18
f 2426/2426/162 2429/2429/162 2427/2427/162
f 2428/2428/198 2422/2422/198 2425/2425/198
f 2428/2428/198 2425/2425/198 2429/2429/198
f 2430/2430/22 2431/2431/22 2432/2432/22
f 2430/2430/22 2432/2432/22 2433/2433/22
f 2431/2431/7 2434/2434/7 2435/2435/7
f 2431/2431/7 2435/2435/7 2432/2432/7
f 2434/2434/18 2436/2436/18 2437/2437/18
f 2434/2434/18 2437/2437/18 2435/2435/18
f 2436/2436/4 2430/2430/4 2433/2433/4
f 2436/2436/24 2433/2433/24 2437/2437/24
f 2438/2438/22 2439/2439/22 2440/2440/22
f 2438/2438/160 2440/2440/160 2441/2441/160
f 2439/2439/7 2442/2442/7 2443/2443/7
f 2439/2439/7 2443/2443/7 2440/2440/7
f 2442/2442/18 2444/2444/18 2445/2445/18
f 2442/2442/18 2445/2445/18 2443/2443/18
f 2444/2444/4 2438/2438/4 2441/2441/4
f 2444/2444/24 2441/2441/24 2445/2445/24
f 2446/2446/22 2447/2447/22 2448/2448/22
f 2446/2446/22 2448/2448/22 2449/2449/22
f 2447/2447/7 2450/2450/7 2451/2451/7
f 2447/2447/6 2451/2451/6 2448/2448/6
f 2450/2450/18 2452/2452/18 2453/2453/18
f 2450/2450/18 2453/2453/18 2451/2451/18
f 2452/2452/198 2446/2446/198 2449/2449/198
f 2452/2452/148 2449/2449/148 2453/2453/148
f 2454/2454/22 2455/2455/22 2456/2456/22
f 2454/2454/197 2456/2456/197 2457/2457/197
f 2455/2455/7 2458/2458/7 2459/2459/7
f 2455/2455/6 2459/2459/6 2456/2456/6
f 2458/2458/159 2460/2460/159 2461/2461/159
f 2458/2458/18 2461/2461/18 2459/2459/18
f 2460/2460/24 2454/2454/24 2457/2457/24
f 2460/2460/24 2457/2457/24 2461/2461/24
f 2462/2462/197 2463/2463/197 2464/2464/197
f 2462/2462/22 2464/2464/22 2465/2465/22
f 2463/2463/7 2466/2466/7 2467/2467/7
f 2463/2463/6 2467/2467/6 2464/2464/6
f 2466/2466/18 2468/2468/18 2469/2469/18
f 2466/2466/159 2469/2469/159 2467/2467/159
f 2468/2468/24 2462/2462/24 2465/2465/24
f 2468/2468/24 2465/2465/24 2469/2469/24
f 2470/2470/22 2471/2471/22 2472/2472/22
f 2470/2470/22 2472/2472/22 2473/2473/22
f 2471/2471/7 2474/2474/7 2475/2475/7
f 2471/2471/7 2475/2475/7 2472/2472/7
f 2474/2474/162 2476/2476/162 2477/2477/162
f 2474/2474/18 2477/2477/18 2475/2475/18
f 2476/2476/24 2470/2470/24 2473/2473/24
f 2476/2476/24 2473/2473/24 2477/2477/24
f 2478/2478/22 2479/2479/22 2480/2480/22
f 2478/2478/22 2480/2480/22 2481/2481/22
f 2479/2479/7 2482/2482/7 2483/2483/7
f 2479/2479/7 2483/2483/7 2480/2480/7
f 2482/2482/18 2484/2484/18 2485/2485/18
f 2482/2482/258 2485/2485/258 2483/2483/258
f 2484/2484/24 2478/2478/24 2481/2481/24
f 2484/2484/24 2481/2481/24 2485/2485/24
f 2486/2486/22 2487/2487/22 2488/2488/22
f 2486/2486/22 2488/2488/22 2489/2489/22
f 2487/2487/7 2490/2490/7 2491/2491/7
f 2487/2487/7 2491/2491/7 2488/2488/7
f 2490/2490/162 2492/2492/162 2493/2493/162
f 2490/2490/18 2493/2493/18 2491/2491/18
f 2492/2492/24 2486/2486/24 2489/2489/24
f 2492/2492/4 2489/2489/4 2493/2493/4
f 2494/2494/22 2495/2495/22 2496/2496/22
f 2494/2494/22 2496/2496/22 2497/2497/22
f 2495/2495/7 2498/2498/7 2499/2499/7
f 2495/2495/7 2499/2499/7 2496/2496/7
f 2498/2498/18 2500/2500/18 2501/2501/18
f 2498/2498/162 2501/2501/162 2499/2499/162
f 2500/2500/148 2494/2494/148 2497/2497/148
f 2500/2500/4 2497/2497/4 2501/2501/4
f 2502/2502/22 2503/2503/22 2504/2504/22
f 2502/2502/22 2504/2504/22 2505/2505/22
f 2503/2503/220 2506/2506/220 2507/2507/220
f 2503/2503/220 2507/2507/220 2504/2504/220
f 2506/2506/18 2508/2508/18 2509/2509/18
f 2506/2506/18 2509/2509/18 2507/2507/18
f 2508/2508/219 2502/2502/219 2505/2505/219
f 2508/2508/219 2505/2505/219 2509/2509/219
f 2510/2510/22 2511/2511/22 2512/2512/22
f 2510/2510/22 2512/2512/22 2513/2513/22
f 2511/2511/153 2514/2514/153 2515/2515/153
f 2511/2511/154 2515/2515/154 2512/2512/154
f 2514/2514/18 2516/2516/18 2517/2517/18
f 2514/2514/18 2517/2517/18 2515/2515/18
f 2516/2516/198 2510/2510/198 2513/2513/198
f 2516/2516/198 2513/2513/198 2517/2517/198
f 2518/2518/22 2519/2519/22 2520/2520/22
f 2518/2518/22 2520/2520/22 2521/2521/22
f 2519/2519/153 2522/2522/153 2523/2523/153
f 2519/2519/154 2523/2523/154 2520/2520/154
f 2522/2522/18 2524/2524/18 2525/2525/18
f 2522/2522/18 2525/2525/18 2523/2523/18
f 2524/2524/198 2518/2518/198 2521/2521/198
f 2524/2524/198 2521/2521/198 2525/2525/198
f 2526/2526/160 2527/2527/160 2528/2528/160
f 2526/2526/197 2528/2528/197 2529/2529/197
f 2527/2527/220 2530/2530/220 2531/2531/220
f 2527/2527/220 2531/2531/220 2528/2528/220
f 2530/2530/18 2532/2532/18 2533/2533/18
f 2530/2530/18 2533/2533/18 2531/2531/18
f 2532/2532/219 2526/2526/219 2529/2529/219
f 2532/2532/219 2529/2529/219 2533/2533/219
f 2534/2534/197 2535/2535/197 2536/2536/197
f 2534/2534/22 2536/2536/22 2537/2537/22
f 2535/2535/153 2538/2538/153 2539/2539/153
f 2535/2535/153 2539/2539/153 2536/2536/153
f 2538/2538/18 2540/2540/18 2541/2541/18
f 2538/2538/18 2541/2541/18 2539/2539/18
f 2540/2540/148 2534/2534/148 2537/2537/148
f 2540/2540/198 2537/2537/198 2541/2541/198
f 2542/2542/22 2543/2543/22 2544/2544/22
f 2542/2542/22 2544/2544/22 2545/2545/22
f 2543/2543/153 2546/2546/153 2547/2547/153
f 2543/2543/154 2547/2547/154 2544/2544/154
f 2546/2546/162 2548/2548/162 2549/2549/162
f 2546/2546/18 2549/2549/18 2547/2547/18
f 2548/2548/148 2542/2542/148 2545/2545/148
f 2548/2548/198 2545/2545/198 2549/2549/198
f 2550/2550/22 2551/2551/22 2552/2552/22
f 2550/2550/22 2552/2552/22 2553/2553/22
f 2551/2551/220 2554/2554/220 2555/2555/220
f 2551/2551/220 2555/2555/220 2552/2552/220
f 2554/2554/18 2556/2556/18 2557/2557/18
f 2554/2554/162 2557/2557/162 2555/2555/162
f 2556/2556/219 2550/2550/219 2553/2553/219
f 2556/2556/219 2553/2553/219 2557/2557/219
f 2558/2558/22 2559/2559/22 2560/2560/22
f 2558/2558/22 2560/2560/22 2561/2561/22
f 2559/2559/153 2562/2562/153 2563/2563/153
f 2559/2559/154 2563/2563/154 2560/2560/154
f 2562/2562/18 2564/2564/18 2565/2565/18
f 2562/2562/18 2565/2565/18 2563/2563/18
f 2564/2564/148 2558/2558/148 2561/2561/148
f 2564/2564/198 2561/2561/198 2565/2565/198
f 2566/2566/197 2567/2567/197 2568/2568/197
f 2566/2566/197 2568/2568/197 2569/2569/197
f 2567/2567/153 2570/2570/153 2571/2571/153
f 2567/2567/153 2571/2571/153 2568/2568/153
f 2570/2570/18 2572/2572/18 2573/2573/18
f 2570/2570/162 2573/2573/162 2571/2571/162
f 2572/2572/198 2566/2566/198 2569/2569/198
f 2572/2572/148 2569/2569/148 2573/2573/148
f 2574/2574/22 2575/2575/22 2576/2576/22
f 2574/2574/197 2576/2576/197 2577/2577/197
f 2575/2575/578 2578/2578/578 2579/2579/578
f 2575/2575/220 2579/2579/220 2576/2576/220
f 2578/2578/159 2580/2580/159 2581/2581/159
f 2578/2578/162 2581/2581/162 2579/2579/162
f 2580/2580/219 2574/2574/219 2577/2577/219
f 2580/2580/219 2577/2577/219 2581/2581/219
f 2582/2582/22 2583/2583/22 2584/2584/22
f 2582/2582/197 2584/2584/197 2585/2585/197
f 2583/2583/220 2586/2586/220 2587/2587/220
f 2583/2583/220 2587/2587/220 2584/2584/220
f 2586/2586/18 2588/2588/18 2589/2589/18
f 2586/2586/195 2589/2589/195 2587/2587/195
f 2588/2588/219 2582/2582/219 2585/2585/219
f 2588/2588/219 2585/2585/219 2589/2589/219
f 2590/2590/22 2591/2591/22 2592/2592/22
f 2590/2590/197 2592/2592/197 2593/2593/197
f 2591/2591/153 2594/2594/153 2595/2595/153
f 2591/2591/154 2595/2595/154 2592/2592/154
f 2594/2594/18 2596/2596/18 2597/2597/18
f 2594/2594/195 2597/2597/195 2595/2595/195
f 2596/2596/198 2590/2590/198 2593/2593/198
f 2596/2596/148 2593/2593/148 2597/2597/148
f 2598/2598/22 2599/2599/22 2600/2600/22
f 2598/2598/197 2600/2600/197 2601/2601/197
f 2599/2599/220 2602/2602/220 2603/2603/220
f 2599/2599/220 2603/2603/220 2600/2600/220
f 2602/2602/18 2604/2604/18 2605/2605/18
f 2602/2602/162 2605/2605/162 2603/2603/162
f 2604/2604/219 2598/2598/219 2601/2601/219
f 2604/2604/219 2601/2601/219 2605/2605/219
f 2606/2606/22 2607/2607/22 2608/2608/22
f 2606/2606/197 2608/2608/197 2609/2609/197
f 2607/2607/153 2610/2610/153 2611/2611/153
f 2607/2607/154 2611/2611/154 2608/2608/154
f 2610/2610/18 2612/2612/18 2613/2613/18
f 2610/2610/162 2613/2613/162 2611/2611/162
f 2612/2612/198 2606/2606/198 2609/2609/198
f 2612/2612/148 2609/2609/148 2613/2613/148
f 2614/2614/22 2615/2615/22 2616/2616/22
f 2614/2614/161 2616/2616/161 2617/2617/161
f 2615/2615/153 2618/2618/153 2619/2619/153
f 2615/2615/153 2619/2619/153 2616/2616/153
f 2618/2618/18 2620/2620/18 2621/2621/18
f 2618/2618/162 2621/2621/162 2619/2619/162
f 2620/2620/198 2614/2614/198 2617/2617/198
f 2620/2620/148 2617/2617/148 2621/2621/148
f 2622/2622/22 2623/2623/22 2624/2624/22
f 2622/2622/161 2624/2624/161 2625/2625/161
f 2623/2623/220 2626/2626/220 2627/2627/220
f 2623/2623/220 2627/2627/220 2624/2624/220
f 2626/2626/18 2628/2628/18 2629/2629/18
f 2626/2626/162 2629/2629/162 2627/2627/162
f 2628/2628/219 2622/2622/219 2625/2625/219
f 2628/2628/219 2625/2625/219 2629/2629/219
f 2630/2630/197 2631/2631/197 2632/2632/197
f 2630/2630/197 2632/2632/197 2633/2633/197
f 2631/2631/153 2634/2634/153 2635/2635/153
f 2631/2631/153 2635/2635/153 2632/2632/153
f 2634/2634/577 2636/2636/577 2637/2637/577
f 2634/2634/162 2637/2637/162 2635/2635/162
f 2636/2636/198 2630/2630/198 2633/2633/198
f 2636/2636/148 2633/2633/148 2637/2637/148
f 2638/2638/197 2639/2639/197 2640/2640/197
f 2638/2638/197 2640/2640/197 2641/2641/197
f 2639/2639/153 2642/2642/153 2643/2643/153
f 2639/2639/153 2643/2643/153 2640/2640/153
f 2642/2642/18 2644/2644/18 2645/2645/18
f 2642/2642/162 2645/2645/162 2643/2643/162
f 2644/2644/198 2638/2638/198 2641/2641/198
f 2644/2644/148 2641/2641/148 2645/2645/148
f 2646/2646/5 2647/2647/5 2648/2648/5
f 2646/2646/5 2648/2648/5 2649/2649/5
f 2650/2650/5 2651/2651/5 2652/2652/5
f 2650/2650/5 2652/2652/5 2653/2653/5
f 2654/2654/3 2655/2655/3 2656/2656/3
f 2654/2654/3 2656/2656/3 2657/2657/3
f 2658/2658/3 2659/2659/3 2660/2660/3
f 2658/2658/3 2660/2660/3 2661/2661/3
f 2647/2647/1 2654/2654/1 2657/2657/1
f 2647/2647/1 2657/2657/1 2648/2648/1
f 2659/2659/1 2650/2650/1 2653/2653/1
f 2659/2659/1 2653/2653/1 2660/2660/1
f 2651/2651/2 2658/2658/2 2661/2661/2
f 2651/2651/2 2661/2661/2 2652/2652/2
f 2655/2655/2 2646/2646/2 2649/2649/2
f 2655/2655/2 2649/2649/2 2656/2656/2
f 2662/2662/154 2663/2663/154 2664/2664/154
f 2662/2662/153 2664/2664/153 2665/2665/153
f 2663/2663/159 2666/2666/159 2667/2667/159
f 2663/2663/18 2667/2667/18 2664/2664/18
f 2666/2666/148 2668/2668/148 2669/2669/148
f 2666/2666/148 2669/2669/148 2667/2667/148
f 2668/2668/197 2662/2662/197 2665/2665/197
f 2668/2668/22 2665/2665/22 2669/2669/22
f 2670/2670/153 2671/2671/153 2672/2672/153
f 2670/2670/154 2672/2672/154 2673/2673/154
f 2671/2671/18 2674/2674/18 2675/2675/18
f 2671/2671/268 2675/2675/268 2672/2672/268
f 2674/2674/198 2676/2676/198 2677/2677/198
f 2674/2674/198 2677/2677/198 2675/2675/198
f 2676/2676/160 2670/2670/160 2673/2673/160
f 2676/2676/22 2673/2673/22 2677/2677/22
f 2678/2678/154 2679/2679/154 2680/2680/154
f 2678/2678/153 2680/2680/153 2681/2681/153
f 2679/2679/18 2682/2682/18 2683/2683/18
f 2679/2679/18 2683/2683/18 2680/2680/18
f 2682/2682/148 2684/2684/148 2685/2685/148
f 2682/2682/148 2685/2685/148 2683/2683/148
f 2684/2684/22 2678/2678/22 2681/2681/22
f 2684/2684/197 2681/2681/197 2685/2685/197
f 2686/2686/154 2687/2687/154 2688/2688/154
f 2686/2686/154 2688/2688/154 2689/2689/154
f 2687/2687/162 2690/2690/162 2691/2691/162
f 2687/2687/18 2691/2691/18 2688/2688/18
f 2690/2690/148 2692/2692/148 2693/2693/148
f 2690/2690/198 2693/2693/198 2691/2691/198
f 2692/2692/160 2686/2686/160 2689/2689/160
f 2692/2692/22 2689/2689/22 2693/2693/22
f 2694/2694/153 2695/2695/153 2696/2696/153
f 2694/2694/154 2696/2696/154 2697/2697/154
f 2695/2695/18 2698/2698/18 2699/2699/18
f 2695/2695/18 2699/2699/18 2696/2696/18
f 2698/2698/198 2700/2700/198 2701/2701/198
f 2698/2698/198 2701/2701/198 2699/2699/198
f 2700/2700/160 2694/2694/160 2697/2697/160
f 2700/2700/22 2697/2697/22 2701/2701/22
f 2702/2702/154 2703/2703/154 2704/2704/154
f 2702/2702/153 2704/2704/153 2705/2705/153
f 2703/2703/162 2706/2706/162 2707/2707/162
f 2703/2703/18 2707/2707/18 2704/2704/18
f 2706/2706/198 2708/2708/198 2709/2709/198
f 2706/2706/198 2709/2709/198 2707/2707/198
f 2708/2708/22 2702/2702/22 2705/2705/22
f 2708/2708/160 2705/2705/160 2709/2709/160
f 2710/2710/154 2711/2711/154 2712/2712/154
f 2710/2710/153 2712/2712/153 2713/2713/153
f 2711/2711/18 2714/2714/18 2715/2715/18
f 2711/2711/159 2715/2715/159 2712/2712/159
f 2714/2714/148 2716/2716/148 2717/2717/148
f 2714/2714/148 2717/2717/148 2715/2715/148
f 2716/2716/175 2710/2710/175 2713/2713/175
f 2716/2716/22 2713/2713/22 2717/2717/22
f 2718/2718/153 2719/2719/153 2720/2720/153
f 2718/2718/154 2720/2720/154 2721/2721/154
f 2719/2719/162 2722/2722/162 2723/2723/162
f 2719/2719/18 2723/2723/18 2720/2720/18
f 2722/2722/148 2724/2724/148 2725/2725/148
f 2722/2722/198 2725/2725/198 2723/2723/198
f 2724/2724/22 2718/2718/22 2721/2721/22
f 2724/2724/160 2721/2721/160 2725/2725/160
f 2726/2726/153 2727/2727/153 2728/2728/153
f 2726/2726/154 2728/2728/154 2729/2729/154
f 2727/2727/159 2730/2730/159 2731/2731/159
f 2727/2727/18 2731/2731/18 2728/2728/18
f 2730/2730/198 2732/2732/198 2733/2733/198
f 2730/2730/148 2733/2733/148 2731/2731/148
f 2732/2732/22 2726/2726/22 2729/2729/22
f 2732/2732/22 2729/2729/22 2733/2733/22
f 2734/2734/153 2735/2735/153 2736/2736/153
f 2734/2734/153 2736/2736/153 2737/2737/153
f 2735/2735/18 2738/2738/18 2739/2739/18
f 2735/2735/159 2739/2739/159 2736/2736/159
f 2738/2738/148 2740/2740/148 2741/2741/148
f 2738/2738/198 2741/2741/198 2739/2739/198
f 2740/2740/197 2734/2734/197 2737/2737/197
f 2740/2740/22 2737/2737/22 2741/2741/22
f 2742/2742/153 2743/2743/153 2744/2744/153
f 2742/2742/154 2744/2744/154 2745/2745/154
f 2743/2743/18 2746/2746/18 2747/2747/18
f 2743/2743/268 2747/2747/268 2744/2744/268
f 2746/2746/198 2748/2748/198 2749/2749/198
f 2746/2746/148 2749/2749/148 2747/2747/148
f 2748/2748/22 2742/2742/22 2745/2745/22
f 2748/2748/22 2745/2745/22 2749/2749/22
f 2750/2750/220 2751/2751/220 2752/2752/220
f 2750/2750/220 2752/2752/220 2753/2753/220
f 2751/2751/18 2754/2754/18 2755/2755/18
f 2751/2751/18 2755/2755/18 2752/2752/18
f 2754/2754/198 2756/2756/198 2757/2757/198
f 2754/2754/148 2757/2757/148 2755/2755/148
f 2756/2756/1 2750/2750/1 2753/2753/1
f 2756/2756/160 2753/2753/160 2757/2757/160
f 2758/2758/154 2759/2759/154 2760/2760/154
f 2758/2758/153 2760/2760/153 2761/2761/153
f 2759/2759/18 2762/2762/18 2763/2763/18
f 2759/2759/18 2763/2763/18 2760/2760/18
f 2762/2762/198 2764/2764/198 2765/2765/198
f 2762/2762/148 2765/2765/148 2763/2763/148
f 2764/2764/22 2758/2758/22 2761/2761/22
f 2764/2764/197 2761/2761/197 2765/2765/197
f 2766/2766/154 2767/2767/154 2768/2768/154
f 2766/2766/154 2768/2768/154 2769/2769/154
f 2767/2767/18 2770/2770/18 2771/2771/18
f 2767/2767/162 2771/2771/162 2768/2768/162
f 2770/2770/148 2772/2772/148 2773/2773/148
f 2770/2770/198 2773/2773/198 2771/2771/198
f 2772/2772/22 2766/2766/22 2769/2769/22
f 2772/2772/160 2769/2769/160 2773/2773/160
f 2774/2774/153 2775/2775/153 2776/2776/153
f 2774/2774/153 2776/2776/153 2777/2777/153
f 2775/2775/159 2778/2778/159 2779/2779/159
f 2775/2775/18 2779/2779/18 2776/2776/18
f 2778/2778/148 2780/2780/148 2781/2781/148
f 2778/2778/198 2781/2781/198 2779/2779/198
f 2780/2780/22 2774/2774/22 2777/2777/22
f 2780/2780/196 2777/2777/196 2781/2781/196
f 2782/2782/153 2783/2783/153 2784/2784/153
f 2782/2782/154 2784/2784/154 2785/2785/154
f 2783/2783/18 2786/2786/18 2787/2787/18
f 2783/2783/18 2787/2787/18 2784/2784/18
f 2786/2786/198 2788/2788/198 2789/2789/198
f 2786/2786/148 2789/2789/148 2787/2787/148
f 2788/2788/22 2782/2782/22 2785/2785/22
f 2788/2788/22 2785/2785/22 2789/2789/22
f 2790/2790/154 2791/2791/154 2792/2792/154
f 2790/2790/153 2792/2792/153 2793/2793/153
f 2791/2791/18 2794/2794/18 2795/2795/18
f 2791/2791/18 2795/2795/18 2792/2792/18
f 2794/2794/148 2796/2796/148 2797/2797/148
f 2794/2794/148 2797/2797/148 2795/2795/148
f 2796/2796/160 2790/2790/160 2793/2793/160
f 2796/2796/22 2793/2793/22 2797/2797/22
f 2798/2798/153 2799/2799/153 2800/2800/153
f 2798/2798/153 2800/2800/153 2801/2801/153
f 2799/2799/18 2802/2802/18 2803/2803/18
f 2799/2799/18 2803/2803/18 2800/2800/18
f 2802/2802/148 2804/2804/148 2805/2805/148
f 2802/2802/198 2805/2805/198 2803/2803/198
f 2804/2804/197 2798/2798/197 2801/2801/197
f 2804/2804/22 2801/2801/22 2805/2805/22
f 2806/2806/154 2807/2807/154 2808/2808/154
f 2806/2806/154 2808/2808/154 2809/2809/154
f 2807/2807/18 2810/2810/18 2811/2811/18
f 2807/2807/203 2811/2811/203 2808/2808/203
f 2810/2810/148 2812/2812/148 2813/2813/148
f 2810/2810/198 2813/2813/198 2811/2811/198
f 2812/2812/22 2806/2806/22 2809/2809/22
f 2812/2812/196 2809/2809/196 2813/2813/196
f 2814/2814/154 2815/2815/154 2816/2816/154
f 2814/2814/153 2816/2816/153 2817/2817/153
f 2815/2815/18 2818/2818/18 2819/2819/18
f 2815/2815/162 2819/2819/162 2816/2816/162
f 2818/2818/198 2820/2820/198 2821/2821/198
f 2818/2818/198 2821/2821/198 2819/2819/198
f 2820/2820/22 2814/2814/22 2817/2817/22
f 2820/2820/22 2817/2817/22 2821/2821/22
f 2822/2822/153 2823/2823/153 2824/2824/153
f 2822/2822/154 2824/2824/154 2825/2825/154
f 2823/2823/18 2826/2826/18 2827/2827/18
f 2823/2823/18 2827/2827/18 2824/2824/18
f 2826/2826/198 2828/2828/198 2829/2829/198
f 2826/2826/148 2829/2829/148 2827/2827/148
f 2828/2828/22 2822/2822/22 2825/2825/22
f 2828/2828/22 2825/2825/22 2829/2829/22
f 2830/2830/153 2831/2831/153 2832/2832/153
f 2830/2830/154 2832/2832/154 2833/2833/154
f 2831/2831/159 2834/2834/159 2835/2835/159
f 2831/2831/18 2835/2835/18 2832/2832/18
f 2834/2834/198 2836/2836/198 2837/2837/198
f 2834/2834/148 2837/2837/148 2835/2835/148
f 2836/2836/22 2830/2830/22 2833/2833/22
f 2836/2836/22 2833/2833/22 2837/2837/22
f 2838/2838/154 2839/2839/154 2840/2840/154
f 2838/2838/153 2840/2840/153 2841/2841/153
f 2839/2839/162 2842/2842/162 2843/2843/162
f 2839/2839/18 2843/2843/18 2840/2840/18
f 2842/2842/198 2844/2844/198 2845/2845/198
f 2842/2842/198 2845/2845/198 2843/2843/198
f 2844/2844/160 2838/2838/160 2841/2841/160
f 2844/2844/22 2841/2841/22 2845/2845/22
f 2846/2846/153 2847/2847/153 2848/2848/153
f 2846/2846/153 2848/2848/153 2849/2849/153
f 2847/2847/18 2850/2850/18 2851/2851/18
f 2847/2847/18 2851/2851/18 2848/2848/18
f 2850/2850/198 2852/2852/198 2853/2853/198
f 2850/2850/148 2853/2853/148 2851/2851/148
f 2852/2852/22 2846/2846/22 2849/2849/22
f 2852/2852/22 2849/2849/22 2853/2853/22
f 2854/2854/153 2855/2855/153 2856/2856/153
f 2854/2854/154 2856/2856/154 2857/2857/154
f 2855/2855/18 2858/2858/18 2859/2859/18
f 2855/2855/18 2859/2859/18 2856/2856/18
f 2858/2858/198 2860/2860/198 2861/2861/198
f 2858/2858/198 2861/2861/198 2859/2859/198
f 2860/2860/160 2854/2854/160 2857/2857/160
f 2860/2860/22 2857/2857/22 2861/2861/22
f 2862/2862/154 2863/2863/154 2864/2864/154
f 2862/2862/153 2864/2864/153 2865/2865/153
f 2863/2863/18 2866/2866/18 2867/2867/18
f 2863/2863/18 2867/2867/18 2864/2864/18
f 2866/2866/148 2868/2868/148 2869/2869/148
f 2866/2866/148 2869/2869/148 2867/2867/148
f 2868/2868/175 2862/2862/175 2865/2865/175
f 2868/2868/22 2865/2865/22 2869/2869/22
f 2870/2870/153 2871/2871/153 2872/2872/153
f 2870/2870/153 2872/2872/153 2873/2873/153
f 2871/2871/18 2874/2874/18 2875/2875/18
f 2871/2871/18 2875/2875/18 2872/2872/18
f 2874/2874/148 2876/2876/148 2877/2877/148
f 2874/2874/198 2877/2877/198 2875/2875/198
f 2876/2876/197 2870/2870/197 2873/2873/197
f 2876/2876/22 2873/2873/22 2877/2877/22
f 2878/2878/153 2879/2879/153 2880/2880/153
f 2878/2878/154 2880/2880/154 2881/2881/154
f 2879/2879/159 2882/2882/159 2883/2883/159
f 2879/2879/18 2883/2883/18 2880/2880/18
f 2882/2882/148 2884/2884/148 2885/2885/148
f 2882/2882/198 2885/2885/198 2883/2883/198
f 2884/2884/22 2878/2878/22 2881/2881/22
f 2884/2884/196 2881/2881/196 2885/2885/196
f 2886/2886/153 2887/2887/153 2888/2888/153
f 2886/2886/153 2888/2888/153 2889/2889/153
f 2887/2887/18 2890/2890/18 2891/2891/18
f 2887/2887/202 2891/2891/202 2888/2888/202
f 2890/2890/148 2892/2892/148 2893/2893/148
f 2890/2890/198 2893/2893/198 2891/2891/198
f 2892/2892/22 2886/2886/22 2889/2889/22
f 2892/2892/22 2889/2889/22 2893/2893/22
f 2894/2894/154 2895/2895/154 2896/2896/154
f 2894/2894/153 2896/2896/153 2897/2897/153
f 2895/2895/159 2898/2898/159 2899/2899/159
f 2895/2895/18 2899/2899/18 2896/2896/18
f 2898/2898/198 2900/2900/198 2901/2901/198
f 2898/2898/148 2901/2901/148 2899/2899/148
f 2900/2900/22 2894/2894/22 2897/2897/22
f 2900/2900/22 2897/2897/22 2901/2901/22
f 2902/2902/5 2903/2903/5 2904/2904/5
f 2902/2902/5 2904/2904/5 2905/2905/5
f 2906/2906/5 2907/2907/5 2908/2908/5
f 2906/2906/5 2908/2908/5 2909/2909/5
f 2910/2910/3 2911/2911/3 2912/2912/3
f 2910/2910/3 2912/2912/3 2913/2913/3
f 2914/2914/3 2915/2915/3 2916/2916/3
f 2914/2914/3 2916/2916/3 2917/2917/3
f 2903/2903/6 2910/2910/6 2913/2913/6
f 2903/2903/6 2913/2913/6 2904/2904/6
f 2915/2915/6 2906/2906/6 2909/2909/6
f 2915/2915/6 2909/2909/6 2916/2916/6
f 2907/2907/4 2914/2914/4 2917/2917/4
f 2907/2907/4 2917/2917/4 2908/2908/4
f 2911/2911/4 2902/2902/4 2905/2905/4
f 2911/2911/4 2905/2905/4 2912/2912/4
f 2918/2918/154 2919/2919/154 2920/2920/154
f 2918/2918/153 2920/2920/153 2921/2921/153
f 2919/2919/18 2922/2922/18 2923/2923/18
f 2919/2919/203 2923/2923/203 2920/2920/203
f 2922/2922/198 2924/2924/198 2925/2925/198
f 2922/2922/198 2925/2925/198 2923/2923/198
f 2924/2924/22 2918/2918/22 2921/2921/22
f 2924/2924/197 2921/2921/197 2925/2925/197
f 2926/2926/154 2927/2927/154 2928/2928/154
f 2926/2926/154 2928/2928/154 2929/2929/154
f 2927/2927/18 2930/2930/18 2931/2931/18
f 2927/2927/162 2931/2931/162 2928/2928/162
f 2930/2930/148 2932/2932/148 2933/2933/148
f 2930/2930/198 2933/2933/198 2931/2931/198
f 2932/2932/160 2926/2926/160 2929/2929/160
f 2932/2932/22 2929/2929/22 2933/2933/22
f 2934/2934/154 2935/2935/154 2936/2936/154
f 2934/2934/153 2936/2936/153 2937/2937/153
f 2935/2935/18 2938/2938/18 2939/2939/18
f 2935/2935/18 2939/2939/18 2936/2936/18
f 2938/2938/148 2940/2940/148 2941/2941/148
f 2938/2938/148 2941/2941/148 2939/2939/148
f 2940/2940/22 2934/2934/22 2937/2937/22
f 2940/2940/197 2937/2937/197 2941/2941/197
f 2942/2942/18 2943/2943/18 2944/2944/18
f 2942/2942/195 2944/2944/195 2945/2945/195
f 2943/2943/148 2946/2946/148 2947/2947/148
f 2943/2943/198 2947/2947/198 2944/2944/198
f 2946/2946/197 2948/2948/197 2949/2949/197
f 2946/2946/160 2949/2949/160 2947/2947/160
f 2948/2948/154 2942/2942/154 2945/2945/154
f 2948/2948/154 2945/2945/154 2949/2949/154
f 2950/2950/167 2951/2951/167 2952/2952/167
f 2950/2950/202 2952/2952/202 2953/2953/202
f 2951/2951/219 2954/2954/219 2955/2955/219
f 2951/2951/219 2955/2955/219 2952/2952/219
f 2954/2954/161 2956/2956/161 2957/2957/161
f 2954/2954/22 2957/2957/22 2955/2955/22
f 2956/2956/220 2950/2950/220 2953/2953/220
f 2956/2956/220 2953/2953/220 2957/2957/220
f 2958/2958/18 2959/2959/18 2960/2960/18
f 2958/2958/162 2960/2960/162 2961/2961/162
f 2959/2959/148 2962/2962/148 2963/2963/148
f 2959/2959/148 2963/2963/148 2960/2960/148
f 2962/2962/197 2964/2964/197 2965/2965/197
f 2962/2962/197 2965/2965/197 2963/2963/197
f 2964/2964/154 2958/2958/154 2961/2961/154
f 2964/2964/153 2961/2961/153 2965/2965/153
f 2966/2966/18 2967/2967/18 2968/2968/18
f 2966/2966/18 2968/2968/18 2969/2969/18
f 2967/2967/148 2970/2970/148 2971/2971/148
f 2967/2967/148 2971/2971/148 2968/2968/148
f 2970/2970/240 2972/2972/240 2973/2973/240
f 2970/2970/160 2973/2973/160 2971/2971/160
f 2972/2972/220 2966/2966/220 2969/2969/220
f 2972/2972/220 2969/2969/220 2973/2973/220
f 2974/2974/18 2975/2975/18 2976/2976/18
f 2974/2974/162 2976/2976/162 2977/2977/162
f 2975/2975/219 2978/2978/219 2979/2979/219
f 2975/2975/219 2979/2979/219 2976/2976/219
f 2978/2978/197 2980/2980/197 2981/2981/197
f 2978/2978/22 2981/2981/22 2979/2979/22
f 2980/2980/220 2974/2974/220 2977/2977/220
f 2980/2980/220 2977/2977/220 2981/2981/220
f 2982/2982/18 2983/2983/18 2984/2984/18
f 2982/2982/195 2984/2984/195 2985/2985/195
f 2983/2983/198 2986/2986/198 2987/2987/198
f 2983/2983/148 2987/2987/148 2984/2984/148
f 2986/2986/197 2988/2988/197 2989/2989/197
f 2986/2986/22 2989/2989/22 2987/2987/22
f 2988/2988/154 2982/2982/154 2985/2985/154
f 2988/2988/154 2985/2985/154 2989/2989/154
f 2990/2990/159 2991/2991/159 2992/2992/159
f 2990/2990/162 2992/2992/162 2993/2993/162
f 2991/2991/219 2994/2994/219 2995/2995/219
f 2991/2991/219 2995/2995/219 2992/2992/219
f 2994/2994/197 2996/2996/197 2997/2997/197
f 2994/2994/22 2997/2997/22 2995/2995/22
f 2996/2996/220 2990/2990/220 2993/2993/220
f 2996/2996/220 2993/2993/220 2997/2997/220
f 2998/2998/2 2999/2999/2 3000/3000/2
f 2998/2998/2 3000/3000/2 3001/3001/2
f 2999/2999/219 3002/3002/219 3003/3003/219
f 2999/2999/219 3003/3003/219 3000/3000/219
f 3002/3002/22 3004/3004/22 3005/3005/22
f 3002/3002/22 3005/3005/22 3003/3003/22
f 3004/3004/153 2998/2998/153 3001/3001/153
f 3004/3004/154 3001/3001/154 3005/3005/154
f 3006/3006/18 3007/3007/18 3008/3008/18
f 3006/3006/162 3008/3008/162 3009/3009/162
f 3007/3007/148 3010/3010/148 3011/3011/148
f 3007/3007/198 3011/3011/198 3008/3008/198
f 3010/3010/160 3012/3012/160 3013/3013/160
f 3010/3010/22 3013/3013/22 3011/3011/22
f 3012/3012/154 3006/3006/154 3009/3009/154
f 3012/3012/154 3009/3009/154 3013/3013/154
f 3014/3014/162 3015/3015/162 3016/3016/162
f 3014/3014/162 3016/3016/162 3017/3017/162
f 3015/3015/219 3018/3018/219 3019/3019/219
f 3015/3015/219 3019/3019/219 3016/3016/219
f 3018/3018/197 3020/3020/197 3021/3021/197
f 3018/3018/22 3021/3021/22 3019/3019/22
f 3020/3020/220 3014/3014/220 3017/3017/220
f 3020/3020/220 3017/3017/220 3021/3021/220
f 3022/3022/18 3023/3023/18 3024/3024/18
f 3022/3022/18 3024/3024/18 3025/3025/18
f 3023/3023/148 3026/3026/148 3027/3027/148
f 3023/3023/148 3027/3027/148 3024/3024/148
f 3026/3026/22 3028/3028/22 3029/3029/22
f 3026/3026/22 3029/3029/22 3027/3027/22
f 3028/3028/154 3022/3022/154 3025/3025/154
f 3028/3028/154 3025/3025/154 3029/3029/154
f 3030/3030/18 3031/3031/18 3032/3032/18
f 3030/3030/18 3032/3032/18 3033/3033/18
f 3031/3031/148 3034/3034/148 3035/3035/148
f 3031/3031/148 3035/3035/148 3032/3032/148
f 3034/3034/197 3036/3036/197 3037/3037/197
f 3034/3034/22 3037/3037/22 3035/3035/22
f 3036/3036/154 3030/3030/154 3033/3033/154
f 3036/3036/153 3033/3033/153 3037/3037/153
f 3038/3038/5 3039/3039/5 3040/3040/5
f 3038/3038/5 3040/3040/5 3041/3041/5
f 3042/3042/3 3043/3043/3 3044/3044/3
f 3042/3042/3 3044/3044/3 3045/3045/3
f 3039/3039/2 3042/3042/2 3045/3045/2
f 3039/3039/206 3045/3045/206 3040/3040/206
f 3043/3043/1 3038/3038/1 3041/3041/1
f 3043/3043/1 3041/3041/1 3044/3044/1
f 3046/3046/6 3047/3047/6 3048/3048/6
f 3046/3046/6 3048/3048/6 3049/3049/6
f 3050/3050/6 3051/3051/6 3052/3052/6
f 3050/3050/6 3052/3052/6 3053/3053/6
f 3054/3054/3 3055/3055/3 3049/3049/3
f 3054/3054/3 3049/3049/3 3048/3048/3
f 3047/3047/3 3046/3046/3 3053/3053/3
f 3047/3047/3 3053/3053/3 3052/3052/3
f 3046/3046/1 3049/3049/1 3055/3055/1
f 3046/3046/1 3055/3055/1 3056/3056/1
f 3046/3046/1 3056/3056/1 3050/3050/1
f 3046/3046/1 3050/3050/1 3053/3053/1
f 3051/3051/5 3050/3050/5 3056/3056/5
f 3051/3051/5 3056/3056/5 184/184/5
f 3047/3047/2 3052/3052/2 3051/3051/2
f 3047/3047/2 3051/3051/2 184/184/2
f 3048/3048/2 3047/3047/2 184/184/2
f 3048/3048/2 184/184/2 3054/3054/2
f 184/184/4 3056/3056/4 3055/3055/4
f 184/184/4 3055/3055/4 3054/3054/4
f 3057/3057/1 3058/3058/1 3059/3059/1
f 3057/3057/1 3059/3059/1 3060/3060/1
f 3061/3061/1 3062/3062/1 3063/3063/1
f 3061/3061/1 3063/3063/1 3064/3064/1
f 3065/3065/3 3066/3066/3 3060/3060/3
f 3065/3065/3 3060/3060/3 3059/3059/3
f 3058/3058/3 3057/3057/3 3064/3064/3
f 3058/3058/3 3064/3064/3 3063/3063/3
f 3057/3057/4 3060/3060/4 3066/3066/4
f 3057/3057/4 3066/3066/4 3067/3067/4
f 3057/3057/19 3067/3067/19 3061/3061/19
f 3057/3057/4 3061/3061/4 3064/3064/4
f 3062/3062/5 3061/3061/5 3067/3067/5
f 3062/3062/5 3067/3067/5 3068/3068/5
f 3058/3058/6 3063/3063/6 3062/3062/6
f 3058/3058/6 3062/3062/6 3068/3068/6
f 3059/3059/6 3058/3058/6 3068/3068/6
f 3059/3059/6 3068/3068/6 3065/3065/6
f 3068/3068/2 3067/3067/2 3066/3066/2
f 3068/3068/2 3066/3066/2 3065/3065/2
f 3069/3069/4 3070/3070/4 3071/3071/4
f 3069/3069/4 3071/3071/4 3072/3072/4
f 3073/3073/4 3074/3074/4 3075/3075/4
f 3073/3073/4 3075/3075/4 3076/3076/4
f 3077/3077/3 3078/3078/3 3072/3072/3
f 3077/3077/3 3072/3072/3 3071/3071/3
f 3070/3070/3 3069/3069/3 3076/3076/3
f 3070/3070/3 3076/3076/3 3075/3075/3
f 3069/3069/2 3072/3072/2 3078/3078/2
f 3069/3069/2 3078/3078/2 3079/3079/2
f 3069/3069/2 3079/3079/2 3073/3073/2
f 3069/3069/2 3073/3073/2 3076/3076/2
f 3074/3074/5 3073/3073/5 3079/3079/5
f 3074/3074/5 3079/3079/5 3080/3080/5
f 3070/3070/1 3075/3075/1 3074/3074/1
f 3070/3070/1 3074/3074/1 3080/3080/1
f 3071/3071/1 3070/3070/1 3080/3080/1
f 3071/3071/1 3080/3080/1 3077/3077/1
f 3080/3080/6 3079/3079/6 3078/3078/6
f 3080/3080/6 3078/3078/6 3077/3077/6
f 3081/3081/6 3082/3082/6 3083/3083/6
f 3081/3081/6 3083/3083/6 3084/3084/6
f 3085/3085/18 3086/3086/18 3082/3082/18
f 3085/3085/18 3082/3082/18 3081/3081/18
f 3087/3087/4 3088/3088/4 3086/3086/4
f 3087/3087/4 3086/3086/4 3085/3085/4
f 3084/3084/1 3083/3083/1 3088/3088/1
f 3084/3084/1 3088/3088/1 3087/3087/1
f 3089/3089/6 3081/3081/6 3084/3084/6
f 3089/3089/6 3084/3084/6 3090/3090/6
f 3091/3091/579 3085/3085/579 3081/3081/579
f 3091/3091/580 3081/3081/580 3089/3089/580
f 3092/3092/156 3087/3087/156 3085/3085/156
f 3092/3092/14 3085/3085/14 3091/3091/14
f 3090/3090/581 3084/3084/581 3087/3087/581
f 3090/3090/582 3087/3087/582 3092/3092/582
f 3093/3093/6 3089/3089/6 3090/3090/6
f 3093/3093/6 3090/3090/6 3094/3094/6
f 3095/3095/18 3091/3091/18 3089/3089/18
f 3095/3095/18 3089/3089/18 3093/3093/18
f 3096/3096/4 3092/3092/4 3091/3091/4
f 3096/3096/4 3091/3091/4 3095/3095/4
f 3094/3094/22 3090/3090/22 3092/3092/22
f 3094/3094/1 3092/3092/1 3096/3096/1
f 3086/3086/3 3088/3088/3 3083/3083/3
f 3086/3086/3 3083/3083/3 3082/3082/3
f 3094/3094/5 3096/3096/5 3095/3095/5
f 3094/3094/5 3095/3095/5 3093/3093/5
f 3097/3097/6 3098/3098/6 3099/3099/6
f 3097/3097/6 3099/3099/6 3100/3100/6
f 3101/3101/18 3102/3102/18 3098/3098/18
f 3101/3101/18 3098/3098/18 3097/3097/18
f 3103/3103/4 3104/3104/4 3102/3102/4
f 3103/3103/4 3102/3102/4 3101/3101/4
f 3100/3100/22 3099/3099/22 3104/3104/22
f 3100/3100/165 3104/3104/165 3103/3103/165
f 3105/3105/11 3097/3097/11 3100/3100/11
f 3105/3105/6 3100/3100/6 3106/3106/6
f 3107/3107/583 3101/3101/583 3097/3097/583
f 3107/3107/584 3097/3097/584 3105/3105/584
f 3108/3108/135 3103/3103/135 3101/3101/135
f 3108/3108/4 3101/3101/4 3107/3107/4
f 3106/3106/585 3100/3100/585 3103/3103/585
f 3106/3106/581 3103/3103/581 3108/3108/581
f 3109/3109/6 3105/3105/6 3106/3106/6
f 3109/3109/6 3106/3106/6 3110/3110/6
f 3111/3111/18 3107/3107/18 3105/3105/18
f 3111/3111/2 3105/3105/2 3109/3109/2
f 3112/3112/4 3108/3108/4 3107/3107/4
f 3112/3112/4 3107/3107/4 3111/3111/4
f 3110/3110/1 3106/3106/1 3108/3108/1
f 3110/3110/1 3108/3108/1 3112/3112/1
f 3102/3102/3 3104/3104/3 3099/3099/3
f 3102/3102/3 3099/3099/3 3098/3098/3
f 3110/3110/5 3112/3112/5 3111/3111/5
f 3110/3110/5 3111/3111/5 3109/3109/5
f 3113/3113/1 3114/3114/1 3115/3115/1
f 3113/3113/22 3115/3115/22 3116/3116/22
f 3117/3117/25 3118/3118/25 3114/3114/25
f 3117/3117/25 3114/3114/25 3113/3113/25
f 3119/3119/162 3120/3120/162 3118/3118/162
f 3119/3119/18 3118/3118/18 3117/3117/18
f 3116/3116/24 3115/3115/24 3120/3120/24
f 3116/3116/24 3120/3120/24 3119/3119/24
f 3121/3121/1 3113/3113/1 3116/3116/1
f 3121/3121/1 3116/3116/1 3122/3122/1
f 3123/3123/586 3117/3117/586 3113/3113/586
f 3123/3123/586 3113/3113/586 3121/3121/586
f 3124/3124/2 3119/3119/2 3117/3117/2
f 3124/3124/2 3117/3117/2 3123/3123/2
f 3122/3122/587 3116/3116/587 3119/3119/587
f 3122/3122/588 3119/3119/588 3124/3124/588
f 3125/3125/1 3121/3121/1 3122/3122/1
f 3125/3125/1 3122/3122/1 3126/3126/1
f 3127/3127/25 3123/3123/25 3121/3121/25
f 3127/3127/25 3121/3121/25 3125/3125/25
f 3128/3128/18 3124/3124/18 3123/3123/18
f 3128/3128/2 3123/3123/2 3127/3127/2
f 3126/3126/130 3122/3122/130 3124/3124/130
f 3126/3126/130 3124/3124/130 3128/3128/130
f 3118/3118/3 3120/3120/3 3115/3115/3
f 3118/3118/3 3115/3115/3 3114/3114/3
f 3126/3126/5 3128/3128/5 3127/3127/5
f 3126/3126/5 3127/3127/5 3125/3125/5
f 3129/3129/1 3130/3130/1 3131/3131/1
f 3129/3129/1 3131/3131/1 3132/3132/1
f 3133/3133/7 3134/3134/7 3130/3130/7
f 3133/3133/6 3130/3130/6 3129/3129/6
f 3135/3135/2 3136/3136/2 3134/3134/2
f 3135/3135/18 3134/3134/18 3133/3133/18
f 3132/3132/130 3131/3131/130 3136/3136/130
f 3132/3132/130 3136/3136/130 3135/3135/130
f 3137/3137/1 3129/3129/1 3132/3132/1
f 3137/3137/22 3132/3132/22 3138/3138/22
f 3139/3139/589 3133/3133/589 3129/3129/589
f 3139/3139/586 3129/3129/586 3137/3137/586
f 3140/3140/2 3135/3135/2 3133/3133/2
f 3140/3140/18 3133/3133/18 3139/3139/18
f 3138/3138/588 3132/3132/588 3135/3135/588
f 3138/3138/587 3135/3135/587 3140/3140/587
f 3141/3141/1 3137/3137/1 3138/3138/1
f 3141/3141/1 3138/3138/1 3142/3142/1
f 3143/3143/6 3139/3139/6 3137/3137/6
f 3143/3143/7 3137/3137/7 3141/3141/7
f 3144/3144/2 3140/3140/2 3139/3139/2
f 3144/3144/2 3139/3139/2 3143/3143/2
f 3142/3142/4 3138/3138/4 3140/3140/4
f 3142/3142/24 3140/3140/24 3144/3144/24
f 3134/3134/3 3136/3136/3 3131/3131/3
f 3134/3134/3 3131/3131/3 3130/3130/3
f 3142/3142/5 3144/3144/5 3143/3143/5
f 3142/3142/5 3143/3143/5 3141/3141/5
f 3145/3145/4 3146/3146/4 3147/3147/4
f 3145/3145/4 3147/3147/4 3148/3148/4
f 3149/3149/1 3150/3150/1 3146/3146/1
f 3149/3149/1 3146/3146/1 3145/3145/1
f 3151/3151/590 3152/3152/590 3150/3150/590
f 3151/3151/590 3150/3150/590 3149/3149/590
f 3148/3148/158 3147/3147/158 3152/3152/158
f 3148/3148/162 3152/3152/162 3151/3151/162
f 3153/3153/135 3145/3145/135 3148/3148/135
f 3153/3153/156 3148/3148/156 3154/3154/156
f 3155/3155/591 3149/3149/591 3145/3145/591
f 3155/3155/592 3145/3145/592 3153/3153/592
f 3156/3156/593 3151/3151/593 3149/3149/593
f 3156/3156/9 3149/3149/9 3155/3155/9
f 3154/3154/594 3148/3148/594 3151/3151/594
f 3154/3154/595 3151/3151/595 3156/3156/595
f 3157/3157/4 3153/3153/4 3154/3154/4
f 3157/3157/4 3154/3154/4 3158/3158/4
f 3159/3159/1 3155/3155/1 3153/3153/1
f 3159/3159/22 3153/3153/22 3157/3157/22
f 3160/3160/6 3156/3156/6 3155/3155/6
f 3160/3160/6 3155/3155/6 3159/3159/6
f 3158/3158/162 3154/3154/162 3156/3156/162
f 3158/3158/2 3156/3156/2 3160/3160/2
f 3150/3150/3 3152/3152/3 3147/3147/3
f 3150/3150/3 3147/3147/3 3146/3146/3
f 3158/3158/5 3160/3160/5 3159/3159/5
f 3158/3158/5 3159/3159/5 3157/3157/5
f 3161/3161/4 3162/3162/4 3163/3163/4
f 3161/3161/4 3163/3163/4 3164/3164/4
f 3165/3165/1 3166/3166/1 3162/3162/1
f 3165/3165/1 3162/3162/1 3161/3161/1
f 3167/3167/6 3168/3168/6 3166/3166/6
f 3167/3167/6 3166/3166/6 3165/3165/6
f 3164/3164/18 3163/3163/18 3168/3168/18
f 3164/3164/162 3168/3168/162 3167/3167/162
f 3169/3169/19 3161/3161/19 3164/3164/19
f 3169/3169/214 3164/3164/214 3170/3170/214
f 3171/3171/596 3165/3165/596 3161/3161/596
f 3171/3171/592 3161/3161/592 3169/3169/592
f 3172/3172/249 3167/3167/249 3165/3165/249
f 3172/3172/6 3165/3165/6 3171/3171/6
f 3170/3170/597 3164/3164/597 3167/3167/597
f 3170/3170/598 3167/3167/598 3172/3172/598
f 3173/3173/213 3169/3169/213 3170/3170/213
f 3173/3173/213 3170/3170/213 3174/3174/213
f 3175/3175/22 3171/3171/22 3169/3169/22
f 3175/3175/22 3169/3169/22 3173/3173/22
f 3176/3176/6 3172/3172/6 3171/3171/6
f 3176/3176/6 3171/3171/6 3175/3175/6
f 3174/3174/2 3170/3170/2 3172/3172/2
f 3174/3174/18 3172/3172/18 3176/3176/18
f 3166/3166/3 3168/3168/3 3163/3163/3
f 3166/3166/3 3163/3163/3 3162/3162/3
f 3174/3174/5 3176/3176/5 3175/3175/5
f 3174/3174/5 3175/3175/5 3173/3173/5
f 3177/3177/22 3178/3178/22 3179/3179/22
f 3177/3177/1 3179/3179/1 3180/3180/1
f 3181/3181/6 3182/3182/6 3178/3178/6
f 3181/3181/6 3178/3178/6 3177/3177/6
f 3183/3183/2 3184/3184/2 3182/3182/2
f 3183/3183/18 3182/3182/18 3181/3181/18
f 3180/3180/4 3179/3179/4 3184/3184/4
f 3180/3180/4 3184/3184/4 3183/3183/4
f 3180/3180/5 3183/3183/5 3181/3181/5
f 3180/3180/5 3181/3181/5 3177/3177/5
f 3185/3185/18 3186/3186/18 3187/3187/18
f 3185/3185/162 3187/3187/162 3188/3188/162
f 3189/3189/24 3190/3190/24 3186/3186/24
f 3189/3189/24 3186/3186/24 3185/3185/24
f 3191/3191/1 3192/3192/1 3190/3190/1
f 3191/3191/1 3190/3190/1 3189/3189/1
f 3188/3188/7 3187/3187/7 3192/3192/7
f 3188/3188/7 3192/3192/7 3191/3191/7
f 3193/3193/18 3185/3185/18 3188/3188/18
f 3193/3193/2 3188/3188/2 3194/3194/2
f 3195/3195/599 3189/3189/599 3185/3185/599
f 3195/3195/600 3185/3185/600 3193/3193/600
f 3196/3196/1 3191/3191/1 3189/3189/1
f 3196/3196/204 3189/3189/204 3195/3195/204
f 3194/3194/601 3188/3188/601 3191/3191/601
f 3194/3194/601 3191/3191/601 3196/3196/601
f 3197/3197/2 3193/3193/2 3194/3194/2
f 3197/3197/18 3194/3194/18 3198/3198/18
f 3199/3199/602 3195/3195/602 3193/3193/602
f 3199/3199/602 3193/3193/602 3197/3197/602
f 3200/3200/197 3196/3196/197 3195/3195/197
f 3200/3200/22 3195/3195/22 3199/3199/22
f 3198/3198/7 3194/3194/7 3196/3196/7
f 3198/3198/7 3196/3196/7 3200/3200/7
f 3190/3190/3 3192/3192/3 3187/3187/3
f 3190/3190/3 3187/3187/3 3186/3186/3
f 3198/3198/5 3200/3200/5 3199/3199/5
f 3198/3198/5 3199/3199/5 3197/3197/5
f 3201/3201/2 3202/3202/2 3203/3203/2
f 3201/3201/2 3203/3203/2 3204/3204/2
f 3205/3205/602 3206/3206/602 3202/3202/602
f 3205/3205/602 3202/3202/602 3201/3201/602
f 3207/3207/22 3208/3208/22 3206/3206/22
f 3207/3207/197 3206/3206/197 3205/3205/197
f 3204/3204/7 3203/3203/7 3208/3208/7
f 3204/3204/7 3208/3208/7 3207/3207/7
f 3209/3209/2 3201/3201/2 3204/3204/2
f 3209/3209/2 3204/3204/2 3210/3210/2
f 3211/3211/603 3205/3205/603 3201/3201/603
f 3211/3211/599 3201/3201/599 3209/3209/599
f 3212/3212/1 3207/3207/1 3205/3205/1
f 3212/3212/1 3205/3205/1 3211/3211/1
f 3210/3210/601 3204/3204/601 3207/3207/601
f 3210/3210/604 3207/3207/604 3212/3212/604
f 3213/3213/2 3209/3209/2 3210/3210/2
f 3213/3213/2 3210/3210/2 3214/3214/2
f 3215/3215/24 3211/3211/24 3209/3209/24
f 3215/3215/24 3209/3209/24 3213/3213/24
f 3216/3216/1 3212/3212/1 3211/3211/1
f 3216/3216/1 3211/3211/1 3215/3215/1
f 3214/3214/183 3210/3210/183 3212/3212/183
f 3214/3214/183 3212/3212/183 3216/3216/183
f 3206/3206/3 3208/3208/3 3203/3203/3
f 3206/3206/3 3203/3203/3 3202/3202/3
f 3214/3214/5 3216/3216/5 3215/3215/5
f 3214/3214/5 3215/3215/5 3213/3213/5
f 3217/3217/1 3218/3218/1 3219/3219/1
f 3217/3217/1 3219/3219/1 3220/3220/1
f 3221/3221/7 3222/3222/7 3218/3218/7
f 3221/3221/7 3218/3218/7 3217/3217/7
f 3223/3223/2 3224/3224/2 3222/3222/2
f 3223/3223/18 3222/3222/18 3221/3221/18
f 3220/3220/4 3219/3219/4 3224/3224/4
f 3220/3220/4 3224/3224/4 3223/3223/4
f 3220/3220/5 3223/3223/5 3221/3221/5
f 3220/3220/5 3221/3221/5 3217/3217/5
f 3225/3225/1 3226/3226/1 3227/3227/1
f 3225/3225/22 3227/3227/22 3228/3228/22
f 3229/3229/7 3230/3230/7 3226/3226/7
f 3229/3229/7 3226/3226/7 3225/3225/7
f 3231/3231/162 3232/3232/162 3230/3230/162
f 3231/3231/18 3230/3230/18 3229/3229/18
f 3228/3228/602 3227/3227/602 3232/3232/602
f 3228/3228/602 3232/3232/602 3231/3231/602
f 3228/3228/5 3231/3231/5 3229/3229/5
f 3228/3228/5 3229/3229/5 3225/3225/5
f 3233/3233/22 3234/3234/22 3235/3235/22
f 3233/3233/1 3235/3235/1 3236/3236/1
f 3237/3237/183 3238/3238/183 3234/3234/183
f 3237/3237/183 3234/3234/183 3233/3233/183
f 3239/3239/18 3240/3240/18 3238/3238/18
f 3239/3239/2 3238/3238/2 3237/3237/2
f 3236/3236/24 3235/3235/24 3240/3240/24
f 3236/3236/24 3240/3240/24 3239/3239/24
f 3236/3236/5 3239/3239/5 3237/3237/5
f 3236/3236/5 3237/3237/5 3233/3233/5
f 3241/3241/22 3242/3242/22 3243/3243/22
f 3241/3241/1 3243/3243/1 3244/3244/1
f 3245/3245/183 3246/3246/183 3242/3242/183
f 3245/3245/183 3242/3242/183 3241/3241/183
f 3247/3247/18 3248/3248/18 3246/3246/18
f 3247/3247/162 3246/3246/162 3245/3245/162
f 3244/3244/24 3243/3243/24 3248/3248/24
f 3244/3244/24 3248/3248/24 3247/3247/24
f 3244/3244/5 3247/3247/5 3245/3245/5
f 3244/3244/5 3245/3245/5 3241/3241/5
f 3249/3249/6 3250/3250/6 3251/3251/6
f 3249/3249/6 3251/3251/6 3252/3252/6
f 3253/3253/2 3254/3254/2 3250/3250/2
f 3253/3253/18 3250/3250/18 3249/3249/18
f 3255/3255/4 3256/3256/4 3254/3254/4
f 3255/3255/4 3254/3254/4 3253/3253/4
f 3252/3252/1 3251/3251/1 3256/3256/1
f 3252/3252/1 3256/3256/1 3255/3255/1
f 3257/3257/12 3249/3249/12 3252/3252/12
f 3257/3257/6 3252/3252/6 3258/3258/6
f 3259/3259/605 3253/3253/605 3249/3249/605
f 3259/3259/606 3249/3249/606 3257/3257/606
f 3260/3260/247 3255/3255/247 3253/3253/247
f 3260/3260/236 3253/3253/236 3259/3259/236
f 3258/3258/607 3252/3252/607 3255/3255/607
f 3258/3258/608 3255/3255/608 3260/3260/608
f 3261/3261/6 3257/3257/6 3258/3258/6
f 3261/3261/6 3258/3258/6 3262/3262/6
f 3263/3263/2 3259/3259/2 3257/3257/2
f 3263/3263/18 3257/3257/18 3261/3261/18
f 3264/3264/4 3260/3260/4 3259/3259/4
f 3264/3264/4 3259/3259/4 3263/3263/4
f 3262/3262/22 3258/3258/22 3260/3260/22
f 3262/3262/197 3260/3260/197 3264/3264/197
f 3254/3254/3 3256/3256/3 3251/3251/3
f 3254/3254/3 3251/3251/3 3250/3250/3
f 3262/3262/5 3264/3264/5 3263/3263/5
f 3262/3262/5 3263/3263/5 3261/3261/5
