# Blender v2.93.0 OBJ File: ''
# www.blender.org
mtllib b_008_pre.mtl
o building_009.056
v -258.301361 2.951324 -49.672283
v -256.748657 2.951324 -49.846447
v -256.748657 5.902155 -49.846447
v -258.301361 5.902155 -49.672283
v -262.451904 5.533303 -49.206730
v -262.451904 3.934935 -49.206730
v -261.637970 3.934935 -49.298027
v -261.637970 5.533302 -49.298027
v -264.079773 2.951325 -49.024136
v -260.010101 2.951324 -49.480621
v -260.824036 3.934935 -49.389324
v -263.265839 3.934935 -49.115433
v -260.010101 5.902156 -49.480621
v -264.079773 5.902156 -49.024136
v -263.265839 5.533303 -49.115433
v -260.824036 5.533302 -49.389324
v -256.934479 5.902155 -49.997597
v -256.934479 2.951324 -49.997597
v -258.320404 2.951324 -49.842136
v -258.320404 5.902155 -49.842136
v -261.657013 3.934935 -49.467880
v -262.470947 3.934935 -49.376583
v -262.470947 5.533303 -49.376583
v -261.657013 5.533302 -49.467880
v -260.843079 3.934935 -49.559177
v -260.029144 2.951324 -49.650475
v -263.933441 2.951325 -49.212540
v -263.284882 3.934935 -49.285286
v -263.284882 5.533303 -49.285286
v -263.933441 5.902156 -49.212540
v -260.029144 5.902156 -49.650475
v -260.843079 5.533302 -49.559177
v -257.058319 3.934937 -52.607193
v -257.058319 5.533303 -52.607193
v -256.992096 5.533303 -52.016781
v -256.992096 3.934937 -52.016781
v -257.570984 5.902159 -57.177547
v -256.879120 5.533301 -51.009590
v -257.156525 5.533303 -53.482616
v -257.570984 2.951326 -57.177547
v -257.156525 3.934937 -53.482616
v -256.879120 3.934935 -51.009590
v -257.244751 2.951326 -54.269131
v -257.158875 5.533303 -51.998077
v -257.225098 5.533303 -52.588490
v -257.225098 3.934937 -52.588490
v -257.158875 3.934937 -51.998077
v -257.045898 5.533301 -50.990887
v -257.719177 5.902157 -56.993462
v -257.323273 5.533303 -53.463913
v -257.323273 3.934937 -53.463913
v -257.719177 2.951326 -56.993462
v -257.411499 2.951326 -54.250427
v -257.045898 3.934935 -50.990887
v -264.463196 4.795596 -52.442459
v -264.463196 5.533305 -52.442459
v -264.707733 5.533305 -54.622520
v -264.707733 3.934937 -54.622520
v -264.902069 5.902158 -56.355236
v -264.802887 5.533305 -55.470818
v -264.189728 5.533303 -50.004471
v -264.902069 2.951327 -56.355236
v -264.189728 4.795594 -50.004471
v -264.802887 3.934937 -55.470818
v -264.542328 5.533305 -54.641071
v -264.297821 5.533305 -52.461010
v -264.297821 4.795596 -52.461010
v -264.542328 3.934937 -54.641071
v -264.637482 5.533305 -55.489368
v -264.718140 5.902158 -56.208405
v -264.024353 5.533303 -50.023022
v -264.024353 4.795594 -50.023022
v -264.718140 2.951327 -56.208405
v -264.637482 3.934937 -55.489368
v -262.219940 4.426742 -56.656082
v -262.219940 5.533304 -56.656082
v -260.503418 5.533304 -56.848625
v -260.503418 3.934937 -56.848625
v -259.037201 5.533304 -57.013084
v -263.185547 5.533305 -56.547775
v -263.185547 4.426742 -56.547775
v -259.037201 3.934937 -57.013084
v -260.484863 5.533304 -56.683243
v -262.201416 5.533304 -56.490700
v -262.201416 4.426742 -56.490700
v -260.484863 3.934937 -56.683243
v -259.018646 5.533304 -56.847702
v -263.166992 5.533305 -56.382393
v -263.166992 4.426742 -56.382393
v -259.018646 3.934937 -56.847702
v -256.271881 6.146367 -49.496094
v -257.183685 6.146369 -57.624825
v -257.228088 6.185626 -57.422489
v -256.360016 6.185622 -49.683559
v -260.792145 8.407300 -53.104568
v -260.663513 8.340521 -53.118996
v -265.312408 6.146370 -56.713043
v -260.806580 8.340521 -53.233204
v -265.110077 6.185626 -56.668636
v -257.371155 6.185626 -57.536694
v -264.400635 6.146368 -48.584312
v -260.920776 8.340521 -53.090141
v -264.356232 6.185624 -48.786648
v -265.224274 6.185626 -56.525578
v -264.213165 6.185624 -48.672443
v -260.777710 8.340521 -52.975937
v -256.474243 6.185622 -49.540501
v -257.244446 6.155869 -57.420654
v -257.191406 6.114702 -57.615143
v -256.281586 6.114698 -49.503826
v -256.376404 6.155865 -49.681725
v -260.679871 8.310766 -53.117161
v -260.792145 8.373287 -53.104568
v -260.804749 8.310766 -53.216835
v -265.302734 6.114701 -56.705315
v -265.108246 6.155868 -56.652271
v -257.369324 6.155869 -57.520329
v -260.904419 8.310766 -53.091976
v -264.392883 6.114699 -48.593998
v -264.339844 6.155866 -48.788483
v -265.207916 6.155868 -56.527412
v -264.214996 6.155866 -48.688808
v -260.779572 8.310766 -52.992298
v -256.476074 6.155865 -49.556866
v -256.281586 5.902192 -49.503826
v -257.191406 5.902194 -57.615143
v -265.302734 5.902196 -56.705315
v -264.392883 5.902194 -48.593998
v -256.122101 6.037497 -49.376518
v -257.064087 6.037499 -57.774616
v -257.064087 6.114702 -57.774616
v -256.122101 6.114698 -49.376518
v -265.462189 6.037504 -56.832623
v -265.462189 6.114701 -56.832623
v -264.520203 6.037502 -48.434525
v -264.520203 6.114699 -48.434525
v -257.191406 6.114702 -57.615143
v -257.191406 5.992269 -57.615143
v -256.281586 5.992265 -49.503822
v -265.302734 5.992269 -56.705318
v -264.392883 5.992267 -48.593998
v -257.074066 6.003578 -57.762115
v -256.134613 6.003574 -49.386497
v -265.449707 6.003578 -56.822639
v -264.510223 6.003576 -48.447021
v -257.104004 5.992269 -57.724621
v -256.172089 5.992265 -49.416424
v -265.412201 5.992269 -56.792717
v -264.480286 5.992267 -48.484520
v -256.376404 6.155868 -49.681725
v -257.244446 6.155870 -57.420654
v -265.108246 6.155872 -56.652271
v -257.369324 6.155870 -57.520329
v -264.339844 6.155870 -48.788483
v -265.207916 6.155872 -56.527412
v -264.214996 6.155870 -48.688808
v -256.476074 6.155868 -49.556866
v -260.061981 7.746426 -48.773232
v -260.173279 7.746426 -49.765537
v -260.173279 0.000493 -49.765537
v -260.061981 0.000493 -48.773232
v -258.094055 7.746424 -48.993969
v -258.094055 0.000493 -48.993969
v -258.205353 0.000493 -49.986275
v -258.205353 7.746424 -49.986275
v -260.029144 0.000493 -49.650475
v -260.029144 7.746426 -49.650475
v -259.946899 7.746426 -48.917362
v -259.946899 0.000493 -48.917362
v -258.320404 0.000493 -49.842136
v -258.238190 0.000493 -49.109024
v -258.238190 7.746424 -49.109028
v -258.320404 7.746424 -49.842140
v -260.173279 7.807902 -49.765537
v -260.061981 7.807902 -48.773232
v -259.946899 7.807902 -48.917362
v -260.029144 7.807902 -49.650475
v -258.094055 7.807900 -48.993969
v -258.238190 7.807900 -49.109028
v -258.205353 7.807900 -49.986275
v -258.320404 7.807900 -49.842140
v -266.966614 -0.552785 -56.123661
v -254.786530 -0.552786 -57.489872
v -255.192444 -0.552786 -54.499332
v -254.450668 -0.552788 -47.886353
v -265.898621 -0.552787 -46.602264
v -254.460297 -0.552786 -54.581455
v -255.192444 0.000494 -54.499332
v -254.786530 0.000494 -57.489872
v -266.966614 0.000497 -56.123661
v -254.450668 0.000492 -47.886353
v -265.898621 0.000495 -46.602264
v -254.460297 0.000494 -54.581455
v -257.406860 4.400910 -55.714394
v -257.621857 2.585238 -57.631199
v -254.522095 2.585240 -57.978889
v -254.307098 4.400910 -56.062088
v -257.195618 2.582506 -53.831028
v -254.095840 2.582506 -54.178722
v -254.073502 2.638808 -53.979542
v -254.071793 2.673388 -53.964226
v -257.171539 2.673388 -53.616531
v -257.173248 2.638808 -53.631847
v -257.644196 2.638808 -57.830383
v -257.645935 2.673388 -57.845695
v -254.546158 2.673388 -58.193390
v -254.544449 2.638808 -58.178070
v -254.078659 2.627282 -54.025490
v -257.178406 2.627282 -53.677795
v -257.639038 2.627282 -57.784431
v -254.539291 2.627284 -58.132126
v -254.522095 2.765208 -57.978889
v -254.307098 4.573229 -56.062088
v -257.621857 2.765208 -57.631199
v -257.406860 4.573229 -55.714394
v -254.095840 2.765208 -54.178722
v -257.195618 2.765208 -53.831028
v -254.786530 2.588041 -57.489872
v -254.837524 2.586040 -57.944481
v -254.786530 3.015789 -57.489872
v -257.570984 3.015790 -57.177547
v -257.621979 2.586041 -57.632153
v -257.570984 2.588042 -57.177547
v -254.460297 2.582506 -54.581455
v -254.460297 3.005270 -54.581455
v -254.411240 2.582506 -54.144081
v -257.244751 3.005271 -54.269131
v -257.244751 2.582506 -54.269131
v -257.195679 2.582506 -53.831757
v -257.195618 2.759559 -53.831028
v -254.095840 2.759559 -54.178722
v -254.095840 2.627282 -54.178722
v -257.195618 2.627282 -53.831028
v -254.071793 2.759559 -53.964226
v -257.171539 2.759559 -53.616531
v -257.645935 2.759561 -57.845695
v -254.546158 2.759561 -58.193390
v -254.522095 2.627284 -57.978889
v -254.522095 2.759561 -57.978889
v -257.621857 2.759559 -57.631199
v -257.621857 2.627282 -57.631199
v -257.093597 0.000495 -52.921497
v -257.093597 2.582472 -52.921497
v -256.956635 2.398043 -51.700455
v -256.956635 0.738201 -51.700455
v -256.847870 2.398043 -50.730980
v -257.216919 2.582472 -54.021164
v -256.847870 0.738201 -50.730980
v -256.748657 0.000493 -49.846447
v -257.216919 0.000495 -54.021164
v -257.244751 0.000495 -54.269131
v -257.122009 2.398043 -51.681904
v -257.258972 2.582472 -52.902946
v -257.258972 0.000495 -52.902946
v -257.122009 0.738201 -51.681904
v -257.013275 2.398043 -50.712429
v -256.933105 2.951324 -49.997749
v -257.424652 2.951326 -54.380177
v -257.382324 2.582472 -54.002613
v -256.933105 0.000493 -49.997749
v -257.013275 0.738201 -50.712429
v -257.382324 0.000495 -54.002613
v -257.424652 0.000495 -54.380177
v -258.301361 0.000493 -49.672283
v -262.032227 0.922630 -56.677143
v -262.032227 2.582473 -56.677143
v -258.198181 2.398045 -57.107193
v -258.198181 0.738203 -57.107193
v -254.786530 2.951326 -57.489872
v -256.731964 2.398045 -57.271656
v -263.077789 2.582473 -56.559860
v -264.902069 0.000496 -56.355236
v -263.077789 0.922630 -56.559860
v -256.731964 0.738203 -57.271656
v -258.179657 2.398045 -56.941811
v -262.013672 2.582473 -56.511761
v -262.013672 0.922630 -56.511761
v -258.179657 0.738203 -56.941811
v -256.713440 2.398045 -57.106274
v -254.924408 2.951326 -57.306946
v -263.059265 2.582473 -56.394478
v -263.059265 0.922630 -56.394478
v -264.718140 0.000496 -56.208405
v -254.924408 0.000494 -57.306942
v -256.713440 0.738203 -57.106274
v -262.296356 2.582471 -49.224174
v -262.296356 0.922628 -49.224174
v -261.637970 0.000494 -49.298027
v -261.637970 2.582471 -49.298027
v -263.265839 0.922628 -49.115433
v -264.079773 0.000494 -49.024136
v -263.265839 2.582471 -49.115433
v -260.538300 2.582471 -49.421375
v -260.538300 0.000493 -49.421375
v -260.010101 0.000493 -49.480621
v -261.657013 0.000494 -49.467880
v -262.315399 0.922628 -49.394028
v -262.315399 2.582471 -49.394028
v -261.657013 2.582471 -49.467880
v -263.933441 0.000494 -49.212540
v -263.284882 0.922628 -49.285286
v -263.284882 2.582471 -49.285286
v -260.557343 2.582471 -49.591228
v -260.557343 0.000493 -49.591228
v -264.493988 0.000496 -52.717140
v -264.493988 2.582474 -52.717140
v -264.618195 2.582474 -53.824406
v -264.618195 0.922630 -53.824406
v -264.782654 2.582474 -55.290627
v -264.178772 2.582472 -49.906879
v -264.782654 0.922630 -55.290627
v -264.178772 0.000494 -49.906879
v -264.452820 2.582474 -53.842957
v -264.328613 2.582474 -52.735691
v -264.328613 0.000496 -52.735691
v -264.452820 0.922630 -53.842957
v -264.617279 2.582474 -55.309177
v -264.013397 2.582472 -49.925430
v -264.617279 0.922630 -55.309177
v -264.013397 0.000494 -49.925430
v -257.244751 3.015792 -54.269131
v -254.460297 3.015792 -54.581455
v -254.631271 0.000494 -54.693504
v -257.424683 3.015792 -54.380177
v -254.631271 3.015792 -54.693504
v -254.622406 4.400910 -56.026718
v -254.569046 2.582471 -55.550930
v -254.786530 3.015792 -57.489872
v -254.677780 2.582471 -56.520401
v -254.677780 0.922629 -56.520401
v -254.569046 0.922629 -55.550930
v -254.725479 2.582471 -55.533386
v -254.778839 4.400910 -56.009171
v -254.924408 3.015792 -57.306946
v -254.834213 2.582471 -56.502853
v -254.725479 0.922629 -55.533382
v -254.834229 0.922629 -56.502853
v -254.572464 0.953367 -55.581474
v -254.572464 2.551734 -55.581474
v -254.674362 0.953367 -56.489853
v -254.674362 2.551734 -56.489853
v -254.728897 2.551734 -55.563927
v -254.728897 0.953367 -55.563927
v -254.830795 0.953367 -56.472305
v -254.830795 2.551734 -56.472305
v -254.633057 0.984105 -55.605614
v -254.633057 1.675568 -55.605614
v -254.629623 1.706305 -55.575066
v -254.629623 0.953367 -55.575066
v -254.728088 0.984105 -56.452900
v -254.731522 0.953367 -56.483444
v -254.728088 1.675568 -56.452900
v -254.731522 1.706305 -56.483444
v -254.660172 1.706305 -55.571636
v -254.663605 1.675568 -55.602184
v -254.663605 0.984105 -55.602184
v -254.660172 0.953367 -55.571636
v -254.758636 0.984105 -56.449471
v -254.762070 0.953367 -56.480015
v -254.758636 1.675568 -56.449471
v -254.762070 1.706305 -56.480015
v -254.663605 1.737043 -55.602184
v -254.663605 2.520995 -55.602184
v -254.660172 2.551734 -55.571636
v -254.758636 1.737043 -56.449471
v -254.758636 2.520995 -56.449471
v -254.762070 2.551734 -56.480015
v -254.690720 2.551734 -55.568211
v -254.694153 2.520995 -55.598759
v -254.694153 1.737043 -55.598759
v -254.690720 1.706305 -55.568211
v -254.789185 1.737043 -56.446045
v -254.792603 1.706305 -56.476589
v -254.789185 2.520995 -56.446045
v -254.792603 2.551734 -56.476589
v -254.737747 1.675568 -56.451817
v -254.642700 1.675568 -55.604530
v -254.642700 0.984105 -55.604530
v -254.737747 0.984105 -56.451817
v -254.650345 0.984105 -55.603672
v -254.650345 1.675568 -55.603672
v -254.745377 1.675568 -56.450958
v -254.745377 0.984105 -56.450958
v -254.768295 2.520995 -56.448391
v -254.673248 2.520995 -55.601105
v -254.673248 1.737043 -55.601105
v -254.768295 1.737043 -56.448391
v -254.680893 1.737043 -55.600246
v -254.680893 2.520995 -55.600246
v -254.775925 2.520995 -56.447533
v -254.775925 1.737043 -56.447533
v -256.851318 0.768938 -50.761528
v -256.851318 2.367306 -50.761528
v -256.953186 0.768938 -51.669907
v -256.953186 2.367306 -51.669907
v -257.016693 2.367306 -50.742977
v -257.016693 0.768938 -50.742977
v -257.118591 0.768938 -51.651356
v -257.122009 0.738201 -51.681904
v -257.118591 2.367306 -51.651356
v -256.911896 0.799676 -50.785660
v -256.911896 1.491139 -50.785660
v -256.908478 1.521877 -50.755116
v -256.908478 0.768938 -50.755116
v -257.006927 0.799676 -51.632950
v -257.010345 0.768938 -51.663494
v -257.006927 1.491139 -51.632950
v -257.010345 1.521877 -51.663494
v -256.939026 1.521877 -50.751690
v -256.942444 1.491139 -50.782234
v -256.942444 0.799676 -50.782234
v -256.939026 0.768938 -50.751690
v -257.037476 0.799676 -51.629524
v -257.040894 0.768938 -51.660069
v -257.037476 1.491139 -51.629524
v -257.040894 1.521877 -51.660069
v -256.942444 1.552615 -50.782234
v -256.942444 2.336567 -50.782234
v -256.939026 2.367306 -50.751690
v -257.037476 1.552616 -51.629524
v -257.037476 2.336567 -51.629524
v -257.040894 2.367306 -51.660069
v -256.969574 2.367306 -50.748264
v -256.972992 2.336567 -50.778809
v -256.972992 1.552615 -50.778809
v -256.969574 1.521877 -50.748264
v -257.068024 1.552616 -51.626099
v -257.071442 1.521877 -51.656643
v -257.068024 2.336567 -51.626099
v -257.071442 2.367306 -51.656643
v -257.016571 1.491139 -51.631870
v -256.921539 1.491139 -50.784580
v -256.921539 0.799676 -50.784580
v -257.016602 0.799676 -51.631870
v -256.929199 0.799676 -50.783722
v -256.929199 1.491139 -50.783722
v -257.024231 1.491139 -51.631012
v -257.024231 0.799676 -51.631012
v -257.047119 2.336567 -51.628441
v -256.952087 2.336567 -50.781151
v -256.952087 1.552615 -50.781151
v -257.047119 1.552616 -51.628441
v -256.959717 1.552615 -50.780296
v -256.959717 2.336567 -50.780296
v -257.054779 2.336567 -51.627586
v -257.054779 1.552616 -51.627586
v -257.257599 1.386491 -53.769157
v -257.189087 1.386491 -53.158230
v -257.189087 1.196476 -53.158230
v -257.257599 1.196476 -53.769157
v -257.168518 2.520996 -52.974953
v -257.168518 0.020293 -52.974953
v -257.189087 0.246397 -53.158230
v -257.189087 0.436412 -53.158230
v -257.189087 0.626428 -53.158230
v -257.189087 0.816446 -53.158230
v -257.189087 1.006461 -53.158230
v -257.189087 1.576506 -53.158230
v -257.189087 1.766521 -53.158230
v -257.189087 1.956539 -53.158230
v -257.189087 2.146554 -53.158230
v -257.189087 2.336569 -53.158230
v -257.257599 0.246397 -53.769157
v -257.278168 0.020293 -53.952435
v -257.278168 2.520996 -53.952435
v -257.257599 2.336569 -53.769157
v -257.257599 2.146554 -53.769157
v -257.257599 1.956539 -53.769157
v -257.257599 1.766521 -53.769157
v -257.257599 1.576506 -53.769157
v -257.257599 1.006461 -53.769157
v -257.257599 0.816446 -53.769157
v -257.257599 0.626428 -53.769157
v -257.257599 0.436412 -53.769157
v -257.219635 1.196476 -53.154804
v -257.219635 1.386491 -53.154804
v -257.288147 1.386491 -53.765732
v -257.288147 1.196476 -53.765732
v -257.219635 0.246397 -53.154804
v -257.199066 0.020293 -52.971527
v -257.199066 2.520996 -52.971527
v -257.219635 0.436412 -53.154804
v -257.219635 2.336569 -53.154804
v -257.219635 2.146554 -53.154804
v -257.219635 1.956539 -53.154804
v -257.219635 1.766521 -53.154804
v -257.219635 1.576506 -53.154804
v -257.219635 1.006461 -53.154804
v -257.219635 0.816446 -53.154804
v -257.219635 0.626428 -53.154804
v -257.288147 0.246397 -53.765732
v -257.308716 0.020293 -53.949009
v -257.288147 2.336569 -53.765732
v -257.308716 2.520996 -53.949009
v -257.288147 2.146554 -53.765732
v -257.288147 0.436412 -53.765732
v -257.288147 0.626428 -53.765732
v -257.288147 0.816446 -53.765732
v -257.288147 1.006461 -53.765732
v -257.288147 1.576506 -53.765732
v -257.288147 1.766521 -53.765732
v -257.288147 1.956539 -53.765732
v -257.100433 0.020293 -52.982590
v -257.100433 2.520996 -52.982590
v -257.210083 0.020293 -53.960072
v -257.210083 2.520996 -53.960072
v -257.258972 2.582472 -52.902946
v -257.265808 2.520996 -52.964039
v -257.265808 0.020293 -52.964039
v -257.258972 0.000495 -52.902946
v -257.375458 0.020293 -53.941521
v -257.382324 0.000495 -54.002613
v -257.375458 2.520996 -53.941521
v -257.382324 2.582472 -54.002613
v -257.269623 0.436412 -53.767811
v -257.201080 0.436412 -53.156883
v -257.201080 0.246397 -53.156883
v -257.269623 0.246397 -53.767811
v -257.269623 0.816446 -53.767811
v -257.201080 0.816446 -53.156883
v -257.201080 0.626428 -53.156883
v -257.269623 0.626428 -53.767811
v -257.269623 1.196476 -53.767811
v -257.201080 1.196476 -53.156883
v -257.201080 1.006461 -53.156883
v -257.269623 1.006461 -53.767811
v -257.201080 2.146554 -53.156883
v -257.269623 2.146554 -53.767811
v -257.269623 2.336569 -53.767811
v -257.201080 2.336569 -53.156883
v -257.201080 1.766521 -53.156883
v -257.269623 1.766521 -53.767811
v -257.269623 1.956539 -53.767811
v -257.201080 1.956539 -53.156883
v -257.201080 1.386491 -53.156883
v -257.269623 1.386491 -53.767811
v -257.269623 1.576506 -53.767811
v -257.201080 1.576506 -53.156883
v -257.208710 0.246397 -53.156029
v -257.208710 0.436412 -53.156029
v -257.277252 0.436412 -53.766956
v -257.277252 0.246397 -53.766956
v -257.208710 0.626428 -53.156029
v -257.208710 0.816446 -53.156029
v -257.277252 0.816446 -53.766956
v -257.277252 0.626428 -53.766956
v -257.208710 1.006461 -53.156029
v -257.208710 1.196476 -53.156029
v -257.277252 1.196476 -53.766956
v -257.277252 1.006461 -53.766956
v -257.277252 2.336569 -53.766956
v -257.277252 2.146554 -53.766956
v -257.208710 2.146554 -53.156029
v -257.208710 2.336569 -53.156029
v -257.277252 1.956539 -53.766956
v -257.277252 1.766521 -53.766956
v -257.208710 1.766521 -53.156029
v -257.208710 1.956539 -53.156029
v -257.277252 1.576506 -53.766956
v -257.277252 1.386491 -53.766956
v -257.208710 1.386491 -53.156029
v -257.208710 1.576506 -53.156029
v -257.255005 1.057261 -53.828560
v -257.265289 1.057261 -53.920197
v -257.261871 1.087999 -53.889652
v -257.258423 1.087999 -53.859104
v -257.265289 1.149475 -53.920197
v -257.261871 1.118737 -53.889652
v -257.255005 1.149475 -53.828560
v -257.258423 1.118737 -53.859104
v -257.203125 1.087999 -53.896244
v -257.220337 1.087999 -53.863377
v -257.203125 1.118737 -53.896244
v -257.220337 1.118737 -53.863377
v -257.177521 1.087999 -53.668026
v -257.177521 1.118737 -53.668026
v -257.198181 1.118737 -53.665707
v -257.198181 1.087999 -53.665707
v -257.305389 1.057261 -53.822910
v -257.308807 1.087999 -53.853455
v -257.312225 1.087999 -53.884003
v -257.315674 1.057261 -53.914547
v -257.312225 1.118737 -53.884003
v -257.315674 1.149475 -53.914547
v -257.308807 1.118737 -53.853455
v -257.305389 1.149475 -53.822910
v -257.344238 1.087999 -53.849480
v -257.368347 1.087999 -53.877708
v -257.368347 1.118737 -53.877708
v -257.344238 1.118737 -53.849480
v -257.342743 1.087999 -53.649490
v -257.322083 1.087999 -53.651810
v -257.322083 1.118737 -53.651810
v -257.342743 1.118737 -53.649490
v -260.790802 1.386490 -49.466518
v -261.401733 1.386490 -49.397991
v -261.401733 1.196475 -49.397991
v -260.790802 1.196475 -49.466518
v -261.585022 2.520995 -49.377434
v -261.585022 0.020292 -49.377434
v -261.401733 0.246396 -49.397991
v -261.401733 0.436411 -49.397991
v -261.401733 0.626427 -49.397991
v -261.401733 0.816445 -49.397991
v -261.401733 1.006460 -49.397991
v -261.401733 1.576505 -49.397991
v -261.401733 1.766520 -49.397991
v -261.401733 1.956538 -49.397991
v -261.401733 2.146553 -49.397991
v -261.401733 2.336568 -49.397991
v -260.790802 0.246396 -49.466518
v -260.607544 0.020292 -49.487076
v -260.607544 2.520995 -49.487076
v -260.790802 2.336568 -49.466518
v -260.790802 2.146553 -49.466518
v -260.790802 1.956538 -49.466518
v -260.790802 1.766520 -49.466518
v -260.790802 1.576505 -49.466518
v -260.790802 1.006459 -49.466518
v -260.790802 0.816444 -49.466518
v -260.790802 0.626426 -49.466518
v -260.790802 0.436411 -49.466518
v -261.405151 1.196475 -49.428539
v -261.405151 1.386490 -49.428539
v -260.794220 1.386490 -49.497066
v -260.794220 1.196475 -49.497066
v -261.405151 0.246396 -49.428539
v -261.588440 0.020292 -49.407982
v -261.588440 2.520995 -49.407982
v -261.405151 0.436411 -49.428539
v -261.405151 2.336568 -49.428539
v -261.405151 2.146553 -49.428539
v -261.405151 1.956538 -49.428539
v -261.405151 1.766520 -49.428539
v -261.405151 1.576505 -49.428539
v -261.405151 1.006460 -49.428539
v -261.405151 0.816445 -49.428539
v -261.405151 0.626427 -49.428539
v -260.794220 0.246396 -49.497066
v -260.610962 0.020292 -49.517624
v -260.794220 2.336568 -49.497066
v -260.610962 2.520995 -49.517624
v -260.794220 2.146553 -49.497066
v -260.794220 0.436411 -49.497066
v -260.794220 0.626426 -49.497066
v -260.794220 0.816444 -49.497066
v -260.794220 1.006459 -49.497066
v -260.794220 1.576505 -49.497066
v -260.794220 1.766520 -49.497066
v -260.794220 1.956538 -49.497066
v -261.577362 0.020292 -49.309353
v -261.577362 2.520995 -49.309353
v -261.638458 2.582471 -49.302502
v -261.638458 0.000494 -49.302502
v -260.599884 0.020292 -49.418995
v -260.538788 0.000493 -49.425846
v -260.599884 2.520995 -49.418991
v -260.538788 2.582471 -49.425846
v -261.657013 2.582471 -49.467884
v -261.595917 2.520995 -49.474735
v -261.595917 0.020292 -49.474735
v -261.657013 0.000494 -49.467884
v -260.618439 0.020292 -49.584377
v -260.557343 0.000493 -49.591232
v -260.618439 2.520995 -49.584377
v -260.557343 2.582471 -49.591232
v -260.792145 0.436411 -49.478523
v -261.403076 0.436411 -49.409996
v -261.403076 0.246396 -49.409996
v -260.792145 0.246396 -49.478523
v -260.792145 0.816444 -49.478523
v -261.403076 0.816445 -49.409996
v -261.403076 0.626427 -49.409996
v -260.792145 0.626426 -49.478523
v -260.792145 1.196475 -49.478523
v -261.403076 1.196475 -49.409996
v -261.403076 1.006460 -49.409996
v -260.792145 1.006459 -49.478523
v -261.403076 2.146553 -49.409996
v -260.792145 2.146553 -49.478523
v -260.792145 2.336568 -49.478523
v -261.403076 2.336568 -49.409996
v -261.403076 1.766520 -49.409996
v -260.792145 1.766520 -49.478523
v -260.792145 1.956538 -49.478523
v -261.403076 1.956538 -49.409996
v -261.403076 1.386490 -49.409996
v -260.792145 1.386490 -49.478523
v -260.792145 1.576505 -49.478523
v -261.403076 1.576505 -49.409996
v -261.403931 0.246396 -49.417633
v -261.403931 0.436411 -49.417633
v -260.792999 0.436411 -49.486160
v -260.792999 0.246396 -49.486160
v -261.403931 0.626427 -49.417633
v -261.403931 0.816445 -49.417633
v -260.792999 0.816444 -49.486160
v -260.792999 0.626426 -49.486160
v -261.403931 1.006460 -49.417633
v -261.403931 1.196475 -49.417633
v -260.792999 1.196475 -49.486160
v -260.792999 1.006459 -49.486160
v -260.792999 2.336568 -49.486160
v -260.792999 2.146553 -49.486160
v -261.403931 2.146553 -49.417633
v -261.403931 2.336568 -49.417633
v -260.792999 1.956538 -49.486160
v -260.792999 1.766520 -49.486160
v -261.403931 1.766520 -49.417633
v -261.403931 1.956538 -49.417633
v -260.792999 1.576505 -49.486160
v -260.792999 1.386490 -49.486160
v -261.403931 1.386490 -49.417633
v -261.403931 1.576505 -49.417633
v -260.731415 1.057260 -49.463917
v -260.639771 1.057260 -49.474197
v -260.670319 1.087998 -49.470772
v -260.700867 1.087998 -49.467346
v -260.639771 1.149474 -49.474197
v -260.670319 1.118735 -49.470772
v -260.731415 1.149474 -49.463917
v -260.700867 1.118735 -49.467346
v -260.663727 1.087998 -49.412025
v -260.696594 1.087998 -49.429264
v -260.663727 1.118735 -49.412025
v -260.696594 1.118735 -49.429264
v -260.891937 1.087998 -49.386425
v -260.891937 1.118735 -49.386425
v -260.894257 1.118735 -49.407089
v -260.894257 1.087998 -49.407089
v -260.737061 1.057260 -49.514294
v -260.706512 1.087998 -49.517723
v -260.675964 1.087998 -49.521149
v -260.645416 1.057260 -49.524574
v -260.675964 1.118735 -49.521149
v -260.645416 1.149474 -49.524574
v -260.706512 1.118735 -49.517723
v -260.737061 1.149474 -49.514294
v -260.710480 1.087998 -49.553162
v -260.682251 1.087998 -49.577248
v -260.682251 1.118735 -49.577248
v -260.710480 1.118735 -49.553162
v -260.910461 1.087998 -49.551647
v -260.908142 1.087998 -49.530987
v -260.908142 1.118735 -49.530987
v -260.910461 1.118735 -49.551647
v -263.235779 0.953366 -49.123329
v -263.235779 2.551734 -49.123329
v -263.266327 2.582471 -49.119904
v -263.266327 0.922628 -49.119904
v -262.327423 0.953366 -49.225220
v -262.296875 0.922628 -49.228645
v -262.327423 2.551734 -49.225220
v -262.296875 2.582471 -49.228645
v -263.254333 2.551734 -49.288712
v -263.254333 0.953366 -49.288712
v -262.345947 0.953366 -49.390602
v -262.345947 2.551734 -49.390602
v -263.211639 0.984104 -49.183918
v -263.211639 1.675567 -49.183918
v -263.242188 1.706305 -49.180492
v -263.242188 0.953366 -49.180492
v -262.364380 0.984104 -49.278957
v -262.333832 0.953366 -49.282383
v -262.364380 1.675566 -49.278957
v -262.333832 1.706305 -49.282383
v -263.245636 1.706305 -49.211040
v -263.215088 1.675567 -49.214466
v -263.215088 0.984104 -49.214466
v -263.245636 0.953366 -49.211040
v -262.367798 0.984104 -49.309505
v -262.337250 0.953366 -49.312931
v -262.367798 1.675566 -49.309505
v -262.337250 1.706305 -49.312931
v -263.215088 1.737042 -49.214466
v -263.215088 2.520995 -49.214466
v -263.245636 2.551734 -49.211040
v -262.367798 1.737042 -49.309505
v -262.367798 2.520995 -49.309505
v -262.337250 2.551734 -49.312931
v -263.249054 2.551734 -49.241585
v -263.218506 2.520995 -49.245010
v -263.218506 1.737042 -49.245010
v -263.249054 1.706305 -49.241585
v -262.371216 1.737042 -49.340050
v -262.340668 1.706305 -49.343475
v -262.371216 2.520995 -49.340050
v -262.340668 2.551734 -49.343475
v -262.365448 1.675566 -49.288612
v -263.212738 1.675567 -49.193573
v -263.212738 0.984104 -49.193573
v -262.365448 0.984104 -49.288612
v -263.213593 0.984104 -49.201206
v -263.213593 1.675567 -49.201206
v -262.366302 1.675566 -49.296246
v -262.366302 0.984104 -49.296246
v -262.368866 2.520995 -49.319157
v -263.216156 2.520995 -49.224117
v -263.216156 1.737042 -49.224117
v -262.368866 1.737042 -49.319157
v -263.217010 1.737042 -49.231754
v -263.217010 2.520995 -49.231754
v -262.369720 2.520995 -49.326794
v -262.369720 1.737042 -49.326794
v -264.613861 0.953369 -55.278637
v -264.456238 0.953369 -53.873508
v -264.452820 0.922630 -53.842960
v -264.617279 0.922630 -55.309181
v -264.613861 2.551736 -55.278633
v -264.456238 2.551736 -53.873505
v -264.618195 0.922630 -53.824409
v -264.621643 0.953369 -53.854958
v -264.779236 0.953369 -55.260086
v -264.782654 0.922630 -55.290630
v -264.779236 2.551736 -55.260082
v -264.621613 2.551736 -53.854954
v -264.667603 0.984106 -55.241676
v -264.597717 0.984106 -54.618839
v -264.594299 0.953369 -54.588295
v -264.671021 0.953369 -55.272224
v -264.667603 2.520998 -55.241673
v -264.671021 2.551736 -55.272221
v -264.597717 2.520998 -54.618839
v -264.594299 2.551736 -54.588295
v -264.624847 0.953369 -54.584869
v -264.628265 0.984106 -54.615414
v -264.698151 0.984106 -55.238251
v -264.701569 0.953369 -55.268799
v -264.698151 2.520998 -55.238247
v -264.701569 2.551736 -55.268795
v -264.628265 2.520998 -54.615414
v -264.624847 2.551736 -54.584869
v -264.621429 0.984106 -54.554321
v -264.547394 0.984106 -53.894215
v -264.543945 0.953369 -53.863670
v -264.621429 2.520998 -54.554321
v -264.547394 2.520998 -53.894211
v -264.543945 2.551736 -53.863667
v -264.574493 0.953369 -53.860245
v -264.577942 0.984106 -53.890789
v -264.651978 0.984106 -54.550896
v -264.655396 0.953369 -54.581444
v -264.651978 2.520998 -54.550896
v -264.655396 2.551736 -54.581444
v -264.577942 2.520998 -53.890785
v -264.574493 2.551736 -53.860241
v -264.607391 2.520998 -54.617756
v -264.607391 0.984106 -54.617756
v -264.677246 0.984106 -55.240593
v -264.677246 2.520998 -55.240589
v -264.684875 0.984106 -55.239738
v -264.615021 0.984106 -54.616901
v -264.615021 2.520998 -54.616901
v -264.684875 2.520998 -55.239735
v -264.557037 2.520998 -53.893127
v -264.557037 0.984106 -53.893131
v -264.631073 0.984106 -54.553238
v -264.631073 2.520998 -54.553238
v -264.638702 0.984106 -54.552383
v -264.564667 0.984106 -53.892277
v -264.564667 2.520998 -53.892273
v -264.638702 2.520998 -54.552383
v -264.325195 0.031234 -52.705147
v -264.016815 0.031232 -49.955982
v -264.013397 0.000494 -49.925434
v -264.328613 0.000496 -52.735691
v -264.325195 2.551736 -52.705143
v -264.016815 2.551734 -49.955978
v -264.178772 0.000494 -49.906883
v -264.182220 0.031232 -49.937431
v -264.490570 0.031234 -52.686596
v -264.493988 0.000496 -52.717140
v -264.490570 2.551736 -52.686592
v -264.182220 2.551734 -49.937428
v -264.127747 0.215658 -50.685871
v -264.066071 0.215658 -50.136040
v -264.045532 0.031232 -49.952763
v -264.148315 0.031232 -50.869152
v -264.127747 2.367306 -50.685871
v -264.148315 2.551734 -50.869148
v -264.066071 2.367306 -50.136036
v -264.045502 2.551734 -49.952759
v -264.076050 0.031232 -49.949337
v -264.096619 0.215658 -50.132614
v -264.158295 0.215658 -50.682446
v -264.178864 0.031232 -50.865726
v -264.158295 2.367306 -50.682446
v -264.178864 2.551734 -50.865723
v -264.096619 2.367306 -50.132610
v -264.076050 2.551734 -49.949333
v -264.261078 0.215658 -51.598835
v -264.199402 0.215658 -51.049004
v -264.281647 0.031232 -51.782112
v -264.261078 2.367306 -51.598831
v -264.281647 2.551734 -51.782108
v -264.199402 2.367306 -51.049000
v -264.209412 0.031232 -50.862301
v -264.229950 0.215658 -51.045578
v -264.291626 0.215658 -51.595409
v -264.312195 0.031232 -51.778687
v -264.291626 2.367306 -51.595406
v -264.312195 2.551734 -51.778683
v -264.229950 2.367306 -51.045574
v -264.209412 2.551734 -50.862297
v -264.394409 0.215660 -52.511795
v -264.332733 0.215658 -51.961964
v -264.414978 0.031234 -52.695076
v -264.394409 2.367308 -52.511795
v -264.414978 2.551736 -52.695072
v -264.332733 2.367308 -51.961964
v -264.342743 0.031232 -51.775261
v -264.363281 0.215658 -51.958538
v -264.424957 0.215660 -52.508369
v -264.445526 0.031234 -52.691650
v -264.424957 2.367308 -52.508369
v -264.445526 2.551736 -52.691647
v -264.363281 2.367308 -51.958538
v -264.342743 2.551734 -51.775257
v -264.075714 2.367306 -50.134953
v -264.075714 0.215658 -50.134956
v -264.137390 0.215658 -50.684788
v -264.137390 2.367306 -50.684788
v -264.145050 0.215658 -50.683933
v -264.083374 0.215658 -50.134102
v -264.083374 2.367306 -50.134098
v -264.145050 2.367306 -50.683933
v -264.209076 2.367306 -51.047916
v -264.209076 0.215658 -51.047920
v -264.270752 0.215658 -51.597752
v -264.270752 2.367306 -51.597748
v -264.278381 0.215658 -51.596897
v -264.216705 0.215658 -51.047066
v -264.216705 2.367306 -51.047062
v -264.278381 2.367306 -51.596893
v -264.342407 2.367308 -51.960880
v -264.342407 0.215658 -51.960880
v -264.404083 0.215660 -52.510712
v -264.404083 2.367308 -52.510712
v -264.411713 0.215660 -52.509857
v -264.350037 0.215658 -51.960026
v -264.350037 2.367308 -51.960026
v -264.411713 2.367308 -52.509857
v -263.028717 0.953368 -56.397903
v -263.028717 2.551736 -56.397903
v -262.044220 0.953368 -56.508331
v -262.044220 2.551735 -56.508331
v -263.047272 2.551736 -56.563286
v -263.047272 0.953368 -56.563286
v -262.062775 0.953368 -56.673714
v -262.062775 2.551735 -56.673714
v -263.004578 0.984106 -56.458492
v -263.004578 1.675568 -56.458492
v -263.035126 1.706307 -56.455067
v -263.035126 0.953368 -56.455067
v -262.081177 0.984106 -56.562069
v -262.050629 0.953368 -56.565495
v -262.081177 1.675568 -56.562069
v -262.050629 1.706307 -56.565495
v -263.038544 1.706307 -56.485611
v -263.007996 1.675568 -56.489037
v -263.007996 0.984106 -56.489037
v -263.038544 0.953368 -56.485611
v -262.084595 0.984106 -56.592613
v -262.054047 0.953368 -56.596039
v -262.084595 1.675568 -56.592613
v -262.054047 1.706307 -56.596039
v -263.007996 1.737044 -56.489037
v -263.007996 2.520997 -56.489037
v -263.038544 2.551736 -56.485611
v -262.084595 1.737044 -56.592613
v -262.084595 2.520997 -56.592613
v -262.054047 2.551735 -56.596039
v -263.041962 2.551736 -56.516159
v -263.011414 2.520997 -56.519585
v -263.011414 1.737044 -56.519585
v -263.041962 1.706307 -56.516159
v -262.088013 1.737044 -56.623161
v -262.057465 1.706307 -56.626587
v -262.088013 2.520997 -56.623161
v -262.057465 2.551735 -56.626587
v -262.082245 1.675568 -56.571720
v -263.005646 1.675568 -56.468143
v -263.005646 0.984106 -56.468143
v -262.082245 0.984106 -56.571720
v -263.006500 0.984106 -56.475780
v -263.006500 1.675568 -56.475780
v -262.083099 1.675568 -56.579357
v -262.083099 0.984106 -56.579357
v -262.085693 2.520997 -56.602268
v -263.009094 2.520997 -56.498692
v -263.009094 1.737044 -56.498692
v -262.085693 1.737044 -56.602268
v -263.009949 1.737044 -56.506329
v -263.009949 2.520997 -56.506329
v -262.086548 2.520997 -56.609905
v -262.086548 1.737044 -56.609905
v -258.167664 0.768941 -57.110622
v -256.762512 0.768940 -57.268230
v -258.167664 2.367308 -57.110622
v -256.762512 2.367308 -57.268230
v -256.743958 0.768940 -57.102848
v -258.149109 0.768941 -56.945240
v -258.149109 2.367308 -56.945240
v -256.743958 2.367308 -57.102848
v -258.130676 0.799678 -57.056885
v -257.507874 0.799678 -57.126747
v -257.477325 0.768940 -57.130173
v -258.161224 0.768941 -57.053459
v -258.130676 2.336569 -57.056885
v -258.161224 2.367308 -57.053459
v -257.507874 2.336569 -57.126747
v -257.477325 2.367308 -57.130173
v -257.473877 0.768940 -57.099628
v -257.504425 0.799678 -57.096203
v -258.127258 0.799678 -57.026340
v -258.157806 0.768941 -57.022915
v -258.127258 2.336569 -57.026340
v -258.157806 2.367308 -57.022915
v -257.504425 2.336569 -57.096203
v -257.473877 2.367308 -57.099628
v -257.443329 0.799678 -57.103054
v -256.783234 0.799678 -57.177101
v -256.752686 0.768940 -57.180527
v -257.443329 2.336569 -57.103054
v -256.783234 2.336569 -57.177097
v -256.752686 2.367308 -57.180523
v -256.749268 0.768940 -57.149979
v -256.779816 0.799678 -57.146553
v -257.439911 0.799678 -57.072506
v -257.470459 0.768940 -57.069080
v -257.439911 2.336569 -57.072506
v -257.470459 2.367308 -57.069080
v -256.779816 2.336569 -57.146549
v -256.749268 2.367308 -57.149975
v -257.506775 2.336569 -57.117096
v -257.506775 0.799678 -57.117096
v -258.129608 0.799678 -57.047234
v -258.129608 2.336569 -57.047234
v -258.128754 0.799678 -57.039597
v -257.505920 0.799678 -57.109459
v -257.505920 2.336569 -57.109459
v -258.128754 2.336569 -57.039597
v -256.782135 2.336569 -57.167446
v -256.782135 0.799678 -57.167446
v -257.442261 0.799678 -57.093403
v -257.442261 2.336569 -57.093403
v -257.441406 0.799678 -57.085766
v -256.781281 0.799678 -57.159809
v -256.781281 2.336569 -57.159809
v -257.441406 2.336569 -57.085766
v -263.136444 4.457481 -56.385818
v -263.136444 5.502566 -56.385818
v -262.231964 4.457481 -56.487274
v -262.231964 5.502565 -56.487274
v -263.154999 5.502566 -56.551201
v -263.154999 4.457481 -56.551201
v -262.250488 4.457481 -56.652657
v -262.250488 5.502565 -56.652657
v -263.112305 4.488218 -56.446411
v -263.112305 4.918471 -56.446411
v -263.142853 4.949209 -56.442982
v -263.142853 4.457481 -56.442982
v -262.268921 4.488218 -56.541012
v -262.238373 4.457481 -56.544437
v -262.268921 4.918471 -56.541012
v -262.238373 4.949208 -56.544437
v -263.146271 4.949209 -56.473526
v -263.115723 4.918471 -56.476955
v -263.115723 4.488218 -56.476955
v -263.146271 4.457481 -56.473526
v -262.272339 4.488218 -56.571556
v -262.241791 4.457481 -56.574982
v -262.272339 4.918471 -56.571556
v -262.241791 4.949208 -56.574982
v -263.115723 4.979947 -56.476955
v -263.115723 5.471829 -56.476955
v -263.146271 5.502566 -56.473526
v -262.272339 4.979946 -56.571556
v -262.272339 5.471828 -56.571556
v -262.241791 5.502565 -56.574982
v -263.149719 5.502566 -56.504074
v -263.119171 5.471829 -56.507504
v -263.119171 4.979947 -56.507504
v -263.149719 4.949209 -56.504074
v -262.275757 4.979946 -56.602104
v -262.245209 4.949208 -56.605530
v -262.275757 5.471828 -56.602104
v -262.245209 5.502565 -56.605530
v -262.269989 4.918471 -56.550663
v -263.113403 4.918471 -56.456062
v -263.113403 4.488218 -56.456062
v -262.269989 4.488218 -56.550663
v -263.114258 4.488218 -56.463699
v -263.114258 4.918471 -56.463699
v -262.270844 4.918471 -56.558300
v -262.270844 4.488218 -56.558300
v -262.273407 5.471828 -56.581211
v -263.116821 5.471829 -56.486610
v -263.116821 4.979947 -56.486610
v -262.273407 4.979946 -56.581211
v -263.117676 4.979947 -56.494247
v -263.117676 5.471829 -56.494247
v -262.274261 5.471828 -56.588848
v -262.274261 4.979946 -56.588848
v -260.472870 3.965675 -56.852051
v -259.067749 3.965674 -57.009659
v -260.472870 5.502565 -56.852051
v -259.067749 5.502565 -57.009659
v -259.049194 3.965674 -56.844276
v -260.454315 3.965675 -56.686668
v -260.454315 5.502565 -56.686668
v -259.049194 5.502565 -56.844276
v -260.435913 3.996412 -56.798313
v -259.813080 3.996412 -56.868176
v -259.782532 3.965674 -56.871601
v -260.466461 3.965675 -56.794888
v -260.435913 5.471828 -56.798313
v -260.466461 5.502565 -56.794888
v -259.813080 5.471828 -56.868176
v -259.782532 5.502565 -56.871601
v -259.779114 3.965674 -56.841057
v -259.809662 3.996412 -56.837631
v -260.432495 3.996412 -56.767769
v -260.463043 3.965675 -56.764343
v -260.432495 5.471828 -56.767769
v -260.463043 5.502565 -56.764343
v -259.809662 5.471828 -56.837631
v -259.779114 5.502565 -56.841057
v -259.748566 3.996412 -56.844482
v -259.088440 3.996412 -56.918530
v -259.057892 3.965674 -56.921955
v -259.748566 5.471828 -56.844482
v -259.088440 5.471828 -56.918526
v -259.057892 5.502565 -56.921951
v -259.054474 3.965674 -56.891407
v -259.085022 3.996412 -56.887981
v -259.745148 3.996412 -56.813934
v -259.775665 3.965674 -56.810509
v -259.745148 5.471828 -56.813934
v -259.775665 5.502565 -56.810509
v -259.085022 5.471828 -56.887978
v -259.054474 5.502565 -56.891403
v -259.811981 5.471828 -56.858524
v -259.811981 3.996412 -56.858524
v -260.434814 3.996412 -56.788662
v -260.434814 5.471828 -56.788662
v -260.433960 3.996412 -56.781025
v -259.811127 3.996412 -56.850887
v -259.811127 5.471828 -56.850887
v -260.433960 5.471828 -56.781025
v -259.087372 5.471828 -56.908875
v -259.087372 3.996412 -56.908875
v -259.747467 3.996412 -56.834831
v -259.747467 5.471828 -56.834831
v -259.746613 3.996412 -56.827194
v -259.086517 3.996412 -56.901237
v -259.086517 5.471828 -56.901237
v -259.746613 5.471828 -56.827194
v -261.607422 3.965673 -49.301453
v -261.607422 5.502563 -49.301453
v -260.854584 3.965673 -49.385899
v -260.854584 5.502563 -49.385899
v -261.656525 5.533302 -49.463409
v -261.625977 5.502563 -49.466835
v -261.625977 3.965673 -49.466835
v -261.656525 3.934935 -49.463409
v -260.873138 3.965673 -49.551281
v -260.842590 3.934935 -49.554707
v -260.873138 5.502563 -49.551281
v -260.842590 5.533302 -49.554707
v -261.583282 3.996410 -49.362038
v -261.583282 4.433515 -49.362038
v -261.613831 4.464253 -49.358612
v -261.613831 3.965673 -49.358612
v -260.891541 3.996410 -49.439632
v -260.860992 3.965673 -49.443058
v -260.891541 4.433515 -49.439632
v -260.860992 4.464253 -49.443058
v -261.617249 4.464253 -49.389160
v -261.586700 4.433515 -49.392586
v -261.586700 3.996410 -49.392586
v -261.617249 3.965673 -49.389160
v -260.894958 3.996410 -49.470181
v -260.864410 3.965673 -49.473606
v -260.894958 4.433515 -49.470181
v -260.864410 4.464253 -49.473606
v -261.586700 4.494990 -49.392586
v -261.586700 5.471826 -49.392586
v -261.617249 5.502563 -49.389160
v -260.894958 4.494990 -49.470181
v -260.894958 5.471826 -49.470181
v -260.864410 5.502563 -49.473606
v -261.620697 5.502563 -49.419704
v -261.590149 5.471826 -49.423130
v -261.590149 4.494990 -49.423130
v -261.620697 4.464253 -49.419704
v -260.898376 4.494990 -49.500725
v -260.867828 4.464253 -49.504150
v -260.898376 5.471826 -49.500725
v -260.867828 5.502563 -49.504150
v -260.892609 4.433515 -49.449284
v -261.584351 4.433515 -49.371689
v -261.584351 3.996410 -49.371689
v -260.892609 3.996410 -49.449284
v -261.585236 3.996410 -49.379326
v -261.585236 4.433515 -49.379326
v -260.893463 4.433515 -49.456921
v -260.893463 3.996410 -49.456921
v -260.896027 5.471826 -49.479832
v -261.587799 5.471826 -49.402237
v -261.587799 4.494990 -49.402237
v -260.896027 4.494990 -49.479832
v -261.588654 4.494990 -49.409874
v -261.588654 5.471826 -49.409874
v -260.896912 5.471826 -49.487469
v -260.896912 4.494990 -49.487469
v -263.235291 3.965673 -49.118858
v -263.235291 5.502564 -49.118858
v -262.482452 3.965673 -49.203304
v -262.482452 5.502564 -49.203304
v -263.284393 5.533303 -49.280815
v -263.253845 5.502564 -49.284241
v -263.253845 3.965673 -49.284241
v -263.284393 3.934935 -49.280815
v -262.501007 3.965673 -49.368687
v -262.470459 3.934935 -49.372112
v -262.501007 5.502564 -49.368687
v -262.470459 5.533303 -49.372112
v -263.211151 3.996411 -49.179443
v -263.211151 4.433515 -49.179443
v -263.241699 4.464253 -49.176018
v -263.241699 3.965673 -49.176018
v -262.519409 3.996411 -49.257038
v -262.488861 3.965673 -49.260464
v -262.519409 4.433515 -49.257038
v -262.488861 4.464253 -49.260464
v -263.245117 4.464253 -49.206566
v -263.214569 4.433515 -49.209991
v -263.214569 3.996411 -49.209991
v -263.245117 3.965673 -49.206566
v -262.522827 3.996411 -49.287586
v -262.492279 3.965673 -49.291012
v -262.522827 4.433515 -49.287586
v -262.492279 4.464253 -49.291012
v -263.214569 4.494991 -49.209991
v -263.214569 5.471827 -49.209991
v -263.245117 5.502564 -49.206566
v -262.522827 4.494991 -49.287586
v -262.522827 5.471827 -49.287586
v -262.492279 5.502564 -49.291012
v -263.248566 5.502564 -49.237110
v -263.218018 5.471827 -49.240536
v -263.218018 4.494991 -49.240536
v -263.248566 4.464253 -49.237110
v -262.526245 4.494991 -49.318130
v -262.495697 4.464253 -49.321556
v -262.526245 5.471827 -49.318130
v -262.495697 5.502564 -49.321556
v -262.520477 4.433515 -49.266689
v -263.212250 4.433515 -49.189095
v -263.212250 3.996411 -49.189095
v -262.520477 3.996411 -49.266689
v -263.213104 3.996411 -49.196732
v -263.213104 4.433515 -49.196732
v -262.521332 4.433515 -49.274326
v -262.521332 3.996411 -49.274326
v -262.523895 5.471827 -49.297237
v -263.215668 5.471827 -49.219643
v -263.215668 4.494991 -49.219643
v -262.523895 4.494991 -49.297237
v -263.216522 4.494991 -49.227280
v -263.216522 5.471827 -49.227280
v -262.524780 5.471827 -49.304874
v -262.524780 4.494991 -49.304874
v -264.799438 3.965675 -55.440277
v -264.799438 5.502566 -55.440269
v -264.802887 3.934937 -55.470821
v -264.711151 3.965675 -54.653069
v -264.711151 5.502566 -54.653069
v -264.634064 5.502566 -55.458820
v -264.634064 3.965675 -55.458820
v -264.545776 3.965675 -54.671619
v -264.545776 5.502566 -54.671619
v -264.738861 3.996413 -55.416138
v -264.738861 4.433517 -55.416138
v -264.742279 4.464255 -55.446682
v -264.742279 3.965675 -55.446682
v -264.657410 3.996413 -54.690025
v -264.653992 3.965675 -54.659481
v -264.657410 4.433517 -54.690025
v -264.653992 4.464255 -54.659481
v -264.711731 4.464255 -55.450108
v -264.708313 4.433517 -55.419563
v -264.708313 3.996413 -55.419563
v -264.711731 3.965675 -55.450108
v -264.626862 3.996413 -54.693451
v -264.623444 3.965675 -54.662907
v -264.626862 4.433517 -54.693451
v -264.623444 4.464255 -54.662907
v -264.708313 4.494993 -55.419563
v -264.708313 5.471829 -55.419563
v -264.711731 5.502566 -55.450108
v -264.626862 4.494993 -54.693451
v -264.626862 5.471829 -54.693451
v -264.623444 5.502566 -54.662907
v -264.681183 5.502566 -55.453533
v -264.677765 5.471829 -55.422989
v -264.677765 4.494993 -55.422989
v -264.681183 4.464255 -55.453533
v -264.596313 4.494993 -54.696877
v -264.592896 4.464255 -54.666332
v -264.596313 5.471829 -54.696877
v -264.592896 5.502566 -54.666332
v -264.647766 4.433517 -54.691109
v -264.729218 4.433517 -55.417221
v -264.729218 3.996413 -55.417221
v -264.647766 3.996413 -54.691109
v -264.721558 3.996413 -55.418076
v -264.721558 4.433517 -55.418076
v -264.640137 4.433517 -54.691963
v -264.640137 3.996413 -54.691963
v -264.617218 5.471829 -54.694534
v -264.698669 5.471829 -55.420647
v -264.698669 4.494993 -55.420647
v -264.617218 4.494993 -54.694534
v -264.691040 4.494993 -55.421501
v -264.691040 5.471829 -55.421501
v -264.609589 5.471829 -54.695389
v -264.609589 4.494993 -54.695389
v -264.193146 4.826333 -50.035015
v -264.459778 4.826334 -52.411915
v -264.193146 5.502564 -50.035015
v -264.459778 5.502565 -52.411915
v -264.294373 4.826334 -52.430466
v -264.027771 4.826333 -50.053566
v -264.027771 5.502564 -50.053566
v -264.294373 5.502565 -52.430466
v -264.139404 4.857070 -50.071976
v -264.257355 4.857070 -51.123520
v -264.260803 4.826333 -51.154064
v -264.135986 4.826333 -50.041428
v -264.139404 5.471827 -50.071976
v -264.135986 5.502564 -50.041428
v -264.257355 5.471827 -51.123520
v -264.260803 5.502564 -51.154064
v -264.230255 4.826333 -51.157490
v -264.226837 4.857070 -51.126945
v -264.108887 4.857070 -50.075401
v -264.105438 4.826333 -50.044853
v -264.108887 5.471827 -50.075401
v -264.105438 5.502564 -50.044853
v -264.226837 5.471827 -51.126945
v -264.230255 5.502564 -51.157490
v -264.233673 4.857070 -51.188038
v -264.368622 4.857071 -52.391205
v -264.372070 4.826334 -52.421753
v -264.233673 5.471827 -51.188038
v -264.368622 5.471828 -52.391205
v -264.372070 5.502565 -52.421753
v -264.341522 4.826334 -52.425179
v -264.338074 4.857071 -52.394630
v -264.203125 4.857070 -51.191463
v -264.199707 4.826333 -51.160915
v -264.203125 5.471827 -51.191463
v -264.199707 5.502564 -51.160915
v -264.338074 5.471828 -52.394630
v -264.341522 5.502565 -52.425179
v -264.247711 5.471827 -51.124603
v -264.247711 4.857070 -51.124603
v -264.129761 4.857070 -50.073059
v -264.129761 5.471827 -50.073059
v -264.122131 4.857070 -50.073914
v -264.240082 4.857070 -51.125458
v -264.240082 5.471827 -51.125458
v -264.122131 5.471827 -50.073914
v -264.358978 5.471828 -52.392288
v -264.358978 4.857071 -52.392288
v -264.224030 4.857070 -51.189121
v -264.224030 5.471827 -51.189121
v -264.216400 4.857070 -51.189976
v -264.351349 4.857071 -52.393143
v -264.351349 5.471828 -52.393143
v -264.216400 5.471827 -51.189976
v -257.319855 3.965674 -53.433369
v -257.319855 5.502563 -53.433369
v -257.228516 3.965674 -52.619038
v -257.228516 5.502563 -52.619038
v -257.153107 5.502563 -53.452072
v -257.153107 3.965674 -53.452072
v -257.061768 3.965674 -52.637741
v -257.061768 5.502563 -52.637741
v -257.257904 3.996412 -53.409386
v -257.257904 4.433516 -53.409386
v -257.261322 4.464252 -53.439934
v -257.261322 3.965674 -53.439934
v -257.173401 3.996412 -52.656151
v -257.169983 3.965674 -52.625603
v -257.173401 4.433516 -52.656151
v -257.169983 4.464252 -52.625603
v -257.230774 4.464252 -53.443359
v -257.227356 4.433516 -53.412811
v -257.227356 3.996412 -53.412811
v -257.230774 3.965674 -53.443359
v -257.142853 3.996412 -52.659576
v -257.139435 3.965674 -52.629028
v -257.142853 4.433516 -52.659576
v -257.139435 4.464252 -52.629028
v -257.227356 4.494992 -53.412811
v -257.227356 5.471827 -53.412811
v -257.230774 5.502563 -53.443359
v -257.142853 4.494992 -52.659576
v -257.142853 5.471827 -52.659576
v -257.139435 5.502563 -52.629028
v -257.200226 5.502563 -53.446785
v -257.196808 5.471827 -53.416237
v -257.196808 4.494992 -53.416237
v -257.200226 4.464252 -53.446785
v -257.112305 4.494992 -52.663002
v -257.108887 4.464252 -52.632454
v -257.112305 5.471827 -52.663002
v -257.108887 5.502563 -52.632454
v -257.163757 4.433516 -52.657234
v -257.248230 4.433516 -53.410469
v -257.248230 3.996412 -53.410469
v -257.163757 3.996412 -52.657234
v -257.240601 3.996412 -53.411324
v -257.240601 4.433516 -53.411324
v -257.156128 4.433516 -52.658089
v -257.156128 3.996412 -52.658089
v -257.133209 5.471827 -52.660660
v -257.217682 5.471827 -53.413895
v -257.217682 4.494992 -53.413895
v -257.133209 4.494992 -52.660660
v -257.210052 4.494992 -53.414753
v -257.210052 5.471827 -53.414753
v -257.125580 5.471827 -52.661518
v -257.125580 4.494992 -52.661518
v -257.155426 3.965674 -51.967529
v -257.155426 5.502563 -51.967529
v -257.158875 5.533303 -51.998074
v -257.158875 3.934937 -51.998074
v -257.049316 3.965672 -51.021431
v -257.049316 5.502563 -51.021431
v -256.992096 5.533303 -52.016777
v -256.988678 5.502563 -51.986233
v -256.988678 3.965674 -51.986237
v -256.882568 3.965672 -51.040134
v -256.882568 5.502563 -51.040134
v -257.093475 3.996410 -51.943550
v -257.093475 4.433516 -51.943546
v -257.096893 4.464252 -51.974094
v -257.096893 3.965674 -51.974098
v -256.994202 3.996410 -51.058544
v -256.990784 3.965672 -51.027996
v -256.994202 4.433515 -51.058544
v -256.990784 4.464252 -51.027996
v -257.066345 4.464252 -51.977520
v -257.062927 4.433516 -51.946972
v -257.062927 3.996410 -51.946976
v -257.066345 3.965674 -51.977524
v -256.963654 3.996410 -51.061970
v -256.960236 3.965672 -51.031422
v -256.963654 4.433515 -51.061970
v -256.960236 4.464252 -51.031422
v -257.062927 4.494992 -51.946972
v -257.062927 5.471827 -51.946972
v -257.066345 5.502563 -51.977520
v -256.963654 4.494990 -51.061970
v -256.963654 5.471826 -51.061970
v -256.960236 5.502563 -51.031422
v -257.035797 5.502563 -51.980946
v -257.032379 5.471827 -51.950397
v -257.032379 4.494992 -51.950397
v -257.035797 4.464252 -51.980946
v -256.933105 4.494990 -51.065395
v -256.929688 4.464252 -51.034847
v -256.933105 5.471826 -51.065395
v -256.929688 5.502563 -51.034847
v -256.984558 4.433515 -51.059628
v -257.083832 4.433516 -51.944630
v -257.083832 3.996410 -51.944633
v -256.984558 3.996410 -51.059628
v -257.076172 3.996410 -51.945488
v -257.076172 4.433516 -51.945484
v -256.976929 4.433515 -51.060482
v -256.976929 3.996410 -51.060482
v -256.954010 5.471826 -51.063053
v -257.053284 5.471827 -51.948055
v -257.053284 4.494992 -51.948055
v -256.954010 4.494990 -51.063053
v -257.045624 4.494992 -51.948914
v -257.045624 5.471827 -51.948914
v -256.946381 5.471826 -51.063911
v -256.946381 4.494990 -51.063911
v -257.406830 4.603967 -55.714218
v -254.307083 4.603966 -56.061913
v -254.394196 4.532335 -56.149124
v -257.341217 4.532332 -55.818565
v -254.525681 2.784379 -58.010818
v -254.594910 2.844449 -57.938568
v -257.625427 2.784380 -57.663124
v -257.541931 2.844447 -57.608009
v -257.191986 2.784174 -53.798889
v -254.092239 2.784173 -54.146584
v -254.175674 2.844650 -54.201012
v -257.122711 2.844650 -53.870453
v -254.372803 4.531721 -55.958385
v -257.319824 4.531721 -55.627827
v -254.390610 4.513164 -56.117203
v -257.337646 4.513161 -55.786644
v -254.591324 2.825278 -57.906643
v -257.538361 2.825277 -57.576084
v -254.179276 2.825685 -54.233150
v -257.126312 2.825685 -53.902588
v -254.376404 4.512754 -55.990528
v -257.323425 4.512755 -55.659969
v -254.446869 2.795948 -57.987152
v -254.231873 4.603966 -56.070347
v -254.231873 4.494881 -56.070347
v -254.446869 2.679212 -57.987152
v -254.020615 2.795946 -54.186985
v -254.020615 2.679210 -54.186985
v -254.307083 4.494881 -56.061913
v -254.522079 2.795948 -57.978714
v -254.522079 2.679212 -57.978714
v -254.095825 2.679210 -54.178551
v -254.095825 2.795946 -54.178551
v -264.151550 3.778954 -49.049381
v -266.889984 2.792893 -56.054935
v -265.850433 2.792891 -46.787239
v -255.202606 2.793057 -53.976185
v -256.684326 3.778786 -49.886848
v -254.538620 2.793055 -48.056644
v -254.622910 2.791272 -47.936771
v -264.036743 3.780570 -48.959221
v -265.741211 2.791274 -46.689659
v -254.293396 2.644474 -47.783279
v -254.450668 2.758078 -47.886353
v -254.279694 2.679055 -47.774303
v -266.029175 2.644476 -46.466908
v -265.995056 2.632949 -46.502262
v -266.040527 2.679056 -46.455120
v -254.279694 2.758078 -47.774303
v -255.192444 2.632950 -54.499332
v -255.192444 2.758080 -54.499332
v -254.450668 2.632948 -47.886353
v -265.898621 2.758080 -46.602264
v -265.898621 2.632949 -46.602264
v -266.966614 2.758082 -56.123661
v -255.081818 2.632950 -54.511742
v -255.047455 2.644476 -54.515598
v -254.524719 2.820424 -48.058205
v -254.621429 2.818994 -47.923576
v -255.035995 2.679057 -54.516880
v -266.040527 2.758080 -46.455120
v -267.111603 2.644478 -56.107399
v -254.334473 2.632948 -47.810204
v -265.864288 2.820293 -46.785686
v -265.739716 2.818996 -46.676464
v -264.086365 3.842783 -49.016438
v -264.975433 3.806358 -56.269684
v -264.165375 3.806356 -49.047829
v -266.980469 2.785485 -56.122108
v -266.903809 2.820295 -56.053383
v -256.740479 3.842773 -49.840416
v -256.774902 3.808292 -49.760403
v -256.670441 3.806158 -49.888405
v -265.904877 2.787102 -46.594311
v -255.126022 2.785449 -54.032829
v -257.222290 3.806160 -54.808231
v -255.188705 2.820426 -53.977745
v -257.304077 3.841137 -54.923473
v -264.079773 3.813767 -49.024136
v -264.961609 3.778956 -56.271236
v -256.776398 3.780569 -49.773598
v -255.139938 2.758080 -54.031269
v -257.236176 3.778788 -54.806675
v -267.123047 2.758082 -56.106113
v -267.123047 2.679058 -56.106113
v -257.317963 3.813768 -54.921913
v -266.966614 2.632951 -56.123661
v -264.902069 3.813769 -56.355236
v -264.035248 3.808292 -48.946026
v -264.915924 3.841171 -56.353683
v -264.151398 3.778680 -49.049397
v -265.850311 2.792616 -46.787254
v -266.889832 2.792618 -56.054951
v -254.442795 2.787094 -47.879955
v -256.748657 3.813766 -49.846447
v -255.202744 2.792783 -53.976170
v -254.538757 2.792781 -48.056629
v -256.684479 3.778513 -49.886833
v -254.622925 2.790994 -47.936905
v -265.741211 2.790996 -46.689793
v -264.036743 3.780293 -48.959354
v -254.294571 2.645071 -47.783703
v -254.280106 2.679100 -47.774887
v -254.450806 2.757627 -47.886032
v -266.028595 2.644279 -46.465488
v -266.055420 2.674314 -46.440117
v -265.995239 2.633314 -46.502499
v -254.280518 2.757498 -47.774502
v -254.445618 2.642225 -47.886856
v -255.192093 2.757772 -54.499062
v -265.898407 2.757293 -46.602146
v -265.899414 2.634290 -46.602093
v -266.966888 2.757775 -56.123322
v -255.081833 2.633275 -54.511452
v -255.047913 2.644687 -54.515320
v -254.452682 2.758716 -47.887241
v -254.621201 2.818566 -47.923473
v -254.524780 2.819817 -48.057751
v -255.036301 2.679110 -54.516560
v -266.042084 2.757508 -46.455662
v -267.111084 2.644688 -56.107231
v -266.904022 2.819296 -56.053452
v -266.965118 2.758588 -56.121849
v -264.974518 3.805922 -56.269878
v -254.334351 2.633312 -47.810474
v -265.863831 2.819761 -46.785366
v -265.739960 2.818452 -46.676552
v -265.898682 2.758327 -46.601833
v -264.088287 3.840848 -49.015820
v -264.164917 3.806123 -49.047810
v -266.979889 2.785158 -56.121487
v -256.738495 3.840845 -49.840240
v -256.670868 3.805925 -49.888298
v -256.774628 3.807986 -49.760872
v -265.905334 2.786990 -46.594547
v -255.126755 2.785351 -54.032711
v -255.188873 2.819872 -53.978115
v -257.222748 3.805928 -54.808147
v -257.303986 3.840819 -54.924099
v -264.079987 3.813564 -49.023369
v -264.151581 3.779446 -49.049007
v -264.036896 3.780971 -48.959297
v -264.961945 3.779715 -56.271832
v -266.890411 2.793028 -56.055195
v -265.851044 2.793422 -46.786705
v -254.537903 2.793590 -48.056252
v -256.684235 3.779278 -49.886497
v -256.776245 3.780970 -49.773708
v -255.141876 2.758972 -54.030212
v -255.202209 2.793164 -53.976440
v -257.235565 3.780115 -54.807999
v -254.622696 2.791447 -47.936386
v -265.742554 2.793621 -46.688534
v -267.122711 2.679112 -56.105865
v -267.122711 2.757773 -56.105843
v -257.318451 3.814256 -54.921902
v -264.961456 3.778682 -56.271252
v -257.236328 3.778515 -54.806656
v -256.776398 3.780292 -49.773731
v -266.966888 2.633259 -56.123322
v -255.192093 2.633257 -54.499062
v -264.035645 3.807987 -48.946419
v -264.916748 3.840335 -56.353504
v -254.444580 2.786311 -47.880226
v -264.902191 3.814048 -56.354073
v -256.748291 3.813563 -49.845749
v -255.035995 2.758080 -54.516880
v -267.077240 2.632951 -56.111252
v -255.036270 2.757771 -54.516544
v -267.077148 2.633276 -56.110973
v -255.192444 2.582783 -54.499332
v -254.450668 2.582781 -47.886353
v -265.898621 2.582782 -46.602264
v -266.966614 2.582784 -56.123661
v -264.079773 2.582782 -49.024136
v -256.748657 2.582781 -49.846447
v -264.902069 2.582784 -56.355236
v -257.244751 2.582783 -54.269131
v -255.059662 1.107056 -52.535641
v -255.039093 1.107056 -52.352364
v -254.991058 1.107054 -52.314011
v -255.021301 1.107056 -52.583687
v -255.222382 1.107056 -52.331806
v -255.260727 1.107054 -52.283764
v -255.242935 1.107056 -52.515083
v -255.290985 1.107056 -52.553440
v -255.039093 2.500688 -52.352364
v -255.059662 2.500688 -52.535641
v -255.021301 2.500688 -52.583687
v -254.991058 2.500688 -52.314011
v -255.242935 2.500688 -52.515083
v -255.290985 2.500688 -52.553440
v -255.222382 2.500688 -52.331806
v -255.260727 2.500688 -52.283764
v -255.021301 0.092708 -52.583687
v -254.991058 0.092708 -52.314011
v -254.943008 0.092708 -52.275658
v -254.982956 0.092708 -52.631729
v -255.260727 0.092708 -52.283764
v -255.299088 0.092708 -52.235722
v -255.290985 0.092708 -52.553440
v -255.339020 0.092708 -52.591793
v -254.827698 1.107054 -50.467739
v -254.807144 1.107054 -50.284462
v -254.759109 1.107054 -50.246109
v -254.789352 1.107054 -50.515785
v -254.990417 1.107054 -50.263905
v -255.028778 1.107054 -50.215862
v -255.010986 1.107054 -50.447182
v -255.059021 1.107054 -50.485538
v -254.807144 2.500686 -50.284462
v -254.827698 2.500686 -50.467739
v -254.789352 2.500686 -50.515785
v -254.759094 2.500686 -50.246109
v -255.010986 2.500686 -50.447182
v -255.059021 2.500686 -50.485538
v -254.990417 2.500686 -50.263905
v -255.028778 2.500686 -50.215862
v -254.789352 0.092706 -50.515785
v -254.759109 0.092706 -50.246109
v -254.711060 0.092706 -50.207756
v -254.751007 0.092706 -50.563831
v -255.028778 0.092706 -50.215862
v -255.067139 0.092706 -50.167820
v -255.059021 0.092706 -50.485538
v -255.107071 0.092706 -50.523895
v -254.567322 1.107054 -48.146339
v -254.546768 1.107054 -47.963066
v -254.498718 1.107054 -47.924706
v -254.528961 1.107054 -48.194386
v -254.730042 1.107054 -47.942509
v -254.768387 1.107054 -47.894459
v -254.750595 1.107054 -48.125782
v -254.798645 1.107054 -48.164139
v -254.546768 2.500686 -47.963066
v -254.567322 2.500686 -48.146339
v -254.528961 2.500686 -48.194386
v -254.498718 2.500686 -47.924706
v -254.750595 2.500686 -48.125782
v -254.798645 2.500686 -48.164139
v -254.730042 2.500686 -47.942509
v -254.768387 2.500686 -47.894459
v -254.528961 0.092706 -48.194386
v -254.498718 0.092706 -47.924706
v -254.450668 0.092706 -47.886353
v -254.490616 0.092706 -48.242424
v -254.768387 0.092706 -47.894459
v -254.806747 0.092706 -47.846416
v -254.798645 0.092706 -48.164139
v -254.846680 0.092706 -48.202488
v -257.009247 1.107055 -47.872437
v -256.988678 1.107055 -47.689163
v -256.940643 1.107055 -47.650803
v -256.970886 1.107055 -47.920483
v -257.171967 1.107055 -47.668606
v -257.210297 1.107055 -47.620552
v -257.192505 1.107055 -47.851879
v -257.240570 1.107055 -47.890232
v -256.988678 2.500687 -47.689163
v -257.009247 2.500687 -47.872437
v -256.970886 2.500687 -47.920483
v -256.940643 2.500687 -47.650803
v -257.192505 2.500687 -47.851879
v -257.240570 2.500687 -47.890232
v -257.171967 2.500687 -47.668606
v -257.210297 2.500687 -47.620552
v -256.970886 0.092706 -47.920483
v -256.940643 0.092706 -47.650803
v -256.892578 0.092706 -47.612450
v -256.932526 0.092706 -47.968521
v -257.210297 0.092706 -47.620552
v -257.248657 0.092706 -47.572510
v -257.240570 0.092706 -47.890232
v -257.288605 0.092706 -47.928581
v -259.637482 1.107055 -47.577633
v -259.616913 1.107055 -47.394360
v -259.568878 1.107055 -47.355999
v -259.599121 1.107055 -47.625679
v -259.800201 1.107055 -47.373802
v -259.838562 1.107055 -47.325748
v -259.820770 1.107055 -47.557076
v -259.868805 1.107055 -47.595428
v -259.616913 2.500687 -47.394360
v -259.637482 2.500687 -47.577633
v -259.599121 2.500687 -47.625679
v -259.568878 2.500687 -47.355999
v -259.820770 2.500687 -47.557076
v -259.868805 2.500687 -47.595428
v -259.800201 2.500687 -47.373802
v -259.838562 2.500687 -47.325748
v -259.599121 0.092707 -47.625679
v -259.568878 0.092707 -47.355999
v -259.520844 0.092707 -47.317646
v -259.560760 0.092707 -47.673717
v -259.838562 0.092707 -47.325748
v -259.876923 0.092707 -47.277706
v -259.868805 0.092707 -47.595428
v -259.916840 0.092707 -47.633778
v -262.081238 1.107056 -47.303520
v -262.060699 1.107056 -47.120247
v -262.012634 1.107056 -47.081886
v -262.042908 1.107056 -47.351566
v -262.243958 1.107056 -47.099689
v -262.282318 1.107056 -47.051640
v -262.264526 1.107056 -47.282963
v -262.312561 1.107056 -47.321320
v -262.060699 2.500687 -47.120247
v -262.081238 2.500687 -47.303520
v -262.042908 2.500687 -47.351566
v -262.012634 2.500687 -47.081886
v -262.264526 2.500687 -47.282963
v -262.312561 2.500687 -47.321320
v -262.243958 2.500687 -47.099689
v -262.282318 2.500687 -47.051640
v -262.042908 0.092707 -47.351566
v -262.012634 0.092707 -47.081886
v -261.964600 0.092707 -47.043533
v -262.004547 0.092707 -47.399605
v -262.282318 0.092707 -47.051640
v -262.320679 0.092707 -47.003593
v -262.312561 0.092707 -47.321320
v -262.360626 0.092707 -47.359665
v -263.850586 1.107056 -47.105057
v -263.830048 1.107056 -46.921783
v -263.781982 1.107056 -46.883423
v -263.812225 1.107056 -47.153103
v -264.013306 1.107056 -46.901226
v -264.051666 1.107056 -46.853176
v -264.033875 1.107056 -47.084499
v -264.081909 1.107056 -47.122856
v -263.830048 2.500687 -46.921783
v -263.850586 2.500687 -47.105057
v -263.812225 2.500687 -47.153103
v -263.781982 2.500687 -46.883423
v -264.033875 2.500687 -47.084499
v -264.081909 2.500687 -47.122856
v -264.013306 2.500687 -46.901226
v -264.051666 2.500687 -46.853176
v -263.812225 0.092708 -47.153103
v -263.781982 0.092708 -46.883423
v -263.733948 0.092708 -46.845074
v -263.773895 0.092708 -47.201145
v -264.051666 0.092708 -46.853176
v -264.090027 0.092708 -46.805134
v -264.081909 0.092708 -47.122856
v -264.129944 0.092708 -47.161205
v -265.659210 1.107056 -46.902191
v -265.638641 1.107056 -46.718918
v -265.590607 1.107056 -46.680557
v -265.620850 1.107056 -46.950237
v -265.821930 1.107056 -46.698360
v -265.860291 1.107056 -46.650307
v -265.842468 1.107056 -46.881634
v -265.890533 1.107056 -46.919987
v -265.638641 2.500688 -46.718918
v -265.659210 2.500688 -46.902191
v -265.620850 2.500688 -46.950237
v -265.590607 2.500688 -46.680557
v -265.842468 2.500688 -46.881634
v -265.890533 2.500688 -46.919987
v -265.821930 2.500688 -46.698360
v -265.860291 2.500688 -46.650307
v -265.620850 0.092708 -46.950237
v -265.590607 0.092708 -46.680557
v -265.542542 0.092708 -46.642204
v -265.582489 0.092708 -46.998276
v -265.860291 0.092708 -46.650307
v -265.898621 0.092708 -46.602264
v -265.890533 0.092708 -46.919987
v -265.938568 0.092708 -46.958336
v -265.937378 1.107056 -49.382118
v -265.916809 1.107056 -49.198837
v -265.868774 1.107056 -49.160484
v -265.899017 1.107056 -49.430161
v -266.100098 1.107056 -49.178280
v -266.138458 1.107056 -49.130234
v -266.120636 1.107056 -49.361561
v -266.168701 1.107056 -49.399910
v -265.916809 2.500688 -49.198837
v -265.937378 2.500688 -49.382118
v -265.899017 2.500688 -49.430161
v -265.868774 2.500688 -49.160484
v -266.120636 2.500688 -49.361561
v -266.168701 2.500688 -49.399910
v -266.100098 2.500688 -49.178280
v -266.138458 2.500688 -49.130234
v -265.899017 0.092708 -49.430161
v -265.868774 0.092708 -49.160484
v -265.820709 0.092708 -49.122131
v -265.860657 0.092708 -49.478203
v -266.138458 0.092708 -49.130234
v -266.176788 0.092708 -49.082191
v -266.168701 0.092708 -49.399910
v -266.216736 0.092708 -49.438263
v -266.354614 1.107058 -53.101986
v -266.334045 1.107058 -52.918709
v -266.286011 1.107058 -52.880352
v -266.316254 1.107058 -53.150028
v -266.517334 1.107058 -52.898151
v -266.555695 1.107058 -52.850101
v -266.537903 1.107058 -53.081429
v -266.585938 1.107058 -53.119778
v -266.334045 2.500690 -52.918709
v -266.354614 2.500690 -53.101986
v -266.316254 2.500690 -53.150028
v -266.286011 2.500690 -52.880352
v -266.537903 2.500690 -53.081429
v -266.585938 2.500690 -53.119778
v -266.517334 2.500690 -52.898151
v -266.555695 2.500690 -52.850101
v -266.316254 0.092710 -53.150028
v -266.286011 0.092710 -52.880352
v -266.237976 0.092710 -52.841995
v -266.277924 0.092710 -53.198071
v -266.555695 0.092710 -52.850101
v -266.594055 0.092710 -52.802055
v -266.585938 0.092710 -53.119778
v -266.633972 0.092710 -53.158131
v -266.687256 1.107058 -56.067516
v -266.666687 1.107058 -55.884239
v -266.618652 1.107058 -55.845882
v -266.648895 1.107058 -56.115559
v -266.849976 1.107058 -55.863682
v -266.888336 1.107058 -55.815632
v -266.870544 1.107058 -56.046959
v -266.918579 1.107058 -56.085308
v -266.666687 2.500690 -55.884239
v -266.687256 2.500690 -56.067516
v -266.648895 2.500690 -56.115559
v -266.618652 2.500690 -55.845882
v -266.870544 2.500690 -56.046959
v -266.918579 2.500690 -56.085308
v -266.849976 2.500690 -55.863682
v -266.888336 2.500690 -55.815632
v -266.648895 0.092710 -56.115559
v -266.618652 0.092710 -55.845882
v -266.570618 0.092710 -55.807529
v -266.610535 0.092710 -56.163601
v -266.888336 0.092710 -55.815632
v -266.926697 0.092710 -55.767590
v -266.918579 0.092710 -56.085308
v -266.966614 0.092710 -56.123661
v -254.982956 0.000494 -52.631729
v -254.943008 0.000494 -52.275658
v -255.339020 0.000494 -52.591793
v -255.299088 0.000494 -52.235722
v -255.021301 2.582472 -52.583687
v -254.991058 2.582472 -52.314011
v -255.290985 2.582472 -52.553440
v -255.260727 2.582472 -52.283764
v -254.751007 0.000492 -50.563831
v -254.711060 0.000492 -50.207756
v -255.107071 0.000492 -50.523895
v -255.067139 0.000492 -50.167820
v -254.789352 2.582470 -50.515785
v -254.759094 2.582470 -50.246109
v -255.059021 2.582470 -50.485538
v -255.028778 2.582470 -50.215862
v -254.490616 0.000492 -48.242424
v -254.846680 0.000492 -48.202488
v -254.806747 0.000492 -47.846416
v -254.528961 2.582470 -48.194386
v -254.498718 2.582470 -47.924706
v -254.798645 2.582470 -48.164139
v -254.768387 2.582470 -47.894459
v -256.932526 0.000493 -47.968521
v -256.892578 0.000493 -47.612450
v -257.288605 0.000493 -47.928581
v -257.248657 0.000493 -47.572510
v -256.970886 2.582470 -47.920483
v -256.940643 2.582470 -47.650803
v -257.240570 2.582470 -47.890232
v -257.210297 2.582470 -47.620552
v -259.560760 0.000493 -47.673717
v -259.520844 0.000493 -47.317646
v -259.916840 0.000493 -47.633778
v -259.876923 0.000493 -47.277706
v -259.599121 2.582471 -47.625679
v -259.568878 2.582471 -47.355999
v -259.868805 2.582471 -47.595428
v -259.838562 2.582471 -47.325748
v -262.004547 0.000494 -47.399605
v -261.964600 0.000494 -47.043533
v -262.360626 0.000494 -47.359665
v -262.320679 0.000494 -47.003593
v -262.042908 2.582471 -47.351566
v -262.012634 2.582471 -47.081886
v -262.312561 2.582471 -47.321320
v -262.282318 2.582471 -47.051640
v -263.773895 0.000494 -47.201145
v -263.733948 0.000494 -46.845074
v -264.129944 0.000494 -47.161205
v -264.090027 0.000494 -46.805134
v -263.812225 2.582472 -47.153103
v -263.781982 2.582472 -46.883423
v -264.081909 2.582472 -47.122856
v -264.051666 2.582472 -46.853176
v -265.582489 0.000494 -46.998276
v -265.542542 0.000494 -46.642204
v -265.938568 0.000495 -46.958336
v -265.620850 2.582472 -46.950237
v -265.590607 2.582472 -46.680557
v -265.890533 2.582472 -46.919987
v -265.860291 2.582472 -46.650307
v -265.860657 0.000494 -49.478203
v -265.820709 0.000494 -49.122131
v -266.216736 0.000495 -49.438263
v -266.176788 0.000495 -49.082191
v -265.899017 2.582472 -49.430161
v -265.868774 2.582472 -49.160484
v -266.168701 2.582472 -49.399910
v -266.138458 2.582472 -49.130234
v -266.277924 0.000496 -53.198071
v -266.237976 0.000496 -52.841995
v -266.633972 0.000497 -53.158131
v -266.594055 0.000497 -52.802055
v -266.316254 2.582474 -53.150028
v -266.286011 2.582474 -52.880352
v -266.585938 2.582474 -53.119778
v -266.555695 2.582474 -52.850101
v -266.610535 0.000496 -56.163601
v -266.570618 0.000496 -55.807529
v -266.926697 0.000497 -55.767590
v -266.648895 2.582474 -56.115559
v -266.618652 2.582474 -55.845882
v -266.918579 2.582474 -56.085308
v -266.888336 2.582474 -55.815632
v -254.633255 0.922627 -48.182690
v -254.694351 0.922627 -48.175835
v -255.156433 0.922629 -52.295460
v -255.095352 0.922629 -52.302315
v -254.633255 0.984103 -48.182690
v -255.095352 0.984105 -52.302315
v -255.156433 0.984105 -52.295460
v -254.694351 0.984103 -48.175835
v -255.094559 0.000492 -52.157368
v -255.097977 0.000494 -52.187916
v -255.097977 0.922629 -52.187916
v -255.094559 0.922629 -52.157368
v -255.128525 0.000494 -52.184486
v -255.128525 0.922629 -52.184486
v -255.125092 0.000492 -52.153938
v -255.125092 0.922629 -52.153938
v -255.078842 0.000492 -52.017307
v -255.082275 0.000492 -52.047855
v -255.082275 0.922627 -52.047855
v -255.078842 0.922627 -52.017307
v -255.112808 0.000492 -52.044426
v -255.112808 0.922627 -52.044426
v -255.109390 0.000492 -52.013878
v -255.109390 0.922627 -52.013878
v -255.063141 0.000492 -51.877247
v -255.066559 0.000492 -51.907791
v -255.066559 0.922627 -51.907791
v -255.063141 0.922627 -51.877247
v -255.097107 0.000492 -51.904362
v -255.097107 0.922627 -51.904362
v -255.093674 0.000492 -51.873817
v -255.093674 0.922627 -51.873817
v -255.047424 0.000492 -51.737183
v -255.050842 0.000492 -51.767727
v -255.050842 0.922627 -51.767727
v -255.047424 0.922627 -51.737183
v -255.081390 0.000492 -51.764297
v -255.081390 0.922627 -51.764297
v -255.077972 0.000492 -51.733753
v -255.077972 0.922627 -51.733753
v -255.031708 0.000492 -51.597122
v -255.035141 0.000492 -51.627670
v -255.035141 0.922627 -51.627670
v -255.031708 0.922627 -51.597122
v -255.065689 0.000492 -51.624241
v -255.065689 0.922627 -51.624241
v -255.062256 0.000492 -51.593693
v -255.062256 0.922627 -51.593693
v -255.016006 0.000492 -51.457058
v -255.019424 0.000492 -51.487606
v -255.019424 0.922627 -51.487606
v -255.016006 0.922627 -51.457058
v -255.049973 0.000492 -51.484177
v -255.049973 0.922627 -51.484177
v -255.046539 0.000492 -51.453629
v -255.046539 0.922627 -51.453629
v -255.000290 0.000492 -51.316998
v -255.003723 0.000492 -51.347546
v -255.003723 0.922627 -51.347546
v -255.000290 0.922627 -51.316998
v -255.034271 0.000492 -51.344116
v -255.034271 0.922627 -51.344116
v -255.030838 0.000492 -51.313568
v -255.030838 0.922627 -51.313568
v -254.984589 0.000492 -51.176937
v -254.988007 0.000492 -51.207481
v -254.988007 0.922627 -51.207481
v -254.984589 0.922627 -51.176937
v -255.018555 0.000492 -51.204052
v -255.018555 0.922627 -51.204052
v -255.015121 0.000492 -51.173508
v -255.015121 0.922627 -51.173508
v -254.968872 0.000492 -51.036873
v -254.972290 0.000492 -51.067417
v -254.972290 0.922627 -51.067417
v -254.968872 0.922627 -51.036873
v -255.002838 0.000492 -51.063988
v -255.002838 0.922627 -51.063988
v -254.999420 0.000492 -51.033443
v -254.999420 0.922627 -51.033443
v -254.953156 0.000492 -50.896812
v -254.956589 0.000492 -50.927361
v -254.956589 0.922627 -50.927361
v -254.953156 0.922627 -50.896812
v -254.987137 0.000492 -50.923931
v -254.987137 0.922627 -50.923931
v -254.983704 0.000492 -50.893383
v -254.983704 0.922627 -50.893383
v -254.937454 0.000492 -50.756752
v -254.940872 0.000492 -50.787296
v -254.940872 0.922627 -50.787296
v -254.937454 0.922627 -50.756752
v -254.971420 0.000492 -50.783867
v -254.971420 0.922627 -50.783867
v -254.967987 0.000492 -50.753323
v -254.967987 0.922627 -50.753323
v -254.921738 0.000492 -50.616688
v -254.925171 0.000492 -50.647232
v -254.925171 0.922627 -50.647232
v -254.921738 0.922627 -50.616688
v -254.955719 0.000492 -50.643803
v -254.955719 0.922627 -50.643803
v -254.952286 0.000492 -50.613258
v -254.952286 0.922627 -50.613258
v -254.858902 0.000492 -50.056442
v -254.862320 0.000492 -50.086987
v -254.862320 0.922627 -50.086987
v -254.858902 0.922627 -50.056442
v -254.892868 0.000492 -50.083557
v -254.892868 0.922627 -50.083557
v -254.889450 0.000492 -50.053013
v -254.889450 0.922627 -50.053013
v -254.843185 0.000492 -49.916378
v -254.846619 0.000492 -49.946922
v -254.846619 0.922627 -49.946922
v -254.843185 0.922627 -49.916378
v -254.877167 0.000492 -49.943493
v -254.877167 0.922627 -49.943493
v -254.873734 0.000492 -49.912949
v -254.873734 0.922627 -49.912949
v -254.827484 0.000492 -49.776318
v -254.830902 0.000492 -49.806862
v -254.830902 0.922627 -49.806862
v -254.827484 0.922627 -49.776318
v -254.861450 0.000492 -49.803432
v -254.861450 0.922627 -49.803432
v -254.858017 0.000492 -49.772888
v -254.858017 0.922627 -49.772888
v -254.811768 0.000492 -49.636257
v -254.815186 0.000492 -49.666801
v -254.815186 0.922627 -49.666801
v -254.811768 0.922627 -49.636257
v -254.845734 0.000492 -49.663372
v -254.845734 0.922627 -49.663372
v -254.842316 0.000492 -49.632828
v -254.842316 0.922627 -49.632828
v -254.796051 0.000492 -49.496193
v -254.799484 0.000492 -49.526741
v -254.799484 0.922627 -49.526741
v -254.796051 0.922627 -49.496193
v -254.830032 0.000492 -49.523312
v -254.830032 0.922627 -49.523312
v -254.826599 0.000492 -49.492764
v -254.826599 0.922627 -49.492764
v -254.780350 0.000492 -49.356133
v -254.783768 0.000492 -49.386677
v -254.783768 0.922627 -49.386677
v -254.780350 0.922627 -49.356133
v -254.814316 0.000492 -49.383247
v -254.814316 0.922627 -49.383247
v -254.810898 0.000492 -49.352703
v -254.810898 0.922627 -49.352703
v -254.764633 0.000492 -49.216072
v -254.768066 0.000492 -49.246616
v -254.768066 0.922627 -49.246616
v -254.764633 0.922627 -49.216072
v -254.798615 0.000492 -49.243187
v -254.798615 0.922627 -49.243187
v -254.795181 0.000492 -49.212643
v -254.795181 0.922627 -49.212643
v -254.748932 0.000492 -49.076008
v -254.752350 0.000492 -49.106556
v -254.752350 0.922627 -49.106556
v -254.748932 0.922627 -49.076008
v -254.782898 0.000492 -49.103127
v -254.782898 0.922627 -49.103127
v -254.779465 0.000492 -49.072578
v -254.779465 0.922627 -49.072578
v -254.733215 0.000492 -48.935947
v -254.736633 0.000492 -48.966492
v -254.736633 0.922627 -48.966492
v -254.733215 0.922627 -48.935947
v -254.767181 0.000492 -48.963062
v -254.767181 0.922627 -48.963062
v -254.763763 0.000492 -48.932518
v -254.763763 0.922627 -48.932518
v -254.717499 0.000492 -48.795887
v -254.720932 0.000492 -48.826431
v -254.720932 0.922627 -48.826431
v -254.717499 0.922627 -48.795887
v -254.751480 0.000492 -48.823002
v -254.751480 0.922627 -48.823002
v -254.748047 0.000492 -48.792458
v -254.748047 0.922627 -48.792458
v -254.701797 0.000492 -48.655823
v -254.705215 0.000492 -48.686367
v -254.705215 0.922627 -48.686367
v -254.701797 0.922627 -48.655823
v -254.735764 0.000492 -48.682938
v -254.735764 0.922627 -48.682938
v -254.732346 0.000492 -48.652393
v -254.732346 0.922627 -48.652393
v -254.686081 0.000492 -48.515759
v -254.689514 0.000492 -48.546310
v -254.689514 0.922627 -48.546310
v -254.686081 0.922627 -48.515759
v -254.720062 0.000492 -48.542881
v -254.720062 0.922627 -48.542881
v -254.716629 0.000492 -48.512329
v -254.716629 0.922627 -48.512329
v -254.670380 0.000492 -48.375698
v -254.673798 0.000492 -48.406250
v -254.673798 0.922627 -48.406250
v -254.670380 0.922627 -48.375698
v -254.704346 0.000492 -48.402821
v -254.704346 0.922627 -48.402821
v -254.700912 0.000492 -48.372269
v -254.700912 0.922627 -48.372269
v -254.654663 0.000492 -48.235634
v -254.658081 0.000492 -48.266186
v -254.658081 0.922627 -48.266186
v -254.654663 0.922627 -48.235634
v -254.688629 0.000492 -48.262756
v -254.688629 0.922627 -48.262756
v -254.685211 0.000492 -48.232204
v -254.685211 0.922627 -48.232204
v -254.881790 0.000492 -48.002331
v -254.851242 0.000492 -48.005756
v -254.851242 0.922627 -48.005756
v -254.881790 0.922627 -48.002331
v -254.854660 0.000492 -48.036301
v -254.854660 0.922627 -48.036301
v -254.885208 0.000492 -48.032875
v -254.885208 0.922627 -48.032875
v -255.021851 0.000492 -47.986622
v -254.991302 0.000492 -47.990047
v -254.991302 0.922627 -47.990047
v -255.021851 0.922627 -47.986622
v -254.994720 0.000492 -48.020592
v -254.994720 0.922627 -48.020592
v -255.025269 0.000492 -48.017166
v -255.025269 0.922627 -48.017166
v -255.161911 0.000492 -47.970909
v -255.131363 0.000492 -47.974339
v -255.131363 0.922627 -47.974339
v -255.161911 0.922627 -47.970909
v -255.134796 0.000492 -48.004883
v -255.134796 0.922627 -48.004883
v -255.165344 0.000492 -48.001453
v -255.165344 0.922627 -48.001453
v -255.301971 0.000492 -47.955200
v -255.271423 0.000492 -47.958626
v -255.271423 0.922627 -47.958626
v -255.301971 0.922627 -47.955200
v -255.274857 0.000492 -47.989170
v -255.274857 0.922627 -47.989170
v -255.305389 0.000492 -47.985744
v -255.305389 0.922627 -47.985744
v -255.442032 0.000492 -47.939491
v -255.411484 0.000492 -47.942917
v -255.411484 0.922627 -47.942917
v -255.442032 0.922627 -47.939491
v -255.414917 0.000492 -47.973461
v -255.414917 0.922627 -47.973461
v -255.445465 0.000492 -47.970036
v -255.445465 0.922627 -47.970036
v -255.582092 0.000492 -47.923779
v -255.551544 0.000492 -47.927208
v -255.551544 0.922627 -47.927208
v -255.582092 0.922627 -47.923779
v -255.554977 0.000492 -47.957752
v -255.554977 0.922627 -47.957752
v -255.585526 0.000492 -47.954323
v -255.585526 0.922627 -47.954323
v -255.722153 0.000492 -47.908070
v -255.691605 0.000492 -47.911495
v -255.691605 0.922628 -47.911495
v -255.722153 0.922628 -47.908070
v -255.695038 0.000492 -47.942039
v -255.695038 0.922628 -47.942039
v -255.725586 0.000492 -47.938614
v -255.725586 0.922628 -47.938614
v -255.862213 0.000492 -47.892361
v -255.831665 0.000492 -47.895786
v -255.831665 0.922628 -47.895786
v -255.862213 0.922628 -47.892361
v -255.835098 0.000492 -47.926331
v -255.835098 0.922628 -47.926331
v -255.865646 0.000492 -47.922905
v -255.865646 0.922628 -47.922905
v -256.002289 0.000492 -47.876648
v -255.971741 0.000492 -47.880074
v -255.971741 0.922628 -47.880074
v -256.002289 0.922628 -47.876648
v -255.975159 0.000492 -47.910618
v -255.975159 0.922628 -47.910618
v -256.005707 0.000492 -47.907192
v -256.005707 0.922628 -47.907192
v -256.142334 0.000493 -47.860939
v -256.111786 0.000493 -47.864365
v -256.111786 0.922628 -47.864365
v -256.142334 0.922628 -47.860939
v -256.115234 0.000493 -47.894909
v -256.115234 0.922628 -47.894909
v -256.145782 0.000493 -47.891483
v -256.145782 0.922628 -47.891483
v -256.282410 0.000493 -47.845226
v -256.251862 0.000493 -47.848656
v -256.251862 0.922628 -47.848656
v -256.282410 0.922628 -47.845226
v -256.255280 0.000493 -47.879200
v -256.255280 0.922628 -47.879200
v -256.285828 0.000493 -47.875771
v -256.285828 0.922628 -47.875771
v -256.422455 0.000493 -47.829517
v -256.391907 0.000493 -47.832943
v -256.391907 0.922628 -47.832943
v -256.422455 0.922628 -47.829517
v -256.395355 0.000493 -47.863487
v -256.395355 0.922628 -47.863487
v -256.425903 0.000493 -47.860062
v -256.425903 0.922628 -47.860062
v -256.566071 0.000493 -47.813408
v -256.535522 0.000493 -47.816833
v -256.535522 0.922628 -47.816833
v -256.566071 0.922628 -47.813408
v -256.538940 0.000493 -47.847378
v -256.538940 0.922628 -47.847378
v -256.569489 0.000493 -47.843952
v -256.569489 0.922628 -47.843952
v -256.706146 0.000493 -47.797699
v -256.675598 0.000493 -47.801125
v -256.675598 0.922628 -47.801125
v -256.706146 0.922628 -47.797699
v -256.679016 0.000493 -47.831669
v -256.679016 0.922628 -47.831669
v -256.709564 0.000493 -47.828243
v -256.709564 0.922628 -47.828243
v -256.846191 0.000493 -47.781990
v -256.815643 0.000493 -47.785416
v -256.815643 0.922628 -47.785416
v -256.846191 0.922628 -47.781990
v -256.819092 0.000493 -47.815960
v -256.819092 0.922628 -47.815960
v -256.849609 0.000493 -47.812534
v -256.849609 0.922628 -47.812534
v -257.370453 0.000493 -47.723186
v -257.339905 0.000493 -47.726612
v -257.339905 0.922628 -47.726612
v -257.370453 0.922628 -47.723186
v -257.343323 0.000493 -47.757156
v -257.343323 0.922628 -47.757156
v -257.373871 0.000493 -47.753731
v -257.373871 0.922628 -47.753731
v -257.510498 0.000493 -47.707474
v -257.479950 0.000493 -47.710899
v -257.479950 0.922628 -47.710903
v -257.510498 0.922628 -47.707474
v -257.483398 0.000493 -47.741444
v -257.483368 0.922628 -47.741447
v -257.513916 0.000493 -47.738018
v -257.513916 0.922628 -47.738018
v -257.650574 0.000493 -47.691765
v -257.620026 0.000493 -47.695190
v -257.620026 0.922628 -47.695190
v -257.650574 0.922628 -47.691765
v -257.623444 0.000493 -47.725735
v -257.623444 0.922628 -47.725735
v -257.653992 0.000493 -47.722309
v -257.653992 0.922628 -47.722309
v -257.790619 0.000493 -47.676056
v -257.760071 0.000493 -47.679482
v -257.760071 0.922628 -47.679482
v -257.790619 0.922628 -47.676056
v -257.763519 0.000493 -47.710026
v -257.763519 0.922628 -47.710026
v -257.794037 0.000493 -47.706600
v -257.794037 0.922628 -47.706600
v -257.930695 0.000493 -47.660343
v -257.900146 0.000493 -47.663769
v -257.900146 0.922628 -47.663769
v -257.930695 0.922628 -47.660343
v -257.903564 0.000493 -47.694313
v -257.903564 0.922628 -47.694313
v -257.934113 0.000493 -47.690887
v -257.934113 0.922628 -47.690887
v -258.070740 0.000493 -47.644634
v -258.040192 0.000493 -47.648060
v -258.040192 0.922628 -47.648060
v -258.070740 0.922628 -47.644634
v -258.043640 0.000493 -47.678604
v -258.043640 0.922628 -47.678604
v -258.074188 0.000493 -47.675179
v -258.074188 0.922628 -47.675179
v -258.210815 0.000493 -47.628922
v -258.180267 0.000493 -47.632351
v -258.180267 0.922628 -47.632351
v -258.210815 0.922628 -47.628922
v -258.183685 0.000493 -47.662895
v -258.183685 0.922628 -47.662895
v -258.214233 0.000493 -47.659466
v -258.214233 0.922628 -47.659466
v -258.350861 0.000493 -47.613213
v -258.320312 0.000493 -47.616638
v -258.320312 0.922628 -47.616638
v -258.350861 0.922628 -47.613213
v -258.323761 0.000493 -47.647182
v -258.323761 0.922628 -47.647182
v -258.354309 0.000493 -47.643757
v -258.354309 0.922628 -47.643757
v -258.487274 0.000493 -47.597912
v -258.456726 0.000493 -47.601337
v -258.456726 0.922628 -47.601337
v -258.487274 0.922628 -47.597912
v -258.460144 0.000493 -47.631882
v -258.460144 0.922628 -47.631882
v -258.490692 0.000493 -47.628456
v -258.490692 0.922628 -47.628456
v -258.627350 0.000493 -47.582203
v -258.596802 0.000493 -47.585629
v -258.596802 0.922628 -47.585629
v -258.627350 0.922628 -47.582203
v -258.600220 0.000493 -47.616173
v -258.600220 0.922628 -47.616173
v -258.630768 0.000493 -47.612747
v -258.630768 0.922628 -47.612747
v -258.767395 0.000493 -47.566490
v -258.736847 0.000493 -47.569920
v -258.736847 0.922628 -47.569920
v -258.767395 0.922628 -47.566490
v -258.740295 0.000493 -47.600464
v -258.740295 0.922628 -47.600464
v -258.770844 0.000493 -47.597034
v -258.770844 0.922628 -47.597034
v -258.907471 0.000493 -47.550781
v -258.876923 0.000493 -47.554207
v -258.876923 0.922628 -47.554207
v -258.907471 0.922628 -47.550781
v -258.880341 0.000493 -47.584751
v -258.880341 0.922628 -47.584751
v -258.910889 0.000493 -47.581326
v -258.910889 0.922628 -47.581326
v -259.047516 0.000493 -47.535072
v -259.016968 0.000493 -47.538498
v -259.016968 0.922628 -47.538498
v -259.047516 0.922628 -47.535072
v -259.020416 0.000493 -47.569042
v -259.020416 0.922628 -47.569042
v -259.050964 0.000493 -47.565617
v -259.050964 0.922628 -47.565617
v -259.187592 0.000493 -47.519360
v -259.157043 0.000493 -47.522785
v -259.157043 0.922628 -47.522785
v -259.187592 0.922628 -47.519360
v -259.160461 0.000493 -47.553329
v -259.160461 0.922628 -47.553329
v -259.191010 0.000493 -47.549904
v -259.191010 0.922628 -47.549904
v -259.327637 0.000493 -47.503651
v -259.297119 0.000493 -47.507076
v -259.297119 0.922628 -47.507076
v -259.327637 0.922628 -47.503651
v -259.300537 0.000493 -47.537621
v -259.300537 0.922628 -47.537621
v -259.331085 0.000493 -47.534195
v -259.331085 0.922628 -47.534195
v -259.467712 0.000493 -47.487938
v -259.437164 0.000493 -47.491367
v -259.437164 0.922628 -47.491367
v -259.467712 0.922628 -47.487938
v -259.440582 0.000493 -47.521912
v -259.440582 0.922628 -47.521912
v -259.471130 0.000493 -47.518482
v -259.471130 0.922628 -47.518482
v -262.429047 0.000494 -47.155773
v -262.398499 0.000494 -47.159199
v -262.398499 0.922628 -47.159199
v -262.429047 0.922628 -47.155773
v -262.401917 0.000494 -47.189743
v -262.401917 0.922628 -47.189743
v -262.432465 0.000494 -47.186317
v -262.432465 0.922628 -47.186317
v -262.569122 0.000494 -47.140064
v -262.538574 0.000494 -47.143490
v -262.538574 0.922628 -47.143490
v -262.569122 0.922628 -47.140064
v -262.541992 0.000494 -47.174034
v -262.541992 0.922628 -47.174034
v -262.572540 0.000494 -47.170609
v -262.572540 0.922628 -47.170609
v -262.709167 0.000494 -47.124352
v -262.678619 0.000494 -47.127777
v -262.678619 0.922628 -47.127777
v -262.709167 0.922628 -47.124352
v -262.682037 0.000494 -47.158321
v -262.682037 0.922628 -47.158321
v -262.712585 0.000494 -47.154896
v -262.712585 0.922628 -47.154896
v -262.849243 0.000494 -47.108643
v -262.818695 0.000494 -47.112068
v -262.818695 0.922628 -47.112068
v -262.849243 0.922628 -47.108643
v -262.822113 0.000494 -47.142612
v -262.822113 0.922628 -47.142612
v -262.852661 0.000494 -47.139187
v -262.852661 0.922628 -47.139187
v -262.989288 0.000494 -47.092934
v -262.958740 0.000494 -47.096359
v -262.958740 0.922628 -47.096359
v -262.989288 0.922628 -47.092934
v -262.962189 0.000494 -47.126904
v -262.962189 0.922628 -47.126904
v -262.992737 0.000494 -47.123478
v -262.992737 0.922628 -47.123478
v -263.129364 0.000494 -47.077221
v -263.098816 0.000494 -47.080647
v -263.098816 0.922628 -47.080647
v -263.129364 0.922628 -47.077221
v -263.102234 0.000494 -47.111191
v -263.102234 0.922628 -47.111191
v -263.132782 0.000494 -47.107765
v -263.132782 0.922628 -47.107765
v -263.269409 0.000494 -47.061512
v -263.238861 0.000494 -47.064938
v -263.238861 0.922628 -47.064938
v -263.269409 0.922628 -47.061512
v -263.242310 0.000494 -47.095482
v -263.242310 0.922628 -47.095482
v -263.272858 0.000494 -47.092056
v -263.272858 0.922628 -47.092056
v -263.409485 0.000494 -47.045799
v -263.378937 0.000494 -47.049229
v -263.378937 0.922628 -47.049229
v -263.409485 0.922628 -47.045799
v -263.382355 0.000494 -47.079773
v -263.382355 0.922628 -47.079773
v -263.412903 0.000494 -47.076344
v -263.412903 0.922628 -47.076344
v -263.549530 0.000494 -47.030090
v -263.518982 0.000494 -47.033516
v -263.518982 0.922628 -47.033516
v -263.549530 0.922628 -47.030090
v -263.522430 0.000494 -47.064060
v -263.522430 0.922628 -47.064060
v -263.552979 0.000494 -47.060635
v -263.552979 0.922628 -47.060635
v -263.689606 0.000494 -47.014381
v -263.659058 0.000494 -47.017807
v -263.659058 0.922628 -47.017807
v -263.689606 0.922628 -47.014381
v -263.662476 0.000494 -47.048351
v -263.662476 0.922628 -47.048351
v -263.693024 0.000494 -47.044926
v -263.693024 0.922628 -47.044926
v -264.221741 0.000494 -46.954689
v -264.191193 0.000494 -46.958118
v -264.191193 0.922628 -46.958118
v -264.221741 0.922628 -46.954689
v -264.194641 0.000494 -46.988663
v -264.194641 0.922628 -46.988663
v -264.225189 0.000494 -46.985233
v -264.225189 0.922628 -46.985233
v -264.361816 0.000494 -46.938980
v -264.331268 0.000494 -46.942406
v -264.331268 0.922628 -46.942406
v -264.361816 0.922628 -46.938980
v -264.334686 0.000494 -46.972950
v -264.334686 0.922628 -46.972950
v -264.365234 0.000494 -46.969524
v -264.365234 0.922628 -46.969524
v -264.501862 0.000494 -46.923271
v -264.471313 0.000494 -46.926697
v -264.471313 0.922628 -46.926697
v -264.501862 0.922628 -46.923271
v -264.474762 0.000494 -46.957241
v -264.474762 0.922628 -46.957241
v -264.505310 0.000494 -46.953815
v -264.505310 0.922628 -46.953815
v -264.641937 0.000494 -46.907558
v -264.611389 0.000494 -46.910984
v -264.611389 0.922628 -46.910984
v -264.641937 0.922628 -46.907558
v -264.614807 0.000494 -46.941528
v -264.614807 0.922628 -46.941528
v -264.645355 0.000494 -46.938103
v -264.645355 0.922628 -46.938103
v -264.782013 0.000494 -46.891850
v -264.751465 0.000494 -46.895275
v -264.751465 0.922628 -46.895275
v -264.782013 0.922628 -46.891850
v -264.754883 0.000494 -46.925819
v -264.754883 0.922628 -46.925819
v -264.785431 0.000494 -46.922394
v -264.785431 0.922628 -46.922394
v -264.922058 0.000494 -46.876137
v -264.891510 0.000494 -46.879566
v -264.891510 0.922628 -46.879566
v -264.922058 0.922628 -46.876137
v -264.894928 0.000494 -46.910110
v -264.894928 0.922628 -46.910110
v -264.925476 0.000494 -46.906681
v -264.925476 0.922628 -46.906681
v -265.062134 0.000494 -46.860428
v -265.031586 0.000494 -46.863853
v -265.031586 0.922628 -46.863853
v -265.062134 0.922628 -46.860428
v -265.035004 0.000494 -46.894398
v -265.035004 0.922628 -46.894398
v -265.065552 0.000494 -46.890972
v -265.065552 0.922628 -46.890972
v -265.202179 0.000494 -46.844719
v -265.171631 0.000494 -46.848145
v -265.171631 0.922628 -46.848145
v -265.202179 0.922628 -46.844719
v -265.175079 0.000494 -46.878689
v -265.175079 0.922628 -46.878689
v -265.205597 0.000494 -46.875263
v -265.205597 0.922628 -46.875263
v -265.342255 0.000494 -46.829006
v -265.311707 0.000494 -46.832432
v -265.311707 0.922628 -46.832432
v -265.342255 0.922629 -46.829006
v -265.315125 0.000494 -46.862976
v -265.315125 0.922628 -46.862976
v -265.345673 0.000494 -46.859550
v -265.345673 0.922629 -46.859550
v -265.482300 0.000494 -46.813297
v -265.451752 0.000494 -46.816723
v -265.451752 0.922629 -46.816723
v -265.482300 0.922629 -46.813297
v -265.455200 0.000494 -46.847267
v -265.455200 0.922629 -46.847267
v -265.485748 0.000494 -46.843842
v -265.485748 0.922629 -46.843842
v -254.743698 0.922627 -48.064213
v -254.736847 0.922627 -48.003124
v -259.580414 0.922628 -47.459831
v -259.587280 0.922628 -47.520920
v -265.602081 0.922629 -46.784397
v -265.608917 0.922629 -46.845486
v -262.300354 0.922628 -47.216599
v -262.293488 0.922628 -47.155510
v -254.736847 0.984103 -48.003124
v -254.743698 0.984103 -48.064213
v -259.587280 0.984103 -47.520920
v -259.580414 0.984103 -47.459831
v -265.608917 0.984105 -46.845486
v -265.602081 0.984105 -46.784397
v -262.293488 0.984104 -47.155510
v -262.300354 0.984104 -47.216599
v -266.718750 0.000497 -55.689621
v -266.722168 0.000497 -55.720165
v -266.722168 0.922631 -55.720165
v -266.718750 0.922631 -55.689621
v -266.752716 0.000497 -55.716740
v -266.752716 0.922631 -55.716740
v -266.749298 0.000497 -55.686195
v -266.749298 0.922631 -55.686195
v -266.703033 0.000497 -55.549561
v -266.706451 0.000497 -55.580105
v -266.706451 0.922631 -55.580105
v -266.703033 0.922631 -55.549561
v -266.737000 0.000497 -55.576679
v -266.737000 0.922631 -55.576679
v -266.733582 0.000497 -55.546135
v -266.733582 0.922631 -55.546135
v -266.687317 0.000497 -55.409496
v -266.690735 0.000497 -55.440044
v -266.690735 0.922631 -55.440044
v -266.687317 0.922631 -55.409496
v -266.721283 0.000497 -55.436619
v -266.721283 0.922631 -55.436619
v -266.717865 0.000497 -55.406071
v -266.717865 0.922631 -55.406071
v -266.671600 0.000497 -55.269432
v -266.675049 0.000497 -55.299980
v -266.675049 0.922631 -55.299980
v -266.671600 0.922631 -55.269432
v -266.705566 0.000497 -55.296555
v -266.705566 0.922631 -55.296555
v -266.702148 0.000497 -55.266006
v -266.702148 0.922631 -55.266006
v -266.655914 0.000497 -55.129372
v -266.659332 0.000497 -55.159916
v -266.659332 0.922631 -55.159916
v -266.655914 0.922631 -55.129372
v -266.689880 0.000497 -55.156490
v -266.689880 0.922631 -55.156490
v -266.686432 0.000497 -55.125946
v -266.686432 0.922631 -55.125946
v -266.640198 0.000497 -54.989311
v -266.643616 0.000497 -55.019855
v -266.643616 0.922631 -55.019855
v -266.640198 0.922631 -54.989311
v -266.674164 0.000497 -55.016430
v -266.674164 0.922631 -55.016430
v -266.670746 0.000497 -54.985886
v -266.670746 0.922631 -54.985886
v -266.624481 0.000497 -54.849247
v -266.627899 0.000497 -54.879791
v -266.627899 0.922631 -54.879791
v -266.624481 0.922631 -54.849247
v -266.658447 0.000497 -54.876366
v -266.658447 0.922631 -54.876366
v -266.655029 0.000497 -54.845821
v -266.655029 0.922631 -54.845821
v -266.608765 0.000497 -54.709187
v -266.612183 0.000497 -54.739731
v -266.612183 0.922631 -54.739731
v -266.608765 0.922631 -54.709187
v -266.642731 0.000497 -54.736305
v -266.642731 0.922631 -54.736305
v -266.639313 0.000497 -54.705761
v -266.639313 0.922631 -54.705761
v -266.593048 0.000497 -54.569122
v -266.596497 0.000497 -54.599670
v -266.596497 0.922631 -54.599670
v -266.593048 0.922631 -54.569122
v -266.627014 0.000497 -54.596245
v -266.627014 0.922631 -54.596245
v -266.623596 0.000497 -54.565697
v -266.623596 0.922631 -54.565697
v -266.577362 0.000497 -54.429062
v -266.580780 0.000497 -54.459606
v -266.580780 0.922631 -54.459606
v -266.577362 0.922631 -54.429062
v -266.611328 0.000497 -54.456181
v -266.611328 0.922631 -54.456181
v -266.607880 0.000497 -54.425636
v -266.607880 0.922631 -54.425636
v -266.561646 0.000497 -54.289001
v -266.565063 0.000497 -54.319546
v -266.565063 0.922631 -54.319546
v -266.561646 0.922631 -54.289001
v -266.595612 0.000497 -54.316120
v -266.595612 0.922631 -54.316120
v -266.592194 0.000497 -54.285576
v -266.592194 0.922631 -54.285576
v -266.545929 0.000497 -54.148941
v -266.549347 0.000497 -54.179485
v -266.549347 0.922631 -54.179485
v -266.545929 0.922631 -54.148941
v -266.579895 0.000497 -54.176060
v -266.579895 0.922631 -54.176060
v -266.576477 0.000497 -54.145515
v -266.576477 0.922631 -54.145515
v -266.529816 0.000497 -54.005329
v -266.533234 0.000497 -54.035877
v -266.533234 0.922631 -54.035877
v -266.529816 0.922631 -54.005329
v -266.563782 0.000497 -54.032452
v -266.563782 0.922631 -54.032452
v -266.560364 0.000497 -54.001904
v -266.560364 0.922631 -54.001904
v -266.514099 0.000497 -53.865269
v -266.517548 0.000497 -53.895817
v -266.517548 0.922631 -53.895817
v -266.514099 0.922631 -53.865269
v -266.548065 0.000497 -53.892391
v -266.548065 0.922631 -53.892391
v -266.544647 0.000497 -53.861843
v -266.544647 0.922631 -53.861843
v -266.498383 0.000497 -53.725204
v -266.501831 0.000497 -53.755753
v -266.501831 0.922631 -53.755753
v -266.498383 0.922631 -53.725204
v -266.532379 0.000497 -53.752327
v -266.532379 0.922631 -53.752327
v -266.528931 0.000497 -53.721779
v -266.528931 0.922631 -53.721779
v -265.969666 0.000495 -49.011425
v -265.973083 0.000495 -49.041973
v -265.973083 0.922629 -49.041973
v -265.969666 0.922629 -49.011425
v -266.003632 0.000495 -49.038548
v -266.003632 0.922629 -49.038548
v -266.000214 0.000495 -49.007999
v -266.000214 0.922629 -49.007999
v -265.953949 0.000495 -48.871361
v -265.957367 0.000495 -48.901909
v -265.957367 0.922629 -48.901909
v -265.953949 0.922629 -48.871361
v -265.987915 0.000495 -48.898483
v -265.987915 0.922629 -48.898483
v -265.984497 0.000495 -48.867935
v -265.984497 0.922629 -48.867935
v -265.938232 0.000495 -48.731300
v -265.941681 0.000495 -48.761845
v -265.941681 0.922629 -48.761845
v -265.938232 0.922629 -48.731300
v -265.972229 0.000495 -48.758419
v -265.972229 0.922629 -48.758419
v -265.968781 0.000495 -48.727875
v -265.968781 0.922629 -48.727875
v -265.922546 0.000495 -48.591240
v -265.925964 0.000495 -48.621784
v -265.925964 0.922629 -48.621784
v -265.922546 0.922629 -48.591240
v -265.956512 0.000495 -48.618359
v -265.956512 0.922629 -48.618359
v -265.953064 0.000495 -48.587814
v -265.953064 0.922629 -48.587814
v -265.906830 0.000495 -48.451180
v -265.910248 0.000495 -48.481724
v -265.910248 0.922629 -48.481724
v -265.906830 0.922629 -48.451180
v -265.940796 0.000495 -48.478298
v -265.940796 0.922629 -48.478298
v -265.937378 0.000495 -48.447754
v -265.937378 0.922629 -48.447754
v -265.891968 0.000495 -48.318863
v -265.895416 0.000495 -48.349411
v -265.895416 0.922629 -48.349411
v -265.891968 0.922629 -48.318863
v -265.925964 0.000495 -48.345985
v -265.925964 0.922629 -48.345985
v -265.922516 0.000495 -48.315437
v -265.922516 0.922629 -48.315437
v -265.876282 0.000495 -48.178799
v -265.879700 0.000495 -48.209347
v -265.879700 0.922629 -48.209351
v -265.876282 0.922629 -48.178802
v -265.910248 0.000495 -48.205921
v -265.910248 0.922629 -48.205925
v -265.906830 0.000495 -48.175373
v -265.906830 0.922629 -48.175377
v -265.860565 0.000495 -48.038738
v -265.863983 0.000495 -48.069286
v -265.863983 0.922629 -48.069286
v -265.860565 0.922629 -48.038738
v -265.894531 0.000495 -48.065861
v -265.894531 0.922629 -48.065861
v -265.891113 0.000495 -48.035313
v -265.891113 0.922629 -48.035313
v -265.844849 0.000495 -47.898674
v -265.848267 0.000495 -47.929222
v -265.848267 0.922629 -47.929222
v -265.844849 0.922629 -47.898674
v -265.878815 0.000495 -47.925797
v -265.878815 0.922629 -47.925797
v -265.875397 0.000495 -47.895248
v -265.875397 0.922629 -47.895248
v -265.829132 0.000495 -47.758614
v -265.832581 0.000495 -47.789158
v -265.832581 0.922629 -47.789158
v -265.829132 0.922629 -47.758614
v -265.863098 0.000495 -47.785732
v -265.863098 0.922629 -47.785732
v -265.859680 0.000495 -47.755188
v -265.859680 0.922629 -47.755188
v -265.813416 0.000495 -47.618549
v -265.816864 0.000495 -47.649097
v -265.816864 0.922629 -47.649097
v -265.813416 0.922629 -47.618549
v -265.847412 0.000495 -47.645672
v -265.847412 0.922629 -47.645672
v -265.843964 0.000495 -47.615124
v -265.843964 0.922629 -47.615124
v -265.797729 0.000495 -47.478489
v -265.801147 0.000495 -47.509033
v -265.801147 0.922629 -47.509033
v -265.797729 0.922629 -47.478489
v -265.831696 0.000495 -47.505608
v -265.831696 0.922629 -47.505608
v -265.828278 0.000495 -47.475063
v -265.828278 0.922629 -47.475063
v -265.782013 0.000495 -47.338428
v -265.785431 0.000495 -47.368977
v -265.785431 0.922629 -47.368977
v -265.782013 0.922629 -47.338428
v -265.815979 0.000495 -47.365551
v -265.815979 0.922629 -47.365551
v -265.812561 0.000495 -47.335003
v -265.812561 0.922629 -47.335003
v -265.766296 0.000495 -47.198364
v -265.769714 0.000495 -47.228912
v -265.769714 0.922629 -47.228912
v -265.766296 0.922629 -47.198364
v -265.800262 0.000495 -47.225487
v -265.800262 0.922629 -47.225487
v -265.796844 0.000495 -47.194939
v -265.796844 0.922629 -47.194939
v -265.750580 0.000495 -47.058308
v -265.754028 0.000495 -47.088852
v -265.754028 0.922629 -47.088852
v -265.750580 0.922629 -47.058308
v -265.784546 0.000495 -47.085426
v -265.784546 0.922629 -47.085426
v -265.781128 0.000495 -47.054882
v -265.781128 0.922629 -47.054882
v -266.780640 0.922631 -55.827713
v -266.719543 0.922631 -55.834568
v -266.417114 0.922631 -53.138523
v -266.478210 0.922631 -53.131668
v -265.721680 0.922629 -46.938541
v -265.782776 0.922629 -46.931686
v -266.030731 0.922629 -49.142284
v -265.969635 0.922629 -49.149139
v -266.719543 0.984107 -55.834568
v -266.780640 0.984107 -55.827713
v -266.478210 0.984107 -53.131668
v -266.417114 0.984107 -53.138523
v -265.782776 0.984105 -46.931686
v -265.721680 0.984105 -46.938541
v -265.969635 0.984105 -49.149139
v -266.030731 0.984105 -49.142284
v -266.480408 0.000497 -53.564861
v -266.483826 0.000497 -53.595409
v -266.483826 0.922631 -53.595409
v -266.480408 0.922631 -53.564861
v -266.514374 0.000497 -53.591984
v -266.514374 0.922631 -53.591984
v -266.510956 0.000497 -53.561436
v -266.510956 0.922631 -53.561436
v -266.464691 0.000497 -53.424801
v -266.468140 0.000497 -53.455349
v -266.468140 0.922631 -53.455349
v -266.464691 0.922631 -53.424801
v -266.498688 0.000497 -53.451923
v -266.498688 0.922631 -53.451923
v -266.495239 0.000497 -53.421375
v -266.495239 0.922631 -53.421375
v -266.449005 0.000497 -53.284740
v -266.452423 0.000497 -53.315285
v -266.452423 0.922631 -53.315285
v -266.449005 0.922631 -53.284740
v -266.482971 0.000497 -53.311859
v -266.482971 0.922631 -53.311859
v -266.479523 0.000497 -53.281315
v -266.479523 0.922631 -53.281315
v -266.492706 0.000496 -56.015987
v -266.523254 0.000496 -56.012562
v -266.523254 0.922631 -56.012562
v -266.492706 0.922631 -56.015987
v -266.519806 0.000496 -55.982014
v -266.519806 0.922631 -55.982014
v -266.489258 0.000496 -55.985439
v -266.489258 0.922631 -55.985439
v -266.352631 0.000496 -56.031700
v -266.383179 0.000496 -56.028275
v -266.383179 0.922631 -56.028275
v -266.352631 0.922630 -56.031700
v -266.379761 0.000496 -55.997726
v -266.379761 0.922631 -55.997726
v -266.349213 0.000496 -56.001152
v -266.349213 0.922630 -56.001152
v -266.212585 0.000496 -56.047409
v -266.243134 0.000496 -56.043983
v -266.243134 0.922630 -56.043983
v -266.212585 0.922630 -56.047409
v -266.239685 0.000496 -56.013435
v -266.239685 0.922630 -56.013435
v -266.209137 0.000496 -56.016861
v -266.209137 0.922630 -56.016861
v -266.072510 0.000496 -56.063122
v -266.103058 0.000496 -56.059692
v -266.103058 0.922630 -56.059692
v -266.072510 0.922630 -56.063122
v -266.099640 0.000496 -56.029144
v -266.099640 0.922630 -56.029144
v -266.069092 0.000496 -56.032574
v -266.069092 0.922630 -56.032574
v -265.932434 0.000496 -56.078831
v -265.962982 0.000496 -56.075405
v -265.962982 0.922630 -56.075405
v -265.932434 0.922630 -56.078831
v -265.959564 0.000496 -56.044857
v -265.959564 0.922630 -56.044857
v -265.929016 0.000496 -56.048283
v -265.929016 0.922630 -56.048283
v -265.792389 0.000496 -56.094540
v -265.822937 0.000496 -56.091114
v -265.822937 0.922630 -56.091114
v -265.792389 0.922630 -56.094540
v -265.819519 0.000496 -56.060566
v -265.819519 0.922630 -56.060566
v -265.788971 0.000496 -56.063992
v -265.788971 0.922630 -56.063992
v -265.652313 0.000496 -56.110252
v -265.682861 0.000496 -56.106827
v -265.682861 0.922630 -56.106827
v -265.652313 0.922630 -56.110252
v -265.679443 0.000496 -56.076279
v -265.679443 0.922630 -56.076279
v -265.648895 0.000496 -56.079704
v -265.648895 0.922630 -56.079704
v -265.512268 0.000496 -56.125961
v -265.542816 0.000496 -56.122536
v -265.542816 0.922630 -56.122536
v -265.512268 0.922630 -56.125961
v -265.539398 0.000496 -56.091988
v -265.539398 0.922630 -56.091988
v -265.508850 0.000496 -56.095413
v -265.508850 0.922630 -56.095413
v -265.372192 0.000496 -56.141674
v -265.402740 0.000496 -56.138245
v -265.402740 0.922630 -56.138245
v -265.372192 0.922630 -56.141674
v -265.399323 0.000496 -56.107697
v -265.399323 0.922630 -56.107697
v -265.368774 0.000496 -56.111126
v -265.368774 0.922630 -56.111126
v -265.232147 0.000496 -56.157383
v -265.262695 0.000496 -56.153957
v -265.262695 0.922630 -56.153957
v -265.232147 0.922630 -56.157383
v -265.259247 0.000496 -56.123409
v -265.259247 0.922630 -56.123409
v -265.228699 0.000496 -56.126835
v -265.228699 0.922630 -56.126835
v -265.092072 0.000496 -56.173092
v -265.122620 0.000496 -56.169666
v -265.122620 0.922630 -56.169666
v -265.092072 0.922630 -56.173092
v -265.119202 0.000496 -56.139118
v -265.119202 0.922630 -56.139118
v -265.088654 0.000496 -56.142544
v -265.088654 0.922630 -56.142544
v -264.952026 0.000496 -56.188805
v -264.982574 0.000496 -56.185379
v -264.982574 0.922630 -56.185379
v -264.952026 0.922630 -56.188805
v -264.979126 0.000496 -56.154831
v -264.979126 0.922630 -56.154831
v -264.948578 0.000496 -56.158257
v -264.948578 0.922630 -56.158257
v -266.630798 0.922631 -55.954105
v -266.637634 0.922631 -56.015198
v -264.885864 0.922630 -56.211693
v -264.878998 0.922630 -56.150600
v -266.637634 0.984107 -56.015198
v -266.630798 0.984107 -55.954105
v -264.878998 0.984106 -56.150597
v -264.885864 0.984106 -56.211693
v -254.616394 -0.368360 -52.672848
v -254.825882 -0.368360 -54.540451
v -254.825882 -0.183933 -54.540451
v -254.616394 -0.183933 -52.672848
v -254.249847 -0.552786 -52.713963
v -254.459320 -0.552786 -54.581566
v -254.459320 -0.368360 -54.581566
v -254.249847 -0.368360 -52.713963
v -255.192444 -0.183933 -54.499332
v -254.982956 -0.183933 -52.631729
v -254.982956 -0.552786 -52.631729
v -261.923492 -0.368360 -46.676979
v -259.835785 -0.368360 -46.911152
v -259.835785 -0.183934 -46.911152
v -261.923492 -0.183933 -46.676979
v -261.882385 -0.552788 -46.310421
v -259.794678 -0.552788 -46.544594
v -259.794678 -0.368360 -46.544594
v -261.882385 -0.368360 -46.310421
v -259.876923 -0.183934 -47.277706
v -261.964600 -0.183933 -47.043533
v -261.964600 -0.552788 -47.043533
v -259.876923 -0.552788 -47.277706
v -266.960602 -0.368358 -52.760941
v -266.583282 -0.368360 -49.397148
v -266.583282 -0.183933 -49.397148
v -266.960602 -0.183931 -52.760941
v -267.327148 -0.552785 -52.719830
v -266.949860 -0.552787 -49.356033
v -266.949860 -0.368360 -49.356033
v -267.327148 -0.368358 -52.719830
v -266.216736 -0.183933 -49.438263
v -266.594055 -0.183931 -52.802055
v -266.594055 -0.552785 -52.802055
v -266.216736 -0.552787 -49.438263
v -258.622925 5.834918 -57.540951
v -258.622925 6.029528 -57.540951
v -258.614349 6.029528 -57.464584
v -258.614349 5.885570 -57.464584
v -258.696930 5.834918 -57.532650
v -258.696930 6.029528 -57.532650
v -258.688354 5.885570 -57.456284
v -258.688354 6.029528 -57.456284
v -258.580078 5.670089 -57.159172
v -258.571533 5.720737 -57.082806
v -258.654083 5.670089 -57.150871
v -258.645538 5.720737 -57.074505
v -258.580078 -0.241744 -57.159172
v -258.571533 -0.241744 -57.082806
v -258.654083 -0.241744 -57.150871
v -258.645538 -0.241744 -57.074505
v -264.628418 5.834919 -56.867329
v -264.628418 6.029526 -56.867329
v -264.619843 6.029526 -56.790962
v -264.619843 5.885569 -56.790962
v -264.705902 5.834919 -56.858639
v -264.705902 6.029526 -56.858639
v -264.697327 5.885569 -56.782272
v -264.697327 6.029526 -56.782272
v -264.585602 5.670088 -56.485550
v -264.577026 5.720737 -56.409184
v -264.663055 5.670088 -56.476860
v -264.654510 5.720737 -56.400494
v -264.585602 -0.241743 -56.485550
v -264.577026 -0.241743 -56.409184
v -264.663055 -0.241743 -56.476860
v -264.654510 -0.241743 -56.400494
v -257.031525 5.834918 -56.847027
v -257.031525 6.029525 -56.847027
v -257.107910 6.029525 -56.838463
v -257.107910 5.885568 -56.838463
v -257.041016 5.834918 -56.931725
v -257.041016 6.029525 -56.931725
v -257.117401 5.885568 -56.923161
v -257.117401 6.029525 -56.923161
v -257.413300 5.670087 -56.804207
v -257.489685 5.720736 -56.795639
v -257.422821 5.670087 -56.888905
v -257.499176 5.720736 -56.880337
v -257.413300 2.949808 -56.804211
v -257.489685 2.949808 -56.795643
v -257.422821 2.949808 -56.888905
v -257.499176 2.949808 -56.880337
v -256.289551 5.834916 -50.231983
v -256.289551 6.029523 -50.231983
v -256.365906 6.029523 -50.223419
v -256.365906 5.885566 -50.223419
v -256.298370 5.834916 -50.310749
v -256.298370 6.029523 -50.310749
v -256.374725 5.885566 -50.302185
v -256.374725 6.029523 -50.302185
v -256.671326 5.670085 -50.189163
v -256.747681 5.720734 -50.180595
v -256.680145 5.670085 -50.267929
v -256.756500 5.720734 -50.259361
v -256.671326 2.949806 -50.189163
v -256.747681 2.949806 -50.180595
v -256.680145 2.949806 -50.267929
v -256.756531 2.949806 -50.259361
v -256.923462 5.834916 -49.326218
v -256.923462 6.029523 -49.326218
v -256.932007 6.029523 -49.402584
v -256.932007 5.885566 -49.402584
v -256.847687 5.834916 -49.334717
v -256.847687 6.029523 -49.334717
v -256.856262 5.885566 -49.411083
v -256.856262 6.029523 -49.411083
v -256.966278 5.670085 -49.707993
v -256.974854 5.720734 -49.784359
v -256.890503 5.670085 -49.716492
v -256.899078 5.720734 -49.792858
v -256.966278 2.949806 -49.707993
v -256.974854 2.949806 -49.784359
v -256.890503 2.949806 -49.716492
v -256.899078 2.949806 -49.792858
v -263.834686 5.834917 -48.551003
v -263.834686 6.029524 -48.551003
v -263.843262 6.029524 -48.627369
v -263.843262 5.885567 -48.627369
v -263.757294 5.834917 -48.559685
v -263.757294 6.029524 -48.559685
v -263.765839 5.885567 -48.636051
v -263.765839 6.029524 -48.636051
v -263.877502 5.670086 -48.932777
v -263.886078 5.720735 -49.009144
v -263.800110 5.670086 -48.941460
v -263.808655 5.720735 -49.017826
v -263.877502 2.949807 -48.932777
v -263.886078 2.949807 -49.009144
v -263.800110 2.949807 -48.941460
v -263.808655 2.949807 -49.017826
v -254.376343 -0.483026 -48.050159
v -254.376343 2.665643 -48.050159
v -254.452713 2.665643 -48.041595
v -254.452713 -0.483026 -48.041595
v -254.385742 -0.483026 -48.133934
v -254.385742 2.665643 -48.133934
v -254.462112 -0.483026 -48.125374
v -254.462112 2.665643 -48.125370
v -265.345612 5.834919 -56.000221
v -265.345612 6.029526 -56.000221
v -265.269226 6.029526 -56.008789
v -265.269226 5.885569 -56.008789
v -265.336853 5.834919 -55.922123
v -265.336853 6.029526 -55.922123
v -265.260468 5.885569 -55.930691
v -265.260468 6.029526 -55.930691
v -264.963837 5.670088 -56.043045
v -264.887451 5.720737 -56.051613
v -264.955078 5.670088 -55.964947
v -264.878693 5.720737 -55.973515
v -264.963837 2.949809 -56.043045
v -264.887451 2.949809 -56.051613
v -264.955078 2.949809 -55.964947
v -264.878693 2.949809 -55.973511
v -264.603241 5.834917 -49.382019
v -264.603241 6.029524 -49.382019
v -264.526886 6.029524 -49.390587
v -264.526886 5.885567 -49.390587
v -264.593079 5.834917 -49.291416
v -264.593079 6.029524 -49.291416
v -264.516724 5.885567 -49.299984
v -264.516724 6.029524 -49.299984
v -264.221466 5.670086 -49.424843
v -264.145111 5.720735 -49.433411
v -264.211304 5.670086 -49.334240
v -264.134949 5.720735 -49.342808
v -264.221466 2.949807 -49.424843
v -264.145111 2.949807 -49.433411
v -264.211304 2.949807 -49.334236
v -264.134949 2.949807 -49.342804
v -254.583786 -0.483026 -47.799793
v -254.583786 2.665643 -47.799793
v -254.660156 2.665643 -47.791229
v -254.660156 -0.483026 -47.791229
v -254.593185 -0.483026 -47.883572
v -254.593185 2.665643 -47.883572
v -254.669556 -0.483026 -47.875008
v -254.669556 2.665643 -47.875008
v -265.681305 -0.483024 -46.555012
v -265.681305 2.665645 -46.555012
v -265.757690 2.665645 -46.546444
v -265.757690 -0.483024 -46.546444
v -265.690704 -0.483024 -46.638790
v -265.690704 2.665645 -46.638790
v -265.767090 -0.483024 -46.630222
v -265.767090 2.665645 -46.630222
v -265.918121 -0.483024 -46.735882
v -265.918121 2.665645 -46.735882
v -265.994476 2.665645 -46.727314
v -265.994476 -0.483024 -46.727314
v -265.927521 -0.483024 -46.819660
v -265.927521 2.665645 -46.819660
v -266.003876 -0.483024 -46.811092
v -266.003876 2.665645 -46.811092
v -266.947479 -0.483022 -55.913044
v -266.947479 2.665647 -55.913044
v -267.023865 2.665647 -55.904476
v -267.023865 -0.483022 -55.904476
v -266.956879 -0.483022 -55.996822
v -266.956879 2.665647 -55.996822
v -267.033264 -0.483022 -55.988255
v -267.033264 2.665647 -55.988255
v -255.099731 2.454931 -58.045822
v -255.099731 2.649540 -58.045822
v -255.091156 2.649540 -57.969452
v -255.091156 2.505579 -57.969452
v -255.173737 2.454931 -58.037518
v -255.173737 2.649540 -58.037518
v -255.165161 2.505579 -57.961151
v -255.165161 2.649540 -57.961151
v -255.044754 2.290099 -57.555721
v -255.036194 2.340746 -57.479355
v -255.118759 2.290099 -57.547421
v -255.110199 2.340746 -57.471054
v -255.044754 -0.241744 -57.555721
v -255.036194 -0.241744 -57.479355
v -255.118759 -0.241744 -57.547421
v -255.110199 -0.241744 -57.471054
vt 0.000000 0.000000
vt 0.000000 0.000000
vt 0.000000 0.000000
vt 0.000000 0.000000
vt 0.000000 0.000000
vt 0.000000 0.000000
vt 0.000000 0.000000
vt 0.000000 0.000000
vt 0.000000 0.000000
vt 0.000000 0.000000
vt 0.000000 0.000000
vt 0.000000 0.000000
vt 0.000000 0.000000
vt 0.000000 0.000000
vt 0.000000 0.000000
vt 0.000000 0.000000
vt 0.000000 0.000000
vt 0.000000 0.000000
vt 0.000000 0.000000
vt 0.000000 0.000000
vt 0.000000 0.000000
vt 0.000000 0.000000
vt 0.000000 0.000000
vt 0.000000 0.000000
vt 0.000000 0.000000
vt 0.000000 0.000000
vt 0.000000 0.000000
vt 0.000000 0.000000
vt 0.000000 0.000000
vt 0.000000 0.000000
vt 0.000000 0.000000
vt 0.000000 0.000000
vt 0.000000 0.000000
vt 0.000000 0.000000
vt 0.000000 0.000000
vt 0.000000 0.000000
vt 0.000000 0.000000
vt 0.000000 0.000000
vt 0.000000 0.000000
vt 0.000000 0.000000
vt 0.000000 0.000000
vt 0.000000 0.000000
vt 0.000000 0.000000
vt 0.000000 0.000000
vt 0.000000 0.000000
vt 0.000000 0.000000
vt 0.000000 0.000000
vt 0.000000 0.000000
vt 0.000000 0.000000
vt 0.000000 0.000000
vt 0.000000 0.000000
vt 0.000000 0.000000
vt 0.000000 0.000000
vt 0.000000 0.000000
vt 0.000000 0.000000
vt 0.000000 0.000000
vt 0.000000 0.000000
vt 0.000000 0.000000
vt 0.000000 0.000000
vt 0.000000 0.000000
vt 0.000000 0.000000
vt 0.000000 0.000000
vt 0.000000 0.000000
vt 0.000000 0.000000
vt 0.000000 0.000000
vt 0.000000 0.000000
vt 0.000000 0.000000
vt 0.000000 0.000000
vt 0.000000 0.000000
vt 0.000000 0.000000
vt 0.000000 0.000000
vt 0.000000 0.000000
vt 0.000000 0.000000
vt 0.000000 0.000000
vt 0.000000 0.000000
vt 0.000000 0.000000
vt 0.000000 0.000000
vt 0.000000 0.000000
vt 0.000000 0.000000
vt 0.000000 0.000000
vt 0.000000 0.000000
vt 0.000000 0.000000
vt 0.000000 0.000000
vt 0.000000 0.000000
vt 0.000000 0.000000
vt 0.000000 0.000000
vt 0.000000 0.000000
vt 0.000000 0.000000
vt 0.000000 0.000000
vt 0.000000 0.000000
vt 0.000000 0.000000
vt 0.000000 0.000000
vt 0.000000 0.000000
vt 0.000000 0.000000
vt 0.000000 0.000000
vt 0.000000 0.000000
vt 0.000000 0.000000
vt 0.000000 0.000000
vt 0.000000 0.000000
vt 0.000000 0.000000
vt 0.000000 0.000000
vt 0.000000 0.000000
vt 0.000000 0.000000
vt 0.000000 0.000000
vt 0.000000 0.000000
vt 0.000000 0.000000
vt 0.000000 0.000000
vt 0.000000 0.000000
vt 0.000000 0.000000
vt 0.000000 0.000000
vt 0.000000 0.000000
vt 0.000000 0.000000
vt 0.000000 0.000000
vt 0.000000 0.000000
vt 0.000000 0.000000
vt 0.000000 0.000000
vt 0.000000 0.000000
vt 0.000000 0.000000
vt 0.000000 0.000000
vt 0.000000 0.000000
vt 0.000000 0.000000
vt 0.000000 0.000000
vt 0.000000 0.000000
vt 0.000000 0.000000
vt 0.000000 0.000000
vt 0.000000 0.000000
vt 0.000000 0.000000
vt 0.000000 0.000000
vt 0.000000 0.000000
vt 0.000000 0.000000
vt 0.000000 0.000000
vt 0.000000 0.000000
vt 0.000000 0.000000
vt 0.000000 0.000000
vt 0.000000 0.000000
vt 0.000000 0.000000
vt 0.000000 0.000000
vt 0.000000 0.000000
vt 0.000000 0.000000
vt 0.000000 0.000000
vt 0.000000 0.000000
vt 0.000000 0.000000
vt 0.000000 0.000000
vt 0.000000 0.000000
vt 0.000000 0.000000
vt 0.000000 0.000000
vt 0.000000 0.000000
vt 0.000000 0.000000
vt 0.000000 0.000000
vt 0.000000 0.000000
vt 0.000000 0.000000
vt 0.000000 0.000000
vt 0.000000 0.000000
vt 0.000000 0.000000
vt 0.000000 0.000000
vt 0.000000 0.000000
vt 0.000000 0.000000
vt 0.000000 0.000000
vt 0.000000 0.000000
vt 0.000000 0.000000
vt 0.000000 0.000000
vt 0.000000 0.000000
vt 0.000000 0.000000
vt 0.000000 0.000000
vt 0.000000 0.000000
vt 0.000000 0.000000
vt 0.000000 0.000000
vt 0.000000 0.000000
vt 0.000000 0.000000
vt 0.000000 0.000000
vt 0.000000 0.000000
vt 0.000000 0.000000
vt 0.000000 0.000000
vt 0.000000 0.000000
vt 0.000000 0.000000
vt 0.000000 0.000000
vt 0.000000 0.000000
vt 0.000000 0.000000
vt 0.000000 0.000000
vt 0.000000 0.000000
vt 0.000000 0.000000
vt 0.000000 0.000000
vt 0.000000 0.000000
vt 0.000000 0.000000
vt 0.000000 0.000000
vt 0.000000 0.000000
vt 0.000000 0.000000
vt 0.000000 0.000000
vt 0.000000 0.000000
vt 0.000000 0.000000
vt 0.000000 0.000000
vt 0.000000 0.000000
vt 0.000000 0.000000
vt 0.000000 0.000000
vt 0.000000 0.000000
vt 0.000000 0.000000
vt 0.000000 0.000000
vt 0.000000 0.000000
vt 0.000000 0.000000
vt 0.000000 0.000000
vt 0.000000 0.000000
vt 0.000000 0.000000
vt 0.000000 0.000000
vt 0.000000 0.000000
vt 0.000000 0.000000
vt 0.000000 0.000000
vt 0.000000 0.000000
vt 0.000000 0.000000
vt 0.000000 0.000000
vt 0.000000 0.000000
vt 0.000000 0.000000
vt 0.000000 0.000000
vt 0.000000 0.000000
vt 0.000000 0.000000
vt 0.000000 0.000000
vt 0.000000 0.000000
vt 0.000000 0.000000
vt 0.000000 0.000000
vt 0.000000 0.000000
vt 0.000000 0.000000
vt 0.000000 0.000000
vt 0.000000 0.000000
vt 0.000000 0.000000
vt 0.000000 0.000000
vt 0.000000 0.000000
vt 0.000000 0.000000
vt 0.000000 0.000000
vt 0.000000 0.000000
vt 0.000000 0.000000
vt 0.000000 0.000000
vt 0.000000 0.000000
vt 0.000000 0.000000
vt 0.000000 0.000000
vt 0.000000 0.000000
vt 0.000000 0.000000
vt 0.000000 0.000000
vt 0.000000 0.000000
vt 0.000000 0.000000
vt 0.000000 0.000000
vt 0.000000 0.000000
vt 0.000000 0.000000
vt 0.000000 0.000000
vt 0.000000 0.000000
vt 0.000000 0.000000
vt 0.000000 0.000000
vt 0.000000 0.000000
vt 0.000000 0.000000
vt 0.000000 0.000000
vt 0.000000 0.000000
vt 0.000000 0.000000
vt 0.000000 0.000000
vt 0.000000 0.000000
vt 0.000000 0.000000
vt 0.000000 0.000000
vt 0.000000 0.000000
vt 0.000000 0.000000
vt 0.000000 0.000000
vt 0.000000 0.000000
vt 0.000000 0.000000
vt 0.000000 0.000000
vt 0.000000 0.000000
vt 0.000000 0.000000
vt 0.000000 0.000000
vt 0.000000 0.000000
vt 0.000000 0.000000
vt 0.000000 0.000000
vt 0.000000 0.000000
vt 0.000000 0.000000
vt 0.000000 0.000000
vt 0.000000 0.000000
vt 0.000000 0.000000
vt 0.000000 0.000000
vt 0.000000 0.000000
vt 0.000000 0.000000
vt 0.000000 0.000000
vt 0.000000 0.000000
vt 0.000000 0.000000
vt 0.000000 0.000000
vt 0.000000 0.000000
vt 0.000000 0.000000
vt 0.000000 0.000000
vt 0.000000 0.000000
vt 0.000000 0.000000
vt 0.000000 0.000000
vt 0.000000 0.000000
vt 0.000000 0.000000
vt 0.000000 0.000000
vt 0.000000 0.000000
vt 0.000000 0.000000
vt 0.000000 0.000000
vt 0.000000 0.000000
vt 0.000000 0.000000
vt 0.000000 0.000000
vt 0.000000 0.000000
vt 0.000000 0.000000
vt 0.000000 0.000000
vt 0.000000 0.000000
vt 0.000000 0.000000
vt 0.000000 0.000000
vt 0.000000 0.000000
vt 0.000000 0.000000
vt 0.000000 0.000000
vt 0.000000 0.000000
vt 0.000000 0.000000
vt 0.000000 0.000000
vt 0.000000 0.000000
vt 0.000000 0.000000
vt 0.000000 0.000000
vt 0.000000 0.000000
vt 0.000000 0.000000
vt 0.000000 0.000000
vt 0.000000 0.000000
vt 0.000000 0.000000
vt 0.000000 0.000000
vt 0.000000 0.000000
vt 0.000000 0.000000
vt 0.000000 0.000000
vt 0.000000 0.000000
vt 0.000000 0.000000
vt 0.000000 0.000000
vt 0.000000 0.000000
vt 0.000000 0.000000
vt 0.000000 0.000000
vt 0.000000 0.000000
vt 0.000000 0.000000
vt 0.000000 0.000000
vt 0.000000 0.000000
vt 0.000000 0.000000
vt 0.000000 0.000000
vt 0.000000 0.000000
vt 0.000000 0.000000
vt 0.000000 0.000000
vt 0.000000 0.000000
vt 0.000000 0.000000
vt 0.000000 0.000000
vt 0.000000 0.000000
vt 0.000000 0.000000
vt 0.000000 0.000000
vt 0.000000 0.000000
vt 0.000000 0.000000
vt 0.000000 0.000000
vt 0.000000 0.000000
vt 0.000000 0.000000
vt 0.000000 0.000000
vt 0.000000 0.000000
vt 0.000000 0.000000
vt 0.000000 0.000000
vt 0.000000 0.000000
vt 0.000000 0.000000
vt 0.000000 0.000000
vt 0.000000 0.000000
vt 0.000000 0.000000
vt 0.000000 0.000000
vt 0.000000 0.000000
vt 0.000000 0.000000
vt 0.000000 0.000000
vt 0.000000 0.000000
vt 0.000000 0.000000
vt 0.000000 0.000000
vt 0.000000 0.000000
vt 0.000000 0.000000
vt 0.000000 0.000000
vt 0.000000 0.000000
vt 0.000000 0.000000
vt 0.000000 0.000000
vt 0.000000 0.000000
vt 0.000000 0.000000
vt 0.000000 0.000000
vt 0.000000 0.000000
vt 0.000000 0.000000
vt 0.000000 0.000000
vt 0.000000 0.000000
vt 0.000000 0.000000
vt 0.000000 0.000000
vt 0.000000 0.000000
vt 0.000000 0.000000
vt 0.000000 0.000000
vt 0.000000 0.000000
vt 0.000000 0.000000
vt 0.000000 0.000000
vt 0.000000 0.000000
vt 0.000000 0.000000
vt 0.000000 0.000000
vt 0.000000 0.000000
vt 0.000000 0.000000
vt 0.000000 0.000000
vt 0.000000 0.000000
vt 0.000000 0.000000
vt 0.000000 0.000000
vt 0.000000 0.000000
vt 0.000000 0.000000
vt 0.000000 0.000000
vt 0.000000 0.000000
vt 0.000000 0.000000
vt 0.000000 0.000000
vt 0.000000 0.000000
vt 0.000000 0.000000
vt 0.000000 0.000000
vt 0.000000 0.000000
vt 0.000000 0.000000
vt 0.000000 0.000000
vt 0.000000 0.000000
vt 0.000000 0.000000
vt 0.000000 0.000000
vt 0.000000 0.000000
vt 0.000000 0.000000
vt 0.000000 0.000000
vt 0.000000 0.000000
vt 0.000000 0.000000
vt 0.000000 0.000000
vt 0.000000 0.000000
vt 0.000000 0.000000
vt 0.000000 0.000000
vt 0.000000 0.000000
vt 0.000000 0.000000
vt 0.000000 0.000000
vt 0.000000 0.000000
vt 0.000000 0.000000
vt 0.000000 0.000000
vt 0.000000 0.000000
vt 0.000000 0.000000
vt 0.000000 0.000000
vt 0.000000 0.000000
vt 0.000000 0.000000
vt 0.000000 0.000000
vt 0.000000 0.000000
vt 0.000000 0.000000
vt 0.000000 0.000000
vt 0.000000 0.000000
vt 0.000000 0.000000
vt 0.000000 0.000000
vt 0.000000 0.000000
vt 0.000000 0.000000
vt 0.000000 0.000000
vt 0.000000 0.000000
vt 0.000000 0.000000
vt 0.000000 0.000000
vt 0.000000 0.000000
vt 0.000000 0.000000
vt 0.000000 0.000000
vt 0.000000 0.000000
vt 0.000000 0.000000
vt 0.000000 0.000000
vt 0.000000 0.000000
vt 0.000000 0.000000
vt 0.000000 0.000000
vt 0.000000 0.000000
vt 0.000000 0.000000
vt 0.000000 0.000000
vt 0.000000 0.000000
vt 0.000000 0.000000
vt 0.000000 0.000000
vt 0.000000 0.000000
vt 0.000000 0.000000
vt 0.000000 0.000000
vt 0.000000 0.000000
vt 0.000000 0.000000
vt 0.000000 0.000000
vt 0.000000 0.000000
vt 0.000000 0.000000
vt 0.000000 0.000000
vt 0.000000 0.000000
vt 0.000000 0.000000
vt 0.000000 0.000000
vt 0.000000 0.000000
vt 0.000000 0.000000
vt 0.000000 0.000000
vt 0.000000 0.000000
vt 0.000000 0.000000
vt 0.000000 0.000000
vt 0.000000 0.000000
vt 0.000000 0.000000
vt 0.000000 0.000000
vt 0.000000 0.000000
vt 0.000000 0.000000
vt 0.000000 0.000000
vt 0.000000 0.000000
vt 0.000000 0.000000
vt 0.000000 0.000000
vt 0.000000 0.000000
vt 0.000000 0.000000
vt 0.000000 0.000000
vt 0.000000 0.000000
vt 0.000000 0.000000
vt 0.000000 0.000000
vt 0.000000 0.000000
vt 0.000000 0.000000
vt 0.000000 0.000000
vt 0.000000 0.000000
vt 0.000000 0.000000
vt 0.000000 0.000000
vt 0.000000 0.000000
vt 0.000000 0.000000
vt 0.000000 0.000000
vt 0.000000 0.000000
vt 0.000000 0.000000
vt 0.000000 0.000000
vt 0.000000 0.000000
vt 0.000000 0.000000
vt 0.000000 0.000000
vt 0.000000 0.000000
vt 0.000000 0.000000
vt 0.000000 0.000000
vt 0.000000 0.000000
vt 0.000000 0.000000
vt 0.000000 0.000000
vt 0.000000 0.000000
vt 0.000000 0.000000
vt 0.000000 0.000000
vt 0.000000 0.000000
vt 0.000000 0.000000
vt 0.000000 0.000000
vt 0.000000 0.000000
vt 0.000000 0.000000
vt 0.000000 0.000000
vt 0.000000 0.000000
vt 0.000000 0.000000
vt 0.000000 0.000000
vt 0.000000 0.000000
vt 0.000000 0.000000
vt 0.000000 0.000000
vt 0.000000 0.000000
vt 0.000000 0.000000
vt 0.000000 0.000000
vt 0.000000 0.000000
vt 0.000000 0.000000
vt 0.000000 0.000000
vt 0.000000 0.000000
vt 0.000000 0.000000
vt 0.000000 0.000000
vt 0.000000 0.000000
vt 0.000000 0.000000
vt 0.000000 0.000000
vt 0.000000 0.000000
vt 0.000000 0.000000
vt 0.000000 0.000000
vt 0.000000 0.000000
vt 0.000000 0.000000
vt 0.000000 0.000000
vt 0.000000 0.000000
vt 0.000000 0.000000
vt 0.000000 0.000000
vt 0.000000 0.000000
vt 0.000000 0.000000
vt 0.000000 0.000000
vt 0.000000 0.000000
vt 0.000000 0.000000
vt 0.000000 0.000000
vt 0.000000 0.000000
vt 0.000000 0.000000
vt 0.000000 0.000000
vt 0.000000 0.000000
vt 0.000000 0.000000
vt 0.000000 0.000000
vt 0.000000 0.000000
vt 0.000000 0.000000
vt 0.000000 0.000000
vt 0.000000 0.000000
vt 0.000000 0.000000
vt 0.000000 0.000000
vt 0.000000 0.000000
vt 0.000000 0.000000
vt 0.000000 0.000000
vt 0.000000 0.000000
vt 0.000000 0.000000
vt 0.000000 0.000000
vt 0.000000 0.000000
vt 0.000000 0.000000
vt 0.000000 0.000000
vt 0.000000 0.000000
vt 0.000000 0.000000
vt 0.000000 0.000000
vt 0.000000 0.000000
vt 0.000000 0.000000
vt 0.000000 0.000000
vt 0.000000 0.000000
vt 0.000000 0.000000
vt 0.000000 0.000000
vt 0.000000 0.000000
vt 0.000000 0.000000
vt 0.000000 0.000000
vt 0.000000 0.000000
vt 0.000000 0.000000
vt 0.000000 0.000000
vt 0.000000 0.000000
vt 0.000000 0.000000
vt 0.000000 0.000000
vt 0.000000 0.000000
vt 0.000000 0.000000
vt 0.000000 0.000000
vt 0.000000 0.000000
vt 0.000000 0.000000
vt 0.000000 0.000000
vt 0.000000 0.000000
vt 0.000000 0.000000
vt 0.000000 0.000000
vt 0.000000 0.000000
vt 0.000000 0.000000
vt 0.000000 0.000000
vt 0.000000 0.000000
vt 0.000000 0.000000
vt 0.000000 0.000000
vt 0.000000 0.000000
vt 0.000000 0.000000
vt 0.000000 0.000000
vt 0.000000 0.000000
vt 0.000000 0.000000
vt 0.000000 0.000000
vt 0.000000 0.000000
vt 0.000000 0.000000
vt 0.000000 0.000000
vt 0.000000 0.000000
vt 0.000000 0.000000
vt 0.000000 0.000000
vt 0.000000 0.000000
vt 0.000000 0.000000
vt 0.000000 0.000000
vt 0.000000 0.000000
vt 0.000000 0.000000
vt 0.000000 0.000000
vt 0.000000 0.000000
vt 0.000000 0.000000
vt 0.000000 0.000000
vt 0.000000 0.000000
vt 0.000000 0.000000
vt 0.000000 0.000000
vt 0.000000 0.000000
vt 0.000000 0.000000
vt 0.000000 0.000000
vt 0.000000 0.000000
vt 0.000000 0.000000
vt 0.000000 0.000000
vt 0.000000 0.000000
vt 0.000000 0.000000
vt 0.000000 0.000000
vt 0.000000 0.000000
vt 0.000000 0.000000
vt 0.000000 0.000000
vt 0.000000 0.000000
vt 0.000000 0.000000
vt 0.000000 0.000000
vt 0.000000 0.000000
vt 0.000000 0.000000
vt 0.000000 0.000000
vt 0.000000 0.000000
vt 0.000000 0.000000
vt 0.000000 0.000000
vt 0.000000 0.000000
vt 0.000000 0.000000
vt 0.000000 0.000000
vt 0.000000 0.000000
vt 0.000000 0.000000
vt 0.000000 0.000000
vt 0.000000 0.000000
vt 0.000000 0.000000
vt 0.000000 0.000000
vt 0.000000 0.000000
vt 0.000000 0.000000
vt 0.000000 0.000000
vt 0.000000 0.000000
vt 0.000000 0.000000
vt 0.000000 0.000000
vt 0.000000 0.000000
vt 0.000000 0.000000
vt 0.000000 0.000000
vt 0.000000 0.000000
vt 0.000000 0.000000
vt 0.000000 0.000000
vt 0.000000 0.000000
vt 0.000000 0.000000
vt 0.000000 0.000000
vt 0.000000 0.000000
vt 0.000000 0.000000
vt 0.000000 0.000000
vt 0.000000 0.000000
vt 0.000000 0.000000
vt 0.000000 0.000000
vt 0.000000 0.000000
vt 0.000000 0.000000
vt 0.000000 0.000000
vt 0.000000 0.000000
vt 0.000000 0.000000
vt 0.000000 0.000000
vt 0.000000 0.000000
vt 0.000000 0.000000
vt 0.000000 0.000000
vt 0.000000 0.000000
vt 0.000000 0.000000
vt 0.000000 0.000000
vt 0.000000 0.000000
vt 0.000000 0.000000
vt 0.000000 0.000000
vt 0.000000 0.000000
vt 0.000000 0.000000
vt 0.000000 0.000000
vt 0.000000 0.000000
vt 0.000000 0.000000
vt 0.000000 0.000000
vt 0.000000 0.000000
vt 0.000000 0.000000
vt 0.000000 0.000000
vt 0.000000 0.000000
vt 0.000000 0.000000
vt 0.000000 0.000000
vt 0.000000 0.000000
vt 0.000000 0.000000
vt 0.000000 0.000000
vt 0.000000 0.000000
vt 0.000000 0.000000
vt 0.000000 0.000000
vt 0.000000 0.000000
vt 0.000000 0.000000
vt 0.000000 0.000000
vt 0.000000 0.000000
vt 0.000000 0.000000
vt 0.000000 0.000000
vt 0.000000 0.000000
vt 0.000000 0.000000
vt 0.000000 0.000000
vt 0.000000 0.000000
vt 0.000000 0.000000
vt 0.000000 0.000000
vt 0.000000 0.000000
vt 0.000000 0.000000
vt 0.000000 0.000000
vt 0.000000 0.000000
vt 0.000000 0.000000
vt 0.000000 0.000000
vt 0.000000 0.000000
vt 0.000000 0.000000
vt 0.000000 0.000000
vt 0.000000 0.000000
vt 0.000000 0.000000
vt 0.000000 0.000000
vt 0.000000 0.000000
vt 0.000000 0.000000
vt 0.000000 0.000000
vt 0.000000 0.000000
vt 0.000000 0.000000
vt 0.000000 0.000000
vt 0.000000 0.000000
vt 0.000000 0.000000
vt 0.000000 0.000000
vt 0.000000 0.000000
vt 0.000000 0.000000
vt 0.000000 0.000000
vt 0.000000 0.000000
vt 0.000000 0.000000
vt 0.000000 0.000000
vt 0.000000 0.000000
vt 0.000000 0.000000
vt 0.000000 0.000000
vt 0.000000 0.000000
vt 0.000000 0.000000
vt 0.000000 0.000000
vt 0.000000 0.000000
vt 0.000000 0.000000
vt 0.000000 0.000000
vt 0.000000 0.000000
vt 0.000000 0.000000
vt 0.000000 0.000000
vt 0.000000 0.000000
vt 0.000000 0.000000
vt 0.000000 0.000000
vt 0.000000 0.000000
vt 0.000000 0.000000
vt 0.000000 0.000000
vt 0.000000 0.000000
vt 0.000000 0.000000
vt 0.000000 0.000000
vt 0.000000 0.000000
vt 0.000000 0.000000
vt 0.000000 0.000000
vt 0.000000 0.000000
vt 0.000000 0.000000
vt 0.000000 0.000000
vt 0.000000 0.000000
vt 0.000000 0.000000
vt 0.000000 0.000000
vt 0.000000 0.000000
vt 0.000000 0.000000
vt 0.000000 0.000000
vt 0.000000 0.000000
vt 0.000000 0.000000
vt 0.000000 0.000000
vt 0.000000 0.000000
vt 0.000000 0.000000
vt 0.000000 0.000000
vt 0.000000 0.000000
vt 0.000000 0.000000
vt 0.000000 0.000000
vt 0.000000 0.000000
vt 0.000000 0.000000
vt 0.000000 0.000000
vt 0.000000 0.000000
vt 0.000000 0.000000
vt 0.000000 0.000000
vt 0.000000 0.000000
vt 0.000000 0.000000
vt 0.000000 0.000000
vt 0.000000 0.000000
vt 0.000000 0.000000
vt 0.000000 0.000000
vt 0.000000 0.000000
vt 0.000000 0.000000
vt 0.000000 0.000000
vt 0.000000 0.000000
vt 0.000000 0.000000
vt 0.000000 0.000000
vt 0.000000 0.000000
vt 0.000000 0.000000
vt 0.000000 0.000000
vt 0.000000 0.000000
vt 0.000000 0.000000
vt 0.000000 0.000000
vt 0.000000 0.000000
vt 0.000000 0.000000
vt 0.000000 0.000000
vt 0.000000 0.000000
vt 0.000000 0.000000
vt 0.000000 0.000000
vt 0.000000 0.000000
vt 0.000000 0.000000
vt 0.000000 0.000000
vt 0.000000 0.000000
vt 0.000000 0.000000
vt 0.000000 0.000000
vt 0.000000 0.000000
vt 0.000000 0.000000
vt 0.000000 0.000000
vt 0.000000 0.000000
vt 0.000000 0.000000
vt 0.000000 0.000000
vt 0.000000 0.000000
vt 0.000000 0.000000
vt 0.000000 0.000000
vt 0.000000 0.000000
vt 0.000000 0.000000
vt 0.000000 0.000000
vt 0.000000 0.000000
vt 0.000000 0.000000
vt 0.000000 0.000000
vt 0.000000 0.000000
vt 0.000000 0.000000
vt 0.000000 0.000000
vt 0.000000 0.000000
vt 0.000000 0.000000
vt 0.000000 0.000000
vt 0.000000 0.000000
vt 0.000000 0.000000
vt 0.000000 0.000000
vt 0.000000 0.000000
vt 0.000000 0.000000
vt 0.000000 0.000000
vt 0.000000 0.000000
vt 0.000000 0.000000
vt 0.000000 0.000000
vt 0.000000 0.000000
vt 0.000000 0.000000
vt 0.000000 0.000000
vt 0.000000 0.000000
vt 0.000000 0.000000
vt 0.000000 0.000000
vt 0.000000 0.000000
vt 0.000000 0.000000
vt 0.000000 0.000000
vt 0.000000 0.000000
vt 0.000000 0.000000
vt 0.000000 0.000000
vt 0.000000 0.000000
vt 0.000000 0.000000
vt 0.000000 0.000000
vt 0.000000 0.000000
vt 0.000000 0.000000
vt 0.000000 0.000000
vt 0.000000 0.000000
vt 0.000000 0.000000
vt 0.000000 0.000000
vt 0.000000 0.000000
vt 0.000000 0.000000
vt 0.000000 0.000000
vt 0.000000 0.000000
vt 0.000000 0.000000
vt 0.000000 0.000000
vt 0.000000 0.000000
vt 0.000000 0.000000
vt 0.000000 0.000000
vt 0.000000 0.000000
vt 0.000000 0.000000
vt 0.000000 0.000000
vt 0.000000 0.000000
vt 0.000000 0.000000
vt 0.000000 0.000000
vt 0.000000 0.000000
vt 0.000000 0.000000
vt 0.000000 0.000000
vt 0.000000 0.000000
vt 0.000000 0.000000
vt 0.000000 0.000000
vt 0.000000 0.000000
vt 0.000000 0.000000
vt 0.000000 0.000000
vt 0.000000 0.000000
vt 0.000000 0.000000
vt 0.000000 0.000000
vt 0.000000 0.000000
vt 0.000000 0.000000
vt 0.000000 0.000000
vt 0.000000 0.000000
vt 0.000000 0.000000
vt 0.000000 0.000000
vt 0.000000 0.000000
vt 0.000000 0.000000
vt 0.000000 0.000000
vt 0.000000 0.000000
vt 0.000000 0.000000
vt 0.000000 0.000000
vt 0.000000 0.000000
vt 0.000000 0.000000
vt 0.000000 0.000000
vt 0.000000 0.000000
vt 0.000000 0.000000
vt 0.000000 0.000000
vt 0.000000 0.000000
vt 0.000000 0.000000
vt 0.000000 0.000000
vt 0.000000 0.000000
vt 0.000000 0.000000
vt 0.000000 0.000000
vt 0.000000 0.000000
vt 0.000000 0.000000
vt 0.000000 0.000000
vt 0.000000 0.000000
vt 0.000000 0.000000
vt 0.000000 0.000000
vt 0.000000 0.000000
vt 0.000000 0.000000
vt 0.000000 0.000000
vt 0.000000 0.000000
vt 0.000000 0.000000
vt 0.000000 0.000000
vt 0.000000 0.000000
vt 0.000000 0.000000
vt 0.000000 0.000000
vt 0.000000 0.000000
vt 0.000000 0.000000
vt 0.000000 0.000000
vt 0.000000 0.000000
vt 0.000000 0.000000
vt 0.000000 0.000000
vt 0.000000 0.000000
vt 0.000000 0.000000
vt 0.000000 0.000000
vt 0.000000 0.000000
vt 0.000000 0.000000
vt 0.000000 0.000000
vt 0.000000 0.000000
vt 0.000000 0.000000
vt 0.000000 0.000000
vt 0.000000 0.000000
vt 0.000000 0.000000
vt 0.000000 0.000000
vt 0.000000 0.000000
vt 0.000000 0.000000
vt 0.000000 0.000000
vt 0.000000 0.000000
vt 0.000000 0.000000
vt 0.000000 0.000000
vt 0.000000 0.000000
vt 0.000000 0.000000
vt 0.000000 0.000000
vt 0.000000 0.000000
vt 0.000000 0.000000
vt 0.000000 0.000000
vt 0.000000 0.000000
vt 0.000000 0.000000
vt 0.000000 0.000000
vt 0.000000 0.000000
vt 0.000000 0.000000
vt 0.000000 0.000000
vt 0.000000 0.000000
vt 0.000000 0.000000
vt 0.000000 0.000000
vt 0.000000 0.000000
vt 0.000000 0.000000
vt 0.000000 0.000000
vt 0.000000 0.000000
vt 0.000000 0.000000
vt 0.000000 0.000000
vt 0.000000 0.000000
vt 0.000000 0.000000
vt 0.000000 0.000000
vt 0.000000 0.000000
vt 0.000000 0.000000
vt 0.000000 0.000000
vt 0.000000 0.000000
vt 0.000000 0.000000
vt 0.000000 0.000000
vt 0.000000 0.000000
vt 0.000000 0.000000
vt 0.000000 0.000000
vt 0.000000 0.000000
vt 0.000000 0.000000
vt 0.000000 0.000000
vt 0.000000 0.000000
vt 0.000000 0.000000
vt 0.000000 0.000000
vt 0.000000 0.000000
vt 0.000000 0.000000
vt 0.000000 0.000000
vt 0.000000 0.000000
vt 0.000000 0.000000
vt 0.000000 0.000000
vt 0.000000 0.000000
vt 0.000000 0.000000
vt 0.000000 0.000000
vt 0.000000 0.000000
vt 0.000000 0.000000
vt 0.000000 0.000000
vt 0.000000 0.000000
vt 0.000000 0.000000
vt 0.000000 0.000000
vt 0.000000 0.000000
vt 0.000000 0.000000
vt 0.000000 0.000000
vt 0.000000 0.000000
vt 0.000000 0.000000
vt 0.000000 0.000000
vt 0.000000 0.000000
vt 0.000000 0.000000
vt 0.000000 0.000000
vt 0.000000 0.000000
vt 0.000000 0.000000
vt 0.000000 0.000000
vt 0.000000 0.000000
vt 0.000000 0.000000
vt 0.000000 0.000000
vt 0.000000 0.000000
vt 0.000000 0.000000
vt 0.000000 0.000000
vt 0.000000 0.000000
vt 0.000000 0.000000
vt 0.000000 0.000000
vt 0.000000 0.000000
vt 0.000000 0.000000
vt 0.000000 0.000000
vt 0.000000 0.000000
vt 0.000000 0.000000
vt 0.000000 0.000000
vt 0.000000 0.000000
vt 0.000000 0.000000
vt 0.000000 0.000000
vt 0.000000 0.000000
vt 0.000000 0.000000
vt 0.000000 0.000000
vt 0.000000 0.000000
vt 0.000000 0.000000
vt 0.000000 0.000000
vt 0.000000 0.000000
vt 0.000000 0.000000
vt 0.000000 0.000000
vt 0.000000 0.000000
vt 0.000000 0.000000
vt 0.000000 0.000000
vt 0.000000 0.000000
vt 0.000000 0.000000
vt 0.000000 0.000000
vt 0.000000 0.000000
vt 0.000000 0.000000
vt 0.000000 0.000000
vt 0.000000 0.000000
vt 0.000000 0.000000
vt 0.000000 0.000000
vt 0.000000 0.000000
vt 0.000000 0.000000
vt 0.000000 0.000000
vt 0.000000 0.000000
vt 0.000000 0.000000
vt 0.000000 0.000000
vt 0.000000 0.000000
vt 0.000000 0.000000
vt 0.000000 0.000000
vt 0.000000 0.000000
vt 0.000000 0.000000
vt 0.000000 0.000000
vt 0.000000 0.000000
vt 0.000000 0.000000
vt 0.000000 0.000000
vt 0.000000 0.000000
vt 0.000000 0.000000
vt 0.000000 0.000000
vt 0.000000 0.000000
vt 0.000000 0.000000
vt 0.000000 0.000000
vt 0.000000 0.000000
vt 0.000000 0.000000
vt 0.000000 0.000000
vt 0.000000 0.000000
vt 0.000000 0.000000
vt 0.000000 0.000000
vt 0.000000 0.000000
vt 0.000000 0.000000
vt 0.000000 0.000000
vt 0.000000 0.000000
vt 0.000000 0.000000
vt 0.000000 0.000000
vt 0.000000 0.000000
vt 0.000000 0.000000
vt 0.000000 0.000000
vt 0.000000 0.000000
vt 0.000000 0.000000
vt 0.000000 0.000000
vt 0.000000 0.000000
vt 0.000000 0.000000
vt 0.000000 0.000000
vt 0.000000 0.000000
vt 0.000000 0.000000
vt 0.000000 0.000000
vt 0.000000 0.000000
vt 0.000000 0.000000
vt 0.000000 0.000000
vt 0.000000 0.000000
vt 0.000000 0.000000
vt 0.000000 0.000000
vt 0.000000 0.000000
vt 0.000000 0.000000
vt 0.000000 0.000000
vt 0.000000 0.000000
vt 0.000000 0.000000
vt 0.000000 0.000000
vt 0.000000 0.000000
vt 0.000000 0.000000
vt 0.000000 0.000000
vt 0.000000 0.000000
vt 0.000000 0.000000
vt 0.000000 0.000000
vt 0.000000 0.000000
vt 0.000000 0.000000
vt 0.000000 0.000000
vt 0.000000 0.000000
vt 0.000000 0.000000
vt 0.000000 0.000000
vt 0.000000 0.000000
vt 0.000000 0.000000
vt 0.000000 0.000000
vt 0.000000 0.000000
vt 0.000000 0.000000
vt 0.000000 0.000000
vt 0.000000 0.000000
vt 0.000000 0.000000
vt 0.000000 0.000000
vt 0.000000 0.000000
vt 0.000000 0.000000
vt 0.000000 0.000000
vt 0.000000 0.000000
vt 0.000000 0.000000
vt 0.000000 0.000000
vt 0.000000 0.000000
vt 0.000000 0.000000
vt 0.000000 0.000000
vt 0.000000 0.000000
vt 0.000000 0.000000
vt 0.000000 0.000000
vt 0.000000 0.000000
vt 0.000000 0.000000
vt 0.000000 0.000000
vt 0.000000 0.000000
vt 0.000000 0.000000
vt 0.000000 0.000000
vt 0.000000 0.000000
vt 0.000000 0.000000
vt 0.000000 0.000000
vt 0.000000 0.000000
vt 0.000000 0.000000
vt 0.000000 0.000000
vt 0.000000 0.000000
vt 0.000000 0.000000
vt 0.000000 0.000000
vt 0.000000 0.000000
vt 0.000000 0.000000
vt 0.000000 0.000000
vt 0.000000 0.000000
vt 0.000000 0.000000
vt 0.000000 0.000000
vt 0.000000 0.000000
vt 0.000000 0.000000
vt 0.000000 0.000000
vt 0.000000 0.000000
vt 0.000000 0.000000
vt 0.000000 0.000000
vt 0.000000 0.000000
vt 0.000000 0.000000
vt 0.000000 0.000000
vt 0.000000 0.000000
vt 0.000000 0.000000
vt 0.000000 0.000000
vt 0.000000 0.000000
vt 0.000000 0.000000
vt 0.000000 0.000000
vt 0.000000 0.000000
vt 0.000000 0.000000
vt 0.000000 0.000000
vt 0.000000 0.000000
vt 0.000000 0.000000
vt 0.000000 0.000000
vt 0.000000 0.000000
vt 0.000000 0.000000
vt 0.000000 0.000000
vt 0.000000 0.000000
vt 0.000000 0.000000
vt 0.000000 0.000000
vt 0.000000 0.000000
vt 0.000000 0.000000
vt 0.000000 0.000000
vt 0.000000 0.000000
vt 0.000000 0.000000
vt 0.000000 0.000000
vt 0.000000 0.000000
vt 0.000000 0.000000
vt 0.000000 0.000000
vt 0.000000 0.000000
vt 0.000000 0.000000
vt 0.000000 0.000000
vt 0.000000 0.000000
vt 0.000000 0.000000
vt 0.000000 0.000000
vt 0.000000 0.000000
vt 0.000000 0.000000
vt 0.000000 0.000000
vt 0.000000 0.000000
vt 0.000000 0.000000
vt 0.000000 0.000000
vt 0.000000 0.000000
vt 0.000000 0.000000
vt 0.000000 0.000000
vt 0.000000 0.000000
vt 0.000000 0.000000
vt 0.000000 0.000000
vt 0.000000 0.000000
vt 0.000000 0.000000
vt 0.000000 0.000000
vt 0.000000 0.000000
vt 0.000000 0.000000
vt 0.000000 0.000000
vt 0.000000 0.000000
vt 0.000000 0.000000
vt 0.000000 0.000000
vt 0.000000 0.000000
vt 0.000000 0.000000
vt 0.000000 0.000000
vt 0.000000 0.000000
vt 0.000000 0.000000
vt 0.000000 0.000000
vt 0.000000 0.000000
vt 0.000000 0.000000
vt 0.000000 0.000000
vt 0.000000 0.000000
vt 0.000000 0.000000
vt 0.000000 0.000000
vt 0.000000 0.000000
vt 0.000000 0.000000
vt 0.000000 0.000000
vt 0.000000 0.000000
vt 0.000000 0.000000
vt 0.000000 0.000000
vt 0.000000 0.000000
vt 0.000000 0.000000
vt 0.000000 0.000000
vt 0.000000 0.000000
vt 0.000000 0.000000
vt 0.000000 0.000000
vt 0.000000 0.000000
vt 0.000000 0.000000
vt 0.000000 0.000000
vt 0.000000 0.000000
vt 0.000000 0.000000
vt 0.000000 0.000000
vt 0.000000 0.000000
vt 0.000000 0.000000
vt 0.000000 0.000000
vt 0.000000 0.000000
vt 0.000000 0.000000
vt 0.000000 0.000000
vt 0.000000 0.000000
vt 0.000000 0.000000
vt 0.000000 0.000000
vt 0.000000 0.000000
vt 0.000000 0.000000
vt 0.000000 0.000000
vt 0.000000 0.000000
vt 0.000000 0.000000
vt 0.000000 0.000000
vt 0.000000 0.000000
vt 0.000000 0.000000
vt 0.000000 0.000000
vt 0.000000 0.000000
vt 0.000000 0.000000
vt 0.000000 0.000000
vt 0.000000 0.000000
vt 0.000000 0.000000
vt 0.000000 0.000000
vt 0.000000 0.000000
vt 0.000000 0.000000
vt 0.000000 0.000000
vt 0.000000 0.000000
vt 0.000000 0.000000
vt 0.000000 0.000000
vt 0.000000 0.000000
vt 0.000000 0.000000
vt 0.000000 0.000000
vt 0.000000 0.000000
vt 0.000000 0.000000
vt 0.000000 0.000000
vt 0.000000 0.000000
vt 0.000000 0.000000
vt 0.000000 0.000000
vt 0.000000 0.000000
vt 0.000000 0.000000
vt 0.000000 0.000000
vt 0.000000 0.000000
vt 0.000000 0.000000
vt 0.000000 0.000000
vt 0.000000 0.000000
vt 0.000000 0.000000
vt 0.000000 0.000000
vt 0.000000 0.000000
vt 0.000000 0.000000
vt 0.000000 0.000000
vt 0.000000 0.000000
vt 0.000000 0.000000
vt 0.000000 0.000000
vt 0.000000 0.000000
vt 0.000000 0.000000
vt 0.000000 0.000000
vt 0.000000 0.000000
vt 0.000000 0.000000
vt 0.000000 0.000000
vt 0.000000 0.000000
vt 0.000000 0.000000
vt 0.000000 0.000000
vt 0.000000 0.000000
vt 0.000000 0.000000
vt 0.000000 0.000000
vt 0.000000 0.000000
vt 0.000000 0.000000
vt 0.000000 0.000000
vt 0.000000 0.000000
vt 0.000000 0.000000
vt 0.000000 0.000000
vt 0.000000 0.000000
vt 0.000000 0.000000
vt 0.000000 0.000000
vt 0.000000 0.000000
vt 0.000000 0.000000
vt 0.000000 0.000000
vt 0.000000 0.000000
vt 0.000000 0.000000
vt 0.000000 0.000000
vt 0.000000 0.000000
vt 0.000000 0.000000
vt 0.000000 0.000000
vt 0.000000 0.000000
vt 0.000000 0.000000
vt 0.000000 0.000000
vt 0.000000 0.000000
vt 0.000000 0.000000
vt 0.000000 0.000000
vt 0.000000 0.000000
vt 0.000000 0.000000
vt 0.000000 0.000000
vt 0.000000 0.000000
vt 0.000000 0.000000
vt 0.000000 0.000000
vt 0.000000 0.000000
vt 0.000000 0.000000
vt 0.000000 0.000000
vt 0.000000 0.000000
vt 0.000000 0.000000
vt 0.000000 0.000000
vt 0.000000 0.000000
vt 0.000000 0.000000
vt 0.000000 0.000000
vt 0.000000 0.000000
vt 0.000000 0.000000
vt 0.000000 0.000000
vt 0.000000 0.000000
vt 0.000000 0.000000
vt 0.000000 0.000000
vt 0.000000 0.000000
vt 0.000000 0.000000
vt 0.000000 0.000000
vt 0.000000 0.000000
vt 0.000000 0.000000
vt 0.000000 0.000000
vt 0.000000 0.000000
vt 0.000000 0.000000
vt 0.000000 0.000000
vt 0.000000 0.000000
vt 0.000000 0.000000
vt 0.000000 0.000000
vt 0.000000 0.000000
vt 0.000000 0.000000
vt 0.000000 0.000000
vt 0.000000 0.000000
vt 0.000000 0.000000
vt 0.000000 0.000000
vt 0.000000 0.000000
vt 0.000000 0.000000
vt 0.000000 0.000000
vt 0.000000 0.000000
vt 0.000000 0.000000
vt 0.000000 0.000000
vt 0.000000 0.000000
vt 0.000000 0.000000
vt 0.000000 0.000000
vt 0.000000 0.000000
vt 0.000000 0.000000
vt 0.000000 0.000000
vt 0.000000 0.000000
vt 0.000000 0.000000
vt 0.000000 0.000000
vt 0.000000 0.000000
vt 0.000000 0.000000
vt 0.000000 0.000000
vt 0.000000 0.000000
vt 0.000000 0.000000
vt 0.000000 0.000000
vt 0.000000 0.000000
vt 0.000000 0.000000
vt 0.000000 0.000000
vt 0.000000 0.000000
vt 0.000000 0.000000
vt 0.000000 0.000000
vt 0.000000 0.000000
vt 0.000000 0.000000
vt 0.000000 0.000000
vt 0.000000 0.000000
vt 0.000000 0.000000
vt 0.000000 0.000000
vt 0.000000 0.000000
vt 0.000000 0.000000
vt 0.000000 0.000000
vt 0.000000 0.000000
vt 0.000000 0.000000
vt 0.000000 0.000000
vt 0.000000 0.000000
vt 0.000000 0.000000
vt 0.000000 0.000000
vt 0.000000 0.000000
vt 0.000000 0.000000
vt 0.000000 0.000000
vt 0.000000 0.000000
vt 0.000000 0.000000
vt 0.000000 0.000000
vt 0.000000 0.000000
vt 0.000000 0.000000
vt 0.000000 0.000000
vt 0.000000 0.000000
vt 0.000000 0.000000
vt 0.000000 0.000000
vt 0.000000 0.000000
vt 0.000000 0.000000
vt 0.000000 0.000000
vt 0.000000 0.000000
vt 0.000000 0.000000
vt 0.000000 0.000000
vt 0.000000 0.000000
vt 0.000000 0.000000
vt 0.000000 0.000000
vt 0.000000 0.000000
vt 0.000000 0.000000
vt 0.000000 0.000000
vt 0.000000 0.000000
vt 0.000000 0.000000
vt 0.000000 0.000000
vt 0.000000 0.000000
vt 0.000000 0.000000
vt 0.000000 0.000000
vt 0.000000 0.000000
vt 0.000000 0.000000
vt 0.000000 0.000000
vt 0.000000 0.000000
vt 0.000000 0.000000
vt 0.000000 0.000000
vt 0.000000 0.000000
vt 0.000000 0.000000
vt 0.000000 0.000000
vt 0.000000 0.000000
vt 0.000000 0.000000
vt 0.000000 0.000000
vt 0.000000 0.000000
vt 0.000000 0.000000
vt 0.000000 0.000000
vt 0.000000 0.000000
vt 0.000000 0.000000
vt 0.000000 0.000000
vt 0.000000 0.000000
vt 0.000000 0.000000
vt 0.000000 0.000000
vt 0.000000 0.000000
vt 0.000000 0.000000
vt 0.000000 0.000000
vt 0.000000 0.000000
vt 0.000000 0.000000
vt 0.000000 0.000000
vt 0.000000 0.000000
vt 0.000000 0.000000
vt 0.000000 0.000000
vt 0.000000 0.000000
vt 0.000000 0.000000
vt 0.000000 0.000000
vt 0.000000 0.000000
vt 0.000000 0.000000
vt 0.000000 0.000000
vt 0.000000 0.000000
vt 0.000000 0.000000
vt 0.000000 0.000000
vt 0.000000 0.000000
vt 0.000000 0.000000
vt 0.000000 0.000000
vt 0.000000 0.000000
vt 0.000000 0.000000
vt 0.000000 0.000000
vt 0.000000 0.000000
vt 0.000000 0.000000
vt 0.000000 0.000000
vt 0.000000 0.000000
vt 0.000000 0.000000
vt 0.000000 0.000000
vt 0.000000 0.000000
vt 0.000000 0.000000
vt 0.000000 0.000000
vt 0.000000 0.000000
vt 0.000000 0.000000
vt 0.000000 0.000000
vt 0.000000 0.000000
vt 0.000000 0.000000
vt 0.000000 0.000000
vt 0.000000 0.000000
vt 0.000000 0.000000
vt 0.000000 0.000000
vt 0.000000 0.000000
vt 0.000000 0.000000
vt 0.000000 0.000000
vt 0.000000 0.000000
vt 0.000000 0.000000
vt 0.000000 0.000000
vt 0.000000 0.000000
vt 0.000000 0.000000
vt 0.000000 0.000000
vt 0.000000 0.000000
vt 0.000000 0.000000
vt 0.000000 0.000000
vt 0.000000 0.000000
vt 0.000000 0.000000
vt 0.000000 0.000000
vt 0.000000 0.000000
vt 0.000000 0.000000
vt 0.000000 0.000000
vt 0.000000 0.000000
vt 0.000000 0.000000
vt 0.000000 0.000000
vt 0.000000 0.000000
vt 0.000000 0.000000
vt 0.000000 0.000000
vt 0.000000 0.000000
vt 0.000000 0.000000
vt 0.000000 0.000000
vt 0.000000 0.000000
vt 0.000000 0.000000
vt 0.000000 0.000000
vt 0.000000 0.000000
vt 0.000000 0.000000
vt 0.000000 0.000000
vt 0.000000 0.000000
vt 0.000000 0.000000
vt 0.000000 0.000000
vt 0.000000 0.000000
vt 0.000000 0.000000
vt 0.000000 0.000000
vt 0.000000 0.000000
vt 0.000000 0.000000
vt 0.000000 0.000000
vt 0.000000 0.000000
vt 0.000000 0.000000
vt 0.000000 0.000000
vt 0.000000 0.000000
vt 0.000000 0.000000
vt 0.000000 0.000000
vt 0.000000 0.000000
vt 0.000000 0.000000
vt 0.000000 0.000000
vt 0.000000 0.000000
vt 0.000000 0.000000
vt 0.000000 0.000000
vt 0.000000 0.000000
vt 0.000000 0.000000
vt 0.000000 0.000000
vt 0.000000 0.000000
vt 0.000000 0.000000
vt 0.000000 0.000000
vt 0.000000 0.000000
vt 0.000000 0.000000
vt 0.000000 0.000000
vt 0.000000 0.000000
vt 0.000000 0.000000
vt 0.000000 0.000000
vt 0.000000 0.000000
vt 0.000000 0.000000
vt 0.000000 0.000000
vt 0.000000 0.000000
vt 0.000000 0.000000
vt 0.000000 0.000000
vt 0.000000 0.000000
vt 0.000000 0.000000
vt 0.000000 0.000000
vt 0.000000 0.000000
vt 0.000000 0.000000
vt 0.000000 0.000000
vt 0.000000 0.000000
vt 0.000000 0.000000
vt 0.000000 0.000000
vt 0.000000 0.000000
vt 0.000000 0.000000
vt 0.000000 0.000000
vt 0.000000 0.000000
vt 0.000000 0.000000
vt 0.000000 0.000000
vt 0.000000 0.000000
vt 0.000000 0.000000
vt 0.000000 0.000000
vt 0.000000 0.000000
vt 0.000000 0.000000
vt 0.000000 0.000000
vt 0.000000 0.000000
vt 0.000000 0.000000
vt 0.000000 0.000000
vt 0.000000 0.000000
vt 0.000000 0.000000
vt 0.000000 0.000000
vt 0.000000 0.000000
vt 0.000000 0.000000
vt 0.000000 0.000000
vt 0.000000 0.000000
vt 0.000000 0.000000
vt 0.000000 0.000000
vt 0.000000 0.000000
vt 0.000000 0.000000
vt 0.000000 0.000000
vt 0.000000 0.000000
vt 0.000000 0.000000
vt 0.000000 0.000000
vt 0.000000 0.000000
vt 0.000000 0.000000
vt 0.000000 0.000000
vt 0.000000 0.000000
vt 0.000000 0.000000
vt 0.000000 0.000000
vt 0.000000 0.000000
vt 0.000000 0.000000
vt 0.000000 0.000000
vt 0.000000 0.000000
vt 0.000000 0.000000
vt 0.000000 0.000000
vt 0.000000 0.000000
vt 0.000000 0.000000
vt 0.000000 0.000000
vt 0.000000 0.000000
vt 0.000000 0.000000
vt 0.000000 0.000000
vt 0.000000 0.000000
vt 0.000000 0.000000
vt 0.000000 0.000000
vt 0.000000 0.000000
vt 0.000000 0.000000
vt 0.000000 0.000000
vt 0.000000 0.000000
vt 0.000000 0.000000
vt 0.000000 0.000000
vt 0.000000 0.000000
vt 0.000000 0.000000
vt 0.000000 0.000000
vt 0.000000 0.000000
vt 0.000000 0.000000
vt 0.000000 0.000000
vt 0.000000 0.000000
vt 0.000000 0.000000
vt 0.000000 0.000000
vt 0.000000 0.000000
vt 0.000000 0.000000
vt 0.000000 0.000000
vt 0.000000 0.000000
vt 0.000000 0.000000
vt 0.000000 0.000000
vt 0.000000 0.000000
vt 0.000000 0.000000
vt 0.000000 0.000000
vt 0.000000 0.000000
vt 0.000000 0.000000
vt 0.000000 0.000000
vt 0.000000 0.000000
vt 0.000000 0.000000
vt 0.000000 0.000000
vt 0.000000 0.000000
vt 0.000000 0.000000
vt 0.000000 0.000000
vt 0.000000 0.000000
vt 0.000000 0.000000
vt 0.000000 0.000000
vt 0.000000 0.000000
vt 0.000000 0.000000
vt 0.000000 0.000000
vt 0.000000 0.000000
vt 0.000000 0.000000
vt 0.000000 0.000000
vt 0.000000 0.000000
vt 0.000000 0.000000
vt 0.000000 0.000000
vt 0.000000 0.000000
vt 0.000000 0.000000
vt 0.000000 0.000000
vt 0.000000 0.000000
vt 0.000000 0.000000
vt 0.000000 0.000000
vt 0.000000 0.000000
vt 0.000000 0.000000
vt 0.000000 0.000000
vt 0.000000 0.000000
vt 0.000000 0.000000
vt 0.000000 0.000000
vt 0.000000 0.000000
vt 0.000000 0.000000
vt 0.000000 0.000000
vt 0.000000 0.000000
vt 0.000000 0.000000
vt 0.000000 0.000000
vt 0.000000 0.000000
vt 0.000000 0.000000
vt 0.000000 0.000000
vt 0.000000 0.000000
vt 0.000000 0.000000
vt 0.000000 0.000000
vt 0.000000 0.000000
vt 0.000000 0.000000
vt 0.000000 0.000000
vt 0.000000 0.000000
vt 0.000000 0.000000
vt 0.000000 0.000000
vt 0.000000 0.000000
vt 0.000000 0.000000
vt 0.000000 0.000000
vt 0.000000 0.000000
vt 0.000000 0.000000
vt 0.000000 0.000000
vt 0.000000 0.000000
vt 0.000000 0.000000
vt 0.000000 0.000000
vt 0.000000 0.000000
vt 0.000000 0.000000
vt 0.000000 0.000000
vt 0.000000 0.000000
vt 0.000000 0.000000
vt 0.000000 0.000000
vt 0.000000 0.000000
vt 0.000000 0.000000
vt 0.000000 0.000000
vt 0.000000 0.000000
vt 0.000000 0.000000
vt 0.000000 0.000000
vt 0.000000 0.000000
vt 0.000000 0.000000
vt 0.000000 0.000000
vt 0.000000 0.000000
vt 0.000000 0.000000
vt 0.000000 0.000000
vt 0.000000 0.000000
vt 0.000000 0.000000
vt 0.000000 0.000000
vt 0.000000 0.000000
vt 0.000000 0.000000
vt 0.000000 0.000000
vt 0.000000 0.000000
vt 0.000000 0.000000
vt 0.000000 0.000000
vt 0.000000 0.000000
vt 0.000000 0.000000
vt 0.000000 0.000000
vt 0.000000 0.000000
vt 0.000000 0.000000
vt 0.000000 0.000000
vt 0.000000 0.000000
vt 0.000000 0.000000
vt 0.000000 0.000000
vt 0.000000 0.000000
vt 0.000000 0.000000
vt 0.000000 0.000000
vt 0.000000 0.000000
vt 0.000000 0.000000
vt 0.000000 0.000000
vt 0.000000 0.000000
vt 0.000000 0.000000
vt 0.000000 0.000000
vt 0.000000 0.000000
vt 0.000000 0.000000
vt 0.000000 0.000000
vt 0.000000 0.000000
vt 0.000000 0.000000
vt 0.000000 0.000000
vt 0.000000 0.000000
vt 0.000000 0.000000
vt 0.000000 0.000000
vt 0.000000 0.000000
vt 0.000000 0.000000
vt 0.000000 0.000000
vt 0.000000 0.000000
vt 0.000000 0.000000
vt 0.000000 0.000000
vt 0.000000 0.000000
vt 0.000000 0.000000
vt 0.000000 0.000000
vt 0.000000 0.000000
vt 0.000000 0.000000
vt 0.000000 0.000000
vt 0.000000 0.000000
vt 0.000000 0.000000
vt 0.000000 0.000000
vt 0.000000 0.000000
vt 0.000000 0.000000
vt 0.000000 0.000000
vt 0.000000 0.000000
vt 0.000000 0.000000
vt 0.000000 0.000000
vt 0.000000 0.000000
vt 0.000000 0.000000
vt 0.000000 0.000000
vt 0.000000 0.000000
vt 0.000000 0.000000
vt 0.000000 0.000000
vt 0.000000 0.000000
vt 0.000000 0.000000
vt 0.000000 0.000000
vt 0.000000 0.000000
vt 0.000000 0.000000
vt 0.000000 0.000000
vt 0.000000 0.000000
vt 0.000000 0.000000
vt 0.000000 0.000000
vt 0.000000 0.000000
vt 0.000000 0.000000
vt 0.000000 0.000000
vt 0.000000 0.000000
vt 0.000000 0.000000
vt 0.000000 0.000000
vt 0.000000 0.000000
vt 0.000000 0.000000
vt 0.000000 0.000000
vt 0.000000 0.000000
vt 0.000000 0.000000
vt 0.000000 0.000000
vt 0.000000 0.000000
vt 0.000000 0.000000
vt 0.000000 0.000000
vt 0.000000 0.000000
vt 0.000000 0.000000
vt 0.000000 0.000000
vt 0.000000 0.000000
vt 0.000000 0.000000
vt 0.000000 0.000000
vt 0.000000 0.000000
vt 0.000000 0.000000
vt 0.000000 0.000000
vt 0.000000 0.000000
vt 0.000000 0.000000
vt 0.000000 0.000000
vt 0.000000 0.000000
vt 0.000000 0.000000
vt 0.000000 0.000000
vt 0.000000 0.000000
vt 0.000000 0.000000
vt 0.000000 0.000000
vt 0.000000 0.000000
vt 0.000000 0.000000
vt 0.000000 0.000000
vt 0.000000 0.000000
vt 0.000000 0.000000
vt 0.000000 0.000000
vt 0.000000 0.000000
vt 0.000000 0.000000
vt 0.000000 0.000000
vt 0.000000 0.000000
vt 0.000000 0.000000
vt 0.000000 0.000000
vt 0.000000 0.000000
vt 0.000000 0.000000
vt 0.000000 0.000000
vt 0.000000 0.000000
vt 0.000000 0.000000
vt 0.000000 0.000000
vt 0.000000 0.000000
vt 0.000000 0.000000
vt 0.000000 0.000000
vt 0.000000 0.000000
vt 0.000000 0.000000
vt 0.000000 0.000000
vt 0.000000 0.000000
vt 0.000000 0.000000
vt 0.000000 0.000000
vt 0.000000 0.000000
vt 0.000000 0.000000
vt 0.000000 0.000000
vt 0.000000 0.000000
vt 0.000000 0.000000
vt 0.000000 0.000000
vt 0.000000 0.000000
vt 0.000000 0.000000
vt 0.000000 0.000000
vt 0.000000 0.000000
vt 0.000000 0.000000
vt 0.000000 0.000000
vt 0.000000 0.000000
vt 0.000000 0.000000
vt 0.000000 0.000000
vt 0.000000 0.000000
vt 0.000000 0.000000
vt 0.000000 0.000000
vt 0.000000 0.000000
vt 0.000000 0.000000
vt 0.000000 0.000000
vt 0.000000 0.000000
vt 0.000000 0.000000
vt 0.000000 0.000000
vt 0.000000 0.000000
vt 0.000000 0.000000
vt 0.000000 0.000000
vt 0.000000 0.000000
vt 0.000000 0.000000
vt 0.000000 0.000000
vt 0.000000 0.000000
vt 0.000000 0.000000
vt 0.000000 0.000000
vt 0.000000 0.000000
vt 0.000000 0.000000
vt 0.000000 0.000000
vt 0.000000 0.000000
vt 0.000000 0.000000
vt 0.000000 0.000000
vt 0.000000 0.000000
vt 0.000000 0.000000
vt 0.000000 0.000000
vt 0.000000 0.000000
vt 0.000000 0.000000
vt 0.000000 0.000000
vt 0.000000 0.000000
vt 0.000000 0.000000
vt 0.000000 0.000000
vt 0.000000 0.000000
vt 0.000000 0.000000
vt 0.000000 0.000000
vt 0.000000 0.000000
vt 0.000000 0.000000
vt 0.000000 0.000000
vt 0.000000 0.000000
vt 0.000000 0.000000
vt 0.000000 0.000000
vt 0.000000 0.000000
vt 0.000000 0.000000
vt 0.000000 0.000000
vt 0.000000 0.000000
vt 0.000000 0.000000
vt 0.000000 0.000000
vt 0.000000 0.000000
vt 0.000000 0.000000
vt 0.000000 0.000000
vt 0.000000 0.000000
vt 0.000000 0.000000
vt 0.000000 0.000000
vt 0.000000 0.000000
vt 0.000000 0.000000
vt 0.000000 0.000000
vt 0.000000 0.000000
vt 0.000000 0.000000
vt 0.000000 0.000000
vt 0.000000 0.000000
vt 0.000000 0.000000
vt 0.000000 0.000000
vt 0.000000 0.000000
vt 0.000000 0.000000
vt 0.000000 0.000000
vt 0.000000 0.000000
vt 0.000000 0.000000
vt 0.000000 0.000000
vt 0.000000 0.000000
vt 0.000000 0.000000
vt 0.000000 0.000000
vt 0.000000 0.000000
vt 0.000000 0.000000
vt 0.000000 0.000000
vt 0.000000 0.000000
vt 0.000000 0.000000
vt 0.000000 0.000000
vt 0.000000 0.000000
vt 0.000000 0.000000
vt 0.000000 0.000000
vt 0.000000 0.000000
vt 0.000000 0.000000
vt 0.000000 0.000000
vt 0.000000 0.000000
vt 0.000000 0.000000
vt 0.000000 0.000000
vt 0.000000 0.000000
vt 0.000000 0.000000
vt 0.000000 0.000000
vt 0.000000 0.000000
vt 0.000000 0.000000
vt 0.000000 0.000000
vt 0.000000 0.000000
vt 0.000000 0.000000
vt 0.000000 0.000000
vt 0.000000 0.000000
vt 0.000000 0.000000
vt 0.000000 0.000000
vt 0.000000 0.000000
vt 0.000000 0.000000
vt 0.000000 0.000000
vt 0.000000 0.000000
vt 0.000000 0.000000
vt 0.000000 0.000000
vt 0.000000 0.000000
vt 0.000000 0.000000
vt 0.000000 0.000000
vt 0.000000 0.000000
vt 0.000000 0.000000
vt 0.000000 0.000000
vt 0.000000 0.000000
vt 0.000000 0.000000
vt 0.000000 0.000000
vt 0.000000 0.000000
vt 0.000000 0.000000
vt 0.000000 0.000000
vt 0.000000 0.000000
vt 0.000000 0.000000
vt 0.000000 0.000000
vt 0.000000 0.000000
vt 0.000000 0.000000
vt 0.000000 0.000000
vt 0.000000 0.000000
vt 0.000000 0.000000
vt 0.000000 0.000000
vt 0.000000 0.000000
vt 0.000000 0.000000
vt 0.000000 0.000000
vt 0.000000 0.000000
vt 0.000000 0.000000
vt 0.000000 0.000000
vt 0.000000 0.000000
vt 0.000000 0.000000
vt 0.000000 0.000000
vt 0.000000 0.000000
vt 0.000000 0.000000
vt 0.000000 0.000000
vt 0.000000 0.000000
vt 0.000000 0.000000
vt 0.000000 0.000000
vt 0.000000 0.000000
vt 0.000000 0.000000
vt 0.000000 0.000000
vt 0.000000 0.000000
vt 0.000000 0.000000
vt 0.000000 0.000000
vt 0.000000 0.000000
vt 0.000000 0.000000
vt 0.000000 0.000000
vt 0.000000 0.000000
vt 0.000000 0.000000
vt 0.000000 0.000000
vt 0.000000 0.000000
vt 0.000000 0.000000
vt 0.000000 0.000000
vt 0.000000 0.000000
vt 0.000000 0.000000
vt 0.000000 0.000000
vt 0.000000 0.000000
vt 0.000000 0.000000
vt 0.000000 0.000000
vt 0.000000 0.000000
vt 0.000000 0.000000
vt 0.000000 0.000000
vt 0.000000 0.000000
vt 0.000000 0.000000
vt 0.000000 0.000000
vt 0.000000 0.000000
vt 0.000000 0.000000
vt 0.000000 0.000000
vt 0.000000 0.000000
vt 0.000000 0.000000
vt 0.000000 0.000000
vt 0.000000 0.000000
vt 0.000000 0.000000
vt 0.000000 0.000000
vt 0.000000 0.000000
vt 0.000000 0.000000
vt 0.000000 0.000000
vt 0.000000 0.000000
vt 0.000000 0.000000
vt 0.000000 0.000000
vt 0.000000 0.000000
vt 0.000000 0.000000
vt 0.000000 0.000000
vt 0.000000 0.000000
vt 0.000000 0.000000
vt 0.000000 0.000000
vt 0.000000 0.000000
vt 0.000000 0.000000
vt 0.000000 0.000000
vt 0.000000 0.000000
vt 0.000000 0.000000
vt 0.000000 0.000000
vt 0.000000 0.000000
vt 0.000000 0.000000
vt 0.000000 0.000000
vt 0.000000 0.000000
vt 0.000000 0.000000
vt 0.000000 0.000000
vt 0.000000 0.000000
vt 0.000000 0.000000
vt 0.000000 0.000000
vt 0.000000 0.000000
vt 0.000000 0.000000
vt 0.000000 0.000000
vt 0.000000 0.000000
vt 0.000000 0.000000
vt 0.000000 0.000000
vt 0.000000 0.000000
vt 0.000000 0.000000
vt 0.000000 0.000000
vt 0.000000 0.000000
vt 0.000000 0.000000
vt 0.000000 0.000000
vt 0.000000 0.000000
vt 0.000000 0.000000
vt 0.000000 0.000000
vt 0.000000 0.000000
vt 0.000000 0.000000
vt 0.000000 0.000000
vt 0.000000 0.000000
vt 0.000000 0.000000
vt 0.000000 0.000000
vt 0.000000 0.000000
vt 0.000000 0.000000
vt 0.000000 0.000000
vt 0.000000 0.000000
vt 0.000000 0.000000
vt 0.000000 0.000000
vt 0.000000 0.000000
vt 0.000000 0.000000
vt 0.000000 0.000000
vt 0.000000 0.000000
vt 0.000000 0.000000
vt 0.000000 0.000000
vt 0.000000 0.000000
vt 0.000000 0.000000
vt 0.000000 0.000000
vt 0.000000 0.000000
vt 0.000000 0.000000
vt 0.000000 0.000000
vt 0.000000 0.000000
vt 0.000000 0.000000
vt 0.000000 0.000000
vt 0.000000 0.000000
vt 0.000000 0.000000
vt 0.000000 0.000000
vt 0.000000 0.000000
vt 0.000000 0.000000
vt 0.000000 0.000000
vt 0.000000 0.000000
vt 0.000000 0.000000
vt 0.000000 0.000000
vt 0.000000 0.000000
vt 0.000000 0.000000
vt 0.000000 0.000000
vt 0.000000 0.000000
vt 0.000000 0.000000
vt 0.000000 0.000000
vt 0.000000 0.000000
vt 0.000000 0.000000
vt 0.000000 0.000000
vt 0.000000 0.000000
vt 0.000000 0.000000
vt 0.000000 0.000000
vt 0.000000 0.000000
vt 0.000000 0.000000
vt 0.000000 0.000000
vt 0.000000 0.000000
vt 0.000000 0.000000
vt 0.000000 0.000000
vt 0.000000 0.000000
vt 0.000000 0.000000
vt 0.000000 0.000000
vt 0.000000 0.000000
vt 0.000000 0.000000
vt 0.000000 0.000000
vt 0.000000 0.000000
vt 0.000000 0.000000
vt 0.000000 0.000000
vt 0.000000 0.000000
vt 0.000000 0.000000
vt 0.000000 0.000000
vt 0.000000 0.000000
vt 0.000000 0.000000
vt 0.000000 0.000000
vt 0.000000 0.000000
vt 0.000000 0.000000
vt 0.000000 0.000000
vt 0.000000 0.000000
vt 0.000000 0.000000
vt 0.000000 0.000000
vt 0.000000 0.000000
vt 0.000000 0.000000
vt 0.000000 0.000000
vt 0.000000 0.000000
vt 0.000000 0.000000
vt 0.000000 0.000000
vt 0.000000 0.000000
vt 0.000000 0.000000
vt 0.000000 0.000000
vt 0.000000 0.000000
vt 0.000000 0.000000
vt 0.000000 0.000000
vt 0.000000 0.000000
vt 0.000000 0.000000
vt 0.000000 0.000000
vt 0.000000 0.000000
vt 0.000000 0.000000
vt 0.000000 0.000000
vt 0.000000 0.000000
vt 0.000000 0.000000
vt 0.000000 0.000000
vt 0.000000 0.000000
vt 0.000000 0.000000
vt 0.000000 0.000000
vt 0.000000 0.000000
vt 0.000000 0.000000
vt 0.000000 0.000000
vt 0.000000 0.000000
vt 0.000000 0.000000
vt 0.000000 0.000000
vt 0.000000 0.000000
vt 0.000000 0.000000
vt 0.000000 0.000000
vt 0.000000 0.000000
vt 0.000000 0.000000
vt 0.000000 0.000000
vt 0.000000 0.000000
vt 0.000000 0.000000
vt 0.000000 0.000000
vt 0.000000 0.000000
vt 0.000000 0.000000
vt 0.000000 0.000000
vt 0.000000 0.000000
vt 0.000000 0.000000
vt 0.000000 0.000000
vt 0.000000 0.000000
vt 0.000000 0.000000
vt 0.000000 0.000000
vt 0.000000 0.000000
vt 0.000000 0.000000
vt 0.000000 0.000000
vt 0.000000 0.000000
vt 0.000000 0.000000
vt 0.000000 0.000000
vt 0.000000 0.000000
vt 0.000000 0.000000
vt 0.000000 0.000000
vt 0.000000 0.000000
vt 0.000000 0.000000
vt 0.000000 0.000000
vt 0.000000 0.000000
vt 0.000000 0.000000
vt 0.000000 0.000000
vt 0.000000 0.000000
vt 0.000000 0.000000
vt 0.000000 0.000000
vt 0.000000 0.000000
vt 0.000000 0.000000
vt 0.000000 0.000000
vt 0.000000 0.000000
vt 0.000000 0.000000
vt 0.000000 0.000000
vt 0.000000 0.000000
vt 0.000000 0.000000
vt 0.000000 0.000000
vt 0.000000 0.000000
vt 0.000000 0.000000
vt 0.000000 0.000000
vt 0.000000 0.000000
vt 0.000000 0.000000
vt 0.000000 0.000000
vt 0.000000 0.000000
vt 0.000000 0.000000
vt 0.000000 0.000000
vt 0.000000 0.000000
vt 0.000000 0.000000
vt 0.000000 0.000000
vt 0.000000 0.000000
vt 0.000000 0.000000
vt 0.000000 0.000000
vt 0.000000 0.000000
vt 0.000000 0.000000
vt 0.000000 0.000000
vt 0.000000 0.000000
vt 0.000000 0.000000
vt 0.000000 0.000000
vt 0.000000 0.000000
vt 0.000000 0.000000
vt 0.000000 0.000000
vt 0.000000 0.000000
vt 0.000000 0.000000
vt 0.000000 0.000000
vt 0.000000 0.000000
vt 0.000000 0.000000
vt 0.000000 0.000000
vt 0.000000 0.000000
vt 0.000000 0.000000
vt 0.000000 0.000000
vt 0.000000 0.000000
vt 0.000000 0.000000
vt 0.000000 0.000000
vt 0.000000 0.000000
vt 0.000000 0.000000
vt 0.000000 0.000000
vt 0.000000 0.000000
vt 0.000000 0.000000
vt 0.000000 0.000000
vt 0.000000 0.000000
vt 0.000000 0.000000
vt 0.000000 0.000000
vt 0.000000 0.000000
vt 0.000000 0.000000
vt 0.000000 0.000000
vt 0.000000 0.000000
vt 0.000000 0.000000
vt 0.000000 0.000000
vt 0.000000 0.000000
vt 0.000000 0.000000
vt 0.000000 0.000000
vt 0.000000 0.000000
vt 0.000000 0.000000
vt 0.000000 0.000000
vt 0.000000 0.000000
vt 0.000000 0.000000
vt 0.000000 0.000000
vt 0.000000 0.000000
vt 0.000000 0.000000
vt 0.000000 0.000000
vt 0.000000 0.000000
vt 0.000000 0.000000
vt 0.000000 0.000000
vt 0.000000 0.000000
vt 0.000000 0.000000
vt 0.000000 0.000000
vt 0.000000 0.000000
vt 0.000000 0.000000
vt 0.000000 0.000000
vt 0.000000 0.000000
vt 0.000000 0.000000
vt 0.000000 0.000000
vt 0.000000 0.000000
vt 0.000000 0.000000
vt 0.000000 0.000000
vt 0.000000 0.000000
vt 0.000000 0.000000
vt 0.000000 0.000000
vt 0.000000 0.000000
vt 0.000000 0.000000
vt 0.000000 0.000000
vt 0.000000 0.000000
vt 0.000000 0.000000
vt 0.000000 0.000000
vt 0.000000 0.000000
vt 0.000000 0.000000
vt 0.000000 0.000000
vt 0.000000 0.000000
vt 0.000000 0.000000
vt 0.000000 0.000000
vt 0.000000 0.000000
vt 0.000000 0.000000
vt 0.000000 0.000000
vt 0.000000 0.000000
vt 0.000000 0.000000
vt 0.000000 0.000000
vt 0.000000 0.000000
vt 0.000000 0.000000
vt 0.000000 0.000000
vt 0.000000 0.000000
vt 0.000000 0.000000
vt 0.000000 0.000000
vt 0.000000 0.000000
vt 0.000000 0.000000
vt 0.000000 0.000000
vt 0.000000 0.000000
vt 0.000000 0.000000
vt 0.000000 0.000000
vt 0.000000 0.000000
vt 0.000000 0.000000
vt 0.000000 0.000000
vt 0.000000 0.000000
vt 0.000000 0.000000
vt 0.000000 0.000000
vt 0.000000 0.000000
vt 0.000000 0.000000
vt 0.000000 0.000000
vt 0.000000 0.000000
vt 0.000000 0.000000
vt 0.000000 0.000000
vt 0.000000 0.000000
vt 0.000000 0.000000
vt 0.000000 0.000000
vt 0.000000 0.000000
vt 0.000000 0.000000
vt 0.000000 0.000000
vt 0.000000 0.000000
vt 0.000000 0.000000
vt 0.000000 0.000000
vt 0.000000 0.000000
vt 0.000000 0.000000
vt 0.000000 0.000000
vt 0.000000 0.000000
vt 0.000000 0.000000
vt 0.000000 0.000000
vt 0.000000 0.000000
vt 0.000000 0.000000
vt 0.000000 0.000000
vt 0.000000 0.000000
vt 0.000000 0.000000
vt 0.000000 0.000000
vt 0.000000 0.000000
vt 0.000000 0.000000
vt 0.000000 0.000000
vt 0.000000 0.000000
vt 0.000000 0.000000
vt 0.000000 0.000000
vt 0.000000 0.000000
vt 0.000000 0.000000
vt 0.000000 0.000000
vt 0.000000 0.000000
vt 0.000000 0.000000
vt 0.000000 0.000000
vt 0.000000 0.000000
vt 0.000000 0.000000
vt 0.000000 0.000000
vt 0.000000 0.000000
vt 0.000000 0.000000
vt 0.000000 0.000000
vt 0.000000 0.000000
vt 0.000000 0.000000
vt 0.000000 0.000000
vt 0.000000 0.000000
vt 0.000000 0.000000
vt 0.000000 0.000000
vt 0.000000 0.000000
vt 0.000000 0.000000
vt 0.000000 0.000000
vt 0.000000 0.000000
vt 0.000000 0.000000
vt 0.000000 0.000000
vt 0.000000 0.000000
vt 0.000000 0.000000
vt 0.000000 0.000000
vt 0.000000 0.000000
vt 0.000000 0.000000
vt 0.000000 0.000000
vt 0.000000 0.000000
vt 0.000000 0.000000
vt 0.000000 0.000000
vt 0.000000 0.000000
vt 0.000000 0.000000
vt 0.000000 0.000000
vt 0.000000 0.000000
vt 0.000000 0.000000
vt 0.000000 0.000000
vt 0.000000 0.000000
vt 0.000000 0.000000
vt 0.000000 0.000000
vt 0.000000 0.000000
vt 0.000000 0.000000
vt 0.000000 0.000000
vt 0.000000 0.000000
vt 0.000000 0.000000
vt 0.000000 0.000000
vt 0.000000 0.000000
vt 0.000000 0.000000
vt 0.000000 0.000000
vt 0.000000 0.000000
vt 0.000000 0.000000
vt 0.000000 0.000000
vt 0.000000 0.000000
vt 0.000000 0.000000
vt 0.000000 0.000000
vt 0.000000 0.000000
vt 0.000000 0.000000
vt 0.000000 0.000000
vt 0.000000 0.000000
vt 0.000000 0.000000
vt 0.000000 0.000000
vt 0.000000 0.000000
vt 0.000000 0.000000
vt 0.000000 0.000000
vt 0.000000 0.000000
vt 0.000000 0.000000
vt 0.000000 0.000000
vt 0.000000 0.000000
vt 0.000000 0.000000
vt 0.000000 0.000000
vt 0.000000 0.000000
vt 0.000000 0.000000
vt 0.000000 0.000000
vt 0.000000 0.000000
vt 0.000000 0.000000
vt 0.000000 0.000000
vt 0.000000 0.000000
vt 0.000000 0.000000
vt 0.000000 0.000000
vt 0.000000 0.000000
vt 0.000000 0.000000
vt 0.000000 0.000000
vt 0.000000 0.000000
vt 0.000000 0.000000
vt 0.000000 0.000000
vt 0.000000 0.000000
vt 0.000000 0.000000
vt 0.000000 0.000000
vt 0.000000 0.000000
vt 0.000000 0.000000
vt 0.000000 0.000000
vt 0.000000 0.000000
vt 0.000000 0.000000
vt 0.000000 0.000000
vt 0.000000 0.000000
vt 0.000000 0.000000
vt 0.000000 0.000000
vt 0.000000 0.000000
vt 0.000000 0.000000
vt 0.000000 0.000000
vt 0.000000 0.000000
vt 0.000000 0.000000
vt 0.000000 0.000000
vt 0.000000 0.000000
vt 0.000000 0.000000
vt 0.000000 0.000000
vt 0.000000 0.000000
vt 0.000000 0.000000
vt 0.000000 0.000000
vt 0.000000 0.000000
vt 0.000000 0.000000
vt 0.000000 0.000000
vt 0.000000 0.000000
vt 0.000000 0.000000
vt 0.000000 0.000000
vt 0.000000 0.000000
vt 0.000000 0.000000
vt 0.000000 0.000000
vt 0.000000 0.000000
vt 0.000000 0.000000
vt 0.000000 0.000000
vt 0.000000 0.000000
vt 0.000000 0.000000
vt 0.000000 0.000000
vt 0.000000 0.000000
vt 0.000000 0.000000
vt 0.000000 0.000000
vt 0.000000 0.000000
vt 0.000000 0.000000
vt 0.000000 0.000000
vt 0.000000 0.000000
vt 0.000000 0.000000
vt 0.000000 0.000000
vt 0.000000 0.000000
vt 0.000000 0.000000
vt 0.000000 0.000000
vt 0.000000 0.000000
vt 0.000000 0.000000
vt 0.000000 0.000000
vt 0.000000 0.000000
vt 0.000000 0.000000
vt 0.000000 0.000000
vt 0.000000 0.000000
vt 0.000000 0.000000
vt 0.000000 0.000000
vt 0.000000 0.000000
vt 0.000000 0.000000
vt 0.000000 0.000000
vt 0.000000 0.000000
vt 0.000000 0.000000
vt 0.000000 0.000000
vt 0.000000 0.000000
vt 0.000000 0.000000
vt 0.000000 0.000000
vt 0.000000 0.000000
vt 0.000000 0.000000
vt 0.000000 0.000000
vt 0.000000 0.000000
vt 0.000000 0.000000
vt 0.000000 0.000000
vt 0.000000 0.000000
vt 0.000000 0.000000
vt 0.000000 0.000000
vt 0.000000 0.000000
vt 0.000000 0.000000
vt 0.000000 0.000000
vt 0.000000 0.000000
vt 0.000000 0.000000
vt 0.000000 0.000000
vt 0.000000 0.000000
vt 0.000000 0.000000
vt 0.000000 0.000000
vt 0.000000 0.000000
vt 0.000000 0.000000
vt 0.000000 0.000000
vt 0.000000 0.000000
vt 0.000000 0.000000
vt 0.000000 0.000000
vt 0.000000 0.000000
vt 0.000000 0.000000
vt 0.000000 0.000000
vt 0.000000 0.000000
vt 0.000000 0.000000
vt 0.000000 0.000000
vt 0.000000 0.000000
vt 0.000000 0.000000
vt 0.000000 0.000000
vt 0.000000 0.000000
vt 0.000000 0.000000
vt 0.000000 0.000000
vt 0.000000 0.000000
vt 0.000000 0.000000
vt 0.000000 0.000000
vt 0.000000 0.000000
vt 0.000000 0.000000
vt 0.000000 0.000000
vt 0.000000 0.000000
vt 0.000000 0.000000
vt 0.000000 0.000000
vt 0.000000 0.000000
vt 0.000000 0.000000
vt 0.000000 0.000000
vt 0.000000 0.000000
vt 0.000000 0.000000
vt 0.000000 0.000000
vt 0.000000 0.000000
vt 0.000000 0.000000
vt 0.000000 0.000000
vt 0.000000 0.000000
vt 0.000000 0.000000
vt 0.000000 0.000000
vt 0.000000 0.000000
vt 0.000000 0.000000
vt 0.000000 0.000000
vt 0.000000 0.000000
vt 0.000000 0.000000
vt 0.000000 0.000000
vt 0.000000 0.000000
vt 0.000000 0.000000
vt 0.000000 0.000000
vt 0.000000 0.000000
vt 0.000000 0.000000
vt 0.000000 0.000000
vt 0.000000 0.000000
vt 0.000000 0.000000
vt 0.000000 0.000000
vt 0.000000 0.000000
vt 0.000000 0.000000
vt 0.000000 0.000000
vt 0.000000 0.000000
vt 0.000000 0.000000
vt 0.000000 0.000000
vt 0.000000 0.000000
vt 0.000000 0.000000
vt 0.000000 0.000000
vt 0.000000 0.000000
vt 0.000000 0.000000
vt 0.000000 0.000000
vt 0.000000 0.000000
vt 0.000000 0.000000
vt 0.000000 0.000000
vt 0.000000 0.000000
vt 0.000000 0.000000
vt 0.000000 0.000000
vt 0.000000 0.000000
vt 0.000000 0.000000
vt 0.000000 0.000000
vt 0.000000 0.000000
vt 0.000000 0.000000
vt 0.000000 0.000000
vt 0.000000 0.000000
vt 0.000000 0.000000
vt 0.000000 0.000000
vt 0.000000 0.000000
vt 0.000000 0.000000
vt 0.000000 0.000000
vt 0.000000 0.000000
vt 0.000000 0.000000
vt 0.000000 0.000000
vt 0.000000 0.000000
vt 0.000000 0.000000
vt 0.000000 0.000000
vt 0.000000 0.000000
vt 0.000000 0.000000
vt 0.000000 0.000000
vt 0.000000 0.000000
vt 0.000000 0.000000
vt 0.000000 0.000000
vt 0.000000 0.000000
vt 0.000000 0.000000
vt 0.000000 0.000000
vt 0.000000 0.000000
vt 0.000000 0.000000
vt 0.000000 0.000000
vt 0.000000 0.000000
vt 0.000000 0.000000
vt 0.000000 0.000000
vt 0.000000 0.000000
vt 0.000000 0.000000
vt 0.000000 0.000000
vt 0.000000 0.000000
vt 0.000000 0.000000
vt 0.000000 0.000000
vt 0.000000 0.000000
vt 0.000000 0.000000
vt 0.000000 0.000000
vt 0.000000 0.000000
vt 0.000000 0.000000
vt 0.000000 0.000000
vt 0.000000 0.000000
vt 0.000000 0.000000
vt 0.000000 0.000000
vt 0.000000 0.000000
vt 0.000000 0.000000
vt 0.000000 0.000000
vt 0.000000 0.000000
vt 0.000000 0.000000
vt 0.000000 0.000000
vt 0.000000 0.000000
vt 0.000000 0.000000
vt 0.000000 0.000000
vt 0.000000 0.000000
vt 0.000000 0.000000
vt 0.000000 0.000000
vt 0.000000 0.000000
vt 0.000000 0.000000
vt 0.000000 0.000000
vt 0.000000 0.000000
vt 0.000000 0.000000
vt 0.000000 0.000000
vt 0.000000 0.000000
vt 0.000000 0.000000
vt 0.000000 0.000000
vt 0.000000 0.000000
vt 0.000000 0.000000
vt 0.000000 0.000000
vt 0.000000 0.000000
vt 0.000000 0.000000
vt 0.000000 0.000000
vt 0.000000 0.000000
vt 0.000000 0.000000
vt 0.000000 0.000000
vt 0.000000 0.000000
vt 0.000000 0.000000
vt 0.000000 0.000000
vt 0.000000 0.000000
vt 0.000000 0.000000
vt 0.000000 0.000000
vt 0.000000 0.000000
vt 0.000000 0.000000
vt 0.000000 0.000000
vt 0.000000 0.000000
vt 0.000000 0.000000
vt 0.000000 0.000000
vt 0.000000 0.000000
vt 0.000000 0.000000
vt 0.000000 0.000000
vt 0.000000 0.000000
vt 0.000000 0.000000
vt 0.000000 0.000000
vt 0.000000 0.000000
vt 0.000000 0.000000
vt 0.000000 0.000000
vt 0.000000 0.000000
vt 0.000000 0.000000
vt 0.000000 0.000000
vt 0.000000 0.000000
vt 0.000000 0.000000
vt 0.000000 0.000000
vt 0.000000 0.000000
vt 0.000000 0.000000
vt 0.000000 0.000000
vt 0.000000 0.000000
vt 0.000000 0.000000
vt 0.000000 0.000000
vt 0.000000 0.000000
vt 0.000000 0.000000
vt 0.000000 0.000000
vt 0.000000 0.000000
vt 0.000000 0.000000
vt 0.000000 0.000000
vt 0.000000 0.000000
vt 0.000000 0.000000
vt 0.000000 0.000000
vt 0.000000 0.000000
vt 0.000000 0.000000
vt 0.000000 0.000000
vt 0.000000 0.000000
vt 0.000000 0.000000
vt 0.000000 0.000000
vt 0.000000 0.000000
vt 0.000000 0.000000
vt 0.000000 0.000000
vt 0.000000 0.000000
vt 0.000000 0.000000
vt 0.000000 0.000000
vt 0.000000 0.000000
vt 0.000000 0.000000
vt 0.000000 0.000000
vt 0.000000 0.000000
vt 0.000000 0.000000
vt 0.000000 0.000000
vt 0.000000 0.000000
vt 0.000000 0.000000
vt 0.000000 0.000000
vt 0.000000 0.000000
vt 0.000000 0.000000
vt 0.000000 0.000000
vt 0.000000 0.000000
vt 0.000000 0.000000
vt 0.000000 0.000000
vt 0.000000 0.000000
vt 0.000000 0.000000
vt 0.000000 0.000000
vt 0.000000 0.000000
vt 0.000000 0.000000
vt 0.000000 0.000000
vt 0.000000 0.000000
vt 0.000000 0.000000
vt 0.000000 0.000000
vt 0.000000 0.000000
vt 0.000000 0.000000
vt 0.000000 0.000000
vt 0.000000 0.000000
vt 0.000000 0.000000
vt 0.000000 0.000000
vt 0.000000 0.000000
vt 0.000000 0.000000
vt 0.000000 0.000000
vt 0.000000 0.000000
vt 0.000000 0.000000
vt 0.000000 0.000000
vt 0.000000 0.000000
vt 0.000000 0.000000
vt 0.000000 0.000000
vt 0.000000 0.000000
vt 0.000000 0.000000
vt 0.000000 0.000000
vt 0.000000 0.000000
vt 0.000000 0.000000
vt 0.000000 0.000000
vt 0.000000 0.000000
vt 0.000000 0.000000
vt 0.000000 0.000000
vt 0.000000 0.000000
vt 0.000000 0.000000
vt 0.000000 0.000000
vt 0.000000 0.000000
vt 0.000000 0.000000
vt 0.000000 0.000000
vt 0.000000 0.000000
vt 0.000000 0.000000
vt 0.000000 0.000000
vt 0.000000 0.000000
vt 0.000000 0.000000
vt 0.000000 0.000000
vt 0.000000 0.000000
vt 0.000000 0.000000
vt 0.000000 0.000000
vt 0.000000 0.000000
vt 0.000000 0.000000
vt 0.000000 0.000000
vt 0.000000 0.000000
vt 0.000000 0.000000
vt 0.000000 0.000000
vt 0.000000 0.000000
vt 0.000000 0.000000
vt 0.000000 0.000000
vt 0.000000 0.000000
vt 0.000000 0.000000
vt 0.000000 0.000000
vt 0.000000 0.000000
vt 0.000000 0.000000
vt 0.000000 0.000000
vt 0.000000 0.000000
vt 0.000000 0.000000
vt 0.000000 0.000000
vt 0.000000 0.000000
vt 0.000000 0.000000
vt 0.000000 0.000000
vt 0.000000 0.000000
vt 0.000000 0.000000
vt 0.000000 0.000000
vt 0.000000 0.000000
vt 0.000000 0.000000
vt 0.000000 0.000000
vt 0.000000 0.000000
vt 0.000000 0.000000
vt 0.000000 0.000000
vt 0.000000 0.000000
vt 0.000000 0.000000
vt 0.000000 0.000000
vt 0.000000 0.000000
vt 0.000000 0.000000
vt 0.000000 0.000000
vt 0.000000 0.000000
vt 0.000000 0.000000
vt 0.000000 0.000000
vt 0.000000 0.000000
vt 0.000000 0.000000
vt 0.000000 0.000000
vt 0.000000 0.000000
vt 0.000000 0.000000
vt 0.000000 0.000000
vt 0.000000 0.000000
vt 0.000000 0.000000
vt 0.000000 0.000000
vt 0.000000 0.000000
vt 0.000000 0.000000
vt 0.000000 0.000000
vt 0.000000 0.000000
vt 0.000000 0.000000
vt 0.000000 0.000000
vt 0.000000 0.000000
vt 0.000000 0.000000
vt 0.000000 0.000000
vt 0.000000 0.000000
vt 0.000000 0.000000
vt 0.000000 0.000000
vt 0.000000 0.000000
vt 0.000000 0.000000
vt 0.000000 0.000000
vt 0.000000 0.000000
vt 0.000000 0.000000
vt 0.000000 0.000000
vt 0.000000 0.000000
vt 0.000000 0.000000
vt 0.000000 0.000000
vt 0.000000 0.000000
vt 0.000000 0.000000
vt 0.000000 0.000000
vt 0.000000 0.000000
vt 0.000000 0.000000
vt 0.000000 0.000000
vt 0.000000 0.000000
vt 0.000000 0.000000
vt 0.000000 0.000000
vt 0.000000 0.000000
vt 0.000000 0.000000
vt 0.000000 0.000000
vt 0.000000 0.000000
vt 0.000000 0.000000
vt 0.000000 0.000000
vt 0.000000 0.000000
vt 0.000000 0.000000
vt 0.000000 0.000000
vt 0.000000 0.000000
vt 0.000000 0.000000
vt 0.000000 0.000000
vt 0.000000 0.000000
vt 0.000000 0.000000
vt 0.000000 0.000000
vt 0.000000 0.000000
vt 0.000000 0.000000
vt 0.000000 0.000000
vt 0.000000 0.000000
vt 0.000000 0.000000
vt 0.000000 0.000000
vt 0.000000 0.000000
vt 0.000000 0.000000
vt 0.000000 0.000000
vt 0.000000 0.000000
vt 0.000000 0.000000
vt 0.000000 0.000000
vt 0.000000 0.000000
vt 0.000000 0.000000
vt 0.000000 0.000000
vt 0.000000 0.000000
vt 0.000000 0.000000
vt 0.000000 0.000000
vt 0.000000 0.000000
vt 0.000000 0.000000
vt 0.000000 0.000000
vt 0.000000 0.000000
vt 0.000000 0.000000
vt 0.000000 0.000000
vt 0.000000 0.000000
vt 0.000000 0.000000
vt 0.000000 0.000000
vt 0.000000 0.000000
vt 0.000000 0.000000
vt 0.000000 0.000000
vt 0.000000 0.000000
vt 0.000000 0.000000
vt 0.000000 0.000000
vt 0.000000 0.000000
vt 0.000000 0.000000
vt 0.000000 0.000000
vt 0.000000 0.000000
vt 0.000000 0.000000
vt 0.000000 0.000000
vt 0.000000 0.000000
vt 0.000000 0.000000
vt 0.000000 0.000000
vt 0.000000 0.000000
vt 0.000000 0.000000
vt 0.000000 0.000000
vt 0.000000 0.000000
vt 0.000000 0.000000
vt 0.000000 0.000000
vt 0.000000 0.000000
vt 0.000000 0.000000
vt 0.000000 0.000000
vt 0.000000 0.000000
vt 0.000000 0.000000
vt 0.000000 0.000000
vt 0.000000 0.000000
vt 0.000000 0.000000
vt 0.000000 0.000000
vt 0.000000 0.000000
vt 0.000000 0.000000
vt 0.000000 0.000000
vt 0.000000 0.000000
vt 0.000000 0.000000
vt 0.000000 0.000000
vt 0.000000 0.000000
vt 0.000000 0.000000
vt 0.000000 0.000000
vt 0.000000 0.000000
vt 0.000000 0.000000
vt 0.000000 0.000000
vt 0.000000 0.000000
vt 0.000000 0.000000
vt 0.000000 0.000000
vt 0.000000 0.000000
vt 0.000000 0.000000
vt 0.000000 0.000000
vt 0.000000 0.000000
vt 0.000000 0.000000
vt 0.000000 0.000000
vt 0.000000 0.000000
vt 0.000000 0.000000
vt 0.000000 0.000000
vt 0.000000 0.000000
vt 0.000000 0.000000
vt 0.000000 0.000000
vt 0.000000 0.000000
vt 0.000000 0.000000
vt 0.000000 0.000000
vt 0.000000 0.000000
vt 0.000000 0.000000
vt 0.000000 0.000000
vt 0.000000 0.000000
vt 0.000000 0.000000
vt 0.000000 0.000000
vt 0.000000 0.000000
vt 0.000000 0.000000
vt 0.000000 0.000000
vt 0.000000 0.000000
vt 0.000000 0.000000
vt 0.000000 0.000000
vt 0.000000 0.000000
vt 0.000000 0.000000
vt 0.000000 0.000000
vt 0.000000 0.000000
vt 0.000000 0.000000
vt 0.000000 0.000000
vt 0.000000 0.000000
vt 0.000000 0.000000
vt 0.000000 0.000000
vt 0.000000 0.000000
vt 0.000000 0.000000
vt 0.000000 0.000000
vt 0.000000 0.000000
vt 0.000000 0.000000
vt 0.000000 0.000000
vt 0.000000 0.000000
vt 0.000000 0.000000
vt 0.000000 0.000000
vt 0.000000 0.000000
vt 0.000000 0.000000
vt 0.000000 0.000000
vt 0.000000 0.000000
vt 0.000000 0.000000
vt 0.000000 0.000000
vt 0.000000 0.000000
vt 0.000000 0.000000
vt 0.000000 0.000000
vt 0.000000 0.000000
vt 0.000000 0.000000
vt 0.000000 0.000000
vt 0.000000 0.000000
vt 0.000000 0.000000
vt 0.000000 0.000000
vt 0.000000 0.000000
vt 0.000000 0.000000
vt 0.000000 0.000000
vt 0.000000 0.000000
vt 0.000000 0.000000
vt 0.000000 0.000000
vt 0.000000 0.000000
vt 0.000000 0.000000
vt 0.000000 0.000000
vt 0.000000 0.000000
vt 0.000000 0.000000
vt 0.000000 0.000000
vt 0.000000 0.000000
vt 0.000000 0.000000
vt 0.000000 0.000000
vt 0.000000 0.000000
vt 0.000000 0.000000
vt 0.000000 0.000000
vt 0.000000 0.000000
vt 0.000000 0.000000
vt 0.000000 0.000000
vt 0.000000 0.000000
vt 0.000000 0.000000
vt 0.000000 0.000000
vt 0.000000 0.000000
vt 0.000000 0.000000
vt 0.000000 0.000000
vt 0.000000 0.000000
vt 0.000000 0.000000
vt 0.000000 0.000000
vt 0.000000 0.000000
vt 0.000000 0.000000
vt 0.000000 0.000000
vt 0.000000 0.000000
vt 0.000000 0.000000
vt 0.000000 0.000000
vt 0.000000 0.000000
vt 0.000000 0.000000
vt 0.000000 0.000000
vt 0.000000 0.000000
vt 0.000000 0.000000
vt 0.000000 0.000000
vt 0.000000 0.000000
vt 0.000000 0.000000
vt 0.000000 0.000000
vt 0.000000 0.000000
vt 0.000000 0.000000
vt 0.000000 0.000000
vt 0.000000 0.000000
vt 0.000000 0.000000
vt 0.000000 0.000000
vt 0.000000 0.000000
vt 0.000000 0.000000
vt 0.000000 0.000000
vt 0.000000 0.000000
vt 0.000000 0.000000
vt 0.000000 0.000000
vt 0.000000 0.000000
vt 0.000000 0.000000
vt 0.000000 0.000000
vt 0.000000 0.000000
vt 0.000000 0.000000
vt 0.000000 0.000000
vt 0.000000 0.000000
vt 0.000000 0.000000
vt 0.000000 0.000000
vt 0.000000 0.000000
vt 0.000000 0.000000
vt 0.000000 0.000000
vt 0.000000 0.000000
vt 0.000000 0.000000
vt 0.000000 0.000000
vt 0.000000 0.000000
vt 0.000000 0.000000
vt 0.000000 0.000000
vt 0.000000 0.000000
vt 0.000000 0.000000
vt 0.000000 0.000000
vt 0.000000 0.000000
vt 0.000000 0.000000
vt 0.000000 0.000000
vt 0.000000 0.000000
vt 0.000000 0.000000
vt 0.000000 0.000000
vt 0.000000 0.000000
vt 0.000000 0.000000
vt 0.000000 0.000000
vt 0.000000 0.000000
vt 0.000000 0.000000
vt 0.000000 0.000000
vt 0.000000 0.000000
vt 0.000000 0.000000
vt 0.000000 0.000000
vt 0.000000 0.000000
vt 0.000000 0.000000
vt 0.000000 0.000000
vt 0.000000 0.000000
vt 0.000000 0.000000
vt 0.000000 0.000000
vt 0.000000 0.000000
vt 0.000000 0.000000
vt 0.000000 0.000000
vt 0.000000 0.000000
vt 0.000000 0.000000
vt 0.000000 0.000000
vt 0.000000 0.000000
vt 0.000000 0.000000
vt 0.000000 0.000000
vt 0.000000 0.000000
vt 0.000000 0.000000
vt 0.000000 0.000000
vt 0.000000 0.000000
vt 0.000000 0.000000
vt 0.000000 0.000000
vt 0.000000 0.000000
vt 0.000000 0.000000
vt 0.000000 0.000000
vt 0.000000 0.000000
vt 0.000000 0.000000
vt 0.000000 0.000000
vt 0.000000 0.000000
vt 0.000000 0.000000
vt 0.000000 0.000000
vt 0.000000 0.000000
vt 0.000000 0.000000
vt 0.000000 0.000000
vt 0.000000 0.000000
vt 0.000000 0.000000
vt 0.000000 0.000000
vt 0.000000 0.000000
vt 0.000000 0.000000
vt 0.000000 0.000000
vt 0.000000 0.000000
vt 0.000000 0.000000
vt 0.000000 0.000000
vt 0.000000 0.000000
vt 0.000000 0.000000
vt 0.000000 0.000000
vt 0.000000 0.000000
vt 0.000000 0.000000
vt 0.000000 0.000000
vt 0.000000 0.000000
vt 0.000000 0.000000
vt 0.000000 0.000000
vt 0.000000 0.000000
vt 0.000000 0.000000
vt 0.000000 0.000000
vt 0.000000 0.000000
vt 0.000000 0.000000
vt 0.000000 0.000000
vt 0.000000 0.000000
vt 0.000000 0.000000
vt 0.000000 0.000000
vt 0.000000 0.000000
vt 0.000000 0.000000
vt 0.000000 0.000000
vt 0.000000 0.000000
vn 0.1115 0.0000 0.9938
vn 0.1115 0.0001 0.9938
vn -0.1115 0.0000 -0.9938
vn -0.1115 0.0001 -0.9938
vn -0.1115 -0.0001 -0.9938
vn 0.0000 1.0000 -0.0000
vn -0.9938 0.0000 0.1114
vn 0.0000 -1.0000 -0.0000
vn 0.9938 0.0000 -0.1114
vn 0.9938 0.0000 -0.1115
vn 0.9938 0.0001 -0.1115
vn 0.9938 -0.0003 -0.1115
vn 0.9938 0.0015 -0.1115
vn 0.9938 -0.0014 -0.1115
vn 0.9938 0.0005 -0.1115
vn 0.9938 -0.0006 -0.1115
vn 0.0002 1.0000 -0.0019
vn -0.9938 0.0000 0.1115
vn -0.9938 -0.0001 0.1115
vn -0.9938 -0.0003 0.1114
vn -0.9938 0.0003 0.1115
vn -0.9938 0.0001 0.1114
vn -0.0002 -1.0000 0.0009
vn -0.9938 0.0001 0.1115
vn 0.1114 0.0000 0.9938
vn -0.1114 0.0000 -0.9938
vn -0.9938 0.0002 0.1115
vn -0.9938 -0.0016 0.1115
vn 0.9938 0.0008 -0.1115
vn 0.9938 -0.0002 -0.1115
vn 0.9938 -0.0001 -0.1115
vn 0.9938 -0.0002 -0.1114
vn 0.1116 0.0000 0.9938
vn -0.1114 -0.0001 -0.9938
vn -0.9938 0.0000 0.1113
vn 0.5040 0.8618 -0.0565
vn 0.5041 0.8618 -0.0565
vn 0.4518 0.8882 -0.0837
vn 0.4672 0.8815 -0.0685
vn 0.4701 0.8819 -0.0364
vn 0.4591 0.8882 -0.0180
vn -0.0837 0.8882 -0.4519
vn -0.0685 0.8816 -0.4669
vn -0.0363 0.8819 -0.4699
vn -0.0180 0.8882 -0.4592
vn -0.0566 0.8618 -0.5042
vn -0.0565 0.8618 -0.5041
vn -0.4517 0.8883 0.0836
vn -0.4670 0.8816 0.0685
vn -0.4700 0.8819 0.0363
vn -0.4591 0.8882 0.0180
vn -0.5044 0.8616 0.0566
vn -0.5040 0.8619 0.0565
vn 0.0363 0.8818 0.4702
vn 0.0180 0.8883 0.4590
vn 0.0565 0.8618 0.5041
vn 0.0566 0.8618 0.5042
vn 0.0837 0.8882 0.4518
vn 0.0685 0.8815 0.4671
vn -0.4816 -0.8747 0.0540
vn -0.4809 -0.8751 0.0539
vn -0.4815 -0.8748 0.0540
vn -0.4813 -0.8749 0.0540
vn -0.4814 -0.8748 0.0540
vn -0.4810 -0.8750 0.0539
vn 0.0540 -0.8749 0.4813
vn 0.0540 -0.8749 0.4812
vn 0.0540 -0.8751 0.4810
vn 0.0539 -0.8749 0.4814
vn 0.0540 -0.8750 0.4812
vn 0.0540 -0.8750 0.4811
vn 0.4813 -0.8749 -0.0540
vn 0.4811 -0.8750 -0.0540
vn -0.0540 -0.8749 -0.4812
vn -0.0539 -0.8751 -0.4810
vn -0.0540 -0.8750 -0.4812
vn -0.0540 -0.8749 -0.4814
vn 0.9578 -0.2666 -0.1074
vn 0.9575 -0.2676 -0.1074
vn -0.8698 0.4837 0.0976
vn -0.8696 0.4840 0.0975
vn 0.6565 -0.3190 0.6836
vn 0.6564 -0.3192 0.6835
vn 0.4886 -0.3186 -0.8122
vn 0.4889 -0.3182 -0.8123
vn 0.6836 -0.3193 -0.6562
vn 0.6837 -0.3187 -0.6565
vn -0.8119 -0.3196 -0.4886
vn -0.8123 -0.3182 -0.4888
vn -0.1074 -0.2667 -0.9578
vn -0.1074 -0.2665 -0.9578
vn 0.0975 0.4842 0.8695
vn -0.6564 -0.3191 -0.6836
vn -0.6563 -0.3192 -0.6837
vn -0.4887 -0.3187 0.8121
vn -0.4888 -0.3187 0.8121
vn -0.9580 -0.2659 0.1075
vn -0.9575 -0.2676 0.1074
vn 0.8690 0.4851 -0.0975
vn 0.8700 0.4833 -0.0976
vn 0.8123 -0.3183 0.4887
vn 0.8118 -0.3204 0.4882
vn 0.1074 -0.2668 0.9577
vn 0.1074 -0.2666 0.9578
vn -0.0975 0.4842 -0.8695
vn -0.6836 -0.3186 0.6566
vn -0.6836 -0.3192 0.6563
vn 0.9421 -0.3181 -0.1057
vn 0.9427 -0.3163 -0.1057
vn -0.1057 -0.3163 -0.9428
vn -0.1058 -0.3162 -0.9428
vn -0.9426 -0.3166 0.1057
vn -0.9432 -0.3150 0.1058
vn 0.1058 -0.3162 0.9428
vn 0.1057 -0.3162 0.9428
vn 0.3141 -0.9487 -0.0352
vn 0.3148 -0.9485 -0.0353
vn -0.0353 -0.9487 -0.3143
vn -0.3141 -0.9487 0.0352
vn -0.3137 -0.9489 0.0352
vn 0.0353 -0.9487 0.3143
vn 0.4812 0.8749 -0.0540
vn -0.0540 0.8749 -0.4812
vn -0.4812 0.8749 0.0540
vn 0.0540 0.8749 0.4812
vn 0.0764 -0.7281 0.6812
vn -0.0772 -0.7216 -0.6880
vn 0.1018 -0.4070 0.9077
vn -0.1018 -0.4070 -0.9077
vn -0.1018 -0.4071 -0.9077
vn 0.0270 -0.9703 0.2404
vn 0.0270 -0.9703 0.2403
vn -0.0270 -0.9703 -0.2403
vn -0.0270 -0.9703 -0.2404
vn 0.0005 -1.0000 0.0043
vn -0.0763 0.7288 -0.6804
vn 0.0772 0.7212 0.6884
vn -0.9937 -0.0043 0.1116
vn -0.9938 0.0002 0.1116
vn -0.9938 0.0000 0.1116
vn 0.9938 -0.0001 -0.1114
vn 0.9938 0.0000 -0.1108
vn 0.9938 0.0000 -0.1116
vn -0.9936 0.0000 0.1129
vn -0.9938 -0.0004 0.1115
vn -0.9938 -0.0007 0.1114
vn 0.9938 -0.0011 -0.1115
vn 0.9938 0.0003 -0.1115
vn 0.9938 0.0001 -0.1114
vn -0.9938 -0.0002 0.1115
vn -0.9938 0.0007 0.1115
vn 0.9938 0.0000 -0.1113
vn -0.9938 -0.0003 0.1115
vn 0.9938 0.0004 -0.1115
vn 0.9938 -0.0007 -0.1115
vn 0.0806 0.6909 0.7184
vn -0.4263 0.6287 0.6504
vn -0.6448 0.5899 -0.4860
vn -0.0811 0.6860 -0.7231
vn 0.9938 0.0000 -0.1112
vn 0.9938 -0.0005 -0.1115
vn -0.9938 0.0000 0.1112
vn -0.9938 0.0011 0.1115
vn -0.9938 -0.0007 0.1115
vn -0.9937 0.0000 0.1116
vn -0.9938 -0.0005 0.1115
vn 0.9937 0.0000 -0.1117
vn 0.9938 -0.0004 -0.1115
vn 0.9938 0.0011 -0.1115
vn -0.9937 0.0000 0.1117
vn -0.9938 0.0012 0.1115
vn -0.9938 -0.0006 0.1115
vn 0.9938 -0.0010 -0.1115
vn -0.9938 0.0004 0.1115
vn -0.9938 -0.0008 0.1115
vn 0.1117 0.0000 0.9937
vn -0.1113 0.0000 -0.9938
vn -0.1116 0.0000 -0.9938
vn -0.1117 0.0000 -0.9937
vn 0.1113 0.0000 0.9938
vn -0.1119 0.0000 -0.9937
vn -0.1111 -0.0000 -0.9938
vn -0.1107 0.0000 -0.9939
vn -0.1121 0.0000 -0.9937
vn 0.1119 0.0000 0.9937
vn -0.1104 -0.0000 -0.9939
vn 0.9937 0.0000 -0.1122
vn 0.9938 0.0010 -0.1114
vn 0.9937 0.0000 -0.1121
vn 0.9938 0.0025 -0.1114
vn 0.9938 -0.0020 -0.1115
vn -0.9938 -0.0009 0.1115
vn -0.9938 -0.0002 0.1114
vn -0.9938 -0.0010 0.1114
vn 0.9938 0.0011 -0.1114
vn -0.9938 -0.0004 0.1114
vn -0.9938 0.0003 0.1114
vn 0.1107 -0.0000 0.9939
vn 0.1125 -0.0000 0.9936
vn -0.1087 -0.0000 -0.9941
vn 0.1090 0.0000 0.9940
vn 0.9938 0.0006 -0.1114
vn -0.9938 0.0005 0.1114
vn 0.1116 0.0000 0.9937
vn -0.1110 0.0000 -0.9938
vn 0.9938 -0.0013 -0.1115
vn 0.9938 0.0002 -0.1115
vn -0.9938 0.0016 0.1115
vn -0.9938 0.0017 0.1115
vn -0.9938 -0.0010 0.1115
vn 0.1111 0.0000 0.9938
vn 0.1124 0.0000 0.9937
vn -0.1124 -0.0000 -0.9937
vn 0.9938 0.0007 -0.1115
vn 0.9937 -0.0010 -0.1122
vn 0.1112 0.0000 0.9938
vn -0.9937 0.0000 0.1122
vn -0.9938 -0.0020 0.1112
vn 0.1110 0.0000 0.9938
vn 0.1121 0.0000 0.9937
vn 0.1120 -0.0000 0.9937
vn 0.1109 0.0000 0.9938
vn 0.1122 0.0000 0.9937
vn -0.1112 0.0000 -0.9938
vn -0.1118 0.0000 -0.9937
vn -0.1120 0.0000 -0.9937
vn -0.1109 -0.0000 -0.9938
vn 0.1115 -0.0001 0.9938
vn -0.1115 0.0002 -0.9938
vn 0.0000 -1.0000 -0.0001
vn 0.9938 -0.0000 -0.1110
vn 0.0000 1.0000 -0.0001
vn 0.1118 0.0000 0.9937
vn -0.1115 -0.0003 -0.9938
vn -0.1115 0.0003 -0.9938
vn -0.1115 -0.0002 -0.9938
vn 0.1115 -0.0002 0.9938
vn -0.9938 -0.0014 0.1115
vn -0.9938 0.0005 0.1115
vn -0.9938 0.0014 0.1115
vn -0.9938 -0.0030 0.1115
vn -0.9938 0.0015 0.1115
vn -0.9938 0.0021 0.1115
vn -0.1123 -0.0000 -0.9937
vn 0.9938 -0.0009 -0.1115
vn -0.9938 -0.0012 0.1115
vn -0.9938 0.0019 0.1115
vn -0.9937 0.0000 0.1121
vn 0.1104 -0.0000 0.9939
vn 0.1101 0.0000 0.9939
vn 0.1127 -0.0000 0.9936
vn 0.1115 0.0003 0.9938
vn -0.1106 -0.0000 -0.9939
vn 0.1115 0.0002 0.9938
vn 0.9938 0.0000 -0.1111
vn -0.9938 0.0000 0.1111
vn 0.0000 1.0000 0.0001
vn -0.1108 -0.0000 -0.9938
vn -0.1122 0.0000 -0.9937
vn -0.9934 0.0000 0.1150
vn -0.9934 0.0000 0.1151
vn 0.9934 0.0000 -0.1151
vn 0.9933 0.0000 -0.1152
vn 0.9938 0.0013 -0.1115
vn 0.9938 -0.0008 -0.1115
vn 0.9938 0.0009 -0.1115
vn -0.9938 0.0013 0.1115
vn -0.9938 -0.0013 0.1115
vn 0.1103 0.0000 0.9939
vn 0.9938 0.0017 -0.1115
vn 0.9938 -0.0017 -0.1115
vn -0.9938 -0.0018 0.1115
vn 0.9938 0.0019 -0.1115
vn 0.9938 -0.0033 -0.1115
vn 0.9938 0.0010 -0.1115
vn 0.9938 0.0014 -0.1115
vn 0.1108 0.0000 0.9938
vn 0.1107 0.0000 0.9938
vn 0.9938 0.0012 -0.1115
vn 0.9937 0.0000 -0.1119
vn 0.1128 -0.0000 0.9936
vn -0.1129 0.0000 -0.9936
vn -0.9938 -0.0020 0.1115
vn -0.0665 0.8026 -0.5928
vn -0.0700 0.7331 -0.6765
vn 0.0991 0.7185 -0.6884
vn -0.0762 0.7296 -0.6796
vn -0.2411 0.7225 -0.6480
vn -0.0766 0.7295 -0.6797
vn 0.0769 0.7235 0.6860
vn 0.0769 0.7236 0.6859
vn 0.2422 0.7167 0.6539
vn 0.0672 0.7977 0.5993
vn 0.0708 0.7271 0.6829
vn -0.0985 0.7125 0.6947
vn 0.0762 -0.7296 0.6796
vn 0.0762 -0.7296 0.6797
vn 0.0762 -0.7295 0.6797
vn 0.0763 -0.7297 0.6795
vn -0.0769 -0.7236 -0.6860
vn -0.0770 -0.7234 -0.6862
vn -0.0769 -0.7237 -0.6858
vn -0.0769 -0.7235 -0.6860
vn -0.0770 -0.7238 -0.6857
vn -0.0571 -0.8587 -0.5093
vn 0.9938 0.0007 -0.1116
vn 0.9938 -0.0006 -0.1116
vn -0.0571 -0.8588 -0.5092
vn -0.0571 -0.8587 -0.5092
vn 0.0571 0.8587 0.5093
vn 0.0571 0.8587 0.5092
vn -0.9938 0.0004 0.1113
vn 0.9938 0.0007 -0.1113
vn 0.0564 -0.8626 0.5027
vn -0.0564 0.8626 -0.5027
vn 0.9938 -0.0010 -0.1113
vn -0.9938 0.0007 0.1114
vn -0.9937 0.0009 0.1118
vn -0.9937 0.0000 0.1120
vn 0.9938 -0.0008 -0.1114
vn 0.9938 0.0014 -0.1114
vn 0.0764 -0.7280 0.6813
vn 0.0763 -0.7282 0.6811
vn -0.0762 0.7295 -0.6797
vn -0.0763 0.7296 -0.6796
vn -0.0771 -0.7221 -0.6875
vn -0.0770 -0.7221 -0.6875
vn 0.0770 0.7235 0.6860
vn 0.0769 0.7236 0.6860
vn -0.4502 0.8915 0.0505
vn 0.4523 0.8904 -0.0507
vn 0.0482 0.9019 0.4293
vn 0.5480 -0.0009 -0.8364
vn 0.7195 -0.0013 0.6945
vn 0.5482 0.0000 -0.8364
vn 0.3150 -0.9486 -0.0300
vn 0.2861 0.9337 0.2154
vn 0.9454 -0.3160 -0.0797
vn 0.0317 -0.9404 0.3386
vn -0.6134 0.7868 0.0689
vn -0.5482 0.0006 0.8364
vn -0.2301 0.9339 0.2736
vn -0.4339 0.8996 0.0487
vn -0.4500 0.8916 0.0505
vn 0.6474 0.5581 0.5190
vn -0.4626 0.1398 -0.8755
vn 0.4520 0.8906 -0.0504
vn 0.5065 -0.5838 -0.6345
vn 0.7178 -0.6916 -0.0805
vn 0.4502 -0.8915 -0.0504
vn 0.4504 -0.8914 -0.0505
vn -0.2635 -0.9438 -0.1994
vn -0.4526 -0.8903 0.0508
vn -0.4523 -0.8904 0.0508
vn -0.0482 -0.9019 -0.4293
vn -0.0481 -0.9019 -0.4293
vn 0.7197 0.0000 0.6943
vn 0.1883 0.2913 -0.9379
vn -0.9918 0.0000 0.1278
vn 0.0075 0.9999 0.0073
vn 0.6928 -0.3863 -0.6089
vn -0.5481 0.0000 0.8364
vn -0.7196 -0.6897 0.0807
vn -0.0011 -1.0000 -0.0011
vn -0.4594 0.8277 -0.3222
vn -0.9409 -0.3154 0.1238
vn 0.6134 0.7868 -0.0687
vn 0.5018 -0.1258 0.8558
vn -0.7198 0.0009 -0.6942
vn 0.2895 -0.9566 -0.0324
vn -0.2899 -0.9565 0.0325
vn -0.2117 0.9441 0.2526
vn -0.4504 0.8914 0.0507
vn 0.4502 -0.8915 -0.0505
vn 0.5615 -0.2407 0.7917
vn 0.1220 -0.9807 -0.1528
vn 0.7487 0.6575 -0.0840
vn 0.4359 0.8986 -0.0489
vn 0.0502 0.8929 0.4474
vn 0.2635 0.9438 0.1993
vn 0.0074 0.9978 0.0657
vn 0.2636 0.9438 0.1994
vn 0.2117 -0.9441 -0.2527
vn 0.5476 0.3198 -0.7733
vn 0.4503 -0.8915 -0.0504
vn 0.4500 -0.8916 -0.0505
vn -0.1531 -0.9806 -0.1223
vn -0.4523 -0.8904 0.0507
vn -0.6353 -0.5823 -0.5073
vn 0.1021 -0.2406 0.9652
vn -0.6931 0.3855 0.6091
vn 0.8354 0.3092 -0.4544
vn -0.6601 -0.2937 0.6914
vn 0.6377 0.3016 -0.7088
vn -0.5156 0.5600 0.6485
vn -0.5415 0.0125 0.8406
vn -0.7556 -0.1314 -0.6417
vn -0.5479 -0.0073 0.8365
vn 0.9928 0.0454 -0.1113
vn 0.1115 -0.0005 0.9938
vn -0.9937 0.0087 0.1115
vn -0.3159 0.9483 0.0291
vn -0.2857 -0.9341 -0.2139
vn -0.9441 0.3200 0.0796
vn -0.0249 0.9599 -0.2793
vn 0.6120 -0.7879 -0.0687
vn 0.4592 -0.8272 0.3239
vn 0.5643 -0.0271 -0.8251
vn 0.2273 -0.9356 -0.2700
vn 0.4290 -0.9020 -0.0481
vn 0.4466 -0.8933 -0.0501
vn -0.6544 -0.5451 -0.5240
vn 0.4589 -0.1188 0.8805
vn -0.4519 -0.8907 0.0491
vn -0.4539 -0.8896 0.0505
vn -0.5055 0.5827 0.6364
vn -0.7156 0.6939 0.0803
vn -0.4510 0.8914 0.0449
vn -0.4555 0.8888 0.0510
vn 0.2628 0.9439 0.2002
vn 0.4574 0.8878 -0.0514
vn 0.4544 0.8891 -0.0556
vn 0.0486 0.9007 0.4317
vn 0.0479 0.9029 0.4271
vn -0.7238 -0.0133 -0.6899
vn -0.1843 -0.3141 0.9313
vn 0.9918 0.0000 -0.1278
vn -0.0073 -1.0000 -0.0057
vn -0.6790 0.4201 0.6020
vn 0.5631 -0.0266 -0.8260
vn 0.7172 0.6922 -0.0802
vn -0.0080 1.0000 0.0021
vn 0.9389 0.3213 -0.1236
vn -0.6123 -0.7876 0.0686
vn -0.5005 0.1024 -0.8597
vn -0.3043 0.9520 0.0340
vn 0.2807 0.9593 -0.0315
vn 0.2117 -0.9441 -0.2526
vn 0.4550 -0.8890 -0.0513
vn -0.5593 0.2460 -0.7917
vn -0.1378 0.9790 0.1503
vn -0.7525 -0.6531 0.0844
vn -0.4310 -0.9010 0.0484
vn -0.0510 -0.8891 -0.4549
vn -0.2643 -0.9438 -0.1985
vn -0.0076 -0.9977 -0.0679
vn -0.2636 -0.9438 -0.1994
vn -0.2106 0.9442 0.2532
vn -0.5504 -0.3169 0.7724
vn -0.4511 0.8914 0.0444
vn -0.4563 0.8884 0.0511
vn 0.1525 0.9803 0.1254
vn 0.4649 0.8838 -0.0521
vn 0.4574 0.8867 -0.0670
vn 0.1115 -0.0021 0.9938
vn 0.6347 0.5814 0.5091
vn -0.1012 0.2727 -0.9568
vn 0.6712 -0.4165 -0.6132
vn -0.8161 -0.3707 0.4434
vn 0.2118 -0.9441 -0.2525
vn 0.6598 0.2898 -0.6933
vn 0.8530 -0.5131 -0.0956
vn -0.6447 -0.2757 0.7130
vn 0.5211 -0.5479 -0.6544
vn 0.8583 -0.5040 -0.0963
vn 0.8870 0.4509 -0.0994
vn 0.6935 0.2954 -0.6571
vn 0.2767 -0.2228 -0.9348
vn -0.1009 -0.0049 -0.9949
vn -0.1002 0.4382 -0.8933
vn -0.9048 -0.4135 0.1016
vn -0.9392 0.3268 0.1053
vn -0.5400 0.2521 0.8030
vn -0.8119 0.2988 -0.5015
vn -0.8119 0.2988 -0.5014
vn 0.6870 0.2681 0.6754
vn 0.1011 -0.4275 0.8983
vn 0.6994 0.0217 0.7144
vn 0.8472 0.5227 -0.0950
vn 0.7018 0.2643 -0.6615
vn 0.7017 0.2643 -0.6616
vn 0.2891 -0.2065 -0.9347
vn 0.2892 -0.2066 -0.9347
vn -0.1118 0.0112 -0.9937
vn -0.1012 0.4243 -0.8999
vn -0.7904 -0.6061 0.0887
vn -0.7907 -0.6057 0.0887
vn -0.8737 0.4765 0.0980
vn -0.5284 0.3251 0.7843
vn -0.5283 0.3251 0.7843
vn -0.8397 0.1357 -0.5259
vn 0.6948 0.3346 0.6367
vn 0.6948 0.3346 0.6366
vn 0.0999 -0.4401 0.8924
vn 0.0772 -0.7216 0.6880
vn 0.7468 -0.6597 -0.0843
vn -0.3137 -0.9487 0.0389
vn -0.7051 -0.3208 -0.6324
vn 0.0533 0.8900 0.4527
vn 0.2585 0.1402 -0.9558
vn -0.9142 0.3116 -0.2590
vn -0.7821 0.3014 -0.5454
vn -0.3899 0.2918 -0.8734
vn -0.6896 -0.3117 -0.6537
vn -0.8861 -0.4528 0.0994
vn 0.7485 0.6578 -0.0840
vn 0.8864 0.4521 -0.0994
vn 0.5286 -0.3143 -0.7885
vn -0.8852 0.4545 0.0993
vn -0.2864 0.1992 0.9372
vn -0.7478 -0.6587 0.0831
vn 0.8849 -0.4551 -0.0993
vn -0.1005 0.4321 -0.8962
vn -0.3778 -0.9243 -0.0549
vn 0.1005 -0.4319 0.8963
vn 0.3549 -0.9248 -0.1367
vn 0.9961 0.0000 -0.0879
vn 0.1004 0.0000 0.9950
vn -0.1117 0.0001 -0.9937
vn 0.0012 -1.0000 -0.0018
vn 0.7047 0.3217 0.6324
vn 0.7198 -0.0002 0.6941
vn 0.2597 -0.1866 -0.9475
vn -0.8852 -0.4525 0.1075
vn -0.0092 -0.9982 -0.0596
vn -0.7198 0.0000 -0.6942
vn -0.6898 -0.3115 -0.6536
vn -0.8866 -0.4517 0.0994
vn -0.7473 0.6591 0.0838
vn 0.8859 0.4531 -0.0994
vn 0.5289 -0.3131 -0.7888
vn -0.8850 0.4548 0.0993
vn 0.5261 0.7546 -0.3922
vn -0.2865 0.1982 0.9374
vn 0.8847 -0.4555 -0.0992
vn -0.1005 0.4320 -0.8963
vn 0.7948 -0.2964 0.5296
vn 0.1116 -0.0001 0.9937
vn -0.0001 -1.0000 -0.0010
vn -0.0773 0.7245 -0.6850
vn -0.7413 0.6660 0.0836
vn 0.1088 -0.0029 0.9941
vn 0.0001 1.0000 -0.0001
vn 0.3150 0.9483 -0.0391
vn 0.6879 0.3668 0.6263
vn -0.0529 -0.8920 -0.4489
vn -0.2628 -0.1649 0.9507
vn 0.8928 -0.3730 0.2526
vn 0.7808 -0.3022 0.5469
vn 0.3847 -0.3132 0.8683
vn 0.1114 -0.0003 0.9938
vn 0.6937 0.3031 0.6534
vn 0.8885 0.4480 -0.0996
vn -0.7528 -0.6528 0.0844
vn -0.1198 0.0166 -0.9927
vn -0.8809 -0.4629 0.0988
vn -0.5303 0.3102 0.7890
vn 0.8877 -0.4495 -0.0996
vn 0.2855 -0.2009 -0.9371
vn 0.7355 0.6726 -0.0818
vn -0.8914 0.4420 0.0999
vn 0.1000 -0.4409 0.8920
vn 0.3738 0.9256 0.0604
vn -0.1005 0.4319 -0.8963
vn -0.3491 0.9263 0.1416
vn -0.9961 0.0009 0.0880
vn -0.1004 0.0044 -0.9949
vn 0.6880 0.3152 0.6537
vn 0.4602 -0.8300 0.3152
vn -0.0003 1.0000 -0.0013
vn 0.1138 -0.0027 0.9935
vn 0.0848 0.9964 -0.0073
vn 0.1115 -0.0003 0.9938
vn -0.6767 -0.3598 -0.6423
vn 0.1114 -0.0001 0.9938
vn 0.7137 0.0243 0.7000
vn -0.7205 -0.0106 -0.6934
vn -0.2390 0.2269 0.9441
vn 0.8685 0.4843 -0.1056
vn 0.0129 0.9956 0.0926
vn -0.8870 0.4509 0.0995
vn 0.8943 0.4360 -0.1003
vn -0.1148 0.0064 -0.9934
vn 0.7401 -0.6674 -0.0829
vn -0.1005 0.4318 -0.8963
vn 0.1005 -0.4323 0.8961
vn -0.8934 -0.4378 0.1003
vn -0.5258 -0.7576 0.3869
vn 0.3066 -0.1579 -0.9386
vn -0.5267 0.3174 0.7886
vn 0.8877 -0.4496 -0.0996
vn -0.7957 0.2888 -0.5324
vn 0.9937 -0.0001 -0.1122
vn 0.9938 0.0001 -0.1112
vn -0.9938 0.0001 0.1112
vn 0.9938 0.0005 -0.1114
vn -0.0439 -0.9191 -0.3916
vn -0.0440 -0.9190 -0.3918
vn -0.9938 0.0006 0.1115
vn -0.9938 -0.0005 0.1114
vn 0.0440 0.9189 0.3921
vn 0.0439 0.9190 0.3918
vn -0.0439 -0.9190 -0.3919
vn -0.0439 -0.9191 -0.3915
vn 0.0440 0.9189 0.3920
vn 0.3918 -0.9190 -0.0439
vn 0.3918 -0.9190 -0.0440
vn -0.3918 0.9190 0.0439
vn -0.3919 0.9190 0.0439
vn 0.3919 -0.9190 -0.0439
vn -0.1114 0.0001 -0.9938
vn -0.3919 0.9189 0.0439
vn 0.0439 -0.9190 0.3917
vn 0.0440 -0.9190 0.3918
vn -0.0440 0.9190 -0.3918
vn -0.0439 0.9190 -0.3918
vn 0.0439 -0.9190 0.3918
vn -0.0439 0.9191 -0.3917
vn -0.3918 -0.9190 0.0439
vn -0.3919 -0.9190 0.0440
vn 0.1114 0.0001 0.9938
vn 0.3919 0.9189 -0.0439
vn 0.3918 0.9190 -0.0439
vn 0.3919 0.9190 -0.0440
vn -0.0354 -0.9484 -0.3152
vn -0.0353 -0.9485 -0.3149
vn 0.0353 0.9485 0.3150
vn 0.0354 0.9484 0.3151
usemtl None
s off
f 1/1/1 2/2/1 3/3/1
f 1/1/1 3/3/1 4/4/1
f 5/5/1 6/6/1 7/7/1
f 5/5/1 7/7/1 8/8/1
f 9/9/1 10/10/1 11/11/1
f 9/9/1 11/11/1 7/7/1
f 9/9/1 7/7/1 6/6/1
f 9/9/1 6/6/1 12/12/1
f 13/13/1 14/14/1 15/15/1
f 13/13/1 15/15/1 5/5/1
f 13/13/2 5/5/2 8/8/2
f 13/13/1 8/8/1 16/16/1
f 16/16/1 11/11/1 10/10/1
f 16/16/1 10/10/1 13/13/1
f 12/12/1 15/15/1 14/14/1
f 12/12/1 14/14/1 9/9/1
f 17/17/3 18/18/3 19/19/3
f 17/17/3 19/19/3 20/20/3
f 21/21/3 22/22/3 23/23/3
f 21/21/3 23/23/3 24/24/3
f 25/25/3 26/26/3 27/27/3
f 25/25/3 27/27/3 21/21/3
f 27/27/3 28/28/3 22/22/3
f 27/27/3 22/22/3 21/21/3
f 29/29/3 30/30/3 31/31/3
f 29/29/4 31/31/4 23/23/4
f 31/31/3 32/32/3 24/24/3
f 31/31/5 24/24/5 23/23/5
f 26/26/3 25/25/3 32/32/3
f 26/26/3 32/32/3 31/31/3
f 30/30/3 29/29/3 28/28/3
f 30/30/3 28/28/3 27/27/3
f 17/17/6 20/20/6 4/4/6
f 17/17/6 4/4/6 3/3/6
f 20/20/7 19/19/7 1/1/7
f 20/20/7 1/1/7 4/4/7
f 19/19/8 18/18/8 2/2/8
f 19/19/8 2/2/8 1/1/8
f 21/21/9 24/24/9 8/8/9
f 21/21/9 8/8/9 7/7/9
f 23/23/7 22/22/7 6/6/7
f 23/23/7 6/6/7 5/5/7
f 27/27/8 26/26/8 10/10/8
f 27/27/8 10/10/8 9/9/8
f 25/25/6 21/21/6 7/7/6
f 25/25/6 7/7/6 11/11/6
f 22/22/6 28/28/6 12/12/6
f 22/22/6 12/12/6 6/6/6
f 31/31/6 30/30/6 14/14/6
f 31/31/6 14/14/6 13/13/6
f 29/29/8 23/23/8 5/5/8
f 29/29/8 5/5/8 15/15/8
f 24/24/8 32/32/8 16/16/8
f 24/24/8 16/16/8 8/8/8
f 26/26/9 31/31/9 13/13/9
f 26/26/9 13/13/9 10/10/9
f 32/32/7 25/25/7 11/11/7
f 32/32/7 11/11/7 16/16/7
f 28/28/9 29/29/9 15/15/9
f 28/28/9 15/15/9 12/12/9
f 33/33/10 34/34/10 35/35/10
f 33/33/10 35/35/10 36/36/10
f 37/37/11 3/3/11 38/38/11
f 37/37/12 38/38/12 35/35/12
f 37/37/13 35/35/13 34/34/13
f 37/37/14 34/34/14 39/39/14
f 40/40/15 41/41/15 33/33/15
f 40/40/16 33/33/16 36/36/16
f 40/40/11 36/36/11 42/42/11
f 40/40/10 42/42/10 2/2/10
f 40/40/17 2/2/17 43/43/17
f 42/42/10 38/38/10 3/3/10
f 42/42/10 3/3/10 2/2/10
f 39/39/10 41/41/10 40/40/10
f 39/39/10 40/40/10 37/37/10
f 44/44/18 45/45/18 46/46/18
f 44/44/18 46/46/18 47/47/18
f 48/48/19 17/17/19 49/49/19
f 48/48/18 49/49/18 44/44/18
f 49/49/20 50/50/20 45/45/20
f 49/49/21 45/45/21 44/44/21
f 46/46/22 51/51/22 52/52/22
f 46/46/18 52/52/18 47/47/18
f 52/52/23 53/53/23 18/18/23
f 52/52/18 18/18/18 54/54/18
f 52/52/24 54/54/24 47/47/24
f 17/17/18 48/48/18 54/54/18
f 17/17/18 54/54/18 18/18/18
f 52/52/18 51/51/18 50/50/18
f 52/52/18 50/50/18 49/49/18
f 44/44/1 47/47/1 36/36/1
f 44/44/25 36/36/25 35/35/25
f 46/46/26 45/45/26 34/34/26
f 46/46/3 34/34/3 33/33/3
f 49/49/6 17/17/6 3/3/6
f 49/49/6 3/3/6 37/37/6
f 48/48/8 44/44/8 35/35/8
f 48/48/8 35/35/8 38/38/8
f 45/45/8 50/50/8 39/39/8
f 45/45/8 39/39/8 34/34/8
f 18/18/8 53/53/8 43/43/8
f 18/18/8 43/43/8 2/2/8
f 53/53/8 52/52/8 40/40/8
f 53/53/8 40/40/8 43/43/8
f 51/51/6 46/46/6 33/33/6
f 51/51/6 33/33/6 41/41/6
f 47/47/6 54/54/6 42/42/6
f 47/47/6 42/42/6 36/36/6
f 54/54/26 48/48/26 38/38/26
f 54/54/3 38/38/3 42/42/3
f 50/50/1 51/51/1 41/41/1
f 50/50/1 41/41/1 39/39/1
f 55/55/18 56/56/18 57/57/18
f 55/55/18 57/57/18 58/58/18
f 14/14/27 59/59/27 60/60/27
f 14/14/28 60/60/28 57/57/28
f 14/14/27 57/57/27 56/56/27
f 14/14/24 56/56/24 61/61/24
f 62/62/18 9/9/18 63/63/18
f 62/62/18 63/63/18 55/55/18
f 62/62/18 55/55/18 58/58/18
f 62/62/19 58/58/19 64/64/19
f 64/64/7 60/60/7 59/59/7
f 64/64/7 59/59/7 62/62/7
f 61/61/18 63/63/18 9/9/18
f 61/61/18 9/9/18 14/14/18
f 65/65/10 66/66/10 67/67/10
f 65/65/10 67/67/10 68/68/10
f 69/69/11 70/70/11 30/30/11
f 69/69/29 30/30/29 65/65/29
f 30/30/11 71/71/11 66/66/11
f 30/30/30 66/66/30 65/65/30
f 72/72/10 27/27/10 73/73/10
f 72/72/10 73/73/10 67/67/10
f 73/73/31 74/74/31 68/68/31
f 73/73/32 68/68/32 67/67/32
f 70/70/10 69/69/10 74/74/10
f 70/70/10 74/74/10 73/73/10
f 27/27/10 72/72/10 71/71/10
f 27/27/10 71/71/10 30/30/10
f 65/65/26 68/68/26 58/58/26
f 65/65/3 58/58/3 57/57/3
f 67/67/25 66/66/25 56/56/25
f 67/67/33 56/56/33 55/55/33
f 30/30/6 70/70/6 59/59/6
f 30/30/6 59/59/6 14/14/6
f 69/69/8 65/65/8 57/57/8
f 69/69/8 57/57/8 60/60/8
f 66/66/8 71/71/8 61/61/8
f 66/66/8 61/61/8 56/56/8
f 73/73/8 27/27/8 9/9/8
f 73/73/8 9/9/8 62/62/8
f 72/72/6 67/67/6 55/55/6
f 72/72/6 55/55/6 63/63/6
f 68/68/6 74/74/6 64/64/6
f 68/68/6 64/64/6 58/58/6
f 74/74/25 69/69/25 60/60/25
f 74/74/1 60/60/1 64/64/1
f 71/71/26 72/72/26 63/63/26
f 71/71/3 63/63/3 61/61/3
f 75/75/3 76/76/3 77/77/3
f 75/75/3 77/77/3 78/78/3
f 59/59/3 37/37/3 79/79/3
f 59/59/4 79/79/4 77/77/4
f 59/59/3 77/77/3 76/76/3
f 59/59/4 76/76/4 80/80/4
f 40/40/3 62/62/3 81/81/3
f 40/40/3 81/81/3 75/75/3
f 40/40/34 75/75/34 78/78/34
f 40/40/3 78/78/3 82/82/3
f 82/82/3 79/79/3 37/37/3
f 82/82/3 37/37/3 40/40/3
f 80/80/3 81/81/3 62/62/3
f 80/80/3 62/62/3 59/59/3
f 83/83/1 84/84/1 85/85/1
f 83/83/1 85/85/1 86/86/1
f 87/87/1 49/49/1 70/70/1
f 87/87/1 70/70/1 83/83/1
f 70/70/1 88/88/1 84/84/1
f 70/70/1 84/84/1 83/83/1
f 89/89/1 73/73/1 52/52/1
f 89/89/1 52/52/1 85/85/1
f 52/52/1 90/90/1 86/86/1
f 52/52/1 86/86/1 85/85/1
f 49/49/1 87/87/1 90/90/1
f 49/49/1 90/90/1 52/52/1
f 73/73/1 89/89/1 88/88/1
f 73/73/1 88/88/1 70/70/1
f 83/83/10 86/86/10 78/78/10
f 83/83/10 78/78/10 77/77/10
f 85/85/35 84/84/35 76/76/35
f 85/85/35 76/76/35 75/75/35
f 70/70/6 49/49/6 37/37/6
f 70/70/6 37/37/6 59/59/6
f 87/87/8 83/83/8 77/77/8
f 87/87/8 77/77/8 79/79/8
f 84/84/8 88/88/8 80/80/8
f 84/84/8 80/80/8 76/76/8
f 52/52/8 73/73/8 62/62/8
f 52/52/8 62/62/8 40/40/8
f 89/89/6 85/85/6 75/75/6
f 89/89/6 75/75/6 81/81/6
f 86/86/6 90/90/6 82/82/6
f 86/86/6 82/82/6 78/78/6
f 90/90/18 87/87/18 79/79/18
f 90/90/18 79/79/18 82/82/18
f 88/88/10 89/89/10 81/81/10
f 88/88/10 81/81/10 80/80/10
f 91/91/36 92/92/36 93/93/36
f 91/91/37 93/93/37 94/94/37
f 92/92/38 95/95/38 96/96/38
f 92/92/39 96/96/39 93/93/39
f 95/95/40 91/91/40 94/94/40
f 95/95/41 94/94/41 96/96/41
f 97/97/42 95/95/42 98/98/42
f 97/97/43 98/98/43 99/99/43
f 95/95/44 92/92/44 100/100/44
f 95/95/45 100/100/45 98/98/45
f 92/92/46 97/97/46 99/99/46
f 92/92/47 99/99/47 100/100/47
f 101/101/48 95/95/48 102/102/48
f 101/101/49 102/102/49 103/103/49
f 95/95/50 97/97/50 104/104/50
f 95/95/51 104/104/51 102/102/51
f 97/97/52 101/101/52 103/103/52
f 97/97/53 103/103/53 104/104/53
f 95/95/54 101/101/54 105/105/54
f 95/95/55 105/105/55 106/106/55
f 101/101/56 91/91/56 107/107/56
f 101/101/57 107/107/57 105/105/57
f 91/91/58 95/95/58 106/106/58
f 91/91/59 106/106/59 107/107/59
f 108/108/60 109/109/60 110/110/60
f 108/108/61 110/110/61 111/111/61
f 112/112/62 113/113/62 109/109/62
f 112/112/63 109/109/63 108/108/63
f 111/111/64 110/110/64 113/113/64
f 111/111/65 113/113/65 112/112/65
f 114/114/66 113/113/66 115/115/66
f 114/114/67 115/115/67 116/116/67
f 117/117/68 109/109/68 113/113/68
f 117/117/69 113/113/69 114/114/69
f 116/116/70 115/115/70 109/109/70
f 116/116/71 109/109/71 117/117/71
f 118/118/72 113/113/72 119/119/72
f 118/118/72 119/119/72 120/120/72
f 121/121/73 115/115/73 113/113/73
f 121/121/72 113/113/72 118/118/72
f 120/120/72 119/119/72 115/115/72
f 120/120/73 115/115/73 121/121/73
f 122/122/74 119/119/74 113/113/74
f 122/122/75 113/113/75 123/123/75
f 124/124/76 110/110/76 119/119/76
f 124/124/74 119/119/74 122/122/74
f 123/123/76 113/113/76 110/110/76
f 123/123/77 110/110/77 124/124/77
f 92/92/78 91/91/78 110/110/78
f 92/92/79 110/110/79 109/109/79
f 94/94/80 93/93/80 108/108/80
f 94/94/81 108/108/81 111/111/81
f 93/93/82 96/96/82 112/112/82
f 93/93/83 112/112/83 108/108/83
f 96/96/84 94/94/84 111/111/84
f 96/96/85 111/111/85 112/112/85
f 99/99/86 98/98/86 114/114/86
f 99/99/87 114/114/87 116/116/87
f 98/98/88 100/100/88 117/117/88
f 98/98/89 117/117/89 114/114/89
f 97/97/90 92/92/90 109/109/90
f 97/97/91 109/109/91 115/115/91
f 100/100/92 99/99/92 116/116/92
f 100/100/92 116/116/92 117/117/92
f 103/103/93 102/102/93 118/118/93
f 103/103/94 118/118/94 120/120/94
f 102/102/95 104/104/95 121/121/95
f 102/102/96 121/121/96 118/118/96
f 101/101/97 97/97/97 115/115/97
f 101/101/98 115/115/98 119/119/98
f 104/104/99 103/103/99 120/120/99
f 104/104/100 120/120/100 121/121/100
f 106/106/101 105/105/101 122/122/101
f 106/106/102 122/122/102 123/123/102
f 91/91/103 101/101/103 119/119/103
f 91/91/104 119/119/104 110/110/104
f 105/105/105 107/107/105 124/124/105
f 105/105/105 124/124/105 122/122/105
f 107/107/106 106/106/106 123/123/106
f 107/107/107 123/123/107 124/124/107
f 109/109/10 110/110/10 125/125/10
f 109/109/10 125/125/10 126/126/10
f 115/115/3 109/109/3 126/126/3
f 115/115/3 126/126/3 127/127/3
f 119/119/18 115/115/18 127/127/18
f 119/119/18 127/127/18 128/128/18
f 110/110/1 119/119/1 128/128/1
f 110/110/1 128/128/1 125/125/1
f 128/128/8 127/127/8 126/126/8
f 128/128/8 126/126/8 125/125/8
f 129/129/10 130/130/10 131/131/10
f 129/129/10 131/131/10 132/132/10
f 130/130/3 133/133/3 134/134/3
f 130/130/3 134/134/3 131/131/3
f 133/133/18 135/135/18 136/136/18
f 133/133/18 136/136/18 134/134/18
f 135/135/1 129/129/1 132/132/1
f 135/135/1 132/132/1 136/136/1
f 137/137/18 138/138/18 139/139/18
f 137/137/18 139/139/18 110/110/18
f 115/115/1 140/140/1 138/138/1
f 115/115/1 138/138/1 137/137/1
f 119/119/10 141/141/10 140/140/10
f 119/119/11 140/140/11 115/115/11
f 110/110/3 139/139/3 141/141/3
f 110/110/3 141/141/3 119/119/3
f 142/142/108 130/130/108 129/129/108
f 142/142/109 129/129/109 143/143/109
f 144/144/110 133/133/110 130/130/110
f 144/144/111 130/130/111 142/142/111
f 145/145/112 135/135/112 133/133/112
f 145/145/113 133/133/113 144/144/113
f 143/143/114 129/129/114 135/135/114
f 143/143/115 135/135/115 145/145/115
f 146/146/116 142/142/116 143/143/116
f 146/146/117 143/143/117 147/147/117
f 148/148/118 144/144/118 142/142/118
f 148/148/118 142/142/118 146/146/118
f 149/149/119 145/145/119 144/144/119
f 149/149/120 144/144/120 148/148/120
f 147/147/121 143/143/121 145/145/121
f 147/147/121 145/145/121 149/149/121
f 137/137/6 110/110/6 132/132/6
f 137/137/6 132/132/6 131/131/6
f 139/139/8 138/138/8 146/146/8
f 139/139/8 146/146/8 147/147/8
f 115/115/6 137/137/6 131/131/6
f 115/115/6 131/131/6 134/134/6
f 138/138/8 140/140/8 148/148/8
f 138/138/8 148/148/8 146/146/8
f 119/119/6 115/115/6 134/134/6
f 119/119/6 134/134/6 136/136/6
f 140/140/8 141/141/8 149/149/8
f 140/140/8 149/149/8 148/148/8
f 110/110/6 119/119/6 136/136/6
f 110/110/6 136/136/6 132/132/6
f 141/141/8 139/139/8 147/147/8
f 141/141/8 147/147/8 149/149/8
f 150/150/122 151/151/122 112/112/122
f 152/152/123 114/114/123 153/153/123
f 154/154/124 118/118/124 155/155/124
f 123/123/125 156/156/125 157/157/125
f 158/158/18 159/159/18 160/160/18
f 158/158/18 160/160/18 161/161/18
f 162/162/10 163/163/10 164/164/10
f 162/162/10 164/164/10 165/165/10
f 165/165/3 164/164/3 160/160/3
f 165/165/3 160/160/3 159/159/3
f 166/166/10 167/167/10 168/168/10
f 166/166/10 168/168/10 169/169/10
f 170/170/7 171/171/7 172/172/7
f 170/170/7 172/172/7 173/173/7
f 166/166/1 170/170/1 173/173/1
f 166/166/1 173/173/1 167/167/1
f 162/162/1 158/158/1 161/161/1
f 162/162/1 161/161/1 163/163/1
f 169/169/3 168/168/3 172/172/3
f 169/169/3 172/172/3 171/171/3
f 166/166/8 169/169/8 161/161/8
f 166/166/8 161/161/8 160/160/8
f 168/168/6 167/167/6 159/159/6
f 168/168/6 159/159/6 158/158/6
f 169/169/8 171/171/8 163/163/8
f 169/169/8 163/163/8 161/161/8
f 173/173/6 172/172/6 162/162/6
f 173/173/6 162/162/6 165/165/6
f 171/171/8 170/170/8 164/164/8
f 171/171/8 164/164/8 163/163/8
f 167/167/6 173/173/6 165/165/6
f 167/167/6 165/165/6 159/159/6
f 170/170/8 166/166/8 160/160/8
f 170/170/8 160/160/8 164/164/8
f 174/174/6 175/175/6 176/176/6
f 174/174/6 176/176/6 177/177/6
f 175/175/6 178/178/6 179/179/6
f 175/175/6 179/179/6 176/176/6
f 178/178/6 180/180/6 181/181/6
f 178/178/6 181/181/6 179/179/6
f 180/180/6 174/174/6 177/177/6
f 180/180/6 177/177/6 181/181/6
f 172/172/8 162/162/8 158/158/8
f 172/172/8 158/158/8 168/168/8
f 168/168/10 167/167/10 177/177/10
f 168/168/10 177/177/10 176/176/10
f 159/159/18 158/158/18 175/175/18
f 159/159/18 175/175/18 174/174/18
f 172/172/3 168/168/3 176/176/3
f 172/172/3 176/176/3 179/179/3
f 158/158/1 162/162/1 178/178/1
f 158/158/1 178/178/1 175/175/1
f 173/173/7 172/172/7 179/179/7
f 173/173/7 179/179/7 181/181/7
f 162/162/10 165/165/10 180/180/10
f 162/162/10 180/180/10 178/178/10
f 167/167/1 173/173/1 181/181/1
f 167/167/1 181/181/1 177/177/1
f 165/165/3 159/159/3 174/174/3
f 165/165/3 174/174/3 180/180/3
f 182/182/8 183/183/8 184/184/8
f 182/182/8 184/184/8 185/185/8
f 182/182/8 185/185/8 186/186/8
f 184/184/8 183/183/8 187/187/8
f 188/188/6 189/189/6 190/190/6
f 188/188/6 190/190/6 191/191/6
f 190/190/6 192/192/6 191/191/6
f 193/193/6 189/189/6 188/188/6
f 191/191/1 192/192/1 186/186/1
f 191/191/1 186/186/1 185/185/1
f 192/192/18 190/190/18 182/182/18
f 192/192/18 182/182/18 186/186/18
f 190/190/3 189/189/3 183/183/3
f 190/190/3 183/183/3 182/182/3
f 188/188/10 191/191/10 185/185/10
f 188/188/10 185/185/10 184/184/10
f 189/189/10 193/193/10 187/187/10
f 189/189/10 187/187/10 183/183/10
f 193/193/1 188/188/1 184/184/1
f 193/193/1 184/184/1 187/187/1
f 194/194/126 195/195/126 196/196/126
f 194/194/126 196/196/126 197/197/126
f 198/198/127 194/194/127 197/197/127
f 198/198/127 197/197/127 199/199/127
f 200/200/128 201/201/128 202/202/128
f 200/200/128 202/202/128 203/203/128
f 204/204/129 205/205/129 206/206/129
f 204/204/130 206/206/130 207/207/130
f 208/208/131 200/200/131 203/203/131
f 208/208/132 203/203/132 209/209/132
f 210/210/133 204/204/133 207/207/133
f 210/210/134 207/207/134 211/211/134
f 197/197/10 196/196/10 212/212/10
f 197/197/10 212/212/10 213/213/10
f 196/196/3 195/195/3 214/214/3
f 196/196/3 214/214/3 212/212/3
f 195/195/18 194/194/18 215/215/18
f 195/195/18 215/215/18 214/214/18
f 198/198/1 199/199/1 216/216/1
f 198/198/1 216/216/1 217/217/1
f 199/199/10 197/197/10 213/213/10
f 199/199/10 213/213/10 216/216/10
f 194/194/18 198/198/18 217/217/18
f 194/194/18 217/217/18 215/215/18
f 218/218/10 219/219/10 220/220/10
f 221/221/18 222/222/18 223/223/18
f 223/223/135 222/222/135 219/219/135
f 223/223/135 219/219/135 218/218/135
f 222/222/136 221/221/136 220/220/136
f 222/222/136 220/220/136 219/219/136
f 221/221/1 223/223/1 218/218/1
f 221/221/1 218/218/1 220/220/1
f 224/224/10 225/225/10 226/226/10
f 227/227/18 228/228/18 229/229/18
f 228/228/8 224/224/8 226/226/8
f 228/228/8 226/226/8 229/229/8
f 229/229/137 226/226/137 225/225/137
f 229/229/137 225/225/137 227/227/137
f 227/227/3 225/225/3 224/224/3
f 227/227/3 224/224/3 228/228/3
f 230/230/3 231/231/3 232/232/3
f 230/230/3 232/232/3 233/233/3
f 201/201/1 234/234/1 235/235/1
f 201/201/1 235/235/1 202/202/1
f 208/208/8 209/209/8 233/233/8
f 208/208/8 233/233/8 232/232/8
f 233/233/138 209/209/138 203/203/138
f 233/233/139 203/203/139 202/202/139
f 230/230/140 233/233/140 202/202/140
f 230/230/140 202/202/140 235/235/140
f 235/235/6 234/234/6 231/231/6
f 235/235/6 231/231/6 230/230/6
f 232/232/9 231/231/9 234/234/9
f 232/232/141 234/234/141 208/208/141
f 234/234/142 201/201/142 200/200/142
f 234/234/143 200/200/143 208/208/143
f 236/236/3 237/237/3 206/206/3
f 236/236/3 206/206/3 205/205/3
f 238/238/1 239/239/1 240/240/1
f 238/238/1 240/240/1 241/241/1
f 238/238/8 241/241/8 210/210/8
f 238/238/8 210/210/8 211/211/8
f 236/236/144 205/205/144 204/204/144
f 236/236/145 204/204/145 210/210/145
f 236/236/146 210/210/146 241/241/146
f 236/236/140 241/241/140 240/240/140
f 240/240/6 239/239/6 237/237/6
f 240/240/6 237/237/6 236/236/6
f 206/206/10 237/237/10 239/239/10
f 206/206/10 239/239/10 238/238/10
f 207/207/147 206/206/147 238/238/147
f 207/207/10 238/238/10 211/211/10
f 242/242/10 243/243/10 244/244/10
f 242/242/10 244/244/10 245/245/10
f 43/43/31 2/2/31 246/246/31
f 43/43/31 246/246/31 244/244/31
f 43/43/148 244/244/148 243/243/148
f 43/43/149 243/243/149 247/247/149
f 248/248/31 249/249/31 242/242/31
f 248/248/10 242/242/10 245/245/10
f 248/248/10 246/246/10 2/2/10
f 248/248/10 2/2/10 249/249/10
f 43/43/10 247/247/10 250/250/10
f 43/43/10 250/250/10 251/251/10
f 252/252/18 253/253/18 254/254/18
f 252/252/18 254/254/18 255/255/18
f 256/256/18 257/257/18 258/258/18
f 256/256/150 258/258/150 252/252/150
f 258/258/24 259/259/24 253/253/24
f 258/258/151 253/253/151 252/252/151
f 254/254/18 260/260/18 261/261/18
f 254/254/19 261/261/19 255/255/19
f 257/257/18 256/256/18 261/261/18
f 257/257/18 261/261/18 260/260/18
f 262/262/7 259/259/7 258/258/7
f 262/262/7 258/258/7 263/263/7
f 252/252/25 255/255/25 245/245/25
f 252/252/1 245/245/1 244/244/1
f 254/254/26 253/253/26 243/243/26
f 254/254/3 243/243/3 242/242/3
f 258/258/6 257/257/6 2/2/6
f 258/258/6 2/2/6 43/43/6
f 256/256/8 252/252/8 244/244/8
f 256/256/8 244/244/8 246/246/8
f 253/253/8 259/259/8 247/247/8
f 253/253/8 247/247/8 243/243/8
f 255/255/6 261/261/6 248/248/6
f 255/255/6 248/248/6 245/245/6
f 260/260/8 254/254/8 242/242/8
f 260/260/8 242/242/8 249/249/8
f 261/261/26 256/256/26 246/246/26
f 261/261/3 246/246/3 248/248/3
f 262/262/8 263/263/8 251/251/8
f 262/262/8 251/251/8 250/250/8
f 259/259/25 262/262/25 250/250/25
f 259/259/1 250/250/1 247/247/1
f 264/264/1 249/249/1 2/2/1
f 264/264/1 2/2/1 1/1/1
f 257/257/3 260/260/3 170/170/3
f 257/257/3 170/170/3 19/19/3
f 257/257/6 19/19/6 1/1/6
f 257/257/6 1/1/6 2/2/6
f 19/19/7 170/170/7 264/264/7
f 19/19/7 264/264/7 1/1/7
f 170/170/8 260/260/8 249/249/8
f 170/170/8 249/249/8 264/264/8
f 265/265/3 266/266/3 267/267/3
f 265/265/3 267/267/3 268/268/3
f 62/62/3 269/269/3 270/270/3
f 62/62/3 270/270/3 267/267/3
f 62/62/4 267/267/4 266/266/4
f 62/62/5 266/266/5 271/271/5
f 272/272/3 273/273/3 265/265/3
f 272/272/3 265/265/3 268/268/3
f 272/272/3 268/268/3 274/274/3
f 272/272/3 274/274/3 189/189/3
f 274/274/3 270/270/3 269/269/3
f 274/274/3 269/269/3 189/189/3
f 271/271/3 273/273/3 272/272/3
f 271/271/3 272/272/3 62/62/3
f 275/275/1 276/276/1 277/277/1
f 275/275/1 277/277/1 278/278/1
f 279/279/1 280/280/1 73/73/1
f 279/279/1 73/73/1 275/275/1
f 73/73/1 281/281/1 276/276/1
f 73/73/1 276/276/1 275/275/1
f 277/277/1 282/282/1 283/283/1
f 277/277/1 283/283/1 278/278/1
f 283/283/1 284/284/1 285/285/1
f 283/283/1 285/285/1 278/278/1
f 280/280/1 279/279/1 285/285/1
f 280/280/1 285/285/1 284/284/1
f 283/283/1 282/282/1 281/281/1
f 283/283/1 281/281/1 73/73/1
f 275/275/152 278/278/152 268/268/152
f 275/275/152 268/268/152 267/267/152
f 277/277/18 276/276/18 266/266/18
f 277/277/18 266/266/18 265/265/18
f 73/73/6 280/280/6 269/269/6
f 73/73/6 269/269/6 62/62/6
f 279/279/8 275/275/8 267/267/8
f 279/279/8 267/267/8 270/270/8
f 276/276/8 281/281/8 271/271/8
f 276/276/8 271/271/8 266/266/8
f 282/282/6 277/277/6 265/265/6
f 282/282/6 265/265/6 273/273/6
f 278/278/6 285/285/6 274/274/6
f 278/278/6 274/274/6 268/268/6
f 284/284/8 283/283/8 272/272/8
f 284/284/8 272/272/8 189/189/8
f 285/285/35 279/279/35 270/270/35
f 285/285/35 270/270/35 274/274/35
f 281/281/152 282/282/152 273/273/152
f 281/281/152 273/273/152 271/271/152
f 286/286/1 287/287/1 288/288/1
f 286/286/1 288/288/1 289/289/1
f 290/290/1 291/291/1 288/288/1
f 290/290/1 288/288/1 287/287/1
f 10/10/1 9/9/1 292/292/1
f 10/10/1 292/292/1 286/286/1
f 10/10/1 286/286/1 289/289/1
f 10/10/1 289/289/1 293/293/1
f 10/10/1 293/293/1 294/294/1
f 10/10/1 294/294/1 295/295/1
f 290/290/1 292/292/1 9/9/1
f 290/290/1 9/9/1 291/291/1
f 296/296/3 297/297/3 298/298/3
f 296/296/3 298/298/3 299/299/3
f 296/296/3 300/300/3 301/301/3
f 296/296/3 301/301/3 297/297/3
f 302/302/3 27/27/3 26/26/3
f 302/302/3 26/26/3 298/298/3
f 26/26/3 303/303/3 299/299/3
f 26/26/3 299/299/3 298/298/3
f 304/304/26 303/303/26 26/26/26
f 304/304/3 26/26/3 166/166/3
f 27/27/3 302/302/3 301/301/3
f 27/27/3 301/301/3 300/300/3
f 298/298/7 297/297/7 287/287/7
f 298/298/7 287/287/7 286/286/7
f 297/297/6 301/301/6 290/290/6
f 297/297/6 290/290/6 287/287/6
f 300/300/8 296/296/8 288/288/8
f 300/300/8 288/288/8 291/291/8
f 26/26/6 27/27/6 9/9/6
f 26/26/6 9/9/6 10/10/6
f 302/302/8 298/298/8 286/286/8
f 302/302/8 286/286/8 292/292/8
f 304/304/8 166/166/8 295/295/8
f 304/304/8 295/295/8 294/294/8
f 166/166/9 26/26/9 10/10/9
f 166/166/9 10/10/9 295/295/9
f 301/301/9 302/302/9 292/292/9
f 301/301/9 292/292/9 290/290/9
f 289/289/9 288/288/9 296/296/9
f 289/289/9 296/296/9 299/299/9
f 293/293/8 289/289/8 299/299/8
f 293/293/8 299/299/8 303/303/8
f 294/294/7 293/293/7 303/303/7
f 294/294/7 303/303/7 304/304/7
f 305/305/18 306/306/18 307/307/18
f 305/305/18 307/307/18 308/308/18
f 9/9/18 62/62/18 309/309/18
f 9/9/27 309/309/27 307/307/27
f 9/9/153 307/307/153 306/306/153
f 9/9/18 306/306/18 310/310/18
f 311/311/18 272/272/18 305/305/18
f 311/311/19 305/305/19 308/308/19
f 311/311/18 309/309/18 62/62/18
f 311/311/18 62/62/18 272/272/18
f 310/310/18 312/312/18 291/291/18
f 310/310/18 291/291/18 9/9/18
f 313/313/10 314/314/10 315/315/10
f 313/313/10 315/315/10 316/316/10
f 317/317/11 73/73/11 27/27/11
f 317/317/154 27/27/154 313/313/154
f 27/27/11 318/318/11 314/314/11
f 27/27/155 314/314/155 313/313/155
f 315/315/10 283/283/10 319/319/10
f 315/315/31 319/319/31 316/316/31
f 73/73/10 317/317/10 319/319/10
f 73/73/10 319/319/10 283/283/10
f 300/300/10 320/320/10 318/318/10
f 300/300/10 318/318/10 27/27/10
f 313/313/3 316/316/3 308/308/3
f 313/313/3 308/308/3 307/307/3
f 315/315/25 314/314/25 306/306/25
f 315/315/1 306/306/1 305/305/1
f 27/27/6 73/73/6 62/62/6
f 27/27/6 62/62/6 9/9/6
f 317/317/8 313/313/8 307/307/8
f 317/317/8 307/307/8 309/309/8
f 314/314/8 318/318/8 310/310/8
f 314/314/8 310/310/8 306/306/8
f 316/316/6 319/319/6 311/311/6
f 316/316/6 311/311/6 308/308/6
f 283/283/8 315/315/8 305/305/8
f 283/283/8 305/305/8 272/272/8
f 319/319/1 317/317/1 309/309/1
f 319/319/1 309/309/1 311/311/1
f 318/318/3 320/320/3 312/312/3
f 318/318/26 312/312/26 310/310/26
f 320/320/8 300/300/8 291/291/8
f 320/320/8 291/291/8 312/312/8
f 321/321/1 251/251/1 193/193/1
f 321/321/1 193/193/1 322/322/1
f 323/323/3 263/263/3 324/324/3
f 323/323/3 324/324/3 325/325/3
f 325/325/6 324/324/6 321/321/6
f 325/325/6 321/321/6 322/322/6
f 263/263/8 323/323/8 193/193/8
f 263/263/8 193/193/8 251/251/8
f 326/326/10 322/322/10 327/327/10
f 326/326/10 327/327/10 328/328/10
f 328/328/11 327/327/11 329/329/11
f 330/330/10 331/331/10 193/193/10
f 330/330/10 193/193/10 189/189/10
f 331/331/10 327/327/10 322/322/10
f 331/331/10 322/322/10 193/193/10
f 329/329/10 330/330/10 189/189/10
f 329/329/10 189/189/10 328/328/10
f 332/332/18 325/325/18 333/333/18
f 332/332/18 333/333/18 334/334/18
f 332/332/19 334/334/19 335/335/19
f 323/323/24 336/336/24 337/337/24
f 323/323/18 337/337/18 284/284/18
f 325/325/18 332/332/18 336/336/18
f 325/325/18 336/336/18 323/323/18
f 284/284/7 337/337/7 335/335/7
f 284/284/18 335/335/18 334/334/18
f 326/326/156 333/333/156 325/325/156
f 326/326/157 325/325/157 322/322/157
f 332/332/8 335/335/8 329/329/8
f 332/332/8 329/329/8 327/327/8
f 323/323/8 284/284/8 189/189/8
f 323/323/8 189/189/8 193/193/8
f 337/337/6 336/336/6 331/331/6
f 337/337/6 331/331/6 330/330/6
f 336/336/26 332/332/26 327/327/26
f 336/336/26 327/327/26 331/331/26
f 335/335/1 337/337/1 330/330/1
f 335/335/1 330/330/1 329/329/1
f 326/326/158 328/328/158 334/334/158
f 326/326/159 334/334/159 333/333/159
f 338/338/160 339/339/160 327/327/160
f 338/338/160 327/327/160 331/331/160
f 340/340/10 338/338/10 331/331/10
f 340/340/10 331/331/10 330/330/10
f 341/341/160 340/340/160 330/330/160
f 341/341/160 330/330/160 329/329/160
f 339/339/161 341/341/161 329/329/161
f 339/339/10 329/329/10 327/327/10
f 332/332/162 342/342/162 343/343/162
f 332/332/162 343/343/162 336/336/162
f 336/336/163 343/343/163 344/344/163
f 336/336/164 344/344/164 337/337/164
f 337/337/165 344/344/165 345/345/165
f 337/337/162 345/345/162 335/335/162
f 335/335/18 345/345/18 342/342/18
f 335/335/166 342/342/166 332/332/166
f 346/346/167 347/347/167 348/348/167
f 346/346/167 348/348/167 349/349/167
f 350/350/10 346/346/10 349/349/10
f 350/350/147 349/349/147 351/351/147
f 352/352/167 350/350/167 351/351/167
f 352/352/167 351/351/167 353/353/167
f 347/347/168 352/352/168 353/353/168
f 347/347/169 353/353/169 348/348/169
f 354/354/170 355/355/170 356/356/170
f 354/354/170 356/356/170 357/357/170
f 357/357/171 356/356/171 358/358/171
f 357/357/172 358/358/172 359/359/172
f 359/359/170 358/358/170 360/360/170
f 359/359/170 360/360/170 361/361/170
f 361/361/18 360/360/18 355/355/18
f 361/361/24 355/355/24 354/354/24
f 362/362/167 363/363/167 364/364/167
f 362/362/167 364/364/167 354/354/167
f 365/365/173 362/362/173 354/354/173
f 365/365/169 354/354/169 361/361/169
f 366/366/167 365/365/167 361/361/167
f 366/366/167 361/361/167 367/367/167
f 363/363/15 366/366/15 367/367/15
f 363/363/10 367/367/10 364/364/10
f 368/368/170 369/369/170 370/370/170
f 368/368/170 370/370/170 371/371/170
f 371/371/18 370/370/18 372/372/18
f 371/371/174 372/372/174 373/373/174
f 373/373/162 372/372/162 374/374/162
f 373/373/162 374/374/162 375/375/162
f 375/375/171 374/374/171 369/369/171
f 375/375/175 369/369/175 368/368/175
f 332/332/25 336/336/25 331/331/25
f 332/332/25 331/331/25 327/327/25
f 343/343/3 342/342/3 339/339/3
f 343/343/3 339/339/3 338/338/3
f 336/336/8 337/337/8 330/330/8
f 336/336/8 330/330/8 331/331/8
f 344/344/6 343/343/6 338/338/6
f 344/344/6 338/338/6 340/340/6
f 337/337/3 335/335/3 329/329/3
f 337/337/3 329/329/3 330/330/3
f 345/345/1 344/344/1 340/340/1
f 345/345/1 340/340/1 341/341/1
f 335/335/6 332/332/6 327/327/6
f 335/335/6 327/327/6 329/329/6
f 342/342/8 345/345/8 341/341/8
f 342/342/8 341/341/8 339/339/8
f 354/354/25 357/357/25 349/349/25
f 354/354/176 349/349/176 348/348/176
f 356/356/177 355/355/177 347/347/177
f 356/356/178 347/347/178 346/346/178
f 357/357/8 359/359/8 351/351/8
f 357/357/8 351/351/8 349/349/8
f 358/358/6 356/356/6 346/346/6
f 358/358/6 346/346/6 350/350/6
f 359/359/26 361/361/26 353/353/26
f 359/359/179 353/353/179 351/351/179
f 360/360/33 358/358/33 350/350/33
f 360/360/33 350/350/33 352/352/33
f 361/361/6 354/354/6 348/348/6
f 361/361/6 348/348/6 353/353/6
f 355/355/8 360/360/8 352/352/8
f 355/355/8 352/352/8 347/347/8
f 368/368/33 371/371/33 354/354/33
f 368/368/180 354/354/180 364/364/180
f 370/370/26 369/369/26 363/363/26
f 370/370/26 363/363/26 362/362/26
f 371/371/8 373/373/8 361/361/8
f 371/371/8 361/361/8 354/354/8
f 372/372/6 370/370/6 362/362/6
f 372/372/6 362/362/6 365/365/6
f 373/373/181 375/375/181 367/367/181
f 373/373/182 367/367/182 361/361/182
f 374/374/25 372/372/25 365/365/25
f 374/374/25 365/365/25 366/366/25
f 375/375/6 368/368/6 364/364/6
f 375/375/6 364/364/6 367/367/6
f 369/369/8 374/374/8 366/366/8
f 369/369/8 366/366/8 363/363/8
f 376/376/10 377/377/10 378/378/10
f 376/376/10 378/378/10 379/379/10
f 380/380/18 381/381/18 382/382/18
f 380/380/18 382/382/18 383/383/18
f 380/380/8 383/383/8 379/379/8
f 380/380/8 379/379/8 378/378/8
f 383/383/183 382/382/183 376/376/183
f 383/383/184 376/376/184 379/379/184
f 382/382/6 381/381/6 377/377/6
f 382/382/6 377/377/6 376/376/6
f 381/381/185 380/380/185 378/378/185
f 381/381/185 378/378/185 377/377/185
f 384/384/10 385/385/10 386/386/10
f 384/384/10 386/386/10 387/387/10
f 388/388/18 389/389/18 390/390/18
f 388/388/18 390/390/18 391/391/18
f 388/388/8 391/391/8 387/387/8
f 388/388/8 387/387/8 386/386/8
f 391/391/178 390/390/178 384/384/178
f 391/391/186 384/384/186 387/387/186
f 390/390/6 389/389/6 385/385/6
f 390/390/6 385/385/6 384/384/6
f 389/389/180 388/388/180 386/386/180
f 389/389/180 386/386/180 385/385/180
f 392/392/187 393/393/187 246/246/187
f 392/392/187 246/246/187 248/248/187
f 394/394/188 392/392/188 248/248/188
f 394/394/173 248/248/173 245/245/173
f 395/395/187 394/394/187 245/245/187
f 395/395/189 245/245/189 244/244/189
f 393/393/190 395/395/190 244/244/190
f 393/393/191 244/244/191 246/246/191
f 256/256/162 396/396/162 397/397/162
f 256/256/162 397/397/162 261/261/162
f 261/261/163 397/397/163 398/398/163
f 261/261/192 398/398/192 399/399/192
f 399/399/162 398/398/162 400/400/162
f 399/399/162 400/400/162 252/252/162
f 252/252/18 400/400/18 396/396/18
f 252/252/18 396/396/18 256/256/18
f 401/401/160 402/402/160 403/403/160
f 401/401/160 403/403/160 404/404/160
f 405/405/10 401/401/10 404/404/10
f 405/405/9 404/404/9 406/406/9
f 407/407/160 405/405/160 406/406/160
f 407/407/160 406/406/160 408/408/160
f 402/402/10 407/407/10 408/408/10
f 402/402/9 408/408/9 403/403/9
f 409/409/162 410/410/162 411/411/162
f 409/409/162 411/411/162 412/412/162
f 412/412/171 411/411/171 413/413/171
f 412/412/193 413/413/193 414/414/193
f 414/414/162 413/413/162 415/415/162
f 414/414/162 415/415/162 416/416/162
f 416/416/18 415/415/18 410/410/18
f 416/416/194 410/410/194 409/409/194
f 417/417/160 418/418/160 419/419/160
f 417/417/160 419/419/160 409/409/160
f 420/420/173 417/417/173 409/409/173
f 420/420/9 409/409/9 416/416/9
f 421/421/160 420/420/160 416/416/160
f 421/421/160 416/416/160 422/422/160
f 418/418/30 421/421/30 422/422/30
f 418/418/195 422/422/195 419/419/195
f 423/423/162 424/424/162 425/425/162
f 423/423/162 425/425/162 426/426/162
f 426/426/18 425/425/18 427/427/18
f 426/426/196 427/427/196 428/428/196
f 428/428/162 427/427/162 429/429/162
f 428/428/162 429/429/162 430/430/162
f 430/430/18 429/429/18 424/424/18
f 430/430/197 424/424/197 423/423/197
f 256/256/25 261/261/25 248/248/25
f 256/256/1 248/248/1 246/246/1
f 397/397/3 396/396/3 393/393/3
f 397/397/3 393/393/3 392/392/3
f 261/261/8 399/399/8 245/245/8
f 261/261/8 245/245/8 248/248/8
f 398/398/6 397/397/6 392/392/6
f 398/398/6 392/392/6 394/394/6
f 399/399/26 252/252/26 244/244/26
f 399/399/3 244/244/3 245/245/3
f 400/400/25 398/398/25 394/394/25
f 400/400/1 394/394/1 395/395/1
f 252/252/6 256/256/6 246/246/6
f 252/252/6 246/246/6 244/244/6
f 396/396/8 400/400/8 395/395/8
f 396/396/8 395/395/8 393/393/8
f 409/409/25 412/412/25 404/404/25
f 409/409/25 404/404/25 403/403/25
f 411/411/184 410/410/184 402/402/184
f 411/411/183 402/402/183 401/401/183
f 412/412/8 414/414/8 406/406/8
f 412/412/8 406/406/8 404/404/8
f 413/413/6 411/411/6 401/401/6
f 413/413/6 401/401/6 405/405/6
f 414/414/26 416/416/26 408/408/26
f 414/414/26 408/408/26 406/406/26
f 415/415/198 413/413/198 405/405/198
f 415/415/199 405/405/199 407/407/199
f 416/416/6 409/409/6 403/403/6
f 416/416/6 403/403/6 408/408/6
f 410/410/8 415/415/8 407/407/8
f 410/410/8 407/407/8 402/402/8
f 423/423/33 426/426/33 409/409/33
f 423/423/180 409/409/180 419/419/180
f 425/425/26 424/424/26 418/418/26
f 425/425/26 418/418/26 417/417/26
f 426/426/8 428/428/8 416/416/8
f 426/426/8 416/416/8 409/409/8
f 427/427/6 425/425/6 417/417/6
f 427/427/6 417/417/6 420/420/6
f 428/428/177 430/430/177 422/422/177
f 428/428/178 422/422/178 416/416/178
f 429/429/25 427/427/25 420/420/25
f 429/429/25 420/420/25 421/421/25
f 430/430/6 423/423/6 419/419/6
f 430/430/6 419/419/6 422/422/6
f 424/424/8 429/429/8 421/421/8
f 424/424/8 421/421/8 418/418/8
f 431/431/10 432/432/10 433/433/10
f 431/431/10 433/433/10 434/434/10
f 435/435/18 436/436/18 437/437/18
f 435/435/18 437/437/18 438/438/18
f 435/435/8 438/438/8 434/434/8
f 435/435/8 434/434/8 433/433/8
f 438/438/3 437/437/3 431/431/3
f 438/438/184 431/431/184 434/434/184
f 437/437/6 436/436/6 432/432/6
f 437/437/6 432/432/6 431/431/6
f 436/436/1 435/435/1 433/433/1
f 436/436/176 433/433/176 432/432/176
f 439/439/10 440/440/10 441/441/10
f 439/439/10 441/441/10 442/442/10
f 443/443/18 444/444/18 445/445/18
f 443/443/18 445/445/18 446/446/18
f 443/443/8 446/446/8 442/442/8
f 443/443/8 442/442/8 441/441/8
f 446/446/200 445/445/200 439/439/200
f 446/446/182 439/439/182 442/442/182
f 445/445/6 444/444/6 440/440/6
f 445/445/6 440/440/6 439/439/6
f 444/444/201 443/443/201 441/441/201
f 444/444/33 441/441/33 440/440/33
f 447/447/9 448/448/9 449/449/9
f 447/447/9 449/449/9 450/450/9
f 451/451/10 452/452/10 453/453/10
f 451/451/10 453/453/10 454/454/10
f 451/451/10 454/454/10 455/455/10
f 451/451/10 455/455/10 456/456/10
f 451/451/143 456/456/143 457/457/143
f 451/451/10 457/457/10 449/449/10
f 451/451/10 449/449/10 448/448/10
f 451/451/10 448/448/10 458/458/10
f 451/451/10 458/458/10 459/459/10
f 451/451/10 459/459/10 460/460/10
f 451/451/10 460/460/10 461/461/10
f 451/451/10 461/461/10 462/462/10
f 463/463/32 453/453/32 452/452/32
f 463/463/11 452/452/11 464/464/11
f 464/464/10 465/465/10 466/466/10
f 464/464/10 466/466/10 467/467/10
f 464/464/10 467/467/10 468/468/10
f 464/464/10 468/468/10 469/469/10
f 464/464/10 469/469/10 470/470/10
f 464/464/10 470/470/10 447/447/10
f 464/464/143 447/447/143 450/450/143
f 464/464/10 450/450/10 471/471/10
f 464/464/10 471/471/10 472/472/10
f 464/464/10 472/472/10 473/473/10
f 464/464/10 473/473/10 474/474/10
f 464/464/10 474/474/10 463/463/10
f 462/462/202 466/466/202 465/465/202
f 462/462/12 465/465/12 451/451/12
f 473/473/9 455/455/9 454/454/9
f 473/473/9 454/454/9 474/474/9
f 471/471/9 457/457/9 456/456/9
f 471/471/9 456/456/9 472/472/9
f 460/460/9 468/468/9 467/467/9
f 460/460/9 467/467/9 461/461/9
f 458/458/9 470/470/9 469/469/9
f 458/458/9 469/469/9 459/459/9
f 475/475/7 476/476/7 477/477/7
f 475/475/7 477/477/7 478/478/7
f 479/479/18 480/480/18 481/481/18
f 479/479/18 481/481/18 482/482/18
f 481/481/18 483/483/18 484/484/18
f 481/481/18 484/484/18 485/485/18
f 481/481/18 485/485/18 486/486/18
f 481/481/18 486/486/18 487/487/18
f 481/481/18 487/487/18 476/476/18
f 481/481/18 476/476/18 475/475/18
f 481/481/18 475/475/18 488/488/18
f 481/481/18 488/488/18 489/489/18
f 481/481/18 489/489/18 490/490/18
f 481/481/140 490/490/140 482/482/140
f 480/480/196 479/479/196 491/491/196
f 480/480/21 491/491/21 492/492/21
f 493/493/18 494/494/18 492/492/18
f 493/493/18 492/492/18 495/495/18
f 492/492/18 491/491/18 496/496/18
f 492/492/18 496/496/18 497/497/18
f 492/492/18 497/497/18 498/498/18
f 492/492/18 498/498/18 499/499/18
f 492/492/18 499/499/18 478/478/18
f 492/492/18 478/478/18 477/477/18
f 492/492/18 477/477/18 500/500/18
f 492/492/18 500/500/18 501/501/18
f 492/492/18 501/501/18 502/502/18
f 492/492/18 502/502/18 495/495/18
f 494/494/203 493/493/203 483/483/203
f 494/494/145 483/483/145 481/481/145
f 482/482/7 490/490/7 497/497/7
f 482/482/7 497/497/7 496/496/7
f 489/489/7 488/488/7 499/499/7
f 489/489/7 499/499/7 498/498/7
f 495/495/7 502/502/7 485/485/7
f 495/495/7 485/485/7 484/484/7
f 501/501/7 500/500/7 487/487/7
f 501/501/7 487/487/7 486/486/7
f 475/475/8 478/478/8 450/450/8
f 475/475/8 450/450/8 449/449/8
f 477/477/6 476/476/6 448/448/6
f 477/477/6 448/448/6 447/447/6
f 481/481/33 480/480/33 452/452/33
f 481/481/204 452/452/204 451/451/204
f 479/479/26 482/482/26 454/454/26
f 479/479/205 454/454/205 453/453/205
f 490/490/26 489/489/26 456/456/26
f 490/490/177 456/456/177 455/455/177
f 488/488/179 475/475/179 449/449/179
f 488/488/26 449/449/26 457/457/26
f 476/476/26 487/487/26 458/458/26
f 476/476/26 458/458/26 448/448/26
f 486/486/26 485/485/26 460/460/26
f 486/486/26 460/460/26 459/459/26
f 484/484/177 483/483/177 462/462/177
f 484/484/179 462/462/179 461/461/179
f 480/480/8 492/492/8 464/464/8
f 480/480/8 464/464/8 452/452/8
f 491/491/6 479/479/6 453/453/6
f 491/491/6 453/453/6 463/463/6
f 492/492/178 494/494/178 465/465/178
f 492/492/178 465/465/178 464/464/178
f 493/493/176 495/495/176 467/467/176
f 493/493/25 467/467/25 466/466/25
f 502/502/25 501/501/25 469/469/25
f 502/502/180 469/469/180 468/468/180
f 500/500/25 477/477/25 447/447/25
f 500/500/25 447/447/25 470/470/25
f 478/478/25 499/499/25 471/471/25
f 478/478/25 471/471/25 450/450/25
f 498/498/180 497/497/180 473/473/180
f 498/498/25 473/473/25 472/472/25
f 496/496/176 491/491/176 463/463/176
f 496/496/25 463/463/25 474/474/25
f 494/494/6 481/481/6 451/451/6
f 494/494/6 451/451/6 465/465/6
f 483/483/8 493/493/8 466/466/8
f 483/483/8 466/466/8 462/462/8
f 482/482/8 496/496/8 474/474/8
f 482/482/8 474/474/8 454/454/8
f 497/497/6 490/490/6 455/455/6
f 497/497/6 455/455/6 473/473/6
f 489/489/8 498/498/8 472/472/8
f 489/489/8 472/472/8 456/456/8
f 499/499/6 488/488/6 457/457/6
f 499/499/6 457/457/6 471/471/6
f 495/495/6 484/484/6 461/461/6
f 495/495/6 461/461/6 467/467/6
f 485/485/8 502/502/8 468/468/8
f 485/485/8 468/468/8 460/460/8
f 501/501/6 486/486/6 459/459/6
f 501/501/6 459/459/6 469/469/6
f 487/487/8 500/500/8 470/470/8
f 487/487/8 470/470/8 458/458/8
f 503/503/160 504/504/160 243/243/160
f 503/503/160 243/243/160 242/242/160
f 505/505/206 503/503/206 242/242/206
f 505/505/9 242/242/9 250/250/9
f 506/506/160 505/505/160 250/250/160
f 506/506/160 250/250/160 247/247/160
f 504/504/207 506/506/207 247/247/207
f 504/504/9 247/247/9 243/243/9
f 507/507/162 508/508/162 509/509/162
f 507/507/162 509/509/162 510/510/162
f 510/510/208 509/509/208 511/511/208
f 510/510/209 511/511/209 512/512/209
f 512/512/170 511/511/170 513/513/170
f 512/512/170 513/513/170 514/514/170
f 514/514/210 513/513/210 508/508/210
f 514/514/24 508/508/24 507/507/24
f 507/507/25 510/510/25 242/242/25
f 507/507/1 242/242/1 243/243/1
f 509/509/26 508/508/26 504/504/26
f 509/509/3 504/504/3 503/503/3
f 510/510/8 512/512/8 250/250/8
f 510/510/8 250/250/8 242/242/8
f 511/511/6 509/509/6 503/503/6
f 511/511/6 503/503/6 505/505/6
f 512/512/26 514/514/26 247/247/26
f 512/512/3 247/247/3 250/250/3
f 513/513/1 511/511/1 505/505/1
f 513/513/1 505/505/1 506/506/1
f 514/514/6 507/507/6 243/243/6
f 514/514/6 243/243/6 247/247/6
f 508/508/8 513/513/8 506/506/8
f 508/508/8 506/506/8 504/504/8
f 515/515/10 516/516/10 517/517/10
f 515/515/10 517/517/10 518/518/10
f 519/519/10 520/520/10 521/521/10
f 519/519/10 521/521/10 522/522/10
f 523/523/10 524/524/10 525/525/10
f 523/523/10 525/525/10 526/526/10
f 527/527/10 528/528/10 529/529/10
f 527/527/10 529/529/10 530/530/10
f 531/531/10 532/532/10 533/533/10
f 531/531/10 533/533/10 534/534/10
f 535/535/10 536/536/10 537/537/10
f 535/535/10 537/537/10 538/538/10
f 539/539/18 540/540/18 541/541/18
f 539/539/18 541/541/18 542/542/18
f 543/543/18 544/544/18 545/545/18
f 543/543/18 545/545/18 546/546/18
f 547/547/18 548/548/18 549/549/18
f 547/547/18 549/549/18 550/550/18
f 551/551/18 552/552/18 553/553/18
f 551/551/18 553/553/18 554/554/18
f 555/555/18 556/556/18 557/557/18
f 555/555/18 557/557/18 558/558/18
f 559/559/18 560/560/18 561/561/18
f 559/559/18 561/561/18 562/562/18
f 539/539/8 542/542/8 518/518/8
f 539/539/8 518/518/8 517/517/8
f 542/542/182 541/541/182 515/515/182
f 542/542/182 515/515/182 518/518/182
f 541/541/6 540/540/6 516/516/6
f 541/541/6 516/516/6 515/515/6
f 540/540/211 539/539/211 517/517/211
f 540/540/211 517/517/211 516/516/211
f 543/543/8 546/546/8 522/522/8
f 543/543/8 522/522/8 521/521/8
f 546/546/182 545/545/182 519/519/182
f 546/546/182 519/519/182 522/522/182
f 545/545/6 544/544/6 520/520/6
f 545/545/6 520/520/6 519/519/6
f 544/544/211 543/543/211 521/521/211
f 544/544/212 521/521/212 520/520/212
f 547/547/8 550/550/8 526/526/8
f 547/547/8 526/526/8 525/525/8
f 550/550/182 549/549/182 523/523/182
f 550/550/182 523/523/182 526/526/182
f 549/549/6 548/548/6 524/524/6
f 549/549/6 524/524/6 523/523/6
f 548/548/211 547/547/211 525/525/211
f 548/548/211 525/525/211 524/524/211
f 551/551/6 554/554/6 530/530/6
f 551/551/6 530/530/6 529/529/6
f 554/554/211 553/553/211 527/527/211
f 554/554/211 527/527/211 530/530/211
f 553/553/8 552/552/8 528/528/8
f 553/553/8 528/528/8 527/527/8
f 552/552/182 551/551/182 529/529/182
f 552/552/182 529/529/182 528/528/182
f 555/555/6 558/558/6 534/534/6
f 555/555/6 534/534/6 533/533/6
f 558/558/211 557/557/211 531/531/211
f 558/558/211 531/531/211 534/534/211
f 557/557/8 556/556/8 532/532/8
f 557/557/8 532/532/8 531/531/8
f 556/556/213 555/555/213 533/533/213
f 556/556/182 533/533/182 532/532/182
f 559/559/6 562/562/6 538/538/6
f 559/559/6 538/538/6 537/537/6
f 562/562/211 561/561/211 535/535/211
f 562/562/211 535/535/211 538/538/211
f 561/561/8 560/560/8 536/536/8
f 561/561/8 536/536/8 535/535/8
f 560/560/182 559/559/182 537/537/182
f 560/560/182 537/537/182 536/536/182
f 563/563/214 564/564/214 565/565/214
f 563/563/215 565/565/215 566/566/215
f 564/564/160 567/567/160 568/568/160
f 564/564/160 568/568/160 565/565/160
f 567/567/10 569/569/10 570/570/10
f 567/567/215 570/570/215 568/568/215
f 569/569/160 563/563/160 566/566/160
f 569/569/160 566/566/160 570/570/160
f 566/566/8 565/565/8 571/571/8
f 566/566/8 571/571/8 572/572/8
f 565/565/3 568/568/3 573/573/3
f 565/565/3 573/573/3 571/571/3
f 568/568/6 570/570/6 574/574/6
f 568/568/6 574/574/6 573/573/6
f 566/566/216 572/572/216 574/574/216
f 566/566/1 574/574/1 570/570/1
f 575/575/33 576/576/33 577/577/33
f 575/575/33 577/577/33 578/578/33
f 571/571/10 573/573/10 576/576/10
f 571/571/10 576/576/10 575/575/10
f 573/573/6 574/574/6 577/577/6
f 573/573/6 577/577/6 576/576/6
f 574/574/7 572/572/7 578/578/7
f 574/574/7 578/578/7 577/577/7
f 572/572/8 571/571/8 575/575/8
f 572/572/8 575/575/8 578/578/8
f 579/579/162 580/580/162 581/581/162
f 579/579/209 581/581/209 582/582/209
f 582/582/217 581/581/217 583/583/217
f 582/582/217 583/583/217 584/584/217
f 584/584/218 583/583/218 585/585/218
f 584/584/210 585/585/210 586/586/210
f 586/586/162 585/585/162 580/580/162
f 586/586/162 580/580/162 579/579/162
f 580/580/8 587/587/8 588/588/8
f 580/580/8 588/588/8 581/581/8
f 581/581/3 588/588/3 589/589/3
f 581/581/26 589/589/26 583/583/26
f 583/583/6 589/589/6 590/590/6
f 583/583/6 590/590/6 585/585/6
f 580/580/25 585/585/25 590/590/25
f 580/580/33 590/590/33 587/587/33
f 591/591/33 592/592/33 593/593/33
f 591/591/33 593/593/33 594/594/33
f 588/588/18 591/591/18 594/594/18
f 588/588/18 594/594/18 589/589/18
f 589/589/6 594/594/6 593/593/6
f 589/589/6 593/593/6 590/590/6
f 590/590/9 593/593/9 592/592/9
f 590/590/9 592/592/9 587/587/9
f 587/587/8 592/592/8 591/591/8
f 587/587/8 591/591/8 588/588/8
f 582/582/8 564/564/8 563/563/8
f 582/582/8 563/563/8 579/579/8
f 584/584/26 567/567/26 564/564/26
f 584/584/178 564/564/178 582/582/178
f 586/586/6 569/569/6 567/567/6
f 586/586/6 567/567/6 584/584/6
f 579/579/25 563/563/25 569/569/25
f 579/579/25 569/569/25 586/586/25
f 595/595/1 596/596/1 597/597/1
f 595/595/1 597/597/1 598/598/1
f 599/599/25 600/600/25 601/601/25
f 599/599/219 601/601/219 602/602/219
f 599/599/220 602/602/220 603/603/220
f 599/599/211 603/603/211 604/604/211
f 599/599/216 604/604/216 605/605/216
f 599/599/216 605/605/216 597/597/216
f 599/599/1 597/597/1 596/596/1
f 599/599/1 596/596/1 606/606/1
f 599/599/25 606/606/25 607/607/25
f 599/599/1 607/607/1 608/608/1
f 599/599/1 608/608/1 609/609/1
f 599/599/1 609/609/1 610/610/1
f 611/611/1 601/601/1 600/600/1
f 611/611/1 600/600/1 612/612/1
f 612/612/1 613/613/1 614/614/1
f 612/612/216 614/614/216 615/615/216
f 612/612/219 615/615/219 616/616/219
f 612/612/221 616/616/221 617/617/221
f 612/612/222 617/617/222 618/618/222
f 612/612/180 618/618/180 595/595/180
f 612/612/1 595/595/1 598/598/1
f 612/612/223 598/598/223 619/619/223
f 612/612/211 619/619/211 620/620/211
f 612/612/1 620/620/1 621/621/1
f 612/612/33 621/621/33 622/622/33
f 612/612/1 622/622/1 611/611/1
f 610/610/2 614/614/2 613/613/2
f 610/610/1 613/613/1 599/599/1
f 621/621/1 603/603/1 602/602/1
f 621/621/1 602/602/1 622/622/1
f 619/619/1 605/605/1 604/604/1
f 619/619/1 604/604/1 620/620/1
f 608/608/1 616/616/1 615/615/1
f 608/608/1 615/615/1 609/609/1
f 606/606/1 618/618/1 617/617/1
f 606/606/1 617/617/1 607/607/1
f 623/623/3 624/624/3 625/625/3
f 623/623/3 625/625/3 626/626/3
f 627/627/26 628/628/26 629/629/26
f 627/627/182 629/629/182 630/630/182
f 629/629/3 631/631/3 632/632/3
f 629/629/26 632/632/26 633/633/26
f 629/629/178 633/633/178 634/634/178
f 629/629/26 634/634/26 635/635/26
f 629/629/178 635/635/178 624/624/178
f 629/629/224 624/624/224 623/623/224
f 629/629/178 623/623/178 636/636/178
f 629/629/225 636/636/225 637/637/225
f 629/629/182 637/637/182 638/638/182
f 629/629/226 638/638/226 630/630/226
f 628/628/3 627/627/3 639/639/3
f 628/628/3 639/639/3 640/640/3
f 641/641/26 642/642/26 640/640/26
f 641/641/3 640/640/3 643/643/3
f 640/640/3 639/639/3 644/644/3
f 640/640/224 644/644/224 645/645/224
f 640/640/3 645/645/3 646/646/3
f 640/640/3 646/646/3 647/647/3
f 640/640/26 647/647/26 626/626/26
f 640/640/26 626/626/26 625/625/26
f 640/640/182 625/625/182 648/648/182
f 640/640/3 648/648/3 649/649/3
f 640/640/226 649/649/226 650/650/226
f 640/640/227 650/650/227 643/643/227
f 642/642/3 641/641/3 631/631/3
f 642/642/3 631/631/3 629/629/3
f 630/630/3 638/638/3 645/645/3
f 630/630/3 645/645/3 644/644/3
f 637/637/3 636/636/3 647/647/3
f 637/637/3 647/647/3 646/646/3
f 643/643/3 650/650/3 633/633/3
f 643/643/3 633/633/3 632/632/3
f 649/649/3 648/648/3 635/635/3
f 649/649/3 635/635/3 634/634/3
f 623/623/8 626/626/8 598/598/8
f 623/623/8 598/598/8 597/597/8
f 625/625/6 624/624/6 596/596/6
f 625/625/6 596/596/6 595/595/6
f 629/629/162 628/628/162 600/600/162
f 629/629/162 600/600/162 599/599/162
f 627/627/160 630/630/160 602/602/160
f 627/627/160 602/602/160 601/601/160
f 638/638/160 637/637/160 604/604/160
f 638/638/160 604/604/160 603/603/160
f 636/636/160 623/623/160 597/597/160
f 636/636/160 597/597/160 605/605/160
f 624/624/160 635/635/160 606/606/160
f 624/624/160 606/606/160 596/596/160
f 634/634/160 633/633/160 608/608/160
f 634/634/160 608/608/160 607/607/160
f 632/632/160 631/631/160 610/610/160
f 632/632/160 610/610/160 609/609/160
f 628/628/8 640/640/8 612/612/8
f 628/628/8 612/612/8 600/600/8
f 639/639/6 627/627/6 601/601/6
f 639/639/6 601/601/6 611/611/6
f 640/640/160 642/642/160 613/613/160
f 640/640/160 613/613/160 612/612/160
f 641/641/162 643/643/162 615/615/162
f 641/641/162 615/615/162 614/614/162
f 650/650/162 649/649/162 617/617/162
f 650/650/162 617/617/162 616/616/162
f 648/648/162 625/625/162 595/595/162
f 648/648/162 595/595/162 618/618/162
f 626/626/162 647/647/162 619/619/162
f 626/626/162 619/619/162 598/598/162
f 646/646/162 645/645/162 621/621/162
f 646/646/162 621/621/162 620/620/162
f 644/644/162 639/639/162 611/611/162
f 644/644/162 611/611/162 622/622/162
f 642/642/6 629/629/6 599/599/6
f 642/642/6 599/599/6 613/613/6
f 631/631/8 641/641/8 614/614/8
f 631/631/8 614/614/8 610/610/8
f 630/630/8 644/644/8 622/622/8
f 630/630/8 622/622/8 602/602/8
f 645/645/6 638/638/6 603/603/6
f 645/645/6 603/603/6 621/621/6
f 637/637/8 646/646/8 620/620/8
f 637/637/8 620/620/8 604/604/8
f 647/647/6 636/636/6 605/605/6
f 647/647/6 605/605/6 619/619/6
f 643/643/6 632/632/6 609/609/6
f 643/643/6 609/609/6 615/615/6
f 633/633/8 650/650/8 616/616/8
f 633/633/8 616/616/8 608/608/8
f 649/649/6 634/634/6 607/607/6
f 649/649/6 607/607/6 617/617/6
f 635/635/8 648/648/8 618/618/8
f 635/635/8 618/618/8 606/606/8
f 651/651/1 652/652/1 653/653/1
f 651/651/180 653/653/180 654/654/180
f 655/655/228 651/651/228 654/654/228
f 655/655/1 654/654/1 656/656/1
f 657/657/1 655/655/1 656/656/1
f 657/657/33 656/656/33 658/658/33
f 652/652/2 657/657/2 658/658/2
f 652/652/2 658/658/2 653/653/2
f 659/659/3 660/660/3 661/661/3
f 659/659/26 661/661/26 662/662/26
f 662/662/229 661/661/229 663/663/229
f 662/662/229 663/663/229 664/664/229
f 664/664/178 663/663/178 665/665/178
f 664/664/26 665/665/26 666/666/26
f 666/666/3 665/665/3 660/660/3
f 666/666/5 660/660/5 659/659/5
f 659/659/18 662/662/18 654/654/18
f 659/659/18 654/654/18 653/653/18
f 661/661/10 660/660/10 652/652/10
f 661/661/10 652/652/10 651/651/10
f 662/662/8 664/664/8 656/656/8
f 662/662/8 656/656/8 654/654/8
f 663/663/6 661/661/6 651/651/6
f 663/663/6 651/651/6 655/655/6
f 664/664/10 666/666/10 658/658/10
f 664/664/10 658/658/10 656/656/10
f 665/665/18 663/663/18 655/655/18
f 665/665/18 655/655/18 657/657/18
f 666/666/6 659/659/6 653/653/6
f 666/666/6 653/653/6 658/658/6
f 660/660/8 665/665/8 657/657/8
f 660/660/8 657/657/8 652/652/8
f 667/667/1 668/668/1 669/669/1
f 667/667/1 669/669/1 670/670/1
f 671/671/1 672/672/1 673/673/1
f 671/671/1 673/673/1 674/674/1
f 675/675/1 676/676/1 677/677/1
f 675/675/1 677/677/1 678/678/1
f 679/679/1 680/680/1 681/681/1
f 679/679/1 681/681/1 682/682/1
f 683/683/1 684/684/1 685/685/1
f 683/683/1 685/685/1 686/686/1
f 687/687/1 688/688/1 689/689/1
f 687/687/1 689/689/1 690/690/1
f 691/691/3 692/692/3 693/693/3
f 691/691/3 693/693/3 694/694/3
f 695/695/3 696/696/3 697/697/3
f 695/695/3 697/697/3 698/698/3
f 699/699/3 700/700/3 701/701/3
f 699/699/3 701/701/3 702/702/3
f 703/703/3 704/704/3 705/705/3
f 703/703/3 705/705/3 706/706/3
f 707/707/3 708/708/3 709/709/3
f 707/707/3 709/709/3 710/710/3
f 711/711/3 712/712/3 713/713/3
f 711/711/3 713/713/3 714/714/3
f 691/691/8 694/694/8 670/670/8
f 691/691/8 670/670/8 669/669/8
f 694/694/160 693/693/160 667/667/160
f 694/694/160 667/667/160 670/670/160
f 693/693/6 692/692/6 668/668/6
f 693/693/6 668/668/6 667/667/6
f 692/692/162 691/691/162 669/669/162
f 692/692/162 669/669/162 668/668/162
f 695/695/8 698/698/8 674/674/8
f 695/695/8 674/674/8 673/673/8
f 698/698/160 697/697/160 671/671/160
f 698/698/160 671/671/160 674/674/160
f 697/697/6 696/696/6 672/672/6
f 697/697/6 672/672/6 671/671/6
f 696/696/162 695/695/162 673/673/162
f 696/696/162 673/673/162 672/672/162
f 699/699/8 702/702/8 678/678/8
f 699/699/8 678/678/8 677/677/8
f 702/702/160 701/701/160 675/675/160
f 702/702/160 675/675/160 678/678/160
f 701/701/6 700/700/6 676/676/6
f 701/701/6 676/676/6 675/675/6
f 700/700/162 699/699/162 677/677/162
f 700/700/162 677/677/162 676/676/162
f 703/703/6 706/706/6 682/682/6
f 703/703/6 682/682/6 681/681/6
f 706/706/162 705/705/162 679/679/162
f 706/706/162 679/679/162 682/682/162
f 705/705/8 704/704/8 680/680/8
f 705/705/230 680/680/230 679/679/230
f 704/704/231 703/703/231 681/681/231
f 704/704/160 681/681/160 680/680/160
f 707/707/6 710/710/6 686/686/6
f 707/707/232 686/686/232 685/685/232
f 710/710/162 709/709/162 683/683/162
f 710/710/162 683/683/162 686/686/162
f 709/709/8 708/708/8 684/684/8
f 709/709/230 684/684/230 683/683/230
f 708/708/160 707/707/160 685/685/160
f 708/708/160 685/685/160 684/684/160
f 711/711/6 714/714/6 690/690/6
f 711/711/6 690/690/6 689/689/6
f 714/714/35 713/713/35 687/687/35
f 714/714/162 687/687/162 690/690/162
f 713/713/8 712/712/8 688/688/8
f 713/713/8 688/688/8 687/687/8
f 712/712/160 711/711/160 689/689/160
f 712/712/152 689/689/152 688/688/152
f 715/715/25 716/716/25 717/717/25
f 715/715/233 717/717/233 718/718/233
f 716/716/25 719/719/25 720/720/25
f 716/716/180 720/720/180 717/717/180
f 719/719/1 721/721/1 722/722/1
f 719/719/2 722/722/2 720/720/2
f 721/721/25 715/715/25 718/718/25
f 721/721/233 718/718/233 722/722/233
f 718/718/8 717/717/8 723/723/8
f 718/718/8 723/723/8 724/724/8
f 717/717/10 720/720/10 725/725/10
f 717/717/10 725/725/10 723/723/10
f 720/720/6 722/722/6 726/726/6
f 720/720/6 726/726/6 725/725/6
f 718/718/18 724/724/18 726/726/18
f 718/718/18 726/726/18 722/722/18
f 727/727/18 728/728/18 729/729/18
f 727/727/140 729/729/140 730/730/140
f 723/723/1 725/725/1 728/728/1
f 723/723/25 728/728/25 727/727/25
f 725/725/6 726/726/6 729/729/6
f 725/725/6 729/729/6 728/728/6
f 726/726/3 724/724/3 730/730/3
f 726/726/3 730/730/3 729/729/3
f 724/724/8 723/723/8 727/727/8
f 724/724/8 727/727/8 730/730/8
f 731/731/234 732/732/234 733/733/234
f 731/731/34 733/733/34 734/734/34
f 734/734/177 733/733/177 735/735/177
f 734/734/26 735/735/26 736/736/26
f 736/736/3 735/735/3 737/737/3
f 736/736/229 737/737/229 738/738/229
f 738/738/3 737/737/3 732/732/3
f 738/738/178 732/732/178 731/731/178
f 732/732/8 739/739/8 740/740/8
f 732/732/8 740/740/8 733/733/8
f 733/733/9 740/740/9 741/741/9
f 733/733/9 741/741/9 735/735/9
f 735/735/6 741/741/6 742/742/6
f 735/735/6 742/742/6 737/737/6
f 732/732/35 737/737/35 742/742/35
f 732/732/162 742/742/162 739/739/162
f 743/743/140 744/744/140 745/745/140
f 743/743/18 745/745/18 746/746/18
f 740/740/3 743/743/3 746/746/3
f 740/740/3 746/746/3 741/741/3
f 741/741/6 746/746/6 745/745/6
f 741/741/6 745/745/6 742/742/6
f 742/742/1 745/745/1 744/744/1
f 742/742/1 744/744/1 739/739/1
f 739/739/8 744/744/8 743/743/8
f 739/739/8 743/743/8 740/740/8
f 734/734/8 716/716/8 715/715/8
f 734/734/8 715/715/8 731/731/8
f 736/736/9 719/719/9 716/716/9
f 736/736/9 716/716/9 734/734/9
f 738/738/6 721/721/6 719/719/6
f 738/738/6 719/719/6 736/736/6
f 731/731/7 715/715/7 721/721/7
f 731/731/7 721/721/7 738/738/7
f 747/747/25 748/748/25 749/749/25
f 747/747/180 749/749/180 750/750/180
f 751/751/2 747/747/2 750/750/2
f 751/751/228 750/750/228 752/752/228
f 753/753/1 751/751/1 752/752/1
f 753/753/1 752/752/1 754/754/1
f 748/748/228 753/753/228 754/754/228
f 748/748/2 754/754/2 749/749/2
f 302/302/3 755/755/3 756/756/3
f 302/302/3 756/756/3 301/301/3
f 301/301/235 756/756/235 757/757/235
f 301/301/5 757/757/5 297/297/5
f 297/297/3 757/757/3 758/758/3
f 297/297/3 758/758/3 298/298/3
f 298/298/4 758/758/4 755/755/4
f 298/298/236 755/755/236 302/302/236
f 759/759/25 760/760/25 761/761/25
f 759/759/176 761/761/176 762/762/176
f 763/763/2 759/759/2 762/762/2
f 763/763/1 762/762/1 764/764/1
f 765/765/198 763/763/198 764/764/198
f 765/765/25 764/764/25 766/766/25
f 760/760/237 765/765/237 766/766/237
f 760/760/1 766/766/1 761/761/1
f 767/767/184 768/768/184 769/769/184
f 767/767/227 769/769/227 770/770/227
f 770/770/5 769/769/5 771/771/5
f 770/770/4 771/771/4 772/772/4
f 772/772/177 771/771/177 773/773/177
f 772/772/3 773/773/3 774/774/3
f 774/774/5 773/773/5 768/768/5
f 774/774/4 768/768/4 767/767/4
f 775/775/180 776/776/180 777/777/180
f 775/775/33 777/777/33 767/767/33
f 778/778/2 775/775/2 767/767/2
f 778/778/228 767/767/228 774/774/228
f 779/779/176 778/778/176 774/774/176
f 779/779/180 774/774/180 780/780/180
f 776/776/2 779/779/2 780/780/2
f 776/776/228 780/780/228 777/777/228
f 781/781/26 782/782/26 783/783/26
f 781/781/3 783/783/3 784/784/3
f 784/784/3 783/783/3 785/785/3
f 784/784/3 785/785/3 786/786/3
f 786/786/26 785/785/26 787/787/26
f 786/786/178 787/787/178 788/788/178
f 788/788/5 787/787/5 782/782/5
f 788/788/4 782/782/4 781/781/4
f 302/302/18 301/301/18 750/750/18
f 302/302/18 750/750/18 749/749/18
f 756/756/10 755/755/10 748/748/10
f 756/756/10 748/748/10 747/747/10
f 301/301/8 297/297/8 752/752/8
f 301/301/8 752/752/8 750/750/8
f 757/757/6 756/756/6 747/747/6
f 757/757/6 747/747/6 751/751/6
f 297/297/152 298/298/152 754/754/152
f 297/297/152 754/754/152 752/752/152
f 758/758/35 757/757/35 751/751/35
f 758/758/35 751/751/35 753/753/35
f 298/298/6 302/302/6 749/749/6
f 298/298/6 749/749/6 754/754/6
f 755/755/8 758/758/8 753/753/8
f 755/755/8 753/753/8 748/748/8
f 767/767/217 770/770/217 762/762/217
f 767/767/217 762/762/217 761/761/217
f 769/769/187 768/768/187 760/760/187
f 769/769/187 760/760/187 759/759/187
f 770/770/8 772/772/8 764/764/8
f 770/770/8 764/764/8 762/762/8
f 771/771/6 769/769/6 759/759/6
f 771/771/6 759/759/6 763/763/6
f 772/772/160 774/774/160 766/766/160
f 772/772/160 766/766/160 764/764/160
f 773/773/162 771/771/162 763/763/162
f 773/773/162 763/763/162 765/765/162
f 774/774/6 767/767/6 761/761/6
f 774/774/6 761/761/6 766/766/6
f 768/768/8 773/773/8 765/765/8
f 768/768/8 765/765/8 760/760/8
f 781/781/162 784/784/162 767/767/162
f 781/781/162 767/767/162 777/777/162
f 783/783/160 782/782/160 776/776/160
f 783/783/160 776/776/160 775/775/160
f 784/784/8 786/786/8 774/774/8
f 784/784/8 774/774/8 767/767/8
f 785/785/6 783/783/6 775/775/6
f 785/785/6 775/775/6 778/778/6
f 786/786/160 788/788/160 780/780/160
f 786/786/160 780/780/160 774/774/160
f 787/787/162 785/785/162 778/778/162
f 787/787/162 778/778/162 779/779/162
f 788/788/6 781/781/6 777/777/6
f 788/788/6 777/777/6 780/780/6
f 782/782/8 787/787/8 779/779/8
f 782/782/8 779/779/8 776/776/8
f 789/789/1 790/790/1 791/791/1
f 789/789/1 791/791/1 792/792/1
f 793/793/3 794/794/3 795/795/3
f 793/793/3 795/795/3 796/796/3
f 793/793/8 796/796/8 792/792/8
f 793/793/8 792/792/8 791/791/8
f 796/796/160 795/795/160 789/789/160
f 796/796/167 789/789/167 792/792/167
f 795/795/6 794/794/6 790/790/6
f 795/795/6 790/790/6 789/789/6
f 794/794/162 793/793/162 791/791/162
f 794/794/162 791/791/162 790/790/162
f 797/797/1 798/798/1 799/799/1
f 797/797/1 799/799/1 800/800/1
f 801/801/3 802/802/3 803/803/3
f 801/801/3 803/803/3 804/804/3
f 801/801/8 804/804/8 800/800/8
f 801/801/8 800/800/8 799/799/8
f 804/804/160 803/803/160 797/797/160
f 804/804/160 797/797/160 800/800/160
f 803/803/6 802/802/6 798/798/6
f 803/803/6 798/798/6 797/797/6
f 802/802/162 801/801/162 799/799/162
f 802/802/35 799/799/35 798/798/35
f 805/805/10 806/806/10 807/807/10
f 805/805/10 807/807/10 808/808/10
f 809/809/160 805/805/160 808/808/160
f 809/809/160 808/808/160 317/317/160
f 810/810/31 809/809/31 317/317/31
f 810/810/10 317/317/10 313/313/10
f 806/806/160 810/810/160 313/313/160
f 806/806/160 313/313/160 807/807/160
f 811/811/238 812/812/238 813/813/238
f 811/811/239 813/813/239 814/814/239
f 814/814/35 813/813/35 815/815/35
f 814/814/162 815/815/162 309/309/162
f 309/309/240 815/815/240 816/816/240
f 309/309/172 816/816/172 307/307/172
f 307/307/162 816/816/162 812/812/162
f 307/307/217 812/812/217 811/811/217
f 817/817/11 818/818/11 819/819/11
f 817/817/10 819/819/10 820/820/10
f 821/821/160 817/817/160 820/820/160
f 821/821/160 820/820/160 822/822/160
f 823/823/11 821/821/11 822/822/11
f 823/823/10 822/822/10 824/824/10
f 818/818/160 823/823/160 824/824/160
f 818/818/160 824/824/160 819/819/160
f 825/825/18 826/826/18 827/827/18
f 825/825/150 827/827/150 828/828/150
f 828/828/162 827/827/162 829/829/162
f 828/828/162 829/829/162 830/830/162
f 830/830/18 829/829/18 831/831/18
f 830/830/21 831/831/21 832/832/21
f 832/832/162 831/831/162 826/826/162
f 832/832/162 826/826/162 825/825/162
f 833/833/147 834/834/147 835/835/147
f 833/833/10 835/835/10 825/825/10
f 836/836/160 833/833/160 825/825/160
f 836/836/160 825/825/160 832/832/160
f 837/837/214 836/836/214 832/832/214
f 837/837/10 832/832/10 838/838/10
f 834/834/187 837/837/187 838/838/187
f 834/834/187 838/838/187 835/835/187
f 839/839/241 840/840/241 841/841/241
f 839/839/192 841/841/192 842/842/192
f 842/842/162 841/841/162 843/843/162
f 842/842/162 843/843/162 844/844/162
f 844/844/242 843/843/242 845/845/242
f 844/844/243 845/845/243 846/846/243
f 846/846/217 845/845/217 840/840/217
f 846/846/217 840/840/217 839/839/217
f 811/811/8 814/814/8 808/808/8
f 811/811/8 808/808/8 807/807/8
f 813/813/6 812/812/6 806/806/6
f 813/813/6 806/806/6 805/805/6
f 814/814/3 309/309/3 317/317/3
f 814/814/3 317/317/3 808/808/3
f 815/815/1 813/813/1 805/805/1
f 815/815/25 805/805/25 809/809/25
f 309/309/6 307/307/6 313/313/6
f 309/309/6 313/313/6 317/317/6
f 816/816/8 815/815/8 809/809/8
f 816/816/8 809/809/8 810/810/8
f 307/307/1 811/811/1 807/807/1
f 307/307/25 807/807/25 313/313/25
f 812/812/3 816/816/3 810/810/3
f 812/812/26 810/810/26 806/806/26
f 825/825/8 828/828/8 820/820/8
f 825/825/8 820/820/8 819/819/8
f 827/827/6 826/826/6 818/818/6
f 827/827/6 818/818/6 817/817/6
f 828/828/224 830/830/224 822/822/224
f 828/828/225 822/822/225 820/820/225
f 829/829/211 827/827/211 817/817/211
f 829/829/176 817/817/176 821/821/176
f 830/830/6 832/832/6 824/824/6
f 830/830/6 824/824/6 822/822/6
f 831/831/8 829/829/8 821/821/8
f 831/831/8 821/821/8 823/823/8
f 832/832/1 825/825/1 819/819/1
f 832/832/1 819/819/1 824/824/1
f 826/826/26 831/831/26 823/823/26
f 826/826/26 823/823/26 818/818/26
f 839/839/8 842/842/8 825/825/8
f 839/839/8 825/825/8 835/835/8
f 841/841/6 840/840/6 834/834/6
f 841/841/6 834/834/6 833/833/6
f 842/842/224 844/844/224 832/832/224
f 842/842/3 832/832/3 825/825/3
f 843/843/25 841/841/25 833/833/25
f 843/843/25 833/833/25 836/836/25
f 844/844/6 846/846/6 838/838/6
f 844/844/6 838/838/6 832/832/6
f 845/845/8 843/843/8 836/836/8
f 845/845/8 836/836/8 837/837/8
f 846/846/216 839/839/216 835/835/216
f 846/846/233 835/835/233 838/838/233
f 840/840/179 845/845/179 837/837/179
f 840/840/182 837/837/182 834/834/182
f 847/847/10 848/848/10 849/849/10
f 847/847/10 849/849/10 850/850/10
f 851/851/18 852/852/18 853/853/18
f 851/851/18 853/853/18 854/854/18
f 851/851/224 854/854/224 850/850/224
f 851/851/224 850/850/224 849/849/224
f 854/854/6 853/853/6 847/847/6
f 854/854/6 847/847/6 850/850/6
f 853/853/216 852/852/216 848/848/216
f 853/853/216 848/848/216 847/847/216
f 852/852/8 851/851/8 849/849/8
f 852/852/8 849/849/8 848/848/8
f 855/855/10 856/856/10 857/857/10
f 855/855/10 857/857/10 858/858/10
f 859/859/18 860/860/18 861/861/18
f 859/859/18 861/861/18 862/862/18
f 859/859/244 862/862/244 858/858/244
f 859/859/224 858/858/224 857/857/224
f 862/862/6 861/861/6 855/855/6
f 862/862/6 855/855/6 858/858/6
f 861/861/216 860/860/216 856/856/216
f 861/861/216 856/856/216 855/855/216
f 860/860/8 859/859/8 857/857/8
f 860/860/8 857/857/8 856/856/8
f 863/863/29 864/864/29 865/865/29
f 863/863/10 865/865/10 866/866/10
f 867/867/160 863/863/160 866/866/160
f 867/867/160 866/866/160 314/314/160
f 868/868/245 867/867/245 314/314/245
f 868/868/10 314/314/10 318/318/10
f 864/864/160 868/868/160 318/318/160
f 864/864/160 318/318/160 865/865/160
f 869/869/238 870/870/238 871/871/238
f 869/869/246 871/871/246 872/872/246
f 872/872/162 871/871/162 873/873/162
f 872/872/162 873/873/162 306/306/162
f 306/306/18 873/873/18 874/874/18
f 306/306/247 874/874/247 310/310/247
f 310/310/217 874/874/217 870/870/217
f 310/310/248 870/870/248 869/869/248
f 875/875/10 876/876/10 877/877/10
f 875/875/10 877/877/10 878/878/10
f 879/879/10 875/875/10 878/878/10
f 879/879/10 878/878/10 880/880/10
f 881/881/16 879/879/16 880/880/16
f 881/881/154 880/880/154 882/882/154
f 876/876/10 881/881/10 882/882/10
f 876/876/9 882/882/9 877/877/9
f 883/883/21 884/884/21 885/885/21
f 883/883/150 885/885/150 886/886/150
f 886/886/18 885/885/18 887/887/18
f 886/886/18 887/887/18 888/888/18
f 888/888/172 887/887/172 889/889/172
f 888/888/174 889/889/174 890/890/174
f 890/890/18 889/889/18 884/884/18
f 890/890/18 884/884/18 883/883/18
f 891/891/10 892/892/10 886/886/10
f 891/891/10 886/886/10 893/893/10
f 894/894/10 891/891/10 893/893/10
f 894/894/10 893/893/10 895/895/10
f 896/896/154 894/894/154 895/895/154
f 896/896/30 895/895/30 888/888/30
f 892/892/9 896/896/9 888/888/9
f 892/892/9 888/888/9 886/886/9
f 897/897/18 898/898/18 899/899/18
f 897/897/24 899/899/24 900/900/24
f 900/900/18 899/899/18 901/901/18
f 900/900/18 901/901/18 902/902/18
f 902/902/21 901/901/21 903/903/21
f 902/902/153 903/903/153 904/904/153
f 904/904/7 903/903/7 898/898/7
f 904/904/7 898/898/7 897/897/7
f 905/905/10 906/906/10 900/900/10
f 905/905/30 900/900/30 907/907/30
f 908/908/10 905/905/10 907/907/10
f 908/908/10 907/907/10 909/909/10
f 910/910/12 908/908/12 909/909/12
f 910/910/154 909/909/154 902/902/154
f 906/906/9 910/910/9 902/902/9
f 906/906/9 902/902/9 900/900/9
f 911/911/21 912/912/21 913/913/21
f 911/911/18 913/913/18 914/914/18
f 914/914/18 913/913/18 915/915/18
f 914/914/18 915/915/18 916/916/18
f 916/916/153 915/915/153 917/917/153
f 916/916/24 917/917/24 918/918/24
f 918/918/7 917/917/7 912/912/7
f 918/918/7 912/912/7 911/911/7
f 869/869/8 872/872/8 866/866/8
f 869/869/8 866/866/8 865/865/8
f 871/871/6 870/870/6 864/864/6
f 871/871/6 864/864/6 863/863/6
f 872/872/3 306/306/3 314/314/3
f 872/872/26 314/314/26 866/866/26
f 873/873/1 871/871/1 863/863/1
f 873/873/1 863/863/1 867/867/1
f 306/306/6 310/310/6 318/318/6
f 306/306/6 318/318/6 314/314/6
f 874/874/8 873/873/8 867/867/8
f 874/874/8 867/867/8 868/868/8
f 310/310/1 869/869/1 865/865/1
f 310/310/25 865/865/25 318/318/25
f 870/870/26 874/874/26 868/868/26
f 870/870/26 868/868/26 864/864/26
f 883/883/8 886/886/8 878/878/8
f 883/883/8 878/878/8 877/877/8
f 885/885/6 884/884/6 876/876/6
f 885/885/6 876/876/6 875/875/6
f 886/886/181 888/888/181 880/880/181
f 886/886/182 880/880/182 878/878/182
f 887/887/176 885/885/176 875/875/176
f 887/887/25 875/875/25 879/879/25
f 888/888/6 890/890/6 882/882/6
f 888/888/6 882/882/6 880/880/6
f 889/889/8 887/887/8 879/879/8
f 889/889/8 879/879/8 881/881/8
f 890/890/233 883/883/233 877/877/233
f 890/890/180 877/877/180 882/882/180
f 884/884/224 889/889/224 881/881/224
f 884/884/179 881/881/179 876/876/179
f 897/897/8 900/900/8 893/893/8
f 897/897/8 893/893/8 886/886/8
f 899/899/6 898/898/6 892/892/6
f 899/899/6 892/892/6 891/891/6
f 900/900/182 902/902/182 895/895/182
f 900/900/3 895/895/3 893/893/3
f 901/901/176 899/899/176 891/891/176
f 901/901/216 891/891/216 894/894/216
f 902/902/6 904/904/6 888/888/6
f 902/902/6 888/888/6 895/895/6
f 903/903/8 901/901/8 894/894/8
f 903/903/8 894/894/8 896/896/8
f 904/904/1 897/897/1 886/886/1
f 904/904/211 886/886/211 888/888/211
f 898/898/224 903/903/224 896/896/224
f 898/898/179 896/896/179 892/892/179
f 911/911/8 914/914/8 907/907/8
f 911/911/8 907/907/8 900/900/8
f 913/913/6 912/912/6 906/906/6
f 913/913/6 906/906/6 905/905/6
f 914/914/182 916/916/182 909/909/182
f 914/914/3 909/909/3 907/907/3
f 915/915/25 913/913/25 905/905/25
f 915/915/25 905/905/25 908/908/25
f 916/916/6 918/918/6 902/902/6
f 916/916/6 902/902/6 909/909/6
f 917/917/8 915/915/8 908/908/8
f 917/917/8 908/908/8 910/910/8
f 918/918/211 911/911/211 900/900/211
f 918/918/1 900/900/1 902/902/1
f 912/912/26 917/917/26 910/910/26
f 912/912/26 910/910/26 906/906/26
f 919/919/10 920/920/10 921/921/10
f 919/919/10 921/921/10 922/922/10
f 923/923/18 924/924/18 925/925/18
f 923/923/18 925/925/18 926/926/18
f 923/923/177 926/926/177 922/922/177
f 923/923/186 922/922/186 921/921/186
f 926/926/6 925/925/6 919/919/6
f 926/926/6 919/919/6 922/922/6
f 925/925/216 924/924/216 920/920/216
f 925/925/249 920/920/249 919/919/249
f 924/924/8 923/923/8 921/921/8
f 924/924/8 921/921/8 920/920/8
f 927/927/10 928/928/10 929/929/10
f 927/927/10 929/929/10 930/930/10
f 931/931/18 932/932/18 933/933/18
f 931/931/18 933/933/18 934/934/18
f 931/931/205 934/934/205 930/930/205
f 931/931/225 930/930/225 929/929/225
f 934/934/6 933/933/6 927/927/6
f 934/934/6 927/927/6 930/930/6
f 933/933/219 932/932/219 928/928/219
f 933/933/233 928/928/233 927/927/233
f 932/932/8 931/931/8 929/929/8
f 932/932/8 929/929/8 928/928/8
f 935/935/10 936/936/10 937/937/10
f 935/935/10 937/937/10 938/938/10
f 939/939/18 940/940/18 941/941/18
f 939/939/18 941/941/18 942/942/18
f 939/939/227 942/942/227 938/938/227
f 939/939/225 938/938/225 937/937/225
f 942/942/6 941/941/6 935/935/6
f 942/942/6 935/935/6 938/938/6
f 941/941/250 940/940/250 936/936/250
f 941/941/251 936/936/251 935/935/251
f 940/940/8 939/939/8 937/937/8
f 940/940/8 937/937/8 936/936/8
f 943/943/1 944/944/1 281/281/1
f 943/943/185 281/281/185 282/282/185
f 945/945/237 943/943/237 282/282/237
f 945/945/2 282/282/2 277/277/2
f 946/946/216 945/945/216 277/277/216
f 946/946/180 277/277/180 276/276/180
f 944/944/1 946/946/1 276/276/1
f 944/944/2 276/276/2 281/281/2
f 271/271/178 947/947/178 948/948/178
f 271/271/225 948/948/225 273/273/225
f 273/273/5 948/948/5 949/949/5
f 273/273/3 949/949/3 265/265/3
f 265/265/3 949/949/3 950/950/3
f 265/265/3 950/950/3 266/266/3
f 266/266/3 950/950/3 947/947/3
f 266/266/229 947/947/229 271/271/229
f 951/951/219 952/952/219 953/953/219
f 951/951/25 953/953/25 954/954/25
f 955/955/237 951/951/237 954/954/237
f 955/955/2 954/954/2 956/956/2
f 957/957/25 955/955/25 956/956/25
f 957/957/25 956/956/25 958/958/25
f 952/952/228 957/957/228 958/958/228
f 952/952/1 958/958/1 953/953/1
f 959/959/178 960/960/178 961/961/178
f 959/959/177 961/961/177 962/962/177
f 962/962/4 961/961/4 963/963/4
f 962/962/236 963/963/236 964/964/236
f 964/964/177 963/963/177 965/965/177
f 964/964/205 965/965/205 966/966/205
f 966/966/235 965/965/235 960/960/235
f 966/966/236 960/960/236 959/959/236
f 967/967/222 968/968/222 969/969/222
f 967/967/180 969/969/180 959/959/180
f 970/970/237 967/967/237 959/959/237
f 970/970/252 959/959/252 966/966/252
f 971/971/33 970/970/33 966/966/33
f 971/971/33 966/966/33 972/972/33
f 968/968/237 971/971/237 972/972/237
f 968/968/2 972/972/2 969/969/2
f 973/973/253 974/974/253 975/975/253
f 973/973/26 975/975/26 976/976/26
f 976/976/4 975/975/4 977/977/4
f 976/976/236 977/977/236 978/978/236
f 978/978/26 977/977/26 979/979/26
f 978/978/26 979/979/26 980/980/26
f 980/980/235 979/979/235 974/974/235
f 980/980/5 974/974/5 973/973/5
f 271/271/35 273/273/35 282/282/35
f 271/271/35 282/282/35 281/281/35
f 948/948/10 947/947/10 944/944/10
f 948/948/10 944/944/10 943/943/10
f 273/273/8 265/265/8 277/277/8
f 273/273/8 277/277/8 282/282/8
f 949/949/6 948/948/6 943/943/6
f 949/949/6 943/943/6 945/945/6
f 265/265/10 266/266/10 276/276/10
f 265/265/10 276/276/10 277/277/10
f 950/950/18 949/949/18 945/945/18
f 950/950/18 945/945/18 946/946/18
f 266/266/6 271/271/6 281/281/6
f 266/266/6 281/281/6 276/276/6
f 947/947/8 950/950/8 946/946/8
f 947/947/8 946/946/8 944/944/8
f 959/959/162 962/962/162 954/954/162
f 959/959/162 954/954/162 953/953/162
f 961/961/160 960/960/160 952/952/160
f 961/961/152 952/952/152 951/951/152
f 962/962/8 964/964/8 956/956/8
f 962/962/8 956/956/8 954/954/8
f 963/963/6 961/961/6 951/951/6
f 963/963/6 951/951/6 955/955/6
f 964/964/160 966/966/160 958/958/160
f 964/964/160 958/958/160 956/956/160
f 965/965/162 963/963/162 955/955/162
f 965/965/162 955/955/162 957/957/162
f 966/966/6 959/959/6 953/953/6
f 966/966/6 953/953/6 958/958/6
f 960/960/8 965/965/8 957/957/8
f 960/960/8 957/957/8 952/952/8
f 973/973/162 976/976/162 959/959/162
f 973/973/162 959/959/162 969/969/162
f 975/975/160 974/974/160 968/968/160
f 975/975/160 968/968/160 967/967/160
f 976/976/8 978/978/8 966/966/8
f 976/976/8 966/966/8 959/959/8
f 977/977/6 975/975/6 967/967/6
f 977/977/6 967/967/6 970/970/6
f 978/978/160 980/980/160 972/972/160
f 978/978/160 972/972/160 966/966/160
f 979/979/162 977/977/162 970/970/162
f 979/979/162 970/970/162 971/971/162
f 980/980/6 973/973/6 969/969/6
f 980/980/6 969/969/6 972/972/6
f 974/974/8 979/979/8 971/971/8
f 974/974/8 971/971/8 968/968/8
f 981/981/1 982/982/1 983/983/1
f 981/981/1 983/983/1 984/984/1
f 985/985/3 986/986/3 987/987/3
f 985/985/3 987/987/3 988/988/3
f 985/985/8 988/988/8 984/984/8
f 985/985/8 984/984/8 983/983/8
f 988/988/160 987/987/160 981/981/160
f 988/988/160 981/981/160 984/984/160
f 987/987/6 986/986/6 982/982/6
f 987/987/6 982/982/6 981/981/6
f 986/986/162 985/985/162 983/983/162
f 986/986/162 983/983/162 982/982/162
f 989/989/1 990/990/1 991/991/1
f 989/989/1 991/991/1 992/992/1
f 993/993/3 994/994/3 995/995/3
f 993/993/3 995/995/3 996/996/3
f 993/993/8 996/996/8 992/992/8
f 993/993/8 992/992/8 991/991/8
f 996/996/160 995/995/160 989/989/160
f 996/996/152 989/989/152 992/992/152
f 995/995/6 994/994/6 990/990/6
f 995/995/6 990/990/6 989/989/6
f 994/994/162 993/993/162 991/991/162
f 994/994/35 991/991/35 990/990/35
f 997/997/3 998/998/3 274/274/3
f 997/997/236 274/274/236 268/268/236
f 999/999/3 997/997/3 268/268/3
f 999/999/226 268/268/226 267/267/226
f 1000/1000/235 999/999/235 267/267/235
f 1000/1000/3 267/267/3 270/270/3
f 998/998/26 1000/1000/26 270/270/26
f 998/998/178 270/270/178 274/274/178
f 285/285/237 1001/1001/237 1002/1002/237
f 285/285/252 1002/1002/252 278/278/252
f 278/278/1 1002/1002/1 1003/1003/1
f 278/278/33 1003/1003/33 275/275/33
f 275/275/237 1003/1003/237 1004/1004/237
f 275/275/228 1004/1004/228 279/279/228
f 279/279/33 1004/1004/33 1001/1001/33
f 279/279/1 1001/1001/1 285/285/1
f 1005/1005/229 1006/1006/229 1007/1007/229
f 1005/1005/236 1007/1007/236 1008/1008/236
f 1009/1009/26 1005/1005/26 1008/1008/26
f 1009/1009/224 1008/1008/224 1010/1010/224
f 1011/1011/3 1009/1009/3 1010/1010/3
f 1011/1011/3 1010/1010/3 1012/1012/3
f 1006/1006/177 1011/1011/177 1012/1012/177
f 1006/1006/225 1012/1012/225 1007/1007/225
f 1013/1013/254 1014/1014/254 1015/1015/254
f 1013/1013/237 1015/1015/237 1016/1016/237
f 1016/1016/25 1015/1015/25 1017/1017/25
f 1016/1016/216 1017/1017/216 1018/1018/216
f 1018/1018/1 1017/1017/1 1019/1019/1
f 1018/1018/2 1019/1019/2 1020/1020/2
f 1020/1020/25 1019/1019/25 1014/1014/25
f 1020/1020/33 1014/1014/33 1013/1013/33
f 1021/1021/3 1022/1022/3 1023/1023/3
f 1021/1021/3 1023/1023/3 1013/1013/3
f 1024/1024/227 1021/1021/227 1013/1013/227
f 1024/1024/3 1013/1013/3 1020/1020/3
f 1025/1025/4 1024/1024/4 1020/1020/4
f 1025/1025/3 1020/1020/3 1026/1026/3
f 1022/1022/26 1025/1025/26 1026/1026/26
f 1022/1022/3 1026/1026/3 1023/1023/3
f 1027/1027/237 1028/1028/237 1029/1029/237
f 1027/1027/2 1029/1029/2 1030/1030/2
f 1030/1030/211 1029/1029/211 1031/1031/211
f 1030/1030/1 1031/1031/1 1032/1032/1
f 1032/1032/237 1031/1031/237 1033/1033/237
f 1032/1032/254 1033/1033/254 1034/1034/254
f 1034/1034/211 1033/1033/211 1028/1028/211
f 1034/1034/185 1028/1028/185 1027/1027/185
f 285/285/8 278/278/8 268/268/8
f 285/285/8 268/268/8 274/274/8
f 1002/1002/6 1001/1001/6 998/998/6
f 1002/1002/6 998/998/6 997/997/6
f 278/278/35 275/275/35 267/267/35
f 278/278/35 267/267/35 268/268/35
f 1003/1003/10 1002/1002/10 997/997/10
f 1003/1003/10 997/997/10 999/999/10
f 275/275/6 279/279/6 270/270/6
f 275/275/6 270/270/6 267/267/6
f 1004/1004/8 1003/1003/8 999/999/8
f 1004/1004/8 999/999/8 1000/1000/8
f 279/279/152 285/285/152 274/274/152
f 279/279/152 274/274/152 270/270/152
f 1001/1001/18 1004/1004/18 1000/1000/18
f 1001/1001/18 1000/1000/18 998/998/18
f 1013/1013/8 1016/1016/8 1008/1008/8
f 1013/1013/8 1008/1008/8 1007/1007/8
f 1015/1015/6 1014/1014/6 1006/1006/6
f 1015/1015/6 1006/1006/6 1005/1005/6
f 1016/1016/162 1018/1018/162 1010/1010/162
f 1016/1016/162 1010/1010/162 1008/1008/162
f 1017/1017/160 1015/1015/160 1005/1005/160
f 1017/1017/160 1005/1005/160 1009/1009/160
f 1018/1018/6 1020/1020/6 1012/1012/6
f 1018/1018/6 1012/1012/6 1010/1010/6
f 1019/1019/8 1017/1017/8 1009/1009/8
f 1019/1019/8 1009/1009/8 1011/1011/8
f 1020/1020/187 1013/1013/187 1007/1007/187
f 1020/1020/187 1007/1007/187 1012/1012/187
f 1014/1014/217 1019/1019/217 1011/1011/217
f 1014/1014/217 1011/1011/217 1006/1006/217
f 1027/1027/8 1030/1030/8 1013/1013/8
f 1027/1027/8 1013/1013/8 1023/1023/8
f 1029/1029/6 1028/1028/6 1022/1022/6
f 1029/1029/6 1022/1022/6 1021/1021/6
f 1030/1030/162 1032/1032/162 1020/1020/162
f 1030/1030/162 1020/1020/162 1013/1013/162
f 1031/1031/160 1029/1029/160 1021/1021/160
f 1031/1031/160 1021/1021/160 1024/1024/160
f 1032/1032/6 1034/1034/6 1026/1026/6
f 1032/1032/6 1026/1026/6 1020/1020/6
f 1033/1033/8 1031/1031/8 1024/1024/8
f 1033/1033/8 1024/1024/8 1025/1025/8
f 1034/1034/160 1027/1027/160 1023/1023/160
f 1034/1034/160 1023/1023/160 1026/1026/160
f 1028/1028/162 1033/1033/162 1025/1025/162
f 1028/1028/162 1025/1025/162 1022/1022/162
f 1035/1035/3 1036/1036/3 1037/1037/3
f 1035/1035/3 1037/1037/3 1038/1038/3
f 1039/1039/1 1040/1040/1 1041/1041/1
f 1039/1039/1 1041/1041/1 1042/1042/1
f 1039/1039/162 1042/1042/162 1038/1038/162
f 1039/1039/162 1038/1038/162 1037/1037/162
f 1042/1042/6 1041/1041/6 1035/1035/6
f 1042/1042/6 1035/1035/6 1038/1038/6
f 1041/1041/160 1040/1040/160 1036/1036/160
f 1041/1041/255 1036/1036/255 1035/1035/255
f 1040/1040/8 1039/1039/8 1037/1037/8
f 1040/1040/8 1037/1037/8 1036/1036/8
f 1043/1043/3 1044/1044/3 1045/1045/3
f 1043/1043/3 1045/1045/3 1046/1046/3
f 1047/1047/1 1048/1048/1 1049/1049/1
f 1047/1047/1 1049/1049/1 1050/1050/1
f 1047/1047/256 1050/1050/256 1046/1046/256
f 1047/1047/162 1046/1046/162 1045/1045/162
f 1050/1050/6 1049/1049/6 1043/1043/6
f 1050/1050/6 1043/1043/6 1046/1046/6
f 1049/1049/160 1048/1048/160 1044/1044/160
f 1049/1049/160 1044/1044/160 1043/1043/160
f 1048/1048/8 1047/1047/8 1045/1045/8
f 1048/1048/8 1045/1045/8 1044/1044/8
f 1051/1051/25 1052/1052/25 88/88/25
f 1051/1051/1 88/88/1 89/89/1
f 1053/1053/2 1051/1051/2 89/89/2
f 1053/1053/228 89/89/228 85/85/228
f 1054/1054/180 1053/1053/180 85/85/180
f 1054/1054/176 85/85/176 84/84/176
f 1052/1052/2 1054/1054/2 84/84/2
f 1052/1052/1 84/84/1 88/88/1
f 80/80/178 1055/1055/178 1056/1056/178
f 80/80/26 1056/1056/26 81/81/26
f 81/81/5 1056/1056/5 1057/1057/5
f 81/81/4 1057/1057/4 75/75/4
f 75/75/182 1057/1057/182 1058/1058/182
f 75/75/177 1058/1058/177 76/76/177
f 76/76/3 1058/1058/3 1055/1055/3
f 76/76/3 1055/1055/3 80/80/3
f 1059/1059/233 1060/1060/233 1061/1061/233
f 1059/1059/180 1061/1061/180 1062/1062/180
f 1063/1063/254 1059/1059/254 1062/1062/254
f 1063/1063/1 1062/1062/1 1064/1064/1
f 1065/1065/180 1063/1063/180 1064/1064/180
f 1065/1065/1 1064/1064/1 1066/1066/1
f 1060/1060/2 1065/1065/2 1066/1066/2
f 1060/1060/228 1066/1066/228 1061/1061/228
f 1067/1067/178 1068/1068/178 1069/1069/178
f 1067/1067/179 1069/1069/179 1070/1070/179
f 1070/1070/5 1069/1069/5 1071/1071/5
f 1070/1070/3 1071/1071/3 1072/1072/3
f 1072/1072/177 1071/1071/177 1073/1073/177
f 1072/1072/3 1073/1073/3 1074/1074/3
f 1074/1074/3 1073/1073/3 1068/1068/3
f 1074/1074/229 1068/1068/229 1067/1067/229
f 1075/1075/25 1076/1076/25 1077/1077/25
f 1075/1075/176 1077/1077/176 1067/1067/176
f 1078/1078/254 1075/1075/254 1067/1067/254
f 1078/1078/1 1067/1067/1 1074/1074/1
f 1079/1079/204 1078/1078/204 1074/1074/204
f 1079/1079/1 1074/1074/1 1080/1080/1
f 1076/1076/1 1079/1079/1 1080/1080/1
f 1076/1076/228 1080/1080/228 1077/1077/228
f 1081/1081/3 1082/1082/3 1083/1083/3
f 1081/1081/179 1083/1083/179 1084/1084/179
f 1084/1084/3 1083/1083/3 1085/1085/3
f 1084/1084/5 1085/1085/5 1086/1086/5
f 1086/1086/3 1085/1085/3 1087/1087/3
f 1086/1086/177 1087/1087/177 1088/1088/177
f 1088/1088/3 1087/1087/3 1082/1082/3
f 1088/1088/4 1082/1082/4 1081/1081/4
f 80/80/18 81/81/18 89/89/18
f 80/80/18 89/89/18 88/88/18
f 1056/1056/10 1055/1055/10 1052/1052/10
f 1056/1056/10 1052/1052/10 1051/1051/10
f 81/81/8 75/75/8 85/85/8
f 81/81/8 85/85/8 89/89/8
f 1057/1057/6 1056/1056/6 1051/1051/6
f 1057/1057/6 1051/1051/6 1053/1053/6
f 75/75/152 76/76/152 84/84/152
f 75/75/152 84/84/152 85/85/152
f 1058/1058/35 1057/1057/35 1053/1053/35
f 1058/1058/35 1053/1053/35 1054/1054/35
f 76/76/6 80/80/6 88/88/6
f 76/76/6 88/88/6 84/84/6
f 1055/1055/8 1058/1058/8 1054/1054/8
f 1055/1055/8 1054/1054/8 1052/1052/8
f 1067/1067/162 1070/1070/162 1062/1062/162
f 1067/1067/162 1062/1062/162 1061/1061/162
f 1069/1069/160 1068/1068/160 1060/1060/160
f 1069/1069/160 1060/1060/160 1059/1059/160
f 1070/1070/8 1072/1072/8 1064/1064/8
f 1070/1070/8 1064/1064/8 1062/1062/8
f 1071/1071/6 1069/1069/6 1059/1059/6
f 1071/1071/6 1059/1059/6 1063/1063/6
f 1072/1072/160 1074/1074/160 1066/1066/160
f 1072/1072/160 1066/1066/160 1064/1064/160
f 1073/1073/162 1071/1071/162 1063/1063/162
f 1073/1073/162 1063/1063/162 1065/1065/162
f 1074/1074/6 1067/1067/6 1061/1061/6
f 1074/1074/6 1061/1061/6 1066/1066/6
f 1068/1068/8 1073/1073/8 1065/1065/8
f 1068/1068/8 1065/1065/8 1060/1060/8
f 1081/1081/217 1084/1084/217 1067/1067/217
f 1081/1081/217 1067/1067/217 1077/1077/217
f 1083/1083/187 1082/1082/187 1076/1076/187
f 1083/1083/187 1076/1076/187 1075/1075/187
f 1084/1084/8 1086/1086/8 1074/1074/8
f 1084/1084/8 1074/1074/8 1067/1067/8
f 1085/1085/6 1083/1083/6 1075/1075/6
f 1085/1085/6 1075/1075/6 1078/1078/6
f 1086/1086/160 1088/1088/160 1080/1080/160
f 1086/1086/160 1080/1080/160 1074/1074/160
f 1087/1087/162 1085/1085/162 1078/1078/162
f 1087/1087/162 1078/1078/162 1079/1079/162
f 1088/1088/6 1081/1081/6 1077/1077/6
f 1088/1088/6 1077/1077/6 1080/1080/6
f 1082/1082/8 1087/1087/8 1079/1079/8
f 1082/1082/8 1079/1079/8 1076/1076/8
f 1089/1089/1 1090/1090/1 1091/1091/1
f 1089/1089/1 1091/1091/1 1092/1092/1
f 1093/1093/3 1094/1094/3 1095/1095/3
f 1093/1093/3 1095/1095/3 1096/1096/3
f 1093/1093/8 1096/1096/8 1092/1092/8
f 1093/1093/8 1092/1092/8 1091/1091/8
f 1096/1096/160 1095/1095/160 1089/1089/160
f 1096/1096/160 1089/1089/160 1092/1092/160
f 1095/1095/6 1094/1094/6 1090/1090/6
f 1095/1095/6 1090/1090/6 1089/1089/6
f 1094/1094/256 1093/1093/256 1091/1091/256
f 1094/1094/162 1091/1091/162 1090/1090/162
f 1097/1097/1 1098/1098/1 1099/1099/1
f 1097/1097/1 1099/1099/1 1100/1100/1
f 1101/1101/3 1102/1102/3 1103/1103/3
f 1101/1101/3 1103/1103/3 1104/1104/3
f 1101/1101/8 1104/1104/8 1100/1100/8
f 1101/1101/8 1100/1100/8 1099/1099/8
f 1104/1104/160 1103/1103/160 1097/1097/160
f 1104/1104/160 1097/1097/160 1100/1100/160
f 1103/1103/232 1102/1102/232 1098/1098/232
f 1103/1103/257 1098/1098/257 1097/1097/257
f 1102/1102/35 1101/1101/35 1099/1099/35
f 1102/1102/162 1099/1099/162 1098/1098/162
f 1105/1105/236 1106/1106/236 82/82/236
f 1105/1105/229 82/82/229 78/78/229
f 1107/1107/177 1105/1105/177 78/78/177
f 1107/1107/3 78/78/3 77/77/3
f 1108/1108/4 1107/1107/4 77/77/4
f 1108/1108/3 77/77/3 79/79/3
f 1106/1106/258 1108/1108/258 79/79/258
f 1106/1106/3 79/79/3 82/82/3
f 90/90/1 1109/1109/1 1110/1110/1
f 90/90/1 1110/1110/1 86/86/1
f 86/86/211 1110/1110/211 1111/1111/211
f 86/86/33 1111/1111/33 83/83/33
f 83/83/237 1111/1111/237 1112/1112/237
f 83/83/2 1112/1112/2 87/87/2
f 87/87/25 1112/1112/25 1109/1109/25
f 87/87/1 1109/1109/1 90/90/1
f 1113/1113/236 1114/1114/236 1115/1115/236
f 1113/1113/229 1115/1115/229 1116/1116/229
f 1117/1117/3 1113/1113/3 1116/1116/3
f 1117/1117/26 1116/1116/26 1118/1118/26
f 1119/1119/4 1117/1117/4 1118/1118/4
f 1119/1119/3 1118/1118/3 1120/1120/3
f 1114/1114/3 1119/1119/3 1120/1120/3
f 1114/1114/184 1120/1120/184 1115/1115/184
f 1121/1121/254 1122/1122/254 1123/1123/254
f 1121/1121/237 1123/1123/237 1124/1124/237
f 1124/1124/25 1123/1123/25 1125/1125/25
f 1124/1124/1 1125/1125/1 1126/1126/1
f 1126/1126/1 1125/1125/1 1127/1127/1
f 1126/1126/2 1127/1127/2 1128/1128/2
f 1128/1128/176 1127/1127/176 1122/1122/176
f 1128/1128/33 1122/1122/33 1121/1121/33
f 1129/1129/234 1130/1130/234 1131/1131/234
f 1129/1129/229 1131/1131/229 1121/1121/229
f 1132/1132/3 1129/1129/3 1121/1121/3
f 1132/1132/182 1121/1121/182 1128/1128/182
f 1133/1133/229 1132/1132/229 1128/1128/229
f 1133/1133/236 1128/1128/236 1134/1134/236
f 1130/1130/259 1133/1133/259 1134/1134/259
f 1130/1130/258 1134/1134/258 1131/1131/258
f 1135/1135/1 1136/1136/1 1137/1137/1
f 1135/1135/2 1137/1137/2 1138/1138/2
f 1138/1138/1 1137/1137/1 1139/1139/1
f 1138/1138/33 1139/1139/33 1140/1140/33
f 1140/1140/237 1139/1139/237 1141/1141/237
f 1140/1140/1 1141/1141/1 1142/1142/1
f 1142/1142/25 1141/1141/25 1136/1136/25
f 1142/1142/221 1136/1136/221 1135/1135/221
f 90/90/8 86/86/8 78/78/8
f 90/90/8 78/78/8 82/82/8
f 1110/1110/6 1109/1109/6 1106/1106/6
f 1110/1110/6 1106/1106/6 1105/1105/6
f 86/86/18 83/83/18 77/77/18
f 86/86/18 77/77/18 78/78/18
f 1111/1111/10 1110/1110/10 1105/1105/10
f 1111/1111/10 1105/1105/10 1107/1107/10
f 83/83/6 87/87/6 79/79/6
f 83/83/6 79/79/6 77/77/6
f 1112/1112/8 1111/1111/8 1107/1107/8
f 1112/1112/8 1107/1107/8 1108/1108/8
f 87/87/10 90/90/10 82/82/10
f 87/87/10 82/82/10 79/79/10
f 1109/1109/18 1112/1112/18 1108/1108/18
f 1109/1109/18 1108/1108/18 1106/1106/18
f 1121/1121/8 1124/1124/8 1116/1116/8
f 1121/1121/8 1116/1116/8 1115/1115/8
f 1123/1123/6 1122/1122/6 1114/1114/6
f 1123/1123/6 1114/1114/6 1113/1113/6
f 1124/1124/162 1126/1126/162 1118/1118/162
f 1124/1124/162 1118/1118/162 1116/1116/162
f 1125/1125/160 1123/1123/160 1113/1113/160
f 1125/1125/160 1113/1113/160 1117/1117/160
f 1126/1126/6 1128/1128/6 1120/1120/6
f 1126/1126/6 1120/1120/6 1118/1118/6
f 1127/1127/8 1125/1125/8 1117/1117/8
f 1127/1127/8 1117/1117/8 1119/1119/8
f 1128/1128/160 1121/1121/160 1115/1115/160
f 1128/1128/160 1115/1115/160 1120/1120/160
f 1122/1122/162 1127/1127/162 1119/1119/162
f 1122/1122/162 1119/1119/162 1114/1114/162
f 1135/1135/8 1138/1138/8 1121/1121/8
f 1135/1135/8 1121/1121/8 1131/1131/8
f 1137/1137/6 1136/1136/6 1130/1130/6
f 1137/1137/6 1130/1130/6 1129/1129/6
f 1138/1138/217 1140/1140/217 1128/1128/217
f 1138/1138/217 1128/1128/217 1121/1121/217
f 1139/1139/160 1137/1137/160 1129/1129/160
f 1139/1139/160 1129/1129/160 1132/1132/160
f 1140/1140/6 1142/1142/6 1134/1134/6
f 1140/1140/6 1134/1134/6 1128/1128/6
f 1141/1141/8 1139/1139/8 1132/1132/8
f 1141/1141/8 1132/1132/8 1133/1133/8
f 1142/1142/160 1135/1135/160 1131/1131/160
f 1142/1142/160 1131/1131/160 1134/1134/160
f 1136/1136/162 1141/1141/162 1133/1133/162
f 1136/1136/162 1133/1133/162 1130/1130/162
f 1143/1143/3 1144/1144/3 1145/1145/3
f 1143/1143/3 1145/1145/3 1146/1146/3
f 1147/1147/1 1148/1148/1 1149/1149/1
f 1147/1147/1 1149/1149/1 1150/1150/1
f 1147/1147/35 1150/1150/35 1146/1146/35
f 1147/1147/35 1146/1146/35 1145/1145/35
f 1150/1150/6 1149/1149/6 1143/1143/6
f 1150/1150/6 1143/1143/6 1146/1146/6
f 1149/1149/152 1148/1148/152 1144/1144/152
f 1149/1149/255 1144/1144/255 1143/1143/255
f 1148/1148/8 1147/1147/8 1145/1145/8
f 1148/1148/8 1145/1145/8 1144/1144/8
f 1151/1151/3 1152/1152/3 1153/1153/3
f 1151/1151/3 1153/1153/3 1154/1154/3
f 1155/1155/1 1156/1156/1 1157/1157/1
f 1155/1155/1 1157/1157/1 1158/1158/1
f 1155/1155/35 1158/1158/35 1154/1154/35
f 1155/1155/256 1154/1154/256 1153/1153/256
f 1158/1158/6 1157/1157/6 1151/1151/6
f 1158/1158/6 1151/1151/6 1154/1154/6
f 1157/1157/152 1156/1156/152 1152/1152/152
f 1157/1157/255 1152/1152/255 1151/1151/255
f 1156/1156/8 1155/1155/8 1153/1153/8
f 1156/1156/8 1153/1153/8 1152/1152/8
f 1159/1159/176 1160/1160/176 8/8/176
f 1159/1159/216 8/8/216 7/7/216
f 1161/1161/2 1159/1159/2 7/7/2
f 1161/1161/237 7/7/237 11/11/237
f 1162/1162/25 1161/1161/25 11/11/25
f 1162/1162/1 11/11/1 16/16/1
f 1160/1160/228 1162/1162/228 16/16/228
f 1160/1160/254 16/16/254 8/8/254
f 1163/1163/26 1164/1164/26 1165/1165/26
f 1163/1163/177 1165/1165/177 1166/1166/177
f 1166/1166/236 1165/1165/236 1167/1167/236
f 1166/1166/3 1167/1167/3 1168/1168/3
f 1168/1168/26 1167/1167/26 1169/1169/26
f 1168/1168/3 1169/1169/3 1170/1170/3
f 1170/1170/235 1169/1169/235 1164/1164/235
f 1170/1170/236 1164/1164/236 1163/1163/236
f 1171/1171/176 1172/1172/176 1173/1173/176
f 1171/1171/1 1173/1173/1 1174/1174/1
f 1175/1175/1 1171/1171/1 1174/1174/1
f 1175/1175/1 1174/1174/1 1176/1176/1
f 1177/1177/1 1175/1175/1 1176/1176/1
f 1177/1177/180 1176/1176/180 1178/1178/180
f 1172/1172/228 1177/1177/228 1178/1178/228
f 1172/1172/254 1178/1178/254 1173/1173/254
f 1179/1179/178 1180/1180/178 1181/1181/178
f 1179/1179/224 1181/1181/224 1182/1182/224
f 1182/1182/3 1181/1181/3 1183/1183/3
f 1182/1182/3 1183/1183/3 1184/1184/3
f 1184/1184/177 1183/1183/177 1185/1185/177
f 1184/1184/26 1185/1185/26 1186/1186/26
f 1186/1186/229 1185/1185/229 1180/1180/229
f 1186/1186/5 1180/1180/5 1179/1179/5
f 1187/1187/1 1188/1188/1 1189/1189/1
f 1187/1187/25 1189/1189/25 1179/1179/25
f 1190/1190/1 1187/1187/1 1179/1179/1
f 1190/1190/1 1179/1179/1 1186/1186/1
f 1191/1191/180 1190/1190/180 1186/1186/180
f 1191/1191/25 1186/1186/25 1192/1192/25
f 1188/1188/237 1191/1191/237 1192/1192/237
f 1188/1188/254 1192/1192/254 1189/1189/254
f 1193/1193/177 1194/1194/177 1195/1195/177
f 1193/1193/26 1195/1195/26 1196/1196/26
f 1196/1196/3 1195/1195/3 1197/1197/3
f 1196/1196/3 1197/1197/3 1198/1198/3
f 1198/1198/3 1197/1197/3 1199/1199/3
f 1198/1198/26 1199/1199/26 1200/1200/26
f 1200/1200/236 1199/1199/236 1194/1194/236
f 1200/1200/229 1194/1194/229 1193/1193/229
f 1163/1163/18 1166/1166/18 7/7/18
f 1163/1163/18 7/7/18 8/8/18
f 1165/1165/10 1164/1164/10 1160/1160/10
f 1165/1165/10 1160/1160/10 1159/1159/10
f 1166/1166/8 1168/1168/8 11/11/8
f 1166/1166/8 11/11/8 7/7/8
f 1167/1167/6 1165/1165/6 1159/1159/6
f 1167/1167/6 1159/1159/6 1161/1161/6
f 1168/1168/10 1170/1170/10 16/16/10
f 1168/1168/10 16/16/10 11/11/10
f 1169/1169/18 1167/1167/18 1161/1161/18
f 1169/1169/18 1161/1161/18 1162/1162/18
f 1170/1170/6 1163/1163/6 8/8/6
f 1170/1170/6 8/8/6 16/16/6
f 1164/1164/8 1169/1169/8 1162/1162/8
f 1164/1164/8 1162/1162/8 1160/1160/8
f 1179/1179/162 1182/1182/162 1174/1174/162
f 1179/1179/162 1174/1174/162 1173/1173/162
f 1181/1181/160 1180/1180/160 1172/1172/160
f 1181/1181/160 1172/1172/160 1171/1171/160
f 1182/1182/8 1184/1184/8 1176/1176/8
f 1182/1182/8 1176/1176/8 1174/1174/8
f 1183/1183/6 1181/1181/6 1171/1171/6
f 1183/1183/6 1171/1171/6 1175/1175/6
f 1184/1184/160 1186/1186/160 1178/1178/160
f 1184/1184/160 1178/1178/160 1176/1176/160
f 1185/1185/162 1183/1183/162 1175/1175/162
f 1185/1185/162 1175/1175/162 1177/1177/162
f 1186/1186/6 1179/1179/6 1173/1173/6
f 1186/1186/6 1173/1173/6 1178/1178/6
f 1180/1180/8 1185/1185/8 1177/1177/8
f 1180/1180/8 1177/1177/8 1172/1172/8
f 1193/1193/217 1196/1196/217 1179/1179/217
f 1193/1193/217 1179/1179/217 1189/1189/217
f 1195/1195/187 1194/1194/187 1188/1188/187
f 1195/1195/187 1188/1188/187 1187/1187/187
f 1196/1196/8 1198/1198/8 1186/1186/8
f 1196/1196/8 1186/1186/8 1179/1179/8
f 1197/1197/6 1195/1195/6 1187/1187/6
f 1197/1197/6 1187/1187/6 1190/1190/6
f 1198/1198/160 1200/1200/160 1192/1192/160
f 1198/1198/160 1192/1192/160 1186/1186/160
f 1199/1199/162 1197/1197/162 1190/1190/162
f 1199/1199/162 1190/1190/162 1191/1191/162
f 1200/1200/6 1193/1193/6 1189/1189/6
f 1200/1200/6 1189/1189/6 1192/1192/6
f 1194/1194/8 1199/1199/8 1191/1191/8
f 1194/1194/8 1191/1191/8 1188/1188/8
f 1201/1201/1 1202/1202/1 1203/1203/1
f 1201/1201/1 1203/1203/1 1204/1204/1
f 1205/1205/3 1206/1206/3 1207/1207/3
f 1205/1205/3 1207/1207/3 1208/1208/3
f 1205/1205/8 1208/1208/8 1204/1204/8
f 1205/1205/8 1204/1204/8 1203/1203/8
f 1208/1208/160 1207/1207/160 1201/1201/160
f 1208/1208/160 1201/1201/160 1204/1204/160
f 1207/1207/6 1206/1206/6 1202/1202/6
f 1207/1207/257 1202/1202/257 1201/1201/257
f 1206/1206/260 1205/1205/260 1203/1203/260
f 1206/1206/261 1203/1203/261 1202/1202/261
f 1209/1209/1 1210/1210/1 1211/1211/1
f 1209/1209/1 1211/1211/1 1212/1212/1
f 1213/1213/3 1214/1214/3 1215/1215/3
f 1213/1213/3 1215/1215/3 1216/1216/3
f 1213/1213/8 1216/1216/8 1212/1212/8
f 1213/1213/8 1212/1212/8 1211/1211/8
f 1216/1216/262 1215/1215/262 1209/1209/262
f 1216/1216/262 1209/1209/262 1212/1212/262
f 1215/1215/6 1214/1214/6 1210/1210/6
f 1215/1215/6 1210/1210/6 1209/1209/6
f 1214/1214/162 1213/1213/162 1211/1211/162
f 1214/1214/162 1211/1211/162 1210/1210/162
f 1217/1217/25 1218/1218/25 15/15/25
f 1217/1217/216 15/15/216 12/12/216
f 1219/1219/1 1217/1217/1 12/12/1
f 1219/1219/1 12/12/1 6/6/1
f 1220/1220/33 1219/1219/33 6/6/33
f 1220/1220/216 6/6/216 5/5/216
f 1218/1218/1 1220/1220/1 5/5/1
f 1218/1218/1 5/5/1 15/15/1
f 1221/1221/182 1222/1222/182 1223/1223/182
f 1221/1221/179 1223/1223/179 1224/1224/179
f 1224/1224/3 1223/1223/3 1225/1225/3
f 1224/1224/4 1225/1225/4 1226/1226/4
f 1226/1226/205 1225/1225/205 1227/1227/205
f 1226/1226/26 1227/1227/26 1228/1228/26
f 1228/1228/229 1227/1227/229 1222/1222/229
f 1228/1228/234 1222/1222/234 1221/1221/234
f 1229/1229/1 1230/1230/1 1231/1231/1
f 1229/1229/1 1231/1231/1 1232/1232/1
f 1233/1233/2 1229/1229/2 1232/1232/2
f 1233/1233/237 1232/1232/237 1234/1234/237
f 1235/1235/1 1233/1233/1 1234/1234/1
f 1235/1235/1 1234/1234/1 1236/1236/1
f 1230/1230/228 1235/1235/228 1236/1236/228
f 1230/1230/1 1236/1236/1 1231/1231/1
f 1237/1237/178 1238/1238/178 1239/1239/178
f 1237/1237/177 1239/1239/177 1240/1240/177
f 1240/1240/236 1239/1239/236 1241/1241/236
f 1240/1240/4 1241/1241/4 1242/1242/4
f 1242/1242/177 1241/1241/177 1243/1243/177
f 1242/1242/178 1243/1243/178 1244/1244/178
f 1244/1244/229 1243/1243/229 1238/1238/229
f 1244/1244/3 1238/1238/3 1237/1237/3
f 1245/1245/216 1246/1246/216 1247/1247/216
f 1245/1245/25 1247/1247/25 1237/1237/25
f 1248/1248/2 1245/1245/2 1237/1237/2
f 1248/1248/1 1237/1237/1 1244/1244/1
f 1249/1249/1 1248/1248/1 1244/1244/1
f 1249/1249/25 1244/1244/25 1250/1250/25
f 1246/1246/228 1249/1249/228 1250/1250/228
f 1246/1246/1 1250/1250/1 1247/1247/1
f 1251/1251/3 1252/1252/3 1253/1253/3
f 1251/1251/3 1253/1253/3 1254/1254/3
f 1254/1254/3 1253/1253/3 1255/1255/3
f 1254/1254/3 1255/1255/3 1256/1256/3
f 1256/1256/182 1255/1255/182 1257/1257/182
f 1256/1256/178 1257/1257/178 1258/1258/178
f 1258/1258/3 1257/1257/3 1252/1252/3
f 1258/1258/3 1252/1252/3 1251/1251/3
f 1221/1221/18 1224/1224/18 12/12/18
f 1221/1221/18 12/12/18 15/15/18
f 1223/1223/10 1222/1222/10 1218/1218/10
f 1223/1223/10 1218/1218/10 1217/1217/10
f 1224/1224/8 1226/1226/8 6/6/8
f 1224/1224/8 6/6/8 12/12/8
f 1225/1225/6 1223/1223/6 1217/1217/6
f 1225/1225/6 1217/1217/6 1219/1219/6
f 1226/1226/10 1228/1228/10 5/5/10
f 1226/1226/10 5/5/10 6/6/10
f 1227/1227/18 1225/1225/18 1219/1219/18
f 1227/1227/18 1219/1219/18 1220/1220/18
f 1228/1228/6 1221/1221/6 15/15/6
f 1228/1228/6 15/15/6 5/5/6
f 1222/1222/8 1227/1227/8 1220/1220/8
f 1222/1222/8 1220/1220/8 1218/1218/8
f 1237/1237/162 1240/1240/162 1232/1232/162
f 1237/1237/162 1232/1232/162 1231/1231/162
f 1239/1239/160 1238/1238/160 1230/1230/160
f 1239/1239/160 1230/1230/160 1229/1229/160
f 1240/1240/8 1242/1242/8 1234/1234/8
f 1240/1240/8 1234/1234/8 1232/1232/8
f 1241/1241/6 1239/1239/6 1229/1229/6
f 1241/1241/6 1229/1229/6 1233/1233/6
f 1242/1242/160 1244/1244/160 1236/1236/160
f 1242/1242/160 1236/1236/160 1234/1234/160
f 1243/1243/162 1241/1241/162 1233/1233/162
f 1243/1243/162 1233/1233/162 1235/1235/162
f 1244/1244/6 1237/1237/6 1231/1231/6
f 1244/1244/6 1231/1231/6 1236/1236/6
f 1238/1238/8 1243/1243/8 1235/1235/8
f 1238/1238/8 1235/1235/8 1230/1230/8
f 1251/1251/217 1254/1254/217 1237/1237/217
f 1251/1251/217 1237/1237/217 1247/1247/217
f 1253/1253/187 1252/1252/187 1246/1246/187
f 1253/1253/187 1246/1246/187 1245/1245/187
f 1254/1254/8 1256/1256/8 1244/1244/8
f 1254/1254/8 1244/1244/8 1237/1237/8
f 1255/1255/6 1253/1253/6 1245/1245/6
f 1255/1255/6 1245/1245/6 1248/1248/6
f 1256/1256/160 1258/1258/160 1250/1250/160
f 1256/1256/160 1250/1250/160 1244/1244/160
f 1257/1257/162 1255/1255/162 1248/1248/162
f 1257/1257/162 1248/1248/162 1249/1249/162
f 1258/1258/6 1251/1251/6 1247/1247/6
f 1258/1258/6 1247/1247/6 1250/1250/6
f 1252/1252/8 1257/1257/8 1249/1249/8
f 1252/1252/8 1249/1249/8 1246/1246/8
f 1259/1259/1 1260/1260/1 1261/1261/1
f 1259/1259/1 1261/1261/1 1262/1262/1
f 1263/1263/3 1264/1264/3 1265/1265/3
f 1263/1263/3 1265/1265/3 1266/1266/3
f 1263/1263/8 1266/1266/8 1262/1262/8
f 1263/1263/8 1262/1262/8 1261/1261/8
f 1266/1266/160 1265/1265/160 1259/1259/160
f 1266/1266/160 1259/1259/160 1262/1262/160
f 1265/1265/6 1264/1264/6 1260/1260/6
f 1265/1265/6 1260/1260/6 1259/1259/6
f 1264/1264/162 1263/1263/162 1261/1261/162
f 1264/1264/162 1261/1261/162 1260/1260/162
f 1267/1267/1 1268/1268/1 1269/1269/1
f 1267/1267/1 1269/1269/1 1270/1270/1
f 1271/1271/3 1272/1272/3 1273/1273/3
f 1271/1271/3 1273/1273/3 1274/1274/3
f 1271/1271/8 1274/1274/8 1270/1270/8
f 1271/1271/8 1270/1270/8 1269/1269/8
f 1274/1274/263 1273/1273/263 1267/1267/263
f 1274/1274/262 1267/1267/262 1270/1270/262
f 1273/1273/6 1272/1272/6 1268/1268/6
f 1273/1273/6 1268/1268/6 1267/1267/6
f 1272/1272/35 1271/1271/35 1269/1269/35
f 1272/1272/162 1269/1269/162 1268/1268/162
f 1275/1275/217 1276/1276/217 60/60/217
f 1275/1275/217 60/60/217 1277/1277/217
f 1278/1278/192 1275/1275/192 1277/1277/192
f 1278/1278/171 1277/1277/171 58/58/171
f 1279/1279/162 1278/1278/162 58/58/162
f 1279/1279/162 58/58/162 57/57/162
f 1276/1276/192 1279/1279/192 57/57/192
f 1276/1276/18 57/57/18 60/60/18
f 69/69/160 1280/1280/160 1281/1281/160
f 69/69/160 1281/1281/160 74/74/160
f 74/74/10 1281/1281/10 1282/1282/10
f 74/74/148 1282/1282/148 68/68/148
f 68/68/187 1282/1282/187 1283/1283/187
f 68/68/187 1283/1283/187 65/65/187
f 65/65/264 1283/1283/264 1280/1280/264
f 65/65/245 1280/1280/245 69/69/245
f 1284/1284/162 1285/1285/162 1286/1286/162
f 1284/1284/162 1286/1286/162 1287/1287/162
f 1288/1288/172 1284/1284/172 1287/1287/172
f 1288/1288/18 1287/1287/18 1289/1289/18
f 1290/1290/162 1288/1288/162 1289/1289/162
f 1290/1290/162 1289/1289/162 1291/1291/162
f 1285/1285/172 1290/1290/172 1291/1291/172
f 1285/1285/18 1291/1291/18 1286/1286/18
f 1292/1292/160 1293/1293/160 1294/1294/160
f 1292/1292/160 1294/1294/160 1295/1295/160
f 1295/1295/10 1294/1294/10 1296/1296/10
f 1295/1295/265 1296/1296/265 1297/1297/265
f 1297/1297/160 1296/1296/160 1298/1298/160
f 1297/1297/160 1298/1298/160 1299/1299/160
f 1299/1299/10 1298/1298/10 1293/1293/10
f 1299/1299/266 1293/1293/266 1292/1292/266
f 1300/1300/162 1301/1301/162 1302/1302/162
f 1300/1300/162 1302/1302/162 1292/1292/162
f 1303/1303/145 1300/1300/145 1292/1292/145
f 1303/1303/267 1292/1292/267 1299/1299/267
f 1304/1304/162 1303/1303/162 1299/1299/162
f 1304/1304/162 1299/1299/162 1305/1305/162
f 1301/1301/239 1304/1304/239 1305/1305/239
f 1301/1301/268 1305/1305/268 1302/1302/268
f 1306/1306/160 1307/1307/160 1308/1308/160
f 1306/1306/160 1308/1308/160 1309/1309/160
f 1309/1309/10 1308/1308/10 1310/1310/10
f 1309/1309/148 1310/1310/148 1311/1311/148
f 1311/1311/160 1310/1310/160 1312/1312/160
f 1311/1311/160 1312/1312/160 1313/1313/160
f 1313/1313/10 1312/1312/10 1307/1307/10
f 1313/1313/30 1307/1307/30 1306/1306/30
f 69/69/26 74/74/26 1277/1277/26
f 69/69/3 1277/1277/3 60/60/3
f 1281/1281/25 1280/1280/25 1276/1276/25
f 1281/1281/25 1276/1276/25 1275/1275/25
f 74/74/8 68/68/8 58/58/8
f 74/74/8 58/58/8 1277/1277/8
f 1282/1282/6 1281/1281/6 1275/1275/6
f 1282/1282/6 1275/1275/6 1278/1278/6
f 68/68/25 65/65/25 57/57/25
f 68/68/1 57/57/1 58/58/1
f 1283/1283/3 1282/1282/3 1278/1278/3
f 1283/1283/26 1278/1278/26 1279/1279/26
f 65/65/6 69/69/6 60/60/6
f 65/65/6 60/60/6 57/57/6
f 1280/1280/8 1283/1283/8 1279/1279/8
f 1280/1280/8 1279/1279/8 1276/1276/8
f 1292/1292/177 1295/1295/177 1287/1287/177
f 1292/1292/3 1287/1287/3 1286/1286/3
f 1294/1294/180 1293/1293/180 1285/1285/180
f 1294/1294/33 1285/1285/33 1284/1284/33
f 1295/1295/8 1297/1297/8 1289/1289/8
f 1295/1295/8 1289/1289/8 1287/1287/8
f 1296/1296/6 1294/1294/6 1284/1284/6
f 1296/1296/6 1284/1284/6 1288/1288/6
f 1297/1297/180 1299/1299/180 1291/1291/180
f 1297/1297/1 1291/1291/1 1289/1289/1
f 1298/1298/177 1296/1296/177 1288/1288/177
f 1298/1298/178 1288/1288/178 1290/1290/178
f 1299/1299/6 1292/1292/6 1286/1286/6
f 1299/1299/6 1286/1286/6 1291/1291/6
f 1293/1293/8 1298/1298/8 1290/1290/8
f 1293/1293/8 1290/1290/8 1285/1285/8
f 1306/1306/26 1309/1309/26 1292/1292/26
f 1306/1306/178 1292/1292/178 1302/1302/178
f 1308/1308/1 1307/1307/1 1301/1301/1
f 1308/1308/180 1301/1301/180 1300/1300/180
f 1309/1309/8 1311/1311/8 1299/1299/8
f 1309/1309/8 1299/1299/8 1292/1292/8
f 1310/1310/6 1308/1308/6 1300/1300/6
f 1310/1310/6 1300/1300/6 1303/1303/6
f 1311/1311/25 1313/1313/25 1305/1305/25
f 1311/1311/25 1305/1305/25 1299/1299/25
f 1312/1312/3 1310/1310/3 1303/1303/3
f 1312/1312/177 1303/1303/177 1304/1304/177
f 1313/1313/6 1306/1306/6 1302/1302/6
f 1313/1313/6 1302/1302/6 1305/1305/6
f 1307/1307/8 1312/1312/8 1304/1304/8
f 1307/1307/8 1304/1304/8 1301/1301/8
f 1314/1314/18 1315/1315/18 1316/1316/18
f 1314/1314/18 1316/1316/18 1317/1317/18
f 1318/1318/9 1319/1319/9 1320/1320/9
f 1318/1318/9 1320/1320/9 1321/1321/9
f 1318/1318/8 1321/1321/8 1317/1317/8
f 1318/1318/8 1317/1317/8 1316/1316/8
f 1321/1321/199 1320/1320/199 1314/1314/199
f 1321/1321/269 1314/1314/269 1317/1317/269
f 1320/1320/6 1319/1319/6 1315/1315/6
f 1320/1320/6 1315/1315/6 1314/1314/6
f 1319/1319/205 1318/1318/205 1316/1316/205
f 1319/1319/205 1316/1316/205 1315/1315/205
f 1322/1322/18 1323/1323/18 1324/1324/18
f 1322/1322/18 1324/1324/18 1325/1325/18
f 1326/1326/10 1327/1327/10 1328/1328/10
f 1326/1326/10 1328/1328/10 1329/1329/10
f 1326/1326/8 1329/1329/8 1325/1325/8
f 1326/1326/8 1325/1325/8 1324/1324/8
f 1329/1329/222 1328/1328/222 1322/1322/222
f 1329/1329/185 1322/1322/185 1325/1325/185
f 1328/1328/6 1327/1327/6 1323/1323/6
f 1328/1328/6 1323/1323/6 1322/1322/6
f 1327/1327/181 1326/1326/181 1324/1324/181
f 1327/1327/227 1324/1324/227 1323/1323/227
f 1330/1330/164 1331/1331/164 55/55/164
f 1330/1330/208 55/55/208 63/63/208
f 1332/1332/162 1330/1330/162 63/63/162
f 1332/1332/162 63/63/162 61/61/162
f 1333/1333/246 1332/1332/246 61/61/246
f 1333/1333/18 61/61/18 56/56/18
f 1331/1331/35 1333/1333/35 56/56/35
f 1331/1331/162 56/56/162 55/55/162
f 67/67/270 1334/1334/270 1335/1335/270
f 67/67/155 1335/1335/155 72/72/155
f 72/72/160 1335/1335/160 1336/1336/160
f 72/72/160 1336/1336/160 71/71/160
f 71/71/271 1336/1336/271 1337/1337/271
f 71/71/15 1337/1337/15 66/66/15
f 66/66/187 1337/1337/187 1334/1334/187
f 66/66/187 1334/1334/187 67/67/187
f 1338/1338/267 1339/1339/267 1340/1340/267
f 1338/1338/18 1340/1340/18 1341/1341/18
f 1342/1342/162 1338/1338/162 1341/1341/162
f 1342/1342/162 1341/1341/162 1343/1343/162
f 1344/1344/153 1342/1342/153 1343/1343/153
f 1344/1344/272 1343/1343/272 1345/1345/272
f 1339/1339/217 1344/1344/217 1345/1345/217
f 1339/1339/217 1345/1345/217 1340/1340/217
f 1346/1346/10 1347/1347/10 1348/1348/10
f 1346/1346/206 1348/1348/206 1349/1349/206
f 1349/1349/187 1348/1348/187 1350/1350/187
f 1349/1349/187 1350/1350/187 1351/1351/187
f 1351/1351/273 1350/1350/273 1352/1352/273
f 1351/1351/154 1352/1352/154 1353/1353/154
f 1353/1353/160 1352/1352/160 1347/1347/160
f 1353/1353/160 1347/1347/160 1346/1346/160
f 1354/1354/246 1355/1355/246 1356/1356/246
f 1354/1354/208 1356/1356/208 1346/1346/208
f 1357/1357/162 1354/1354/162 1346/1346/162
f 1357/1357/162 1346/1346/162 1353/1353/162
f 1358/1358/21 1357/1357/21 1353/1353/21
f 1358/1358/18 1353/1353/18 1359/1359/18
f 1355/1355/217 1358/1358/217 1359/1359/217
f 1355/1355/217 1359/1359/217 1356/1356/217
f 1360/1360/274 1361/1361/274 1362/1362/274
f 1360/1360/275 1362/1362/275 1363/1363/275
f 1363/1363/160 1362/1362/160 1364/1364/160
f 1363/1363/160 1364/1364/160 1365/1365/160
f 1365/1365/10 1364/1364/10 1366/1366/10
f 1365/1365/276 1366/1366/276 1367/1367/276
f 1367/1367/187 1366/1366/187 1361/1361/187
f 1367/1367/187 1361/1361/187 1360/1360/187
f 67/67/8 72/72/8 63/63/8
f 67/67/8 63/63/8 55/55/8
f 1335/1335/6 1334/1334/6 1331/1331/6
f 1335/1335/6 1331/1331/6 1330/1330/6
f 72/72/25 71/71/25 61/61/25
f 72/72/1 61/61/1 63/63/1
f 1336/1336/3 1335/1335/3 1330/1330/3
f 1336/1336/3 1330/1330/3 1332/1332/3
f 71/71/6 66/66/6 56/56/6
f 71/71/6 56/56/6 61/61/6
f 1337/1337/8 1336/1336/8 1332/1332/8
f 1337/1337/8 1332/1332/8 1333/1333/8
f 66/66/26 67/67/26 55/55/26
f 66/66/178 55/55/178 56/56/178
f 1334/1334/25 1337/1337/25 1333/1333/25
f 1334/1334/25 1333/1333/25 1331/1331/25
f 1346/1346/8 1349/1349/8 1341/1341/8
f 1346/1346/8 1341/1341/8 1340/1340/8
f 1348/1348/6 1347/1347/6 1339/1339/6
f 1348/1348/6 1339/1339/6 1338/1338/6
f 1349/1349/216 1351/1351/216 1343/1343/216
f 1349/1349/176 1343/1343/176 1341/1341/176
f 1350/1350/3 1348/1348/3 1338/1338/3
f 1350/1350/3 1338/1338/3 1342/1342/3
f 1351/1351/6 1353/1353/6 1345/1345/6
f 1351/1351/6 1345/1345/6 1343/1343/6
f 1352/1352/8 1350/1350/8 1342/1342/8
f 1352/1352/8 1342/1342/8 1344/1344/8
f 1353/1353/224 1346/1346/224 1340/1340/224
f 1353/1353/3 1340/1340/3 1345/1345/3
f 1347/1347/1 1352/1352/1 1344/1344/1
f 1347/1347/1 1344/1344/1 1339/1339/1
f 1360/1360/8 1363/1363/8 1346/1346/8
f 1360/1360/8 1346/1346/8 1356/1356/8
f 1362/1362/6 1361/1361/6 1355/1355/6
f 1362/1362/6 1355/1355/6 1354/1354/6
f 1363/1363/216 1365/1365/216 1353/1353/216
f 1363/1363/176 1353/1353/176 1346/1346/176
f 1364/1364/26 1362/1362/26 1354/1354/26
f 1364/1364/26 1354/1354/26 1357/1357/26
f 1365/1365/6 1367/1367/6 1359/1359/6
f 1365/1365/6 1359/1359/6 1353/1353/6
f 1366/1366/8 1364/1364/8 1357/1357/8
f 1366/1366/8 1357/1357/8 1358/1358/8
f 1367/1367/224 1360/1360/224 1356/1356/224
f 1367/1367/3 1356/1356/3 1359/1359/3
f 1361/1361/25 1366/1366/25 1358/1358/25
f 1361/1361/25 1358/1358/25 1355/1355/25
f 1368/1368/18 1369/1369/18 1370/1370/18
f 1368/1368/18 1370/1370/18 1371/1371/18
f 1372/1372/10 1373/1373/10 1374/1374/10
f 1372/1372/10 1374/1374/10 1375/1375/10
f 1372/1372/1 1375/1375/1 1371/1371/1
f 1372/1372/277 1371/1371/277 1370/1370/277
f 1375/1375/6 1374/1374/6 1368/1368/6
f 1375/1375/6 1368/1368/6 1371/1371/6
f 1374/1374/3 1373/1373/3 1369/1369/3
f 1374/1374/3 1369/1369/3 1368/1368/3
f 1373/1373/8 1372/1372/8 1370/1370/8
f 1373/1373/8 1370/1370/8 1369/1369/8
f 1376/1376/18 1377/1377/18 1378/1378/18
f 1376/1376/18 1378/1378/18 1379/1379/18
f 1380/1380/10 1381/1381/10 1382/1382/10
f 1380/1380/10 1382/1382/10 1383/1383/10
f 1380/1380/278 1383/1383/278 1379/1379/278
f 1380/1380/1 1379/1379/1 1378/1378/1
f 1383/1383/6 1382/1382/6 1376/1376/6
f 1383/1383/6 1376/1376/6 1379/1379/6
f 1382/1382/3 1381/1381/3 1377/1377/3
f 1382/1382/3 1377/1377/3 1376/1376/3
f 1381/1381/8 1380/1380/8 1378/1378/8
f 1381/1381/8 1378/1378/8 1377/1377/8
f 1384/1384/162 1385/1385/162 50/50/162
f 1384/1384/162 50/50/162 51/51/162
f 1386/1386/166 1384/1384/166 51/51/166
f 1386/1386/18 51/51/18 46/46/18
f 1387/1387/162 1386/1386/162 46/46/162
f 1387/1387/162 46/46/162 45/45/162
f 1385/1385/24 1387/1387/24 45/45/24
f 1385/1385/18 45/45/18 50/50/18
f 39/39/160 1388/1388/160 1389/1389/160
f 39/39/160 1389/1389/160 41/41/160
f 41/41/279 1389/1389/279 1390/1390/279
f 41/41/265 1390/1390/265 33/33/265
f 33/33/280 1390/1390/280 1391/1391/280
f 33/33/187 1391/1391/187 34/34/187
f 34/34/10 1391/1391/10 1388/1388/10
f 34/34/154 1388/1388/154 39/39/154
f 1392/1392/162 1393/1393/162 1394/1394/162
f 1392/1392/162 1394/1394/162 1395/1395/162
f 1396/1396/210 1392/1392/210 1395/1395/210
f 1396/1396/18 1395/1395/18 1397/1397/18
f 1398/1398/162 1396/1396/162 1397/1397/162
f 1398/1398/162 1397/1397/162 1399/1399/162
f 1393/1393/145 1398/1398/145 1399/1399/145
f 1393/1393/171 1399/1399/171 1394/1394/171
f 1400/1400/160 1401/1401/160 1402/1402/160
f 1400/1400/160 1402/1402/160 1403/1403/160
f 1403/1403/10 1402/1402/10 1404/1404/10
f 1403/1403/214 1404/1404/214 1405/1405/214
f 1405/1405/160 1404/1404/160 1406/1406/160
f 1405/1405/160 1406/1406/160 1407/1407/160
f 1407/1407/10 1406/1406/10 1401/1401/10
f 1407/1407/155 1401/1401/155 1400/1400/155
f 1408/1408/162 1409/1409/162 1410/1410/162
f 1408/1408/162 1410/1410/162 1400/1400/162
f 1411/1411/239 1408/1408/239 1400/1400/239
f 1411/1411/246 1400/1400/246 1407/1407/246
f 1412/1412/162 1411/1411/162 1407/1407/162
f 1412/1412/162 1407/1407/162 1413/1413/162
f 1409/1409/172 1412/1412/172 1413/1413/172
f 1409/1409/171 1413/1413/171 1410/1410/171
f 1414/1414/160 1415/1415/160 1416/1416/160
f 1414/1414/160 1416/1416/160 1417/1417/160
f 1417/1417/10 1416/1416/10 1418/1418/10
f 1417/1417/155 1418/1418/155 1419/1419/155
f 1419/1419/160 1418/1418/160 1420/1420/160
f 1419/1419/160 1420/1420/160 1421/1421/160
f 1421/1421/10 1420/1420/10 1415/1415/10
f 1421/1421/214 1415/1415/214 1414/1414/214
f 39/39/3 41/41/3 51/51/3
f 39/39/3 51/51/3 50/50/3
f 1389/1389/1 1388/1388/1 1385/1385/1
f 1389/1389/1 1385/1385/1 1384/1384/1
f 41/41/8 33/33/8 46/46/8
f 41/41/8 46/46/8 51/51/8
f 1390/1390/6 1389/1389/6 1384/1384/6
f 1390/1390/6 1384/1384/6 1386/1386/6
f 33/33/1 34/34/1 45/45/1
f 33/33/25 45/45/25 46/46/25
f 1391/1391/3 1390/1390/3 1386/1386/3
f 1391/1391/3 1386/1386/3 1387/1387/3
f 34/34/6 39/39/6 50/50/6
f 34/34/6 50/50/6 45/45/6
f 1388/1388/8 1391/1391/8 1387/1387/8
f 1388/1388/8 1387/1387/8 1385/1385/8
f 1400/1400/177 1403/1403/177 1395/1395/177
f 1400/1400/3 1395/1395/3 1394/1394/3
f 1402/1402/33 1401/1401/33 1393/1393/33
f 1402/1402/33 1393/1393/33 1392/1392/33
f 1403/1403/8 1405/1405/8 1397/1397/8
f 1403/1403/8 1397/1397/8 1395/1395/8
f 1404/1404/6 1402/1402/6 1392/1392/6
f 1404/1404/6 1392/1392/6 1396/1396/6
f 1405/1405/1 1407/1407/1 1399/1399/1
f 1405/1405/216 1399/1399/216 1397/1397/216
f 1406/1406/178 1404/1404/178 1396/1396/178
f 1406/1406/177 1396/1396/177 1398/1398/177
f 1407/1407/6 1400/1400/6 1394/1394/6
f 1407/1407/6 1394/1394/6 1399/1399/6
f 1401/1401/8 1406/1406/8 1398/1398/8
f 1401/1401/8 1398/1398/8 1393/1393/8
f 1414/1414/26 1417/1417/26 1400/1400/26
f 1414/1414/26 1400/1400/26 1410/1410/26
f 1416/1416/180 1415/1415/180 1409/1409/180
f 1416/1416/1 1409/1409/1 1408/1408/1
f 1417/1417/8 1419/1419/8 1407/1407/8
f 1417/1417/8 1407/1407/8 1400/1400/8
f 1418/1418/6 1416/1416/6 1408/1408/6
f 1418/1418/6 1408/1408/6 1411/1411/6
f 1419/1419/25 1421/1421/25 1413/1413/25
f 1419/1419/33 1413/1413/33 1407/1407/33
f 1420/1420/177 1418/1418/177 1411/1411/177
f 1420/1420/3 1411/1411/3 1412/1412/3
f 1421/1421/6 1414/1414/6 1410/1410/6
f 1421/1421/6 1410/1410/6 1413/1413/6
f 1415/1415/8 1420/1420/8 1412/1412/8
f 1415/1415/8 1412/1412/8 1409/1409/8
f 1422/1422/7 1423/1423/7 1424/1424/7
f 1422/1422/7 1424/1424/7 1425/1425/7
f 1426/1426/9 1427/1427/9 1428/1428/9
f 1426/1426/9 1428/1428/9 1429/1429/9
f 1426/1426/8 1429/1429/8 1425/1425/8
f 1426/1426/8 1425/1425/8 1424/1424/8
f 1429/1429/25 1428/1428/25 1422/1422/25
f 1429/1429/25 1422/1422/25 1425/1425/25
f 1428/1428/6 1427/1427/6 1423/1423/6
f 1428/1428/6 1423/1423/6 1422/1422/6
f 1427/1427/26 1426/1426/26 1424/1424/26
f 1427/1427/26 1424/1424/26 1423/1423/26
f 1430/1430/7 1431/1431/7 1432/1432/7
f 1430/1430/7 1432/1432/7 1433/1433/7
f 1434/1434/9 1435/1435/9 1436/1436/9
f 1434/1434/9 1436/1436/9 1437/1437/9
f 1434/1434/8 1437/1437/8 1433/1433/8
f 1434/1434/8 1433/1433/8 1432/1432/8
f 1437/1437/281 1436/1436/281 1430/1430/281
f 1437/1437/222 1430/1430/222 1433/1433/222
f 1436/1436/6 1435/1435/6 1431/1431/6
f 1436/1436/6 1431/1431/6 1430/1430/6
f 1435/1435/282 1434/1434/282 1432/1432/282
f 1435/1435/205 1432/1432/205 1431/1431/205
f 1438/1438/217 1439/1439/217 1440/1440/217
f 1438/1438/217 1440/1440/217 1441/1441/217
f 1442/1442/209 1438/1438/209 1441/1441/209
f 1442/1442/18 1441/1441/18 54/54/18
f 1443/1443/162 1442/1442/162 54/54/162
f 1443/1443/162 54/54/162 48/48/162
f 1439/1439/24 1443/1443/24 48/48/24
f 1439/1439/283 48/48/283 1440/1440/283
f 1444/1444/160 1445/1445/160 1446/1446/160
f 1444/1444/160 1446/1446/160 36/36/160
f 36/36/275 1446/1446/275 1447/1447/275
f 36/36/207 1447/1447/207 42/42/207
f 42/42/187 1447/1447/187 1448/1448/187
f 42/42/187 1448/1448/187 38/38/187
f 38/38/10 1448/1448/10 1445/1445/10
f 38/38/161 1445/1445/161 1444/1444/161
f 1449/1449/162 1450/1450/162 1451/1451/162
f 1449/1449/162 1451/1451/162 1452/1452/162
f 1453/1453/239 1449/1449/239 1452/1452/239
f 1453/1453/18 1452/1452/18 1454/1454/18
f 1455/1455/162 1453/1453/162 1454/1454/162
f 1455/1455/162 1454/1454/162 1456/1456/162
f 1450/1450/18 1455/1455/18 1456/1456/18
f 1450/1450/18 1456/1456/18 1451/1451/18
f 1457/1457/160 1458/1458/160 1459/1459/160
f 1457/1457/160 1459/1459/160 1460/1460/160
f 1460/1460/147 1459/1459/147 1461/1461/147
f 1460/1460/30 1461/1461/30 1462/1462/30
f 1462/1462/160 1461/1461/160 1463/1463/160
f 1462/1462/160 1463/1463/160 1464/1464/160
f 1464/1464/10 1463/1463/10 1458/1458/10
f 1464/1464/168 1458/1458/168 1457/1457/168
f 1465/1465/162 1466/1466/162 1467/1467/162
f 1465/1465/162 1467/1467/162 1457/1457/162
f 1468/1468/166 1465/1465/166 1457/1457/166
f 1468/1468/18 1457/1457/18 1464/1464/18
f 1469/1469/162 1468/1468/162 1464/1464/162
f 1469/1469/162 1464/1464/162 1470/1470/162
f 1466/1466/150 1469/1469/150 1470/1470/150
f 1466/1466/18 1470/1470/18 1467/1467/18
f 1471/1471/160 1472/1472/160 1473/1473/160
f 1471/1471/160 1473/1473/160 1474/1474/160
f 1474/1474/10 1473/1473/10 1475/1475/10
f 1474/1474/168 1475/1475/168 1476/1476/168
f 1476/1476/160 1475/1475/160 1477/1477/160
f 1476/1476/160 1477/1477/160 1478/1478/160
f 1478/1478/10 1477/1477/10 1472/1472/10
f 1478/1478/12 1472/1472/12 1471/1471/12
f 1444/1444/3 36/36/3 1441/1441/3
f 1444/1444/26 1441/1441/26 1440/1440/26
f 1446/1446/1 1445/1445/1 1439/1439/1
f 1446/1446/1 1439/1439/1 1438/1438/1
f 36/36/8 42/42/8 54/54/8
f 36/36/8 54/54/8 1441/1441/8
f 1447/1447/6 1446/1446/6 1438/1438/6
f 1447/1447/6 1438/1438/6 1442/1442/6
f 42/42/1 38/38/1 48/48/1
f 42/42/25 48/48/25 54/54/25
f 1448/1448/26 1447/1447/26 1442/1442/26
f 1448/1448/3 1442/1442/3 1443/1443/3
f 38/38/6 1444/1444/6 1440/1440/6
f 38/38/6 1440/1440/6 48/48/6
f 1445/1445/8 1448/1448/8 1443/1443/8
f 1445/1445/8 1443/1443/8 1439/1439/8
f 1457/1457/3 1460/1460/3 1452/1452/3
f 1457/1457/177 1452/1452/177 1451/1451/177
f 1459/1459/33 1458/1458/33 1450/1450/33
f 1459/1459/180 1450/1450/180 1449/1449/180
f 1460/1460/8 1462/1462/8 1454/1454/8
f 1460/1460/8 1454/1454/8 1452/1452/8
f 1461/1461/6 1459/1459/6 1449/1449/6
f 1461/1461/6 1449/1449/6 1453/1453/6
f 1462/1462/1 1464/1464/1 1456/1456/1
f 1462/1462/233 1456/1456/233 1454/1454/233
f 1463/1463/181 1461/1461/181 1453/1453/181
f 1463/1463/177 1453/1453/177 1455/1455/177
f 1464/1464/6 1457/1457/6 1451/1451/6
f 1464/1464/6 1451/1451/6 1456/1456/6
f 1458/1458/8 1463/1463/8 1455/1455/8
f 1458/1458/8 1455/1455/8 1450/1450/8
f 1471/1471/178 1474/1474/178 1457/1457/178
f 1471/1471/26 1457/1457/26 1467/1467/26
f 1473/1473/1 1472/1472/1 1466/1466/1
f 1473/1473/180 1466/1466/180 1465/1465/180
f 1474/1474/8 1476/1476/8 1464/1464/8
f 1474/1474/8 1464/1464/8 1457/1457/8
f 1475/1475/6 1473/1473/6 1465/1465/6
f 1475/1475/6 1465/1465/6 1468/1468/6
f 1476/1476/25 1478/1478/25 1470/1470/25
f 1476/1476/25 1470/1470/25 1464/1464/25
f 1477/1477/177 1475/1475/177 1468/1468/177
f 1477/1477/182 1468/1468/182 1469/1469/182
f 1478/1478/6 1471/1471/6 1467/1467/6
f 1478/1478/6 1467/1467/6 1470/1470/6
f 1472/1472/8 1477/1477/8 1469/1469/8
f 1472/1472/8 1469/1469/8 1466/1466/8
f 1479/1479/18 1480/1480/18 1481/1481/18
f 1479/1479/18 1481/1481/18 1482/1482/18
f 1483/1483/141 1484/1484/141 1485/1485/141
f 1483/1483/9 1485/1485/9 1486/1486/9
f 1483/1483/8 1486/1486/8 1482/1482/8
f 1483/1483/8 1482/1482/8 1481/1481/8
f 1486/1486/269 1485/1485/269 1479/1479/269
f 1486/1486/25 1479/1479/25 1482/1482/25
f 1485/1485/6 1484/1484/6 1480/1480/6
f 1485/1485/6 1480/1480/6 1479/1479/6
f 1484/1484/205 1483/1483/205 1481/1481/205
f 1484/1484/205 1481/1481/205 1480/1480/205
f 1487/1487/18 1488/1488/18 1489/1489/18
f 1487/1487/18 1489/1489/18 1490/1490/18
f 1491/1491/9 1492/1492/9 1493/1493/9
f 1491/1491/9 1493/1493/9 1494/1494/9
f 1491/1491/8 1494/1494/8 1490/1490/8
f 1491/1491/8 1490/1490/8 1489/1489/8
f 1494/1494/185 1493/1493/185 1487/1487/185
f 1494/1494/221 1487/1487/221 1490/1490/221
f 1493/1493/6 1492/1492/6 1488/1488/6
f 1493/1493/6 1488/1488/6 1487/1487/6
f 1492/1492/3 1491/1491/3 1489/1489/3
f 1492/1492/3 1489/1489/3 1488/1488/3
f 1495/1495/284 1496/1496/284 1497/1497/284
f 1495/1495/284 1497/1497/284 1498/1498/284
f 1496/1496/285 1499/1499/285 1500/1500/285
f 1496/1496/286 1500/1500/286 1497/1497/286
f 1499/1499/287 1501/1501/287 1502/1502/287
f 1499/1499/287 1502/1502/287 1500/1500/287
f 1501/1501/288 1495/1495/288 1498/1498/288
f 1501/1501/289 1498/1498/289 1502/1502/289
f 1503/1503/290 1504/1504/290 1505/1505/290
f 1503/1503/291 1505/1505/291 1506/1506/291
f 1504/1504/292 1496/1496/292 1507/1507/292
f 1504/1504/291 1507/1507/291 1505/1505/291
f 1496/1496/293 1495/1495/293 1508/1508/293
f 1496/1496/293 1508/1508/293 1507/1507/293
f 1495/1495/294 1503/1503/294 1506/1506/294
f 1495/1495/295 1506/1506/295 1508/1508/295
f 1509/1509/296 213/213/296 215/215/296
f 1509/1509/296 215/215/296 1510/1510/296
f 1511/1511/296 212/212/296 213/213/296
f 1511/1511/297 213/213/297 1509/1509/297
f 1512/1512/296 214/214/296 212/212/296
f 1512/1512/298 212/212/298 1511/1511/298
f 1510/1510/296 215/215/296 214/214/296
f 1510/1510/299 214/214/299 1512/1512/299
f 1513/1513/300 216/216/300 217/217/300
f 1513/1513/300 217/217/300 1514/1514/300
f 1515/1515/301 213/213/301 216/216/301
f 1515/1515/302 216/216/302 1513/1513/302
f 1516/1516/303 215/215/303 213/213/303
f 1516/1516/303 213/213/303 1515/1515/303
f 1514/1514/303 217/217/303 215/215/303
f 1514/1514/304 215/215/304 1516/1516/304
f 1498/1498/305 1497/1497/305 1509/1509/305
f 1498/1498/305 1509/1509/305 1510/1510/305
f 1499/1499/306 1496/1496/306 213/213/306
f 1499/1499/307 213/213/307 212/212/307
f 1497/1497/139 1500/1500/139 1511/1511/139
f 1497/1497/140 1511/1511/140 1509/1509/140
f 1501/1501/308 1499/1499/308 212/212/308
f 1501/1501/309 212/212/309 214/214/309
f 1500/1500/310 1502/1502/310 1512/1512/310
f 1500/1500/311 1512/1512/311 1511/1511/311
f 1495/1495/312 1501/1501/312 214/214/312
f 1495/1495/162 214/214/162 215/215/162
f 1502/1502/313 1498/1498/313 1510/1510/313
f 1502/1502/313 1510/1510/313 1512/1512/313
f 1504/1504/314 1503/1503/314 217/217/314
f 1504/1504/314 217/217/314 216/216/314
f 1506/1506/315 1505/1505/315 1513/1513/315
f 1506/1506/315 1513/1513/315 1514/1514/315
f 1496/1496/149 1504/1504/149 216/216/149
f 1496/1496/316 216/216/316 213/213/316
f 1505/1505/146 1507/1507/146 1515/1515/146
f 1505/1505/317 1515/1515/317 1513/1513/317
f 1507/1507/314 1508/1508/314 1516/1516/314
f 1507/1507/314 1516/1516/314 1515/1515/314
f 1503/1503/318 1495/1495/318 215/215/318
f 1503/1503/319 215/215/319 217/217/319
f 1508/1508/320 1506/1506/320 1514/1514/320
f 1508/1508/321 1514/1514/321 1516/1516/321
f 1511/1511/287 1512/1512/287 1510/1510/287
f 1511/1511/287 1510/1510/287 1509/1509/287
f 1515/1515/290 1516/1516/290 1514/1514/290
f 1515/1515/290 1514/1514/290 1513/1513/290
f 1517/1517/10 1518/1518/10 1519/1519/10
f 1517/1517/10 1519/1519/10 1520/1520/10
f 1518/1518/10 1521/1521/10 1522/1522/10
f 1518/1518/10 1522/1522/10 1519/1519/10
f 1523/1523/18 1496/1496/18 1524/1524/18
f 1523/1523/18 1524/1524/18 1525/1525/18
f 1526/1526/18 1527/1527/18 1496/1496/18
f 1526/1526/18 1496/1496/18 1523/1523/18
f 1523/1523/322 1525/1525/322 1520/1520/322
f 1523/1523/323 1520/1520/323 1519/1519/323
f 1525/1525/3 1524/1524/3 1517/1517/3
f 1525/1525/3 1517/1517/3 1520/1520/3
f 1524/1524/324 1496/1496/324 1518/1518/324
f 1524/1524/325 1518/1518/325 1517/1517/325
f 1526/1526/326 1523/1523/326 1519/1519/326
f 1526/1526/327 1519/1519/327 1522/1522/327
f 1496/1496/328 1527/1527/328 1521/1521/328
f 1496/1496/329 1521/1521/329 1518/1518/329
f 1527/1527/1 1526/1526/1 1522/1522/1
f 1527/1527/180 1522/1522/180 1521/1521/180
f 1528/1528/330 1529/1529/330 1530/1530/330
f 1531/1531/331 1532/1532/331 1533/1533/331
f 1534/1534/332 1535/1535/332 1536/1536/332
f 1537/1537/333 1538/1538/333 1539/1539/333
f 1540/1540/334 1541/1541/334 1542/1542/334
f 1538/1538/335 1543/1543/335 1539/1539/335
f 1544/1544/18 1538/1538/18 1545/1545/18
f 1546/1546/3 1547/1547/3 1538/1538/3
f 1548/1548/10 1549/1549/10 1547/1547/10
f 1550/1550/336 1551/1551/336 1546/1546/336
f 1538/1538/337 1552/1552/337 1553/1553/337
f 1554/1554/338 1538/1538/338 1551/1551/338
f 1555/1555/339 1546/1546/339 1539/1539/339
f 1540/1540/340 1547/1547/340 1556/1556/340
f 1539/1539/341 1546/1546/341 1557/1557/341
f 1558/1558/342 1547/1547/342 1559/1559/342
f 1560/1560/343 1561/1561/343 1562/1562/343
f 1563/1563/344 1558/1558/344 1564/1564/344
f 1565/1565/345 1566/1566/345 1567/1567/345
f 1547/1547/346 1568/1568/346 1559/1559/346
f 1569/1569/331 1570/1570/331 1571/1571/331
f 1565/1565/347 1570/1570/347 1572/1572/347
f 1573/1573/348 1535/1535/348 1528/1528/348
f 1574/1574/349 1560/1560/349 1528/1528/349
f 1549/1549/350 1574/1574/350 1529/1529/350
f 1530/1530/351 1549/1549/351 1529/1529/351
f 1533/1533/352 1575/1575/352 1532/1532/352
f 1576/1576/353 1533/1533/353 1531/1531/353
f 1577/1577/354 1576/1576/354 1531/1531/354
f 1538/1538/355 1536/1536/355 1534/1534/355
f 1573/1573/356 1575/1575/356 1535/1535/356
f 1541/1541/357 1555/1555/357 1542/1542/357
f 1560/1560/358 1573/1573/358 1528/1528/358
f 1547/1547/359 1578/1578/359 1579/1579/359
f 1547/1547/360 1555/1555/360 1539/1539/360
f 1572/1572/361 1570/1570/361 1580/1580/361
f 1537/1537/362 1539/1539/362 1557/1557/362
f 1565/1565/363 1577/1577/363 1532/1532/363
f 1528/1528/330 1574/1574/330 1529/1529/330
f 1531/1531/331 1577/1577/331 1532/1532/331
f 1534/1534/332 1575/1575/332 1535/1535/332
f 1548/1548/364 1541/1541/364 1556/1556/364
f 1544/1544/18 1546/1546/18 1538/1538/18
f 1546/1546/3 1548/1548/3 1547/1547/3
f 1548/1548/10 1581/1581/10 1549/1549/10
f 1549/1549/365 1564/1564/365 1582/1582/365
f 1547/1547/366 1579/1579/366 1556/1556/366
f 1538/1538/367 1537/1537/367 1551/1551/367
f 1568/1568/368 1547/1547/368 1536/1536/368
f 1542/1542/369 1547/1547/369 1540/1540/369
f 1551/1551/370 1537/1537/370 1557/1557/370
f 1541/1541/371 1540/1540/371 1556/1556/371
f 1558/1558/372 1583/1583/372 1562/1562/372
f 1560/1560/373 1584/1584/373 1561/1561/373
f 1585/1585/374 1586/1586/374 1587/1587/374
f 1576/1576/375 1569/1569/375 1571/1571/375
f 1536/1536/376 1547/1547/376 1530/1530/376
f 1552/1552/377 1576/1576/377 1571/1571/377
f 1565/1565/378 1567/1567/378 1570/1570/378
f 1588/1588/379 1553/1553/379 1559/1559/379
f 1553/1553/380 1552/1552/380 1566/1566/380
f 1566/1566/381 1573/1573/381 1583/1583/381
f 1566/1566/382 1552/1552/382 1567/1567/382
f 1535/1535/383 1530/1530/383 1528/1528/383
f 1549/1549/384 1563/1563/384 1564/1564/384
f 1549/1549/385 1582/1582/385 1574/1574/385
f 1530/1530/386 1547/1547/386 1549/1549/386
f 1538/1538/387 1534/1534/387 1533/1533/387
f 1576/1576/388 1538/1538/388 1533/1533/388
f 1577/1577/388 1580/1580/388 1576/1576/388
f 1573/1573/355 1589/1589/355 1575/1575/355
f 1575/1575/389 1589/1589/389 1532/1532/389
f 1538/1538/390 1588/1588/390 1559/1559/390
f 1572/1572/391 1580/1580/391 1577/1577/391
f 1573/1573/392 1560/1560/392 1583/1583/392
f 1558/1558/372 1559/1559/372 1583/1583/372
f 1575/1575/393 1533/1533/393 1566/1566/393
f 1536/1536/394 1530/1530/394 1559/1559/394
f 1583/1583/395 1560/1560/395 1562/1562/395
f 1590/1590/388 1591/1591/388 1592/1592/388
f 1593/1593/355 1594/1594/355 1595/1595/355
f 1596/1596/396 1597/1597/396 1598/1598/396
f 1599/1599/397 1600/1600/397 1601/1601/397
f 1598/1598/398 1597/1597/398 1602/1602/398
f 1598/1598/399 1603/1603/399 1604/1604/399
f 1605/1605/400 1606/1606/400 1598/1598/400
f 1606/1606/401 1605/1605/401 1607/1607/401
f 1608/1608/402 1603/1603/402 1609/1609/402
f 1610/1610/403 1611/1611/403 1612/1612/403
f 1613/1613/404 1609/1609/404 1598/1598/404
f 1614/1614/405 1597/1597/405 1603/1603/405
f 1599/1599/406 1615/1615/406 1605/1605/406
f 1616/1616/407 1617/1617/407 1618/1618/407
f 1597/1597/408 1619/1619/408 1603/1603/408
f 1620/1620/409 1621/1621/409 1622/1622/409
f 1623/1623/410 1624/1624/410 1618/1618/410
f 1625/1625/411 1616/1616/411 1620/1620/411
f 1626/1626/412 1627/1627/412 1628/1628/412
f 1622/1622/413 1621/1621/413 1629/1629/413
f 1630/1630/414 1631/1631/414 1632/1632/414
f 1626/1626/415 1633/1633/415 1632/1632/415
f 1634/1634/416 1635/1635/416 1636/1636/416
f 1637/1637/417 1635/1635/417 1623/1623/417
f 1617/1617/418 1638/1638/418 1637/1637/418
f 1639/1639/419 1638/1638/419 1617/1617/419
f 1640/1640/420 1641/1641/420 1642/1642/420
f 1643/1643/421 1644/1644/421 1640/1640/421
f 1645/1645/422 1644/1644/422 1643/1643/422
f 1610/1610/423 1646/1646/423 1647/1647/423
f 1634/1634/424 1636/1636/424 1642/1642/424
f 1601/1601/425 1600/1600/425 1614/1614/425
f 1623/1623/426 1635/1635/426 1634/1634/426
f 1605/1605/427 1648/1648/427 1649/1649/427
f 1605/1605/428 1597/1597/428 1614/1614/428
f 1633/1633/429 1650/1650/429 1632/1632/429
f 1596/1596/430 1619/1619/430 1597/1597/430
f 1626/1626/431 1641/1641/431 1645/1645/431
f 1585/1585/374 1587/1587/374 1651/1651/374
f 1590/1590/388 1592/1592/388 1652/1652/388
f 1593/1593/355 1595/1595/355 1653/1653/355
f 1606/1606/432 1615/1615/432 1601/1601/432
f 1606/1606/7 1607/1607/7 1654/1654/7
f 1603/1603/187 1655/1655/187 1604/1604/187
f 1605/1605/433 1615/1615/433 1648/1648/433
f 1598/1598/434 1609/1609/434 1596/1596/434
f 1629/1629/435 1647/1647/435 1622/1622/435
f 1609/1609/436 1619/1619/436 1596/1596/436
f 1601/1601/437 1615/1615/437 1599/1599/437
f 1620/1620/438 1624/1624/438 1656/1656/438
f 1623/1623/439 1618/1618/439 1657/1657/439
f 1643/1643/440 1631/1631/440 1630/1630/440
f 1647/1647/441 1639/1639/441 1622/1622/441
f 1612/1612/442 1631/1631/442 1643/1643/442
f 1626/1626/443 1632/1632/443 1627/1627/443
f 1658/1658/444 1621/1621/444 1611/1611/444
f 1611/1611/445 1628/1628/445 1612/1612/445
f 1628/1628/446 1656/1656/446 1634/1634/446
f 1628/1628/447 1627/1627/447 1612/1612/447
f 1636/1636/448 1635/1635/448 1639/1639/448
f 1617/1617/449 1616/1616/449 1625/1625/449
f 1617/1617/450 1637/1637/450 1659/1659/450
f 1639/1639/451 1617/1617/451 1622/1622/451
f 1610/1610/452 1640/1640/452 1646/1646/452
f 1643/1643/453 1640/1640/453 1610/1610/453
f 1645/1645/454 1643/1643/454 1650/1650/454
f 1606/1606/455 1603/1603/455 1598/1598/455
f 1634/1634/424 1642/1642/424 1660/1660/424
f 1642/1642/456 1641/1641/456 1660/1660/456
f 1610/1610/457 1621/1621/457 1658/1658/457
f 1633/1633/458 1645/1645/458 1650/1650/458
f 1634/1634/459 1656/1656/459 1623/1623/459
f 1620/1620/460 1656/1656/460 1621/1621/460
f 1642/1642/461 1628/1628/461 1640/1640/461
f 1533/1533/462 1591/1591/462 1590/1590/462
f 1647/1647/463 1621/1621/463 1639/1639/463
f 1656/1656/464 1624/1624/464 1623/1623/464
f 1533/1533/465 1590/1590/465 1531/1531/465
f 1528/1528/466 1651/1651/466 1574/1574/466
f 1534/1534/467 1653/1653/467 1575/1575/467
f 1531/1531/468 1652/1652/468 1577/1577/468
f 1574/1574/469 1587/1587/469 1529/1529/469
f 1575/1575/470 1595/1595/470 1535/1535/470
f 1529/1529/471 1586/1586/471 1530/1530/471
f 1577/1577/472 1592/1592/472 1532/1532/472
f 1532/1532/473 1591/1591/473 1533/1533/473
f 1535/1535/474 1594/1594/475 1536/1536/474
f 1528/1528/476 1586/1586/476 1585/1585/476
f 1536/1536/477 1593/1593/477 1534/1534/477
f 1614/1614/478 1600/1600/478 1599/1599/478
f 1528/1528/479 1585/1585/479 1651/1651/479
f 1534/1534/480 1593/1593/480 1653/1653/481
f 1531/1531/482 1590/1590/483 1652/1652/482
f 1574/1574/484 1651/1651/484 1587/1587/484
f 1575/1575/485 1653/1653/485 1595/1595/485
f 1529/1529/486 1587/1587/486 1586/1586/487
f 1577/1577/488 1652/1652/488 1592/1592/488
f 1532/1532/489 1592/1592/489 1591/1591/490
f 1535/1535/491 1595/1595/491 1594/1594/491
f 1528/1528/492 1530/1530/493 1586/1586/492
f 1536/1536/494 1594/1594/494 1593/1593/494
f 1538/1538/6 1661/1661/6 1545/1545/6
f 1550/1550/34 1545/1545/34 1554/1554/34
f 1547/1547/6 1543/1543/6 1538/1538/6
f 1546/1546/495 1555/1555/495 1548/1548/495
f 1574/1574/496 1584/1584/496 1560/1560/496
f 1581/1581/3 1662/1662/3 1549/1549/3
f 1579/1579/227 1662/1662/227 1556/1556/227
f 1548/1548/8 1662/1662/8 1581/1581/8
f 1564/1564/365 1561/1561/365 1582/1582/365
f 1662/1662/497 1548/1548/497 1556/1556/497
f 1584/1584/498 1582/1582/498 1561/1561/498
f 1568/1568/499 1538/1538/499 1559/1559/499
f 1588/1588/500 1538/1538/500 1553/1553/500
f 1565/1565/501 1589/1589/501 1566/1566/501
f 1533/1533/502 1534/1534/502 1553/1553/502
f 1589/1589/503 1565/1565/503 1532/1532/503
f 1545/1545/3 1661/1661/3 1554/1554/3
f 1562/1562/504 1530/1530/504 1558/1558/504
f 1561/1561/505 1528/1528/505 1562/1562/505
f 1552/1552/506 1538/1538/506 1576/1576/506
f 1564/1564/25 1574/1574/25 1561/1561/25
f 1558/1558/507 1529/1529/507 1564/1564/507
f 1567/1567/508 1533/1533/508 1532/1532/508
f 1571/1571/509 1533/1533/509 1552/1552/509
f 1571/1571/510 1577/1577/510 1531/1531/510
f 1572/1572/511 1577/1577/511 1565/1565/511
f 1567/1567/512 1577/1577/512 1570/1570/512
f 1553/1553/513 1536/1536/513 1559/1559/513
f 1566/1566/514 1533/1533/514 1553/1553/514
f 1583/1583/515 1575/1575/515 1566/1566/515
f 1559/1559/516 1530/1530/516 1583/1583/516
f 1661/1661/517 1538/1538/517 1554/1554/517
f 1543/1543/518 1547/1547/518 1539/1539/518
f 1546/1546/8 1544/1544/8 1550/1550/8
f 1554/1554/519 1551/1551/519 1550/1550/519
f 1550/1550/3 1544/1544/3 1545/1545/3
f 1551/1551/520 1557/1557/520 1546/1546/520
f 1547/1547/6 1549/1549/6 1578/1578/6
f 1579/1579/3 1578/1578/3 1549/1549/3
f 1574/1574/521 1582/1582/521 1584/1584/521
f 1662/1662/5 1579/1579/5 1549/1549/5
f 1555/1555/522 1541/1541/522 1548/1548/522
f 1569/1569/523 1576/1576/523 1570/1570/523
f 1558/1558/524 1563/1563/524 1549/1549/524
f 1538/1538/525 1568/1568/525 1536/1536/525
f 1542/1542/526 1555/1555/526 1547/1547/526
f 1562/1562/527 1528/1528/527 1530/1530/527
f 1566/1566/381 1589/1589/381 1573/1573/381
f 1561/1561/528 1574/1574/528 1528/1528/528
f 1564/1564/1 1529/1529/1 1574/1574/1
f 1547/1547/529 1558/1558/529 1549/1549/529
f 1558/1558/530 1530/1530/530 1529/1529/530
f 1567/1567/531 1552/1552/531 1533/1533/531
f 1571/1571/532 1531/1531/532 1533/1533/532
f 1570/1570/533 1576/1576/533 1580/1580/533
f 1571/1571/534 1570/1570/534 1577/1577/534
f 1567/1567/535 1532/1532/535 1577/1577/535
f 1553/1553/536 1534/1534/536 1536/1536/536
f 1530/1530/537 1535/1535/537 1583/1583/537
f 1583/1583/515 1535/1535/515 1575/1575/515
f 1598/1598/8 1604/1604/8 1663/1663/8
f 1608/1608/538 1613/1613/538 1604/1604/538
f 1605/1605/539 1598/1598/539 1602/1602/539
f 1603/1603/540 1606/1606/540 1614/1614/540
f 1637/1637/541 1623/1623/541 1657/1657/541
f 1654/1654/180 1607/1607/180 1664/1664/180
f 1648/1648/542 1615/1615/542 1664/1664/542
f 1606/1606/543 1654/1654/543 1664/1664/543
f 1664/1664/544 1615/1615/544 1606/1606/544
f 1657/1657/545 1618/1618/545 1659/1659/545
f 1629/1629/546 1621/1621/546 1610/1610/546
f 1658/1658/547 1611/1611/547 1610/1610/547
f 1626/1626/548 1628/1628/548 1660/1660/548
f 1640/1640/549 1611/1611/549 1646/1646/549
f 1660/1660/550 1641/1641/550 1626/1626/550
f 1604/1604/551 1613/1613/551 1663/1663/551
f 1639/1639/552 1635/1635/552 1620/1620/552
f 1618/1618/553 1624/1624/553 1635/1635/553
f 1612/1612/554 1643/1643/554 1610/1610/554
f 1616/1616/555 1618/1618/555 1637/1637/555
f 1638/1638/556 1639/1639/556 1616/1616/556
f 1640/1640/557 1612/1612/557 1641/1641/557
f 1640/1640/558 1644/1644/558 1612/1612/558
f 1631/1631/559 1644/1644/559 1645/1645/559
f 1633/1633/560 1626/1626/560 1645/1645/560
f 1645/1645/561 1641/1641/561 1632/1632/561
f 1647/1647/562 1646/1646/562 1621/1621/562
f 1628/1628/563 1611/1611/563 1640/1640/563
f 1642/1642/564 1636/1636/564 1628/1628/564
f 1621/1621/565 1656/1656/565 1639/1639/565
f 1663/1663/566 1613/1613/566 1598/1598/566
f 1602/1602/567 1597/1597/567 1605/1605/567
f 1635/1635/568 1624/1624/568 1620/1620/568
f 1617/1617/569 1659/1659/569 1618/1618/569
f 1603/1603/570 1608/1608/570 1655/1655/570
f 1613/1613/571 1608/1608/571 1609/1609/571
f 1608/1608/176 1604/1604/176 1655/1655/176
f 1609/1609/572 1603/1603/572 1619/1619/572
f 1605/1605/230 1649/1649/230 1607/1607/230
f 1648/1648/573 1607/1607/573 1649/1649/573
f 1637/1637/574 1657/1657/574 1659/1659/574
f 1664/1664/575 1607/1607/575 1648/1648/575
f 1605/1605/576 1614/1614/576 1599/1599/576
f 1614/1614/577 1606/1606/577 1601/1601/577
f 1630/1630/578 1632/1632/578 1643/1643/578
f 1620/1620/579 1617/1617/579 1625/1625/579
f 1610/1610/580 1647/1647/580 1629/1629/580
f 1641/1641/581 1627/1627/581 1632/1632/581
f 1628/1628/446 1634/1634/446 1660/1660/446
f 1618/1618/582 1635/1635/582 1637/1637/582
f 1616/1616/583 1637/1637/583 1638/1638/583
f 1622/1622/584 1617/1617/584 1620/1620/584
f 1636/1636/585 1656/1656/585 1628/1628/585
f 1646/1646/586 1611/1611/586 1621/1621/586
f 1639/1639/587 1620/1620/587 1616/1616/587
f 1632/1632/588 1650/1650/588 1643/1643/588
f 1631/1631/589 1645/1645/589 1632/1632/589
f 1612/1612/590 1627/1627/590 1641/1641/590
f 1644/1644/591 1631/1631/591 1612/1612/591
f 1639/1639/592 1656/1656/592 1636/1636/592
f 1538/1538/10 1665/1665/10 1545/1545/10
f 1547/1547/1 1666/1666/1 1538/1538/1
f 1549/1549/18 1667/1667/18 1547/1547/18
f 1668/1668/8 1669/1669/8 1667/1667/8
f 1669/1669/8 1666/1666/8 1667/1667/8
f 1670/1670/8 1665/1665/8 1666/1666/8
f 1671/1671/3 1549/1549/3 1582/1582/3
f 1538/1538/10 1666/1666/10 1665/1665/10
f 1547/1547/1 1667/1667/1 1666/1666/1
f 1549/1549/18 1668/1668/18 1667/1667/18
f 1668/1668/8 1671/1671/8 1669/1669/8
f 1669/1669/8 1670/1670/8 1666/1666/8
f 1670/1670/8 1672/1672/8 1665/1665/8
f 1671/1671/3 1668/1668/3 1549/1549/3
f 1673/1673/6 1674/1674/6 1675/1675/6
f 1673/1673/6 1675/1675/6 1676/1676/6
f 1674/1674/6 1677/1677/6 1678/1678/6
f 1674/1674/6 1678/1678/6 1675/1675/6
f 1677/1677/6 1679/1679/6 1680/1680/6
f 1677/1677/6 1680/1680/6 1678/1678/6
f 1679/1679/6 1673/1673/6 1676/1676/6
f 1679/1679/6 1676/1676/6 1680/1680/6
f 1681/1681/8 1682/1682/8 1683/1683/8
f 1681/1681/8 1683/1683/8 1684/1684/8
f 1682/1682/8 1685/1685/8 1686/1686/8
f 1682/1682/8 1686/1686/8 1683/1683/8
f 1685/1685/8 1687/1687/8 1688/1688/8
f 1685/1685/8 1688/1688/8 1686/1686/8
f 1687/1687/8 1681/1681/8 1684/1684/8
f 1687/1687/8 1684/1684/8 1688/1688/8
f 1689/1689/6 1690/1690/6 1691/1691/6
f 1689/1689/6 1691/1691/6 1692/1692/6
f 1690/1690/6 1693/1693/6 1694/1694/6
f 1690/1690/6 1694/1694/6 1691/1691/6
f 1693/1693/6 1695/1695/6 1696/1696/6
f 1693/1693/6 1696/1696/6 1694/1694/6
f 1695/1695/6 1689/1689/6 1692/1692/6
f 1695/1695/6 1692/1692/6 1696/1696/6
f 1697/1697/6 1698/1698/6 1699/1699/6
f 1697/1697/6 1699/1699/6 1700/1700/6
f 1698/1698/6 1701/1701/6 1702/1702/6
f 1698/1698/6 1702/1702/6 1699/1699/6
f 1701/1701/6 1703/1703/6 1704/1704/6
f 1701/1701/6 1704/1704/6 1702/1702/6
f 1703/1703/6 1697/1697/6 1700/1700/6
f 1703/1703/6 1700/1700/6 1704/1704/6
f 1705/1705/8 1706/1706/8 1707/1707/8
f 1705/1705/8 1707/1707/8 1708/1708/8
f 1706/1706/8 1709/1709/8 1710/1710/8
f 1706/1706/8 1710/1710/8 1707/1707/8
f 1709/1709/8 1711/1711/8 1712/1712/8
f 1709/1709/8 1712/1712/8 1710/1710/8
f 1711/1711/8 1705/1705/8 1708/1708/8
f 1711/1711/8 1708/1708/8 1712/1712/8
f 1713/1713/6 1714/1714/6 1715/1715/6
f 1713/1713/6 1715/1715/6 1716/1716/6
f 1714/1714/6 1717/1717/6 1718/1718/6
f 1714/1714/6 1718/1718/6 1715/1715/6
f 1717/1717/6 1719/1719/6 1720/1720/6
f 1717/1717/6 1720/1720/6 1718/1718/6
f 1719/1719/6 1713/1713/6 1716/1716/6
f 1719/1719/6 1716/1716/6 1720/1720/6
f 1721/1721/6 1722/1722/6 1723/1723/6
f 1721/1721/6 1723/1723/6 1724/1724/6
f 1722/1722/6 1725/1725/6 1726/1726/6
f 1722/1722/6 1726/1726/6 1723/1723/6
f 1725/1725/6 1727/1727/6 1728/1728/6
f 1725/1725/6 1728/1728/6 1726/1726/6
f 1727/1727/6 1721/1721/6 1724/1724/6
f 1727/1727/6 1724/1724/6 1728/1728/6
f 1729/1729/8 1730/1730/8 1731/1731/8
f 1729/1729/8 1731/1731/8 1732/1732/8
f 1730/1730/8 1733/1733/8 1734/1734/8
f 1730/1730/8 1734/1734/8 1731/1731/8
f 1733/1733/8 1735/1735/8 1736/1736/8
f 1733/1733/8 1736/1736/8 1734/1734/8
f 1735/1735/8 1729/1729/8 1732/1732/8
f 1735/1735/8 1732/1732/8 1736/1736/8
f 1737/1737/6 1738/1738/6 1739/1739/6
f 1737/1737/6 1739/1739/6 1740/1740/6
f 1738/1738/6 1741/1741/6 1742/1742/6
f 1738/1738/6 1742/1742/6 1739/1739/6
f 1741/1741/6 1743/1743/6 1744/1744/6
f 1741/1741/6 1744/1744/6 1742/1742/6
f 1743/1743/6 1737/1737/6 1740/1740/6
f 1743/1743/6 1740/1740/6 1744/1744/6
f 1745/1745/6 1746/1746/6 1747/1747/6
f 1745/1745/6 1747/1747/6 1748/1748/6
f 1746/1746/6 1749/1749/6 1750/1750/6
f 1746/1746/6 1750/1750/6 1747/1747/6
f 1749/1749/6 1751/1751/6 1752/1752/6
f 1749/1749/6 1752/1752/6 1750/1750/6
f 1751/1751/6 1745/1745/6 1748/1748/6
f 1751/1751/6 1748/1748/6 1752/1752/6
f 1753/1753/8 1754/1754/8 1755/1755/8
f 1753/1753/8 1755/1755/8 1756/1756/8
f 1754/1754/8 1757/1757/8 1758/1758/8
f 1754/1754/8 1758/1758/8 1755/1755/8
f 1757/1757/8 1759/1759/8 1760/1760/8
f 1757/1757/8 1760/1760/8 1758/1758/8
f 1759/1759/8 1753/1753/8 1756/1756/8
f 1759/1759/8 1756/1756/8 1760/1760/8
f 1761/1761/6 1762/1762/6 1763/1763/6
f 1761/1761/6 1763/1763/6 1764/1764/6
f 1762/1762/6 1765/1765/6 1766/1766/6
f 1762/1762/6 1766/1766/6 1763/1763/6
f 1765/1765/6 1767/1767/6 1768/1768/6
f 1765/1765/6 1768/1768/6 1766/1766/6
f 1767/1767/6 1761/1761/6 1764/1764/6
f 1767/1767/6 1764/1764/6 1768/1768/6
f 1769/1769/6 1770/1770/6 1771/1771/6
f 1769/1769/6 1771/1771/6 1772/1772/6
f 1770/1770/6 1773/1773/6 1774/1774/6
f 1770/1770/6 1774/1774/6 1771/1771/6
f 1773/1773/6 1775/1775/6 1776/1776/6
f 1773/1773/6 1776/1776/6 1774/1774/6
f 1775/1775/6 1769/1769/6 1772/1772/6
f 1775/1775/6 1772/1772/6 1776/1776/6
f 1777/1777/8 1778/1778/8 1779/1779/8
f 1777/1777/8 1779/1779/8 1780/1780/8
f 1778/1778/8 1781/1781/8 1782/1782/8
f 1778/1778/8 1782/1782/8 1779/1779/8
f 1781/1781/8 1783/1783/8 1784/1784/8
f 1781/1781/8 1784/1784/8 1782/1782/8
f 1783/1783/8 1777/1777/8 1780/1780/8
f 1783/1783/8 1780/1780/8 1784/1784/8
f 1785/1785/6 1786/1786/6 1787/1787/6
f 1785/1785/6 1787/1787/6 1788/1788/6
f 1786/1786/6 1789/1789/6 1790/1790/6
f 1786/1786/6 1790/1790/6 1787/1787/6
f 1789/1789/6 1791/1791/6 1792/1792/6
f 1789/1789/6 1792/1792/6 1790/1790/6
f 1791/1791/6 1785/1785/6 1788/1788/6
f 1791/1791/6 1788/1788/6 1792/1792/6
f 1793/1793/6 1794/1794/6 1795/1795/6
f 1793/1793/6 1795/1795/6 1796/1796/6
f 1794/1794/6 1797/1797/6 1798/1798/6
f 1794/1794/6 1798/1798/6 1795/1795/6
f 1797/1797/6 1799/1799/6 1800/1800/6
f 1797/1797/6 1800/1800/6 1798/1798/6
f 1799/1799/6 1793/1793/6 1796/1796/6
f 1799/1799/6 1796/1796/6 1800/1800/6
f 1801/1801/8 1802/1802/8 1803/1803/8
f 1801/1801/8 1803/1803/8 1804/1804/8
f 1802/1802/8 1805/1805/8 1806/1806/8
f 1802/1802/8 1806/1806/8 1803/1803/8
f 1805/1805/8 1807/1807/8 1808/1808/8
f 1805/1805/8 1808/1808/8 1806/1806/8
f 1807/1807/8 1801/1801/8 1804/1804/8
f 1807/1807/8 1804/1804/8 1808/1808/8
f 1809/1809/6 1810/1810/6 1811/1811/6
f 1809/1809/6 1811/1811/6 1812/1812/6
f 1810/1810/6 1813/1813/6 1814/1814/6
f 1810/1810/6 1814/1814/6 1811/1811/6
f 1813/1813/6 1815/1815/6 1816/1816/6
f 1813/1813/6 1816/1816/6 1814/1814/6
f 1815/1815/6 1809/1809/6 1812/1812/6
f 1815/1815/6 1812/1812/6 1816/1816/6
f 1817/1817/6 1818/1818/6 1819/1819/6
f 1817/1817/6 1819/1819/6 1820/1820/6
f 1818/1818/6 1821/1821/6 1822/1822/6
f 1818/1818/6 1822/1822/6 1819/1819/6
f 1821/1821/6 1823/1823/6 1824/1824/6
f 1821/1821/6 1824/1824/6 1822/1822/6
f 1823/1823/6 1817/1817/6 1820/1820/6
f 1823/1823/6 1820/1820/6 1824/1824/6
f 1825/1825/8 1826/1826/8 1827/1827/8
f 1825/1825/8 1827/1827/8 1828/1828/8
f 1826/1826/8 1829/1829/8 1830/1830/8
f 1826/1826/8 1830/1830/8 1827/1827/8
f 1829/1829/8 1831/1831/8 1832/1832/8
f 1829/1829/8 1832/1832/8 1830/1830/8
f 1831/1831/8 1825/1825/8 1828/1828/8
f 1831/1831/8 1828/1828/8 1832/1832/8
f 1833/1833/6 1834/1834/6 1835/1835/6
f 1833/1833/6 1835/1835/6 1836/1836/6
f 1834/1834/6 1837/1837/6 1838/1838/6
f 1834/1834/6 1838/1838/6 1835/1835/6
f 1837/1837/6 1839/1839/6 1840/1840/6
f 1837/1837/6 1840/1840/6 1838/1838/6
f 1839/1839/6 1833/1833/6 1836/1836/6
f 1839/1839/6 1836/1836/6 1840/1840/6
f 1841/1841/6 1842/1842/6 1843/1843/6
f 1841/1841/6 1843/1843/6 1844/1844/6
f 1842/1842/6 1845/1845/6 1846/1846/6
f 1842/1842/6 1846/1846/6 1843/1843/6
f 1845/1845/6 1847/1847/6 1848/1848/6
f 1845/1845/6 1848/1848/6 1846/1846/6
f 1847/1847/6 1841/1841/6 1844/1844/6
f 1847/1847/6 1844/1844/6 1848/1848/6
f 1849/1849/8 1850/1850/8 1851/1851/8
f 1849/1849/8 1851/1851/8 1852/1852/8
f 1850/1850/8 1853/1853/8 1854/1854/8
f 1850/1850/8 1854/1854/8 1851/1851/8
f 1853/1853/8 1855/1855/8 1856/1856/8
f 1853/1853/8 1856/1856/8 1854/1854/8
f 1855/1855/8 1849/1849/8 1852/1852/8
f 1855/1855/8 1852/1852/8 1856/1856/8
f 1857/1857/6 1858/1858/6 1859/1859/6
f 1857/1857/6 1859/1859/6 1860/1860/6
f 1858/1858/6 1861/1861/6 1862/1862/6
f 1858/1858/6 1862/1862/6 1859/1859/6
f 1861/1861/6 1863/1863/6 1864/1864/6
f 1861/1861/6 1864/1864/6 1862/1862/6
f 1863/1863/6 1857/1857/6 1860/1860/6
f 1863/1863/6 1860/1860/6 1864/1864/6
f 1865/1865/6 1866/1866/6 1867/1867/6
f 1865/1865/6 1867/1867/6 1868/1868/6
f 1866/1866/6 1869/1869/6 1870/1870/6
f 1866/1866/6 1870/1870/6 1867/1867/6
f 1869/1869/6 1871/1871/6 1872/1872/6
f 1869/1869/6 1872/1872/6 1870/1870/6
f 1871/1871/6 1865/1865/6 1868/1868/6
f 1871/1871/6 1868/1868/6 1872/1872/6
f 1873/1873/8 1874/1874/8 1875/1875/8
f 1873/1873/8 1875/1875/8 1876/1876/8
f 1874/1874/8 1877/1877/8 1878/1878/8
f 1874/1874/8 1878/1878/8 1875/1875/8
f 1877/1877/8 1879/1879/8 1880/1880/8
f 1877/1877/8 1880/1880/8 1878/1878/8
f 1879/1879/8 1873/1873/8 1876/1876/8
f 1879/1879/8 1876/1876/8 1880/1880/8
f 1881/1881/6 1882/1882/6 1883/1883/6
f 1881/1881/6 1883/1883/6 1884/1884/6
f 1882/1882/6 1885/1885/6 1886/1886/6
f 1882/1882/6 1886/1886/6 1883/1883/6
f 1885/1885/6 1887/1887/6 1888/1888/6
f 1885/1885/6 1888/1888/6 1886/1886/6
f 1887/1887/6 1881/1881/6 1884/1884/6
f 1887/1887/6 1884/1884/6 1888/1888/6
f 1889/1889/6 1890/1890/6 1891/1891/6
f 1889/1889/6 1891/1891/6 1892/1892/6
f 1890/1890/6 1893/1893/6 1894/1894/6
f 1890/1890/6 1894/1894/6 1891/1891/6
f 1893/1893/6 1895/1895/6 1896/1896/6
f 1893/1893/6 1896/1896/6 1894/1894/6
f 1895/1895/6 1889/1889/6 1892/1892/6
f 1895/1895/6 1892/1892/6 1896/1896/6
f 1897/1897/8 1898/1898/8 1899/1899/8
f 1897/1897/8 1899/1899/8 1900/1900/8
f 1898/1898/8 1901/1901/8 1902/1902/8
f 1898/1898/8 1902/1902/8 1899/1899/8
f 1901/1901/8 1903/1903/8 1904/1904/8
f 1901/1901/8 1904/1904/8 1902/1902/8
f 1903/1903/8 1897/1897/8 1900/1900/8
f 1903/1903/8 1900/1900/8 1904/1904/8
f 1905/1905/6 1906/1906/6 1907/1907/6
f 1905/1905/6 1907/1907/6 1908/1908/6
f 1906/1906/6 1909/1909/6 1910/1910/6
f 1906/1906/6 1910/1910/6 1907/1907/6
f 1909/1909/6 1911/1911/6 1912/1912/6
f 1909/1909/6 1912/1912/6 1910/1910/6
f 1911/1911/6 1905/1905/6 1908/1908/6
f 1911/1911/6 1908/1908/6 1912/1912/6
f 1913/1913/6 1914/1914/6 1915/1915/6
f 1913/1913/6 1915/1915/6 1916/1916/6
f 1914/1914/6 1917/1917/6 1918/1918/6
f 1914/1914/6 1918/1918/6 1915/1915/6
f 1917/1917/6 1919/1919/6 1920/1920/6
f 1917/1917/6 1920/1920/6 1918/1918/6
f 1919/1919/6 1913/1913/6 1916/1916/6
f 1919/1919/6 1916/1916/6 1920/1920/6
f 1921/1921/8 1922/1922/8 1923/1923/8
f 1921/1921/8 1923/1923/8 1924/1924/8
f 1922/1922/8 1925/1925/8 1926/1926/8
f 1922/1922/8 1926/1926/8 1923/1923/8
f 1925/1925/8 1927/1927/8 1928/1928/8
f 1925/1925/8 1928/1928/8 1926/1926/8
f 1927/1927/8 1921/1921/8 1924/1924/8
f 1927/1927/8 1924/1924/8 1928/1928/8
f 1929/1929/6 1930/1930/6 1931/1931/6
f 1929/1929/6 1931/1931/6 1932/1932/6
f 1930/1930/6 1933/1933/6 1934/1934/6
f 1930/1930/6 1934/1934/6 1931/1931/6
f 1933/1933/6 1935/1935/6 1936/1936/6
f 1933/1933/6 1936/1936/6 1934/1934/6
f 1935/1935/6 1929/1929/6 1932/1932/6
f 1935/1935/6 1932/1932/6 1936/1936/6
f 1937/1937/10 1692/1692/10 1691/1691/10
f 1937/1937/10 1691/1691/10 1938/1938/10
f 1939/1939/3 1696/1696/3 1692/1692/3
f 1939/1939/3 1692/1692/3 1937/1937/3
f 1940/1940/7 1694/1694/7 1696/1696/7
f 1940/1940/18 1696/1696/18 1939/1939/18
f 1938/1938/25 1691/1691/25 1694/1694/25
f 1938/1938/1 1694/1694/1 1940/1940/1
f 1682/1682/10 1681/1681/10 1674/1674/10
f 1682/1682/10 1674/1674/10 1673/1673/10
f 1685/1685/3 1682/1682/3 1673/1673/3
f 1685/1685/26 1673/1673/26 1679/1679/26
f 1687/1687/7 1685/1685/7 1679/1679/7
f 1687/1687/7 1679/1679/7 1677/1677/7
f 1681/1681/1 1687/1687/1 1677/1677/1
f 1681/1681/25 1677/1677/25 1674/1674/25
f 1941/1941/9 1942/1942/9 1684/1684/9
f 1941/1941/9 1684/1684/9 1683/1683/9
f 1943/1943/26 1941/1941/26 1683/1683/26
f 1943/1943/3 1683/1683/3 1686/1686/3
f 1944/1944/18 1943/1943/18 1686/1686/18
f 1944/1944/18 1686/1686/18 1688/1688/18
f 1942/1942/1 1944/1944/1 1688/1688/1
f 1942/1942/25 1688/1688/25 1684/1684/25
f 1942/1942/6 1941/1941/6 1943/1943/6
f 1942/1942/6 1943/1943/6 1944/1944/6
f 1676/1676/9 1675/1675/9 1690/1690/9
f 1676/1676/9 1690/1690/9 1689/1689/9
f 1680/1680/26 1676/1676/26 1689/1689/26
f 1680/1680/3 1689/1689/3 1695/1695/3
f 1678/1678/18 1680/1680/18 1695/1695/18
f 1678/1678/18 1695/1695/18 1693/1693/18
f 1675/1675/1 1678/1678/1 1693/1693/1
f 1675/1675/1 1693/1693/1 1690/1690/1
f 1939/1939/8 1937/1937/8 1938/1938/8
f 1939/1939/8 1938/1938/8 1940/1940/8
f 1945/1945/10 1716/1716/10 1715/1715/10
f 1945/1945/10 1715/1715/10 1946/1946/10
f 1947/1947/3 1720/1720/3 1716/1716/3
f 1947/1947/3 1716/1716/3 1945/1945/3
f 1948/1948/7 1718/1718/7 1720/1720/7
f 1948/1948/7 1720/1720/7 1947/1947/7
f 1946/1946/25 1715/1715/25 1718/1718/25
f 1946/1946/1 1718/1718/1 1948/1948/1
f 1706/1706/9 1705/1705/9 1698/1698/9
f 1706/1706/9 1698/1698/9 1697/1697/9
f 1709/1709/3 1706/1706/3 1697/1697/3
f 1709/1709/26 1697/1697/26 1703/1703/26
f 1711/1711/18 1709/1709/18 1703/1703/18
f 1711/1711/18 1703/1703/18 1701/1701/18
f 1705/1705/1 1711/1711/1 1701/1701/1
f 1705/1705/25 1701/1701/25 1698/1698/25
f 1949/1949/10 1950/1950/10 1708/1708/10
f 1949/1949/10 1708/1708/10 1707/1707/10
f 1951/1951/3 1949/1949/3 1707/1707/3
f 1951/1951/3 1707/1707/3 1710/1710/3
f 1952/1952/7 1951/1951/7 1710/1710/7
f 1952/1952/7 1710/1710/7 1712/1712/7
f 1950/1950/1 1952/1952/1 1712/1712/1
f 1950/1950/1 1712/1712/1 1708/1708/1
f 1950/1950/6 1949/1949/6 1951/1951/6
f 1950/1950/6 1951/1951/6 1952/1952/6
f 1700/1700/9 1699/1699/9 1714/1714/9
f 1700/1700/9 1714/1714/9 1713/1713/9
f 1704/1704/26 1700/1700/26 1713/1713/26
f 1704/1704/3 1713/1713/3 1719/1719/3
f 1702/1702/7 1704/1704/7 1719/1719/7
f 1702/1702/7 1719/1719/7 1717/1717/7
f 1699/1699/1 1702/1702/1 1717/1717/1
f 1699/1699/1 1717/1717/1 1714/1714/1
f 1947/1947/8 1945/1945/8 1946/1946/8
f 1947/1947/8 1946/1946/8 1948/1948/8
f 1953/1953/10 1740/1740/10 1739/1739/10
f 1953/1953/10 1739/1739/10 191/191/10
f 1954/1954/3 1744/1744/3 1740/1740/3
f 1954/1954/26 1740/1740/26 1953/1953/26
f 1955/1955/18 1742/1742/18 1744/1744/18
f 1955/1955/7 1744/1744/7 1954/1954/7
f 191/191/1 1739/1739/1 1742/1742/1
f 191/191/1 1742/1742/1 1955/1955/1
f 1730/1730/9 1729/1729/9 1722/1722/9
f 1730/1730/9 1722/1722/9 1721/1721/9
f 1733/1733/26 1730/1730/26 1721/1721/26
f 1733/1733/3 1721/1721/3 1727/1727/3
f 1735/1735/7 1733/1733/7 1727/1727/7
f 1735/1735/7 1727/1727/7 1725/1725/7
f 1729/1729/1 1735/1735/1 1725/1725/1
f 1729/1729/25 1725/1725/25 1722/1722/25
f 1956/1956/9 1957/1957/9 1732/1732/9
f 1956/1956/9 1732/1732/9 1731/1731/9
f 1958/1958/3 1956/1956/3 1731/1731/3
f 1958/1958/26 1731/1731/26 1734/1734/26
f 1959/1959/18 1958/1958/18 1734/1734/18
f 1959/1959/18 1734/1734/18 1736/1736/18
f 1957/1957/1 1959/1959/1 1736/1736/1
f 1957/1957/25 1736/1736/25 1732/1732/25
f 1957/1957/6 1956/1956/6 1958/1958/6
f 1957/1957/6 1958/1958/6 1959/1959/6
f 1724/1724/9 1723/1723/9 1738/1738/9
f 1724/1724/9 1738/1738/9 1737/1737/9
f 1728/1728/3 1724/1724/3 1737/1737/3
f 1728/1728/26 1737/1737/26 1743/1743/26
f 1726/1726/18 1728/1728/18 1743/1743/18
f 1726/1726/18 1743/1743/18 1741/1741/18
f 1723/1723/1 1726/1726/1 1741/1741/1
f 1723/1723/1 1741/1741/1 1738/1738/1
f 1954/1954/8 1953/1953/8 191/191/8
f 1954/1954/8 191/191/8 1955/1955/8
f 1960/1960/10 1764/1764/10 1763/1763/10
f 1960/1960/10 1763/1763/10 1961/1961/10
f 1962/1962/3 1768/1768/3 1764/1764/3
f 1962/1962/3 1764/1764/3 1960/1960/3
f 1963/1963/18 1766/1766/18 1768/1768/18
f 1963/1963/18 1768/1768/18 1962/1962/18
f 1961/1961/1 1763/1763/1 1766/1766/1
f 1961/1961/1 1766/1766/1 1963/1963/1
f 1754/1754/10 1753/1753/10 1746/1746/10
f 1754/1754/10 1746/1746/10 1745/1745/10
f 1757/1757/26 1754/1754/26 1745/1745/26
f 1757/1757/3 1745/1745/3 1751/1751/3
f 1759/1759/7 1757/1757/7 1751/1751/7
f 1759/1759/7 1751/1751/7 1749/1749/7
f 1753/1753/1 1759/1759/1 1749/1749/1
f 1753/1753/25 1749/1749/25 1746/1746/25
f 1964/1964/9 1965/1965/9 1756/1756/9
f 1964/1964/9 1756/1756/9 1755/1755/9
f 1966/1966/3 1964/1964/3 1755/1755/3
f 1966/1966/3 1755/1755/3 1758/1758/3
f 1967/1967/140 1966/1966/140 1758/1758/140
f 1967/1967/140 1758/1758/140 1760/1760/140
f 1965/1965/1 1967/1967/1 1760/1760/1
f 1965/1965/1 1760/1760/1 1756/1756/1
f 1965/1965/6 1964/1964/6 1966/1966/6
f 1965/1965/6 1966/1966/6 1967/1967/6
f 1748/1748/9 1747/1747/9 1762/1762/9
f 1748/1748/10 1762/1762/10 1761/1761/10
f 1752/1752/26 1748/1748/26 1761/1761/26
f 1752/1752/3 1761/1761/3 1767/1767/3
f 1750/1750/140 1752/1752/140 1767/1767/140
f 1750/1750/140 1767/1767/140 1765/1765/140
f 1747/1747/1 1750/1750/1 1765/1765/1
f 1747/1747/1 1765/1765/1 1762/1762/1
f 1962/1962/8 1960/1960/8 1961/1961/8
f 1962/1962/8 1961/1961/8 1963/1963/8
f 1968/1968/9 1788/1788/9 1787/1787/9
f 1968/1968/9 1787/1787/9 1969/1969/9
f 1970/1970/3 1792/1792/3 1788/1788/3
f 1970/1970/3 1788/1788/3 1968/1968/3
f 1971/1971/7 1790/1790/7 1792/1792/7
f 1971/1971/7 1792/1792/7 1970/1970/7
f 1969/1969/25 1787/1787/25 1790/1790/25
f 1969/1969/1 1790/1790/1 1971/1971/1
f 1778/1778/10 1777/1777/10 1770/1770/10
f 1778/1778/10 1770/1770/10 1769/1769/10
f 1781/1781/3 1778/1778/3 1769/1769/3
f 1781/1781/26 1769/1769/26 1775/1775/26
f 1783/1783/18 1781/1781/18 1775/1775/18
f 1783/1783/18 1775/1775/18 1773/1773/18
f 1777/1777/25 1783/1783/25 1773/1773/25
f 1777/1777/1 1773/1773/1 1770/1770/1
f 1972/1972/9 1973/1973/9 1780/1780/9
f 1972/1972/9 1780/1780/9 1779/1779/9
f 1974/1974/3 1972/1972/3 1779/1779/3
f 1974/1974/3 1779/1779/3 1782/1782/3
f 1975/1975/7 1974/1974/7 1782/1782/7
f 1975/1975/7 1782/1782/7 1784/1784/7
f 1973/1973/1 1975/1975/1 1784/1784/1
f 1973/1973/1 1784/1784/1 1780/1780/1
f 1973/1973/6 1972/1972/6 1974/1974/6
f 1973/1973/6 1974/1974/6 1975/1975/6
f 1772/1772/9 1771/1771/9 1786/1786/9
f 1772/1772/9 1786/1786/9 1785/1785/9
f 1776/1776/3 1772/1772/3 1785/1785/3
f 1776/1776/3 1785/1785/3 1791/1791/3
f 1774/1774/7 1776/1776/7 1791/1791/7
f 1774/1774/7 1791/1791/7 1789/1789/7
f 1771/1771/1 1774/1774/1 1789/1789/1
f 1771/1771/1 1789/1789/1 1786/1786/1
f 1970/1970/8 1968/1968/8 1969/1969/8
f 1970/1970/8 1969/1969/8 1971/1971/8
f 1976/1976/10 1812/1812/10 1811/1811/10
f 1976/1976/10 1811/1811/10 1977/1977/10
f 1978/1978/3 1816/1816/3 1812/1812/3
f 1978/1978/3 1812/1812/3 1976/1976/3
f 1979/1979/18 1814/1814/18 1816/1816/18
f 1979/1979/18 1816/1816/18 1978/1978/18
f 1977/1977/25 1811/1811/25 1814/1814/25
f 1977/1977/1 1814/1814/1 1979/1979/1
f 1802/1802/9 1801/1801/9 1794/1794/9
f 1802/1802/9 1794/1794/9 1793/1793/9
f 1805/1805/26 1802/1802/26 1793/1793/26
f 1805/1805/3 1793/1793/3 1799/1799/3
f 1807/1807/18 1805/1805/18 1799/1799/18
f 1807/1807/18 1799/1799/18 1797/1797/18
f 1801/1801/1 1807/1807/1 1797/1797/1
f 1801/1801/25 1797/1797/25 1794/1794/25
f 1980/1980/143 1981/1981/143 1804/1804/143
f 1980/1980/143 1804/1804/143 1803/1803/143
f 1982/1982/3 1980/1980/3 1803/1803/3
f 1982/1982/3 1803/1803/3 1806/1806/3
f 1983/1983/7 1982/1982/7 1806/1806/7
f 1983/1983/7 1806/1806/7 1808/1808/7
f 1981/1981/1 1983/1983/1 1808/1808/1
f 1981/1981/25 1808/1808/25 1804/1804/25
f 1981/1981/6 1980/1980/6 1982/1982/6
f 1981/1981/6 1982/1982/6 1983/1983/6
f 1796/1796/143 1795/1795/143 1810/1810/143
f 1796/1796/143 1810/1810/143 1809/1809/143
f 1800/1800/3 1796/1796/3 1809/1809/3
f 1800/1800/3 1809/1809/3 1815/1815/3
f 1798/1798/7 1800/1800/7 1815/1815/7
f 1798/1798/7 1815/1815/7 1813/1813/7
f 1795/1795/1 1798/1798/1 1813/1813/1
f 1795/1795/25 1813/1813/25 1810/1810/25
f 1978/1978/8 1976/1976/8 1977/1977/8
f 1978/1978/8 1977/1977/8 1979/1979/8
f 1984/1984/10 1836/1836/10 1835/1835/10
f 1984/1984/10 1835/1835/10 1985/1985/10
f 1986/1986/3 1840/1840/3 1836/1836/3
f 1986/1986/3 1836/1836/3 1984/1984/3
f 1987/1987/7 1838/1838/7 1840/1840/7
f 1987/1987/7 1840/1840/7 1986/1986/7
f 1985/1985/25 1835/1835/25 1838/1838/25
f 1985/1985/1 1838/1838/1 1987/1987/1
f 1826/1826/9 1825/1825/9 1818/1818/9
f 1826/1826/9 1818/1818/9 1817/1817/9
f 1829/1829/26 1826/1826/26 1817/1817/26
f 1829/1829/3 1817/1817/3 1823/1823/3
f 1831/1831/18 1829/1829/18 1823/1823/18
f 1831/1831/18 1823/1823/18 1821/1821/18
f 1825/1825/1 1831/1831/1 1821/1821/1
f 1825/1825/25 1821/1821/25 1818/1818/25
f 1988/1988/9 1989/1989/9 1828/1828/9
f 1988/1988/9 1828/1828/9 1827/1827/9
f 1990/1990/3 1988/1988/3 1827/1827/3
f 1990/1990/3 1827/1827/3 1830/1830/3
f 1991/1991/7 1990/1990/7 1830/1830/7
f 1991/1991/7 1830/1830/7 1832/1832/7
f 1989/1989/1 1991/1991/1 1832/1832/1
f 1989/1989/25 1832/1832/25 1828/1828/25
f 1989/1989/6 1988/1988/6 1990/1990/6
f 1989/1989/6 1990/1990/6 1991/1991/6
f 1820/1820/9 1819/1819/9 1834/1834/9
f 1820/1820/9 1834/1834/9 1833/1833/9
f 1824/1824/3 1820/1820/3 1833/1833/3
f 1824/1824/26 1833/1833/26 1839/1839/26
f 1822/1822/7 1824/1824/7 1839/1839/7
f 1822/1822/7 1839/1839/7 1837/1837/7
f 1819/1819/25 1822/1822/25 1837/1837/25
f 1819/1819/25 1837/1837/25 1834/1834/25
f 1986/1986/8 1984/1984/8 1985/1985/8
f 1986/1986/8 1985/1985/8 1987/1987/8
f 1992/1992/10 1860/1860/10 1859/1859/10
f 1992/1992/10 1859/1859/10 1993/1993/10
f 1994/1994/3 1864/1864/3 1860/1860/3
f 1994/1994/3 1860/1860/3 1992/1992/3
f 192/192/18 1862/1862/18 1864/1864/18
f 192/192/18 1864/1864/18 1994/1994/18
f 1993/1993/1 1859/1859/1 1862/1862/1
f 1993/1993/25 1862/1862/25 192/192/25
f 1850/1850/10 1849/1849/10 1842/1842/10
f 1850/1850/10 1842/1842/10 1841/1841/10
f 1853/1853/3 1850/1850/3 1841/1841/3
f 1853/1853/3 1841/1841/3 1847/1847/3
f 1855/1855/7 1853/1853/7 1847/1847/7
f 1855/1855/7 1847/1847/7 1845/1845/7
f 1849/1849/25 1855/1855/25 1845/1845/25
f 1849/1849/1 1845/1845/1 1842/1842/1
f 1995/1995/9 1996/1996/9 1852/1852/9
f 1995/1995/9 1852/1852/9 1851/1851/9
f 1997/1997/3 1995/1995/3 1851/1851/3
f 1997/1997/3 1851/1851/3 1854/1854/3
f 1998/1998/7 1997/1997/7 1854/1854/7
f 1998/1998/7 1854/1854/7 1856/1856/7
f 1996/1996/1 1998/1998/1 1856/1856/1
f 1996/1996/1 1856/1856/1 1852/1852/1
f 1996/1996/6 1995/1995/6 1997/1997/6
f 1996/1996/6 1997/1997/6 1998/1998/6
f 1844/1844/9 1843/1843/9 1858/1858/9
f 1844/1844/9 1858/1858/9 1857/1857/9
f 1848/1848/3 1844/1844/3 1857/1857/3
f 1848/1848/3 1857/1857/3 1863/1863/3
f 1846/1846/7 1848/1848/7 1863/1863/7
f 1846/1846/7 1863/1863/7 1861/1861/7
f 1843/1843/1 1846/1846/1 1861/1861/1
f 1843/1843/1 1861/1861/1 1858/1858/1
f 1994/1994/8 1992/1992/8 1993/1993/8
f 1994/1994/8 1993/1993/8 192/192/8
f 1999/1999/10 1884/1884/10 1883/1883/10
f 1999/1999/10 1883/1883/10 2000/2000/10
f 2001/2001/3 1888/1888/3 1884/1884/3
f 2001/2001/3 1884/1884/3 1999/1999/3
f 2002/2002/18 1886/1886/18 1888/1888/18
f 2002/2002/18 1888/1888/18 2001/2001/18
f 2000/2000/1 1883/1883/1 1886/1886/1
f 2000/2000/1 1886/1886/1 2002/2002/1
f 1874/1874/10 1873/1873/10 1866/1866/10
f 1874/1874/10 1866/1866/10 1865/1865/10
f 1877/1877/26 1874/1874/26 1865/1865/26
f 1877/1877/3 1865/1865/3 1871/1871/3
f 1879/1879/7 1877/1877/7 1871/1871/7
f 1879/1879/7 1871/1871/7 1869/1869/7
f 1873/1873/1 1879/1879/1 1869/1869/1
f 1873/1873/25 1869/1869/25 1866/1866/25
f 2003/2003/9 2004/2004/9 1876/1876/9
f 2003/2003/9 1876/1876/9 1875/1875/9
f 2005/2005/3 2003/2003/3 1875/1875/3
f 2005/2005/3 1875/1875/3 1878/1878/3
f 2006/2006/7 2005/2005/7 1878/1878/7
f 2006/2006/7 1878/1878/7 1880/1880/7
f 2004/2004/1 2006/2006/1 1880/1880/1
f 2004/2004/1 1880/1880/1 1876/1876/1
f 2004/2004/6 2003/2003/6 2005/2005/6
f 2004/2004/6 2005/2005/6 2006/2006/6
f 1868/1868/9 1867/1867/9 1882/1882/9
f 1868/1868/10 1882/1882/10 1881/1881/10
f 1872/1872/3 1868/1868/3 1881/1881/3
f 1872/1872/26 1881/1881/26 1887/1887/26
f 1870/1870/7 1872/1872/7 1887/1887/7
f 1870/1870/7 1887/1887/7 1885/1885/7
f 1867/1867/1 1870/1870/1 1885/1885/1
f 1867/1867/1 1885/1885/1 1882/1882/1
f 2001/2001/8 1999/1999/8 2000/2000/8
f 2001/2001/8 2000/2000/8 2002/2002/8
f 2007/2007/10 1908/1908/10 1907/1907/10
f 2007/2007/10 1907/1907/10 2008/2008/10
f 2009/2009/3 1912/1912/3 1908/1908/3
f 2009/2009/3 1908/1908/3 2007/2007/3
f 2010/2010/7 1910/1910/7 1912/1912/7
f 2010/2010/7 1912/1912/7 2009/2009/7
f 2008/2008/1 1907/1907/1 1910/1910/1
f 2008/2008/1 1910/1910/1 2010/2010/1
f 1898/1898/10 1897/1897/10 1890/1890/10
f 1898/1898/10 1890/1890/10 1889/1889/10
f 1901/1901/3 1898/1898/3 1889/1889/3
f 1901/1901/26 1889/1889/26 1895/1895/26
f 1903/1903/18 1901/1901/18 1895/1895/18
f 1903/1903/18 1895/1895/18 1893/1893/18
f 1897/1897/1 1903/1903/1 1893/1893/1
f 1897/1897/25 1893/1893/25 1890/1890/25
f 2011/2011/9 2012/2012/9 1900/1900/9
f 2011/2011/9 1900/1900/9 1899/1899/9
f 2013/2013/3 2011/2011/3 1899/1899/3
f 2013/2013/3 1899/1899/3 1902/1902/3
f 2014/2014/7 2013/2013/7 1902/1902/7
f 2014/2014/7 1902/1902/7 1904/1904/7
f 2012/2012/1 2014/2014/1 1904/1904/1
f 2012/2012/1 1904/1904/1 1900/1900/1
f 2012/2012/6 2011/2011/6 2013/2013/6
f 2012/2012/6 2013/2013/6 2014/2014/6
f 1892/1892/10 1891/1891/10 1906/1906/10
f 1892/1892/9 1906/1906/9 1905/1905/9
f 1896/1896/3 1892/1892/3 1905/1905/3
f 1896/1896/3 1905/1905/3 1911/1911/3
f 1894/1894/7 1896/1896/7 1911/1911/7
f 1894/1894/7 1911/1911/7 1909/1909/7
f 1891/1891/1 1894/1894/1 1909/1909/1
f 1891/1891/1 1909/1909/1 1906/1906/1
f 2009/2009/8 2007/2007/8 2008/2008/8
f 2009/2009/8 2008/2008/8 2010/2010/8
f 2015/2015/9 1932/1932/9 1931/1931/9
f 2015/2015/9 1931/1931/9 2016/2016/9
f 190/190/26 1936/1936/26 1932/1932/26
f 190/190/3 1932/1932/3 2015/2015/3
f 2017/2017/7 1934/1934/7 1936/1936/7
f 2017/2017/7 1936/1936/7 190/190/7
f 2016/2016/25 1931/1931/25 1934/1934/25
f 2016/2016/1 1934/1934/1 2017/2017/1
f 1922/1922/10 1921/1921/10 1914/1914/10
f 1922/1922/10 1914/1914/10 1913/1913/10
f 1925/1925/3 1922/1922/3 1913/1913/3
f 1925/1925/26 1913/1913/26 1919/1919/26
f 1927/1927/18 1925/1925/18 1919/1919/18
f 1927/1927/18 1919/1919/18 1917/1917/18
f 1921/1921/1 1927/1927/1 1917/1917/1
f 1921/1921/25 1917/1917/25 1914/1914/25
f 2018/2018/9 2019/2019/9 1924/1924/9
f 2018/2018/9 1924/1924/9 1923/1923/9
f 2020/2020/3 2018/2018/3 1923/1923/3
f 2020/2020/3 1923/1923/3 1926/1926/3
f 2021/2021/7 2020/2020/7 1926/1926/7
f 2021/2021/7 1926/1926/7 1928/1928/7
f 2019/2019/1 2021/2021/1 1928/1928/1
f 2019/2019/1 1928/1928/1 1924/1924/1
f 2019/2019/6 2018/2018/6 2020/2020/6
f 2019/2019/6 2020/2020/6 2021/2021/6
f 1916/1916/10 1915/1915/10 1930/1930/10
f 1916/1916/9 1930/1930/9 1929/1929/9
f 1920/1920/3 1916/1916/3 1929/1929/3
f 1920/1920/3 1929/1929/3 1935/1935/3
f 1918/1918/7 1920/1920/7 1935/1935/7
f 1918/1918/7 1935/1935/7 1933/1933/7
f 1915/1915/1 1918/1918/1 1933/1933/1
f 1915/1915/1 1933/1933/1 1930/1930/1
f 190/190/8 2015/2015/8 2016/2016/8
f 190/190/8 2016/2016/8 2017/2017/8
f 2022/2022/8 2023/2023/8 2024/2024/8
f 2022/2022/8 2024/2024/8 2025/2025/8
f 2026/2026/6 2027/2027/6 2028/2028/6
f 2026/2026/6 2028/2028/6 2029/2029/6
f 2022/2022/10 2025/2025/10 2027/2027/10
f 2022/2022/10 2027/2027/10 2026/2026/10
f 2024/2024/18 2023/2023/18 2029/2029/18
f 2024/2024/18 2029/2029/18 2028/2028/18
f 2030/2030/160 2031/2031/160 2032/2032/160
f 2030/2030/160 2032/2032/160 2033/2033/160
f 2031/2031/179 2034/2034/179 2035/2035/179
f 2031/2031/26 2035/2035/26 2032/2032/26
f 2034/2034/170 2036/2036/170 2037/2037/170
f 2034/2034/170 2037/2037/170 2035/2035/170
f 2036/2036/233 2030/2030/233 2033/2033/233
f 2036/2036/176 2033/2033/176 2037/2037/176
f 2038/2038/167 2039/2039/167 2040/2040/167
f 2038/2038/167 2040/2040/167 2041/2041/167
f 2039/2039/225 2042/2042/225 2043/2043/225
f 2039/2039/3 2043/2043/3 2040/2040/3
f 2042/2042/162 2044/2044/162 2045/2045/162
f 2042/2042/162 2045/2045/162 2043/2043/162
f 2044/2044/25 2038/2038/25 2041/2041/25
f 2044/2044/176 2041/2041/176 2045/2045/176
f 2046/2046/160 2047/2047/160 2048/2048/160
f 2046/2046/160 2048/2048/160 2049/2049/160
f 2047/2047/26 2050/2050/26 2051/2051/26
f 2047/2047/179 2051/2051/179 2048/2048/179
f 2050/2050/170 2052/2052/170 2053/2053/170
f 2050/2050/170 2053/2053/170 2051/2051/170
f 2052/2052/1 2046/2046/1 2049/2049/1
f 2052/2052/233 2049/2049/233 2053/2053/233
f 2054/2054/160 2055/2055/160 2056/2056/160
f 2054/2054/160 2056/2056/160 2057/2057/160
f 2055/2055/179 2058/2058/179 2059/2059/179
f 2055/2055/26 2059/2059/26 2056/2056/26
f 2058/2058/162 2060/2060/162 2061/2061/162
f 2058/2058/162 2061/2061/162 2059/2059/162
f 2060/2060/176 2054/2054/176 2057/2057/176
f 2060/2060/25 2057/2057/25 2061/2061/25
f 2062/2062/167 2063/2063/167 2064/2064/167
f 2062/2062/167 2064/2064/167 2065/2065/167
f 2063/2063/26 2066/2066/26 2067/2067/26
f 2063/2063/179 2067/2067/179 2064/2064/179
f 2066/2066/170 2068/2068/170 2069/2069/170
f 2066/2066/170 2069/2069/170 2067/2067/170
f 2068/2068/176 2062/2062/176 2065/2065/176
f 2068/2068/25 2065/2065/25 2069/2069/25
f 2070/2070/160 2071/2071/160 2072/2072/160
f 2070/2070/160 2072/2072/160 2073/2073/160
f 2071/2071/179 2074/2074/179 2075/2075/179
f 2071/2071/26 2075/2075/26 2072/2072/26
f 2074/2074/170 2076/2076/170 2077/2077/170
f 2074/2074/170 2077/2077/170 2075/2075/170
f 2076/2076/1 2070/2070/1 2073/2073/1
f 2076/2076/233 2073/2073/233 2077/2077/233
f 2078/2078/167 2079/2079/167 2080/2080/167
f 2078/2078/167 2080/2080/167 2081/2081/167
f 2079/2079/179 2082/2082/179 2083/2083/179
f 2079/2079/26 2083/2083/26 2080/2080/26
f 2082/2082/170 2084/2084/170 2085/2085/170
f 2082/2082/170 2085/2085/170 2083/2083/170
f 2084/2084/25 2078/2078/25 2081/2081/25
f 2084/2084/176 2081/2081/176 2085/2085/176
f 2086/2086/160 2087/2087/160 2088/2088/160
f 2086/2086/160 2088/2088/160 2089/2089/160
f 2087/2087/26 2090/2090/26 2091/2091/26
f 2087/2087/179 2091/2091/179 2088/2088/179
f 2090/2090/170 2092/2092/170 2093/2093/170
f 2090/2090/170 2093/2093/170 2091/2091/170
f 2092/2092/1 2086/2086/1 2089/2089/1
f 2092/2092/233 2089/2089/233 2093/2093/233
f 2094/2094/160 2095/2095/160 2096/2096/160
f 2094/2094/160 2096/2096/160 2097/2097/160
f 2095/2095/179 2098/2098/179 2099/2099/179
f 2095/2095/26 2099/2099/26 2096/2096/26
f 2098/2098/162 2100/2100/162 2101/2101/162
f 2098/2098/162 2101/2101/162 2099/2099/162
f 2100/2100/176 2094/2094/176 2097/2097/176
f 2100/2100/216 2097/2097/216 2101/2101/216
f 2102/2102/167 2103/2103/167 2104/2104/167
f 2102/2102/167 2104/2104/167 2105/2105/167
f 2103/2103/26 2106/2106/26 2107/2107/26
f 2103/2103/179 2107/2107/179 2104/2104/179
f 2106/2106/170 2108/2108/170 2109/2109/170
f 2106/2106/170 2109/2109/170 2107/2107/170
f 2108/2108/176 2102/2102/176 2105/2105/176
f 2108/2108/25 2105/2105/25 2109/2109/25
f 2110/2110/160 2111/2111/160 2112/2112/160
f 2110/2110/160 2112/2112/160 2113/2113/160
f 2111/2111/179 2114/2114/179 2115/2115/179
f 2111/2111/26 2115/2115/26 2112/2112/26
f 2114/2114/170 2116/2116/170 2117/2117/170
f 2114/2114/170 2117/2117/170 2115/2115/170
f 2116/2116/233 2110/2110/233 2113/2113/233
f 2116/2116/1 2113/2113/1 2117/2117/1
f 2118/2118/167 2119/2119/167 2120/2120/167
f 2118/2118/167 2120/2120/167 2121/2121/167
f 2119/2119/26 2122/2122/26 2123/2123/26
f 2119/2119/179 2123/2123/179 2120/2120/179
f 2122/2122/170 2124/2124/170 2125/2125/170
f 2122/2122/170 2125/2125/170 2123/2123/170
f 2124/2124/25 2118/2118/25 2121/2121/25
f 2124/2124/176 2121/2121/176 2125/2125/176
f 2126/2126/160 2127/2127/160 2128/2128/160
f 2126/2126/160 2128/2128/160 2129/2129/160
f 2127/2127/179 2130/2130/179 2131/2131/179
f 2127/2127/26 2131/2131/26 2128/2128/26
f 2130/2130/162 2132/2132/162 2133/2133/162
f 2130/2130/162 2133/2133/162 2131/2131/162
f 2132/2132/176 2126/2126/176 2129/2129/176
f 2132/2132/25 2129/2129/25 2133/2133/25
f 2134/2134/167 2135/2135/167 2136/2136/167
f 2134/2134/167 2136/2136/167 2137/2137/167
f 2135/2135/26 2138/2138/26 2139/2139/26
f 2135/2135/179 2139/2139/179 2136/2136/179
f 2138/2138/170 2140/2140/170 2141/2141/170
f 2138/2138/170 2141/2141/170 2139/2139/170
f 2140/2140/25 2134/2134/25 2137/2137/25
f 2140/2140/176 2137/2137/176 2141/2141/176
f 2142/2142/160 2143/2143/160 2144/2144/160
f 2142/2142/160 2144/2144/160 2145/2145/160
f 2143/2143/26 2146/2146/26 2147/2147/26
f 2143/2143/179 2147/2147/179 2144/2144/179
f 2146/2146/170 2148/2148/170 2149/2149/170
f 2146/2146/170 2149/2149/170 2147/2147/170
f 2148/2148/1 2142/2142/1 2145/2145/1
f 2148/2148/233 2145/2145/233 2149/2149/233
f 2150/2150/160 2151/2151/160 2152/2152/160
f 2150/2150/160 2152/2152/160 2153/2153/160
f 2151/2151/26 2154/2154/26 2155/2155/26
f 2151/2151/179 2155/2155/179 2152/2152/179
f 2154/2154/162 2156/2156/162 2157/2157/162
f 2154/2154/162 2157/2157/162 2155/2155/162
f 2156/2156/25 2150/2150/25 2153/2153/25
f 2156/2156/176 2153/2153/176 2157/2157/176
f 2158/2158/167 2159/2159/167 2160/2160/167
f 2158/2158/167 2160/2160/167 2161/2161/167
f 2159/2159/26 2162/2162/26 2163/2163/26
f 2159/2159/179 2163/2163/179 2160/2160/179
f 2162/2162/170 2164/2164/170 2165/2165/170
f 2162/2162/170 2165/2165/170 2163/2163/170
f 2164/2164/176 2158/2158/176 2161/2161/176
f 2164/2164/25 2161/2161/25 2165/2165/25
f 2166/2166/160 2167/2167/160 2168/2168/160
f 2166/2166/160 2168/2168/160 2169/2169/160
f 2167/2167/179 2170/2170/179 2171/2171/179
f 2167/2167/26 2171/2171/26 2168/2168/26
f 2170/2170/162 2172/2172/162 2173/2173/162
f 2170/2170/162 2173/2173/162 2171/2171/162
f 2172/2172/176 2166/2166/176 2169/2169/176
f 2172/2172/25 2169/2169/25 2173/2173/25
f 2174/2174/167 2175/2175/167 2176/2176/167
f 2174/2174/167 2176/2176/167 2177/2177/167
f 2175/2175/179 2178/2178/179 2179/2179/179
f 2175/2175/26 2179/2179/26 2176/2176/26
f 2178/2178/170 2180/2180/170 2181/2181/170
f 2178/2178/170 2181/2181/170 2179/2179/170
f 2180/2180/176 2174/2174/176 2177/2177/176
f 2180/2180/25 2177/2177/25 2181/2181/25
f 2182/2182/160 2183/2183/160 2184/2184/160
f 2182/2182/160 2184/2184/160 2185/2185/160
f 2183/2183/179 2186/2186/179 2187/2187/179
f 2183/2183/26 2187/2187/26 2184/2184/26
f 2186/2186/170 2188/2188/170 2189/2189/170
f 2186/2186/170 2189/2189/170 2187/2187/170
f 2188/2188/1 2182/2182/1 2185/2185/1
f 2188/2188/233 2185/2185/233 2189/2189/233
f 2190/2190/160 2191/2191/160 2192/2192/160
f 2190/2190/160 2192/2192/160 2193/2193/160
f 2191/2191/26 2194/2194/26 2195/2195/26
f 2191/2191/179 2195/2195/179 2192/2192/179
f 2194/2194/162 2196/2196/162 2197/2197/162
f 2194/2194/162 2197/2197/162 2195/2195/162
f 2196/2196/25 2190/2190/25 2193/2193/25
f 2196/2196/176 2193/2193/176 2197/2197/176
f 2198/2198/167 2199/2199/167 2200/2200/167
f 2198/2198/167 2200/2200/167 2201/2201/167
f 2199/2199/26 2202/2202/26 2203/2203/26
f 2199/2199/179 2203/2203/179 2200/2200/179
f 2202/2202/170 2204/2204/170 2205/2205/170
f 2202/2202/170 2205/2205/170 2203/2203/170
f 2204/2204/25 2198/2198/25 2201/2201/25
f 2204/2204/176 2201/2201/176 2205/2205/176
f 2206/2206/160 2207/2207/160 2208/2208/160
f 2206/2206/160 2208/2208/160 2209/2209/160
f 2207/2207/179 2210/2210/179 2211/2211/179
f 2207/2207/26 2211/2211/26 2208/2208/26
f 2210/2210/162 2212/2212/162 2213/2213/162
f 2210/2210/162 2213/2213/162 2211/2211/162
f 2212/2212/176 2206/2206/176 2209/2209/176
f 2212/2212/25 2209/2209/25 2213/2213/25
f 2214/2214/167 2215/2215/167 2216/2216/167
f 2214/2214/167 2216/2216/167 2217/2217/167
f 2215/2215/26 2218/2218/26 2219/2219/26
f 2215/2215/179 2219/2219/179 2216/2216/179
f 2218/2218/170 2220/2220/170 2221/2221/170
f 2218/2218/170 2221/2221/170 2219/2219/170
f 2220/2220/25 2214/2214/25 2217/2217/25
f 2220/2220/176 2217/2217/176 2221/2221/176
f 2222/2222/160 2223/2223/160 2224/2224/160
f 2222/2222/160 2224/2224/160 2225/2225/160
f 2223/2223/26 2226/2226/26 2227/2227/26
f 2223/2223/179 2227/2227/179 2224/2224/179
f 2226/2226/170 2228/2228/170 2229/2229/170
f 2226/2226/170 2229/2229/170 2227/2227/170
f 2228/2228/1 2222/2222/1 2225/2225/1
f 2228/2228/233 2225/2225/233 2229/2229/233
f 2230/2230/160 2231/2231/160 2232/2232/160
f 2230/2230/160 2232/2232/160 2233/2233/160
f 2231/2231/179 2234/2234/179 2235/2235/179
f 2231/2231/26 2235/2235/26 2232/2232/26
f 2234/2234/162 2236/2236/162 2237/2237/162
f 2234/2234/162 2237/2237/162 2235/2235/162
f 2236/2236/176 2230/2230/176 2233/2233/176
f 2236/2236/25 2233/2233/25 2237/2237/25
f 2238/2238/25 2239/2239/25 2240/2240/25
f 2238/2238/25 2240/2240/25 2241/2241/25
f 2239/2239/160 2242/2242/160 2243/2243/160
f 2239/2239/160 2243/2243/160 2240/2240/160
f 2242/2242/26 2244/2244/26 2245/2245/26
f 2242/2242/179 2245/2245/179 2243/2243/179
f 2244/2244/162 2238/2238/162 2241/2241/162
f 2244/2244/162 2241/2241/162 2245/2245/162
f 2246/2246/25 2247/2247/25 2248/2248/25
f 2246/2246/25 2248/2248/25 2249/2249/25
f 2247/2247/160 2250/2250/160 2251/2251/160
f 2247/2247/160 2251/2251/160 2248/2248/160
f 2250/2250/26 2252/2252/26 2253/2253/26
f 2250/2250/26 2253/2253/26 2251/2251/26
f 2252/2252/162 2246/2246/162 2249/2249/162
f 2252/2252/162 2249/2249/162 2253/2253/162
f 2254/2254/25 2255/2255/25 2256/2256/25
f 2254/2254/176 2256/2256/176 2257/2257/176
f 2255/2255/167 2258/2258/167 2259/2259/167
f 2255/2255/167 2259/2259/167 2256/2256/167
f 2258/2258/26 2260/2260/26 2261/2261/26
f 2258/2258/179 2261/2261/179 2259/2259/179
f 2260/2260/170 2254/2254/170 2257/2257/170
f 2260/2260/170 2257/2257/170 2261/2261/170
f 2262/2262/25 2263/2263/25 2264/2264/25
f 2262/2262/25 2264/2264/25 2265/2265/25
f 2263/2263/167 2266/2266/167 2267/2267/167
f 2263/2263/167 2267/2267/167 2264/2264/167
f 2266/2266/225 2268/2268/225 2269/2269/225
f 2266/2266/3 2269/2269/3 2267/2267/3
f 2268/2268/162 2262/2262/162 2265/2265/162
f 2268/2268/162 2265/2265/162 2269/2269/162
f 2270/2270/25 2271/2271/25 2272/2272/25
f 2270/2270/25 2272/2272/25 2273/2273/25
f 2271/2271/167 2274/2274/167 2275/2275/167
f 2271/2271/167 2275/2275/167 2272/2272/167
f 2274/2274/26 2276/2276/26 2277/2277/26
f 2274/2274/26 2277/2277/26 2275/2275/26
f 2276/2276/170 2270/2270/170 2273/2273/170
f 2276/2276/170 2273/2273/170 2277/2277/170
f 2278/2278/176 2279/2279/176 2280/2280/176
f 2278/2278/25 2280/2280/25 2281/2281/25
f 2279/2279/167 2282/2282/167 2283/2283/167
f 2279/2279/167 2283/2283/167 2280/2280/167
f 2282/2282/179 2284/2284/179 2285/2285/179
f 2282/2282/26 2285/2285/26 2283/2283/26
f 2284/2284/170 2278/2278/170 2281/2281/170
f 2284/2284/170 2281/2281/170 2285/2285/170
f 2286/2286/25 2287/2287/25 2288/2288/25
f 2286/2286/25 2288/2288/25 2289/2289/25
f 2287/2287/167 2290/2290/167 2291/2291/167
f 2287/2287/167 2291/2291/167 2288/2288/167
f 2290/2290/26 2292/2292/26 2293/2293/26
f 2290/2290/26 2293/2293/26 2291/2291/26
f 2292/2292/170 2286/2286/170 2289/2289/170
f 2292/2292/170 2289/2289/170 2293/2293/170
f 2294/2294/25 2295/2295/25 2296/2296/25
f 2294/2294/25 2296/2296/25 2297/2297/25
f 2295/2295/167 2298/2298/167 2299/2299/167
f 2295/2295/167 2299/2299/167 2296/2296/167
f 2298/2298/26 2300/2300/26 2301/2301/26
f 2298/2298/26 2301/2301/26 2299/2299/26
f 2300/2300/170 2294/2294/170 2297/2297/170
f 2300/2300/170 2297/2297/170 2301/2301/170
f 2302/2302/25 2303/2303/25 2304/2304/25
f 2302/2302/25 2304/2304/25 2305/2305/25
f 2303/2303/160 2306/2306/160 2307/2307/160
f 2303/2303/160 2307/2307/160 2304/2304/160
f 2306/2306/26 2308/2308/26 2309/2309/26
f 2306/2306/26 2309/2309/26 2307/2307/26
f 2308/2308/162 2302/2302/162 2305/2305/162
f 2308/2308/162 2305/2305/162 2309/2309/162
f 2310/2310/25 2311/2311/25 2312/2312/25
f 2310/2310/25 2312/2312/25 2313/2313/25
f 2311/2311/187 2314/2314/187 2315/2315/187
f 2311/2311/187 2315/2315/187 2312/2312/187
f 2314/2314/26 2316/2316/26 2317/2317/26
f 2314/2314/26 2317/2317/26 2315/2315/26
f 2316/2316/217 2310/2310/217 2313/2313/217
f 2316/2316/217 2313/2313/217 2317/2317/217
f 2318/2318/176 2319/2319/176 2320/2320/176
f 2318/2318/25 2320/2320/25 2321/2321/25
f 2319/2319/160 2322/2322/160 2323/2323/160
f 2319/2319/160 2323/2323/160 2320/2320/160
f 2322/2322/179 2324/2324/179 2325/2325/179
f 2322/2322/26 2325/2325/26 2323/2323/26
f 2324/2324/162 2318/2318/162 2321/2321/162
f 2324/2324/162 2321/2321/162 2325/2325/162
f 2326/2326/25 2327/2327/25 2328/2328/25
f 2326/2326/25 2328/2328/25 2329/2329/25
f 2327/2327/187 2330/2330/187 2331/2331/187
f 2327/2327/187 2331/2331/187 2328/2328/187
f 2330/2330/26 2332/2332/26 2333/2333/26
f 2330/2330/26 2333/2333/26 2331/2331/26
f 2332/2332/217 2326/2326/217 2329/2329/217
f 2332/2332/217 2329/2329/217 2333/2333/217
f 2334/2334/25 2335/2335/25 2336/2336/25
f 2334/2334/25 2336/2336/25 2337/2337/25
f 2335/2335/160 2338/2338/160 2339/2339/160
f 2335/2335/160 2339/2339/160 2336/2336/160
f 2338/2338/26 2340/2340/26 2341/2341/26
f 2338/2338/26 2341/2341/26 2339/2339/26
f 2340/2340/162 2334/2334/162 2337/2337/162
f 2340/2340/162 2337/2337/162 2341/2341/162
f 2342/2342/25 2343/2343/25 2344/2344/25
f 2342/2342/25 2344/2344/25 2345/2345/25
f 2343/2343/160 2346/2346/160 2347/2347/160
f 2343/2343/160 2347/2347/160 2344/2344/160
f 2346/2346/26 2348/2348/26 2349/2349/26
f 2346/2346/26 2349/2349/26 2347/2347/26
f 2348/2348/162 2342/2342/162 2345/2345/162
f 2348/2348/162 2345/2345/162 2349/2349/162
f 2350/2350/25 2351/2351/25 2352/2352/25
f 2350/2350/216 2352/2352/216 2353/2353/216
f 2351/2351/187 2354/2354/187 2355/2355/187
f 2351/2351/187 2355/2355/187 2352/2352/187
f 2354/2354/3 2356/2356/3 2357/2357/3
f 2354/2354/3 2357/2357/3 2355/2355/3
f 2356/2356/162 2350/2350/162 2353/2353/162
f 2356/2356/162 2353/2353/162 2357/2357/162
f 2358/2358/25 2359/2359/25 2360/2360/25
f 2358/2358/25 2360/2360/25 2361/2361/25
f 2359/2359/160 2362/2362/160 2363/2363/160
f 2359/2359/160 2363/2363/160 2360/2360/160
f 2362/2362/26 2364/2364/26 2365/2365/26
f 2362/2362/26 2365/2365/26 2363/2363/26
f 2364/2364/162 2358/2358/162 2361/2361/162
f 2364/2364/162 2361/2361/162 2365/2365/162
f 2366/2366/211 2367/2367/211 2368/2368/211
f 2366/2366/25 2368/2368/25 2369/2369/25
f 2367/2367/593 2370/2370/593 2371/2371/593
f 2367/2367/160 2371/2371/160 2368/2368/160
f 2370/2370/3 2372/2372/3 2373/2373/3
f 2370/2370/179 2373/2373/179 2371/2371/179
f 2372/2372/162 2366/2366/162 2369/2369/162
f 2372/2372/162 2369/2369/162 2373/2373/162
f 2374/2374/25 2375/2375/25 2376/2376/25
f 2374/2374/25 2376/2376/25 2377/2377/25
f 2375/2375/160 2378/2378/160 2379/2379/160
f 2375/2375/160 2379/2379/160 2376/2376/160
f 2378/2378/26 2380/2380/26 2381/2381/26
f 2378/2378/26 2381/2381/26 2379/2379/26
f 2380/2380/162 2374/2374/162 2377/2377/162
f 2380/2380/162 2377/2377/162 2381/2381/162
f 2382/2382/25 2383/2383/25 2384/2384/25
f 2382/2382/25 2384/2384/25 2385/2385/25
f 2383/2383/187 2386/2386/187 2387/2387/187
f 2383/2383/187 2387/2387/187 2384/2384/187
f 2386/2386/3 2388/2388/3 2389/2389/3
f 2386/2386/3 2389/2389/3 2387/2387/3
f 2388/2388/162 2382/2382/162 2385/2385/162
f 2388/2388/162 2385/2385/162 2389/2389/162
f 2390/2390/25 2391/2391/25 2392/2392/25
f 2390/2390/25 2392/2392/25 2393/2393/25
f 2391/2391/160 2394/2394/160 2395/2395/160
f 2391/2391/160 2395/2395/160 2392/2392/160
f 2394/2394/26 2396/2396/26 2397/2397/26
f 2394/2394/26 2397/2397/26 2395/2395/26
f 2396/2396/162 2390/2390/162 2393/2393/162
f 2396/2396/162 2393/2393/162 2397/2397/162
f 2398/2398/25 2399/2399/25 2400/2400/25
f 2398/2398/25 2400/2400/25 2401/2401/25
f 2399/2399/187 2402/2402/187 2403/2403/187
f 2399/2399/187 2403/2403/187 2400/2400/187
f 2402/2402/26 2404/2404/26 2405/2405/26
f 2402/2402/26 2405/2405/26 2403/2403/26
f 2404/2404/217 2398/2398/217 2401/2401/217
f 2404/2404/217 2401/2401/217 2405/2405/217
f 2406/2406/25 2407/2407/25 2408/2408/25
f 2406/2406/176 2408/2408/176 2409/2409/176
f 2407/2407/160 2410/2410/160 2411/2411/160
f 2407/2407/160 2411/2411/160 2408/2408/160
f 2410/2410/26 2412/2412/26 2413/2413/26
f 2410/2410/179 2413/2413/179 2411/2411/179
f 2412/2412/162 2406/2406/162 2409/2409/162
f 2412/2412/162 2409/2409/162 2413/2413/162
f 2414/2414/25 2415/2415/25 2416/2416/25
f 2414/2414/25 2416/2416/25 2417/2417/25
f 2415/2415/187 2418/2418/187 2419/2419/187
f 2415/2415/187 2419/2419/187 2416/2416/187
f 2418/2418/26 2420/2420/26 2421/2421/26
f 2418/2418/26 2421/2421/26 2419/2419/26
f 2420/2420/217 2414/2414/217 2417/2417/217
f 2420/2420/217 2417/2417/217 2421/2421/217
f 2422/2422/25 2423/2423/25 2424/2424/25
f 2422/2422/25 2424/2424/25 2425/2425/25
f 2423/2423/160 2426/2426/160 2427/2427/160
f 2423/2423/160 2427/2427/160 2424/2424/160
f 2426/2426/26 2428/2428/26 2429/2429/26
f 2426/2426/26 2429/2429/26 2427/2427/26
f 2428/2428/162 2422/2422/162 2425/2425/162
f 2428/2428/162 2425/2425/162 2429/2429/162
f 2430/2430/25 2431/2431/25 2432/2432/25
f 2430/2430/25 2432/2432/25 2433/2433/25
f 2431/2431/160 2434/2434/160 2435/2435/160
f 2431/2431/160 2435/2435/160 2432/2432/160
f 2434/2434/26 2436/2436/26 2437/2437/26
f 2434/2434/26 2437/2437/26 2435/2435/26
f 2436/2436/162 2430/2430/162 2433/2433/162
f 2436/2436/162 2433/2433/162 2437/2437/162
f 2438/2438/25 2439/2439/25 2440/2440/25
f 2438/2438/176 2440/2440/176 2441/2441/176
f 2439/2439/187 2442/2442/187 2443/2443/187
f 2439/2439/187 2443/2443/187 2440/2440/187
f 2442/2442/26 2444/2444/26 2445/2445/26
f 2442/2442/179 2445/2445/179 2443/2443/179
f 2444/2444/217 2438/2438/217 2441/2441/217
f 2444/2444/217 2441/2441/217 2445/2445/217
f 2446/2446/25 2447/2447/25 2448/2448/25
f 2446/2446/25 2448/2448/25 2449/2449/25
f 2447/2447/160 2450/2450/160 2451/2451/160
f 2447/2447/160 2451/2451/160 2448/2448/160
f 2450/2450/26 2452/2452/26 2453/2453/26
f 2450/2450/26 2453/2453/26 2451/2451/26
f 2452/2452/162 2446/2446/162 2449/2449/162
f 2452/2452/162 2449/2449/162 2453/2453/162
f 2454/2454/25 2455/2455/25 2456/2456/25
f 2454/2454/25 2456/2456/25 2457/2457/25
f 2455/2455/187 2458/2458/187 2459/2459/187
f 2455/2455/187 2459/2459/187 2456/2456/187
f 2458/2458/26 2460/2460/26 2461/2461/26
f 2458/2458/26 2461/2461/26 2459/2459/26
f 2460/2460/217 2454/2454/217 2457/2457/217
f 2460/2460/217 2457/2457/217 2461/2461/217
f 2462/2462/25 2463/2463/25 2464/2464/25
f 2462/2462/25 2464/2464/25 2465/2465/25
f 2463/2463/160 2466/2466/160 2467/2467/160
f 2463/2463/160 2467/2467/160 2464/2464/160
f 2466/2466/26 2468/2468/26 2469/2469/26
f 2466/2466/26 2469/2469/26 2467/2467/26
f 2468/2468/162 2462/2462/162 2465/2465/162
f 2468/2468/162 2465/2465/162 2469/2469/162
f 2470/2470/185 2471/2471/185 2472/2472/185
f 2470/2470/1 2472/2472/1 2473/2473/1
f 2471/2471/160 2474/2474/160 2475/2475/160
f 2471/2471/160 2475/2475/160 2472/2472/160
f 2474/2474/26 2476/2476/26 2477/2477/26
f 2474/2474/179 2477/2477/179 2475/2475/179
f 2476/2476/217 2470/2470/217 2473/2473/217
f 2476/2476/217 2473/2473/217 2477/2477/217
f 2478/2478/25 2479/2479/25 2480/2480/25
f 2478/2478/176 2480/2480/176 2481/2481/176
f 2479/2479/160 2482/2482/160 2483/2483/160
f 2479/2479/160 2483/2483/160 2480/2480/160
f 2482/2482/26 2484/2484/26 2485/2485/26
f 2482/2482/179 2485/2485/179 2483/2483/179
f 2484/2484/162 2478/2478/162 2481/2481/162
f 2484/2484/162 2481/2481/162 2485/2485/162
f 2486/2486/25 2487/2487/25 2488/2488/25
f 2486/2486/25 2488/2488/25 2489/2489/25
f 2487/2487/160 2490/2490/160 2491/2491/160
f 2487/2487/160 2491/2491/160 2488/2488/160
f 2490/2490/26 2492/2492/26 2493/2493/26
f 2490/2490/26 2493/2493/26 2491/2491/26
f 2492/2492/162 2486/2486/162 2489/2489/162
f 2492/2492/162 2489/2489/162 2493/2493/162
f 2494/2494/25 2495/2495/25 2496/2496/25
f 2494/2494/25 2496/2496/25 2497/2497/25
f 2495/2495/160 2498/2498/160 2499/2499/160
f 2495/2495/160 2499/2499/160 2496/2496/160
f 2498/2498/26 2500/2500/26 2501/2501/26
f 2498/2498/26 2501/2501/26 2499/2499/26
f 2500/2500/162 2494/2494/162 2497/2497/162
f 2500/2500/162 2497/2497/162 2501/2501/162
f 2502/2502/25 2503/2503/25 2504/2504/25
f 2502/2502/25 2504/2504/25 2505/2505/25
f 2503/2503/160 2506/2506/160 2507/2507/160
f 2503/2503/160 2507/2507/160 2504/2504/160
f 2506/2506/26 2508/2508/26 2509/2509/26
f 2506/2506/26 2509/2509/26 2507/2507/26
f 2508/2508/162 2502/2502/162 2505/2505/162
f 2508/2508/162 2505/2505/162 2509/2509/162
f 2510/2510/216 2511/2511/216 2512/2512/216
f 2510/2510/25 2512/2512/25 2513/2513/25
f 2511/2511/160 2514/2514/160 2515/2515/160
f 2511/2511/160 2515/2515/160 2512/2512/160
f 2514/2514/26 2516/2516/26 2517/2517/26
f 2514/2514/26 2517/2517/26 2515/2515/26
f 2516/2516/162 2510/2510/162 2513/2513/162
f 2516/2516/162 2513/2513/162 2517/2517/162
f 2518/2518/25 2519/2519/25 2520/2520/25
f 2518/2518/25 2520/2520/25 2521/2521/25
f 2519/2519/187 2522/2522/187 2523/2523/187
f 2519/2519/187 2523/2523/187 2520/2520/187
f 2522/2522/26 2524/2524/26 2525/2525/26
f 2522/2522/26 2525/2525/26 2523/2523/26
f 2524/2524/217 2518/2518/217 2521/2521/217
f 2524/2524/217 2521/2521/217 2525/2525/217
f 2526/2526/25 2527/2527/25 2528/2528/25
f 2526/2526/25 2528/2528/25 2529/2529/25
f 2527/2527/160 2530/2530/160 2531/2531/160
f 2527/2527/160 2531/2531/160 2528/2528/160
f 2530/2530/26 2532/2532/26 2533/2533/26
f 2530/2530/26 2533/2533/26 2531/2531/26
f 2532/2532/162 2526/2526/162 2529/2529/162
f 2532/2532/162 2529/2529/162 2533/2533/162
f 2534/2534/25 2535/2535/25 2536/2536/25
f 2534/2534/25 2536/2536/25 2537/2537/25
f 2535/2535/187 2538/2538/187 2539/2539/187
f 2535/2535/187 2539/2539/187 2536/2536/187
f 2538/2538/26 2540/2540/26 2541/2541/26
f 2538/2538/26 2541/2541/26 2539/2539/26
f 2540/2540/217 2534/2534/217 2537/2537/217
f 2540/2540/217 2537/2537/217 2541/2541/217
f 2542/2542/25 2543/2543/25 2544/2544/25
f 2542/2542/176 2544/2544/176 2545/2545/176
f 2543/2543/160 2546/2546/160 2547/2547/160
f 2543/2543/160 2547/2547/160 2544/2544/160
f 2546/2546/26 2548/2548/26 2549/2549/26
f 2546/2546/179 2549/2549/179 2547/2547/179
f 2548/2548/162 2542/2542/162 2545/2545/162
f 2548/2548/162 2545/2545/162 2549/2549/162
f 2550/2550/25 2551/2551/25 2552/2552/25
f 2550/2550/25 2552/2552/25 2553/2553/25
f 2551/2551/187 2554/2554/187 2555/2555/187
f 2551/2551/187 2555/2555/187 2552/2552/187
f 2554/2554/26 2556/2556/26 2557/2557/26
f 2554/2554/26 2557/2557/26 2555/2555/26
f 2556/2556/217 2550/2550/217 2553/2553/217
f 2556/2556/217 2553/2553/217 2557/2557/217
f 2558/2558/25 2559/2559/25 2560/2560/25
f 2558/2558/25 2560/2560/25 2561/2561/25
f 2559/2559/160 2562/2562/160 2563/2563/160
f 2559/2559/160 2563/2563/160 2560/2560/160
f 2562/2562/26 2564/2564/26 2565/2565/26
f 2562/2562/26 2565/2565/26 2563/2563/26
f 2564/2564/162 2558/2558/162 2561/2561/162
f 2564/2564/162 2561/2561/162 2565/2565/162
f 2566/2566/25 2567/2567/25 2568/2568/25
f 2566/2566/176 2568/2568/176 2569/2569/176
f 2567/2567/187 2570/2570/187 2571/2571/187
f 2567/2567/187 2571/2571/187 2568/2568/187
f 2570/2570/26 2572/2572/26 2573/2573/26
f 2570/2570/179 2573/2573/179 2571/2571/179
f 2572/2572/217 2566/2566/217 2569/2569/217
f 2572/2572/217 2569/2569/217 2573/2573/217
f 2574/2574/25 2575/2575/25 2576/2576/25
f 2574/2574/25 2576/2576/25 2577/2577/25
f 2575/2575/160 2578/2578/160 2579/2579/160
f 2575/2575/160 2579/2579/160 2576/2576/160
f 2578/2578/26 2580/2580/26 2581/2581/26
f 2578/2578/26 2581/2581/26 2579/2579/26
f 2580/2580/162 2574/2574/162 2577/2577/162
f 2580/2580/162 2577/2577/162 2581/2581/162
f 2582/2582/25 2583/2583/25 2584/2584/25
f 2582/2582/25 2584/2584/25 2585/2585/25
f 2583/2583/187 2586/2586/187 2587/2587/187
f 2583/2583/187 2587/2587/187 2584/2584/187
f 2586/2586/26 2588/2588/26 2589/2589/26
f 2586/2586/26 2589/2589/26 2587/2587/26
f 2588/2588/217 2582/2582/217 2585/2585/217
f 2588/2588/217 2585/2585/217 2589/2589/217
f 2590/2590/25 2591/2591/25 2592/2592/25
f 2590/2590/25 2592/2592/25 2593/2593/25
f 2591/2591/160 2594/2594/160 2595/2595/160
f 2591/2591/160 2595/2595/160 2592/2592/160
f 2594/2594/26 2596/2596/26 2597/2597/26
f 2594/2594/26 2597/2597/26 2595/2595/26
f 2596/2596/162 2590/2590/162 2593/2593/162
f 2596/2596/162 2593/2593/162 2597/2597/162
f 2598/2598/25 2599/2599/25 2600/2600/25
f 2598/2598/25 2600/2600/25 2601/2601/25
f 2599/2599/160 2602/2602/160 2603/2603/160
f 2599/2599/160 2603/2603/160 2600/2600/160
f 2602/2602/26 2604/2604/26 2605/2605/26
f 2602/2602/26 2605/2605/26 2603/2603/26
f 2604/2604/162 2598/2598/162 2601/2601/162
f 2604/2604/162 2601/2601/162 2605/2605/162
f 2606/2606/25 2607/2607/25 2608/2608/25
f 2606/2606/176 2608/2608/176 2609/2609/176
f 2607/2607/160 2610/2610/160 2611/2611/160
f 2607/2607/160 2611/2611/160 2608/2608/160
f 2610/2610/26 2612/2612/26 2613/2613/26
f 2610/2610/179 2613/2613/179 2611/2611/179
f 2612/2612/162 2606/2606/162 2609/2609/162
f 2612/2612/162 2609/2609/162 2613/2613/162
f 2614/2614/25 2615/2615/25 2616/2616/25
f 2614/2614/25 2616/2616/25 2617/2617/25
f 2615/2615/160 2618/2618/160 2619/2619/160
f 2615/2615/160 2619/2619/160 2616/2616/160
f 2618/2618/26 2620/2620/26 2621/2621/26
f 2618/2618/26 2621/2621/26 2619/2619/26
f 2620/2620/162 2614/2614/162 2617/2617/162
f 2620/2620/162 2617/2617/162 2621/2621/162
f 2622/2622/25 2623/2623/25 2624/2624/25
f 2622/2622/176 2624/2624/176 2625/2625/176
f 2623/2623/187 2626/2626/187 2627/2627/187
f 2623/2623/187 2627/2627/187 2624/2624/187
f 2626/2626/3 2628/2628/3 2629/2629/3
f 2626/2626/3 2629/2629/3 2627/2627/3
f 2628/2628/162 2622/2622/162 2625/2625/162
f 2628/2628/162 2625/2625/162 2629/2629/162
f 2630/2630/25 2631/2631/25 2632/2632/25
f 2630/2630/180 2632/2632/180 2633/2633/180
f 2631/2631/160 2634/2634/160 2635/2635/160
f 2631/2631/160 2635/2635/160 2632/2632/160
f 2634/2634/26 2636/2636/26 2637/2637/26
f 2634/2634/182 2637/2637/182 2635/2635/182
f 2636/2636/162 2630/2630/162 2633/2633/162
f 2636/2636/162 2633/2633/162 2637/2637/162
f 2638/2638/25 2639/2639/25 2640/2640/25
f 2638/2638/25 2640/2640/25 2641/2641/25
f 2639/2639/187 2642/2642/187 2643/2643/187
f 2639/2639/187 2643/2643/187 2640/2640/187
f 2642/2642/26 2644/2644/26 2645/2645/26
f 2642/2642/26 2645/2645/26 2643/2643/26
f 2644/2644/217 2638/2638/217 2641/2641/217
f 2644/2644/217 2641/2641/217 2645/2645/217
f 2646/2646/8 2647/2647/8 2648/2648/8
f 2646/2646/8 2648/2648/8 2649/2649/8
f 2650/2650/8 2651/2651/8 2652/2652/8
f 2650/2650/8 2652/2652/8 2653/2653/8
f 2654/2654/6 2655/2655/6 2656/2656/6
f 2654/2654/6 2656/2656/6 2657/2657/6
f 2658/2658/6 2659/2659/6 2660/2660/6
f 2658/2658/6 2660/2660/6 2661/2661/6
f 2647/2647/1 2654/2654/1 2657/2657/1
f 2647/2647/1 2657/2657/1 2648/2648/1
f 2659/2659/1 2650/2650/1 2653/2653/1
f 2659/2659/1 2653/2653/1 2660/2660/1
f 2651/2651/3 2658/2658/3 2661/2661/3
f 2651/2651/3 2661/2661/3 2652/2652/3
f 2655/2655/3 2646/2646/3 2649/2649/3
f 2655/2655/3 2649/2649/3 2656/2656/3
f 2662/2662/160 2663/2663/160 2664/2664/160
f 2662/2662/160 2664/2664/160 2665/2665/160
f 2663/2663/26 2666/2666/26 2667/2667/26
f 2663/2663/26 2667/2667/26 2664/2664/26
f 2666/2666/162 2668/2668/162 2669/2669/162
f 2666/2666/162 2669/2669/162 2667/2667/162
f 2668/2668/216 2662/2662/216 2665/2665/216
f 2668/2668/25 2665/2665/25 2669/2669/25
f 2670/2670/160 2671/2671/160 2672/2672/160
f 2670/2670/160 2672/2672/160 2673/2673/160
f 2671/2671/26 2674/2674/26 2675/2675/26
f 2671/2671/26 2675/2675/26 2672/2672/26
f 2674/2674/162 2676/2676/162 2677/2677/162
f 2674/2674/162 2677/2677/162 2675/2675/162
f 2676/2676/25 2670/2670/25 2673/2673/25
f 2676/2676/25 2673/2673/25 2677/2677/25
f 2678/2678/160 2679/2679/160 2680/2680/160
f 2678/2678/160 2680/2680/160 2681/2681/160
f 2679/2679/26 2682/2682/26 2683/2683/26
f 2679/2679/26 2683/2683/26 2680/2680/26
f 2682/2682/162 2684/2684/162 2685/2685/162
f 2682/2682/162 2685/2685/162 2683/2683/162
f 2684/2684/25 2678/2678/25 2681/2681/25
f 2684/2684/25 2681/2681/25 2685/2685/25
f 2686/2686/187 2687/2687/187 2688/2688/187
f 2686/2686/187 2688/2688/187 2689/2689/187
f 2687/2687/3 2690/2690/3 2691/2691/3
f 2687/2687/3 2691/2691/3 2688/2688/3
f 2690/2690/162 2692/2692/162 2693/2693/162
f 2690/2690/162 2693/2693/162 2691/2691/162
f 2692/2692/25 2686/2686/25 2689/2689/25
f 2692/2692/25 2689/2689/25 2693/2693/25
f 2694/2694/160 2695/2695/160 2696/2696/160
f 2694/2694/160 2696/2696/160 2697/2697/160
f 2695/2695/26 2698/2698/26 2699/2699/26
f 2695/2695/26 2699/2699/26 2696/2696/26
f 2698/2698/217 2700/2700/217 2701/2701/217
f 2698/2698/217 2701/2701/217 2699/2699/217
f 2700/2700/1 2694/2694/1 2697/2697/1
f 2700/2700/1 2697/2697/1 2701/2701/1
f 2702/2702/160 2703/2703/160 2704/2704/160
f 2702/2702/160 2704/2704/160 2705/2705/160
f 2703/2703/182 2706/2706/182 2707/2707/182
f 2703/2703/26 2707/2707/26 2704/2704/26
f 2706/2706/162 2708/2708/162 2709/2709/162
f 2706/2706/162 2709/2709/162 2707/2707/162
f 2708/2708/25 2702/2702/25 2705/2705/25
f 2708/2708/25 2705/2705/25 2709/2709/25
f 2710/2710/160 2711/2711/160 2712/2712/160
f 2710/2710/160 2712/2712/160 2713/2713/160
f 2711/2711/179 2714/2714/179 2715/2715/179
f 2711/2711/26 2715/2715/26 2712/2712/26
f 2714/2714/162 2716/2716/162 2717/2717/162
f 2714/2714/162 2717/2717/162 2715/2715/162
f 2716/2716/25 2710/2710/25 2713/2713/25
f 2716/2716/25 2713/2713/25 2717/2717/25
f 2718/2718/160 2719/2719/160 2720/2720/160
f 2718/2718/160 2720/2720/160 2721/2721/160
f 2719/2719/26 2722/2722/26 2723/2723/26
f 2719/2719/26 2723/2723/26 2720/2720/26
f 2722/2722/162 2724/2724/162 2725/2725/162
f 2722/2722/162 2725/2725/162 2723/2723/162
f 2724/2724/25 2718/2718/25 2721/2721/25
f 2724/2724/25 2721/2721/25 2725/2725/25
f 2726/2726/187 2727/2727/187 2728/2728/187
f 2726/2726/187 2728/2728/187 2729/2729/187
f 2727/2727/184 2730/2730/184 2731/2731/184
f 2727/2727/3 2731/2731/3 2728/2728/3
f 2730/2730/162 2732/2732/162 2733/2733/162
f 2730/2730/162 2733/2733/162 2731/2731/162
f 2732/2732/25 2726/2726/25 2729/2729/25
f 2732/2732/25 2729/2729/25 2733/2733/25
f 2734/2734/160 2735/2735/160 2736/2736/160
f 2734/2734/160 2736/2736/160 2737/2737/160
f 2735/2735/26 2738/2738/26 2739/2739/26
f 2735/2735/26 2739/2739/26 2736/2736/26
f 2738/2738/217 2740/2740/217 2741/2741/217
f 2738/2738/217 2741/2741/217 2739/2739/217
f 2740/2740/1 2734/2734/1 2737/2737/1
f 2740/2740/1 2737/2737/1 2741/2741/1
f 2742/2742/160 2743/2743/160 2744/2744/160
f 2742/2742/160 2744/2744/160 2745/2745/160
f 2743/2743/26 2746/2746/26 2747/2747/26
f 2743/2743/26 2747/2747/26 2744/2744/26
f 2746/2746/162 2748/2748/162 2749/2749/162
f 2746/2746/162 2749/2749/162 2747/2747/162
f 2748/2748/25 2742/2742/25 2745/2745/25
f 2748/2748/25 2745/2745/25 2749/2749/25
f 2750/2750/160 2751/2751/160 2752/2752/160
f 2750/2750/160 2752/2752/160 2753/2753/160
f 2751/2751/26 2754/2754/26 2755/2755/26
f 2751/2751/26 2755/2755/26 2752/2752/26
f 2754/2754/162 2756/2756/162 2757/2757/162
f 2754/2754/162 2757/2757/162 2755/2755/162
f 2756/2756/25 2750/2750/25 2753/2753/25
f 2756/2756/25 2753/2753/25 2757/2757/25
f 2758/2758/160 2759/2759/160 2760/2760/160
f 2758/2758/160 2760/2760/160 2761/2761/160
f 2759/2759/26 2762/2762/26 2763/2763/26
f 2759/2759/26 2763/2763/26 2760/2760/26
f 2762/2762/162 2764/2764/162 2765/2765/162
f 2762/2762/162 2765/2765/162 2763/2763/162
f 2764/2764/25 2758/2758/25 2761/2761/25
f 2764/2764/25 2761/2761/25 2765/2765/25
f 2766/2766/187 2767/2767/187 2768/2768/187
f 2766/2766/187 2768/2768/187 2769/2769/187
f 2767/2767/3 2770/2770/3 2771/2771/3
f 2767/2767/205 2771/2771/205 2768/2768/205
f 2770/2770/162 2772/2772/162 2773/2773/162
f 2770/2770/162 2773/2773/162 2771/2771/162
f 2772/2772/25 2766/2766/25 2769/2769/25
f 2772/2772/25 2769/2769/25 2773/2773/25
f 2774/2774/187 2775/2775/187 2776/2776/187
f 2774/2774/187 2776/2776/187 2777/2777/187
f 2775/2775/179 2778/2778/179 2779/2779/179
f 2775/2775/26 2779/2779/26 2776/2776/26
f 2778/2778/217 2780/2780/217 2781/2781/217
f 2778/2778/217 2781/2781/217 2779/2779/217
f 2780/2780/25 2774/2774/25 2777/2777/25
f 2780/2780/25 2777/2777/25 2781/2781/25
f 2782/2782/160 2783/2783/160 2784/2784/160
f 2782/2782/160 2784/2784/160 2785/2785/160
f 2783/2783/26 2786/2786/26 2787/2787/26
f 2783/2783/26 2787/2787/26 2784/2784/26
f 2786/2786/162 2788/2788/162 2789/2789/162
f 2786/2786/162 2789/2789/162 2787/2787/162
f 2788/2788/25 2782/2782/25 2785/2785/25
f 2788/2788/25 2785/2785/25 2789/2789/25
f 2790/2790/160 2791/2791/160 2792/2792/160
f 2790/2790/160 2792/2792/160 2793/2793/160
f 2791/2791/26 2794/2794/26 2795/2795/26
f 2791/2791/26 2795/2795/26 2792/2792/26
f 2794/2794/162 2796/2796/162 2797/2797/162
f 2794/2794/162 2797/2797/162 2795/2795/162
f 2796/2796/25 2790/2790/25 2793/2793/25
f 2796/2796/25 2793/2793/25 2797/2797/25
f 2798/2798/187 2799/2799/187 2800/2800/187
f 2798/2798/187 2800/2800/187 2801/2801/187
f 2799/2799/26 2802/2802/26 2803/2803/26
f 2799/2799/26 2803/2803/26 2800/2800/26
f 2802/2802/217 2804/2804/217 2805/2805/217
f 2802/2802/217 2805/2805/217 2803/2803/217
f 2804/2804/25 2798/2798/25 2801/2801/25
f 2804/2804/25 2801/2801/25 2805/2805/25
f 2806/2806/160 2807/2807/160 2808/2808/160
f 2806/2806/160 2808/2808/160 2809/2809/160
f 2807/2807/26 2810/2810/26 2811/2811/26
f 2807/2807/26 2811/2811/26 2808/2808/26
f 2810/2810/217 2812/2812/217 2813/2813/217
f 2810/2810/217 2813/2813/217 2811/2811/217
f 2812/2812/1 2806/2806/1 2809/2809/1
f 2812/2812/1 2809/2809/1 2813/2813/1
f 2814/2814/160 2815/2815/160 2816/2816/160
f 2814/2814/160 2816/2816/160 2817/2817/160
f 2815/2815/26 2818/2818/26 2819/2819/26
f 2815/2815/179 2819/2819/179 2816/2816/179
f 2818/2818/162 2820/2820/162 2821/2821/162
f 2818/2818/162 2821/2821/162 2819/2819/162
f 2820/2820/25 2814/2814/25 2817/2817/25
f 2820/2820/25 2817/2817/25 2821/2821/25
f 2822/2822/187 2823/2823/187 2824/2824/187
f 2822/2822/187 2824/2824/187 2825/2825/187
f 2823/2823/26 2826/2826/26 2827/2827/26
f 2823/2823/26 2827/2827/26 2824/2824/26
f 2826/2826/217 2828/2828/217 2829/2829/217
f 2826/2826/217 2829/2829/217 2827/2827/217
f 2828/2828/25 2822/2822/25 2825/2825/25
f 2828/2828/25 2825/2825/25 2829/2829/25
f 2830/2830/160 2831/2831/160 2832/2832/160
f 2830/2830/594 2832/2832/594 2833/2833/594
f 2831/2831/224 2834/2834/224 2835/2835/224
f 2831/2831/179 2835/2835/179 2832/2832/179
f 2834/2834/162 2836/2836/162 2837/2837/162
f 2834/2834/595 2837/2837/595 2835/2835/595
f 2836/2836/176 2830/2830/176 2833/2833/176
f 2836/2836/216 2833/2833/216 2837/2837/216
f 2838/2838/160 2839/2839/160 2840/2840/160
f 2838/2838/160 2840/2840/160 2841/2841/160
f 2839/2839/26 2842/2842/26 2843/2843/26
f 2839/2839/26 2843/2843/26 2840/2840/26
f 2842/2842/162 2844/2844/162 2845/2845/162
f 2842/2842/162 2845/2845/162 2843/2843/162
f 2844/2844/25 2838/2838/25 2841/2841/25
f 2844/2844/25 2841/2841/25 2845/2845/25
f 2846/2846/160 2847/2847/160 2848/2848/160
f 2846/2846/160 2848/2848/160 2849/2849/160
f 2847/2847/26 2850/2850/26 2851/2851/26
f 2847/2847/26 2851/2851/26 2848/2848/26
f 2850/2850/162 2852/2852/162 2853/2853/162
f 2850/2850/162 2853/2853/162 2851/2851/162
f 2852/2852/25 2846/2846/25 2849/2849/25
f 2852/2852/25 2849/2849/25 2853/2853/25
f 2854/2854/187 2855/2855/187 2856/2856/187
f 2854/2854/187 2856/2856/187 2857/2857/187
f 2855/2855/3 2858/2858/3 2859/2859/3
f 2855/2855/3 2859/2859/3 2856/2856/3
f 2858/2858/162 2860/2860/162 2861/2861/162
f 2858/2858/162 2861/2861/162 2859/2859/162
f 2860/2860/25 2854/2854/25 2857/2857/25
f 2860/2860/25 2857/2857/25 2861/2861/25
f 2862/2862/187 2863/2863/187 2864/2864/187
f 2862/2862/187 2864/2864/187 2865/2865/187
f 2863/2863/26 2866/2866/26 2867/2867/26
f 2863/2863/26 2867/2867/26 2864/2864/26
f 2866/2866/217 2868/2868/217 2869/2869/217
f 2866/2866/217 2869/2869/217 2867/2867/217
f 2868/2868/25 2862/2862/25 2865/2865/25
f 2868/2868/25 2865/2865/25 2869/2869/25
f 2870/2870/160 2871/2871/160 2872/2872/160
f 2870/2870/160 2872/2872/160 2873/2873/160
f 2871/2871/26 2874/2874/26 2875/2875/26
f 2871/2871/26 2875/2875/26 2872/2872/26
f 2874/2874/162 2876/2876/162 2877/2877/162
f 2874/2874/162 2877/2877/162 2875/2875/162
f 2876/2876/25 2870/2870/25 2873/2873/25
f 2876/2876/25 2873/2873/25 2877/2877/25
f 2878/2878/160 2879/2879/160 2880/2880/160
f 2878/2878/160 2880/2880/160 2881/2881/160
f 2879/2879/26 2882/2882/26 2883/2883/26
f 2879/2879/26 2883/2883/26 2880/2880/26
f 2882/2882/162 2884/2884/162 2885/2885/162
f 2882/2882/162 2885/2885/162 2883/2883/162
f 2884/2884/25 2878/2878/25 2881/2881/25
f 2884/2884/25 2881/2881/25 2885/2885/25
f 2886/2886/160 2887/2887/160 2888/2888/160
f 2886/2886/160 2888/2888/160 2889/2889/160
f 2887/2887/26 2890/2890/26 2891/2891/26
f 2887/2887/26 2891/2891/26 2888/2888/26
f 2890/2890/162 2892/2892/162 2893/2893/162
f 2890/2890/162 2893/2893/162 2891/2891/162
f 2892/2892/25 2886/2886/25 2889/2889/25
f 2892/2892/25 2889/2889/25 2893/2893/25
f 2894/2894/187 2895/2895/187 2896/2896/187
f 2894/2894/187 2896/2896/187 2897/2897/187
f 2895/2895/3 2898/2898/3 2899/2899/3
f 2895/2895/3 2899/2899/3 2896/2896/3
f 2898/2898/162 2900/2900/162 2901/2901/162
f 2898/2898/162 2901/2901/162 2899/2899/162
f 2900/2900/25 2894/2894/25 2897/2897/25
f 2900/2900/25 2897/2897/25 2901/2901/25
f 2902/2902/8 2903/2903/8 2904/2904/8
f 2902/2902/8 2904/2904/8 2905/2905/8
f 2906/2906/8 2907/2907/8 2908/2908/8
f 2906/2906/8 2908/2908/8 2909/2909/8
f 2910/2910/6 2911/2911/6 2912/2912/6
f 2910/2910/6 2912/2912/6 2913/2913/6
f 2914/2914/6 2915/2915/6 2916/2916/6
f 2914/2914/6 2916/2916/6 2917/2917/6
f 2903/2903/10 2910/2910/10 2913/2913/10
f 2903/2903/10 2913/2913/10 2904/2904/10
f 2915/2915/10 2906/2906/10 2909/2909/10
f 2915/2915/10 2909/2909/10 2916/2916/10
f 2907/2907/18 2914/2914/18 2917/2917/18
f 2907/2907/18 2917/2917/18 2908/2908/18
f 2911/2911/18 2902/2902/18 2905/2905/18
f 2911/2911/18 2905/2905/18 2912/2912/18
f 2918/2918/160 2919/2919/160 2920/2920/160
f 2918/2918/160 2920/2920/160 2921/2921/160
f 2919/2919/26 2922/2922/26 2923/2923/26
f 2919/2919/26 2923/2923/26 2920/2920/26
f 2922/2922/162 2924/2924/162 2925/2925/162
f 2922/2922/162 2925/2925/162 2923/2923/162
f 2924/2924/25 2918/2918/25 2921/2921/25
f 2924/2924/25 2921/2921/25 2925/2925/25
f 2926/2926/187 2927/2927/187 2928/2928/187
f 2926/2926/187 2928/2928/187 2929/2929/187
f 2927/2927/26 2930/2930/26 2931/2931/26
f 2927/2927/26 2931/2931/26 2928/2928/26
f 2930/2930/217 2932/2932/217 2933/2933/217
f 2930/2930/217 2933/2933/217 2931/2931/217
f 2932/2932/25 2926/2926/25 2929/2929/25
f 2932/2932/25 2929/2929/25 2933/2933/25
f 2934/2934/160 2935/2935/160 2936/2936/160
f 2934/2934/160 2936/2936/160 2937/2937/160
f 2935/2935/26 2938/2938/26 2939/2939/26
f 2935/2935/26 2939/2939/26 2936/2936/26
f 2938/2938/217 2940/2940/217 2941/2941/217
f 2938/2938/217 2941/2941/217 2939/2939/217
f 2940/2940/1 2934/2934/1 2937/2937/1
f 2940/2940/1 2937/2937/1 2941/2941/1
f 2942/2942/26 2943/2943/26 2944/2944/26
f 2942/2942/26 2944/2944/26 2945/2945/26
f 2943/2943/217 2946/2946/217 2947/2947/217
f 2943/2943/217 2947/2947/217 2944/2944/217
f 2946/2946/25 2948/2948/25 2949/2949/25
f 2946/2946/25 2949/2949/25 2947/2947/25
f 2948/2948/187 2942/2942/187 2945/2945/187
f 2948/2948/187 2945/2945/187 2949/2949/187
f 2950/2950/26 2951/2951/26 2952/2952/26
f 2950/2950/26 2952/2952/26 2953/2953/26
f 2951/2951/162 2954/2954/162 2955/2955/162
f 2951/2951/162 2955/2955/162 2952/2952/162
f 2954/2954/25 2956/2956/25 2957/2957/25
f 2954/2954/25 2957/2957/25 2955/2955/25
f 2956/2956/160 2950/2950/160 2953/2953/160
f 2956/2956/160 2953/2953/160 2957/2957/160
f 2958/2958/26 2959/2959/26 2960/2960/26
f 2958/2958/26 2960/2960/26 2961/2961/26
f 2959/2959/217 2962/2962/217 2963/2963/217
f 2959/2959/217 2963/2963/217 2960/2960/217
f 2962/2962/25 2964/2964/25 2965/2965/25
f 2962/2962/25 2965/2965/25 2963/2963/25
f 2964/2964/187 2958/2958/187 2961/2961/187
f 2964/2964/187 2961/2961/187 2965/2965/187
f 2966/2966/179 2967/2967/179 2968/2968/179
f 2966/2966/26 2968/2968/26 2969/2969/26
f 2967/2967/162 2970/2970/162 2971/2971/162
f 2967/2967/162 2971/2971/162 2968/2968/162
f 2970/2970/25 2972/2972/25 2973/2973/25
f 2970/2970/176 2973/2973/176 2971/2971/176
f 2972/2972/160 2966/2966/160 2969/2969/160
f 2972/2972/160 2969/2969/160 2973/2973/160
f 2974/2974/26 2975/2975/26 2976/2976/26
f 2974/2974/26 2976/2976/26 2977/2977/26
f 2975/2975/162 2978/2978/162 2979/2979/162
f 2975/2975/162 2979/2979/162 2976/2976/162
f 2978/2978/25 2980/2980/25 2981/2981/25
f 2978/2978/25 2981/2981/25 2979/2979/25
f 2980/2980/160 2974/2974/160 2977/2977/160
f 2980/2980/160 2977/2977/160 2981/2981/160
f 2982/2982/26 2983/2983/26 2984/2984/26
f 2982/2982/26 2984/2984/26 2985/2985/26
f 2983/2983/162 2986/2986/162 2987/2987/162
f 2983/2983/162 2987/2987/162 2984/2984/162
f 2986/2986/25 2988/2988/25 2989/2989/25
f 2986/2986/25 2989/2989/25 2987/2987/25
f 2988/2988/160 2982/2982/160 2985/2985/160
f 2988/2988/160 2985/2985/160 2989/2989/160
f 2990/2990/26 2991/2991/26 2992/2992/26
f 2990/2990/26 2992/2992/26 2993/2993/26
f 2991/2991/162 2994/2994/162 2995/2995/162
f 2991/2991/162 2995/2995/162 2992/2992/162
f 2994/2994/25 2996/2996/25 2997/2997/25
f 2994/2994/25 2997/2997/25 2995/2995/25
f 2996/2996/160 2990/2990/160 2993/2993/160
f 2996/2996/160 2993/2993/160 2997/2997/160
f 2998/2998/26 2999/2999/26 3000/3000/26
f 2998/2998/26 3000/3000/26 3001/3001/26
f 2999/2999/162 3002/3002/162 3003/3003/162
f 2999/2999/162 3003/3003/162 3000/3000/162
f 3002/3002/25 3004/3004/25 3005/3005/25
f 3002/3002/25 3005/3005/25 3003/3003/25
f 3004/3004/160 2998/2998/160 3001/3001/160
f 3004/3004/160 3001/3001/160 3005/3005/160
f 3006/3006/179 3007/3007/179 3008/3008/179
f 3006/3006/26 3008/3008/26 3009/3009/26
f 3007/3007/162 3010/3010/162 3011/3011/162
f 3007/3007/162 3011/3011/162 3008/3008/162
f 3010/3010/25 3012/3012/25 3013/3013/25
f 3010/3010/176 3013/3013/176 3011/3011/176
f 3012/3012/160 3006/3006/160 3009/3009/160
f 3012/3012/160 3009/3009/160 3013/3013/160
f 3014/3014/26 3015/3015/26 3016/3016/26
f 3014/3014/26 3016/3016/26 3017/3017/26
f 3015/3015/217 3018/3018/217 3019/3019/217
f 3015/3015/217 3019/3019/217 3016/3016/217
f 3018/3018/25 3020/3020/25 3021/3021/25
f 3018/3018/25 3021/3021/25 3019/3019/25
f 3020/3020/187 3014/3014/187 3017/3017/187
f 3020/3020/187 3017/3017/187 3021/3021/187
f 3022/3022/26 3023/3023/26 3024/3024/26
f 3022/3022/26 3024/3024/26 3025/3025/26
f 3023/3023/162 3026/3026/162 3027/3027/162
f 3023/3023/162 3027/3027/162 3024/3024/162
f 3026/3026/25 3028/3028/25 3029/3029/25
f 3026/3026/25 3029/3029/25 3027/3027/25
f 3028/3028/160 3022/3022/160 3025/3025/160
f 3028/3028/160 3025/3025/160 3029/3029/160
f 3030/3030/26 3031/3031/26 3032/3032/26
f 3030/3030/26 3032/3032/26 3033/3033/26
f 3031/3031/217 3034/3034/217 3035/3035/217
f 3031/3031/217 3035/3035/217 3032/3032/217
f 3034/3034/222 3036/3036/222 3037/3037/222
f 3034/3034/1 3037/3037/1 3035/3035/1
f 3036/3036/187 3030/3030/187 3033/3033/187
f 3036/3036/187 3033/3033/187 3037/3037/187
f 3038/3038/8 3039/3039/8 3040/3040/8
f 3038/3038/8 3040/3040/8 3041/3041/8
f 3042/3042/6 3043/3043/6 3044/3044/6
f 3042/3042/6 3044/3044/6 3045/3045/6
f 3039/3039/3 3042/3042/3 3045/3045/3
f 3039/3039/3 3045/3045/3 3040/3040/3
f 3043/3043/1 3038/3038/1 3041/3041/1
f 3043/3043/228 3041/3041/228 3044/3044/228
f 3046/3046/10 3047/3047/10 3048/3048/10
f 3046/3046/10 3048/3048/10 3049/3049/10
f 3050/3050/10 3051/3051/10 3052/3052/10
f 3050/3050/10 3052/3052/10 3053/3053/10
f 3054/3054/6 3055/3055/6 3049/3049/6
f 3054/3054/6 3049/3049/6 3048/3048/6
f 3047/3047/6 3046/3046/6 3053/3053/6
f 3047/3047/6 3053/3053/6 3052/3052/6
f 3046/3046/1 3049/3049/1 3055/3055/1
f 3046/3046/1 3055/3055/1 3056/3056/1
f 3046/3046/1 3056/3056/1 3050/3050/1
f 3046/3046/1 3050/3050/1 3053/3053/1
f 3051/3051/8 3050/3050/8 3056/3056/8
f 3051/3051/8 3056/3056/8 184/184/8
f 3047/3047/3 3052/3052/3 3051/3051/3
f 3047/3047/3 3051/3051/3 184/184/3
f 3048/3048/3 3047/3047/3 184/184/3
f 3048/3048/3 184/184/3 3054/3054/3
f 184/184/18 3056/3056/18 3055/3055/18
f 184/184/18 3055/3055/18 3054/3054/18
f 3057/3057/1 3058/3058/1 3059/3059/1
f 3057/3057/1 3059/3059/1 3060/3060/1
f 3061/3061/1 3062/3062/1 3063/3063/1
f 3061/3061/1 3063/3063/1 3064/3064/1
f 3065/3065/6 3066/3066/6 3060/3060/6
f 3065/3065/6 3060/3060/6 3059/3059/6
f 3058/3058/6 3057/3057/6 3064/3064/6
f 3058/3058/6 3064/3064/6 3063/3063/6
f 3057/3057/7 3060/3060/7 3066/3066/7
f 3057/3057/7 3066/3066/7 3067/3067/7
f 3057/3057/7 3067/3067/7 3061/3061/7
f 3057/3057/7 3061/3061/7 3064/3064/7
f 3062/3062/8 3061/3061/8 3067/3067/8
f 3062/3062/8 3067/3067/8 3068/3068/8
f 3058/3058/9 3063/3063/9 3062/3062/9
f 3058/3058/30 3062/3062/30 3068/3068/30
f 3059/3059/10 3058/3058/10 3068/3068/10
f 3059/3059/10 3068/3068/10 3065/3065/10
f 3068/3068/3 3067/3067/3 3066/3066/3
f 3068/3068/3 3066/3066/3 3065/3065/3
f 3069/3069/18 3070/3070/18 3071/3071/18
f 3069/3069/18 3071/3071/18 3072/3072/18
f 3073/3073/18 3074/3074/18 3075/3075/18
f 3073/3073/18 3075/3075/18 3076/3076/18
f 3077/3077/6 3078/3078/6 3072/3072/6
f 3077/3077/6 3072/3072/6 3071/3071/6
f 3070/3070/6 3069/3069/6 3076/3076/6
f 3070/3070/6 3076/3076/6 3075/3075/6
f 3069/3069/3 3072/3072/3 3078/3078/3
f 3069/3069/3 3078/3078/3 3079/3079/3
f 3069/3069/3 3079/3079/3 3073/3073/3
f 3069/3069/3 3073/3073/3 3076/3076/3
f 3074/3074/8 3073/3073/8 3079/3079/8
f 3074/3074/8 3079/3079/8 3080/3080/8
f 3070/3070/25 3075/3075/25 3074/3074/25
f 3070/3070/1 3074/3074/1 3080/3080/1
f 3071/3071/1 3070/3070/1 3080/3080/1
f 3071/3071/1 3080/3080/1 3077/3077/1
f 3080/3080/10 3079/3079/10 3078/3078/10
f 3080/3080/10 3078/3078/10 3077/3077/10
f 3081/3081/143 3082/3082/143 3083/3083/143
f 3081/3081/143 3083/3083/143 3084/3084/143
f 3085/3085/3 3086/3086/3 3082/3082/3
f 3085/3085/3 3082/3082/3 3081/3081/3
f 3087/3087/140 3088/3088/140 3086/3086/140
f 3087/3087/140 3086/3086/140 3085/3085/140
f 3084/3084/25 3083/3083/25 3088/3088/25
f 3084/3084/33 3088/3088/33 3087/3087/33
f 3089/3089/306 3081/3081/306 3084/3084/306
f 3089/3089/596 3084/3084/596 3090/3090/596
f 3091/3091/597 3085/3085/597 3081/3081/597
f 3091/3091/598 3081/3081/598 3089/3089/598
f 3092/3092/599 3087/3087/599 3085/3085/599
f 3092/3092/600 3085/3085/600 3091/3091/600
f 3090/3090/601 3084/3084/601 3087/3087/601
f 3090/3090/602 3087/3087/602 3092/3092/602
f 3093/3093/160 3089/3089/160 3090/3090/160
f 3093/3093/160 3090/3090/160 3094/3094/160
f 3095/3095/3 3091/3091/3 3089/3089/3
f 3095/3095/3 3089/3089/3 3093/3093/3
f 3096/3096/162 3092/3092/162 3091/3091/162
f 3096/3096/162 3091/3091/162 3095/3095/162
f 3094/3094/1 3090/3090/1 3092/3092/1
f 3094/3094/1 3092/3092/1 3096/3096/1
f 3086/3086/6 3088/3088/6 3083/3083/6
f 3086/3086/6 3083/3083/6 3082/3082/6
f 3094/3094/8 3096/3096/8 3095/3095/8
f 3094/3094/8 3095/3095/8 3093/3093/8
f 3097/3097/143 3098/3098/143 3099/3099/143
f 3097/3097/143 3099/3099/143 3100/3100/143
f 3101/3101/3 3102/3102/3 3098/3098/3
f 3101/3101/3 3098/3098/3 3097/3097/3
f 3103/3103/140 3104/3104/140 3102/3102/140
f 3103/3103/140 3102/3102/140 3101/3101/140
f 3100/3100/1 3099/3099/1 3104/3104/1
f 3100/3100/1 3104/3104/1 3103/3103/1
f 3105/3105/214 3097/3097/214 3100/3100/214
f 3105/3105/15 3100/3100/15 3106/3106/15
f 3107/3107/603 3101/3101/603 3097/3097/603
f 3107/3107/604 3097/3097/604 3105/3105/604
f 3108/3108/24 3103/3103/24 3101/3101/24
f 3108/3108/7 3101/3101/7 3107/3107/7
f 3106/3106/605 3100/3100/605 3103/3103/605
f 3106/3106/602 3103/3103/602 3108/3108/602
f 3109/3109/143 3105/3105/143 3106/3106/143
f 3109/3109/143 3106/3106/143 3110/3110/143
f 3111/3111/26 3107/3107/26 3105/3105/26
f 3111/3111/3 3105/3105/3 3109/3109/3
f 3112/3112/162 3108/3108/162 3107/3107/162
f 3112/3112/162 3107/3107/162 3111/3111/162
f 3110/3110/180 3106/3106/180 3108/3108/180
f 3110/3110/1 3108/3108/1 3112/3112/1
f 3102/3102/6 3104/3104/6 3099/3099/6
f 3102/3102/6 3099/3099/6 3098/3098/6
f 3110/3110/8 3112/3112/8 3111/3111/8
f 3110/3110/8 3111/3111/8 3109/3109/8
f 3113/3113/25 3114/3114/25 3115/3115/25
f 3113/3113/25 3115/3115/25 3116/3116/25
f 3117/3117/9 3118/3118/9 3114/3114/9
f 3117/3117/9 3114/3114/9 3113/3113/9
f 3119/3119/205 3120/3120/205 3118/3118/205
f 3119/3119/177 3118/3118/177 3117/3117/177
f 3116/3116/7 3115/3115/7 3120/3120/7
f 3116/3116/7 3120/3120/7 3119/3119/7
f 3121/3121/2 3113/3113/2 3116/3116/2
f 3121/3121/1 3116/3116/1 3122/3122/1
f 3123/3123/606 3117/3117/606 3113/3113/606
f 3123/3123/607 3113/3113/607 3121/3121/607
f 3124/3124/5 3119/3119/5 3117/3117/5
f 3124/3124/4 3117/3117/4 3123/3123/4
f 3122/3122/608 3116/3116/608 3119/3119/608
f 3122/3122/609 3119/3119/609 3124/3124/609
f 3125/3125/25 3121/3121/25 3122/3122/25
f 3125/3125/33 3122/3122/33 3126/3126/33
f 3127/3127/167 3123/3123/167 3121/3121/167
f 3127/3127/167 3121/3121/167 3125/3125/167
f 3128/3128/3 3124/3124/3 3123/3123/3
f 3128/3128/178 3123/3123/178 3127/3127/178
f 3126/3126/7 3122/3122/7 3124/3124/7
f 3126/3126/7 3124/3124/7 3128/3128/7
f 3118/3118/6 3120/3120/6 3115/3115/6
f 3118/3118/6 3115/3115/6 3114/3114/6
f 3126/3126/8 3128/3128/8 3127/3127/8
f 3126/3126/8 3127/3127/8 3125/3125/8
f 3129/3129/221 3130/3130/221 3131/3131/221
f 3129/3129/25 3131/3131/25 3132/3132/25
f 3133/3133/152 3134/3134/152 3130/3130/152
f 3133/3133/152 3130/3130/152 3129/3129/152
f 3135/3135/3 3136/3136/3 3134/3134/3
f 3135/3135/26 3134/3134/26 3133/3133/26
f 3132/3132/35 3131/3131/35 3136/3136/35
f 3132/3132/35 3136/3136/35 3135/3135/35
f 3137/3137/1 3129/3129/1 3132/3132/1
f 3137/3137/228 3132/3132/228 3138/3138/228
f 3139/3139/606 3133/3133/606 3129/3129/606
f 3139/3139/610 3129/3129/610 3137/3137/610
f 3140/3140/3 3135/3135/3 3133/3133/3
f 3140/3140/611 3133/3133/611 3139/3139/611
f 3138/3138/608 3132/3132/608 3135/3135/608
f 3138/3138/612 3135/3135/612 3140/3140/612
f 3141/3141/1 3137/3137/1 3138/3138/1
f 3141/3141/1 3138/3138/1 3142/3142/1
f 3143/3143/152 3139/3139/152 3137/3137/152
f 3143/3143/152 3137/3137/152 3141/3141/152
f 3144/3144/178 3140/3140/178 3139/3139/178
f 3144/3144/3 3139/3139/3 3143/3143/3
f 3142/3142/35 3138/3138/35 3140/3140/35
f 3142/3142/170 3140/3140/170 3144/3144/170
f 3134/3134/6 3136/3136/6 3131/3131/6
f 3134/3134/6 3131/3131/6 3130/3130/6
f 3142/3142/8 3144/3144/8 3143/3143/8
f 3142/3142/8 3143/3143/8 3141/3141/8
f 3145/3145/162 3146/3146/162 3147/3147/162
f 3145/3145/162 3147/3147/162 3148/3148/162
f 3149/3149/25 3150/3150/25 3146/3146/25
f 3149/3149/25 3146/3146/25 3145/3145/25
f 3151/3151/143 3152/3152/143 3150/3150/143
f 3151/3151/143 3150/3150/143 3149/3149/143
f 3148/3148/3 3147/3147/3 3152/3152/3
f 3148/3148/3 3152/3152/3 3151/3151/3
f 3153/3153/312 3145/3145/312 3148/3148/312
f 3153/3153/140 3148/3148/140 3154/3154/140
f 3155/3155/613 3149/3149/613 3145/3145/613
f 3155/3155/614 3145/3145/614 3153/3153/614
f 3156/3156/15 3151/3151/15 3149/3149/15
f 3156/3156/15 3149/3149/15 3155/3155/15
f 3154/3154/615 3148/3148/615 3151/3151/615
f 3154/3154/616 3151/3151/616 3156/3156/616
f 3157/3157/140 3153/3153/140 3154/3154/140
f 3157/3157/140 3154/3154/140 3158/3158/140
f 3159/3159/216 3155/3155/216 3153/3153/216
f 3159/3159/1 3153/3153/1 3157/3157/1
f 3160/3160/143 3156/3156/143 3155/3155/143
f 3160/3160/143 3155/3155/143 3159/3159/143
f 3158/3158/3 3154/3154/3 3156/3156/3
f 3158/3158/3 3156/3156/3 3160/3160/3
f 3150/3150/6 3152/3152/6 3147/3147/6
f 3150/3150/6 3147/3147/6 3146/3146/6
f 3158/3158/8 3160/3160/8 3159/3159/8
f 3158/3158/8 3159/3159/8 3157/3157/8
f 3161/3161/140 3162/3162/140 3163/3163/140
f 3161/3161/140 3163/3163/140 3164/3164/140
f 3165/3165/1 3166/3166/1 3162/3162/1
f 3165/3165/1 3162/3162/1 3161/3161/1
f 3167/3167/160 3168/3168/160 3166/3166/160
f 3167/3167/160 3166/3166/160 3165/3165/160
f 3164/3164/26 3163/3163/26 3168/3168/26
f 3164/3164/3 3168/3168/3 3167/3167/3
f 3169/3169/172 3161/3161/172 3164/3164/172
f 3169/3169/166 3164/3164/166 3170/3170/166
f 3171/3171/617 3165/3165/617 3161/3161/617
f 3171/3171/617 3161/3161/617 3169/3169/617
f 3172/3172/32 3167/3167/32 3165/3165/32
f 3172/3172/152 3165/3165/152 3171/3171/152
f 3170/3170/618 3164/3164/618 3167/3167/618
f 3170/3170/616 3167/3167/616 3172/3172/616
f 3173/3173/140 3169/3169/140 3170/3170/140
f 3173/3173/140 3170/3170/140 3174/3174/140
f 3175/3175/1 3171/3171/1 3169/3169/1
f 3175/3175/1 3169/3169/1 3173/3173/1
f 3176/3176/160 3172/3172/160 3171/3171/160
f 3176/3176/160 3171/3171/160 3175/3175/160
f 3174/3174/3 3170/3170/3 3172/3172/3
f 3174/3174/26 3172/3172/26 3176/3176/26
f 3166/3166/6 3168/3168/6 3163/3163/6
f 3166/3166/6 3163/3163/6 3162/3162/6
f 3174/3174/8 3176/3176/8 3175/3175/8
f 3174/3174/8 3175/3175/8 3173/3173/8
f 3177/3177/1 3178/3178/1 3179/3179/1
f 3177/3177/25 3179/3179/25 3180/3180/25
f 3181/3181/10 3182/3182/10 3178/3178/10
f 3181/3181/10 3178/3178/10 3177/3177/10
f 3183/3183/26 3184/3184/26 3182/3182/26
f 3183/3183/26 3182/3182/26 3181/3181/26
f 3180/3180/18 3179/3179/18 3184/3184/18
f 3180/3180/18 3184/3184/18 3183/3183/18
f 3180/3180/8 3183/3183/8 3181/3181/8
f 3180/3180/8 3181/3181/8 3177/3177/8
f 3185/3185/26 3186/3186/26 3187/3187/26
f 3185/3185/3 3187/3187/3 3188/3188/3
f 3189/3189/7 3190/3190/7 3186/3186/7
f 3189/3189/18 3186/3186/18 3185/3185/18
f 3191/3191/1 3192/3192/1 3190/3190/1
f 3191/3191/25 3190/3190/25 3189/3189/25
f 3188/3188/10 3187/3187/10 3192/3192/10
f 3188/3188/9 3192/3192/9 3191/3191/9
f 3193/3193/4 3185/3185/4 3188/3188/4
f 3193/3193/5 3188/3188/5 3194/3194/5
f 3195/3195/619 3189/3189/619 3185/3185/619
f 3195/3195/620 3185/3185/620 3193/3193/620
f 3196/3196/575 3191/3191/575 3189/3189/575
f 3196/3196/621 3189/3189/621 3195/3195/621
f 3194/3194/622 3188/3188/622 3191/3191/622
f 3194/3194/623 3191/3191/623 3196/3196/623
f 3197/3197/26 3193/3193/26 3194/3194/26
f 3197/3197/3 3194/3194/3 3198/3198/3
f 3199/3199/7 3195/3195/7 3193/3193/7
f 3199/3199/18 3193/3193/18 3197/3197/18
f 3200/3200/180 3196/3196/180 3195/3195/180
f 3200/3200/1 3195/3195/1 3199/3199/1
f 3198/3198/10 3194/3194/10 3196/3196/10
f 3198/3198/9 3196/3196/9 3200/3200/9
f 3190/3190/6 3192/3192/6 3187/3187/6
f 3190/3190/6 3187/3187/6 3186/3186/6
f 3198/3198/8 3200/3200/8 3199/3199/8
f 3198/3198/8 3199/3199/8 3197/3197/8
f 3201/3201/178 3202/3202/178 3203/3203/178
f 3201/3201/26 3203/3203/26 3204/3204/26
f 3205/3205/18 3206/3206/18 3202/3202/18
f 3205/3205/18 3202/3202/18 3201/3201/18
f 3207/3207/1 3208/3208/1 3206/3206/1
f 3207/3207/1 3206/3206/1 3205/3205/1
f 3204/3204/10 3203/3203/10 3208/3208/10
f 3204/3204/10 3208/3208/10 3207/3207/10
f 3209/3209/3 3201/3201/3 3204/3204/3
f 3209/3209/5 3204/3204/5 3210/3210/5
f 3211/3211/620 3205/3205/620 3201/3201/620
f 3211/3211/619 3201/3201/619 3209/3209/619
f 3212/3212/1 3207/3207/1 3205/3205/1
f 3212/3212/2 3205/3205/2 3211/3211/2
f 3210/3210/624 3204/3204/624 3207/3207/624
f 3210/3210/623 3207/3207/623 3212/3212/623
f 3213/3213/3 3209/3209/3 3210/3210/3
f 3213/3213/26 3210/3210/26 3214/3214/26
f 3215/3215/18 3211/3211/18 3209/3209/18
f 3215/3215/18 3209/3209/18 3213/3213/18
f 3216/3216/25 3212/3212/25 3211/3211/25
f 3216/3216/33 3211/3211/33 3215/3215/33
f 3214/3214/10 3210/3210/10 3212/3212/10
f 3214/3214/10 3212/3212/10 3216/3216/10
f 3206/3206/6 3208/3208/6 3203/3203/6
f 3206/3206/6 3203/3203/6 3202/3202/6
f 3214/3214/8 3216/3216/8 3215/3215/8
f 3214/3214/8 3215/3215/8 3213/3213/8
f 3217/3217/1 3218/3218/1 3219/3219/1
f 3217/3217/25 3219/3219/25 3220/3220/25
f 3221/3221/10 3222/3222/10 3218/3218/10
f 3221/3221/10 3218/3218/10 3217/3217/10
f 3223/3223/26 3224/3224/26 3222/3222/26
f 3223/3223/3 3222/3222/3 3221/3221/3
f 3220/3220/18 3219/3219/18 3224/3224/18
f 3220/3220/18 3224/3224/18 3223/3223/18
f 3220/3220/8 3223/3223/8 3221/3221/8
f 3220/3220/8 3221/3221/8 3217/3217/8
f 3225/3225/1 3226/3226/1 3227/3227/1
f 3225/3225/1 3227/3227/1 3228/3228/1
f 3229/3229/10 3230/3230/10 3226/3226/10
f 3229/3229/10 3226/3226/10 3225/3225/10
f 3231/3231/3 3232/3232/3 3230/3230/3
f 3231/3231/3 3230/3230/3 3229/3229/3
f 3228/3228/18 3227/3227/18 3232/3232/18
f 3228/3228/18 3232/3232/18 3231/3231/18
f 3228/3228/8 3231/3231/8 3229/3229/8
f 3228/3228/8 3229/3229/8 3225/3225/8
f 3233/3233/1 3234/3234/1 3235/3235/1
f 3233/3233/1 3235/3235/1 3236/3236/1
f 3237/3237/10 3238/3238/10 3234/3234/10
f 3237/3237/10 3234/3234/10 3233/3233/10
f 3239/3239/3 3240/3240/3 3238/3238/3
f 3239/3239/3 3238/3238/3 3237/3237/3
f 3236/3236/18 3235/3235/18 3240/3240/18
f 3236/3236/18 3240/3240/18 3239/3239/18
f 3236/3236/8 3239/3239/8 3237/3237/8
f 3236/3236/8 3237/3237/8 3233/3233/8
f 3241/3241/1 3242/3242/1 3243/3243/1
f 3241/3241/1 3243/3243/1 3244/3244/1
f 3245/3245/10 3246/3246/10 3242/3242/10
f 3245/3245/10 3242/3242/10 3241/3241/10
f 3247/3247/3 3248/3248/3 3246/3246/3
f 3247/3247/3 3246/3246/3 3245/3245/3
f 3244/3244/18 3243/3243/18 3248/3248/18
f 3244/3244/18 3248/3248/18 3247/3247/18
f 3244/3244/8 3247/3247/8 3245/3245/8
f 3244/3244/8 3245/3245/8 3241/3241/8
f 3249/3249/143 3250/3250/143 3251/3251/143
f 3249/3249/143 3251/3251/143 3252/3252/143
f 3253/3253/178 3254/3254/178 3250/3250/178
f 3253/3253/3 3250/3250/3 3249/3249/3
f 3255/3255/140 3256/3256/140 3254/3254/140
f 3255/3255/140 3254/3254/140 3253/3253/140
f 3252/3252/1 3251/3251/1 3256/3256/1
f 3252/3252/25 3256/3256/25 3255/3255/25
f 3257/3257/207 3249/3249/207 3252/3252/207
f 3257/3257/9 3252/3252/9 3258/3258/9
f 3259/3259/625 3253/3253/625 3249/3249/625
f 3259/3259/626 3249/3249/626 3257/3257/626
f 3260/3260/599 3255/3255/599 3253/3253/599
f 3260/3260/175 3253/3253/175 3259/3259/175
f 3258/3258/627 3252/3252/627 3255/3255/627
f 3258/3258/628 3255/3255/628 3260/3260/628
f 3261/3261/9 3257/3257/9 3258/3258/9
f 3261/3261/9 3258/3258/9 3262/3262/9
f 3263/3263/26 3259/3259/26 3257/3257/26
f 3263/3263/3 3257/3257/3 3261/3261/3
f 3264/3264/7 3260/3260/7 3259/3259/7
f 3264/3264/7 3259/3259/7 3263/3263/7
f 3262/3262/25 3258/3258/25 3260/3260/25
f 3262/3262/25 3260/3260/25 3264/3264/25
f 3254/3254/6 3256/3256/6 3251/3251/6
f 3254/3254/6 3251/3251/6 3250/3250/6
f 3262/3262/8 3264/3264/8 3263/3263/8
f 3262/3262/8 3263/3263/8 3261/3261/8
