# Blender v2.93.0 OBJ File: ''
# www.blender.org
mtllib b_002_post.mtl
o building_009.050_building_009.036
v -250.139435 3.356596 67.407417
v -248.347855 3.356596 67.206459
v -250.139435 6.761401 67.407417
v -254.928513 6.335802 67.944595
v -253.989349 6.335801 67.839249
v -256.806824 3.356597 68.155281
v -252.111038 3.356596 67.628563
v -252.111038 6.761402 67.628563
v -256.806824 6.761402 68.155281
v -255.867661 6.335802 68.049934
v -253.050201 6.335801 67.733910
v -248.562256 3.356596 67.032051
v -250.161423 6.761401 67.211426
v -254.011337 4.491532 67.643265
v -254.950500 4.491532 67.748604
v -254.950500 6.335802 67.748604
v -254.011337 6.335801 67.643265
v -253.072189 4.491532 67.537918
v -252.133026 3.356596 67.432579
v -256.637970 3.356597 67.937889
v -255.889648 4.491532 67.853951
v -255.889648 6.335802 67.853951
v -256.637970 6.761402 67.937889
v -252.133026 6.761402 67.432579
v -253.072189 6.335801 67.537918
v -248.648453 4.428134 63.961277
v -248.648453 6.272405 63.961277
v -248.628754 6.335803 64.702225
v -248.607666 4.430226 64.644501
v -249.296677 6.761405 58.747490
v -248.538086 6.278068 65.809998
v -248.708923 6.269302 62.948254
v -249.296677 3.356598 58.747490
v -248.920258 3.356598 62.103355
v -248.821167 6.335803 64.723808
v -248.897583 6.335803 64.042557
v -248.897583 4.491531 64.042557
v -248.821167 4.491531 64.723808
v -248.690811 6.335801 65.885948
v -249.467682 6.761405 58.959900
v -249.010880 6.335803 63.032455
v -249.010880 4.491531 63.032455
v -249.467682 3.356598 58.959900
v -249.112671 3.356598 62.124939
v -257.249237 6.292407 64.483490
v -257.531372 6.165273 61.915115
v -257.531372 4.318837 61.871365
v -257.755646 6.761405 59.696312
v -257.641174 6.115802 60.915714
v -257.755646 3.356599 59.696312
v -257.641174 4.491534 60.716797
v -257.340546 6.335804 61.674202
v -257.058411 6.335804 64.189651
v -257.058411 5.484601 64.189651
v -257.340546 4.491534 61.674202
v -257.450348 6.335804 60.695389
v -257.543396 6.761405 59.865738
v -256.742859 6.335802 67.002716
v -256.742859 5.484600 67.002716
v -257.543396 3.356599 59.865738
v -257.450348 4.491534 60.695389
v -254.660889 5.059001 59.349174
v -254.660889 6.335804 59.349174
v -252.680267 6.335804 59.127014
v -252.680267 4.491534 59.127014
v -250.988464 6.335804 58.937248
v -255.775024 6.335804 59.474144
v -255.775024 5.059001 59.474144
v -250.988464 4.491533 58.937248
v -252.658859 6.335804 59.317848
v -254.639481 6.335804 59.540009
v -254.639481 5.059001 59.540009
v -252.658859 4.491534 59.317848
v -250.967072 6.335804 59.128082
v -255.753616 6.335804 59.664978
v -255.753616 5.059001 59.664978
v -250.967072 4.491533 59.128082
v -248.849792 6.782583 60.095451
v -247.939468 6.979624 67.576355
v -257.168121 7.006644 68.651588
v -257.106934 7.054145 68.427177
v -257.815247 6.520366 58.995022
v -248.499817 6.705676 58.190060
v -258.217926 6.466060 59.392746
v -257.168121 6.939087 68.948883
v -247.763138 6.899595 67.731766
v -248.442093 6.685916 59.897949
v -248.858719 6.746468 60.104126
v -257.168121 6.865376 68.651588
v -247.776962 6.859745 67.719582
v -257.303497 7.063334 69.095726
v -248.386780 6.815406 57.962498
v -247.818405 6.844569 67.683044
v -257.268982 7.048450 69.058647
v -248.565872 6.994990 58.279804
v -258.108521 6.770268 59.625172
v -257.142578 7.054149 68.542191
v -248.160675 7.015779 67.504463
v -252.170914 9.105597 69.326958
v -252.299332 -0.048209 67.299812
v -252.170914 -0.048209 68.444778
v -250.042068 8.754494 67.690704
v -250.028656 -0.048209 67.045113
v -250.028656 8.921982 68.209229
v -252.133026 -0.048209 67.432579
v -252.038147 -0.048209 68.278473
v -250.161423 -0.048209 67.211426
v -250.066544 -0.048209 68.057327
v -250.308640 8.957367 69.595055
v -252.391281 8.921153 69.078697
v -252.251160 8.921343 68.944977
v -250.129486 9.045689 69.358124
v -250.287277 9.029476 69.187607
v -250.197174 8.984347 68.193382
v -250.337296 8.984157 68.327087
v -260.137817 -0.974954 59.535000
v -246.552216 -0.686609 61.837738
v -245.924484 -0.610232 69.540024
v -246.552216 -0.048208 61.837738
v -260.137817 -0.335836 59.549461
v -245.924484 -0.048210 69.468102
v -249.107300 5.029194 60.435745
v -249.355392 2.934191 58.224052
v -248.863556 2.931036 62.608856
v -248.835800 3.035901 62.856354
v -248.837769 2.996001 62.838684
v -245.806503 3.035903 57.971256
v -248.843719 2.982700 62.785667
v -245.397888 3.245249 57.920235
v -249.107315 5.141081 60.353874
v -245.286911 3.141847 62.207672
v -248.863556 3.141847 62.608856
v -245.732498 3.023655 58.468315
v -246.142685 2.935114 57.862572
v -246.083847 3.499182 58.451336
v -249.296677 3.430980 58.747490
v -249.355515 2.935116 58.222946
v -249.296677 2.937424 58.747490
v -245.707428 3.418841 61.742981
v -245.650818 2.931036 62.247643
v -248.920258 3.418843 62.103355
v -248.920258 2.931036 62.103355
v -248.863647 2.931036 62.608017
v -248.863556 3.135328 62.608856
v -245.286911 3.135328 62.207672
v -248.863556 2.982700 62.608856
v -248.835800 3.135328 62.856354
v -245.806503 3.135329 57.958210
v -245.778748 2.982700 57.822868
v -249.355392 2.982700 58.224052
v -248.745834 -0.048207 63.658318
v -248.745834 2.930995 63.658318
v -248.587814 2.718195 65.067215
v -248.587814 0.802992 65.067215
v -248.462341 2.718195 66.185837
v -248.888168 2.930997 62.389473
v -248.462341 0.802992 66.185837
v -248.457733 -0.101820 67.155975
v -248.888168 -0.123906 62.318192
v -248.920258 -0.048207 62.103355
v -248.778641 2.718195 65.088615
v -248.936661 2.930995 63.679726
v -248.936676 -0.048207 63.679726
v -248.778641 0.802992 65.088615
v -248.653168 2.718195 66.207245
v -248.560669 3.356596 67.031876
v -249.127853 3.356598 61.975227
v -249.078995 2.930997 62.410873
v -248.560669 -0.048209 67.031876
v -248.653168 0.802992 66.207245
v -249.078995 -0.048207 62.410873
v -249.127853 -0.048207 61.975227
v -250.139435 -0.048209 67.407417
v -254.444260 1.015795 59.324883
v -254.444260 2.930998 59.324883
v -250.020386 2.718197 58.828667
v -250.020386 0.802994 58.828667
v -246.083847 3.356597 58.387115
v -248.328598 2.718197 58.638901
v -255.650711 2.930998 59.460205
v -255.650711 1.015795 59.460205
v -249.998993 2.718197 59.019493
v -254.422852 2.930998 59.515709
v -254.422852 1.015795 59.515709
v -249.998993 0.802994 59.019493
v -248.307190 2.718197 58.829727
v -246.242950 3.356597 58.598190
v -255.629303 2.930998 59.651031
v -255.629303 1.015795 59.651031
v -257.543396 -0.048206 59.865738
v -246.242950 -0.048208 58.598190
v -254.749054 2.930996 67.924461
v -254.749054 1.015793 67.924461
v -253.989365 -0.048208 67.839249
v -253.989349 2.930996 67.839249
v -255.867661 1.015793 68.049934
v -256.806824 -0.048208 68.155281
v -255.867661 2.930996 68.049934
v -252.720505 2.930996 67.696930
v -252.720520 -0.048209 67.696930
v -252.111038 -0.048209 67.628563
v -254.011337 -0.048208 67.643265
v -254.771027 1.015793 67.728477
v -254.771027 2.930996 67.728477
v -254.011337 2.930996 67.643265
v -256.637970 -0.048208 67.937889
v -255.889648 1.015793 67.853951
v -255.889648 2.930996 67.853951
v -252.742493 2.930996 67.500938
v -252.742493 -0.048209 67.500938
v -257.284790 2.930999 63.894119
v -257.428101 2.930999 62.616501
v -257.617859 2.930999 60.924706
v -256.921082 2.930997 67.136726
v -257.237274 2.930999 62.595100
v -257.093964 2.930999 63.872711
v -257.093964 -0.048206 63.872711
v -257.237274 1.015795 62.595100
v -257.427032 2.930999 60.903305
v -256.730255 2.930997 67.115318
v -257.427032 1.015795 60.903305
v -256.730255 -0.048208 67.115318
v -248.920258 3.430982 62.103355
v -245.707428 3.430982 61.742981
v -245.904709 -0.048208 61.613693
v -249.127853 3.430982 61.975227
v -245.904709 3.430982 61.613693
v -245.894485 5.029194 60.075371
v -245.598557 3.024101 60.712029
v -245.732498 3.517214 58.468315
v -245.665527 3.020664 59.590172
v -246.013412 2.930996 60.644600
v -246.074982 5.029194 60.095619
v -246.242950 3.430982 58.598190
v -246.138885 2.930996 59.525986
v -246.013412 1.015794 60.644600
v -246.138885 1.015794 59.525986
v -245.600662 2.988526 60.676682
v -245.663422 2.985306 59.625523
v -246.017365 2.895530 60.609360
v -246.017365 1.051261 60.609360
v -246.134933 1.051261 59.561234
v -246.134933 2.895530 59.561234
v -245.669128 1.974052 60.645523
v -245.667023 2.009627 60.680874
v -245.902817 1.128753 60.669479
v -245.729767 1.051261 59.548386
v -245.727661 1.971049 59.665058
v -245.702469 1.920036 60.600464
v -245.942017 1.884569 60.565216
v -245.942017 1.086727 60.565216
v -245.938065 1.051261 60.600464
v -246.051666 1.086727 59.587578
v -246.055634 1.051261 59.552338
v -246.051666 1.884569 59.587578
v -246.055634 1.920036 59.552338
v -245.704575 2.043167 60.647762
v -245.942017 2.860063 60.565216
v -245.938065 2.895530 60.600464
v -246.051666 2.860063 59.587578
v -246.055634 2.895530 59.552338
v -245.973297 2.895530 60.604416
v -245.977264 2.860063 60.569168
v -245.977264 1.955503 60.569168
v -245.973312 1.920036 60.604416
v -246.086914 1.955503 59.591537
v -246.090866 1.920036 59.556290
v -246.086914 2.860063 59.591537
v -246.090866 2.895530 59.556290
v -246.027557 1.884569 59.584877
v -245.917908 1.884569 60.562515
v -246.027557 1.086727 59.584877
v -245.926712 1.086727 60.563499
v -245.689178 1.884569 60.563499
v -245.747726 1.172177 59.666332
v -246.062805 2.860063 59.588829
v -245.953156 2.860063 60.566467
v -245.953156 1.955503 60.566467
v -246.062805 1.955503 59.588829
v -245.961960 2.029960 60.637562
v -245.961960 2.860063 60.567451
v -246.071625 2.860063 59.589821
v -246.071625 1.955503 59.589821
v -248.466293 0.838458 66.150589
v -248.466293 2.682728 66.150589
v -248.583862 0.838458 65.102463
v -248.583862 2.682729 65.102463
v -248.657120 2.682728 66.171997
v -248.657120 0.838458 66.171997
v -248.774689 0.838458 65.123863
v -248.778641 0.802992 65.088615
v -248.774689 2.682728 65.123863
v -248.532242 0.838458 66.157990
v -248.645859 0.873926 65.145103
v -248.649811 0.838458 65.109856
v -248.645859 1.671768 65.145103
v -248.649811 1.707234 65.109856
v -248.567490 1.707234 66.161942
v -248.571442 1.671768 66.126701
v -248.571442 0.873926 66.126701
v -248.567490 0.838458 66.161942
v -248.681107 0.873926 65.149055
v -248.685059 0.838458 65.113815
v -248.681107 1.671768 65.149055
v -248.685059 1.707234 65.113815
v -248.571442 2.647261 66.126701
v -248.567490 2.682728 66.161942
v -248.681107 1.742701 65.149055
v -248.681107 2.647261 65.149055
v -248.685059 2.682729 65.113815
v -248.602737 2.682728 66.165894
v -248.606689 2.647261 66.130653
v -248.606689 1.742701 66.130653
v -248.602737 1.707234 66.165894
v -248.716354 1.742701 65.153008
v -248.720306 1.707234 65.117767
v -248.716354 2.647261 65.153008
v -248.720306 2.682729 65.117767
v -248.656998 1.671768 65.146355
v -248.547333 1.671768 66.123993
v -248.547333 0.873926 66.123993
v -248.656998 0.873926 65.146355
v -248.556152 0.873926 66.124985
v -248.556152 1.671768 66.124985
v -248.665802 1.671768 65.147339
v -248.665802 0.873926 65.147339
v -248.692245 2.647261 65.150307
v -248.582581 2.647261 66.127945
v -248.582581 1.742701 66.127945
v -248.692245 1.742701 65.150307
v -248.591400 1.742701 66.128937
v -248.591400 2.647261 66.128937
v -248.701050 2.647261 65.151291
v -248.701050 1.742701 65.151291
v -248.935104 1.551019 62.680252
v -248.856033 1.551019 63.385162
v -248.856033 1.331771 63.385162
v -248.935104 1.331771 62.680252
v -248.832306 2.860064 63.596642
v -248.856033 0.674023 63.385162
v -248.856033 0.893275 63.385162
v -248.856033 1.112523 63.385162
v -248.856033 1.770267 63.385162
v -248.856033 1.989515 63.385162
v -248.856033 2.208767 63.385162
v -248.856033 2.428015 63.385162
v -248.856033 2.647263 63.385162
v -248.935104 0.235526 62.680252
v -248.958817 -0.025363 62.468773
v -248.958817 2.860064 62.468773
v -248.935104 2.647263 62.680252
v -248.935104 2.428015 62.680252
v -248.935104 2.208767 62.680252
v -248.935104 1.989515 62.680252
v -248.935104 1.770267 62.680252
v -248.935104 1.112523 62.680252
v -248.935104 0.893275 62.680252
v -248.935104 0.674023 62.680252
v -248.935104 0.454774 62.680252
v -248.891281 1.331771 63.389114
v -248.891281 1.551019 63.389114
v -248.970337 1.551019 62.684204
v -248.970337 1.331771 62.684204
v -248.867554 -0.025363 63.600594
v -248.867554 2.860064 63.600594
v -248.891281 2.647263 63.389114
v -248.891281 2.428015 63.389114
v -248.891281 2.208767 63.389114
v -248.891281 1.989515 63.389114
v -248.891281 1.770267 63.389114
v -248.891281 1.112523 63.389114
v -248.891281 0.893275 63.389114
v -248.891281 0.674023 63.389114
v -248.970337 0.235526 62.684204
v -248.994064 -0.025363 62.472725
v -248.970337 2.647263 62.684204
v -248.994064 2.860064 62.472725
v -248.970337 2.428015 62.684204
v -248.970337 0.454774 62.684204
v -248.970337 0.674023 62.684204
v -248.970337 0.893275 62.684204
v -248.970337 1.112523 62.684204
v -248.970337 1.770267 62.684204
v -248.970337 1.989515 62.684204
v -248.970337 2.208767 62.684204
v -248.753754 2.860064 63.587830
v -248.880249 -0.025363 62.459961
v -248.880249 2.860064 62.459961
v -248.936676 2.930995 63.679726
v -248.944580 2.860064 63.609230
v -248.944580 -0.025363 63.609230
v -248.936676 -0.048207 63.679726
v -249.071091 -0.025363 62.481369
v -249.078995 -0.048207 62.410873
v -249.071091 2.860064 62.481369
v -249.078995 2.930997 62.410873
v -248.948944 0.454774 62.681801
v -248.869873 0.454774 63.386719
v -248.869873 0.235526 63.386719
v -248.948944 0.235526 62.681801
v -248.948944 0.893275 62.681801
v -248.869873 0.893275 63.386719
v -248.869873 0.674023 63.386719
v -248.948944 0.674023 62.681801
v -248.948944 1.331771 62.681801
v -248.869873 1.331771 63.386719
v -248.869873 1.112523 63.386719
v -248.948944 1.112523 62.681801
v -248.869873 2.428015 63.386719
v -248.948944 2.428015 62.681801
v -248.948944 2.647263 62.681801
v -248.869873 2.647263 63.386719
v -248.869873 1.989515 63.386719
v -248.948944 1.989515 62.681801
v -248.948944 2.208767 62.681801
v -248.869873 2.208767 63.386719
v -248.869873 1.551019 63.386719
v -248.948944 1.551019 62.681801
v -248.948944 1.770267 62.681801
v -248.869873 1.770267 63.386719
v -248.878693 0.235526 63.387703
v -248.878693 0.454774 63.387703
v -248.957764 0.454774 62.682793
v -248.957764 0.235526 62.682793
v -248.878693 0.674023 63.387703
v -248.878693 0.893275 63.387703
v -248.957764 0.893275 62.682793
v -248.957764 0.674023 62.682793
v -248.878693 1.112523 63.387703
v -248.878693 1.331771 63.387703
v -248.957764 1.331771 62.682793
v -248.957764 1.112523 62.682793
v -248.957764 2.647263 62.682793
v -248.957764 2.428015 62.682793
v -248.878693 2.428015 63.387703
v -248.878693 2.647263 63.387703
v -248.957764 2.208767 62.682793
v -248.957764 1.989515 62.682793
v -248.878693 1.989515 63.387703
v -248.878693 2.208767 63.387703
v -248.957764 1.770267 62.682793
v -248.957764 1.551019 62.682793
v -248.878693 1.551019 63.387703
v -248.878693 1.770267 63.387703
v -248.932098 1.171138 62.611710
v -248.943954 1.171138 62.505974
v -248.940002 1.206605 62.541214
v -248.936050 1.206605 62.576462
v -248.943954 1.277539 62.505974
v -248.940002 1.242072 62.541214
v -248.932098 1.277539 62.611710
v -248.936050 1.242072 62.576462
v -248.872223 1.206605 62.533615
v -248.892105 1.206605 62.571533
v -248.872223 1.242072 62.533615
v -248.892105 1.242072 62.571533
v -248.842682 1.206605 62.796936
v -248.842682 1.242072 62.796936
v -248.866516 1.242072 62.799614
v -248.866516 1.206605 62.799614
v -248.990219 1.171138 62.618233
v -248.994171 1.206605 62.582985
v -248.998138 1.206605 62.547737
v -249.002090 1.171138 62.512497
v -248.998138 1.242072 62.547737
v -249.002090 1.277539 62.512497
v -248.994171 1.242072 62.582985
v -248.990219 1.277539 62.618233
v -249.035065 1.206605 62.587570
v -249.062866 1.206605 62.555000
v -249.062866 1.242072 62.555000
v -249.035065 1.242072 62.587570
v -249.033325 1.206605 62.818321
v -249.009491 1.206605 62.815651
v -249.009491 1.242072 62.815651
v -249.033325 1.242072 62.818321
v -253.011871 1.551018 67.644836
v -253.716782 1.551018 67.723900
v -253.716782 1.331770 67.723900
v -253.011871 1.331770 67.644836
v -253.928253 2.860063 67.747620
v -253.928253 -0.025364 67.747620
v -253.716782 0.235525 67.723900
v -253.716782 0.454773 67.723900
v -253.716782 0.674022 67.723900
v -253.716782 0.893274 67.723900
v -253.716782 1.112522 67.723900
v -253.716782 1.770266 67.723900
v -253.716782 1.989514 67.723900
v -253.716782 2.208766 67.723900
v -253.716782 2.428014 67.723900
v -253.716782 2.647262 67.723900
v -253.011871 0.235525 67.644836
v -252.800400 -0.025364 67.621117
v -252.800400 2.860063 67.621109
v -253.011871 2.647262 67.644836
v -253.011871 2.428014 67.644836
v -253.011871 2.208766 67.644836
v -253.011871 1.989514 67.644836
v -253.011871 1.770266 67.644836
v -253.011871 1.112521 67.644836
v -253.011871 0.893273 67.644836
v -253.011871 0.674021 67.644836
v -253.011871 0.454773 67.644836
v -253.720734 1.331770 67.688652
v -253.720734 1.551018 67.688652
v -253.015823 1.551018 67.609589
v -253.015823 1.331770 67.609589
v -253.720734 0.235525 67.688652
v -253.932205 -0.025364 67.712372
v -253.932205 2.860063 67.712372
v -253.720734 0.454773 67.688652
v -253.720734 2.647262 67.688652
v -253.720734 2.428014 67.688652
v -253.720734 2.208766 67.688652
v -253.720734 1.989514 67.688652
v -253.720734 1.770266 67.688652
v -253.720734 1.112522 67.688652
v -253.720734 0.893274 67.688652
v -253.720734 0.674022 67.688652
v -253.015823 0.235525 67.609589
v -252.804352 -0.025364 67.585869
v -253.015823 2.647262 67.609589
v -252.804352 2.860063 67.585861
v -253.015823 2.428014 67.609589
v -253.015823 0.454773 67.609589
v -253.015823 0.674021 67.609589
v -253.015823 0.893273 67.609589
v -253.015823 1.112521 67.609589
v -253.015823 1.770266 67.609589
v -253.015823 1.989514 67.609589
v -253.015823 2.208766 67.609589
v -253.919449 -0.025364 67.826180
v -253.919449 2.860063 67.826180
v -253.989929 2.930996 67.834084
v -253.989929 -0.048208 67.834084
v -252.791580 -0.025364 67.699669
v -252.721085 -0.048209 67.691765
v -252.791580 2.860063 67.699669
v -252.721085 2.930996 67.691765
v -254.011337 2.930996 67.643257
v -253.940842 2.860063 67.635353
v -253.940857 -0.025364 67.635353
v -254.011337 -0.048208 67.643257
v -252.812988 -0.025364 67.508842
v -252.742493 -0.048209 67.500938
v -252.812988 2.860063 67.508842
v -252.742493 2.930996 67.500938
v -253.013428 0.454773 67.630981
v -253.718338 0.454773 67.710052
v -253.718338 0.235525 67.710052
v -253.013428 0.235525 67.630981
v -253.013428 0.893273 67.630981
v -253.718338 0.893274 67.710052
v -253.718338 0.674022 67.710052
v -253.013428 0.674021 67.630981
v -253.013428 1.331770 67.630981
v -253.718338 1.331770 67.710052
v -253.718338 1.112522 67.710052
v -253.013428 1.112521 67.630981
v -253.718338 2.428014 67.710052
v -253.013428 2.428014 67.630981
v -253.013428 2.647262 67.630981
v -253.718338 2.647262 67.710052
v -253.718338 1.989514 67.710052
v -253.013428 1.989514 67.630981
v -253.013428 2.208766 67.630981
v -253.718338 2.208766 67.710052
v -253.718338 1.551018 67.710052
v -253.013428 1.551018 67.630981
v -253.013428 1.770266 67.630981
v -253.718338 1.770266 67.710052
v -253.719330 0.235525 67.701241
v -253.719330 0.454773 67.701241
v -253.014404 0.454773 67.622169
v -253.014404 0.235525 67.622169
v -253.719330 0.674022 67.701241
v -253.719330 0.893274 67.701241
v -253.014404 0.893273 67.622169
v -253.014404 0.674021 67.622169
v -253.719330 1.112522 67.701241
v -253.719330 1.331770 67.701241
v -253.014404 1.331770 67.622169
v -253.014404 1.112521 67.622169
v -253.014404 2.647262 67.622169
v -253.014404 2.428014 67.622169
v -253.719330 2.428014 67.701241
v -253.719330 2.647262 67.701241
v -253.014404 2.208766 67.622169
v -253.014404 1.989514 67.622169
v -253.719330 1.989514 67.701241
v -253.719330 2.208766 67.701241
v -253.014404 1.770266 67.622169
v -253.014404 1.551018 67.622169
v -253.719330 1.551018 67.701241
v -253.719330 1.770266 67.701241
v -252.943329 1.171137 67.647835
v -252.837585 1.171137 67.635971
v -252.872833 1.206604 67.639923
v -252.908081 1.206604 67.643883
v -252.837585 1.277538 67.635971
v -252.872833 1.242071 67.639923
v -252.943329 1.277538 67.647835
v -252.908081 1.242071 67.643883
v -252.865234 1.206604 67.707710
v -252.903152 1.206604 67.687820
v -252.865234 1.242071 67.707710
v -252.903152 1.242071 67.687820
v -253.128555 1.206604 67.737244
v -253.128555 1.242071 67.737244
v -253.131241 1.242071 67.713402
v -253.131241 1.206604 67.713402
v -252.949844 1.171137 67.589706
v -252.914612 1.206604 67.585754
v -252.879364 1.206604 67.581795
v -252.844116 1.171137 67.577843
v -252.879364 1.242071 67.581795
v -252.844116 1.277538 67.577843
v -252.914612 1.242071 67.585754
v -252.949844 1.277538 67.589706
v -252.919189 1.206604 67.544861
v -252.886627 1.206604 67.517067
v -252.886627 1.242071 67.517067
v -252.919189 1.242071 67.544861
v -253.149948 1.206604 67.546608
v -253.147263 1.206604 67.570442
v -253.147263 1.242071 67.570442
v -253.149948 1.242071 67.546608
v -255.833008 1.051260 68.040825
v -255.833008 2.895530 68.040825
v -255.868240 2.930996 68.044777
v -255.868240 1.015793 68.044777
v -254.784866 1.051260 67.923256
v -254.749619 1.015793 67.919304
v -254.784866 2.895530 67.923256
v -254.749619 2.930996 67.919304
v -255.854401 2.895530 67.849998
v -255.854401 1.051260 67.849998
v -254.806274 1.051260 67.732430
v -254.806274 2.895530 67.732430
v -255.805145 1.086727 67.970909
v -255.805145 1.884569 67.970909
v -255.840393 1.920035 67.974861
v -255.840393 1.051260 67.974861
v -254.827515 1.086727 67.861252
v -254.792267 1.051260 67.857292
v -254.827515 1.884568 67.861252
v -254.792267 1.920035 67.857292
v -255.844345 1.920035 67.939621
v -255.809113 1.884569 67.935661
v -255.809113 1.086727 67.935661
v -255.844345 1.051260 67.939621
v -254.831467 1.086727 67.826004
v -254.796219 1.051260 67.822052
v -254.831467 1.884568 67.826004
v -254.796219 1.920035 67.822052
v -255.809113 1.955502 67.935661
v -255.809113 2.860063 67.935661
v -255.844345 2.895530 67.939621
v -254.831467 1.955502 67.826004
v -254.831467 2.860063 67.826004
v -254.796219 2.895530 67.822052
v -255.848312 2.895530 67.904373
v -255.813065 2.860063 67.900414
v -255.813065 1.955502 67.900414
v -255.848312 1.920035 67.904373
v -254.835419 1.955502 67.790756
v -254.800171 1.920035 67.786804
v -254.835419 2.860063 67.790756
v -254.800171 2.895530 67.786804
v -254.828766 1.884568 67.850113
v -255.806396 1.884569 67.959770
v -255.806396 1.086727 67.959770
v -254.828766 1.086727 67.850113
v -255.807388 1.086727 67.950958
v -255.807388 1.884569 67.950958
v -254.829758 1.884568 67.841301
v -254.829758 1.086727 67.841301
v -254.832718 2.860063 67.814865
v -255.810349 2.860063 67.924522
v -255.810349 1.955502 67.924522
v -254.832718 1.955502 67.814865
v -255.811340 1.955502 67.915718
v -255.811340 2.860063 67.915718
v -254.833710 2.860063 67.806061
v -254.833710 1.955502 67.806061
v -257.423065 1.051263 60.938545
v -257.241211 1.051263 62.559845
v -257.427032 1.015795 60.903297
v -257.423065 2.895532 60.938553
v -257.241211 2.895532 62.559853
v -257.613892 2.895532 60.959953
v -257.432037 2.895532 62.581261
v -257.485077 0.875377 61.090466
v -257.404480 1.086729 61.699844
v -257.400513 1.051263 61.735092
v -257.485077 2.860065 60.981194
v -257.489044 2.895532 60.945946
v -257.404480 2.860065 61.699844
v -257.400513 2.895532 61.735092
v -257.520325 0.875246 61.087811
v -257.524292 0.837959 61.051014
v -257.520325 2.860065 60.985146
v -257.524292 2.895532 60.949905
v -257.439728 2.860065 61.703804
v -257.435760 2.895532 61.739044
v -257.431824 1.086729 61.774292
v -257.431824 2.860065 61.774292
v -257.346375 2.860065 62.535957
v -257.342438 2.895532 62.571205
v -257.467041 2.860065 61.778244
v -257.471008 2.895532 61.742996
v -257.381622 2.860065 62.539909
v -257.377655 2.895532 62.575157
v -257.415619 2.860065 61.701096
v -257.496216 1.086729 60.982437
v -257.496216 2.860065 60.982445
v -257.505035 1.086729 60.983429
v -257.424408 0.911625 61.822746
v -257.424408 2.860065 61.702087
v -257.505035 2.860065 60.983429
v -257.357513 2.860065 62.537209
v -257.357513 1.086729 62.537201
v -257.442963 1.086729 61.775543
v -257.442963 2.860065 61.775543
v -257.366333 2.860065 62.538193
v -257.451752 2.860065 61.776527
v -257.089996 -0.012739 63.907959
v -256.730255 -0.048208 67.115318
v -257.093964 -0.048206 63.872711
v -257.089996 2.895530 63.907959
v -256.734192 2.895530 67.080070
v -257.280823 2.895530 63.929367
v -256.925018 2.895530 67.101479
v -256.862183 0.200059 66.237885
v -256.791016 0.200059 66.872307
v -256.767303 0.083418 67.302788
v -256.862183 2.682730 66.237885
v -256.885895 2.895530 66.026413
v -256.791016 2.682730 66.872307
v -256.767303 2.895530 67.083786
v -256.802551 0.083287 67.300133
v -256.921143 0.029846 66.220512
v -256.897430 2.682730 66.241844
v -256.921143 2.895530 66.030373
v -256.826263 2.682730 66.876266
v -256.802551 2.895530 67.087738
v -257.016022 0.200059 65.184471
v -256.944885 0.200059 65.818893
v -257.039764 -0.012741 64.972992
v -257.016022 2.682730 65.184471
v -257.039764 2.895530 64.973000
v -256.944885 2.682730 65.818893
v -257.051270 2.682730 65.188423
v -257.075012 2.895530 64.976952
v -256.980103 2.682730 65.822845
v -256.956390 2.895530 66.034325
v -257.169891 0.200061 64.131050
v -257.098724 0.200059 64.765472
v -257.169891 2.682730 64.131058
v -257.193604 2.895530 63.919579
v -257.098724 2.682730 64.765480
v -257.228851 -0.077299 64.055962
v -257.205139 2.682730 64.135010
v -257.228851 2.895530 63.923531
v -257.133972 2.682730 64.769432
v -257.110229 2.895530 64.980904
v -256.802155 2.682730 66.873558
v -256.873322 2.682730 66.239136
v -256.810974 2.682730 66.874550
v -256.882141 2.682730 66.240128
v -256.956024 2.682730 65.820145
v -256.956024 0.232154 66.008560
v -257.027161 2.682730 65.185722
v -257.035980 0.200057 65.360138
v -256.964813 2.682730 65.821129
v -257.035980 2.682730 65.186707
v -257.109863 2.682730 64.766724
v -257.109863 0.178582 64.926292
v -257.181030 2.682730 64.132301
v -257.118683 2.682730 64.767715
v -257.189819 2.682730 64.133293
v -255.594055 1.051262 59.647079
v -255.594055 2.895532 59.647079
v -254.458099 1.051262 59.519661
v -254.458099 2.895531 59.519661
v -255.615463 2.895532 59.456253
v -255.615463 1.051262 59.456253
v -254.479507 1.051262 59.328835
v -254.479507 2.895531 59.328835
v -255.566208 1.086729 59.577171
v -255.566208 1.884570 59.577171
v -255.601456 1.920037 59.581123
v -255.601456 1.051262 59.581123
v -254.500748 1.086729 59.457657
v -254.465500 1.051262 59.453705
v -254.500748 1.884570 59.457657
v -254.465500 1.920037 59.453705
v -255.605408 1.920037 59.545876
v -255.570160 1.884570 59.541924
v -255.570160 1.086729 59.541924
v -255.605408 1.051262 59.545876
v -254.504700 1.086729 59.422417
v -254.469452 1.051262 59.418457
v -254.504700 1.884570 59.422417
v -254.469452 1.920037 59.418457
v -255.570160 1.955504 59.541924
v -255.570160 2.860065 59.541924
v -255.605408 2.895532 59.545876
v -254.504700 1.955504 59.422417
v -254.504700 2.860065 59.422417
v -254.469452 2.895531 59.418457
v -255.609360 2.895532 59.510635
v -255.574112 2.860065 59.506683
v -255.574112 1.955504 59.506683
v -255.609360 1.920037 59.510635
v -254.508652 1.955504 59.387169
v -254.473404 1.920037 59.383217
v -254.508652 2.860065 59.387169
v -254.473404 2.895531 59.383217
v -254.501999 1.884570 59.446526
v -255.567459 1.884570 59.566032
v -255.567459 1.086729 59.566032
v -254.501999 1.086729 59.446526
v -255.568451 1.086729 59.557220
v -255.568451 1.884570 59.557220
v -254.502991 1.884570 59.437714
v -254.502991 1.086729 59.437714
v -254.505951 2.860065 59.411278
v -255.571411 2.860065 59.530785
v -255.571411 1.955504 59.530785
v -254.505951 1.955504 59.411278
v -255.572403 1.955504 59.521973
v -255.572403 2.860065 59.521973
v -254.506943 2.860065 59.402466
v -254.506943 1.955504 59.402466
v -249.985153 0.838461 58.824715
v -248.363846 0.838460 58.642853
v -249.985153 2.682730 58.824715
v -248.363846 2.682730 58.642853
v -249.963745 0.838461 59.015541
v -249.963745 2.682730 59.015541
v -248.342438 2.682730 58.833687
v -249.942505 0.873928 58.886719
v -249.223846 0.873928 58.806107
v -249.188599 0.838460 58.802155
v -249.977753 0.838461 58.890671
v -249.942505 2.647264 58.886719
v -249.977753 2.682730 58.890671
v -249.223846 2.647264 58.806107
v -249.188599 2.682730 58.802155
v -249.184647 0.838460 58.837402
v -249.219894 0.873928 58.841354
v -249.938553 0.873928 58.921959
v -249.973801 0.838461 58.925919
v -249.938553 2.647264 58.921959
v -249.973801 2.682730 58.925919
v -249.219894 2.647264 58.841354
v -249.184647 2.682730 58.837402
v -249.149414 0.873928 58.833443
v -248.387741 0.873928 58.748009
v -248.352493 0.838460 58.744057
v -249.149414 2.647264 58.833443
v -248.387741 2.647264 58.748009
v -248.352493 2.682730 58.744057
v -248.383789 0.873928 58.783257
v -249.145447 0.873928 58.868690
v -249.180695 0.838460 58.872650
v -249.145447 2.647264 58.868690
v -249.180695 2.682730 58.872650
v -248.383789 2.647264 58.783257
v -248.348541 2.682730 58.779305
v -249.222595 2.647264 58.817245
v -249.222595 0.873928 58.817245
v -249.941254 0.873928 58.897858
v -249.941254 2.647264 58.897858
v -249.940262 0.873928 58.906670
v -249.221619 0.873928 58.826057
v -249.221619 2.647264 58.826057
v -249.940262 2.647264 58.906670
v -248.386490 2.647264 58.759148
v -248.386490 0.873928 58.759148
v -249.148163 0.873928 58.844582
v -249.148163 2.647264 58.844582
v -249.147171 0.873928 58.853394
v -248.385498 0.873928 58.767960
v -248.385498 2.647264 58.767960
v -249.147171 2.647264 58.853394
v -255.718369 5.094471 59.661026
v -255.718369 6.300337 59.661026
v -254.674728 5.094471 59.543961
v -254.674728 6.300336 59.543961
v -255.739777 6.300337 59.470192
v -255.739777 5.094471 59.470192
v -254.696136 5.094471 59.353134
v -254.696136 6.300336 59.353134
v -255.690521 5.129935 59.591110
v -255.690521 5.626381 59.591110
v -255.725769 5.661849 59.595062
v -255.725769 5.094471 59.595062
v -254.717361 5.129935 59.481956
v -254.682129 5.094471 59.478004
v -254.717361 5.626380 59.481956
v -254.682129 5.661848 59.478004
v -255.729721 5.661849 59.559822
v -255.694473 5.626381 59.555870
v -255.694473 5.129935 59.555870
v -255.729721 5.094471 59.559822
v -254.721329 5.129935 59.446709
v -254.686081 5.094471 59.442757
v -254.721329 5.626380 59.446709
v -254.686081 5.661848 59.442757
v -255.694473 5.697316 59.555870
v -255.694473 6.264873 59.555870
v -255.729721 6.300337 59.559822
v -254.721329 5.697314 59.446709
v -254.721313 6.264872 59.446709
v -254.686081 6.300336 59.442757
v -255.733673 6.300337 59.524574
v -255.698425 6.264873 59.520622
v -255.698425 5.697316 59.520622
v -255.733673 5.661849 59.524574
v -254.725281 5.697314 59.411469
v -254.690033 5.661848 59.407516
v -254.725281 6.264872 59.411469
v -254.690033 6.300336 59.407516
v -254.718613 5.626380 59.470818
v -255.691772 5.626381 59.579979
v -255.691772 5.129935 59.579979
v -254.718613 5.129935 59.470818
v -255.692764 5.129935 59.571167
v -255.692764 5.626381 59.571167
v -254.719604 5.626380 59.462006
v -254.719604 5.129935 59.462006
v -254.722565 6.264872 59.435570
v -255.695724 6.264873 59.544731
v -255.695724 5.697316 59.544731
v -254.722565 5.697314 59.435570
v -255.696716 5.697316 59.535919
v -255.696716 6.264873 59.535919
v -254.723557 6.264872 59.426758
v -254.723557 5.697314 59.426758
v -252.645020 4.527001 59.123062
v -251.023712 4.527000 58.941208
v -252.645020 6.300336 59.123062
v -251.023712 6.300336 58.941208
v -251.002304 4.527000 59.132034
v -252.623611 4.527001 59.313896
v -252.623611 6.300336 59.313896
v -251.002304 6.300336 59.132034
v -252.602371 4.562469 59.185066
v -251.883713 4.562469 59.104462
v -251.848480 4.527000 59.100510
v -252.637619 4.527001 59.189026
v -252.602371 6.264872 59.185066
v -252.637619 6.300336 59.189026
v -251.883713 6.264872 59.104462
v -251.848480 6.300336 59.100510
v -251.844513 4.527000 59.135750
v -251.879761 4.562469 59.139702
v -252.598419 4.562469 59.220314
v -252.633667 4.527001 59.224266
v -252.598419 6.264872 59.220314
v -252.633667 6.300336 59.224266
v -251.879761 6.264872 59.139702
v -251.844513 6.300336 59.135750
v -251.809280 4.562469 59.131798
v -251.047607 4.562469 59.046364
v -251.012360 4.527000 59.042412
v -251.809280 6.264872 59.131798
v -251.047607 6.264872 59.046364
v -251.012360 6.300336 59.042412
v -251.008408 4.527000 59.077652
v -251.043655 4.562469 59.081604
v -251.805328 4.562469 59.167046
v -251.840561 4.527000 59.170998
v -251.805328 6.264872 59.167046
v -251.840561 6.300336 59.170998
v -251.043655 6.264872 59.081612
v -251.008408 6.300336 59.077660
v -251.882477 6.264872 59.115601
v -251.882477 4.562469 59.115601
v -252.601120 4.562469 59.196205
v -252.601120 6.264872 59.196205
v -252.600128 4.562469 59.205017
v -251.881485 4.562469 59.124413
v -251.881485 6.264872 59.124413
v -252.600128 6.264872 59.205017
v -251.046356 6.264872 59.057503
v -251.046356 4.562469 59.057503
v -251.808029 4.562469 59.142937
v -251.808029 6.264872 59.142937
v -251.807037 4.562469 59.151749
v -251.045364 4.562469 59.066315
v -251.045364 6.264872 59.066315
v -251.807037 6.264872 59.151749
v -253.954117 6.300334 67.835297
v -253.085449 6.300334 67.737862
v -254.010757 6.335801 67.648422
v -253.975510 6.300334 67.644470
v -253.975510 4.526999 67.644470
v -254.010757 4.491532 67.648422
v -253.106857 4.526999 67.547028
v -253.071609 4.491532 67.543076
v -253.106857 6.300334 67.547028
v -253.071609 6.335801 67.543076
v -253.926270 4.562465 67.765381
v -253.926270 5.066816 67.765381
v -253.961502 5.102283 67.769341
v -253.092850 5.102283 67.671898
v -253.965469 5.102283 67.734093
v -253.930222 5.066816 67.730141
v -253.930222 4.562465 67.730141
v -253.965469 4.526999 67.734093
v -253.132050 4.562465 67.640610
v -253.096802 4.526999 67.636658
v -253.132050 5.066816 67.640610
v -253.096802 5.102283 67.636658
v -253.930222 5.137750 67.730141
v -253.930222 6.264868 67.730141
v -253.965469 6.300334 67.734093
v -253.132050 5.137750 67.640610
v -253.132050 6.264868 67.640610
v -253.096802 6.300334 67.636658
v -253.969421 6.300334 67.698853
v -253.934174 6.264868 67.694893
v -253.934174 5.137750 67.694893
v -253.969421 5.102283 67.698853
v -253.136002 5.137750 67.605370
v -253.100754 5.102283 67.601410
v -253.136002 6.264868 67.605370
v -253.100754 6.300334 67.601410
v -253.129333 5.066816 67.664726
v -253.927505 5.066816 67.754250
v -253.927505 4.562465 67.754250
v -253.129333 4.562465 67.664726
v -253.928497 4.562465 67.745438
v -253.928497 5.066816 67.745438
v -253.130325 5.066816 67.655907
v -253.133286 6.264868 67.629478
v -253.931473 6.264868 67.719002
v -253.931473 5.137750 67.719002
v -253.133286 5.137750 67.629478
v -253.932449 5.137750 67.710190
v -253.932449 6.264868 67.710190
v -253.134277 6.264868 67.620667
v -253.134277 5.137750 67.620667
v -255.832428 6.300335 68.045982
v -254.963760 6.300335 67.948547
v -255.889069 6.335802 67.859108
v -255.853821 6.300335 67.855156
v -255.853821 4.526999 67.855156
v -255.889069 4.491532 67.859108
v -254.985153 4.526999 67.757713
v -254.949921 4.491532 67.753761
v -254.985153 6.300335 67.757713
v -254.949921 6.335802 67.753761
v -255.804581 4.562466 67.976067
v -255.804581 5.066817 67.976067
v -255.839813 5.102283 67.980026
v -255.839813 4.526999 67.980026
v -255.006393 4.562466 67.886543
v -254.971161 4.526999 67.882584
v -255.843765 5.102283 67.944778
v -255.808533 5.066817 67.940826
v -255.808533 4.562466 67.940826
v -255.843781 4.526999 67.944778
v -255.010345 4.562466 67.851295
v -254.975113 4.526999 67.847343
v -255.010345 5.066817 67.851295
v -254.975113 5.102283 67.847343
v -255.808533 5.137751 67.940826
v -255.808533 6.264869 67.940826
v -255.843765 6.300335 67.944778
v -255.010345 6.264869 67.851295
v -254.975113 6.300335 67.847343
v -255.847733 6.300335 67.909538
v -255.812485 6.264869 67.905579
v -255.812485 5.137751 67.905579
v -255.847733 5.102283 67.909538
v -255.014313 5.137751 67.816055
v -254.979065 5.102283 67.812096
v -255.014313 6.264869 67.816055
v -254.979065 6.300335 67.812096
v -255.007645 5.066817 67.875412
v -255.805817 4.562466 67.964935
v -255.806808 4.562466 67.956123
v -255.806808 5.066817 67.956123
v -255.011597 6.264869 67.840164
v -255.809769 6.264869 67.929688
v -255.809784 5.137751 67.929688
v -255.011597 5.137751 67.840164
v -255.810760 5.137751 67.920876
v -255.810760 6.264869 67.920876
v -255.012589 6.264869 67.831352
v -255.012589 5.137751 67.831352
v -257.637238 6.082077 60.950897
v -257.641174 4.269464 60.873932
v -257.535339 4.352542 61.835770
v -257.535339 6.127985 61.878319
v -257.446411 6.300337 60.730637
v -257.446411 4.527001 60.730637
v -257.344513 4.527001 61.638954
v -257.344513 6.300337 61.638954
v -257.567322 4.344286 60.952477
v -257.567322 4.849203 60.963905
v -257.571259 4.882927 60.928730
v -257.571259 4.306999 60.915699
v -257.473328 4.386631 61.807938
v -257.469391 4.527001 61.657307
v -257.473328 4.891549 61.819366
v -257.469391 4.928834 61.856148
v -257.536011 5.102285 60.740692
v -257.532074 5.066819 60.775932
v -257.532074 4.562468 60.775932
v -257.536011 4.527001 60.740692
v -257.438080 4.562468 61.613762
v -257.434143 4.527001 61.649002
v -257.438080 5.066819 61.613762
v -257.434143 5.102285 61.649002
v -257.532074 5.137753 60.775932
v -257.532074 6.264871 60.775932
v -257.536011 6.300337 60.740692
v -257.438080 4.962693 61.823631
v -257.438080 6.091075 61.849167
v -257.434143 6.300337 61.649002
v -257.500763 6.300337 60.736740
v -257.496826 6.264871 60.771980
v -257.496826 5.137753 60.771980
v -257.500763 5.102285 60.736740
v -257.402832 4.962825 61.826294
v -257.398895 5.102285 61.645050
v -257.402832 6.264871 61.609810
v -257.398895 6.300337 61.645050
v -257.462189 5.066819 61.616463
v -257.556183 5.066819 60.778641
v -257.556183 4.562468 60.778641
v -257.462189 4.562468 61.616463
v -257.547363 4.562468 60.777649
v -257.547363 5.066819 60.777649
v -257.453400 4.891623 61.820869
v -257.453400 4.562468 61.615479
v -257.426941 6.264871 61.612511
v -257.520935 6.048771 60.994553
v -257.520935 4.920390 60.969017
v -257.426941 5.137753 61.612511
v -257.512115 5.137753 60.773697
v -257.512115 6.264871 60.773697
v -257.418152 6.264871 61.611526
v -257.418152 5.137753 61.611526
v -257.245270 6.258681 64.518677
v -257.054443 5.520070 64.224899
v -256.746826 5.520068 66.967468
v -256.746826 6.300335 66.967468
v -257.054443 6.300335 64.224899
v -256.871704 5.520068 66.981476
v -256.875641 6.360254 67.287140
v -257.011749 6.264871 65.732910
v -257.015686 6.300335 65.697662
v -256.840393 5.555534 66.942276
v -256.836456 5.520068 66.977524
v -256.840393 6.264869 66.942276
v -256.836456 6.300335 66.977524
v -256.976501 6.264871 65.728958
v -256.980469 6.300335 65.693710
v -256.984406 6.295500 65.978973
v -257.140137 6.225335 64.561493
v -257.144073 6.300335 64.234947
v -257.108826 5.520070 64.230995
v -257.104889 5.555534 64.266243
v -256.945221 5.520070 65.689758
v -256.949158 6.264871 65.654510
v -256.945221 6.300335 65.689758
v -257.104889 6.264871 64.266243
v -257.108826 6.300335 64.230995
v -257.000610 5.588841 66.033058
v -256.864502 5.650165 67.271919
v -256.855713 5.555534 66.943993
v -256.991791 6.264871 65.730675
v -256.855713 6.360328 67.288643
v -257.128998 6.264871 64.268944
v -257.128998 5.555534 64.268944
v -256.973267 5.585411 65.963753
v -256.973267 6.264871 65.657219
v -257.120178 5.555534 64.267960
v -257.120178 6.264871 64.267960
v -256.964447 6.264871 65.656227
v -249.006927 4.526999 63.067703
v -249.006927 6.300333 63.067703
v -248.901535 4.526999 64.007309
v -248.901535 6.300333 64.007309
v -248.706818 6.233941 62.983601
v -248.650558 4.463493 63.925926
v -248.650558 6.236828 63.925926
v -248.935425 4.562467 63.095367
v -248.935425 5.066816 63.095367
v -248.939377 5.102283 63.060127
v -248.939377 4.526999 63.060127
v -248.778275 4.492407 63.898521
v -248.833984 4.526999 63.999733
v -248.837936 5.066816 63.964493
v -248.833984 5.102283 63.999733
v -248.904129 5.102283 63.056168
v -248.794846 4.995907 63.024643
v -248.904129 4.526999 63.056168
v -248.742813 4.494227 63.896275
v -248.740707 4.458867 63.931625
v -248.742813 4.998577 63.896275
v -248.798737 5.102283 63.995781
v -248.900177 5.137752 63.091415
v -248.900177 6.264867 63.091415
v -248.904129 6.300333 63.056168
v -248.802689 5.137752 63.960533
v -248.802689 6.264867 63.960533
v -248.798737 6.300333 63.995781
v -248.868896 6.300333 63.052216
v -248.759399 6.195776 63.022404
v -248.759399 5.068661 63.022404
v -248.761520 5.033083 62.987053
v -248.707367 5.071331 63.894035
v -248.705246 5.035971 63.929386
v -248.707367 6.198446 63.894035
v -248.763489 6.300333 63.991829
v -248.826797 5.066816 63.963242
v -248.924286 5.066816 63.094116
v -248.819107 4.490312 63.026173
v -248.826797 4.562467 63.963242
v -248.915482 4.562467 63.093132
v -248.915482 5.066816 63.093132
v -248.817993 5.066816 63.962250
v -248.817993 4.490369 63.894360
v -248.791565 6.264867 63.959290
v -248.889038 6.264867 63.090164
v -248.889038 5.137752 63.090164
v -248.791565 5.137752 63.959290
v -248.880234 5.137752 63.089180
v -248.880234 6.264867 63.089180
v -248.782745 6.264867 63.958298
v -248.782745 5.067463 63.892113
v -248.817215 4.526999 64.759056
v -248.817215 6.300333 64.759056
v -248.821167 6.335803 64.723808
v -248.821167 4.491531 64.723808
v -248.694763 4.526999 65.850708
v -248.694763 6.300333 65.850708
v -248.607666 6.274498 64.644501
v -248.605545 6.239138 64.679848
v -248.605545 4.465803 64.679840
v -248.540192 4.469156 65.774658
v -248.540192 6.242491 65.774658
v -248.745712 4.562467 64.786720
v -248.745712 5.066816 64.786720
v -248.749664 5.102283 64.751480
v -248.749664 4.526999 64.751472
v -248.631165 4.562467 65.807884
v -248.627213 4.526999 65.843132
v -248.631165 5.066816 65.807884
v -248.627213 5.102283 65.843132
v -248.714417 5.102283 64.747520
v -248.710464 5.066816 64.782768
v -248.710464 4.562467 64.782768
v -248.695694 4.526999 64.747520
v -248.632462 4.499889 65.745003
v -248.630356 4.526999 65.839172
v -248.632462 5.066816 65.803925
v -248.591980 5.041782 65.782204
v -248.710464 5.137752 64.782768
v -248.710464 6.264867 64.782768
v -248.714417 6.300333 64.747520
v -248.595932 5.137752 65.803925
v -248.595932 6.264867 65.803925
v -248.591980 6.300333 65.839172
v -248.679169 6.300333 64.743568
v -248.658142 6.200973 64.718651
v -248.675217 5.137752 64.778816
v -248.660248 5.102283 64.743568
v -248.597000 5.076994 65.742760
v -248.594894 5.102283 65.835220
v -248.597000 6.264867 65.799973
v -248.556732 6.241642 65.779953
v -248.620026 5.066816 65.806633
v -248.734573 5.066816 64.785469
v -248.734573 4.494650 64.721611
v -248.620026 4.562467 65.806633
v -248.708984 4.562467 64.784485
v -248.708984 5.000313 64.721863
v -248.611221 5.005329 65.747742
v -248.611221 4.500979 65.747742
v -248.584793 6.204736 65.746056
v -248.699326 6.264867 64.781517
v -248.699326 5.071743 64.719360
v -248.584793 5.077621 65.746056
v -248.673523 5.073068 64.719627
v -248.690521 6.264867 64.780533
v -248.575974 6.205189 65.745491
v -248.612381 5.137752 65.801689
v -248.863083 5.189080 60.365883
v -248.781082 5.110632 60.249447
v -245.782883 3.163969 58.165108
v -245.862747 3.233276 58.239376
v -248.859406 3.163730 62.645943
v -248.779434 3.233511 62.563370
v -248.767899 5.110603 60.470161
v -245.627029 5.250363 60.174549
v -249.027435 5.075870 60.274376
v -245.858612 3.211156 58.279114
v -248.783600 3.211628 62.526291
v -245.610626 5.158246 60.234470
v -249.011047 5.076243 60.421326
v -245.330322 3.284183 58.291290
v -245.778717 3.177315 58.200394
v -245.397873 3.146022 57.920433
v -256.889618 4.311554 68.126144
v -260.049377 2.894519 59.718357
v -258.849915 3.173788 70.736313
v -246.563934 3.173980 62.441376
v -245.797806 3.173978 69.271614
v -246.139938 3.237244 69.849472
v -256.757172 4.313418 68.230179
v -258.723877 3.171922 70.848900
v -245.749222 3.002537 69.587036
v -245.696335 3.221706 69.551048
v -245.733963 3.128593 69.678520
v -245.733963 3.219776 69.678520
v -246.552216 2.989241 61.837738
v -246.552216 3.133622 61.837738
v -245.696335 2.989239 69.468102
v -258.905518 3.133621 70.949738
v -258.905518 2.989241 70.949738
v -246.424576 2.989241 61.823425
v -246.384918 3.002540 61.818977
v -245.999542 3.278086 69.338112
v -245.893356 3.281885 69.498573
v -246.371704 3.042441 61.817490
v -245.562256 3.084204 69.645386
v -258.865875 3.205405 70.738106
v -258.722168 3.203910 70.864128
v -257.840271 4.343174 59.795029
v -258.912720 3.167109 70.958923
v -246.475586 3.165202 62.376015
v -248.894348 4.266930 61.409737
v -248.988708 4.383303 61.348351
v -256.806824 4.351722 68.155281
v -257.824310 4.311556 59.793236
v -246.491623 3.133622 62.377815
v -248.910385 4.234523 61.410763
v -248.808350 4.351723 61.350151
v -257.755646 4.077922 59.828808
v -257.771606 4.383344 59.698097
v -260.049194 3.173473 60.042801
v -245.915771 3.243926 69.547821
v -248.347855 4.303748 67.161285
v -246.564102 3.173663 62.441391
v -245.797974 3.256532 69.349663
v -248.381241 4.311045 67.159859
v -245.895081 3.171600 69.409767
v -258.723877 3.171602 70.848747
v -256.757172 4.313098 68.230026
v -245.516205 3.100556 69.678192
v -245.755051 3.042490 69.991737
v -245.924652 3.133099 69.468475
v -245.754929 3.132951 69.980309
v -245.690491 2.999943 69.467522
v -246.551819 3.133267 61.838051
v -258.906403 2.990787 70.949944
v -260.138123 3.133270 59.963905
v -246.424591 2.989616 61.823761
v -246.385452 3.002784 61.819290
v -245.698639 3.222324 69.932877
v -246.118988 3.269812 69.487793
v -246.019180 3.276377 69.711388
v -246.372040 3.042503 61.817863
v -257.839233 4.072955 59.911407
v -245.815857 2.989659 69.957603
v -258.905579 3.133907 70.950241
v -258.913239 3.438585 70.847160
v -246.548096 3.204920 62.439140
v -248.705338 4.276361 61.418968
v -248.792114 4.312168 61.280987
v -256.889679 4.312122 68.126572
v -257.824707 4.042706 59.911198
v -258.850616 3.174401 70.736923
v -246.014877 3.174596 69.272064
v -248.493927 4.258410 67.238152
v -246.493866 3.134651 62.379036
v -248.720169 4.312892 61.481590
v -245.894806 3.250024 69.483727
v -258.725433 3.174631 70.850197
v -249.005280 4.352286 61.350166
v -257.824158 4.311239 59.793221
v -248.910553 4.311047 61.483139
v -260.138123 2.989597 59.963905
v -246.551819 2.989595 61.838051
v -257.772583 4.108552 59.828323
v -245.937622 3.241901 69.925247
v -257.755768 4.352047 59.697655
v -248.457336 4.351487 67.207260
v -246.371704 3.133622 61.817490
v -246.372025 3.133265 61.817879
v -260.265350 2.989618 59.978157
v -246.552216 2.931356 61.837738
v -245.696335 2.931354 69.468102
v -260.137817 2.931357 59.963509
v -256.806824 2.931355 68.155281
v -248.347855 2.931354 67.206459
v -257.755646 2.931357 59.696312
v -248.920258 2.931356 62.103355
v -246.346603 1.283312 64.155067
v -246.333939 1.283961 64.367149
v -246.280823 1.286687 64.413963
v -246.299454 1.285731 64.101898
v -246.586761 1.228593 64.338730
v -246.593811 1.270626 64.433746
v -246.559311 1.272397 64.168503
v -246.612442 1.269670 64.121681
v -246.375275 2.836631 64.315010
v -246.399002 2.836631 64.103539
v -246.354752 2.836631 64.048096
v -246.319839 2.892723 64.412079
v -246.610474 2.836631 64.127258
v -246.665909 2.836631 64.083000
v -246.586761 2.836631 64.338730
v -246.631012 2.836631 64.394165
v -246.299454 0.115331 64.101898
v -246.280823 0.116287 64.413963
v -246.227692 0.119013 64.460793
v -246.252304 0.117750 64.048752
v -246.631012 0.058193 64.394165
v -246.675262 0.058191 64.449600
v -246.612442 0.099270 64.121681
v -246.665558 0.096545 64.074867
v -246.203751 1.290642 66.548004
v -246.191101 1.291291 66.760086
v -246.137970 1.294017 66.806915
v -246.156601 1.293061 66.494843
v -246.319122 1.228592 66.724770
v -246.363373 1.282451 66.830925
v -246.416458 1.279727 66.561447
v -246.469574 1.277001 66.514626
v -246.342834 2.836629 66.513298
v -246.398270 2.836629 66.469040
v -246.319122 2.836629 66.724770
v -246.363373 2.836629 66.780212
v -246.156601 0.122660 66.494843
v -246.137970 0.123616 66.806915
v -246.084854 0.126342 66.853729
v -246.109451 0.125080 66.441696
v -246.363373 0.058191 66.780212
v -246.407623 0.058191 66.835640
v -246.469574 0.106600 66.514626
v -246.522705 0.103874 66.467804
v -246.043381 1.298870 69.234291
v -245.807205 1.228592 69.379585
v -245.751770 1.313834 69.504120
v -245.996231 1.301290 69.181137
v -246.018677 1.228592 69.403305
v -246.062927 1.228592 69.458755
v -246.256088 1.287955 69.247734
v -246.309219 1.285229 69.200912
v -245.807205 2.836629 69.379585
v -245.830917 2.836629 69.168114
v -245.786667 2.836629 69.112679
v -245.751770 2.836629 69.423851
v -246.042389 2.836629 69.191833
v -246.097824 2.836629 69.147583
v -246.018677 2.836629 69.403305
v -246.062927 2.836629 69.458755
v -245.996231 0.130889 69.181137
v -245.751770 0.143433 69.504120
v -245.924484 0.058191 69.468102
v -245.949081 0.133308 69.127983
v -246.062927 0.058191 69.458755
v -246.107178 0.058191 69.514183
v -246.097824 0.058191 69.147583
v -246.362335 0.058191 69.103333
v -248.569351 1.228593 69.739891
v -248.836273 1.228593 69.719353
v -248.880524 1.228593 69.774796
v -248.624786 2.836630 69.695633
v -248.648514 2.836630 69.484161
v -248.604263 2.836630 69.428719
v -248.569351 2.836630 69.739891
v -248.859985 2.836630 69.507881
v -248.915421 2.836630 69.463623
v -248.836273 2.836630 69.719353
v -248.880524 2.836630 69.774796
v -248.830353 -0.014541 69.360229
v -248.783203 -0.012122 69.307083
v -248.880524 0.058191 69.774796
v -248.924774 0.058191 69.830223
v -248.915421 0.058191 69.463623
v -251.681107 1.228593 69.824318
v -251.657379 1.228593 70.035789
v -251.601944 1.228593 70.080048
v -251.636856 1.228593 69.768875
v -251.868866 1.228593 70.059509
v -251.913116 1.228593 70.114952
v -251.892578 1.228593 69.848038
v -251.948013 1.228593 69.803780
v -251.657379 2.836630 70.035789
v -251.681107 2.836630 69.824318
v -251.636856 2.836630 69.768875
v -251.601944 2.836630 70.080048
v -251.892578 2.836630 69.848038
v -251.948013 2.836630 69.803780
v -251.868866 2.836630 70.059509
v -251.913116 2.836630 70.114952
v -251.601944 0.058192 70.080048
v -251.546509 0.058192 70.124298
v -254.500839 2.836630 70.140602
v -254.456589 2.836630 70.085159
v -254.712311 2.836630 70.164322
v -254.767746 2.836630 70.120064
v -254.688599 2.836630 70.375793
v -254.732849 2.836630 70.431236
v -254.412338 0.322122 70.692101
v -256.518677 2.836630 70.581070
v -256.542389 2.836630 70.369598
v -256.498138 2.836630 70.314156
v -256.463226 2.836630 70.625328
v -256.753876 2.836630 70.393318
v -256.809296 2.836630 70.349060
v -256.730133 2.836630 70.604790
v -256.774384 2.836630 70.660233
v -258.584991 2.836631 70.548233
v -258.550079 2.836631 70.859406
v -258.840729 3.092142 70.522026
v -258.896149 3.089437 70.467369
v -258.816986 2.836631 70.838867
v -258.861267 3.105164 70.785088
v -258.926483 2.836631 67.953697
v -258.950195 2.836631 67.742226
v -258.905945 2.836631 67.686783
v -258.871063 2.836631 67.997948
v -259.217133 2.944815 67.545708
v -259.182220 2.960541 67.863419
v -259.407928 1.132227 63.413342
v -259.407928 2.836632 63.661545
v -259.431641 2.836633 63.450066
v -259.387390 2.836633 63.394630
v -259.352478 2.836632 63.705795
v -259.619415 2.836632 63.685265
v -259.815460 1.228596 60.028297
v -259.791748 0.959285 59.919575
v -259.736298 0.961991 59.974236
v -260.047485 0.960829 59.950764
v -259.791748 2.836633 60.239777
v -259.815460 2.836633 60.028297
v -259.771210 2.836633 59.972862
v -259.736298 2.836633 60.284035
v -260.026947 2.836633 60.052017
v -260.003204 2.836633 60.263496
v -259.771210 0.058195 59.972862
v -259.736298 -0.209722 59.947720
v -259.680878 -0.207017 60.002365
v -259.726959 -0.227783 59.582863
v -260.047485 -0.210884 59.924248
v -260.091736 -0.208551 59.971375
v -260.082367 -0.226611 59.606533
v -260.137817 -0.229317 59.551872
v -246.252304 0.011349 64.048752
v -246.227692 0.012612 64.460793
v -246.665558 -0.009856 64.074867
v -246.675262 -0.048210 64.449600
v -246.354752 2.930995 64.048096
v -246.319839 2.930995 64.359261
v -246.665909 2.930995 64.083000
v -246.631012 2.930995 64.394165
v -246.109451 0.018679 66.441696
v -246.084854 0.019941 66.853729
v -246.522705 -0.002527 66.467804
v -246.407623 -0.048210 66.835640
v -246.398270 2.930995 66.469040
v -246.363373 2.930995 66.780212
v -245.949081 0.026907 69.127983
v -246.362335 -0.048210 69.103333
v -246.107178 -0.048210 69.514183
v -245.786667 2.930995 69.112679
v -245.751770 2.930995 69.423851
v -246.097824 2.930995 69.147583
v -246.062927 2.930995 69.458755
v -248.783203 -0.048209 69.373291
v -248.970856 -0.048209 69.419373
v -248.924774 -0.048209 69.830223
v -248.604263 2.930995 69.428719
v -248.569351 2.930994 69.739891
v -248.915421 2.930995 69.463623
v -248.880524 2.930994 69.774796
v -251.546509 -0.048209 70.124298
v -251.957367 -0.048209 70.170387
v -251.636856 2.930995 69.768875
v -251.601944 2.930995 70.080048
v -251.948013 2.930995 69.803780
v -251.913116 2.930995 70.114952
v -254.456589 2.930995 70.085159
v -254.767746 2.930995 70.120064
v -254.732849 2.930995 70.431236
v -256.498138 2.930997 70.314156
v -256.463226 2.930997 70.625328
v -256.809296 2.930997 70.349060
v -256.774384 2.930997 70.660233
v -258.584991 2.930997 70.548233
v -258.550079 2.930997 70.859406
v -258.905945 2.930997 67.686783
v -258.871063 2.930997 67.997948
v -259.217133 2.930997 67.721687
v -259.182220 2.930997 68.032852
v -259.387390 2.930999 63.394630
v -259.352478 2.930999 63.705795
v -259.698547 2.930999 63.429535
v -259.663666 2.930999 63.740700
v -259.726959 -0.048206 59.917427
v -259.680878 -0.313538 59.999954
v -260.091736 -0.315071 59.968964
v -259.771210 2.930999 59.972862
v -259.736298 2.930999 60.284035
v -260.082367 2.930999 60.007767
v -260.047485 2.930999 60.318939
v -246.117264 1.015792 69.126175
v -245.977493 1.089451 69.203438
v -246.510681 1.015792 64.380669
v -246.440186 1.015792 64.372765
v -246.117264 1.153212 69.188782
v -246.440186 1.086727 64.372765
v -246.472778 1.086727 64.380669
v -246.188171 1.149573 69.193260
v -246.409698 0.003272 64.588486
v -246.411804 0.003164 64.553139
v -246.411804 1.067166 64.553139
v -246.409698 1.067274 64.588486
v -246.447266 0.001344 64.555374
v -246.478470 1.015792 64.508713
v -246.474518 -0.000054 64.589302
v -246.474518 1.015792 64.543961
v -246.400024 -0.048209 64.701622
v -246.402130 0.003660 64.715218
v -246.402130 1.067662 64.715218
v -246.400024 1.067770 64.750565
v -246.437592 0.001841 64.717453
v -246.460342 1.015792 64.670326
v -246.435486 0.001949 64.752808
v -246.456390 1.015792 64.705574
v -246.390350 0.004265 64.912643
v -246.392456 0.004157 64.877289
v -246.392456 1.068159 64.877289
v -246.390350 1.068267 64.912643
v -246.442215 0.001603 64.878838
v -246.442215 1.015792 64.831932
v -246.425797 -0.048210 64.867180
v -246.438263 1.015792 64.867180
v -246.380676 0.004761 65.074722
v -246.382782 0.004653 65.039368
v -246.382782 1.068655 65.039368
v -246.380676 1.068763 65.074722
v -246.418228 0.002834 65.041611
v -246.424088 1.066535 65.041328
v -246.420135 0.002736 65.076767
v -246.420135 1.066738 65.076767
v -246.371002 0.005257 65.236794
v -246.373108 0.005149 65.201447
v -246.373108 1.069151 65.201447
v -246.371002 1.069259 65.236794
v -246.408554 0.003331 65.203682
v -246.405960 1.067466 65.203812
v -246.402008 -0.048210 65.190399
v -246.402008 1.067668 65.239250
v -246.361313 0.005755 65.398872
v -246.363434 0.005646 65.363525
v -246.363434 1.069648 65.363525
v -246.361313 1.069757 65.398872
v -246.398880 -0.048210 65.316765
v -246.387833 1.015792 65.316765
v -246.396774 0.003935 65.401115
v -246.383881 1.068599 65.401733
v -246.351639 0.006251 65.560951
v -246.353760 0.006142 65.525597
v -246.353760 1.070144 65.525597
v -246.351639 1.070253 65.560951
v -246.389206 -0.048210 65.478371
v -246.369705 1.015792 65.478371
v -246.365753 -0.048210 65.513618
v -246.365753 1.015792 65.513618
v -246.341965 0.006748 65.723030
v -246.344070 0.006640 65.687683
v -246.344070 1.070641 65.687683
v -246.341965 1.070749 65.723030
v -246.379532 0.004820 65.689919
v -246.351578 1.070256 65.691269
v -246.377426 -0.048210 65.675232
v -246.347626 1.015792 65.675232
v -246.332291 0.007244 65.885101
v -246.334396 0.007136 65.849762
v -246.334396 1.071138 65.849762
v -246.332291 1.071246 65.885101
v -246.369858 0.005316 65.851997
v -246.333450 1.071186 65.853760
v -246.367752 -0.048210 65.836838
v -246.329498 1.071389 65.889191
v -246.322617 0.007740 66.047180
v -246.324722 0.007632 66.011833
v -246.324722 1.015792 65.959251
v -246.322617 1.015792 65.994499
v -246.360184 0.005813 66.014076
v -246.315323 1.072116 66.016243
v -246.358078 0.005921 66.049423
v -246.311371 1.072319 66.051682
v -246.312943 0.008237 66.209259
v -246.315048 0.008129 66.173904
v -246.315048 1.072131 66.173904
v -246.312943 1.015792 66.156105
v -246.350510 0.006309 66.176147
v -246.297195 1.073047 66.178719
v -246.348389 -0.048210 66.160057
v -246.293243 1.073249 66.214165
v -246.303268 0.008733 66.371338
v -246.305374 0.008625 66.335991
v -246.305374 1.072627 66.335991
v -246.303268 1.072735 66.371338
v -246.340836 0.006805 66.338226
v -246.279068 1.015792 66.286423
v -246.275116 0.010178 66.376648
v -246.275116 1.074180 66.376648
v -246.264557 0.010719 67.019646
v -246.266678 0.010610 66.984299
v -246.266678 1.074612 66.984299
v -246.264557 1.074721 67.019646
v -246.206558 0.013696 66.991158
v -246.206558 1.077697 66.991158
v -246.300018 0.008900 67.021889
v -246.202606 1.077900 67.026596
v -246.254883 0.011216 67.181725
v -246.256989 0.011108 67.146378
v -246.256989 1.075110 67.146378
v -246.254883 1.075218 67.181725
v -246.292450 0.009288 67.148621
v -246.188431 1.078628 67.153641
v -246.184479 0.014828 67.189079
v -246.184479 1.078830 67.189079
v -246.245209 0.011712 67.343803
v -246.247314 0.011604 67.308449
v -246.247314 1.075606 67.308449
v -246.245209 1.075714 67.343803
v -246.282776 0.009784 67.310692
v -246.170303 1.079558 67.316124
v -246.280670 0.009892 67.346039
v -246.166351 1.079761 67.351562
v -246.235535 0.012208 67.505875
v -246.237640 -0.048210 67.413742
v -246.237640 1.076102 67.470535
v -246.235535 1.076210 67.505875
v -246.273102 0.010281 67.472771
v -246.152176 1.080488 67.478615
v -246.270981 0.010390 67.508118
v -246.148224 1.080691 67.514046
v -246.225861 0.012705 67.667953
v -246.227966 0.012597 67.632607
v -246.227966 1.076599 67.632607
v -246.225861 1.076707 67.667953
v -246.263428 0.010777 67.634842
v -246.134048 1.081418 67.641098
v -246.130096 0.017619 67.676537
v -246.130096 1.081621 67.676537
v -246.216187 -0.048210 67.772202
v -246.218292 0.013093 67.794685
v -246.218292 1.077095 67.794685
v -246.216187 1.077203 67.830032
v -246.115921 0.018346 67.803589
v -246.115921 1.082348 67.803589
v -246.251633 -0.048210 67.776154
v -246.111969 1.082551 67.839020
v -246.206512 -0.048210 67.933815
v -246.208618 0.013590 67.956757
v -246.208618 1.077592 67.956757
v -246.206512 1.077700 67.992111
v -246.244064 -0.048210 67.902519
v -246.097794 1.083278 67.966064
v -246.093842 0.019479 68.001503
v -246.093842 1.083481 68.001503
v -246.196838 -0.048210 68.095428
v -246.198944 0.014086 68.118843
v -246.198944 1.078088 68.118843
v -246.196838 1.078196 68.154190
v -246.079666 0.020207 68.128555
v -246.079666 1.084209 68.128555
v -246.232285 0.012375 68.156433
v -246.075714 1.084411 68.163994
v -246.187149 0.014691 68.316261
v -246.189270 0.014582 68.280914
v -246.189270 1.078584 68.280914
v -246.187149 1.078693 68.316261
v -246.224716 0.012764 68.283157
v -246.061539 1.085139 68.291039
v -246.057587 0.021339 68.326477
v -246.057587 1.085342 68.326477
v -246.177475 -0.048210 68.418640
v -246.179581 0.015080 68.442993
v -246.008163 1.087878 68.451279
v -246.177475 1.079190 68.478340
v -246.043411 0.022067 68.453529
v -246.043411 1.015792 68.387352
v -246.212936 0.013368 68.480576
v -246.039459 1.086272 68.488960
v -246.167801 -0.048210 68.580254
v -246.169907 0.015576 68.605072
v -246.169907 1.015792 68.545006
v -246.167801 1.079686 68.640419
v -246.205368 -0.048210 68.548958
v -246.025284 1.086999 68.616013
v -246.021332 0.023200 68.651451
v -246.021332 1.087202 68.651451
v -246.158127 0.016180 68.802498
v -246.160233 0.016072 68.767151
v -246.160233 1.015792 68.706619
v -246.158127 1.080182 68.802498
v -246.195694 0.014253 68.769386
v -246.007156 1.087929 68.778496
v -246.193588 -0.048210 68.745819
v -246.003204 1.088132 68.813934
v -246.148453 -0.048210 68.903473
v -246.150558 0.016569 68.929222
v -246.150558 1.080571 68.929222
v -246.148453 1.080679 68.964569
v -246.186020 0.014749 68.931465
v -245.989029 1.088859 68.940979
v -245.985077 0.025060 68.976418
v -245.985077 1.089062 68.976418
v -246.138779 -0.048210 69.065086
v -246.140884 0.017065 69.091301
v -246.140884 1.081067 69.091301
v -246.138779 1.015792 69.065086
v -246.176346 0.015245 69.093544
v -245.970901 1.089790 69.103470
v -245.966949 0.025990 69.138908
v -245.966949 1.089992 69.138908
v -246.193771 -0.048210 69.334282
v -246.158524 -0.048210 69.330330
v -246.158524 1.015792 69.330330
v -246.193771 1.015792 69.334282
v -246.162476 -0.048210 69.295082
v -246.162476 1.015792 69.295082
v -246.197723 -0.048210 69.299042
v -246.197723 1.015792 69.299042
v -246.355377 -0.048210 69.352409
v -246.320129 -0.048210 69.348457
v -246.320129 1.015792 69.348457
v -246.355377 1.015792 69.352409
v -246.324081 -0.048210 69.313210
v -246.324081 1.015792 69.313210
v -246.359329 -0.048210 69.317169
v -246.579590 1.058555 69.357437
v -246.516983 -0.048210 69.370537
v -246.481750 -0.048210 69.366585
v -246.481750 1.015792 69.366585
v -246.516983 1.015792 69.370537
v -246.706696 -0.048210 69.331337
v -246.706696 1.052033 69.365463
v -246.520935 -0.048210 69.335297
v -246.742142 1.050214 69.367706
v -246.902588 -0.048210 69.388664
v -246.867142 -0.048210 69.384712
v -246.643356 1.015792 69.384712
v -246.678589 1.015792 69.388664
v -246.869247 -0.048210 69.349464
v -246.869247 1.043692 69.375732
v -246.682556 -0.010730 69.388718
v -246.904709 1.041872 69.377983
v -247.065155 -0.048210 69.406792
v -247.029694 -0.048210 69.402840
v -246.804962 1.015792 69.402840
v -246.840210 1.015792 69.406792
v -247.031815 -0.048210 69.367592
v -247.031815 1.035350 69.386009
v -246.844162 -0.048210 69.371552
v -246.844162 1.015792 69.371552
v -247.001816 -0.048210 69.424919
v -246.966568 -0.048210 69.420967
v -246.966568 1.015792 69.420967
v -247.001816 1.015792 69.424919
v -246.970520 -0.048210 69.385719
v -247.194366 1.027009 69.396278
v -247.005768 -0.048210 69.389679
v -247.005768 1.036686 69.409355
v -247.163422 -0.048210 69.443047
v -247.354813 -0.048210 69.439095
v -247.128174 1.015793 69.439095
v -247.163422 1.015793 69.443047
v -247.356918 -0.045334 69.406555
v -247.356918 1.018669 69.406555
v -247.392365 -0.047153 69.408798
v -247.167374 1.015793 69.407806
v -247.552811 -0.048210 69.461174
v -247.289795 -0.048210 69.457222
v -247.289795 1.015793 69.457222
v -247.325027 1.015793 69.461174
v -247.293747 -0.042093 69.427734
v -247.293747 1.021910 69.427734
v -247.554932 -0.048210 69.425934
v -247.554932 1.008508 69.419075
v -247.715378 -0.048210 69.479301
v -247.451401 -0.048210 69.475349
v -247.451401 1.015793 69.475349
v -247.486649 1.015793 69.479301
v -247.682037 -0.062018 69.427101
v -247.717499 -0.063837 69.429344
v -247.490601 1.011809 69.440308
v -247.877945 -0.048209 69.497429
v -247.842484 -0.048209 69.493477
v -247.613007 1.015793 69.493477
v -247.648254 1.015793 69.497429
v -247.844589 1.015793 69.458229
v -247.652206 -0.048209 69.462189
v -247.652206 1.003516 69.450630
v -247.809860 -0.048209 69.515556
v -248.005051 -0.048209 69.511604
v -247.774628 1.015793 69.511604
v -247.809860 1.015793 69.515556
v -247.778580 1.015793 69.476357
v -247.813812 -0.048209 69.480316
v -247.813812 1.015793 69.480316
v -247.971481 -0.048209 69.533684
v -247.936234 -0.048209 69.529732
v -247.936234 1.015793 69.529732
v -247.971481 1.015793 69.533684
v -247.940186 1.015793 69.494484
v -247.975433 -0.048209 69.498444
v -247.975433 1.015793 69.498444
v -248.137177 -0.048209 69.552269
v -248.101929 1.015793 69.548317
v -248.137177 1.015793 69.552269
v -248.105881 1.015793 69.513077
v -248.263535 1.015793 69.566444
v -248.298782 1.015793 69.570396
v -248.302734 -0.048209 69.535156
v -248.460388 -0.048209 69.588524
v -248.425156 1.015793 69.584572
v -248.460388 1.015793 69.588524
v -248.464355 1.015793 69.553284
v -249.065292 -0.048209 69.656372
v -249.030045 -0.048209 69.652420
v -249.030045 1.015793 69.652420
v -249.065292 1.015793 69.656372
v -249.033997 -0.048209 69.617180
v -249.033997 1.015793 69.617180
v -249.069244 -0.048209 69.621132
v -249.069244 1.015793 69.621132
v -249.226898 -0.048209 69.674500
v -249.191650 -0.048209 69.670547
v -249.191650 1.015793 69.670547
v -249.226898 1.015793 69.674500
v -249.195618 -0.048209 69.635307
v -249.195602 1.015793 69.635307
v -249.230850 -0.048209 69.639259
v -249.230850 1.015793 69.639259
v -249.388504 -0.048209 69.692627
v -249.353271 -0.048209 69.688675
v -249.353271 1.015793 69.688675
v -249.388504 1.015793 69.692627
v -249.357224 -0.048209 69.653435
v -249.392456 -0.048209 69.657387
v -249.392456 1.015793 69.657387
v -249.550125 -0.048209 69.710754
v -249.514877 -0.048209 69.706802
v -249.514877 1.015793 69.706802
v -249.550125 1.015793 69.710754
v -249.554077 1.015793 69.675514
v -249.676483 -0.048209 69.724930
v -249.676483 1.015793 69.724930
v -249.711731 1.015793 69.728882
v -249.715683 -0.048209 69.693642
v -249.873337 -0.048209 69.747009
v -249.838089 -0.048209 69.743057
v -249.838089 1.015793 69.743057
v -249.873337 1.015793 69.747009
v -249.877289 1.015793 69.711769
v -250.034943 -0.048209 69.765137
v -249.999695 1.015793 69.761185
v -250.034943 1.015793 69.765137
v -250.003662 1.015793 69.725945
v -250.196564 -0.048209 69.783264
v -250.161316 -0.048209 69.779312
v -250.161316 1.015793 69.779312
v -250.196564 1.015793 69.783264
v -250.200516 -0.048209 69.748024
v -250.318710 1.015793 69.796967
v -250.353943 1.015793 69.800919
v -250.357910 -0.048209 69.765678
v -250.515564 -0.048209 69.819046
v -250.480316 -0.048209 69.815094
v -250.480316 1.015793 69.815094
v -250.515564 1.015793 69.819046
v -250.519516 1.015793 69.783806
v -250.677170 -0.048209 69.837173
v -250.641922 1.015793 69.833221
v -250.677170 1.015793 69.837173
v -250.681122 1.015793 69.801933
v -250.838776 -0.048209 69.855301
v -250.803543 1.015793 69.851349
v -250.838776 1.015793 69.855301
v -250.807495 1.015793 69.816109
v -250.842743 -0.048209 69.820061
v -250.842743 1.015793 69.820061
v -251.000397 -0.048209 69.873428
v -250.965149 1.015793 69.869476
v -251.000397 1.015793 69.873428
v -250.969101 1.015793 69.834236
v -251.004349 1.015793 69.838188
v -251.162003 -0.048209 69.891556
v -251.126755 -0.048209 69.887604
v -251.126755 1.015793 69.887604
v -251.162003 1.015793 69.891556
v -251.130707 1.015793 69.852364
v -251.165955 1.015793 69.856316
v -251.323608 -0.048209 69.909683
v -251.288361 1.015793 69.905731
v -251.323608 1.015793 69.909683
v -251.292313 -0.048209 69.870491
v -251.292313 1.015793 69.870491
v -251.327560 1.015793 69.874443
v -251.485214 -0.048209 69.927811
v -251.449982 1.015793 69.923859
v -251.485214 1.015793 69.927811
v -251.453934 1.015793 69.888618
v -251.489166 -0.048209 69.892570
v -251.489166 1.015793 69.892570
v -246.034424 1.015792 69.262878
v -246.026520 1.015792 69.333366
v -251.615265 1.015793 69.960243
v -251.623169 1.015793 69.889755
v -246.026520 1.086725 69.333366
v -246.034424 1.086725 69.262878
v -251.623169 1.086726 69.889755
v -251.615265 1.086726 69.960243
v -259.851776 -0.048205 60.464333
v -259.855743 -0.048205 60.429085
v -259.890991 -0.310302 60.065292
v -259.890991 0.754893 60.089401
v -259.887024 -0.308521 60.101284
v -259.887024 0.756674 60.125389
v -259.833679 -0.300222 60.268944
v -259.837616 -0.302003 60.232956
v -259.872864 -0.302135 60.230297
v -259.868896 -0.300353 60.266289
v -259.815552 -0.292054 60.433960
v -259.819489 -0.293835 60.397972
v -259.854736 -0.293966 60.395313
v -259.850769 -0.292185 60.431305
v -259.801361 -0.285667 60.562977
v -259.923187 0.748256 59.955315
v -259.503784 1.015797 63.407906
v -259.852692 0.819532 59.962242
v -259.923187 0.819268 59.956924
v -259.503784 1.086730 63.407906
v -259.544495 1.015797 63.203949
v -259.540527 1.015797 63.239197
v -259.590973 -0.048206 60.087746
v -259.626221 -0.048206 60.091705
v -259.626221 1.015797 60.091705
v -259.590973 1.015797 60.087746
v -259.622253 -0.048206 60.126953
v -259.622253 1.015797 60.126953
v -259.587006 -0.048206 60.122993
v -259.587006 1.015797 60.122993
v -259.429352 -0.048206 60.069618
v -259.464600 -0.048206 60.073578
v -259.464600 1.015797 60.073578
v -259.429352 1.015795 60.069618
v -259.460663 -0.048206 60.108826
v -259.460663 1.015797 60.108826
v -259.425415 -0.048206 60.104866
v -259.425415 1.015795 60.104866
v -259.267761 -0.048206 60.051491
v -259.303009 -0.048206 60.055450
v -259.303009 1.015795 60.055450
v -259.267761 1.015795 60.051491
v -259.299042 -0.048206 60.090698
v -259.299042 1.015795 60.090698
v -259.263794 -0.048206 60.086739
v -259.263794 1.015795 60.086739
v -259.106140 -0.048206 60.033371
v -259.141388 -0.048206 60.037323
v -259.141388 1.015795 60.037323
v -259.106140 1.015795 60.033371
v -259.137421 -0.048206 60.072571
v -259.137421 0.744045 59.870293
v -259.102203 -0.048206 60.068619
v -259.102203 1.015795 60.068619
v -258.944519 -0.048206 60.015236
v -258.979767 -0.048206 60.019196
v -258.979767 1.015795 60.019196
v -258.944519 1.015795 60.015236
v -258.975830 -0.048206 60.054443
v -258.975830 0.744648 59.882477
v -258.940582 -0.048206 60.050484
v -258.940582 0.744779 59.885124
v -258.782928 -0.048206 59.997108
v -258.818176 -0.048206 60.001068
v -258.818176 1.015795 60.001068
v -258.782928 1.015795 59.997108
v -258.814209 -0.319943 59.870556
v -258.814209 0.745251 59.894661
v -258.778961 -0.048206 60.032356
v -258.778961 0.745383 59.897316
v -258.621307 -0.048206 59.978981
v -258.656555 -0.048206 59.982941
v -258.656555 1.015795 59.982941
v -258.621307 1.015795 59.978981
v -258.652588 -0.319339 59.882748
v -258.652588 1.015795 60.018188
v -258.617371 -0.048206 60.014229
v -258.617371 1.015795 60.014229
v -258.459717 -0.048206 59.960861
v -258.494934 -0.048206 59.964813
v -258.494934 1.015795 59.964813
v -258.459717 1.015795 59.960861
v -258.490997 -0.318736 59.894932
v -258.490997 1.015795 60.000061
v -258.455750 -0.048206 59.996109
v -258.455750 0.746590 59.921700
v -258.298096 -0.048206 59.942734
v -258.333344 -0.048206 59.946686
v -258.333344 1.015795 59.946686
v -258.298096 1.015795 59.942734
v -258.329376 -0.048206 59.981934
v -258.329376 0.747061 59.931229
v -258.294128 -0.048206 59.977982
v -258.294128 0.747193 59.933891
v -258.136475 -0.048206 59.924599
v -258.171722 -0.048206 59.928558
v -258.171722 1.015795 59.928558
v -258.167786 -0.317530 59.919304
v -258.167786 0.747665 59.943413
v -258.132538 -0.048206 59.959846
v -258.132538 0.747796 59.946068
v -257.974884 -0.048206 59.906479
v -258.010132 -0.048206 59.910431
v -257.974884 1.015795 59.906479
v -258.006165 -0.316926 59.931496
v -258.006165 1.015795 59.945679
v -257.970917 -0.316795 59.934155
v -257.813263 -0.048206 59.888351
v -257.848511 -0.048206 59.892303
v -257.848511 0.747090 59.931801
v -257.844543 -0.316323 59.943684
v -257.844543 0.748871 59.967789
v -257.809296 -0.316191 59.946342
v -259.758209 1.015797 60.088669
v -257.736938 0.746623 59.922371
v -257.729004 0.750186 59.994347
v -259.758209 1.086730 60.088669
v -259.750305 1.086730 60.159157
v -257.729004 0.821199 59.995956
v -257.736908 0.817637 59.923985
v -245.826874 -0.392421 64.021858
v -246.129257 -0.473809 61.790298
v -246.129257 -0.261008 61.790298
v -245.826874 -0.179620 64.021858
v -245.401443 -0.583391 63.994976
v -245.401443 -0.370591 63.994976
v -246.552216 -0.261008 61.837738
v -246.252304 -0.201451 64.048752
v -246.310501 -0.686609 63.992668
v -251.909927 -0.473810 70.593338
v -251.862488 -0.686612 71.016289
v -251.957367 -0.261010 70.170387
v -250.510452 6.683820 58.328186
v -250.500565 6.742262 58.416298
v -250.595840 6.683820 58.337761
v -250.585953 6.742262 58.425873
v -250.461044 6.493630 58.768700
v -250.451157 6.552073 58.856812
v -250.546432 6.493630 58.778275
v -250.536545 6.552073 58.866386
v -250.451157 -0.327714 58.856812
v -250.546432 -0.327714 58.778275
v -250.536545 -0.327714 58.866386
v -257.216003 6.180791 58.641788
v -257.479858 6.217843 59.788727
v -257.469971 6.552073 59.644089
v -257.380585 -0.327712 59.634064
v -248.361679 6.635139 59.083019
v -248.450317 6.689032 59.088615
v -248.367554 6.634837 58.985004
v -248.773315 6.742262 59.041016
v -248.804779 6.422210 59.111015
v -249.202866 6.552073 59.188156
v -249.125717 6.493629 59.080544
v -249.213837 6.552073 59.090424
v -249.114746 3.354846 59.178268
v -249.202866 3.354846 59.188148
v -249.125717 3.354846 59.080544
v -249.213837 3.354846 59.090424
v -247.904709 6.658585 66.737846
v -247.904709 6.908364 66.761604
v -247.906204 6.908364 66.771484
v -247.906204 6.716950 66.747650
v -247.910156 6.658305 66.646690
v -247.910156 6.908364 66.670715
v -247.998779 6.712200 66.652298
v -247.916412 6.908364 66.680603
v -248.258606 6.493627 66.811012
v -248.346725 6.552069 66.820900
v -248.353241 6.445378 66.674698
v -248.356918 6.503631 66.684402
v -248.258606 3.354844 66.811012
v -248.346725 3.354844 66.820900
v -248.268799 3.354844 66.720131
v -248.356918 3.354844 66.730011
v -248.549530 6.683818 67.806725
v -248.549530 6.908364 67.806725
v -248.559418 6.908364 67.718605
v -248.559418 6.742260 67.718605
v -248.462128 6.683818 67.796913
v -248.462128 6.908364 67.796913
v -248.472000 6.742260 67.708801
v -248.472000 6.908364 67.708801
v -248.598938 6.493627 67.366211
v -248.608826 6.552069 67.278099
v -248.511536 6.493627 67.356407
v -248.521423 6.552069 67.268288
v -248.598938 3.354844 67.366211
v -248.608826 3.354844 67.278099
v -248.511536 3.354844 67.356407
v -248.521423 3.354844 67.268288
v -256.524017 6.683819 68.701202
v -256.524017 6.908366 68.701202
v -256.533905 6.908366 68.613083
v -256.533905 6.742261 68.613083
v -256.434723 6.683819 68.691185
v -256.434723 6.908366 68.691185
v -256.444611 6.742261 68.603065
v -256.444611 6.908366 68.603065
v -256.573456 6.657141 68.663467
v -256.583313 6.552071 68.172577
v -256.484131 6.493629 68.250671
v -256.494019 6.552071 68.162560
v -256.573456 3.354846 68.260689
v -256.583313 3.354846 68.172577
v -256.484131 3.354846 68.250671
v -256.494019 3.354846 68.162560
v -245.828827 -0.606116 69.279091
v -245.610565 3.119452 69.763237
v -245.698685 3.114930 69.371811
v -245.698685 -0.518150 69.371811
v -245.834625 -0.525126 69.258698
v -245.621414 3.118895 69.666061
v -245.923264 -0.529674 69.264290
v -245.709534 3.114373 69.274620
v -258.267395 6.428157 60.195274
v -258.267395 6.652956 60.200363
v -258.179291 6.486994 60.203243
v -258.257294 6.432712 60.287289
v -258.169189 6.491548 60.295250
v -257.826904 6.239398 60.224190
v -257.738770 6.552073 60.046646
v -257.816772 6.243953 60.316200
v -257.728668 6.302789 60.324165
v -257.826904 3.354848 60.056534
v -257.738770 3.354848 60.046646
v -257.816772 3.354848 60.146645
v -257.728668 3.354848 60.136765
v -257.410858 7.038910 67.997429
v -257.311005 6.878232 68.107056
v -256.882233 6.684188 68.029221
v -256.970337 3.354846 67.692917
v -256.882233 3.354846 67.683037
v -256.958618 3.354846 67.797470
v -256.870483 3.354846 67.787582
v -246.083298 -0.606116 69.567978
v -245.849930 3.026963 69.567978
v -245.938034 3.026963 69.577858
v -245.938034 -0.530432 69.649124
v -245.860764 -0.526467 69.546310
v -245.860764 3.026964 69.471306
v -245.948883 -0.606116 69.481194
v -245.948883 3.026964 69.481194
v -258.654755 3.026965 71.004265
v -258.742859 3.026965 71.014145
v -258.665588 3.026967 70.907593
v -258.753723 3.026967 70.917480
v -258.927979 3.026967 70.795570
v -259.016113 3.026967 70.805458
v -258.938843 3.026967 70.698906
v -260.115723 -0.882133 59.783997
v -260.115723 3.026969 60.206535
v -260.203857 3.026969 60.216423
v -260.203857 -0.882462 59.777351
v -260.126587 -0.606112 60.109871
v -260.126587 3.026969 60.109871
v -260.214691 -0.887348 59.678646
v -260.214691 3.026969 60.119751
v -246.445236 2.783837 57.745636
v -246.060349 3.077791 57.810993
v -246.055069 3.078062 57.899368
v -246.435349 2.842274 57.833755
v -246.530624 2.783837 57.755219
v -246.146240 3.073384 57.816425
v -246.520737 2.842274 57.843330
v -246.140961 3.073655 57.904793
v -246.026489 2.664790 58.378128
v -246.021210 2.652083 58.399246
v -246.467194 2.593644 58.320717
v -246.457306 2.652083 58.408829
v -249.627533 5.054554 60.146305
v -247.131165 2.258852 59.036762
vt 0.000000 0.000000
vt 0.000000 0.000000
vt 0.000000 0.000000
vt 0.000000 0.000000
vt 0.000000 0.000000
vt 0.000000 0.000000
vt 0.000000 0.000000
vt 0.000000 0.000000
vt 0.000000 0.000000
vt 0.000000 0.000000
vt 0.000000 0.000000
vt 0.000000 0.000000
vt 0.000000 0.000000
vt 0.000000 0.000000
vt 0.000000 0.000000
vt 0.000000 0.000000
vt 0.000000 0.000000
vt 0.000000 0.000000
vt 0.000000 0.000000
vt 0.000000 0.000000
vt 0.000000 0.000000
vt 0.000000 0.000000
vt 0.000000 0.000000
vt 0.000000 0.000000
vt 0.000000 0.000000
vt 0.000000 0.000000
vt 0.000000 0.000000
vt 0.000000 0.000000
vt 0.000000 0.000000
vt 0.000000 0.000000
vt 0.000000 0.000000
vt 0.000000 0.000000
vt 0.000000 0.000000
vt 0.000000 0.000000
vt 0.000000 0.000000
vt 0.000000 0.000000
vt 0.000000 0.000000
vt 0.000000 0.000000
vt 0.000000 0.000000
vt 0.000000 0.000000
vt 0.000000 0.000000
vt 0.000000 0.000000
vt 0.000000 0.000000
vt 0.000000 0.000000
vt 0.000000 0.000000
vt 0.000000 0.000000
vt 0.000000 0.000000
vt 0.000000 0.000000
vt 0.000000 0.000000
vt 0.000000 0.000000
vt 0.000000 0.000000
vt 0.000000 0.000000
vt 0.000000 0.000000
vt 0.000000 0.000000
vt 0.000000 0.000000
vt 0.000000 0.000000
vt 0.000000 0.000000
vt 0.000000 0.000000
vt 0.000000 0.000000
vt 0.000000 0.000000
vt 0.000000 0.000000
vt 0.000000 0.000000
vt 0.000000 0.000000
vt 0.000000 0.000000
vt 0.000000 0.000000
vt 0.000000 0.000000
vt 0.000000 0.000000
vt 0.000000 0.000000
vt 0.000000 0.000000
vt 0.000000 0.000000
vt 0.000000 0.000000
vt 0.000000 0.000000
vt 0.000000 0.000000
vt 0.000000 0.000000
vt 0.000000 0.000000
vt 0.000000 0.000000
vt 0.000000 0.000000
vt 0.000000 0.000000
vt 0.000000 0.000000
vt 0.000000 0.000000
vt 0.000000 0.000000
vt 0.000000 0.000000
vt 0.000000 0.000000
vt 0.000000 0.000000
vt 0.000000 0.000000
vt 0.000000 0.000000
vt 0.000000 0.000000
vt 0.000000 0.000000
vt 0.000000 0.000000
vt 0.000000 0.000000
vt 0.000000 0.000000
vt 0.000000 0.000000
vt 0.000000 0.000000
vt 0.000000 0.000000
vt 0.000000 0.000000
vt 0.000000 0.000000
vt 0.000000 0.000000
vt 0.000000 0.000000
vt 0.000000 0.000000
vt 0.000000 0.000000
vt 0.000000 0.000000
vt 0.000000 0.000000
vt 0.000000 0.000000
vt 0.000000 0.000000
vt 0.000000 0.000000
vt 0.000000 0.000000
vt 0.000000 0.000000
vt 0.000000 0.000000
vt 0.000000 0.000000
vt 0.000000 0.000000
vt 0.000000 0.000000
vt 0.000000 0.000000
vt 0.000000 0.000000
vt 0.000000 0.000000
vt 0.000000 0.000000
vt 0.000000 0.000000
vt 0.000000 0.000000
vt 0.000000 0.000000
vt 0.000000 0.000000
vt 0.000000 0.000000
vt 0.000000 0.000000
vt 0.000000 0.000000
vt 0.000000 0.000000
vt 0.000000 0.000000
vt 0.000000 0.000000
vt 0.000000 0.000000
vt 0.000000 0.000000
vt 0.000000 0.000000
vt 0.000000 0.000000
vt 0.000000 0.000000
vt 0.000000 0.000000
vt 0.000000 0.000000
vt 0.000000 0.000000
vt 0.000000 0.000000
vt 0.000000 0.000000
vt 0.000000 0.000000
vt 0.000000 0.000000
vt 0.000000 0.000000
vt 0.000000 0.000000
vt 0.000000 0.000000
vt 0.000000 0.000000
vt 0.000000 0.000000
vt 0.000000 0.000000
vt 0.000000 0.000000
vt 0.000000 0.000000
vt 0.000000 0.000000
vt 0.000000 0.000000
vt 0.000000 0.000000
vt 0.000000 0.000000
vt 0.000000 0.000000
vt 0.000000 0.000000
vt 0.000000 0.000000
vt 0.000000 0.000000
vt 0.000000 0.000000
vt 0.000000 0.000000
vt 0.000000 0.000000
vt 0.000000 0.000000
vt 0.000000 0.000000
vt 0.000000 0.000000
vt 0.000000 0.000000
vt 0.000000 0.000000
vt 0.000000 0.000000
vt 0.000000 0.000000
vt 0.000000 0.000000
vt 0.000000 0.000000
vt 0.000000 0.000000
vt 0.000000 0.000000
vt 0.000000 0.000000
vt 0.000000 0.000000
vt 0.000000 0.000000
vt 0.000000 0.000000
vt 0.000000 0.000000
vt 0.000000 0.000000
vt 0.000000 0.000000
vt 0.000000 0.000000
vt 0.000000 0.000000
vt 0.000000 0.000000
vt 0.000000 0.000000
vt 0.000000 0.000000
vt 0.000000 0.000000
vt 0.000000 0.000000
vt 0.000000 0.000000
vt 0.000000 0.000000
vt 0.000000 0.000000
vt 0.000000 0.000000
vt 0.000000 0.000000
vt 0.000000 0.000000
vt 0.000000 0.000000
vt 0.000000 0.000000
vt 0.000000 0.000000
vt 0.000000 0.000000
vt 0.000000 0.000000
vt 0.000000 0.000000
vt 0.000000 0.000000
vt 0.000000 0.000000
vt 0.000000 0.000000
vt 0.000000 0.000000
vt 0.000000 0.000000
vt 0.000000 0.000000
vt 0.000000 0.000000
vt 0.000000 0.000000
vt 0.000000 0.000000
vt 0.000000 0.000000
vt 0.000000 0.000000
vt 0.000000 0.000000
vt 0.000000 0.000000
vt 0.000000 0.000000
vt 0.000000 0.000000
vt 0.000000 0.000000
vt 0.000000 0.000000
vt 0.000000 0.000000
vt 0.000000 0.000000
vt 0.000000 0.000000
vt 0.000000 0.000000
vt 0.000000 0.000000
vt 0.000000 0.000000
vt 0.000000 0.000000
vt 0.000000 0.000000
vt 0.000000 0.000000
vt 0.000000 0.000000
vt 0.000000 0.000000
vt 0.000000 0.000000
vt 0.000000 0.000000
vt 0.000000 0.000000
vt 0.000000 0.000000
vt 0.000000 0.000000
vt 0.000000 0.000000
vt 0.000000 0.000000
vt 0.000000 0.000000
vt 0.000000 0.000000
vt 0.000000 0.000000
vt 0.000000 0.000000
vt 0.000000 0.000000
vt 0.000000 0.000000
vt 0.000000 0.000000
vt 0.000000 0.000000
vt 0.000000 0.000000
vt 0.000000 0.000000
vt 0.000000 0.000000
vt 0.000000 0.000000
vt 0.000000 0.000000
vt 0.000000 0.000000
vt 0.000000 0.000000
vt 0.000000 0.000000
vt 0.000000 0.000000
vt 0.000000 0.000000
vt 0.000000 0.000000
vt 0.000000 0.000000
vt 0.000000 0.000000
vt 0.000000 0.000000
vt 0.000000 0.000000
vt 0.000000 0.000000
vt 0.000000 0.000000
vt 0.000000 0.000000
vt 0.000000 0.000000
vt 0.000000 0.000000
vt 0.000000 0.000000
vt 0.000000 0.000000
vt 0.000000 0.000000
vt 0.000000 0.000000
vt 0.000000 0.000000
vt 0.000000 0.000000
vt 0.000000 0.000000
vt 0.000000 0.000000
vt 0.000000 0.000000
vt 0.000000 0.000000
vt 0.000000 0.000000
vt 0.000000 0.000000
vt 0.000000 0.000000
vt 0.000000 0.000000
vt 0.000000 0.000000
vt 0.000000 0.000000
vt 0.000000 0.000000
vt 0.000000 0.000000
vt 0.000000 0.000000
vt 0.000000 0.000000
vt 0.000000 0.000000
vt 0.000000 0.000000
vt 0.000000 0.000000
vt 0.000000 0.000000
vt 0.000000 0.000000
vt 0.000000 0.000000
vt 0.000000 0.000000
vt 0.000000 0.000000
vt 0.000000 0.000000
vt 0.000000 0.000000
vt 0.000000 0.000000
vt 0.000000 0.000000
vt 0.000000 0.000000
vt 0.000000 0.000000
vt 0.000000 0.000000
vt 0.000000 0.000000
vt 0.000000 0.000000
vt 0.000000 0.000000
vt 0.000000 0.000000
vt 0.000000 0.000000
vt 0.000000 0.000000
vt 0.000000 0.000000
vt 0.000000 0.000000
vt 0.000000 0.000000
vt 0.000000 0.000000
vt 0.000000 0.000000
vt 0.000000 0.000000
vt 0.000000 0.000000
vt 0.000000 0.000000
vt 0.000000 0.000000
vt 0.000000 0.000000
vt 0.000000 0.000000
vt 0.000000 0.000000
vt 0.000000 0.000000
vt 0.000000 0.000000
vt 0.000000 0.000000
vt 0.000000 0.000000
vt 0.000000 0.000000
vt 0.000000 0.000000
vt 0.000000 0.000000
vt 0.000000 0.000000
vt 0.000000 0.000000
vt 0.000000 0.000000
vt 0.000000 0.000000
vt 0.000000 0.000000
vt 0.000000 0.000000
vt 0.000000 0.000000
vt 0.000000 0.000000
vt 0.000000 0.000000
vt 0.000000 0.000000
vt 0.000000 0.000000
vt 0.000000 0.000000
vt 0.000000 0.000000
vt 0.000000 0.000000
vt 0.000000 0.000000
vt 0.000000 0.000000
vt 0.000000 0.000000
vt 0.000000 0.000000
vt 0.000000 0.000000
vt 0.000000 0.000000
vt 0.000000 0.000000
vt 0.000000 0.000000
vt 0.000000 0.000000
vt 0.000000 0.000000
vt 0.000000 0.000000
vt 0.000000 0.000000
vt 0.000000 0.000000
vt 0.000000 0.000000
vt 0.000000 0.000000
vt 0.000000 0.000000
vt 0.000000 0.000000
vt 0.000000 0.000000
vt 0.000000 0.000000
vt 0.000000 0.000000
vt 0.000000 0.000000
vt 0.000000 0.000000
vt 0.000000 0.000000
vt 0.000000 0.000000
vt 0.000000 0.000000
vt 0.000000 0.000000
vt 0.000000 0.000000
vt 0.000000 0.000000
vt 0.000000 0.000000
vt 0.000000 0.000000
vt 0.000000 0.000000
vt 0.000000 0.000000
vt 0.000000 0.000000
vt 0.000000 0.000000
vt 0.000000 0.000000
vt 0.000000 0.000000
vt 0.000000 0.000000
vt 0.000000 0.000000
vt 0.000000 0.000000
vt 0.000000 0.000000
vt 0.000000 0.000000
vt 0.000000 0.000000
vt 0.000000 0.000000
vt 0.000000 0.000000
vt 0.000000 0.000000
vt 0.000000 0.000000
vt 0.000000 0.000000
vt 0.000000 0.000000
vt 0.000000 0.000000
vt 0.000000 0.000000
vt 0.000000 0.000000
vt 0.000000 0.000000
vt 0.000000 0.000000
vt 0.000000 0.000000
vt 0.000000 0.000000
vt 0.000000 0.000000
vt 0.000000 0.000000
vt 0.000000 0.000000
vt 0.000000 0.000000
vt 0.000000 0.000000
vt 0.000000 0.000000
vt 0.000000 0.000000
vt 0.000000 0.000000
vt 0.000000 0.000000
vt 0.000000 0.000000
vt 0.000000 0.000000
vt 0.000000 0.000000
vt 0.000000 0.000000
vt 0.000000 0.000000
vt 0.000000 0.000000
vt 0.000000 0.000000
vt 0.000000 0.000000
vt 0.000000 0.000000
vt 0.000000 0.000000
vt 0.000000 0.000000
vt 0.000000 0.000000
vt 0.000000 0.000000
vt 0.000000 0.000000
vt 0.000000 0.000000
vt 0.000000 0.000000
vt 0.000000 0.000000
vt 0.000000 0.000000
vt 0.000000 0.000000
vt 0.000000 0.000000
vt 0.000000 0.000000
vt 0.000000 0.000000
vt 0.000000 0.000000
vt 0.000000 0.000000
vt 0.000000 0.000000
vt 0.000000 0.000000
vt 0.000000 0.000000
vt 0.000000 0.000000
vt 0.000000 0.000000
vt 0.000000 0.000000
vt 0.000000 0.000000
vt 0.000000 0.000000
vt 0.000000 0.000000
vt 0.000000 0.000000
vt 0.000000 0.000000
vt 0.000000 0.000000
vt 0.000000 0.000000
vt 0.000000 0.000000
vt 0.000000 0.000000
vt 0.000000 0.000000
vt 0.000000 0.000000
vt 0.000000 0.000000
vt 0.000000 0.000000
vt 0.000000 0.000000
vt 0.000000 0.000000
vt 0.000000 0.000000
vt 0.000000 0.000000
vt 0.000000 0.000000
vt 0.000000 0.000000
vt 0.000000 0.000000
vt 0.000000 0.000000
vt 0.000000 0.000000
vt 0.000000 0.000000
vt 0.000000 0.000000
vt 0.000000 0.000000
vt 0.000000 0.000000
vt 0.000000 0.000000
vt 0.000000 0.000000
vt 0.000000 0.000000
vt 0.000000 0.000000
vt 0.000000 0.000000
vt 0.000000 0.000000
vt 0.000000 0.000000
vt 0.000000 0.000000
vt 0.000000 0.000000
vt 0.000000 0.000000
vt 0.000000 0.000000
vt 0.000000 0.000000
vt 0.000000 0.000000
vt 0.000000 0.000000
vt 0.000000 0.000000
vt 0.000000 0.000000
vt 0.000000 0.000000
vt 0.000000 0.000000
vt 0.000000 0.000000
vt 0.000000 0.000000
vt 0.000000 0.000000
vt 0.000000 0.000000
vt 0.000000 0.000000
vt 0.000000 0.000000
vt 0.000000 0.000000
vt 0.000000 0.000000
vt 0.000000 0.000000
vt 0.000000 0.000000
vt 0.000000 0.000000
vt 0.000000 0.000000
vt 0.000000 0.000000
vt 0.000000 0.000000
vt 0.000000 0.000000
vt 0.000000 0.000000
vt 0.000000 0.000000
vt 0.000000 0.000000
vt 0.000000 0.000000
vt 0.000000 0.000000
vt 0.000000 0.000000
vt 0.000000 0.000000
vt 0.000000 0.000000
vt 0.000000 0.000000
vt 0.000000 0.000000
vt 0.000000 0.000000
vt 0.000000 0.000000
vt 0.000000 0.000000
vt 0.000000 0.000000
vt 0.000000 0.000000
vt 0.000000 0.000000
vt 0.000000 0.000000
vt 0.000000 0.000000
vt 0.000000 0.000000
vt 0.000000 0.000000
vt 0.000000 0.000000
vt 0.000000 0.000000
vt 0.000000 0.000000
vt 0.000000 0.000000
vt 0.000000 0.000000
vt 0.000000 0.000000
vt 0.000000 0.000000
vt 0.000000 0.000000
vt 0.000000 0.000000
vt 0.000000 0.000000
vt 0.000000 0.000000
vt 0.000000 0.000000
vt 0.000000 0.000000
vt 0.000000 0.000000
vt 0.000000 0.000000
vt 0.000000 0.000000
vt 0.000000 0.000000
vt 0.000000 0.000000
vt 0.000000 0.000000
vt 0.000000 0.000000
vt 0.000000 0.000000
vt 0.000000 0.000000
vt 0.000000 0.000000
vt 0.000000 0.000000
vt 0.000000 0.000000
vt 0.000000 0.000000
vt 0.000000 0.000000
vt 0.000000 0.000000
vt 0.000000 0.000000
vt 0.000000 0.000000
vt 0.000000 0.000000
vt 0.000000 0.000000
vt 0.000000 0.000000
vt 0.000000 0.000000
vt 0.000000 0.000000
vt 0.000000 0.000000
vt 0.000000 0.000000
vt 0.000000 0.000000
vt 0.000000 0.000000
vt 0.000000 0.000000
vt 0.000000 0.000000
vt 0.000000 0.000000
vt 0.000000 0.000000
vt 0.000000 0.000000
vt 0.000000 0.000000
vt 0.000000 0.000000
vt 0.000000 0.000000
vt 0.000000 0.000000
vt 0.000000 0.000000
vt 0.000000 0.000000
vt 0.000000 0.000000
vt 0.000000 0.000000
vt 0.000000 0.000000
vt 0.000000 0.000000
vt 0.000000 0.000000
vt 0.000000 0.000000
vt 0.000000 0.000000
vt 0.000000 0.000000
vt 0.000000 0.000000
vt 0.000000 0.000000
vt 0.000000 0.000000
vt 0.000000 0.000000
vt 0.000000 0.000000
vt 0.000000 0.000000
vt 0.000000 0.000000
vt 0.000000 0.000000
vt 0.000000 0.000000
vt 0.000000 0.000000
vt 0.000000 0.000000
vt 0.000000 0.000000
vt 0.000000 0.000000
vt 0.000000 0.000000
vt 0.000000 0.000000
vt 0.000000 0.000000
vt 0.000000 0.000000
vt 0.000000 0.000000
vt 0.000000 0.000000
vt 0.000000 0.000000
vt 0.000000 0.000000
vt 0.000000 0.000000
vt 0.000000 0.000000
vt 0.000000 0.000000
vt 0.000000 0.000000
vt 0.000000 0.000000
vt 0.000000 0.000000
vt 0.000000 0.000000
vt 0.000000 0.000000
vt 0.000000 0.000000
vt 0.000000 0.000000
vt 0.000000 0.000000
vt 0.000000 0.000000
vt 0.000000 0.000000
vt 0.000000 0.000000
vt 0.000000 0.000000
vt 0.000000 0.000000
vt 0.000000 0.000000
vt 0.000000 0.000000
vt 0.000000 0.000000
vt 0.000000 0.000000
vt 0.000000 0.000000
vt 0.000000 0.000000
vt 0.000000 0.000000
vt 0.000000 0.000000
vt 0.000000 0.000000
vt 0.000000 0.000000
vt 0.000000 0.000000
vt 0.000000 0.000000
vt 0.000000 0.000000
vt 0.000000 0.000000
vt 0.000000 0.000000
vt 0.000000 0.000000
vt 0.000000 0.000000
vt 0.000000 0.000000
vt 0.000000 0.000000
vt 0.000000 0.000000
vt 0.000000 0.000000
vt 0.000000 0.000000
vt 0.000000 0.000000
vt 0.000000 0.000000
vt 0.000000 0.000000
vt 0.000000 0.000000
vt 0.000000 0.000000
vt 0.000000 0.000000
vt 0.000000 0.000000
vt 0.000000 0.000000
vt 0.000000 0.000000
vt 0.000000 0.000000
vt 0.000000 0.000000
vt 0.000000 0.000000
vt 0.000000 0.000000
vt 0.000000 0.000000
vt 0.000000 0.000000
vt 0.000000 0.000000
vt 0.000000 0.000000
vt 0.000000 0.000000
vt 0.000000 0.000000
vt 0.000000 0.000000
vt 0.000000 0.000000
vt 0.000000 0.000000
vt 0.000000 0.000000
vt 0.000000 0.000000
vt 0.000000 0.000000
vt 0.000000 0.000000
vt 0.000000 0.000000
vt 0.000000 0.000000
vt 0.000000 0.000000
vt 0.000000 0.000000
vt 0.000000 0.000000
vt 0.000000 0.000000
vt 0.000000 0.000000
vt 0.000000 0.000000
vt 0.000000 0.000000
vt 0.000000 0.000000
vt 0.000000 0.000000
vt 0.000000 0.000000
vt 0.000000 0.000000
vt 0.000000 0.000000
vt 0.000000 0.000000
vt 0.000000 0.000000
vt 0.000000 0.000000
vt 0.000000 0.000000
vt 0.000000 0.000000
vt 0.000000 0.000000
vt 0.000000 0.000000
vt 0.000000 0.000000
vt 0.000000 0.000000
vt 0.000000 0.000000
vt 0.000000 0.000000
vt 0.000000 0.000000
vt 0.000000 0.000000
vt 0.000000 0.000000
vt 0.000000 0.000000
vt 0.000000 0.000000
vt 0.000000 0.000000
vt 0.000000 0.000000
vt 0.000000 0.000000
vt 0.000000 0.000000
vt 0.000000 0.000000
vt 0.000000 0.000000
vt 0.000000 0.000000
vt 0.000000 0.000000
vt 0.000000 0.000000
vt 0.000000 0.000000
vt 0.000000 0.000000
vt 0.000000 0.000000
vt 0.000000 0.000000
vt 0.000000 0.000000
vt 0.000000 0.000000
vt 0.000000 0.000000
vt 0.000000 0.000000
vt 0.000000 0.000000
vt 0.000000 0.000000
vt 0.000000 0.000000
vt 0.000000 0.000000
vt 0.000000 0.000000
vt 0.000000 0.000000
vt 0.000000 0.000000
vt 0.000000 0.000000
vt 0.000000 0.000000
vt 0.000000 0.000000
vt 0.000000 0.000000
vt 0.000000 0.000000
vt 0.000000 0.000000
vt 0.000000 0.000000
vt 0.000000 0.000000
vt 0.000000 0.000000
vt 0.000000 0.000000
vt 0.000000 0.000000
vt 0.000000 0.000000
vt 0.000000 0.000000
vt 0.000000 0.000000
vt 0.000000 0.000000
vt 0.000000 0.000000
vt 0.000000 0.000000
vt 0.000000 0.000000
vt 0.000000 0.000000
vt 0.000000 0.000000
vt 0.000000 0.000000
vt 0.000000 0.000000
vt 0.000000 0.000000
vt 0.000000 0.000000
vt 0.000000 0.000000
vt 0.000000 0.000000
vt 0.000000 0.000000
vt 0.000000 0.000000
vt 0.000000 0.000000
vt 0.000000 0.000000
vt 0.000000 0.000000
vt 0.000000 0.000000
vt 0.000000 0.000000
vt 0.000000 0.000000
vt 0.000000 0.000000
vt 0.000000 0.000000
vt 0.000000 0.000000
vt 0.000000 0.000000
vt 0.000000 0.000000
vt 0.000000 0.000000
vt 0.000000 0.000000
vt 0.000000 0.000000
vt 0.000000 0.000000
vt 0.000000 0.000000
vt 0.000000 0.000000
vt 0.000000 0.000000
vt 0.000000 0.000000
vt 0.000000 0.000000
vt 0.000000 0.000000
vt 0.000000 0.000000
vt 0.000000 0.000000
vt 0.000000 0.000000
vt 0.000000 0.000000
vt 0.000000 0.000000
vt 0.000000 0.000000
vt 0.000000 0.000000
vt 0.000000 0.000000
vt 0.000000 0.000000
vt 0.000000 0.000000
vt 0.000000 0.000000
vt 0.000000 0.000000
vt 0.000000 0.000000
vt 0.000000 0.000000
vt 0.000000 0.000000
vt 0.000000 0.000000
vt 0.000000 0.000000
vt 0.000000 0.000000
vt 0.000000 0.000000
vt 0.000000 0.000000
vt 0.000000 0.000000
vt 0.000000 0.000000
vt 0.000000 0.000000
vt 0.000000 0.000000
vt 0.000000 0.000000
vt 0.000000 0.000000
vt 0.000000 0.000000
vt 0.000000 0.000000
vt 0.000000 0.000000
vt 0.000000 0.000000
vt 0.000000 0.000000
vt 0.000000 0.000000
vt 0.000000 0.000000
vt 0.000000 0.000000
vt 0.000000 0.000000
vt 0.000000 0.000000
vt 0.000000 0.000000
vt 0.000000 0.000000
vt 0.000000 0.000000
vt 0.000000 0.000000
vt 0.000000 0.000000
vt 0.000000 0.000000
vt 0.000000 0.000000
vt 0.000000 0.000000
vt 0.000000 0.000000
vt 0.000000 0.000000
vt 0.000000 0.000000
vt 0.000000 0.000000
vt 0.000000 0.000000
vt 0.000000 0.000000
vt 0.000000 0.000000
vt 0.000000 0.000000
vt 0.000000 0.000000
vt 0.000000 0.000000
vt 0.000000 0.000000
vt 0.000000 0.000000
vt 0.000000 0.000000
vt 0.000000 0.000000
vt 0.000000 0.000000
vt 0.000000 0.000000
vt 0.000000 0.000000
vt 0.000000 0.000000
vt 0.000000 0.000000
vt 0.000000 0.000000
vt 0.000000 0.000000
vt 0.000000 0.000000
vt 0.000000 0.000000
vt 0.000000 0.000000
vt 0.000000 0.000000
vt 0.000000 0.000000
vt 0.000000 0.000000
vt 0.000000 0.000000
vt 0.000000 0.000000
vt 0.000000 0.000000
vt 0.000000 0.000000
vt 0.000000 0.000000
vt 0.000000 0.000000
vt 0.000000 0.000000
vt 0.000000 0.000000
vt 0.000000 0.000000
vt 0.000000 0.000000
vt 0.000000 0.000000
vt 0.000000 0.000000
vt 0.000000 0.000000
vt 0.000000 0.000000
vt 0.000000 0.000000
vt 0.000000 0.000000
vt 0.000000 0.000000
vt 0.000000 0.000000
vt 0.000000 0.000000
vt 0.000000 0.000000
vt 0.000000 0.000000
vt 0.000000 0.000000
vt 0.000000 0.000000
vt 0.000000 0.000000
vt 0.000000 0.000000
vt 0.000000 0.000000
vt 0.000000 0.000000
vt 0.000000 0.000000
vt 0.000000 0.000000
vt 0.000000 0.000000
vt 0.000000 0.000000
vt 0.000000 0.000000
vt 0.000000 0.000000
vt 0.000000 0.000000
vt 0.000000 0.000000
vt 0.000000 0.000000
vt 0.000000 0.000000
vt 0.000000 0.000000
vt 0.000000 0.000000
vt 0.000000 0.000000
vt 0.000000 0.000000
vt 0.000000 0.000000
vt 0.000000 0.000000
vt 0.000000 0.000000
vt 0.000000 0.000000
vt 0.000000 0.000000
vt 0.000000 0.000000
vt 0.000000 0.000000
vt 0.000000 0.000000
vt 0.000000 0.000000
vt 0.000000 0.000000
vt 0.000000 0.000000
vt 0.000000 0.000000
vt 0.000000 0.000000
vt 0.000000 0.000000
vt 0.000000 0.000000
vt 0.000000 0.000000
vt 0.000000 0.000000
vt 0.000000 0.000000
vt 0.000000 0.000000
vt 0.000000 0.000000
vt 0.000000 0.000000
vt 0.000000 0.000000
vt 0.000000 0.000000
vt 0.000000 0.000000
vt 0.000000 0.000000
vt 0.000000 0.000000
vt 0.000000 0.000000
vt 0.000000 0.000000
vt 0.000000 0.000000
vt 0.000000 0.000000
vt 0.000000 0.000000
vt 0.000000 0.000000
vt 0.000000 0.000000
vt 0.000000 0.000000
vt 0.000000 0.000000
vt 0.000000 0.000000
vt 0.000000 0.000000
vt 0.000000 0.000000
vt 0.000000 0.000000
vt 0.000000 0.000000
vt 0.000000 0.000000
vt 0.000000 0.000000
vt 0.000000 0.000000
vt 0.000000 0.000000
vt 0.000000 0.000000
vt 0.000000 0.000000
vt 0.000000 0.000000
vt 0.000000 0.000000
vt 0.000000 0.000000
vt 0.000000 0.000000
vt 0.000000 0.000000
vt 0.000000 0.000000
vt 0.000000 0.000000
vt 0.000000 0.000000
vt 0.000000 0.000000
vt 0.000000 0.000000
vt 0.000000 0.000000
vt 0.000000 0.000000
vt 0.000000 0.000000
vt 0.000000 0.000000
vt 0.000000 0.000000
vt 0.000000 0.000000
vt 0.000000 0.000000
vt 0.000000 0.000000
vt 0.000000 0.000000
vt 0.000000 0.000000
vt 0.000000 0.000000
vt 0.000000 0.000000
vt 0.000000 0.000000
vt 0.000000 0.000000
vt 0.000000 0.000000
vt 0.000000 0.000000
vt 0.000000 0.000000
vt 0.000000 0.000000
vt 0.000000 0.000000
vt 0.000000 0.000000
vt 0.000000 0.000000
vt 0.000000 0.000000
vt 0.000000 0.000000
vt 0.000000 0.000000
vt 0.000000 0.000000
vt 0.000000 0.000000
vt 0.000000 0.000000
vt 0.000000 0.000000
vt 0.000000 0.000000
vt 0.000000 0.000000
vt 0.000000 0.000000
vt 0.000000 0.000000
vt 0.000000 0.000000
vt 0.000000 0.000000
vt 0.000000 0.000000
vt 0.000000 0.000000
vt 0.000000 0.000000
vt 0.000000 0.000000
vt 0.000000 0.000000
vt 0.000000 0.000000
vt 0.000000 0.000000
vt 0.000000 0.000000
vt 0.000000 0.000000
vt 0.000000 0.000000
vt 0.000000 0.000000
vt 0.000000 0.000000
vt 0.000000 0.000000
vt 0.000000 0.000000
vt 0.000000 0.000000
vt 0.000000 0.000000
vt 0.000000 0.000000
vt 0.000000 0.000000
vt 0.000000 0.000000
vt 0.000000 0.000000
vt 0.000000 0.000000
vt 0.000000 0.000000
vt 0.000000 0.000000
vt 0.000000 0.000000
vt 0.000000 0.000000
vt 0.000000 0.000000
vt 0.000000 0.000000
vt 0.000000 0.000000
vt 0.000000 0.000000
vt 0.000000 0.000000
vt 0.000000 0.000000
vt 0.000000 0.000000
vt 0.000000 0.000000
vt 0.000000 0.000000
vt 0.000000 0.000000
vt 0.000000 0.000000
vt 0.000000 0.000000
vt 0.000000 0.000000
vt 0.000000 0.000000
vt 0.000000 0.000000
vt 0.000000 0.000000
vt 0.000000 0.000000
vt 0.000000 0.000000
vt 0.000000 0.000000
vt 0.000000 0.000000
vt 0.000000 0.000000
vt 0.000000 0.000000
vt 0.000000 0.000000
vt 0.000000 0.000000
vt 0.000000 0.000000
vt 0.000000 0.000000
vt 0.000000 0.000000
vt 0.000000 0.000000
vt 0.000000 0.000000
vt 0.000000 0.000000
vt 0.000000 0.000000
vt 0.000000 0.000000
vt 0.000000 0.000000
vt 0.000000 0.000000
vt 0.000000 0.000000
vt 0.000000 0.000000
vt 0.000000 0.000000
vt 0.000000 0.000000
vt 0.000000 0.000000
vt 0.000000 0.000000
vt 0.000000 0.000000
vt 0.000000 0.000000
vt 0.000000 0.000000
vt 0.000000 0.000000
vt 0.000000 0.000000
vt 0.000000 0.000000
vt 0.000000 0.000000
vt 0.000000 0.000000
vt 0.000000 0.000000
vt 0.000000 0.000000
vt 0.000000 0.000000
vt 0.000000 0.000000
vt 0.000000 0.000000
vt 0.000000 0.000000
vt 0.000000 0.000000
vt 0.000000 0.000000
vt 0.000000 0.000000
vt 0.000000 0.000000
vt 0.000000 0.000000
vt 0.000000 0.000000
vt 0.000000 0.000000
vt 0.000000 0.000000
vt 0.000000 0.000000
vt 0.000000 0.000000
vt 0.000000 0.000000
vt 0.000000 0.000000
vt 0.000000 0.000000
vt 0.000000 0.000000
vt 0.000000 0.000000
vt 0.000000 0.000000
vt 0.000000 0.000000
vt 0.000000 0.000000
vt 0.000000 0.000000
vt 0.000000 0.000000
vt 0.000000 0.000000
vt 0.000000 0.000000
vt 0.000000 0.000000
vt 0.000000 0.000000
vt 0.000000 0.000000
vt 0.000000 0.000000
vt 0.000000 0.000000
vt 0.000000 0.000000
vt 0.000000 0.000000
vt 0.000000 0.000000
vt 0.000000 0.000000
vt 0.000000 0.000000
vt 0.000000 0.000000
vt 0.000000 0.000000
vt 0.000000 0.000000
vt 0.000000 0.000000
vt 0.000000 0.000000
vt 0.000000 0.000000
vt 0.000000 0.000000
vt 0.000000 0.000000
vt 0.000000 0.000000
vt 0.000000 0.000000
vt 0.000000 0.000000
vt 0.000000 0.000000
vt 0.000000 0.000000
vt 0.000000 0.000000
vt 0.000000 0.000000
vt 0.000000 0.000000
vt 0.000000 0.000000
vt 0.000000 0.000000
vt 0.000000 0.000000
vt 0.000000 0.000000
vt 0.000000 0.000000
vt 0.000000 0.000000
vt 0.000000 0.000000
vt 0.000000 0.000000
vt 0.000000 0.000000
vt 0.000000 0.000000
vt 0.000000 0.000000
vt 0.000000 0.000000
vt 0.000000 0.000000
vt 0.000000 0.000000
vt 0.000000 0.000000
vt 0.000000 0.000000
vt 0.000000 0.000000
vt 0.000000 0.000000
vt 0.000000 0.000000
vt 0.000000 0.000000
vt 0.000000 0.000000
vt 0.000000 0.000000
vt 0.000000 0.000000
vt 0.000000 0.000000
vt 0.000000 0.000000
vt 0.000000 0.000000
vt 0.000000 0.000000
vt 0.000000 0.000000
vt 0.000000 0.000000
vt 0.000000 0.000000
vt 0.000000 0.000000
vt 0.000000 0.000000
vt 0.000000 0.000000
vt 0.000000 0.000000
vt 0.000000 0.000000
vt 0.000000 0.000000
vt 0.000000 0.000000
vt 0.000000 0.000000
vt 0.000000 0.000000
vt 0.000000 0.000000
vt 0.000000 0.000000
vt 0.000000 0.000000
vt 0.000000 0.000000
vt 0.000000 0.000000
vt 0.000000 0.000000
vt 0.000000 0.000000
vt 0.000000 0.000000
vt 0.000000 0.000000
vt 0.000000 0.000000
vt 0.000000 0.000000
vt 0.000000 0.000000
vt 0.000000 0.000000
vt 0.000000 0.000000
vt 0.000000 0.000000
vt 0.000000 0.000000
vt 0.000000 0.000000
vt 0.000000 0.000000
vt 0.000000 0.000000
vt 0.000000 0.000000
vt 0.000000 0.000000
vt 0.000000 0.000000
vt 0.000000 0.000000
vt 0.000000 0.000000
vt 0.000000 0.000000
vt 0.000000 0.000000
vt 0.000000 0.000000
vt 0.000000 0.000000
vt 0.000000 0.000000
vt 0.000000 0.000000
vt 0.000000 0.000000
vt 0.000000 0.000000
vt 0.000000 0.000000
vt 0.000000 0.000000
vt 0.000000 0.000000
vt 0.000000 0.000000
vt 0.000000 0.000000
vt 0.000000 0.000000
vt 0.000000 0.000000
vt 0.000000 0.000000
vt 0.000000 0.000000
vt 0.000000 0.000000
vt 0.000000 0.000000
vt 0.000000 0.000000
vt 0.000000 0.000000
vt 0.000000 0.000000
vt 0.000000 0.000000
vt 0.000000 0.000000
vt 0.000000 0.000000
vt 0.000000 0.000000
vt 0.000000 0.000000
vt 0.000000 0.000000
vt 0.000000 0.000000
vt 0.000000 0.000000
vt 0.000000 0.000000
vt 0.000000 0.000000
vt 0.000000 0.000000
vt 0.000000 0.000000
vt 0.000000 0.000000
vt 0.000000 0.000000
vt 0.000000 0.000000
vt 0.000000 0.000000
vt 0.000000 0.000000
vt 0.000000 0.000000
vt 0.000000 0.000000
vt 0.000000 0.000000
vt 0.000000 0.000000
vt 0.000000 0.000000
vt 0.000000 0.000000
vt 0.000000 0.000000
vt 0.000000 0.000000
vt 0.000000 0.000000
vt 0.000000 0.000000
vt 0.000000 0.000000
vt 0.000000 0.000000
vt 0.000000 0.000000
vt 0.000000 0.000000
vt 0.000000 0.000000
vt 0.000000 0.000000
vt 0.000000 0.000000
vt 0.000000 0.000000
vt 0.000000 0.000000
vt 0.000000 0.000000
vt 0.000000 0.000000
vt 0.000000 0.000000
vt 0.000000 0.000000
vt 0.000000 0.000000
vt 0.000000 0.000000
vt 0.000000 0.000000
vt 0.000000 0.000000
vt 0.000000 0.000000
vt 0.000000 0.000000
vt 0.000000 0.000000
vt 0.000000 0.000000
vt 0.000000 0.000000
vt 0.000000 0.000000
vt 0.000000 0.000000
vt 0.000000 0.000000
vt 0.000000 0.000000
vt 0.000000 0.000000
vt 0.000000 0.000000
vt 0.000000 0.000000
vt 0.000000 0.000000
vt 0.000000 0.000000
vt 0.000000 0.000000
vt 0.000000 0.000000
vt 0.000000 0.000000
vt 0.000000 0.000000
vt 0.000000 0.000000
vt 0.000000 0.000000
vt 0.000000 0.000000
vt 0.000000 0.000000
vt 0.000000 0.000000
vt 0.000000 0.000000
vt 0.000000 0.000000
vt 0.000000 0.000000
vt 0.000000 0.000000
vt 0.000000 0.000000
vt 0.000000 0.000000
vt 0.000000 0.000000
vt 0.000000 0.000000
vt 0.000000 0.000000
vt 0.000000 0.000000
vt 0.000000 0.000000
vt 0.000000 0.000000
vt 0.000000 0.000000
vt 0.000000 0.000000
vt 0.000000 0.000000
vt 0.000000 0.000000
vt 0.000000 0.000000
vt 0.000000 0.000000
vt 0.000000 0.000000
vt 0.000000 0.000000
vt 0.000000 0.000000
vt 0.000000 0.000000
vt 0.000000 0.000000
vt 0.000000 0.000000
vt 0.000000 0.000000
vt 0.000000 0.000000
vt 0.000000 0.000000
vt 0.000000 0.000000
vt 0.000000 0.000000
vt 0.000000 0.000000
vt 0.000000 0.000000
vt 0.000000 0.000000
vt 0.000000 0.000000
vt 0.000000 0.000000
vt 0.000000 0.000000
vt 0.000000 0.000000
vt 0.000000 0.000000
vt 0.000000 0.000000
vt 0.000000 0.000000
vt 0.000000 0.000000
vt 0.000000 0.000000
vt 0.000000 0.000000
vt 0.000000 0.000000
vt 0.000000 0.000000
vt 0.000000 0.000000
vt 0.000000 0.000000
vt 0.000000 0.000000
vt 0.000000 0.000000
vt 0.000000 0.000000
vt 0.000000 0.000000
vt 0.000000 0.000000
vt 0.000000 0.000000
vt 0.000000 0.000000
vt 0.000000 0.000000
vt 0.000000 0.000000
vt 0.000000 0.000000
vt 0.000000 0.000000
vt 0.000000 0.000000
vt 0.000000 0.000000
vt 0.000000 0.000000
vt 0.000000 0.000000
vt 0.000000 0.000000
vt 0.000000 0.000000
vt 0.000000 0.000000
vt 0.000000 0.000000
vt 0.000000 0.000000
vt 0.000000 0.000000
vt 0.000000 0.000000
vt 0.000000 0.000000
vt 0.000000 0.000000
vt 0.000000 0.000000
vt 0.000000 0.000000
vt 0.000000 0.000000
vt 0.000000 0.000000
vt 0.000000 0.000000
vt 0.000000 0.000000
vt 0.000000 0.000000
vt 0.000000 0.000000
vt 0.000000 0.000000
vt 0.000000 0.000000
vt 0.000000 0.000000
vt 0.000000 0.000000
vt 0.000000 0.000000
vt 0.000000 0.000000
vt 0.000000 0.000000
vt 0.000000 0.000000
vt 0.000000 0.000000
vt 0.000000 0.000000
vt 0.000000 0.000000
vt 0.000000 0.000000
vt 0.000000 0.000000
vt 0.000000 0.000000
vt 0.000000 0.000000
vt 0.000000 0.000000
vt 0.000000 0.000000
vt 0.000000 0.000000
vt 0.000000 0.000000
vt 0.000000 0.000000
vt 0.000000 0.000000
vt 0.000000 0.000000
vt 0.000000 0.000000
vt 0.000000 0.000000
vt 0.000000 0.000000
vt 0.000000 0.000000
vt 0.000000 0.000000
vt 0.000000 0.000000
vt 0.000000 0.000000
vt 0.000000 0.000000
vt 0.000000 0.000000
vt 0.000000 0.000000
vt 0.000000 0.000000
vt 0.000000 0.000000
vt 0.000000 0.000000
vt 0.000000 0.000000
vt 0.000000 0.000000
vt 0.000000 0.000000
vt 0.000000 0.000000
vt 0.000000 0.000000
vt 0.000000 0.000000
vt 0.000000 0.000000
vt 0.000000 0.000000
vt 0.000000 0.000000
vt 0.000000 0.000000
vt 0.000000 0.000000
vt 0.000000 0.000000
vt 0.000000 0.000000
vt 0.000000 0.000000
vt 0.000000 0.000000
vt 0.000000 0.000000
vt 0.000000 0.000000
vt 0.000000 0.000000
vt 0.000000 0.000000
vt 0.000000 0.000000
vt 0.000000 0.000000
vt 0.000000 0.000000
vt 0.000000 0.000000
vt 0.000000 0.000000
vt 0.000000 0.000000
vt 0.000000 0.000000
vt 0.000000 0.000000
vt 0.000000 0.000000
vt 0.000000 0.000000
vt 0.000000 0.000000
vt 0.000000 0.000000
vt 0.000000 0.000000
vt 0.000000 0.000000
vt 0.000000 0.000000
vt 0.000000 0.000000
vt 0.000000 0.000000
vt 0.000000 0.000000
vt 0.000000 0.000000
vt 0.000000 0.000000
vt 0.000000 0.000000
vt 0.000000 0.000000
vt 0.000000 0.000000
vt 0.000000 0.000000
vt 0.000000 0.000000
vt 0.000000 0.000000
vt 0.000000 0.000000
vt 0.000000 0.000000
vt 0.000000 0.000000
vt 0.000000 0.000000
vt 0.000000 0.000000
vt 0.000000 0.000000
vt 0.000000 0.000000
vt 0.000000 0.000000
vt 0.000000 0.000000
vt 0.000000 0.000000
vt 0.000000 0.000000
vt 0.000000 0.000000
vt 0.000000 0.000000
vt 0.000000 0.000000
vt 0.000000 0.000000
vt 0.000000 0.000000
vt 0.000000 0.000000
vt 0.000000 0.000000
vt 0.000000 0.000000
vt 0.000000 0.000000
vt 0.000000 0.000000
vt 0.000000 0.000000
vt 0.000000 0.000000
vt 0.000000 0.000000
vt 0.000000 0.000000
vt 0.000000 0.000000
vt 0.000000 0.000000
vt 0.000000 0.000000
vt 0.000000 0.000000
vt 0.000000 0.000000
vt 0.000000 0.000000
vt 0.000000 0.000000
vt 0.000000 0.000000
vt 0.000000 0.000000
vt 0.000000 0.000000
vt 0.000000 0.000000
vt 0.000000 0.000000
vt 0.000000 0.000000
vt 0.000000 0.000000
vt 0.000000 0.000000
vt 0.000000 0.000000
vt 0.000000 0.000000
vt 0.000000 0.000000
vt 0.000000 0.000000
vt 0.000000 0.000000
vt 0.000000 0.000000
vt 0.000000 0.000000
vt 0.000000 0.000000
vt 0.000000 0.000000
vt 0.000000 0.000000
vt 0.000000 0.000000
vt 0.000000 0.000000
vt 0.000000 0.000000
vt 0.000000 0.000000
vt 0.000000 0.000000
vt 0.000000 0.000000
vt 0.000000 0.000000
vt 0.000000 0.000000
vt 0.000000 0.000000
vt 0.000000 0.000000
vt 0.000000 0.000000
vt 0.000000 0.000000
vt 0.000000 0.000000
vt 0.000000 0.000000
vt 0.000000 0.000000
vt 0.000000 0.000000
vt 0.000000 0.000000
vt 0.000000 0.000000
vt 0.000000 0.000000
vt 0.000000 0.000000
vt 0.000000 0.000000
vt 0.000000 0.000000
vt 0.000000 0.000000
vt 0.000000 0.000000
vt 0.000000 0.000000
vt 0.000000 0.000000
vt 0.000000 0.000000
vt 0.000000 0.000000
vt 0.000000 0.000000
vt 0.000000 0.000000
vt 0.000000 0.000000
vt 0.000000 0.000000
vt 0.000000 0.000000
vt 0.000000 0.000000
vt 0.000000 0.000000
vt 0.000000 0.000000
vt 0.000000 0.000000
vt 0.000000 0.000000
vt 0.000000 0.000000
vt 0.000000 0.000000
vt 0.000000 0.000000
vt 0.000000 0.000000
vt 0.000000 0.000000
vt 0.000000 0.000000
vt 0.000000 0.000000
vt 0.000000 0.000000
vt 0.000000 0.000000
vt 0.000000 0.000000
vt 0.000000 0.000000
vt 0.000000 0.000000
vt 0.000000 0.000000
vt 0.000000 0.000000
vt 0.000000 0.000000
vt 0.000000 0.000000
vt 0.000000 0.000000
vt 0.000000 0.000000
vt 0.000000 0.000000
vt 0.000000 0.000000
vt 0.000000 0.000000
vt 0.000000 0.000000
vt 0.000000 0.000000
vt 0.000000 0.000000
vt 0.000000 0.000000
vt 0.000000 0.000000
vt 0.000000 0.000000
vt 0.000000 0.000000
vt 0.000000 0.000000
vt 0.000000 0.000000
vt 0.000000 0.000000
vt 0.000000 0.000000
vt 0.000000 0.000000
vt 0.000000 0.000000
vt 0.000000 0.000000
vt 0.000000 0.000000
vt 0.000000 0.000000
vt 0.000000 0.000000
vt 0.000000 0.000000
vt 0.000000 0.000000
vt 0.000000 0.000000
vt 0.000000 0.000000
vt 0.000000 0.000000
vt 0.000000 0.000000
vt 0.000000 0.000000
vt 0.000000 0.000000
vt 0.000000 0.000000
vt 0.000000 0.000000
vt 0.000000 0.000000
vt 0.000000 0.000000
vt 0.000000 0.000000
vt 0.000000 0.000000
vt 0.000000 0.000000
vt 0.000000 0.000000
vt 0.000000 0.000000
vt 0.000000 0.000000
vt 0.000000 0.000000
vt 0.000000 0.000000
vt 0.000000 0.000000
vt 0.000000 0.000000
vt 0.000000 0.000000
vt 0.000000 0.000000
vt 0.000000 0.000000
vt 0.000000 0.000000
vt 0.000000 0.000000
vt 0.000000 0.000000
vt 0.000000 0.000000
vt 0.000000 0.000000
vt 0.000000 0.000000
vt 0.000000 0.000000
vt 0.000000 0.000000
vt 0.000000 0.000000
vt 0.000000 0.000000
vt 0.000000 0.000000
vt 0.000000 0.000000
vt 0.000000 0.000000
vt 0.000000 0.000000
vt 0.000000 0.000000
vt 0.000000 0.000000
vt 0.000000 0.000000
vt 0.000000 0.000000
vt 0.000000 0.000000
vt 0.000000 0.000000
vt 0.000000 0.000000
vt 0.000000 0.000000
vt 0.000000 0.000000
vt 0.000000 0.000000
vt 0.000000 0.000000
vt 0.000000 0.000000
vt 0.000000 0.000000
vt 0.000000 0.000000
vt 0.000000 0.000000
vt 0.000000 0.000000
vt 0.000000 0.000000
vt 0.000000 0.000000
vt 0.000000 0.000000
vt 0.000000 0.000000
vt 0.000000 0.000000
vt 0.000000 0.000000
vt 0.000000 0.000000
vt 0.000000 0.000000
vt 0.000000 0.000000
vt 0.000000 0.000000
vt 0.000000 0.000000
vt 0.000000 0.000000
vt 0.000000 0.000000
vt 0.000000 0.000000
vt 0.000000 0.000000
vt 0.000000 0.000000
vt 0.000000 0.000000
vt 0.000000 0.000000
vt 0.000000 0.000000
vt 0.000000 0.000000
vt 0.000000 0.000000
vt 0.000000 0.000000
vt 0.000000 0.000000
vt 0.000000 0.000000
vt 0.000000 0.000000
vt 0.000000 0.000000
vt 0.000000 0.000000
vt 0.000000 0.000000
vt 0.000000 0.000000
vt 0.000000 0.000000
vt 0.000000 0.000000
vt 0.000000 0.000000
vt 0.000000 0.000000
vt 0.000000 0.000000
vt 0.000000 0.000000
vt 0.000000 0.000000
vt 0.000000 0.000000
vt 0.000000 0.000000
vt 0.000000 0.000000
vt 0.000000 0.000000
vt 0.000000 0.000000
vt 0.000000 0.000000
vt 0.000000 0.000000
vt 0.000000 0.000000
vt 0.000000 0.000000
vt 0.000000 0.000000
vt 0.000000 0.000000
vt 0.000000 0.000000
vt 0.000000 0.000000
vt 0.000000 0.000000
vt 0.000000 0.000000
vt 0.000000 0.000000
vt 0.000000 0.000000
vt 0.000000 0.000000
vt 0.000000 0.000000
vt 0.000000 0.000000
vt 0.000000 0.000000
vt 0.000000 0.000000
vt 0.000000 0.000000
vt 0.000000 0.000000
vt 0.000000 0.000000
vt 0.000000 0.000000
vt 0.000000 0.000000
vt 0.000000 0.000000
vt 0.000000 0.000000
vt 0.000000 0.000000
vt 0.000000 0.000000
vt 0.000000 0.000000
vt 0.000000 0.000000
vt 0.000000 0.000000
vt 0.000000 0.000000
vt 0.000000 0.000000
vt 0.000000 0.000000
vt 0.000000 0.000000
vt 0.000000 0.000000
vt 0.000000 0.000000
vt 0.000000 0.000000
vt 0.000000 0.000000
vt 0.000000 0.000000
vt 0.000000 0.000000
vt 0.000000 0.000000
vt 0.000000 0.000000
vt 0.000000 0.000000
vt 0.000000 0.000000
vt 0.000000 0.000000
vt 0.000000 0.000000
vt 0.000000 0.000000
vt 0.000000 0.000000
vt 0.000000 0.000000
vt 0.000000 0.000000
vt 0.000000 0.000000
vt 0.000000 0.000000
vt 0.000000 0.000000
vt 0.000000 0.000000
vt 0.000000 0.000000
vt 0.000000 0.000000
vt 0.000000 0.000000
vt 0.000000 0.000000
vt 0.000000 0.000000
vt 0.000000 0.000000
vt 0.000000 0.000000
vt 0.000000 0.000000
vt 0.000000 0.000000
vt 0.000000 0.000000
vt 0.000000 0.000000
vt 0.000000 0.000000
vt 0.000000 0.000000
vt 0.000000 0.000000
vt 0.000000 0.000000
vt 0.000000 0.000000
vt 0.000000 0.000000
vt 0.000000 0.000000
vt 0.000000 0.000000
vt 0.000000 0.000000
vt 0.000000 0.000000
vt 0.000000 0.000000
vt 0.000000 0.000000
vt 0.000000 0.000000
vt 0.000000 0.000000
vt 0.000000 0.000000
vt 0.000000 0.000000
vt 0.000000 0.000000
vt 0.000000 0.000000
vt 0.000000 0.000000
vt 0.000000 0.000000
vt 0.000000 0.000000
vt 0.000000 0.000000
vt 0.000000 0.000000
vt 0.000000 0.000000
vt 0.000000 0.000000
vt 0.000000 0.000000
vt 0.000000 0.000000
vt 0.000000 0.000000
vt 0.000000 0.000000
vt 0.000000 0.000000
vt 0.000000 0.000000
vt 0.000000 0.000000
vt 0.000000 0.000000
vt 0.000000 0.000000
vt 0.000000 0.000000
vt 0.000000 0.000000
vt 0.000000 0.000000
vt 0.000000 0.000000
vt 0.000000 0.000000
vt 0.000000 0.000000
vt 0.000000 0.000000
vt 0.000000 0.000000
vt 0.000000 0.000000
vt 0.000000 0.000000
vt 0.000000 0.000000
vt 0.000000 0.000000
vt 0.000000 0.000000
vt 0.000000 0.000000
vt 0.000000 0.000000
vt 0.000000 0.000000
vt 0.000000 0.000000
vt 0.000000 0.000000
vt 0.000000 0.000000
vt 0.000000 0.000000
vt 0.000000 0.000000
vt 0.000000 0.000000
vt 0.000000 0.000000
vt 0.000000 0.000000
vt 0.000000 0.000000
vt 0.000000 0.000000
vt 0.000000 0.000000
vt 0.000000 0.000000
vt 0.000000 0.000000
vt 0.000000 0.000000
vt 0.000000 0.000000
vt 0.000000 0.000000
vt 0.000000 0.000000
vt 0.000000 0.000000
vt 0.000000 0.000000
vt 0.000000 0.000000
vt 0.000000 0.000000
vt 0.000000 0.000000
vt 0.000000 0.000000
vt 0.000000 0.000000
vt 0.000000 0.000000
vt 0.000000 0.000000
vt 0.000000 0.000000
vt 0.000000 0.000000
vt 0.000000 0.000000
vt 0.000000 0.000000
vt 0.000000 0.000000
vt 0.000000 0.000000
vt 0.000000 0.000000
vt 0.000000 0.000000
vt 0.000000 0.000000
vt 0.000000 0.000000
vt 0.000000 0.000000
vt 0.000000 0.000000
vt 0.000000 0.000000
vt 0.000000 0.000000
vt 0.000000 0.000000
vt 0.000000 0.000000
vt 0.000000 0.000000
vt 0.000000 0.000000
vt 0.000000 0.000000
vt 0.000000 0.000000
vt 0.000000 0.000000
vt 0.000000 0.000000
vt 0.000000 0.000000
vt 0.000000 0.000000
vt 0.000000 0.000000
vt 0.000000 0.000000
vt 0.000000 0.000000
vt 0.000000 0.000000
vt 0.000000 0.000000
vt 0.000000 0.000000
vt 0.000000 0.000000
vt 0.000000 0.000000
vt 0.000000 0.000000
vt 0.000000 0.000000
vt 0.000000 0.000000
vt 0.000000 0.000000
vt 0.000000 0.000000
vt 0.000000 0.000000
vt 0.000000 0.000000
vt 0.000000 0.000000
vt 0.000000 0.000000
vt 0.000000 0.000000
vt 0.000000 0.000000
vt 0.000000 0.000000
vt 0.000000 0.000000
vt 0.000000 0.000000
vt 0.000000 0.000000
vt 0.000000 0.000000
vt 0.000000 0.000000
vt 0.000000 0.000000
vt 0.000000 0.000000
vt 0.000000 0.000000
vt 0.000000 0.000000
vt 0.000000 0.000000
vt 0.000000 0.000000
vt 0.000000 0.000000
vt 0.000000 0.000000
vt 0.000000 0.000000
vt 0.000000 0.000000
vt 0.000000 0.000000
vt 0.000000 0.000000
vt 0.000000 0.000000
vt 0.000000 0.000000
vt 0.000000 0.000000
vt 0.000000 0.000000
vt 0.000000 0.000000
vt 0.000000 0.000000
vt 0.000000 0.000000
vt 0.000000 0.000000
vt 0.000000 0.000000
vt 0.000000 0.000000
vt 0.000000 0.000000
vt 0.000000 0.000000
vt 0.000000 0.000000
vt 0.000000 0.000000
vt 0.000000 0.000000
vt 0.000000 0.000000
vt 0.000000 0.000000
vt 0.000000 0.000000
vt 0.000000 0.000000
vt 0.000000 0.000000
vt 0.000000 0.000000
vt 0.000000 0.000000
vt 0.000000 0.000000
vt 0.000000 0.000000
vt 0.000000 0.000000
vt 0.000000 0.000000
vt 0.000000 0.000000
vt 0.000000 0.000000
vt 0.000000 0.000000
vt 0.000000 0.000000
vt 0.000000 0.000000
vt 0.000000 0.000000
vt 0.000000 0.000000
vt 0.000000 0.000000
vt 0.000000 0.000000
vt 0.000000 0.000000
vt 0.000000 0.000000
vt 0.000000 0.000000
vt 0.000000 0.000000
vt 0.000000 0.000000
vt 0.000000 0.000000
vt 0.000000 0.000000
vt 0.000000 0.000000
vt 0.000000 0.000000
vt 0.000000 0.000000
vt 0.000000 0.000000
vt 0.000000 0.000000
vt 0.000000 0.000000
vt 0.000000 0.000000
vt 0.000000 0.000000
vt 0.000000 0.000000
vt 0.000000 0.000000
vt 0.000000 0.000000
vt 0.000000 0.000000
vt 0.000000 0.000000
vt 0.000000 0.000000
vt 0.000000 0.000000
vt 0.000000 0.000000
vt 0.000000 0.000000
vt 0.000000 0.000000
vt 0.000000 0.000000
vt 0.000000 0.000000
vt 0.000000 0.000000
vt 0.000000 0.000000
vt 0.000000 0.000000
vt 0.000000 0.000000
vt 0.000000 0.000000
vt 0.000000 0.000000
vt 0.000000 0.000000
vt 0.000000 0.000000
vt 0.000000 0.000000
vt 0.000000 0.000000
vt 0.000000 0.000000
vt 0.000000 0.000000
vt 0.000000 0.000000
vt 0.000000 0.000000
vt 0.000000 0.000000
vt 0.000000 0.000000
vt 0.000000 0.000000
vt 0.000000 0.000000
vt 0.000000 0.000000
vt 0.000000 0.000000
vt 0.000000 0.000000
vt 0.000000 0.000000
vt 0.000000 0.000000
vt 0.000000 0.000000
vt 0.000000 0.000000
vt 0.000000 0.000000
vt 0.000000 0.000000
vt 0.000000 0.000000
vt 0.000000 0.000000
vt 0.000000 0.000000
vt 0.000000 0.000000
vt 0.000000 0.000000
vt 0.000000 0.000000
vt 0.000000 0.000000
vt 0.000000 0.000000
vt 0.000000 0.000000
vt 0.000000 0.000000
vt 0.000000 0.000000
vt 0.000000 0.000000
vt 0.000000 0.000000
vt 0.000000 0.000000
vt 0.000000 0.000000
vt 0.000000 0.000000
vt 0.000000 0.000000
vt 0.000000 0.000000
vt 0.000000 0.000000
vt 0.000000 0.000000
vt 0.000000 0.000000
vt 0.000000 0.000000
vt 0.000000 0.000000
vt 0.000000 0.000000
vt 0.000000 0.000000
vt 0.000000 0.000000
vt 0.000000 0.000000
vt 0.000000 0.000000
vt 0.000000 0.000000
vt 0.000000 0.000000
vt 0.000000 0.000000
vt 0.000000 0.000000
vt 0.000000 0.000000
vt 0.000000 0.000000
vt 0.000000 0.000000
vt 0.000000 0.000000
vt 0.000000 0.000000
vt 0.000000 0.000000
vt 0.000000 0.000000
vt 0.000000 0.000000
vt 0.000000 0.000000
vt 0.000000 0.000000
vt 0.000000 0.000000
vt 0.000000 0.000000
vt 0.000000 0.000000
vt 0.000000 0.000000
vt 0.000000 0.000000
vt 0.000000 0.000000
vt 0.000000 0.000000
vt 0.000000 0.000000
vt 0.000000 0.000000
vt 0.000000 0.000000
vt 0.000000 0.000000
vt 0.000000 0.000000
vt 0.000000 0.000000
vt 0.000000 0.000000
vt 0.000000 0.000000
vt 0.000000 0.000000
vt 0.000000 0.000000
vt 0.000000 0.000000
vt 0.000000 0.000000
vt 0.000000 0.000000
vt 0.000000 0.000000
vt 0.000000 0.000000
vt 0.000000 0.000000
vt 0.000000 0.000000
vt 0.000000 0.000000
vt 0.000000 0.000000
vt 0.000000 0.000000
vt 0.000000 0.000000
vt 0.000000 0.000000
vt 0.000000 0.000000
vt 0.000000 0.000000
vt 0.000000 0.000000
vt 0.000000 0.000000
vt 0.000000 0.000000
vt 0.000000 0.000000
vt 0.000000 0.000000
vt 0.000000 0.000000
vt 0.000000 0.000000
vt 0.000000 0.000000
vt 0.000000 0.000000
vt 0.000000 0.000000
vt 0.000000 0.000000
vt 0.000000 0.000000
vt 0.000000 0.000000
vt 0.000000 0.000000
vt 0.000000 0.000000
vt 0.000000 0.000000
vt 0.000000 0.000000
vt 0.000000 0.000000
vt 0.000000 0.000000
vt 0.000000 0.000000
vt 0.000000 0.000000
vt 0.000000 0.000000
vt 0.000000 0.000000
vt 0.000000 0.000000
vt 0.000000 0.000000
vt 0.000000 0.000000
vt 0.000000 0.000000
vt 0.000000 0.000000
vt 0.000000 0.000000
vt 0.000000 0.000000
vt 0.000000 0.000000
vt 0.000000 0.000000
vt 0.000000 0.000000
vt 0.000000 0.000000
vt 0.000000 0.000000
vt 0.000000 0.000000
vt 0.000000 0.000000
vt 0.000000 0.000000
vt 0.000000 0.000000
vt 0.000000 0.000000
vt 0.000000 0.000000
vt 0.000000 0.000000
vt 0.000000 0.000000
vt 0.000000 0.000000
vt 0.000000 0.000000
vt 0.000000 0.000000
vt 0.000000 0.000000
vt 0.000000 0.000000
vt 0.000000 0.000000
vt 0.000000 0.000000
vt 0.000000 0.000000
vt 0.000000 0.000000
vt 0.000000 0.000000
vt 0.000000 0.000000
vt 0.000000 0.000000
vt 0.000000 0.000000
vt 0.000000 0.000000
vt 0.000000 0.000000
vt 0.000000 0.000000
vt 0.000000 0.000000
vt 0.000000 0.000000
vt 0.000000 0.000000
vt 0.000000 0.000000
vt 0.000000 0.000000
vt 0.000000 0.000000
vt 0.000000 0.000000
vt 0.000000 0.000000
vt 0.000000 0.000000
vt 0.000000 0.000000
vt 0.000000 0.000000
vt 0.000000 0.000000
vt 0.000000 0.000000
vt 0.000000 0.000000
vt 0.000000 0.000000
vt 0.000000 0.000000
vt 0.000000 0.000000
vt 0.000000 0.000000
vt 0.000000 0.000000
vt 0.000000 0.000000
vt 0.000000 0.000000
vt 0.000000 0.000000
vt 0.000000 0.000000
vt 0.000000 0.000000
vt 0.000000 0.000000
vt 0.000000 0.000000
vt 0.000000 0.000000
vt 0.000000 0.000000
vt 0.000000 0.000000
vt 0.000000 0.000000
vt 0.000000 0.000000
vt 0.000000 0.000000
vt 0.000000 0.000000
vt 0.000000 0.000000
vt 0.000000 0.000000
vt 0.000000 0.000000
vt 0.000000 0.000000
vt 0.000000 0.000000
vt 0.000000 0.000000
vt 0.000000 0.000000
vt 0.000000 0.000000
vt 0.000000 0.000000
vt 0.000000 0.000000
vt 0.000000 0.000000
vt 0.000000 0.000000
vt 0.000000 0.000000
vt 0.000000 0.000000
vt 0.000000 0.000000
vt 0.000000 0.000000
vt 0.000000 0.000000
vt 0.000000 0.000000
vt 0.000000 0.000000
vt 0.000000 0.000000
vt 0.000000 0.000000
vt 0.000000 0.000000
vt 0.000000 0.000000
vt 0.000000 0.000000
vt 0.000000 0.000000
vt 0.000000 0.000000
vt 0.000000 0.000000
vt 0.000000 0.000000
vt 0.000000 0.000000
vt 0.000000 0.000000
vt 0.000000 0.000000
vt 0.000000 0.000000
vt 0.000000 0.000000
vt 0.000000 0.000000
vt 0.000000 0.000000
vt 0.000000 0.000000
vt 0.000000 0.000000
vt 0.000000 0.000000
vt 0.000000 0.000000
vt 0.000000 0.000000
vt 0.000000 0.000000
vt 0.000000 0.000000
vt 0.000000 0.000000
vt 0.000000 0.000000
vt 0.000000 0.000000
vt 0.000000 0.000000
vt 0.000000 0.000000
vt 0.000000 0.000000
vt 0.000000 0.000000
vt 0.000000 0.000000
vt 0.000000 0.000000
vt 0.000000 0.000000
vt 0.000000 0.000000
vt 0.000000 0.000000
vt 0.000000 0.000000
vt 0.000000 0.000000
vt 0.000000 0.000000
vt 0.000000 0.000000
vt 0.000000 0.000000
vt 0.000000 0.000000
vt 0.000000 0.000000
vt 0.000000 0.000000
vt 0.000000 0.000000
vt 0.000000 0.000000
vt 0.000000 0.000000
vt 0.000000 0.000000
vt 0.000000 0.000000
vt 0.000000 0.000000
vt 0.000000 0.000000
vt 0.000000 0.000000
vt 0.000000 0.000000
vt 0.000000 0.000000
vt 0.000000 0.000000
vt 0.000000 0.000000
vt 0.000000 0.000000
vt 0.000000 0.000000
vt 0.000000 0.000000
vt 0.000000 0.000000
vt 0.000000 0.000000
vt 0.000000 0.000000
vt 0.000000 0.000000
vt 0.000000 0.000000
vt 0.000000 0.000000
vt 0.000000 0.000000
vt 0.000000 0.000000
vt 0.000000 0.000000
vt 0.000000 0.000000
vt 0.000000 0.000000
vt 0.000000 0.000000
vt 0.000000 0.000000
vt 0.000000 0.000000
vt 0.000000 0.000000
vt 0.000000 0.000000
vt 0.000000 0.000000
vt 0.000000 0.000000
vt 0.000000 0.000000
vt 0.000000 0.000000
vt 0.000000 0.000000
vt 0.000000 0.000000
vt 0.000000 0.000000
vt 0.000000 0.000000
vt 0.000000 0.000000
vt 0.000000 0.000000
vt 0.000000 0.000000
vt 0.000000 0.000000
vt 0.000000 0.000000
vt 0.000000 0.000000
vt 0.000000 0.000000
vt 0.000000 0.000000
vt 0.000000 0.000000
vt 0.000000 0.000000
vt 0.000000 0.000000
vt 0.000000 0.000000
vt 0.000000 0.000000
vt 0.000000 0.000000
vt 0.000000 0.000000
vt 0.000000 0.000000
vt 0.000000 0.000000
vt 0.000000 0.000000
vt 0.000000 0.000000
vt 0.000000 0.000000
vt 0.000000 0.000000
vt 0.000000 0.000000
vt 0.000000 0.000000
vt 0.000000 0.000000
vt 0.000000 0.000000
vt 0.000000 0.000000
vt 0.000000 0.000000
vt 0.000000 0.000000
vt 0.000000 0.000000
vt 0.000000 0.000000
vt 0.000000 0.000000
vt 0.000000 0.000000
vt 0.000000 0.000000
vt 0.000000 0.000000
vt 0.000000 0.000000
vt 0.000000 0.000000
vt 0.000000 0.000000
vt 0.000000 0.000000
vt 0.000000 0.000000
vt 0.000000 0.000000
vt 0.000000 0.000000
vt 0.000000 0.000000
vt 0.000000 0.000000
vt 0.000000 0.000000
vt 0.000000 0.000000
vt 0.000000 0.000000
vt 0.000000 0.000000
vt 0.000000 0.000000
vt 0.000000 0.000000
vt 0.000000 0.000000
vt 0.000000 0.000000
vn 0.1115 -0.0000 0.9938
vn -0.1115 0.0000 -0.9938
vn -0.9938 0.0000 0.1115
vn 0.9938 0.0000 -0.1115
vn -0.0000 -1.0000 0.0000
vn 0.0000 1.0000 0.0000
vn 0.9996 0.0000 -0.0266
vn 0.9981 0.0129 -0.0596
vn 0.5379 0.8430 -0.0001
vn 0.8763 0.4775 -0.0642
vn 0.8307 0.5544 -0.0513
vn 0.9511 -0.3038 -0.0558
vn -0.0062 -1.0000 0.0020
vn 0.9904 0.0000 -0.1386
vn -0.9938 0.0003 0.1115
vn -0.9938 -0.0004 0.1115
vn -0.9938 -0.0001 0.1115
vn 0.0056 1.0000 -0.0020
vn 0.3482 0.0000 0.9374
vn 0.1115 -0.0288 0.9933
vn -0.3102 0.0000 -0.9507
vn -0.3618 -0.9321 -0.0190
vn -0.2088 -0.9777 0.0234
vn -0.2413 -0.9703 0.0174
vn 0.2383 0.9708 -0.0267
vn -0.9932 0.0342 0.1114
vn -0.9857 0.1341 0.1017
vn -0.9858 0.1339 0.1017
vn -0.9952 0.0134 0.0967
vn -0.9961 -0.0108 0.0878
vn 0.9938 0.0006 -0.1115
vn 0.9938 -0.0001 -0.1115
vn 0.9938 0.0001 -0.1115
vn -0.7186 0.0000 -0.6955
vn -0.7888 0.0145 -0.6145
vn 0.8387 0.0000 0.5446
vn 0.6150 -0.7855 -0.0690
vn 0.7309 -0.6809 -0.0466
vn -0.5555 0.8130 0.1744
vn 0.7559 0.0000 0.6547
vn 0.1107 -0.1208 0.9865
vn -0.1115 0.0001 -0.9938
vn -0.9938 0.0000 0.1114
vn -0.9262 0.3676 0.0836
vn 0.0287 0.9747 0.2215
vn 0.0303 -0.9985 0.0461
vn -0.1157 0.0000 -0.9933
vn 0.3579 -0.9336 -0.0181
vn 0.0310 -0.9350 0.3532
vn 0.0390 -0.9142 0.4033
vn 0.0413 -0.9074 0.4183
vn -0.9937 -0.0107 0.1115
vn -0.9996 -0.0035 0.0270
vn -0.1106 0.1279 -0.9856
vn -0.9927 -0.0457 0.1114
vn 0.5996 -0.0768 0.7966
vn -0.1100 0.1644 -0.9802
vn -0.0488 0.9976 -0.0497
vn 0.0923 0.9914 -0.0927
vn 0.0751 -0.9826 -0.1700
vn -0.0315 -0.9849 0.1703
vn 0.0325 0.7883 -0.6145
vn -0.3559 -0.8866 0.2956
vn 0.7387 0.6694 -0.0782
vn 0.0198 -0.9998 0.0083
vn -0.0215 0.9998 0.0018
vn 0.9966 -0.0105 -0.0820
vn 0.9967 0.0000 -0.0812
vn -0.9966 0.0484 0.0661
vn -0.9348 0.2086 0.2874
vn 0.6875 0.4888 -0.5370
vn 0.0005 -1.0000 0.0043
vn 0.0336 -0.9919 0.1223
vn -0.0782 0.7288 -0.6802
vn -0.0769 0.7238 -0.6857
vn 0.0781 0.0000 0.9969
vn 0.0892 0.1013 0.9909
vn 0.0772 0.7212 0.6884
vn -0.9938 -0.0008 0.1115
vn 0.9938 0.0002 -0.1114
vn 0.9930 -0.0840 -0.0831
vn 0.9989 -0.0313 -0.0339
vn 0.9942 0.0025 -0.1078
vn 0.9890 0.0000 -0.1477
vn -0.9938 0.0002 0.1115
vn 0.1114 0.0000 0.9938
vn -0.4868 -0.8731 0.0267
vn -0.4548 -0.8591 -0.2347
vn 0.4369 0.0000 0.8995
vn 0.1114 -0.0232 0.9935
vn 0.1473 -0.0191 0.9889
vn -0.0412 -0.9292 -0.3672
vn -0.0313 -0.9995 0.0035
vn 0.9938 0.0000 -0.1114
vn -0.9938 0.0001 0.1115
vn 0.9938 -0.0002 -0.1115
vn 0.9938 0.0002 -0.1115
vn 0.9864 0.1588 0.0415
vn 0.9902 0.1369 -0.0290
vn 0.9982 -0.0001 -0.0596
vn 0.0806 0.6910 0.7184
vn -0.4263 0.6287 0.6504
vn 0.1889 -0.9818 -0.0212
vn 0.2206 -0.9753 -0.0102
vn 0.1605 0.0000 -0.9870
vn -0.2863 0.6833 -0.6717
vn -0.0811 0.6860 -0.7231
vn 0.9982 -0.0010 -0.0596
vn 0.9982 0.0015 -0.0596
vn -0.9938 0.0016 0.1115
vn -0.9938 -0.0017 0.1115
vn -0.9938 0.0004 0.1115
vn -0.1456 0.0000 0.9893
vn -0.9047 0.2453 0.3483
vn -0.9938 0.0009 0.1115
vn -0.9937 0.0000 0.1119
vn -0.1537 0.9868 0.0518
vn 0.9132 0.2315 -0.3354
vn -0.8453 -0.2041 0.4938
vn 0.9937 0.0000 -0.1119
vn -0.9937 0.0000 0.1118
vn -0.9938 -0.0003 0.1115
vn 0.1595 0.0000 -0.9872
vn 0.1344 0.0000 -0.9909
vn -0.2228 0.9745 0.0250
vn -0.1872 0.9823 0.0082
vn 0.1898 -0.9816 -0.0213
vn 0.2193 -0.9756 -0.0101
vn -0.9466 0.2567 0.1952
vn -0.9571 0.2544 0.1384
vn 0.2823 0.0000 -0.9593
vn 0.8338 -0.5268 0.1651
vn -0.9440 0.0881 0.3181
vn 0.2644 -0.9640 -0.0297
vn 0.3158 -0.9487 -0.0159
vn 0.0146 0.0000 0.9999
vn 0.1114 0.0269 0.9934
vn 0.2814 -0.0151 -0.9595
vn -0.3151 0.9484 0.0353
vn -0.1114 0.0000 -0.9938
vn -0.1116 0.0000 -0.9938
vn -0.3001 0.9534 0.0309
vn -0.2795 0.0000 0.9602
vn -0.9937 0.0095 0.1115
vn -0.9946 0.0000 0.1041
vn 0.0079 -0.9975 0.0701
vn -0.9697 -0.2187 0.1088
vn -0.1112 0.0000 -0.9938
vn -0.1121 0.0000 -0.9937
vn 0.9935 0.0096 0.1130
vn 0.1122 -0.0000 0.9937
vn 0.9938 0.0005 -0.1115
vn 0.9938 -0.0011 -0.1115
vn 0.9938 0.0015 -0.1115
vn -0.9938 -0.0005 0.1115
vn -0.9938 0.0012 0.1115
vn -0.9938 -0.0007 0.1115
vn 0.9938 -0.0016 -0.1115
vn 0.9938 0.0004 -0.1115
vn -0.9938 -0.0009 0.1115
vn -0.1119 0.0000 -0.9937
vn 0.1113 0.0000 0.9938
vn 0.1116 0.0000 0.9938
vn 0.1118 0.0000 0.9937
vn -0.1113 0.0000 -0.9938
vn -0.1101 0.0000 -0.9939
vn 0.1142 0.0000 0.9935
vn 0.1121 0.0000 0.9937
vn -0.1104 0.0000 -0.9939
vn -0.1123 0.0000 -0.9937
vn 0.1112 0.0000 0.9938
vn 0.1116 0.0000 0.9937
vn 0.9908 0.0788 -0.1096
vn 0.9984 0.0000 -0.0558
vn 0.9940 0.0025 -0.1091
vn -0.9938 -0.0024 0.1115
vn -0.9938 0.0013 0.1115
vn -0.9938 0.0008 0.1115
vn -0.3518 -0.9353 0.0395
vn 0.0062 -0.9984 0.0557
vn -0.4301 0.0211 -0.9026
vn -0.1117 0.0000 -0.9937
vn 0.1108 0.0000 0.9938
vn 0.9938 0.0015 -0.1114
vn 0.9938 -0.0010 -0.1114
vn -0.9937 0.0015 0.1119
vn -0.9938 -0.0005 0.1116
vn -0.9937 0.0015 0.1118
vn 0.1110 0.0000 0.9938
vn 0.1117 0.0000 0.9937
vn 0.1109 0.0000 0.9938
vn 0.1111 0.0000 0.9938
vn 0.1119 0.0000 0.9937
vn 0.1124 -0.0000 0.9937
vn -0.1118 0.0000 -0.9937
vn -0.1120 0.0000 -0.9937
vn -0.1111 0.0000 -0.9938
vn -0.1114 -0.0001 -0.9938
vn -0.1115 -0.0001 -0.9938
vn 0.9939 0.0000 -0.1102
vn 0.9939 0.0000 -0.1100
vn 0.9939 -0.0000 -0.1099
vn 0.9940 -0.0000 -0.1098
vn 0.9939 0.0000 -0.1101
vn -0.9937 0.0000 0.1120
vn -0.9937 0.0000 0.1117
vn 0.1114 0.0001 0.9938
vn 0.1118 -0.0004 0.9937
vn 0.1116 0.0001 0.9938
vn 0.1114 -0.0002 0.9938
vn -0.1114 0.0002 -0.9938
vn -0.1116 -0.0002 -0.9938
vn -0.9938 0.0000 0.1112
vn -0.9938 0.0000 0.1113
vn 0.9937 0.0000 -0.1116
vn 0.9937 0.0000 -0.1117
vn 0.1115 -0.0001 0.9938
vn 0.1115 0.0001 0.9938
vn 0.1115 -0.0002 0.9938
vn 0.1114 -0.0001 0.9938
vn 0.1120 0.0000 0.9937
vn 0.1115 0.0002 0.9938
vn -0.1115 -0.0002 -0.9938
vn -0.1115 0.0002 -0.9938
vn 0.9937 0.0000 -0.1118
vn 0.0000 1.0000 0.0001
vn -0.9938 0.0000 0.1116
vn 0.9938 -0.0010 -0.1115
vn 0.9938 0.0010 -0.1115
vn 0.9938 0.0000 -0.1110
vn -0.9938 -0.0021 0.1115
vn 0.9919 -0.0159 -0.1262
vn 0.9938 0.0022 -0.1115
vn 0.9938 -0.0022 -0.1115
vn -0.9948 0.0053 0.1019
vn -0.9930 0.0058 0.1176
vn 0.9938 0.0010 -0.1114
vn -0.9938 -0.0022 0.1114
vn -0.9938 0.0020 0.1115
vn 0.0213 0.9439 -0.3296
vn -0.1106 -0.0489 -0.9927
vn -0.1105 -0.0489 -0.9927
vn -0.0751 0.0516 0.9958
vn 0.1112 0.0546 0.9923
vn -0.9953 0.0060 0.0969
vn -0.1105 0.0000 -0.9939
vn -0.1124 -0.0000 -0.9937
vn -0.0228 -0.9790 -0.2026
vn 0.1105 -0.0000 0.9939
vn 0.9938 -0.0018 -0.1115
vn 0.9938 0.0021 -0.1115
vn -0.9938 -0.0022 0.1115
vn 0.9726 -0.2054 -0.1091
vn 0.9984 -0.0044 -0.0562
vn -0.9928 0.0079 0.1193
vn -0.9938 -0.0002 0.1115
vn 0.9862 -0.1231 -0.1106
vn 0.9954 -0.0178 -0.0940
vn 0.9938 0.0000 -0.1116
vn 0.9938 -0.0001 -0.1114
vn 0.9938 0.0003 -0.1115
vn 0.9981 -0.0040 -0.0607
vn 0.9938 -0.0003 -0.1115
vn -0.9932 0.0052 0.1166
vn -0.1117 -0.0658 -0.9916
vn -0.0751 0.0751 0.9943
vn 0.1113 0.0771 0.9908
vn 0.1111 0.0659 0.9916
vn -0.1113 -0.0442 -0.9928
vn -0.9937 0.0078 0.1115
vn -0.1092 -0.0695 -0.9916
vn 0.1095 0.0762 0.9911
vn 0.1097 0.0631 0.9920
vn 0.9937 -0.0000 -0.1123
vn 0.9937 -0.0000 -0.1124
vn -0.9937 -0.0000 0.1124
vn -0.9937 -0.0000 0.1123
vn -0.1110 -0.0000 -0.9938
vn -0.1109 0.0000 -0.9938
vn 0.1115 -0.0003 0.9938
vn -0.1115 -0.0003 -0.9938
vn -0.1116 0.0000 -0.9937
vn -0.1114 -0.0003 -0.9938
vn -0.1115 0.0003 -0.9938
vn 0.0000 -1.0000 0.0001
vn 0.9937 0.0000 -0.1120
vn -0.9939 0.0000 0.1101
vn 0.1114 0.0003 0.9938
vn 0.0000 -1.0000 -0.0001
vn -0.9940 0.0000 0.1095
vn -0.9941 -0.0026 0.1083
vn -0.9940 -0.0026 0.1098
vn -0.9940 -0.0003 0.1093
vn -0.9940 -0.0034 0.1093
vn 0.9938 -0.0009 -0.1115
vn 0.9938 0.0011 -0.1115
vn 0.9938 0.0019 -0.1115
vn 0.9938 -0.0015 -0.1115
vn -0.9940 -0.0024 0.1089
vn -0.9941 -0.0025 0.1089
vn -0.9940 -0.0044 0.1094
vn 0.9867 -0.1310 -0.0966
vn 0.9997 -0.0006 0.0256
vn -0.9725 -0.1036 0.2086
vn -0.9940 -0.0032 0.1094
vn -0.9940 -0.0009 0.1093
vn 0.9938 0.0000 -0.1111
vn -0.9938 0.0000 0.1110
vn -0.9955 0.0190 0.0924
vn 0.9801 -0.1651 -0.1099
vn 0.9998 -0.0005 0.0221
vn 0.9998 0.0000 0.0197
vn -0.9871 0.1200 0.1059
vn 0.9956 -0.0181 -0.0919
vn -0.9793 0.1699 0.1098
vn -0.9997 -0.0041 -0.0249
vn 0.9938 0.0020 -0.1115
vn 0.9938 -0.0014 -0.1114
vn -0.6832 0.0000 -0.7302
vn -0.7630 0.0146 -0.6462
vn 0.7558 0.0000 0.6548
vn 0.6283 -0.7747 -0.0705
vn 0.7381 -0.6730 -0.0479
vn 0.7839 0.0000 0.6209
vn 0.7256 -0.0163 0.6879
vn -0.7180 0.0000 -0.6961
vn -0.7870 0.0148 -0.6168
vn -0.7121 0.6976 0.0799
vn -0.6427 0.7654 0.0327
vn 0.6192 -0.7822 -0.0695
vn 0.7284 -0.6835 -0.0462
vn -0.9803 0.0000 -0.1975
vn -0.9837 0.0041 -0.1797
vn 0.9829 0.0000 0.1843
vn 0.9816 -0.0043 0.1907
vn 0.9746 -0.2127 -0.0708
vn -0.9640 0.2430 0.1081
vn -0.9525 0.2910 0.0903
vn 0.9858 0.0000 0.1677
vn 0.2069 -0.4337 0.8770
vn -0.9839 0.0000 -0.1786
vn -0.9861 0.0037 -0.1659
vn -0.9629 0.2472 0.1080
vn -0.9498 0.2999 0.0895
vn 0.9436 -0.3138 -0.1059
vn 0.9666 -0.2381 -0.0944
vn 0.0182 0.9867 0.1618
vn -0.0163 0.9859 0.1665
vn 0.0750 -0.1636 -0.9837
vn -0.9897 0.0032 -0.1434
vn 0.9364 -0.3349 -0.1050
vn -0.0178 -0.9872 -0.1585
vn 0.9960 0.0000 -0.0897
vn 0.9914 0.0694 -0.1112
vn -0.9995 -0.0174 0.0280
vn 0.0184 0.9863 0.1638
vn 0.9906 -0.0799 -0.1111
vn -0.9884 -0.0034 0.1515
vn -0.9895 0.0000 0.1445
vn 0.9864 -0.1299 -0.1002
vn -0.9821 0.1527 0.1101
vn -0.0364 0.9445 -0.3266
vn -0.9990 0.0000 -0.0451
vn -0.9992 0.0009 -0.0390
vn 0.9938 -0.0012 -0.1115
vn 0.9938 0.0014 -0.1115
vn -0.4736 0.8807 0.0084
vn -0.9118 0.3978 0.1023
vn 0.9938 0.0007 -0.1115
vn -0.1904 0.9815 0.0214
vn 0.8386 0.0000 0.5447
vn -0.7871 -0.6105 0.0883
vn 0.0068 -0.9981 0.0608
vn -0.3930 -0.9185 0.0441
vn 0.6244 -0.7805 -0.0300
vn 0.9929 0.0000 0.1185
vn 0.9953 0.0383 -0.0893
vn -0.9958 0.0000 0.0915
vn -0.9925 0.0502 0.1113
vn -0.1091 0.0000 -0.9940
vn -0.1127 0.0000 -0.9936
vn 0.0019 -0.9998 0.0174
vn 0.9982 0.0000 -0.0595
vn 0.9982 0.0009 -0.0596
vn 0.9982 -0.0015 -0.0596
vn -0.9799 -0.0743 0.1852
vn 0.4578 0.8876 -0.0513
vn -0.8808 -0.0373 -0.4720
vn -0.9938 0.0007 0.1115
vn 0.9723 -0.1336 -0.1919
vn 0.8859 0.0338 0.4627
vn 0.8571 0.5125 -0.0527
vn 0.6840 0.7255 -0.0767
vn -0.9938 -0.0010 0.1115
vn -0.2627 0.0000 -0.9649
vn 0.9843 0.0912 -0.1508
vn 0.9982 0.0000 -0.0596
vn 0.9982 0.0003 -0.0596
vn 0.9982 0.0000 -0.0599
vn 0.8745 0.0164 0.4848
vn 0.8525 0.5201 -0.0525
vn 0.6777 0.7314 -0.0760
vn -0.2686 0.0000 -0.9633
vn 0.2371 0.9711 -0.0266
vn 0.3102 0.0000 0.9507
vn -0.3085 0.0000 -0.9512
vn 0.2109 0.9774 -0.0156
vn -0.2400 -0.9706 0.0173
vn -0.2096 -0.9775 0.0235
vn -0.5690 -0.8213 0.0423
vn -0.0449 0.9944 0.0955
vn 0.1109 -0.0888 0.9899
vn 0.5897 0.0000 0.8076
vn -0.0634 0.0000 -0.9980
vn -0.5652 0.0359 -0.8242
vn -0.5652 -0.8242 0.0363
vn -0.4303 -0.9014 0.0483
vn -0.4323 0.0097 -0.9017
vn 0.4402 0.0000 0.8979
vn -0.5611 -0.8270 0.0360
vn -0.4176 -0.9074 0.0468
vn 0.4291 0.9028 -0.0284
vn 0.5418 0.8383 -0.0608
vn 0.1115 -0.0439 0.9928
vn 0.5789 0.0000 0.8154
vn -0.5722 0.0000 -0.8201
vn -0.5721 0.0000 -0.8202
vn -0.5545 -0.8314 0.0357
vn -0.4212 -0.9057 0.0472
vn -0.9755 -0.1909 0.1094
vn -1.0000 0.0000 -0.0082
vn 0.9927 0.0141 -0.1195
vn -0.9719 -0.2135 0.0991
vn 0.5721 0.8181 -0.0583
vn 0.1113 -0.1160 0.9870
vn 0.9919 0.0000 0.1268
vn 0.5706 0.0000 0.8212
vn -0.1100 0.0966 -0.9892
vn 0.9928 0.0066 -0.1200
vn -0.9712 -0.2169 0.0990
vn 0.1118 -0.0551 0.9922
vn 0.9915 0.0000 0.1302
vn -0.9938 -0.0016 0.1115
vn 0.9982 0.0006 -0.0596
vn 0.9324 0.0304 0.3603
vn 0.9051 0.4227 -0.0459
vn -0.9899 -0.1289 0.0592
vn 0.9997 0.0024 -0.0230
vn -0.4999 -0.0584 -0.8641
vn -0.5104 -0.8591 0.0390
vn 0.9930 -0.0068 -0.1179
vn -0.9913 -0.0668 0.1134
vn 0.9839 0.0000 0.1789
vn -0.9932 -0.0053 0.1167
vn -0.8034 -0.0208 -0.5951
vn 0.9256 0.0146 0.3783
vn 0.9033 0.4264 -0.0464
vn -0.9893 -0.1333 0.0592
vn 0.9997 0.0011 -0.0231
vn -0.4578 -0.0278 -0.8886
vn -0.4687 -0.8798 0.0785
vn 0.9679 0.2302 -0.1013
vn -0.3482 0.0000 -0.9374
vn 0.3505 -0.0000 0.9366
vn 0.2711 0.9624 -0.0191
vn 0.3341 0.9418 -0.0375
vn -0.4414 0.0000 -0.8973
vn -0.4415 0.0000 -0.8973
vn 0.2694 0.9628 -0.0190
vn 0.3368 0.9408 -0.0378
vn -0.3404 -0.9400 0.0232
vn -0.2673 -0.9632 0.0300
vn -0.0730 -0.0024 -0.9973
vn 0.0072 0.9979 0.0643
vn 0.9896 0.0912 -0.1110
vn 0.8622 -0.0083 0.5065
vn 0.7826 0.0000 -0.6225
vn -0.9997 -0.0024 0.0230
vn -0.9501 0.0000 0.3121
vn 0.0065 0.9983 0.0576
vn 0.8174 0.5688 -0.0917
vn -0.0729 -0.0011 -0.9973
vn 0.7854 0.0224 0.6186
vn 0.9932 0.1001 -0.0595
vn -0.0042 -0.9983 -0.0579
vn 0.0070 0.9980 0.0623
vn 0.9893 0.0944 -0.1110
vn 0.8576 -0.0038 0.5142
vn -0.9983 0.0026 -0.0579
vn -0.9998 -0.0009 0.0183
vn -0.9654 0.0000 0.2608
vn 0.0062 0.9984 0.0558
vn 0.8107 0.5784 -0.0909
vn 0.2793 0.9572 -0.0751
vn -0.7294 -0.6792 0.0818
vn -0.9937 -0.0124 0.1115
vn -0.9945 0.0000 0.1050
vn 0.9954 -0.0135 -0.0948
vn 0.9949 0.0000 -0.1010
vn -0.9716 -0.2208 0.0846
vn 0.9554 -0.2835 -0.0831
vn 0.9890 0.0000 0.1478
vn 0.9890 0.0000 0.1479
vn 0.8987 0.4296 -0.0877
vn 0.9643 0.2418 -0.1082
vn 0.9420 -0.0474 -0.3321
vn -0.9091 0.0462 -0.4141
vn -0.9930 -0.0061 0.1175
vn -0.9938 0.0000 0.1109
vn 0.9930 0.0201 -0.1166
vn 0.9979 -0.0369 -0.0542
vn 0.8769 0.4744 -0.0779
vn 0.0513 -0.9987 0.0000
vn 0.0608 0.0503 0.9969
vn -0.8959 0.0000 -0.4443
vn 0.0068 0.9981 0.0608
vn -0.0468 0.9966 0.0677
vn 0.0079 0.0511 -0.9987
vn -0.1124 0.0517 -0.9923
vn 0.0333 0.7473 0.6637
vn -0.1161 0.7398 0.6628
vn 0.0577 -0.7427 0.6672
vn -0.0288 -0.7495 -0.6614
vn -0.0429 -0.7502 -0.6598
vn 0.0091 -0.6247 -0.7808
vn -0.1767 0.7358 0.6538
vn -0.9940 0.0020 0.1097
vn 0.9947 -0.0792 -0.0652
vn 0.2334 -0.7152 -0.6588
vn -0.0564 0.6832 -0.7281
vn 0.0183 0.7494 0.6619
vn -0.1580 0.9344 -0.3194
vn -0.4725 0.8809 0.0291
vn 0.0284 0.9083 0.4173
vn 0.9684 -0.2123 0.1309
vn 0.9591 0.0000 0.2831
vn -0.9939 0.0000 0.1103
vn -0.1014 0.3343 -0.9370
vn 0.3148 -0.9487 -0.0300
vn 0.3429 0.9059 -0.2484
vn 0.9459 -0.3155 -0.0753
vn -0.1134 -0.8376 0.5344
vn -0.2303 0.9338 0.2737
vn -0.4626 0.1407 -0.8754
vn 0.5064 -0.5841 -0.6343
vn -0.4523 -0.8904 0.0507
vn -0.4370 -0.8966 0.0722
vn -0.0105 0.9977 -0.0676
vn 0.0819 0.5161 0.8526
vn -0.0043 0.5877 -0.8090
vn -0.5376 0.8410 0.0603
vn -0.9930 -0.0398 0.1114
vn 0.9660 -0.2462 -0.0791
vn 0.5017 -0.1263 0.8558
vn -0.4088 0.9120 0.0335
vn 0.1220 -0.9807 -0.1528
vn 0.0620 0.7767 0.6268
vn 0.2117 -0.9441 -0.2526
vn 0.0634 -0.9873 0.1456
vn 0.5313 -0.8458 -0.0485
vn 0.0996 -0.5242 -0.8458
vn 0.0658 0.7459 0.6628
vn -0.0634 -0.4144 -0.9079
vn 0.6374 0.3028 -0.7085
vn -0.4186 -0.9064 0.0573
vn -0.0482 -0.9019 -0.4293
vn 0.0109 -0.9847 -0.1740
vn -0.9484 0.0410 0.3145
vn 0.4938 0.8686 -0.0406
vn -0.3155 0.9485 0.0290
vn 0.2607 0.9546 -0.1444
vn -0.9454 0.3219 0.0515
vn 0.6043 -0.7847 0.1381
vn 0.0007 0.9981 0.0613
vn 0.2192 0.9690 0.1136
vn -0.5427 0.7967 -0.2660
vn -0.4496 -0.8922 0.0419
vn 0.9937 0.0000 -0.1122
vn -0.0908 -0.9956 0.0224
vn -0.4099 -0.3017 -0.8608
vn -0.3269 0.9447 0.0244
vn -0.1378 0.9790 0.1503
vn -0.7640 -0.6422 0.0619
vn 0.8753 -0.2729 -0.3992
vn -0.1603 0.9870 0.0054
vn 0.4299 0.1322 -0.8931
vn 0.1094 0.1854 0.9765
vn -0.1649 -0.9843 0.0627
vn -0.9881 -0.1063 0.1111
vn -0.9882 -0.1060 0.1109
vn -0.9882 -0.1059 0.1108
vn 0.9132 -0.3944 -0.1023
vn 0.9132 -0.3945 -0.1023
vn 0.8627 0.4964 -0.0966
vn -0.5349 -0.5811 0.6134
vn -0.5318 -0.5835 0.6138
vn -0.5317 -0.5835 0.6139
vn 0.4187 -0.6887 0.5919
vn -0.8260 0.2703 -0.4946
vn -0.8262 0.2702 -0.4944
vn -0.8261 0.2703 -0.4945
vn 0.0188 -0.9874 0.1571
vn 0.0176 -0.9874 0.1572
vn 0.2910 -0.2144 -0.9324
vn 0.2910 -0.2145 -0.9324
vn -0.1207 -0.0345 -0.9921
vn 0.9917 0.0897 -0.0925
vn -0.8257 0.2032 -0.5262
vn 0.1003 -0.4376 0.8935
vn -0.0013 0.9999 -0.0113
vn -0.0052 0.9999 0.0136
vn -0.7117 -0.3077 -0.6316
vn 0.0426 0.8995 0.4348
vn 0.0692 0.7747 0.6286
vn -0.7827 0.3658 -0.5035
vn 0.2063 0.9779 -0.0349
vn -0.0981 0.4320 -0.8965
vn 0.9962 0.0000 -0.0870
vn 0.0961 0.0000 0.9954
vn -0.1113 -0.0002 -0.9938
vn 0.6268 -0.7770 -0.0578
vn 0.7159 0.3062 0.6275
vn 0.2846 -0.1981 -0.9380
vn -0.0006 -0.9990 -0.0448
vn -0.8865 -0.4518 0.0994
vn 0.8848 0.4533 -0.1078
vn -0.0386 0.6004 0.7988
vn -0.0052 -0.9915 -0.1298
vn 0.1116 -0.0001 0.9937
vn 0.0002 1.0000 -0.0001
vn -0.6701 -0.3144 -0.6724
vn -0.0807 -0.9963 -0.0301
vn 0.0749 0.9251 -0.3722
vn -0.1870 -0.9819 0.0311
vn -0.9983 -0.0004 0.0584
vn -0.0003 1.0000 -0.0013
vn 0.1146 -0.0031 0.9934
vn 0.0594 -0.9982 -0.0058
vn 0.6710 0.3141 0.6716
vn -0.0699 -0.0612 -0.9957
vn 0.8949 0.4309 -0.1160
vn -0.0256 0.6138 0.7891
vn -0.5396 -0.7766 0.3253
vn 0.9939 0.0000 -0.1103
vn 0.1031 -0.2732 0.9564
vn 0.9933 0.0319 -0.1114
vn -0.0513 0.9987 0.0000
vn -0.0512 0.9987 -0.0000
vn -0.1511 0.8998 -0.4092
vn -0.2313 0.9506 0.2071
vn 0.9553 0.2898 -0.0579
vn 0.6648 -0.7453 0.0511
vn 0.0535 -0.8775 0.4766
vn 0.1683 -0.9765 0.1343
vn -0.1555 0.9800 -0.1241
vn -0.1365 0.9858 0.0974
vn -0.1697 0.9761 0.1357
vn 0.1306 0.9859 0.1042
vn -0.2556 0.8150 -0.5201
vn -0.4879 0.7068 0.5122
vn 0.5354 0.8220 -0.1939
vn -0.2510 0.9470 -0.2005
vn -0.2130 0.9592 0.1858
vn -0.2979 0.9110 0.2851
vn 0.1107 0.9899 0.0884
vn -0.5493 -0.5552 0.6245
vn -0.1576 0.8462 -0.5091
vn -0.5588 -0.4981 0.6631
vn 0.1237 0.9874 0.0987
vn 0.4722 -0.8192 -0.3256
vn 0.1763 0.9638 0.2002
vn -0.2342 0.9541 -0.1869
vn 0.1813 -0.6711 0.7189
vn -0.4571 0.8093 -0.3688
vn -0.1425 0.5043 0.8517
vn 0.7480 -0.0652 0.6605
vn -0.9821 -0.1756 -0.0680
vn 0.0000 -0.9988 0.0494
vn -0.0754 0.1838 0.9801
vn -0.2426 -0.9506 -0.1936
vn -0.6540 -0.3318 0.6799
vn 0.0000 0.9988 -0.0494
vn -0.6897 -0.1562 0.7070
vn 0.9438 0.3083 -0.1189
vn 0.0000 0.9988 -0.0495
vn -0.0369 0.8039 -0.5937
vn -0.0631 0.0000 -0.9980
vn -0.9997 0.0000 -0.0259
vn -0.0250 0.0000 0.9997
vn 0.9935 0.0227 -0.1115
vn 0.9977 0.0317 -0.0597
vn -0.1114 -0.0367 -0.9931
vn -0.0616 -0.0283 -0.9977
vn -0.9933 -0.0296 0.1114
vn -0.9872 0.0000 -0.1592
vn -0.1182 0.0302 0.9925
vn 0.9822 -0.1520 -0.1102
vn 0.9954 0.0000 -0.0955
vn -0.1769 0.7970 0.5775
vn -0.0630 0.0000 -0.9980
vn -0.9982 0.0000 0.0596
vn -0.9975 0.0327 -0.0631
vn 0.0647 -0.0346 0.9973
vn -0.0564 0.0000 0.9984
vn 0.0512 -0.9987 -0.0000
vn 0.1364 -0.9859 -0.0974
vn -0.9544 0.0000 0.2986
vn -0.0560 0.0000 0.9984
vn -0.0615 -0.0279 -0.9977
vn -0.9925 0.0504 0.1113
vn -0.8590 0.0000 0.5120
vn -0.9480 0.0000 0.3183
vn -0.9294 -0.0153 0.3688
vn 0.1079 -0.0411 0.9933
vn -0.1176 0.0000 0.9931
vn 0.2129 -0.9592 -0.1857
vn 0.9974 0.0000 -0.0721
vn 0.0596 0.0000 -0.9982
vn 0.0595 0.0000 -0.9982
vn -0.8495 0.0000 0.5276
vn 0.2446 0.0000 0.9696
vn 0.4980 -0.1058 -0.8607
vn -0.1114 -0.0273 -0.9934
vn -0.0617 -0.0275 -0.9977
vn -0.9840 0.1398 0.1103
vn -0.5481 0.0000 0.8364
vn 0.7974 0.0000 -0.6035
vn 0.7973 0.0000 -0.6035
vn 0.2565 0.0860 -0.9627
vn -0.7312 -0.1548 0.6644
vn -0.1443 0.0000 0.9895
vn 0.1872 -0.9563 -0.2248
vn -0.1167 -0.8720 -0.4754
vn -0.2322 0.0000 0.9727
vn 0.2970 0.9519 0.0747
vn 0.5723 -0.8175 -0.0642
vn 0.8949 -0.4396 -0.0766
vn -0.0193 -0.9850 -0.1718
vn -0.3969 0.0000 0.9179
vn 0.9936 0.0163 -0.1114
vn -0.9688 -0.2185 0.1172
vn 0.8870 0.0105 -0.4617
vn 0.0751 0.0225 -0.9969
vn 0.1898 -0.8651 0.4644
vn -0.9940 -0.0024 0.1093
vn -0.9940 -0.0026 0.1093
vn -0.0751 -0.0225 0.9969
vn -0.0751 -0.0226 0.9969
vn 0.9936 0.0189 -0.1114
vn -0.9770 0.0000 -0.2131
vn -0.9940 -0.0025 0.1093
vn 0.7011 -0.0981 -0.7063
vn -0.4830 0.8747 0.0400
vn -0.0033 0.9999 -0.0136
vn -0.0519 0.9986 -0.0100
vn 0.9977 0.0000 -0.0678
vn 0.9973 0.0307 -0.0673
vn -0.2761 -0.9601 0.0452
vn -0.8808 0.4712 0.0459
vn -0.0604 -0.0477 -0.9970
vn 0.5544 0.0000 -0.8322
vn -0.7788 -0.0279 -0.6266
vn -0.9934 -0.0254 0.1114
vn 0.0126 0.0000 0.9999
vn -0.5852 0.0362 0.8101
vn -0.9882 0.0000 -0.1531
vn 0.9982 0.0027 -0.0595
vn 0.6106 0.0000 -0.7919
vn -0.9981 -0.0178 0.0595
vn -0.9936 -0.0171 0.1114
vn 0.8098 -0.0257 0.5862
vn -0.6365 0.0228 0.7709
vn 0.9982 0.0000 -0.0594
vn -0.0287 -0.0462 -0.9985
vn 0.6736 0.0000 -0.7391
vn 0.5929 0.0070 0.8052
vn -0.9938 0.0051 0.1114
vn -0.7887 0.0000 0.6148
vn -0.6836 -0.0080 0.7298
vn -0.0638 -0.0006 -0.9980
vn -0.0472 0.0000 -0.9989
vn -0.9985 0.0000 -0.0542
vn -0.9938 -0.0054 0.1109
vn 0.0515 0.0000 0.9987
vn 0.0517 0.0000 0.9987
vn -0.0630 0.0003 -0.9980
vn -0.0717 0.0000 -0.9974
vn 0.8593 -0.0224 0.5110
vn -0.9938 0.0024 0.1109
vn -0.8313 0.0000 0.5558
vn 0.0813 -0.0436 0.9957
vn 0.8015 -0.0083 -0.5979
vn 0.8865 0.0000 -0.4627
vn -0.9998 0.0121 0.0175
vn -0.9991 0.0104 0.0400
vn 0.0630 0.0000 0.9980
vn 0.1264 -0.0021 0.9920
vn 0.8078 -0.0148 -0.5893
vn 0.9474 0.0000 -0.3199
vn -0.8326 0.0000 0.5539
vn -0.9936 0.0181 0.1114
vn -0.9583 0.0000 0.2857
vn -0.9583 0.0000 0.2858
vn -0.0634 0.0029 -0.9980
vn -0.4300 0.0000 -0.9029
vn 0.9710 -0.0272 0.2374
vn 0.9474 -0.0253 0.3190
vn -0.8031 0.0000 0.5958
vn -0.9959 0.0279 0.0859
vn -0.0630 0.0038 -0.9980
vn -0.9732 0.0000 0.2299
vn 0.9538 -0.0464 0.2967
vn -0.9933 0.0337 0.1106
vn -0.8058 0.0000 0.5922
vn 0.8259 -0.0021 -0.5639
vn 0.9982 -0.0031 -0.0595
vn 0.9982 -0.0031 -0.0596
vn -0.0634 0.0047 -0.9980
vn -0.9879 0.0081 0.1549
vn -0.9973 0.0435 0.0593
vn -0.9930 0.0416 0.1105
vn 0.0596 0.0521 0.9969
vn 0.9875 -0.0430 -0.1517
vn -0.9949 -0.0053 -0.1008
vn -0.0630 0.0056 -0.9980
vn -0.2603 0.0000 0.9655
vn 0.9400 -0.0624 0.3354
vn -0.9927 0.0493 0.1104
vn -0.8268 0.0296 0.5617
vn 0.9559 -0.0329 -0.2917
vn -0.0610 -0.0476 -0.9970
vn 0.8833 0.0000 0.4687
vn -0.5047 0.0000 0.8633
vn -0.9981 0.0613 0.0040
vn 0.1852 0.0000 -0.9827
vn 0.1850 0.0000 -0.9827
vn -0.1131 0.0000 0.9936
vn -0.1135 0.0000 0.9935
vn -0.3137 0.0328 -0.9490
vn -0.9938 0.0000 0.1108
vn 0.0634 0.0000 0.9980
vn 0.1114 -0.0058 -0.9938
vn -0.0638 0.0109 -0.9979
vn -0.1052 0.0000 0.9945
vn -0.3509 0.0000 0.9364
vn -0.9893 0.0957 0.1098
vn 0.1039 0.0000 -0.9946
vn -0.0638 0.0118 -0.9979
vn -0.0992 0.0000 0.9951
vn -0.9926 0.1058 0.0588
vn -0.9886 0.1034 0.1096
vn 0.0985 -0.0054 -0.9951
vn 0.0980 -0.0054 -0.9952
vn 0.9997 0.0012 -0.0236
vn -0.8092 0.0946 -0.5799
vn -0.0916 -0.0502 0.9945
vn -0.9918 0.1135 0.0592
vn -0.9878 0.1109 0.1095
vn 0.0933 -0.0052 -0.9956
vn -0.0634 0.0135 -0.9979
vn -0.0901 0.0000 0.9959
vn -0.2985 0.0000 0.9544
vn -0.9869 0.1186 0.1094
vn 0.0892 0.0000 -0.9960
vn 0.0893 0.0000 -0.9960
vn -0.9956 0.0000 -0.0933
vn 0.9982 0.0031 -0.0595
vn -0.0868 0.0000 0.9962
vn -0.0866 0.0000 0.9962
vn 0.1828 0.0320 -0.9826
vn 0.1109 -0.0510 0.9925
vn 0.0836 0.0450 -0.9955
vn -0.9958 0.0000 -0.0913
vn 0.9982 0.0031 -0.0594
vn 0.8763 -0.0867 -0.4739
vn -0.0837 0.0000 0.9965
vn -0.5502 0.0000 0.8350
vn -0.9866 0.1214 0.1093
vn 0.4945 0.0450 -0.8680
vn 0.0830 0.0000 -0.9966
vn -0.9960 0.0000 -0.0896
vn -0.0811 0.0000 0.9967
vn -0.0815 -0.0000 0.9967
vn -0.0812 0.0000 0.9967
vn -0.1813 0.0334 -0.9829
vn 0.8523 -0.0273 0.5223
vn 0.0809 -0.0048 -0.9967
vn -0.0638 0.0171 -0.9978
vn -0.0790 0.0000 0.9969
vn -0.2509 0.0000 0.9680
vn -0.9829 0.1487 0.1088
vn 0.0786 0.0000 -0.9969
vn -0.8808 0.1442 -0.4509
vn 0.1601 -0.0522 0.9857
vn -0.0803 0.0662 0.9946
vn 0.9266 -0.1453 -0.3469
vn -0.1592 0.0334 -0.9867
vn -0.9993 0.0025 0.0371
vn 0.8556 -0.0274 0.5170
vn 0.0770 -0.0047 -0.9970
vn -0.9973 -0.0043 -0.0733
vn 0.9997 0.0012 -0.0229
vn 0.8939 -0.1163 -0.4328
vn -0.4611 0.0532 0.8858
vn -0.4865 0.0000 0.8737
vn -0.9828 0.1495 0.1087
vn 0.4174 0.0484 -0.9074
vn 0.0751 0.0000 -0.9972
vn 0.9982 -0.0036 -0.0594
vn 0.9998 0.0000 -0.0220
vn -0.0638 0.0197 -0.9978
vn -0.4452 0.0541 0.8938
vn 0.8320 -0.1711 0.5277
vn -0.9793 0.1711 0.1083
vn -0.8478 0.0000 0.5303
vn 0.0711 0.0478 -0.9963
vn -0.9967 0.0000 -0.0815
vn 0.9982 0.0032 -0.0595
vn -0.0634 0.0206 -0.9978
vn -0.0727 0.0000 0.9974
vn -0.0730 -0.0000 0.9973
vn -0.2183 0.0000 0.9759
vn -0.9780 0.1783 0.1080
vn 0.3884 0.0498 -0.9201
vn 0.0724 0.0000 -0.9974
vn -0.9968 0.0000 -0.0801
vn -0.0646 0.0215 -0.9977
vn -0.0714 0.0000 0.9974
vn -0.2118 0.0000 0.9773
vn -0.9767 0.1858 0.1079
vn 0.3948 0.0000 -0.9188
vn -0.1115 0.0139 -0.9937
vn -0.1706 0.0000 -0.9853
vn 0.0160 -0.0332 0.9993
vn 0.1547 0.0306 -0.9875
vn 0.0050 0.0000 -1.0000
vn -0.0213 -0.0338 0.9992
vn -0.0642 0.0310 -0.9975
vn -0.0177 -0.0330 0.9993
vn 0.1105 -0.0233 0.9936
vn 0.1116 -0.0235 0.9935
vn 0.0388 -0.0081 -0.9992
vn -0.1994 -0.0321 0.9794
vn -0.0647 0.0240 -0.9976
vn -0.0643 0.0240 -0.9976
vn 0.0002 -0.0001 -1.0000
vn -0.0472 0.0002 0.9989
vn 0.1105 -0.0234 0.9936
vn 0.9982 0.0010 -0.0601
vn 0.0727 -0.0153 -0.9972
vn -0.0210 0.0000 0.9998
vn 0.0751 -0.0169 0.9970
vn -0.1574 0.0333 -0.9870
vn 0.9730 0.2036 -0.1091
vn 0.1078 0.0000 -0.9942
vn -0.1118 0.0180 -0.9936
vn -0.0680 -0.0239 0.9974
vn -0.9706 -0.0044 0.2407
vn 0.0205 -0.0044 -0.9998
vn 0.9979 0.0000 -0.0646
vn 0.1405 -0.0299 -0.9896
vn -0.0637 0.0126 -0.9979
vn -0.0066 0.0000 1.0000
vn -0.1480 0.0000 0.9890
vn -0.9724 0.2060 0.1091
vn 0.0150 0.0000 0.9999
vn 0.1116 -0.0239 0.9935
vn 0.9911 0.0000 -0.1329
vn 0.9911 0.0000 -0.1328
vn 0.0070 -0.0065 -1.0000
vn 0.0336 0.0000 -0.9994
vn 0.0335 0.0000 -0.9994
vn -0.9762 0.2090 0.0588
vn -0.1804 0.0064 0.9836
vn -0.0646 0.0237 -0.9976
vn -0.9774 0.2101 -0.0242
vn -0.9756 0.2051 0.0780
vn 0.1109 -0.0239 0.9935
vn 0.1112 -0.0241 0.9935
vn 0.1504 -0.0324 -0.9881
vn -0.1541 0.0333 -0.9875
vn -0.9965 0.0010 0.0839
vn 0.0208 -0.0044 -0.9998
vn 0.0206 -0.0044 -0.9998
vn 0.9715 -0.2103 -0.1089
vn 0.9952 0.0022 -0.0980
vn -0.9940 -0.0025 0.1097
vn 0.9938 0.0000 -0.1109
vn -0.9933 0.0285 0.1118
vn 0.9997 0.0000 0.0237
vn -0.9909 0.0333 0.1304
vn -0.9935 0.0241 0.1110
vn 0.9996 0.0000 0.0288
vn 0.1094 0.2027 0.9731
vn -0.0749 0.2115 0.9745
vn -0.0750 0.2115 0.9745
vn -0.9998 -0.0044 -0.0211
vn 0.9995 -0.0007 0.0319
vn 0.9993 0.0000 0.0373
vn -0.9856 0.0284 0.1670
vn -0.0748 -0.0226 0.9969
vn -0.9996 -0.0046 -0.0272
vn 0.9985 -0.0056 0.0545
vn -0.9660 0.0000 0.2587
vn 0.1113 -0.1003 0.9887
vn 0.9967 -0.0064 0.0808
vn -0.9630 0.0251 0.2684
vn 0.8506 -0.0413 0.5241
vn 0.8506 -0.0414 0.5243
vn 0.8505 -0.0418 0.5244
vn -0.9981 -0.0057 -0.0615
vn -0.9937 0.0072 0.1118
vn 0.9686 0.0000 0.2487
vn 0.1112 0.0551 0.9923
vn -0.0755 0.0633 0.9951
vn -0.9863 -0.0091 -0.1650
vn 0.6248 -0.0176 0.7805
vn -0.9666 0.0000 0.2562
vn -0.7888 0.0104 0.6146
vn -0.7885 0.0106 0.6149
vn -0.0749 -0.0226 0.9969
vn -0.9865 -0.0017 0.1636
vn 0.9899 0.0000 -0.1419
vn -0.1113 0.0493 -0.9926
vn -0.9976 -0.0016 0.0689
vn -0.9939 -0.0055 0.1098
vn 0.1291 0.9915 -0.0145
vn 0.1267 0.9899 -0.0629
vn -0.0812 0.0000 -0.9967
vn -0.0790 0.0226 -0.9966
vn 0.0775 -0.0226 0.9967
vn 0.9909 0.0000 -0.1343
vn -0.0525 0.9984 -0.0198
vn -0.0040 0.9993 -0.0359
vn -0.0531 0.9982 -0.0292
vn 0.0631 0.0000 0.9980
vn 0.0107 -0.1161 0.9932
vn -0.9882 0.1058 0.1108
vn -0.9909 0.0000 0.1344
vn 0.9938 -0.0004 -0.1115
vn -0.0439 -0.9190 -0.3918
vn -0.0440 -0.9190 -0.3919
vn 0.0439 0.9190 0.3919
vn 0.0440 0.9190 0.3919
vn -0.9728 -0.0671 -0.2216
vn 0.0631 0.0001 0.9980
vn 0.1514 -0.1187 0.9813
vn 0.1821 -0.9832 -0.0079
vn 0.0438 -0.2192 -0.9747
vn -0.1271 0.0368 -0.9912
vn -0.1220 -0.0163 -0.9924
vn -0.0113 0.6277 0.7784
vn -0.3918 0.9190 0.0440
vn 0.1909 0.0022 0.9816
vn 0.0945 0.0000 -0.9955
vn 0.9885 -0.1023 -0.1110
vn 0.9886 -0.0141 0.1496
vn 0.8592 -0.0643 0.5076
vn 0.9982 0.0057 -0.0598
vn 0.9982 0.0057 -0.0597
vn -0.7758 0.3966 -0.4908
vn -0.0046 0.0957 -0.9954
vn -0.9937 -0.0137 0.1116
vn -0.7080 0.1994 0.6774
vn 0.2678 -0.1531 0.9512
vn 0.1450 0.0516 0.9881
vn 0.4318 -0.9017 -0.0230
vn 0.4265 -0.9042 0.0240
vn -0.0765 -0.0221 -0.9968
vn -0.1361 0.1544 -0.9786
vn -0.3030 0.9201 0.2484
vn -0.5036 0.8253 -0.2553
vn 0.8190 0.0139 -0.5736
vn -0.9442 -0.0048 -0.3292
vn -0.1113 -0.0176 -0.9936
vn -0.9972 0.0000 0.0745
vn -0.9938 0.0016 0.1114
vn 0.9938 0.0000 -0.1113
vn 0.0440 -0.9190 0.3919
vn 0.0440 -0.9190 0.3918
vn 0.9938 -0.0003 -0.1114
vn -0.0439 0.9190 -0.3917
vn -0.0441 0.9190 -0.3918
vn -0.6677 0.5837 0.4621
vn -0.9192 0.3885 -0.0648
vn 0.0439 -0.9191 0.3917
vn 0.1832 -0.8998 0.3959
vn -0.0440 0.9189 -0.3921
vn -0.0439 0.9191 -0.3916
vn -0.9998 -0.0025 0.0206
vn 0.9774 0.0000 0.2115
vn 0.1106 -0.1202 0.9866
vn -0.9753 0.0286 0.2192
vn 0.5802 0.0000 -0.8145
vn 0.9928 -0.0457 -0.1106
vn 0.9463 -0.0134 -0.3229
vn 0.9742 -0.0565 -0.2186
vn -0.0685 0.1148 -0.9910
vn -0.4326 0.0228 0.9013
vn -0.6373 0.1449 0.7569
vn 0.0751 0.0226 -0.9969
vn -0.2468 -0.4250 -0.8709
vn -0.3972 -0.9134 0.0888
vn -0.3972 -0.9134 0.0890
vn -0.0751 -0.0224 0.9969
vn -0.1570 0.9871 -0.0316
vn 0.2673 0.7217 0.6385
vn -0.9116 0.0238 -0.4105
vn -0.9113 0.0240 -0.4110
vn -0.9939 -0.0064 0.1098
vn -0.9937 -0.0065 0.1117
vn -0.0478 -0.0634 0.9968
vn 0.1112 -0.0582 0.9921
vn 0.9993 0.0000 -0.0364
vn 0.9938 0.0070 -0.1114
vn -0.1109 0.1028 -0.9885
vn 0.1116 -0.0072 0.9937
vn 0.4945 -0.0174 -0.8690
vn 0.9938 -0.0024 -0.1113
vn 0.0991 -0.0064 0.9951
vn 0.6039 -0.0168 -0.7969
vn -0.9938 0.0022 0.1115
vn -0.9979 0.0000 0.0645
vn 0.4847 -0.8088 0.3331
vn -0.3477 0.9099 -0.2262
vn 0.1109 -0.1068 0.9881
vn -0.0743 -0.1113 0.9910
vn -0.9993 0.0040 -0.0367
vn -0.1108 0.1113 -0.9876
vn 0.9798 0.0000 -0.2002
vn -0.9937 -0.0126 0.1114
vn -0.9939 -0.0123 0.1097
vn 0.9830 -0.1538 -0.1002
vn 0.0457 0.7630 -0.6448
vn 0.6103 -0.7915 -0.0340
vn 0.4036 -0.7827 0.4738
vn -0.0756 0.3013 -0.9505
vn -0.1048 0.3445 -0.9329
vn -0.5235 0.8516 0.0287
vn -0.4941 0.7491 -0.4414
vn 0.0777 -0.3817 0.9210
vn 0.1018 -0.4080 0.9073
vn 0.7648 0.4942 -0.4134
vn -0.4056 0.7340 0.5447
vn -0.0354 -0.9484 -0.3150
vn 0.1901 -0.9342 -0.3017
vn 0.0333 0.9544 0.2967
vn 0.0070 0.9480 0.3181
usemtl None
s off
f 8/1/1 9/2/1 10/3/1
f 8/1/1 10/3/1 4/4/1
f 8/1/1 4/4/1 5/5/1
f 8/1/1 5/5/1 11/6/1
f 11/6/1 7/7/1 8/1/1
f 14/8/2 15/9/2 16/10/2
f 14/8/2 16/10/2 17/11/2
f 18/12/2 19/13/2 20/14/2
f 18/12/2 20/14/2 14/8/2
f 20/14/2 21/15/2 15/9/2
f 20/14/2 15/9/2 14/8/2
f 22/16/2 23/17/2 24/18/2
f 22/16/2 24/18/2 16/10/2
f 24/18/2 25/19/2 17/11/2
f 24/18/2 17/11/2 16/10/2
f 19/13/2 18/12/2 25/19/2
f 19/13/2 25/19/2 24/18/2
f 23/17/2 22/16/2 21/15/2
f 23/17/2 21/15/2 20/14/2
f 13/20/3 1/21/3 3/22/3
f 14/8/4 17/11/4 5/5/4
f 20/14/5 19/13/5 7/7/5
f 20/14/5 7/7/5 6/23/5
f 24/18/6 23/17/6 9/2/6
f 24/18/6 9/2/6 8/1/6
f 22/16/5 16/10/5 4/4/5
f 22/16/5 4/4/5 10/3/5
f 17/11/5 25/19/5 11/6/5
f 17/11/5 11/6/5 5/5/5
f 19/13/4 24/18/4 8/1/4
f 19/13/4 8/1/4 7/7/4
f 21/15/4 22/16/4 10/3/4
f 26/24/7 27/25/7 28/26/7
f 26/24/8 28/26/8 29/27/8
f 30/28/9 31/29/9 28/26/9
f 30/28/10 28/26/10 27/25/10
f 30/28/11 27/25/11 32/30/11
f 33/31/12 26/24/12 29/27/12
f 33/31/13 2/32/13 34/33/13
f 32/30/14 33/31/14 30/28/14
f 35/34/3 36/35/3 37/36/3
f 35/34/3 37/36/3 38/37/3
f 39/38/3 40/39/3 35/34/3
f 40/39/15 41/40/15 36/35/15
f 40/39/16 36/35/16 35/34/16
f 37/36/17 42/41/17 43/42/17
f 37/36/3 43/42/3 38/37/3
f 43/42/18 44/43/18 12/44/18
f 43/42/3 42/41/3 41/40/3
f 43/42/3 41/40/3 40/39/3
f 35/34/19 38/37/19 29/27/19
f 35/34/20 29/27/20 28/26/20
f 37/36/21 36/35/21 27/25/21
f 37/36/21 27/25/21 26/24/21
f 39/38/5 35/34/5 28/26/5
f 39/38/22 28/26/22 31/29/22
f 36/35/23 41/40/23 32/30/23
f 36/35/24 32/30/24 27/25/24
f 12/44/5 44/43/5 34/33/5
f 12/44/5 34/33/5 2/32/5
f 44/43/5 43/42/5 33/31/5
f 44/43/5 33/31/5 34/33/5
f 42/41/25 37/36/25 26/24/25
f 9/2/26 48/45/26 49/46/26
f 9/2/27 49/46/27 46/47/27
f 9/2/28 46/47/28 45/48/28
f 50/49/29 47/50/29 51/51/29
f 51/51/30 49/46/30 48/45/30
f 51/51/3 48/45/3 50/49/3
f 52/52/4 53/53/4 54/54/4
f 52/52/4 54/54/4 55/55/4
f 56/56/4 57/57/4 23/17/4
f 56/56/31 23/17/31 52/52/31
f 23/17/4 58/58/4 53/53/4
f 23/17/32 53/53/32 52/52/32
f 59/59/4 20/14/4 60/60/4
f 59/59/4 60/60/4 54/54/4
f 60/60/33 61/61/33 55/55/33
f 60/60/32 55/55/32 54/54/32
f 57/57/4 56/56/4 61/61/4
f 57/57/4 61/61/4 60/60/4
f 20/14/4 59/59/4 58/58/4
f 20/14/4 58/58/4 23/17/4
f 52/52/34 55/55/34 47/50/34
f 52/52/35 47/50/35 46/47/35
f 54/54/36 53/53/36 45/48/36
f 23/17/6 57/57/6 48/45/6
f 23/17/6 48/45/6 9/2/6
f 56/56/37 52/52/37 46/47/37
f 56/56/38 46/47/38 49/46/38
f 60/60/5 20/14/5 6/23/5
f 60/60/5 6/23/5 50/49/5
f 55/55/6 61/61/6 51/51/6
f 55/55/39 51/51/39 47/50/39
f 61/61/40 56/56/40 49/46/40
f 61/61/41 49/46/41 51/51/41
f 62/62/2 63/63/2 64/64/2
f 62/62/2 64/64/2 65/65/2
f 48/45/2 30/28/2 66/66/2
f 48/45/2 66/66/2 64/64/2
f 48/45/2 64/64/2 63/63/2
f 48/45/2 63/63/2 67/67/2
f 33/31/2 50/49/2 68/68/2
f 33/31/2 68/68/2 62/62/2
f 33/31/42 62/62/42 65/65/42
f 33/31/2 65/65/2 69/69/2
f 69/69/2 66/66/2 30/28/2
f 69/69/2 30/28/2 33/31/2
f 67/67/2 68/68/2 50/49/2
f 67/67/2 50/49/2 48/45/2
f 70/70/1 71/71/1 72/72/1
f 70/70/1 72/72/1 73/73/1
f 74/74/1 40/39/1 57/57/1
f 74/74/1 57/57/1 70/70/1
f 57/57/1 75/75/1 71/71/1
f 57/57/1 71/71/1 70/70/1
f 76/76/1 60/60/1 43/42/1
f 76/76/1 43/42/1 72/72/1
f 43/42/1 77/77/1 73/73/1
f 43/42/1 73/73/1 72/72/1
f 40/39/1 74/74/1 77/77/1
f 40/39/1 77/77/1 43/42/1
f 60/60/1 76/76/1 75/75/1
f 60/60/1 75/75/1 57/57/1
f 70/70/4 73/73/4 65/65/4
f 70/70/4 65/65/4 64/64/4
f 72/72/3 71/71/3 63/63/3
f 72/72/3 63/63/3 62/62/3
f 57/57/6 40/39/6 30/28/6
f 57/57/6 30/28/6 48/45/6
f 74/74/5 70/70/5 64/64/5
f 74/74/5 64/64/5 66/66/5
f 71/71/5 75/75/5 67/67/5
f 71/71/5 67/67/5 63/63/5
f 43/42/5 60/60/5 50/49/5
f 43/42/5 50/49/5 33/31/5
f 76/76/6 72/72/6 62/62/6
f 76/76/6 62/62/6 68/68/6
f 73/73/6 77/77/6 69/69/6
f 73/73/6 69/69/6 65/65/6
f 77/77/43 74/74/43 66/66/43
f 77/77/43 66/66/43 69/69/43
f 75/75/4 76/76/4 68/68/4
f 75/75/4 68/68/4 67/67/4
f 80/78/44 84/79/44 85/80/44
f 79/81/45 80/78/45 85/80/45
f 85/80/46 84/79/46 83/82/46
f 79/81/47 89/83/47 80/78/47
f 92/84/48 90/85/48 93/86/48
f 93/86/49 90/85/49 91/87/49
f 93/86/50 91/87/50 94/88/50
f 89/83/51 93/86/51 94/88/51
f 99/89/52 100/90/52 101/91/52
f 102/92/53 103/93/53 104/94/53
f 104/94/54 103/93/54 100/90/54
f 107/95/55 108/96/55 109/97/55
f 102/92/56 99/89/56 101/91/56
f 106/98/57 109/97/57 108/96/57
f 105/99/5 106/98/5 101/91/5
f 105/99/5 101/91/5 100/90/5
f 108/96/5 107/95/5 103/93/5
f 107/95/5 105/99/5 100/90/5
f 107/95/5 100/90/5 103/93/5
f 110/100/58 112/101/58 113/102/58
f 110/100/58 113/102/58 111/103/58
f 112/101/58 114/104/58 115/105/58
f 112/101/58 115/105/58 113/102/58
f 109/97/59 102/92/59 99/89/59
f 109/97/60 111/103/60 113/102/60
f 99/89/61 102/92/61 112/101/61
f 99/89/62 112/101/62 110/100/62
f 102/92/63 104/94/63 114/104/63
f 102/92/64 114/104/64 112/101/64
f 116/106/65 117/107/65 118/108/65
f 119/109/66 120/110/66 121/111/66
f 119/109/67 121/111/67 118/108/67
f 119/109/68 118/108/68 117/107/68
f 123/112/69 122/113/69 130/114/69
f 124/115/1 131/116/1 132/117/1
f 122/113/3 124/115/3 132/117/3
f 122/113/70 132/117/70 130/114/70
f 133/118/71 134/119/71 135/120/71
f 136/121/3 137/122/3 138/123/3
f 138/123/72 137/122/72 134/119/72
f 138/123/73 134/119/73 133/118/73
f 137/122/74 136/121/74 135/120/74
f 137/122/75 135/120/75 134/119/75
f 136/121/76 138/123/76 133/118/76
f 136/121/77 133/118/77 135/120/77
f 141/124/3 142/125/3 143/126/3
f 142/125/5 140/127/5 143/126/5
f 143/126/78 140/127/78 139/128/78
f 143/126/78 139/128/78 141/124/78
f 146/129/79 128/130/79 126/131/79
f 146/129/3 126/131/3 125/132/3
f 144/133/43 146/129/43 125/132/43
f 144/133/43 125/132/43 147/134/43
f 147/134/6 145/135/6 144/133/6
f 151/136/4 152/137/4 153/138/4
f 151/136/4 153/138/4 154/139/4
f 34/33/4 2/32/4 155/140/4
f 34/33/32 155/140/32 153/138/32
f 34/33/80 153/138/80 152/137/80
f 34/33/32 152/137/32 156/141/32
f 157/142/81 158/143/81 151/136/81
f 157/142/4 151/136/4 154/139/4
f 157/142/4 155/140/4 2/32/4
f 157/142/82 2/32/82 158/143/82
f 34/33/83 156/141/83 159/144/83
f 34/33/84 159/144/84 160/145/84
f 161/146/3 162/147/3 163/148/3
f 161/146/3 163/148/3 164/149/3
f 165/150/17 166/151/17 167/152/17
f 165/150/85 167/152/85 161/146/85
f 167/152/3 168/153/3 162/147/3
f 167/152/43 162/147/43 161/146/43
f 163/148/3 169/154/3 170/155/3
f 163/148/17 170/155/17 164/149/17
f 166/151/3 165/150/3 170/155/3
f 166/151/3 170/155/3 169/154/3
f 171/156/3 168/153/3 167/152/3
f 171/156/3 167/152/3 172/157/3
f 161/146/1 164/149/1 154/139/1
f 161/146/86 154/139/86 153/138/86
f 163/148/2 162/147/2 152/137/2
f 163/148/2 152/137/2 151/136/2
f 167/152/6 166/151/6 2/32/6
f 167/152/6 2/32/6 34/33/6
f 165/150/5 161/146/5 153/138/5
f 165/150/5 153/138/5 155/140/5
f 162/147/5 168/153/5 156/141/5
f 162/147/5 156/141/5 152/137/5
f 164/149/6 170/155/6 157/142/6
f 164/149/6 157/142/6 154/139/6
f 169/154/5 163/148/5 151/136/5
f 169/154/87 151/136/87 158/143/87
f 170/155/2 165/150/2 155/140/2
f 170/155/2 155/140/2 157/142/2
f 171/156/5 172/157/5 160/145/5
f 171/156/88 160/145/88 159/144/88
f 168/153/89 171/156/89 159/144/89
f 168/153/90 159/144/90 156/141/90
f 173/158/91 158/143/91 2/32/91
f 173/158/1 2/32/1 1/21/1
f 166/151/2 169/154/2 107/95/2
f 166/151/6 1/21/6 2/32/6
f 107/95/92 169/154/92 158/143/92
f 107/95/93 158/143/93 173/158/93
f 174/159/2 175/160/2 176/161/2
f 174/159/2 176/161/2 177/162/2
f 50/49/2 178/163/2 179/164/2
f 50/49/2 179/164/2 176/161/2
f 50/49/2 176/161/2 175/160/2
f 50/49/2 175/160/2 180/165/2
f 182/166/1 183/167/1 184/168/1
f 182/166/1 184/168/1 185/169/1
f 186/170/1 187/171/1 60/60/1
f 186/170/1 60/60/1 182/166/1
f 60/60/1 188/172/1 183/167/1
f 60/60/1 183/167/1 182/166/1
f 184/168/1 189/173/1 190/174/1
f 184/168/1 190/174/1 185/169/1
f 190/174/1 189/173/1 188/172/1
f 190/174/1 188/172/1 60/60/1
f 182/166/94 185/169/94 177/162/94
f 182/166/94 177/162/94 176/161/94
f 184/168/3 183/167/3 175/160/3
f 184/168/3 175/160/3 174/159/3
f 60/60/6 187/171/6 178/163/6
f 60/60/6 178/163/6 50/49/6
f 186/170/5 182/166/5 176/161/5
f 186/170/5 176/161/5 179/164/5
f 183/167/5 188/172/5 180/165/5
f 183/167/5 180/165/5 175/160/5
f 189/173/6 184/168/6 174/159/6
f 189/173/6 174/159/6 181/175/6
f 188/172/4 189/173/4 181/175/4
f 188/172/4 181/175/4 180/165/4
f 192/176/1 193/177/1 194/178/1
f 192/176/86 194/178/86 195/179/86
f 196/180/1 197/181/1 194/178/1
f 196/180/1 194/178/1 193/177/1
f 7/7/1 6/23/1 198/182/1
f 7/7/1 198/182/1 192/176/1
f 7/7/1 192/176/1 195/179/1
f 7/7/1 195/179/1 199/183/1
f 7/7/1 199/183/1 200/184/1
f 7/7/1 200/184/1 201/185/1
f 196/180/1 198/182/1 6/23/1
f 196/180/1 6/23/1 197/181/1
f 202/186/2 203/187/2 204/188/2
f 202/186/2 204/188/2 205/189/2
f 202/186/2 206/190/2 207/191/2
f 202/186/2 207/191/2 203/187/2
f 208/192/2 20/14/2 19/13/2
f 208/192/2 19/13/2 204/188/2
f 19/13/2 209/193/2 205/189/2
f 19/13/2 205/189/2 204/188/2
f 210/194/2 209/193/2 19/13/2
f 210/194/2 19/13/2 105/99/2
f 20/14/2 208/192/2 207/191/2
f 20/14/2 207/191/2 206/190/2
f 204/188/43 203/187/43 193/177/43
f 204/188/43 193/177/43 192/176/43
f 203/187/6 207/191/6 196/180/6
f 203/187/6 196/180/6 193/177/6
f 206/190/5 202/186/5 194/178/5
f 206/190/5 194/178/5 197/181/5
f 19/13/6 20/14/6 6/23/6
f 19/13/6 6/23/6 7/7/6
f 208/192/5 204/188/5 192/176/5
f 208/192/5 192/176/5 198/182/5
f 210/194/5 105/99/5 201/185/5
f 210/194/5 201/185/5 200/184/5
f 105/99/4 19/13/4 7/7/4
f 105/99/4 7/7/4 201/185/4
f 207/191/4 208/192/4 198/182/4
f 207/191/4 198/182/4 196/180/4
f 195/179/94 194/178/94 202/186/94
f 195/179/4 202/186/4 205/189/4
f 199/183/5 195/179/5 205/189/5
f 199/183/5 205/189/5 209/193/5
f 200/184/3 199/183/3 209/193/3
f 200/184/43 209/193/43 210/194/43
f 6/23/17 50/49/17 213/195/17
f 6/23/95 213/195/95 212/196/95
f 6/23/3 212/196/3 211/197/3
f 6/23/85 211/197/85 214/198/85
f 214/198/3 197/181/3 6/23/3
f 215/199/4 216/200/4 217/201/4
f 215/199/4 217/201/4 218/202/4
f 219/203/4 60/60/4 20/14/4
f 219/203/4 20/14/4 215/199/4
f 20/14/96 220/204/96 216/200/96
f 20/14/97 216/200/97 215/199/97
f 217/201/33 190/174/33 221/205/33
f 217/201/4 221/205/4 218/202/4
f 60/60/4 219/203/4 221/205/4
f 60/60/4 221/205/4 190/174/4
f 206/190/4 222/206/4 220/204/4
f 206/190/4 220/204/4 20/14/4
f 217/201/1 216/200/1 211/197/1
f 20/14/6 60/60/6 50/49/6
f 20/14/6 50/49/6 6/23/6
f 219/203/5 215/199/5 212/196/5
f 219/203/5 212/196/5 213/195/5
f 216/200/5 220/204/5 214/198/5
f 216/200/5 214/198/5 211/197/5
f 221/205/86 219/203/86 213/195/86
f 222/206/5 206/190/5 197/181/5
f 225/207/2 172/157/2 226/208/2
f 225/207/2 226/208/2 227/209/2
f 227/209/6 226/208/6 223/210/6
f 227/209/6 223/210/6 224/211/6
f 228/212/98 224/211/98 229/213/98
f 228/212/99 229/213/99 230/214/99
f 230/214/100 229/213/100 231/215/100
f 232/216/3 227/209/3 233/217/3
f 232/216/3 233/217/3 234/218/3
f 232/216/95 234/218/95 235/219/95
f 225/207/17 236/220/17 237/221/17
f 225/207/3 237/221/3 191/222/3
f 227/209/3 232/216/3 236/220/3
f 227/209/3 236/220/3 225/207/3
f 191/222/3 237/221/3 235/219/3
f 191/222/3 235/219/3 234/218/3
f 228/212/101 233/217/101 227/209/101
f 228/212/102 227/209/102 224/211/102
f 232/216/103 235/219/103 231/215/103
f 232/216/104 231/215/104 229/213/104
f 236/220/105 232/216/105 229/213/105
f 228/212/106 230/214/106 234/218/106
f 228/212/107 234/218/107 233/217/107
f 238/223/108 239/224/108 231/215/108
f 238/223/109 231/215/109 229/213/109
f 232/216/3 240/225/3 241/226/3
f 232/216/43 241/226/43 236/220/43
f 236/220/110 241/226/110 242/227/110
f 236/220/111 242/227/111 237/221/111
f 237/221/43 242/227/43 243/228/43
f 237/221/43 243/228/43 235/219/43
f 235/219/3 243/228/3 240/225/3
f 235/219/112 240/225/112 232/216/112
f 249/229/113 250/230/113 251/231/113
f 249/229/114 251/231/114 252/232/114
f 252/232/115 251/231/115 253/233/115
f 252/232/95 253/233/95 254/234/95
f 254/234/116 253/233/116 255/235/116
f 254/234/116 255/235/116 256/236/116
f 256/236/3 255/235/3 250/230/3
f 256/236/117 250/230/117 249/229/117
f 257/237/118 258/238/118 259/239/118
f 257/237/119 259/239/119 249/229/119
f 260/240/120 256/236/120 261/241/120
f 258/238/33 260/240/33 261/241/33
f 258/238/4 261/241/4 259/239/4
f 262/242/121 263/243/121 264/244/121
f 262/242/3 264/244/3 265/245/3
f 265/245/3 264/244/3 266/246/3
f 265/245/122 266/246/122 267/247/122
f 267/247/43 266/246/43 268/248/43
f 267/247/43 268/248/43 269/249/43
f 269/249/3 268/248/3 263/243/3
f 269/249/17 263/243/17 262/242/17
f 241/226/123 240/225/123 238/223/123
f 237/221/124 235/219/124 231/215/124
f 235/219/125 232/216/125 229/213/125
f 235/219/126 229/213/126 231/215/126
f 240/225/127 243/228/127 239/224/127
f 240/225/128 239/224/128 238/223/128
f 249/229/129 252/232/129 246/250/129
f 249/229/130 246/250/130 245/251/130
f 251/231/131 250/230/131 244/252/131
f 252/232/5 254/234/5 247/253/5
f 252/232/132 247/253/132 246/250/132
f 256/236/133 249/229/133 245/251/133
f 250/230/134 255/235/134 248/254/134
f 250/230/135 248/254/135 244/252/135
f 262/242/136 265/245/136 249/229/136
f 262/242/137 249/229/137 259/239/137
f 264/244/2 263/243/2 258/238/2
f 264/244/138 258/238/138 257/237/138
f 265/245/5 267/247/5 256/236/5
f 265/245/5 256/236/5 249/229/5
f 266/246/139 264/244/139 257/237/139
f 267/247/140 269/249/140 261/241/140
f 267/247/141 261/241/141 256/236/141
f 269/249/6 262/242/6 259/239/6
f 269/249/6 259/239/6 261/241/6
f 263/243/5 268/248/5 260/240/5
f 263/243/5 260/240/5 258/238/5
f 273/255/142 275/256/142 272/257/142
f 275/256/143 270/258/143 272/257/143
f 276/259/4 277/260/4 278/261/4
f 276/259/4 278/261/4 279/262/4
f 280/263/144 281/264/144 282/265/144
f 280/263/145 282/265/145 283/266/145
f 280/263/146 283/266/146 279/262/146
f 280/263/147 279/262/147 278/261/147
f 283/266/148 282/265/148 276/259/148
f 283/266/149 276/259/149 279/262/149
f 282/265/6 281/264/6 277/260/6
f 282/265/6 277/260/6 276/259/6
f 281/264/150 280/263/150 278/261/150
f 281/264/151 278/261/151 277/260/151
f 284/267/94 285/268/94 155/140/94
f 284/267/94 155/140/94 157/142/94
f 286/269/152 284/267/152 157/142/152
f 286/269/4 157/142/4 154/139/4
f 287/270/94 286/269/94 154/139/94
f 287/270/94 154/139/94 153/138/94
f 285/268/153 287/270/153 153/138/153
f 285/268/154 153/138/154 155/140/154
f 165/150/43 288/271/43 289/272/43
f 165/150/43 289/272/43 170/155/43
f 170/155/3 289/272/3 290/273/3
f 170/155/17 290/273/17 291/274/17
f 291/274/43 290/273/43 292/275/43
f 291/274/43 292/275/43 161/146/43
f 161/146/3 292/275/3 288/271/3
f 161/146/155 288/271/155 165/150/155
f 294/276/4 293/277/4 295/278/4
f 296/279/94 294/276/94 295/278/94
f 296/279/94 295/278/94 297/280/94
f 298/281/3 299/282/3 300/283/3
f 298/281/43 300/283/43 301/284/43
f 301/284/3 300/283/3 302/285/3
f 301/284/156 302/285/156 303/286/156
f 303/286/3 302/285/3 304/287/3
f 303/286/43 304/287/43 305/288/43
f 305/288/3 304/287/3 299/282/3
f 305/288/157 299/282/157 298/281/157
f 308/289/158 298/281/158 305/288/158
f 309/290/4 308/289/4 305/288/4
f 309/290/94 305/288/94 310/291/94
f 306/292/159 309/290/159 310/291/159
f 306/292/4 310/291/4 307/293/4
f 311/294/3 312/295/3 313/296/3
f 311/294/43 313/296/43 314/297/43
f 314/297/160 313/296/160 315/298/160
f 314/297/95 315/298/95 316/299/95
f 316/299/3 315/298/3 317/300/3
f 316/299/43 317/300/43 318/301/43
f 318/301/115 317/300/115 312/295/115
f 318/301/16 312/295/16 311/294/16
f 165/150/1 170/155/1 157/142/1
f 165/150/1 157/142/1 155/140/1
f 289/272/2 288/271/2 285/268/2
f 289/272/2 285/268/2 284/267/2
f 170/155/5 291/274/5 154/139/5
f 170/155/5 154/139/5 157/142/5
f 290/273/6 289/272/6 284/267/6
f 290/273/6 284/267/6 286/269/6
f 291/274/2 161/146/2 153/138/2
f 291/274/140 153/138/140 154/139/140
f 292/275/1 290/273/1 286/269/1
f 292/275/86 286/269/86 287/270/86
f 161/146/6 165/150/6 155/140/6
f 161/146/6 155/140/6 153/138/6
f 288/271/5 292/275/5 287/270/5
f 288/271/5 287/270/5 285/268/5
f 298/281/86 301/284/86 293/277/86
f 301/284/5 303/286/5 295/278/5
f 301/284/5 295/278/5 293/277/5
f 303/286/161 305/288/161 297/280/161
f 303/286/140 297/280/140 295/278/140
f 304/287/162 302/285/162 294/276/162
f 304/287/162 294/276/162 296/279/162
f 299/282/5 304/287/5 296/279/5
f 311/294/163 314/297/163 298/281/163
f 311/294/164 298/281/164 307/293/164
f 313/296/165 312/295/165 306/292/165
f 314/297/5 316/299/5 305/288/5
f 314/297/5 305/288/5 298/281/5
f 316/299/140 318/301/140 310/291/140
f 316/299/140 310/291/140 305/288/140
f 317/300/1 315/298/1 308/289/1
f 317/300/162 308/289/162 309/290/162
f 318/301/6 311/294/6 307/293/6
f 318/301/6 307/293/6 310/291/6
f 312/295/5 317/300/5 309/290/5
f 312/295/5 309/290/5 306/292/5
f 319/302/4 320/303/4 321/304/4
f 319/302/4 321/304/4 322/305/4
f 323/306/3 324/307/3 325/308/3
f 323/306/3 325/308/3 326/309/3
f 323/306/5 326/309/5 322/305/5
f 323/306/5 322/305/5 321/304/5
f 326/309/166 325/308/166 319/302/166
f 326/309/148 319/302/148 322/305/148
f 325/308/6 324/307/6 320/303/6
f 325/308/6 320/303/6 319/302/6
f 324/307/167 323/306/167 321/304/167
f 324/307/168 321/304/168 320/303/168
f 327/310/4 328/311/4 329/312/4
f 327/310/4 329/312/4 330/313/4
f 331/314/3 332/315/3 333/316/3
f 331/314/3 333/316/3 334/317/3
f 331/314/5 334/317/5 330/313/5
f 331/314/5 330/313/5 329/312/5
f 334/317/169 333/316/169 327/310/169
f 334/317/170 327/310/170 330/313/170
f 333/316/6 332/315/6 328/311/6
f 333/316/6 328/311/6 327/310/6
f 332/315/171 331/314/171 329/312/171
f 332/315/168 329/312/168 328/311/168
f 335/318/4 336/319/4 337/320/4
f 335/318/4 337/320/4 338/321/4
f 339/322/4 340/323/4 341/324/4
f 339/322/4 341/324/4 342/325/4
f 339/322/4 342/325/4 337/320/4
f 339/322/4 337/320/4 336/319/4
f 339/322/4 336/319/4 343/326/4
f 339/322/4 343/326/4 344/327/4
f 339/322/4 344/327/4 345/328/4
f 339/322/4 345/328/4 346/329/4
f 339/322/4 346/329/4 347/330/4
f 349/331/94 350/332/94 351/333/94
f 349/331/94 351/333/94 352/334/94
f 349/331/4 352/334/4 353/335/4
f 349/331/4 353/335/4 354/336/4
f 349/331/94 354/336/94 355/337/94
f 349/331/4 355/337/4 335/318/4
f 349/331/94 335/318/94 338/321/94
f 349/331/94 338/321/94 356/338/94
f 349/331/94 356/338/94 357/339/94
f 349/331/94 357/339/94 358/340/94
f 349/331/94 358/340/94 359/341/94
f 349/331/94 359/341/94 348/342/94
f 347/330/32 351/333/32 350/332/32
f 347/330/4 350/332/4 339/322/4
f 356/338/4 342/325/4 341/324/4
f 356/338/4 341/324/4 357/339/4
f 345/328/4 353/335/4 352/334/4
f 345/328/4 352/334/4 346/329/4
f 343/326/4 355/337/4 354/336/4
f 343/326/4 354/336/4 344/327/4
f 360/343/3 361/344/3 362/345/3
f 360/343/3 362/345/3 363/346/3
f 365/347/3 366/348/3 367/349/3
f 365/347/3 367/349/3 368/350/3
f 365/347/3 368/350/3 369/351/3
f 365/347/3 369/351/3 370/352/3
f 365/347/3 370/352/3 361/344/3
f 365/347/3 361/344/3 360/343/3
f 365/347/3 360/343/3 371/353/3
f 365/347/3 371/353/3 372/354/3
f 365/347/3 372/354/3 373/355/3
f 364/356/3 374/357/3 375/358/3
f 376/359/3 377/360/3 375/358/3
f 376/359/43 375/358/43 378/361/43
f 375/358/3 374/357/3 379/362/3
f 375/358/3 379/362/3 380/363/3
f 375/358/3 380/363/3 381/364/3
f 375/358/3 381/364/3 382/365/3
f 375/358/3 382/365/3 363/346/3
f 375/358/3 363/346/3 362/345/3
f 375/358/3 362/345/3 383/366/3
f 375/358/3 383/366/3 384/367/3
f 375/358/116 384/367/116 385/368/116
f 375/358/3 385/368/3 378/361/3
f 377/360/3 376/359/3 366/348/3
f 377/360/95 366/348/95 365/347/95
f 372/354/3 371/353/3 382/365/3
f 372/354/3 382/365/3 381/364/3
f 378/361/3 385/368/3 368/350/3
f 378/361/3 368/350/3 367/349/3
f 384/367/3 383/366/3 370/352/3
f 384/367/3 370/352/3 369/351/3
f 360/343/5 363/346/5 338/321/5
f 360/343/5 338/321/5 337/320/5
f 362/345/6 361/344/6 336/319/6
f 362/345/6 336/319/6 335/318/6
f 373/355/140 372/354/140 341/324/140
f 373/355/141 341/324/141 340/323/141
f 371/353/140 360/343/140 337/320/140
f 371/353/140 337/320/140 342/325/140
f 361/344/140 370/352/140 343/326/140
f 361/344/140 343/326/140 336/319/140
f 369/351/140 368/350/140 345/328/140
f 369/351/141 345/328/141 344/327/141
f 367/349/140 366/348/140 347/330/140
f 367/349/140 347/330/140 346/329/140
f 364/356/5 375/358/5 349/331/5
f 375/358/148 377/360/148 350/332/148
f 375/358/2 350/332/2 349/331/2
f 376/359/86 378/361/86 352/334/86
f 376/359/172 352/334/172 351/333/172
f 385/368/86 384/367/86 354/336/86
f 385/368/86 354/336/86 353/335/86
f 383/366/86 362/345/86 335/318/86
f 383/366/172 335/318/172 355/337/172
f 363/346/86 382/365/86 356/338/86
f 363/346/172 356/338/172 338/321/172
f 381/364/86 380/363/86 358/340/86
f 381/364/86 358/340/86 357/339/86
f 379/362/86 374/357/86 348/342/86
f 379/362/172 348/342/172 359/341/172
f 377/360/6 365/347/6 339/322/6
f 377/360/6 339/322/6 350/332/6
f 366/348/5 376/359/5 351/333/5
f 366/348/5 351/333/5 347/330/5
f 380/363/6 373/355/6 340/323/6
f 380/363/6 340/323/6 358/340/6
f 372/354/5 381/364/5 357/339/5
f 372/354/5 357/339/5 341/324/5
f 382/365/6 371/353/6 342/325/6
f 382/365/6 342/325/6 356/338/6
f 378/361/6 367/349/6 346/329/6
f 378/361/6 346/329/6 352/334/6
f 368/350/5 385/368/5 353/335/5
f 368/350/5 353/335/5 345/328/5
f 384/367/6 369/351/6 344/327/6
f 384/367/6 344/327/6 354/336/6
f 370/352/5 383/366/5 355/337/5
f 370/352/5 355/337/5 343/326/5
f 387/369/173 151/136/173 159/144/173
f 388/370/174 387/369/174 159/144/174
f 388/370/175 159/144/175 156/141/175
f 386/371/96 388/370/96 156/141/96
f 386/371/4 156/141/4 152/137/4
f 389/372/43 390/373/43 391/374/43
f 389/372/43 391/374/43 392/375/43
f 392/375/176 391/374/176 393/376/176
f 392/375/177 393/376/177 394/377/177
f 394/377/43 393/376/43 395/378/43
f 394/377/43 395/378/43 396/379/43
f 396/379/178 395/378/178 390/373/178
f 396/379/79 390/373/79 389/372/79
f 389/372/1 392/375/1 151/136/1
f 389/372/1 151/136/1 152/137/1
f 391/374/2 390/373/2 386/371/2
f 392/375/179 394/377/179 159/144/179
f 392/375/180 159/144/180 151/136/180
f 394/377/140 396/379/140 156/141/140
f 394/377/181 156/141/181 159/144/181
f 395/378/1 393/376/1 387/369/1
f 395/378/1 387/369/1 388/370/1
f 396/379/6 389/372/6 152/137/6
f 396/379/6 152/137/6 156/141/6
f 390/373/5 395/378/5 388/370/5
f 390/373/5 388/370/5 386/371/5
f 397/380/4 398/381/4 399/382/4
f 397/380/4 399/382/4 400/383/4
f 401/384/4 402/385/4 403/386/4
f 401/384/4 403/386/4 404/387/4
f 405/388/4 406/389/4 407/390/4
f 405/388/4 407/390/4 408/391/4
f 409/392/4 410/393/4 411/394/4
f 409/392/4 411/394/4 412/395/4
f 413/396/4 414/397/4 415/398/4
f 413/396/4 415/398/4 416/399/4
f 417/400/4 418/401/4 419/402/4
f 417/400/4 419/402/4 420/403/4
f 421/404/3 422/405/3 423/406/3
f 421/404/3 423/406/3 424/407/3
f 425/408/3 426/409/3 427/410/3
f 425/408/3 427/410/3 428/411/3
f 429/412/3 430/413/3 431/414/3
f 429/412/3 431/414/3 432/415/3
f 433/416/3 434/417/3 435/418/3
f 433/416/3 435/418/3 436/419/3
f 437/420/3 438/421/3 439/422/3
f 437/420/3 439/422/3 440/423/3
f 441/424/3 442/425/3 443/426/3
f 441/424/3 443/426/3 444/427/3
f 421/404/5 424/407/5 400/383/5
f 421/404/5 400/383/5 399/382/5
f 424/407/182 423/406/182 397/380/182
f 424/407/182 397/380/182 400/383/182
f 423/406/6 422/405/6 398/381/6
f 423/406/6 398/381/6 397/380/6
f 422/405/183 421/404/183 399/382/183
f 422/405/183 399/382/183 398/381/183
f 425/408/5 428/411/5 404/387/5
f 425/408/5 404/387/5 403/386/5
f 428/411/182 427/410/182 401/384/182
f 428/411/182 401/384/182 404/387/182
f 427/410/6 426/409/6 402/385/6
f 427/410/6 402/385/6 401/384/6
f 426/409/1 425/408/1 403/386/1
f 426/409/183 403/386/183 402/385/183
f 429/412/5 432/415/5 408/391/5
f 429/412/5 408/391/5 407/390/5
f 432/415/182 431/414/182 405/388/182
f 432/415/182 405/388/182 408/391/182
f 431/414/6 430/413/6 406/389/6
f 431/414/6 406/389/6 405/388/6
f 430/413/183 429/412/183 407/390/183
f 430/413/183 407/390/183 406/389/183
f 433/416/6 436/419/6 412/395/6
f 433/416/6 412/395/6 411/394/6
f 436/419/183 435/418/183 409/392/183
f 436/419/183 409/392/183 412/395/183
f 435/418/5 434/417/5 410/393/5
f 435/418/5 410/393/5 409/392/5
f 434/417/182 433/416/182 411/394/182
f 434/417/182 411/394/182 410/393/182
f 437/420/6 440/423/6 416/399/6
f 437/420/6 416/399/6 415/398/6
f 440/423/183 439/422/183 413/396/162
f 440/423/183 413/396/183 416/399/183
f 439/422/5 438/421/5 414/397/5
f 439/422/5 414/397/5 413/396/5
f 438/421/182 437/420/182 415/398/182
f 438/421/182 415/398/182 414/397/182
f 441/424/6 444/427/6 420/403/6
f 441/424/6 420/403/6 419/402/6
f 444/427/183 443/426/183 417/400/183
f 444/427/183 417/400/183 420/403/183
f 443/426/5 442/425/5 418/401/5
f 443/426/5 418/401/5 417/400/5
f 442/425/182 441/424/182 419/402/182
f 442/425/182 419/402/182 418/401/182
f 445/428/94 446/429/94 447/430/94
f 445/428/184 447/430/184 448/431/184
f 446/429/94 449/432/94 450/433/94
f 446/429/4 450/433/4 447/430/4
f 449/432/185 451/434/185 452/435/185
f 449/432/184 452/435/184 450/433/184
f 451/434/94 445/428/94 448/431/94
f 451/434/94 448/431/94 452/435/94
f 448/431/5 447/430/5 453/436/5
f 448/431/5 453/436/5 454/437/5
f 447/430/140 450/433/140 455/438/140
f 447/430/141 455/438/141 453/436/141
f 450/433/6 452/435/6 456/439/6
f 450/433/6 456/439/6 455/438/6
f 448/431/163 454/437/163 456/439/163
f 448/431/162 456/439/162 452/435/162
f 457/440/163 458/441/163 459/442/168
f 457/440/163 459/442/163 460/443/163
f 453/436/4 455/438/4 458/441/4
f 453/436/4 458/441/4 457/440/4
f 455/438/6 456/439/6 459/442/6
f 455/438/6 459/442/6 458/441/6
f 456/439/3 454/437/3 460/443/3
f 456/439/3 460/443/3 459/442/3
f 454/437/5 453/436/5 457/440/5
f 454/437/5 457/440/5 460/443/5
f 461/444/186 462/445/186 463/446/186
f 461/444/187 463/446/187 464/447/187
f 464/447/3 463/446/3 465/448/3
f 464/447/3 465/448/3 466/449/3
f 466/449/188 465/448/188 467/450/188
f 466/449/187 467/450/187 468/451/187
f 468/451/3 467/450/3 462/445/3
f 468/451/43 462/445/43 461/444/43
f 462/445/5 469/452/5 470/453/5
f 462/445/5 470/453/5 463/446/5
f 463/446/182 470/453/182 471/454/182
f 463/446/2 471/454/2 465/448/2
f 465/448/6 471/454/6 472/455/6
f 465/448/6 472/455/6 467/450/6
f 462/445/86 467/450/86 472/455/86
f 462/445/86 472/455/86 469/452/86
f 473/456/189 474/457/189 475/458/189
f 473/456/163 475/458/163 476/459/163
f 470/453/3 473/456/3 476/459/3
f 470/453/3 476/459/3 471/454/3
f 471/454/6 476/459/6 475/458/6
f 471/454/6 475/458/6 472/455/6
f 472/455/94 475/458/94 474/457/94
f 472/455/94 474/457/94 469/452/94
f 469/452/5 474/457/5 473/456/5
f 469/452/5 473/456/5 470/453/5
f 464/447/5 446/429/5 445/428/5
f 464/447/5 445/428/5 461/444/5
f 466/449/2 449/432/2 446/429/2
f 466/449/2 446/429/2 464/447/2
f 468/451/6 451/434/6 449/432/6
f 468/451/6 449/432/6 466/449/6
f 461/444/163 445/428/163 451/434/163
f 461/444/86 451/434/86 468/451/86
f 477/460/86 478/461/86 479/462/86
f 477/460/1 479/462/1 480/463/1
f 481/464/86 482/465/86 483/466/86
f 481/464/190 483/466/190 484/467/190
f 481/464/191 484/467/191 485/468/191
f 481/464/162 485/468/162 486/469/162
f 481/464/192 486/469/192 487/470/192
f 481/464/193 487/470/163 479/462/163
f 481/464/163 479/462/163 478/461/163
f 481/464/162 478/461/162 488/471/162
f 481/464/163 488/471/163 489/472/163
f 481/464/163 489/472/163 490/473/163
f 481/464/86 490/473/86 491/474/86
f 481/464/1 491/474/1 492/475/1
f 493/476/1 483/466/1 482/465/1
f 493/476/86 482/465/86 494/477/86
f 494/477/163 495/478/163 496/479/163
f 494/477/86 496/479/86 497/480/86
f 494/477/86 497/480/86 498/481/86
f 494/477/190 498/481/190 499/482/190
f 494/477/190 499/482/194 500/483/190
f 494/477/86 500/483/86 477/460/86
f 494/477/86 477/460/86 480/463/86
f 494/477/171 480/463/171 501/484/171
f 494/477/163 501/484/163 502/485/163
f 494/477/86 502/485/86 503/486/86
f 494/477/162 503/486/162 504/487/162
f 494/477/1 504/487/1 493/476/1
f 492/475/86 496/479/86 495/478/86
f 492/475/1 495/478/1 481/464/1
f 503/486/1 485/468/1 484/467/1
f 503/486/1 484/467/1 504/487/1
f 501/484/1 487/470/1 486/469/1
f 501/484/1 486/469/1 502/485/1
f 490/473/1 498/481/1 497/480/1
f 490/473/86 497/480/86 491/474/86
f 488/471/1 500/483/1 499/482/1
f 488/471/1 499/482/1 489/472/1
f 505/488/2 506/489/2 507/490/2
f 505/488/2 507/490/2 508/491/2
f 509/492/140 510/493/140 511/494/140
f 509/492/161 511/494/161 512/495/161
f 511/494/2 513/496/2 514/497/2
f 511/494/140 514/497/140 515/498/140
f 511/494/141 515/498/141 516/499/141
f 511/494/141 516/499/141 517/500/141
f 511/494/141 517/500/148 506/489/141
f 511/494/141 506/489/141 505/488/141
f 511/494/141 505/488/141 518/501/141
f 511/494/165 518/501/165 519/502/165
f 511/494/141 519/502/141 520/503/141
f 511/494/195 520/503/195 512/495/195
f 510/493/2 509/492/2 521/504/2
f 510/493/2 521/504/2 522/505/2
f 523/506/2 524/507/2 522/505/2
f 523/506/140 522/505/140 525/508/195
f 522/505/140 521/504/140 526/509/140
f 522/505/2 526/509/2 527/510/2
f 522/505/148 527/510/148 528/511/148
f 522/505/141 528/511/141 529/512/141
f 522/505/165 529/512/165 508/491/165
f 522/505/140 508/491/140 507/490/140
f 522/505/140 507/490/140 530/513/140
f 522/505/140 530/513/140 531/514/140
f 522/505/196 531/514/196 532/515/196
f 522/505/197 532/515/197 525/508/197
f 524/507/198 523/506/198 513/496/198
f 524/507/2 513/496/2 511/494/2
f 512/495/140 520/503/140 527/510/140
f 512/495/2 527/510/2 526/509/2
f 519/502/140 518/501/140 529/512/140
f 519/502/2 529/512/2 528/511/2
f 525/508/2 532/515/2 515/498/2
f 525/508/2 515/498/2 514/497/2
f 531/514/2 530/513/2 517/500/2
f 531/514/140 517/500/140 516/499/140
f 505/488/5 508/491/5 480/463/5
f 505/488/5 480/463/5 479/462/5
f 507/490/6 506/489/6 478/461/6
f 507/490/6 478/461/6 477/460/6
f 511/494/43 510/493/43 482/465/43
f 511/494/43 482/465/43 481/464/43
f 509/492/94 512/495/94 484/467/94
f 509/492/94 484/467/94 483/466/94
f 520/503/94 519/502/94 486/469/94
f 520/503/94 486/469/94 485/468/94
f 518/501/94 505/488/94 479/462/94
f 518/501/94 479/462/94 487/470/94
f 506/489/94 517/500/94 488/471/94
f 506/489/94 488/471/94 478/461/94
f 516/499/94 515/498/94 490/473/94
f 516/499/94 490/473/94 489/472/94
f 514/497/94 513/496/94 492/475/94
f 514/497/94 492/475/94 491/474/94
f 510/493/5 522/505/5 494/477/5
f 510/493/5 494/477/5 482/465/5
f 521/504/6 509/492/6 483/466/6
f 521/504/6 483/466/6 493/476/6
f 522/505/94 524/507/94 495/478/94
f 522/505/94 495/478/94 494/477/94
f 523/506/43 525/508/43 497/480/43
f 523/506/43 497/480/43 496/479/43
f 532/515/43 531/514/43 499/482/43
f 532/515/43 499/482/43 498/481/43
f 530/513/43 507/490/43 477/460/43
f 530/513/43 477/460/43 500/483/43
f 508/491/43 529/512/43 501/484/43
f 508/491/43 501/484/43 480/463/43
f 528/511/43 527/510/43 503/486/43
f 528/511/43 503/486/43 502/485/43
f 526/509/43 521/504/43 493/476/43
f 526/509/43 493/476/43 504/487/43
f 524/507/6 511/494/6 481/464/6
f 524/507/6 481/464/6 495/478/6
f 513/496/5 523/506/5 496/479/5
f 513/496/5 496/479/5 492/475/5
f 512/495/5 526/509/5 504/487/5
f 512/495/5 504/487/5 484/467/5
f 527/510/6 520/503/6 485/468/6
f 527/510/6 485/468/6 503/486/6
f 519/502/5 528/511/5 502/485/5
f 519/502/5 502/485/5 486/469/5
f 529/512/6 518/501/6 487/470/6
f 529/512/6 487/470/6 501/484/6
f 525/508/6 514/497/6 491/474/6
f 525/508/6 491/474/6 497/480/6
f 515/498/5 532/515/5 498/481/5
f 515/498/5 498/481/5 490/473/5
f 531/514/6 516/499/6 489/472/6
f 531/514/6 489/472/6 499/482/6
f 517/500/5 530/513/5 500/483/5
f 517/500/5 500/483/5 488/471/5
f 533/516/86 534/517/86 535/518/86
f 533/516/86 535/518/86 536/519/86
f 537/520/1 533/516/1 536/519/1
f 537/520/1 536/519/1 538/521/1
f 539/522/86 537/520/86 538/521/86
f 539/522/1 538/521/1 540/523/1
f 534/517/1 539/522/1 540/523/1
f 534/517/1 540/523/1 535/518/1
f 541/524/140 542/525/140 543/526/140
f 541/524/2 543/526/2 544/527/2
f 544/527/2 543/526/2 545/528/2
f 544/527/199 545/528/199 546/529/199
f 546/529/140 545/528/140 547/530/140
f 546/529/2 547/530/2 548/531/2
f 548/531/2 547/530/2 542/525/2
f 548/531/2 542/525/2 541/524/2
f 541/524/3 544/527/3 536/519/3
f 541/524/3 536/519/3 535/518/3
f 543/526/94 542/525/94 534/517/94
f 543/526/4 534/517/4 533/516/4
f 544/527/5 546/529/5 538/521/5
f 544/527/5 538/521/5 536/519/5
f 545/528/6 543/526/6 533/516/6
f 545/528/6 533/516/6 537/520/6
f 546/529/4 548/531/4 540/523/4
f 546/529/4 540/523/4 538/521/4
f 547/530/3 545/528/3 537/520/3
f 547/530/3 537/520/3 539/522/3
f 548/531/6 541/524/6 535/518/6
f 548/531/6 535/518/6 540/523/6
f 542/525/5 547/530/5 539/522/5
f 542/525/5 539/522/5 534/517/5
f 549/532/1 550/533/1 551/534/1
f 549/532/1 551/534/1 552/535/1
f 553/536/1 554/537/1 555/538/1
f 553/536/1 555/538/1 556/539/1
f 557/540/1 558/541/1 559/542/1
f 557/540/1 559/542/1 560/543/1
f 561/544/1 562/545/1 563/546/1
f 561/544/1 563/546/1 564/547/1
f 565/548/1 566/549/1 567/550/1
f 565/548/1 567/550/1 568/551/1
f 569/552/1 570/553/1 571/554/1
f 569/552/1 571/554/1 572/555/1
f 573/556/2 574/557/2 575/558/2
f 573/556/2 575/558/2 576/559/2
f 577/560/2 578/561/2 579/562/2
f 577/560/2 579/562/2 580/563/2
f 581/564/2 582/565/2 583/566/2
f 581/564/2 583/566/2 584/567/2
f 585/568/2 586/569/2 587/570/2
f 585/568/2 587/570/2 588/571/2
f 589/572/2 590/573/2 591/574/2
f 589/572/2 591/574/2 592/575/2
f 593/576/2 594/577/2 595/578/2
f 593/576/2 595/578/2 596/579/2
f 573/556/5 576/559/5 552/535/5
f 573/556/5 552/535/5 551/534/5
f 576/559/200 575/558/200 549/532/200
f 576/559/201 549/532/201 552/535/201
f 575/558/6 574/557/6 550/533/6
f 575/558/6 550/533/6 549/532/6
f 574/557/116 573/556/116 551/534/116
f 574/557/121 551/534/121 550/533/121
f 577/560/5 580/563/5 556/539/5
f 577/560/5 556/539/5 555/538/5
f 580/563/202 579/562/202 553/536/203
f 580/563/204 553/536/204 556/539/204
f 579/562/6 578/561/6 554/537/6
f 579/562/6 554/537/6 553/536/6
f 578/561/205 577/560/205 555/538/205
f 578/561/206 555/538/206 554/537/206
f 581/564/5 584/567/5 560/543/5
f 581/564/5 560/543/5 559/542/5
f 584/567/200 583/566/200 557/540/200
f 584/567/201 557/540/201 560/543/201
f 583/566/6 582/565/6 558/541/6
f 583/566/6 558/541/6 557/540/6
f 582/565/116 581/564/116 559/542/116
f 582/565/206 559/542/206 558/541/206
f 585/568/6 588/571/6 564/547/6
f 585/568/6 564/547/6 563/546/6
f 588/571/116 587/570/116 561/544/116
f 588/571/206 561/544/206 564/547/206
f 587/570/5 586/569/5 562/545/5
f 587/570/5 562/545/5 561/544/5
f 586/569/200 585/568/200 563/546/200
f 586/569/201 563/546/201 562/545/201
f 589/572/6 592/575/6 568/551/6
f 589/572/6 568/551/6 567/550/6
f 592/575/121 591/574/121 565/548/121
f 592/575/121 565/548/121 568/551/121
f 591/574/5 590/573/5 566/549/5
f 591/574/5 566/549/5 565/548/5
f 590/573/200 589/572/200 567/550/200
f 590/573/201 567/550/201 566/549/201
f 593/576/6 596/579/6 572/555/6
f 593/576/6 572/555/6 571/554/6
f 596/579/116 595/578/116 569/552/116
f 596/579/206 569/552/206 572/555/206
f 595/578/5 594/577/5 570/553/5
f 595/578/5 570/553/5 569/552/5
f 594/577/200 593/576/200 571/554/200
f 594/577/201 571/554/201 570/553/201
f 597/580/207 598/581/207 599/582/207
f 597/580/208 599/582/208 600/583/208
f 598/581/162 601/584/162 602/585/162
f 598/581/86 602/585/86 599/582/86
f 601/584/209 603/586/209 604/587/209
f 601/584/210 604/587/210 602/585/210
f 603/586/86 597/580/86 600/583/86
f 603/586/86 600/583/86 604/587/192
f 600/583/5 599/582/5 605/588/5
f 600/583/5 605/588/5 606/589/5
f 599/582/94 602/585/94 607/590/94
f 599/582/94 607/590/94 605/588/94
f 602/585/6 604/587/6 608/591/6
f 602/585/6 608/591/6 607/590/6
f 600/583/3 606/589/3 608/591/3
f 600/583/3 608/591/3 604/587/3
f 609/592/205 610/593/205 611/594/205
f 609/592/116 611/594/116 612/595/116
f 605/588/86 607/590/86 610/593/86
f 605/588/1 610/593/1 609/592/1
f 607/590/6 608/591/6 611/594/6
f 607/590/6 611/594/6 610/593/6
f 608/591/140 606/589/140 612/595/140
f 608/591/2 612/595/2 611/594/2
f 606/589/5 605/588/5 609/592/5
f 606/589/5 609/592/5 612/595/5
f 613/596/211 614/597/211 615/598/211
f 613/596/212 615/598/212 616/599/212
f 616/599/196 615/598/196 617/600/196
f 616/599/140 617/600/140 618/601/140
f 618/601/195 617/600/195 619/602/195
f 618/601/42 619/602/42 620/603/42
f 620/603/2 619/602/2 614/597/2
f 620/603/140 614/597/140 613/596/140
f 614/597/5 621/604/5 622/605/5
f 614/597/5 622/605/5 615/598/5
f 615/598/4 622/605/4 623/606/4
f 615/598/4 623/606/4 617/600/4
f 617/600/6 623/606/6 624/607/6
f 617/600/6 624/607/6 619/602/6
f 614/597/213 619/602/213 624/607/213
f 614/597/214 624/607/214 621/604/214
f 625/608/205 626/609/205 627/610/205
f 625/608/205 627/610/205 628/611/205
f 622/605/2 625/608/2 628/611/2
f 622/605/2 628/611/2 623/606/2
f 623/606/6 628/611/6 627/610/6
f 623/606/6 627/610/6 624/607/6
f 624/607/1 627/610/1 626/609/1
f 624/607/86 626/609/86 621/604/86
f 621/604/5 626/609/5 625/608/5
f 621/604/5 625/608/5 622/605/5
f 616/599/5 598/581/5 597/580/5
f 616/599/5 597/580/5 613/596/5
f 618/601/215 601/584/215 598/581/215
f 618/601/216 598/581/216 616/599/216
f 620/603/6 603/586/6 601/584/6
f 620/603/6 601/584/6 618/601/6
f 613/596/43 597/580/43 603/586/43
f 613/596/43 603/586/43 620/603/43
f 629/612/1 630/613/1 631/614/1
f 629/612/193 631/614/194 632/615/193
f 633/616/217 629/612/217 632/615/217
f 633/616/1 632/615/1 634/617/1
f 635/618/1 633/616/1 634/617/1
f 635/618/86 634/617/86 636/619/86
f 630/613/218 635/618/218 636/619/218
f 630/613/219 636/619/219 631/614/219
f 208/192/2 637/620/2 638/621/2
f 208/192/2 638/621/2 207/191/2
f 207/191/2 638/621/2 639/622/2
f 207/191/199 639/622/199 203/187/199
f 203/187/2 639/622/2 640/623/2
f 203/187/2 640/623/2 204/188/2
f 204/188/2 640/623/2 637/620/2
f 204/188/42 637/620/42 208/192/42
f 641/624/86 642/625/86 643/626/86
f 641/624/171 643/626/171 644/627/1
f 645/628/220 641/624/220 644/627/220
f 645/628/219 644/627/219 646/629/219
f 647/630/221 645/628/221 646/629/221
f 647/630/172 646/629/172 648/631/172
f 642/625/222 647/630/222 648/631/222
f 642/625/218 648/631/218 643/626/218
f 649/632/140 650/633/140 651/634/140
f 649/632/161 651/634/161 652/635/161
f 652/635/223 651/634/223 653/636/223
f 652/635/2 653/636/2 654/637/2
f 654/637/141 653/636/141 655/638/141
f 654/637/140 655/638/140 656/639/140
f 656/639/2 655/638/2 650/633/2
f 656/639/224 650/633/224 649/632/224
f 657/640/168 658/641/190 659/642/168
f 657/640/151 659/642/151 649/632/151
f 660/643/222 657/640/222 649/632/222
f 660/643/1 649/632/1 656/639/1
f 661/644/1 660/643/1 656/639/1
f 661/644/192 656/639/192 662/645/192
f 658/641/1 661/644/1 662/645/1
f 658/641/219 662/645/219 659/642/219
f 663/646/165 664/647/165 665/648/165
f 663/646/149 665/648/149 666/649/149
f 666/649/223 665/648/223 667/650/223
f 666/649/42 667/650/42 668/651/42
f 668/651/165 667/650/165 669/652/165
f 668/651/141 669/652/141 670/653/141
f 670/653/224 669/652/224 664/647/224
f 670/653/42 664/647/42 663/646/42
f 208/192/3 207/191/3 632/615/3
f 208/192/3 632/615/3 631/614/3
f 638/621/94 637/620/94 630/613/94
f 638/621/94 630/613/94 629/612/94
f 207/191/5 203/187/5 634/617/5
f 207/191/5 634/617/5 632/615/5
f 639/622/6 638/621/6 629/612/6
f 639/622/6 629/612/6 633/616/6
f 203/187/4 204/188/4 636/619/4
f 203/187/4 636/619/4 634/617/4
f 640/623/3 639/622/3 633/616/3
f 640/623/3 633/616/3 635/618/3
f 204/188/6 208/192/6 631/614/6
f 204/188/6 631/614/6 636/619/6
f 637/620/5 640/623/5 635/618/5
f 637/620/5 635/618/5 630/613/5
f 649/632/43 652/635/43 644/627/43
f 649/632/3 644/627/3 643/626/3
f 651/634/225 650/633/225 642/625/225
f 651/634/225 642/625/225 641/624/225
f 652/635/5 654/637/5 646/629/5
f 652/635/5 646/629/5 644/627/5
f 653/636/6 651/634/6 641/624/6
f 653/636/6 641/624/6 645/628/6
f 654/637/94 656/639/94 648/631/94
f 654/637/4 648/631/4 646/629/4
f 655/638/43 653/636/43 645/628/43
f 655/638/43 645/628/43 647/630/43
f 656/639/6 649/632/6 643/626/6
f 656/639/6 643/626/6 648/631/6
f 650/633/5 655/638/5 647/630/5
f 650/633/5 647/630/5 642/625/5
f 663/646/116 666/649/116 649/632/116
f 663/646/116 649/632/116 659/642/116
f 665/648/94 664/647/94 658/641/94
f 665/648/94 658/641/94 657/640/94
f 666/649/5 668/651/5 656/639/5
f 666/649/5 656/639/5 649/632/5
f 667/650/6 665/648/6 657/640/6
f 667/650/6 657/640/6 660/643/6
f 668/651/94 670/653/94 662/645/94
f 668/651/94 662/645/94 656/639/94
f 669/652/43 667/650/43 660/643/43
f 669/652/43 660/643/43 661/644/43
f 670/653/6 663/646/6 659/642/6
f 670/653/6 659/642/6 662/645/6
f 664/647/5 669/652/5 661/644/5
f 664/647/5 661/644/5 658/641/5
f 671/654/1 672/655/1 673/656/1
f 671/654/1 673/656/1 674/657/1
f 675/658/2 676/659/2 677/660/2
f 675/658/2 677/660/2 678/661/2
f 675/658/5 678/661/5 674/657/5
f 675/658/5 674/657/5 673/656/5
f 678/661/120 677/660/120 671/654/120
f 678/661/225 671/654/225 674/657/225
f 677/660/6 676/659/6 672/655/6
f 677/660/6 672/655/6 671/654/6
f 676/659/121 675/658/121 673/656/121
f 676/659/116 673/656/116 672/655/116
f 679/662/1 680/663/1 681/664/1
f 679/662/1 681/664/1 682/665/1
f 683/666/2 684/667/2 685/668/2
f 683/666/2 685/668/2 686/669/2
f 683/666/5 686/669/5 682/665/5
f 683/666/5 682/665/5 681/664/5
f 686/669/120 685/668/120 679/662/120
f 686/669/120 679/662/120 682/665/120
f 685/668/6 684/667/6 680/663/6
f 685/668/226 680/663/226 679/662/226
f 684/667/227 683/666/227 681/664/227
f 684/667/205 681/664/205 680/663/205
f 690/670/120 687/671/120 689/672/120
f 690/670/120 689/672/120 219/203/120
f 691/673/228 690/670/228 219/203/228
f 691/673/229 219/203/229 215/199/229
f 688/674/230 691/673/230 215/199/230
f 213/195/231 692/675/231 693/676/231
f 213/195/15 693/676/15 212/196/15
f 694/677/232 695/678/232 696/679/232
f 699/680/233 697/681/233 698/682/233
f 699/680/234 698/682/234 700/683/234
f 695/678/225 699/680/225 700/683/225
f 695/678/120 700/683/120 696/679/120
f 702/684/235 701/685/235 703/686/235
f 702/684/236 703/686/236 704/687/236
f 704/687/156 703/686/156 705/688/156
f 704/687/155 705/688/155 706/689/155
f 709/690/153 708/691/153 706/689/153
f 709/690/237 706/689/237 710/692/237
f 712/693/238 711/694/238 713/695/238
f 712/693/239 713/695/239 714/696/239
f 692/675/1 687/671/1 690/670/1
f 213/195/6 212/196/6 215/199/6
f 213/195/6 215/199/6 219/203/6
f 693/676/5 692/675/5 690/670/5
f 693/676/5 690/670/5 691/673/5
f 701/685/240 695/678/240 694/677/240
f 702/684/241 704/687/241 698/682/242
f 703/686/243 701/685/243 694/677/243
f 703/686/244 694/677/244 697/681/244
f 704/687/6 706/689/6 700/683/6
f 704/687/6 700/683/6 698/682/6
f 705/688/5 703/686/5 697/681/5
f 705/688/5 697/681/5 699/680/5
f 706/689/1 696/679/1 700/683/1
f 711/694/190 707/697/190 708/691/190
f 712/693/6 714/696/6 710/692/6
f 712/693/6 710/692/6 706/689/6
f 713/695/5 711/694/5 708/691/5
f 713/695/5 708/691/5 709/690/5
f 715/698/4 716/699/4 717/700/4
f 718/701/245 719/702/245 720/703/245
f 718/701/3 720/703/3 721/704/3
f 718/701/246 721/704/246 717/700/246
f 718/701/247 717/700/247 716/699/247
f 721/704/6 720/703/6 715/698/6
f 721/704/6 715/698/6 717/700/6
f 719/702/248 718/701/248 716/699/248
f 722/705/4 723/706/4 724/707/4
f 722/705/4 724/707/4 725/708/4
f 727/709/6 726/710/6 722/705/6
f 727/709/6 722/705/6 725/708/6
f 726/710/249 723/706/249 722/705/249
f 728/711/4 729/712/4 730/713/4
f 731/714/225 728/711/225 730/713/225
f 731/714/225 730/713/225 216/200/225
f 732/715/250 731/714/250 216/200/250
f 732/715/251 216/200/251 220/204/251
f 211/197/252 733/716/252 734/717/252
f 211/197/3 734/717/3 214/198/3
f 735/718/253 736/719/253 737/720/253
f 740/721/96 738/722/96 739/723/96
f 740/721/4 739/723/4 741/724/4
f 736/719/94 740/721/94 741/724/94
f 736/719/254 741/724/254 737/720/254
f 743/725/255 744/726/255 745/727/255
f 745/727/256 744/726/256 746/728/256
f 745/727/95 746/728/95 747/729/95
f 748/730/257 749/731/257 743/725/257
f 748/730/258 743/725/258 750/732/258
f 751/733/259 748/730/259 750/732/259
f 751/733/259 750/732/259 752/734/259
f 753/735/260 751/733/260 752/734/260
f 753/735/261 752/734/261 745/727/261
f 749/731/259 753/735/259 745/727/259
f 749/731/262 745/727/262 743/725/262
f 755/736/3 754/737/3 756/738/3
f 755/736/85 756/738/85 757/739/85
f 762/740/33 760/741/33 761/742/33
f 762/740/263 761/742/263 755/736/263
f 759/743/94 762/740/94 755/736/94
f 763/744/264 764/745/264 765/746/264
f 765/746/85 764/745/85 766/747/85
f 765/746/256 766/747/256 767/748/256
f 733/716/1 728/711/1 731/714/1
f 211/197/6 214/198/6 220/204/6
f 211/197/6 220/204/6 216/200/6
f 734/717/5 733/716/5 731/714/5
f 734/717/5 731/714/5 732/715/5
f 214/198/1 729/712/1 220/204/1
f 743/725/265 745/727/265 739/723/265
f 744/726/193 735/718/193 738/722/193
f 745/727/6 747/729/6 741/724/6
f 745/727/6 741/724/6 739/723/6
f 746/728/5 744/726/5 738/722/5
f 746/728/5 738/722/5 740/721/5
f 747/729/266 742/749/266 737/720/266
f 747/729/267 737/720/267 741/724/267
f 754/737/171 748/730/171 751/733/171
f 755/736/6 757/739/6 745/727/6
f 755/736/6 745/727/6 752/734/6
f 756/738/5 754/737/5 751/733/5
f 756/738/5 751/733/5 753/735/5
f 757/739/268 743/725/268 745/727/268
f 763/744/269 765/746/269 761/742/269
f 764/745/191 758/750/191 760/741/191
f 765/746/6 767/748/6 755/736/6
f 765/746/6 755/736/6 761/742/6
f 766/747/5 764/745/5 760/741/5
f 766/747/5 760/741/5 762/740/5
f 771/751/6 770/752/6 768/753/6
f 771/751/6 768/753/6 769/754/6
f 775/755/270 776/756/270 777/757/270
f 775/755/271 777/757/271 774/758/271
f 777/757/6 776/756/6 772/759/6
f 777/757/6 772/759/6 774/758/6
f 776/756/272 773/760/272 772/759/272
f 782/761/6 781/762/6 778/763/6
f 782/761/6 778/763/6 780/764/6
f 781/762/273 779/765/273 778/763/273
f 783/766/1 784/767/1 188/172/1
f 783/766/86 188/172/86 189/173/86
f 785/768/217 783/766/217 189/173/217
f 785/768/1 189/173/1 184/168/1
f 786/769/1 785/768/1 184/168/1
f 786/769/86 184/168/86 183/167/86
f 784/767/217 786/769/217 183/167/217
f 784/767/1 183/167/1 188/172/1
f 180/165/2 787/770/2 788/771/2
f 180/165/2 788/771/2 181/175/2
f 181/175/2 788/771/2 789/772/2
f 181/175/199 789/772/199 174/159/199
f 174/159/2 789/772/2 790/773/2
f 174/159/140 790/773/140 175/160/140
f 175/160/2 790/773/2 787/770/2
f 175/160/2 787/770/2 180/165/2
f 791/774/162 792/775/162 793/776/162
f 791/774/190 793/776/190 794/777/190
f 795/778/1 791/774/1 794/777/1
f 795/778/222 794/777/222 796/779/222
f 797/780/171 795/778/171 796/779/171
f 797/780/86 796/779/86 798/781/86
f 792/775/217 797/780/217 798/781/217
f 792/775/1 798/781/1 793/776/1
f 799/782/197 800/783/197 801/784/197
f 799/782/2 801/784/2 802/785/2
f 802/785/42 801/784/42 803/786/42
f 802/785/42 803/786/42 804/787/42
f 804/787/141 803/786/141 805/788/141
f 804/787/195 805/788/195 806/789/195
f 806/789/223 805/788/223 800/783/223
f 806/789/2 800/783/2 799/782/2
f 807/790/86 808/791/86 809/792/86
f 807/790/86 809/792/86 799/782/86
f 810/793/217 807/790/217 799/782/217
f 810/793/1 799/782/1 806/789/1
f 811/794/190 810/793/190 806/789/168
f 811/794/163 806/789/163 812/795/163
f 808/791/222 811/794/222 812/795/222
f 808/791/1 812/795/1 809/792/1
f 813/796/2 814/797/2 815/798/2
f 813/796/165 815/798/165 816/799/165
f 816/799/42 815/798/42 817/800/42
f 816/799/199 817/800/199 818/801/199
f 818/801/165 817/800/165 819/802/165
f 818/801/140 819/802/140 820/803/140
f 820/803/2 819/802/2 814/797/2
f 820/803/2 814/797/2 813/796/2
f 180/165/3 181/175/3 189/173/3
f 180/165/3 189/173/3 188/172/3
f 788/771/4 787/770/4 784/767/4
f 788/771/4 784/767/4 783/766/4
f 181/175/5 174/159/5 184/168/5
f 181/175/5 184/168/5 189/173/5
f 789/772/6 788/771/6 783/766/6
f 789/772/6 783/766/6 785/768/6
f 174/159/4 175/160/4 183/167/4
f 174/159/4 183/167/4 184/168/4
f 790/773/3 789/772/3 785/768/3
f 790/773/3 785/768/3 786/769/3
f 175/160/6 180/165/6 188/172/6
f 175/160/6 188/172/6 183/167/6
f 787/770/5 790/773/5 786/769/5
f 787/770/5 786/769/5 784/767/5
f 799/782/43 802/785/43 794/777/43
f 799/782/43 794/777/43 793/776/43
f 801/784/94 800/783/94 792/775/94
f 801/784/94 792/775/94 791/774/94
f 802/785/5 804/787/5 796/779/5
f 802/785/5 796/779/5 794/777/5
f 803/786/6 801/784/6 791/774/6
f 803/786/6 791/774/6 795/778/6
f 804/787/94 806/789/94 798/781/94
f 804/787/94 798/781/94 796/779/94
f 805/788/3 803/786/3 795/778/3
f 805/788/3 795/778/3 797/780/3
f 806/789/6 799/782/6 793/776/6
f 806/789/6 793/776/6 798/781/6
f 800/783/5 805/788/5 797/780/5
f 800/783/5 797/780/5 792/775/5
f 813/796/43 816/799/43 799/782/43
f 813/796/43 799/782/43 809/792/43
f 815/798/4 814/797/4 808/791/4
f 815/798/94 808/791/94 807/790/94
f 816/799/5 818/801/5 806/789/5
f 816/799/5 806/789/5 799/782/5
f 817/800/6 815/798/6 807/790/6
f 817/800/6 807/790/6 810/793/6
f 818/801/94 820/803/94 812/795/94
f 818/801/94 812/795/94 806/789/94
f 819/802/43 817/800/43 810/793/43
f 819/802/43 810/793/43 811/794/43
f 820/803/6 813/796/6 809/792/6
f 820/803/6 809/792/6 812/795/6
f 814/797/5 819/802/5 811/794/5
f 814/797/5 811/794/5 808/791/5
f 821/804/1 822/805/1 823/806/1
f 821/804/1 823/806/1 824/807/1
f 825/808/2 826/809/2 827/810/2
f 825/808/2 827/810/2 828/811/2
f 825/808/5 828/811/5 824/807/5
f 825/808/5 824/807/5 823/806/5
f 828/811/274 827/810/274 821/804/275
f 828/811/120 821/804/120 824/807/120
f 827/810/6 826/809/6 822/805/6
f 827/810/6 822/805/6 821/804/6
f 826/809/116 825/808/116 823/806/116
f 826/809/276 823/806/277 822/805/277
f 829/812/1 830/813/1 831/814/1
f 829/812/1 831/814/1 832/815/1
f 833/816/2 834/817/2 835/818/2
f 833/816/2 835/818/2 836/819/2
f 833/816/5 836/819/5 832/815/5
f 833/816/5 832/815/5 831/814/5
f 836/819/120 835/818/120 829/812/120
f 836/819/225 829/812/225 832/815/225
f 835/818/6 834/817/6 830/813/6
f 835/818/6 830/813/6 829/812/6
f 834/817/121 833/816/121 831/814/121
f 834/817/116 831/814/116 830/813/116
f 839/820/195 837/821/165 177/162/165
f 839/820/2 177/162/2 176/161/2
f 840/822/2 839/820/2 176/161/2
f 840/822/2 176/161/2 179/164/2
f 838/823/165 840/822/165 179/164/165
f 185/169/162 841/824/162 842/825/162
f 185/169/86 842/825/86 182/166/86
f 182/166/1 842/825/1 843/826/1
f 182/166/222 843/826/222 186/170/222
f 844/827/2 845/828/2 846/829/2
f 844/827/42 846/829/42 847/830/42
f 848/831/140 844/827/278 847/830/140
f 848/831/165 847/830/165 849/832/165
f 850/833/199 848/831/199 849/832/199
f 850/833/2 849/832/2 851/834/2
f 845/828/2 850/833/197 851/834/2
f 845/828/2 851/834/2 846/829/2
f 852/835/1 853/836/1 854/837/1
f 852/835/218 854/837/218 855/838/218
f 855/838/163 854/837/163 856/839/163
f 855/838/163 856/839/163 857/840/163
f 857/840/217 856/839/217 858/841/217
f 857/840/1 858/841/1 859/842/1
f 859/842/86 858/841/86 853/836/86
f 859/842/163 853/836/163 852/835/163
f 860/843/199 861/844/199 862/845/199
f 860/843/199 862/845/199 852/835/199
f 863/846/278 860/843/278 852/835/279
f 863/846/2 852/835/2 859/842/2
f 864/847/224 863/846/224 859/842/224
f 864/847/2 859/842/2 865/848/2
f 861/844/2 864/847/2 865/848/2
f 861/844/182 865/848/182 862/845/182
f 868/849/86 867/850/86 869/851/86
f 868/849/164 869/851/164 870/852/164
f 870/852/280 869/851/280 871/853/280
f 870/852/217 871/853/217 872/854/217
f 872/854/86 871/853/86 866/855/86
f 841/824/6 838/823/6 837/821/6
f 185/169/43 182/166/43 176/161/43
f 185/169/43 176/161/43 177/162/43
f 842/825/4 841/824/4 837/821/4
f 842/825/4 837/821/4 839/820/4
f 182/166/6 186/170/6 179/164/6
f 182/166/6 179/164/6 176/161/6
f 843/826/5 842/825/5 839/820/5
f 843/826/5 839/820/5 840/822/5
f 852/835/5 855/838/5 847/830/5
f 852/835/5 847/830/5 846/829/5
f 854/837/6 853/836/6 845/828/6
f 854/837/6 845/828/6 844/827/6
f 855/838/43 857/840/43 849/832/43
f 855/838/43 849/832/43 847/830/43
f 856/839/4 854/837/4 844/827/4
f 856/839/94 844/827/94 848/831/94
f 857/840/6 859/842/6 851/834/6
f 857/840/6 851/834/6 849/832/6
f 858/841/5 856/839/5 848/831/5
f 858/841/5 848/831/5 850/833/5
f 859/842/94 852/835/94 846/829/94
f 859/842/94 846/829/94 851/834/94
f 853/836/43 858/841/43 850/833/43
f 853/836/43 850/833/43 845/828/43
f 867/850/6 866/855/6 861/844/6
f 867/850/6 861/844/6 860/843/6
f 868/849/43 870/852/43 859/842/43
f 868/849/43 859/842/43 852/835/43
f 869/851/225 867/850/225 860/843/225
f 869/851/120 860/843/120 863/846/120
f 870/852/6 872/854/6 865/848/6
f 870/852/6 865/848/6 859/842/6
f 871/853/5 869/851/5 863/846/5
f 871/853/5 863/846/5 864/847/5
f 872/854/94 862/845/94 865/848/94
f 866/855/43 871/853/43 864/847/43
f 866/855/43 864/847/43 861/844/43
f 873/856/2 874/857/2 875/858/2
f 873/856/2 875/858/2 876/859/2
f 877/860/1 878/861/1 879/862/1
f 877/860/1 879/862/1 880/863/1
f 877/860/116 880/863/116 876/859/116
f 877/860/116 876/859/116 875/858/116
f 880/863/6 879/862/6 873/856/6
f 880/863/6 873/856/6 876/859/6
f 879/862/200 878/861/200 874/857/200
f 879/862/200 874/857/200 873/856/200
f 878/861/5 877/860/5 875/858/5
f 878/861/5 875/858/5 874/857/5
f 881/864/2 882/865/2 883/866/2
f 881/864/2 883/866/2 884/867/2
f 885/868/1 886/869/1 887/870/1
f 885/868/1 887/870/1 888/871/1
f 885/868/116 888/871/116 884/867/116
f 885/868/116 884/867/116 883/866/116
f 888/871/6 887/870/6 881/864/6
f 888/871/6 881/864/6 884/867/6
f 887/870/120 886/869/120 882/865/120
f 887/870/120 882/865/120 881/864/120
f 886/869/5 885/868/5 883/866/5
f 886/869/5 883/866/5 882/865/5
f 889/872/1 890/873/1 75/75/1
f 889/872/1 75/75/1 76/76/1
f 891/874/217 889/872/217 76/76/217
f 891/874/1 76/76/1 72/72/1
f 892/875/163 891/874/163 72/72/163
f 892/875/1 72/72/1 71/71/1
f 890/873/217 892/875/217 71/71/217
f 890/873/218 71/71/218 75/75/218
f 67/67/182 893/876/182 894/877/182
f 67/67/2 894/877/2 68/68/2
f 68/68/42 894/877/42 895/878/42
f 68/68/224 895/878/224 62/62/224
f 62/62/182 895/878/182 896/879/182
f 62/62/141 896/879/141 63/63/141
f 63/63/223 896/879/223 893/876/223
f 63/63/199 893/876/199 67/67/199
f 897/880/162 898/881/162 899/882/162
f 897/880/1 899/882/1 900/883/1
f 901/884/218 897/880/218 900/883/218
f 901/884/217 900/883/217 902/885/217
f 903/886/163 901/884/163 902/885/163
f 903/886/1 902/885/1 904/887/1
f 898/881/217 903/886/217 904/887/217
f 898/881/218 904/887/218 899/882/218
f 905/888/140 906/889/140 907/890/140
f 905/888/165 907/890/165 908/891/165
f 908/891/42 907/890/42 909/892/42
f 908/891/199 909/892/199 910/893/199
f 910/893/140 909/892/140 911/894/140
f 910/893/148 911/894/148 912/895/148
f 912/895/42 911/894/42 906/889/42
f 912/895/199 906/889/199 905/888/199
f 913/896/1 914/897/1 915/898/1
f 913/896/1 915/898/1 905/888/1
f 916/899/217 913/896/217 905/888/217
f 916/899/218 905/888/218 912/895/218
f 917/900/86 916/899/86 912/895/86
f 917/900/163 912/895/171 918/901/171
f 914/897/1 917/900/1 918/901/1
f 914/897/218 918/901/218 915/898/218
f 919/902/140 920/903/140 921/904/140
f 919/902/165 921/904/165 922/905/165
f 922/905/2 921/904/2 923/906/2
f 922/905/2 923/906/2 924/907/2
f 924/907/197 923/906/197 925/908/197
f 924/907/182 925/908/182 926/909/182
f 926/909/2 925/908/2 920/903/2
f 926/909/2 920/903/2 919/902/2
f 67/67/3 68/68/3 76/76/3
f 67/67/3 76/76/3 75/75/3
f 894/877/4 893/876/4 890/873/4
f 894/877/4 890/873/4 889/872/4
f 68/68/5 62/62/5 72/72/5
f 68/68/5 72/72/5 76/76/5
f 895/878/6 894/877/6 889/872/6
f 895/878/6 889/872/6 891/874/6
f 62/62/4 63/63/4 71/71/4
f 62/62/4 71/71/4 72/72/4
f 896/879/3 895/878/3 891/874/3
f 896/879/3 891/874/3 892/875/3
f 63/63/6 67/67/6 75/75/6
f 63/63/6 75/75/6 71/71/6
f 893/876/5 896/879/5 892/875/5
f 893/876/5 892/875/5 890/873/5
f 905/888/43 908/891/43 900/883/43
f 905/888/43 900/883/43 899/882/43
f 907/890/4 906/889/4 898/881/4
f 907/890/4 898/881/4 897/880/4
f 908/891/5 910/893/5 902/885/5
f 908/891/5 902/885/5 900/883/5
f 909/892/6 907/890/6 897/880/6
f 909/892/6 897/880/6 901/884/6
f 910/893/94 912/895/94 904/887/94
f 910/893/94 904/887/94 902/885/94
f 911/894/116 909/892/116 901/884/116
f 911/894/121 901/884/121 903/886/121
f 912/895/6 905/888/6 899/882/6
f 912/895/6 899/882/6 904/887/6
f 906/889/5 911/894/5 903/886/5
f 906/889/5 903/886/5 898/881/5
f 919/902/43 922/905/43 905/888/43
f 919/902/43 905/888/43 915/898/43
f 921/904/94 920/903/94 914/897/94
f 921/904/94 914/897/94 913/896/94
f 922/905/5 924/907/5 912/895/5
f 922/905/5 912/895/5 905/888/5
f 923/906/6 921/904/6 913/896/6
f 923/906/6 913/896/6 916/899/6
f 924/907/94 926/909/94 918/901/94
f 924/907/4 918/901/4 912/895/4
f 925/908/43 923/906/43 916/899/43
f 925/908/116 916/899/116 917/900/116
f 926/909/6 919/902/6 915/898/6
f 926/909/6 915/898/6 918/901/6
f 920/903/5 925/908/5 917/900/5
f 920/903/5 917/900/5 914/897/5
f 927/910/1 928/911/1 929/912/1
f 927/910/1 929/912/1 930/913/1
f 931/914/2 932/915/2 933/916/2
f 931/914/2 933/916/2 934/917/2
f 931/914/5 934/917/5 930/913/5
f 931/914/5 930/913/5 929/912/5
f 934/917/120 933/916/120 927/910/120
f 934/917/225 927/910/225 930/913/225
f 933/916/6 932/915/6 928/911/6
f 933/916/6 928/911/6 927/910/6
f 932/915/121 931/914/121 929/912/121
f 932/915/121 929/912/121 928/911/121
f 935/918/1 936/919/1 937/920/1
f 935/918/1 937/920/1 938/921/1
f 939/922/2 940/923/2 941/924/2
f 939/922/2 941/924/2 942/925/2
f 939/922/5 942/925/5 938/921/5
f 939/922/5 938/921/5 937/920/5
f 942/925/225 941/924/225 935/918/225
f 942/925/120 935/918/120 938/921/120
f 941/924/6 940/923/6 936/919/6
f 941/924/6 936/919/6 935/918/6
f 940/923/116 939/922/116 937/920/116
f 940/923/121 937/920/121 936/919/121
f 943/926/224 944/927/224 69/69/224
f 943/926/2 69/69/2 65/65/2
f 945/928/2 943/926/2 65/65/2
f 945/928/165 65/65/165 64/64/165
f 946/929/199 945/928/199 64/64/199
f 946/929/199 64/64/199 66/66/199
f 944/927/141 946/929/141 66/66/141
f 944/927/182 66/66/182 69/69/182
f 77/77/1 947/930/1 948/931/1
f 77/77/1 948/931/1 73/73/1
f 73/73/192 948/931/192 949/932/192
f 73/73/1 949/932/1 70/70/1
f 70/70/218 949/932/218 950/933/218
f 70/70/217 950/933/217 74/74/217
f 74/74/86 950/933/86 947/930/86
f 74/74/1 947/930/1 77/77/1
f 951/934/42 952/935/42 953/936/42
f 951/934/281 953/936/281 954/937/281
f 955/938/182 951/934/182 954/937/182
f 955/938/141 954/937/141 956/939/141
f 957/940/224 955/938/224 956/939/224
f 957/940/42 956/939/42 958/941/42
f 952/935/165 957/940/165 958/941/165
f 952/935/282 958/941/282 953/936/282
f 959/942/1 960/943/1 961/944/1
f 959/942/217 961/944/217 962/945/217
f 962/945/86 961/944/86 963/946/86
f 962/945/162 963/946/162 964/947/162
f 964/947/218 963/946/218 965/948/218
f 964/947/1 965/948/1 966/949/1
f 966/949/86 965/948/86 960/943/86
f 966/949/162 960/943/162 959/942/162
f 967/950/2 968/951/2 969/952/2
f 967/950/2 969/952/2 959/942/2
f 970/953/141 967/950/141 959/942/141
f 970/953/140 959/942/140 966/949/140
f 971/954/2 970/953/2 966/949/2
f 971/954/2 966/949/2 972/955/2
f 968/951/2 971/954/195 972/955/2
f 968/951/140 972/955/140 969/952/140
f 973/956/218 974/957/218 975/958/218
f 973/956/1 975/958/1 976/959/1
f 976/959/190 975/958/190 977/960/190
f 976/959/162 977/960/162 978/961/162
f 978/961/1 977/960/1 979/962/1
f 978/961/1 979/962/1 980/963/1
f 980/963/86 979/962/86 974/957/86
f 980/963/1 974/957/1 973/956/1
f 77/77/5 73/73/5 65/65/5
f 77/77/5 65/65/5 69/69/5
f 948/931/6 947/930/6 944/927/6
f 948/931/6 944/927/6 943/926/6
f 73/73/3 70/70/3 64/64/3
f 73/73/3 64/64/3 65/65/3
f 949/932/4 948/931/4 943/926/4
f 949/932/4 943/926/4 945/928/4
f 70/70/6 74/74/6 66/66/6
f 70/70/6 66/66/6 64/64/6
f 950/933/5 949/932/5 945/928/5
f 950/933/5 945/928/5 946/929/5
f 74/74/94 77/77/94 69/69/94
f 74/74/94 69/69/94 66/66/94
f 947/930/3 950/933/3 946/929/3
f 947/930/3 946/929/3 944/927/3
f 959/942/5 962/945/5 954/937/5
f 959/942/5 954/937/5 953/936/5
f 961/944/6 960/943/6 952/935/6
f 961/944/6 952/935/6 951/934/6
f 962/945/3 964/947/3 956/939/3
f 962/945/43 956/939/43 954/937/43
f 963/946/94 961/944/94 951/934/94
f 963/946/94 951/934/94 955/938/94
f 964/947/6 966/949/6 958/941/6
f 964/947/6 958/941/6 956/939/6
f 965/948/5 963/946/5 955/938/5
f 965/948/5 955/938/5 957/940/5
f 966/949/120 959/942/120 953/936/120
f 966/949/120 953/936/120 958/941/120
f 960/943/43 965/948/43 957/940/43
f 960/943/43 957/940/43 952/935/43
f 973/956/5 976/959/5 959/942/5
f 973/956/5 959/942/5 969/952/5
f 975/958/6 974/957/6 968/951/6
f 975/958/6 968/951/6 967/950/6
f 976/959/43 978/961/43 966/949/43
f 976/959/43 966/949/43 959/942/43
f 977/960/94 975/958/94 967/950/94
f 977/960/94 967/950/94 970/953/94
f 978/961/6 980/963/6 972/955/6
f 978/961/6 972/955/6 966/949/6
f 979/962/5 977/960/5 970/953/5
f 979/962/5 970/953/5 971/954/5
f 980/963/4 973/956/4 969/952/4
f 980/963/94 969/952/94 972/955/94
f 974/957/43 979/962/43 971/954/43
f 974/957/3 971/954/3 968/951/3
f 981/964/2 982/965/2 983/966/2
f 981/964/2 983/966/2 984/967/2
f 985/968/1 986/969/1 987/970/1
f 985/968/1 987/970/1 988/971/1
f 985/968/116 988/971/116 984/967/116
f 985/968/116 984/967/116 983/966/116
f 988/971/6 987/970/6 981/964/6
f 988/971/6 981/964/6 984/967/6
f 987/970/120 986/969/120 982/965/120
f 987/970/120 982/965/120 981/964/120
f 986/969/5 985/968/5 983/966/5
f 986/969/5 983/966/5 982/965/5
f 989/972/2 990/973/2 991/974/2
f 989/972/2 991/974/2 992/975/2
f 993/976/1 994/977/1 995/978/1
f 993/976/1 995/978/1 996/979/1
f 993/976/116 996/979/116 992/975/116
f 993/976/116 992/975/116 991/974/116
f 996/979/6 995/978/6 989/972/6
f 996/979/6 989/972/6 992/975/6
f 995/978/120 994/977/120 990/973/120
f 995/978/120 990/973/120 989/972/120
f 994/977/5 993/976/5 991/974/5
f 994/977/5 991/974/5 990/973/5
f 997/980/218 998/981/218 11/6/218
f 997/980/1 11/6/1 5/5/1
f 999/982/141 1000/983/141 1001/984/141
f 999/982/140 1001/984/140 1002/985/140
f 1002/985/2 1001/984/2 1003/986/2
f 1002/985/2 1003/986/2 1004/987/2
f 1004/987/140 1003/986/140 1005/988/140
f 1004/987/2 1005/988/2 1006/989/2
f 1006/989/42 1005/988/42 1000/983/42
f 1006/989/199 1000/983/199 999/982/199
f 1007/990/151 1008/991/151 1009/992/151
f 1008/991/219 1010/993/219 1009/992/219
f 1011/994/182 1012/995/182 1013/996/182
f 1011/994/195 1013/996/195 1014/997/195
f 1014/997/42 1013/996/42 1015/998/42
f 1014/997/199 1015/998/199 1016/999/199
f 1016/999/165 1015/998/165 1017/1000/165
f 1016/999/2 1017/1000/2 1018/1001/2
f 1018/1001/199 1017/1000/199 1012/995/199
f 1018/1001/42 1012/995/42 1011/994/42
f 1019/1002/1 1020/1003/1 1021/1004/1
f 1019/1002/162 1021/1004/162 1011/994/162
f 1022/1005/217 1019/1002/217 1011/994/217
f 1022/1005/218 1011/994/218 1018/1001/218
f 1023/1006/192 1022/1005/192 1018/1001/192
f 1023/1006/162 1018/1001/162 1024/1007/162
f 1020/1003/218 1023/1006/218 1024/1007/218
f 1020/1003/217 1024/1007/217 1021/1004/217
f 1025/1008/2 1026/1009/2 1027/1010/2
f 1025/1008/182 1027/1010/182 1028/1011/182
f 1028/1011/283 1027/1010/283 1029/1012/283
f 1028/1011/284 1029/1012/284 1030/1013/284
f 1030/1013/197 1029/1012/197 1031/1014/197
f 1030/1013/161 1031/1014/161 1032/1015/161
f 1032/1015/199 1031/1014/199 1026/1009/199
f 1032/1015/42 1026/1009/42 1025/1008/42
f 1001/984/94 1000/983/94 997/980/94
f 1004/987/4 1006/989/4 11/6/4
f 1006/989/6 999/982/6 5/5/6
f 1006/989/6 5/5/6 11/6/6
f 1000/983/5 1005/988/5 998/981/5
f 1000/983/5 998/981/5 997/980/5
f 1013/996/4 1012/995/4 1008/991/4
f 1013/996/94 1008/991/94 1007/990/94
f 1015/998/6 1013/996/6 1007/990/6
f 1016/999/94 1018/1001/94 1010/993/94
f 1018/1001/6 1011/994/6 1009/992/6
f 1018/1001/6 1009/992/6 1010/993/6
f 1025/1008/43 1028/1011/43 1011/994/43
f 1025/1008/3 1011/994/3 1021/1004/3
f 1027/1010/94 1026/1009/94 1020/1003/94
f 1027/1010/4 1020/1003/4 1019/1002/4
f 1028/1011/5 1030/1013/5 1018/1001/5
f 1028/1011/5 1018/1001/5 1011/994/5
f 1029/1012/6 1027/1010/6 1019/1002/6
f 1029/1012/6 1019/1002/6 1022/1005/6
f 1030/1013/94 1032/1015/94 1024/1007/94
f 1030/1013/94 1024/1007/94 1018/1001/94
f 1031/1014/3 1029/1012/3 1022/1005/3
f 1031/1014/3 1022/1005/3 1023/1006/3
f 1032/1015/6 1025/1008/6 1021/1004/6
f 1032/1015/6 1021/1004/6 1024/1007/6
f 1026/1009/5 1031/1014/5 1023/1006/5
f 1026/1009/5 1023/1006/5 1020/1003/5
f 1033/1016/1 1034/1017/1 1035/1018/1
f 1033/1016/1 1035/1018/1 1036/1019/1
f 1037/1020/2 1038/1021/2 1039/1022/2
f 1037/1020/5 1036/1019/5 1035/1018/5
f 1039/1022/6 1038/1021/6 1034/1017/6
f 1039/1022/6 1034/1017/6 1033/1016/6
f 1038/1021/121 1037/1020/121 1035/1018/121
f 1038/1021/116 1035/1018/116 1034/1017/116
f 1040/1023/1 1041/1024/1 1042/1025/1
f 1040/1023/1 1042/1025/1 1043/1026/1
f 1044/1027/2 1045/1028/2 1046/1029/2
f 1044/1027/2 1046/1029/2 1047/1030/2
f 1044/1027/285 1047/1030/285 1043/1026/285
f 1044/1027/5 1043/1026/5 1042/1025/5
f 1047/1030/216 1046/1029/216 1040/1023/216
f 1047/1030/286 1040/1023/286 1043/1026/286
f 1046/1029/226 1045/1028/226 1041/1024/226
f 1046/1029/6 1041/1024/6 1040/1023/6
f 1045/1028/287 1044/1027/287 1042/1025/287
f 1045/1028/287 1042/1025/287 1041/1024/287
f 1048/1031/219 1049/1032/219 4/4/219
f 1048/1031/218 4/4/218 10/3/218
f 1050/1033/140 1051/1034/140 1052/1035/140
f 1050/1033/2 1052/1035/2 1053/1036/2
f 1053/1036/199 1052/1035/199 1054/1037/199
f 1053/1036/42 1054/1037/42 1055/1038/42
f 1055/1038/140 1054/1037/140 1056/1039/140
f 1055/1038/140 1056/1039/140 1057/1040/140
f 1057/1040/42 1056/1039/42 1051/1034/42
f 1057/1040/223 1051/1034/223 1050/1033/223
f 1058/1041/86 1059/1042/86 1060/1043/86
f 1058/1041/164 1060/1043/164 1061/1044/164
f 1062/1045/288 1058/1041/288 1061/1044/288
f 1062/1045/219 1061/1044/219 1063/1046/219
f 1064/1047/140 1065/1048/140 1066/1049/140
f 1064/1047/140 1066/1049/140 1067/1050/140
f 1067/1050/140 1066/1049/140 1068/1051/140
f 1067/1050/42 1068/1051/42 1069/1052/42
f 1069/1052/140 1068/1051/140 1070/1053/140
f 1069/1052/2 1070/1053/2 1071/1054/2
f 1071/1054/2 1070/1053/2 1065/1048/2
f 1071/1054/2 1065/1048/2 1064/1047/2
f 1072/1055/86 1073/1056/86 1074/1057/86
f 1072/1055/86 1074/1057/86 1064/1047/86
f 1075/1058/190 1071/1054/190 1076/1059/190
f 1073/1056/1 1075/1058/1 1076/1059/1
f 1073/1056/1 1076/1059/1 1074/1057/1
f 1077/1060/195 1078/1061/195 1079/1062/195
f 1077/1060/140 1079/1062/140 1080/1063/140
f 1080/1063/2 1079/1062/2 1081/1064/2
f 1080/1063/2 1081/1064/2 1082/1065/2
f 1082/1065/195 1081/1064/195 1083/1066/195
f 1082/1065/182 1083/1066/182 1084/1067/182
f 1084/1067/281 1083/1066/281 1078/1061/281
f 1084/1067/284 1078/1061/284 1077/1060/284
f 1052/1035/94 1051/1034/94 1048/1031/94
f 1055/1038/4 1057/1040/4 4/4/4
f 1057/1040/6 1050/1033/6 10/3/6
f 1057/1040/6 10/3/6 4/4/6
f 1051/1034/5 1056/1039/5 1049/1032/5
f 1051/1034/5 1049/1032/5 1048/1031/5
f 1064/1047/121 1067/1050/121 1061/1044/121
f 1064/1047/43 1061/1044/43 1060/1043/43
f 1066/1049/94 1065/1048/94 1059/1042/94
f 1066/1049/4 1059/1042/4 1058/1041/4
f 1067/1050/5 1069/1052/5 1063/1046/5
f 1067/1050/5 1063/1046/5 1061/1044/5
f 1068/1051/6 1066/1049/6 1058/1041/6
f 1068/1051/6 1058/1041/6 1062/1045/6
f 1070/1053/43 1068/1051/43 1062/1045/43
f 1071/1054/6 1064/1047/6 1060/1043/6
f 1077/1060/116 1080/1063/116 1064/1047/116
f 1077/1060/121 1064/1047/121 1074/1057/121
f 1079/1062/94 1078/1061/94 1073/1056/94
f 1079/1062/94 1073/1056/94 1072/1055/94
f 1080/1063/5 1082/1065/5 1071/1054/5
f 1080/1063/5 1071/1054/5 1064/1047/5
f 1081/1064/6 1079/1062/6 1072/1055/6
f 1082/1065/94 1084/1067/94 1076/1059/94
f 1082/1065/94 1076/1059/94 1071/1054/94
f 1084/1067/6 1077/1060/6 1074/1057/6
f 1084/1067/6 1074/1057/6 1076/1059/6
f 1078/1061/5 1083/1066/5 1075/1058/5
f 1078/1061/5 1075/1058/5 1073/1056/5
f 1088/1068/116 1087/1069/116 1086/1070/116
f 1089/1071/1 1090/1072/1 1091/1073/1
f 1089/1071/1 1091/1073/1 1092/1074/1
f 1093/1075/2 1094/1076/2 1095/1077/2
f 1093/1075/140 1095/1077/140 1096/1078/140
f 1093/1075/289 1096/1078/289 1092/1074/289
f 1093/1075/5 1092/1074/5 1091/1073/5
f 1096/1078/286 1095/1077/286 1089/1071/286
f 1096/1078/225 1089/1071/225 1092/1074/225
f 1095/1077/6 1094/1076/6 1090/1072/6
f 1095/1077/6 1090/1072/6 1089/1071/6
f 1094/1076/287 1093/1075/287 1091/1073/287
f 1094/1076/121 1091/1073/121 1090/1072/121
f 1099/1079/290 1098/1080/290 47/50/290
f 1100/1081/291 1099/1079/291 47/50/291
f 1100/1081/292 47/50/292 46/47/292
f 1097/1082/293 1100/1081/293 46/47/293
f 1097/1082/294 46/47/294 49/46/294
f 56/56/230 1101/1083/230 1102/1084/230
f 56/56/230 1102/1084/230 61/61/230
f 61/61/295 1102/1084/295 1103/1085/295
f 61/61/296 1103/1085/296 55/55/296
f 55/55/120 1103/1085/120 1104/1086/120
f 55/55/225 1104/1086/225 52/52/225
f 52/52/297 1104/1086/297 1101/1083/297
f 52/52/298 1101/1083/298 56/56/298
f 1105/1087/299 1106/1088/299 1107/1089/299
f 1105/1087/300 1107/1089/300 1108/1090/300
f 1109/1091/301 1105/1087/301 1108/1090/301
f 1109/1091/302 1108/1090/302 1110/1092/302
f 1111/1093/303 1109/1091/303 1110/1092/303
f 1111/1093/304 1110/1092/304 1112/1094/304
f 1106/1088/305 1111/1093/305 1112/1094/305
f 1106/1088/306 1112/1094/306 1107/1089/306
f 1113/1095/230 1114/1096/230 1115/1097/230
f 1113/1095/230 1115/1097/230 1116/1098/230
f 1116/1098/4 1115/1097/4 1117/1099/4
f 1116/1098/31 1117/1099/31 1118/1100/31
f 1118/1100/230 1117/1099/230 1119/1101/230
f 1118/1100/307 1119/1101/307 1120/1102/307
f 1120/1102/228 1119/1101/228 1114/1096/228
f 1120/1102/33 1114/1096/33 1113/1095/33
f 1121/1103/308 1122/1104/308 1123/1105/308
f 1121/1103/308 1123/1105/308 1113/1095/308
f 1124/1106/309 1121/1103/309 1113/1095/309
f 1124/1106/310 1113/1095/310 1120/1102/310
f 1125/1107/311 1124/1106/311 1120/1102/311
f 1125/1107/312 1120/1102/312 1126/1108/312
f 1122/1104/313 1125/1107/313 1126/1108/313
f 1122/1104/3 1126/1108/3 1123/1105/3
f 1127/1109/230 1128/1110/230 1129/1111/230
f 1127/1109/230 1129/1111/230 1130/1112/230
f 1130/1112/314 1129/1111/314 1131/1113/314
f 1130/1112/315 1131/1113/315 1132/1114/315
f 1132/1114/316 1131/1113/316 1133/1115/316
f 1132/1114/230 1133/1115/230 1134/1116/230
f 1134/1116/317 1133/1115/317 1128/1110/317
f 1134/1116/318 1128/1110/318 1127/1109/318
f 56/56/319 61/61/319 1098/1080/319
f 56/56/320 1098/1080/320 49/46/320
f 1102/1084/321 1101/1083/321 1097/1082/321
f 61/61/322 55/55/322 47/50/322
f 61/61/323 47/50/323 1098/1080/323
f 55/55/324 52/52/324 46/47/324
f 55/55/325 46/47/325 47/50/325
f 1104/1086/326 1103/1085/326 1099/1079/326
f 1104/1086/327 1099/1079/327 1100/1081/327
f 52/52/328 56/56/328 49/46/328
f 52/52/329 49/46/329 46/47/329
f 1101/1083/330 1104/1086/330 1100/1081/330
f 1101/1083/331 1100/1081/331 1097/1082/331
f 1113/1095/332 1116/1098/332 1108/1090/332
f 1113/1095/333 1108/1090/333 1107/1089/333
f 1115/1097/334 1114/1096/334 1106/1088/334
f 1115/1097/335 1106/1088/335 1105/1087/335
f 1116/1098/5 1118/1100/5 1110/1092/5
f 1116/1098/336 1110/1092/336 1108/1090/336
f 1117/1099/337 1115/1097/337 1105/1087/337
f 1117/1099/338 1105/1087/338 1109/1091/338
f 1118/1100/339 1120/1102/339 1112/1094/339
f 1118/1100/340 1112/1094/340 1110/1092/340
f 1119/1101/341 1117/1099/341 1109/1091/341
f 1119/1101/342 1109/1091/342 1111/1093/342
f 1120/1102/343 1113/1095/343 1107/1089/343
f 1120/1102/344 1107/1089/344 1112/1094/344
f 1114/1096/345 1119/1101/345 1111/1093/345
f 1114/1096/346 1111/1093/346 1106/1088/346
f 1127/1109/165 1130/1112/165 1113/1095/165
f 1127/1109/165 1113/1095/165 1123/1105/165
f 1129/1111/1 1128/1110/1 1122/1104/1
f 1129/1111/1 1122/1104/1 1121/1103/1
f 1130/1112/5 1132/1114/5 1120/1102/5
f 1130/1112/5 1120/1102/5 1113/1095/5
f 1131/1113/347 1129/1111/347 1121/1103/347
f 1131/1113/348 1121/1103/348 1124/1106/348
f 1132/1114/162 1134/1116/162 1126/1108/162
f 1132/1114/162 1126/1108/162 1120/1102/162
f 1133/1115/349 1131/1113/349 1124/1106/349
f 1133/1115/350 1124/1106/350 1125/1107/350
f 1134/1116/6 1127/1109/6 1123/1105/6
f 1134/1116/6 1123/1105/6 1126/1108/6
f 1128/1110/351 1133/1115/351 1125/1107/351
f 1128/1110/352 1125/1107/352 1122/1104/352
f 1135/1117/3 1136/1118/3 1137/1119/3
f 1135/1117/3 1137/1119/3 1138/1120/3
f 1139/1121/353 1140/1122/353 1141/1123/353
f 1139/1121/354 1141/1123/354 1142/1124/354
f 1139/1121/5 1142/1124/5 1138/1120/5
f 1139/1121/5 1138/1120/5 1137/1119/5
f 1142/1124/355 1141/1123/355 1135/1117/355
f 1142/1124/190 1135/1117/190 1138/1120/190
f 1141/1123/356 1140/1122/356 1136/1118/356
f 1141/1123/357 1136/1118/357 1135/1117/357
f 1140/1122/282 1139/1121/282 1137/1119/282
f 1140/1122/282 1137/1119/282 1136/1118/282
f 1143/1125/358 1144/1126/358 1145/1127/358
f 1143/1125/359 1145/1127/359 1146/1128/359
f 1147/1129/4 1148/1130/4 1149/1131/4
f 1147/1129/4 1149/1131/4 1150/1132/4
f 1147/1129/5 1150/1132/5 1146/1128/5
f 1147/1129/360 1146/1128/360 1145/1127/360
f 1150/1132/190 1149/1131/190 1143/1125/190
f 1150/1132/190 1143/1125/190 1146/1128/190
f 1149/1131/361 1148/1130/361 1144/1126/361
f 1149/1131/362 1144/1126/362 1143/1125/362
f 1148/1130/363 1147/1129/363 1145/1127/363
f 1148/1130/364 1145/1127/364 1144/1126/364
f 54/54/365 1152/1133/365 1153/1134/365
f 54/54/97 1153/1134/97 59/59/97
f 59/59/120 1153/1134/120 1154/1135/120
f 59/59/225 1154/1135/225 58/58/225
f 58/58/4 1154/1135/4 1155/1136/4
f 58/58/296 1155/1136/296 53/53/296
f 53/53/120 1155/1136/120 1152/1133/120
f 53/53/225 1152/1133/225 54/54/225
f 1161/1137/230 1160/1138/230 1162/1139/230
f 1161/1137/230 1162/1139/230 1163/1140/230
f 1163/1140/366 1162/1139/366 1164/1141/366
f 1163/1140/96 1164/1141/96 1165/1142/96
f 1167/1143/367 1166/1144/367 1165/1142/367
f 1167/1143/368 1165/1142/368 1168/1145/368
f 1171/1146/230 1172/1147/230 1173/1148/230
f 1173/1148/365 1172/1147/365 1174/1149/365
f 1173/1148/369 1174/1149/369 1175/1150/369
f 1175/1150/230 1174/1149/230 1170/1151/230
f 1175/1150/230 1170/1151/230 1169/1152/230
f 58/58/370 53/53/370 45/48/370
f 1152/1133/371 1155/1136/371 1151/1153/371
f 1163/1140/6 1165/1142/6 1159/1154/6
f 1164/1141/372 1162/1139/372 1157/1155/372
f 1164/1141/373 1157/1155/373 1158/1156/373
f 1171/1146/86 1173/1148/86 1165/1142/86
f 1173/1148/6 1175/1150/6 1168/1145/6
f 1173/1148/6 1168/1145/6 1165/1142/6
f 1174/1149/374 1172/1147/374 1166/1144/374
f 1174/1149/375 1166/1144/375 1167/1143/375
f 1170/1151/376 1174/1149/376 1167/1143/376
f 1178/1157/377 1179/1158/377 1180/1159/377
f 1181/1160/378 1182/1161/378 1183/1162/378
f 1181/1160/379 1183/1162/379 1184/1163/379
f 1187/1164/6 1186/1165/6 1181/1160/6
f 1187/1164/6 1181/1160/6 1184/1163/6
f 1186/1165/380 1185/1166/380 1182/1161/380
f 1186/1165/381 1182/1161/381 1181/1160/381
f 1185/1166/382 1183/1162/382 1182/1161/382
f 1188/1167/43 1189/1168/43 41/40/43
f 1188/1167/43 41/40/43 42/41/43
f 1190/1169/112 1188/1167/112 42/41/112
f 1190/1169/3 42/41/3 37/36/3
f 1191/1170/43 1190/1169/43 37/36/43
f 1191/1170/43 37/36/43 36/35/43
f 1189/1168/160 1191/1170/160 36/35/160
f 1189/1168/178 36/35/178 41/40/178
f 26/24/383 1193/1171/383 1194/1172/383
f 26/24/383 1194/1172/383 27/25/383
f 27/25/384 1194/1172/384 1192/1173/384
f 27/25/385 1192/1173/385 32/30/385
f 1195/1174/43 1196/1175/43 1197/1176/43
f 1195/1174/3 1197/1176/3 1198/1177/3
f 1199/1178/386 1195/1174/386 1198/1177/386
f 1199/1178/387 1198/1177/387 1200/1179/387
f 1201/1180/388 1199/1178/388 1200/1179/388
f 1201/1180/3 1200/1179/3 1202/1181/3
f 1196/1175/389 1201/1180/389 1202/1181/389
f 1196/1175/3 1202/1181/3 1197/1176/3
f 1205/1182/390 1206/1183/390 1207/1184/390
f 1207/1184/383 1206/1183/383 1208/1185/383
f 1207/1184/391 1208/1185/391 1209/1186/391
f 1209/1186/392 1208/1185/392 1204/1187/392
f 1209/1186/393 1204/1187/393 1203/1188/393
f 1210/1189/43 1211/1190/43 1212/1191/43
f 1210/1189/43 1212/1191/43 1203/1188/43
f 1213/1192/394 1210/1189/394 1203/1188/394
f 1213/1192/3 1203/1188/3 1209/1186/3
f 1214/1193/43 1213/1192/43 1209/1186/43
f 1214/1193/43 1209/1186/43 1215/1194/43
f 1211/1190/389 1214/1193/389 1215/1194/389
f 1211/1190/3 1215/1194/3 1212/1191/3
f 1216/1195/395 1217/1196/395 1218/1197/395
f 1216/1195/396 1218/1197/396 1219/1198/396
f 1219/1198/397 1218/1197/397 1220/1199/397
f 1219/1198/398 1220/1199/398 1221/1200/398
f 1221/1200/399 1220/1199/399 1222/1201/399
f 1221/1200/400 1222/1201/400 1223/1202/400
f 1223/1202/401 1222/1201/401 1217/1196/401
f 1223/1202/402 1217/1196/402 1216/1195/402
f 32/30/403 42/41/403 41/40/403
f 1193/1171/404 1188/1167/404 1190/1169/404
f 26/24/405 27/25/405 36/35/405
f 26/24/405 36/35/405 37/36/405
f 1194/1172/406 1193/1171/406 1190/1169/406
f 1194/1172/406 1190/1169/406 1191/1170/406
f 27/25/407 32/30/407 41/40/407
f 27/25/25 41/40/25 36/35/25
f 1192/1173/408 1194/1172/408 1191/1170/408
f 1192/1173/409 1191/1170/409 1189/1168/409
f 1203/1188/195 1205/1182/195 1198/1177/195
f 1203/1188/140 1198/1177/140 1197/1176/140
f 1205/1182/410 1207/1184/410 1200/1179/410
f 1205/1182/5 1200/1179/5 1198/1177/5
f 1206/1183/411 1195/1174/411 1199/1178/411
f 1207/1184/412 1209/1186/412 1202/1181/412
f 1207/1184/413 1202/1181/413 1200/1179/413
f 1208/1185/414 1206/1183/414 1199/1178/414
f 1208/1185/415 1199/1178/415 1201/1180/415
f 1209/1186/6 1203/1188/6 1197/1176/6
f 1209/1186/6 1197/1176/6 1202/1181/6
f 1204/1187/416 1208/1185/416 1201/1180/416
f 1204/1187/417 1201/1180/417 1196/1175/417
f 1216/1195/418 1219/1198/418 1203/1188/418
f 1216/1195/140 1203/1188/140 1212/1191/140
f 1218/1197/419 1217/1196/419 1211/1190/419
f 1218/1197/419 1211/1190/419 1210/1189/419
f 1219/1198/420 1221/1200/420 1209/1186/420
f 1219/1198/421 1209/1186/421 1203/1188/421
f 1220/1199/422 1218/1197/422 1210/1189/422
f 1220/1199/423 1210/1189/423 1213/1192/423
f 1221/1200/424 1223/1202/424 1215/1194/424
f 1221/1200/425 1215/1194/425 1209/1186/425
f 1222/1201/426 1220/1199/426 1213/1192/426
f 1222/1201/427 1213/1192/427 1214/1193/427
f 1223/1202/6 1216/1195/6 1212/1191/6
f 1223/1202/6 1212/1191/6 1215/1194/6
f 1217/1196/428 1222/1201/428 1214/1193/428
f 1217/1196/429 1214/1193/429 1211/1190/429
f 1224/1203/430 1225/1204/430 1226/1205/430
f 1224/1203/431 1226/1205/431 1227/1206/431
f 1228/1207/4 1229/1208/4 1230/1209/4
f 1228/1207/432 1230/1209/432 1231/1210/432
f 1228/1207/433 1231/1210/433 1227/1206/433
f 1228/1207/434 1227/1206/434 1226/1205/434
f 1231/1210/435 1230/1209/435 1224/1203/435
f 1231/1210/436 1224/1203/436 1227/1206/436
f 1230/1209/6 1229/1208/6 1225/1204/6
f 1230/1209/6 1225/1204/6 1224/1203/6
f 1229/1208/437 1228/1207/437 1226/1205/437
f 1229/1208/438 1226/1205/438 1225/1204/438
f 1232/1211/3 1233/1212/3 1234/1213/3
f 1232/1211/3 1234/1213/3 1235/1214/3
f 1236/1215/4 1237/1216/4 1238/1217/4
f 1236/1215/439 1238/1217/439 1239/1218/439
f 1236/1215/440 1239/1218/440 1235/1214/440
f 1236/1215/5 1235/1214/5 1234/1213/5
f 1239/1218/441 1238/1217/441 1232/1211/441
f 1239/1218/442 1232/1211/442 1235/1214/442
f 1238/1217/6 1237/1216/6 1233/1212/6
f 1238/1217/6 1233/1212/6 1232/1211/6
f 1237/1216/140 1236/1215/140 1234/1213/140
f 1237/1216/2 1234/1213/2 1233/1212/2
f 1240/1219/43 1241/1220/43 1242/1221/43
f 1240/1219/43 1242/1221/43 1243/1222/43
f 1244/1223/177 1240/1219/177 1243/1222/177
f 1241/1220/443 1245/1224/443 39/38/443
f 1241/1220/3 39/38/3 1242/1221/3
f 1246/1225/399 1247/1226/399 1248/1227/399
f 1246/1225/399 1248/1227/399 29/27/399
f 29/27/397 1248/1227/397 1249/1228/397
f 31/29/397 1250/1229/397 1247/1226/397
f 31/29/444 1247/1226/444 1246/1225/444
f 1251/1230/3 1252/1231/3 1253/1232/3
f 1251/1230/43 1253/1232/43 1254/1233/43
f 1255/1234/17 1251/1230/17 1254/1233/17
f 1255/1234/3 1254/1233/3 1256/1235/3
f 1257/1236/43 1255/1234/43 1256/1235/43
f 1257/1236/43 1256/1235/43 1258/1237/43
f 1252/1231/112 1257/1236/112 1258/1237/112
f 1252/1231/443 1258/1237/443 1253/1232/443
f 1259/1238/94 1260/1239/94 1261/1240/94
f 1259/1238/445 1261/1240/445 1262/1241/445
f 1262/1241/446 1261/1240/446 1263/1242/446
f 1262/1241/447 1263/1242/447 1264/1243/447
f 1264/1243/448 1263/1242/448 1265/1244/448
f 1264/1243/449 1265/1244/449 1266/1245/449
f 1266/1245/450 1265/1244/450 1260/1239/450
f 1266/1245/451 1260/1239/451 1259/1238/451
f 1267/1246/43 1268/1247/43 1269/1248/43
f 1267/1246/43 1269/1248/43 1259/1238/43
f 1270/1249/85 1267/1246/85 1259/1238/85
f 1270/1249/452 1259/1238/452 1266/1245/452
f 1271/1250/453 1270/1249/453 1266/1245/453
f 1271/1250/454 1266/1245/454 1272/1251/454
f 1268/1247/95 1271/1250/95 1272/1251/95
f 1268/1247/3 1272/1251/3 1269/1248/3
f 1273/1252/455 1274/1253/455 1275/1254/455
f 1273/1252/456 1275/1254/456 1276/1255/456
f 1276/1255/457 1275/1254/457 1277/1256/457
f 1276/1255/458 1277/1256/458 1278/1257/458
f 1278/1257/459 1277/1256/459 1279/1258/459
f 1278/1257/460 1279/1258/460 1280/1259/460
f 1280/1259/461 1279/1258/461 1274/1253/461
f 1280/1259/462 1274/1253/462 1273/1252/462
f 1246/1225/463 29/27/463 1243/1222/463
f 1246/1225/463 1243/1222/463 1242/1221/463
f 1248/1227/464 1247/1226/464 1241/1220/464
f 1248/1227/464 1241/1220/464 1240/1219/464
f 1249/1228/465 1248/1227/465 1240/1219/465
f 1249/1228/466 1240/1219/466 1244/1223/466
f 1250/1229/467 1249/1228/467 1244/1223/467
f 1250/1229/468 1244/1223/468 1245/1224/468
f 31/29/469 1246/1225/469 1242/1221/469
f 31/29/470 1242/1221/470 39/38/470
f 1247/1226/471 1250/1229/471 1245/1224/471
f 1247/1226/472 1245/1224/472 1241/1220/472
f 1259/1238/473 1262/1241/473 1254/1233/473
f 1259/1238/195 1254/1233/195 1253/1232/195
f 1261/1240/162 1260/1239/162 1252/1231/162
f 1261/1240/162 1252/1231/162 1251/1230/162
f 1262/1241/6 1264/1243/6 1256/1235/6
f 1262/1241/5 1256/1235/5 1254/1233/5
f 1263/1242/474 1261/1240/474 1251/1230/474
f 1263/1242/475 1251/1230/475 1255/1234/475
f 1264/1243/476 1266/1245/476 1258/1237/476
f 1264/1243/477 1258/1237/477 1256/1235/477
f 1265/1244/478 1263/1242/478 1255/1234/478
f 1265/1244/479 1255/1234/479 1257/1236/479
f 1266/1245/480 1259/1238/480 1253/1232/480
f 1266/1245/481 1253/1232/481 1258/1237/481
f 1260/1239/6 1265/1244/6 1257/1236/6
f 1260/1239/5 1257/1236/5 1252/1231/5
f 1273/1252/482 1276/1255/482 1259/1238/482
f 1273/1252/165 1259/1238/165 1269/1248/165
f 1275/1254/483 1274/1253/483 1268/1247/483
f 1275/1254/1 1268/1247/1 1267/1246/1
f 1276/1255/484 1278/1257/484 1266/1245/484
f 1276/1255/485 1266/1245/485 1259/1238/485
f 1277/1256/486 1275/1254/486 1267/1246/486
f 1277/1256/487 1267/1246/487 1270/1249/487
f 1278/1257/488 1280/1259/488 1272/1251/488
f 1278/1257/489 1272/1251/489 1266/1245/489
f 1279/1258/490 1277/1256/490 1270/1249/490
f 1279/1258/491 1270/1249/491 1271/1250/491
f 1280/1259/492 1273/1252/492 1269/1248/492
f 1280/1259/493 1269/1248/493 1272/1251/493
f 1274/1253/494 1279/1258/494 1271/1250/494
f 1274/1253/495 1271/1250/495 1268/1247/495
f 1281/1260/496 1282/1261/496 1283/1262/496
f 1281/1260/497 1283/1262/497 1284/1263/497
f 1285/1264/498 1286/1265/498 1287/1266/498
f 1285/1264/499 1287/1266/499 1288/1267/499
f 1285/1264/500 1288/1267/500 1284/1263/500
f 1285/1264/501 1284/1263/501 1283/1262/501
f 1288/1267/502 1287/1266/502 1281/1260/502
f 1288/1267/503 1281/1260/503 1284/1263/503
f 1287/1266/504 1286/1265/504 1282/1261/504
f 1287/1266/505 1282/1261/505 1281/1260/505
f 1286/1265/506 1285/1264/506 1283/1262/506
f 1286/1265/507 1283/1262/507 1282/1261/507
f 1289/1268/508 1290/1269/508 1291/1270/508
f 1289/1268/509 1291/1270/509 1292/1271/509
f 1293/1272/510 1294/1273/510 1295/1274/510
f 1293/1272/511 1295/1274/511 1296/1275/511
f 1293/1272/512 1296/1275/512 1292/1271/512
f 1293/1272/513 1292/1271/513 1291/1270/513
f 1296/1275/514 1295/1274/514 1289/1268/514
f 1296/1275/515 1289/1268/515 1292/1271/515
f 1295/1274/516 1294/1273/516 1290/1269/516
f 1295/1274/517 1290/1269/517 1289/1268/517
f 1294/1273/518 1293/1272/518 1291/1270/518
f 1294/1273/519 1291/1270/519 1290/1269/519
f 1297/1276/520 1301/1277/520 1302/1278/520
f 1297/1276/521 1302/1278/521 1303/1279/521
f 1304/1280/522 130/114/522 1305/1281/522
f 1307/1282/523 132/117/523 130/114/523
f 1307/1282/524 130/114/524 1309/1283/524
f 1298/1284/525 1304/1280/525 1305/1281/525
f 1301/1277/526 1297/1276/526 130/114/526
f 1301/1277/527 130/114/527 132/117/527
f 1303/1279/528 1302/1278/528 1307/1282/528
f 1303/1279/529 1307/1282/529 1309/1283/529
f 1306/1285/530 1305/1281/530 1304/1280/530
f 1308/1286/531 1309/1283/531 1307/1282/531
f 1312/1287/532 1311/1288/532 1310/1289/532
f 1313/1290/533 1314/1291/533 1315/1292/533
f 1318/1293/534 1319/1294/534 1320/1295/534
f 1321/1296/535 1322/1297/535 1323/1298/535
f 1322/1297/536 1324/1299/536 1323/1298/536
f 1325/1300/537 1322/1297/537 1326/1301/537
f 1327/1302/538 1328/1303/538 1322/1297/538
f 1330/1304/539 1331/1305/539 1327/1302/539
f 1322/1297/540 1332/1306/540 1333/1307/540
f 1334/1308/541 1322/1297/541 1331/1305/541
f 1323/1298/542 1327/1302/542 1335/1309/542
f 1336/1310/543 1328/1303/543 1337/1311/543
f 1328/1303/544 1339/1312/544 1337/1311/544
f 1343/1313/545 1319/1294/545 1313/1290/545
f 1345/1314/546 1317/1315/546 1316/1316/546
f 1346/1317/547 1345/1314/547 1316/1316/547
f 1322/1297/548 1320/1295/548 1318/1293/548
f 1342/1318/549 1341/1319/549 1347/1320/549
f 1321/1296/550 1323/1298/550 1335/1309/550
f 1313/1290/551 1344/1321/551 1314/1291/551
f 1325/1300/552 1327/1302/552 1322/1297/552
f 1327/1302/2 1329/1322/2 1328/1303/2
f 1322/1297/553 1321/1296/553 1331/1305/553
f 1339/1312/554 1328/1303/554 1320/1295/554
f 1331/1305/555 1321/1296/555 1335/1309/555
f 1320/1295/556 1328/1303/556 1315/1292/556
f 1351/1323/557 1333/1307/557 1337/1311/557
f 1319/1294/558 1315/1292/558 1313/1290/558
f 1322/1297/559 1318/1293/559 1317/1315/559
f 1345/1314/560 1322/1297/560 1317/1315/560
f 1346/1317/561 1347/1320/561 1345/1314/561
f 1322/1297/562 1351/1323/562 1337/1311/562
f 1342/1318/563 1347/1320/563 1346/1317/563
f 1320/1295/564 1315/1292/564 1337/1311/564
f 1353/1324/565 1354/1325/565 1355/1326/565
f 1356/1327/566 1357/1328/566 1358/1329/566
f 1359/1330/567 1360/1331/567 1361/1332/567
f 1361/1332/568 1360/1331/568 1362/1333/568
f 1361/1332/569 1363/1334/569 1364/1335/569
f 1367/1336/570 1363/1334/570 1368/1337/570
f 1369/1338/571 1370/1339/571 1371/1340/571
f 1372/1341/572 1368/1337/572 1361/1332/572
f 1360/1331/573 1374/1342/573 1363/1334/573
f 1369/1338/574 1387/1343/574 1388/1344/574
f 1379/1345/575 1389/1346/575 1378/1347/575
f 1359/1330/576 1374/1342/576 1360/1331/576
f 1353/1324/577 1355/1326/577 1391/1348/577
f 1365/1349/43 1366/1350/43 1392/1351/43
f 1363/1334/578 1393/1352/578 1364/1335/578
f 1361/1332/579 1368/1337/579 1359/1330/579
f 1376/1353/580 1388/1344/580 1375/1354/580
f 1368/1337/581 1374/1342/581 1359/1330/581
f 1388/1344/582 1382/1355/582 1375/1354/582
f 1371/1340/583 1377/1356/583 1385/1357/583
f 1369/1338/584 1383/1358/584 1387/1343/584
f 1385/1357/585 1383/1358/585 1369/1338/585
f 1386/1359/586 1385/1357/586 1389/1346/586
f 1365/1349/587 1363/1334/587 1361/1332/587
f 1379/1345/588 1386/1359/588 1389/1346/588
f 1317/1315/589 1354/1325/590 1353/1324/591
f 1317/1315/592 1353/1324/592 1316/1316/593
f 1313/1290/594 1390/1360/594 1344/1321/594
f 1316/1316/595 1391/1348/596 1346/1317/597
f 1344/1321/598 1350/1361/598 1314/1291/598
f 1319/1294/599 1357/1328/600 1320/1295/601
f 1320/1295/602 1356/1327/603 1318/1293/603
f 1316/1316/604 1353/1324/605 1391/1348/604
f 1344/1321/606 1390/1360/606 1350/1361/606
f 1346/1317/607 1391/1348/607 1355/1326/607
f 1319/1294/608 1358/1329/608 1357/1328/608
f 1320/1295/609 1357/1328/609 1356/1327/609
f 1322/1297/610 1398/1362/610 1326/1301/610
f 1330/1304/199 1326/1301/199 1334/1308/199
f 1328/1303/611 1324/1299/611 1322/1297/611
f 1349/1363/612 1348/1364/612 1338/1365/612
f 1339/1312/613 1322/1297/613 1337/1311/613
f 1351/1323/614 1322/1297/614 1333/1307/614
f 1317/1315/615 1318/1293/615 1333/1307/615
f 1326/1301/2 1398/1362/2 1334/1308/2
f 1332/1306/616 1322/1297/616 1345/1314/616
f 1333/1307/617 1320/1295/617 1337/1311/617
f 1398/1362/618 1322/1297/618 1334/1308/618
f 1324/1299/619 1328/1303/619 1323/1298/619
f 1327/1302/5 1325/1300/5 1330/1304/5
f 1334/1308/620 1331/1305/620 1330/1304/620
f 1330/1304/140 1325/1300/140 1326/1301/140
f 1331/1305/621 1335/1309/621 1327/1302/621
f 1344/1321/622 1348/1364/622 1349/1363/622
f 1340/1366/623 1345/1314/623 1341/1319/623
f 1322/1297/624 1339/1312/624 1320/1295/624
f 1338/1365/625 1344/1321/625 1313/1290/625
f 1336/1310/626 1315/1292/626 1314/1291/626
f 1341/1319/627 1345/1314/627 1347/1320/627
f 1333/1307/628 1318/1293/628 1320/1295/628
f 1361/1332/5 1364/1335/5 1399/1367/5
f 1367/1336/629 1372/1341/629 1364/1335/629
f 1392/1351/162 1366/1350/162 1400/1368/162
f 1365/1349/630 1392/1351/630 1400/1368/630
f 1394/1369/631 1373/1370/631 1396/1371/631
f 1395/1372/632 1370/1339/632 1369/1338/632
f 1383/1358/633 1370/1339/633 1387/1343/633
f 1364/1335/219 1372/1341/219 1399/1367/219
f 1371/1340/634 1385/1357/634 1369/1338/634
f 1399/1367/635 1372/1341/635 1361/1332/635
f 1363/1334/636 1367/1336/636 1393/1352/636
f 1372/1341/637 1367/1336/637 1368/1337/637
f 1367/1336/163 1364/1335/163 1393/1352/163
f 1368/1337/638 1363/1334/638 1374/1342/638
f 1381/1373/639 1394/1369/639 1396/1371/639
f 1369/1338/640 1388/1344/640 1376/1353/640
f 1373/1370/641 1380/1374/641 1381/1373/641
f 1378/1347/642 1389/1346/642 1385/1357/642
f 1377/1356/643 1386/1359/643 1378/1347/643
f 1322/1297/644 1401/1375/644 1326/1301/644
f 1328/1303/645 1402/1376/645 1322/1297/645
f 1405/1377/5 1401/1375/5 1402/1376/5
f 1322/1297/646 1402/1376/646 1401/1375/646
f 1403/1378/5 1406/1379/5 1404/1380/5
f 1404/1380/5 1405/1377/5 1402/1376/5
f 1405/1377/5 1407/1381/5 1401/1375/5
f 1408/1382/647 1409/1383/647 1410/1384/647
f 1408/1382/648 1410/1384/648 1411/1385/648
f 1409/1383/649 1412/1386/649 1413/1387/649
f 1409/1383/647 1413/1387/647 1410/1384/647
f 1412/1386/650 1414/1388/650 1415/1389/650
f 1412/1386/651 1415/1389/651 1413/1387/651
f 1414/1388/648 1408/1382/648 1411/1385/648
f 1414/1388/647 1411/1385/647 1415/1389/647
f 1416/1390/5 1417/1391/5 1418/1392/5
f 1416/1390/652 1418/1392/652 1419/1393/652
f 1417/1391/5 1420/1394/5 1421/1395/5
f 1417/1391/5 1421/1395/5 1418/1392/5
f 1420/1394/5 1422/1396/5 1423/1397/5
f 1420/1394/5 1423/1397/5 1421/1395/5
f 1422/1396/653 1416/1390/653 1419/1393/653
f 1422/1396/654 1419/1393/654 1423/1397/654
f 1424/1398/647 1425/1399/647 1426/1400/647
f 1424/1398/648 1426/1400/648 1427/1401/648
f 1425/1399/655 1428/1402/655 1429/1403/655
f 1425/1399/656 1429/1403/656 1426/1400/656
f 1428/1402/657 1430/1404/657 1431/1405/657
f 1428/1402/658 1431/1405/658 1429/1403/658
f 1430/1404/648 1424/1398/648 1427/1401/648
f 1430/1404/648 1427/1401/648 1431/1405/648
f 1432/1406/647 1433/1407/647 1434/1408/647
f 1432/1406/648 1434/1408/648 1435/1409/648
f 1433/1407/659 1436/1410/659 1437/1411/659
f 1433/1407/647 1437/1411/647 1434/1408/647
f 1436/1410/660 1438/1412/660 1439/1413/660
f 1436/1410/661 1439/1413/661 1437/1411/661
f 1438/1412/648 1432/1406/648 1435/1409/648
f 1438/1412/647 1435/1409/647 1439/1413/647
f 1440/1414/5 1442/1415/5 1443/1416/5
f 1440/1414/5 1443/1416/5 1441/1417/5
f 1444/1418/647 1445/1419/647 1446/1420/647
f 1444/1418/648 1446/1420/648 1447/1421/648
f 1445/1419/662 1448/1422/662 1449/1423/662
f 1445/1419/663 1449/1423/663 1446/1420/663
f 1448/1422/664 1450/1424/664 1451/1425/664
f 1448/1422/665 1451/1425/665 1449/1423/665
f 1450/1424/648 1444/1418/648 1447/1421/648
f 1450/1424/647 1447/1421/647 1451/1425/647
f 1452/1426/666 1453/1427/666 1454/1428/666
f 1452/1426/648 1454/1428/648 1455/1429/648
f 1453/1427/6 1456/1430/6 1457/1431/6
f 1453/1427/667 1457/1431/667 1454/1428/667
f 1456/1430/668 1458/1432/668 1459/1433/668
f 1456/1430/669 1459/1433/669 1457/1431/669
f 1458/1432/647 1452/1426/647 1455/1429/647
f 1458/1432/648 1455/1429/648 1459/1433/648
f 1460/1434/5 1461/1435/5 1462/1436/5
f 1460/1434/5 1462/1436/5 1463/1437/5
f 1461/1435/5 1464/1438/5 1465/1439/5
f 1461/1435/5 1465/1439/5 1462/1436/5
f 1464/1438/5 1466/1440/5 1467/1441/5
f 1464/1438/5 1467/1441/5 1465/1439/5
f 1466/1440/5 1460/1434/5 1463/1437/5
f 1466/1440/5 1463/1437/5 1467/1441/5
f 1468/1442/670 1469/1443/670 1470/1444/670
f 1468/1442/671 1470/1444/671 1471/1445/671
f 1469/1443/672 1472/1446/672 1473/1447/672
f 1469/1443/673 1473/1447/673 1470/1444/673
f 1472/1446/6 1474/1448/6 1475/1449/6
f 1472/1446/6 1475/1449/6 1473/1447/6
f 1474/1448/674 1468/1442/674 1471/1445/674
f 1474/1448/675 1471/1445/675 1475/1449/675
f 1479/1450/5 1480/1451/5 1481/1452/5
f 1479/1450/5 1481/1452/5 1482/1453/5
f 1480/1451/5 1483/1454/5 1484/1455/5
f 1480/1451/5 1484/1455/5 1481/1452/5
f 1483/1454/5 1485/1456/5 1486/1457/5
f 1483/1454/5 1486/1457/5 1484/1455/5
f 1485/1456/5 1479/1450/5 1482/1453/5
f 1485/1456/5 1482/1453/5 1486/1457/5
f 1491/1458/676 1487/1459/676 1488/1460/676
f 1492/1461/6 1493/1462/6 1494/1463/6
f 1492/1461/6 1494/1463/6 1495/1464/6
f 1493/1462/6 1496/1465/6 1497/1466/6
f 1493/1462/6 1497/1466/6 1494/1463/6
f 1496/1465/6 1498/1467/6 1499/1468/6
f 1496/1465/6 1499/1468/6 1497/1466/6
f 1498/1467/6 1492/1461/6 1495/1464/6
f 1498/1467/6 1495/1464/6 1499/1468/6
f 1500/1469/5 1501/1470/5 1502/1471/5
f 1500/1469/5 1502/1471/5 1503/1472/5
f 1501/1470/5 1504/1473/5 1505/1474/5
f 1501/1470/5 1505/1474/5 1502/1471/5
f 1504/1473/5 1506/1475/5 1507/1476/5
f 1504/1473/5 1507/1476/5 1505/1474/5
f 1506/1475/5 1500/1469/5 1503/1472/5
f 1506/1475/5 1503/1472/5 1507/1476/5
f 1510/1477/5 1512/1478/5 1513/1479/5
f 1510/1477/5 1513/1479/5 1511/1480/5
f 1512/1478/5 1514/1481/5 1515/1482/5
f 1512/1478/5 1515/1482/5 1513/1479/5
f 1517/1483/5 1518/1484/5 1519/1485/5
f 1517/1483/5 1519/1485/5 1520/1486/5
f 1518/1484/5 1521/1487/5 1522/1488/5
f 1518/1484/5 1522/1488/5 1519/1485/5
f 1521/1487/5 1523/1489/5 1524/1490/5
f 1521/1487/5 1524/1490/5 1522/1488/5
f 1523/1489/5 1517/1483/5 1520/1486/5
f 1523/1489/5 1520/1486/5 1524/1490/5
f 1527/1491/677 1529/1492/677 1530/1493/677
f 1527/1491/678 1530/1493/678 1528/1494/678
f 1529/1492/679 1526/1495/679 1530/1493/679
f 1531/1496/5 1532/1497/5 1533/1498/5
f 1531/1496/5 1533/1498/5 1534/1499/5
f 1532/1497/680 1535/1500/680 1533/1498/680
f 1538/1501/5 1539/1502/5 1540/1503/5
f 1538/1501/5 1540/1503/5 1541/1504/5
f 1542/1505/5 1538/1501/5 1541/1504/5
f 1543/1506/681 1544/1507/681 1545/1508/681
f 1544/1507/682 1546/1509/682 1545/1508/682
f 1547/1510/5 1548/1511/5 1549/1512/5
f 1547/1510/5 1549/1512/5 1550/1513/5
f 1552/1514/5 1547/1510/5 1550/1513/5
f 1553/1515/683 1554/1516/683 1555/1517/683
f 1553/1515/684 1555/1517/684 1556/1518/684
f 1554/1516/682 1557/1519/682 1558/1520/682
f 1554/1516/682 1558/1520/682 1555/1517/682
f 1557/1519/685 1559/1521/685 1560/1522/685
f 1557/1519/682 1560/1522/682 1558/1520/682
f 1559/1521/686 1553/1515/686 1556/1518/686
f 1559/1521/682 1556/1518/682 1560/1522/682
f 1561/1523/397 1427/1401/397 1426/1400/397
f 1561/1523/397 1426/1400/397 1562/1524/397
f 1563/1525/687 1431/1405/687 1427/1401/687
f 1563/1525/687 1427/1401/687 1561/1523/687
f 1564/1526/688 1429/1403/688 1431/1405/688
f 1564/1526/688 1431/1405/688 1563/1525/688
f 1562/1524/689 1426/1400/689 1429/1403/689
f 1562/1524/689 1429/1403/689 1564/1526/689
f 1417/1391/690 1416/1390/690 1409/1383/690
f 1417/1391/691 1409/1383/691 1408/1382/691
f 1420/1394/692 1417/1391/692 1408/1382/692
f 1420/1394/693 1408/1382/693 1414/1388/693
f 1422/1396/694 1420/1394/694 1414/1388/694
f 1422/1396/695 1414/1388/695 1412/1386/695
f 1416/1390/86 1422/1396/86 1412/1386/86
f 1416/1390/696 1412/1386/696 1409/1383/696
f 1565/1527/697 1566/1528/697 1419/1393/697
f 1565/1527/698 1419/1393/698 1418/1392/698
f 1567/1529/2 1565/1527/2 1418/1392/2
f 1567/1529/2 1418/1392/2 1421/1395/2
f 1568/1530/43 1567/1529/43 1421/1395/43
f 1568/1530/3 1421/1395/3 1423/1397/3
f 1566/1528/1 1568/1530/1 1423/1397/1
f 1566/1528/699 1423/1397/699 1419/1393/699
f 1566/1528/6 1565/1527/6 1567/1529/6
f 1566/1528/6 1567/1529/6 1568/1530/6
f 1411/1385/397 1410/1384/397 1425/1399/397
f 1411/1385/397 1425/1399/397 1424/1398/397
f 1415/1389/700 1411/1385/700 1424/1398/700
f 1415/1389/687 1424/1398/687 1430/1404/687
f 1413/1387/701 1415/1389/701 1430/1404/701
f 1413/1387/702 1430/1404/702 1428/1402/702
f 1410/1384/703 1413/1387/703 1428/1402/703
f 1410/1384/704 1428/1402/704 1425/1399/704
f 1563/1525/705 1561/1523/705 1562/1524/705
f 1563/1525/706 1562/1524/706 1564/1526/706
f 1569/1531/397 1447/1421/397 1446/1420/397
f 1569/1531/397 1446/1420/397 1570/1532/397
f 1571/1533/700 1451/1425/700 1447/1421/700
f 1571/1533/700 1447/1421/700 1569/1531/700
f 1572/1534/707 1449/1423/707 1451/1425/707
f 1572/1534/707 1451/1425/707 1571/1533/707
f 1570/1532/708 1446/1420/708 1449/1423/708
f 1570/1532/708 1449/1423/708 1572/1534/708
f 1440/1414/709 1432/1406/709 1438/1412/709
f 1442/1415/710 1440/1414/710 1438/1412/710
f 1442/1415/711 1438/1412/711 1436/1410/711
f 1574/1535/43 1573/1536/43 1441/1417/43
f 1574/1535/43 1441/1417/43 1443/1416/43
f 1435/1409/397 1434/1408/397 1445/1419/397
f 1435/1409/397 1445/1419/397 1444/1418/397
f 1439/1413/700 1435/1409/700 1444/1418/700
f 1439/1413/687 1444/1418/687 1450/1424/687
f 1437/1411/712 1439/1413/712 1450/1424/712
f 1437/1411/713 1450/1424/713 1448/1422/713
f 1434/1408/714 1437/1411/714 1448/1422/714
f 1434/1408/715 1448/1422/715 1445/1419/715
f 1571/1533/705 1569/1531/705 1570/1532/705
f 1571/1533/716 1570/1532/716 1572/1534/716
f 1575/1537/717 1471/1445/717 1470/1444/717
f 1575/1537/717 1470/1444/717 121/111/717
f 1576/1538/718 1475/1449/718 1471/1445/718
f 1576/1538/719 1471/1445/719 1575/1537/719
f 1577/1539/720 1473/1447/720 1475/1449/720
f 1577/1539/720 1475/1449/720 1576/1538/720
f 121/111/721 1470/1444/721 1473/1447/721
f 121/111/721 1473/1447/721 1577/1539/721
f 1461/1435/94 1460/1434/94 1453/1427/94
f 1461/1435/722 1453/1427/722 1452/1426/722
f 1464/1438/723 1461/1435/723 1452/1426/723
f 1464/1438/724 1452/1426/724 1458/1432/724
f 1466/1440/725 1464/1438/725 1458/1432/725
f 1466/1440/726 1458/1432/726 1456/1430/726
f 1460/1434/86 1466/1440/86 1456/1430/86
f 1460/1434/1 1456/1430/1 1453/1427/1
f 1578/1540/94 1579/1541/94 1463/1437/94
f 1578/1540/94 1463/1437/94 1462/1436/94
f 1580/1542/2 1578/1540/2 1462/1436/2
f 1580/1542/2 1462/1436/2 1465/1439/2
f 1581/1543/43 1580/1542/43 1465/1439/43
f 1581/1543/43 1465/1439/43 1467/1441/43
f 1579/1541/1 1581/1543/1 1467/1441/1
f 1579/1541/1 1467/1441/1 1463/1437/1
f 1579/1541/6 1578/1540/6 1580/1542/6
f 1579/1541/6 1580/1542/6 1581/1543/6
f 1455/1429/727 1454/1428/727 1469/1443/727
f 1455/1429/728 1469/1443/728 1468/1442/728
f 1459/1433/687 1455/1429/687 1468/1442/687
f 1459/1433/729 1468/1442/729 1474/1448/729
f 1457/1431/730 1459/1433/730 1474/1448/730
f 1457/1431/43 1474/1448/43 1472/1446/43
f 1454/1428/731 1457/1431/731 1472/1446/731
f 1454/1428/731 1472/1446/731 1469/1443/731
f 1576/1538/732 1575/1537/732 121/111/732
f 1576/1538/5 121/111/5 1577/1539/5
f 1583/1544/733 1488/1460/733 1582/1545/733
f 1479/1450/1 1485/1456/1 1477/1546/1
f 1585/1547/4 1586/1548/4 1482/1453/4
f 1585/1547/4 1482/1453/4 1481/1452/4
f 1587/1549/2 1585/1547/2 1481/1452/2
f 1587/1549/2 1481/1452/2 1484/1455/2
f 1588/1550/43 1587/1549/43 1484/1455/43
f 1588/1550/43 1484/1455/43 1486/1457/43
f 1586/1548/1 1588/1550/1 1486/1457/1
f 1586/1548/86 1486/1457/86 1482/1453/86
f 1586/1548/6 1585/1547/6 1587/1549/6
f 1586/1548/6 1587/1549/6 1588/1550/6
f 1478/1551/43 1491/1458/43 1489/1552/43
f 1476/1553/1 1478/1551/1 1489/1552/1
f 1501/1470/4 1500/1469/4 1493/1462/4
f 1501/1470/4 1493/1462/4 1492/1461/4
f 1504/1473/2 1501/1470/2 1492/1461/2
f 1504/1473/140 1492/1461/140 1498/1467/140
f 1506/1475/43 1504/1473/43 1498/1467/43
f 1506/1475/43 1498/1467/43 1496/1465/43
f 1500/1469/86 1506/1475/86 1496/1465/86
f 1500/1469/1 1496/1465/1 1493/1462/1
f 1591/1554/4 1592/1555/4 1503/1472/4
f 1591/1554/4 1503/1472/4 1502/1471/4
f 1593/1556/2 1591/1554/2 1502/1471/2
f 1593/1556/2 1502/1471/2 1505/1474/2
f 1594/1557/43 1593/1556/43 1505/1474/43
f 1594/1557/43 1505/1474/43 1507/1476/43
f 1592/1555/86 1594/1557/86 1507/1476/86
f 1592/1555/1 1507/1476/1 1503/1472/1
f 1592/1555/6 1591/1554/6 1593/1556/6
f 1592/1555/6 1593/1556/6 1594/1557/6
f 1495/1464/4 1494/1463/4 1508/1558/4
f 1596/1559/2 1595/1560/2 1511/1480/2
f 1596/1559/2 1511/1480/2 1513/1479/2
f 1597/1561/43 1596/1559/43 1513/1479/43
f 1597/1561/43 1513/1479/43 1515/1482/43
f 1598/1562/4 1599/1563/4 1520/1486/4
f 1598/1562/4 1520/1486/4 1519/1485/4
f 1600/1564/2 1598/1562/2 1519/1485/2
f 1600/1564/2 1519/1485/2 1522/1488/2
f 1601/1565/3 1600/1564/3 1522/1488/3
f 1601/1565/3 1522/1488/3 1524/1490/3
f 1599/1563/1 1601/1565/1 1524/1490/1
f 1599/1563/1 1524/1490/1 1520/1486/1
f 1599/1563/6 1598/1562/6 1600/1564/6
f 1599/1563/6 1600/1564/6 1601/1565/6
f 1602/1566/4 1603/1567/4 1526/1495/4
f 1602/1566/4 1526/1495/4 1525/1568/4
f 1603/1567/734 1530/1493/734 1526/1495/734
f 1604/1569/94 1605/1570/94 1534/1499/94
f 1604/1569/94 1534/1499/94 1533/1498/94
f 1606/1571/2 1604/1569/2 1533/1498/2
f 1606/1571/735 1533/1498/735 1535/1500/735
f 1607/1572/736 1606/1571/736 1535/1500/736
f 1607/1572/737 1535/1500/737 1536/1573/737
f 1605/1570/738 1607/1572/738 1536/1573/738
f 1605/1570/739 1536/1573/739 1534/1499/739
f 1605/1570/6 1604/1569/6 1606/1571/6
f 1605/1570/6 1606/1571/6 1607/1572/6
f 1539/1502/740 1538/1501/740 1537/1574/740
f 1608/1575/4 1609/1576/4 1541/1504/4
f 1608/1575/4 1541/1504/4 1540/1503/4
f 1610/1577/2 1608/1575/2 1540/1503/2
f 1609/1576/6 1608/1575/6 1610/1577/6
f 1609/1576/6 1610/1577/6 1611/1578/6
f 1612/1579/741 1556/1518/741 1555/1517/741
f 1612/1579/742 1555/1517/742 1613/1580/742
f 120/110/743 1560/1522/743 1556/1518/743
f 120/110/744 1556/1518/744 1612/1579/744
f 1614/1581/745 1558/1520/745 1560/1522/745
f 1614/1581/746 1560/1522/746 120/110/746
f 1613/1580/747 1555/1517/747 1558/1520/747
f 1613/1580/748 1558/1520/748 1614/1581/748
f 1548/1511/749 1547/1510/749 1544/1507/749
f 1548/1511/750 1544/1507/750 1543/1506/750
f 1551/1582/140 1548/1511/140 1543/1506/140
f 1615/1583/4 1616/1584/4 1550/1513/4
f 1615/1583/4 1550/1513/4 1549/1512/4
f 1617/1585/2 1615/1583/2 1549/1512/2
f 1616/1584/6 1615/1583/6 1617/1585/6
f 1616/1584/6 1617/1585/6 1618/1586/6
f 1546/1509/751 1559/1521/751 1557/1519/751
f 1545/1508/748 1546/1509/748 1557/1519/748
f 1545/1508/748 1557/1519/748 1554/1516/748
f 120/110/752 1612/1579/752 1613/1580/752
f 120/110/678 1613/1580/678 1614/1581/678
f 1619/1587/753 1620/1588/753 1621/1589/753
f 1619/1587/5 1621/1589/5 1622/1590/5
f 1623/1591/754 1624/1592/754 1625/1593/754
f 1623/1591/755 1625/1593/755 1626/1594/755
f 1619/1587/756 1622/1590/756 1624/1592/756
f 1619/1587/757 1624/1592/757 1623/1591/757
f 1621/1589/758 1620/1588/758 1626/1594/758
f 1621/1589/759 1626/1594/759 1625/1593/759
f 1627/1595/383 1628/1596/383 1629/1597/383
f 1627/1595/383 1629/1597/383 1630/1598/383
f 1628/1596/760 1631/1599/760 1632/1600/760
f 1628/1596/761 1632/1600/761 1629/1597/761
f 1631/1599/762 1633/1601/762 1634/1602/762
f 1631/1599/763 1634/1602/763 1632/1600/763
f 1633/1601/764 1627/1595/764 1630/1598/764
f 1633/1601/765 1630/1598/765 1634/1602/765
f 1635/1603/766 1636/1604/766 1637/1605/766
f 1635/1603/767 1637/1605/767 1638/1606/767
f 1636/1604/760 1639/1607/760 1640/1608/760
f 1636/1604/768 1640/1608/768 1637/1605/768
f 1639/1607/769 1641/1609/769 1642/1610/769
f 1639/1607/770 1642/1610/770 1640/1608/770
f 1641/1609/771 1635/1603/771 1638/1606/771
f 1641/1609/772 1638/1606/772 1642/1610/772
f 1643/1611/773 1644/1612/773 1645/1613/773
f 1643/1611/383 1645/1613/383 1646/1614/383
f 1644/1612/774 1647/1615/774 1648/1616/774
f 1644/1612/775 1648/1616/775 1645/1613/775
f 1647/1615/776 1649/1617/776 1650/1618/776
f 1647/1615/777 1650/1618/777 1648/1616/777
f 1649/1617/778 1643/1611/778 1646/1614/778
f 1649/1617/779 1646/1614/779 1650/1618/779
f 1651/1619/383 1652/1620/383 1653/1621/383
f 1651/1619/773 1653/1621/773 1654/1622/773
f 1652/1620/780 1655/1623/780 1656/1624/780
f 1652/1620/781 1656/1624/781 1653/1621/781
f 1655/1623/782 1657/1625/782 1658/1626/782
f 1655/1623/783 1658/1626/783 1656/1624/783
f 1657/1625/784 1651/1619/784 1654/1622/784
f 1657/1625/785 1654/1622/785 1658/1626/785
f 1659/1627/383 1660/1628/383 1661/1629/383
f 1659/1627/383 1661/1629/383 1662/1630/383
f 1660/1628/786 1663/1631/786 1664/1632/786
f 1660/1628/787 1664/1632/787 1661/1629/787
f 1663/1631/788 1665/1633/788 1666/1634/788
f 1663/1631/789 1666/1634/789 1664/1632/789
f 1665/1633/790 1659/1627/790 1662/1630/790
f 1665/1633/791 1662/1630/791 1666/1634/791
f 1667/1635/399 1668/1636/399 1669/1637/399
f 1667/1635/399 1669/1637/399 1670/1638/399
f 1668/1636/792 1671/1639/792 1672/1640/792
f 1668/1636/793 1672/1640/793 1669/1637/793
f 1671/1639/794 1673/1641/794 1674/1642/794
f 1671/1639/795 1674/1642/795 1672/1640/795
f 1673/1641/796 1667/1635/796 1670/1638/796
f 1673/1641/797 1670/1638/797 1674/1642/797
f 1675/1643/399 1676/1644/399 1677/1645/399
f 1675/1643/399 1677/1645/399 1678/1646/399
f 1676/1644/798 1679/1647/798 1680/1648/798
f 1676/1644/799 1680/1648/799 1677/1645/799
f 1679/1647/800 1681/1649/800 1682/1650/800
f 1679/1647/801 1682/1650/801 1680/1648/801
f 1681/1649/802 1675/1643/802 1678/1646/802
f 1681/1649/803 1678/1646/803 1682/1650/803
f 1683/1651/383 1684/1652/383 1685/1653/383
f 1683/1651/383 1685/1653/383 1686/1654/383
f 1684/1652/804 1687/1655/804 1688/1656/804
f 1684/1652/805 1688/1656/805 1685/1653/805
f 1687/1655/806 1689/1657/806 1690/1658/806
f 1687/1655/807 1690/1658/807 1688/1656/807
f 1689/1657/808 1683/1651/808 1686/1654/808
f 1689/1657/809 1686/1654/809 1690/1658/809
f 1691/1659/383 1692/1660/383 1693/1661/383
f 1691/1659/383 1693/1661/383 1694/1662/383
f 1692/1660/810 1695/1663/810 1696/1664/810
f 1692/1660/811 1696/1664/811 1693/1661/811
f 1695/1663/812 1697/1665/812 1698/1666/812
f 1695/1663/813 1698/1666/813 1696/1664/813
f 1697/1665/814 1691/1659/814 1694/1662/814
f 1697/1665/815 1694/1662/815 1698/1666/815
f 1699/1667/816 1700/1668/816 1701/1669/816
f 1699/1667/817 1701/1669/817 1702/1670/817
f 1700/1668/818 1703/1671/818 1704/1672/818
f 1700/1668/819 1704/1672/819 1701/1669/819
f 1703/1671/820 1705/1673/820 1706/1674/820
f 1703/1671/821 1706/1674/821 1704/1672/821
f 1705/1673/822 1699/1667/822 1702/1670/822
f 1705/1673/823 1702/1670/823 1706/1674/823
f 1707/1675/383 1708/1676/383 1709/1677/383
f 1707/1675/824 1709/1677/824 1710/1678/824
f 1708/1676/825 1711/1679/825 1712/1680/825
f 1708/1676/826 1712/1680/826 1709/1677/826
f 1711/1679/827 1713/1681/827 1714/1682/827
f 1711/1679/828 1714/1682/828 1712/1680/828
f 1713/1681/829 1707/1675/829 1710/1678/829
f 1713/1681/830 1710/1678/830 1714/1682/830
f 1715/1683/383 1716/1684/383 1717/1685/383
f 1715/1683/383 1717/1685/383 1718/1686/383
f 1716/1684/831 1719/1687/831 1720/1688/831
f 1716/1684/832 1720/1688/832 1717/1685/832
f 1719/1687/833 1721/1689/833 1722/1690/833
f 1719/1687/834 1722/1690/834 1720/1688/834
f 1721/1689/835 1715/1683/835 1718/1686/835
f 1721/1689/836 1718/1686/836 1722/1690/836
f 1723/1691/399 1724/1692/399 1725/1693/399
f 1723/1691/399 1725/1693/399 1726/1694/399
f 1724/1692/837 1727/1695/837 1728/1696/837
f 1724/1692/838 1728/1696/838 1725/1693/838
f 1727/1695/839 1729/1697/839 1730/1698/839
f 1727/1695/840 1730/1698/840 1728/1696/840
f 1729/1697/841 1723/1691/796 1726/1694/841
f 1729/1697/842 1726/1694/842 1730/1698/842
f 1731/1699/383 1732/1700/383 1733/1701/383
f 1731/1699/383 1733/1701/383 1734/1702/383
f 1732/1700/843 1735/1703/843 1736/1704/843
f 1732/1700/844 1736/1704/844 1733/1701/844
f 1735/1703/845 1737/1705/845 1738/1706/845
f 1735/1703/846 1738/1706/846 1736/1704/846
f 1737/1705/847 1731/1699/847 1734/1702/847
f 1737/1705/847 1734/1702/847 1738/1706/847
f 1739/1707/383 1740/1708/383 1741/1709/383
f 1739/1707/773 1741/1709/773 1742/1710/773
f 1740/1708/848 1743/1711/848 1744/1712/848
f 1740/1708/849 1744/1712/849 1741/1709/849
f 1743/1711/850 1745/1713/850 1746/1714/850
f 1743/1711/851 1746/1714/851 1744/1712/851
f 1745/1713/796 1739/1707/796 1742/1710/796
f 1745/1713/852 1742/1710/853 1746/1714/853
f 1747/1715/854 1748/1716/854 1749/1717/854
f 1747/1715/383 1749/1717/383 1750/1718/383
f 1748/1716/855 1751/1719/855 1752/1720/855
f 1748/1716/856 1752/1720/856 1749/1717/856
f 1751/1719/857 1753/1721/857 1754/1722/857
f 1751/1719/858 1754/1722/858 1752/1720/858
f 1753/1721/841 1747/1715/841 1750/1718/841
f 1753/1721/859 1750/1718/859 1754/1722/859
f 1755/1723/773 1756/1724/773 1757/1725/773
f 1755/1723/383 1757/1725/383 1758/1726/383
f 1756/1724/860 1759/1727/860 1760/1728/860
f 1756/1724/861 1760/1728/861 1757/1725/861
f 1759/1727/862 1761/1729/862 1762/1730/862
f 1759/1727/863 1762/1730/863 1760/1728/863
f 1761/1729/864 1755/1723/864 1758/1726/864
f 1761/1729/865 1758/1726/865 1762/1730/865
f 1763/1731/866 1764/1732/866 1765/1733/866
f 1763/1731/867 1765/1733/867 1766/1734/867
f 1764/1732/868 1767/1735/868 1768/1736/868
f 1764/1732/869 1768/1736/869 1765/1733/869
f 1767/1735/870 1769/1737/870 1770/1738/870
f 1767/1735/509 1770/1738/509 1768/1736/509
f 1769/1737/871 1763/1731/871 1766/1734/871
f 1769/1737/872 1766/1734/872 1770/1738/872
f 1771/1739/873 1772/1740/873 1773/1741/873
f 1771/1739/874 1773/1741/874 1774/1742/874
f 1772/1740/875 1775/1743/875 1776/1744/875
f 1772/1740/876 1776/1744/876 1773/1741/876
f 1775/1743/877 1777/1745/877 1778/1746/877
f 1775/1743/878 1778/1746/878 1776/1744/878
f 1777/1745/879 1771/1739/879 1774/1742/879
f 1777/1745/880 1774/1742/880 1778/1746/880
f 1779/1747/881 1780/1748/881 1781/1749/881
f 1779/1747/867 1781/1749/867 1782/1750/867
f 1780/1748/882 1783/1751/883 1784/1752/883
f 1780/1748/884 1784/1752/884 1781/1749/884
f 1783/1751/885 1785/1753/885 1786/1754/885
f 1783/1751/840 1786/1754/840 1784/1752/840
f 1785/1753/886 1779/1747/886 1782/1750/886
f 1785/1753/887 1782/1750/887 1786/1754/887
f 1787/1755/399 1788/1756/399 1789/1757/399
f 1787/1755/399 1789/1757/399 1790/1758/399
f 1788/1756/888 1791/1759/888 1792/1760/888
f 1788/1756/889 1792/1760/889 1789/1757/889
f 1791/1759/890 1793/1761/890 1794/1762/890
f 1791/1759/891 1794/1762/891 1792/1760/891
f 1793/1761/892 1787/1755/892 1790/1758/892
f 1793/1761/892 1790/1758/892 1794/1762/892
f 1795/1763/893 1796/1764/893 1797/1765/893
f 1795/1763/894 1797/1765/894 1798/1766/894
f 1796/1764/895 1799/1767/895 1800/1768/895
f 1796/1764/896 1800/1768/896 1797/1765/896
f 1799/1767/897 1801/1769/897 1802/1770/897
f 1799/1767/898 1802/1770/898 1800/1768/898
f 1801/1769/899 1795/1763/899 1798/1766/899
f 1801/1769/900 1798/1766/900 1802/1770/900
f 1803/1771/901 1804/1772/901 1805/1773/901
f 1803/1771/902 1805/1773/902 1806/1774/902
f 1804/1772/903 1807/1775/903 1808/1776/903
f 1804/1772/904 1808/1776/904 1805/1773/904
f 1807/1775/905 1809/1777/905 1810/1778/905
f 1807/1775/906 1810/1778/906 1808/1776/906
f 1809/1777/907 1803/1771/907 1806/1774/907
f 1809/1777/908 1806/1774/908 1810/1778/908
f 1811/1779/909 1812/1780/909 1813/1781/909
f 1811/1779/910 1813/1781/910 1814/1782/910
f 1812/1780/911 1815/1783/911 1816/1784/911
f 1812/1780/912 1816/1784/912 1813/1781/912
f 1815/1783/913 1817/1785/913 1818/1786/913
f 1815/1783/914 1818/1786/914 1816/1784/914
f 1817/1785/915 1811/1779/915 1814/1782/915
f 1817/1785/916 1814/1782/916 1818/1786/916
f 1819/1787/917 1820/1788/917 1821/1789/917
f 1819/1787/918 1821/1789/918 1822/1790/918
f 1820/1788/919 1823/1791/919 1824/1792/919
f 1820/1788/920 1824/1792/921 1821/1789/921
f 1823/1791/922 1825/1793/922 1826/1794/922
f 1823/1791/923 1826/1794/923 1824/1792/923
f 1825/1793/924 1819/1787/924 1822/1790/924
f 1825/1793/925 1822/1790/925 1826/1794/925
f 1827/1795/926 1828/1796/926 1829/1797/926
f 1827/1795/926 1829/1797/926 1830/1798/926
f 1828/1796/927 1831/1799/927 1832/1800/927
f 1828/1796/928 1832/1800/928 1829/1797/928
f 1831/1799/929 1833/1801/929 1834/1802/929
f 1831/1799/930 1834/1802/930 1832/1800/930
f 1833/1801/931 1827/1795/931 1830/1798/931
f 1833/1801/931 1830/1798/931 1834/1802/931
f 1835/1803/163 1836/1804/163 1837/1805/163
f 1835/1803/163 1837/1805/163 1838/1806/163
f 1836/1804/94 1839/1807/94 1840/1808/94
f 1836/1804/4 1840/1808/4 1837/1805/4
f 1839/1807/196 1841/1809/196 1842/1810/196
f 1839/1807/148 1842/1810/148 1840/1808/148
f 1841/1809/3 1835/1803/3 1838/1806/3
f 1841/1809/43 1838/1806/43 1842/1810/43
f 1843/1811/163 1844/1812/163 1845/1813/163
f 1843/1811/163 1845/1813/163 1846/1814/163
f 1844/1812/94 1847/1815/94 1848/1816/94
f 1844/1812/4 1848/1816/4 1845/1813/4
f 1847/1815/932 1849/1817/932 1850/1818/932
f 1847/1815/933 1850/1818/933 1848/1816/933
f 1849/1817/3 1843/1811/3 1846/1814/3
f 1849/1817/934 1846/1814/934 1850/1818/934
f 1851/1819/171 1852/1820/171 1853/1821/171
f 1851/1819/172 1853/1821/172 1854/1822/172
f 1852/1820/935 1855/1823/935 1856/1824/935
f 1852/1820/936 1856/1824/936 1853/1821/936
f 1855/1823/937 1857/1825/937 1858/1826/937
f 1855/1823/938 1858/1826/938 1856/1824/938
f 1857/1825/3 1851/1819/3 1854/1822/3
f 1857/1825/939 1854/1822/939 1858/1826/939
f 1859/1827/940 1860/1828/940 1861/1829/940
f 1859/1827/941 1861/1829/941 1862/1830/941
f 1860/1828/109 1863/1831/109 1864/1832/109
f 1860/1828/942 1864/1832/942 1861/1829/942
f 1863/1831/943 1865/1833/943 1866/1834/943
f 1863/1831/944 1866/1834/945 1864/1832/945
f 1865/1833/946 1859/1827/946 1862/1830/946
f 1865/1833/947 1862/1830/947 1866/1834/947
f 1867/1835/948 1868/1836/948 1869/1837/948
f 1867/1835/941 1869/1837/941 1870/1838/941
f 1868/1836/949 1871/1839/949 1872/1840/949
f 1868/1836/950 1872/1840/950 1869/1837/950
f 1871/1839/951 1873/1841/951 1874/1842/951
f 1871/1839/952 1874/1842/952 1872/1840/952
f 1873/1841/953 1867/1835/953 1870/1838/953
f 1873/1841/43 1870/1838/43 1874/1842/43
f 1875/1843/171 1876/1844/171 1877/1845/171
f 1875/1843/163 1877/1845/163 1878/1846/163
f 1876/1844/954 1879/1847/954 1880/1848/954
f 1876/1844/955 1880/1848/955 1877/1845/955
f 1879/1847/956 1881/1849/956 1882/1850/956
f 1879/1847/957 1882/1850/957 1880/1848/957
f 1881/1849/3 1875/1843/3 1878/1846/3
f 1881/1849/958 1878/1846/958 1882/1850/958
f 1883/1851/959 1884/1852/959 1885/1853/959
f 1883/1851/163 1885/1853/163 1886/1854/163
f 1884/1852/960 1887/1855/960 1888/1856/960
f 1884/1852/961 1888/1856/961 1885/1853/961
f 1887/1855/962 1889/1857/962 1890/1858/962
f 1887/1855/963 1890/1858/963 1888/1856/963
f 1889/1857/964 1883/1851/964 1886/1854/964
f 1889/1857/965 1886/1854/965 1890/1858/965
f 1891/1859/966 1892/1860/966 1893/1861/966
f 1891/1859/967 1893/1861/967 1894/1862/967
f 1892/1860/968 1895/1863/968 1896/1864/968
f 1892/1860/969 1896/1864/969 1893/1861/969
f 1895/1863/970 1897/1865/970 1898/1866/970
f 1895/1863/971 1898/1866/971 1896/1864/972
f 1897/1865/973 1891/1859/973 1894/1862/973
f 1897/1865/974 1894/1862/974 1898/1866/974
f 1899/1867/966 1900/1868/966 1901/1869/966
f 1899/1867/967 1901/1869/967 1902/1870/967
f 1903/1871/975 1904/1872/975 1905/1873/975
f 1904/1872/976 1899/1867/976 1902/1870/976
f 1904/1872/977 1902/1870/977 1905/1873/977
f 1906/1874/978 1907/1875/978 1908/1876/978
f 1906/1874/979 1908/1876/979 1909/1877/979
f 1907/1875/980 1910/1878/980 1908/1876/980
f 1911/1879/981 1906/1874/981 1909/1877/981
f 1911/1879/982 1909/1877/982 1912/1880/982
f 1913/1881/983 1914/1882/983 1915/1883/984
f 1913/1881/171 1915/1883/171 1916/1884/171
f 1914/1882/985 1917/1885/985 1915/1883/985
f 1918/1886/3 1913/1881/3 1916/1884/3
f 1918/1886/43 1916/1884/43 1919/1887/43
f 1920/1888/163 1921/1889/163 1922/1890/163
f 1920/1888/171 1922/1890/171 1923/1891/171
f 1921/1889/94 1924/1892/94 1922/1890/94
f 1925/1893/3 1920/1888/3 1923/1891/3
f 1925/1893/43 1923/1891/43 1926/1894/43
f 1927/1895/171 1928/1896/171 1929/1897/171
f 1934/1898/171 1935/1899/171 1936/1900/171
f 1938/1901/163 1939/1902/163 1940/1903/163
f 1938/1901/163 1940/1903/163 1941/1904/163
f 1939/1902/4 1942/1905/4 1943/1906/4
f 1939/1902/4 1943/1906/4 1940/1903/4
f 1942/1905/141 1944/1907/141 1945/1908/141
f 1942/1905/148 1945/1908/148 1943/1906/148
f 1944/1907/43 1938/1901/43 1941/1904/43
f 1944/1907/3 1941/1904/3 1945/1908/3
f 1946/1909/171 1947/1910/171 1948/1911/171
f 1946/1909/163 1948/1911/163 1949/1912/163
f 1947/1910/120 1950/1913/120 1951/1914/120
f 1947/1910/94 1951/1914/94 1948/1911/94
f 1950/1913/282 1952/1915/282 1953/1916/282
f 1950/1913/148 1953/1916/148 1951/1914/148
f 1952/1915/43 1946/1909/43 1949/1912/43
f 1952/1915/3 1949/1912/3 1953/1916/3
f 1954/1917/171 1955/1918/171 1956/1919/171
f 1954/1917/172 1956/1919/172 1957/1920/172
f 1958/1921/148 1959/1922/148 1960/1923/148
f 1959/1922/43 1954/1917/43 1957/1920/43
f 1959/1922/3 1957/1920/3 1960/1923/3
f 1961/1924/171 1962/1925/171 1963/1926/171
f 1961/1924/163 1963/1926/163 1964/1927/163
f 1970/1928/171 1971/1929/171 1972/1930/171
f 1970/1928/163 1972/1930/163 1973/1931/163
f 1975/1932/163 1976/1933/163 1977/1934/163
f 1979/1935/163 1980/1936/163 1981/1937/163
f 1979/1935/171 1981/1937/171 1982/1938/171
f 1983/1939/43 1979/1935/43 1982/1938/43
f 1987/1940/163 1988/1941/163 1989/1942/163
f 1987/1940/171 1989/1942/171 1990/1943/171
f 1992/1944/171 1993/1945/171 1994/1946/171
f 1996/1947/171 1997/1948/171 1998/1949/171
f 2000/1950/116 1996/1947/116 1998/1949/116
f 2000/1950/116 1998/1949/116 2001/1951/116
f 2002/1952/163 2003/1953/163 2004/1954/163
f 2007/1955/163 2008/1956/163 2009/1957/163
f 2007/1955/163 2009/1957/163 2010/1958/163
f 2008/1956/4 2011/1959/4 2009/1957/4
f 2013/1960/163 2014/1961/163 2015/1962/163
f 2016/1963/148 2018/1964/148 2017/1965/148
f 2019/1966/172 2020/1967/172 2021/1968/172
f 2023/1969/43 2019/1966/43 2021/1968/43
f 2023/1969/3 2021/1968/3 2024/1970/3
f 2025/1971/5 2026/1972/5 2027/1973/5
f 2025/1971/5 2027/1973/5 2028/1974/5
f 2029/1975/6 2030/1976/6 2031/1977/6
f 2029/1975/6 2031/1977/6 2032/1978/6
f 2026/1972/1 2029/1975/1 2032/1978/1
f 2026/1972/1 2032/1978/1 2027/1973/1
f 2030/1976/2 2025/1971/2 2028/1974/2
f 2030/1976/2 2028/1974/2 2031/1977/2
f 2034/1979/986 2035/1980/986 2036/1981/986
f 2035/1980/987 2037/1982/987 2038/1983/987
f 2035/1980/987 2038/1983/987 2036/1981/987
f 2055/1984/195 2056/1985/195 2057/1986/195
f 2055/1984/141 2057/1986/141 2058/1987/141
f 2056/1985/121 2059/1988/121 2060/1989/121
f 2056/1985/116 2060/1989/116 2057/1986/116
f 2059/1988/221 2061/1990/221 2062/1991/221
f 2059/1988/163 2062/1991/163 2060/1989/163
f 2061/1990/225 2055/1984/225 2058/1987/225
f 2061/1990/225 2058/1987/225 2062/1991/225
f 2063/1992/141 2064/1993/141 2065/1994/141
f 2063/1992/141 2065/1994/141 2066/1995/141
f 2064/1993/308 2067/1996/308 2068/1997/308
f 2064/1993/308 2068/1997/308 2065/1994/308
f 2067/1996/164 2069/1998/164 2070/1999/168
f 2067/1996/171 2070/1999/171 2068/1997/171
f 2069/1998/988 2063/1992/988 2066/1995/988
f 2069/1998/230 2066/1995/230 2070/1999/230
f 2071/2000/141 2072/2001/141 2073/2002/141
f 2071/2000/161 2073/2002/141 2074/2003/141
f 2072/2001/121 2075/2004/121 2076/2005/121
f 2072/2001/121 2076/2005/121 2073/2002/121
f 2075/2004/164 2077/2006/164 2078/2007/164
f 2075/2004/193 2078/2007/163 2076/2005/163
f 2077/2006/225 2071/2000/225 2074/2003/225
f 2077/2006/120 2074/2003/120 2078/2007/120
f 2079/2008/140 2080/2009/140 2081/2010/140
f 2079/2008/140 2081/2010/140 2082/2011/140
f 2080/2009/989 2083/2012/989 2084/2013/989
f 2080/2009/990 2084/2013/990 2081/2010/990
f 2083/2012/86 2085/2014/86 2086/2015/86
f 2083/2012/991 2086/2015/991 2084/2013/991
f 2085/2014/230 2079/2008/230 2082/2011/230
f 2085/2014/230 2082/2011/230 2086/2015/230
f 2087/2016/141 2088/2017/141 2089/2018/141
f 2087/2016/141 2089/2018/141 2090/2019/141
f 2088/2017/992 2091/2020/992 2092/2021/992
f 2088/2017/993 2092/2021/993 2089/2018/993
f 2091/2020/994 2093/2022/994 2094/2023/994
f 2091/2020/995 2094/2023/996 2092/2021/996
f 2093/2022/230 2087/2016/230 2090/2019/230
f 2093/2022/997 2090/2019/997 2094/2023/997
f 2095/2024/141 2096/2025/141 2097/2026/141
f 2095/2024/141 2097/2026/141 2098/2027/141
f 2096/2025/998 2099/2028/998 2100/2029/998
f 2096/2025/999 2100/2029/999 2097/2026/999
f 2099/2028/1000 2101/2030/1000 2102/2031/1000
f 2099/2028/1001 2102/2031/1001 2100/2029/1001
f 2101/2030/120 2095/2024/120 2098/2027/120
f 2101/2030/1002 2098/2027/1002 2102/2031/1002
f 2103/2032/141 2104/2033/141 2105/2034/141
f 2103/2032/195 2105/2034/195 2106/2035/195
f 2104/2033/1003 2107/2036/1003 2108/2037/1003
f 2104/2033/121 2108/2037/121 2105/2034/121
f 2107/2036/1004 2109/2038/1004 2110/2039/1004
f 2107/2036/1005 2110/2039/1005 2108/2037/1005
f 2109/2038/230 2103/2032/230 2106/2035/230
f 2109/2038/230 2106/2035/230 2110/2039/230
f 2111/2040/2 2112/2041/2 2113/2042/2
f 2111/2040/182 2113/2042/182 2114/2043/182
f 2112/2041/1006 2115/2044/1006 2116/2045/1006
f 2112/2041/308 2116/2045/308 2113/2042/308
f 2115/2044/1007 2117/2046/1007 2118/2047/1007
f 2115/2044/1008 2118/2047/1009 2116/2045/1010
f 2117/2046/225 2111/2040/225 2114/2043/225
f 2117/2046/1011 2114/2043/1011 2118/2047/1011
f 2119/2048/141 2120/2049/141 2121/2050/141
f 2119/2048/140 2121/2050/140 2122/2051/140
f 2120/2049/1012 2123/2052/1012 2124/2053/1012
f 2120/2049/1013 2124/2053/1013 2121/2050/1013
f 2123/2052/1014 2125/2054/1014 2126/2055/1014
f 2123/2052/1015 2126/2055/1015 2124/2053/1015
f 2125/2054/225 2119/2048/225 2122/2051/225
f 2125/2054/1016 2122/2051/1016 2126/2055/1016
f 2127/2056/195 2128/2057/195 2129/2058/195
f 2128/2057/1017 2130/2059/1017 2131/2060/1017
f 2128/2057/1018 2131/2060/1018 2129/2058/1018
f 2130/2059/1019 2132/2061/1020 2133/2062/1020
f 2130/2059/1021 2133/2062/1021 2131/2060/1021
f 2135/2063/1022 2137/2064/1022 2138/2065/1022
f 2139/2066/1023 2134/2067/1023 2136/2068/1023
f 2140/2069/1024 2141/2070/1024 2142/2071/1024
f 2141/2070/1025 2143/2072/1025 2144/2073/1025
f 2141/2070/1026 2144/2073/1026 2142/2071/1026
f 2149/2074/1027 2150/2075/1027 2151/2076/1027
f 2149/2074/1028 2151/2076/1028 2152/2077/1028
f 2146/2078/1029 2149/2074/1029 2152/2077/1029
f 2146/2078/1030 2152/2077/1030 2147/2079/1030
f 2150/2075/1031 2148/2080/1031 2151/2076/1031
f 2153/2081/1032 2154/2082/1032 2155/2083/1032
f 2153/2081/1032 2155/2083/1032 2156/2084/1032
f 2159/2085/1033 2160/2086/1033 2156/2084/1033
f 2159/2085/1034 2156/2084/1034 2155/2083/1034
f 2154/2082/1035 2153/2081/1035 2158/2087/1035
f 2153/2081/1036 2156/2084/1036 2160/2086/1036
f 2153/2081/1037 2160/2086/1037 2161/2088/1037
f 2153/2081/1037 2161/2088/1037 2157/2089/1037
f 2153/2081/1036 2157/2089/1036 2158/2087/1036
f 2155/2083/140 2154/2082/140 117/107/140
f 2155/2083/2 117/107/2 2159/2085/2
f 117/107/1038 2161/2088/1038 2160/2086/1038
f 117/107/1039 2160/2086/1039 2159/2085/1039
f 2169/2090/1040 2165/2091/1040 2166/2092/1040
f 2169/2090/4 2166/2092/4 2170/2093/4
f 2171/2094/1041 2167/2095/1041 2165/2091/1041
f 2171/2094/1042 2165/2091/1042 2169/2090/1042
f 2172/2096/17 2168/2097/17 2167/2095/17
f 2172/2096/112 2167/2095/112 2171/2094/112
f 2170/2093/1043 2166/2092/1043 2168/2097/1043
f 2170/2093/1044 2168/2097/1044 2172/2096/1044
f 2174/2098/2 2171/2094/2 2169/2090/2
f 2175/2099/3 2172/2096/3 2171/2094/3
f 2175/2099/3 2171/2094/3 2174/2098/3
f 2173/2100/86 2170/2093/86 2172/2096/86
f 2173/2100/86 2172/2096/86 2175/2099/86
f 2173/2100/5 2175/2099/5 2174/2098/5
f 2178/2101/1045 2176/2102/1045 2177/2103/1045
f 2184/2104/1046 2180/2105/1046 2181/2106/1046
f 2184/2104/1047 2181/2106/1047 2185/2107/1047
f 2186/2108/1048 2182/2109/1048 2180/2105/1048
f 2186/2108/1049 2180/2105/1049 2184/2104/1049
f 2187/2110/1050 2183/2111/1050 2182/2109/1050
f 2187/2110/1051 2182/2109/1051 2186/2108/1051
f 2185/2107/1052 2181/2106/1052 2183/2111/1052
f 2185/2107/1053 2183/2111/1053 2187/2110/1053
f 2188/2112/1054 2184/2104/1054 2185/2107/1054
f 2188/2112/86 2185/2107/86 2189/2113/86
f 2190/2114/1055 2186/2108/1055 2184/2104/1055
f 2190/2114/1056 2184/2104/1056 2188/2112/1056
f 2191/2115/140 2187/2110/140 2186/2108/140
f 2191/2115/140 2186/2108/140 2190/2114/140
f 2189/2113/227 2185/2107/227 2187/2110/227
f 2189/2113/227 2187/2110/227 2191/2115/227
f 2189/2113/5 2191/2115/5 2190/2114/5
f 2189/2113/5 2190/2114/5 2188/2112/5
f 2192/2116/1057 2193/2117/1057 2194/2118/1057
f 2192/2116/1058 2194/2118/1058 2195/2119/1058
f 2196/2120/1059 2197/2121/1059 2193/2117/1059
f 2196/2120/1060 2193/2117/1060 2192/2116/1060
f 2198/2122/1061 2199/2123/1061 2197/2121/1061
f 2198/2122/1062 2197/2121/1062 2196/2120/1062
f 2195/2119/1063 2194/2118/1063 2199/2123/1063
f 2195/2119/1064 2199/2123/1064 2198/2122/1064
f 2200/2124/1065 2192/2116/1065 2195/2119/1065
f 2200/2124/1066 2195/2119/1066 2201/2125/1066
f 2202/2126/1067 2196/2120/1067 2192/2116/1067
f 2202/2126/1068 2192/2116/1068 2200/2124/1068
f 2203/2127/1069 2198/2122/1069 2196/2120/1069
f 2203/2127/1070 2196/2120/1070 2202/2126/1070
f 2201/2125/1071 2195/2119/1071 2198/2122/1071
f 2201/2125/1072 2198/2122/1072 2203/2127/1072
f 2204/2128/163 2200/2124/163 2201/2125/163
f 2204/2128/1 2201/2125/1 2205/2129/1
f 2206/2130/1073 2202/2126/1073 2200/2124/1073
f 2206/2130/4 2200/2124/4 2204/2128/4
f 2207/2131/1074 2203/2127/1074 2202/2126/1074
f 2207/2131/1075 2202/2126/1075 2206/2130/1075
f 2205/2129/1076 2201/2125/1076 2203/2127/1076
f 2205/2129/1077 2203/2127/1077 2207/2131/1077
f 2197/2121/6 2199/2123/6 2194/2118/6
f 2197/2121/6 2194/2118/6 2193/2117/6
f 2205/2129/5 2207/2131/5 2206/2130/5
f 2205/2129/5 2206/2130/5 2204/2128/5
f 2208/2132/3 2209/2133/3 2210/2134/3
f 2208/2132/3 2210/2134/3 2211/2135/3
f 2212/2136/172 2213/2137/172 2209/2133/172
f 2212/2136/1 2209/2133/1 2208/2132/1
f 2214/2138/94 2215/2139/94 2213/2137/94
f 2214/2138/1078 2213/2137/1078 2212/2136/1078
f 2211/2135/141 2210/2134/141 2215/2139/141
f 2211/2135/140 2215/2139/140 2214/2138/140
f 2216/2140/17 2208/2132/17 2211/2135/17
f 2216/2140/3 2211/2135/3 2217/2141/3
f 2218/2142/1079 2212/2136/1079 2208/2132/1079
f 2218/2142/1080 2208/2132/1080 2216/2140/1080
f 2219/2143/1081 2214/2138/1081 2212/2136/1081
f 2219/2143/4 2212/2136/4 2218/2142/4
f 2217/2141/1082 2211/2135/1082 2214/2138/1082
f 2217/2141/1083 2214/2138/1083 2219/2143/1083
f 2220/2144/3 2216/2140/3 2217/2141/3
f 2220/2144/3 2217/2141/3 2221/2145/3
f 2222/2146/1 2218/2142/1 2216/2140/1
f 2222/2146/86 2216/2140/86 2220/2144/86
f 2223/2147/4 2219/2143/4 2218/2142/4
f 2223/2147/4 2218/2142/4 2222/2146/4
f 2221/2145/141 2217/2141/141 2219/2143/141
f 2221/2145/141 2219/2143/141 2223/2147/141
f 2213/2137/6 2215/2139/6 2210/2134/6
f 2213/2137/6 2210/2134/6 2209/2133/6
f 2221/2145/5 2223/2147/5 2222/2146/5
f 2221/2145/5 2222/2146/5 2220/2144/5
f 2224/2148/3 2225/2149/3 2226/2150/3
f 2224/2148/3 2226/2150/3 2227/2151/3
f 2228/2152/1 2229/2153/1 2225/2149/1
f 2228/2152/1 2225/2149/1 2224/2148/1
f 2230/2154/4 2231/2155/4 2229/2153/4
f 2230/2154/4 2229/2153/4 2228/2152/4
f 2227/2151/140 2226/2150/140 2231/2155/140
f 2227/2151/141 2231/2155/141 2230/2154/141
f 2232/2156/1084 2224/2148/1084 2227/2151/1084
f 2232/2156/1085 2227/2151/1085 2233/2157/1085
f 2234/2158/1086 2228/2152/1086 2224/2148/1086
f 2234/2158/1087 2224/2148/1087 2232/2156/1087
f 2235/2159/33 2230/2154/33 2228/2152/33
f 2235/2159/4 2228/2152/4 2234/2158/4
f 2233/2157/1088 2227/2151/1088 2230/2154/1088
f 2233/2157/1089 2230/2154/1089 2235/2159/1089
f 2236/2160/1090 2232/2156/1090 2233/2157/1090
f 2236/2160/213 2233/2157/213 2237/2161/213
f 2238/2162/1091 2234/2158/1091 2232/2156/1091
f 2238/2162/1092 2232/2156/1092 2236/2160/1092
f 2239/2163/4 2235/2159/4 2234/2158/4
f 2239/2163/4 2234/2158/4 2238/2162/4
f 2237/2161/140 2233/2157/140 2235/2159/140
f 2237/2161/2 2235/2159/2 2239/2163/2
f 2229/2153/6 2231/2155/6 2226/2150/6
f 2229/2153/6 2226/2150/6 2225/2149/6
f 2237/2161/5 2239/2163/5 2238/2162/5
f 2237/2161/5 2238/2162/5 2236/2160/5
f 2240/2164/1093 2241/2165/1093 2242/2166/1093
f 2240/2164/1094 2242/2166/1094 2243/2167/1094
f 2244/2168/1095 2245/2169/1095 2241/2165/1095
f 2244/2168/1096 2241/2165/1096 2240/2164/1096
f 2246/2170/1097 2247/2171/1097 2245/2169/1097
f 2246/2170/1098 2245/2169/1098 2244/2168/1098
f 2243/2167/509 2242/2166/509 2247/2171/509
f 2243/2167/1099 2247/2171/1099 2246/2170/1099
f 2243/2167/513 2246/2170/513 2244/2168/513
f 2243/2167/1100 2244/2168/1100 2240/2164/1100
f 2251/2172/751 2249/2173/751 2248/2174/751
f 2253/2175/1101 2248/2174/1101 2250/2176/1101
f 2253/2175/1102 2250/2176/1102 2254/2177/1102
f 2255/2178/1103 2251/2172/1103 2248/2174/1103
f 2255/2178/1104 2248/2174/1104 2253/2175/1104
f 2256/2179/1105 2252/2180/1105 2251/2172/1105
f 2256/2179/747 2251/2172/747 2255/2178/747
f 2254/2177/1106 2250/2176/1106 2252/2180/1106
f 2254/2177/1107 2252/2180/1107 2256/2179/1107
f 2257/2181/1108 2253/2175/1109 2254/2177/1108
f 2257/2181/2 2254/2177/2 2258/2182/2
f 2259/2183/1110 2255/2178/1110 2253/2175/1110
f 2259/2183/1111 2253/2175/1111 2257/2181/1111
f 2260/2184/1112 2256/2179/1112 2255/2178/1112
f 2260/2184/1113 2255/2178/1113 2259/2183/1113
f 2258/2182/1114 2254/2177/1114 2256/2179/1114
f 2258/2182/1115 2256/2179/1115 2260/2184/1115
f 2258/2182/5 2260/2184/5 2259/2183/5
f 2258/2182/5 2259/2183/5 2257/2181/5
f 2264/2185/1116 2263/2186/1116 2265/2187/1116
f 2265/2187/5 2267/2188/5 2266/2189/5
f 2265/2187/5 2266/2189/5 2264/2185/5
f 2268/2190/1117 2269/2191/1117 2270/2192/1117
f 2268/2190/1118 2270/2192/1118 2271/2193/1118
f 2272/2194/1119 2273/2195/1119 2269/2191/1119
f 2272/2194/1120 2269/2191/1120 2268/2190/1120
f 2274/2196/2 2275/2197/2 2273/2195/2
f 2274/2196/1121 2273/2195/1121 2272/2194/1121
f 2271/2193/1122 2270/2192/1122 2275/2197/1122
f 2271/2193/1123 2275/2197/1123 2274/2196/1123
f 2271/2193/1124 2274/2196/1124 2272/2194/1124
f 2271/2193/1125 2272/2194/1125 2268/2190/1125
f 2283/2198/1126 2284/2199/1126 2285/2200/1126
f 2283/2198/1127 2285/2200/1127 2286/2201/1127
f 2287/2202/216 2288/2203/216 2284/2199/216
f 2287/2202/1128 2284/2199/1128 2283/2198/1128
f 2289/2204/1129 2290/2205/1129 2288/2203/1129
f 2289/2204/1130 2288/2203/1130 2287/2202/1130
f 2286/2201/1131 2285/2200/1131 2290/2205/1131
f 2286/2201/1132 2290/2205/1132 2289/2204/1132
f 2286/2201/1133 2289/2204/1133 2287/2202/1133
f 2286/2201/1134 2287/2202/1134 2283/2198/1134
f 2291/2206/1135 2292/2207/1135 2293/2208/1135
f 2291/2206/1136 2293/2208/1136 2294/2209/1136
f 2295/2210/1137 2296/2211/1137 2292/2207/1137
f 2295/2210/1138 2292/2207/1138 2291/2206/1138
f 2297/2212/1139 2298/2213/1139 2296/2211/1139
f 2297/2212/1140 2296/2211/1140 2295/2210/1140
f 2294/2209/1141 2293/2208/1141 2298/2213/1141
f 2294/2209/1142 2298/2213/1142 2297/2212/1142
f 2299/2214/1143 2291/2206/1143 2294/2209/1143
f 2299/2214/1144 2294/2209/1144 2300/2215/1144
f 2301/2216/1145 2295/2210/1145 2291/2206/1145
f 2301/2216/1146 2291/2206/1146 2299/2214/1146
f 2302/2217/15 2297/2212/15 2295/2210/15
f 2302/2217/3 2295/2210/3 2301/2216/3
f 2300/2215/1147 2294/2209/1147 2297/2212/1147
f 2300/2215/1148 2297/2212/1148 2302/2217/1148
f 2296/2211/648 2298/2213/648 2293/2208/648
f 2296/2211/647 2293/2208/647 2292/2207/647
l 86 87
l 86 90
l 1932 1933
l 1968 1969
l 1985 1986
l 1994 1995
l 2015 2018
l 2004 2006
l 1589 1590
l 1936 1937
l 6 9
l 1973 1974
l 1964 1965
l 271 274
l 1990 1991
l 2010 2012
l 758 759
l 1176 1177
l 1176 1179
l 2143 2145
l 2045 2046
l 2276 2277
l 2276 2278
l 1583 1584
l 1341 1346
l 2137 2139
l 2162 2163
l 2041 2042
l 1177 1178
l 2280 2281
l 2280 2282
l 1384 1397
l 1508 1509
l 87 88
l 742 743
l 1910 1912
l 1924 1926
l 2005 2006
l 1380 1382
l 2277 2279
l 1917 1919
l 190 191
l 160 223
l 244 245
l 1999 2001
l 2011 2012
l 2022 2024
l 1525 1528
l 1509 1589
l 1085 1086
l 1299 1300
l 1371 1383
l 129 1299
l 129 1306
l 273 274
l 97 98
l 78 79
l 1300 1306
l 2178 2179
l 1343 1352
l 1477 1478
l 1489 1490
l 1551 1552
l 687 688
l 1156 1157
l 1156 1161
l 1317 1332
l 2278 2279
l 1490 1584
l 116 120
l 2050 2051
l 2134 2135
l 2039 2042
l 2039 2040
l 2050 2052
l 1348 1406
l 79 88
l 127 148
l 127 149
l 149 150
l 2048 2049
l 2048 2051
l 2127 2132
l 2140 2145
l 2033 2034
l 2033 2037
l 2043 2044
l 2043 2046
l 2044 2045
l 1297 1298
l 2040 2041
l 80 81
l 1900 1903
l 1966 1967
l 2262 2263
l 1955 1958
l 247 248
l 1383 1384
l 45 1151
l 131 1308
l 2147 2148
l 187 191
l 1928 1930
l 270 271
l 1997 1999
l 2020 2022
l 81 82
l 2049 2052
l 1158 1159
l 1169 1171
l 2053 2054
l 1931 1932
l 1967 1968
l 1976 1978
l 1984 1985
l 2003 2005
l 2014 2017
l 364 365
l 2303 1192
