# Blender v2.93.0 OBJ File: ''
# www.blender.org
mtllib b_002_pre.mtl
o building_009.049_building_009.035
v -250.139435 3.405334 67.407417
v -248.347855 3.405334 67.206459
v -248.347855 6.810139 67.206459
v -250.139435 6.810139 67.407417
v -254.928513 6.384540 67.944595
v -254.928513 4.540270 67.944595
v -253.989349 4.540270 67.839249
v -253.989349 6.384539 67.839249
v -256.806824 3.405335 68.155281
v -252.111038 3.405334 67.628563
v -253.050201 4.540270 67.733910
v -255.867661 4.540270 68.049934
v -252.111038 6.810140 67.628563
v -256.806824 6.810140 68.155281
v -255.867661 6.384540 68.049934
v -253.050201 6.384539 67.733910
v -248.562256 6.810139 67.032051
v -248.562256 3.405334 67.032051
v -250.161423 3.405334 67.211426
v -250.161423 6.810139 67.211426
v -254.011337 4.540270 67.643265
v -254.950500 4.540270 67.748604
v -254.950500 6.384540 67.748604
v -254.011337 6.384539 67.643265
v -253.072189 4.540270 67.537918
v -252.133026 3.405334 67.432579
v -256.637970 3.405335 67.937889
v -255.889648 4.540270 67.853951
v -255.889648 6.384540 67.853951
v -256.637970 6.810140 67.937889
v -252.133026 6.810140 67.432579
v -253.072189 6.384539 67.537918
v -248.705170 4.540269 64.020973
v -248.705170 6.384540 64.020973
v -248.628754 6.384540 64.702225
v -248.628754 4.540269 64.702225
v -249.296677 6.810143 58.747490
v -248.498398 6.384538 65.864365
v -248.818466 6.384540 63.010872
v -249.296677 3.405336 58.747490
v -248.818466 4.540269 63.010872
v -248.498398 4.540269 65.864365
v -248.920258 3.405336 62.103355
v -248.821167 6.384540 64.723808
v -248.897583 6.384540 64.042557
v -248.897583 4.540269 64.042557
v -248.821167 4.540269 64.723808
v -248.690811 6.384538 65.885948
v -249.467682 6.810143 58.959900
v -249.010880 6.384540 63.032455
v -249.010880 4.540269 63.032455
v -249.467682 3.405336 58.959900
v -249.112671 3.405336 62.124939
v -248.690811 4.540269 65.885948
v -257.249237 5.533340 64.211052
v -257.249237 6.384542 64.211052
v -257.531372 6.384542 61.695602
v -257.531372 4.540272 61.695602
v -257.755646 6.810143 59.696312
v -257.641174 6.384542 60.716797
v -256.933685 6.384540 67.024124
v -257.755646 3.405337 59.696312
v -256.933685 5.533338 67.024124
v -257.641174 4.540272 60.716797
v -257.340546 6.384542 61.674202
v -257.058411 6.384542 64.189651
v -257.058411 5.533340 64.189651
v -257.340546 4.540272 61.674202
v -257.450348 6.384542 60.695389
v -257.543396 6.810143 59.865738
v -256.742859 6.384540 67.002716
v -256.742859 5.533338 67.002716
v -257.543396 3.405337 59.865738
v -257.450348 4.540272 60.695389
v -254.660889 5.107739 59.349174
v -254.660889 6.384542 59.349174
v -252.680267 6.384542 59.127014
v -252.680267 4.540272 59.127014
v -250.988464 6.384542 58.937248
v -255.775024 6.384542 59.474144
v -255.775024 5.107739 59.474144
v -250.988464 4.540271 58.937248
v -252.658859 6.384542 59.317848
v -254.639481 6.384542 59.540009
v -254.639481 5.107739 59.540009
v -252.658859 4.540272 59.317848
v -250.967072 6.384542 59.128082
v -255.753616 6.384542 59.664978
v -255.753616 5.107739 59.664978
v -250.967072 4.540271 59.128082
v -247.797745 7.091922 67.610710
v -248.849792 7.091926 58.231400
v -248.901031 7.137218 58.464867
v -247.899429 7.137216 67.394394
v -253.013428 9.700690 63.447083
v -252.864990 9.623638 63.430435
v -258.229095 7.091927 59.283455
v -253.030075 9.623638 63.298660
v -257.995636 7.137220 59.334694
v -249.066101 7.137218 58.333092
v -257.177063 7.091923 68.662766
v -253.161850 9.623638 63.463730
v -257.125793 7.137218 68.429298
v -258.127411 7.137220 59.499771
v -256.960724 7.137218 68.561073
v -252.996765 9.623638 63.595505
v -248.031204 7.137216 67.559471
v -248.919922 7.102882 58.466988
v -248.858719 7.055382 58.242577
v -247.808914 7.055380 67.601791
v -247.918304 7.102880 67.396515
v -252.883881 9.589306 63.432556
v -253.013428 9.661445 63.447083
v -253.027954 9.589306 63.317543
v -258.217926 7.055386 59.292374
v -257.993530 7.102884 59.353584
v -249.063995 7.102882 58.351982
v -253.142960 9.589306 63.461617
v -257.168121 7.055382 68.651588
v -257.106934 7.102882 68.427177
v -258.108521 7.102884 59.497650
v -256.962860 7.102882 68.542191
v -252.998886 9.589306 63.576630
v -248.033325 7.102880 67.540588
v -247.808914 6.810181 67.601791
v -248.858719 6.810184 58.242577
v -258.217926 6.810185 59.292374
v -257.168121 6.810183 68.651588
v -247.624908 6.966302 67.748688
v -248.711823 6.966304 58.058571
v -248.711823 7.055382 58.058571
v -247.624908 7.055380 67.748688
v -258.401947 6.966311 59.145485
v -258.401947 7.055386 59.145485
v -257.315033 6.966308 68.835602
v -257.315002 7.055382 68.835602
v -248.858719 7.055382 58.242577
v -248.858719 6.914114 58.242577
v -247.808914 6.914112 67.601791
v -258.217926 6.914116 59.292374
v -257.168121 6.914114 68.651588
v -248.723328 6.927164 58.072990
v -247.639328 6.927160 67.737167
v -258.387512 6.927166 59.156998
v -257.303497 6.927163 68.821175
v -248.757874 6.914114 58.116257
v -247.682587 6.914112 67.702637
v -258.344238 6.914116 59.191528
v -257.268982 6.914114 68.777916
v -247.918304 7.102884 67.396515
v -248.919922 7.102888 58.466988
v -257.993530 7.102890 59.353584
v -249.063995 7.102888 58.351982
v -257.106934 7.102887 68.427177
v -258.108521 7.102890 59.497650
v -256.962860 7.102887 68.542191
v -248.033325 7.102884 67.540588
v -252.170914 8.938143 68.444778
v -252.299332 8.938145 67.299812
v -252.299332 0.000528 67.299812
v -252.170914 0.000528 68.444778
v -249.900223 8.938141 68.190086
v -249.900223 0.000528 68.190086
v -250.028656 0.000528 67.045113
v -250.028656 8.938143 67.045113
v -252.133026 0.000528 67.432579
v -252.133026 8.938143 67.432579
v -252.038147 8.938143 68.278473
v -252.038147 0.000528 68.278473
v -250.161423 0.000528 67.211426
v -250.066544 0.000528 68.057327
v -250.066528 8.938141 68.057327
v -250.161423 8.938143 67.211426
v -252.299332 9.009079 67.299812
v -252.170914 9.009078 68.444778
v -252.038147 9.009078 68.278473
v -252.133026 9.009078 67.432579
v -249.900223 9.009074 68.190086
v -250.066528 9.009074 68.057327
v -250.028656 9.009076 67.045113
v -250.161423 9.009076 67.211426
v -260.137817 -0.637869 59.963509
v -246.083847 -0.637871 58.387115
v -246.552216 -0.637871 61.837738
v -245.696335 -0.637873 69.468102
v -258.905518 -0.637873 70.949738
v -245.707428 -0.637871 61.742981
v -246.552216 0.000529 61.837738
v -246.083847 0.000529 58.387115
v -260.137817 0.000532 59.963509
v -245.696335 0.000527 69.468102
v -258.905518 0.000528 70.949738
v -245.707428 0.000529 61.742981
v -249.107300 5.077932 60.435745
v -249.355392 2.982926 58.224052
v -245.778748 2.982926 57.822868
v -245.530670 5.077932 60.034561
v -248.863556 2.979774 62.608856
v -245.286911 2.979774 62.207672
v -245.261139 3.044737 62.437500
v -245.259155 3.084638 62.455170
v -248.835800 3.084638 62.856354
v -248.837769 3.044738 62.838684
v -249.381165 3.044739 57.994225
v -249.383148 3.084638 57.976555
v -245.806503 3.084640 57.575371
v -245.804520 3.044739 57.593040
v -245.267075 3.031438 62.384483
v -248.843719 3.031438 62.785667
v -249.375214 3.031438 58.047241
v -245.798584 3.031440 57.646057
v -245.778748 3.190584 57.822868
v -245.530670 5.276762 60.034561
v -249.355392 3.190584 58.224052
v -249.107315 5.276762 60.435745
v -245.286911 3.190584 62.207672
v -248.863556 3.190584 62.608856
v -246.083847 2.986161 58.387115
v -246.142685 2.983851 57.862572
v -246.083847 3.479717 58.387115
v -249.296677 3.479718 58.747490
v -249.355515 2.983852 58.222946
v -249.296677 2.986162 58.747490
v -245.707428 2.979774 61.742981
v -245.707428 3.467579 61.742981
v -245.650818 2.979774 62.247643
v -248.920258 3.467580 62.103355
v -248.920258 2.979774 62.103355
v -248.863647 2.979774 62.608017
v -248.863556 3.184065 62.608856
v -245.286911 3.184065 62.207672
v -245.286911 3.031438 62.207672
v -248.863556 3.031438 62.608856
v -245.259155 3.184065 62.455170
v -248.835800 3.184065 62.856354
v -249.383148 3.184066 57.976555
v -245.806503 3.184067 57.575371
v -245.778748 3.031438 57.822868
v -245.778748 3.184066 57.822868
v -249.355392 3.184066 58.224052
v -249.355392 3.031438 58.224052
v -248.745834 0.000530 63.658318
v -248.745834 2.979733 63.658318
v -248.587814 2.766932 65.067215
v -248.587814 0.851730 65.067215
v -248.462341 2.766932 66.185837
v -248.888168 2.979735 62.389473
v -248.462341 0.851730 66.185837
v -248.347855 0.000528 67.206459
v -248.888168 0.000530 62.389473
v -248.920258 0.000530 62.103355
v -248.778641 2.766932 65.088615
v -248.936661 2.979733 63.679726
v -248.936676 0.000530 63.679726
v -248.778641 0.851730 65.088615
v -248.653168 2.766932 66.207245
v -248.560669 3.405334 67.031876
v -249.127853 3.405336 61.975227
v -249.078995 2.979735 62.410873
v -248.560669 0.000528 67.031876
v -248.653168 0.851730 66.207245
v -249.078995 0.000530 62.410873
v -249.127853 0.000530 61.975227
v -250.139435 0.000528 67.407417
v -254.444260 1.064533 59.324883
v -254.444260 2.979736 59.324883
v -250.020386 2.766934 58.828667
v -250.020386 0.851732 58.828667
v -246.083847 3.405335 58.387115
v -248.328598 2.766934 58.638901
v -255.650711 2.979736 59.460205
v -257.755646 0.000531 59.696312
v -255.650711 1.064533 59.460205
v -248.328598 0.851732 58.638901
v -249.998993 2.766934 59.019493
v -254.422852 2.979736 59.515709
v -254.422852 1.064533 59.515709
v -249.998993 0.851732 59.019493
v -248.307190 2.766934 58.829727
v -246.242950 3.405335 58.598190
v -255.629303 2.979736 59.651031
v -255.629303 1.064533 59.651031
v -257.543396 0.000531 59.865738
v -246.242950 0.000529 58.598190
v -248.307190 0.851732 58.829727
v -254.749054 2.979734 67.924461
v -254.749054 1.064531 67.924461
v -253.989365 0.000529 67.839249
v -253.989349 2.979734 67.839249
v -255.867661 1.064531 68.049934
v -256.806824 0.000529 68.155281
v -255.867661 2.979734 68.049934
v -252.720505 2.979734 67.696930
v -252.720520 0.000528 67.696930
v -252.111038 0.000528 67.628563
v -254.011337 0.000529 67.643265
v -254.771027 1.064531 67.728477
v -254.771027 2.979734 67.728477
v -254.011337 2.979734 67.643265
v -256.637970 0.000529 67.937889
v -255.889648 1.064531 67.853951
v -255.889648 2.979734 67.853951
v -252.742493 2.979734 67.500938
v -252.742493 0.000528 67.500938
v -257.284790 0.000531 63.894119
v -257.284790 2.979737 63.894119
v -257.428101 2.979737 62.616501
v -257.428101 1.064533 62.616501
v -257.617859 2.979737 60.924706
v -256.921082 2.979735 67.136726
v -257.617859 1.064533 60.924706
v -256.921082 0.000529 67.136726
v -257.237274 2.979737 62.595100
v -257.093964 2.979737 63.872711
v -257.093964 0.000531 63.872711
v -257.237274 1.064533 62.595100
v -257.427032 2.979737 60.903305
v -256.730255 2.979735 67.115318
v -257.427032 1.064533 60.903305
v -256.730255 0.000529 67.115318
v -248.920258 3.479720 62.103355
v -245.707428 3.479720 61.742981
v -245.904709 0.000529 61.613693
v -249.127853 3.479720 61.975227
v -245.904709 3.479720 61.613693
v -245.894485 5.077932 60.075371
v -245.832901 2.979734 60.624359
v -246.083847 3.479720 58.387115
v -245.958374 2.979734 59.505737
v -245.958374 1.064531 59.505737
v -245.832901 1.064531 60.624359
v -246.013412 2.979734 60.644600
v -246.074982 5.077932 60.095619
v -246.242950 3.479720 58.598190
v -246.138885 2.979734 59.525986
v -246.013412 1.064531 60.644600
v -246.138885 1.064531 59.525986
v -245.836853 1.099998 60.589111
v -245.836853 2.944268 60.589111
v -245.954422 1.099998 59.540985
v -245.954422 2.944268 59.540985
v -246.017365 2.944268 60.609360
v -246.017365 1.099998 60.609360
v -246.134933 1.099998 59.561234
v -246.134933 2.944268 59.561234
v -245.906769 1.135465 60.561264
v -245.906769 1.933307 60.561264
v -245.902817 1.968773 60.596512
v -245.902817 1.099998 60.596512
v -246.016434 1.135465 59.583626
v -246.020386 1.099998 59.548386
v -246.016434 1.933307 59.583626
v -246.020386 1.968773 59.548386
v -245.938065 1.968773 60.600464
v -245.942017 1.933307 60.565216
v -245.942017 1.135465 60.565216
v -245.938065 1.099998 60.600464
v -246.051666 1.135465 59.587578
v -246.055634 1.099998 59.552338
v -246.051666 1.933307 59.587578
v -246.055634 1.968773 59.552338
v -245.942017 2.004240 60.565216
v -245.942017 2.908800 60.565216
v -245.938065 2.944268 60.600464
v -246.051666 2.004240 59.587578
v -246.051666 2.908800 59.587578
v -246.055634 2.944268 59.552338
v -245.973297 2.944268 60.604416
v -245.977264 2.908800 60.569168
v -245.977264 2.004240 60.569168
v -245.973312 1.968773 60.604416
v -246.086914 2.004240 59.591537
v -246.090866 1.968773 59.556290
v -246.086914 2.908800 59.591537
v -246.090866 2.944268 59.556290
v -246.027557 1.933307 59.584877
v -245.917908 1.933307 60.562515
v -245.917908 1.135465 60.562515
v -246.027557 1.135465 59.584877
v -245.926712 1.135465 60.563499
v -245.926712 1.933307 60.563499
v -246.036377 1.933307 59.585869
v -246.036377 1.135465 59.585869
v -246.062805 2.908800 59.588829
v -245.953156 2.908800 60.566467
v -245.953156 2.004240 60.566467
v -246.062805 2.004240 59.588829
v -245.961960 2.004240 60.567451
v -245.961960 2.908800 60.567451
v -246.071625 2.908800 59.589821
v -246.071625 2.004240 59.589821
v -248.466293 0.887196 66.150589
v -248.466293 2.731466 66.150589
v -248.583862 0.887196 65.102463
v -248.583862 2.731467 65.102463
v -248.657120 2.731466 66.171997
v -248.657120 0.887196 66.171997
v -248.774689 0.887196 65.123863
v -248.778641 0.851730 65.088615
v -248.774689 2.731466 65.123863
v -248.536194 0.922663 66.122742
v -248.536194 1.720505 66.122742
v -248.532242 1.755971 66.157990
v -248.532242 0.887196 66.157990
v -248.645859 0.922663 65.145103
v -248.649811 0.887196 65.109856
v -248.645859 1.720505 65.145103
v -248.649811 1.755971 65.109856
v -248.567490 1.755971 66.161942
v -248.571442 1.720505 66.126701
v -248.571442 0.922663 66.126701
v -248.567490 0.887196 66.161942
v -248.681107 0.922663 65.149055
v -248.685059 0.887196 65.113815
v -248.681107 1.720505 65.149055
v -248.685059 1.755971 65.113815
v -248.571442 1.791439 66.126701
v -248.571442 2.695999 66.126701
v -248.567490 2.731466 66.161942
v -248.681107 1.791439 65.149055
v -248.681107 2.695999 65.149055
v -248.685059 2.731467 65.113815
v -248.602737 2.731466 66.165894
v -248.606689 2.695999 66.130653
v -248.606689 1.791439 66.130653
v -248.602737 1.755971 66.165894
v -248.716354 1.791439 65.153008
v -248.720306 1.755971 65.117767
v -248.716354 2.695999 65.153008
v -248.720306 2.731467 65.117767
v -248.656998 1.720505 65.146355
v -248.547333 1.720505 66.123993
v -248.547333 0.922663 66.123993
v -248.656998 0.922663 65.146355
v -248.556152 0.922663 66.124985
v -248.556152 1.720505 66.124985
v -248.665802 1.720505 65.147339
v -248.665802 0.922663 65.147339
v -248.692245 2.695999 65.150307
v -248.582581 2.695999 66.127945
v -248.582581 1.791439 66.127945
v -248.692245 1.791439 65.150307
v -248.591400 1.791439 66.128937
v -248.591400 2.695999 66.128937
v -248.701050 2.695999 65.151291
v -248.701050 1.791439 65.151291
v -248.935104 1.599757 62.680252
v -248.856033 1.599757 63.385162
v -248.856033 1.380509 63.385162
v -248.935104 1.380509 62.680252
v -248.832306 2.908801 63.596642
v -248.832306 0.023374 63.596642
v -248.856033 0.284263 63.385162
v -248.856033 0.503512 63.385162
v -248.856033 0.722761 63.385162
v -248.856033 0.942012 63.385162
v -248.856033 1.161260 63.385162
v -248.856033 1.819005 63.385162
v -248.856033 2.038253 63.385162
v -248.856033 2.257505 63.385162
v -248.856033 2.476753 63.385162
v -248.856033 2.696001 63.385162
v -248.935104 0.284263 62.680252
v -248.958817 0.023374 62.468773
v -248.958817 2.908801 62.468773
v -248.935104 2.696001 62.680252
v -248.935104 2.476753 62.680252
v -248.935104 2.257505 62.680252
v -248.935104 2.038253 62.680252
v -248.935104 1.819005 62.680252
v -248.935104 1.161260 62.680252
v -248.935104 0.942012 62.680252
v -248.935104 0.722761 62.680252
v -248.935104 0.503512 62.680252
v -248.891281 1.380509 63.389114
v -248.891281 1.599757 63.389114
v -248.970337 1.599757 62.684204
v -248.970337 1.380509 62.684204
v -248.891281 0.284263 63.389114
v -248.867554 0.023374 63.600594
v -248.867554 2.908801 63.600594
v -248.891281 0.503512 63.389114
v -248.891281 2.696001 63.389114
v -248.891281 2.476753 63.389114
v -248.891281 2.257505 63.389114
v -248.891281 2.038253 63.389114
v -248.891281 1.819005 63.389114
v -248.891281 1.161260 63.389114
v -248.891281 0.942012 63.389114
v -248.891281 0.722761 63.389114
v -248.970337 0.284263 62.684204
v -248.994064 0.023374 62.472725
v -248.970337 2.696001 62.684204
v -248.994064 2.908801 62.472725
v -248.970337 2.476753 62.684204
v -248.970337 0.503512 62.684204
v -248.970337 0.722761 62.684204
v -248.970337 0.942012 62.684204
v -248.970337 1.161260 62.684204
v -248.970337 1.819005 62.684204
v -248.970337 2.038253 62.684204
v -248.970337 2.257505 62.684204
v -248.753754 0.023374 63.587830
v -248.753754 2.908801 63.587830
v -248.880249 0.023374 62.459961
v -248.880249 2.908801 62.459961
v -248.936676 2.979733 63.679726
v -248.944580 2.908801 63.609230
v -248.944580 0.023374 63.609230
v -248.936676 0.000530 63.679726
v -249.071091 0.023374 62.481369
v -249.078995 0.000530 62.410873
v -249.071091 2.908801 62.481369
v -249.078995 2.979735 62.410873
v -248.948944 0.503512 62.681801
v -248.869873 0.503512 63.386719
v -248.869873 0.284263 63.386719
v -248.948944 0.284263 62.681801
v -248.948944 0.942012 62.681801
v -248.869873 0.942012 63.386719
v -248.869873 0.722761 63.386719
v -248.948944 0.722761 62.681801
v -248.948944 1.380509 62.681801
v -248.869873 1.380509 63.386719
v -248.869873 1.161260 63.386719
v -248.948944 1.161260 62.681801
v -248.869873 2.476753 63.386719
v -248.948944 2.476753 62.681801
v -248.948944 2.696001 62.681801
v -248.869873 2.696001 63.386719
v -248.869873 2.038253 63.386719
v -248.948944 2.038253 62.681801
v -248.948944 2.257505 62.681801
v -248.869873 2.257505 63.386719
v -248.869873 1.599757 63.386719
v -248.948944 1.599757 62.681801
v -248.948944 1.819005 62.681801
v -248.869873 1.819005 63.386719
v -248.878693 0.284263 63.387703
v -248.878693 0.503512 63.387703
v -248.957764 0.503512 62.682793
v -248.957764 0.284263 62.682793
v -248.878693 0.722761 63.387703
v -248.878693 0.942012 63.387703
v -248.957764 0.942012 62.682793
v -248.957764 0.722761 62.682793
v -248.878693 1.161260 63.387703
v -248.878693 1.380509 63.387703
v -248.957764 1.380509 62.682793
v -248.957764 1.161260 62.682793
v -248.957764 2.696001 62.682793
v -248.957764 2.476753 62.682793
v -248.878693 2.476753 63.387703
v -248.878693 2.696001 63.387703
v -248.957764 2.257505 62.682793
v -248.957764 2.038253 62.682793
v -248.878693 2.038253 63.387703
v -248.878693 2.257505 63.387703
v -248.957764 1.819005 62.682793
v -248.957764 1.599757 62.682793
v -248.878693 1.599757 63.387703
v -248.878693 1.819005 63.387703
v -248.932098 1.219876 62.611710
v -248.943954 1.219876 62.505974
v -248.940002 1.255343 62.541214
v -248.936050 1.255343 62.576462
v -248.943954 1.326276 62.505974
v -248.940002 1.290809 62.541214
v -248.932098 1.326276 62.611710
v -248.936050 1.290809 62.576462
v -248.872223 1.255343 62.533615
v -248.892105 1.255343 62.571533
v -248.872223 1.290809 62.533615
v -248.892105 1.290809 62.571533
v -248.842682 1.255343 62.796936
v -248.842682 1.290809 62.796936
v -248.866516 1.290809 62.799614
v -248.866516 1.255343 62.799614
v -248.990219 1.219876 62.618233
v -248.994171 1.255343 62.582985
v -248.998138 1.255343 62.547737
v -249.002090 1.219876 62.512497
v -248.998138 1.290809 62.547737
v -249.002090 1.326276 62.512497
v -248.994171 1.290809 62.582985
v -248.990219 1.326276 62.618233
v -249.035065 1.255343 62.587570
v -249.062866 1.255343 62.555000
v -249.062866 1.290809 62.555000
v -249.035065 1.290809 62.587570
v -249.033325 1.255343 62.818321
v -249.009491 1.255343 62.815651
v -249.009491 1.290809 62.815651
v -249.033325 1.290809 62.818321
v -253.011871 1.599756 67.644836
v -253.716782 1.599756 67.723900
v -253.716782 1.380508 67.723900
v -253.011871 1.380508 67.644836
v -253.928253 2.908801 67.747620
v -253.928253 0.023373 67.747620
v -253.716782 0.284262 67.723900
v -253.716782 0.503511 67.723900
v -253.716782 0.722760 67.723900
v -253.716782 0.942011 67.723900
v -253.716782 1.161259 67.723900
v -253.716782 1.819004 67.723900
v -253.716782 2.038252 67.723900
v -253.716782 2.257503 67.723900
v -253.716782 2.476752 67.723900
v -253.716782 2.696000 67.723900
v -253.011871 0.284262 67.644836
v -252.800400 0.023373 67.621117
v -252.800400 2.908801 67.621109
v -253.011871 2.696000 67.644836
v -253.011871 2.476752 67.644836
v -253.011871 2.257503 67.644836
v -253.011871 2.038252 67.644836
v -253.011871 1.819004 67.644836
v -253.011871 1.161258 67.644836
v -253.011871 0.942010 67.644836
v -253.011871 0.722759 67.644836
v -253.011871 0.503511 67.644836
v -253.720734 1.380508 67.688652
v -253.720734 1.599756 67.688652
v -253.015823 1.599756 67.609589
v -253.015823 1.380508 67.609589
v -253.720734 0.284262 67.688652
v -253.932205 0.023373 67.712372
v -253.932205 2.908801 67.712372
v -253.720734 0.503511 67.688652
v -253.720734 2.696000 67.688652
v -253.720734 2.476752 67.688652
v -253.720734 2.257503 67.688652
v -253.720734 2.038252 67.688652
v -253.720734 1.819004 67.688652
v -253.720734 1.161259 67.688652
v -253.720734 0.942011 67.688652
v -253.720734 0.722760 67.688652
v -253.015823 0.284262 67.609589
v -252.804352 0.023373 67.585869
v -253.015823 2.696000 67.609589
v -252.804352 2.908801 67.585861
v -253.015823 2.476752 67.609589
v -253.015823 0.503511 67.609589
v -253.015823 0.722759 67.609589
v -253.015823 0.942010 67.609589
v -253.015823 1.161258 67.609589
v -253.015823 1.819004 67.609589
v -253.015823 2.038252 67.609589
v -253.015823 2.257503 67.609589
v -253.919449 0.023373 67.826180
v -253.919449 2.908801 67.826180
v -253.989929 2.979734 67.834084
v -253.989929 0.000529 67.834084
v -252.791580 0.023373 67.699669
v -252.721085 0.000528 67.691765
v -252.791580 2.908801 67.699669
v -252.721085 2.979734 67.691765
v -254.011337 2.979734 67.643257
v -253.940842 2.908801 67.635353
v -253.940857 0.023373 67.635353
v -254.011337 0.000529 67.643257
v -252.812988 0.023373 67.508842
v -252.742493 0.000528 67.500938
v -252.812988 2.908801 67.508842
v -252.742493 2.979734 67.500938
v -253.013428 0.503511 67.630981
v -253.718338 0.503511 67.710052
v -253.718338 0.284262 67.710052
v -253.013428 0.284262 67.630981
v -253.013428 0.942010 67.630981
v -253.718338 0.942011 67.710052
v -253.718338 0.722760 67.710052
v -253.013428 0.722759 67.630981
v -253.013428 1.380508 67.630981
v -253.718338 1.380508 67.710052
v -253.718338 1.161259 67.710052
v -253.013428 1.161258 67.630981
v -253.718338 2.476752 67.710052
v -253.013428 2.476752 67.630981
v -253.013428 2.696000 67.630981
v -253.718338 2.696000 67.710052
v -253.718338 2.038252 67.710052
v -253.013428 2.038252 67.630981
v -253.013428 2.257503 67.630981
v -253.718338 2.257503 67.710052
v -253.718338 1.599756 67.710052
v -253.013428 1.599756 67.630981
v -253.013428 1.819004 67.630981
v -253.718338 1.819004 67.710052
v -253.719330 0.284262 67.701241
v -253.719330 0.503511 67.701241
v -253.014404 0.503511 67.622169
v -253.014404 0.284262 67.622169
v -253.719330 0.722760 67.701241
v -253.719330 0.942011 67.701241
v -253.014404 0.942010 67.622169
v -253.014404 0.722759 67.622169
v -253.719330 1.161259 67.701241
v -253.719330 1.380508 67.701241
v -253.014404 1.380508 67.622169
v -253.014404 1.161258 67.622169
v -253.014404 2.696000 67.622169
v -253.014404 2.476752 67.622169
v -253.719330 2.476752 67.701241
v -253.719330 2.696000 67.701241
v -253.014404 2.257503 67.622169
v -253.014404 2.038252 67.622169
v -253.719330 2.038252 67.701241
v -253.719330 2.257503 67.701241
v -253.014404 1.819004 67.622169
v -253.014404 1.599756 67.622169
v -253.719330 1.599756 67.701241
v -253.719330 1.819004 67.701241
v -252.943329 1.219875 67.647835
v -252.837585 1.219875 67.635971
v -252.872833 1.255342 67.639923
v -252.908081 1.255342 67.643883
v -252.837585 1.326275 67.635971
v -252.872833 1.290808 67.639923
v -252.943329 1.326275 67.647835
v -252.908081 1.290808 67.643883
v -252.865234 1.255342 67.707710
v -252.903152 1.255342 67.687820
v -252.865234 1.290808 67.707710
v -252.903152 1.290808 67.687820
v -253.128555 1.255342 67.737244
v -253.128555 1.290808 67.737244
v -253.131241 1.290808 67.713402
v -253.131241 1.255342 67.713402
v -252.949844 1.219875 67.589706
v -252.914612 1.255342 67.585754
v -252.879364 1.255342 67.581795
v -252.844116 1.219875 67.577843
v -252.879364 1.290808 67.581795
v -252.844116 1.326275 67.577843
v -252.914612 1.290808 67.585754
v -252.949844 1.326275 67.589706
v -252.919189 1.255342 67.544861
v -252.886627 1.255342 67.517067
v -252.886627 1.290808 67.517067
v -252.919189 1.290808 67.544861
v -253.149948 1.255342 67.546608
v -253.147263 1.255342 67.570442
v -253.147263 1.290808 67.570442
v -253.149948 1.290808 67.546608
v -255.833008 1.099997 68.040825
v -255.833008 2.944267 68.040825
v -255.868240 2.979734 68.044777
v -255.868240 1.064531 68.044777
v -254.784866 1.099997 67.923256
v -254.749619 1.064531 67.919304
v -254.784866 2.944267 67.923256
v -254.749619 2.979734 67.919304
v -255.854401 2.944267 67.849998
v -255.854401 1.099997 67.849998
v -254.806274 1.099997 67.732430
v -254.806274 2.944267 67.732430
v -255.805145 1.135465 67.970909
v -255.805145 1.933306 67.970909
v -255.840393 1.968773 67.974861
v -255.840393 1.099997 67.974861
v -254.827515 1.135465 67.861252
v -254.792267 1.099997 67.857292
v -254.827515 1.933305 67.861252
v -254.792267 1.968773 67.857292
v -255.844345 1.968773 67.939621
v -255.809113 1.933306 67.935661
v -255.809113 1.135465 67.935661
v -255.844345 1.099997 67.939621
v -254.831467 1.135465 67.826004
v -254.796219 1.099997 67.822052
v -254.831467 1.933305 67.826004
v -254.796219 1.968773 67.822052
v -255.809113 2.004239 67.935661
v -255.809113 2.908801 67.935661
v -255.844345 2.944267 67.939621
v -254.831467 2.004239 67.826004
v -254.831467 2.908801 67.826004
v -254.796219 2.944267 67.822052
v -255.848312 2.944267 67.904373
v -255.813065 2.908801 67.900414
v -255.813065 2.004239 67.900414
v -255.848312 1.968773 67.904373
v -254.835419 2.004239 67.790756
v -254.800171 1.968773 67.786804
v -254.835419 2.908801 67.790756
v -254.800171 2.944267 67.786804
v -254.828766 1.933305 67.850113
v -255.806396 1.933306 67.959770
v -255.806396 1.135465 67.959770
v -254.828766 1.135465 67.850113
v -255.807388 1.135465 67.950958
v -255.807388 1.933306 67.950958
v -254.829758 1.933305 67.841301
v -254.829758 1.135465 67.841301
v -254.832718 2.908801 67.814865
v -255.810349 2.908801 67.924522
v -255.810349 2.004239 67.924522
v -254.832718 2.004239 67.814865
v -255.811340 2.004239 67.915718
v -255.811340 2.908801 67.915718
v -254.833710 2.908801 67.806061
v -254.833710 2.004239 67.806061
v -257.423065 1.100000 60.938545
v -257.241211 1.100000 62.559845
v -257.237274 1.064533 62.595093
v -257.427032 1.064533 60.903297
v -257.423065 2.944269 60.938553
v -257.241211 2.944269 62.559853
v -257.428101 1.064533 62.616501
v -257.432037 1.100000 62.581253
v -257.613892 1.100000 60.959946
v -257.617859 1.064533 60.924706
v -257.613892 2.944269 60.959953
v -257.432037 2.944269 62.581261
v -257.485077 1.135467 60.981186
v -257.404480 1.135467 61.699844
v -257.400513 1.100000 61.735092
v -257.489044 1.100000 60.945938
v -257.485077 2.908803 60.981194
v -257.489044 2.944269 60.945946
v -257.404480 2.908803 61.699844
v -257.400513 2.944269 61.735092
v -257.435760 1.100000 61.739044
v -257.439728 1.135467 61.703804
v -257.520325 1.135467 60.985146
v -257.524292 1.100000 60.949898
v -257.520325 2.908803 60.985146
v -257.524292 2.944269 60.949905
v -257.439728 2.908803 61.703804
v -257.435760 2.944269 61.739044
v -257.431824 1.135467 61.774292
v -257.346375 1.135467 62.535957
v -257.342438 1.100000 62.571198
v -257.431824 2.908803 61.774292
v -257.346375 2.908803 62.535957
v -257.342438 2.944269 62.571205
v -257.377655 1.100000 62.575150
v -257.381622 1.135467 62.539909
v -257.467072 1.135467 61.778244
v -257.471008 1.100000 61.742996
v -257.467041 2.908803 61.778244
v -257.471008 2.944269 61.742996
v -257.381622 2.908803 62.539909
v -257.377655 2.944269 62.575157
v -257.415619 2.908803 61.701096
v -257.415619 1.135467 61.701096
v -257.496216 1.135467 60.982437
v -257.496216 2.908803 60.982445
v -257.505035 1.135467 60.983429
v -257.424408 1.135467 61.702087
v -257.424408 2.908803 61.702087
v -257.505035 2.908803 60.983429
v -257.357513 2.908803 62.537209
v -257.357513 1.135467 62.537201
v -257.442963 1.135467 61.775543
v -257.442963 2.908803 61.775543
v -257.451752 1.135467 61.776527
v -257.366333 1.135467 62.538193
v -257.366333 2.908803 62.538193
v -257.451752 2.908803 61.776527
v -257.089996 0.035998 63.907959
v -256.734192 0.035996 67.080070
v -256.730255 0.000529 67.115318
v -257.093964 0.000531 63.872711
v -257.089996 2.944268 63.907959
v -256.734192 2.944267 67.080070
v -256.921082 0.000529 67.136719
v -256.925018 0.035996 67.101471
v -257.280823 0.035998 63.929359
v -257.284790 0.000531 63.894119
v -257.280823 2.944268 63.929367
v -256.925018 2.944267 67.101479
v -256.862183 0.248796 66.237885
v -256.791016 0.248796 66.872307
v -256.767303 0.035996 67.083778
v -256.885895 0.035996 66.026405
v -256.862183 2.731467 66.237885
v -256.885895 2.944267 66.026413
v -256.791016 2.731467 66.872307
v -256.767303 2.944267 67.083786
v -256.802551 0.035996 67.087738
v -256.826263 0.248796 66.876266
v -256.897430 0.248796 66.241844
v -256.921143 0.035996 66.030365
v -256.897430 2.731467 66.241844
v -256.921143 2.944267 66.030373
v -256.826263 2.731467 66.876266
v -256.802551 2.944267 67.087738
v -257.016022 0.248796 65.184471
v -256.944885 0.248796 65.818893
v -257.039764 0.035996 64.972992
v -257.016022 2.731467 65.184471
v -257.039764 2.944268 64.973000
v -256.944885 2.731467 65.818893
v -256.956390 0.035996 66.034317
v -256.980103 0.248796 65.822845
v -257.051270 0.248796 65.188423
v -257.075012 0.035996 64.976944
v -257.051270 2.731467 65.188423
v -257.075012 2.944268 64.976952
v -256.980103 2.731467 65.822845
v -256.956390 2.944267 66.034325
v -257.169891 0.248798 64.131050
v -257.098724 0.248796 64.765472
v -257.193604 0.035998 63.919579
v -257.169891 2.731467 64.131058
v -257.193604 2.944268 63.919579
v -257.098724 2.731467 64.765480
v -257.110260 0.035996 64.980896
v -257.133972 0.248796 64.769424
v -257.205139 0.248798 64.135002
v -257.228851 0.035998 63.923531
v -257.205139 2.731467 64.135010
v -257.228851 2.944268 63.923531
v -257.133972 2.731467 64.769432
v -257.110229 2.944268 64.980904
v -256.802155 2.731467 66.873558
v -256.802155 0.248796 66.873558
v -256.873322 0.248796 66.239136
v -256.873322 2.731467 66.239136
v -256.882141 0.248796 66.240128
v -256.810974 0.248796 66.874550
v -256.810974 2.731467 66.874550
v -256.882141 2.731467 66.240128
v -256.956024 2.731467 65.820145
v -256.956024 0.248796 65.820137
v -257.027161 0.248796 65.185715
v -257.027161 2.731467 65.185722
v -257.035980 0.248796 65.186707
v -256.964813 0.248796 65.821129
v -256.964813 2.731467 65.821129
v -257.035980 2.731467 65.186707
v -257.109863 2.731467 64.766724
v -257.109863 0.248796 64.766724
v -257.181030 0.248798 64.132301
v -257.181030 2.731467 64.132301
v -257.189819 0.248798 64.133293
v -257.118683 0.248796 64.767715
v -257.118683 2.731467 64.767715
v -257.189819 2.731467 64.133293
v -255.594055 1.099999 59.647079
v -255.594055 2.944269 59.647079
v -254.458099 1.099999 59.519661
v -254.458099 2.944269 59.519661
v -255.615463 2.944269 59.456253
v -255.615463 1.099999 59.456253
v -254.479507 1.099999 59.328835
v -254.479507 2.944269 59.328835
v -255.566208 1.135467 59.577171
v -255.566208 1.933307 59.577171
v -255.601456 1.968775 59.581123
v -255.601456 1.099999 59.581123
v -254.500748 1.135467 59.457657
v -254.465500 1.099999 59.453705
v -254.500748 1.933307 59.457657
v -254.465500 1.968775 59.453705
v -255.605408 1.968775 59.545876
v -255.570160 1.933307 59.541924
v -255.570160 1.135467 59.541924
v -255.605408 1.099999 59.545876
v -254.504700 1.135467 59.422417
v -254.469452 1.099999 59.418457
v -254.504700 1.933307 59.422417
v -254.469452 1.968775 59.418457
v -255.570160 2.004241 59.541924
v -255.570160 2.908803 59.541924
v -255.605408 2.944269 59.545876
v -254.504700 2.004241 59.422417
v -254.504700 2.908803 59.422417
v -254.469452 2.944269 59.418457
v -255.609360 2.944269 59.510635
v -255.574112 2.908803 59.506683
v -255.574112 2.004241 59.506683
v -255.609360 1.968775 59.510635
v -254.508652 2.004241 59.387169
v -254.473404 1.968775 59.383217
v -254.508652 2.908803 59.387169
v -254.473404 2.944269 59.383217
v -254.501999 1.933307 59.446526
v -255.567459 1.933307 59.566032
v -255.567459 1.135467 59.566032
v -254.501999 1.135467 59.446526
v -255.568451 1.135467 59.557220
v -255.568451 1.933307 59.557220
v -254.502991 1.933307 59.437714
v -254.502991 1.135467 59.437714
v -254.505951 2.908803 59.411278
v -255.571411 2.908803 59.530785
v -255.571411 2.004241 59.530785
v -254.505951 2.004241 59.411278
v -255.572403 2.004241 59.521973
v -255.572403 2.908803 59.521973
v -254.506943 2.908803 59.402466
v -254.506943 2.004241 59.402466
v -249.985153 0.887199 58.824715
v -248.363846 0.887198 58.642853
v -249.985153 2.731468 58.824715
v -248.363846 2.731468 58.642853
v -248.342438 0.887198 58.833687
v -249.963745 0.887199 59.015541
v -249.963745 2.731468 59.015541
v -248.342438 2.731468 58.833687
v -249.942505 0.922665 58.886719
v -249.223846 0.922665 58.806107
v -249.188599 0.887198 58.802155
v -249.977753 0.887199 58.890671
v -249.942505 2.696002 58.886719
v -249.977753 2.731468 58.890671
v -249.223846 2.696002 58.806107
v -249.188599 2.731468 58.802155
v -249.184647 0.887198 58.837402
v -249.219894 0.922665 58.841354
v -249.938553 0.922665 58.921959
v -249.973801 0.887199 58.925919
v -249.938553 2.696002 58.921959
v -249.973801 2.731468 58.925919
v -249.219894 2.696002 58.841354
v -249.184647 2.731468 58.837402
v -249.149414 0.922665 58.833443
v -248.387741 0.922665 58.748009
v -248.352493 0.887198 58.744057
v -249.149414 2.696002 58.833443
v -248.387741 2.696002 58.748009
v -248.352493 2.731468 58.744057
v -248.348541 0.887198 58.779305
v -248.383789 0.922665 58.783257
v -249.145447 0.922665 58.868690
v -249.180695 0.887198 58.872650
v -249.145447 2.696002 58.868690
v -249.180695 2.731468 58.872650
v -248.383789 2.696002 58.783257
v -248.348541 2.731468 58.779305
v -249.222595 2.696002 58.817245
v -249.222595 0.922665 58.817245
v -249.941254 0.922665 58.897858
v -249.941254 2.696002 58.897858
v -249.940262 0.922665 58.906670
v -249.221619 0.922665 58.826057
v -249.221619 2.696002 58.826057
v -249.940262 2.696002 58.906670
v -248.386490 2.696002 58.759148
v -248.386490 0.922665 58.759148
v -249.148163 0.922665 58.844582
v -249.148163 2.696002 58.844582
v -249.147171 0.922665 58.853394
v -248.385498 0.922665 58.767960
v -248.385498 2.696002 58.767960
v -249.147171 2.696002 58.853394
v -255.718369 5.143208 59.661026
v -255.718369 6.349074 59.661026
v -254.674728 5.143208 59.543961
v -254.674728 6.349073 59.543961
v -255.739777 6.349074 59.470192
v -255.739777 5.143208 59.470192
v -254.696136 5.143208 59.353134
v -254.696136 6.349073 59.353134
v -255.690521 5.178673 59.591110
v -255.690521 5.675118 59.591110
v -255.725769 5.710587 59.595062
v -255.725769 5.143208 59.595062
v -254.717361 5.178673 59.481956
v -254.682129 5.143208 59.478004
v -254.717361 5.675118 59.481956
v -254.682129 5.710586 59.478004
v -255.729721 5.710587 59.559822
v -255.694473 5.675118 59.555870
v -255.694473 5.178673 59.555870
v -255.729721 5.143208 59.559822
v -254.721329 5.178673 59.446709
v -254.686081 5.143208 59.442757
v -254.721329 5.675118 59.446709
v -254.686081 5.710586 59.442757
v -255.694473 5.746052 59.555870
v -255.694473 6.313610 59.555870
v -255.729721 6.349074 59.559822
v -254.721329 5.746051 59.446709
v -254.721313 6.313608 59.446709
v -254.686081 6.349073 59.442757
v -255.733673 6.349074 59.524574
v -255.698425 6.313610 59.520622
v -255.698425 5.746052 59.520622
v -255.733673 5.710587 59.524574
v -254.725281 5.746051 59.411469
v -254.690033 5.710586 59.407516
v -254.725281 6.313608 59.411469
v -254.690033 6.349073 59.407516
v -254.718613 5.675118 59.470818
v -255.691772 5.675118 59.579979
v -255.691772 5.178673 59.579979
v -254.718613 5.178673 59.470818
v -255.692764 5.178673 59.571167
v -255.692764 5.675118 59.571167
v -254.719604 5.675118 59.462006
v -254.719604 5.178673 59.462006
v -254.722565 6.313608 59.435570
v -255.695724 6.313610 59.544731
v -255.695724 5.746052 59.544731
v -254.722565 5.746051 59.435570
v -255.696716 5.746052 59.535919
v -255.696716 6.313610 59.535919
v -254.723557 6.313608 59.426758
v -254.723557 5.746051 59.426758
v -252.645020 4.575738 59.123062
v -251.023712 4.575737 58.941208
v -252.645020 6.349073 59.123062
v -251.023712 6.349073 58.941208
v -251.002304 4.575737 59.132034
v -252.623611 4.575738 59.313896
v -252.623611 6.349073 59.313896
v -251.002304 6.349073 59.132034
v -252.602371 4.611206 59.185066
v -251.883713 4.611206 59.104462
v -251.848480 4.575737 59.100510
v -252.637619 4.575738 59.189026
v -252.602371 6.313608 59.185066
v -252.637619 6.349073 59.189026
v -251.883713 6.313608 59.104462
v -251.848480 6.349073 59.100510
v -251.844513 4.575737 59.135750
v -251.879761 4.611206 59.139702
v -252.598419 4.611206 59.220314
v -252.633667 4.575738 59.224266
v -252.598419 6.313608 59.220314
v -252.633667 6.349073 59.224266
v -251.879761 6.313608 59.139702
v -251.844513 6.349073 59.135750
v -251.809280 4.611206 59.131798
v -251.047607 4.611206 59.046364
v -251.012360 4.575737 59.042412
v -251.809280 6.313608 59.131798
v -251.047607 6.313608 59.046364
v -251.012360 6.349073 59.042412
v -251.008408 4.575737 59.077652
v -251.043655 4.611206 59.081604
v -251.805328 4.611206 59.167046
v -251.840561 4.575737 59.170998
v -251.805328 6.313608 59.167046
v -251.840561 6.349073 59.170998
v -251.043655 6.313608 59.081612
v -251.008408 6.349073 59.077660
v -251.882477 6.313608 59.115601
v -251.882477 4.611206 59.115601
v -252.601120 4.611206 59.196205
v -252.601120 6.313608 59.196205
v -252.600128 4.611206 59.205017
v -251.881485 4.611206 59.124413
v -251.881485 6.313608 59.124413
v -252.600128 6.313608 59.205017
v -251.046356 6.313608 59.057503
v -251.046356 4.611206 59.057503
v -251.808029 4.611206 59.142937
v -251.808029 6.313608 59.142937
v -251.807037 4.611206 59.151749
v -251.045364 4.611206 59.066315
v -251.045364 6.313608 59.066315
v -251.807037 6.313608 59.151749
v -253.954117 4.575736 67.835297
v -253.954117 6.349071 67.835297
v -253.085449 4.575736 67.737862
v -253.085449 6.349071 67.737862
v -254.010757 6.384539 67.648422
v -253.975510 6.349071 67.644470
v -253.975510 4.575736 67.644470
v -254.010757 4.540270 67.648422
v -253.106857 4.575736 67.547028
v -253.071609 4.540270 67.543076
v -253.106857 6.349071 67.547028
v -253.071609 6.384539 67.543076
v -253.926270 4.611202 67.765381
v -253.926270 5.115554 67.765381
v -253.961502 5.151021 67.769341
v -253.961517 4.575736 67.769341
v -253.128082 4.611202 67.675858
v -253.092850 4.575736 67.671898
v -253.128082 5.115554 67.675858
v -253.092850 5.151021 67.671898
v -253.965469 5.151021 67.734093
v -253.930222 5.115554 67.730141
v -253.930222 4.611202 67.730141
v -253.965469 4.575736 67.734093
v -253.132050 4.611202 67.640610
v -253.096802 4.575736 67.636658
v -253.132050 5.115554 67.640610
v -253.096802 5.151021 67.636658
v -253.930222 5.186487 67.730141
v -253.930222 6.313605 67.730141
v -253.965469 6.349071 67.734093
v -253.132050 5.186487 67.640610
v -253.132050 6.313605 67.640610
v -253.096802 6.349071 67.636658
v -253.969421 6.349071 67.698853
v -253.934174 6.313605 67.694893
v -253.934174 5.186487 67.694893
v -253.969421 5.151021 67.698853
v -253.136002 5.186487 67.605370
v -253.100754 5.151021 67.601410
v -253.136002 6.313605 67.605370
v -253.100754 6.349071 67.601410
v -253.129333 5.115554 67.664726
v -253.927505 5.115554 67.754250
v -253.927505 4.611202 67.754250
v -253.129333 4.611202 67.664726
v -253.928497 4.611202 67.745438
v -253.928497 5.115554 67.745438
v -253.130325 5.115554 67.655907
v -253.130325 4.611202 67.655907
v -253.133286 6.313605 67.629478
v -253.931473 6.313605 67.719002
v -253.931473 5.186487 67.719002
v -253.133286 5.186487 67.629478
v -253.932449 5.186487 67.710190
v -253.932449 6.313605 67.710190
v -253.134277 6.313605 67.620667
v -253.134277 5.186487 67.620667
v -255.832428 4.575736 68.045982
v -255.832428 6.349072 68.045982
v -254.963760 4.575736 67.948547
v -254.963760 6.349072 67.948547
v -255.889069 6.384540 67.859108
v -255.853821 6.349072 67.855156
v -255.853821 4.575736 67.855156
v -255.889069 4.540270 67.859108
v -254.985153 4.575736 67.757713
v -254.949921 4.540270 67.753761
v -254.985153 6.349072 67.757713
v -254.949921 6.384540 67.753761
v -255.804581 4.611204 67.976067
v -255.804581 5.115554 67.976067
v -255.839813 5.151021 67.980026
v -255.839813 4.575736 67.980026
v -255.006393 4.611204 67.886543
v -254.971161 4.575736 67.882584
v -255.006393 5.115554 67.886543
v -254.971161 5.151021 67.882584
v -255.843765 5.151021 67.944778
v -255.808533 5.115554 67.940826
v -255.808533 4.611204 67.940826
v -255.843781 4.575736 67.944778
v -255.010345 4.611204 67.851295
v -254.975113 4.575736 67.847343
v -255.010345 5.115554 67.851295
v -254.975113 5.151021 67.847343
v -255.808533 5.186488 67.940826
v -255.808533 6.313606 67.940826
v -255.843765 6.349072 67.944778
v -255.010345 5.186488 67.851295
v -255.010345 6.313606 67.851295
v -254.975113 6.349072 67.847343
v -255.847733 6.349072 67.909538
v -255.812485 6.313606 67.905579
v -255.812485 5.186488 67.905579
v -255.847733 5.151021 67.909538
v -255.014313 5.186488 67.816055
v -254.979065 5.151021 67.812096
v -255.014313 6.313606 67.816055
v -254.979065 6.349072 67.812096
v -255.007645 5.115554 67.875412
v -255.805817 5.115554 67.964935
v -255.805817 4.611204 67.964935
v -255.007645 4.611204 67.875412
v -255.806808 4.611204 67.956123
v -255.806808 5.115554 67.956123
v -255.008636 5.115554 67.866592
v -255.008636 4.611204 67.866592
v -255.011597 6.313606 67.840164
v -255.809769 6.313606 67.929688
v -255.809784 5.186488 67.929688
v -255.011597 5.186488 67.840164
v -255.810760 5.186488 67.920876
v -255.810760 6.313606 67.920876
v -255.012589 6.313606 67.831352
v -255.012589 5.186488 67.831352
v -257.637238 4.575738 60.752037
v -257.637238 6.349074 60.752045
v -257.641174 4.540272 60.716797
v -257.535339 4.575738 61.660355
v -257.535339 6.349074 61.660355
v -257.446411 6.349074 60.730637
v -257.446411 4.575738 60.730637
v -257.344513 4.575738 61.638954
v -257.344513 6.349074 61.638954
v -257.567322 4.611206 60.779884
v -257.567322 5.115556 60.779884
v -257.571259 5.151023 60.744644
v -257.571259 4.575738 60.744644
v -257.473328 4.611206 61.617714
v -257.469391 4.575738 61.652954
v -257.473328 5.115556 61.617714
v -257.469391 5.151023 61.652954
v -257.536011 5.151023 60.740692
v -257.532074 5.115556 60.775932
v -257.532074 4.611206 60.775932
v -257.536011 4.575738 60.740692
v -257.438080 4.611206 61.613762
v -257.434143 4.575738 61.649002
v -257.438080 5.115556 61.613762
v -257.434143 5.151023 61.649002
v -257.532074 5.186490 60.775932
v -257.532074 6.313608 60.775932
v -257.536011 6.349074 60.740692
v -257.438080 5.186490 61.613762
v -257.438080 6.313608 61.613762
v -257.434143 6.349074 61.649002
v -257.500763 6.349074 60.736740
v -257.496826 6.313608 60.771980
v -257.496826 5.186490 60.771980
v -257.500763 5.151023 60.736740
v -257.402832 5.186490 61.609810
v -257.398895 5.151023 61.645050
v -257.402832 6.313608 61.609810
v -257.398895 6.349074 61.645050
v -257.462189 5.115556 61.616463
v -257.556183 5.115556 60.778641
v -257.556183 4.611206 60.778641
v -257.462189 4.611206 61.616463
v -257.547363 4.611206 60.777649
v -257.547363 5.115556 60.777649
v -257.453400 5.115556 61.615479
v -257.453400 4.611206 61.615479
v -257.426941 6.313608 61.612511
v -257.520935 6.313608 60.774689
v -257.520935 5.186490 60.774689
v -257.426941 5.186490 61.612511
v -257.512115 5.186490 60.773697
v -257.512115 6.313608 60.773697
v -257.418152 6.313608 61.611526
v -257.418152 5.186490 61.611526
v -256.937653 5.568806 66.988876
v -257.245270 5.568808 64.246300
v -256.937653 6.349072 66.988876
v -257.245270 6.349072 64.246300
v -257.054443 5.568808 64.224899
v -256.746826 5.568806 66.967468
v -256.746826 6.349072 66.967468
v -257.054443 6.349072 64.224899
v -256.875641 5.604271 66.946228
v -257.011749 5.604271 65.732910
v -257.015686 5.568808 65.697662
v -256.871704 5.568806 66.981476
v -256.875641 6.313606 66.946228
v -256.871704 6.349072 66.981476
v -257.011749 6.313608 65.732910
v -257.015686 6.349072 65.697662
v -256.980469 5.568808 65.693710
v -256.976501 5.604271 65.728958
v -256.840393 5.604271 66.942276
v -256.836456 5.568806 66.977524
v -256.840393 6.313606 66.942276
v -256.836456 6.349072 66.977524
v -256.976501 6.313608 65.728958
v -256.980469 6.349072 65.693710
v -256.984406 5.604271 65.658463
v -257.140137 5.604271 64.270195
v -257.144073 5.568808 64.234947
v -256.984406 6.313608 65.658463
v -257.140137 6.313608 64.270195
v -257.144073 6.349072 64.234947
v -257.108826 5.568808 64.230995
v -257.104889 5.604271 64.266243
v -256.949158 5.604271 65.654510
v -256.945221 5.568808 65.689758
v -256.949158 6.313608 65.654510
v -256.945221 6.349072 65.689758
v -257.104889 6.313608 64.266243
v -257.108826 6.349072 64.230995
v -257.000610 6.313608 65.731659
v -257.000610 5.604271 65.731659
v -256.864502 5.604271 66.944984
v -256.864502 6.313606 66.944984
v -256.855713 5.604271 66.943993
v -256.991791 5.604271 65.730675
v -256.991791 6.313608 65.730675
v -256.855713 6.313606 66.943993
v -257.128998 6.313608 64.268944
v -257.128998 5.604271 64.268944
v -256.973267 5.604271 65.657219
v -256.973267 6.313608 65.657219
v -256.964447 5.604271 65.656227
v -257.120178 5.604271 64.267960
v -257.120178 6.313608 64.267960
v -256.964447 6.313608 65.656227
v -249.006927 4.575737 63.067703
v -249.006927 6.349072 63.067703
v -248.901535 4.575737 64.007309
v -248.901535 6.349072 64.007309
v -248.814514 6.349072 63.046120
v -248.814514 4.575737 63.046120
v -248.709122 4.575737 63.985725
v -248.709122 6.349072 63.985725
v -248.935425 4.611204 63.095367
v -248.935425 5.115554 63.095367
v -248.939377 5.151021 63.060127
v -248.939377 4.575737 63.060127
v -248.837936 4.611204 63.964493
v -248.833984 4.575737 63.999733
v -248.837936 5.115554 63.964493
v -248.833984 5.151021 63.999733
v -248.904129 5.151021 63.056168
v -248.900177 5.115554 63.091415
v -248.900177 4.611204 63.091415
v -248.904129 4.575737 63.056168
v -248.802689 4.611204 63.960533
v -248.798737 4.575737 63.995781
v -248.802689 5.115554 63.960533
v -248.798737 5.151021 63.995781
v -248.900177 5.186489 63.091415
v -248.900177 6.313605 63.091415
v -248.904129 6.349072 63.056168
v -248.802689 5.186489 63.960533
v -248.802689 6.313605 63.960533
v -248.798737 6.349072 63.995781
v -248.868896 6.349072 63.052216
v -248.864929 6.313605 63.087463
v -248.864929 5.186489 63.087463
v -248.868896 5.151021 63.052216
v -248.767456 5.186489 63.956581
v -248.763489 5.151021 63.991829
v -248.767456 6.313605 63.956581
v -248.763489 6.349072 63.991829
v -248.826797 5.115554 63.963242
v -248.924286 5.115554 63.094116
v -248.924286 4.611204 63.094116
v -248.826797 4.611204 63.963242
v -248.915482 4.611204 63.093132
v -248.915482 5.115554 63.093132
v -248.817993 5.115554 63.962250
v -248.817993 4.611204 63.962250
v -248.791565 6.313605 63.959290
v -248.889038 6.313605 63.090164
v -248.889038 5.186489 63.090164
v -248.791565 5.186489 63.959290
v -248.880234 5.186489 63.089180
v -248.880234 6.313605 63.089180
v -248.782745 6.313605 63.958298
v -248.782745 5.186489 63.958298
v -248.817215 4.575737 64.759056
v -248.817215 6.349072 64.759056
v -248.821167 6.384540 64.723808
v -248.821167 4.540269 64.723808
v -248.694763 4.575737 65.850708
v -248.694763 6.349072 65.850708
v -248.628754 6.384540 64.702225
v -248.624786 6.349072 64.737473
v -248.624786 4.575737 64.737465
v -248.502350 4.575737 65.829124
v -248.502350 6.349072 65.829124
v -248.745712 4.611204 64.786720
v -248.745712 5.115554 64.786720
v -248.749664 5.151021 64.751480
v -248.749664 4.575737 64.751472
v -248.631165 4.611204 65.807884
v -248.627213 4.575737 65.843132
v -248.631165 5.115554 65.807884
v -248.627213 5.151021 65.843132
v -248.714417 5.151021 64.747520
v -248.710464 5.115554 64.782768
v -248.710464 4.611204 64.782768
v -248.714417 4.575737 64.747520
v -248.595932 4.611204 65.803925
v -248.591980 4.575737 65.839172
v -248.595932 5.115554 65.803925
v -248.591980 5.151021 65.839172
v -248.710464 5.186489 64.782768
v -248.710464 6.313605 64.782768
v -248.714417 6.349072 64.747520
v -248.595932 5.186489 65.803925
v -248.595932 6.313605 65.803925
v -248.591980 6.349072 65.839172
v -248.679169 6.349072 64.743568
v -248.675217 6.313605 64.778816
v -248.675217 5.186489 64.778816
v -248.679169 5.151021 64.743568
v -248.560684 5.186489 65.799973
v -248.556732 5.151021 65.835220
v -248.560684 6.313605 65.799973
v -248.556732 6.349072 65.835220
v -248.620026 5.115554 65.806633
v -248.734573 5.115554 64.785469
v -248.734573 4.611204 64.785469
v -248.620026 4.611204 65.806633
v -248.725769 4.611204 64.784485
v -248.725769 5.115554 64.784485
v -248.611221 5.115554 65.805641
v -248.611221 4.611204 65.805641
v -248.584793 6.313605 65.802681
v -248.699326 6.313605 64.781517
v -248.699326 5.186489 64.781517
v -248.584793 5.186489 65.802681
v -248.690521 5.186489 64.780533
v -248.690521 6.313605 64.780533
v -248.575974 6.313605 65.801689
v -248.575974 5.186489 65.801689
v -249.107285 5.312229 60.435951
v -245.530640 5.312228 60.034767
v -245.631149 5.229578 59.934135
v -249.031570 5.229574 60.315552
v -245.782883 3.212706 57.786026
v -245.862747 3.282013 57.869392
v -249.359528 3.212705 58.187210
v -249.263168 3.282014 58.250809
v -248.859406 3.212468 62.645943
v -245.282761 3.212467 62.244759
v -245.379028 3.282248 62.181953
v -248.779434 3.282248 62.563370
v -245.606476 5.228868 60.154213
v -249.006882 5.228868 60.535629
v -245.627029 5.207458 59.970970
v -249.027435 5.207453 60.352386
v -245.858612 3.259893 57.906227
v -249.259033 3.259894 58.287643
v -245.383179 3.260365 62.144875
v -248.783600 3.260366 62.526291
v -245.610626 5.206984 60.117126
v -249.011047 5.206985 60.498543
v -245.691940 3.226050 57.813332
v -245.443863 5.312228 60.025032
v -245.443863 5.186360 60.025032
v -245.691940 3.091357 57.813332
v -245.200119 3.226050 62.198143
v -245.200119 3.091356 62.198143
v -245.530640 5.186360 60.034767
v -245.778717 3.226050 57.823067
v -245.778717 3.091357 57.823067
v -245.286896 3.091356 62.207878
v -245.286896 3.226050 62.207878
v -256.889618 4.360291 68.126144
v -260.049377 3.222528 60.042816
v -258.849915 3.222526 70.736313
v -246.563934 3.222717 62.441376
v -248.273636 4.360097 67.159836
v -245.797806 3.222715 69.271614
v -245.895065 3.220658 69.409927
v -256.757172 4.362155 68.230179
v -258.723877 3.220659 70.848900
v -245.514847 3.051275 69.587036
v -245.696335 3.182357 69.468102
v -245.499054 3.091176 69.597389
v -259.056122 3.051276 71.105927
v -259.016785 3.037976 71.065125
v -259.069244 3.091176 71.119522
v -245.499054 3.182357 69.597389
v -246.552216 3.037978 61.837738
v -246.552216 3.182359 61.837738
v -245.696335 3.037976 69.468102
v -258.905518 3.182359 70.949738
v -258.905518 3.037977 70.949738
v -260.137817 3.182362 59.963509
v -246.424576 3.037978 61.823425
v -246.384918 3.051278 61.818977
v -245.781769 3.254295 69.269814
v -245.893356 3.252645 69.425148
v -246.371704 3.091178 61.817490
v -259.069244 3.182358 71.119522
v -260.305084 3.051280 59.982277
v -245.562256 3.037976 69.555962
v -258.865875 3.254143 70.738106
v -258.722168 3.252648 70.864128
v -256.814423 4.433940 68.164154
v -257.840271 4.391912 59.795029
v -256.905609 4.391910 68.127937
v -260.153778 3.213981 59.965302
v -260.065338 3.254146 60.044609
v -248.338409 4.433929 67.213409
v -248.378128 4.394142 67.305740
v -248.257599 4.391681 67.158035
v -258.912720 3.215847 70.958923
v -246.475586 3.213939 62.376015
v -248.894348 4.391683 61.481316
v -246.547897 3.254297 62.439575
v -248.988708 4.432041 61.348351
v -256.806824 4.400459 68.155281
v -257.824310 4.360293 59.793236
v -248.379837 4.362155 67.290512
v -246.491623 3.182359 62.377815
v -248.910385 4.360099 61.483116
v -260.318298 3.182362 59.983757
v -260.318298 3.091180 59.983757
v -249.004745 4.400461 61.350151
v -260.137817 3.037980 59.963509
v -257.755646 4.400463 59.696312
v -256.755463 4.394143 68.245399
v -257.771606 4.432080 59.698097
v -256.889465 4.359975 68.126129
v -258.849731 3.222208 70.736298
v -260.049194 3.222211 60.042801
v -245.687241 3.215838 69.475479
v -248.347855 4.400459 67.206459
v -246.564102 3.222401 62.441391
v -245.797974 3.222399 69.271629
v -248.273804 4.359782 67.159859
v -245.895081 3.220338 69.409767
v -258.723877 3.220340 70.848747
v -256.757172 4.361836 68.230026
v -245.516205 3.051964 69.586540
v -245.499512 3.091227 69.596718
v -245.696487 3.181837 69.468475
v -259.055450 3.051049 71.107559
v -259.086426 3.085704 71.136833
v -259.016998 3.038397 71.064857
v -245.499985 3.181688 69.597160
v -245.690491 3.048681 69.467522
v -246.551819 3.182004 61.838051
v -258.905243 3.181452 70.949883
v -258.906403 3.039524 70.949944
v -260.138123 3.182007 59.963905
v -246.424591 3.038354 61.823761
v -246.385452 3.051522 61.819290
v -245.698639 3.183093 69.467079
v -245.893082 3.252151 69.425270
v -245.781830 3.253595 69.270332
v -246.372040 3.091240 61.817863
v -259.071045 3.181697 71.118904
v -260.304504 3.051522 59.982475
v -260.065582 3.252994 60.044525
v -260.136078 3.182946 59.965607
v -257.839233 4.391408 59.794800
v -245.562103 3.038397 69.555649
v -258.865356 3.253530 70.738472
v -258.722443 3.252020 70.864029
v -258.905579 3.182644 70.950241
v -256.816650 4.431707 68.164871
v -256.905090 4.391641 68.127953
v -260.153137 3.213603 59.966019
v -248.336105 4.431704 67.213615
v -248.258087 4.391412 67.158165
v -248.377808 4.393790 67.305191
v -258.913239 3.215717 70.958649
v -246.476410 3.213826 62.376144
v -246.548096 3.253657 62.439140
v -248.894867 4.391415 61.481415
v -248.988632 4.431674 61.347626
v -256.807068 4.400226 68.156158
v -256.889679 4.360859 68.126572
v -256.757355 4.362619 68.230087
v -257.824707 4.361169 59.792549
v -260.049896 3.222684 60.042511
v -258.850616 3.223139 70.736923
v -245.796982 3.223333 69.272064
v -248.273499 4.360665 67.160240
v -248.379669 4.362617 67.290382
v -246.493866 3.183389 62.379036
v -246.563477 3.222841 62.441078
v -248.909683 4.361630 61.481590
v -245.894806 3.220860 69.410370
v -258.725433 3.223369 70.850197
v -260.317902 3.091242 59.984055
v -260.317902 3.182005 59.984070
v -249.005280 4.401024 61.350166
v -257.824158 4.359977 59.793221
v -248.910553 4.359784 61.483139
v -248.379852 4.361835 67.290359
v -260.138123 3.038335 59.963905
v -246.551819 3.038333 61.838051
v -256.755890 4.393791 68.244942
v -257.772583 4.431118 59.698311
v -245.689301 3.214933 69.475174
v -257.755768 4.400785 59.697655
v -248.347412 4.400225 67.207260
v -246.371704 3.182359 61.817490
v -260.265442 3.037980 59.977829
v -246.372025 3.182003 61.817879
v -260.265350 3.038355 59.978157
v -246.552216 2.980093 61.837738
v -245.696335 2.980091 69.468102
v -258.905518 2.980092 70.949738
v -260.137817 2.980095 59.963509
v -256.806824 2.980093 68.155281
v -248.347855 2.980091 67.206459
v -257.755646 2.980095 59.696312
v -248.920258 2.980093 62.103355
v -246.399002 1.277331 64.103539
v -246.375275 1.277331 64.315010
v -246.319839 1.277331 64.359261
v -246.354752 1.277331 64.048096
v -246.586761 1.277331 64.338730
v -246.631012 1.277331 64.394165
v -246.610474 1.277331 64.127258
v -246.665909 1.277331 64.083000
v -246.375275 2.885366 64.315010
v -246.399002 2.885366 64.103539
v -246.354752 2.885366 64.048096
v -246.319839 2.885366 64.359261
v -246.610474 2.885366 64.127258
v -246.665909 2.885366 64.083000
v -246.586761 2.885366 64.338730
v -246.631012 2.885366 64.394165
v -246.354752 0.106930 64.048096
v -246.319839 0.106930 64.359261
v -246.264404 0.106930 64.403519
v -246.310501 0.106930 63.992668
v -246.631012 0.106930 64.394165
v -246.675262 0.106930 64.449600
v -246.665909 0.106930 64.083000
v -246.721344 0.106930 64.038750
v -246.131363 1.277330 66.489578
v -246.107651 1.277330 66.701050
v -246.052216 1.277330 66.745308
v -246.087112 1.277330 66.434135
v -246.319122 1.277330 66.724770
v -246.363373 1.277330 66.780212
v -246.342834 1.277330 66.513298
v -246.398270 1.277330 66.469040
v -246.107651 2.885366 66.701050
v -246.131363 2.885366 66.489578
v -246.087112 2.885366 66.434135
v -246.052216 2.885366 66.745308
v -246.342834 2.885366 66.513298
v -246.398270 2.885366 66.469040
v -246.319122 2.885366 66.724770
v -246.363373 2.885366 66.780212
v -246.087112 0.106928 66.434135
v -246.052216 0.106928 66.745308
v -245.996780 0.106928 66.789558
v -246.042862 0.106928 66.378708
v -246.363373 0.106928 66.780212
v -246.407623 0.106928 66.835640
v -246.398270 0.106928 66.469040
v -246.453705 0.106928 66.424789
v -245.830917 1.277330 69.168114
v -245.807205 1.277330 69.379585
v -245.751770 1.277330 69.423851
v -245.786667 1.277330 69.112679
v -246.018677 1.277330 69.403305
v -246.062927 1.277330 69.458755
v -246.042389 1.277330 69.191833
v -246.097824 1.277330 69.147583
v -245.807205 2.885366 69.379585
v -245.830917 2.885366 69.168114
v -245.786667 2.885366 69.112679
v -245.751770 2.885366 69.423851
v -246.042389 2.885366 69.191833
v -246.097824 2.885366 69.147583
v -246.018677 2.885366 69.403305
v -246.062927 2.885366 69.458755
v -245.786667 0.106928 69.112679
v -245.751770 0.106928 69.423851
v -245.696335 0.106928 69.468102
v -245.742416 0.106928 69.057251
v -246.062927 0.106928 69.458755
v -246.107178 0.106928 69.514183
v -246.097824 0.106928 69.147583
v -246.153259 0.106928 69.103333
v -248.648514 1.277331 69.484161
v -248.624786 1.277331 69.695633
v -248.569351 1.277331 69.739891
v -248.604263 1.277331 69.428719
v -248.836273 1.277331 69.719353
v -248.880524 1.277331 69.774796
v -248.859985 1.277331 69.507881
v -248.915421 1.277331 69.463623
v -248.624786 2.885366 69.695633
v -248.648514 2.885367 69.484161
v -248.604263 2.885367 69.428719
v -248.569351 2.885366 69.739891
v -248.859985 2.885367 69.507881
v -248.915421 2.885367 69.463623
v -248.836273 2.885366 69.719353
v -248.880524 2.885366 69.774796
v -248.604263 0.106928 69.428719
v -248.569351 0.106928 69.739891
v -248.513916 0.106928 69.784142
v -248.560013 0.106928 69.373291
v -248.880524 0.106928 69.774796
v -248.924774 0.106928 69.830223
v -248.915421 0.106928 69.463623
v -248.970856 0.106928 69.419373
v -251.681107 1.277331 69.824318
v -251.657379 1.277331 70.035789
v -251.601944 1.277331 70.080048
v -251.636856 1.277331 69.768875
v -251.868866 1.277331 70.059509
v -251.913116 1.277331 70.114952
v -251.892578 1.277331 69.848038
v -251.948013 1.277331 69.803780
v -251.657379 2.885366 70.035789
v -251.681107 2.885366 69.824318
v -251.636856 2.885366 69.768875
v -251.601944 2.885366 70.080048
v -251.892578 2.885366 69.848038
v -251.948013 2.885366 69.803780
v -251.868866 2.885366 70.059509
v -251.913116 2.885366 70.114952
v -251.636856 0.106929 69.768875
v -251.601944 0.106929 70.080048
v -251.546509 0.106929 70.124298
v -251.592606 0.106929 69.713448
v -251.913116 0.106929 70.114952
v -251.957367 0.106929 70.170387
v -251.948013 0.106929 69.803780
v -252.003448 0.106929 69.759537
v -254.500839 1.277331 70.140602
v -254.477112 1.277331 70.352074
v -254.421677 1.277331 70.396332
v -254.456589 1.277331 70.085159
v -254.688599 1.277331 70.375793
v -254.732849 1.277331 70.431236
v -254.712311 1.277331 70.164322
v -254.767746 1.277331 70.120064
v -254.477112 2.885368 70.352074
v -254.500839 2.885368 70.140602
v -254.456589 2.885368 70.085159
v -254.421677 2.885368 70.396332
v -254.712311 2.885368 70.164322
v -254.767746 2.885368 70.120064
v -254.688599 2.885368 70.375793
v -254.732849 2.885368 70.431236
v -254.456589 0.106929 70.085159
v -254.421677 0.106929 70.396332
v -254.366241 0.106929 70.440582
v -254.412338 0.106929 70.029732
v -254.732849 0.106929 70.431236
v -254.777100 0.106929 70.486664
v -254.767746 0.106929 70.120064
v -254.823181 0.106929 70.075813
v -256.542389 1.277331 70.369598
v -256.518677 1.277331 70.581070
v -256.463226 1.277329 70.625328
v -256.498138 1.277331 70.314156
v -256.730133 1.277331 70.604790
v -256.774384 1.277329 70.660233
v -256.753876 1.277331 70.393318
v -256.809296 1.277331 70.349060
v -256.518677 2.885368 70.581070
v -256.542389 2.885368 70.369598
v -256.498138 2.885368 70.314156
v -256.463226 2.885368 70.625328
v -256.753876 2.885368 70.393318
v -256.809296 2.885368 70.349060
v -256.730133 2.885368 70.604790
v -256.774384 2.885368 70.660233
v -256.498138 0.106930 70.314156
v -256.463226 0.106928 70.625328
v -256.407806 0.106928 70.669579
v -256.453888 0.106930 70.258728
v -256.774384 0.106928 70.660233
v -256.818665 0.106928 70.715660
v -256.809296 0.106930 70.349060
v -256.864746 0.106930 70.304810
v -258.629242 1.277331 70.603676
v -258.605530 1.277329 70.815147
v -258.550079 1.277329 70.859406
v -258.584991 1.277331 70.548233
v -258.816986 1.277329 70.838867
v -258.861267 1.277329 70.894310
v -258.840729 1.277329 70.627396
v -258.896149 1.277331 70.583138
v -258.605530 2.885369 70.815147
v -258.629242 2.885369 70.603676
v -258.584991 2.885369 70.548233
v -258.550079 2.885369 70.859406
v -258.840729 2.885369 70.627396
v -258.896149 2.885369 70.583138
v -258.816986 2.885369 70.838867
v -258.861267 2.885369 70.894310
v -258.584991 0.106930 70.548233
v -258.550079 0.106928 70.859406
v -258.494659 0.106928 70.903656
v -258.540741 0.106930 70.492805
v -258.861267 0.106928 70.894310
v -258.905518 0.106928 70.949738
v -258.896149 0.106930 70.583138
v -258.951599 0.106930 70.538887
v -258.950195 1.277331 67.742226
v -258.926483 1.277331 67.953697
v -258.871063 1.277331 67.997948
v -258.905945 1.277331 67.686783
v -259.137970 1.277331 67.977417
v -259.182220 1.277331 68.032852
v -259.161682 1.277331 67.765945
v -259.217133 1.277331 67.721687
v -258.926483 2.885369 67.953697
v -258.950195 2.885369 67.742226
v -258.905945 2.885369 67.686783
v -258.871063 2.885369 67.997948
v -259.161682 2.885369 67.765945
v -259.217133 2.885369 67.721687
v -259.137970 2.885369 67.977417
v -259.182220 2.885369 68.032852
v -258.905945 0.106930 67.686783
v -258.871063 0.106930 67.997948
v -258.815613 0.106930 68.042198
v -258.861694 0.106930 67.631348
v -259.182220 0.106930 68.032852
v -259.226471 0.106930 68.088287
v -259.217133 0.106930 67.721687
v -259.272552 0.106930 67.677437
v -259.431641 1.277333 63.450066
v -259.407928 1.277333 63.661545
v -259.352478 1.277333 63.705795
v -259.387390 1.277333 63.394630
v -259.619415 1.277333 63.685265
v -259.663666 1.277333 63.740700
v -259.643127 1.277333 63.473785
v -259.698547 1.277333 63.429535
v -259.407928 2.885370 63.661545
v -259.431641 2.885371 63.450066
v -259.387390 2.885371 63.394630
v -259.352478 2.885370 63.705795
v -259.643127 2.885371 63.473785
v -259.698547 2.885371 63.429535
v -259.619415 2.885370 63.685265
v -259.663666 2.885370 63.740700
v -259.387390 0.106932 63.394630
v -259.352478 0.106932 63.705795
v -259.297058 0.106932 63.750053
v -259.343140 0.106932 63.339195
v -259.663666 0.106932 63.740700
v -259.707916 0.106932 63.796135
v -259.698547 0.106932 63.429535
v -259.753998 0.106932 63.385284
v -259.815460 1.277333 60.028297
v -259.791748 1.277333 60.239777
v -259.736298 1.277333 60.284035
v -259.771210 1.277333 59.972862
v -260.003204 1.277333 60.263496
v -260.047485 1.277333 60.318939
v -260.026947 1.277333 60.052017
v -260.082367 1.277333 60.007767
v -259.791748 2.885371 60.239777
v -259.815460 2.885371 60.028297
v -259.771210 2.885371 59.972862
v -259.736298 2.885371 60.284035
v -260.026947 2.885371 60.052017
v -260.082367 2.885371 60.007767
v -260.003204 2.885371 60.263496
v -260.047485 2.885371 60.318939
v -259.771210 0.106932 59.972862
v -259.736298 0.106932 60.284035
v -259.680878 0.106932 60.328285
v -259.726959 0.106932 59.917427
v -260.047485 0.106932 60.318939
v -260.091736 0.106932 60.374367
v -260.082367 0.106932 60.007767
v -260.137817 0.106932 59.963509
v -246.310501 0.000529 63.992668
v -246.264404 0.000529 64.403519
v -246.721344 0.000529 64.038750
v -246.675262 0.000527 64.449600
v -246.354752 2.979733 64.048096
v -246.319839 2.979733 64.359261
v -246.665909 2.979733 64.083000
v -246.631012 2.979733 64.394165
v -246.042862 0.000527 66.378708
v -245.996780 0.000527 66.789558
v -246.453705 0.000527 66.424789
v -246.407623 0.000527 66.835640
v -246.087112 2.979733 66.434135
v -246.052216 2.979733 66.745308
v -246.398270 2.979733 66.469040
v -246.363373 2.979733 66.780212
v -245.742416 0.000527 69.057251
v -246.153259 0.000527 69.103333
v -246.107178 0.000527 69.514183
v -245.786667 2.979733 69.112679
v -245.751770 2.979733 69.423851
v -246.097824 2.979733 69.147583
v -246.062927 2.979733 69.458755
v -248.560013 0.000528 69.373291
v -248.513916 0.000528 69.784142
v -248.970856 0.000528 69.419373
v -248.924774 0.000528 69.830223
v -248.604263 2.979733 69.428719
v -248.569351 2.979732 69.739891
v -248.915421 2.979733 69.463623
v -248.880524 2.979732 69.774796
v -251.592606 0.000528 69.713448
v -251.546509 0.000528 70.124298
v -252.003448 0.000528 69.759537
v -251.957367 0.000528 70.170387
v -251.636856 2.979733 69.768875
v -251.601944 2.979733 70.080048
v -251.948013 2.979733 69.803780
v -251.913116 2.979733 70.114952
v -254.412338 0.000529 70.029732
v -254.366241 0.000529 70.440582
v -254.823181 0.000529 70.075813
v -254.777100 0.000529 70.486664
v -254.456589 2.979733 70.085159
v -254.421677 2.979733 70.396332
v -254.767746 2.979733 70.120064
v -254.732849 2.979733 70.431236
v -256.453888 0.000529 70.258728
v -256.407806 0.000527 70.669579
v -256.864746 0.000529 70.304810
v -256.818665 0.000527 70.715660
v -256.498138 2.979735 70.314156
v -256.463226 2.979735 70.625328
v -256.809296 2.979735 70.349060
v -256.774384 2.979735 70.660233
v -258.540741 0.000529 70.492805
v -258.494659 0.000527 70.903656
v -258.951599 0.000530 70.538887
v -258.584991 2.979735 70.548233
v -258.550079 2.979735 70.859406
v -258.896149 2.979735 70.583138
v -258.861267 2.979735 70.894310
v -258.861694 0.000529 67.631348
v -258.815613 0.000529 68.042198
v -259.272552 0.000530 67.677437
v -259.226471 0.000530 68.088287
v -258.905945 2.979735 67.686783
v -258.871063 2.979735 67.997948
v -259.217133 2.979735 67.721687
v -259.182220 2.979735 68.032852
v -259.343140 0.000531 63.339195
v -259.297058 0.000531 63.750053
v -259.753998 0.000532 63.385284
v -259.707916 0.000532 63.796135
v -259.387390 2.979737 63.394630
v -259.352478 2.979737 63.705795
v -259.698547 2.979737 63.429535
v -259.663666 2.979737 63.740700
v -259.726959 0.000531 59.917427
v -259.680878 0.000531 60.328285
v -260.091736 0.000532 60.374367
v -259.771210 2.979737 59.972862
v -259.736298 2.979737 60.284035
v -260.082367 2.979737 60.007767
v -260.047485 2.979737 60.318939
v -245.906998 1.064529 69.126175
v -245.977493 1.064529 69.134079
v -246.510681 1.064530 64.380669
v -246.440186 1.064530 64.372765
v -245.906998 1.135463 69.126175
v -246.440186 1.135465 64.372765
v -246.510681 1.135465 64.380669
v -245.977493 1.135463 69.134079
v -246.439270 0.000527 64.540009
v -246.443222 0.000527 64.504761
v -246.443222 1.064530 64.504761
v -246.439270 1.064530 64.540009
v -246.478470 0.000527 64.508713
v -246.478470 1.064530 64.508713
v -246.474518 0.000527 64.543961
v -246.474518 1.064530 64.543961
v -246.421143 0.000527 64.701622
v -246.425095 0.000527 64.666374
v -246.425095 1.064530 64.666374
v -246.421143 1.064530 64.701622
v -246.460342 0.000527 64.670326
v -246.460342 1.064530 64.670326
v -246.456390 0.000527 64.705574
v -246.456390 1.064530 64.705574
v -246.403015 0.000527 64.863228
v -246.406967 0.000527 64.827980
v -246.406967 1.064529 64.827980
v -246.403015 1.064529 64.863228
v -246.442215 0.000527 64.831932
v -246.442215 1.064529 64.831932
v -246.438263 0.000527 64.867180
v -246.438263 1.064529 64.867180
v -246.384888 0.000527 65.024841
v -246.388840 0.000527 64.989594
v -246.388840 1.064529 64.989594
v -246.384888 1.064529 65.024841
v -246.424088 0.000527 64.993546
v -246.424088 1.064529 64.993546
v -246.420135 0.000527 65.028793
v -246.420135 1.064529 65.028793
v -246.366760 0.000527 65.186447
v -246.370712 0.000527 65.151199
v -246.370712 1.064529 65.151199
v -246.366760 1.064529 65.186447
v -246.405960 0.000527 65.155151
v -246.405960 1.064529 65.155151
v -246.402008 0.000527 65.190399
v -246.402008 1.064529 65.190399
v -246.348633 0.000527 65.348061
v -246.352585 0.000527 65.312813
v -246.352585 1.064529 65.312813
v -246.348633 1.064529 65.348061
v -246.387833 0.000527 65.316765
v -246.387833 1.064529 65.316765
v -246.383881 0.000527 65.352013
v -246.383881 1.064529 65.352013
v -246.330505 0.000527 65.509666
v -246.334457 0.000527 65.474419
v -246.334457 1.064529 65.474419
v -246.330505 1.064529 65.509666
v -246.369705 0.000527 65.478371
v -246.369705 1.064529 65.478371
v -246.365753 0.000527 65.513618
v -246.365753 1.064529 65.513618
v -246.312378 0.000527 65.671280
v -246.316330 0.000527 65.636032
v -246.316330 1.064529 65.636032
v -246.312378 1.064529 65.671280
v -246.351578 0.000527 65.639984
v -246.351578 1.064529 65.639984
v -246.347626 0.000527 65.675232
v -246.347626 1.064529 65.675232
v -246.294250 0.000527 65.832886
v -246.298203 0.000527 65.797646
v -246.298203 1.064529 65.797646
v -246.294250 1.064529 65.832886
v -246.333450 0.000527 65.801598
v -246.333450 1.064529 65.801598
v -246.329498 0.000527 65.836838
v -246.329498 1.064529 65.836838
v -246.276123 0.000527 65.994499
v -246.280075 0.000527 65.959251
v -246.280075 1.064529 65.959251
v -246.276123 1.064529 65.994499
v -246.315323 0.000527 65.963203
v -246.315323 1.064529 65.963203
v -246.311371 0.000527 65.998451
v -246.311371 1.064529 65.998451
v -246.257996 0.000527 66.156105
v -246.261948 0.000527 66.120857
v -246.261948 1.064529 66.120857
v -246.257996 1.064529 66.156105
v -246.297195 0.000527 66.124809
v -246.297195 1.064529 66.124809
v -246.293243 0.000527 66.160057
v -246.293243 1.064529 66.160057
v -246.239868 0.000527 66.317719
v -246.243820 0.000527 66.282471
v -246.243820 1.064529 66.282471
v -246.239868 1.064529 66.317719
v -246.279068 0.000527 66.286423
v -246.279068 1.064529 66.286423
v -246.275116 0.000527 66.321671
v -246.275116 1.064529 66.321671
v -246.167358 0.000527 66.964157
v -246.171310 0.000527 66.928909
v -246.171310 1.064529 66.928909
v -246.167358 1.064529 66.964157
v -246.206558 0.000527 66.932861
v -246.206558 1.064529 66.932861
v -246.202606 0.000527 66.968109
v -246.202606 1.064529 66.968109
v -246.149231 0.000527 67.125771
v -246.153183 0.000527 67.090523
v -246.153183 1.064529 67.090523
v -246.149231 1.064529 67.125771
v -246.188431 0.000527 67.094475
v -246.188431 1.064529 67.094475
v -246.184479 0.000527 67.129723
v -246.184479 1.064529 67.129723
v -246.131104 0.000527 67.287376
v -246.135056 0.000527 67.252129
v -246.135056 1.064529 67.252129
v -246.131104 1.064529 67.287376
v -246.170303 0.000527 67.256081
v -246.170303 1.064529 67.256081
v -246.166351 0.000527 67.291328
v -246.166351 1.064529 67.291328
v -246.112976 0.000527 67.448982
v -246.116928 0.000527 67.413742
v -246.116928 1.064529 67.413742
v -246.112976 1.064529 67.448982
v -246.152176 0.000527 67.417694
v -246.152176 1.064529 67.417694
v -246.148224 0.000527 67.452934
v -246.148224 1.064529 67.452934
v -246.094849 0.000527 67.610596
v -246.098801 0.000527 67.575348
v -246.098801 1.064529 67.575348
v -246.094849 1.064529 67.610596
v -246.134048 0.000527 67.579300
v -246.134048 1.064529 67.579300
v -246.130096 0.000527 67.614548
v -246.130096 1.064529 67.614548
v -246.076721 0.000527 67.772202
v -246.080673 0.000527 67.736961
v -246.080673 1.064529 67.736961
v -246.076721 1.064529 67.772202
v -246.115921 0.000527 67.740913
v -246.115921 1.064529 67.740913
v -246.111969 0.000527 67.776154
v -246.111969 1.064529 67.776154
v -246.058594 0.000527 67.933815
v -246.062546 0.000527 67.898567
v -246.062546 1.064529 67.898567
v -246.058594 1.064529 67.933815
v -246.097794 0.000527 67.902519
v -246.097794 1.064529 67.902519
v -246.093842 0.000527 67.937767
v -246.093842 1.064529 67.937767
v -246.040466 0.000527 68.095428
v -246.044418 0.000527 68.060181
v -246.044418 1.064529 68.060181
v -246.040466 1.064529 68.095428
v -246.079666 0.000527 68.064133
v -246.079666 1.064529 68.064133
v -246.075714 0.000527 68.099380
v -246.075714 1.064529 68.099380
v -246.022339 0.000527 68.257034
v -246.026291 0.000527 68.221786
v -246.026291 1.064529 68.221786
v -246.022339 1.064529 68.257034
v -246.061539 0.000527 68.225739
v -246.061539 1.064529 68.225739
v -246.057587 0.000527 68.260986
v -246.057587 1.064529 68.260986
v -246.004211 0.000527 68.418640
v -246.008163 0.000527 68.383400
v -246.008163 1.064529 68.383400
v -246.004211 1.064529 68.418640
v -246.043411 0.000527 68.387352
v -246.043411 1.064529 68.387352
v -246.039459 0.000527 68.422592
v -246.039459 1.064529 68.422592
v -245.986084 0.000527 68.580254
v -245.990036 0.000527 68.545006
v -245.990036 1.064529 68.545006
v -245.986084 1.064529 68.580254
v -246.025284 0.000527 68.548958
v -246.025284 1.064529 68.548958
v -246.021332 0.000527 68.584206
v -246.021332 1.064529 68.584206
v -245.967957 0.000527 68.741867
v -245.971909 0.000527 68.706619
v -245.971909 1.064529 68.706619
v -245.967957 1.064529 68.741867
v -246.007156 0.000527 68.710571
v -246.007156 1.064529 68.710571
v -246.003204 0.000527 68.745819
v -246.003204 1.064529 68.745819
v -245.949829 0.000527 68.903473
v -245.953781 0.000527 68.868225
v -245.953781 1.064529 68.868225
v -245.949829 1.064529 68.903473
v -245.989029 0.000527 68.872177
v -245.989029 1.064529 68.872177
v -245.985077 0.000527 68.907425
v -245.985077 1.064529 68.907425
v -245.931702 0.000527 69.065086
v -245.935654 0.000527 69.029839
v -245.935654 1.064529 69.029839
v -245.931702 1.064529 69.065086
v -245.970901 0.000527 69.033791
v -245.970901 1.064529 69.033791
v -245.966949 0.000527 69.069038
v -245.966949 1.064529 69.069038
v -246.193771 0.000527 69.334282
v -246.158524 0.000527 69.330330
v -246.158524 1.064529 69.330330
v -246.193771 1.064529 69.334282
v -246.162476 0.000527 69.295082
v -246.162476 1.064529 69.295082
v -246.197723 0.000527 69.299042
v -246.197723 1.064529 69.299042
v -246.355377 0.000527 69.352409
v -246.320129 0.000527 69.348457
v -246.320129 1.064529 69.348457
v -246.355377 1.064529 69.352409
v -246.324081 0.000527 69.313210
v -246.324081 1.064529 69.313210
v -246.359329 0.000527 69.317169
v -246.359329 1.064529 69.317169
v -246.516983 0.000527 69.370537
v -246.481750 0.000527 69.366585
v -246.481750 1.064529 69.366585
v -246.516983 1.064529 69.370537
v -246.485703 0.000527 69.331337
v -246.485703 1.064529 69.331337
v -246.520935 0.000527 69.335297
v -246.520935 1.064529 69.335297
v -246.678589 0.000527 69.388664
v -246.643356 0.000527 69.384712
v -246.643356 1.064529 69.384712
v -246.678589 1.064529 69.388664
v -246.647308 0.000527 69.349464
v -246.647308 1.064529 69.349464
v -246.682556 0.000527 69.353424
v -246.682556 1.064529 69.353424
v -246.840210 0.000527 69.406792
v -246.804962 0.000527 69.402840
v -246.804962 1.064529 69.402840
v -246.840210 1.064529 69.406792
v -246.808914 0.000527 69.367592
v -246.808914 1.064529 69.367592
v -246.844162 0.000527 69.371552
v -246.844162 1.064529 69.371552
v -247.001816 0.000527 69.424919
v -246.966568 0.000527 69.420967
v -246.966568 1.064529 69.420967
v -247.001816 1.064529 69.424919
v -246.970520 0.000527 69.385719
v -246.970520 1.064529 69.385719
v -247.005768 0.000527 69.389679
v -247.005768 1.064529 69.389679
v -247.163422 0.000527 69.443047
v -247.128174 0.000527 69.439095
v -247.128174 1.064530 69.439095
v -247.163422 1.064530 69.443047
v -247.132126 0.000527 69.403847
v -247.132126 1.064530 69.403847
v -247.167374 0.000527 69.407806
v -247.167374 1.064530 69.407806
v -247.325027 0.000527 69.461174
v -247.289795 0.000527 69.457222
v -247.289795 1.064530 69.457222
v -247.325027 1.064530 69.461174
v -247.293747 0.000527 69.421974
v -247.293747 1.064530 69.421974
v -247.328979 0.000527 69.425934
v -247.328979 1.064530 69.425934
v -247.486649 0.000527 69.479301
v -247.451401 0.000527 69.475349
v -247.451401 1.064530 69.475349
v -247.486649 1.064530 69.479301
v -247.455353 0.000527 69.440102
v -247.455353 1.064530 69.440102
v -247.490601 0.000527 69.444061
v -247.490601 1.064530 69.444061
v -247.648254 0.000528 69.497429
v -247.613007 0.000528 69.493477
v -247.613007 1.064530 69.493477
v -247.648254 1.064530 69.497429
v -247.616959 0.000528 69.458229
v -247.616959 1.064530 69.458229
v -247.652206 0.000528 69.462189
v -247.652206 1.064530 69.462189
v -247.809860 0.000528 69.515556
v -247.774628 0.000528 69.511604
v -247.774628 1.064530 69.511604
v -247.809860 1.064530 69.515556
v -247.778580 0.000528 69.476357
v -247.778580 1.064530 69.476357
v -247.813812 0.000528 69.480316
v -247.813812 1.064530 69.480316
v -247.971481 0.000528 69.533684
v -247.936234 0.000528 69.529732
v -247.936234 1.064530 69.529732
v -247.971481 1.064530 69.533684
v -247.940186 0.000528 69.494484
v -247.940186 1.064530 69.494484
v -247.975433 0.000528 69.498444
v -247.975433 1.064530 69.498444
v -248.137177 0.000528 69.552269
v -248.101929 0.000528 69.548317
v -248.101929 1.064530 69.548317
v -248.137177 1.064530 69.552269
v -248.105881 0.000528 69.513077
v -248.105881 1.064530 69.513077
v -248.141129 0.000528 69.517029
v -248.141129 1.064530 69.517029
v -248.298782 0.000528 69.570396
v -248.263535 0.000528 69.566444
v -248.263535 1.064530 69.566444
v -248.298782 1.064530 69.570396
v -248.267487 0.000528 69.531197
v -248.267487 1.064530 69.531197
v -248.302734 0.000528 69.535156
v -248.302734 1.064530 69.535156
v -248.460388 0.000528 69.588524
v -248.425156 0.000528 69.584572
v -248.425156 1.064530 69.584572
v -248.460388 1.064530 69.588524
v -248.429108 0.000528 69.549324
v -248.429108 1.064530 69.549324
v -248.464355 0.000528 69.553284
v -248.464355 1.064530 69.553284
v -249.065292 0.000528 69.656372
v -249.030045 0.000528 69.652420
v -249.030045 1.064530 69.652420
v -249.065292 1.064530 69.656372
v -249.033997 0.000528 69.617180
v -249.033997 1.064530 69.617180
v -249.069244 0.000528 69.621132
v -249.069244 1.064530 69.621132
v -249.226898 0.000528 69.674500
v -249.191650 0.000528 69.670547
v -249.191650 1.064530 69.670547
v -249.226898 1.064530 69.674500
v -249.195618 0.000528 69.635307
v -249.195602 1.064530 69.635307
v -249.230850 0.000528 69.639259
v -249.230850 1.064530 69.639259
v -249.388504 0.000528 69.692627
v -249.353271 0.000528 69.688675
v -249.353271 1.064530 69.688675
v -249.388504 1.064530 69.692627
v -249.357224 0.000528 69.653435
v -249.357224 1.064530 69.653435
v -249.392456 0.000528 69.657387
v -249.392456 1.064530 69.657387
v -249.550125 0.000528 69.710754
v -249.514877 0.000528 69.706802
v -249.514877 1.064530 69.706802
v -249.550125 1.064530 69.710754
v -249.518829 0.000528 69.671562
v -249.518829 1.064530 69.671562
v -249.554077 0.000528 69.675514
v -249.554077 1.064530 69.675514
v -249.711731 0.000528 69.728882
v -249.676483 0.000528 69.724930
v -249.676483 1.064530 69.724930
v -249.711731 1.064530 69.728882
v -249.680435 0.000528 69.689690
v -249.680435 1.064530 69.689690
v -249.715683 0.000528 69.693642
v -249.715683 1.064530 69.693642
v -249.873337 0.000528 69.747009
v -249.838089 0.000528 69.743057
v -249.838089 1.064530 69.743057
v -249.873337 1.064530 69.747009
v -249.842041 0.000528 69.707817
v -249.842041 1.064530 69.707817
v -249.877289 0.000528 69.711769
v -249.877289 1.064530 69.711769
v -250.034943 0.000528 69.765137
v -249.999695 0.000528 69.761185
v -249.999695 1.064530 69.761185
v -250.034943 1.064530 69.765137
v -250.003662 0.000528 69.725945
v -250.003662 1.064530 69.725945
v -250.038895 0.000528 69.729897
v -250.038895 1.064530 69.729897
v -250.196564 0.000528 69.783264
v -250.161316 0.000528 69.779312
v -250.161316 1.064530 69.779312
v -250.196564 1.064530 69.783264
v -250.165268 0.000528 69.744072
v -250.165268 1.064530 69.744072
v -250.200516 0.000528 69.748024
v -250.200516 1.064530 69.748024
v -250.353943 0.000528 69.800919
v -250.318710 0.000528 69.796967
v -250.318710 1.064530 69.796967
v -250.353943 1.064530 69.800919
v -250.322662 0.000528 69.761726
v -250.322662 1.064530 69.761726
v -250.357910 0.000528 69.765678
v -250.357910 1.064530 69.765678
v -250.515564 0.000528 69.819046
v -250.480316 0.000528 69.815094
v -250.480316 1.064530 69.815094
v -250.515564 1.064530 69.819046
v -250.484268 0.000528 69.779854
v -250.484268 1.064530 69.779854
v -250.519516 0.000528 69.783806
v -250.519516 1.064530 69.783806
v -250.677170 0.000528 69.837173
v -250.641922 0.000528 69.833221
v -250.641922 1.064530 69.833221
v -250.677170 1.064530 69.837173
v -250.645874 0.000528 69.797981
v -250.645874 1.064530 69.797981
v -250.681122 0.000528 69.801933
v -250.681122 1.064530 69.801933
v -250.838776 0.000528 69.855301
v -250.803543 0.000528 69.851349
v -250.803543 1.064530 69.851349
v -250.838776 1.064530 69.855301
v -250.807495 0.000528 69.816109
v -250.807495 1.064530 69.816109
v -250.842743 0.000528 69.820061
v -250.842743 1.064530 69.820061
v -251.000397 0.000528 69.873428
v -250.965149 0.000528 69.869476
v -250.965149 1.064530 69.869476
v -251.000397 1.064530 69.873428
v -250.969101 0.000528 69.834236
v -250.969101 1.064530 69.834236
v -251.004349 0.000528 69.838188
v -251.004349 1.064530 69.838188
v -251.162003 0.000528 69.891556
v -251.126755 0.000528 69.887604
v -251.126755 1.064530 69.887604
v -251.162003 1.064530 69.891556
v -251.130707 0.000528 69.852364
v -251.130707 1.064530 69.852364
v -251.165955 0.000528 69.856316
v -251.165955 1.064530 69.856316
v -251.323608 0.000528 69.909683
v -251.288361 0.000528 69.905731
v -251.288361 1.064530 69.905731
v -251.323608 1.064530 69.909683
v -251.292313 0.000528 69.870491
v -251.292313 1.064530 69.870491
v -251.327560 0.000528 69.874443
v -251.327560 1.064530 69.874443
v -251.485214 0.000528 69.927811
v -251.449982 0.000528 69.923859
v -251.449982 1.064530 69.923859
v -251.485214 1.064530 69.927811
v -251.453934 0.000528 69.888618
v -251.453934 1.064530 69.888618
v -251.489166 0.000528 69.892570
v -251.489166 1.064530 69.892570
v -254.902145 0.000529 70.311081
v -254.866898 0.000529 70.307129
v -254.866898 1.064531 70.307129
v -254.902145 1.064531 70.311081
v -254.870850 0.000529 70.271881
v -254.870850 1.064531 70.271881
v -254.906097 0.000529 70.275833
v -254.906097 1.064531 70.275833
v -255.063751 0.000529 70.329208
v -255.028519 0.000529 70.325256
v -255.028503 1.064531 70.325256
v -255.063751 1.064531 70.329208
v -255.032471 0.000529 70.290009
v -255.032455 1.064531 70.290009
v -255.067719 0.000529 70.293961
v -255.067703 1.064531 70.293961
v -255.225372 0.000529 70.347336
v -255.190125 0.000529 70.343384
v -255.190125 1.064531 70.343384
v -255.225372 1.064531 70.347336
v -255.194077 0.000529 70.308136
v -255.194077 1.064531 70.308136
v -255.229324 0.000529 70.312088
v -255.229324 1.064531 70.312088
v -255.386978 0.000529 70.365463
v -255.351730 0.000529 70.361511
v -255.351730 1.064531 70.361511
v -255.386978 1.064531 70.365463
v -255.355682 0.000529 70.326263
v -255.355682 1.064531 70.326263
v -255.390930 0.000529 70.330215
v -255.390930 1.064531 70.330215
v -255.548584 0.000529 70.383591
v -255.513336 0.000529 70.379639
v -255.513336 1.064531 70.379639
v -255.548584 1.064531 70.383591
v -255.517288 0.000529 70.344391
v -255.517288 1.064531 70.344391
v -255.552536 0.000529 70.348343
v -255.552536 1.064531 70.348343
v -255.710190 0.000529 70.401718
v -255.674942 0.000529 70.397766
v -255.674942 1.064531 70.397766
v -255.710190 1.064531 70.401718
v -255.678909 0.000529 70.362518
v -255.678909 1.064531 70.362518
v -255.714142 0.000529 70.366470
v -255.714142 1.064531 70.366470
v -255.871811 0.000529 70.419846
v -255.836563 0.000529 70.415894
v -255.836563 1.064531 70.415894
v -255.871811 1.064531 70.419846
v -255.840515 0.000529 70.380646
v -255.840515 1.064531 70.380646
v -255.875763 0.000529 70.384598
v -255.875763 1.064531 70.384598
v -256.033417 0.000529 70.437973
v -255.998169 0.000529 70.434021
v -255.998169 1.064531 70.434021
v -256.033417 1.064531 70.437973
v -256.002136 0.000529 70.398773
v -256.002136 1.064531 70.398773
v -256.037384 0.000529 70.402725
v -256.037384 1.064531 70.402725
v -256.195038 0.000529 70.456100
v -256.159790 0.000529 70.452148
v -256.159790 1.064531 70.452148
v -256.195038 1.064531 70.456100
v -256.163727 0.000529 70.416901
v -256.163727 1.064531 70.416901
v -256.198975 0.000529 70.420853
v -256.198975 1.064531 70.420853
v -256.356628 0.000529 70.474228
v -256.321381 0.000529 70.470276
v -256.321381 1.064531 70.470276
v -256.356628 1.064531 70.474228
v -256.325348 0.000529 70.435028
v -256.325348 1.064531 70.435028
v -256.360596 0.000529 70.438980
v -256.360596 1.064531 70.438980
v -256.970642 0.000529 70.543098
v -256.935394 0.000529 70.539146
v -256.935394 1.064531 70.539146
v -256.970642 1.064531 70.543098
v -256.939362 0.000529 70.503899
v -256.939362 1.064531 70.503899
v -256.974609 0.000529 70.507858
v -256.974609 1.064531 70.507858
v -257.132263 0.000529 70.561226
v -257.097015 0.000529 70.557274
v -257.097015 1.064531 70.557274
v -257.132263 1.064531 70.561226
v -257.100983 0.000529 70.522026
v -257.100952 1.064531 70.522026
v -257.136200 0.000529 70.525986
v -257.136200 1.064531 70.525986
v -257.293884 0.000529 70.579353
v -257.258636 0.000529 70.575401
v -257.258636 1.064531 70.575401
v -257.293884 1.064531 70.579353
v -257.262573 0.000529 70.540154
v -257.262573 1.064531 70.540154
v -257.297821 0.000529 70.544113
v -257.297821 1.064531 70.544113
v -257.455475 0.000527 70.597481
v -257.420227 0.000527 70.593529
v -257.420227 1.064531 70.593529
v -257.455475 1.064531 70.597481
v -257.424194 0.000529 70.558281
v -257.424194 1.064531 70.558281
v -257.459442 0.000529 70.562241
v -257.459442 1.064531 70.562241
v -257.617096 0.000527 70.615608
v -257.581848 0.000527 70.611656
v -257.581848 1.064529 70.611656
v -257.617096 1.064529 70.615608
v -257.585785 0.000529 70.576408
v -257.585785 1.064531 70.576408
v -257.621033 0.000529 70.580368
v -257.621033 1.064531 70.580368
v -257.778687 0.000527 70.633736
v -257.743439 0.000527 70.629784
v -257.743439 1.064529 70.629784
v -257.778687 1.064529 70.633736
v -257.747406 0.000527 70.594536
v -257.747406 1.064531 70.594536
v -257.782654 0.000527 70.598495
v -257.782654 1.064531 70.598495
v -257.940308 0.000527 70.651863
v -257.905060 0.000527 70.647911
v -257.905060 1.064529 70.647911
v -257.940308 1.064529 70.651863
v -257.909027 0.000527 70.612663
v -257.909027 1.064529 70.612663
v -257.944275 0.000527 70.616623
v -257.944275 1.064529 70.616623
v -258.101929 0.000527 70.669991
v -258.066681 0.000527 70.666039
v -258.066681 1.064529 70.666039
v -258.101929 1.064529 70.669991
v -258.070618 0.000527 70.630791
v -258.070618 1.064529 70.630791
v -258.105865 0.000527 70.634750
v -258.105865 1.064529 70.634750
v -258.263519 0.000527 70.688118
v -258.228271 0.000527 70.684166
v -258.228271 1.064529 70.684166
v -258.263519 1.064530 70.688118
v -258.232239 0.000527 70.648918
v -258.232239 1.064529 70.648918
v -258.267487 0.000527 70.652878
v -258.267487 1.064530 70.652878
v -258.425140 0.000527 70.706245
v -258.389893 0.000527 70.702293
v -258.389893 1.064530 70.702293
v -258.425140 1.064530 70.706245
v -258.393860 0.000527 70.667046
v -258.393860 1.064530 70.667046
v -258.429077 0.000527 70.671005
v -258.429077 1.064530 70.671005
v -246.034424 1.064529 69.262878
v -246.026520 1.064529 69.333366
v -251.615265 1.064530 69.960243
v -251.623169 1.064530 69.889755
v -258.563324 1.064530 70.739586
v -258.571228 1.064530 70.669098
v -254.753647 1.064531 70.240891
v -254.745743 1.064531 70.311378
v -246.026520 1.135463 69.333366
v -246.034424 1.135463 69.262878
v -251.623169 1.135463 69.889755
v -251.615265 1.135463 69.960243
v -258.571228 1.135463 70.669098
v -258.563324 1.135463 70.739586
v -254.745743 1.135465 70.311378
v -254.753647 1.135465 70.240891
v -259.851776 0.000532 60.464333
v -259.855743 0.000532 60.429085
v -259.855743 1.064534 60.429085
v -259.851776 1.064534 60.464333
v -259.890991 0.000532 60.433037
v -259.890991 1.064534 60.433037
v -259.887024 0.000532 60.468285
v -259.887024 1.064534 60.468285
v -259.833679 0.000532 60.625938
v -259.837616 0.000532 60.590691
v -259.837616 1.064534 60.590691
v -259.833679 1.064534 60.625938
v -259.872864 0.000532 60.594643
v -259.872864 1.064534 60.594643
v -259.868896 0.000532 60.629890
v -259.868896 1.064534 60.629890
v -259.815552 0.000532 60.787552
v -259.819489 0.000532 60.752304
v -259.819489 1.064534 60.752304
v -259.815552 1.064534 60.787552
v -259.854736 0.000532 60.756256
v -259.854736 1.064534 60.756256
v -259.850769 0.000532 60.791504
v -259.850769 1.064534 60.791504
v -259.797424 0.000532 60.949158
v -259.801361 0.000532 60.913910
v -259.801361 1.064534 60.913910
v -259.797424 1.064534 60.949158
v -259.836609 0.000532 60.917862
v -259.836609 1.064534 60.917862
v -259.832642 0.000532 60.953110
v -259.832642 1.064534 60.953110
v -259.779297 0.000532 61.110771
v -259.783234 0.000532 61.075523
v -259.783234 1.064534 61.075523
v -259.779297 1.064534 61.110771
v -259.818481 0.000532 61.079475
v -259.818481 1.064534 61.079475
v -259.814514 0.000532 61.114723
v -259.814514 1.064534 61.114723
v -259.761169 0.000532 61.272377
v -259.765106 0.000532 61.237137
v -259.765106 1.064534 61.237137
v -259.761169 1.064534 61.272377
v -259.800354 0.000532 61.241089
v -259.800354 1.064534 61.241089
v -259.796387 0.000532 61.276329
v -259.796387 1.064534 61.276329
v -259.743011 0.000532 61.433990
v -259.746979 0.000532 61.398743
v -259.746979 1.064534 61.398743
v -259.743011 1.064534 61.433990
v -259.782227 0.000532 61.402695
v -259.782227 1.064534 61.402695
v -259.778259 0.000532 61.437943
v -259.778259 1.064534 61.437943
v -259.724915 0.000532 61.595604
v -259.728851 0.000532 61.560356
v -259.728851 1.064534 61.560356
v -259.724915 1.064534 61.595604
v -259.764099 0.000532 61.564308
v -259.764099 1.064534 61.564308
v -259.760132 0.000532 61.599556
v -259.760132 1.064534 61.599556
v -259.706787 0.000532 61.757210
v -259.710724 0.000532 61.721962
v -259.710724 1.064534 61.721962
v -259.706787 1.064534 61.757210
v -259.745972 0.000532 61.725914
v -259.745972 1.064534 61.725914
v -259.742004 0.000532 61.761162
v -259.742004 1.064534 61.761162
v -259.688660 0.000532 61.918823
v -259.692596 0.000532 61.883575
v -259.692596 1.064534 61.883575
v -259.688660 1.064534 61.918823
v -259.727844 0.000532 61.887527
v -259.727844 1.064534 61.887527
v -259.723877 0.000532 61.922775
v -259.723877 1.064534 61.922775
v -259.670532 0.000532 62.080429
v -259.674469 0.000532 62.045181
v -259.674469 1.064534 62.045181
v -259.670532 1.064534 62.080429
v -259.709717 0.000532 62.049133
v -259.709717 1.064534 62.049133
v -259.705750 0.000532 62.084381
v -259.705750 1.064534 62.084381
v -259.652405 0.000532 62.242035
v -259.656342 0.000532 62.206795
v -259.656342 1.064534 62.206795
v -259.652405 1.064534 62.242035
v -259.691589 0.000532 62.210747
v -259.691589 1.064534 62.210747
v -259.687622 0.000532 62.245987
v -259.687622 1.064534 62.245987
v -259.633789 0.000532 62.407738
v -259.637756 0.000532 62.372498
v -259.637756 1.064534 62.372498
v -259.633789 1.064534 62.407738
v -259.673004 0.000532 62.376450
v -259.673004 1.064534 62.376450
v -259.669037 0.000532 62.411690
v -259.669037 1.064534 62.411690
v -259.615662 0.000532 62.569351
v -259.619629 0.000532 62.534103
v -259.619629 1.064534 62.534103
v -259.615662 1.064534 62.569351
v -259.654877 0.000532 62.538055
v -259.654877 1.064534 62.538055
v -259.650909 0.000532 62.573303
v -259.650909 1.064534 62.573303
v -259.597534 0.000532 62.730965
v -259.601501 0.000532 62.695717
v -259.601501 1.064534 62.695717
v -259.597534 1.064534 62.730965
v -259.636749 0.000532 62.699669
v -259.636749 1.064534 62.699669
v -259.632782 0.000532 62.734917
v -259.632782 1.064534 62.734917
v -258.987457 0.000530 68.169945
v -258.991425 0.000530 68.134697
v -258.991425 1.064532 68.134697
v -258.987457 1.064532 68.169945
v -259.026672 0.000530 68.138649
v -259.026672 1.064532 68.138649
v -259.022705 0.000530 68.173897
v -259.022705 1.064532 68.173897
v -258.969330 0.000530 68.331551
v -258.973297 0.000530 68.296310
v -258.973297 1.064532 68.296310
v -258.969330 1.064532 68.331551
v -259.008545 0.000530 68.300262
v -259.008545 1.064532 68.300262
v -259.004578 0.000530 68.335503
v -259.004578 1.064532 68.335503
v -258.951202 0.000530 68.493164
v -258.955170 0.000530 68.457916
v -258.955170 1.064532 68.457916
v -258.951202 1.064532 68.493164
v -258.990417 0.000530 68.461868
v -258.990417 1.064532 68.461868
v -258.986450 0.000530 68.497116
v -258.986450 1.064532 68.497116
v -258.933075 0.000530 68.654770
v -258.937042 0.000530 68.619522
v -258.937042 1.064532 68.619522
v -258.933075 1.064532 68.654770
v -258.972290 0.000530 68.623474
v -258.972290 1.064532 68.623474
v -258.968323 0.000530 68.658722
v -258.968323 1.064532 68.658722
v -258.914948 0.000530 68.816376
v -258.918915 0.000530 68.781136
v -258.918915 1.064532 68.781136
v -258.914948 1.064532 68.816376
v -258.954163 0.000530 68.785088
v -258.954163 1.064532 68.785088
v -258.950195 0.000530 68.820328
v -258.950195 1.064532 68.820328
v -258.897827 0.000530 68.969048
v -258.901794 0.000530 68.933800
v -258.901794 1.064532 68.933800
v -258.897827 1.064532 68.969048
v -258.937042 0.000530 68.937752
v -258.937042 1.064532 68.937752
v -258.933075 0.000530 68.973000
v -258.933075 1.064532 68.973000
v -258.879700 0.000530 69.130661
v -258.883667 0.000530 69.095413
v -258.883667 1.064532 69.095413
v -258.879700 1.064532 69.130661
v -258.918915 0.000530 69.099365
v -258.918915 1.064532 69.099365
v -258.914948 0.000530 69.134613
v -258.914948 1.064532 69.134613
v -258.861572 0.000530 69.292267
v -258.865540 0.000530 69.257027
v -258.865540 1.064532 69.257027
v -258.861572 1.064532 69.292267
v -258.900787 0.000530 69.260979
v -258.900787 1.064532 69.260979
v -258.896820 0.000530 69.296219
v -258.896820 1.064532 69.296219
v -258.843445 0.000530 69.453880
v -258.847412 0.000530 69.418640
v -258.847412 1.064532 69.418640
v -258.843445 1.064532 69.453880
v -258.882660 0.000530 69.422592
v -258.882660 1.064532 69.422592
v -258.878693 0.000530 69.457832
v -258.878693 1.064532 69.457832
v -258.825317 0.000530 69.615494
v -258.829285 0.000530 69.580246
v -258.829285 1.064532 69.580246
v -258.825317 1.064532 69.615494
v -258.864532 0.000530 69.584198
v -258.864532 1.064532 69.584198
v -258.860565 0.000530 69.619446
v -258.860565 1.064532 69.619446
v -258.807190 0.000530 69.777107
v -258.811157 0.000530 69.741852
v -258.811157 1.064532 69.741852
v -258.807190 1.064532 69.777107
v -258.846405 0.000530 69.745804
v -258.846405 1.064532 69.745804
v -258.842438 0.000530 69.781059
v -258.842438 1.064532 69.781059
v -258.789062 0.000530 69.938713
v -258.793030 0.000530 69.903465
v -258.793030 1.064532 69.903465
v -258.789062 1.064532 69.938713
v -258.828278 0.000530 69.907417
v -258.828278 1.064532 69.907417
v -258.824310 0.000530 69.942665
v -258.824310 1.064532 69.942665
v -258.770935 0.000530 70.100319
v -258.774902 0.000530 70.065071
v -258.774902 1.064532 70.065071
v -258.770935 1.064532 70.100319
v -258.810150 0.000530 70.069023
v -258.810150 1.064532 70.069023
v -258.806183 0.000530 70.104271
v -258.806183 1.064532 70.104271
v -258.752808 0.000530 70.261932
v -258.756775 0.000530 70.226685
v -258.756775 1.064532 70.226685
v -258.752808 1.064532 70.261932
v -258.792023 0.000530 70.230637
v -258.792023 1.064532 70.230637
v -258.788055 0.000530 70.265884
v -258.788055 1.064532 70.265884
v -258.734680 0.000530 70.423538
v -258.738647 0.000530 70.388290
v -258.738647 1.064532 70.388290
v -258.734680 1.064532 70.423538
v -258.773895 0.000530 70.392242
v -258.773895 1.064532 70.392242
v -258.769928 0.000530 70.427490
v -258.769928 1.064532 70.427490
v -259.923187 1.064534 60.304993
v -259.852692 1.064534 60.297089
v -259.503784 1.064534 63.407906
v -259.574249 1.064534 63.415810
v -258.701355 1.064532 70.561729
v -258.771851 1.064532 70.569633
v -259.057953 1.064532 68.018951
v -258.987457 1.064532 68.011047
v -259.852692 1.135467 60.297089
v -259.923187 1.135467 60.304993
v -259.574249 1.135467 63.415810
v -259.503784 1.135467 63.407906
v -258.771851 1.135465 70.569633
v -258.701355 1.135465 70.561729
v -258.987457 1.135465 68.011047
v -259.057953 1.135465 68.018951
v -259.576782 0.000532 62.915970
v -259.580750 0.000532 62.880730
v -259.580750 1.064534 62.880730
v -259.576782 1.064534 62.915970
v -259.615997 0.000532 62.884682
v -259.615997 1.064534 62.884682
v -259.612030 0.000532 62.919922
v -259.612030 1.064534 62.919922
v -259.558655 0.000532 63.077583
v -259.562622 0.000532 63.042336
v -259.562622 1.064534 63.042336
v -259.558655 1.064534 63.077583
v -259.597870 0.000532 63.046288
v -259.597870 1.064534 63.046288
v -259.593903 0.000532 63.081535
v -259.593903 1.064534 63.081535
v -259.540527 0.000532 63.239197
v -259.544495 0.000532 63.203949
v -259.544495 1.064534 63.203949
v -259.540527 1.064534 63.239197
v -259.579742 0.000532 63.207901
v -259.579742 1.064534 63.207901
v -259.575775 0.000532 63.243149
v -259.575775 1.064534 63.243149
v -259.590973 0.000531 60.087746
v -259.626221 0.000531 60.091705
v -259.626221 1.064534 60.091705
v -259.590973 1.064534 60.087746
v -259.622253 0.000531 60.126953
v -259.622253 1.064534 60.126953
v -259.587006 0.000531 60.122993
v -259.587006 1.064534 60.122993
v -259.429352 0.000531 60.069618
v -259.464600 0.000531 60.073578
v -259.464600 1.064534 60.073578
v -259.429352 1.064533 60.069618
v -259.460663 0.000531 60.108826
v -259.460663 1.064534 60.108826
v -259.425415 0.000531 60.104866
v -259.425415 1.064533 60.104866
v -259.267761 0.000531 60.051491
v -259.303009 0.000531 60.055450
v -259.303009 1.064533 60.055450
v -259.267761 1.064533 60.051491
v -259.299042 0.000531 60.090698
v -259.299042 1.064533 60.090698
v -259.263794 0.000531 60.086739
v -259.263794 1.064533 60.086739
v -259.106140 0.000531 60.033371
v -259.141388 0.000531 60.037323
v -259.141388 1.064533 60.037323
v -259.106140 1.064533 60.033371
v -259.137421 0.000531 60.072571
v -259.137421 1.064533 60.072571
v -259.102203 0.000531 60.068619
v -259.102203 1.064533 60.068619
v -258.944519 0.000531 60.015236
v -258.979767 0.000531 60.019196
v -258.979767 1.064533 60.019196
v -258.944519 1.064533 60.015236
v -258.975830 0.000531 60.054443
v -258.975830 1.064533 60.054443
v -258.940582 0.000531 60.050484
v -258.940582 1.064533 60.050484
v -258.782928 0.000531 59.997108
v -258.818176 0.000531 60.001068
v -258.818176 1.064533 60.001068
v -258.782928 1.064533 59.997108
v -258.814209 0.000531 60.036316
v -258.814209 1.064533 60.036316
v -258.778961 0.000531 60.032356
v -258.778961 1.064533 60.032356
v -258.621307 0.000531 59.978981
v -258.656555 0.000531 59.982941
v -258.656555 1.064533 59.982941
v -258.621307 1.064533 59.978981
v -258.652588 0.000531 60.018188
v -258.652588 1.064533 60.018188
v -258.617371 0.000531 60.014229
v -258.617371 1.064533 60.014229
v -258.459717 0.000531 59.960861
v -258.494934 0.000531 59.964813
v -258.494934 1.064533 59.964813
v -258.459717 1.064533 59.960861
v -258.490997 0.000531 60.000061
v -258.490997 1.064533 60.000061
v -258.455750 0.000531 59.996109
v -258.455750 1.064533 59.996109
v -258.298096 0.000531 59.942734
v -258.333344 0.000531 59.946686
v -258.333344 1.064533 59.946686
v -258.298096 1.064533 59.942734
v -258.329376 0.000531 59.981934
v -258.329376 1.064533 59.981934
v -258.294128 0.000531 59.977982
v -258.294128 1.064533 59.977982
v -258.136475 0.000531 59.924599
v -258.171722 0.000531 59.928558
v -258.171722 1.064533 59.928558
v -258.136475 1.064533 59.924599
v -258.167786 0.000531 59.963806
v -258.167786 1.064533 59.963806
v -258.132538 0.000531 59.959846
v -258.132538 1.064533 59.959846
v -257.974884 0.000531 59.906479
v -258.010132 0.000531 59.910431
v -258.010132 1.064533 59.910431
v -257.974884 1.064533 59.906479
v -258.006165 0.000531 59.945679
v -258.006165 1.064533 59.945679
v -257.970917 0.000531 59.941727
v -257.970917 1.064533 59.941727
v -257.813263 0.000531 59.888351
v -257.848511 0.000531 59.892303
v -257.848511 1.064533 59.892303
v -257.813263 1.064533 59.888351
v -257.844543 0.000531 59.927551
v -257.844543 1.064533 59.927551
v -257.809296 0.000531 59.923599
v -257.809296 1.064533 59.923599
v -259.750305 1.064534 60.159157
v -259.758209 1.064534 60.088669
v -257.736938 1.064533 59.861946
v -257.729004 1.064533 59.932434
v -259.758209 1.135467 60.088669
v -259.750305 1.135467 60.159157
v -257.729004 1.135467 59.932434
v -257.736908 1.135467 59.861946
v -245.887543 -0.425072 63.945221
v -246.129257 -0.425072 61.790298
v -246.129257 -0.212271 61.790298
v -245.887543 -0.212271 63.945221
v -245.464600 -0.637871 63.897781
v -245.706314 -0.637871 61.742859
v -245.706314 -0.425072 61.742859
v -245.464600 -0.425072 63.897781
v -246.552216 -0.212271 61.837738
v -246.310501 -0.212271 63.992668
v -246.310501 -0.637871 63.992668
v -254.318802 -0.425074 70.863533
v -251.909927 -0.425072 70.593338
v -251.909927 -0.212273 70.593338
v -254.318802 -0.212273 70.863533
v -254.271362 -0.637874 71.286484
v -251.862488 -0.637874 71.016289
v -251.862488 -0.425074 71.016289
v -254.271362 -0.425074 71.286484
v -251.957367 -0.212272 70.170387
v -254.366241 -0.212271 70.440582
v -254.366241 -0.637873 70.440582
v -251.957367 -0.637872 70.170387
v -260.130859 -0.425069 63.843582
v -259.695496 -0.425071 67.724876
v -259.695496 -0.212270 67.724876
v -260.130859 -0.212268 63.843582
v -260.553802 -0.637869 63.891014
v -260.118439 -0.637871 67.772316
v -260.118439 -0.425071 67.772316
v -260.553802 -0.425069 63.891014
v -259.272552 -0.212270 67.677437
v -259.707916 -0.212268 63.796135
v -259.707916 -0.637869 63.796135
v -259.272552 -0.637871 67.677437
v -250.510452 6.732557 58.328186
v -250.510452 6.957107 58.328186
v -250.500565 6.957107 58.416298
v -250.500565 6.791000 58.416298
v -250.595840 6.732557 58.337761
v -250.595840 6.957107 58.337761
v -250.585953 6.791000 58.425873
v -250.585953 6.957107 58.425873
v -250.461044 6.542368 58.768700
v -250.451157 6.600811 58.856812
v -250.546432 6.542368 58.778275
v -250.536545 6.600811 58.866386
v -250.461044 -0.278976 58.768700
v -250.451157 -0.278976 58.856812
v -250.546432 -0.278976 58.778275
v -250.536545 -0.278976 58.866386
v -257.439880 6.732558 59.105438
v -257.439880 6.957107 59.105438
v -257.429993 6.957107 59.193550
v -257.429993 6.791000 59.193550
v -257.529266 6.732558 59.115463
v -257.529266 6.957107 59.115463
v -257.519379 6.791000 59.203575
v -257.519379 6.957107 59.203575
v -257.390472 6.542368 59.545952
v -257.380585 6.600811 59.634064
v -257.479858 6.542368 59.555977
v -257.469971 6.600811 59.644089
v -257.390472 -0.278975 59.545952
v -257.380585 -0.278975 59.634064
v -257.479858 -0.278975 59.555977
v -257.469971 -0.278975 59.644089
v -248.674240 6.732557 59.128860
v -248.674240 6.957106 59.128860
v -248.762360 6.957106 59.138741
v -248.762360 6.790999 59.138741
v -248.685211 6.732557 59.031128
v -248.685211 6.957106 59.031128
v -248.773315 6.790999 59.041016
v -248.773315 6.957106 59.041016
v -249.114746 6.542367 59.178268
v -249.202866 6.600810 59.188156
v -249.125717 6.542367 59.080544
v -249.213837 6.600810 59.090424
v -249.114746 3.403584 59.178268
v -249.202866 3.403584 59.188148
v -249.125717 3.403584 59.080544
v -249.213837 3.403584 59.090424
v -247.818100 6.732555 66.761604
v -247.818100 6.957102 66.761604
v -247.906204 6.957102 66.771484
v -247.906204 6.790997 66.771484
v -247.828293 6.732555 66.670715
v -247.828293 6.957102 66.670715
v -247.916412 6.790997 66.680603
v -247.916412 6.957102 66.680603
v -248.258606 6.542365 66.811012
v -248.346725 6.600806 66.820900
v -248.268799 6.542365 66.720131
v -248.356918 6.600806 66.730011
v -248.258606 3.403582 66.811012
v -248.346725 3.403582 66.820900
v -248.268799 3.403582 66.720131
v -248.356918 3.403582 66.730011
v -248.549530 6.732555 67.806725
v -248.549530 6.957102 67.806725
v -248.559418 6.957102 67.718605
v -248.559418 6.790997 67.718605
v -248.462128 6.732555 67.796913
v -248.462128 6.957102 67.796913
v -248.472000 6.790997 67.708801
v -248.472000 6.957102 67.708801
v -248.598938 6.542365 67.366211
v -248.608826 6.600806 67.278099
v -248.511536 6.542365 67.356407
v -248.521423 6.600806 67.268288
v -248.598938 3.403582 67.366211
v -248.608826 3.403582 67.278099
v -248.511536 3.403582 67.356407
v -248.521423 3.403582 67.268288
v -256.524017 6.732556 68.701202
v -256.524017 6.957103 68.701202
v -256.533905 6.957103 68.613083
v -256.533905 6.790998 68.613083
v -256.434723 6.732556 68.691185
v -256.434723 6.957103 68.691185
v -256.444611 6.790998 68.603065
v -256.444611 6.957103 68.603065
v -256.573456 6.542366 68.260689
v -256.583313 6.600808 68.172577
v -256.484131 6.542366 68.250671
v -256.494019 6.600808 68.162560
v -256.573456 3.403583 68.260689
v -256.583313 3.403583 68.172577
v -256.484131 3.403583 68.250671
v -256.494019 3.403583 68.162560
v -245.610565 -0.557378 69.279091
v -245.610565 3.075702 69.279091
v -245.698685 3.075702 69.288979
v -245.698685 -0.557378 69.288979
v -245.621414 -0.557378 69.182434
v -245.621414 3.075702 69.182434
v -245.709534 -0.557378 69.192307
v -245.709534 3.075702 69.192314
v -258.267395 6.732558 60.105942
v -258.267395 6.957105 60.105942
v -258.179291 6.957105 60.096062
v -258.179291 6.791000 60.096062
v -258.257294 6.732558 60.196060
v -258.257294 6.957105 60.196060
v -258.169189 6.791000 60.186172
v -258.169189 6.957105 60.186172
v -257.826904 6.542368 60.056534
v -257.738770 6.600810 60.046646
v -257.816772 6.542368 60.146645
v -257.728668 6.600810 60.136765
v -257.826904 3.403585 60.056534
v -257.738770 3.403585 60.046646
v -257.816772 3.403585 60.146645
v -257.728668 3.403585 60.136765
v -257.410858 6.732556 67.742332
v -257.410858 6.957103 67.742332
v -257.322723 6.957103 67.732445
v -257.322723 6.790998 67.732445
v -257.399109 6.732556 67.846878
v -257.399109 6.957103 67.846878
v -257.311005 6.790998 67.836990
v -257.311005 6.957103 67.836990
v -256.970337 6.542366 67.692917
v -256.882233 6.600808 67.683037
v -256.958618 6.542366 67.797462
v -256.870483 6.600808 67.787582
v -256.970337 3.403583 67.692917
v -256.882233 3.403583 67.683037
v -256.958618 3.403583 67.797470
v -256.870483 3.403583 67.787582
v -245.849930 -0.557378 69.567978
v -245.849930 3.075701 69.567978
v -245.938034 3.075701 69.577858
v -245.938034 -0.557378 69.577858
v -245.860764 -0.557378 69.471306
v -245.860764 3.075702 69.471306
v -245.948883 -0.557378 69.481194
v -245.948883 3.075702 69.481194
v -258.654755 -0.557378 71.004265
v -258.654755 3.075702 71.004265
v -258.742859 3.075702 71.014145
v -258.742859 -0.557378 71.014145
v -258.665588 -0.557378 70.907593
v -258.665588 3.075704 70.907593
v -258.753723 -0.557378 70.917480
v -258.753723 3.075704 70.917480
v -258.927979 -0.557378 70.795570
v -258.927979 3.075704 70.795570
v -259.016113 3.075704 70.805458
v -259.016113 -0.557378 70.805458
v -258.938843 -0.557377 70.698906
v -258.938843 3.075704 70.698906
v -259.026947 -0.557377 70.708786
v -259.026947 3.075704 70.708786
v -260.115723 -0.557374 60.206535
v -260.115723 3.075706 60.206535
v -260.203857 3.075706 60.216423
v -260.203857 -0.557374 60.216423
v -260.126587 -0.557374 60.109871
v -260.126587 3.075706 60.109871
v -260.214691 -0.557374 60.119751
v -260.214691 3.075706 60.119751
v -246.445236 2.832574 57.745636
v -246.445236 3.057122 57.745636
v -246.435349 3.057122 57.833755
v -246.435349 2.891011 57.833755
v -246.530624 2.832574 57.755219
v -246.530624 3.057122 57.755219
v -246.520737 2.891011 57.843330
v -246.520737 3.057122 57.843330
v -246.381805 2.642381 58.311134
v -246.371918 2.700820 58.399246
v -246.467194 2.642381 58.320717
v -246.457306 2.700820 58.408829
v -246.381805 -0.278976 58.311134
v -246.371918 -0.278976 58.399246
v -246.467194 -0.278976 58.320717
v -246.457306 -0.278976 58.408829
vt 0.000000 0.000000
vt 0.000000 0.000000
vt 0.000000 0.000000
vt 0.000000 0.000000
vt 0.000000 0.000000
vt 0.000000 0.000000
vt 0.000000 0.000000
vt 0.000000 0.000000
vt 0.000000 0.000000
vt 0.000000 0.000000
vt 0.000000 0.000000
vt 0.000000 0.000000
vt 0.000000 0.000000
vt 0.000000 0.000000
vt 0.000000 0.000000
vt 0.000000 0.000000
vt 0.000000 0.000000
vt 0.000000 0.000000
vt 0.000000 0.000000
vt 0.000000 0.000000
vt 0.000000 0.000000
vt 0.000000 0.000000
vt 0.000000 0.000000
vt 0.000000 0.000000
vt 0.000000 0.000000
vt 0.000000 0.000000
vt 0.000000 0.000000
vt 0.000000 0.000000
vt 0.000000 0.000000
vt 0.000000 0.000000
vt 0.000000 0.000000
vt 0.000000 0.000000
vt 0.000000 0.000000
vt 0.000000 0.000000
vt 0.000000 0.000000
vt 0.000000 0.000000
vt 0.000000 0.000000
vt 0.000000 0.000000
vt 0.000000 0.000000
vt 0.000000 0.000000
vt 0.000000 0.000000
vt 0.000000 0.000000
vt 0.000000 0.000000
vt 0.000000 0.000000
vt 0.000000 0.000000
vt 0.000000 0.000000
vt 0.000000 0.000000
vt 0.000000 0.000000
vt 0.000000 0.000000
vt 0.000000 0.000000
vt 0.000000 0.000000
vt 0.000000 0.000000
vt 0.000000 0.000000
vt 0.000000 0.000000
vt 0.000000 0.000000
vt 0.000000 0.000000
vt 0.000000 0.000000
vt 0.000000 0.000000
vt 0.000000 0.000000
vt 0.000000 0.000000
vt 0.000000 0.000000
vt 0.000000 0.000000
vt 0.000000 0.000000
vt 0.000000 0.000000
vt 0.000000 0.000000
vt 0.000000 0.000000
vt 0.000000 0.000000
vt 0.000000 0.000000
vt 0.000000 0.000000
vt 0.000000 0.000000
vt 0.000000 0.000000
vt 0.000000 0.000000
vt 0.000000 0.000000
vt 0.000000 0.000000
vt 0.000000 0.000000
vt 0.000000 0.000000
vt 0.000000 0.000000
vt 0.000000 0.000000
vt 0.000000 0.000000
vt 0.000000 0.000000
vt 0.000000 0.000000
vt 0.000000 0.000000
vt 0.000000 0.000000
vt 0.000000 0.000000
vt 0.000000 0.000000
vt 0.000000 0.000000
vt 0.000000 0.000000
vt 0.000000 0.000000
vt 0.000000 0.000000
vt 0.000000 0.000000
vt 0.000000 0.000000
vt 0.000000 0.000000
vt 0.000000 0.000000
vt 0.000000 0.000000
vt 0.000000 0.000000
vt 0.000000 0.000000
vt 0.000000 0.000000
vt 0.000000 0.000000
vt 0.000000 0.000000
vt 0.000000 0.000000
vt 0.000000 0.000000
vt 0.000000 0.000000
vt 0.000000 0.000000
vt 0.000000 0.000000
vt 0.000000 0.000000
vt 0.000000 0.000000
vt 0.000000 0.000000
vt 0.000000 0.000000
vt 0.000000 0.000000
vt 0.000000 0.000000
vt 0.000000 0.000000
vt 0.000000 0.000000
vt 0.000000 0.000000
vt 0.000000 0.000000
vt 0.000000 0.000000
vt 0.000000 0.000000
vt 0.000000 0.000000
vt 0.000000 0.000000
vt 0.000000 0.000000
vt 0.000000 0.000000
vt 0.000000 0.000000
vt 0.000000 0.000000
vt 0.000000 0.000000
vt 0.000000 0.000000
vt 0.000000 0.000000
vt 0.000000 0.000000
vt 0.000000 0.000000
vt 0.000000 0.000000
vt 0.000000 0.000000
vt 0.000000 0.000000
vt 0.000000 0.000000
vt 0.000000 0.000000
vt 0.000000 0.000000
vt 0.000000 0.000000
vt 0.000000 0.000000
vt 0.000000 0.000000
vt 0.000000 0.000000
vt 0.000000 0.000000
vt 0.000000 0.000000
vt 0.000000 0.000000
vt 0.000000 0.000000
vt 0.000000 0.000000
vt 0.000000 0.000000
vt 0.000000 0.000000
vt 0.000000 0.000000
vt 0.000000 0.000000
vt 0.000000 0.000000
vt 0.000000 0.000000
vt 0.000000 0.000000
vt 0.000000 0.000000
vt 0.000000 0.000000
vt 0.000000 0.000000
vt 0.000000 0.000000
vt 0.000000 0.000000
vt 0.000000 0.000000
vt 0.000000 0.000000
vt 0.000000 0.000000
vt 0.000000 0.000000
vt 0.000000 0.000000
vt 0.000000 0.000000
vt 0.000000 0.000000
vt 0.000000 0.000000
vt 0.000000 0.000000
vt 0.000000 0.000000
vt 0.000000 0.000000
vt 0.000000 0.000000
vt 0.000000 0.000000
vt 0.000000 0.000000
vt 0.000000 0.000000
vt 0.000000 0.000000
vt 0.000000 0.000000
vt 0.000000 0.000000
vt 0.000000 0.000000
vt 0.000000 0.000000
vt 0.000000 0.000000
vt 0.000000 0.000000
vt 0.000000 0.000000
vt 0.000000 0.000000
vt 0.000000 0.000000
vt 0.000000 0.000000
vt 0.000000 0.000000
vt 0.000000 0.000000
vt 0.000000 0.000000
vt 0.000000 0.000000
vt 0.000000 0.000000
vt 0.000000 0.000000
vt 0.000000 0.000000
vt 0.000000 0.000000
vt 0.000000 0.000000
vt 0.000000 0.000000
vt 0.000000 0.000000
vt 0.000000 0.000000
vt 0.000000 0.000000
vt 0.000000 0.000000
vt 0.000000 0.000000
vt 0.000000 0.000000
vt 0.000000 0.000000
vt 0.000000 0.000000
vt 0.000000 0.000000
vt 0.000000 0.000000
vt 0.000000 0.000000
vt 0.000000 0.000000
vt 0.000000 0.000000
vt 0.000000 0.000000
vt 0.000000 0.000000
vt 0.000000 0.000000
vt 0.000000 0.000000
vt 0.000000 0.000000
vt 0.000000 0.000000
vt 0.000000 0.000000
vt 0.000000 0.000000
vt 0.000000 0.000000
vt 0.000000 0.000000
vt 0.000000 0.000000
vt 0.000000 0.000000
vt 0.000000 0.000000
vt 0.000000 0.000000
vt 0.000000 0.000000
vt 0.000000 0.000000
vt 0.000000 0.000000
vt 0.000000 0.000000
vt 0.000000 0.000000
vt 0.000000 0.000000
vt 0.000000 0.000000
vt 0.000000 0.000000
vt 0.000000 0.000000
vt 0.000000 0.000000
vt 0.000000 0.000000
vt 0.000000 0.000000
vt 0.000000 0.000000
vt 0.000000 0.000000
vt 0.000000 0.000000
vt 0.000000 0.000000
vt 0.000000 0.000000
vt 0.000000 0.000000
vt 0.000000 0.000000
vt 0.000000 0.000000
vt 0.000000 0.000000
vt 0.000000 0.000000
vt 0.000000 0.000000
vt 0.000000 0.000000
vt 0.000000 0.000000
vt 0.000000 0.000000
vt 0.000000 0.000000
vt 0.000000 0.000000
vt 0.000000 0.000000
vt 0.000000 0.000000
vt 0.000000 0.000000
vt 0.000000 0.000000
vt 0.000000 0.000000
vt 0.000000 0.000000
vt 0.000000 0.000000
vt 0.000000 0.000000
vt 0.000000 0.000000
vt 0.000000 0.000000
vt 0.000000 0.000000
vt 0.000000 0.000000
vt 0.000000 0.000000
vt 0.000000 0.000000
vt 0.000000 0.000000
vt 0.000000 0.000000
vt 0.000000 0.000000
vt 0.000000 0.000000
vt 0.000000 0.000000
vt 0.000000 0.000000
vt 0.000000 0.000000
vt 0.000000 0.000000
vt 0.000000 0.000000
vt 0.000000 0.000000
vt 0.000000 0.000000
vt 0.000000 0.000000
vt 0.000000 0.000000
vt 0.000000 0.000000
vt 0.000000 0.000000
vt 0.000000 0.000000
vt 0.000000 0.000000
vt 0.000000 0.000000
vt 0.000000 0.000000
vt 0.000000 0.000000
vt 0.000000 0.000000
vt 0.000000 0.000000
vt 0.000000 0.000000
vt 0.000000 0.000000
vt 0.000000 0.000000
vt 0.000000 0.000000
vt 0.000000 0.000000
vt 0.000000 0.000000
vt 0.000000 0.000000
vt 0.000000 0.000000
vt 0.000000 0.000000
vt 0.000000 0.000000
vt 0.000000 0.000000
vt 0.000000 0.000000
vt 0.000000 0.000000
vt 0.000000 0.000000
vt 0.000000 0.000000
vt 0.000000 0.000000
vt 0.000000 0.000000
vt 0.000000 0.000000
vt 0.000000 0.000000
vt 0.000000 0.000000
vt 0.000000 0.000000
vt 0.000000 0.000000
vt 0.000000 0.000000
vt 0.000000 0.000000
vt 0.000000 0.000000
vt 0.000000 0.000000
vt 0.000000 0.000000
vt 0.000000 0.000000
vt 0.000000 0.000000
vt 0.000000 0.000000
vt 0.000000 0.000000
vt 0.000000 0.000000
vt 0.000000 0.000000
vt 0.000000 0.000000
vt 0.000000 0.000000
vt 0.000000 0.000000
vt 0.000000 0.000000
vt 0.000000 0.000000
vt 0.000000 0.000000
vt 0.000000 0.000000
vt 0.000000 0.000000
vt 0.000000 0.000000
vt 0.000000 0.000000
vt 0.000000 0.000000
vt 0.000000 0.000000
vt 0.000000 0.000000
vt 0.000000 0.000000
vt 0.000000 0.000000
vt 0.000000 0.000000
vt 0.000000 0.000000
vt 0.000000 0.000000
vt 0.000000 0.000000
vt 0.000000 0.000000
vt 0.000000 0.000000
vt 0.000000 0.000000
vt 0.000000 0.000000
vt 0.000000 0.000000
vt 0.000000 0.000000
vt 0.000000 0.000000
vt 0.000000 0.000000
vt 0.000000 0.000000
vt 0.000000 0.000000
vt 0.000000 0.000000
vt 0.000000 0.000000
vt 0.000000 0.000000
vt 0.000000 0.000000
vt 0.000000 0.000000
vt 0.000000 0.000000
vt 0.000000 0.000000
vt 0.000000 0.000000
vt 0.000000 0.000000
vt 0.000000 0.000000
vt 0.000000 0.000000
vt 0.000000 0.000000
vt 0.000000 0.000000
vt 0.000000 0.000000
vt 0.000000 0.000000
vt 0.000000 0.000000
vt 0.000000 0.000000
vt 0.000000 0.000000
vt 0.000000 0.000000
vt 0.000000 0.000000
vt 0.000000 0.000000
vt 0.000000 0.000000
vt 0.000000 0.000000
vt 0.000000 0.000000
vt 0.000000 0.000000
vt 0.000000 0.000000
vt 0.000000 0.000000
vt 0.000000 0.000000
vt 0.000000 0.000000
vt 0.000000 0.000000
vt 0.000000 0.000000
vt 0.000000 0.000000
vt 0.000000 0.000000
vt 0.000000 0.000000
vt 0.000000 0.000000
vt 0.000000 0.000000
vt 0.000000 0.000000
vt 0.000000 0.000000
vt 0.000000 0.000000
vt 0.000000 0.000000
vt 0.000000 0.000000
vt 0.000000 0.000000
vt 0.000000 0.000000
vt 0.000000 0.000000
vt 0.000000 0.000000
vt 0.000000 0.000000
vt 0.000000 0.000000
vt 0.000000 0.000000
vt 0.000000 0.000000
vt 0.000000 0.000000
vt 0.000000 0.000000
vt 0.000000 0.000000
vt 0.000000 0.000000
vt 0.000000 0.000000
vt 0.000000 0.000000
vt 0.000000 0.000000
vt 0.000000 0.000000
vt 0.000000 0.000000
vt 0.000000 0.000000
vt 0.000000 0.000000
vt 0.000000 0.000000
vt 0.000000 0.000000
vt 0.000000 0.000000
vt 0.000000 0.000000
vt 0.000000 0.000000
vt 0.000000 0.000000
vt 0.000000 0.000000
vt 0.000000 0.000000
vt 0.000000 0.000000
vt 0.000000 0.000000
vt 0.000000 0.000000
vt 0.000000 0.000000
vt 0.000000 0.000000
vt 0.000000 0.000000
vt 0.000000 0.000000
vt 0.000000 0.000000
vt 0.000000 0.000000
vt 0.000000 0.000000
vt 0.000000 0.000000
vt 0.000000 0.000000
vt 0.000000 0.000000
vt 0.000000 0.000000
vt 0.000000 0.000000
vt 0.000000 0.000000
vt 0.000000 0.000000
vt 0.000000 0.000000
vt 0.000000 0.000000
vt 0.000000 0.000000
vt 0.000000 0.000000
vt 0.000000 0.000000
vt 0.000000 0.000000
vt 0.000000 0.000000
vt 0.000000 0.000000
vt 0.000000 0.000000
vt 0.000000 0.000000
vt 0.000000 0.000000
vt 0.000000 0.000000
vt 0.000000 0.000000
vt 0.000000 0.000000
vt 0.000000 0.000000
vt 0.000000 0.000000
vt 0.000000 0.000000
vt 0.000000 0.000000
vt 0.000000 0.000000
vt 0.000000 0.000000
vt 0.000000 0.000000
vt 0.000000 0.000000
vt 0.000000 0.000000
vt 0.000000 0.000000
vt 0.000000 0.000000
vt 0.000000 0.000000
vt 0.000000 0.000000
vt 0.000000 0.000000
vt 0.000000 0.000000
vt 0.000000 0.000000
vt 0.000000 0.000000
vt 0.000000 0.000000
vt 0.000000 0.000000
vt 0.000000 0.000000
vt 0.000000 0.000000
vt 0.000000 0.000000
vt 0.000000 0.000000
vt 0.000000 0.000000
vt 0.000000 0.000000
vt 0.000000 0.000000
vt 0.000000 0.000000
vt 0.000000 0.000000
vt 0.000000 0.000000
vt 0.000000 0.000000
vt 0.000000 0.000000
vt 0.000000 0.000000
vt 0.000000 0.000000
vt 0.000000 0.000000
vt 0.000000 0.000000
vt 0.000000 0.000000
vt 0.000000 0.000000
vt 0.000000 0.000000
vt 0.000000 0.000000
vt 0.000000 0.000000
vt 0.000000 0.000000
vt 0.000000 0.000000
vt 0.000000 0.000000
vt 0.000000 0.000000
vt 0.000000 0.000000
vt 0.000000 0.000000
vt 0.000000 0.000000
vt 0.000000 0.000000
vt 0.000000 0.000000
vt 0.000000 0.000000
vt 0.000000 0.000000
vt 0.000000 0.000000
vt 0.000000 0.000000
vt 0.000000 0.000000
vt 0.000000 0.000000
vt 0.000000 0.000000
vt 0.000000 0.000000
vt 0.000000 0.000000
vt 0.000000 0.000000
vt 0.000000 0.000000
vt 0.000000 0.000000
vt 0.000000 0.000000
vt 0.000000 0.000000
vt 0.000000 0.000000
vt 0.000000 0.000000
vt 0.000000 0.000000
vt 0.000000 0.000000
vt 0.000000 0.000000
vt 0.000000 0.000000
vt 0.000000 0.000000
vt 0.000000 0.000000
vt 0.000000 0.000000
vt 0.000000 0.000000
vt 0.000000 0.000000
vt 0.000000 0.000000
vt 0.000000 0.000000
vt 0.000000 0.000000
vt 0.000000 0.000000
vt 0.000000 0.000000
vt 0.000000 0.000000
vt 0.000000 0.000000
vt 0.000000 0.000000
vt 0.000000 0.000000
vt 0.000000 0.000000
vt 0.000000 0.000000
vt 0.000000 0.000000
vt 0.000000 0.000000
vt 0.000000 0.000000
vt 0.000000 0.000000
vt 0.000000 0.000000
vt 0.000000 0.000000
vt 0.000000 0.000000
vt 0.000000 0.000000
vt 0.000000 0.000000
vt 0.000000 0.000000
vt 0.000000 0.000000
vt 0.000000 0.000000
vt 0.000000 0.000000
vt 0.000000 0.000000
vt 0.000000 0.000000
vt 0.000000 0.000000
vt 0.000000 0.000000
vt 0.000000 0.000000
vt 0.000000 0.000000
vt 0.000000 0.000000
vt 0.000000 0.000000
vt 0.000000 0.000000
vt 0.000000 0.000000
vt 0.000000 0.000000
vt 0.000000 0.000000
vt 0.000000 0.000000
vt 0.000000 0.000000
vt 0.000000 0.000000
vt 0.000000 0.000000
vt 0.000000 0.000000
vt 0.000000 0.000000
vt 0.000000 0.000000
vt 0.000000 0.000000
vt 0.000000 0.000000
vt 0.000000 0.000000
vt 0.000000 0.000000
vt 0.000000 0.000000
vt 0.000000 0.000000
vt 0.000000 0.000000
vt 0.000000 0.000000
vt 0.000000 0.000000
vt 0.000000 0.000000
vt 0.000000 0.000000
vt 0.000000 0.000000
vt 0.000000 0.000000
vt 0.000000 0.000000
vt 0.000000 0.000000
vt 0.000000 0.000000
vt 0.000000 0.000000
vt 0.000000 0.000000
vt 0.000000 0.000000
vt 0.000000 0.000000
vt 0.000000 0.000000
vt 0.000000 0.000000
vt 0.000000 0.000000
vt 0.000000 0.000000
vt 0.000000 0.000000
vt 0.000000 0.000000
vt 0.000000 0.000000
vt 0.000000 0.000000
vt 0.000000 0.000000
vt 0.000000 0.000000
vt 0.000000 0.000000
vt 0.000000 0.000000
vt 0.000000 0.000000
vt 0.000000 0.000000
vt 0.000000 0.000000
vt 0.000000 0.000000
vt 0.000000 0.000000
vt 0.000000 0.000000
vt 0.000000 0.000000
vt 0.000000 0.000000
vt 0.000000 0.000000
vt 0.000000 0.000000
vt 0.000000 0.000000
vt 0.000000 0.000000
vt 0.000000 0.000000
vt 0.000000 0.000000
vt 0.000000 0.000000
vt 0.000000 0.000000
vt 0.000000 0.000000
vt 0.000000 0.000000
vt 0.000000 0.000000
vt 0.000000 0.000000
vt 0.000000 0.000000
vt 0.000000 0.000000
vt 0.000000 0.000000
vt 0.000000 0.000000
vt 0.000000 0.000000
vt 0.000000 0.000000
vt 0.000000 0.000000
vt 0.000000 0.000000
vt 0.000000 0.000000
vt 0.000000 0.000000
vt 0.000000 0.000000
vt 0.000000 0.000000
vt 0.000000 0.000000
vt 0.000000 0.000000
vt 0.000000 0.000000
vt 0.000000 0.000000
vt 0.000000 0.000000
vt 0.000000 0.000000
vt 0.000000 0.000000
vt 0.000000 0.000000
vt 0.000000 0.000000
vt 0.000000 0.000000
vt 0.000000 0.000000
vt 0.000000 0.000000
vt 0.000000 0.000000
vt 0.000000 0.000000
vt 0.000000 0.000000
vt 0.000000 0.000000
vt 0.000000 0.000000
vt 0.000000 0.000000
vt 0.000000 0.000000
vt 0.000000 0.000000
vt 0.000000 0.000000
vt 0.000000 0.000000
vt 0.000000 0.000000
vt 0.000000 0.000000
vt 0.000000 0.000000
vt 0.000000 0.000000
vt 0.000000 0.000000
vt 0.000000 0.000000
vt 0.000000 0.000000
vt 0.000000 0.000000
vt 0.000000 0.000000
vt 0.000000 0.000000
vt 0.000000 0.000000
vt 0.000000 0.000000
vt 0.000000 0.000000
vt 0.000000 0.000000
vt 0.000000 0.000000
vt 0.000000 0.000000
vt 0.000000 0.000000
vt 0.000000 0.000000
vt 0.000000 0.000000
vt 0.000000 0.000000
vt 0.000000 0.000000
vt 0.000000 0.000000
vt 0.000000 0.000000
vt 0.000000 0.000000
vt 0.000000 0.000000
vt 0.000000 0.000000
vt 0.000000 0.000000
vt 0.000000 0.000000
vt 0.000000 0.000000
vt 0.000000 0.000000
vt 0.000000 0.000000
vt 0.000000 0.000000
vt 0.000000 0.000000
vt 0.000000 0.000000
vt 0.000000 0.000000
vt 0.000000 0.000000
vt 0.000000 0.000000
vt 0.000000 0.000000
vt 0.000000 0.000000
vt 0.000000 0.000000
vt 0.000000 0.000000
vt 0.000000 0.000000
vt 0.000000 0.000000
vt 0.000000 0.000000
vt 0.000000 0.000000
vt 0.000000 0.000000
vt 0.000000 0.000000
vt 0.000000 0.000000
vt 0.000000 0.000000
vt 0.000000 0.000000
vt 0.000000 0.000000
vt 0.000000 0.000000
vt 0.000000 0.000000
vt 0.000000 0.000000
vt 0.000000 0.000000
vt 0.000000 0.000000
vt 0.000000 0.000000
vt 0.000000 0.000000
vt 0.000000 0.000000
vt 0.000000 0.000000
vt 0.000000 0.000000
vt 0.000000 0.000000
vt 0.000000 0.000000
vt 0.000000 0.000000
vt 0.000000 0.000000
vt 0.000000 0.000000
vt 0.000000 0.000000
vt 0.000000 0.000000
vt 0.000000 0.000000
vt 0.000000 0.000000
vt 0.000000 0.000000
vt 0.000000 0.000000
vt 0.000000 0.000000
vt 0.000000 0.000000
vt 0.000000 0.000000
vt 0.000000 0.000000
vt 0.000000 0.000000
vt 0.000000 0.000000
vt 0.000000 0.000000
vt 0.000000 0.000000
vt 0.000000 0.000000
vt 0.000000 0.000000
vt 0.000000 0.000000
vt 0.000000 0.000000
vt 0.000000 0.000000
vt 0.000000 0.000000
vt 0.000000 0.000000
vt 0.000000 0.000000
vt 0.000000 0.000000
vt 0.000000 0.000000
vt 0.000000 0.000000
vt 0.000000 0.000000
vt 0.000000 0.000000
vt 0.000000 0.000000
vt 0.000000 0.000000
vt 0.000000 0.000000
vt 0.000000 0.000000
vt 0.000000 0.000000
vt 0.000000 0.000000
vt 0.000000 0.000000
vt 0.000000 0.000000
vt 0.000000 0.000000
vt 0.000000 0.000000
vt 0.000000 0.000000
vt 0.000000 0.000000
vt 0.000000 0.000000
vt 0.000000 0.000000
vt 0.000000 0.000000
vt 0.000000 0.000000
vt 0.000000 0.000000
vt 0.000000 0.000000
vt 0.000000 0.000000
vt 0.000000 0.000000
vt 0.000000 0.000000
vt 0.000000 0.000000
vt 0.000000 0.000000
vt 0.000000 0.000000
vt 0.000000 0.000000
vt 0.000000 0.000000
vt 0.000000 0.000000
vt 0.000000 0.000000
vt 0.000000 0.000000
vt 0.000000 0.000000
vt 0.000000 0.000000
vt 0.000000 0.000000
vt 0.000000 0.000000
vt 0.000000 0.000000
vt 0.000000 0.000000
vt 0.000000 0.000000
vt 0.000000 0.000000
vt 0.000000 0.000000
vt 0.000000 0.000000
vt 0.000000 0.000000
vt 0.000000 0.000000
vt 0.000000 0.000000
vt 0.000000 0.000000
vt 0.000000 0.000000
vt 0.000000 0.000000
vt 0.000000 0.000000
vt 0.000000 0.000000
vt 0.000000 0.000000
vt 0.000000 0.000000
vt 0.000000 0.000000
vt 0.000000 0.000000
vt 0.000000 0.000000
vt 0.000000 0.000000
vt 0.000000 0.000000
vt 0.000000 0.000000
vt 0.000000 0.000000
vt 0.000000 0.000000
vt 0.000000 0.000000
vt 0.000000 0.000000
vt 0.000000 0.000000
vt 0.000000 0.000000
vt 0.000000 0.000000
vt 0.000000 0.000000
vt 0.000000 0.000000
vt 0.000000 0.000000
vt 0.000000 0.000000
vt 0.000000 0.000000
vt 0.000000 0.000000
vt 0.000000 0.000000
vt 0.000000 0.000000
vt 0.000000 0.000000
vt 0.000000 0.000000
vt 0.000000 0.000000
vt 0.000000 0.000000
vt 0.000000 0.000000
vt 0.000000 0.000000
vt 0.000000 0.000000
vt 0.000000 0.000000
vt 0.000000 0.000000
vt 0.000000 0.000000
vt 0.000000 0.000000
vt 0.000000 0.000000
vt 0.000000 0.000000
vt 0.000000 0.000000
vt 0.000000 0.000000
vt 0.000000 0.000000
vt 0.000000 0.000000
vt 0.000000 0.000000
vt 0.000000 0.000000
vt 0.000000 0.000000
vt 0.000000 0.000000
vt 0.000000 0.000000
vt 0.000000 0.000000
vt 0.000000 0.000000
vt 0.000000 0.000000
vt 0.000000 0.000000
vt 0.000000 0.000000
vt 0.000000 0.000000
vt 0.000000 0.000000
vt 0.000000 0.000000
vt 0.000000 0.000000
vt 0.000000 0.000000
vt 0.000000 0.000000
vt 0.000000 0.000000
vt 0.000000 0.000000
vt 0.000000 0.000000
vt 0.000000 0.000000
vt 0.000000 0.000000
vt 0.000000 0.000000
vt 0.000000 0.000000
vt 0.000000 0.000000
vt 0.000000 0.000000
vt 0.000000 0.000000
vt 0.000000 0.000000
vt 0.000000 0.000000
vt 0.000000 0.000000
vt 0.000000 0.000000
vt 0.000000 0.000000
vt 0.000000 0.000000
vt 0.000000 0.000000
vt 0.000000 0.000000
vt 0.000000 0.000000
vt 0.000000 0.000000
vt 0.000000 0.000000
vt 0.000000 0.000000
vt 0.000000 0.000000
vt 0.000000 0.000000
vt 0.000000 0.000000
vt 0.000000 0.000000
vt 0.000000 0.000000
vt 0.000000 0.000000
vt 0.000000 0.000000
vt 0.000000 0.000000
vt 0.000000 0.000000
vt 0.000000 0.000000
vt 0.000000 0.000000
vt 0.000000 0.000000
vt 0.000000 0.000000
vt 0.000000 0.000000
vt 0.000000 0.000000
vt 0.000000 0.000000
vt 0.000000 0.000000
vt 0.000000 0.000000
vt 0.000000 0.000000
vt 0.000000 0.000000
vt 0.000000 0.000000
vt 0.000000 0.000000
vt 0.000000 0.000000
vt 0.000000 0.000000
vt 0.000000 0.000000
vt 0.000000 0.000000
vt 0.000000 0.000000
vt 0.000000 0.000000
vt 0.000000 0.000000
vt 0.000000 0.000000
vt 0.000000 0.000000
vt 0.000000 0.000000
vt 0.000000 0.000000
vt 0.000000 0.000000
vt 0.000000 0.000000
vt 0.000000 0.000000
vt 0.000000 0.000000
vt 0.000000 0.000000
vt 0.000000 0.000000
vt 0.000000 0.000000
vt 0.000000 0.000000
vt 0.000000 0.000000
vt 0.000000 0.000000
vt 0.000000 0.000000
vt 0.000000 0.000000
vt 0.000000 0.000000
vt 0.000000 0.000000
vt 0.000000 0.000000
vt 0.000000 0.000000
vt 0.000000 0.000000
vt 0.000000 0.000000
vt 0.000000 0.000000
vt 0.000000 0.000000
vt 0.000000 0.000000
vt 0.000000 0.000000
vt 0.000000 0.000000
vt 0.000000 0.000000
vt 0.000000 0.000000
vt 0.000000 0.000000
vt 0.000000 0.000000
vt 0.000000 0.000000
vt 0.000000 0.000000
vt 0.000000 0.000000
vt 0.000000 0.000000
vt 0.000000 0.000000
vt 0.000000 0.000000
vt 0.000000 0.000000
vt 0.000000 0.000000
vt 0.000000 0.000000
vt 0.000000 0.000000
vt 0.000000 0.000000
vt 0.000000 0.000000
vt 0.000000 0.000000
vt 0.000000 0.000000
vt 0.000000 0.000000
vt 0.000000 0.000000
vt 0.000000 0.000000
vt 0.000000 0.000000
vt 0.000000 0.000000
vt 0.000000 0.000000
vt 0.000000 0.000000
vt 0.000000 0.000000
vt 0.000000 0.000000
vt 0.000000 0.000000
vt 0.000000 0.000000
vt 0.000000 0.000000
vt 0.000000 0.000000
vt 0.000000 0.000000
vt 0.000000 0.000000
vt 0.000000 0.000000
vt 0.000000 0.000000
vt 0.000000 0.000000
vt 0.000000 0.000000
vt 0.000000 0.000000
vt 0.000000 0.000000
vt 0.000000 0.000000
vt 0.000000 0.000000
vt 0.000000 0.000000
vt 0.000000 0.000000
vt 0.000000 0.000000
vt 0.000000 0.000000
vt 0.000000 0.000000
vt 0.000000 0.000000
vt 0.000000 0.000000
vt 0.000000 0.000000
vt 0.000000 0.000000
vt 0.000000 0.000000
vt 0.000000 0.000000
vt 0.000000 0.000000
vt 0.000000 0.000000
vt 0.000000 0.000000
vt 0.000000 0.000000
vt 0.000000 0.000000
vt 0.000000 0.000000
vt 0.000000 0.000000
vt 0.000000 0.000000
vt 0.000000 0.000000
vt 0.000000 0.000000
vt 0.000000 0.000000
vt 0.000000 0.000000
vt 0.000000 0.000000
vt 0.000000 0.000000
vt 0.000000 0.000000
vt 0.000000 0.000000
vt 0.000000 0.000000
vt 0.000000 0.000000
vt 0.000000 0.000000
vt 0.000000 0.000000
vt 0.000000 0.000000
vt 0.000000 0.000000
vt 0.000000 0.000000
vt 0.000000 0.000000
vt 0.000000 0.000000
vt 0.000000 0.000000
vt 0.000000 0.000000
vt 0.000000 0.000000
vt 0.000000 0.000000
vt 0.000000 0.000000
vt 0.000000 0.000000
vt 0.000000 0.000000
vt 0.000000 0.000000
vt 0.000000 0.000000
vt 0.000000 0.000000
vt 0.000000 0.000000
vt 0.000000 0.000000
vt 0.000000 0.000000
vt 0.000000 0.000000
vt 0.000000 0.000000
vt 0.000000 0.000000
vt 0.000000 0.000000
vt 0.000000 0.000000
vt 0.000000 0.000000
vt 0.000000 0.000000
vt 0.000000 0.000000
vt 0.000000 0.000000
vt 0.000000 0.000000
vt 0.000000 0.000000
vt 0.000000 0.000000
vt 0.000000 0.000000
vt 0.000000 0.000000
vt 0.000000 0.000000
vt 0.000000 0.000000
vt 0.000000 0.000000
vt 0.000000 0.000000
vt 0.000000 0.000000
vt 0.000000 0.000000
vt 0.000000 0.000000
vt 0.000000 0.000000
vt 0.000000 0.000000
vt 0.000000 0.000000
vt 0.000000 0.000000
vt 0.000000 0.000000
vt 0.000000 0.000000
vt 0.000000 0.000000
vt 0.000000 0.000000
vt 0.000000 0.000000
vt 0.000000 0.000000
vt 0.000000 0.000000
vt 0.000000 0.000000
vt 0.000000 0.000000
vt 0.000000 0.000000
vt 0.000000 0.000000
vt 0.000000 0.000000
vt 0.000000 0.000000
vt 0.000000 0.000000
vt 0.000000 0.000000
vt 0.000000 0.000000
vt 0.000000 0.000000
vt 0.000000 0.000000
vt 0.000000 0.000000
vt 0.000000 0.000000
vt 0.000000 0.000000
vt 0.000000 0.000000
vt 0.000000 0.000000
vt 0.000000 0.000000
vt 0.000000 0.000000
vt 0.000000 0.000000
vt 0.000000 0.000000
vt 0.000000 0.000000
vt 0.000000 0.000000
vt 0.000000 0.000000
vt 0.000000 0.000000
vt 0.000000 0.000000
vt 0.000000 0.000000
vt 0.000000 0.000000
vt 0.000000 0.000000
vt 0.000000 0.000000
vt 0.000000 0.000000
vt 0.000000 0.000000
vt 0.000000 0.000000
vt 0.000000 0.000000
vt 0.000000 0.000000
vt 0.000000 0.000000
vt 0.000000 0.000000
vt 0.000000 0.000000
vt 0.000000 0.000000
vt 0.000000 0.000000
vt 0.000000 0.000000
vt 0.000000 0.000000
vt 0.000000 0.000000
vt 0.000000 0.000000
vt 0.000000 0.000000
vt 0.000000 0.000000
vt 0.000000 0.000000
vt 0.000000 0.000000
vt 0.000000 0.000000
vt 0.000000 0.000000
vt 0.000000 0.000000
vt 0.000000 0.000000
vt 0.000000 0.000000
vt 0.000000 0.000000
vt 0.000000 0.000000
vt 0.000000 0.000000
vt 0.000000 0.000000
vt 0.000000 0.000000
vt 0.000000 0.000000
vt 0.000000 0.000000
vt 0.000000 0.000000
vt 0.000000 0.000000
vt 0.000000 0.000000
vt 0.000000 0.000000
vt 0.000000 0.000000
vt 0.000000 0.000000
vt 0.000000 0.000000
vt 0.000000 0.000000
vt 0.000000 0.000000
vt 0.000000 0.000000
vt 0.000000 0.000000
vt 0.000000 0.000000
vt 0.000000 0.000000
vt 0.000000 0.000000
vt 0.000000 0.000000
vt 0.000000 0.000000
vt 0.000000 0.000000
vt 0.000000 0.000000
vt 0.000000 0.000000
vt 0.000000 0.000000
vt 0.000000 0.000000
vt 0.000000 0.000000
vt 0.000000 0.000000
vt 0.000000 0.000000
vt 0.000000 0.000000
vt 0.000000 0.000000
vt 0.000000 0.000000
vt 0.000000 0.000000
vt 0.000000 0.000000
vt 0.000000 0.000000
vt 0.000000 0.000000
vt 0.000000 0.000000
vt 0.000000 0.000000
vt 0.000000 0.000000
vt 0.000000 0.000000
vt 0.000000 0.000000
vt 0.000000 0.000000
vt 0.000000 0.000000
vt 0.000000 0.000000
vt 0.000000 0.000000
vt 0.000000 0.000000
vt 0.000000 0.000000
vt 0.000000 0.000000
vt 0.000000 0.000000
vt 0.000000 0.000000
vt 0.000000 0.000000
vt 0.000000 0.000000
vt 0.000000 0.000000
vt 0.000000 0.000000
vt 0.000000 0.000000
vt 0.000000 0.000000
vt 0.000000 0.000000
vt 0.000000 0.000000
vt 0.000000 0.000000
vt 0.000000 0.000000
vt 0.000000 0.000000
vt 0.000000 0.000000
vt 0.000000 0.000000
vt 0.000000 0.000000
vt 0.000000 0.000000
vt 0.000000 0.000000
vt 0.000000 0.000000
vt 0.000000 0.000000
vt 0.000000 0.000000
vt 0.000000 0.000000
vt 0.000000 0.000000
vt 0.000000 0.000000
vt 0.000000 0.000000
vt 0.000000 0.000000
vt 0.000000 0.000000
vt 0.000000 0.000000
vt 0.000000 0.000000
vt 0.000000 0.000000
vt 0.000000 0.000000
vt 0.000000 0.000000
vt 0.000000 0.000000
vt 0.000000 0.000000
vt 0.000000 0.000000
vt 0.000000 0.000000
vt 0.000000 0.000000
vt 0.000000 0.000000
vt 0.000000 0.000000
vt 0.000000 0.000000
vt 0.000000 0.000000
vt 0.000000 0.000000
vt 0.000000 0.000000
vt 0.000000 0.000000
vt 0.000000 0.000000
vt 0.000000 0.000000
vt 0.000000 0.000000
vt 0.000000 0.000000
vt 0.000000 0.000000
vt 0.000000 0.000000
vt 0.000000 0.000000
vt 0.000000 0.000000
vt 0.000000 0.000000
vt 0.000000 0.000000
vt 0.000000 0.000000
vt 0.000000 0.000000
vt 0.000000 0.000000
vt 0.000000 0.000000
vt 0.000000 0.000000
vt 0.000000 0.000000
vt 0.000000 0.000000
vt 0.000000 0.000000
vt 0.000000 0.000000
vt 0.000000 0.000000
vt 0.000000 0.000000
vt 0.000000 0.000000
vt 0.000000 0.000000
vt 0.000000 0.000000
vt 0.000000 0.000000
vt 0.000000 0.000000
vt 0.000000 0.000000
vt 0.000000 0.000000
vt 0.000000 0.000000
vt 0.000000 0.000000
vt 0.000000 0.000000
vt 0.000000 0.000000
vt 0.000000 0.000000
vt 0.000000 0.000000
vt 0.000000 0.000000
vt 0.000000 0.000000
vt 0.000000 0.000000
vt 0.000000 0.000000
vt 0.000000 0.000000
vt 0.000000 0.000000
vt 0.000000 0.000000
vt 0.000000 0.000000
vt 0.000000 0.000000
vt 0.000000 0.000000
vt 0.000000 0.000000
vt 0.000000 0.000000
vt 0.000000 0.000000
vt 0.000000 0.000000
vt 0.000000 0.000000
vt 0.000000 0.000000
vt 0.000000 0.000000
vt 0.000000 0.000000
vt 0.000000 0.000000
vt 0.000000 0.000000
vt 0.000000 0.000000
vt 0.000000 0.000000
vt 0.000000 0.000000
vt 0.000000 0.000000
vt 0.000000 0.000000
vt 0.000000 0.000000
vt 0.000000 0.000000
vt 0.000000 0.000000
vt 0.000000 0.000000
vt 0.000000 0.000000
vt 0.000000 0.000000
vt 0.000000 0.000000
vt 0.000000 0.000000
vt 0.000000 0.000000
vt 0.000000 0.000000
vt 0.000000 0.000000
vt 0.000000 0.000000
vt 0.000000 0.000000
vt 0.000000 0.000000
vt 0.000000 0.000000
vt 0.000000 0.000000
vt 0.000000 0.000000
vt 0.000000 0.000000
vt 0.000000 0.000000
vt 0.000000 0.000000
vt 0.000000 0.000000
vt 0.000000 0.000000
vt 0.000000 0.000000
vt 0.000000 0.000000
vt 0.000000 0.000000
vt 0.000000 0.000000
vt 0.000000 0.000000
vt 0.000000 0.000000
vt 0.000000 0.000000
vt 0.000000 0.000000
vt 0.000000 0.000000
vt 0.000000 0.000000
vt 0.000000 0.000000
vt 0.000000 0.000000
vt 0.000000 0.000000
vt 0.000000 0.000000
vt 0.000000 0.000000
vt 0.000000 0.000000
vt 0.000000 0.000000
vt 0.000000 0.000000
vt 0.000000 0.000000
vt 0.000000 0.000000
vt 0.000000 0.000000
vt 0.000000 0.000000
vt 0.000000 0.000000
vt 0.000000 0.000000
vt 0.000000 0.000000
vt 0.000000 0.000000
vt 0.000000 0.000000
vt 0.000000 0.000000
vt 0.000000 0.000000
vt 0.000000 0.000000
vt 0.000000 0.000000
vt 0.000000 0.000000
vt 0.000000 0.000000
vt 0.000000 0.000000
vt 0.000000 0.000000
vt 0.000000 0.000000
vt 0.000000 0.000000
vt 0.000000 0.000000
vt 0.000000 0.000000
vt 0.000000 0.000000
vt 0.000000 0.000000
vt 0.000000 0.000000
vt 0.000000 0.000000
vt 0.000000 0.000000
vt 0.000000 0.000000
vt 0.000000 0.000000
vt 0.000000 0.000000
vt 0.000000 0.000000
vt 0.000000 0.000000
vt 0.000000 0.000000
vt 0.000000 0.000000
vt 0.000000 0.000000
vt 0.000000 0.000000
vt 0.000000 0.000000
vt 0.000000 0.000000
vt 0.000000 0.000000
vt 0.000000 0.000000
vt 0.000000 0.000000
vt 0.000000 0.000000
vt 0.000000 0.000000
vt 0.000000 0.000000
vt 0.000000 0.000000
vt 0.000000 0.000000
vt 0.000000 0.000000
vt 0.000000 0.000000
vt 0.000000 0.000000
vt 0.000000 0.000000
vt 0.000000 0.000000
vt 0.000000 0.000000
vt 0.000000 0.000000
vt 0.000000 0.000000
vt 0.000000 0.000000
vt 0.000000 0.000000
vt 0.000000 0.000000
vt 0.000000 0.000000
vt 0.000000 0.000000
vt 0.000000 0.000000
vt 0.000000 0.000000
vt 0.000000 0.000000
vt 0.000000 0.000000
vt 0.000000 0.000000
vt 0.000000 0.000000
vt 0.000000 0.000000
vt 0.000000 0.000000
vt 0.000000 0.000000
vt 0.000000 0.000000
vt 0.000000 0.000000
vt 0.000000 0.000000
vt 0.000000 0.000000
vt 0.000000 0.000000
vt 0.000000 0.000000
vt 0.000000 0.000000
vt 0.000000 0.000000
vt 0.000000 0.000000
vt 0.000000 0.000000
vt 0.000000 0.000000
vt 0.000000 0.000000
vt 0.000000 0.000000
vt 0.000000 0.000000
vt 0.000000 0.000000
vt 0.000000 0.000000
vt 0.000000 0.000000
vt 0.000000 0.000000
vt 0.000000 0.000000
vt 0.000000 0.000000
vt 0.000000 0.000000
vt 0.000000 0.000000
vt 0.000000 0.000000
vt 0.000000 0.000000
vt 0.000000 0.000000
vt 0.000000 0.000000
vt 0.000000 0.000000
vt 0.000000 0.000000
vt 0.000000 0.000000
vt 0.000000 0.000000
vt 0.000000 0.000000
vt 0.000000 0.000000
vt 0.000000 0.000000
vt 0.000000 0.000000
vt 0.000000 0.000000
vt 0.000000 0.000000
vt 0.000000 0.000000
vt 0.000000 0.000000
vt 0.000000 0.000000
vt 0.000000 0.000000
vt 0.000000 0.000000
vt 0.000000 0.000000
vt 0.000000 0.000000
vt 0.000000 0.000000
vt 0.000000 0.000000
vt 0.000000 0.000000
vt 0.000000 0.000000
vt 0.000000 0.000000
vt 0.000000 0.000000
vt 0.000000 0.000000
vt 0.000000 0.000000
vt 0.000000 0.000000
vt 0.000000 0.000000
vt 0.000000 0.000000
vt 0.000000 0.000000
vt 0.000000 0.000000
vt 0.000000 0.000000
vt 0.000000 0.000000
vt 0.000000 0.000000
vt 0.000000 0.000000
vt 0.000000 0.000000
vt 0.000000 0.000000
vt 0.000000 0.000000
vt 0.000000 0.000000
vt 0.000000 0.000000
vt 0.000000 0.000000
vt 0.000000 0.000000
vt 0.000000 0.000000
vt 0.000000 0.000000
vt 0.000000 0.000000
vt 0.000000 0.000000
vt 0.000000 0.000000
vt 0.000000 0.000000
vt 0.000000 0.000000
vt 0.000000 0.000000
vt 0.000000 0.000000
vt 0.000000 0.000000
vt 0.000000 0.000000
vt 0.000000 0.000000
vt 0.000000 0.000000
vt 0.000000 0.000000
vt 0.000000 0.000000
vt 0.000000 0.000000
vt 0.000000 0.000000
vt 0.000000 0.000000
vt 0.000000 0.000000
vt 0.000000 0.000000
vt 0.000000 0.000000
vt 0.000000 0.000000
vt 0.000000 0.000000
vt 0.000000 0.000000
vt 0.000000 0.000000
vt 0.000000 0.000000
vt 0.000000 0.000000
vt 0.000000 0.000000
vt 0.000000 0.000000
vt 0.000000 0.000000
vt 0.000000 0.000000
vt 0.000000 0.000000
vt 0.000000 0.000000
vt 0.000000 0.000000
vt 0.000000 0.000000
vt 0.000000 0.000000
vt 0.000000 0.000000
vt 0.000000 0.000000
vt 0.000000 0.000000
vt 0.000000 0.000000
vt 0.000000 0.000000
vt 0.000000 0.000000
vt 0.000000 0.000000
vt 0.000000 0.000000
vt 0.000000 0.000000
vt 0.000000 0.000000
vt 0.000000 0.000000
vt 0.000000 0.000000
vt 0.000000 0.000000
vt 0.000000 0.000000
vt 0.000000 0.000000
vt 0.000000 0.000000
vt 0.000000 0.000000
vt 0.000000 0.000000
vt 0.000000 0.000000
vt 0.000000 0.000000
vt 0.000000 0.000000
vt 0.000000 0.000000
vt 0.000000 0.000000
vt 0.000000 0.000000
vt 0.000000 0.000000
vt 0.000000 0.000000
vt 0.000000 0.000000
vt 0.000000 0.000000
vt 0.000000 0.000000
vt 0.000000 0.000000
vt 0.000000 0.000000
vt 0.000000 0.000000
vt 0.000000 0.000000
vt 0.000000 0.000000
vt 0.000000 0.000000
vt 0.000000 0.000000
vt 0.000000 0.000000
vt 0.000000 0.000000
vt 0.000000 0.000000
vt 0.000000 0.000000
vt 0.000000 0.000000
vt 0.000000 0.000000
vt 0.000000 0.000000
vt 0.000000 0.000000
vt 0.000000 0.000000
vt 0.000000 0.000000
vt 0.000000 0.000000
vt 0.000000 0.000000
vt 0.000000 0.000000
vt 0.000000 0.000000
vt 0.000000 0.000000
vt 0.000000 0.000000
vt 0.000000 0.000000
vt 0.000000 0.000000
vt 0.000000 0.000000
vt 0.000000 0.000000
vt 0.000000 0.000000
vt 0.000000 0.000000
vt 0.000000 0.000000
vt 0.000000 0.000000
vt 0.000000 0.000000
vt 0.000000 0.000000
vt 0.000000 0.000000
vt 0.000000 0.000000
vt 0.000000 0.000000
vt 0.000000 0.000000
vt 0.000000 0.000000
vt 0.000000 0.000000
vt 0.000000 0.000000
vt 0.000000 0.000000
vt 0.000000 0.000000
vt 0.000000 0.000000
vt 0.000000 0.000000
vt 0.000000 0.000000
vt 0.000000 0.000000
vt 0.000000 0.000000
vt 0.000000 0.000000
vt 0.000000 0.000000
vt 0.000000 0.000000
vt 0.000000 0.000000
vt 0.000000 0.000000
vt 0.000000 0.000000
vt 0.000000 0.000000
vt 0.000000 0.000000
vt 0.000000 0.000000
vt 0.000000 0.000000
vt 0.000000 0.000000
vt 0.000000 0.000000
vt 0.000000 0.000000
vt 0.000000 0.000000
vt 0.000000 0.000000
vt 0.000000 0.000000
vt 0.000000 0.000000
vt 0.000000 0.000000
vt 0.000000 0.000000
vt 0.000000 0.000000
vt 0.000000 0.000000
vt 0.000000 0.000000
vt 0.000000 0.000000
vt 0.000000 0.000000
vt 0.000000 0.000000
vt 0.000000 0.000000
vt 0.000000 0.000000
vt 0.000000 0.000000
vt 0.000000 0.000000
vt 0.000000 0.000000
vt 0.000000 0.000000
vt 0.000000 0.000000
vt 0.000000 0.000000
vt 0.000000 0.000000
vt 0.000000 0.000000
vt 0.000000 0.000000
vt 0.000000 0.000000
vt 0.000000 0.000000
vt 0.000000 0.000000
vt 0.000000 0.000000
vt 0.000000 0.000000
vt 0.000000 0.000000
vt 0.000000 0.000000
vt 0.000000 0.000000
vt 0.000000 0.000000
vt 0.000000 0.000000
vt 0.000000 0.000000
vt 0.000000 0.000000
vt 0.000000 0.000000
vt 0.000000 0.000000
vt 0.000000 0.000000
vt 0.000000 0.000000
vt 0.000000 0.000000
vt 0.000000 0.000000
vt 0.000000 0.000000
vt 0.000000 0.000000
vt 0.000000 0.000000
vt 0.000000 0.000000
vt 0.000000 0.000000
vt 0.000000 0.000000
vt 0.000000 0.000000
vt 0.000000 0.000000
vt 0.000000 0.000000
vt 0.000000 0.000000
vt 0.000000 0.000000
vt 0.000000 0.000000
vt 0.000000 0.000000
vt 0.000000 0.000000
vt 0.000000 0.000000
vt 0.000000 0.000000
vt 0.000000 0.000000
vt 0.000000 0.000000
vt 0.000000 0.000000
vt 0.000000 0.000000
vt 0.000000 0.000000
vt 0.000000 0.000000
vt 0.000000 0.000000
vt 0.000000 0.000000
vt 0.000000 0.000000
vt 0.000000 0.000000
vt 0.000000 0.000000
vt 0.000000 0.000000
vt 0.000000 0.000000
vt 0.000000 0.000000
vt 0.000000 0.000000
vt 0.000000 0.000000
vt 0.000000 0.000000
vt 0.000000 0.000000
vt 0.000000 0.000000
vt 0.000000 0.000000
vt 0.000000 0.000000
vt 0.000000 0.000000
vt 0.000000 0.000000
vt 0.000000 0.000000
vt 0.000000 0.000000
vt 0.000000 0.000000
vt 0.000000 0.000000
vt 0.000000 0.000000
vt 0.000000 0.000000
vt 0.000000 0.000000
vt 0.000000 0.000000
vt 0.000000 0.000000
vt 0.000000 0.000000
vt 0.000000 0.000000
vt 0.000000 0.000000
vt 0.000000 0.000000
vt 0.000000 0.000000
vt 0.000000 0.000000
vt 0.000000 0.000000
vt 0.000000 0.000000
vt 0.000000 0.000000
vt 0.000000 0.000000
vt 0.000000 0.000000
vt 0.000000 0.000000
vt 0.000000 0.000000
vt 0.000000 0.000000
vt 0.000000 0.000000
vt 0.000000 0.000000
vt 0.000000 0.000000
vt 0.000000 0.000000
vt 0.000000 0.000000
vt 0.000000 0.000000
vt 0.000000 0.000000
vt 0.000000 0.000000
vt 0.000000 0.000000
vt 0.000000 0.000000
vt 0.000000 0.000000
vt 0.000000 0.000000
vt 0.000000 0.000000
vt 0.000000 0.000000
vt 0.000000 0.000000
vt 0.000000 0.000000
vt 0.000000 0.000000
vt 0.000000 0.000000
vt 0.000000 0.000000
vt 0.000000 0.000000
vt 0.000000 0.000000
vt 0.000000 0.000000
vt 0.000000 0.000000
vt 0.000000 0.000000
vt 0.000000 0.000000
vt 0.000000 0.000000
vt 0.000000 0.000000
vt 0.000000 0.000000
vt 0.000000 0.000000
vt 0.000000 0.000000
vt 0.000000 0.000000
vt 0.000000 0.000000
vt 0.000000 0.000000
vt 0.000000 0.000000
vt 0.000000 0.000000
vt 0.000000 0.000000
vt 0.000000 0.000000
vt 0.000000 0.000000
vt 0.000000 0.000000
vt 0.000000 0.000000
vt 0.000000 0.000000
vt 0.000000 0.000000
vt 0.000000 0.000000
vt 0.000000 0.000000
vt 0.000000 0.000000
vt 0.000000 0.000000
vt 0.000000 0.000000
vt 0.000000 0.000000
vt 0.000000 0.000000
vt 0.000000 0.000000
vt 0.000000 0.000000
vt 0.000000 0.000000
vt 0.000000 0.000000
vt 0.000000 0.000000
vt 0.000000 0.000000
vt 0.000000 0.000000
vt 0.000000 0.000000
vt 0.000000 0.000000
vt 0.000000 0.000000
vt 0.000000 0.000000
vt 0.000000 0.000000
vt 0.000000 0.000000
vt 0.000000 0.000000
vt 0.000000 0.000000
vt 0.000000 0.000000
vt 0.000000 0.000000
vt 0.000000 0.000000
vt 0.000000 0.000000
vt 0.000000 0.000000
vt 0.000000 0.000000
vt 0.000000 0.000000
vt 0.000000 0.000000
vt 0.000000 0.000000
vt 0.000000 0.000000
vt 0.000000 0.000000
vt 0.000000 0.000000
vt 0.000000 0.000000
vt 0.000000 0.000000
vt 0.000000 0.000000
vt 0.000000 0.000000
vt 0.000000 0.000000
vt 0.000000 0.000000
vt 0.000000 0.000000
vt 0.000000 0.000000
vt 0.000000 0.000000
vt 0.000000 0.000000
vt 0.000000 0.000000
vt 0.000000 0.000000
vt 0.000000 0.000000
vt 0.000000 0.000000
vt 0.000000 0.000000
vt 0.000000 0.000000
vt 0.000000 0.000000
vt 0.000000 0.000000
vt 0.000000 0.000000
vt 0.000000 0.000000
vt 0.000000 0.000000
vt 0.000000 0.000000
vt 0.000000 0.000000
vt 0.000000 0.000000
vt 0.000000 0.000000
vt 0.000000 0.000000
vt 0.000000 0.000000
vt 0.000000 0.000000
vt 0.000000 0.000000
vt 0.000000 0.000000
vt 0.000000 0.000000
vt 0.000000 0.000000
vt 0.000000 0.000000
vt 0.000000 0.000000
vt 0.000000 0.000000
vt 0.000000 0.000000
vt 0.000000 0.000000
vt 0.000000 0.000000
vt 0.000000 0.000000
vt 0.000000 0.000000
vt 0.000000 0.000000
vt 0.000000 0.000000
vt 0.000000 0.000000
vt 0.000000 0.000000
vt 0.000000 0.000000
vt 0.000000 0.000000
vt 0.000000 0.000000
vt 0.000000 0.000000
vt 0.000000 0.000000
vt 0.000000 0.000000
vt 0.000000 0.000000
vt 0.000000 0.000000
vt 0.000000 0.000000
vt 0.000000 0.000000
vt 0.000000 0.000000
vt 0.000000 0.000000
vt 0.000000 0.000000
vt 0.000000 0.000000
vt 0.000000 0.000000
vt 0.000000 0.000000
vt 0.000000 0.000000
vt 0.000000 0.000000
vt 0.000000 0.000000
vt 0.000000 0.000000
vt 0.000000 0.000000
vt 0.000000 0.000000
vt 0.000000 0.000000
vt 0.000000 0.000000
vt 0.000000 0.000000
vt 0.000000 0.000000
vt 0.000000 0.000000
vt 0.000000 0.000000
vt 0.000000 0.000000
vt 0.000000 0.000000
vt 0.000000 0.000000
vt 0.000000 0.000000
vt 0.000000 0.000000
vt 0.000000 0.000000
vt 0.000000 0.000000
vt 0.000000 0.000000
vt 0.000000 0.000000
vt 0.000000 0.000000
vt 0.000000 0.000000
vt 0.000000 0.000000
vt 0.000000 0.000000
vt 0.000000 0.000000
vt 0.000000 0.000000
vt 0.000000 0.000000
vt 0.000000 0.000000
vt 0.000000 0.000000
vt 0.000000 0.000000
vt 0.000000 0.000000
vt 0.000000 0.000000
vt 0.000000 0.000000
vt 0.000000 0.000000
vt 0.000000 0.000000
vt 0.000000 0.000000
vt 0.000000 0.000000
vt 0.000000 0.000000
vt 0.000000 0.000000
vt 0.000000 0.000000
vt 0.000000 0.000000
vt 0.000000 0.000000
vt 0.000000 0.000000
vt 0.000000 0.000000
vt 0.000000 0.000000
vt 0.000000 0.000000
vt 0.000000 0.000000
vt 0.000000 0.000000
vt 0.000000 0.000000
vt 0.000000 0.000000
vt 0.000000 0.000000
vt 0.000000 0.000000
vt 0.000000 0.000000
vt 0.000000 0.000000
vt 0.000000 0.000000
vt 0.000000 0.000000
vt 0.000000 0.000000
vt 0.000000 0.000000
vt 0.000000 0.000000
vt 0.000000 0.000000
vt 0.000000 0.000000
vt 0.000000 0.000000
vt 0.000000 0.000000
vt 0.000000 0.000000
vt 0.000000 0.000000
vt 0.000000 0.000000
vt 0.000000 0.000000
vt 0.000000 0.000000
vt 0.000000 0.000000
vt 0.000000 0.000000
vt 0.000000 0.000000
vt 0.000000 0.000000
vt 0.000000 0.000000
vt 0.000000 0.000000
vt 0.000000 0.000000
vt 0.000000 0.000000
vt 0.000000 0.000000
vt 0.000000 0.000000
vt 0.000000 0.000000
vt 0.000000 0.000000
vt 0.000000 0.000000
vt 0.000000 0.000000
vt 0.000000 0.000000
vt 0.000000 0.000000
vt 0.000000 0.000000
vt 0.000000 0.000000
vt 0.000000 0.000000
vt 0.000000 0.000000
vt 0.000000 0.000000
vt 0.000000 0.000000
vt 0.000000 0.000000
vt 0.000000 0.000000
vt 0.000000 0.000000
vt 0.000000 0.000000
vt 0.000000 0.000000
vt 0.000000 0.000000
vt 0.000000 0.000000
vt 0.000000 0.000000
vt 0.000000 0.000000
vt 0.000000 0.000000
vt 0.000000 0.000000
vt 0.000000 0.000000
vt 0.000000 0.000000
vt 0.000000 0.000000
vt 0.000000 0.000000
vt 0.000000 0.000000
vt 0.000000 0.000000
vt 0.000000 0.000000
vt 0.000000 0.000000
vt 0.000000 0.000000
vt 0.000000 0.000000
vt 0.000000 0.000000
vt 0.000000 0.000000
vt 0.000000 0.000000
vt 0.000000 0.000000
vt 0.000000 0.000000
vt 0.000000 0.000000
vt 0.000000 0.000000
vt 0.000000 0.000000
vt 0.000000 0.000000
vt 0.000000 0.000000
vt 0.000000 0.000000
vt 0.000000 0.000000
vt 0.000000 0.000000
vt 0.000000 0.000000
vt 0.000000 0.000000
vt 0.000000 0.000000
vt 0.000000 0.000000
vt 0.000000 0.000000
vt 0.000000 0.000000
vt 0.000000 0.000000
vt 0.000000 0.000000
vt 0.000000 0.000000
vt 0.000000 0.000000
vt 0.000000 0.000000
vt 0.000000 0.000000
vt 0.000000 0.000000
vt 0.000000 0.000000
vt 0.000000 0.000000
vt 0.000000 0.000000
vt 0.000000 0.000000
vt 0.000000 0.000000
vt 0.000000 0.000000
vt 0.000000 0.000000
vt 0.000000 0.000000
vt 0.000000 0.000000
vt 0.000000 0.000000
vt 0.000000 0.000000
vt 0.000000 0.000000
vt 0.000000 0.000000
vt 0.000000 0.000000
vt 0.000000 0.000000
vt 0.000000 0.000000
vt 0.000000 0.000000
vt 0.000000 0.000000
vt 0.000000 0.000000
vt 0.000000 0.000000
vt 0.000000 0.000000
vt 0.000000 0.000000
vt 0.000000 0.000000
vt 0.000000 0.000000
vt 0.000000 0.000000
vt 0.000000 0.000000
vt 0.000000 0.000000
vt 0.000000 0.000000
vt 0.000000 0.000000
vt 0.000000 0.000000
vt 0.000000 0.000000
vt 0.000000 0.000000
vt 0.000000 0.000000
vt 0.000000 0.000000
vt 0.000000 0.000000
vt 0.000000 0.000000
vt 0.000000 0.000000
vt 0.000000 0.000000
vt 0.000000 0.000000
vt 0.000000 0.000000
vt 0.000000 0.000000
vt 0.000000 0.000000
vt 0.000000 0.000000
vt 0.000000 0.000000
vt 0.000000 0.000000
vt 0.000000 0.000000
vt 0.000000 0.000000
vt 0.000000 0.000000
vt 0.000000 0.000000
vt 0.000000 0.000000
vt 0.000000 0.000000
vt 0.000000 0.000000
vt 0.000000 0.000000
vt 0.000000 0.000000
vt 0.000000 0.000000
vt 0.000000 0.000000
vt 0.000000 0.000000
vt 0.000000 0.000000
vt 0.000000 0.000000
vt 0.000000 0.000000
vt 0.000000 0.000000
vt 0.000000 0.000000
vt 0.000000 0.000000
vt 0.000000 0.000000
vt 0.000000 0.000000
vt 0.000000 0.000000
vt 0.000000 0.000000
vt 0.000000 0.000000
vt 0.000000 0.000000
vt 0.000000 0.000000
vt 0.000000 0.000000
vt 0.000000 0.000000
vt 0.000000 0.000000
vt 0.000000 0.000000
vt 0.000000 0.000000
vt 0.000000 0.000000
vt 0.000000 0.000000
vt 0.000000 0.000000
vt 0.000000 0.000000
vt 0.000000 0.000000
vt 0.000000 0.000000
vt 0.000000 0.000000
vt 0.000000 0.000000
vt 0.000000 0.000000
vt 0.000000 0.000000
vt 0.000000 0.000000
vt 0.000000 0.000000
vt 0.000000 0.000000
vt 0.000000 0.000000
vt 0.000000 0.000000
vt 0.000000 0.000000
vt 0.000000 0.000000
vt 0.000000 0.000000
vt 0.000000 0.000000
vt 0.000000 0.000000
vt 0.000000 0.000000
vt 0.000000 0.000000
vt 0.000000 0.000000
vt 0.000000 0.000000
vt 0.000000 0.000000
vt 0.000000 0.000000
vt 0.000000 0.000000
vt 0.000000 0.000000
vt 0.000000 0.000000
vt 0.000000 0.000000
vt 0.000000 0.000000
vt 0.000000 0.000000
vt 0.000000 0.000000
vt 0.000000 0.000000
vt 0.000000 0.000000
vt 0.000000 0.000000
vt 0.000000 0.000000
vt 0.000000 0.000000
vt 0.000000 0.000000
vt 0.000000 0.000000
vt 0.000000 0.000000
vt 0.000000 0.000000
vt 0.000000 0.000000
vt 0.000000 0.000000
vt 0.000000 0.000000
vt 0.000000 0.000000
vt 0.000000 0.000000
vt 0.000000 0.000000
vt 0.000000 0.000000
vt 0.000000 0.000000
vt 0.000000 0.000000
vt 0.000000 0.000000
vt 0.000000 0.000000
vt 0.000000 0.000000
vt 0.000000 0.000000
vt 0.000000 0.000000
vt 0.000000 0.000000
vt 0.000000 0.000000
vt 0.000000 0.000000
vt 0.000000 0.000000
vt 0.000000 0.000000
vt 0.000000 0.000000
vt 0.000000 0.000000
vt 0.000000 0.000000
vt 0.000000 0.000000
vt 0.000000 0.000000
vt 0.000000 0.000000
vt 0.000000 0.000000
vt 0.000000 0.000000
vt 0.000000 0.000000
vt 0.000000 0.000000
vt 0.000000 0.000000
vt 0.000000 0.000000
vt 0.000000 0.000000
vt 0.000000 0.000000
vt 0.000000 0.000000
vt 0.000000 0.000000
vt 0.000000 0.000000
vt 0.000000 0.000000
vt 0.000000 0.000000
vt 0.000000 0.000000
vt 0.000000 0.000000
vt 0.000000 0.000000
vt 0.000000 0.000000
vt 0.000000 0.000000
vt 0.000000 0.000000
vt 0.000000 0.000000
vt 0.000000 0.000000
vt 0.000000 0.000000
vt 0.000000 0.000000
vt 0.000000 0.000000
vt 0.000000 0.000000
vt 0.000000 0.000000
vt 0.000000 0.000000
vt 0.000000 0.000000
vt 0.000000 0.000000
vt 0.000000 0.000000
vt 0.000000 0.000000
vt 0.000000 0.000000
vt 0.000000 0.000000
vt 0.000000 0.000000
vt 0.000000 0.000000
vt 0.000000 0.000000
vt 0.000000 0.000000
vt 0.000000 0.000000
vt 0.000000 0.000000
vt 0.000000 0.000000
vt 0.000000 0.000000
vt 0.000000 0.000000
vt 0.000000 0.000000
vt 0.000000 0.000000
vt 0.000000 0.000000
vt 0.000000 0.000000
vt 0.000000 0.000000
vt 0.000000 0.000000
vt 0.000000 0.000000
vt 0.000000 0.000000
vt 0.000000 0.000000
vt 0.000000 0.000000
vt 0.000000 0.000000
vt 0.000000 0.000000
vt 0.000000 0.000000
vt 0.000000 0.000000
vt 0.000000 0.000000
vt 0.000000 0.000000
vt 0.000000 0.000000
vt 0.000000 0.000000
vt 0.000000 0.000000
vt 0.000000 0.000000
vt 0.000000 0.000000
vt 0.000000 0.000000
vt 0.000000 0.000000
vt 0.000000 0.000000
vt 0.000000 0.000000
vt 0.000000 0.000000
vt 0.000000 0.000000
vt 0.000000 0.000000
vt 0.000000 0.000000
vt 0.000000 0.000000
vt 0.000000 0.000000
vt 0.000000 0.000000
vt 0.000000 0.000000
vt 0.000000 0.000000
vt 0.000000 0.000000
vt 0.000000 0.000000
vt 0.000000 0.000000
vt 0.000000 0.000000
vt 0.000000 0.000000
vt 0.000000 0.000000
vt 0.000000 0.000000
vt 0.000000 0.000000
vt 0.000000 0.000000
vt 0.000000 0.000000
vt 0.000000 0.000000
vt 0.000000 0.000000
vt 0.000000 0.000000
vt 0.000000 0.000000
vt 0.000000 0.000000
vt 0.000000 0.000000
vt 0.000000 0.000000
vt 0.000000 0.000000
vt 0.000000 0.000000
vt 0.000000 0.000000
vt 0.000000 0.000000
vt 0.000000 0.000000
vt 0.000000 0.000000
vt 0.000000 0.000000
vt 0.000000 0.000000
vt 0.000000 0.000000
vt 0.000000 0.000000
vt 0.000000 0.000000
vt 0.000000 0.000000
vt 0.000000 0.000000
vt 0.000000 0.000000
vt 0.000000 0.000000
vt 0.000000 0.000000
vt 0.000000 0.000000
vt 0.000000 0.000000
vt 0.000000 0.000000
vt 0.000000 0.000000
vt 0.000000 0.000000
vt 0.000000 0.000000
vt 0.000000 0.000000
vt 0.000000 0.000000
vt 0.000000 0.000000
vt 0.000000 0.000000
vt 0.000000 0.000000
vt 0.000000 0.000000
vt 0.000000 0.000000
vt 0.000000 0.000000
vt 0.000000 0.000000
vt 0.000000 0.000000
vt 0.000000 0.000000
vt 0.000000 0.000000
vt 0.000000 0.000000
vt 0.000000 0.000000
vt 0.000000 0.000000
vt 0.000000 0.000000
vt 0.000000 0.000000
vt 0.000000 0.000000
vt 0.000000 0.000000
vt 0.000000 0.000000
vt 0.000000 0.000000
vt 0.000000 0.000000
vt 0.000000 0.000000
vt 0.000000 0.000000
vt 0.000000 0.000000
vt 0.000000 0.000000
vt 0.000000 0.000000
vt 0.000000 0.000000
vt 0.000000 0.000000
vt 0.000000 0.000000
vt 0.000000 0.000000
vt 0.000000 0.000000
vt 0.000000 0.000000
vt 0.000000 0.000000
vt 0.000000 0.000000
vt 0.000000 0.000000
vt 0.000000 0.000000
vt 0.000000 0.000000
vt 0.000000 0.000000
vt 0.000000 0.000000
vt 0.000000 0.000000
vt 0.000000 0.000000
vt 0.000000 0.000000
vt 0.000000 0.000000
vt 0.000000 0.000000
vt 0.000000 0.000000
vt 0.000000 0.000000
vt 0.000000 0.000000
vt 0.000000 0.000000
vt 0.000000 0.000000
vt 0.000000 0.000000
vt 0.000000 0.000000
vt 0.000000 0.000000
vt 0.000000 0.000000
vt 0.000000 0.000000
vt 0.000000 0.000000
vt 0.000000 0.000000
vt 0.000000 0.000000
vt 0.000000 0.000000
vt 0.000000 0.000000
vt 0.000000 0.000000
vt 0.000000 0.000000
vt 0.000000 0.000000
vt 0.000000 0.000000
vt 0.000000 0.000000
vt 0.000000 0.000000
vt 0.000000 0.000000
vt 0.000000 0.000000
vt 0.000000 0.000000
vt 0.000000 0.000000
vt 0.000000 0.000000
vt 0.000000 0.000000
vt 0.000000 0.000000
vt 0.000000 0.000000
vt 0.000000 0.000000
vt 0.000000 0.000000
vt 0.000000 0.000000
vt 0.000000 0.000000
vt 0.000000 0.000000
vt 0.000000 0.000000
vt 0.000000 0.000000
vt 0.000000 0.000000
vt 0.000000 0.000000
vt 0.000000 0.000000
vt 0.000000 0.000000
vt 0.000000 0.000000
vt 0.000000 0.000000
vt 0.000000 0.000000
vt 0.000000 0.000000
vt 0.000000 0.000000
vt 0.000000 0.000000
vt 0.000000 0.000000
vt 0.000000 0.000000
vt 0.000000 0.000000
vt 0.000000 0.000000
vt 0.000000 0.000000
vt 0.000000 0.000000
vt 0.000000 0.000000
vt 0.000000 0.000000
vt 0.000000 0.000000
vt 0.000000 0.000000
vt 0.000000 0.000000
vt 0.000000 0.000000
vt 0.000000 0.000000
vt 0.000000 0.000000
vt 0.000000 0.000000
vt 0.000000 0.000000
vt 0.000000 0.000000
vt 0.000000 0.000000
vt 0.000000 0.000000
vt 0.000000 0.000000
vt 0.000000 0.000000
vt 0.000000 0.000000
vt 0.000000 0.000000
vt 0.000000 0.000000
vt 0.000000 0.000000
vt 0.000000 0.000000
vt 0.000000 0.000000
vt 0.000000 0.000000
vt 0.000000 0.000000
vt 0.000000 0.000000
vt 0.000000 0.000000
vt 0.000000 0.000000
vt 0.000000 0.000000
vt 0.000000 0.000000
vt 0.000000 0.000000
vt 0.000000 0.000000
vt 0.000000 0.000000
vt 0.000000 0.000000
vt 0.000000 0.000000
vt 0.000000 0.000000
vt 0.000000 0.000000
vt 0.000000 0.000000
vt 0.000000 0.000000
vt 0.000000 0.000000
vt 0.000000 0.000000
vt 0.000000 0.000000
vt 0.000000 0.000000
vt 0.000000 0.000000
vt 0.000000 0.000000
vt 0.000000 0.000000
vt 0.000000 0.000000
vt 0.000000 0.000000
vt 0.000000 0.000000
vt 0.000000 0.000000
vt 0.000000 0.000000
vt 0.000000 0.000000
vt 0.000000 0.000000
vt 0.000000 0.000000
vt 0.000000 0.000000
vt 0.000000 0.000000
vt 0.000000 0.000000
vt 0.000000 0.000000
vt 0.000000 0.000000
vt 0.000000 0.000000
vt 0.000000 0.000000
vt 0.000000 0.000000
vt 0.000000 0.000000
vt 0.000000 0.000000
vt 0.000000 0.000000
vt 0.000000 0.000000
vt 0.000000 0.000000
vt 0.000000 0.000000
vt 0.000000 0.000000
vt 0.000000 0.000000
vt 0.000000 0.000000
vt 0.000000 0.000000
vt 0.000000 0.000000
vt 0.000000 0.000000
vt 0.000000 0.000000
vt 0.000000 0.000000
vt 0.000000 0.000000
vt 0.000000 0.000000
vt 0.000000 0.000000
vt 0.000000 0.000000
vt 0.000000 0.000000
vt 0.000000 0.000000
vt 0.000000 0.000000
vt 0.000000 0.000000
vt 0.000000 0.000000
vt 0.000000 0.000000
vt 0.000000 0.000000
vt 0.000000 0.000000
vt 0.000000 0.000000
vt 0.000000 0.000000
vt 0.000000 0.000000
vt 0.000000 0.000000
vt 0.000000 0.000000
vt 0.000000 0.000000
vt 0.000000 0.000000
vt 0.000000 0.000000
vt 0.000000 0.000000
vt 0.000000 0.000000
vt 0.000000 0.000000
vt 0.000000 0.000000
vt 0.000000 0.000000
vt 0.000000 0.000000
vt 0.000000 0.000000
vt 0.000000 0.000000
vt 0.000000 0.000000
vt 0.000000 0.000000
vt 0.000000 0.000000
vt 0.000000 0.000000
vt 0.000000 0.000000
vt 0.000000 0.000000
vt 0.000000 0.000000
vt 0.000000 0.000000
vt 0.000000 0.000000
vt 0.000000 0.000000
vt 0.000000 0.000000
vt 0.000000 0.000000
vt 0.000000 0.000000
vt 0.000000 0.000000
vt 0.000000 0.000000
vt 0.000000 0.000000
vt 0.000000 0.000000
vt 0.000000 0.000000
vt 0.000000 0.000000
vt 0.000000 0.000000
vt 0.000000 0.000000
vt 0.000000 0.000000
vt 0.000000 0.000000
vt 0.000000 0.000000
vt 0.000000 0.000000
vt 0.000000 0.000000
vt 0.000000 0.000000
vt 0.000000 0.000000
vt 0.000000 0.000000
vt 0.000000 0.000000
vt 0.000000 0.000000
vt 0.000000 0.000000
vt 0.000000 0.000000
vt 0.000000 0.000000
vt 0.000000 0.000000
vt 0.000000 0.000000
vt 0.000000 0.000000
vt 0.000000 0.000000
vt 0.000000 0.000000
vt 0.000000 0.000000
vt 0.000000 0.000000
vt 0.000000 0.000000
vt 0.000000 0.000000
vt 0.000000 0.000000
vt 0.000000 0.000000
vt 0.000000 0.000000
vt 0.000000 0.000000
vt 0.000000 0.000000
vt 0.000000 0.000000
vt 0.000000 0.000000
vt 0.000000 0.000000
vt 0.000000 0.000000
vt 0.000000 0.000000
vt 0.000000 0.000000
vt 0.000000 0.000000
vt 0.000000 0.000000
vt 0.000000 0.000000
vt 0.000000 0.000000
vt 0.000000 0.000000
vt 0.000000 0.000000
vt 0.000000 0.000000
vt 0.000000 0.000000
vt 0.000000 0.000000
vt 0.000000 0.000000
vt 0.000000 0.000000
vt 0.000000 0.000000
vt 0.000000 0.000000
vt 0.000000 0.000000
vt 0.000000 0.000000
vt 0.000000 0.000000
vt 0.000000 0.000000
vt 0.000000 0.000000
vt 0.000000 0.000000
vt 0.000000 0.000000
vt 0.000000 0.000000
vt 0.000000 0.000000
vt 0.000000 0.000000
vt 0.000000 0.000000
vt 0.000000 0.000000
vt 0.000000 0.000000
vt 0.000000 0.000000
vt 0.000000 0.000000
vt 0.000000 0.000000
vt 0.000000 0.000000
vt 0.000000 0.000000
vt 0.000000 0.000000
vt 0.000000 0.000000
vt 0.000000 0.000000
vt 0.000000 0.000000
vt 0.000000 0.000000
vt 0.000000 0.000000
vt 0.000000 0.000000
vt 0.000000 0.000000
vt 0.000000 0.000000
vt 0.000000 0.000000
vt 0.000000 0.000000
vt 0.000000 0.000000
vt 0.000000 0.000000
vt 0.000000 0.000000
vt 0.000000 0.000000
vt 0.000000 0.000000
vt 0.000000 0.000000
vt 0.000000 0.000000
vt 0.000000 0.000000
vt 0.000000 0.000000
vt 0.000000 0.000000
vt 0.000000 0.000000
vt 0.000000 0.000000
vt 0.000000 0.000000
vt 0.000000 0.000000
vt 0.000000 0.000000
vt 0.000000 0.000000
vt 0.000000 0.000000
vt 0.000000 0.000000
vt 0.000000 0.000000
vt 0.000000 0.000000
vt 0.000000 0.000000
vt 0.000000 0.000000
vt 0.000000 0.000000
vt 0.000000 0.000000
vt 0.000000 0.000000
vt 0.000000 0.000000
vt 0.000000 0.000000
vt 0.000000 0.000000
vt 0.000000 0.000000
vt 0.000000 0.000000
vt 0.000000 0.000000
vt 0.000000 0.000000
vt 0.000000 0.000000
vt 0.000000 0.000000
vt 0.000000 0.000000
vt 0.000000 0.000000
vt 0.000000 0.000000
vt 0.000000 0.000000
vt 0.000000 0.000000
vt 0.000000 0.000000
vt 0.000000 0.000000
vt 0.000000 0.000000
vt 0.000000 0.000000
vt 0.000000 0.000000
vt 0.000000 0.000000
vt 0.000000 0.000000
vt 0.000000 0.000000
vt 0.000000 0.000000
vt 0.000000 0.000000
vt 0.000000 0.000000
vt 0.000000 0.000000
vt 0.000000 0.000000
vt 0.000000 0.000000
vt 0.000000 0.000000
vt 0.000000 0.000000
vt 0.000000 0.000000
vt 0.000000 0.000000
vt 0.000000 0.000000
vt 0.000000 0.000000
vt 0.000000 0.000000
vt 0.000000 0.000000
vt 0.000000 0.000000
vt 0.000000 0.000000
vt 0.000000 0.000000
vt 0.000000 0.000000
vt 0.000000 0.000000
vt 0.000000 0.000000
vt 0.000000 0.000000
vt 0.000000 0.000000
vt 0.000000 0.000000
vt 0.000000 0.000000
vt 0.000000 0.000000
vt 0.000000 0.000000
vt 0.000000 0.000000
vt 0.000000 0.000000
vt 0.000000 0.000000
vt 0.000000 0.000000
vt 0.000000 0.000000
vt 0.000000 0.000000
vt 0.000000 0.000000
vt 0.000000 0.000000
vt 0.000000 0.000000
vt 0.000000 0.000000
vt 0.000000 0.000000
vt 0.000000 0.000000
vt 0.000000 0.000000
vt 0.000000 0.000000
vt 0.000000 0.000000
vt 0.000000 0.000000
vt 0.000000 0.000000
vt 0.000000 0.000000
vt 0.000000 0.000000
vt 0.000000 0.000000
vt 0.000000 0.000000
vt 0.000000 0.000000
vt 0.000000 0.000000
vt 0.000000 0.000000
vt 0.000000 0.000000
vt 0.000000 0.000000
vt 0.000000 0.000000
vt 0.000000 0.000000
vt 0.000000 0.000000
vt 0.000000 0.000000
vt 0.000000 0.000000
vt 0.000000 0.000000
vt 0.000000 0.000000
vt 0.000000 0.000000
vt 0.000000 0.000000
vt 0.000000 0.000000
vt 0.000000 0.000000
vt 0.000000 0.000000
vt 0.000000 0.000000
vt 0.000000 0.000000
vt 0.000000 0.000000
vt 0.000000 0.000000
vt 0.000000 0.000000
vt 0.000000 0.000000
vt 0.000000 0.000000
vt 0.000000 0.000000
vt 0.000000 0.000000
vt 0.000000 0.000000
vt 0.000000 0.000000
vt 0.000000 0.000000
vt 0.000000 0.000000
vt 0.000000 0.000000
vt 0.000000 0.000000
vt 0.000000 0.000000
vt 0.000000 0.000000
vt 0.000000 0.000000
vt 0.000000 0.000000
vt 0.000000 0.000000
vt 0.000000 0.000000
vt 0.000000 0.000000
vt 0.000000 0.000000
vt 0.000000 0.000000
vt 0.000000 0.000000
vt 0.000000 0.000000
vt 0.000000 0.000000
vt 0.000000 0.000000
vt 0.000000 0.000000
vt 0.000000 0.000000
vt 0.000000 0.000000
vt 0.000000 0.000000
vt 0.000000 0.000000
vt 0.000000 0.000000
vt 0.000000 0.000000
vt 0.000000 0.000000
vt 0.000000 0.000000
vt 0.000000 0.000000
vt 0.000000 0.000000
vt 0.000000 0.000000
vt 0.000000 0.000000
vt 0.000000 0.000000
vt 0.000000 0.000000
vt 0.000000 0.000000
vt 0.000000 0.000000
vt 0.000000 0.000000
vt 0.000000 0.000000
vt 0.000000 0.000000
vt 0.000000 0.000000
vt 0.000000 0.000000
vt 0.000000 0.000000
vt 0.000000 0.000000
vt 0.000000 0.000000
vt 0.000000 0.000000
vt 0.000000 0.000000
vt 0.000000 0.000000
vt 0.000000 0.000000
vt 0.000000 0.000000
vt 0.000000 0.000000
vt 0.000000 0.000000
vt 0.000000 0.000000
vt 0.000000 0.000000
vt 0.000000 0.000000
vt 0.000000 0.000000
vt 0.000000 0.000000
vt 0.000000 0.000000
vt 0.000000 0.000000
vt 0.000000 0.000000
vt 0.000000 0.000000
vt 0.000000 0.000000
vt 0.000000 0.000000
vt 0.000000 0.000000
vt 0.000000 0.000000
vt 0.000000 0.000000
vt 0.000000 0.000000
vt 0.000000 0.000000
vt 0.000000 0.000000
vt 0.000000 0.000000
vt 0.000000 0.000000
vt 0.000000 0.000000
vt 0.000000 0.000000
vt 0.000000 0.000000
vt 0.000000 0.000000
vt 0.000000 0.000000
vt 0.000000 0.000000
vt 0.000000 0.000000
vt 0.000000 0.000000
vt 0.000000 0.000000
vt 0.000000 0.000000
vt 0.000000 0.000000
vt 0.000000 0.000000
vt 0.000000 0.000000
vt 0.000000 0.000000
vt 0.000000 0.000000
vt 0.000000 0.000000
vt 0.000000 0.000000
vt 0.000000 0.000000
vt 0.000000 0.000000
vt 0.000000 0.000000
vt 0.000000 0.000000
vt 0.000000 0.000000
vt 0.000000 0.000000
vt 0.000000 0.000000
vt 0.000000 0.000000
vt 0.000000 0.000000
vt 0.000000 0.000000
vt 0.000000 0.000000
vt 0.000000 0.000000
vt 0.000000 0.000000
vt 0.000000 0.000000
vt 0.000000 0.000000
vt 0.000000 0.000000
vt 0.000000 0.000000
vt 0.000000 0.000000
vt 0.000000 0.000000
vt 0.000000 0.000000
vt 0.000000 0.000000
vt 0.000000 0.000000
vt 0.000000 0.000000
vt 0.000000 0.000000
vt 0.000000 0.000000
vt 0.000000 0.000000
vt 0.000000 0.000000
vt 0.000000 0.000000
vt 0.000000 0.000000
vt 0.000000 0.000000
vt 0.000000 0.000000
vt 0.000000 0.000000
vt 0.000000 0.000000
vt 0.000000 0.000000
vt 0.000000 0.000000
vt 0.000000 0.000000
vt 0.000000 0.000000
vt 0.000000 0.000000
vt 0.000000 0.000000
vt 0.000000 0.000000
vt 0.000000 0.000000
vt 0.000000 0.000000
vt 0.000000 0.000000
vt 0.000000 0.000000
vt 0.000000 0.000000
vt 0.000000 0.000000
vt 0.000000 0.000000
vt 0.000000 0.000000
vt 0.000000 0.000000
vt 0.000000 0.000000
vt 0.000000 0.000000
vt 0.000000 0.000000
vt 0.000000 0.000000
vt 0.000000 0.000000
vt 0.000000 0.000000
vt 0.000000 0.000000
vt 0.000000 0.000000
vt 0.000000 0.000000
vt 0.000000 0.000000
vt 0.000000 0.000000
vt 0.000000 0.000000
vt 0.000000 0.000000
vt 0.000000 0.000000
vt 0.000000 0.000000
vt 0.000000 0.000000
vt 0.000000 0.000000
vt 0.000000 0.000000
vt 0.000000 0.000000
vt 0.000000 0.000000
vt 0.000000 0.000000
vt 0.000000 0.000000
vt 0.000000 0.000000
vt 0.000000 0.000000
vt 0.000000 0.000000
vt 0.000000 0.000000
vt 0.000000 0.000000
vt 0.000000 0.000000
vt 0.000000 0.000000
vt 0.000000 0.000000
vt 0.000000 0.000000
vt 0.000000 0.000000
vt 0.000000 0.000000
vt 0.000000 0.000000
vt 0.000000 0.000000
vt 0.000000 0.000000
vt 0.000000 0.000000
vt 0.000000 0.000000
vt 0.000000 0.000000
vt 0.000000 0.000000
vt 0.000000 0.000000
vt 0.000000 0.000000
vt 0.000000 0.000000
vt 0.000000 0.000000
vt 0.000000 0.000000
vt 0.000000 0.000000
vt 0.000000 0.000000
vt 0.000000 0.000000
vt 0.000000 0.000000
vt 0.000000 0.000000
vt 0.000000 0.000000
vt 0.000000 0.000000
vt 0.000000 0.000000
vt 0.000000 0.000000
vt 0.000000 0.000000
vt 0.000000 0.000000
vt 0.000000 0.000000
vt 0.000000 0.000000
vt 0.000000 0.000000
vt 0.000000 0.000000
vt 0.000000 0.000000
vt 0.000000 0.000000
vt 0.000000 0.000000
vt 0.000000 0.000000
vt 0.000000 0.000000
vt 0.000000 0.000000
vt 0.000000 0.000000
vt 0.000000 0.000000
vt 0.000000 0.000000
vt 0.000000 0.000000
vt 0.000000 0.000000
vt 0.000000 0.000000
vt 0.000000 0.000000
vt 0.000000 0.000000
vt 0.000000 0.000000
vt 0.000000 0.000000
vt 0.000000 0.000000
vt 0.000000 0.000000
vt 0.000000 0.000000
vt 0.000000 0.000000
vt 0.000000 0.000000
vt 0.000000 0.000000
vt 0.000000 0.000000
vt 0.000000 0.000000
vt 0.000000 0.000000
vt 0.000000 0.000000
vt 0.000000 0.000000
vt 0.000000 0.000000
vt 0.000000 0.000000
vt 0.000000 0.000000
vt 0.000000 0.000000
vt 0.000000 0.000000
vt 0.000000 0.000000
vt 0.000000 0.000000
vt 0.000000 0.000000
vt 0.000000 0.000000
vt 0.000000 0.000000
vt 0.000000 0.000000
vt 0.000000 0.000000
vt 0.000000 0.000000
vt 0.000000 0.000000
vt 0.000000 0.000000
vt 0.000000 0.000000
vt 0.000000 0.000000
vt 0.000000 0.000000
vt 0.000000 0.000000
vt 0.000000 0.000000
vt 0.000000 0.000000
vt 0.000000 0.000000
vt 0.000000 0.000000
vt 0.000000 0.000000
vt 0.000000 0.000000
vt 0.000000 0.000000
vt 0.000000 0.000000
vt 0.000000 0.000000
vt 0.000000 0.000000
vt 0.000000 0.000000
vt 0.000000 0.000000
vt 0.000000 0.000000
vt 0.000000 0.000000
vt 0.000000 0.000000
vt 0.000000 0.000000
vt 0.000000 0.000000
vt 0.000000 0.000000
vt 0.000000 0.000000
vt 0.000000 0.000000
vt 0.000000 0.000000
vt 0.000000 0.000000
vt 0.000000 0.000000
vt 0.000000 0.000000
vt 0.000000 0.000000
vt 0.000000 0.000000
vt 0.000000 0.000000
vt 0.000000 0.000000
vt 0.000000 0.000000
vt 0.000000 0.000000
vt 0.000000 0.000000
vt 0.000000 0.000000
vt 0.000000 0.000000
vt 0.000000 0.000000
vt 0.000000 0.000000
vt 0.000000 0.000000
vt 0.000000 0.000000
vt 0.000000 0.000000
vt 0.000000 0.000000
vt 0.000000 0.000000
vt 0.000000 0.000000
vt 0.000000 0.000000
vt 0.000000 0.000000
vt 0.000000 0.000000
vt 0.000000 0.000000
vt 0.000000 0.000000
vt 0.000000 0.000000
vt 0.000000 0.000000
vt 0.000000 0.000000
vt 0.000000 0.000000
vt 0.000000 0.000000
vt 0.000000 0.000000
vt 0.000000 0.000000
vt 0.000000 0.000000
vt 0.000000 0.000000
vt 0.000000 0.000000
vt 0.000000 0.000000
vt 0.000000 0.000000
vt 0.000000 0.000000
vt 0.000000 0.000000
vt 0.000000 0.000000
vt 0.000000 0.000000
vt 0.000000 0.000000
vt 0.000000 0.000000
vt 0.000000 0.000000
vt 0.000000 0.000000
vt 0.000000 0.000000
vt 0.000000 0.000000
vt 0.000000 0.000000
vt 0.000000 0.000000
vt 0.000000 0.000000
vt 0.000000 0.000000
vt 0.000000 0.000000
vt 0.000000 0.000000
vt 0.000000 0.000000
vt 0.000000 0.000000
vt 0.000000 0.000000
vt 0.000000 0.000000
vt 0.000000 0.000000
vt 0.000000 0.000000
vt 0.000000 0.000000
vt 0.000000 0.000000
vt 0.000000 0.000000
vt 0.000000 0.000000
vt 0.000000 0.000000
vt 0.000000 0.000000
vt 0.000000 0.000000
vt 0.000000 0.000000
vt 0.000000 0.000000
vt 0.000000 0.000000
vt 0.000000 0.000000
vt 0.000000 0.000000
vt 0.000000 0.000000
vt 0.000000 0.000000
vt 0.000000 0.000000
vt 0.000000 0.000000
vt 0.000000 0.000000
vt 0.000000 0.000000
vt 0.000000 0.000000
vt 0.000000 0.000000
vt 0.000000 0.000000
vt 0.000000 0.000000
vt 0.000000 0.000000
vt 0.000000 0.000000
vt 0.000000 0.000000
vt 0.000000 0.000000
vt 0.000000 0.000000
vt 0.000000 0.000000
vt 0.000000 0.000000
vt 0.000000 0.000000
vt 0.000000 0.000000
vt 0.000000 0.000000
vt 0.000000 0.000000
vt 0.000000 0.000000
vt 0.000000 0.000000
vt 0.000000 0.000000
vt 0.000000 0.000000
vt 0.000000 0.000000
vt 0.000000 0.000000
vt 0.000000 0.000000
vt 0.000000 0.000000
vt 0.000000 0.000000
vt 0.000000 0.000000
vt 0.000000 0.000000
vt 0.000000 0.000000
vt 0.000000 0.000000
vt 0.000000 0.000000
vt 0.000000 0.000000
vt 0.000000 0.000000
vt 0.000000 0.000000
vt 0.000000 0.000000
vt 0.000000 0.000000
vt 0.000000 0.000000
vt 0.000000 0.000000
vt 0.000000 0.000000
vt 0.000000 0.000000
vt 0.000000 0.000000
vt 0.000000 0.000000
vt 0.000000 0.000000
vt 0.000000 0.000000
vt 0.000000 0.000000
vt 0.000000 0.000000
vt 0.000000 0.000000
vt 0.000000 0.000000
vt 0.000000 0.000000
vt 0.000000 0.000000
vt 0.000000 0.000000
vt 0.000000 0.000000
vt 0.000000 0.000000
vt 0.000000 0.000000
vt 0.000000 0.000000
vt 0.000000 0.000000
vt 0.000000 0.000000
vt 0.000000 0.000000
vt 0.000000 0.000000
vt 0.000000 0.000000
vt 0.000000 0.000000
vt 0.000000 0.000000
vt 0.000000 0.000000
vt 0.000000 0.000000
vt 0.000000 0.000000
vt 0.000000 0.000000
vt 0.000000 0.000000
vt 0.000000 0.000000
vt 0.000000 0.000000
vt 0.000000 0.000000
vt 0.000000 0.000000
vt 0.000000 0.000000
vt 0.000000 0.000000
vt 0.000000 0.000000
vt 0.000000 0.000000
vt 0.000000 0.000000
vt 0.000000 0.000000
vt 0.000000 0.000000
vt 0.000000 0.000000
vt 0.000000 0.000000
vt 0.000000 0.000000
vt 0.000000 0.000000
vt 0.000000 0.000000
vt 0.000000 0.000000
vt 0.000000 0.000000
vt 0.000000 0.000000
vt 0.000000 0.000000
vt 0.000000 0.000000
vt 0.000000 0.000000
vt 0.000000 0.000000
vt 0.000000 0.000000
vt 0.000000 0.000000
vt 0.000000 0.000000
vt 0.000000 0.000000
vt 0.000000 0.000000
vt 0.000000 0.000000
vt 0.000000 0.000000
vt 0.000000 0.000000
vt 0.000000 0.000000
vt 0.000000 0.000000
vt 0.000000 0.000000
vt 0.000000 0.000000
vt 0.000000 0.000000
vt 0.000000 0.000000
vt 0.000000 0.000000
vt 0.000000 0.000000
vt 0.000000 0.000000
vt 0.000000 0.000000
vt 0.000000 0.000000
vt 0.000000 0.000000
vt 0.000000 0.000000
vt 0.000000 0.000000
vt 0.000000 0.000000
vt 0.000000 0.000000
vt 0.000000 0.000000
vt 0.000000 0.000000
vt 0.000000 0.000000
vt 0.000000 0.000000
vt 0.000000 0.000000
vt 0.000000 0.000000
vt 0.000000 0.000000
vt 0.000000 0.000000
vt 0.000000 0.000000
vt 0.000000 0.000000
vt 0.000000 0.000000
vt 0.000000 0.000000
vt 0.000000 0.000000
vt 0.000000 0.000000
vt 0.000000 0.000000
vt 0.000000 0.000000
vt 0.000000 0.000000
vt 0.000000 0.000000
vt 0.000000 0.000000
vt 0.000000 0.000000
vt 0.000000 0.000000
vt 0.000000 0.000000
vt 0.000000 0.000000
vt 0.000000 0.000000
vt 0.000000 0.000000
vt 0.000000 0.000000
vt 0.000000 0.000000
vt 0.000000 0.000000
vt 0.000000 0.000000
vt 0.000000 0.000000
vt 0.000000 0.000000
vt 0.000000 0.000000
vt 0.000000 0.000000
vt 0.000000 0.000000
vt 0.000000 0.000000
vt 0.000000 0.000000
vt 0.000000 0.000000
vt 0.000000 0.000000
vt 0.000000 0.000000
vt 0.000000 0.000000
vt 0.000000 0.000000
vt 0.000000 0.000000
vt 0.000000 0.000000
vt 0.000000 0.000000
vt 0.000000 0.000000
vt 0.000000 0.000000
vt 0.000000 0.000000
vt 0.000000 0.000000
vt 0.000000 0.000000
vt 0.000000 0.000000
vt 0.000000 0.000000
vt 0.000000 0.000000
vt 0.000000 0.000000
vt 0.000000 0.000000
vt 0.000000 0.000000
vt 0.000000 0.000000
vt 0.000000 0.000000
vt 0.000000 0.000000
vt 0.000000 0.000000
vt 0.000000 0.000000
vt 0.000000 0.000000
vt 0.000000 0.000000
vt 0.000000 0.000000
vt 0.000000 0.000000
vt 0.000000 0.000000
vt 0.000000 0.000000
vt 0.000000 0.000000
vt 0.000000 0.000000
vt 0.000000 0.000000
vt 0.000000 0.000000
vt 0.000000 0.000000
vt 0.000000 0.000000
vt 0.000000 0.000000
vt 0.000000 0.000000
vt 0.000000 0.000000
vt 0.000000 0.000000
vt 0.000000 0.000000
vt 0.000000 0.000000
vt 0.000000 0.000000
vt 0.000000 0.000000
vt 0.000000 0.000000
vt 0.000000 0.000000
vt 0.000000 0.000000
vt 0.000000 0.000000
vt 0.000000 0.000000
vt 0.000000 0.000000
vt 0.000000 0.000000
vt 0.000000 0.000000
vt 0.000000 0.000000
vt 0.000000 0.000000
vt 0.000000 0.000000
vt 0.000000 0.000000
vt 0.000000 0.000000
vt 0.000000 0.000000
vt 0.000000 0.000000
vt 0.000000 0.000000
vt 0.000000 0.000000
vt 0.000000 0.000000
vt 0.000000 0.000000
vt 0.000000 0.000000
vt 0.000000 0.000000
vt 0.000000 0.000000
vt 0.000000 0.000000
vt 0.000000 0.000000
vt 0.000000 0.000000
vt 0.000000 0.000000
vt 0.000000 0.000000
vt 0.000000 0.000000
vt 0.000000 0.000000
vt 0.000000 0.000000
vt 0.000000 0.000000
vt 0.000000 0.000000
vt 0.000000 0.000000
vt 0.000000 0.000000
vt 0.000000 0.000000
vt 0.000000 0.000000
vt 0.000000 0.000000
vt 0.000000 0.000000
vt 0.000000 0.000000
vt 0.000000 0.000000
vt 0.000000 0.000000
vt 0.000000 0.000000
vt 0.000000 0.000000
vt 0.000000 0.000000
vt 0.000000 0.000000
vt 0.000000 0.000000
vt 0.000000 0.000000
vt 0.000000 0.000000
vt 0.000000 0.000000
vt 0.000000 0.000000
vt 0.000000 0.000000
vt 0.000000 0.000000
vt 0.000000 0.000000
vt 0.000000 0.000000
vt 0.000000 0.000000
vt 0.000000 0.000000
vt 0.000000 0.000000
vt 0.000000 0.000000
vt 0.000000 0.000000
vt 0.000000 0.000000
vt 0.000000 0.000000
vt 0.000000 0.000000
vt 0.000000 0.000000
vt 0.000000 0.000000
vt 0.000000 0.000000
vt 0.000000 0.000000
vt 0.000000 0.000000
vt 0.000000 0.000000
vt 0.000000 0.000000
vt 0.000000 0.000000
vt 0.000000 0.000000
vt 0.000000 0.000000
vt 0.000000 0.000000
vt 0.000000 0.000000
vt 0.000000 0.000000
vt 0.000000 0.000000
vt 0.000000 0.000000
vt 0.000000 0.000000
vt 0.000000 0.000000
vt 0.000000 0.000000
vt 0.000000 0.000000
vt 0.000000 0.000000
vt 0.000000 0.000000
vt 0.000000 0.000000
vt 0.000000 0.000000
vt 0.000000 0.000000
vt 0.000000 0.000000
vt 0.000000 0.000000
vt 0.000000 0.000000
vt 0.000000 0.000000
vt 0.000000 0.000000
vt 0.000000 0.000000
vt 0.000000 0.000000
vt 0.000000 0.000000
vt 0.000000 0.000000
vt 0.000000 0.000000
vt 0.000000 0.000000
vt 0.000000 0.000000
vt 0.000000 0.000000
vt 0.000000 0.000000
vt 0.000000 0.000000
vt 0.000000 0.000000
vt 0.000000 0.000000
vt 0.000000 0.000000
vt 0.000000 0.000000
vt 0.000000 0.000000
vt 0.000000 0.000000
vt 0.000000 0.000000
vt 0.000000 0.000000
vt 0.000000 0.000000
vt 0.000000 0.000000
vt 0.000000 0.000000
vt 0.000000 0.000000
vt 0.000000 0.000000
vt 0.000000 0.000000
vt 0.000000 0.000000
vt 0.000000 0.000000
vt 0.000000 0.000000
vt 0.000000 0.000000
vt 0.000000 0.000000
vt 0.000000 0.000000
vt 0.000000 0.000000
vt 0.000000 0.000000
vt 0.000000 0.000000
vt 0.000000 0.000000
vt 0.000000 0.000000
vt 0.000000 0.000000
vt 0.000000 0.000000
vt 0.000000 0.000000
vt 0.000000 0.000000
vt 0.000000 0.000000
vt 0.000000 0.000000
vt 0.000000 0.000000
vt 0.000000 0.000000
vt 0.000000 0.000000
vt 0.000000 0.000000
vt 0.000000 0.000000
vt 0.000000 0.000000
vn 0.1115 0.0000 0.9938
vn -0.1115 0.0000 -0.9938
vn 0.0000 1.0000 -0.0000
vn -0.9938 0.0000 0.1115
vn 0.0000 -1.0000 -0.0000
vn 0.9938 0.0000 -0.1115
vn 0.9938 -0.0001 -0.1115
vn 0.9938 0.0002 -0.1115
vn 0.9938 0.0001 -0.1115
vn -0.0062 -1.0000 0.0010
vn -0.9938 0.0003 0.1115
vn -0.9938 -0.0004 0.1115
vn -0.9938 -0.0001 0.1115
vn 0.0056 1.0000 0.0010
vn 0.1114 0.0000 0.9938
vn -0.1114 0.0000 -0.9938
vn -0.9938 0.0000 0.1114
vn 0.9938 0.0006 -0.1115
vn -0.1115 0.0001 -0.9938
vn 0.5040 0.8619 -0.0565
vn 0.5041 0.8618 -0.0565
vn 0.4517 0.8882 -0.0837
vn 0.4671 0.8816 -0.0685
vn 0.4701 0.8819 -0.0363
vn 0.4591 0.8882 -0.0179
vn -0.0836 0.8882 -0.4517
vn -0.0685 0.8815 -0.4671
vn -0.0364 0.8818 -0.4701
vn -0.0179 0.8882 -0.4590
vn -0.0565 0.8618 -0.5041
vn -0.4517 0.8882 0.0837
vn -0.4672 0.8815 0.0684
vn -0.4701 0.8819 0.0363
vn -0.4592 0.8882 0.0180
vn -0.5040 0.8619 0.0565
vn -0.5041 0.8618 0.0565
vn 0.0364 0.8819 0.4701
vn 0.0179 0.8882 0.4590
vn 0.0565 0.8618 0.5041
vn 0.0836 0.8882 0.4517
vn 0.0685 0.8815 0.4671
vn -0.4811 -0.8750 0.0540
vn -0.4813 -0.8749 0.0540
vn -0.4812 -0.8749 0.0540
vn -0.4812 -0.8750 0.0539
vn 0.0540 -0.8749 0.4812
vn 0.0539 -0.8749 0.4812
vn 0.0540 -0.8749 0.4813
vn 0.0540 -0.8750 0.4811
vn 0.0540 -0.8750 0.4812
vn 0.4812 -0.8750 -0.0540
vn 0.4813 -0.8749 -0.0540
vn 0.4811 -0.8750 -0.0540
vn -0.0539 -0.8749 -0.4812
vn -0.0540 -0.8750 -0.4812
vn -0.0540 -0.8749 -0.4812
vn 0.9577 -0.2668 -0.1074
vn 0.9578 -0.2666 -0.1074
vn -0.8697 0.4839 0.0975
vn -0.8699 0.4835 0.0976
vn 0.6563 -0.3194 0.6836
vn 0.6564 -0.3191 0.6836
vn 0.4886 -0.3192 -0.8120
vn 0.4887 -0.3187 -0.8122
vn 0.6837 -0.3188 -0.6564
vn 0.6837 -0.3191 -0.6563
vn -0.8120 -0.3192 -0.4887
vn -0.8123 -0.3183 -0.4887
vn -0.1074 -0.2666 -0.9578
vn -0.1074 -0.2667 -0.9578
vn 0.0975 0.4844 0.8694
vn 0.0975 0.4842 0.8695
vn -0.6562 -0.3197 -0.6835
vn -0.6565 -0.3191 -0.6835
vn -0.4887 -0.3185 0.8123
vn -0.4885 -0.3195 0.8119
vn -0.9580 -0.2658 0.1075
vn -0.9578 -0.2667 0.1074
vn 0.8703 0.4827 -0.0976
vn 0.8693 0.4845 -0.0975
vn 0.8120 -0.3197 0.4883
vn 0.8123 -0.3183 0.4888
vn 0.1074 -0.2668 0.9577
vn 0.1074 -0.2665 0.9578
vn -0.0975 0.4842 -0.8695
vn -0.6836 -0.3186 0.6567
vn -0.6837 -0.3187 0.6565
vn -0.9938 0.0006 0.1115
vn 0.9430 -0.3156 -0.1058
vn 0.9427 -0.3165 -0.1057
vn -0.1058 -0.3161 -0.9428
vn -0.1057 -0.3163 -0.9428
vn -0.9423 -0.3178 0.1057
vn -0.9431 -0.3154 0.1058
vn 0.1057 -0.3164 0.9427
vn 0.3141 -0.9487 -0.0352
vn 0.3145 -0.9486 -0.0353
vn -0.0353 -0.9486 -0.3144
vn -0.0353 -0.9487 -0.3142
vn -0.3141 -0.9487 0.0352
vn -0.3143 -0.9487 0.0353
vn 0.0353 -0.9487 0.3143
vn 0.4812 0.8749 -0.0540
vn -0.0540 0.8749 -0.4812
vn -0.4812 0.8749 0.0540
vn 0.0540 0.8749 0.4812
vn 0.0764 -0.7281 0.6812
vn -0.0772 -0.7216 -0.6880
vn 0.1018 -0.4070 0.9078
vn 0.1018 -0.4070 0.9077
vn -0.1018 -0.4070 -0.9077
vn -0.1018 -0.4071 -0.9077
vn 0.0270 -0.9703 0.2404
vn -0.0270 -0.9703 -0.2404
vn -0.9938 -0.0003 0.1114
vn 0.0005 -1.0000 0.0043
vn -0.0763 0.7288 -0.6804
vn 0.0772 0.7212 0.6884
vn -0.9938 -0.0008 0.1115
vn 0.9938 0.0000 -0.1114
vn 0.9938 0.0000 -0.1116
vn 0.9938 0.0000 -0.1112
vn -0.9938 0.0000 0.1116
vn 0.9938 0.0008 -0.1114
vn 0.9938 -0.0032 -0.1115
vn 0.9938 0.0002 -0.1114
vn -0.9938 0.0002 0.1115
vn -0.9938 0.0001 0.1115
vn 0.9938 -0.0002 -0.1115
vn 0.0806 0.6910 0.7184
vn -0.4263 0.6287 0.6504
vn -0.6448 0.5899 -0.4861
vn -0.0811 0.6860 -0.7231
vn 0.9938 -0.0012 -0.1115
vn 0.9938 0.0015 -0.1115
vn -0.9938 0.0016 0.1115
vn -0.9938 -0.0017 0.1115
vn -0.9938 0.0004 0.1115
vn 0.9938 -0.0004 -0.1115
vn -0.9938 0.0009 0.1115
vn -0.9937 0.0000 0.1119
vn 0.9937 0.0000 -0.1119
vn -0.9937 0.0000 0.1118
vn -0.9938 -0.0003 0.1115
vn 0.1117 0.0000 0.9937
vn -0.1116 0.0000 -0.9938
vn -0.1113 0.0000 -0.9938
vn 0.1116 0.0000 0.9938
vn -0.1111 -0.0000 -0.9938
vn 0.1118 0.0000 0.9937
vn -0.1121 0.0000 -0.9937
vn 0.1112 0.0000 0.9938
vn -0.1112 -0.0000 -0.9938
vn 0.1104 0.0000 0.9939
vn 0.9938 0.0005 -0.1115
vn 0.9938 -0.0011 -0.1115
vn -0.9938 -0.0005 0.1115
vn 0.9938 0.0009 -0.1115
vn -0.9938 0.0012 0.1115
vn -0.9938 -0.0007 0.1115
vn 0.9938 -0.0016 -0.1115
vn 0.9938 0.0004 -0.1115
vn -0.9938 -0.0009 0.1115
vn -0.1119 0.0000 -0.9937
vn 0.1113 0.0000 0.9938
vn 0.1111 0.0000 0.9938
vn -0.1101 0.0000 -0.9939
vn 0.1132 0.0000 0.9936
vn 0.1121 0.0000 0.9937
vn -0.1104 0.0000 -0.9939
vn -0.9938 -0.0002 0.1114
vn 0.1116 0.0000 0.9937
vn 0.9937 0.0000 -0.1117
vn 0.9937 0.0000 -0.1116
vn -0.9938 -0.0024 0.1115
vn -0.9938 0.0013 0.1115
vn -0.9938 0.0008 0.1115
vn -0.1117 0.0000 -0.9937
vn 0.1108 0.0000 0.9938
vn 0.9938 0.0015 -0.1114
vn 0.9938 -0.0010 -0.1114
vn 0.1122 0.0000 0.9937
vn -0.9937 0.0015 0.1119
vn -0.9938 -0.0005 0.1116
vn -0.9937 0.0015 0.1118
vn -0.1118 0.0000 -0.9937
vn 0.1107 0.0000 0.9939
vn 0.1120 0.0000 0.9937
vn -0.1128 0.0000 -0.9936
vn -0.1108 0.0000 -0.9938
vn -0.1114 -0.0001 -0.9938
vn 0.1109 -0.0000 0.9938
vn -0.1115 -0.0001 -0.9938
vn 0.9939 0.0000 -0.1102
vn 0.9939 0.0000 -0.1100
vn -0.9937 0.0000 0.1117
vn -0.9937 0.0000 0.1120
vn 0.1114 0.0001 0.9938
vn 0.1118 -0.0004 0.9937
vn 0.1110 -0.0000 0.9938
vn 0.1116 0.0001 0.9938
vn 0.1114 -0.0002 0.9938
vn -0.1114 0.0002 -0.9938
vn -0.1116 -0.0002 -0.9938
vn -0.9938 0.0000 0.1112
vn -0.9938 0.0000 0.1113
vn 0.1115 -0.0001 0.9938
vn 0.1115 0.0001 0.9938
vn 0.1115 -0.0002 0.9938
vn 0.1115 0.0002 0.9938
vn -0.1115 -0.0002 -0.9938
vn -0.1115 0.0002 -0.9938
vn 0.9937 0.0000 -0.1118
vn 0.9938 -0.0010 -0.1115
vn 0.9938 0.0010 -0.1115
vn 0.9938 0.0000 -0.1110
vn -0.9938 0.0011 0.1115
vn -0.9938 -0.0021 0.1115
vn -0.9938 0.0000 0.1110
vn 0.9938 -0.0015 -0.1115
vn 0.9938 0.0011 -0.1115
vn 0.9938 0.0022 -0.1115
vn 0.9938 -0.0022 -0.1115
vn -0.9938 -0.0012 0.1115
vn 0.9938 0.0010 -0.1114
vn -0.9938 -0.0022 0.1114
vn -0.9938 0.0020 0.1115
vn -0.1105 0.0000 -0.9939
vn -0.1124 -0.0000 -0.9937
vn 0.1119 0.0000 0.9937
vn -0.1109 0.0000 -0.9938
vn 0.1105 -0.0000 0.9939
vn 0.9938 -0.0018 -0.1115
vn 0.9938 0.0021 -0.1115
vn -0.9938 -0.0022 0.1115
vn -0.9938 -0.0002 0.1115
vn 0.9938 0.0004 -0.1114
vn 0.9938 -0.0003 -0.1115
vn 0.9938 -0.0001 -0.1114
vn 0.9938 0.0003 -0.1115
vn -0.1122 0.0000 -0.9937
vn -0.1094 0.0000 -0.9940
vn -0.1135 0.0000 -0.9935
vn 0.1126 0.0000 0.9936
vn -0.1126 0.0000 -0.9936
vn -0.1110 0.0000 -0.9938
vn 0.0000 1.0000 0.0001
vn 0.1115 -0.0003 0.9938
vn -0.9937 0.0000 0.1122
vn 0.9937 0.0000 -0.1121
vn -0.1116 0.0000 -0.9937
vn 0.0000 -1.0000 -0.0001
vn 0.0000 -1.0000 0.0001
vn 0.0000 1.0000 -0.0001
vn -0.1115 -0.0003 -0.9938
vn -0.9937 0.0000 0.1121
vn -0.1114 -0.0003 -0.9938
vn -0.1115 0.0003 -0.9938
vn -0.9937 0.0001 0.1118
vn -0.9939 0.0000 0.1101
vn -0.9939 0.0000 0.1103
vn 0.1114 0.0003 0.9938
vn 0.9937 0.0000 -0.1120
vn -0.9938 0.0019 0.1115
vn 0.9938 -0.0009 -0.1115
vn 0.9938 0.0019 -0.1115
vn -0.9938 -0.0013 0.1115
vn -0.9938 -0.0009 0.1114
vn -0.9938 0.0007 0.1115
vn 0.9938 -0.0016 -0.1114
vn 0.9938 0.0020 -0.1115
vn 0.9938 -0.0014 -0.1115
vn 0.9938 -0.0008 -0.1115
vn 0.9938 0.0014 -0.1115
vn -0.9938 -0.0016 0.1115
vn 0.9938 0.0012 -0.1115
vn 0.9938 0.0007 -0.1115
vn 0.1129 -0.0000 0.9936
vn -0.1092 -0.0000 -0.9940
vn -0.1091 0.0000 -0.9940
vn -0.1127 0.0000 -0.9936
vn -0.9938 -0.0010 0.1115
vn 0.1127 0.0000 0.9936
vn 0.9938 -0.0017 -0.1115
vn 0.9938 0.0013 -0.1115
vn -0.1093 0.0000 -0.9940
vn -0.1100 0.0000 -0.9939
vn -0.0665 0.8026 -0.5928
vn -0.0701 0.7330 -0.6766
vn 0.0988 0.7184 -0.6886
vn -0.0762 0.7296 -0.6796
vn -0.2411 0.7227 -0.6478
vn -0.0762 0.7298 -0.6794
vn 0.0769 0.7236 0.6860
vn 0.2421 0.7166 0.6541
vn 0.0769 0.7236 0.6859
vn 0.0672 0.7977 0.5994
vn 0.0672 0.7977 0.5993
vn 0.0707 0.7271 0.6829
vn -0.0985 0.7122 0.6950
vn 0.0762 -0.7296 0.6796
vn 0.0763 -0.7297 0.6795
vn 0.0762 -0.7295 0.6797
vn 0.0762 -0.7297 0.6796
vn 0.0763 -0.7295 0.6797
vn -0.0769 -0.7235 -0.6860
vn -0.0770 -0.7237 -0.6858
vn -0.0769 -0.7237 -0.6858
vn -0.0571 -0.8587 -0.5093
vn 0.9938 0.0005 -0.1113
vn -0.9938 0.0005 0.1113
vn -0.0571 -0.8587 -0.5092
vn 0.0571 0.8587 0.5092
vn 0.0571 0.8587 0.5093
vn -0.9938 -0.0006 0.1115
vn -0.9938 0.0016 0.1113
vn 0.0564 -0.8626 0.5027
vn -0.0564 0.8626 -0.5028
vn -0.0564 0.8626 -0.5027
vn 0.9938 0.0008 -0.1113
vn -0.9938 -0.0004 0.1113
vn 0.0564 -0.8627 0.5026
vn -0.9937 0.0019 0.1116
vn -0.9938 -0.0010 0.1113
vn 0.9938 0.0002 -0.1116
vn 0.9938 -0.0005 -0.1116
vn 0.0769 0.7235 0.6860
vn 0.0764 -0.7284 0.6809
vn -0.0763 0.7295 -0.6797
vn -0.0771 -0.7221 -0.6875
vn -0.0772 -0.7223 -0.6873
vn 0.0770 0.7234 0.6861
vn 0.0769 0.7237 0.6858
vn -0.4502 0.8915 0.0505
vn 0.4523 0.8904 -0.0507
vn 0.0482 0.9019 0.4293
vn 0.5481 0.0000 -0.8364
vn 0.7200 0.0019 0.6940
vn 0.5482 0.0000 -0.8364
vn 0.3148 -0.9487 -0.0300
vn 0.2861 0.9336 0.2155
vn 0.9454 -0.3159 -0.0797
vn 0.0317 -0.9404 0.3386
vn -0.6133 0.7868 0.0689
vn -0.5481 0.0000 0.8364
vn -0.2303 0.9338 0.2737
vn -0.4339 0.8996 0.0487
vn 0.6476 0.5577 0.5192
vn -0.4626 0.1407 -0.8754
vn 0.4523 0.8904 -0.0508
vn 0.4520 0.8906 -0.0504
vn 0.5065 -0.5841 -0.6343
vn 0.7179 -0.6915 -0.0805
vn 0.4502 -0.8915 -0.0505
vn 0.4501 -0.8915 -0.0505
vn -0.2636 -0.9438 -0.1994
vn -0.4523 -0.8904 0.0507
vn -0.4523 -0.8904 0.0508
vn -0.0482 -0.9019 -0.4293
vn 0.7198 0.0000 0.6942
vn 0.1886 0.2915 -0.9378
vn -0.9918 0.0000 0.1278
vn 0.0075 0.9999 0.0073
vn 0.6930 -0.3857 -0.6092
vn -0.7195 -0.6898 0.0807
vn -0.0011 -1.0000 -0.0011
vn -0.4594 0.8277 -0.3221
vn -0.9403 -0.3171 0.1238
vn 0.6134 0.7868 -0.0687
vn 0.5018 -0.1263 0.8557
vn -0.7197 0.0000 -0.6943
vn 0.2898 -0.9566 -0.0325
vn -0.2898 -0.9565 0.0325
vn -0.2117 0.9441 0.2526
vn -0.4502 0.8915 0.0507
vn 0.5619 -0.2401 0.7916
vn 0.1220 -0.9807 -0.1528
vn 0.7487 0.6576 -0.0840
vn 0.4361 0.8986 -0.0489
vn 0.0502 0.8929 0.4475
vn 0.2636 0.9438 0.1994
vn 0.0074 0.9978 0.0657
vn 0.2636 0.9438 0.1993
vn 0.2117 -0.9441 -0.2526
vn 0.5475 0.3208 -0.7729
vn -0.1532 -0.9806 -0.1223
vn -0.4524 -0.8904 0.0507
vn -0.6354 -0.5823 -0.5072
vn 0.1022 -0.2405 0.9653
vn -0.6929 0.3857 0.6092
vn 0.8352 0.3100 -0.4543
vn -0.6601 -0.2940 0.6913
vn 0.6374 0.3028 -0.7085
vn -0.5156 0.5601 0.6484
vn -0.5415 0.0125 0.8406
vn -0.7559 -0.1326 -0.6411
vn -0.5479 -0.0070 0.8365
vn 0.9927 0.0456 -0.1113
vn 0.1115 -0.0005 0.9938
vn -0.9937 0.0084 0.1115
vn -0.3155 0.9485 0.0290
vn -0.2857 -0.9341 -0.2139
vn -0.9436 0.3213 0.0795
vn -0.0249 0.9599 -0.2793
vn 0.6118 -0.7880 -0.0687
vn 0.4593 -0.8271 0.3239
vn 0.5643 -0.0267 -0.8252
vn 0.2273 -0.9356 -0.2700
vn 0.4289 -0.9021 -0.0481
vn 0.4465 -0.8934 -0.0501
vn -0.6539 -0.5461 -0.5237
vn 0.4590 -0.1183 0.8805
vn -0.4519 -0.8907 0.0490
vn -0.4539 -0.8896 0.0505
vn -0.5056 0.5825 0.6364
vn -0.7155 0.6940 0.0803
vn -0.4510 0.8914 0.0448
vn -0.4554 0.8888 0.0510
vn 0.2627 0.9439 0.2002
vn 0.4571 0.8879 -0.0514
vn 0.4544 0.8891 -0.0556
vn 0.0486 0.9007 0.4317
vn 0.0479 0.9029 0.4271
vn -0.7239 -0.0128 -0.6898
vn -0.1841 -0.3130 0.9317
vn 0.9918 0.0001 -0.1278
vn -0.0073 -1.0000 -0.0057
vn -0.6795 0.4188 0.6023
vn 0.5632 -0.0250 -0.8260
vn 0.7170 0.6925 -0.0802
vn -0.0080 1.0000 0.0021
vn 0.9937 0.0000 -0.1122
vn 0.9386 0.3220 -0.1236
vn -0.6124 -0.7876 0.0686
vn -0.5005 0.1025 -0.8596
vn -0.3044 0.9519 0.0340
vn 0.2808 0.9593 -0.0315
vn 0.2117 -0.9441 -0.2527
vn 0.4552 -0.8889 -0.0513
vn -0.5593 0.2456 -0.7918
vn -0.1378 0.9790 0.1503
vn -0.7527 -0.6530 0.0844
vn -0.4311 -0.9010 0.0484
vn -0.0510 -0.8891 -0.4548
vn -0.2643 -0.9438 -0.1986
vn -0.0076 -0.9977 -0.0679
vn -0.2107 0.9442 0.2533
vn -0.5502 -0.3170 0.7725
vn -0.4511 0.8914 0.0444
vn -0.4564 0.8883 0.0511
vn 0.1525 0.9803 0.1254
vn 0.4651 0.8837 -0.0521
vn 0.4573 0.8868 -0.0668
vn 0.1115 -0.0021 0.9938
vn 0.6350 0.5808 0.5093
vn -0.1012 0.2730 -0.9567
vn 0.6719 -0.4150 -0.6134
vn -0.8162 -0.3702 0.4435
vn 0.2119 -0.9441 -0.2525
vn 0.6596 0.2908 -0.6931
vn 0.9064 -0.4099 -0.1017
vn -0.6444 -0.2774 0.7126
vn 0.5211 -0.5478 -0.6545
vn 0.9132 -0.3945 -0.1024
vn 0.8623 0.4970 -0.0969
vn 0.8623 0.4970 -0.0968
vn 0.8623 0.4971 -0.0968
vn 0.7019 0.2893 -0.6509
vn 0.7017 0.2894 -0.6511
vn 0.7017 0.2894 -0.6510
vn 0.2757 -0.2259 -0.9343
vn -0.1083 0.0182 -0.9939
vn -0.1009 0.4269 -0.8986
vn -0.8719 -0.4797 0.0980
vn -0.8508 0.5167 0.0956
vn -0.5452 0.2561 0.7983
vn -0.5453 0.2561 0.7982
vn -0.8143 0.2787 -0.5092
vn -0.8142 0.2787 -0.5093
vn 0.6626 0.3925 0.6379
vn 0.1000 -0.4376 0.8936
vn 0.6991 0.0214 0.7147
vn 0.9325 0.3457 -0.1046
vn 0.6914 0.2963 -0.6589
vn 0.2900 -0.2137 -0.9329
vn -0.1208 -0.0345 -0.9921
vn -0.1005 0.4285 -0.8979
vn -0.8625 -0.4968 0.0965
vn -0.8735 0.4768 0.0978
vn -0.5164 0.3022 0.8013
vn -0.5163 0.3022 0.8013
vn -0.8334 0.1990 -0.5156
vn -0.8335 0.1990 -0.5155
vn 0.7114 0.2243 0.6660
vn 0.7112 0.2244 0.6662
vn 0.7113 0.2244 0.6662
vn 0.1006 -0.4398 0.8924
vn 0.0772 -0.7216 0.6880
vn 0.7467 -0.6598 -0.0843
vn -0.3143 -0.9485 0.0390
vn -0.7054 -0.3200 -0.6324
vn 0.0533 0.8901 0.4527
vn 0.2585 0.1403 -0.9558
vn -0.9142 0.3118 -0.2589
vn -0.7822 0.3011 -0.5455
vn -0.3904 0.2913 -0.8734
vn -0.6897 -0.3117 -0.6536
vn -0.8856 -0.4537 0.0993
vn 0.1116 0.0001 0.9937
vn 0.8861 0.4527 -0.0994
vn 0.5289 -0.3135 -0.7887
vn -0.8844 0.4561 0.0992
vn -0.2864 0.1986 0.9373
vn -0.7479 -0.6586 0.0831
vn 0.8851 -0.4547 -0.0993
vn -0.1005 0.4320 -0.8963
vn -0.3778 -0.9243 -0.0549
vn 0.1005 -0.4320 0.8962
vn 0.3549 -0.9248 -0.1367
vn 0.9961 0.0000 -0.0879
vn 0.1004 0.0000 0.9950
vn -0.1112 -0.0002 -0.9938
vn 0.0012 -1.0000 -0.0018
vn 0.7053 0.3206 0.6323
vn 0.7198 -0.0002 0.6942
vn 0.2600 -0.1861 -0.9475
vn -0.8843 -0.4545 0.1074
vn -0.0092 -0.9982 -0.0595
vn -0.7198 0.0000 -0.6941
vn -0.6896 -0.3115 -0.6537
vn -0.8866 -0.4518 0.0994
vn 0.1114 0.0002 0.9938
vn -0.7465 0.6601 0.0837
vn 0.8855 0.4540 -0.0993
vn 0.5287 -0.3137 -0.7887
vn -0.8846 0.4556 0.0992
vn 0.5261 0.7545 -0.3923
vn -0.2864 0.1987 0.9373
vn 0.8847 -0.4554 -0.0992
vn -0.1005 0.4319 -0.8963
vn 0.7951 -0.2950 0.5299
vn 0.1005 -0.4318 0.8964
vn 0.1116 -0.0001 0.9937
vn -0.0001 -1.0000 -0.0010
vn -0.0773 0.7245 -0.6850
vn -0.7418 0.6654 0.0837
vn 0.1086 -0.0029 0.9941
vn 0.0001 1.0000 -0.0001
vn 0.3143 0.9485 -0.0390
vn 0.6875 0.3677 0.6262
vn -0.0529 -0.8920 -0.4488
vn -0.2630 -0.1647 0.9506
vn 0.8935 -0.3710 0.2529
vn 0.7807 -0.3026 0.5468
vn 0.3843 -0.3129 0.8686
vn 0.6938 0.3029 0.6533
vn 0.8878 0.4494 -0.0995
vn -0.7528 -0.6529 0.0844
vn -0.1197 0.0164 -0.9927
vn -0.8813 -0.4620 0.0989
vn -0.5302 0.3103 0.7890
vn 0.8872 -0.4505 -0.0995
vn 0.2854 -0.2012 -0.9370
vn 0.7355 0.6726 -0.0818
vn -0.8907 0.4435 0.0999
vn 0.1000 -0.4411 0.8919
vn 0.3738 0.9255 0.0604
vn -0.1005 0.4318 -0.8963
vn -0.3492 0.9263 0.1417
vn -0.9961 0.0004 0.0880
vn -0.1004 0.0044 -0.9949
vn 0.6879 0.3147 0.6540
vn 0.4601 -0.8300 0.3152
vn -0.0003 1.0000 -0.0013
vn 0.1146 -0.0031 0.9934
vn 0.0849 0.9964 -0.0073
vn -0.6762 -0.3614 -0.6420
vn 0.7137 0.0244 0.7000
vn -0.7204 -0.0100 -0.6935
vn -0.2388 0.2267 0.9442
vn 0.8686 0.4842 -0.1056
vn 0.0129 0.9956 0.0926
vn -0.8872 0.4505 0.0995
vn 0.8941 0.4365 -0.1003
vn -0.1151 0.0066 -0.9933
vn 0.7403 -0.6671 -0.0829
vn 0.1005 -0.4322 0.8962
vn -0.8935 -0.4376 0.1003
vn -0.5257 -0.7576 0.3868
vn 0.3065 -0.1576 -0.9387
vn -0.5267 0.3175 0.7885
vn 0.8876 -0.4498 -0.0996
vn -0.7953 0.2909 -0.5319
vn 0.1106 -0.0000 0.9939
vn -0.1120 0.0000 -0.9937
vn -0.9938 0.0000 0.1111
vn 0.1125 0.0000 0.9936
vn 0.1123 0.0000 0.9937
vn -0.0439 -0.9190 -0.3918
vn -0.0439 -0.9190 -0.3919
vn 0.0440 0.9190 0.3919
vn -0.0440 -0.9190 -0.3917
vn -0.0439 -0.9190 -0.3917
vn 0.0440 0.9190 0.3917
vn 0.0439 0.9190 0.3917
vn 0.3918 -0.9190 -0.0440
vn -0.3919 0.9190 0.0439
vn -0.3918 0.9190 0.0440
vn -0.9937 0.0000 0.1116
vn 0.3919 -0.9190 -0.0439
vn -0.3918 0.9190 0.0439
vn 0.9938 0.0000 -0.1113
vn 0.0440 -0.9190 0.3919
vn 0.0440 -0.9190 0.3918
vn 0.9938 -0.0003 -0.1114
vn -0.0439 0.9190 -0.3917
vn -0.0441 0.9190 -0.3918
vn -0.9938 0.0007 0.1113
vn 0.0439 -0.9191 0.3917
vn 0.0439 -0.9190 0.3919
vn -0.0440 0.9189 -0.3921
vn -0.0439 0.9191 -0.3916
vn -0.3919 -0.9190 0.0439
vn -0.3918 -0.9190 0.0441
vn 0.3918 0.9190 -0.0439
vn -0.3919 -0.9190 0.0440
vn -0.3918 -0.9190 0.0439
vn 0.1114 -0.0001 0.9938
vn 0.3919 0.9190 -0.0440
vn 0.9938 -0.0006 -0.1115
vn -0.0354 -0.9484 -0.3150
vn -0.0353 -0.9484 -0.3150
vn 0.0353 0.9485 0.3149
vn 0.0354 0.9484 0.3150
usemtl None
s off
f 1/1/1 2/2/1 3/3/1
f 1/1/1 3/3/1 4/4/1
f 5/5/1 6/6/1 7/7/1
f 5/5/1 7/7/1 8/8/1
f 9/9/1 10/10/1 11/11/1
f 9/9/1 11/11/1 7/7/1
f 9/9/1 7/7/1 6/6/1
f 9/9/1 6/6/1 12/12/1
f 13/13/1 14/14/1 15/15/1
f 13/13/1 15/15/1 5/5/1
f 13/13/1 5/5/1 8/8/1
f 13/13/1 8/8/1 16/16/1
f 16/16/1 11/11/1 10/10/1
f 16/16/1 10/10/1 13/13/1
f 12/12/1 15/15/1 14/14/1
f 12/12/1 14/14/1 9/9/1
f 17/17/2 18/18/2 19/19/2
f 17/17/2 19/19/2 20/20/2
f 21/21/2 22/22/2 23/23/2
f 21/21/2 23/23/2 24/24/2
f 25/25/2 26/26/2 27/27/2
f 25/25/2 27/27/2 21/21/2
f 27/27/2 28/28/2 22/22/2
f 27/27/2 22/22/2 21/21/2
f 29/29/2 30/30/2 31/31/2
f 29/29/2 31/31/2 23/23/2
f 31/31/2 32/32/2 24/24/2
f 31/31/2 24/24/2 23/23/2
f 26/26/2 25/25/2 32/32/2
f 26/26/2 32/32/2 31/31/2
f 30/30/2 29/29/2 28/28/2
f 30/30/2 28/28/2 27/27/2
f 17/17/3 20/20/3 4/4/3
f 17/17/3 4/4/3 3/3/3
f 20/20/4 19/19/4 1/1/4
f 20/20/4 1/1/4 4/4/4
f 19/19/5 18/18/5 2/2/5
f 19/19/5 2/2/5 1/1/5
f 21/21/6 24/24/6 8/8/6
f 21/21/6 8/8/6 7/7/6
f 23/23/4 22/22/4 6/6/4
f 23/23/4 6/6/4 5/5/4
f 27/27/5 26/26/5 10/10/5
f 27/27/5 10/10/5 9/9/5
f 25/25/3 21/21/3 7/7/3
f 25/25/3 7/7/3 11/11/3
f 22/22/3 28/28/3 12/12/3
f 22/22/3 12/12/3 6/6/3
f 31/31/3 30/30/3 14/14/3
f 31/31/3 14/14/3 13/13/3
f 29/29/5 23/23/5 5/5/5
f 29/29/5 5/5/5 15/15/5
f 24/24/5 32/32/5 16/16/5
f 24/24/5 16/16/5 8/8/5
f 26/26/6 31/31/6 13/13/6
f 26/26/6 13/13/6 10/10/6
f 32/32/4 25/25/4 11/11/4
f 32/32/4 11/11/4 16/16/4
f 28/28/6 29/29/6 15/15/6
f 28/28/6 15/15/6 12/12/6
f 33/33/6 34/34/6 35/35/6
f 33/33/6 35/35/6 36/36/6
f 37/37/6 3/3/6 38/38/6
f 37/37/7 38/38/7 35/35/7
f 37/37/8 35/35/8 34/34/8
f 37/37/9 34/34/9 39/39/9
f 40/40/7 41/41/7 33/33/7
f 40/40/7 33/33/7 36/36/7
f 40/40/6 36/36/6 42/42/6
f 40/40/6 42/42/6 2/2/6
f 40/40/10 2/2/10 43/43/10
f 42/42/6 38/38/6 3/3/6
f 42/42/6 3/3/6 2/2/6
f 39/39/6 41/41/6 40/40/6
f 39/39/6 40/40/6 37/37/6
f 44/44/4 45/45/4 46/46/4
f 44/44/4 46/46/4 47/47/4
f 48/48/4 17/17/4 49/49/4
f 48/48/4 49/49/4 44/44/4
f 49/49/11 50/50/11 45/45/11
f 49/49/12 45/45/12 44/44/12
f 46/46/13 51/51/13 52/52/13
f 46/46/4 52/52/4 47/47/4
f 52/52/14 53/53/14 18/18/14
f 52/52/4 18/18/4 54/54/4
f 52/52/4 54/54/4 47/47/4
f 17/17/4 48/48/4 54/54/4
f 17/17/4 54/54/4 18/18/4
f 52/52/4 51/51/4 50/50/4
f 52/52/4 50/50/4 49/49/4
f 44/44/1 47/47/1 36/36/1
f 44/44/15 36/36/15 35/35/15
f 46/46/16 45/45/16 34/34/16
f 46/46/2 34/34/2 33/33/2
f 49/49/3 17/17/3 3/3/3
f 49/49/3 3/3/3 37/37/3
f 48/48/5 44/44/5 35/35/5
f 48/48/5 35/35/5 38/38/5
f 45/45/5 50/50/5 39/39/5
f 45/45/5 39/39/5 34/34/5
f 18/18/5 53/53/5 43/43/5
f 18/18/5 43/43/5 2/2/5
f 53/53/5 52/52/5 40/40/5
f 53/53/5 40/40/5 43/43/5
f 51/51/3 46/46/3 33/33/3
f 51/51/3 33/33/3 41/41/3
f 47/47/3 54/54/3 42/42/3
f 47/47/3 42/42/3 36/36/3
f 54/54/2 48/48/2 38/38/2
f 54/54/16 38/38/16 42/42/16
f 50/50/15 51/51/15 41/41/15
f 50/50/1 41/41/1 39/39/1
f 55/55/4 56/56/4 57/57/4
f 55/55/4 57/57/4 58/58/4
f 14/14/13 59/59/13 60/60/13
f 14/14/12 60/60/12 57/57/12
f 14/14/4 57/57/4 56/56/4
f 14/14/4 56/56/4 61/61/4
f 62/62/4 9/9/4 63/63/4
f 62/62/4 63/63/4 55/55/4
f 62/62/17 55/55/17 58/58/17
f 62/62/13 58/58/13 64/64/13
f 64/64/4 60/60/4 59/59/4
f 64/64/4 59/59/4 62/62/4
f 61/61/4 63/63/4 9/9/4
f 61/61/4 9/9/4 14/14/4
f 65/65/6 66/66/6 67/67/6
f 65/65/6 67/67/6 68/68/6
f 69/69/6 70/70/6 30/30/6
f 69/69/18 30/30/18 65/65/18
f 30/30/6 71/71/6 66/66/6
f 30/30/7 66/66/7 65/65/7
f 72/72/6 27/27/6 73/73/6
f 72/72/6 73/73/6 67/67/6
f 73/73/9 74/74/9 68/68/9
f 73/73/7 68/68/7 67/67/7
f 70/70/6 69/69/6 74/74/6
f 70/70/6 74/74/6 73/73/6
f 27/27/6 72/72/6 71/71/6
f 27/27/6 71/71/6 30/30/6
f 65/65/16 68/68/16 58/58/16
f 65/65/2 58/58/2 57/57/2
f 67/67/15 66/66/15 56/56/15
f 67/67/1 56/56/1 55/55/1
f 30/30/3 70/70/3 59/59/3
f 30/30/3 59/59/3 14/14/3
f 69/69/5 65/65/5 57/57/5
f 69/69/5 57/57/5 60/60/5
f 66/66/5 71/71/5 61/61/5
f 66/66/5 61/61/5 56/56/5
f 73/73/5 27/27/5 9/9/5
f 73/73/5 9/9/5 62/62/5
f 72/72/3 67/67/3 55/55/3
f 72/72/3 55/55/3 63/63/3
f 68/68/3 74/74/3 64/64/3
f 68/68/3 64/64/3 58/58/3
f 74/74/1 69/69/1 60/60/1
f 74/74/1 60/60/1 64/64/1
f 71/71/2 72/72/2 63/63/2
f 71/71/2 63/63/2 61/61/2
f 75/75/2 76/76/2 77/77/2
f 75/75/2 77/77/2 78/78/2
f 59/59/2 37/37/2 79/79/2
f 59/59/2 79/79/2 77/77/2
f 59/59/2 77/77/2 76/76/2
f 59/59/2 76/76/2 80/80/2
f 40/40/2 62/62/2 81/81/2
f 40/40/2 81/81/2 75/75/2
f 40/40/19 75/75/19 78/78/19
f 40/40/2 78/78/2 82/82/2
f 82/82/2 79/79/2 37/37/2
f 82/82/2 37/37/2 40/40/2
f 80/80/2 81/81/2 62/62/2
f 80/80/2 62/62/2 59/59/2
f 83/83/1 84/84/1 85/85/1
f 83/83/1 85/85/1 86/86/1
f 87/87/1 49/49/1 70/70/1
f 87/87/1 70/70/1 83/83/1
f 70/70/1 88/88/1 84/84/1
f 70/70/1 84/84/1 83/83/1
f 89/89/1 73/73/1 52/52/1
f 89/89/1 52/52/1 85/85/1
f 52/52/1 90/90/1 86/86/1
f 52/52/1 86/86/1 85/85/1
f 49/49/1 87/87/1 90/90/1
f 49/49/1 90/90/1 52/52/1
f 73/73/1 89/89/1 88/88/1
f 73/73/1 88/88/1 70/70/1
f 83/83/6 86/86/6 78/78/6
f 83/83/6 78/78/6 77/77/6
f 85/85/4 84/84/4 76/76/4
f 85/85/4 76/76/4 75/75/4
f 70/70/3 49/49/3 37/37/3
f 70/70/3 37/37/3 59/59/3
f 87/87/5 83/83/5 77/77/5
f 87/87/5 77/77/5 79/79/5
f 84/84/5 88/88/5 80/80/5
f 84/84/5 80/80/5 76/76/5
f 52/52/5 73/73/5 62/62/5
f 52/52/5 62/62/5 40/40/5
f 89/89/3 85/85/3 75/75/3
f 89/89/3 75/75/3 81/81/3
f 86/86/3 90/90/3 82/82/3
f 86/86/3 82/82/3 78/78/3
f 90/90/17 87/87/17 79/79/17
f 90/90/17 79/79/17 82/82/17
f 88/88/6 89/89/6 81/81/6
f 88/88/6 81/81/6 80/80/6
f 91/91/20 92/92/20 93/93/20
f 91/91/21 93/93/21 94/94/21
f 92/92/22 95/95/22 96/96/22
f 92/92/23 96/96/23 93/93/23
f 95/95/24 91/91/24 94/94/24
f 95/95/25 94/94/25 96/96/25
f 97/97/26 95/95/26 98/98/26
f 97/97/27 98/98/27 99/99/27
f 95/95/28 92/92/28 100/100/28
f 95/95/29 100/100/29 98/98/29
f 92/92/30 97/97/30 99/99/30
f 92/92/30 99/99/30 100/100/30
f 101/101/31 95/95/31 102/102/31
f 101/101/32 102/102/32 103/103/32
f 95/95/33 97/97/33 104/104/33
f 95/95/34 104/104/34 102/102/34
f 97/97/35 101/101/35 103/103/35
f 97/97/36 103/103/36 104/104/36
f 95/95/37 101/101/37 105/105/37
f 95/95/38 105/105/38 106/106/38
f 101/101/39 91/91/39 107/107/39
f 101/101/39 107/107/39 105/105/39
f 91/91/40 95/95/40 106/106/40
f 91/91/41 106/106/41 107/107/41
f 108/108/42 109/109/42 110/110/42
f 108/108/43 110/110/43 111/111/43
f 112/112/44 113/113/44 109/109/44
f 112/112/45 109/109/45 108/108/45
f 111/111/43 110/110/43 113/113/43
f 111/111/45 113/113/45 112/112/45
f 114/114/46 113/113/46 115/115/46
f 114/114/47 115/115/47 116/116/47
f 117/117/48 109/109/48 113/113/48
f 117/117/49 113/113/49 114/114/49
f 116/116/49 115/115/49 109/109/49
f 116/116/50 109/109/50 117/117/50
f 118/118/51 113/113/51 119/119/51
f 118/118/52 119/119/52 120/120/52
f 121/121/53 115/115/53 113/113/53
f 121/121/52 113/113/52 118/118/52
f 120/120/53 119/119/53 115/115/53
f 120/120/52 115/115/52 121/121/52
f 122/122/54 119/119/54 113/113/54
f 122/122/55 113/113/55 123/123/55
f 124/124/56 110/110/56 119/119/56
f 124/124/55 119/119/55 122/122/55
f 123/123/55 113/113/55 110/110/55
f 123/123/54 110/110/54 124/124/54
f 92/92/57 91/91/57 110/110/57
f 92/92/58 110/110/58 109/109/58
f 94/94/59 93/93/59 108/108/59
f 94/94/60 108/108/60 111/111/60
f 93/93/61 96/96/61 112/112/61
f 93/93/62 112/112/62 108/108/62
f 96/96/63 94/94/63 111/111/63
f 96/96/64 111/111/64 112/112/64
f 99/99/65 98/98/65 114/114/65
f 99/99/66 114/114/66 116/116/66
f 98/98/67 100/100/67 117/117/67
f 98/98/68 117/117/68 114/114/68
f 97/97/69 92/92/69 109/109/69
f 97/97/70 109/109/70 115/115/70
f 100/100/71 99/99/71 116/116/71
f 100/100/72 116/116/72 117/117/72
f 103/103/73 102/102/73 118/118/73
f 103/103/74 118/118/74 120/120/74
f 102/102/75 104/104/75 121/121/75
f 102/102/76 121/121/76 118/118/76
f 101/101/77 97/97/77 115/115/77
f 101/101/78 115/115/78 119/119/78
f 104/104/79 103/103/79 120/120/79
f 104/104/80 120/120/80 121/121/80
f 106/106/81 105/105/81 122/122/81
f 106/106/82 122/122/82 123/123/82
f 91/91/83 101/101/83 119/119/83
f 91/91/84 119/119/84 110/110/84
f 105/105/85 107/107/85 124/124/85
f 105/105/85 124/124/85 122/122/85
f 107/107/86 106/106/86 123/123/86
f 107/107/87 123/123/87 124/124/87
f 109/109/6 110/110/6 125/125/6
f 109/109/6 125/125/6 126/126/6
f 115/115/2 109/109/2 126/126/2
f 115/115/2 126/126/2 127/127/2
f 119/119/4 115/115/4 127/127/4
f 119/119/4 127/127/4 128/128/4
f 110/110/1 119/119/1 128/128/1
f 110/110/1 128/128/1 125/125/1
f 128/128/5 127/127/5 126/126/5
f 128/128/5 126/126/5 125/125/5
f 129/129/6 130/130/6 131/131/6
f 129/129/6 131/131/6 132/132/6
f 130/130/2 133/133/2 134/134/2
f 130/130/2 134/134/2 131/131/2
f 133/133/88 135/135/88 136/136/88
f 133/133/4 136/136/4 134/134/4
f 135/135/1 129/129/1 132/132/1
f 135/135/1 132/132/1 136/136/1
f 137/137/4 138/138/4 139/139/4
f 137/137/4 139/139/4 110/110/4
f 115/115/1 140/140/1 138/138/1
f 115/115/1 138/138/1 137/137/1
f 119/119/6 141/141/6 140/140/6
f 119/119/6 140/140/6 115/115/6
f 110/110/2 139/139/2 141/141/2
f 110/110/2 141/141/2 119/119/2
f 142/142/89 130/130/89 129/129/89
f 142/142/90 129/129/90 143/143/90
f 144/144/91 133/133/91 130/130/91
f 144/144/92 130/130/92 142/142/92
f 145/145/93 135/135/93 133/133/93
f 145/145/94 133/133/94 144/144/94
f 143/143/95 129/129/95 135/135/95
f 143/143/95 135/135/95 145/145/95
f 146/146/96 142/142/96 143/143/96
f 146/146/97 143/143/97 147/147/97
f 148/148/98 144/144/98 142/142/98
f 148/148/99 142/142/99 146/146/99
f 149/149/100 145/145/100 144/144/100
f 149/149/101 144/144/101 148/148/101
f 147/147/102 143/143/102 145/145/102
f 147/147/102 145/145/102 149/149/102
f 137/137/3 110/110/3 132/132/3
f 137/137/3 132/132/3 131/131/3
f 139/139/5 138/138/5 146/146/5
f 139/139/5 146/146/5 147/147/5
f 115/115/3 137/137/3 131/131/3
f 115/115/3 131/131/3 134/134/3
f 138/138/5 140/140/5 148/148/5
f 138/138/5 148/148/5 146/146/5
f 119/119/3 115/115/3 134/134/3
f 119/119/3 134/134/3 136/136/3
f 140/140/5 141/141/5 149/149/5
f 140/140/5 149/149/5 148/148/5
f 110/110/3 119/119/3 136/136/3
f 110/110/3 136/136/3 132/132/3
f 141/141/5 139/139/5 147/147/5
f 141/141/5 147/147/5 149/149/5
f 150/150/103 151/151/103 112/112/103
f 152/152/104 114/114/104 153/153/104
f 154/154/105 118/118/105 155/155/105
f 123/123/106 156/156/106 157/157/106
f 158/158/4 159/159/4 160/160/4
f 158/158/4 160/160/4 161/161/4
f 162/162/6 163/163/6 164/164/6
f 162/162/6 164/164/6 165/165/6
f 165/165/2 164/164/2 160/160/2
f 165/165/2 160/160/2 159/159/2
f 166/166/6 167/167/6 168/168/6
f 166/166/6 168/168/6 169/169/6
f 170/170/4 171/171/4 172/172/4
f 170/170/4 172/172/4 173/173/4
f 166/166/1 170/170/1 173/173/1
f 166/166/1 173/173/1 167/167/1
f 162/162/1 158/158/1 161/161/1
f 162/162/1 161/161/1 163/163/1
f 169/169/2 168/168/2 172/172/2
f 169/169/2 172/172/2 171/171/2
f 166/166/5 169/169/5 161/161/5
f 166/166/5 161/161/5 160/160/5
f 168/168/3 167/167/3 159/159/3
f 168/168/3 159/159/3 158/158/3
f 169/169/5 171/171/5 163/163/5
f 169/169/5 163/163/5 161/161/5
f 173/173/3 172/172/3 162/162/3
f 173/173/3 162/162/3 165/165/3
f 171/171/5 170/170/5 164/164/5
f 171/171/5 164/164/5 163/163/5
f 167/167/3 173/173/3 165/165/3
f 167/167/3 165/165/3 159/159/3
f 170/170/5 166/166/5 160/160/5
f 170/170/5 160/160/5 164/164/5
f 174/174/3 175/175/3 176/176/3
f 174/174/3 176/176/3 177/177/3
f 175/175/3 178/178/3 179/179/3
f 175/175/3 179/179/3 176/176/3
f 178/178/3 180/180/3 181/181/3
f 178/178/3 181/181/3 179/179/3
f 180/180/3 174/174/3 177/177/3
f 180/180/3 177/177/3 181/181/3
f 172/172/5 162/162/5 158/158/5
f 172/172/5 158/158/5 168/168/5
f 168/168/6 167/167/6 177/177/6
f 168/168/6 177/177/6 176/176/6
f 159/159/4 158/158/4 175/175/4
f 159/159/4 175/175/4 174/174/4
f 172/172/2 168/168/2 176/176/2
f 172/172/2 176/176/2 179/179/2
f 158/158/1 162/162/1 178/178/1
f 158/158/1 178/178/1 175/175/1
f 173/173/4 172/172/4 179/179/4
f 173/173/4 179/179/4 181/181/4
f 162/162/6 165/165/6 180/180/6
f 162/162/6 180/180/6 178/178/6
f 167/167/1 173/173/1 181/181/1
f 167/167/1 181/181/1 177/177/1
f 165/165/2 159/159/2 174/174/2
f 165/165/2 174/174/2 180/180/2
f 182/182/5 183/183/5 184/184/5
f 182/182/5 184/184/5 185/185/5
f 182/182/5 185/185/5 186/186/5
f 184/184/5 183/183/5 187/187/5
f 188/188/3 189/189/3 190/190/3
f 188/188/3 190/190/3 191/191/3
f 190/190/3 192/192/3 191/191/3
f 193/193/3 189/189/3 188/188/3
f 191/191/1 192/192/1 186/186/1
f 191/191/1 186/186/1 185/185/1
f 192/192/4 190/190/4 182/182/4
f 192/192/4 182/182/4 186/186/4
f 190/190/2 189/189/2 183/183/2
f 190/190/2 183/183/2 182/182/2
f 188/188/6 191/191/6 185/185/6
f 188/188/6 185/185/6 184/184/6
f 189/189/6 193/193/6 187/187/6
f 189/189/6 187/187/6 183/183/6
f 193/193/1 188/188/1 184/184/1
f 193/193/1 184/184/1 187/187/1
f 194/194/107 195/195/107 196/196/107
f 194/194/107 196/196/107 197/197/107
f 198/198/108 194/194/108 197/197/108
f 198/198/108 197/197/108 199/199/108
f 200/200/109 201/201/109 202/202/109
f 200/200/110 202/202/110 203/203/110
f 204/204/111 205/205/111 206/206/111
f 204/204/112 206/206/112 207/207/112
f 208/208/113 200/200/113 203/203/113
f 208/208/113 203/203/113 209/209/113
f 210/210/114 204/204/114 207/207/114
f 210/210/114 207/207/114 211/211/114
f 197/197/6 196/196/6 212/212/6
f 197/197/6 212/212/6 213/213/6
f 196/196/2 195/195/2 214/214/2
f 196/196/2 214/214/2 212/212/2
f 195/195/4 194/194/4 215/215/4
f 195/195/4 215/215/4 214/214/4
f 198/198/1 199/199/1 216/216/1
f 198/198/1 216/216/1 217/217/1
f 199/199/6 197/197/6 213/213/6
f 199/199/6 213/213/6 216/216/6
f 194/194/4 198/198/4 217/217/4
f 194/194/115 217/217/115 215/215/115
f 218/218/6 219/219/6 220/220/6
f 221/221/4 222/222/4 223/223/4
f 223/223/116 222/222/116 219/219/116
f 223/223/116 219/219/116 218/218/116
f 222/222/117 221/221/117 220/220/117
f 222/222/117 220/220/117 219/219/117
f 221/221/1 223/223/1 218/218/1
f 221/221/1 218/218/1 220/220/1
f 224/224/6 225/225/6 226/226/6
f 227/227/4 228/228/4 229/229/4
f 228/228/5 224/224/5 226/226/5
f 228/228/5 226/226/5 229/229/5
f 229/229/118 226/226/118 225/225/118
f 229/229/118 225/225/118 227/227/118
f 227/227/2 225/225/2 224/224/2
f 227/227/2 224/224/2 228/228/2
f 230/230/2 231/231/2 232/232/2
f 230/230/2 232/232/2 233/233/2
f 201/201/1 234/234/1 235/235/1
f 201/201/1 235/235/1 202/202/1
f 208/208/5 209/209/5 233/233/5
f 208/208/5 233/233/5 232/232/5
f 233/233/119 209/209/119 203/203/119
f 233/233/4 203/203/4 202/202/4
f 230/230/4 233/233/4 202/202/4
f 230/230/17 202/202/17 235/235/17
f 235/235/3 234/234/3 231/231/3
f 235/235/3 231/231/3 230/230/3
f 232/232/120 231/231/120 234/234/120
f 232/232/9 234/234/9 208/208/9
f 234/234/121 201/201/121 200/200/121
f 234/234/122 200/200/122 208/208/122
f 236/236/2 237/237/2 206/206/2
f 236/236/2 206/206/2 205/205/2
f 238/238/1 239/239/1 240/240/1
f 238/238/1 240/240/1 241/241/1
f 238/238/5 241/241/5 210/210/5
f 238/238/5 210/210/5 211/211/5
f 236/236/4 205/205/4 204/204/4
f 236/236/123 204/204/123 210/210/123
f 236/236/115 210/210/115 241/241/115
f 236/236/17 241/241/17 240/240/17
f 240/240/3 239/239/3 237/237/3
f 240/240/3 237/237/3 236/236/3
f 206/206/120 237/237/120 239/239/120
f 206/206/120 239/239/120 238/238/120
f 207/207/124 206/206/124 238/238/124
f 207/207/125 238/238/125 211/211/125
f 242/242/6 243/243/6 244/244/6
f 242/242/6 244/244/6 245/245/6
f 43/43/6 2/2/6 246/246/6
f 43/43/7 246/246/7 244/244/7
f 43/43/126 244/244/126 243/243/126
f 43/43/7 243/243/7 247/247/7
f 248/248/6 249/249/6 242/242/6
f 248/248/6 242/242/6 245/245/6
f 248/248/6 246/246/6 2/2/6
f 248/248/6 2/2/6 249/249/6
f 43/43/6 247/247/6 250/250/6
f 43/43/6 250/250/6 251/251/6
f 252/252/4 253/253/4 254/254/4
f 252/252/4 254/254/4 255/255/4
f 256/256/13 257/257/13 258/258/13
f 256/256/127 258/258/127 252/252/127
f 258/258/4 259/259/4 253/253/4
f 258/258/17 253/253/17 252/252/17
f 254/254/4 260/260/4 261/261/4
f 254/254/13 261/261/13 255/255/13
f 257/257/4 256/256/4 261/261/4
f 257/257/4 261/261/4 260/260/4
f 262/262/4 259/259/4 258/258/4
f 262/262/4 258/258/4 263/263/4
f 252/252/1 255/255/1 245/245/1
f 252/252/15 245/245/15 244/244/15
f 254/254/2 253/253/2 243/243/2
f 254/254/2 243/243/2 242/242/2
f 258/258/3 257/257/3 2/2/3
f 258/258/3 2/2/3 43/43/3
f 256/256/5 252/252/5 244/244/5
f 256/256/5 244/244/5 246/246/5
f 253/253/5 259/259/5 247/247/5
f 253/253/5 247/247/5 243/243/5
f 255/255/3 261/261/3 248/248/3
f 255/255/3 248/248/3 245/245/3
f 260/260/5 254/254/5 242/242/5
f 260/260/5 242/242/5 249/249/5
f 261/261/2 256/256/2 246/246/2
f 261/261/2 246/246/2 248/248/2
f 262/262/5 263/263/5 251/251/5
f 262/262/5 251/251/5 250/250/5
f 259/259/15 262/262/15 250/250/15
f 259/259/1 250/250/1 247/247/1
f 264/264/1 249/249/1 2/2/1
f 264/264/1 2/2/1 1/1/1
f 257/257/2 260/260/2 170/170/2
f 257/257/2 170/170/2 19/19/2
f 257/257/3 19/19/3 1/1/3
f 257/257/3 1/1/3 2/2/3
f 19/19/4 170/170/4 264/264/4
f 19/19/4 264/264/4 1/1/4
f 170/170/5 260/260/5 249/249/5
f 170/170/5 249/249/5 264/264/5
f 265/265/2 266/266/2 267/267/2
f 265/265/2 267/267/2 268/268/2
f 62/62/2 269/269/2 270/270/2
f 62/62/2 270/270/2 267/267/2
f 62/62/2 267/267/2 266/266/2
f 62/62/2 266/266/2 271/271/2
f 272/272/2 273/273/2 265/265/2
f 272/272/2 265/265/2 268/268/2
f 272/272/2 268/268/2 274/274/2
f 272/272/2 274/274/2 189/189/2
f 274/274/2 270/270/2 269/269/2
f 274/274/2 269/269/2 189/189/2
f 271/271/2 273/273/2 272/272/2
f 271/271/2 272/272/2 62/62/2
f 275/275/1 276/276/1 277/277/1
f 275/275/1 277/277/1 278/278/1
f 279/279/1 280/280/1 73/73/1
f 279/279/1 73/73/1 275/275/1
f 73/73/1 281/281/1 276/276/1
f 73/73/1 276/276/1 275/275/1
f 277/277/1 282/282/1 283/283/1
f 277/277/1 283/283/1 278/278/1
f 283/283/1 284/284/1 285/285/1
f 283/283/1 285/285/1 278/278/1
f 280/280/1 279/279/1 285/285/1
f 280/280/1 285/285/1 284/284/1
f 283/283/1 282/282/1 281/281/1
f 283/283/1 281/281/1 73/73/1
f 275/275/120 278/278/120 268/268/120
f 275/275/120 268/268/120 267/267/120
f 277/277/4 276/276/4 266/266/4
f 277/277/4 266/266/4 265/265/4
f 73/73/3 280/280/3 269/269/3
f 73/73/3 269/269/3 62/62/3
f 279/279/5 275/275/5 267/267/5
f 279/279/5 267/267/5 270/270/5
f 276/276/5 281/281/5 271/271/5
f 276/276/5 271/271/5 266/266/5
f 282/282/3 277/277/3 265/265/3
f 282/282/3 265/265/3 273/273/3
f 278/278/3 285/285/3 274/274/3
f 278/278/3 274/274/3 268/268/3
f 284/284/5 283/283/5 272/272/5
f 284/284/5 272/272/5 189/189/5
f 285/285/4 279/279/4 270/270/4
f 285/285/4 270/270/4 274/274/4
f 281/281/6 282/282/6 273/273/6
f 281/281/6 273/273/6 271/271/6
f 286/286/1 287/287/1 288/288/1
f 286/286/1 288/288/1 289/289/1
f 290/290/1 291/291/1 288/288/1
f 290/290/1 288/288/1 287/287/1
f 10/10/1 9/9/1 292/292/1
f 10/10/1 292/292/1 286/286/1
f 10/10/1 286/286/1 289/289/1
f 10/10/1 289/289/1 293/293/1
f 10/10/1 293/293/1 294/294/1
f 10/10/1 294/294/1 295/295/1
f 290/290/1 292/292/1 9/9/1
f 290/290/1 9/9/1 291/291/1
f 296/296/2 297/297/2 298/298/2
f 296/296/2 298/298/2 299/299/2
f 296/296/2 300/300/2 301/301/2
f 296/296/2 301/301/2 297/297/2
f 302/302/2 27/27/2 26/26/2
f 302/302/2 26/26/2 298/298/2
f 26/26/2 303/303/2 299/299/2
f 26/26/2 299/299/2 298/298/2
f 304/304/2 303/303/2 26/26/2
f 304/304/2 26/26/2 166/166/2
f 27/27/2 302/302/2 301/301/2
f 27/27/2 301/301/2 300/300/2
f 298/298/17 297/297/17 287/287/17
f 298/298/17 287/287/17 286/286/17
f 297/297/3 301/301/3 290/290/3
f 297/297/3 290/290/3 287/287/3
f 300/300/5 296/296/5 288/288/5
f 300/300/5 288/288/5 291/291/5
f 26/26/3 27/27/3 9/9/3
f 26/26/3 9/9/3 10/10/3
f 302/302/5 298/298/5 286/286/5
f 302/302/5 286/286/5 292/292/5
f 304/304/5 166/166/5 295/295/5
f 304/304/5 295/295/5 294/294/5
f 166/166/6 26/26/6 10/10/6
f 166/166/6 10/10/6 295/295/6
f 301/301/6 302/302/6 292/292/6
f 301/301/6 292/292/6 290/290/6
f 289/289/120 288/288/120 296/296/120
f 289/289/6 296/296/6 299/299/6
f 293/293/5 289/289/5 299/299/5
f 293/293/5 299/299/5 303/303/5
f 294/294/4 293/293/4 303/303/4
f 294/294/17 303/303/17 304/304/17
f 305/305/4 306/306/4 307/307/4
f 305/305/4 307/307/4 308/308/4
f 9/9/13 62/62/13 309/309/13
f 9/9/128 309/309/128 307/307/128
f 9/9/4 307/307/4 306/306/4
f 9/9/127 306/306/127 310/310/127
f 311/311/13 272/272/13 305/305/13
f 311/311/4 305/305/4 308/308/4
f 311/311/4 309/309/4 62/62/4
f 311/311/4 62/62/4 272/272/4
f 310/310/4 312/312/4 291/291/4
f 310/310/4 291/291/4 9/9/4
f 313/313/6 314/314/6 315/315/6
f 313/313/6 315/315/6 316/316/6
f 317/317/6 73/73/6 27/27/6
f 317/317/6 27/27/6 313/313/6
f 27/27/129 318/318/129 314/314/129
f 27/27/8 314/314/8 313/313/8
f 315/315/9 283/283/9 319/319/9
f 315/315/6 319/319/6 316/316/6
f 73/73/6 317/317/6 319/319/6
f 73/73/6 319/319/6 283/283/6
f 300/300/6 320/320/6 318/318/6
f 300/300/6 318/318/6 27/27/6
f 313/313/16 316/316/16 308/308/16
f 313/313/16 308/308/16 307/307/16
f 315/315/1 314/314/1 306/306/1
f 315/315/1 306/306/1 305/305/1
f 27/27/3 73/73/3 62/62/3
f 27/27/3 62/62/3 9/9/3
f 317/317/5 313/313/5 307/307/5
f 317/317/5 307/307/5 309/309/5
f 314/314/5 318/318/5 310/310/5
f 314/314/5 310/310/5 306/306/5
f 316/316/3 319/319/3 311/311/3
f 316/316/3 311/311/3 308/308/3
f 283/283/5 315/315/5 305/305/5
f 283/283/5 305/305/5 272/272/5
f 319/319/15 317/317/15 309/309/15
f 319/319/15 309/309/15 311/311/15
f 318/318/2 320/320/2 312/312/2
f 318/318/2 312/312/2 310/310/2
f 320/320/5 300/300/5 291/291/5
f 320/320/5 291/291/5 312/312/5
f 321/321/1 251/251/1 193/193/1
f 321/321/1 193/193/1 322/322/1
f 323/323/2 263/263/2 324/324/2
f 323/323/2 324/324/2 325/325/2
f 325/325/3 324/324/3 321/321/3
f 325/325/3 321/321/3 322/322/3
f 263/263/5 323/323/5 193/193/5
f 263/263/5 193/193/5 251/251/5
f 326/326/6 322/322/6 327/327/6
f 326/326/6 327/327/6 328/328/6
f 328/328/6 327/327/6 329/329/6
f 330/330/6 331/331/6 193/193/6
f 330/330/6 193/193/6 189/189/6
f 331/331/6 327/327/6 322/322/6
f 331/331/6 322/322/6 193/193/6
f 329/329/6 330/330/6 189/189/6
f 329/329/6 189/189/6 328/328/6
f 332/332/4 325/325/4 333/333/4
f 332/332/4 333/333/4 334/334/4
f 332/332/128 334/334/128 335/335/128
f 323/323/13 336/336/13 337/337/13
f 323/323/4 337/337/4 284/284/4
f 325/325/4 332/332/4 336/336/4
f 325/325/4 336/336/4 323/323/4
f 284/284/4 337/337/4 335/335/4
f 284/284/4 335/335/4 334/334/4
f 326/326/130 333/333/130 325/325/130
f 326/326/131 325/325/131 322/322/131
f 332/332/5 335/335/5 329/329/5
f 332/332/5 329/329/5 327/327/5
f 323/323/5 284/284/5 189/189/5
f 323/323/5 189/189/5 193/193/5
f 337/337/3 336/336/3 331/331/3
f 337/337/3 331/331/3 330/330/3
f 336/336/2 332/332/2 327/327/2
f 336/336/16 327/327/16 331/331/16
f 335/335/1 337/337/1 330/330/1
f 335/335/1 330/330/1 329/329/1
f 326/326/132 328/328/132 334/334/132
f 326/326/133 334/334/133 333/333/133
f 338/338/120 339/339/120 327/327/120
f 338/338/120 327/327/120 331/331/120
f 340/340/134 338/338/134 331/331/134
f 340/340/135 331/331/135 330/330/135
f 341/341/120 340/340/120 330/330/120
f 341/341/120 330/330/120 329/329/120
f 339/339/18 341/341/18 329/329/18
f 339/339/6 329/329/6 327/327/6
f 332/332/17 342/342/17 343/343/17
f 332/332/17 343/343/17 336/336/17
f 336/336/136 343/343/136 344/344/136
f 336/336/137 344/344/137 337/337/137
f 337/337/4 344/344/4 345/345/4
f 337/337/17 345/345/17 335/335/17
f 335/335/4 345/345/4 342/342/4
f 335/335/138 342/342/138 332/332/138
f 346/346/120 347/347/120 348/348/120
f 346/346/120 348/348/120 349/349/120
f 350/350/9 346/346/9 349/349/9
f 350/350/6 349/349/6 351/351/6
f 352/352/6 350/350/6 351/351/6
f 352/352/120 351/351/120 353/353/120
f 347/347/139 352/352/139 353/353/139
f 347/347/6 353/353/6 348/348/6
f 354/354/17 355/355/17 356/356/17
f 354/354/17 356/356/17 357/357/17
f 357/357/140 356/356/140 358/358/140
f 357/357/128 358/358/128 359/359/128
f 359/359/141 358/358/141 360/360/141
f 359/359/141 360/360/141 361/361/141
f 361/361/4 360/360/4 355/355/4
f 361/361/12 355/355/12 354/354/12
f 362/362/120 363/363/120 364/364/120
f 362/362/120 364/364/120 354/354/120
f 365/365/139 362/362/139 354/354/139
f 365/365/6 354/354/6 361/361/6
f 366/366/142 365/365/142 361/361/142
f 366/366/142 361/361/142 367/367/142
f 363/363/9 366/366/9 367/367/9
f 363/363/6 367/367/6 364/364/6
f 368/368/143 369/369/143 370/370/143
f 368/368/17 370/370/17 371/371/17
f 371/371/4 370/370/4 372/372/4
f 371/371/144 372/372/144 373/373/144
f 373/373/17 372/372/17 374/374/17
f 373/373/17 374/374/17 375/375/17
f 375/375/4 374/374/4 369/369/4
f 375/375/13 369/369/13 368/368/13
f 332/332/1 336/336/1 331/331/1
f 332/332/15 331/331/15 327/327/15
f 343/343/2 342/342/2 339/339/2
f 343/343/2 339/339/2 338/338/2
f 336/336/5 337/337/5 330/330/5
f 336/336/5 330/330/5 331/331/5
f 344/344/3 343/343/3 338/338/3
f 344/344/3 338/338/3 340/340/3
f 337/337/2 335/335/2 329/329/2
f 337/337/2 329/329/2 330/330/2
f 345/345/1 344/344/1 340/340/1
f 345/345/1 340/340/1 341/341/1
f 335/335/3 332/332/3 327/327/3
f 335/335/3 327/327/3 329/329/3
f 342/342/5 345/345/5 341/341/5
f 342/342/5 341/341/5 339/339/5
f 354/354/145 357/357/145 349/349/145
f 354/354/15 349/349/15 348/348/15
f 356/356/146 355/355/146 347/347/146
f 356/356/147 347/347/147 346/346/147
f 357/357/5 359/359/5 351/351/5
f 357/357/5 351/351/5 349/349/5
f 358/358/3 356/356/3 346/346/3
f 358/358/3 346/346/3 350/350/3
f 359/359/16 361/361/16 353/353/16
f 359/359/16 353/353/16 351/351/16
f 360/360/15 358/358/15 350/350/15
f 360/360/15 350/350/15 352/352/15
f 361/361/3 354/354/3 348/348/3
f 361/361/3 348/348/3 353/353/3
f 355/355/5 360/360/5 352/352/5
f 355/355/5 352/352/5 347/347/5
f 368/368/148 371/371/148 354/354/148
f 368/368/15 354/354/15 364/364/15
f 370/370/147 369/369/147 363/363/147
f 370/370/2 363/363/2 362/362/2
f 371/371/5 373/373/5 361/361/5
f 371/371/5 361/361/5 354/354/5
f 372/372/3 370/370/3 362/362/3
f 372/372/3 362/362/3 365/365/3
f 373/373/149 375/375/149 367/367/149
f 373/373/146 367/367/146 361/361/146
f 374/374/150 372/372/150 365/365/150
f 374/374/1 365/365/1 366/366/1
f 375/375/3 368/368/3 364/364/3
f 375/375/3 364/364/3 367/367/3
f 369/369/5 374/374/5 366/366/5
f 369/369/5 366/366/5 363/363/5
f 376/376/6 377/377/6 378/378/6
f 376/376/6 378/378/6 379/379/6
f 380/380/4 381/381/4 382/382/4
f 380/380/4 382/382/4 383/383/4
f 380/380/5 383/383/5 379/379/5
f 380/380/5 379/379/5 378/378/5
f 383/383/151 382/382/151 376/376/151
f 383/383/151 376/376/151 379/379/151
f 382/382/3 381/381/3 377/377/3
f 382/382/3 377/377/3 376/376/3
f 381/381/152 380/380/152 378/378/152
f 381/381/152 378/378/152 377/377/152
f 384/384/6 385/385/6 386/386/6
f 384/384/6 386/386/6 387/387/6
f 388/388/4 389/389/4 390/390/4
f 388/388/4 390/390/4 391/391/4
f 388/388/5 391/391/5 387/387/5
f 388/388/5 387/387/5 386/386/5
f 391/391/153 390/390/153 384/384/153
f 391/391/151 384/384/151 387/387/151
f 390/390/3 389/389/3 385/385/3
f 390/390/3 385/385/3 384/384/3
f 389/389/15 388/388/15 386/386/15
f 389/389/154 386/386/154 385/385/154
f 392/392/120 393/393/120 246/246/120
f 392/392/120 246/246/120 248/248/120
f 394/394/155 392/392/155 248/248/155
f 394/394/6 248/248/6 245/245/6
f 395/395/120 394/394/120 245/245/120
f 395/395/120 245/245/120 244/244/120
f 393/393/156 395/395/156 244/244/156
f 393/393/135 244/244/135 246/246/135
f 256/256/4 396/396/4 397/397/4
f 256/256/17 397/397/17 261/261/17
f 261/261/4 397/397/4 398/398/4
f 261/261/13 398/398/13 399/399/13
f 399/399/17 398/398/17 400/400/17
f 399/399/17 400/400/17 252/252/17
f 252/252/4 400/400/4 396/396/4
f 252/252/157 396/396/157 256/256/157
f 401/401/120 402/402/120 403/403/120
f 401/401/120 403/403/120 404/404/120
f 405/405/158 401/401/158 404/404/158
f 405/405/6 404/404/6 406/406/6
f 407/407/120 405/405/120 406/406/120
f 407/407/120 406/406/120 408/408/120
f 402/402/139 407/407/139 408/408/139
f 402/402/6 408/408/6 403/403/6
f 409/409/4 410/410/4 411/411/4
f 409/409/17 411/411/17 412/412/17
f 412/412/4 411/411/4 413/413/4
f 412/412/159 413/413/159 414/414/159
f 414/414/4 413/413/4 415/415/4
f 414/414/17 415/415/17 416/416/17
f 416/416/4 415/415/4 410/410/4
f 416/416/160 410/410/160 409/409/160
f 417/417/6 418/418/6 419/419/6
f 417/417/120 419/419/120 409/409/120
f 420/420/8 417/417/8 409/409/8
f 420/420/161 409/409/161 416/416/161
f 421/421/6 420/420/6 416/416/6
f 421/421/120 416/416/120 422/422/120
f 418/418/162 421/421/162 422/422/162
f 418/418/6 422/422/6 419/419/6
f 423/423/4 424/424/4 425/425/4
f 423/423/17 425/425/17 426/426/17
f 426/426/163 425/425/163 427/427/163
f 426/426/128 427/427/128 428/428/128
f 428/428/4 427/427/4 429/429/4
f 428/428/17 429/429/17 430/430/17
f 430/430/140 429/429/140 424/424/140
f 430/430/12 424/424/12 423/423/12
f 256/256/1 261/261/1 248/248/1
f 256/256/1 248/248/1 246/246/1
f 397/397/2 396/396/2 393/393/2
f 397/397/2 393/393/2 392/392/2
f 261/261/5 399/399/5 245/245/5
f 261/261/5 245/245/5 248/248/5
f 398/398/3 397/397/3 392/392/3
f 398/398/3 392/392/3 394/394/3
f 399/399/2 252/252/2 244/244/2
f 399/399/16 244/244/16 245/245/16
f 400/400/1 398/398/1 394/394/1
f 400/400/15 394/394/15 395/395/15
f 252/252/3 256/256/3 246/246/3
f 252/252/3 246/246/3 244/244/3
f 396/396/5 400/400/5 395/395/5
f 396/396/5 395/395/5 393/393/5
f 409/409/15 412/412/15 404/404/15
f 409/409/15 404/404/15 403/403/15
f 411/411/146 410/410/146 402/402/146
f 411/411/164 402/402/164 401/401/164
f 412/412/5 414/414/5 406/406/5
f 412/412/5 406/406/5 404/404/5
f 413/413/3 411/411/3 401/401/3
f 413/413/3 401/401/3 405/405/3
f 414/414/164 416/416/164 408/408/164
f 414/414/16 408/408/16 406/406/16
f 415/415/165 413/413/165 405/405/165
f 415/415/165 405/405/165 407/407/165
f 416/416/3 409/409/3 403/403/3
f 416/416/3 403/403/3 408/408/3
f 410/410/5 415/415/5 407/407/5
f 410/410/5 407/407/5 402/402/5
f 423/423/166 426/426/166 409/409/166
f 423/423/148 409/409/148 419/419/148
f 425/425/147 424/424/147 418/418/147
f 425/425/2 418/418/2 417/417/2
f 426/426/5 428/428/5 416/416/5
f 426/426/5 416/416/5 409/409/5
f 427/427/3 425/425/3 417/417/3
f 427/427/3 417/417/3 420/420/3
f 428/428/146 430/430/146 422/422/146
f 428/428/16 422/422/16 416/416/16
f 429/429/1 427/427/1 420/420/1
f 429/429/165 420/420/165 421/421/165
f 430/430/3 423/423/3 419/419/3
f 430/430/3 419/419/3 422/422/3
f 424/424/5 429/429/5 421/421/5
f 424/424/5 421/421/5 418/418/5
f 431/431/6 432/432/6 433/433/6
f 431/431/6 433/433/6 434/434/6
f 435/435/4 436/436/4 437/437/4
f 435/435/4 437/437/4 438/438/4
f 435/435/5 438/438/5 434/434/5
f 435/435/5 434/434/5 433/433/5
f 438/438/167 437/437/167 431/431/167
f 438/438/147 431/431/147 434/434/147
f 437/437/3 436/436/3 432/432/3
f 437/437/3 432/432/3 431/431/3
f 436/436/168 435/435/168 433/433/168
f 436/436/169 433/433/169 432/432/169
f 439/439/6 440/440/6 441/441/6
f 439/439/6 441/441/6 442/442/6
f 443/443/4 444/444/4 445/445/4
f 443/443/4 445/445/4 446/446/4
f 443/443/5 446/446/5 442/442/5
f 443/443/5 442/442/5 441/441/5
f 446/446/170 445/445/170 439/439/170
f 446/446/16 439/439/16 442/442/16
f 445/445/3 444/444/3 440/440/3
f 445/445/3 440/440/3 439/439/3
f 444/444/152 443/443/152 441/441/152
f 444/444/169 441/441/169 440/440/169
f 447/447/6 448/448/6 449/449/6
f 447/447/6 449/449/6 450/450/6
f 451/451/6 452/452/6 453/453/6
f 451/451/6 453/453/6 454/454/6
f 451/451/6 454/454/6 455/455/6
f 451/451/6 455/455/6 456/456/6
f 451/451/6 456/456/6 457/457/6
f 451/451/6 457/457/6 449/449/6
f 451/451/6 449/449/6 448/448/6
f 451/451/6 448/448/6 458/458/6
f 451/451/6 458/458/6 459/459/6
f 451/451/6 459/459/6 460/460/6
f 451/451/6 460/460/6 461/461/6
f 451/451/6 461/461/6 462/462/6
f 463/463/9 453/453/9 452/452/9
f 463/463/6 452/452/6 464/464/6
f 464/464/120 465/465/120 466/466/120
f 464/464/120 466/466/120 467/467/120
f 464/464/6 467/467/6 468/468/6
f 464/464/120 468/468/120 469/469/120
f 464/464/120 469/469/120 470/470/120
f 464/464/6 470/470/6 447/447/6
f 464/464/120 447/447/120 450/450/120
f 464/464/120 450/450/120 471/471/120
f 464/464/120 471/471/120 472/472/120
f 464/464/120 472/472/120 473/473/120
f 464/464/120 473/473/120 474/474/120
f 464/464/120 474/474/120 463/463/120
f 462/462/7 466/466/7 465/465/7
f 462/462/6 465/465/6 451/451/6
f 473/473/6 455/455/6 454/454/6
f 473/473/6 454/454/6 474/474/6
f 471/471/6 457/457/6 456/456/6
f 471/471/6 456/456/6 472/472/6
f 460/460/6 468/468/6 467/467/6
f 460/460/6 467/467/6 461/461/6
f 458/458/6 470/470/6 469/469/6
f 458/458/6 469/469/6 459/459/6
f 475/475/4 476/476/4 477/477/4
f 475/475/4 477/477/4 478/478/4
f 479/479/4 480/480/4 481/481/4
f 479/479/4 481/481/4 482/482/4
f 481/481/4 483/483/4 484/484/4
f 481/481/4 484/484/4 485/485/4
f 481/481/4 485/485/4 486/486/4
f 481/481/4 486/486/4 487/487/4
f 481/481/4 487/487/4 476/476/4
f 481/481/4 476/476/4 475/475/4
f 481/481/4 475/475/4 488/488/4
f 481/481/4 488/488/4 489/489/4
f 481/481/4 489/489/4 490/490/4
f 481/481/4 490/490/4 482/482/4
f 480/480/171 479/479/171 491/491/171
f 480/480/4 491/491/4 492/492/4
f 493/493/4 494/494/4 492/492/4
f 493/493/17 492/492/17 495/495/17
f 492/492/4 491/491/4 496/496/4
f 492/492/4 496/496/4 497/497/4
f 492/492/4 497/497/4 498/498/4
f 492/492/4 498/498/4 499/499/4
f 492/492/4 499/499/4 478/478/4
f 492/492/4 478/478/4 477/477/4
f 492/492/4 477/477/4 500/500/4
f 492/492/4 500/500/4 501/501/4
f 492/492/4 501/501/4 502/502/4
f 492/492/4 502/502/4 495/495/4
f 494/494/4 493/493/4 483/483/4
f 494/494/128 483/483/128 481/481/128
f 482/482/4 490/490/4 497/497/4
f 482/482/4 497/497/4 496/496/4
f 489/489/4 488/488/4 499/499/4
f 489/489/4 499/499/4 498/498/4
f 495/495/4 502/502/4 485/485/4
f 495/495/4 485/485/4 484/484/4
f 501/501/4 500/500/4 487/487/4
f 501/501/4 487/487/4 486/486/4
f 475/475/5 478/478/5 450/450/5
f 475/475/5 450/450/5 449/449/5
f 477/477/3 476/476/3 448/448/3
f 477/477/3 448/448/3 447/447/3
f 481/481/152 480/480/152 452/452/152
f 481/481/1 452/452/1 451/451/1
f 479/479/16 482/482/16 454/454/16
f 479/479/146 454/454/146 453/453/146
f 490/490/146 489/489/146 456/456/146
f 490/490/16 456/456/16 455/455/16
f 488/488/16 475/475/16 449/449/16
f 488/488/146 449/449/146 457/457/146
f 476/476/16 487/487/16 458/458/16
f 476/476/16 458/458/16 448/448/16
f 486/486/16 485/485/16 460/460/16
f 486/486/146 460/460/146 459/459/146
f 484/484/16 483/483/16 462/462/16
f 484/484/16 462/462/16 461/461/16
f 480/480/5 492/492/5 464/464/5
f 480/480/5 464/464/5 452/452/5
f 491/491/3 479/479/3 453/453/3
f 491/491/3 453/453/3 463/463/3
f 492/492/153 494/494/153 465/465/153
f 492/492/2 465/465/2 464/464/2
f 493/493/15 495/495/15 467/467/15
f 493/493/172 467/467/172 466/466/172
f 502/502/172 501/501/172 469/469/172
f 502/502/15 469/469/15 468/468/15
f 500/500/15 477/477/15 447/447/15
f 500/500/172 447/447/172 470/470/172
f 478/478/172 499/499/172 471/471/172
f 478/478/15 471/471/15 450/450/15
f 498/498/172 497/497/172 473/473/172
f 498/498/145 473/473/145 472/472/145
f 496/496/172 491/491/172 463/463/172
f 496/496/15 463/463/15 474/474/15
f 494/494/3 481/481/3 451/451/3
f 494/494/3 451/451/3 465/465/3
f 483/483/5 493/493/5 466/466/5
f 483/483/5 466/466/5 462/462/5
f 482/482/5 496/496/5 474/474/5
f 482/482/5 474/474/5 454/454/5
f 497/497/3 490/490/3 455/455/3
f 497/497/3 455/455/3 473/473/3
f 489/489/5 498/498/5 472/472/5
f 489/489/5 472/472/5 456/456/5
f 499/499/3 488/488/3 457/457/3
f 499/499/3 457/457/3 471/471/3
f 495/495/3 484/484/3 461/461/3
f 495/495/3 461/461/3 467/467/3
f 485/485/5 502/502/5 468/468/5
f 485/485/5 468/468/5 460/460/5
f 501/501/3 486/486/3 459/459/3
f 501/501/3 459/459/3 469/469/3
f 487/487/5 500/500/5 470/470/5
f 487/487/5 470/470/5 458/458/5
f 503/503/173 504/504/173 243/243/173
f 503/503/174 243/243/174 242/242/174
f 505/505/139 503/503/139 242/242/139
f 505/505/6 242/242/6 250/250/6
f 506/506/173 505/505/173 250/250/173
f 506/506/174 250/250/174 247/247/174
f 504/504/129 506/506/129 247/247/129
f 504/504/6 247/247/6 243/243/6
f 507/507/17 508/508/17 509/509/17
f 507/507/17 509/509/17 510/510/17
f 510/510/175 509/509/175 511/511/175
f 510/510/176 511/511/176 512/512/176
f 512/512/17 511/511/17 513/513/17
f 512/512/17 513/513/17 514/514/17
f 514/514/177 513/513/177 508/508/177
f 514/514/119 508/508/119 507/507/119
f 507/507/1 510/510/1 242/242/1
f 507/507/1 242/242/1 243/243/1
f 509/509/2 508/508/2 504/504/2
f 509/509/16 504/504/16 503/503/16
f 510/510/5 512/512/5 250/250/5
f 510/510/5 250/250/5 242/242/5
f 511/511/3 509/509/3 503/503/3
f 511/511/3 503/503/3 505/505/3
f 512/512/16 514/514/16 247/247/16
f 512/512/2 247/247/2 250/250/2
f 513/513/1 511/511/1 505/505/1
f 513/513/1 505/505/1 506/506/1
f 514/514/3 507/507/3 243/243/3
f 514/514/3 243/243/3 247/247/3
f 508/508/5 513/513/5 506/506/5
f 508/508/5 506/506/5 504/504/5
f 515/515/6 516/516/6 517/517/6
f 515/515/6 517/517/6 518/518/6
f 519/519/6 520/520/6 521/521/6
f 519/519/6 521/521/6 522/522/6
f 523/523/6 524/524/6 525/525/6
f 523/523/6 525/525/6 526/526/6
f 527/527/6 528/528/6 529/529/6
f 527/527/6 529/529/6 530/530/6
f 531/531/6 532/532/6 533/533/6
f 531/531/6 533/533/6 534/534/6
f 535/535/6 536/536/6 537/537/6
f 535/535/6 537/537/6 538/538/6
f 539/539/4 540/540/4 541/541/4
f 539/539/4 541/541/4 542/542/4
f 543/543/4 544/544/4 545/545/4
f 543/543/4 545/545/4 546/546/4
f 547/547/4 548/548/4 549/549/4
f 547/547/4 549/549/4 550/550/4
f 551/551/4 552/552/4 553/553/4
f 551/551/4 553/553/4 554/554/4
f 555/555/4 556/556/4 557/557/4
f 555/555/4 557/557/4 558/558/4
f 559/559/4 560/560/4 561/561/4
f 559/559/4 561/561/4 562/562/4
f 539/539/5 542/542/5 518/518/5
f 539/539/5 518/518/5 517/517/5
f 542/542/178 541/541/178 515/515/178
f 542/542/178 515/515/178 518/518/178
f 541/541/3 540/540/3 516/516/3
f 541/541/3 516/516/3 515/515/3
f 540/540/179 539/539/179 517/517/179
f 540/540/179 517/517/179 516/516/179
f 543/543/5 546/546/5 522/522/5
f 543/543/5 522/522/5 521/521/5
f 546/546/178 545/545/178 519/519/178
f 546/546/178 519/519/178 522/522/178
f 545/545/3 544/544/3 520/520/3
f 545/545/3 520/520/3 519/519/3
f 544/544/145 543/543/145 521/521/145
f 544/544/179 521/521/179 520/520/179
f 547/547/5 550/550/5 526/526/5
f 547/547/5 526/526/5 525/525/5
f 550/550/178 549/549/178 523/523/178
f 550/550/178 523/523/178 526/526/178
f 549/549/3 548/548/3 524/524/3
f 549/549/3 524/524/3 523/523/3
f 548/548/179 547/547/179 525/525/179
f 548/548/179 525/525/179 524/524/179
f 551/551/3 554/554/3 530/530/3
f 551/551/3 530/530/3 529/529/3
f 554/554/179 553/553/179 527/527/179
f 554/554/179 527/527/179 530/530/179
f 553/553/5 552/552/5 528/528/5
f 553/553/5 528/528/5 527/527/5
f 552/552/178 551/551/178 529/529/178
f 552/552/178 529/529/178 528/528/178
f 555/555/3 558/558/3 534/534/3
f 555/555/3 534/534/3 533/533/3
f 558/558/145 557/557/145 531/531/145
f 558/558/179 531/531/179 534/534/179
f 557/557/5 556/556/5 532/532/5
f 557/557/5 532/532/5 531/531/5
f 556/556/178 555/555/178 533/533/178
f 556/556/178 533/533/178 532/532/178
f 559/559/3 562/562/3 538/538/3
f 559/559/3 538/538/3 537/537/3
f 562/562/179 561/561/179 535/535/179
f 562/562/179 535/535/179 538/538/179
f 561/561/5 560/560/5 536/536/5
f 561/561/5 536/536/5 535/535/5
f 560/560/178 559/559/178 537/537/178
f 560/560/178 537/537/178 536/536/178
f 563/563/120 564/564/120 565/565/120
f 563/563/180 565/565/180 566/566/180
f 564/564/120 567/567/120 568/568/120
f 564/564/120 568/568/120 565/565/120
f 567/567/181 569/569/181 570/570/181
f 567/567/180 570/570/180 568/568/180
f 569/569/120 563/563/120 566/566/120
f 569/569/6 566/566/6 570/570/6
f 566/566/5 565/565/5 571/571/5
f 566/566/5 571/571/5 572/572/5
f 565/565/146 568/568/146 573/573/146
f 565/565/16 573/573/16 571/571/16
f 568/568/3 570/570/3 574/574/3
f 568/568/3 574/574/3 573/573/3
f 566/566/165 572/572/165 574/574/165
f 566/566/166 574/574/166 570/570/166
f 575/575/182 576/576/182 577/577/182
f 575/575/148 577/577/148 578/578/148
f 571/571/6 573/573/6 576/576/6
f 571/571/6 576/576/6 575/575/6
f 573/573/3 574/574/3 577/577/3
f 573/573/3 577/577/3 576/576/3
f 574/574/4 572/572/4 578/578/4
f 574/574/4 578/578/4 577/577/4
f 572/572/5 571/571/5 575/575/5
f 572/572/5 575/575/5 578/578/5
f 579/579/183 580/580/183 581/581/183
f 579/579/184 581/581/184 582/582/184
f 582/582/17 581/581/17 583/583/17
f 582/582/17 583/583/17 584/584/17
f 584/584/185 583/583/185 585/585/185
f 584/584/184 585/585/184 586/586/184
f 586/586/4 585/585/4 580/580/4
f 586/586/17 580/580/17 579/579/17
f 580/580/5 587/587/5 588/588/5
f 580/580/5 588/588/5 581/581/5
f 581/581/2 588/588/2 589/589/2
f 581/581/186 589/589/186 583/583/186
f 583/583/3 589/589/3 590/590/3
f 583/583/3 590/590/3 585/585/3
f 580/580/15 585/585/15 590/590/15
f 580/580/15 590/590/15 587/587/15
f 591/591/148 592/592/148 593/593/148
f 591/591/148 593/593/148 594/594/148
f 588/588/4 591/591/4 594/594/4
f 588/588/4 594/594/4 589/589/4
f 589/589/3 594/594/3 593/593/3
f 589/589/3 593/593/3 590/590/3
f 590/590/120 593/593/120 592/592/120
f 590/590/120 592/592/120 587/587/120
f 587/587/5 592/592/5 591/591/5
f 587/587/5 591/591/5 588/588/5
f 582/582/5 564/564/5 563/563/5
f 582/582/5 563/563/5 579/579/5
f 584/584/2 567/567/2 564/564/2
f 584/584/2 564/564/2 582/582/2
f 586/586/3 569/569/3 567/567/3
f 586/586/3 567/567/3 584/584/3
f 579/579/148 563/563/148 569/569/148
f 579/579/148 569/569/148 586/586/148
f 595/595/15 596/596/15 597/597/15
f 595/595/1 597/597/1 598/598/1
f 599/599/1 600/600/1 601/601/1
f 599/599/169 601/601/169 602/602/169
f 599/599/15 602/602/15 603/603/15
f 599/599/187 603/603/187 604/604/187
f 599/599/169 604/604/169 605/605/169
f 599/599/169 605/605/169 597/597/169
f 599/599/148 597/597/148 596/596/148
f 599/599/165 596/596/165 606/606/165
f 599/599/188 606/606/188 607/607/188
f 599/599/172 607/607/172 608/608/172
f 599/599/15 608/608/15 609/609/15
f 599/599/1 609/609/1 610/610/1
f 611/611/1 601/601/1 600/600/1
f 611/611/1 600/600/1 612/612/1
f 612/612/1 613/613/1 614/614/1
f 612/612/15 614/614/15 615/615/15
f 612/612/148 615/615/148 616/616/148
f 612/612/1 616/616/1 617/617/1
f 612/612/15 617/617/15 618/618/15
f 612/612/15 618/618/15 595/595/15
f 612/612/15 595/595/15 598/598/15
f 612/612/15 598/598/15 619/619/15
f 612/612/148 619/619/148 620/620/148
f 612/612/15 620/620/15 621/621/15
f 612/612/148 621/621/148 622/622/148
f 612/612/15 622/622/15 611/611/15
f 610/610/15 614/614/15 613/613/15
f 610/610/1 613/613/1 599/599/1
f 621/621/1 603/603/1 602/602/1
f 621/621/1 602/602/1 622/622/1
f 619/619/15 605/605/15 604/604/15
f 619/619/1 604/604/1 620/620/1
f 608/608/1 616/616/1 615/615/1
f 608/608/1 615/615/1 609/609/1
f 606/606/1 618/618/1 617/617/1
f 606/606/1 617/617/1 607/607/1
f 623/623/2 624/624/2 625/625/2
f 623/623/2 625/625/2 626/626/2
f 627/627/16 628/628/16 629/629/16
f 627/627/186 629/629/186 630/630/186
f 629/629/2 631/631/2 632/632/2
f 629/629/16 632/632/16 633/633/16
f 629/629/146 633/633/146 634/634/146
f 629/629/153 634/634/153 635/635/153
f 629/629/146 635/635/146 624/624/146
f 629/629/146 624/624/146 623/623/146
f 629/629/16 623/623/16 636/636/16
f 629/629/189 636/636/189 637/637/189
f 629/629/190 637/637/190 638/638/190
f 629/629/186 638/638/186 630/630/186
f 628/628/2 627/627/2 639/639/2
f 628/628/16 639/639/16 640/640/16
f 641/641/146 642/642/146 640/640/146
f 641/641/153 640/640/153 643/643/153
f 640/640/16 639/639/16 644/644/16
f 640/640/16 644/644/16 645/645/16
f 640/640/16 645/645/16 646/646/16
f 640/640/146 646/646/146 647/647/146
f 640/640/16 647/647/16 626/626/16
f 640/640/16 626/626/16 625/625/16
f 640/640/16 625/625/16 648/648/16
f 640/640/149 648/648/149 649/649/149
f 640/640/146 649/649/146 650/650/146
f 640/640/147 650/650/147 643/643/147
f 642/642/191 641/641/191 631/631/191
f 642/642/2 631/631/2 629/629/2
f 630/630/16 638/638/16 645/645/16
f 630/630/2 645/645/2 644/644/2
f 637/637/2 636/636/2 647/647/2
f 637/637/2 647/647/2 646/646/2
f 643/643/2 650/650/2 633/633/2
f 643/643/16 633/633/16 632/632/16
f 649/649/2 648/648/2 635/635/2
f 649/649/16 635/635/16 634/634/16
f 623/623/5 626/626/5 598/598/5
f 623/623/5 598/598/5 597/597/5
f 625/625/3 624/624/3 596/596/3
f 625/625/3 596/596/3 595/595/3
f 629/629/17 628/628/17 600/600/17
f 629/629/17 600/600/17 599/599/17
f 627/627/120 630/630/120 602/602/120
f 627/627/120 602/602/120 601/601/120
f 638/638/120 637/637/120 604/604/120
f 638/638/120 604/604/120 603/603/120
f 636/636/120 623/623/120 597/597/120
f 636/636/120 597/597/120 605/605/120
f 624/624/120 635/635/120 606/606/120
f 624/624/120 606/606/120 596/596/120
f 634/634/120 633/633/120 608/608/120
f 634/634/120 608/608/120 607/607/120
f 632/632/120 631/631/120 610/610/120
f 632/632/120 610/610/120 609/609/120
f 628/628/5 640/640/5 612/612/5
f 628/628/5 612/612/5 600/600/5
f 639/639/3 627/627/3 601/601/3
f 639/639/3 601/601/3 611/611/3
f 640/640/120 642/642/120 613/613/120
f 640/640/120 613/613/120 612/612/120
f 641/641/17 643/643/17 615/615/17
f 641/641/17 615/615/17 614/614/17
f 650/650/17 649/649/17 617/617/17
f 650/650/17 617/617/17 616/616/17
f 648/648/17 625/625/17 595/595/17
f 648/648/17 595/595/17 618/618/17
f 626/626/17 647/647/17 619/619/17
f 626/626/17 619/619/17 598/598/17
f 646/646/17 645/645/17 621/621/17
f 646/646/17 621/621/17 620/620/17
f 644/644/17 639/639/17 611/611/17
f 644/644/17 611/611/17 622/622/17
f 642/642/3 629/629/3 599/599/3
f 642/642/3 599/599/3 613/613/3
f 631/631/5 641/641/5 614/614/5
f 631/631/5 614/614/5 610/610/5
f 630/630/5 644/644/5 622/622/5
f 630/630/5 622/622/5 602/602/5
f 645/645/3 638/638/3 603/603/3
f 645/645/3 603/603/3 621/621/3
f 637/637/5 646/646/5 620/620/5
f 637/637/5 620/620/5 604/604/5
f 647/647/3 636/636/3 605/605/3
f 647/647/3 605/605/3 619/619/3
f 643/643/3 632/632/3 609/609/3
f 643/643/3 609/609/3 615/615/3
f 633/633/5 650/650/5 616/616/5
f 633/633/5 616/616/5 608/608/5
f 649/649/3 634/634/3 607/607/3
f 649/649/3 607/607/3 617/617/3
f 635/635/5 648/648/5 618/618/5
f 635/635/5 618/618/5 606/606/5
f 651/651/148 652/652/148 653/653/148
f 651/651/192 653/653/192 654/654/192
f 655/655/1 651/651/1 654/654/1
f 655/655/1 654/654/1 656/656/1
f 657/657/15 655/655/15 656/656/15
f 657/657/145 656/656/145 658/658/145
f 652/652/1 657/657/1 658/658/1
f 652/652/1 658/658/1 653/653/1
f 659/659/16 660/660/16 661/661/16
f 659/659/147 661/661/147 662/662/147
f 662/662/2 661/661/2 663/663/2
f 662/662/193 663/663/193 664/664/193
f 664/664/2 663/663/2 665/665/2
f 664/664/147 665/665/147 666/666/147
f 666/666/2 665/665/2 660/660/2
f 666/666/2 660/660/2 659/659/2
f 659/659/4 662/662/4 654/654/4
f 659/659/4 654/654/4 653/653/4
f 661/661/120 660/660/120 652/652/120
f 661/661/6 652/652/6 651/651/6
f 662/662/5 664/664/5 656/656/5
f 662/662/5 656/656/5 654/654/5
f 663/663/3 661/661/3 651/651/3
f 663/663/3 651/651/3 655/655/3
f 664/664/6 666/666/6 658/658/6
f 664/664/6 658/658/6 656/656/6
f 665/665/4 663/663/4 655/655/4
f 665/665/4 655/655/4 657/657/4
f 666/666/3 659/659/3 653/653/3
f 666/666/3 653/653/3 658/658/3
f 660/660/5 665/665/5 657/657/5
f 660/660/5 657/657/5 652/652/5
f 667/667/1 668/668/1 669/669/1
f 667/667/1 669/669/1 670/670/1
f 671/671/1 672/672/1 673/673/1
f 671/671/1 673/673/1 674/674/1
f 675/675/1 676/676/1 677/677/1
f 675/675/1 677/677/1 678/678/1
f 679/679/1 680/680/1 681/681/1
f 679/679/1 681/681/1 682/682/1
f 683/683/1 684/684/1 685/685/1
f 683/683/1 685/685/1 686/686/1
f 687/687/1 688/688/1 689/689/1
f 687/687/1 689/689/1 690/690/1
f 691/691/2 692/692/2 693/693/2
f 691/691/2 693/693/2 694/694/2
f 695/695/2 696/696/2 697/697/2
f 695/695/2 697/697/2 698/698/2
f 699/699/2 700/700/2 701/701/2
f 699/699/2 701/701/2 702/702/2
f 703/703/2 704/704/2 705/705/2
f 703/703/2 705/705/2 706/706/2
f 707/707/2 708/708/2 709/709/2
f 707/707/2 709/709/2 710/710/2
f 711/711/2 712/712/2 713/713/2
f 711/711/2 713/713/2 714/714/2
f 691/691/5 694/694/5 670/670/5
f 691/691/5 670/670/5 669/669/5
f 694/694/194 693/693/194 667/667/194
f 694/694/195 667/667/195 670/670/195
f 693/693/3 692/692/3 668/668/3
f 693/693/3 668/668/3 667/667/3
f 692/692/141 691/691/141 669/669/141
f 692/692/196 669/669/196 668/668/196
f 695/695/5 698/698/5 674/674/5
f 695/695/5 674/674/5 673/673/5
f 698/698/194 697/697/194 671/671/194
f 698/698/195 671/671/195 674/674/195
f 697/697/3 696/696/3 672/672/3
f 697/697/3 672/672/3 671/671/3
f 696/696/197 695/695/197 673/673/197
f 696/696/196 673/673/196 672/672/196
f 699/699/5 702/702/5 678/678/5
f 699/699/5 678/678/5 677/677/5
f 702/702/194 701/701/194 675/675/194
f 702/702/195 675/675/195 678/678/195
f 701/701/3 700/700/3 676/676/3
f 701/701/3 676/676/3 675/675/3
f 700/700/141 699/699/141 677/677/141
f 700/700/196 677/677/196 676/676/196
f 703/703/3 706/706/3 682/682/3
f 703/703/3 682/682/3 681/681/3
f 706/706/141 705/705/141 679/679/141
f 706/706/196 679/679/196 682/682/196
f 705/705/5 704/704/5 680/680/5
f 705/705/5 680/680/5 679/679/5
f 704/704/194 703/703/194 681/681/194
f 704/704/195 681/681/195 680/680/195
f 707/707/3 710/710/3 686/686/3
f 707/707/3 686/686/3 685/685/3
f 710/710/197 709/709/197 683/683/197
f 710/710/196 683/683/196 686/686/196
f 709/709/5 708/708/5 684/684/5
f 709/709/5 684/684/5 683/683/5
f 708/708/194 707/707/194 685/685/194
f 708/708/195 685/685/195 684/684/195
f 711/711/3 714/714/3 690/690/3
f 711/711/3 690/690/3 689/689/3
f 714/714/141 713/713/141 687/687/141
f 714/714/196 687/687/196 690/690/196
f 713/713/5 712/712/5 688/688/5
f 713/713/5 688/688/5 687/687/5
f 712/712/194 711/711/194 689/689/194
f 712/712/195 689/689/195 688/688/195
f 715/715/198 716/716/198 717/717/198
f 715/715/199 717/717/199 718/718/199
f 716/716/165 719/719/165 720/720/165
f 716/716/200 720/720/200 717/717/200
f 719/719/201 721/721/201 722/722/201
f 719/719/202 722/722/202 720/720/202
f 721/721/15 715/715/15 718/718/15
f 721/721/15 718/718/15 722/722/15
f 718/718/5 717/717/5 723/723/5
f 718/718/5 723/723/5 724/724/5
f 717/717/120 720/720/120 725/725/120
f 717/717/120 725/725/120 723/723/120
f 720/720/3 722/722/3 726/726/3
f 720/720/3 726/726/3 725/725/3
f 718/718/17 724/724/17 726/726/17
f 718/718/4 726/726/4 722/722/4
f 727/727/197 728/728/197 729/729/197
f 727/727/141 729/729/141 730/730/141
f 723/723/15 725/725/15 728/728/15
f 723/723/1 728/728/1 727/727/1
f 725/725/3 726/726/3 729/729/3
f 725/725/3 729/729/3 728/728/3
f 726/726/16 724/724/16 730/730/16
f 726/726/2 730/730/2 729/729/2
f 724/724/5 723/723/5 727/727/5
f 724/724/5 727/727/5 730/730/5
f 731/731/203 732/732/203 733/733/203
f 731/731/204 733/733/204 734/734/204
f 734/734/186 733/733/186 735/735/186
f 734/734/16 735/735/16 736/736/16
f 736/736/186 735/735/186 737/737/186
f 736/736/19 737/737/19 738/738/19
f 738/738/2 737/737/2 732/732/2
f 738/738/16 732/732/16 731/731/16
f 732/732/5 739/739/5 740/740/5
f 732/732/5 740/740/5 733/733/5
f 733/733/6 740/740/6 741/741/6
f 733/733/6 741/741/6 735/735/6
f 735/735/3 741/741/3 742/742/3
f 735/735/3 742/742/3 737/737/3
f 732/732/205 737/737/205 742/742/205
f 732/732/206 742/742/206 739/739/206
f 743/743/197 744/744/197 745/745/197
f 743/743/197 745/745/197 746/746/197
f 740/740/2 743/743/2 746/746/2
f 740/740/2 746/746/2 741/741/2
f 741/741/3 746/746/3 745/745/3
f 741/741/3 745/745/3 742/742/3
f 742/742/1 745/745/1 744/744/1
f 742/742/15 744/744/15 739/739/15
f 739/739/5 744/744/5 743/743/5
f 739/739/5 743/743/5 740/740/5
f 734/734/5 716/716/5 715/715/5
f 734/734/5 715/715/5 731/731/5
f 736/736/174 719/719/174 716/716/174
f 736/736/173 716/716/173 734/734/173
f 738/738/3 721/721/3 719/719/3
f 738/738/3 719/719/3 736/736/3
f 731/731/17 715/715/17 721/721/17
f 731/731/17 721/721/17 738/738/17
f 747/747/148 748/748/148 749/749/148
f 747/747/1 749/749/1 750/750/1
f 751/751/207 747/747/207 750/750/207
f 751/751/1 750/750/1 752/752/1
f 753/753/15 751/751/15 752/752/15
f 753/753/192 752/752/192 754/754/192
f 748/748/208 753/753/208 754/754/208
f 748/748/209 754/754/209 749/749/209
f 302/302/2 755/755/2 756/756/2
f 302/302/16 756/756/16 301/301/16
f 301/301/2 756/756/2 757/757/2
f 301/301/193 757/757/193 297/297/193
f 297/297/147 757/757/147 758/758/147
f 297/297/164 758/758/164 298/298/164
f 298/298/2 758/758/2 755/755/2
f 298/298/19 755/755/19 302/302/19
f 759/759/145 760/760/145 761/761/145
f 759/759/152 761/761/152 762/762/152
f 763/763/207 759/759/207 762/762/207
f 763/763/209 762/762/209 764/764/209
f 765/765/188 763/763/188 764/764/188
f 765/765/152 764/764/152 766/766/152
f 760/760/210 765/765/210 766/766/210
f 760/760/208 766/766/208 761/761/208
f 767/767/178 768/768/178 769/769/178
f 767/767/164 769/769/164 770/770/164
f 770/770/211 769/769/211 771/771/211
f 770/770/2 771/771/2 772/772/2
f 772/772/146 771/771/146 773/773/146
f 772/772/16 773/773/16 774/774/16
f 774/774/2 773/773/2 768/768/2
f 774/774/212 768/768/212 767/767/212
f 775/775/15 776/776/15 777/777/15
f 775/775/1 777/777/1 767/767/1
f 778/778/210 775/775/210 767/767/210
f 778/778/1 767/767/1 774/774/1
f 779/779/1 778/778/1 774/774/1
f 779/779/148 774/774/148 780/780/148
f 776/776/1 779/779/1 780/780/1
f 776/776/209 780/780/209 777/777/209
f 781/781/147 782/782/147 783/783/147
f 781/781/16 783/783/16 784/784/16
f 784/784/211 783/783/211 785/785/211
f 784/784/19 785/785/19 786/786/19
f 786/786/147 785/785/147 787/787/147
f 786/786/16 787/787/16 788/788/16
f 788/788/212 787/787/212 782/782/212
f 788/788/19 782/782/19 781/781/19
f 302/302/4 301/301/4 750/750/4
f 302/302/4 750/750/4 749/749/4
f 756/756/120 755/755/120 748/748/120
f 756/756/120 748/748/120 747/747/120
f 301/301/5 297/297/5 752/752/5
f 301/301/5 752/752/5 750/750/5
f 757/757/3 756/756/3 747/747/3
f 757/757/3 747/747/3 751/751/3
f 297/297/6 298/298/6 754/754/6
f 297/297/6 754/754/6 752/752/6
f 758/758/4 757/757/4 751/751/4
f 758/758/4 751/751/4 753/753/4
f 298/298/3 302/302/3 749/749/3
f 298/298/3 749/749/3 754/754/3
f 755/755/5 758/758/5 753/753/5
f 755/755/5 753/753/5 748/748/5
f 767/767/17 770/770/17 762/762/17
f 767/767/4 762/762/4 761/761/4
f 769/769/213 768/768/213 760/760/213
f 769/769/213 760/760/213 759/759/213
f 770/770/5 772/772/5 764/764/5
f 770/770/5 764/764/5 762/762/5
f 771/771/3 769/769/3 759/759/3
f 771/771/3 759/759/3 763/763/3
f 772/772/120 774/774/120 766/766/120
f 772/772/6 766/766/6 764/764/6
f 773/773/17 771/771/17 763/763/17
f 773/773/17 763/763/17 765/765/17
f 774/774/3 767/767/3 761/761/3
f 774/774/3 761/761/3 766/766/3
f 768/768/5 773/773/5 765/765/5
f 768/768/5 765/765/5 760/760/5
f 781/781/141 784/784/141 767/767/141
f 781/781/143 767/767/143 777/777/143
f 783/783/120 782/782/120 776/776/120
f 783/783/120 776/776/120 775/775/120
f 784/784/5 786/786/5 774/774/5
f 784/784/5 774/774/5 767/767/5
f 785/785/3 783/783/3 775/775/3
f 785/785/3 775/775/3 778/778/3
f 786/786/120 788/788/120 780/780/120
f 786/786/120 780/780/120 774/774/120
f 787/787/17 785/785/17 778/778/17
f 787/787/17 778/778/17 779/779/17
f 788/788/3 781/781/3 777/777/3
f 788/788/3 777/777/3 780/780/3
f 782/782/5 787/787/5 779/779/5
f 782/782/5 779/779/5 776/776/5
f 789/789/1 790/790/1 791/791/1
f 789/789/1 791/791/1 792/792/1
f 793/793/2 794/794/2 795/795/2
f 793/793/2 795/795/2 796/796/2
f 793/793/5 796/796/5 792/792/5
f 793/793/5 792/792/5 791/791/5
f 796/796/142 795/795/142 789/789/142
f 796/796/213 789/789/213 792/792/213
f 795/795/3 794/794/3 790/790/3
f 795/795/3 790/790/3 789/789/3
f 794/794/143 793/793/143 791/791/143
f 794/794/141 791/791/141 790/790/141
f 797/797/1 798/798/1 799/799/1
f 797/797/1 799/799/1 800/800/1
f 801/801/2 802/802/2 803/803/2
f 801/801/2 803/803/2 804/804/2
f 801/801/5 804/804/5 800/800/5
f 801/801/5 800/800/5 799/799/5
f 804/804/142 803/803/142 797/797/142
f 804/804/142 797/797/142 800/800/142
f 803/803/3 802/802/3 798/798/3
f 803/803/3 798/798/3 797/797/3
f 802/802/197 801/801/197 799/799/197
f 802/802/141 799/799/141 798/798/141
f 805/805/162 806/806/162 807/807/162
f 805/805/6 807/807/6 808/808/6
f 809/809/213 805/805/213 808/808/213
f 809/809/142 808/808/142 317/317/142
f 810/810/214 809/809/214 317/317/214
f 810/810/215 317/317/215 313/313/215
f 806/806/216 810/810/216 313/313/216
f 806/806/216 313/313/216 807/807/216
f 811/811/217 812/812/217 813/813/217
f 811/811/128 813/813/128 814/814/128
f 814/814/141 813/813/141 815/815/141
f 814/814/143 815/815/143 309/309/143
f 309/309/218 815/815/218 816/816/218
f 309/309/11 816/816/11 307/307/11
f 307/307/219 816/816/219 812/812/219
f 307/307/219 812/812/219 811/811/219
f 817/817/220 818/818/220 819/819/220
f 817/817/221 819/819/221 820/820/221
f 821/821/213 817/817/213 820/820/213
f 821/821/213 820/820/213 822/822/213
f 823/823/222 821/821/222 822/822/222
f 823/823/223 822/822/223 824/824/223
f 818/818/213 823/823/213 824/824/213
f 818/818/142 824/824/142 819/819/142
f 825/825/224 826/826/224 827/827/224
f 825/825/136 827/827/136 828/828/136
f 828/828/141 827/827/141 829/829/141
f 828/828/141 829/829/141 830/830/141
f 830/830/159 829/829/159 831/831/159
f 830/830/157 831/831/157 832/832/157
f 832/832/141 831/831/141 826/826/141
f 832/832/141 826/826/141 825/825/141
f 833/833/134 834/834/134 835/835/134
f 833/833/225 835/835/225 825/825/225
f 836/836/216 833/833/216 825/825/216
f 836/836/216 825/825/216 832/832/216
f 837/837/156 836/836/156 832/832/156
f 837/837/225 832/832/225 838/838/225
f 834/834/216 837/837/216 838/838/216
f 834/834/216 838/838/216 835/835/216
f 839/839/4 840/840/4 841/841/4
f 839/839/157 841/841/157 842/842/157
f 842/842/219 841/841/219 843/843/219
f 842/842/141 843/843/141 844/844/141
f 844/844/226 843/843/226 845/845/226
f 844/844/227 845/845/227 846/846/227
f 846/846/141 845/845/141 840/840/141
f 846/846/141 840/840/141 839/839/141
f 811/811/5 814/814/5 808/808/5
f 811/811/5 808/808/5 807/807/5
f 813/813/3 812/812/3 806/806/3
f 813/813/3 806/806/3 805/805/3
f 814/814/16 309/309/16 317/317/16
f 814/814/2 317/317/2 808/808/2
f 815/815/1 813/813/1 805/805/1
f 815/815/1 805/805/1 809/809/1
f 309/309/3 307/307/3 313/313/3
f 309/309/3 313/313/3 317/317/3
f 816/816/5 815/815/5 809/809/5
f 816/816/5 809/809/5 810/810/5
f 307/307/1 811/811/1 807/807/1
f 307/307/15 807/807/15 313/313/15
f 812/812/2 816/816/2 810/810/2
f 812/812/2 810/810/2 806/806/2
f 825/825/5 828/828/5 820/820/5
f 825/825/5 820/820/5 819/819/5
f 827/827/3 826/826/3 818/818/3
f 827/827/3 818/818/3 817/817/3
f 828/828/147 830/830/147 822/822/147
f 828/828/178 822/822/178 820/820/178
f 829/829/148 827/827/148 817/817/148
f 829/829/15 817/817/15 821/821/15
f 830/830/3 832/832/3 824/824/3
f 830/830/3 824/824/3 822/822/3
f 831/831/5 829/829/5 821/821/5
f 831/831/5 821/821/5 823/823/5
f 832/832/1 825/825/1 819/819/1
f 832/832/1 819/819/1 824/824/1
f 826/826/146 831/831/146 823/823/146
f 826/826/146 823/823/146 818/818/146
f 839/839/5 842/842/5 825/825/5
f 839/839/5 825/825/5 835/835/5
f 841/841/3 840/840/3 834/834/3
f 841/841/3 834/834/3 833/833/3
f 842/842/2 844/844/2 832/832/2
f 842/842/147 832/832/147 825/825/147
f 843/843/15 841/841/15 833/833/15
f 843/843/145 833/833/145 836/836/145
f 844/844/3 846/846/3 838/838/3
f 844/844/3 838/838/3 832/832/3
f 845/845/5 843/843/5 836/836/5
f 845/845/5 836/836/5 837/837/5
f 846/846/148 839/839/148 835/835/148
f 846/846/15 835/835/15 838/838/15
f 840/840/16 845/845/16 837/837/16
f 840/840/16 837/837/16 834/834/16
f 847/847/120 848/848/120 849/849/120
f 847/847/6 849/849/6 850/850/6
f 851/851/4 852/852/4 853/853/4
f 851/851/4 853/853/4 854/854/4
f 851/851/228 854/854/228 850/850/228
f 851/851/229 850/850/229 849/849/229
f 854/854/3 853/853/3 847/847/3
f 854/854/3 847/847/3 850/850/3
f 853/853/230 852/852/230 848/848/230
f 853/853/230 848/848/230 847/847/230
f 852/852/5 851/851/5 849/849/5
f 852/852/5 849/849/5 848/848/5
f 855/855/6 856/856/6 857/857/6
f 855/855/6 857/857/6 858/858/6
f 859/859/17 860/860/17 861/861/17
f 859/859/17 861/861/17 862/862/17
f 859/859/164 862/862/164 858/858/164
f 859/859/231 858/858/231 857/857/231
f 862/862/3 861/861/3 855/855/3
f 862/862/3 855/855/3 858/858/3
f 861/861/1 860/860/1 856/856/1
f 861/861/232 856/856/232 855/855/232
f 860/860/5 859/859/5 857/857/5
f 860/860/5 857/857/5 856/856/5
f 863/863/7 864/864/7 865/865/7
f 863/863/6 865/865/6 866/866/6
f 867/867/142 863/863/142 866/866/142
f 867/867/213 866/866/213 314/314/213
f 868/868/233 867/867/233 314/314/233
f 868/868/234 314/314/234 318/318/234
f 864/864/216 868/868/216 318/318/216
f 864/864/216 318/318/216 865/865/216
f 869/869/217 870/870/217 871/871/217
f 869/869/138 871/871/138 872/872/138
f 872/872/141 871/871/141 873/873/141
f 872/872/141 873/873/141 306/306/141
f 306/306/235 873/873/235 874/874/235
f 306/306/4 874/874/4 310/310/4
f 310/310/219 874/874/219 870/870/219
f 310/310/219 870/870/219 869/869/219
f 875/875/7 876/876/7 877/877/7
f 875/875/6 877/877/6 878/878/6
f 879/879/120 875/875/120 878/878/120
f 879/879/120 878/878/120 880/880/120
f 881/881/129 879/879/129 880/880/129
f 881/881/6 880/880/6 882/882/6
f 876/876/120 881/881/120 882/882/120
f 876/876/120 882/882/120 877/877/120
f 883/883/4 884/884/4 885/885/4
f 883/883/13 885/885/13 886/886/13
f 886/886/17 885/885/17 887/887/17
f 886/886/17 887/887/17 888/888/17
f 888/888/236 887/887/236 889/889/236
f 888/888/128 889/889/128 890/890/128
f 890/890/17 889/889/17 884/884/17
f 890/890/17 884/884/17 883/883/17
f 891/891/237 892/892/237 886/886/237
f 891/891/238 886/886/238 893/893/238
f 894/894/121 891/891/121 893/893/121
f 894/894/121 893/893/121 895/895/121
f 896/896/239 894/894/239 895/895/239
f 896/896/240 895/895/240 888/888/240
f 892/892/121 896/896/121 888/888/121
f 892/892/121 888/888/121 886/886/121
f 897/897/127 898/898/127 899/899/127
f 897/897/144 899/899/144 900/900/144
f 900/900/123 899/899/123 901/901/123
f 900/900/123 901/901/123 902/902/123
f 902/902/4 901/901/4 903/903/4
f 902/902/127 903/903/127 904/904/127
f 904/904/17 903/903/17 898/898/17
f 904/904/17 898/898/17 897/897/17
f 905/905/8 906/906/8 900/900/8
f 905/905/6 900/900/6 907/907/6
f 908/908/120 905/905/120 907/907/120
f 908/908/120 907/907/120 909/909/120
f 910/910/9 908/908/9 909/909/9
f 910/910/238 909/909/238 902/902/238
f 906/906/120 910/910/120 902/902/120
f 906/906/120 902/902/120 900/900/120
f 911/911/127 912/912/127 913/913/127
f 911/911/144 913/913/144 914/914/144
f 914/914/17 913/913/17 915/915/17
f 914/914/17 915/915/17 916/916/17
f 916/916/127 915/915/127 917/917/127
f 916/916/236 917/917/236 918/918/236
f 918/918/123 917/917/123 912/912/123
f 918/918/4 912/912/4 911/911/4
f 869/869/5 872/872/5 866/866/5
f 869/869/5 866/866/5 865/865/5
f 871/871/3 870/870/3 864/864/3
f 871/871/3 864/864/3 863/863/3
f 872/872/2 306/306/2 314/314/2
f 872/872/2 314/314/2 866/866/2
f 873/873/1 871/871/1 863/863/1
f 873/873/1 863/863/1 867/867/1
f 306/306/3 310/310/3 318/318/3
f 306/306/3 318/318/3 314/314/3
f 874/874/5 873/873/5 867/867/5
f 874/874/5 867/867/5 868/868/5
f 310/310/15 869/869/15 865/865/15
f 310/310/1 865/865/1 318/318/1
f 870/870/16 874/874/16 868/868/16
f 870/870/2 868/868/2 864/864/2
f 883/883/5 886/886/5 878/878/5
f 883/883/5 878/878/5 877/877/5
f 885/885/3 884/884/3 876/876/3
f 885/885/3 876/876/3 875/875/3
f 886/886/153 888/888/153 880/880/153
f 886/886/2 880/880/2 878/878/2
f 887/887/148 885/885/148 875/875/148
f 887/887/230 875/875/230 879/879/230
f 888/888/3 890/890/3 882/882/3
f 888/888/3 882/882/3 880/880/3
f 889/889/5 887/887/5 879/879/5
f 889/889/5 879/879/5 881/881/5
f 890/890/150 883/883/150 877/877/150
f 890/890/192 877/877/192 882/882/192
f 884/884/164 889/889/164 881/881/164
f 884/884/153 881/881/153 876/876/153
f 897/897/5 900/900/5 893/893/5
f 897/897/5 893/893/5 886/886/5
f 899/899/3 898/898/3 892/892/3
f 899/899/3 892/892/3 891/891/3
f 900/900/231 902/902/231 895/895/231
f 900/900/186 895/895/186 893/893/186
f 901/901/148 899/899/148 891/891/148
f 901/901/152 891/891/152 894/894/152
f 902/902/3 904/904/3 888/888/3
f 902/902/3 888/888/3 895/895/3
f 903/903/5 901/901/5 894/894/5
f 903/903/5 894/894/5 896/896/5
f 904/904/152 897/897/152 886/886/152
f 904/904/150 886/886/150 888/888/150
f 898/898/178 903/903/178 896/896/178
f 898/898/147 896/896/147 892/892/147
f 911/911/5 914/914/5 907/907/5
f 911/911/5 907/907/5 900/900/5
f 913/913/3 912/912/3 906/906/3
f 913/913/3 906/906/3 905/905/3
f 914/914/153 916/916/153 909/909/153
f 914/914/2 909/909/2 907/907/2
f 915/915/230 913/913/230 905/905/230
f 915/915/192 905/905/192 908/908/192
f 916/916/3 918/918/3 902/902/3
f 916/916/3 902/902/3 909/909/3
f 917/917/5 915/915/5 908/908/5
f 917/917/5 908/908/5 910/910/5
f 918/918/192 911/911/192 900/900/192
f 918/918/230 900/900/230 902/902/230
f 912/912/153 917/917/153 910/910/153
f 912/912/146 910/910/146 906/906/146
f 919/919/6 920/920/6 921/921/6
f 919/919/6 921/921/6 922/922/6
f 923/923/4 924/924/4 925/925/4
f 923/923/4 925/925/4 926/926/4
f 923/923/190 926/926/190 922/922/190
f 923/923/241 922/922/241 921/921/241
f 926/926/3 925/925/3 919/919/3
f 926/926/3 919/919/3 922/922/3
f 925/925/182 924/924/182 920/920/182
f 925/925/182 920/920/182 919/919/182
f 924/924/5 923/923/5 921/921/5
f 924/924/5 921/921/5 920/920/5
f 927/927/120 928/928/120 929/929/120
f 927/927/120 929/929/120 930/930/120
f 931/931/4 932/932/4 933/933/4
f 931/931/4 933/933/4 934/934/4
f 931/931/242 934/934/242 930/930/242
f 931/931/243 930/930/243 929/929/243
f 934/934/3 933/933/3 927/927/3
f 934/934/3 927/927/3 930/930/3
f 933/933/244 932/932/244 928/928/244
f 933/933/152 928/928/152 927/927/152
f 932/932/5 931/931/5 929/929/5
f 932/932/5 929/929/5 928/928/5
f 935/935/6 936/936/6 937/937/6
f 935/935/6 937/937/6 938/938/6
f 939/939/17 940/940/17 941/941/17
f 939/939/17 941/941/17 942/942/17
f 939/939/153 942/942/153 938/938/153
f 939/939/245 938/938/245 937/937/245
f 942/942/3 941/941/3 935/935/3
f 942/942/3 935/935/3 938/938/3
f 941/941/182 940/940/182 936/936/182
f 941/941/182 936/936/182 935/935/182
f 940/940/5 939/939/5 937/937/5
f 940/940/5 937/937/5 936/936/5
f 943/943/15 944/944/15 281/281/15
f 943/943/172 281/281/172 282/282/172
f 945/945/207 943/943/207 282/282/207
f 945/945/1 282/282/1 277/277/1
f 946/946/15 945/945/15 277/277/15
f 946/946/15 277/277/15 276/276/15
f 944/944/207 946/946/207 276/276/207
f 944/944/1 276/276/1 281/281/1
f 271/271/2 947/947/2 948/948/2
f 271/271/146 948/948/146 273/273/146
f 273/273/2 948/948/2 949/949/2
f 273/273/193 949/949/193 265/265/193
f 265/265/147 949/949/147 950/950/147
f 265/265/16 950/950/16 266/266/16
f 266/266/2 950/950/2 947/947/2
f 266/266/2 947/947/2 271/271/2
f 951/951/165 952/952/165 953/953/165
f 951/951/15 953/953/15 954/954/15
f 955/955/1 951/951/1 954/954/1
f 955/955/210 954/954/210 956/956/210
f 957/957/15 955/955/15 956/956/15
f 957/957/15 956/956/15 958/958/15
f 952/952/207 957/957/207 958/958/207
f 952/952/1 958/958/1 953/953/1
f 959/959/147 960/960/147 961/961/147
f 959/959/146 961/961/146 962/962/146
f 962/962/19 961/961/19 963/963/19
f 962/962/19 963/963/19 964/964/19
f 964/964/147 963/963/147 965/965/147
f 964/964/186 965/965/186 966/966/186
f 966/966/211 965/965/211 960/960/211
f 966/966/2 960/960/2 959/959/2
f 967/967/148 968/968/148 969/969/148
f 967/967/15 969/969/15 959/959/15
f 970/970/207 967/967/207 959/959/207
f 970/970/1 959/959/1 966/966/1
f 971/971/1 970/970/1 966/966/1
f 971/971/148 966/966/148 972/972/148
f 968/968/210 971/971/210 972/972/210
f 968/968/1 972/972/1 969/969/1
f 973/973/246 974/974/246 975/975/246
f 973/973/147 975/975/147 976/976/147
f 976/976/19 975/975/19 977/977/19
f 976/976/193 977/977/193 978/978/193
f 978/978/147 977/977/147 979/979/147
f 978/978/16 979/979/16 980/980/16
f 980/980/2 979/979/2 974/974/2
f 980/980/2 974/974/2 973/973/2
f 271/271/4 273/273/4 282/282/4
f 271/271/4 282/282/4 281/281/4
f 948/948/6 947/947/6 944/944/6
f 948/948/6 944/944/6 943/943/6
f 273/273/5 265/265/5 277/277/5
f 273/273/5 277/277/5 282/282/5
f 949/949/3 948/948/3 943/943/3
f 949/949/3 943/943/3 945/945/3
f 265/265/6 266/266/6 276/276/6
f 265/265/6 276/276/6 277/277/6
f 950/950/4 949/949/4 945/945/4
f 950/950/4 945/945/4 946/946/4
f 266/266/3 271/271/3 281/281/3
f 266/266/3 281/281/3 276/276/3
f 947/947/5 950/950/5 946/946/5
f 947/947/5 946/946/5 944/944/5
f 959/959/17 962/962/17 954/954/17
f 959/959/17 954/954/17 953/953/17
f 961/961/120 960/960/120 952/952/120
f 961/961/120 952/952/120 951/951/120
f 962/962/5 964/964/5 956/956/5
f 962/962/5 956/956/5 954/954/5
f 963/963/3 961/961/3 951/951/3
f 963/963/3 951/951/3 955/955/3
f 964/964/120 966/966/120 958/958/120
f 964/964/120 958/958/120 956/956/120
f 965/965/4 963/963/4 955/955/4
f 965/965/17 955/955/17 957/957/17
f 966/966/3 959/959/3 953/953/3
f 966/966/3 953/953/3 958/958/3
f 960/960/5 965/965/5 957/957/5
f 960/960/5 957/957/5 952/952/5
f 973/973/17 976/976/17 959/959/17
f 973/973/17 959/959/17 969/969/17
f 975/975/6 974/974/6 968/968/6
f 975/975/6 968/968/6 967/967/6
f 976/976/5 978/978/5 966/966/5
f 976/976/5 966/966/5 959/959/5
f 977/977/3 975/975/3 967/967/3
f 977/977/3 967/967/3 970/970/3
f 978/978/120 980/980/120 972/972/120
f 978/978/120 972/972/120 966/966/120
f 979/979/17 977/977/17 970/970/17
f 979/979/17 970/970/17 971/971/17
f 980/980/3 973/973/3 969/969/3
f 980/980/3 969/969/3 972/972/3
f 974/974/5 979/979/5 971/971/5
f 974/974/5 971/971/5 968/968/5
f 981/981/1 982/982/1 983/983/1
f 981/981/1 983/983/1 984/984/1
f 985/985/2 986/986/2 987/987/2
f 985/985/2 987/987/2 988/988/2
f 985/985/5 988/988/5 984/984/5
f 985/985/5 984/984/5 983/983/5
f 988/988/142 987/987/142 981/981/142
f 988/988/213 981/981/213 984/984/213
f 987/987/3 986/986/3 982/982/3
f 987/987/247 982/982/247 981/981/247
f 986/986/143 985/985/143 983/983/143
f 986/986/141 983/983/141 982/982/141
f 989/989/1 990/990/1 991/991/1
f 989/989/1 991/991/1 992/992/1
f 993/993/2 994/994/2 995/995/2
f 993/993/2 995/995/2 996/996/2
f 993/993/5 996/996/5 992/992/5
f 993/993/5 992/992/5 991/991/5
f 996/996/213 995/995/213 989/989/213
f 996/996/213 989/989/213 992/992/213
f 995/995/3 994/994/3 990/990/3
f 995/995/3 990/990/3 989/989/3
f 994/994/141 993/993/141 991/991/141
f 994/994/143 991/991/143 990/990/143
f 997/997/193 998/998/193 274/274/193
f 997/997/19 274/274/19 268/268/19
f 999/999/146 997/997/146 268/268/146
f 999/999/16 268/268/16 267/267/16
f 1000/1000/2 999/999/2 267/267/2
f 1000/1000/2 267/267/2 270/270/2
f 998/998/16 1000/1000/16 270/270/16
f 998/998/16 270/270/16 274/274/16
f 285/285/248 1001/1001/248 1002/1002/248
f 285/285/1 1002/1002/1 278/278/1
f 278/278/148 1002/1002/148 1003/1003/148
f 278/278/1 1003/1003/1 275/275/1
f 275/275/1 1003/1003/1 1004/1004/1
f 275/275/210 1004/1004/210 279/279/210
f 279/279/165 1004/1004/165 1001/1001/165
f 279/279/152 1001/1001/152 285/285/152
f 1005/1005/2 1006/1006/2 1007/1007/2
f 1005/1005/19 1007/1007/19 1008/1008/19
f 1009/1009/246 1005/1005/246 1008/1008/246
f 1009/1009/147 1008/1008/147 1010/1010/147
f 1011/1011/193 1009/1009/193 1010/1010/193
f 1011/1011/2 1010/1010/2 1012/1012/2
f 1006/1006/246 1011/1011/246 1012/1012/246
f 1006/1006/2 1012/1012/2 1007/1007/2
f 1013/1013/1 1014/1014/1 1015/1015/1
f 1013/1013/208 1015/1015/208 1016/1016/208
f 1016/1016/230 1015/1015/230 1017/1017/230
f 1016/1016/148 1017/1017/148 1018/1018/148
f 1018/1018/207 1017/1017/207 1019/1019/207
f 1018/1018/1 1019/1019/1 1020/1020/1
f 1020/1020/15 1019/1019/15 1014/1014/15
f 1020/1020/145 1014/1014/145 1013/1013/145
f 1021/1021/193 1022/1022/193 1023/1023/193
f 1021/1021/193 1023/1023/193 1013/1013/193
f 1024/1024/153 1021/1021/153 1013/1013/153
f 1024/1024/2 1013/1013/2 1020/1020/2
f 1025/1025/212 1024/1024/212 1020/1020/212
f 1025/1025/2 1020/1020/2 1026/1026/2
f 1022/1022/2 1025/1025/2 1026/1026/2
f 1022/1022/178 1026/1026/178 1023/1023/178
f 1027/1027/208 1028/1028/208 1029/1029/208
f 1027/1027/210 1029/1029/210 1030/1030/210
f 1030/1030/15 1029/1029/15 1031/1031/15
f 1030/1030/150 1031/1031/150 1032/1032/150
f 1032/1032/248 1031/1031/248 1033/1033/248
f 1032/1032/207 1033/1033/207 1034/1034/207
f 1034/1034/15 1033/1033/15 1028/1028/15
f 1034/1034/172 1028/1028/172 1027/1027/172
f 285/285/5 278/278/5 268/268/5
f 285/285/5 268/268/5 274/274/5
f 1002/1002/3 1001/1001/3 998/998/3
f 1002/1002/3 998/998/3 997/997/3
f 278/278/17 275/275/17 267/267/17
f 278/278/17 267/267/17 268/268/17
f 1003/1003/6 1002/1002/6 997/997/6
f 1003/1003/6 997/997/6 999/999/6
f 275/275/3 279/279/3 270/270/3
f 275/275/3 270/270/3 267/267/3
f 1004/1004/5 1003/1003/5 999/999/5
f 1004/1004/5 999/999/5 1000/1000/5
f 279/279/6 285/285/6 274/274/6
f 279/279/6 274/274/6 270/270/6
f 1001/1001/4 1004/1004/4 1000/1000/4
f 1001/1001/4 1000/1000/4 998/998/4
f 1013/1013/5 1016/1016/5 1008/1008/5
f 1013/1013/5 1008/1008/5 1007/1007/5
f 1015/1015/3 1014/1014/3 1006/1006/3
f 1015/1015/3 1006/1006/3 1005/1005/3
f 1016/1016/17 1018/1018/17 1010/1010/17
f 1016/1016/17 1010/1010/17 1008/1008/17
f 1017/1017/6 1015/1015/6 1005/1005/6
f 1017/1017/120 1005/1005/120 1009/1009/120
f 1018/1018/3 1020/1020/3 1012/1012/3
f 1018/1018/3 1012/1012/3 1010/1010/3
f 1019/1019/5 1017/1017/5 1009/1009/5
f 1019/1019/5 1009/1009/5 1011/1011/5
f 1020/1020/120 1013/1013/120 1007/1007/120
f 1020/1020/120 1007/1007/120 1012/1012/120
f 1014/1014/17 1019/1019/17 1011/1011/17
f 1014/1014/17 1011/1011/17 1006/1006/17
f 1027/1027/5 1030/1030/5 1013/1013/5
f 1027/1027/5 1013/1013/5 1023/1023/5
f 1029/1029/3 1028/1028/3 1022/1022/3
f 1029/1029/3 1022/1022/3 1021/1021/3
f 1030/1030/17 1032/1032/17 1020/1020/17
f 1030/1030/17 1020/1020/17 1013/1013/17
f 1031/1031/213 1029/1029/213 1021/1021/213
f 1031/1031/142 1021/1021/142 1024/1024/142
f 1032/1032/3 1034/1034/3 1026/1026/3
f 1032/1032/3 1026/1026/3 1020/1020/3
f 1033/1033/5 1031/1031/5 1024/1024/5
f 1033/1033/5 1024/1024/5 1025/1025/5
f 1034/1034/120 1027/1027/120 1023/1023/120
f 1034/1034/120 1023/1023/120 1026/1026/120
f 1028/1028/17 1033/1033/17 1025/1025/17
f 1028/1028/17 1025/1025/17 1022/1022/17
f 1035/1035/2 1036/1036/2 1037/1037/2
f 1035/1035/2 1037/1037/2 1038/1038/2
f 1039/1039/1 1040/1040/1 1041/1041/1
f 1039/1039/1 1041/1041/1 1042/1042/1
f 1039/1039/143 1042/1042/143 1038/1038/143
f 1039/1039/249 1038/1038/249 1037/1037/249
f 1042/1042/3 1041/1041/3 1035/1035/3
f 1042/1042/3 1035/1035/3 1038/1038/3
f 1041/1041/194 1040/1040/194 1036/1036/194
f 1041/1041/194 1036/1036/194 1035/1035/194
f 1040/1040/5 1039/1039/5 1037/1037/5
f 1040/1040/5 1037/1037/5 1036/1036/5
f 1043/1043/2 1044/1044/2 1045/1045/2
f 1043/1043/2 1045/1045/2 1046/1046/2
f 1047/1047/1 1048/1048/1 1049/1049/1
f 1047/1047/1 1049/1049/1 1050/1050/1
f 1047/1047/141 1050/1050/141 1046/1046/141
f 1047/1047/141 1046/1046/141 1045/1045/141
f 1050/1050/3 1049/1049/3 1043/1043/3
f 1050/1050/247 1043/1043/247 1046/1046/247
f 1049/1049/250 1048/1048/250 1044/1044/250
f 1049/1049/142 1044/1044/142 1043/1043/142
f 1048/1048/5 1047/1047/5 1045/1045/5
f 1048/1048/5 1045/1045/5 1044/1044/5
f 1051/1051/15 1052/1052/15 88/88/15
f 1051/1051/1 88/88/1 89/89/1
f 1053/1053/207 1051/1051/207 89/89/207
f 1053/1053/1 89/89/1 85/85/1
f 1054/1054/15 1053/1053/15 85/85/15
f 1054/1054/1 85/85/1 84/84/1
f 1052/1052/207 1054/1054/207 84/84/207
f 1052/1052/208 84/84/208 88/88/208
f 80/80/147 1055/1055/147 1056/1056/147
f 80/80/251 1056/1056/251 81/81/251
f 81/81/19 1056/1056/19 1057/1057/19
f 81/81/212 1057/1057/212 75/75/212
f 75/75/164 1057/1057/164 1058/1058/164
f 75/75/16 1058/1058/16 76/76/16
f 76/76/211 1058/1058/211 1055/1055/211
f 76/76/193 1055/1055/193 80/80/193
f 1059/1059/1 1060/1060/1 1061/1061/1
f 1059/1059/1 1061/1061/1 1062/1062/1
f 1063/1063/208 1059/1059/208 1062/1062/208
f 1063/1063/207 1062/1062/207 1064/1064/207
f 1065/1065/1 1063/1063/1 1064/1064/1
f 1065/1065/1 1064/1064/1 1066/1066/1
f 1060/1060/207 1065/1065/207 1066/1066/207
f 1060/1060/208 1066/1066/208 1061/1061/208
f 1067/1067/16 1068/1068/16 1069/1069/16
f 1067/1067/16 1069/1069/16 1070/1070/16
f 1070/1070/19 1069/1069/19 1071/1071/19
f 1070/1070/193 1071/1071/193 1072/1072/193
f 1072/1072/16 1071/1071/16 1073/1073/16
f 1072/1072/153 1073/1073/153 1074/1074/153
f 1074/1074/19 1073/1073/19 1068/1068/19
f 1074/1074/193 1068/1068/193 1067/1067/193
f 1075/1075/166 1076/1076/166 1077/1077/166
f 1075/1075/1 1077/1077/1 1067/1067/1
f 1078/1078/207 1075/1075/207 1067/1067/207
f 1078/1078/208 1067/1067/208 1074/1074/208
f 1079/1079/148 1078/1078/148 1074/1074/148
f 1079/1079/148 1074/1074/148 1080/1080/148
f 1076/1076/1 1079/1079/1 1080/1080/1
f 1076/1076/208 1080/1080/208 1077/1077/208
f 1081/1081/16 1082/1082/16 1083/1083/16
f 1081/1081/2 1083/1083/2 1084/1084/2
f 1084/1084/2 1083/1083/2 1085/1085/2
f 1084/1084/2 1085/1085/2 1086/1086/2
f 1086/1086/16 1085/1085/16 1087/1087/16
f 1086/1086/147 1087/1087/147 1088/1088/147
f 1088/1088/2 1087/1087/2 1082/1082/2
f 1088/1088/2 1082/1082/2 1081/1081/2
f 80/80/4 81/81/4 89/89/4
f 80/80/4 89/89/4 88/88/4
f 1056/1056/6 1055/1055/6 1052/1052/6
f 1056/1056/6 1052/1052/6 1051/1051/6
f 81/81/5 75/75/5 85/85/5
f 81/81/5 85/85/5 89/89/5
f 1057/1057/3 1056/1056/3 1051/1051/3
f 1057/1057/3 1051/1051/3 1053/1053/3
f 75/75/6 76/76/6 84/84/6
f 75/75/6 84/84/6 85/85/6
f 1058/1058/4 1057/1057/4 1053/1053/4
f 1058/1058/4 1053/1053/4 1054/1054/4
f 76/76/3 80/80/3 88/88/3
f 76/76/3 88/88/3 84/84/3
f 1055/1055/5 1058/1058/5 1054/1054/5
f 1055/1055/5 1054/1054/5 1052/1052/5
f 1067/1067/17 1070/1070/17 1062/1062/17
f 1067/1067/17 1062/1062/17 1061/1061/17
f 1069/1069/6 1068/1068/6 1060/1060/6
f 1069/1069/6 1060/1060/6 1059/1059/6
f 1070/1070/5 1072/1072/5 1064/1064/5
f 1070/1070/5 1064/1064/5 1062/1062/5
f 1071/1071/3 1069/1069/3 1059/1059/3
f 1071/1071/3 1059/1059/3 1063/1063/3
f 1072/1072/120 1074/1074/120 1066/1066/120
f 1072/1072/120 1066/1066/120 1064/1064/120
f 1073/1073/141 1071/1071/141 1063/1063/141
f 1073/1073/143 1063/1063/143 1065/1065/143
f 1074/1074/3 1067/1067/3 1061/1061/3
f 1074/1074/3 1061/1061/3 1066/1066/3
f 1068/1068/5 1073/1073/5 1065/1065/5
f 1068/1068/5 1065/1065/5 1060/1060/5
f 1081/1081/17 1084/1084/17 1067/1067/17
f 1081/1081/17 1067/1067/17 1077/1077/17
f 1083/1083/120 1082/1082/120 1076/1076/120
f 1083/1083/120 1076/1076/120 1075/1075/120
f 1084/1084/5 1086/1086/5 1074/1074/5
f 1084/1084/5 1074/1074/5 1067/1067/5
f 1085/1085/3 1083/1083/3 1075/1075/3
f 1085/1085/3 1075/1075/3 1078/1078/3
f 1086/1086/6 1088/1088/6 1080/1080/6
f 1086/1086/6 1080/1080/6 1074/1074/6
f 1087/1087/17 1085/1085/17 1078/1078/17
f 1087/1087/141 1078/1078/141 1079/1079/141
f 1088/1088/3 1081/1081/3 1077/1077/3
f 1088/1088/3 1077/1077/3 1080/1080/3
f 1082/1082/5 1087/1087/5 1079/1079/5
f 1082/1082/5 1079/1079/5 1076/1076/5
f 1089/1089/1 1090/1090/1 1091/1091/1
f 1089/1089/1 1091/1091/1 1092/1092/1
f 1093/1093/2 1094/1094/2 1095/1095/2
f 1093/1093/2 1095/1095/2 1096/1096/2
f 1093/1093/252 1096/1096/252 1092/1092/252
f 1093/1093/253 1092/1092/253 1091/1091/253
f 1096/1096/142 1095/1095/142 1089/1089/142
f 1096/1096/213 1089/1089/213 1092/1092/213
f 1095/1095/3 1094/1094/3 1090/1090/3
f 1095/1095/3 1090/1090/3 1089/1089/3
f 1094/1094/143 1093/1093/143 1091/1091/143
f 1094/1094/143 1091/1091/143 1090/1090/143
f 1097/1097/1 1098/1098/1 1099/1099/1
f 1097/1097/1 1099/1099/1 1100/1100/1
f 1101/1101/2 1102/1102/2 1103/1103/2
f 1101/1101/2 1103/1103/2 1104/1104/2
f 1101/1101/5 1104/1104/5 1100/1100/5
f 1101/1101/5 1100/1100/5 1099/1099/5
f 1104/1104/213 1103/1103/213 1097/1097/213
f 1104/1104/142 1097/1097/142 1100/1100/142
f 1103/1103/247 1102/1102/247 1098/1098/247
f 1103/1103/254 1098/1098/254 1097/1097/254
f 1102/1102/143 1101/1101/143 1099/1099/143
f 1102/1102/141 1099/1099/141 1098/1098/141
f 1105/1105/212 1106/1106/212 82/82/212
f 1105/1105/2 82/82/2 78/78/2
f 1107/1107/153 1105/1105/153 78/78/153
f 1107/1107/147 78/78/147 77/77/147
f 1108/1108/193 1107/1107/193 77/77/193
f 1108/1108/193 77/77/193 79/79/193
f 1106/1106/186 1108/1108/186 79/79/186
f 1106/1106/178 79/79/178 82/82/178
f 90/90/1 1109/1109/1 1110/1110/1
f 90/90/1 1110/1110/1 86/86/1
f 86/86/15 1110/1110/15 1111/1111/15
f 86/86/166 1111/1111/166 83/83/166
f 83/83/208 1111/1111/208 1112/1112/208
f 83/83/207 1112/1112/207 87/87/207
f 87/87/172 1112/1112/172 1109/1109/172
f 87/87/15 1109/1109/15 90/90/15
f 1113/1113/19 1114/1114/19 1115/1115/19
f 1113/1113/255 1115/1115/255 1116/1116/255
f 1117/1117/186 1113/1113/186 1116/1116/186
f 1117/1117/146 1116/1116/146 1118/1118/146
f 1119/1119/212 1117/1117/212 1118/1118/212
f 1119/1119/19 1118/1118/19 1120/1120/19
f 1114/1114/178 1119/1119/178 1120/1120/178
f 1114/1114/251 1120/1120/251 1115/1115/251
f 1121/1121/1 1122/1122/1 1123/1123/1
f 1121/1121/207 1123/1123/207 1124/1124/207
f 1124/1124/15 1123/1123/15 1125/1125/15
f 1124/1124/152 1125/1125/152 1126/1126/152
f 1126/1126/208 1125/1125/208 1127/1127/208
f 1126/1126/1 1127/1127/1 1128/1128/1
f 1128/1128/152 1127/1127/152 1122/1122/152
f 1128/1128/145 1122/1122/145 1121/1121/145
f 1129/1129/2 1130/1130/2 1131/1131/2
f 1129/1129/2 1131/1131/2 1121/1121/2
f 1132/1132/16 1129/1129/16 1121/1121/16
f 1132/1132/147 1121/1121/147 1128/1128/147
f 1133/1133/2 1132/1132/2 1128/1128/2
f 1133/1133/2 1128/1128/2 1134/1134/2
f 1130/1130/147 1133/1133/147 1134/1134/147
f 1130/1130/16 1134/1134/16 1131/1131/16
f 1135/1135/208 1136/1136/208 1137/1137/208
f 1135/1135/1 1137/1137/1 1138/1138/1
f 1138/1138/152 1137/1137/152 1139/1139/152
f 1138/1138/15 1139/1139/15 1140/1140/15
f 1140/1140/1 1139/1139/1 1141/1141/1
f 1140/1140/1 1141/1141/1 1142/1142/1
f 1142/1142/152 1141/1141/152 1136/1136/152
f 1142/1142/1 1136/1136/1 1135/1135/1
f 90/90/5 86/86/5 78/78/5
f 90/90/5 78/78/5 82/82/5
f 1110/1110/3 1109/1109/3 1106/1106/3
f 1110/1110/3 1106/1106/3 1105/1105/3
f 86/86/4 83/83/4 77/77/4
f 86/86/4 77/77/4 78/78/4
f 1111/1111/6 1110/1110/6 1105/1105/6
f 1111/1111/6 1105/1105/6 1107/1107/6
f 83/83/3 87/87/3 79/79/3
f 83/83/3 79/79/3 77/77/3
f 1112/1112/5 1111/1111/5 1107/1107/5
f 1112/1112/5 1107/1107/5 1108/1108/5
f 87/87/120 90/90/120 82/82/120
f 87/87/120 82/82/120 79/79/120
f 1109/1109/4 1112/1112/4 1108/1108/4
f 1109/1109/4 1108/1108/4 1106/1106/4
f 1121/1121/5 1124/1124/5 1116/1116/5
f 1121/1121/5 1116/1116/5 1115/1115/5
f 1123/1123/3 1122/1122/3 1114/1114/3
f 1123/1123/3 1114/1114/3 1113/1113/3
f 1124/1124/4 1126/1126/4 1118/1118/4
f 1124/1124/17 1118/1118/17 1116/1116/17
f 1125/1125/120 1123/1123/120 1113/1113/120
f 1125/1125/120 1113/1113/120 1117/1117/120
f 1126/1126/3 1128/1128/3 1120/1120/3
f 1126/1126/3 1120/1120/3 1118/1118/3
f 1127/1127/5 1125/1125/5 1117/1117/5
f 1127/1127/5 1117/1117/5 1119/1119/5
f 1128/1128/142 1121/1121/142 1115/1115/142
f 1128/1128/142 1115/1115/142 1120/1120/142
f 1122/1122/4 1127/1127/4 1119/1119/4
f 1122/1122/17 1119/1119/17 1114/1114/17
f 1135/1135/5 1138/1138/5 1121/1121/5
f 1135/1135/5 1121/1121/5 1131/1131/5
f 1137/1137/3 1136/1136/3 1130/1130/3
f 1137/1137/3 1130/1130/3 1129/1129/3
f 1138/1138/17 1140/1140/17 1128/1128/17
f 1138/1138/17 1128/1128/17 1121/1121/17
f 1139/1139/120 1137/1137/120 1129/1129/120
f 1139/1139/120 1129/1129/120 1132/1132/120
f 1140/1140/3 1142/1142/3 1134/1134/3
f 1140/1140/3 1134/1134/3 1128/1128/3
f 1141/1141/5 1139/1139/5 1132/1132/5
f 1141/1141/5 1132/1132/5 1133/1133/5
f 1142/1142/6 1135/1135/6 1131/1131/6
f 1142/1142/120 1131/1131/120 1134/1134/120
f 1136/1136/17 1141/1141/17 1133/1133/17
f 1136/1136/17 1133/1133/17 1130/1130/17
f 1143/1143/2 1144/1144/2 1145/1145/2
f 1143/1143/2 1145/1145/2 1146/1146/2
f 1147/1147/1 1148/1148/1 1149/1149/1
f 1147/1147/1 1149/1149/1 1150/1150/1
f 1147/1147/141 1150/1150/141 1146/1146/141
f 1147/1147/256 1146/1146/256 1145/1145/256
f 1150/1150/3 1149/1149/3 1143/1143/3
f 1150/1150/3 1143/1143/3 1146/1146/3
f 1149/1149/142 1148/1148/142 1144/1144/142
f 1149/1149/142 1144/1144/142 1143/1143/142
f 1148/1148/5 1147/1147/5 1145/1145/5
f 1148/1148/252 1145/1145/252 1144/1144/252
f 1151/1151/2 1152/1152/2 1153/1153/2
f 1151/1151/2 1153/1153/2 1154/1154/2
f 1155/1155/1 1156/1156/1 1157/1157/1
f 1155/1155/1 1157/1157/1 1158/1158/1
f 1155/1155/256 1158/1158/256 1154/1154/256
f 1155/1155/141 1154/1154/141 1153/1153/141
f 1158/1158/3 1157/1157/3 1151/1151/3
f 1158/1158/3 1151/1151/3 1154/1154/3
f 1157/1157/142 1156/1156/142 1152/1152/142
f 1157/1157/142 1152/1152/142 1151/1151/142
f 1156/1156/5 1155/1155/5 1153/1153/5
f 1156/1156/5 1153/1153/5 1152/1152/5
f 1159/1159/172 1160/1160/172 8/8/172
f 1159/1159/165 8/8/165 7/7/165
f 1161/1161/207 1159/1159/207 7/7/207
f 1161/1161/208 7/7/208 11/11/208
f 1162/1162/165 1161/1161/165 11/11/165
f 1162/1162/1 11/11/1 16/16/1
f 1160/1160/208 1162/1162/208 16/16/208
f 1160/1160/1 16/16/1 8/8/1
f 1163/1163/16 1164/1164/16 1165/1165/16
f 1163/1163/153 1165/1165/153 1166/1166/153
f 1166/1166/2 1165/1165/2 1167/1167/2
f 1166/1166/2 1167/1167/2 1168/1168/2
f 1168/1168/146 1167/1167/146 1169/1169/146
f 1168/1168/16 1169/1169/16 1170/1170/16
f 1170/1170/19 1169/1169/19 1164/1164/19
f 1170/1170/193 1164/1164/193 1163/1163/193
f 1171/1171/182 1172/1172/182 1173/1173/182
f 1171/1171/166 1173/1173/166 1174/1174/166
f 1175/1175/210 1171/1171/210 1174/1174/210
f 1175/1175/209 1174/1174/209 1176/1176/209
f 1177/1177/150 1175/1175/150 1176/1176/150
f 1177/1177/1 1176/1176/1 1178/1178/1
f 1172/1172/208 1177/1177/208 1178/1178/208
f 1172/1172/209 1178/1178/209 1173/1173/209
f 1179/1179/178 1180/1180/178 1181/1181/178
f 1179/1179/147 1181/1181/147 1182/1182/147
f 1182/1182/19 1181/1181/19 1183/1183/19
f 1182/1182/193 1183/1183/193 1184/1184/193
f 1184/1184/147 1183/1183/147 1185/1185/147
f 1184/1184/2 1185/1185/2 1186/1186/2
f 1186/1186/193 1185/1185/193 1180/1180/193
f 1186/1186/19 1180/1180/19 1179/1179/19
f 1187/1187/15 1188/1188/15 1189/1189/15
f 1187/1187/145 1189/1189/145 1179/1179/145
f 1190/1190/207 1187/1187/207 1179/1179/207
f 1190/1190/208 1179/1179/208 1186/1186/208
f 1191/1191/165 1190/1190/165 1186/1186/165
f 1191/1191/145 1186/1186/145 1192/1192/145
f 1188/1188/208 1191/1191/208 1192/1192/208
f 1188/1188/207 1192/1192/207 1189/1189/207
f 1193/1193/2 1194/1194/2 1195/1195/2
f 1193/1193/164 1195/1195/164 1196/1196/164
f 1196/1196/257 1195/1195/257 1197/1197/257
f 1196/1196/258 1197/1197/258 1198/1198/258
f 1198/1198/2 1197/1197/2 1199/1199/2
f 1198/1198/2 1199/1199/2 1200/1200/2
f 1200/1200/193 1199/1199/193 1194/1194/193
f 1200/1200/19 1194/1194/19 1193/1193/19
f 1163/1163/4 1166/1166/4 7/7/4
f 1163/1163/4 7/7/4 8/8/4
f 1165/1165/120 1164/1164/120 1160/1160/120
f 1165/1165/120 1160/1160/120 1159/1159/120
f 1166/1166/5 1168/1168/5 11/11/5
f 1166/1166/5 11/11/5 7/7/5
f 1167/1167/3 1165/1165/3 1159/1159/3
f 1167/1167/3 1159/1159/3 1161/1161/3
f 1168/1168/6 1170/1170/6 16/16/6
f 1168/1168/6 16/16/6 11/11/6
f 1169/1169/4 1167/1167/4 1161/1161/4
f 1169/1169/4 1161/1161/4 1162/1162/4
f 1170/1170/3 1163/1163/3 8/8/3
f 1170/1170/3 8/8/3 16/16/3
f 1164/1164/5 1169/1169/5 1162/1162/5
f 1164/1164/5 1162/1162/5 1160/1160/5
f 1179/1179/17 1182/1182/17 1174/1174/17
f 1179/1179/259 1174/1174/259 1173/1173/259
f 1181/1181/6 1180/1180/6 1172/1172/6
f 1181/1181/120 1172/1172/120 1171/1171/120
f 1182/1182/5 1184/1184/5 1176/1176/5
f 1182/1182/5 1176/1176/5 1174/1174/5
f 1183/1183/3 1181/1181/3 1171/1171/3
f 1183/1183/3 1171/1171/3 1175/1175/3
f 1184/1184/120 1186/1186/120 1178/1178/120
f 1184/1184/6 1178/1178/6 1176/1176/6
f 1185/1185/141 1183/1183/141 1175/1175/141
f 1185/1185/141 1175/1175/141 1177/1177/141
f 1186/1186/3 1179/1179/3 1173/1173/3
f 1186/1186/3 1173/1173/3 1178/1178/3
f 1180/1180/5 1185/1185/5 1177/1177/5
f 1180/1180/5 1177/1177/5 1172/1172/5
f 1193/1193/17 1196/1196/17 1179/1179/17
f 1193/1193/17 1179/1179/17 1189/1189/17
f 1195/1195/6 1194/1194/6 1188/1188/6
f 1195/1195/120 1188/1188/120 1187/1187/120
f 1196/1196/5 1198/1198/5 1186/1186/5
f 1196/1196/5 1186/1186/5 1179/1179/5
f 1197/1197/3 1195/1195/3 1187/1187/3
f 1197/1197/3 1187/1187/3 1190/1190/3
f 1198/1198/120 1200/1200/120 1192/1192/120
f 1198/1198/120 1192/1192/120 1186/1186/120
f 1199/1199/4 1197/1197/4 1190/1190/4
f 1199/1199/4 1190/1190/4 1191/1191/4
f 1200/1200/3 1193/1193/3 1189/1189/3
f 1200/1200/3 1189/1189/3 1192/1192/3
f 1194/1194/5 1199/1199/5 1191/1191/5
f 1194/1194/5 1191/1191/5 1188/1188/5
f 1201/1201/1 1202/1202/1 1203/1203/1
f 1201/1201/1 1203/1203/1 1204/1204/1
f 1205/1205/2 1206/1206/2 1207/1207/2
f 1205/1205/2 1207/1207/2 1208/1208/2
f 1205/1205/5 1208/1208/5 1204/1204/5
f 1205/1205/5 1204/1204/5 1203/1203/5
f 1208/1208/121 1207/1207/121 1201/1201/121
f 1208/1208/213 1201/1201/213 1204/1204/213
f 1207/1207/3 1206/1206/3 1202/1202/3
f 1207/1207/3 1202/1202/3 1201/1201/3
f 1206/1206/143 1205/1205/143 1203/1203/143
f 1206/1206/141 1203/1203/141 1202/1202/141
f 1209/1209/15 1210/1210/15 1211/1211/15
f 1209/1209/1 1211/1211/1 1212/1212/1
f 1213/1213/2 1214/1214/2 1215/1215/2
f 1213/1213/2 1215/1215/2 1216/1216/2
f 1213/1213/5 1216/1216/5 1212/1212/5
f 1213/1213/5 1212/1212/5 1211/1211/5
f 1216/1216/213 1215/1215/213 1209/1209/213
f 1216/1216/213 1209/1209/213 1212/1212/213
f 1215/1215/3 1214/1214/3 1210/1210/3
f 1215/1215/3 1210/1210/3 1209/1209/3
f 1214/1214/260 1213/1213/260 1211/1211/260
f 1214/1214/261 1211/1211/261 1210/1210/261
f 1217/1217/165 1218/1218/165 15/15/165
f 1217/1217/1 15/15/1 12/12/1
f 1219/1219/1 1217/1217/1 12/12/1
f 1219/1219/1 12/12/1 6/6/1
f 1220/1220/15 1219/1219/15 6/6/15
f 1220/1220/165 6/6/165 5/5/165
f 1218/1218/209 1220/1220/209 5/5/209
f 1218/1218/208 5/5/208 15/15/208
f 1221/1221/146 1222/1222/146 1223/1223/146
f 1221/1221/16 1223/1223/16 1224/1224/16
f 1224/1224/193 1223/1223/193 1225/1225/193
f 1224/1224/19 1225/1225/19 1226/1226/19
f 1226/1226/16 1225/1225/16 1227/1227/16
f 1226/1226/2 1227/1227/2 1228/1228/2
f 1228/1228/19 1227/1227/19 1222/1222/19
f 1228/1228/211 1222/1222/211 1221/1221/211
f 1229/1229/15 1230/1230/15 1231/1231/15
f 1229/1229/150 1231/1231/150 1232/1232/150
f 1233/1233/262 1229/1229/262 1232/1232/262
f 1233/1233/209 1232/1232/209 1234/1234/209
f 1235/1235/145 1233/1233/145 1234/1234/145
f 1235/1235/150 1234/1234/150 1236/1236/150
f 1230/1230/262 1235/1235/262 1236/1236/262
f 1230/1230/209 1236/1236/209 1231/1231/209
f 1237/1237/16 1238/1238/16 1239/1239/16
f 1237/1237/16 1239/1239/16 1240/1240/16
f 1240/1240/2 1239/1239/2 1241/1241/2
f 1240/1240/19 1241/1241/19 1242/1242/19
f 1242/1242/16 1241/1241/16 1243/1243/16
f 1242/1242/2 1243/1243/2 1244/1244/2
f 1244/1244/2 1243/1243/2 1238/1238/2
f 1244/1244/2 1238/1238/2 1237/1237/2
f 1245/1245/15 1246/1246/15 1247/1247/15
f 1245/1245/15 1247/1247/15 1237/1237/15
f 1248/1248/15 1245/1245/15 1237/1237/15
f 1248/1248/1 1237/1237/1 1244/1244/1
f 1249/1249/145 1248/1248/145 1244/1244/145
f 1249/1249/15 1244/1244/15 1250/1250/15
f 1246/1246/1 1249/1249/1 1250/1250/1
f 1246/1246/1 1250/1250/1 1247/1247/1
f 1251/1251/186 1252/1252/186 1253/1253/186
f 1251/1251/178 1253/1253/178 1254/1254/178
f 1254/1254/2 1253/1253/2 1255/1255/2
f 1254/1254/2 1255/1255/2 1256/1256/2
f 1256/1256/241 1255/1255/241 1257/1257/241
f 1256/1256/147 1257/1257/147 1258/1258/147
f 1258/1258/255 1257/1257/255 1252/1252/255
f 1258/1258/258 1252/1252/258 1251/1251/258
f 1221/1221/4 1224/1224/4 12/12/4
f 1221/1221/4 12/12/4 15/15/4
f 1223/1223/120 1222/1222/120 1218/1218/120
f 1223/1223/120 1218/1218/120 1217/1217/120
f 1224/1224/5 1226/1226/5 6/6/5
f 1224/1224/5 6/6/5 12/12/5
f 1225/1225/3 1223/1223/3 1217/1217/3
f 1225/1225/3 1217/1217/3 1219/1219/3
f 1226/1226/6 1228/1228/6 5/5/6
f 1226/1226/6 5/5/6 6/6/6
f 1227/1227/17 1225/1225/17 1219/1219/17
f 1227/1227/17 1219/1219/17 1220/1220/17
f 1228/1228/3 1221/1221/3 15/15/3
f 1228/1228/3 15/15/3 5/5/3
f 1222/1222/5 1227/1227/5 1220/1220/5
f 1222/1222/5 1220/1220/5 1218/1218/5
f 1237/1237/143 1240/1240/143 1232/1232/143
f 1237/1237/17 1232/1232/17 1231/1231/17
f 1239/1239/120 1238/1238/120 1230/1230/120
f 1239/1239/6 1230/1230/6 1229/1229/6
f 1240/1240/5 1242/1242/5 1234/1234/5
f 1240/1240/5 1234/1234/5 1232/1232/5
f 1241/1241/3 1239/1239/3 1229/1229/3
f 1241/1241/3 1229/1229/3 1233/1233/3
f 1242/1242/6 1244/1244/6 1236/1236/6
f 1242/1242/120 1236/1236/120 1234/1234/120
f 1243/1243/17 1241/1241/17 1233/1233/17
f 1243/1243/17 1233/1233/17 1235/1235/17
f 1244/1244/3 1237/1237/3 1231/1231/3
f 1244/1244/3 1231/1231/3 1236/1236/3
f 1238/1238/5 1243/1243/5 1235/1235/5
f 1238/1238/5 1235/1235/5 1230/1230/5
f 1251/1251/141 1254/1254/141 1237/1237/141
f 1251/1251/141 1237/1237/141 1247/1247/141
f 1253/1253/120 1252/1252/120 1246/1246/120
f 1253/1253/120 1246/1246/120 1245/1245/120
f 1254/1254/5 1256/1256/5 1244/1244/5
f 1254/1254/5 1244/1244/5 1237/1237/5
f 1255/1255/3 1253/1253/3 1245/1245/3
f 1255/1255/3 1245/1245/3 1248/1248/3
f 1256/1256/120 1258/1258/120 1250/1250/120
f 1256/1256/120 1250/1250/120 1244/1244/120
f 1257/1257/141 1255/1255/141 1248/1248/141
f 1257/1257/141 1248/1248/141 1249/1249/141
f 1258/1258/3 1251/1251/3 1247/1247/3
f 1258/1258/3 1247/1247/3 1250/1250/3
f 1252/1252/5 1257/1257/5 1249/1249/5
f 1252/1252/5 1249/1249/5 1246/1246/5
f 1259/1259/1 1260/1260/1 1261/1261/1
f 1259/1259/1 1261/1261/1 1262/1262/1
f 1263/1263/2 1264/1264/2 1265/1265/2
f 1263/1263/2 1265/1265/2 1266/1266/2
f 1263/1263/5 1266/1266/5 1262/1262/5
f 1263/1263/253 1262/1262/253 1261/1261/253
f 1266/1266/213 1265/1265/213 1259/1259/213
f 1266/1266/213 1259/1259/213 1262/1262/213
f 1265/1265/3 1264/1264/3 1260/1260/3
f 1265/1265/3 1260/1260/3 1259/1259/3
f 1264/1264/141 1263/1263/141 1261/1261/141
f 1264/1264/143 1261/1261/143 1260/1260/143
f 1267/1267/1 1268/1268/1 1269/1269/1
f 1267/1267/1 1269/1269/1 1270/1270/1
f 1271/1271/2 1272/1272/2 1273/1273/2
f 1271/1271/16 1273/1273/16 1274/1274/16
f 1271/1271/5 1274/1274/5 1270/1270/5
f 1271/1271/5 1270/1270/5 1269/1269/5
f 1274/1274/263 1273/1273/263 1267/1267/263
f 1274/1274/213 1267/1267/213 1270/1270/213
f 1273/1273/247 1272/1272/247 1268/1268/247
f 1273/1273/254 1268/1268/254 1267/1267/254
f 1272/1272/260 1271/1271/260 1269/1269/260
f 1272/1272/143 1269/1269/143 1268/1268/143
f 1275/1275/219 1276/1276/219 60/60/219
f 1275/1275/219 60/60/219 1277/1277/219
f 1278/1278/137 1275/1275/137 1277/1277/137
f 1278/1278/4 1277/1277/4 58/58/4
f 1279/1279/141 1278/1278/141 58/58/141
f 1279/1279/143 58/58/143 57/57/143
f 1276/1276/264 1279/1279/264 57/57/264
f 1276/1276/4 57/57/4 60/60/4
f 69/69/216 1280/1280/216 1281/1281/216
f 69/69/216 1281/1281/216 74/74/216
f 74/74/265 1281/1281/265 1282/1282/265
f 74/74/221 1282/1282/221 68/68/221
f 68/68/213 1282/1282/213 1283/1283/213
f 68/68/213 1283/1283/213 65/65/213
f 65/65/266 1283/1283/266 1280/1280/266
f 65/65/220 1280/1280/220 69/69/220
f 1284/1284/219 1285/1285/219 1286/1286/219
f 1284/1284/219 1286/1286/219 1287/1287/219
f 1288/1288/267 1284/1284/267 1287/1287/267
f 1288/1288/140 1287/1287/140 1289/1289/140
f 1290/1290/219 1288/1288/219 1289/1289/219
f 1290/1290/219 1289/1289/219 1291/1291/219
f 1285/1285/163 1290/1290/163 1291/1291/163
f 1285/1285/140 1291/1291/140 1286/1286/140
f 1292/1292/216 1293/1293/216 1294/1294/216
f 1292/1292/216 1294/1294/216 1295/1295/216
f 1295/1295/6 1294/1294/6 1296/1296/6
f 1295/1295/18 1296/1296/18 1297/1297/18
f 1297/1297/216 1296/1296/216 1298/1298/216
f 1297/1297/216 1298/1298/216 1299/1299/216
f 1299/1299/214 1298/1298/214 1293/1293/214
f 1299/1299/9 1293/1293/9 1292/1292/9
f 1300/1300/219 1301/1301/219 1302/1302/219
f 1300/1300/219 1302/1302/219 1292/1292/219
f 1303/1303/128 1300/1300/128 1292/1292/128
f 1303/1303/268 1292/1292/268 1299/1299/268
f 1304/1304/219 1303/1303/219 1299/1299/219
f 1304/1304/219 1299/1299/219 1305/1305/219
f 1301/1301/269 1304/1304/269 1305/1305/269
f 1301/1301/4 1305/1305/4 1302/1302/4
f 1306/1306/216 1307/1307/216 1308/1308/216
f 1306/1306/216 1308/1308/216 1309/1309/216
f 1309/1309/215 1308/1308/215 1310/1310/215
f 1309/1309/270 1310/1310/270 1311/1311/270
f 1311/1311/216 1310/1310/216 1312/1312/216
f 1311/1311/216 1312/1312/216 1313/1313/216
f 1313/1313/271 1312/1312/271 1307/1307/271
f 1313/1313/272 1307/1307/272 1306/1306/272
f 69/69/2 74/74/2 1277/1277/2
f 69/69/2 1277/1277/2 60/60/2
f 1281/1281/1 1280/1280/1 1276/1276/1
f 1281/1281/15 1276/1276/15 1275/1275/15
f 74/74/5 68/68/5 58/58/5
f 74/74/5 58/58/5 1277/1277/5
f 1282/1282/3 1281/1281/3 1275/1275/3
f 1282/1282/3 1275/1275/3 1278/1278/3
f 68/68/15 65/65/15 57/57/15
f 68/68/1 57/57/1 58/58/1
f 1283/1283/16 1282/1282/16 1278/1278/16
f 1283/1283/16 1278/1278/16 1279/1279/16
f 65/65/3 69/69/3 60/60/3
f 65/65/3 60/60/3 57/57/3
f 1280/1280/5 1283/1283/5 1279/1279/5
f 1280/1280/5 1279/1279/5 1276/1276/5
f 1292/1292/16 1295/1295/16 1287/1287/16
f 1292/1292/16 1287/1287/16 1286/1286/16
f 1294/1294/165 1293/1293/165 1285/1285/165
f 1294/1294/1 1285/1285/1 1284/1284/1
f 1295/1295/5 1297/1297/5 1289/1289/5
f 1295/1295/5 1289/1289/5 1287/1287/5
f 1296/1296/3 1294/1294/3 1284/1284/3
f 1296/1296/3 1284/1284/3 1288/1288/3
f 1297/1297/15 1299/1299/15 1291/1291/15
f 1297/1297/15 1291/1291/15 1289/1289/15
f 1298/1298/2 1296/1296/2 1288/1288/2
f 1298/1298/147 1288/1288/147 1290/1290/147
f 1299/1299/3 1292/1292/3 1286/1286/3
f 1299/1299/3 1286/1286/3 1291/1291/3
f 1293/1293/5 1298/1298/5 1290/1290/5
f 1293/1293/5 1290/1290/5 1285/1285/5
f 1306/1306/147 1309/1309/147 1292/1292/147
f 1306/1306/147 1292/1292/147 1302/1302/147
f 1308/1308/1 1307/1307/1 1301/1301/1
f 1308/1308/1 1301/1301/1 1300/1300/1
f 1309/1309/5 1311/1311/5 1299/1299/5
f 1309/1309/5 1299/1299/5 1292/1292/5
f 1310/1310/3 1308/1308/3 1300/1300/3
f 1310/1310/3 1300/1300/3 1303/1303/3
f 1311/1311/165 1313/1313/165 1305/1305/165
f 1311/1311/165 1305/1305/165 1299/1299/165
f 1312/1312/149 1310/1310/149 1303/1303/149
f 1312/1312/2 1303/1303/2 1304/1304/2
f 1313/1313/3 1306/1306/3 1302/1302/3
f 1313/1313/3 1302/1302/3 1305/1305/3
f 1307/1307/5 1312/1312/5 1304/1304/5
f 1307/1307/5 1304/1304/5 1301/1301/5
f 1314/1314/4 1315/1315/4 1316/1316/4
f 1314/1314/4 1316/1316/4 1317/1317/4
f 1318/1318/6 1319/1319/6 1320/1320/6
f 1318/1318/6 1320/1320/6 1321/1321/6
f 1318/1318/5 1321/1321/5 1317/1317/5
f 1318/1318/5 1317/1317/5 1316/1316/5
f 1321/1321/152 1320/1320/152 1314/1314/152
f 1321/1321/152 1314/1314/152 1317/1317/152
f 1320/1320/3 1319/1319/3 1315/1315/3
f 1320/1320/3 1315/1315/3 1314/1314/3
f 1319/1319/164 1318/1318/164 1316/1316/164
f 1319/1319/251 1316/1316/251 1315/1315/251
f 1322/1322/4 1323/1323/4 1324/1324/4
f 1322/1322/4 1324/1324/4 1325/1325/4
f 1326/1326/6 1327/1327/6 1328/1328/6
f 1326/1326/6 1328/1328/6 1329/1329/6
f 1326/1326/5 1329/1329/5 1325/1325/5
f 1326/1326/5 1325/1325/5 1324/1324/5
f 1329/1329/145 1328/1328/145 1322/1322/145
f 1329/1329/145 1322/1322/145 1325/1325/145
f 1328/1328/3 1327/1327/3 1323/1323/3
f 1328/1328/3 1323/1323/3 1322/1322/3
f 1327/1327/16 1326/1326/16 1324/1324/16
f 1327/1327/16 1324/1324/16 1323/1323/16
f 1330/1330/140 1331/1331/140 55/55/140
f 1330/1330/4 55/55/4 63/63/4
f 1332/1332/141 1330/1330/141 63/63/141
f 1332/1332/143 63/63/143 61/61/143
f 1333/1333/138 1332/1332/138 61/61/138
f 1333/1333/224 61/61/224 56/56/224
f 1331/1331/143 1333/1333/143 56/56/143
f 1331/1331/141 56/56/141 55/55/141
f 67/67/134 1334/1334/134 1335/1335/134
f 67/67/8 1335/1335/8 72/72/8
f 72/72/142 1335/1335/142 1336/1336/142
f 72/72/213 1336/1336/213 71/71/213
f 71/71/6 1336/1336/6 1337/1337/6
f 71/71/221 1337/1337/221 66/66/221
f 66/66/142 1337/1337/142 1334/1334/142
f 66/66/213 1334/1334/213 67/67/213
f 1338/1338/136 1339/1339/136 1340/1340/136
f 1338/1338/267 1340/1340/267 1341/1341/267
f 1342/1342/219 1338/1338/219 1341/1341/219
f 1342/1342/219 1341/1341/219 1343/1343/219
f 1344/1344/128 1342/1342/128 1343/1343/128
f 1344/1344/4 1343/1343/4 1345/1345/4
f 1339/1339/219 1344/1344/219 1345/1345/219
f 1339/1339/219 1345/1345/219 1340/1340/219
f 1346/1346/6 1347/1347/6 1348/1348/6
f 1346/1346/273 1348/1348/273 1349/1349/273
f 1349/1349/216 1348/1348/216 1350/1350/216
f 1349/1349/216 1350/1350/216 1351/1351/216
f 1351/1351/274 1350/1350/274 1352/1352/274
f 1351/1351/129 1352/1352/129 1353/1353/129
f 1353/1353/142 1352/1352/142 1347/1347/142
f 1353/1353/213 1347/1347/213 1346/1346/213
f 1354/1354/236 1355/1355/236 1356/1356/236
f 1354/1354/4 1356/1356/4 1346/1346/4
f 1357/1357/219 1354/1354/219 1346/1346/219
f 1357/1357/219 1346/1346/219 1353/1353/219
f 1358/1358/275 1357/1357/275 1353/1353/275
f 1358/1358/159 1353/1353/159 1359/1359/159
f 1355/1355/219 1358/1358/219 1359/1359/219
f 1355/1355/219 1359/1359/219 1356/1356/219
f 1360/1360/276 1361/1361/276 1362/1362/276
f 1360/1360/156 1362/1362/156 1363/1363/156
f 1363/1363/216 1362/1362/216 1364/1364/216
f 1363/1363/216 1364/1364/216 1365/1365/216
f 1365/1365/134 1364/1364/134 1366/1366/134
f 1365/1365/277 1366/1366/277 1367/1367/277
f 1367/1367/216 1366/1366/216 1361/1361/216
f 1367/1367/216 1361/1361/216 1360/1360/216
f 67/67/5 72/72/5 63/63/5
f 67/67/5 63/63/5 55/55/5
f 1335/1335/3 1334/1334/3 1331/1331/3
f 1335/1335/3 1331/1331/3 1330/1330/3
f 72/72/1 71/71/1 61/61/1
f 72/72/1 61/61/1 63/63/1
f 1336/1336/2 1335/1335/2 1330/1330/2
f 1336/1336/2 1330/1330/2 1332/1332/2
f 71/71/3 66/66/3 56/56/3
f 71/71/3 56/56/3 61/61/3
f 1337/1337/5 1336/1336/5 1332/1332/5
f 1337/1337/5 1332/1332/5 1333/1333/5
f 66/66/16 67/67/16 55/55/16
f 66/66/2 55/55/2 56/56/2
f 1334/1334/15 1337/1337/15 1333/1333/15
f 1334/1334/1 1333/1333/1 1331/1331/1
f 1346/1346/5 1349/1349/5 1341/1341/5
f 1346/1346/5 1341/1341/5 1340/1340/5
f 1348/1348/3 1347/1347/3 1339/1339/3
f 1348/1348/3 1339/1339/3 1338/1338/3
f 1349/1349/15 1351/1351/15 1343/1343/15
f 1349/1349/15 1343/1343/15 1341/1341/15
f 1350/1350/146 1348/1348/146 1338/1338/146
f 1350/1350/146 1338/1338/146 1342/1342/146
f 1351/1351/3 1353/1353/3 1345/1345/3
f 1351/1351/3 1345/1345/3 1343/1343/3
f 1352/1352/5 1350/1350/5 1342/1342/5
f 1352/1352/5 1342/1342/5 1344/1344/5
f 1353/1353/178 1346/1346/178 1340/1340/178
f 1353/1353/2 1340/1340/2 1345/1345/2
f 1347/1347/148 1352/1352/148 1344/1344/148
f 1347/1347/148 1344/1344/148 1339/1339/148
f 1360/1360/5 1363/1363/5 1346/1346/5
f 1360/1360/5 1346/1346/5 1356/1356/5
f 1362/1362/3 1361/1361/3 1355/1355/3
f 1362/1362/3 1355/1355/3 1354/1354/3
f 1363/1363/15 1365/1365/15 1353/1353/15
f 1363/1363/15 1353/1353/15 1346/1346/15
f 1364/1364/146 1362/1362/146 1354/1354/146
f 1364/1364/146 1354/1354/146 1357/1357/146
f 1365/1365/3 1367/1367/3 1359/1359/3
f 1365/1365/3 1359/1359/3 1353/1353/3
f 1366/1366/5 1364/1364/5 1357/1357/5
f 1366/1366/5 1357/1357/5 1358/1358/5
f 1367/1367/16 1360/1360/16 1356/1356/16
f 1367/1367/251 1356/1356/251 1359/1359/251
f 1361/1361/148 1366/1366/148 1358/1358/148
f 1361/1361/165 1358/1358/165 1355/1355/165
f 1368/1368/4 1369/1369/4 1370/1370/4
f 1368/1368/4 1370/1370/4 1371/1371/4
f 1372/1372/6 1373/1373/6 1374/1374/6
f 1372/1372/6 1374/1374/6 1375/1375/6
f 1372/1372/230 1375/1375/230 1371/1371/230
f 1372/1372/278 1371/1371/278 1370/1370/278
f 1375/1375/3 1374/1374/3 1368/1368/3
f 1375/1375/3 1368/1368/3 1371/1371/3
f 1374/1374/245 1373/1373/245 1369/1369/245
f 1374/1374/279 1369/1369/279 1368/1368/279
f 1373/1373/5 1372/1372/5 1370/1370/5
f 1373/1373/5 1370/1370/5 1369/1369/5
f 1376/1376/4 1377/1377/4 1378/1378/4
f 1376/1376/4 1378/1378/4 1379/1379/4
f 1380/1380/6 1381/1381/6 1382/1382/6
f 1380/1380/6 1382/1382/6 1383/1383/6
f 1380/1380/1 1383/1383/1 1379/1379/1
f 1380/1380/1 1379/1379/1 1378/1378/1
f 1383/1383/3 1382/1382/3 1376/1376/3
f 1383/1383/3 1376/1376/3 1379/1379/3
f 1382/1382/280 1381/1381/280 1377/1377/280
f 1382/1382/281 1377/1377/281 1376/1376/281
f 1381/1381/5 1380/1380/5 1378/1378/5
f 1381/1381/5 1378/1378/5 1377/1377/5
f 1384/1384/17 1385/1385/17 50/50/17
f 1384/1384/17 50/50/17 51/51/17
f 1386/1386/138 1384/1384/138 51/51/138
f 1386/1386/4 51/51/4 46/46/4
f 1387/1387/17 1386/1386/17 46/46/17
f 1387/1387/17 46/46/17 45/45/17
f 1385/1385/163 1387/1387/163 45/45/163
f 1385/1385/177 45/45/177 50/50/177
f 39/39/120 1388/1388/120 1389/1389/120
f 39/39/120 1389/1389/120 41/41/120
f 41/41/6 1389/1389/6 1390/1390/6
f 41/41/162 1390/1390/162 33/33/162
f 33/33/120 1390/1390/120 1391/1391/120
f 33/33/120 1391/1391/120 34/34/120
f 34/34/158 1391/1391/158 1388/1388/158
f 34/34/214 1388/1388/214 39/39/214
f 1392/1392/17 1393/1393/17 1394/1394/17
f 1392/1392/4 1394/1394/4 1395/1395/4
f 1396/1396/163 1392/1392/163 1395/1395/163
f 1396/1396/4 1395/1395/4 1397/1397/4
f 1398/1398/4 1396/1396/4 1397/1397/4
f 1398/1398/4 1397/1397/4 1399/1399/4
f 1393/1393/269 1398/1398/269 1399/1399/269
f 1393/1393/4 1399/1399/4 1394/1394/4
f 1400/1400/120 1401/1401/120 1402/1402/120
f 1400/1400/120 1402/1402/120 1403/1403/120
f 1403/1403/215 1402/1402/215 1404/1404/215
f 1403/1403/238 1404/1404/238 1405/1405/238
f 1405/1405/120 1404/1404/120 1406/1406/120
f 1405/1405/120 1406/1406/120 1407/1407/120
f 1407/1407/214 1406/1406/214 1401/1401/214
f 1407/1407/6 1401/1401/6 1400/1400/6
f 1408/1408/17 1409/1409/17 1410/1410/17
f 1408/1408/17 1410/1410/17 1400/1400/17
f 1411/1411/282 1408/1408/282 1400/1400/282
f 1411/1411/4 1400/1400/4 1407/1407/4
f 1412/1412/17 1411/1411/17 1407/1407/17
f 1412/1412/17 1407/1407/17 1413/1413/17
f 1409/1409/269 1412/1412/269 1413/1413/269
f 1409/1409/4 1413/1413/4 1410/1410/4
f 1414/1414/213 1415/1415/213 1416/1416/213
f 1414/1414/142 1416/1416/142 1417/1417/142
f 1417/1417/6 1416/1416/6 1418/1418/6
f 1417/1417/8 1418/1418/8 1419/1419/8
f 1419/1419/142 1418/1418/142 1420/1420/142
f 1419/1419/213 1420/1420/213 1421/1421/213
f 1421/1421/6 1420/1420/6 1415/1415/6
f 1421/1421/162 1415/1415/162 1414/1414/162
f 39/39/2 41/41/2 51/51/2
f 39/39/16 51/51/16 50/50/16
f 1389/1389/1 1388/1388/1 1385/1385/1
f 1389/1389/1 1385/1385/1 1384/1384/1
f 41/41/5 33/33/5 46/46/5
f 41/41/5 46/46/5 51/51/5
f 1390/1390/3 1389/1389/3 1384/1384/3
f 1390/1390/3 1384/1384/3 1386/1386/3
f 33/33/1 34/34/1 45/45/1
f 33/33/15 45/45/15 46/46/15
f 1391/1391/2 1390/1390/2 1386/1386/2
f 1391/1391/2 1386/1386/2 1387/1387/2
f 34/34/3 39/39/3 50/50/3
f 34/34/3 50/50/3 45/45/3
f 1388/1388/5 1391/1391/5 1387/1387/5
f 1388/1388/5 1387/1387/5 1385/1385/5
f 1400/1400/186 1403/1403/186 1395/1395/186
f 1400/1400/16 1395/1395/16 1394/1394/16
f 1402/1402/165 1401/1401/165 1393/1393/165
f 1402/1402/152 1393/1393/152 1392/1392/152
f 1403/1403/5 1405/1405/5 1397/1397/5
f 1403/1403/5 1397/1397/5 1395/1395/5
f 1404/1404/3 1402/1402/3 1392/1392/3
f 1404/1404/3 1392/1392/3 1396/1396/3
f 1405/1405/15 1407/1407/15 1399/1399/15
f 1405/1405/15 1399/1399/15 1397/1397/15
f 1406/1406/178 1404/1404/178 1396/1396/178
f 1406/1406/16 1396/1396/16 1398/1398/16
f 1407/1407/3 1400/1400/3 1394/1394/3
f 1407/1407/3 1394/1394/3 1399/1399/3
f 1401/1401/5 1406/1406/5 1398/1398/5
f 1401/1401/5 1398/1398/5 1393/1393/5
f 1414/1414/16 1417/1417/16 1400/1400/16
f 1414/1414/16 1400/1400/16 1410/1410/16
f 1416/1416/1 1415/1415/1 1409/1409/1
f 1416/1416/1 1409/1409/1 1408/1408/1
f 1417/1417/5 1419/1419/5 1407/1407/5
f 1417/1417/5 1407/1407/5 1400/1400/5
f 1418/1418/3 1416/1416/3 1408/1408/3
f 1418/1418/3 1408/1408/3 1411/1411/3
f 1419/1419/165 1421/1421/165 1413/1413/165
f 1419/1419/165 1413/1413/165 1407/1407/165
f 1420/1420/153 1418/1418/153 1411/1411/153
f 1420/1420/149 1411/1411/149 1412/1412/149
f 1421/1421/3 1414/1414/3 1410/1410/3
f 1421/1421/3 1410/1410/3 1413/1413/3
f 1415/1415/5 1420/1420/5 1412/1412/5
f 1415/1415/5 1412/1412/5 1409/1409/5
f 1422/1422/4 1423/1423/4 1424/1424/4
f 1422/1422/4 1424/1424/4 1425/1425/4
f 1426/1426/6 1427/1427/6 1428/1428/6
f 1426/1426/6 1428/1428/6 1429/1429/6
f 1426/1426/5 1429/1429/5 1425/1425/5
f 1426/1426/5 1425/1425/5 1424/1424/5
f 1429/1429/283 1428/1428/283 1422/1422/283
f 1429/1429/200 1422/1422/200 1425/1425/200
f 1428/1428/3 1427/1427/3 1423/1423/3
f 1428/1428/3 1423/1423/3 1422/1422/3
f 1427/1427/149 1426/1426/149 1424/1424/149
f 1427/1427/246 1424/1424/246 1423/1423/246
f 1430/1430/4 1431/1431/4 1432/1432/4
f 1430/1430/4 1432/1432/4 1433/1433/4
f 1434/1434/6 1435/1435/6 1436/1436/6
f 1434/1434/6 1436/1436/6 1437/1437/6
f 1434/1434/5 1437/1437/5 1433/1433/5
f 1434/1434/5 1433/1433/5 1432/1432/5
f 1437/1437/15 1436/1436/15 1430/1430/15
f 1437/1437/278 1430/1430/278 1433/1433/278
f 1436/1436/3 1435/1435/3 1431/1431/3
f 1436/1436/3 1431/1431/3 1430/1430/3
f 1435/1435/2 1434/1434/2 1432/1432/2
f 1435/1435/2 1432/1432/2 1431/1431/2
f 1438/1438/17 1439/1439/17 1440/1440/17
f 1438/1438/17 1440/1440/17 1441/1441/17
f 1442/1442/176 1438/1438/176 1441/1441/176
f 1442/1442/4 1441/1441/4 54/54/4
f 1443/1443/17 1442/1442/17 54/54/17
f 1443/1443/4 54/54/4 48/48/4
f 1439/1439/275 1443/1443/275 48/48/275
f 1439/1439/4 48/48/4 1440/1440/4
f 1444/1444/142 1445/1445/142 1446/1446/142
f 1444/1444/213 1446/1446/213 36/36/213
f 36/36/6 1446/1446/6 1447/1447/6
f 36/36/276 1447/1447/276 42/42/276
f 42/42/6 1447/1447/6 1448/1448/6
f 42/42/120 1448/1448/120 38/38/120
f 38/38/161 1448/1448/161 1445/1445/161
f 38/38/9 1445/1445/9 1444/1444/9
f 1449/1449/4 1450/1450/4 1451/1451/4
f 1449/1449/17 1451/1451/17 1452/1452/17
f 1453/1453/13 1449/1449/13 1452/1452/13
f 1453/1453/4 1452/1452/4 1454/1454/4
f 1455/1455/17 1453/1453/17 1454/1454/17
f 1455/1455/17 1454/1454/17 1456/1456/17
f 1450/1450/138 1455/1455/138 1456/1456/138
f 1450/1450/275 1456/1456/275 1451/1451/275
f 1457/1457/120 1458/1458/120 1459/1459/120
f 1457/1457/6 1459/1459/6 1460/1460/6
f 1460/1460/6 1459/1459/6 1461/1461/6
f 1460/1460/6 1461/1461/6 1462/1462/6
f 1462/1462/120 1461/1461/120 1463/1463/120
f 1462/1462/120 1463/1463/120 1464/1464/120
f 1464/1464/6 1463/1463/6 1458/1458/6
f 1464/1464/8 1458/1458/8 1457/1457/8
f 1465/1465/17 1466/1466/17 1467/1467/17
f 1465/1465/17 1467/1467/17 1457/1457/17
f 1468/1468/127 1465/1465/127 1457/1457/127
f 1468/1468/4 1457/1457/4 1464/1464/4
f 1469/1469/17 1468/1468/17 1464/1464/17
f 1469/1469/17 1464/1464/17 1470/1470/17
f 1466/1466/128 1469/1469/128 1470/1470/128
f 1466/1466/4 1470/1470/4 1467/1467/4
f 1471/1471/6 1472/1472/6 1473/1473/6
f 1471/1471/120 1473/1473/120 1474/1474/120
f 1474/1474/273 1473/1473/273 1475/1475/273
f 1474/1474/155 1475/1475/155 1476/1476/155
f 1476/1476/120 1475/1475/120 1477/1477/120
f 1476/1476/6 1477/1477/6 1478/1478/6
f 1478/1478/284 1477/1477/284 1472/1472/284
f 1478/1478/285 1472/1472/285 1471/1471/285
f 1444/1444/16 36/36/16 1441/1441/16
f 1444/1444/2 1441/1441/2 1440/1440/2
f 1446/1446/15 1445/1445/15 1439/1439/15
f 1446/1446/1 1439/1439/1 1438/1438/1
f 36/36/5 42/42/5 54/54/5
f 36/36/5 54/54/5 1441/1441/5
f 1447/1447/3 1446/1446/3 1438/1438/3
f 1447/1447/3 1438/1438/3 1442/1442/3
f 42/42/15 38/38/15 48/48/15
f 42/42/1 48/48/1 54/54/1
f 1448/1448/2 1447/1447/2 1442/1442/2
f 1448/1448/2 1442/1442/2 1443/1443/2
f 38/38/3 1444/1444/3 1440/1440/3
f 38/38/3 1440/1440/3 48/48/3
f 1445/1445/5 1448/1448/5 1443/1443/5
f 1445/1445/5 1443/1443/5 1439/1439/5
f 1457/1457/16 1460/1460/16 1452/1452/16
f 1457/1457/186 1452/1452/186 1451/1451/186
f 1459/1459/165 1458/1458/165 1450/1450/165
f 1459/1459/165 1450/1450/165 1449/1449/165
f 1460/1460/5 1462/1462/5 1454/1454/5
f 1460/1460/5 1454/1454/5 1452/1452/5
f 1461/1461/3 1459/1459/3 1449/1449/3
f 1461/1461/3 1449/1449/3 1453/1453/3
f 1462/1462/150 1464/1464/150 1456/1456/150
f 1462/1462/1 1456/1456/1 1454/1454/1
f 1463/1463/178 1461/1461/178 1453/1453/178
f 1463/1463/16 1453/1453/16 1455/1455/16
f 1464/1464/3 1457/1457/3 1451/1451/3
f 1464/1464/3 1451/1451/3 1456/1456/3
f 1458/1458/5 1463/1463/5 1455/1455/5
f 1458/1458/5 1455/1455/5 1450/1450/5
f 1471/1471/178 1474/1474/178 1457/1457/178
f 1471/1471/147 1457/1457/147 1467/1467/147
f 1473/1473/1 1472/1472/1 1466/1466/1
f 1473/1473/1 1466/1466/1 1465/1465/1
f 1474/1474/5 1476/1476/5 1464/1464/5
f 1474/1474/5 1464/1464/5 1457/1457/5
f 1475/1475/3 1473/1473/3 1465/1465/3
f 1475/1475/3 1465/1465/3 1468/1468/3
f 1476/1476/165 1478/1478/165 1470/1470/165
f 1476/1476/165 1470/1470/165 1464/1464/165
f 1477/1477/2 1475/1475/2 1468/1468/2
f 1477/1477/2 1468/1468/2 1469/1469/2
f 1478/1478/3 1471/1471/3 1467/1467/3
f 1478/1478/3 1467/1467/3 1470/1470/3
f 1472/1472/5 1477/1477/5 1469/1469/5
f 1472/1472/5 1469/1469/5 1466/1466/5
f 1479/1479/4 1480/1480/4 1481/1481/4
f 1479/1479/4 1481/1481/4 1482/1482/4
f 1483/1483/6 1484/1484/6 1485/1485/6
f 1483/1483/6 1485/1485/6 1486/1486/6
f 1483/1483/5 1486/1486/5 1482/1482/5
f 1483/1483/5 1482/1482/5 1481/1481/5
f 1486/1486/166 1485/1485/166 1479/1479/166
f 1486/1486/283 1479/1479/283 1482/1482/283
f 1485/1485/3 1484/1484/3 1480/1480/3
f 1485/1485/3 1480/1480/3 1479/1479/3
f 1484/1484/286 1483/1483/286 1481/1481/286
f 1484/1484/281 1481/1481/281 1480/1480/281
f 1487/1487/4 1488/1488/4 1489/1489/4
f 1487/1487/4 1489/1489/4 1490/1490/4
f 1491/1491/6 1492/1492/6 1493/1493/6
f 1491/1491/6 1493/1493/6 1494/1494/6
f 1491/1491/5 1494/1494/5 1490/1490/5
f 1491/1491/5 1490/1490/5 1489/1489/5
f 1494/1494/15 1493/1493/15 1487/1487/15
f 1494/1494/15 1487/1487/15 1490/1490/15
f 1493/1493/3 1492/1492/3 1488/1488/3
f 1493/1493/3 1488/1488/3 1487/1487/3
f 1492/1492/287 1491/1491/287 1489/1489/287
f 1492/1492/2 1489/1489/2 1488/1488/2
f 1495/1495/288 1496/1496/288 1497/1497/288
f 1495/1495/288 1497/1497/288 1498/1498/288
f 1496/1496/289 1499/1499/289 1500/1500/289
f 1496/1496/290 1500/1500/290 1497/1497/290
f 1499/1499/291 1501/1501/291 1502/1502/291
f 1499/1499/291 1502/1502/291 1500/1500/291
f 1501/1501/292 1495/1495/292 1498/1498/292
f 1501/1501/293 1498/1498/293 1502/1502/293
f 1503/1503/294 1504/1504/294 1505/1505/294
f 1503/1503/294 1505/1505/294 1506/1506/294
f 1504/1504/295 1496/1496/295 1507/1507/295
f 1504/1504/296 1507/1507/296 1505/1505/296
f 1496/1496/297 1495/1495/297 1508/1508/297
f 1496/1496/298 1508/1508/298 1507/1507/298
f 1495/1495/299 1503/1503/299 1506/1506/299
f 1495/1495/300 1506/1506/300 1508/1508/300
f 1509/1509/301 213/213/301 215/215/301
f 1509/1509/301 215/215/301 1510/1510/301
f 1511/1511/302 212/212/302 213/213/302
f 1511/1511/303 213/213/303 1509/1509/303
f 1512/1512/301 214/214/301 212/212/301
f 1512/1512/301 212/212/301 1511/1511/301
f 1510/1510/304 215/215/304 214/214/304
f 1510/1510/305 214/214/305 1512/1512/305
f 1513/1513/306 216/216/306 217/217/306
f 1513/1513/306 217/217/306 1514/1514/306
f 1515/1515/306 213/213/306 216/216/306
f 1515/1515/307 216/216/307 1513/1513/307
f 1516/1516/306 215/215/306 213/213/306
f 1516/1516/306 213/213/306 1515/1515/306
f 1514/1514/306 217/217/306 215/215/306
f 1514/1514/308 215/215/308 1516/1516/308
f 1498/1498/309 1497/1497/309 1509/1509/309
f 1498/1498/309 1509/1509/309 1510/1510/309
f 1499/1499/310 1496/1496/310 213/213/310
f 1499/1499/6 213/213/6 212/212/6
f 1497/1497/13 1500/1500/13 1511/1511/13
f 1497/1497/311 1511/1511/311 1509/1509/311
f 1501/1501/312 1499/1499/312 212/212/312
f 1501/1501/312 212/212/312 214/214/312
f 1500/1500/313 1502/1502/313 1512/1512/313
f 1500/1500/314 1512/1512/314 1511/1511/314
f 1495/1495/315 1501/1501/315 214/214/315
f 1495/1495/316 214/214/316 215/215/316
f 1502/1502/240 1498/1498/240 1510/1510/240
f 1502/1502/6 1510/1510/6 1512/1512/6
f 1504/1504/317 1503/1503/317 217/217/317
f 1504/1504/317 217/217/317 216/216/317
f 1506/1506/318 1505/1505/318 1513/1513/318
f 1506/1506/319 1513/1513/319 1514/1514/319
f 1496/1496/320 1504/1504/320 216/216/320
f 1496/1496/174 216/216/174 213/213/174
f 1505/1505/321 1507/1507/321 1515/1515/321
f 1505/1505/206 1515/1515/206 1513/1513/206
f 1507/1507/322 1508/1508/322 1516/1516/322
f 1507/1507/317 1516/1516/317 1515/1515/317
f 1503/1503/323 1495/1495/323 215/215/323
f 1503/1503/324 215/215/324 217/217/324
f 1508/1508/325 1506/1506/325 1514/1514/325
f 1508/1508/326 1514/1514/326 1516/1516/326
f 1511/1511/291 1512/1512/291 1510/1510/291
f 1511/1511/291 1510/1510/291 1509/1509/291
f 1515/1515/327 1516/1516/327 1514/1514/327
f 1515/1515/294 1514/1514/294 1513/1513/294
f 1517/1517/6 1518/1518/6 1519/1519/6
f 1517/1517/6 1519/1519/6 1520/1520/6
f 1518/1518/6 1521/1521/6 1522/1522/6
f 1518/1518/6 1522/1522/6 1519/1519/6
f 1523/1523/4 1496/1496/4 1524/1524/4
f 1523/1523/4 1524/1524/4 1525/1525/4
f 1526/1526/4 1527/1527/4 1496/1496/4
f 1526/1526/4 1496/1496/4 1523/1523/4
f 1523/1523/107 1525/1525/107 1520/1520/107
f 1523/1523/328 1520/1520/328 1519/1519/328
f 1525/1525/2 1524/1524/2 1517/1517/2
f 1525/1525/2 1517/1517/2 1520/1520/2
f 1524/1524/329 1496/1496/329 1518/1518/329
f 1524/1524/293 1518/1518/293 1517/1517/293
f 1526/1526/330 1523/1523/330 1519/1519/330
f 1526/1526/331 1519/1519/331 1522/1522/331
f 1496/1496/332 1527/1527/332 1521/1521/332
f 1496/1496/333 1521/1521/333 1518/1518/333
f 1527/1527/152 1526/1526/152 1522/1522/152
f 1527/1527/188 1522/1522/188 1521/1521/188
f 1528/1528/334 1529/1529/334 1530/1530/334
f 1531/1531/335 1532/1532/335 1533/1533/335
f 1534/1534/336 1535/1535/336 1536/1536/336
f 1537/1537/337 1538/1538/337 1539/1539/337
f 1540/1540/338 1541/1541/338 1542/1542/338
f 1538/1538/339 1543/1543/339 1539/1539/339
f 1544/1544/4 1538/1538/4 1545/1545/4
f 1546/1546/2 1547/1547/2 1538/1538/2
f 1548/1548/6 1549/1549/6 1547/1547/6
f 1550/1550/340 1551/1551/340 1546/1546/340
f 1538/1538/341 1552/1552/341 1553/1553/341
f 1554/1554/342 1538/1538/342 1551/1551/342
f 1555/1555/343 1546/1546/343 1539/1539/343
f 1540/1540/344 1547/1547/344 1556/1556/344
f 1539/1539/345 1546/1546/345 1557/1557/345
f 1558/1558/346 1547/1547/346 1559/1559/346
f 1560/1560/347 1561/1561/347 1562/1562/347
f 1563/1563/334 1558/1558/334 1564/1564/334
f 1565/1565/348 1566/1566/348 1567/1567/348
f 1547/1547/349 1568/1568/349 1559/1559/349
f 1569/1569/350 1570/1570/350 1571/1571/350
f 1565/1565/351 1570/1570/351 1572/1572/351
f 1573/1573/352 1535/1535/352 1528/1528/352
f 1574/1574/353 1560/1560/353 1528/1528/353
f 1549/1549/354 1574/1574/354 1529/1529/354
f 1530/1530/355 1549/1549/355 1529/1529/355
f 1533/1533/356 1575/1575/356 1532/1532/356
f 1576/1576/357 1533/1533/357 1531/1531/357
f 1577/1577/358 1576/1576/358 1531/1531/358
f 1538/1538/359 1536/1536/359 1534/1534/359
f 1573/1573/359 1575/1575/359 1535/1535/359
f 1541/1541/360 1555/1555/360 1542/1542/360
f 1560/1560/361 1573/1573/361 1528/1528/361
f 1547/1547/362 1578/1578/362 1579/1579/362
f 1547/1547/363 1555/1555/363 1539/1539/363
f 1572/1572/364 1570/1570/364 1580/1580/364
f 1537/1537/345 1539/1539/345 1557/1557/345
f 1565/1565/365 1577/1577/365 1532/1532/365
f 1528/1528/334 1574/1574/334 1529/1529/334
f 1531/1531/335 1577/1577/335 1532/1532/335
f 1534/1534/336 1575/1575/336 1535/1535/336
f 1548/1548/366 1541/1541/366 1556/1556/366
f 1544/1544/4 1546/1546/4 1538/1538/4
f 1546/1546/2 1548/1548/2 1547/1547/2
f 1548/1548/6 1581/1581/6 1549/1549/6
f 1549/1549/367 1564/1564/367 1582/1582/367
f 1547/1547/368 1579/1579/368 1556/1556/368
f 1538/1538/369 1537/1537/369 1551/1551/369
f 1568/1568/370 1547/1547/370 1536/1536/370
f 1542/1542/371 1547/1547/371 1540/1540/371
f 1551/1551/372 1537/1537/372 1557/1557/372
f 1541/1541/373 1540/1540/373 1556/1556/373
f 1558/1558/374 1583/1583/374 1562/1562/374
f 1560/1560/375 1584/1584/375 1561/1561/375
f 1585/1585/354 1586/1586/354 1587/1587/354
f 1576/1576/376 1569/1569/376 1571/1571/376
f 1536/1536/377 1547/1547/377 1530/1530/377
f 1552/1552/378 1576/1576/378 1571/1571/378
f 1565/1565/379 1567/1567/379 1570/1570/379
f 1588/1588/380 1553/1553/380 1559/1559/380
f 1553/1553/381 1552/1552/381 1566/1566/381
f 1566/1566/382 1573/1573/382 1583/1583/382
f 1566/1566/383 1552/1552/383 1567/1567/383
f 1535/1535/384 1530/1530/384 1528/1528/384
f 1549/1549/385 1563/1563/385 1564/1564/385
f 1549/1549/354 1582/1582/354 1574/1574/354
f 1530/1530/355 1547/1547/355 1549/1549/355
f 1538/1538/386 1534/1534/386 1533/1533/386
f 1576/1576/357 1538/1538/357 1533/1533/357
f 1577/1577/387 1580/1580/387 1576/1576/387
f 1573/1573/359 1589/1589/359 1575/1575/359
f 1575/1575/388 1589/1589/388 1532/1532/388
f 1538/1538/389 1588/1588/389 1559/1559/389
f 1572/1572/390 1580/1580/390 1577/1577/390
f 1573/1573/391 1560/1560/391 1583/1583/391
f 1558/1558/374 1559/1559/374 1583/1583/374
f 1575/1575/392 1533/1533/392 1566/1566/392
f 1536/1536/393 1530/1530/393 1559/1559/393
f 1583/1583/394 1560/1560/394 1562/1562/394
f 1590/1590/357 1591/1591/357 1592/1592/357
f 1593/1593/359 1594/1594/359 1595/1595/359
f 1596/1596/395 1597/1597/395 1598/1598/395
f 1599/1599/396 1600/1600/396 1601/1601/396
f 1598/1598/397 1597/1597/397 1602/1602/397
f 1598/1598/398 1603/1603/398 1604/1604/398
f 1605/1605/399 1606/1606/399 1598/1598/399
f 1606/1606/400 1605/1605/400 1607/1607/400
f 1608/1608/401 1603/1603/401 1609/1609/401
f 1610/1610/402 1611/1611/402 1612/1612/402
f 1613/1613/403 1609/1609/403 1598/1598/403
f 1614/1614/404 1597/1597/404 1603/1603/404
f 1599/1599/405 1615/1615/405 1605/1605/405
f 1616/1616/406 1617/1617/406 1618/1618/406
f 1597/1597/407 1619/1619/407 1603/1603/407
f 1620/1620/408 1621/1621/408 1622/1622/408
f 1623/1623/409 1624/1624/409 1618/1618/409
f 1625/1625/410 1616/1616/410 1620/1620/410
f 1626/1626/411 1627/1627/411 1628/1628/411
f 1622/1622/412 1621/1621/412 1629/1629/412
f 1630/1630/413 1631/1631/413 1632/1632/413
f 1626/1626/414 1633/1633/414 1632/1632/414
f 1634/1634/415 1635/1635/415 1636/1636/415
f 1637/1637/416 1635/1635/416 1623/1623/416
f 1617/1617/417 1638/1638/417 1637/1637/417
f 1639/1639/418 1638/1638/418 1617/1617/418
f 1640/1640/419 1641/1641/419 1642/1642/419
f 1643/1643/420 1644/1644/420 1640/1640/420
f 1645/1645/421 1644/1644/421 1643/1643/421
f 1610/1610/422 1646/1646/422 1647/1647/422
f 1634/1634/423 1636/1636/423 1642/1642/423
f 1601/1601/424 1600/1600/424 1614/1614/424
f 1623/1623/425 1635/1635/425 1634/1634/425
f 1605/1605/426 1648/1648/426 1649/1649/426
f 1605/1605/427 1597/1597/427 1614/1614/427
f 1633/1633/428 1650/1650/428 1632/1632/428
f 1596/1596/429 1619/1619/429 1597/1597/429
f 1626/1626/430 1641/1641/430 1645/1645/430
f 1585/1585/354 1587/1587/354 1651/1651/354
f 1590/1590/357 1592/1592/357 1652/1652/357
f 1593/1593/359 1595/1595/359 1653/1653/359
f 1606/1606/431 1615/1615/431 1601/1601/431
f 1606/1606/17 1607/1607/17 1654/1654/17
f 1603/1603/432 1655/1655/432 1604/1604/432
f 1605/1605/433 1615/1615/433 1648/1648/433
f 1598/1598/434 1609/1609/434 1596/1596/434
f 1629/1629/435 1647/1647/435 1622/1622/435
f 1609/1609/436 1619/1619/436 1596/1596/436
f 1601/1601/437 1615/1615/437 1599/1599/437
f 1620/1620/438 1624/1624/438 1656/1656/438
f 1623/1623/439 1618/1618/439 1657/1657/439
f 1643/1643/440 1631/1631/440 1630/1630/440
f 1647/1647/441 1639/1639/441 1622/1622/441
f 1612/1612/442 1631/1631/442 1643/1643/442
f 1626/1626/443 1632/1632/443 1627/1627/443
f 1658/1658/444 1621/1621/444 1611/1611/444
f 1611/1611/445 1628/1628/445 1612/1612/445
f 1628/1628/446 1656/1656/446 1634/1634/446
f 1628/1628/356 1627/1627/356 1612/1612/356
f 1636/1636/447 1635/1635/447 1639/1639/447
f 1617/1617/448 1616/1616/448 1625/1625/448
f 1617/1617/449 1637/1637/449 1659/1659/449
f 1639/1639/450 1617/1617/450 1622/1622/450
f 1610/1610/451 1640/1640/451 1646/1646/451
f 1643/1643/452 1640/1640/452 1610/1610/452
f 1645/1645/453 1643/1643/453 1650/1650/453
f 1606/1606/454 1603/1603/454 1598/1598/454
f 1634/1634/423 1642/1642/423 1660/1660/423
f 1642/1642/455 1641/1641/455 1660/1660/455
f 1610/1610/456 1621/1621/456 1658/1658/456
f 1633/1633/457 1645/1645/457 1650/1650/457
f 1634/1634/458 1656/1656/458 1623/1623/458
f 1620/1620/459 1656/1656/459 1621/1621/459
f 1642/1642/460 1628/1628/460 1640/1640/460
f 1533/1533/461 1591/1591/461 1590/1590/461
f 1647/1647/462 1621/1621/462 1639/1639/462
f 1656/1656/463 1624/1624/463 1623/1623/463
f 1533/1533/464 1590/1590/464 1531/1531/464
f 1528/1528/465 1651/1651/466 1574/1574/467
f 1534/1534/468 1653/1653/469 1575/1575/470
f 1531/1531/471 1652/1652/471 1577/1577/471
f 1574/1574/472 1587/1587/472 1529/1529/472
f 1575/1575/473 1595/1595/473 1535/1535/473
f 1529/1529/474 1586/1586/474 1530/1530/474
f 1577/1577/475 1592/1592/475 1532/1532/475
f 1532/1532/476 1591/1591/477 1533/1533/476
f 1535/1535/478 1594/1594/479 1536/1536/478
f 1528/1528/480 1586/1586/480 1585/1585/480
f 1536/1536/481 1593/1593/481 1534/1534/481
f 1614/1614/482 1600/1600/482 1599/1599/482
f 1528/1528/483 1585/1585/483 1651/1651/483
f 1534/1534/484 1593/1593/484 1653/1653/484
f 1531/1531/485 1590/1590/485 1652/1652/485
f 1574/1574/486 1651/1651/486 1587/1587/486
f 1575/1575/487 1653/1653/487 1595/1595/487
f 1529/1529/488 1587/1587/488 1586/1586/488
f 1577/1577/489 1652/1652/489 1592/1592/489
f 1532/1532/490 1592/1592/491 1591/1591/491
f 1535/1535/492 1595/1595/493 1594/1594/493
f 1528/1528/494 1530/1530/495 1586/1586/496
f 1536/1536/497 1594/1594/497 1593/1593/497
f 1538/1538/3 1661/1661/3 1545/1545/3
f 1550/1550/193 1545/1545/193 1554/1554/193
f 1547/1547/3 1543/1543/3 1538/1538/3
f 1546/1546/498 1555/1555/498 1548/1548/498
f 1574/1574/499 1584/1584/499 1560/1560/499
f 1581/1581/2 1662/1662/2 1549/1549/2
f 1579/1579/251 1662/1662/251 1556/1556/251
f 1548/1548/5 1662/1662/5 1581/1581/5
f 1564/1564/367 1561/1561/367 1582/1582/367
f 1662/1662/500 1548/1548/500 1556/1556/500
f 1584/1584/501 1582/1582/501 1561/1561/501
f 1568/1568/502 1538/1538/502 1559/1559/502
f 1588/1588/503 1538/1538/503 1553/1553/503
f 1565/1565/504 1589/1589/504 1566/1566/504
f 1533/1533/505 1534/1534/505 1553/1553/505
f 1589/1589/506 1565/1565/506 1532/1532/506
f 1545/1545/2 1661/1661/2 1554/1554/2
f 1562/1562/507 1530/1530/507 1558/1558/507
f 1561/1561/508 1528/1528/508 1562/1562/508
f 1552/1552/378 1538/1538/378 1576/1576/378
f 1564/1564/509 1574/1574/509 1561/1561/509
f 1558/1558/510 1529/1529/510 1564/1564/510
f 1567/1567/511 1533/1533/511 1532/1532/511
f 1571/1571/512 1533/1533/512 1552/1552/512
f 1571/1571/513 1577/1577/513 1531/1531/513
f 1572/1572/514 1577/1577/514 1565/1565/514
f 1567/1567/515 1577/1577/515 1570/1570/515
f 1553/1553/516 1536/1536/516 1559/1559/516
f 1566/1566/517 1533/1533/517 1553/1553/517
f 1583/1583/518 1575/1575/518 1566/1566/518
f 1559/1559/519 1530/1530/519 1583/1583/519
f 1661/1661/520 1538/1538/520 1554/1554/520
f 1543/1543/521 1547/1547/521 1539/1539/521
f 1546/1546/5 1544/1544/5 1550/1550/5
f 1554/1554/522 1551/1551/522 1550/1550/522
f 1550/1550/16 1544/1544/16 1545/1545/16
f 1551/1551/523 1557/1557/523 1546/1546/523
f 1547/1547/3 1549/1549/3 1578/1578/3
f 1579/1579/2 1578/1578/2 1549/1549/2
f 1574/1574/524 1582/1582/524 1584/1584/524
f 1662/1662/2 1579/1579/2 1549/1549/2
f 1555/1555/525 1541/1541/525 1548/1548/525
f 1569/1569/526 1576/1576/526 1570/1570/526
f 1558/1558/527 1563/1563/527 1549/1549/527
f 1538/1538/528 1568/1568/528 1536/1536/528
f 1542/1542/529 1555/1555/529 1547/1547/529
f 1562/1562/530 1528/1528/530 1530/1530/530
f 1566/1566/382 1589/1589/382 1573/1573/382
f 1561/1561/531 1574/1574/531 1528/1528/531
f 1564/1564/532 1529/1529/532 1574/1574/532
f 1547/1547/533 1558/1558/533 1549/1549/533
f 1558/1558/534 1530/1530/534 1529/1529/534
f 1567/1567/535 1552/1552/535 1533/1533/535
f 1571/1571/536 1531/1531/536 1533/1533/536
f 1570/1570/537 1576/1576/537 1580/1580/537
f 1571/1571/538 1570/1570/538 1577/1577/538
f 1567/1567/539 1532/1532/539 1577/1577/539
f 1553/1553/540 1534/1534/540 1536/1536/540
f 1530/1530/541 1535/1535/541 1583/1583/541
f 1583/1583/542 1535/1535/542 1575/1575/542
f 1598/1598/5 1604/1604/5 1663/1663/5
f 1608/1608/543 1613/1613/543 1604/1604/543
f 1605/1605/544 1598/1598/544 1602/1602/544
f 1603/1603/545 1606/1606/545 1614/1614/545
f 1637/1637/546 1623/1623/546 1657/1657/546
f 1654/1654/165 1607/1607/165 1664/1664/165
f 1648/1648/547 1615/1615/547 1664/1664/547
f 1606/1606/548 1654/1654/548 1664/1664/548
f 1664/1664/549 1615/1615/549 1606/1606/549
f 1657/1657/550 1618/1618/550 1659/1659/550
f 1629/1629/551 1621/1621/551 1610/1610/551
f 1658/1658/552 1611/1611/552 1610/1610/552
f 1626/1626/553 1628/1628/553 1660/1660/553
f 1640/1640/554 1611/1611/554 1646/1646/554
f 1660/1660/555 1641/1641/555 1626/1626/555
f 1604/1604/202 1613/1613/202 1663/1663/202
f 1639/1639/556 1635/1635/556 1620/1620/556
f 1618/1618/557 1624/1624/557 1635/1635/557
f 1612/1612/558 1643/1643/558 1610/1610/558
f 1616/1616/559 1618/1618/559 1637/1637/559
f 1638/1638/560 1639/1639/560 1616/1616/560
f 1640/1640/561 1612/1612/561 1641/1641/561
f 1640/1640/562 1644/1644/562 1612/1612/562
f 1631/1631/563 1644/1644/563 1645/1645/563
f 1633/1633/564 1626/1626/564 1645/1645/564
f 1645/1645/565 1641/1641/565 1632/1632/565
f 1647/1647/566 1646/1646/566 1621/1621/566
f 1628/1628/567 1611/1611/567 1640/1640/567
f 1642/1642/568 1636/1636/568 1628/1628/568
f 1621/1621/569 1656/1656/569 1639/1639/569
f 1663/1663/570 1613/1613/570 1598/1598/570
f 1602/1602/571 1597/1597/571 1605/1605/571
f 1635/1635/572 1624/1624/572 1620/1620/572
f 1617/1617/573 1659/1659/573 1618/1618/573
f 1603/1603/574 1608/1608/574 1655/1655/574
f 1613/1613/575 1608/1608/575 1609/1609/575
f 1608/1608/148 1604/1604/148 1655/1655/148
f 1609/1609/576 1603/1603/576 1619/1619/576
f 1605/1605/252 1649/1649/252 1607/1607/252
f 1648/1648/209 1607/1607/209 1649/1649/209
f 1637/1637/577 1657/1657/577 1659/1659/577
f 1664/1664/15 1607/1607/15 1648/1648/15
f 1605/1605/578 1614/1614/578 1599/1599/578
f 1614/1614/579 1606/1606/579 1601/1601/579
f 1630/1630/580 1632/1632/580 1643/1643/580
f 1620/1620/581 1617/1617/581 1625/1625/581
f 1610/1610/582 1647/1647/582 1629/1629/582
f 1641/1641/583 1627/1627/583 1632/1632/583
f 1628/1628/446 1634/1634/446 1660/1660/446
f 1618/1618/584 1635/1635/584 1637/1637/584
f 1616/1616/585 1637/1637/585 1638/1638/585
f 1622/1622/586 1617/1617/586 1620/1620/586
f 1636/1636/568 1656/1656/568 1628/1628/568
f 1646/1646/587 1611/1611/587 1621/1621/587
f 1639/1639/588 1620/1620/588 1616/1616/588
f 1632/1632/589 1650/1650/589 1643/1643/589
f 1631/1631/590 1645/1645/590 1632/1632/590
f 1612/1612/591 1627/1627/591 1641/1641/591
f 1644/1644/592 1631/1631/592 1612/1612/592
f 1639/1639/593 1656/1656/593 1636/1636/593
f 1538/1538/6 1665/1665/6 1545/1545/6
f 1547/1547/1 1666/1666/1 1538/1538/1
f 1549/1549/4 1667/1667/4 1547/1547/4
f 1668/1668/5 1669/1669/5 1667/1667/5
f 1669/1669/5 1666/1666/5 1667/1667/5
f 1670/1670/5 1665/1665/5 1666/1666/5
f 1671/1671/2 1549/1549/2 1582/1582/2
f 1538/1538/6 1666/1666/6 1665/1665/6
f 1547/1547/1 1667/1667/1 1666/1666/1
f 1549/1549/4 1668/1668/4 1667/1667/4
f 1668/1668/5 1671/1671/5 1669/1669/5
f 1669/1669/5 1670/1670/5 1666/1666/5
f 1670/1670/5 1672/1672/5 1665/1665/5
f 1671/1671/2 1668/1668/2 1549/1549/2
f 1673/1673/3 1674/1674/3 1675/1675/3
f 1673/1673/3 1675/1675/3 1676/1676/3
f 1674/1674/3 1677/1677/3 1678/1678/3
f 1674/1674/3 1678/1678/3 1675/1675/3
f 1677/1677/3 1679/1679/3 1680/1680/3
f 1677/1677/3 1680/1680/3 1678/1678/3
f 1679/1679/3 1673/1673/3 1676/1676/3
f 1679/1679/3 1676/1676/3 1680/1680/3
f 1681/1681/5 1682/1682/5 1683/1683/5
f 1681/1681/5 1683/1683/5 1684/1684/5
f 1682/1682/5 1685/1685/5 1686/1686/5
f 1682/1682/5 1686/1686/5 1683/1683/5
f 1685/1685/5 1687/1687/5 1688/1688/5
f 1685/1685/5 1688/1688/5 1686/1686/5
f 1687/1687/5 1681/1681/5 1684/1684/5
f 1687/1687/5 1684/1684/5 1688/1688/5
f 1689/1689/3 1690/1690/3 1691/1691/3
f 1689/1689/3 1691/1691/3 1692/1692/3
f 1690/1690/3 1693/1693/3 1694/1694/3
f 1690/1690/3 1694/1694/3 1691/1691/3
f 1693/1693/3 1695/1695/3 1696/1696/3
f 1693/1693/3 1696/1696/3 1694/1694/3
f 1695/1695/3 1689/1689/3 1692/1692/3
f 1695/1695/3 1692/1692/3 1696/1696/3
f 1697/1697/3 1698/1698/3 1699/1699/3
f 1697/1697/3 1699/1699/3 1700/1700/3
f 1698/1698/3 1701/1701/3 1702/1702/3
f 1698/1698/3 1702/1702/3 1699/1699/3
f 1701/1701/3 1703/1703/3 1704/1704/3
f 1701/1701/3 1704/1704/3 1702/1702/3
f 1703/1703/3 1697/1697/3 1700/1700/3
f 1703/1703/3 1700/1700/3 1704/1704/3
f 1705/1705/5 1706/1706/5 1707/1707/5
f 1705/1705/5 1707/1707/5 1708/1708/5
f 1706/1706/5 1709/1709/5 1710/1710/5
f 1706/1706/5 1710/1710/5 1707/1707/5
f 1709/1709/5 1711/1711/5 1712/1712/5
f 1709/1709/5 1712/1712/5 1710/1710/5
f 1711/1711/5 1705/1705/5 1708/1708/5
f 1711/1711/5 1708/1708/5 1712/1712/5
f 1713/1713/3 1714/1714/3 1715/1715/3
f 1713/1713/3 1715/1715/3 1716/1716/3
f 1714/1714/3 1717/1717/3 1718/1718/3
f 1714/1714/3 1718/1718/3 1715/1715/3
f 1717/1717/3 1719/1719/3 1720/1720/3
f 1717/1717/3 1720/1720/3 1718/1718/3
f 1719/1719/3 1713/1713/3 1716/1716/3
f 1719/1719/3 1716/1716/3 1720/1720/3
f 1721/1721/3 1722/1722/3 1723/1723/3
f 1721/1721/3 1723/1723/3 1724/1724/3
f 1722/1722/3 1725/1725/3 1726/1726/3
f 1722/1722/3 1726/1726/3 1723/1723/3
f 1725/1725/3 1727/1727/3 1728/1728/3
f 1725/1725/3 1728/1728/3 1726/1726/3
f 1727/1727/3 1721/1721/3 1724/1724/3
f 1727/1727/3 1724/1724/3 1728/1728/3
f 1729/1729/5 1730/1730/5 1731/1731/5
f 1729/1729/5 1731/1731/5 1732/1732/5
f 1730/1730/5 1733/1733/5 1734/1734/5
f 1730/1730/5 1734/1734/5 1731/1731/5
f 1733/1733/5 1735/1735/5 1736/1736/5
f 1733/1733/5 1736/1736/5 1734/1734/5
f 1735/1735/5 1729/1729/5 1732/1732/5
f 1735/1735/5 1732/1732/5 1736/1736/5
f 1737/1737/3 1738/1738/3 1739/1739/3
f 1737/1737/3 1739/1739/3 1740/1740/3
f 1738/1738/3 1741/1741/3 1742/1742/3
f 1738/1738/3 1742/1742/3 1739/1739/3
f 1741/1741/3 1743/1743/3 1744/1744/3
f 1741/1741/3 1744/1744/3 1742/1742/3
f 1743/1743/3 1737/1737/3 1740/1740/3
f 1743/1743/3 1740/1740/3 1744/1744/3
f 1745/1745/3 1746/1746/3 1747/1747/3
f 1745/1745/3 1747/1747/3 1748/1748/3
f 1746/1746/3 1749/1749/3 1750/1750/3
f 1746/1746/3 1750/1750/3 1747/1747/3
f 1749/1749/3 1751/1751/3 1752/1752/3
f 1749/1749/3 1752/1752/3 1750/1750/3
f 1751/1751/3 1745/1745/3 1748/1748/3
f 1751/1751/3 1748/1748/3 1752/1752/3
f 1753/1753/5 1754/1754/5 1755/1755/5
f 1753/1753/5 1755/1755/5 1756/1756/5
f 1754/1754/5 1757/1757/5 1758/1758/5
f 1754/1754/5 1758/1758/5 1755/1755/5
f 1757/1757/5 1759/1759/5 1760/1760/5
f 1757/1757/5 1760/1760/5 1758/1758/5
f 1759/1759/5 1753/1753/5 1756/1756/5
f 1759/1759/5 1756/1756/5 1760/1760/5
f 1761/1761/3 1762/1762/3 1763/1763/3
f 1761/1761/3 1763/1763/3 1764/1764/3
f 1762/1762/3 1765/1765/3 1766/1766/3
f 1762/1762/3 1766/1766/3 1763/1763/3
f 1765/1765/3 1767/1767/3 1768/1768/3
f 1765/1765/3 1768/1768/3 1766/1766/3
f 1767/1767/3 1761/1761/3 1764/1764/3
f 1767/1767/3 1764/1764/3 1768/1768/3
f 1769/1769/3 1770/1770/3 1771/1771/3
f 1769/1769/3 1771/1771/3 1772/1772/3
f 1770/1770/3 1773/1773/3 1774/1774/3
f 1770/1770/3 1774/1774/3 1771/1771/3
f 1773/1773/3 1775/1775/3 1776/1776/3
f 1773/1773/3 1776/1776/3 1774/1774/3
f 1775/1775/3 1769/1769/3 1772/1772/3
f 1775/1775/3 1772/1772/3 1776/1776/3
f 1777/1777/5 1778/1778/5 1779/1779/5
f 1777/1777/5 1779/1779/5 1780/1780/5
f 1778/1778/5 1781/1781/5 1782/1782/5
f 1778/1778/5 1782/1782/5 1779/1779/5
f 1781/1781/5 1783/1783/5 1784/1784/5
f 1781/1781/5 1784/1784/5 1782/1782/5
f 1783/1783/5 1777/1777/5 1780/1780/5
f 1783/1783/5 1780/1780/5 1784/1784/5
f 1785/1785/3 1786/1786/3 1787/1787/3
f 1785/1785/3 1787/1787/3 1788/1788/3
f 1786/1786/3 1789/1789/3 1790/1790/3
f 1786/1786/3 1790/1790/3 1787/1787/3
f 1789/1789/3 1791/1791/3 1792/1792/3
f 1789/1789/3 1792/1792/3 1790/1790/3
f 1791/1791/3 1785/1785/3 1788/1788/3
f 1791/1791/3 1788/1788/3 1792/1792/3
f 1793/1793/3 1794/1794/3 1795/1795/3
f 1793/1793/3 1795/1795/3 1796/1796/3
f 1794/1794/3 1797/1797/3 1798/1798/3
f 1794/1794/3 1798/1798/3 1795/1795/3
f 1797/1797/3 1799/1799/3 1800/1800/3
f 1797/1797/3 1800/1800/3 1798/1798/3
f 1799/1799/3 1793/1793/3 1796/1796/3
f 1799/1799/3 1796/1796/3 1800/1800/3
f 1801/1801/5 1802/1802/5 1803/1803/5
f 1801/1801/5 1803/1803/5 1804/1804/5
f 1802/1802/5 1805/1805/5 1806/1806/5
f 1802/1802/5 1806/1806/5 1803/1803/5
f 1805/1805/5 1807/1807/5 1808/1808/5
f 1805/1805/5 1808/1808/5 1806/1806/5
f 1807/1807/5 1801/1801/5 1804/1804/5
f 1807/1807/5 1804/1804/5 1808/1808/5
f 1809/1809/3 1810/1810/3 1811/1811/3
f 1809/1809/3 1811/1811/3 1812/1812/3
f 1810/1810/3 1813/1813/3 1814/1814/3
f 1810/1810/3 1814/1814/3 1811/1811/3
f 1813/1813/3 1815/1815/3 1816/1816/3
f 1813/1813/3 1816/1816/3 1814/1814/3
f 1815/1815/3 1809/1809/3 1812/1812/3
f 1815/1815/3 1812/1812/3 1816/1816/3
f 1817/1817/3 1818/1818/3 1819/1819/3
f 1817/1817/3 1819/1819/3 1820/1820/3
f 1818/1818/3 1821/1821/3 1822/1822/3
f 1818/1818/3 1822/1822/3 1819/1819/3
f 1821/1821/3 1823/1823/3 1824/1824/3
f 1821/1821/3 1824/1824/3 1822/1822/3
f 1823/1823/3 1817/1817/3 1820/1820/3
f 1823/1823/3 1820/1820/3 1824/1824/3
f 1825/1825/5 1826/1826/5 1827/1827/5
f 1825/1825/5 1827/1827/5 1828/1828/5
f 1826/1826/5 1829/1829/5 1830/1830/5
f 1826/1826/5 1830/1830/5 1827/1827/5
f 1829/1829/5 1831/1831/5 1832/1832/5
f 1829/1829/5 1832/1832/5 1830/1830/5
f 1831/1831/5 1825/1825/5 1828/1828/5
f 1831/1831/5 1828/1828/5 1832/1832/5
f 1833/1833/3 1834/1834/3 1835/1835/3
f 1833/1833/3 1835/1835/3 1836/1836/3
f 1834/1834/3 1837/1837/3 1838/1838/3
f 1834/1834/3 1838/1838/3 1835/1835/3
f 1837/1837/3 1839/1839/3 1840/1840/3
f 1837/1837/3 1840/1840/3 1838/1838/3
f 1839/1839/3 1833/1833/3 1836/1836/3
f 1839/1839/3 1836/1836/3 1840/1840/3
f 1841/1841/3 1842/1842/3 1843/1843/3
f 1841/1841/3 1843/1843/3 1844/1844/3
f 1842/1842/3 1845/1845/3 1846/1846/3
f 1842/1842/3 1846/1846/3 1843/1843/3
f 1845/1845/3 1847/1847/3 1848/1848/3
f 1845/1845/3 1848/1848/3 1846/1846/3
f 1847/1847/3 1841/1841/3 1844/1844/3
f 1847/1847/3 1844/1844/3 1848/1848/3
f 1849/1849/5 1850/1850/5 1851/1851/5
f 1849/1849/5 1851/1851/5 1852/1852/5
f 1850/1850/5 1853/1853/5 1854/1854/5
f 1850/1850/5 1854/1854/5 1851/1851/5
f 1853/1853/5 1855/1855/5 1856/1856/5
f 1853/1853/5 1856/1856/5 1854/1854/5
f 1855/1855/5 1849/1849/5 1852/1852/5
f 1855/1855/5 1852/1852/5 1856/1856/5
f 1857/1857/3 1858/1858/3 1859/1859/3
f 1857/1857/3 1859/1859/3 1860/1860/3
f 1858/1858/3 1861/1861/3 1862/1862/3
f 1858/1858/3 1862/1862/3 1859/1859/3
f 1861/1861/3 1863/1863/3 1864/1864/3
f 1861/1861/3 1864/1864/3 1862/1862/3
f 1863/1863/3 1857/1857/3 1860/1860/3
f 1863/1863/3 1860/1860/3 1864/1864/3
f 1865/1865/3 1866/1866/3 1867/1867/3
f 1865/1865/3 1867/1867/3 1868/1868/3
f 1866/1866/3 1869/1869/3 1870/1870/3
f 1866/1866/3 1870/1870/3 1867/1867/3
f 1869/1869/3 1871/1871/3 1872/1872/3
f 1869/1869/3 1872/1872/3 1870/1870/3
f 1871/1871/3 1865/1865/3 1868/1868/3
f 1871/1871/3 1868/1868/3 1872/1872/3
f 1873/1873/5 1874/1874/5 1875/1875/5
f 1873/1873/5 1875/1875/5 1876/1876/5
f 1874/1874/5 1877/1877/5 1878/1878/5
f 1874/1874/5 1878/1878/5 1875/1875/5
f 1877/1877/5 1879/1879/5 1880/1880/5
f 1877/1877/5 1880/1880/5 1878/1878/5
f 1879/1879/5 1873/1873/5 1876/1876/5
f 1879/1879/5 1876/1876/5 1880/1880/5
f 1881/1881/3 1882/1882/3 1883/1883/3
f 1881/1881/3 1883/1883/3 1884/1884/3
f 1882/1882/3 1885/1885/3 1886/1886/3
f 1882/1882/3 1886/1886/3 1883/1883/3
f 1885/1885/3 1887/1887/3 1888/1888/3
f 1885/1885/3 1888/1888/3 1886/1886/3
f 1887/1887/3 1881/1881/3 1884/1884/3
f 1887/1887/3 1884/1884/3 1888/1888/3
f 1889/1889/3 1890/1890/3 1891/1891/3
f 1889/1889/3 1891/1891/3 1892/1892/3
f 1890/1890/3 1893/1893/3 1894/1894/3
f 1890/1890/3 1894/1894/3 1891/1891/3
f 1893/1893/3 1895/1895/3 1896/1896/3
f 1893/1893/3 1896/1896/3 1894/1894/3
f 1895/1895/3 1889/1889/3 1892/1892/3
f 1895/1895/3 1892/1892/3 1896/1896/3
f 1897/1897/5 1898/1898/5 1899/1899/5
f 1897/1897/5 1899/1899/5 1900/1900/5
f 1898/1898/5 1901/1901/5 1902/1902/5
f 1898/1898/5 1902/1902/5 1899/1899/5
f 1901/1901/5 1903/1903/5 1904/1904/5
f 1901/1901/5 1904/1904/5 1902/1902/5
f 1903/1903/5 1897/1897/5 1900/1900/5
f 1903/1903/5 1900/1900/5 1904/1904/5
f 1905/1905/3 1906/1906/3 1907/1907/3
f 1905/1905/3 1907/1907/3 1908/1908/3
f 1906/1906/3 1909/1909/3 1910/1910/3
f 1906/1906/3 1910/1910/3 1907/1907/3
f 1909/1909/3 1911/1911/3 1912/1912/3
f 1909/1909/3 1912/1912/3 1910/1910/3
f 1911/1911/3 1905/1905/3 1908/1908/3
f 1911/1911/3 1908/1908/3 1912/1912/3
f 1913/1913/3 1914/1914/3 1915/1915/3
f 1913/1913/3 1915/1915/3 1916/1916/3
f 1914/1914/3 1917/1917/3 1918/1918/3
f 1914/1914/3 1918/1918/3 1915/1915/3
f 1917/1917/3 1919/1919/3 1920/1920/3
f 1917/1917/3 1920/1920/3 1918/1918/3
f 1919/1919/3 1913/1913/3 1916/1916/3
f 1919/1919/3 1916/1916/3 1920/1920/3
f 1921/1921/5 1922/1922/5 1923/1923/5
f 1921/1921/5 1923/1923/5 1924/1924/5
f 1922/1922/5 1925/1925/5 1926/1926/5
f 1922/1922/5 1926/1926/5 1923/1923/5
f 1925/1925/5 1927/1927/5 1928/1928/5
f 1925/1925/5 1928/1928/5 1926/1926/5
f 1927/1927/5 1921/1921/5 1924/1924/5
f 1927/1927/5 1924/1924/5 1928/1928/5
f 1929/1929/3 1930/1930/3 1931/1931/3
f 1929/1929/3 1931/1931/3 1932/1932/3
f 1930/1930/3 1933/1933/3 1934/1934/3
f 1930/1930/3 1934/1934/3 1931/1931/3
f 1933/1933/3 1935/1935/3 1936/1936/3
f 1933/1933/3 1936/1936/3 1934/1934/3
f 1935/1935/3 1929/1929/3 1932/1932/3
f 1935/1935/3 1932/1932/3 1936/1936/3
f 1937/1937/6 1692/1692/6 1691/1691/6
f 1937/1937/6 1691/1691/6 1938/1938/6
f 1939/1939/2 1696/1696/2 1692/1692/2
f 1939/1939/2 1692/1692/2 1937/1937/2
f 1940/1940/4 1694/1694/4 1696/1696/4
f 1940/1940/4 1696/1696/4 1939/1939/4
f 1938/1938/1 1691/1691/1 1694/1694/1
f 1938/1938/1 1694/1694/1 1940/1940/1
f 1682/1682/6 1681/1681/6 1674/1674/6
f 1682/1682/6 1674/1674/6 1673/1673/6
f 1685/1685/2 1682/1682/2 1673/1673/2
f 1685/1685/16 1673/1673/16 1679/1679/16
f 1687/1687/17 1685/1685/17 1679/1679/17
f 1687/1687/17 1679/1679/17 1677/1677/17
f 1681/1681/15 1687/1687/15 1677/1677/15
f 1681/1681/1 1677/1677/1 1674/1674/1
f 1941/1941/6 1942/1942/6 1684/1684/6
f 1941/1941/6 1684/1684/6 1683/1683/6
f 1943/1943/2 1941/1941/2 1683/1683/2
f 1943/1943/2 1683/1683/2 1686/1686/2
f 1944/1944/17 1943/1943/17 1686/1686/17
f 1944/1944/4 1686/1686/4 1688/1688/4
f 1942/1942/1 1944/1944/1 1688/1688/1
f 1942/1942/15 1688/1688/15 1684/1684/15
f 1942/1942/3 1941/1941/3 1943/1943/3
f 1942/1942/3 1943/1943/3 1944/1944/3
f 1676/1676/6 1675/1675/6 1690/1690/6
f 1676/1676/6 1690/1690/6 1689/1689/6
f 1680/1680/2 1676/1676/2 1689/1689/2
f 1680/1680/2 1689/1689/2 1695/1695/2
f 1678/1678/17 1680/1680/17 1695/1695/17
f 1678/1678/4 1695/1695/4 1693/1693/4
f 1675/1675/1 1678/1678/1 1693/1693/1
f 1675/1675/1 1693/1693/1 1690/1690/1
f 1939/1939/5 1937/1937/5 1938/1938/5
f 1939/1939/5 1938/1938/5 1940/1940/5
f 1945/1945/6 1716/1716/6 1715/1715/6
f 1945/1945/6 1715/1715/6 1946/1946/6
f 1947/1947/2 1720/1720/2 1716/1716/2
f 1947/1947/2 1716/1716/2 1945/1945/2
f 1948/1948/4 1718/1718/4 1720/1720/4
f 1948/1948/4 1720/1720/4 1947/1947/4
f 1946/1946/1 1715/1715/1 1718/1718/1
f 1946/1946/1 1718/1718/1 1948/1948/1
f 1706/1706/120 1705/1705/120 1698/1698/120
f 1706/1706/120 1698/1698/120 1697/1697/120
f 1709/1709/16 1706/1706/16 1697/1697/16
f 1709/1709/2 1697/1697/2 1703/1703/2
f 1711/1711/17 1709/1709/17 1703/1703/17
f 1711/1711/17 1703/1703/17 1701/1701/17
f 1705/1705/1 1711/1711/1 1701/1701/1
f 1705/1705/15 1701/1701/15 1698/1698/15
f 1949/1949/120 1950/1950/120 1708/1708/120
f 1949/1949/120 1708/1708/120 1707/1707/120
f 1951/1951/2 1949/1949/2 1707/1707/2
f 1951/1951/2 1707/1707/2 1710/1710/2
f 1952/1952/4 1951/1951/4 1710/1710/4
f 1952/1952/17 1710/1710/17 1712/1712/17
f 1950/1950/1 1952/1952/1 1712/1712/1
f 1950/1950/1 1712/1712/1 1708/1708/1
f 1950/1950/3 1949/1949/3 1951/1951/3
f 1950/1950/3 1951/1951/3 1952/1952/3
f 1700/1700/120 1699/1699/120 1714/1714/120
f 1700/1700/120 1714/1714/120 1713/1713/120
f 1704/1704/2 1700/1700/2 1713/1713/2
f 1704/1704/2 1713/1713/2 1719/1719/2
f 1702/1702/17 1704/1704/17 1719/1719/17
f 1702/1702/17 1719/1719/17 1717/1717/17
f 1699/1699/1 1702/1702/1 1717/1717/1
f 1699/1699/1 1717/1717/1 1714/1714/1
f 1947/1947/5 1945/1945/5 1946/1946/5
f 1947/1947/5 1946/1946/5 1948/1948/5
f 1953/1953/6 1740/1740/6 1739/1739/6
f 1953/1953/6 1739/1739/6 191/191/6
f 1954/1954/2 1744/1744/2 1740/1740/2
f 1954/1954/2 1740/1740/2 1953/1953/2
f 1955/1955/4 1742/1742/4 1744/1744/4
f 1955/1955/4 1744/1744/4 1954/1954/4
f 191/191/1 1739/1739/1 1742/1742/1
f 191/191/1 1742/1742/1 1955/1955/1
f 1730/1730/120 1729/1729/120 1722/1722/120
f 1730/1730/120 1722/1722/120 1721/1721/120
f 1733/1733/2 1730/1730/2 1721/1721/2
f 1733/1733/16 1721/1721/16 1727/1727/16
f 1735/1735/17 1733/1733/17 1727/1727/17
f 1735/1735/17 1727/1727/17 1725/1725/17
f 1729/1729/15 1735/1735/15 1725/1725/15
f 1729/1729/1 1725/1725/1 1722/1722/1
f 1956/1956/120 1957/1957/120 1732/1732/120
f 1956/1956/120 1732/1732/120 1731/1731/120
f 1958/1958/2 1956/1956/2 1731/1731/2
f 1958/1958/2 1731/1731/2 1734/1734/2
f 1959/1959/17 1958/1958/17 1734/1734/17
f 1959/1959/17 1734/1734/17 1736/1736/17
f 1957/1957/1 1959/1959/1 1736/1736/1
f 1957/1957/1 1736/1736/1 1732/1732/1
f 1957/1957/3 1956/1956/3 1958/1958/3
f 1957/1957/3 1958/1958/3 1959/1959/3
f 1724/1724/120 1723/1723/120 1738/1738/120
f 1724/1724/120 1738/1738/120 1737/1737/120
f 1728/1728/2 1724/1724/2 1737/1737/2
f 1728/1728/2 1737/1737/2 1743/1743/2
f 1726/1726/17 1728/1728/17 1743/1743/17
f 1726/1726/17 1743/1743/17 1741/1741/17
f 1723/1723/1 1726/1726/1 1741/1741/1
f 1723/1723/1 1741/1741/1 1738/1738/1
f 1954/1954/5 1953/1953/5 191/191/5
f 1954/1954/5 191/191/5 1955/1955/5
f 1960/1960/6 1764/1764/6 1763/1763/6
f 1960/1960/6 1763/1763/6 1961/1961/6
f 1962/1962/2 1768/1768/2 1764/1764/2
f 1962/1962/2 1764/1764/2 1960/1960/2
f 1963/1963/4 1766/1766/4 1768/1768/4
f 1963/1963/4 1768/1768/4 1962/1962/4
f 1961/1961/1 1763/1763/1 1766/1766/1
f 1961/1961/1 1766/1766/1 1963/1963/1
f 1754/1754/6 1753/1753/6 1746/1746/6
f 1754/1754/6 1746/1746/6 1745/1745/6
f 1757/1757/16 1754/1754/16 1745/1745/16
f 1757/1757/2 1745/1745/2 1751/1751/2
f 1759/1759/17 1757/1757/17 1751/1751/17
f 1759/1759/17 1751/1751/17 1749/1749/17
f 1753/1753/1 1759/1759/1 1749/1749/1
f 1753/1753/15 1749/1749/15 1746/1746/15
f 1964/1964/6 1965/1965/6 1756/1756/6
f 1964/1964/6 1756/1756/6 1755/1755/6
f 1966/1966/2 1964/1964/2 1755/1755/2
f 1966/1966/2 1755/1755/2 1758/1758/2
f 1967/1967/17 1966/1966/17 1758/1758/17
f 1967/1967/17 1758/1758/17 1760/1760/17
f 1965/1965/1 1967/1967/1 1760/1760/1
f 1965/1965/15 1760/1760/15 1756/1756/15
f 1965/1965/3 1964/1964/3 1966/1966/3
f 1965/1965/3 1966/1966/3 1967/1967/3
f 1748/1748/6 1747/1747/6 1762/1762/6
f 1748/1748/6 1762/1762/6 1761/1761/6
f 1752/1752/16 1748/1748/16 1761/1761/16
f 1752/1752/2 1761/1761/2 1767/1767/2
f 1750/1750/17 1752/1752/17 1767/1767/17
f 1750/1750/17 1767/1767/17 1765/1765/17
f 1747/1747/1 1750/1750/1 1765/1765/1
f 1747/1747/1 1765/1765/1 1762/1762/1
f 1962/1962/5 1960/1960/5 1961/1961/5
f 1962/1962/5 1961/1961/5 1963/1963/5
f 1968/1968/6 1788/1788/6 1787/1787/6
f 1968/1968/6 1787/1787/6 1969/1969/6
f 1970/1970/2 1792/1792/2 1788/1788/2
f 1970/1970/2 1788/1788/2 1968/1968/2
f 1971/1971/4 1790/1790/4 1792/1792/4
f 1971/1971/4 1792/1792/4 1970/1970/4
f 1969/1969/1 1787/1787/1 1790/1790/1
f 1969/1969/1 1790/1790/1 1971/1971/1
f 1778/1778/6 1777/1777/6 1770/1770/6
f 1778/1778/6 1770/1770/6 1769/1769/6
f 1781/1781/2 1778/1778/2 1769/1769/2
f 1781/1781/16 1769/1769/16 1775/1775/16
f 1783/1783/17 1781/1781/17 1775/1775/17
f 1783/1783/17 1775/1775/17 1773/1773/17
f 1777/1777/15 1783/1783/15 1773/1773/15
f 1777/1777/1 1773/1773/1 1770/1770/1
f 1972/1972/6 1973/1973/6 1780/1780/6
f 1972/1972/6 1780/1780/6 1779/1779/6
f 1974/1974/2 1972/1972/2 1779/1779/2
f 1974/1974/2 1779/1779/2 1782/1782/2
f 1975/1975/4 1974/1974/4 1782/1782/4
f 1975/1975/17 1782/1782/17 1784/1784/17
f 1973/1973/15 1975/1975/15 1784/1784/15
f 1973/1973/1 1784/1784/1 1780/1780/1
f 1973/1973/3 1972/1972/3 1974/1974/3
f 1973/1973/3 1974/1974/3 1975/1975/3
f 1772/1772/6 1771/1771/6 1786/1786/6
f 1772/1772/6 1786/1786/6 1785/1785/6
f 1776/1776/2 1772/1772/2 1785/1785/2
f 1776/1776/2 1785/1785/2 1791/1791/2
f 1774/1774/17 1776/1776/17 1791/1791/17
f 1774/1774/17 1791/1791/17 1789/1789/17
f 1771/1771/1 1774/1774/1 1789/1789/1
f 1771/1771/1 1789/1789/1 1786/1786/1
f 1970/1970/5 1968/1968/5 1969/1969/5
f 1970/1970/5 1969/1969/5 1971/1971/5
f 1976/1976/6 1812/1812/6 1811/1811/6
f 1976/1976/6 1811/1811/6 1977/1977/6
f 1978/1978/2 1816/1816/2 1812/1812/2
f 1978/1978/2 1812/1812/2 1976/1976/2
f 1979/1979/4 1814/1814/4 1816/1816/4
f 1979/1979/4 1816/1816/4 1978/1978/4
f 1977/1977/1 1811/1811/1 1814/1814/1
f 1977/1977/1 1814/1814/1 1979/1979/1
f 1802/1802/6 1801/1801/6 1794/1794/6
f 1802/1802/6 1794/1794/6 1793/1793/6
f 1805/1805/2 1802/1802/2 1793/1793/2
f 1805/1805/16 1793/1793/16 1799/1799/16
f 1807/1807/17 1805/1805/17 1799/1799/17
f 1807/1807/17 1799/1799/17 1797/1797/17
f 1801/1801/15 1807/1807/15 1797/1797/15
f 1801/1801/1 1797/1797/1 1794/1794/1
f 1980/1980/6 1981/1981/6 1804/1804/6
f 1980/1980/6 1804/1804/6 1803/1803/6
f 1982/1982/2 1980/1980/2 1803/1803/2
f 1982/1982/2 1803/1803/2 1806/1806/2
f 1983/1983/17 1982/1982/17 1806/1806/17
f 1983/1983/17 1806/1806/17 1808/1808/17
f 1981/1981/15 1983/1983/15 1808/1808/15
f 1981/1981/1 1808/1808/1 1804/1804/1
f 1981/1981/3 1980/1980/3 1982/1982/3
f 1981/1981/3 1982/1982/3 1983/1983/3
f 1796/1796/6 1795/1795/6 1810/1810/6
f 1796/1796/6 1810/1810/6 1809/1809/6
f 1800/1800/2 1796/1796/2 1809/1809/2
f 1800/1800/2 1809/1809/2 1815/1815/2
f 1798/1798/17 1800/1800/17 1815/1815/17
f 1798/1798/17 1815/1815/17 1813/1813/17
f 1795/1795/15 1798/1798/15 1813/1813/15
f 1795/1795/1 1813/1813/1 1810/1810/1
f 1978/1978/5 1976/1976/5 1977/1977/5
f 1978/1978/5 1977/1977/5 1979/1979/5
f 1984/1984/6 1836/1836/6 1835/1835/6
f 1984/1984/6 1835/1835/6 1985/1985/6
f 1986/1986/2 1840/1840/2 1836/1836/2
f 1986/1986/2 1836/1836/2 1984/1984/2
f 1987/1987/4 1838/1838/4 1840/1840/4
f 1987/1987/4 1840/1840/4 1986/1986/4
f 1985/1985/1 1835/1835/1 1838/1838/1
f 1985/1985/1 1838/1838/1 1987/1987/1
f 1826/1826/120 1825/1825/120 1818/1818/120
f 1826/1826/120 1818/1818/120 1817/1817/120
f 1829/1829/16 1826/1826/16 1817/1817/16
f 1829/1829/2 1817/1817/2 1823/1823/2
f 1831/1831/123 1829/1829/123 1823/1823/123
f 1831/1831/123 1823/1823/123 1821/1821/123
f 1825/1825/1 1831/1831/1 1821/1821/1
f 1825/1825/15 1821/1821/15 1818/1818/15
f 1988/1988/6 1989/1989/6 1828/1828/6
f 1988/1988/6 1828/1828/6 1827/1827/6
f 1990/1990/2 1988/1988/2 1827/1827/2
f 1990/1990/2 1827/1827/2 1830/1830/2
f 1991/1991/4 1990/1990/4 1830/1830/4
f 1991/1991/4 1830/1830/4 1832/1832/4
f 1989/1989/1 1991/1991/1 1832/1832/1
f 1989/1989/1 1832/1832/1 1828/1828/1
f 1989/1989/3 1988/1988/3 1990/1990/3
f 1989/1989/3 1990/1990/3 1991/1991/3
f 1820/1820/6 1819/1819/6 1834/1834/6
f 1820/1820/6 1834/1834/6 1833/1833/6
f 1824/1824/2 1820/1820/2 1833/1833/2
f 1824/1824/2 1833/1833/2 1839/1839/2
f 1822/1822/4 1824/1824/4 1839/1839/4
f 1822/1822/4 1839/1839/4 1837/1837/4
f 1819/1819/1 1822/1822/1 1837/1837/1
f 1819/1819/1 1837/1837/1 1834/1834/1
f 1986/1986/5 1984/1984/5 1985/1985/5
f 1986/1986/5 1985/1985/5 1987/1987/5
f 1992/1992/6 1860/1860/6 1859/1859/6
f 1992/1992/6 1859/1859/6 1993/1993/6
f 1994/1994/2 1864/1864/2 1860/1860/2
f 1994/1994/2 1860/1860/2 1992/1992/2
f 192/192/4 1862/1862/4 1864/1864/4
f 192/192/4 1864/1864/4 1994/1994/4
f 1993/1993/1 1859/1859/1 1862/1862/1
f 1993/1993/1 1862/1862/1 192/192/1
f 1850/1850/120 1849/1849/120 1842/1842/120
f 1850/1850/120 1842/1842/120 1841/1841/120
f 1853/1853/2 1850/1850/2 1841/1841/2
f 1853/1853/16 1841/1841/16 1847/1847/16
f 1855/1855/123 1853/1853/123 1847/1847/123
f 1855/1855/123 1847/1847/123 1845/1845/123
f 1849/1849/15 1855/1855/15 1845/1845/15
f 1849/1849/1 1845/1845/1 1842/1842/1
f 1995/1995/6 1996/1996/6 1852/1852/6
f 1995/1995/6 1852/1852/6 1851/1851/6
f 1997/1997/2 1995/1995/2 1851/1851/2
f 1997/1997/2 1851/1851/2 1854/1854/2
f 1998/1998/17 1997/1997/17 1854/1854/17
f 1998/1998/17 1854/1854/17 1856/1856/17
f 1996/1996/15 1998/1998/15 1856/1856/15
f 1996/1996/1 1856/1856/1 1852/1852/1
f 1996/1996/3 1995/1995/3 1997/1997/3
f 1996/1996/3 1997/1997/3 1998/1998/3
f 1844/1844/6 1843/1843/6 1858/1858/6
f 1844/1844/6 1858/1858/6 1857/1857/6
f 1848/1848/2 1844/1844/2 1857/1857/2
f 1848/1848/2 1857/1857/2 1863/1863/2
f 1846/1846/17 1848/1848/17 1863/1863/17
f 1846/1846/17 1863/1863/17 1861/1861/17
f 1843/1843/1 1846/1846/1 1861/1861/1
f 1843/1843/1 1861/1861/1 1858/1858/1
f 1994/1994/5 1992/1992/5 1993/1993/5
f 1994/1994/5 1993/1993/5 192/192/5
f 1999/1999/6 1884/1884/6 1883/1883/6
f 1999/1999/6 1883/1883/6 2000/2000/6
f 2001/2001/2 1888/1888/2 1884/1884/2
f 2001/2001/2 1884/1884/2 1999/1999/2
f 2002/2002/4 1886/1886/4 1888/1888/4
f 2002/2002/4 1888/1888/4 2001/2001/4
f 2000/2000/1 1883/1883/1 1886/1886/1
f 2000/2000/1 1886/1886/1 2002/2002/1
f 1874/1874/120 1873/1873/120 1866/1866/120
f 1874/1874/120 1866/1866/120 1865/1865/120
f 1877/1877/2 1874/1874/2 1865/1865/2
f 1877/1877/16 1865/1865/16 1871/1871/16
f 1879/1879/17 1877/1877/17 1871/1871/17
f 1879/1879/17 1871/1871/17 1869/1869/17
f 1873/1873/15 1879/1879/15 1869/1869/15
f 1873/1873/1 1869/1869/1 1866/1866/1
f 2003/2003/120 2004/2004/120 1876/1876/120
f 2003/2003/120 1876/1876/120 1875/1875/120
f 2005/2005/2 2003/2003/2 1875/1875/2
f 2005/2005/16 1875/1875/16 1878/1878/16
f 2006/2006/4 2005/2005/4 1878/1878/4
f 2006/2006/4 1878/1878/4 1880/1880/4
f 2004/2004/1 2006/2006/1 1880/1880/1
f 2004/2004/1 1880/1880/1 1876/1876/1
f 2004/2004/3 2003/2003/3 2005/2005/3
f 2004/2004/3 2005/2005/3 2006/2006/3
f 1868/1868/120 1867/1867/120 1882/1882/120
f 1868/1868/120 1882/1882/120 1881/1881/120
f 1872/1872/2 1868/1868/2 1881/1881/2
f 1872/1872/2 1881/1881/2 1887/1887/2
f 1870/1870/4 1872/1872/4 1887/1887/4
f 1870/1870/4 1887/1887/4 1885/1885/4
f 1867/1867/1 1870/1870/1 1885/1885/1
f 1867/1867/1 1885/1885/1 1882/1882/1
f 2001/2001/5 1999/1999/5 2000/2000/5
f 2001/2001/5 2000/2000/5 2002/2002/5
f 2007/2007/6 1908/1908/6 1907/1907/6
f 2007/2007/6 1907/1907/6 2008/2008/6
f 2009/2009/2 1912/1912/2 1908/1908/2
f 2009/2009/2 1908/1908/2 2007/2007/2
f 2010/2010/4 1910/1910/4 1912/1912/4
f 2010/2010/4 1912/1912/4 2009/2009/4
f 2008/2008/1 1907/1907/1 1910/1910/1
f 2008/2008/1 1910/1910/1 2010/2010/1
f 1898/1898/120 1897/1897/120 1890/1890/120
f 1898/1898/120 1890/1890/120 1889/1889/120
f 1901/1901/2 1898/1898/2 1889/1889/2
f 1901/1901/16 1889/1889/16 1895/1895/16
f 1903/1903/17 1901/1901/17 1895/1895/17
f 1903/1903/17 1895/1895/17 1893/1893/17
f 1897/1897/1 1903/1903/1 1893/1893/1
f 1897/1897/1 1893/1893/1 1890/1890/1
f 2011/2011/6 2012/2012/6 1900/1900/6
f 2011/2011/6 1900/1900/6 1899/1899/6
f 2013/2013/2 2011/2011/2 1899/1899/2
f 2013/2013/2 1899/1899/2 1902/1902/2
f 2014/2014/17 2013/2013/17 1902/1902/17
f 2014/2014/17 1902/1902/17 1904/1904/17
f 2012/2012/15 2014/2014/15 1904/1904/15
f 2012/2012/1 1904/1904/1 1900/1900/1
f 2012/2012/3 2011/2011/3 2013/2013/3
f 2012/2012/3 2013/2013/3 2014/2014/3
f 1892/1892/6 1891/1891/6 1906/1906/6
f 1892/1892/6 1906/1906/6 1905/1905/6
f 1896/1896/2 1892/1892/2 1905/1905/2
f 1896/1896/2 1905/1905/2 1911/1911/2
f 1894/1894/17 1896/1896/17 1911/1911/17
f 1894/1894/17 1911/1911/17 1909/1909/17
f 1891/1891/1 1894/1894/1 1909/1909/1
f 1891/1891/1 1909/1909/1 1906/1906/1
f 2009/2009/5 2007/2007/5 2008/2008/5
f 2009/2009/5 2008/2008/5 2010/2010/5
f 2015/2015/6 1932/1932/6 1931/1931/6
f 2015/2015/6 1931/1931/6 2016/2016/6
f 190/190/2 1936/1936/2 1932/1932/2
f 190/190/2 1932/1932/2 2015/2015/2
f 2017/2017/4 1934/1934/4 1936/1936/4
f 2017/2017/4 1936/1936/4 190/190/4
f 2016/2016/1 1931/1931/1 1934/1934/1
f 2016/2016/1 1934/1934/1 2017/2017/1
f 1922/1922/120 1921/1921/120 1914/1914/120
f 1922/1922/120 1914/1914/120 1913/1913/120
f 1925/1925/2 1922/1922/2 1913/1913/2
f 1925/1925/2 1913/1913/2 1919/1919/2
f 1927/1927/123 1925/1925/123 1919/1919/123
f 1927/1927/123 1919/1919/123 1917/1917/123
f 1921/1921/1 1927/1927/1 1917/1917/1
f 1921/1921/1 1917/1917/1 1914/1914/1
f 2018/2018/6 2019/2019/6 1924/1924/6
f 2018/2018/6 1924/1924/6 1923/1923/6
f 2020/2020/2 2018/2018/2 1923/1923/2
f 2020/2020/2 1923/1923/2 1926/1926/2
f 2021/2021/17 2020/2020/17 1926/1926/17
f 2021/2021/17 1926/1926/17 1928/1928/17
f 2019/2019/1 2021/2021/1 1928/1928/1
f 2019/2019/1 1928/1928/1 1924/1924/1
f 2019/2019/3 2018/2018/3 2020/2020/3
f 2019/2019/3 2020/2020/3 2021/2021/3
f 1916/1916/6 1915/1915/6 1930/1930/6
f 1916/1916/6 1930/1930/6 1929/1929/6
f 1920/1920/2 1916/1916/2 1929/1929/2
f 1920/1920/2 1929/1929/2 1935/1935/2
f 1918/1918/17 1920/1920/17 1935/1935/17
f 1918/1918/17 1935/1935/17 1933/1933/17
f 1915/1915/1 1918/1918/1 1933/1933/1
f 1915/1915/1 1933/1933/1 1930/1930/1
f 190/190/5 2015/2015/5 2016/2016/5
f 190/190/5 2016/2016/5 2017/2017/5
f 2022/2022/5 2023/2023/5 2024/2024/5
f 2022/2022/5 2024/2024/5 2025/2025/5
f 2026/2026/3 2027/2027/3 2028/2028/3
f 2026/2026/3 2028/2028/3 2029/2029/3
f 2022/2022/6 2025/2025/6 2027/2027/6
f 2022/2022/6 2027/2027/6 2026/2026/6
f 2024/2024/4 2023/2023/4 2029/2029/4
f 2024/2024/4 2029/2029/4 2028/2028/4
f 2030/2030/120 2031/2031/120 2032/2032/120
f 2030/2030/120 2032/2032/120 2033/2033/120
f 2031/2031/146 2034/2034/146 2035/2035/146
f 2031/2031/146 2035/2035/146 2032/2032/146
f 2034/2034/17 2036/2036/17 2037/2037/17
f 2034/2034/4 2037/2037/4 2035/2035/4
f 2036/2036/148 2030/2030/148 2033/2033/148
f 2036/2036/152 2033/2033/152 2037/2037/152
f 2038/2038/120 2039/2039/120 2040/2040/120
f 2038/2038/120 2040/2040/120 2041/2041/120
f 2039/2039/153 2042/2042/153 2043/2043/153
f 2039/2039/146 2043/2043/146 2040/2040/146
f 2042/2042/17 2044/2044/17 2045/2045/17
f 2042/2042/17 2045/2045/17 2043/2043/17
f 2044/2044/152 2038/2038/152 2041/2041/152
f 2044/2044/148 2041/2041/148 2045/2045/148
f 2046/2046/120 2047/2047/120 2048/2048/120
f 2046/2046/120 2048/2048/120 2049/2049/120
f 2047/2047/146 2050/2050/146 2051/2051/146
f 2047/2047/153 2051/2051/153 2048/2048/153
f 2050/2050/17 2052/2052/17 2053/2053/17
f 2050/2050/17 2053/2053/17 2051/2051/17
f 2052/2052/169 2046/2046/169 2049/2049/169
f 2052/2052/148 2049/2049/148 2053/2053/148
f 2054/2054/6 2055/2055/6 2056/2056/6
f 2054/2054/120 2056/2056/120 2057/2057/120
f 2055/2055/146 2058/2058/146 2059/2059/146
f 2055/2055/153 2059/2059/153 2056/2056/153
f 2058/2058/4 2060/2060/4 2061/2061/4
f 2058/2058/17 2061/2061/17 2059/2059/17
f 2060/2060/148 2054/2054/148 2057/2057/148
f 2060/2060/152 2057/2057/152 2061/2061/152
f 2062/2062/120 2063/2063/120 2064/2064/120
f 2062/2062/120 2064/2064/120 2065/2065/120
f 2063/2063/153 2066/2066/153 2067/2067/153
f 2063/2063/146 2067/2067/146 2064/2064/146
f 2066/2066/17 2068/2068/17 2069/2069/17
f 2066/2066/17 2069/2069/17 2067/2067/17
f 2068/2068/148 2062/2062/148 2065/2065/148
f 2068/2068/152 2065/2065/152 2069/2069/152
f 2070/2070/120 2071/2071/120 2072/2072/120
f 2070/2070/120 2072/2072/120 2073/2073/120
f 2071/2071/153 2074/2074/153 2075/2075/153
f 2071/2071/146 2075/2075/146 2072/2072/146
f 2074/2074/17 2076/2076/17 2077/2077/17
f 2074/2074/17 2077/2077/17 2075/2075/17
f 2076/2076/152 2070/2070/152 2073/2073/152
f 2076/2076/148 2073/2073/148 2077/2077/148
f 2078/2078/120 2079/2079/120 2080/2080/120
f 2078/2078/6 2080/2080/6 2081/2081/6
f 2079/2079/146 2082/2082/146 2083/2083/146
f 2079/2079/153 2083/2083/153 2080/2080/153
f 2082/2082/17 2084/2084/17 2085/2085/17
f 2082/2082/17 2085/2085/17 2083/2083/17
f 2084/2084/148 2078/2078/148 2081/2081/148
f 2084/2084/148 2081/2081/148 2085/2085/148
f 2086/2086/120 2087/2087/120 2088/2088/120
f 2086/2086/120 2088/2088/120 2089/2089/120
f 2087/2087/146 2090/2090/146 2091/2091/146
f 2087/2087/146 2091/2091/146 2088/2088/146
f 2090/2090/17 2092/2092/17 2093/2093/17
f 2090/2090/4 2093/2093/4 2091/2091/4
f 2092/2092/148 2086/2086/148 2089/2089/148
f 2092/2092/152 2089/2089/152 2093/2093/152
f 2094/2094/6 2095/2095/6 2096/2096/6
f 2094/2094/120 2096/2096/120 2097/2097/120
f 2095/2095/153 2098/2098/153 2099/2099/153
f 2095/2095/146 2099/2099/146 2096/2096/146
f 2098/2098/17 2100/2100/17 2101/2101/17
f 2098/2098/4 2101/2101/4 2099/2099/4
f 2100/2100/152 2094/2094/152 2097/2097/152
f 2100/2100/148 2097/2097/148 2101/2101/148
f 2102/2102/120 2103/2103/120 2104/2104/120
f 2102/2102/120 2104/2104/120 2105/2105/120
f 2103/2103/146 2106/2106/146 2107/2107/146
f 2103/2103/153 2107/2107/153 2104/2104/153
f 2106/2106/17 2108/2108/17 2109/2109/17
f 2106/2106/17 2109/2109/17 2107/2107/17
f 2108/2108/152 2102/2102/152 2105/2105/152
f 2108/2108/148 2105/2105/148 2109/2109/148
f 2110/2110/6 2111/2111/6 2112/2112/6
f 2110/2110/120 2112/2112/120 2113/2113/120
f 2111/2111/146 2114/2114/146 2115/2115/146
f 2111/2111/153 2115/2115/153 2112/2112/153
f 2114/2114/4 2116/2116/4 2117/2117/4
f 2114/2114/17 2117/2117/17 2115/2115/17
f 2116/2116/148 2110/2110/148 2113/2113/148
f 2116/2116/152 2113/2113/152 2117/2117/152
f 2118/2118/120 2119/2119/120 2120/2120/120
f 2118/2118/120 2120/2120/120 2121/2121/120
f 2119/2119/246 2122/2122/246 2123/2123/246
f 2119/2119/146 2123/2123/146 2120/2120/146
f 2122/2122/17 2124/2124/17 2125/2125/17
f 2122/2122/4 2125/2125/4 2123/2123/4
f 2124/2124/148 2118/2118/148 2121/2121/148
f 2124/2124/152 2121/2121/152 2125/2125/152
f 2126/2126/120 2127/2127/120 2128/2128/120
f 2126/2126/120 2128/2128/120 2129/2129/120
f 2127/2127/153 2130/2130/153 2131/2131/153
f 2127/2127/146 2131/2131/146 2128/2128/146
f 2130/2130/17 2132/2132/17 2133/2133/17
f 2130/2130/17 2133/2133/17 2131/2131/17
f 2132/2132/594 2126/2126/594 2129/2129/594
f 2132/2132/169 2129/2129/169 2133/2133/169
f 2134/2134/120 2135/2135/120 2136/2136/120
f 2134/2134/120 2136/2136/120 2137/2137/120
f 2135/2135/153 2138/2138/153 2139/2139/153
f 2135/2135/146 2139/2139/146 2136/2136/146
f 2138/2138/17 2140/2140/17 2141/2141/17
f 2138/2138/17 2141/2141/17 2139/2139/17
f 2140/2140/152 2134/2134/152 2137/2137/152
f 2140/2140/148 2137/2137/148 2141/2141/148
f 2142/2142/120 2143/2143/120 2144/2144/120
f 2142/2142/6 2144/2144/6 2145/2145/6
f 2143/2143/146 2146/2146/146 2147/2147/146
f 2143/2143/153 2147/2147/153 2144/2144/153
f 2146/2146/17 2148/2148/17 2149/2149/17
f 2146/2146/17 2149/2149/17 2147/2147/17
f 2148/2148/148 2142/2142/148 2145/2145/148
f 2148/2148/148 2145/2145/148 2149/2149/148
f 2150/2150/120 2151/2151/120 2152/2152/120
f 2150/2150/6 2152/2152/6 2153/2153/6
f 2151/2151/146 2154/2154/146 2155/2155/146
f 2151/2151/146 2155/2155/146 2152/2152/146
f 2154/2154/4 2156/2156/4 2157/2157/4
f 2154/2154/4 2157/2157/4 2155/2155/4
f 2156/2156/148 2150/2150/148 2153/2153/148
f 2156/2156/152 2153/2153/152 2157/2157/152
f 2158/2158/120 2159/2159/120 2160/2160/120
f 2158/2158/120 2160/2160/120 2161/2161/120
f 2159/2159/153 2162/2162/153 2163/2163/153
f 2159/2159/146 2163/2163/146 2160/2160/146
f 2162/2162/17 2164/2164/17 2165/2165/17
f 2162/2162/17 2165/2165/17 2163/2163/17
f 2164/2164/152 2158/2158/152 2161/2161/152
f 2164/2164/148 2161/2161/148 2165/2165/148
f 2166/2166/6 2167/2167/6 2168/2168/6
f 2166/2166/120 2168/2168/120 2169/2169/120
f 2167/2167/146 2170/2170/146 2171/2171/146
f 2167/2167/153 2171/2171/153 2168/2168/153
f 2170/2170/17 2172/2172/17 2173/2173/17
f 2170/2170/4 2173/2173/4 2171/2171/4
f 2172/2172/169 2166/2166/169 2169/2169/169
f 2172/2172/148 2169/2169/148 2173/2173/148
f 2174/2174/6 2175/2175/6 2176/2176/6
f 2174/2174/120 2176/2176/120 2177/2177/120
f 2175/2175/146 2178/2178/146 2179/2179/146
f 2175/2175/153 2179/2179/153 2176/2176/153
f 2178/2178/4 2180/2180/4 2181/2181/4
f 2178/2178/17 2181/2181/17 2179/2179/17
f 2180/2180/148 2174/2174/148 2177/2177/148
f 2180/2180/152 2177/2177/152 2181/2181/152
f 2182/2182/120 2183/2183/120 2184/2184/120
f 2182/2182/120 2184/2184/120 2185/2185/120
f 2183/2183/146 2186/2186/146 2187/2187/146
f 2183/2183/146 2187/2187/146 2184/2184/146
f 2186/2186/17 2188/2188/17 2189/2189/17
f 2186/2186/4 2189/2189/4 2187/2187/4
f 2188/2188/148 2182/2182/148 2185/2185/148
f 2188/2188/152 2185/2185/152 2189/2189/152
f 2190/2190/120 2191/2191/120 2192/2192/120
f 2190/2190/120 2192/2192/120 2193/2193/120
f 2191/2191/153 2194/2194/153 2195/2195/153
f 2191/2191/146 2195/2195/146 2192/2192/146
f 2194/2194/17 2196/2196/17 2197/2197/17
f 2194/2194/17 2197/2197/17 2195/2195/17
f 2196/2196/152 2190/2190/152 2193/2193/152
f 2196/2196/148 2193/2193/148 2197/2197/148
f 2198/2198/6 2199/2199/6 2200/2200/6
f 2198/2198/6 2200/2200/6 2201/2201/6
f 2199/2199/146 2202/2202/146 2203/2203/146
f 2199/2199/153 2203/2203/153 2200/2200/153
f 2202/2202/17 2204/2204/17 2205/2205/17
f 2202/2202/4 2205/2205/4 2203/2203/4
f 2204/2204/148 2198/2198/148 2201/2201/148
f 2204/2204/148 2201/2201/148 2205/2205/148
f 2206/2206/120 2207/2207/120 2208/2208/120
f 2206/2206/120 2208/2208/120 2209/2209/120
f 2207/2207/146 2210/2210/146 2211/2211/146
f 2207/2207/146 2211/2211/146 2208/2208/146
f 2210/2210/17 2212/2212/17 2213/2213/17
f 2210/2210/4 2213/2213/4 2211/2211/4
f 2212/2212/148 2206/2206/148 2209/2209/148
f 2212/2212/152 2209/2209/152 2213/2213/152
f 2214/2214/120 2215/2215/120 2216/2216/120
f 2214/2214/120 2216/2216/120 2217/2217/120
f 2215/2215/153 2218/2218/153 2219/2219/153
f 2215/2215/146 2219/2219/146 2216/2216/146
f 2218/2218/17 2220/2220/17 2221/2221/17
f 2218/2218/17 2221/2221/17 2219/2219/17
f 2220/2220/148 2214/2214/148 2217/2217/148
f 2220/2220/152 2217/2217/152 2221/2221/152
f 2222/2222/120 2223/2223/120 2224/2224/120
f 2222/2222/120 2224/2224/120 2225/2225/120
f 2223/2223/153 2226/2226/153 2227/2227/153
f 2223/2223/146 2227/2227/146 2224/2224/146
f 2226/2226/17 2228/2228/17 2229/2229/17
f 2226/2226/17 2229/2229/17 2227/2227/17
f 2228/2228/152 2222/2222/152 2225/2225/152
f 2228/2228/148 2225/2225/148 2229/2229/148
f 2230/2230/120 2231/2231/120 2232/2232/120
f 2230/2230/6 2232/2232/6 2233/2233/6
f 2231/2231/146 2234/2234/146 2235/2235/146
f 2231/2231/153 2235/2235/153 2232/2232/153
f 2234/2234/17 2236/2236/17 2237/2237/17
f 2234/2234/17 2237/2237/17 2235/2235/17
f 2236/2236/148 2230/2230/148 2233/2233/148
f 2236/2236/148 2233/2233/148 2237/2237/148
f 2238/2238/148 2239/2239/148 2240/2240/148
f 2238/2238/148 2240/2240/148 2241/2241/148
f 2239/2239/120 2242/2242/120 2243/2243/120
f 2239/2239/6 2243/2243/6 2240/2240/6
f 2242/2242/595 2244/2244/595 2245/2245/595
f 2242/2242/153 2245/2245/153 2243/2243/153
f 2244/2244/4 2238/2238/4 2241/2241/4
f 2244/2244/17 2241/2241/17 2245/2245/17
f 2246/2246/169 2247/2247/169 2248/2248/169
f 2246/2246/148 2248/2248/148 2249/2249/148
f 2247/2247/120 2250/2250/120 2251/2251/120
f 2247/2247/120 2251/2251/120 2248/2248/120
f 2250/2250/595 2252/2252/595 2253/2253/595
f 2250/2250/153 2253/2253/153 2251/2251/153
f 2252/2252/4 2246/2246/4 2249/2249/4
f 2252/2252/17 2249/2249/17 2253/2253/17
f 2254/2254/152 2255/2255/152 2256/2256/152
f 2254/2254/172 2256/2256/172 2257/2257/172
f 2255/2255/120 2258/2258/120 2259/2259/120
f 2255/2255/120 2259/2259/120 2256/2256/120
f 2258/2258/595 2260/2260/595 2261/2261/595
f 2258/2258/153 2261/2261/153 2259/2259/153
f 2260/2260/4 2254/2254/4 2257/2257/4
f 2260/2260/17 2257/2257/17 2261/2261/17
f 2262/2262/152 2263/2263/152 2264/2264/152
f 2262/2262/172 2264/2264/172 2265/2265/172
f 2263/2263/120 2266/2266/120 2267/2267/120
f 2263/2263/120 2267/2267/120 2264/2264/120
f 2266/2266/146 2268/2268/146 2269/2269/146
f 2266/2266/246 2269/2269/246 2267/2267/246
f 2268/2268/141 2262/2262/141 2265/2265/141
f 2268/2268/143 2265/2265/143 2269/2269/143
f 2270/2270/152 2271/2271/152 2272/2272/152
f 2270/2270/148 2272/2272/148 2273/2273/148
f 2271/2271/120 2274/2274/120 2275/2275/120
f 2271/2271/120 2275/2275/120 2272/2272/120
f 2274/2274/146 2276/2276/146 2277/2277/146
f 2274/2274/146 2277/2277/146 2275/2275/146
f 2276/2276/4 2270/2270/4 2273/2273/4
f 2276/2276/17 2273/2273/17 2277/2277/17
f 2278/2278/152 2279/2279/152 2280/2280/152
f 2278/2278/148 2280/2280/148 2281/2281/148
f 2279/2279/120 2282/2282/120 2283/2283/120
f 2279/2279/120 2283/2283/120 2280/2280/120
f 2282/2282/146 2284/2284/146 2285/2285/146
f 2282/2282/146 2285/2285/146 2283/2283/146
f 2284/2284/4 2278/2278/4 2281/2281/4
f 2284/2284/17 2281/2281/17 2285/2285/17
f 2286/2286/1 2287/2287/1 2288/2288/1
f 2286/2286/148 2288/2288/148 2289/2289/148
f 2287/2287/120 2290/2290/120 2291/2291/120
f 2287/2287/120 2291/2291/120 2288/2288/120
f 2290/2290/595 2292/2292/595 2293/2293/595
f 2290/2290/153 2293/2293/153 2291/2291/153
f 2292/2292/4 2286/2286/4 2289/2289/4
f 2292/2292/17 2289/2289/17 2293/2293/17
f 2294/2294/145 2295/2295/145 2296/2296/145
f 2294/2294/152 2296/2296/152 2297/2297/152
f 2295/2295/120 2298/2298/120 2299/2299/120
f 2295/2295/120 2299/2299/120 2296/2296/120
f 2298/2298/251 2300/2300/251 2301/2301/251
f 2298/2298/153 2301/2301/153 2299/2299/153
f 2300/2300/4 2294/2294/4 2297/2297/4
f 2300/2300/17 2297/2297/17 2301/2301/17
f 2302/2302/1 2303/2303/1 2304/2304/1
f 2302/2302/148 2304/2304/148 2305/2305/148
f 2303/2303/120 2306/2306/120 2307/2307/120
f 2303/2303/120 2307/2307/120 2304/2304/120
f 2306/2306/146 2308/2308/146 2309/2309/146
f 2306/2306/146 2309/2309/146 2307/2307/146
f 2308/2308/4 2302/2302/4 2305/2305/4
f 2308/2308/17 2305/2305/17 2309/2309/17
f 2310/2310/148 2311/2311/148 2312/2312/148
f 2310/2310/145 2312/2312/145 2313/2313/145
f 2311/2311/120 2314/2314/120 2315/2315/120
f 2311/2311/120 2315/2315/120 2312/2312/120
f 2314/2314/2 2316/2316/2 2317/2317/2
f 2314/2314/146 2317/2317/146 2315/2315/146
f 2316/2316/17 2310/2310/17 2313/2313/17
f 2316/2316/4 2313/2313/4 2317/2317/4
f 2318/2318/165 2319/2319/165 2320/2320/165
f 2318/2318/152 2320/2320/152 2321/2321/152
f 2319/2319/120 2322/2322/120 2323/2323/120
f 2319/2319/120 2323/2323/120 2320/2320/120
f 2322/2322/595 2324/2324/595 2325/2325/595
f 2322/2322/251 2325/2325/251 2323/2323/251
f 2324/2324/17 2318/2318/17 2321/2321/17
f 2324/2324/4 2321/2321/4 2325/2325/4
f 2326/2326/148 2327/2327/148 2328/2328/148
f 2326/2326/145 2328/2328/145 2329/2329/145
f 2327/2327/6 2330/2330/6 2331/2331/6
f 2327/2327/120 2331/2331/120 2328/2328/120
f 2330/2330/2 2332/2332/2 2333/2333/2
f 2330/2330/178 2333/2333/178 2331/2331/178
f 2332/2332/4 2326/2326/4 2329/2329/4
f 2332/2332/17 2329/2329/17 2333/2333/17
f 2334/2334/148 2335/2335/148 2336/2336/148
f 2334/2334/145 2336/2336/145 2337/2337/145
f 2335/2335/6 2338/2338/6 2339/2339/6
f 2335/2335/6 2339/2339/6 2336/2336/6
f 2338/2338/146 2340/2340/146 2341/2341/146
f 2338/2338/178 2341/2341/178 2339/2339/178
f 2340/2340/4 2334/2334/4 2337/2337/4
f 2340/2340/17 2337/2337/17 2341/2341/17
f 2342/2342/148 2343/2343/148 2344/2344/148
f 2342/2342/145 2344/2344/145 2345/2345/145
f 2343/2343/6 2346/2346/6 2347/2347/6
f 2343/2343/120 2347/2347/120 2344/2344/120
f 2346/2346/2 2348/2348/2 2349/2349/2
f 2346/2346/178 2349/2349/178 2347/2347/178
f 2348/2348/4 2342/2342/4 2345/2345/4
f 2348/2348/17 2345/2345/17 2349/2349/17
f 2350/2350/172 2351/2351/172 2352/2352/172
f 2350/2350/152 2352/2352/152 2353/2353/152
f 2351/2351/6 2354/2354/6 2355/2355/6
f 2351/2351/120 2355/2355/120 2352/2352/120
f 2354/2354/2 2356/2356/2 2357/2357/2
f 2354/2354/178 2357/2357/178 2355/2355/178
f 2356/2356/141 2350/2350/141 2353/2353/141
f 2356/2356/143 2353/2353/143 2357/2357/143
f 2358/2358/148 2359/2359/148 2360/2360/148
f 2358/2358/148 2360/2360/148 2361/2361/148
f 2359/2359/6 2362/2362/6 2363/2363/6
f 2359/2359/6 2363/2363/6 2360/2360/6
f 2362/2362/146 2364/2364/146 2365/2365/146
f 2362/2362/178 2365/2365/178 2363/2363/178
f 2364/2364/17 2358/2358/17 2361/2361/17
f 2364/2364/4 2361/2361/4 2365/2365/4
f 2366/2366/145 2367/2367/145 2368/2368/145
f 2366/2366/148 2368/2368/148 2369/2369/148
f 2367/2367/142 2370/2370/142 2371/2371/142
f 2367/2367/120 2371/2371/120 2368/2368/120
f 2370/2370/251 2372/2372/251 2373/2373/251
f 2370/2370/153 2373/2373/153 2371/2371/153
f 2372/2372/17 2366/2366/17 2369/2369/17
f 2372/2372/4 2369/2369/4 2373/2373/4
f 2374/2374/152 2375/2375/152 2376/2376/152
f 2374/2374/172 2376/2376/172 2377/2377/172
f 2375/2375/6 2378/2378/6 2379/2379/6
f 2375/2375/120 2379/2379/120 2376/2376/120
f 2378/2378/153 2380/2380/153 2381/2381/153
f 2378/2378/153 2381/2381/153 2379/2379/153
f 2380/2380/17 2374/2374/17 2377/2377/17
f 2380/2380/4 2377/2377/4 2381/2381/4
f 2382/2382/145 2383/2383/145 2384/2384/145
f 2382/2382/148 2384/2384/148 2385/2385/148
f 2383/2383/6 2386/2386/6 2387/2387/6
f 2383/2383/120 2387/2387/120 2384/2384/120
f 2386/2386/178 2388/2388/178 2389/2389/178
f 2386/2386/146 2389/2389/146 2387/2387/146
f 2388/2388/17 2382/2382/17 2385/2385/17
f 2388/2388/4 2385/2385/4 2389/2389/4
f 2390/2390/145 2391/2391/145 2392/2392/145
f 2390/2390/148 2392/2392/148 2393/2393/148
f 2391/2391/6 2394/2394/6 2395/2395/6
f 2391/2391/120 2395/2395/120 2392/2392/120
f 2394/2394/178 2396/2396/178 2397/2397/178
f 2394/2394/146 2397/2397/146 2395/2395/146
f 2396/2396/17 2390/2390/17 2393/2393/17
f 2396/2396/4 2393/2393/4 2397/2397/4
f 2398/2398/145 2399/2399/145 2400/2400/145
f 2398/2398/148 2400/2400/148 2401/2401/148
f 2399/2399/6 2402/2402/6 2403/2403/6
f 2399/2399/120 2403/2403/120 2400/2400/120
f 2402/2402/178 2404/2404/178 2405/2405/178
f 2402/2402/146 2405/2405/146 2403/2403/146
f 2404/2404/17 2398/2398/17 2401/2401/17
f 2404/2404/4 2401/2401/4 2405/2405/4
f 2406/2406/145 2407/2407/145 2408/2408/145
f 2406/2406/148 2408/2408/148 2409/2409/148
f 2407/2407/142 2410/2410/142 2411/2411/142
f 2407/2407/213 2411/2411/213 2408/2408/213
f 2410/2410/153 2412/2412/153 2413/2413/153
f 2410/2410/251 2413/2413/251 2411/2411/251
f 2412/2412/17 2406/2406/17 2409/2409/17
f 2412/2412/4 2409/2409/4 2413/2413/4
f 2414/2414/148 2415/2415/148 2416/2416/148
f 2414/2414/152 2416/2416/152 2417/2417/152
f 2415/2415/6 2418/2418/6 2419/2419/6
f 2415/2415/120 2419/2419/120 2416/2416/120
f 2418/2418/153 2420/2420/153 2421/2421/153
f 2418/2418/146 2421/2421/146 2419/2419/146
f 2420/2420/17 2414/2414/17 2417/2417/17
f 2420/2420/4 2417/2417/4 2421/2421/4
f 2422/2422/165 2423/2423/165 2424/2424/165
f 2422/2422/152 2424/2424/152 2425/2425/152
f 2423/2423/6 2426/2426/6 2427/2427/6
f 2423/2423/120 2427/2427/120 2424/2424/120
f 2426/2426/146 2428/2428/146 2429/2429/146
f 2426/2426/146 2429/2429/146 2427/2427/146
f 2428/2428/143 2422/2422/143 2425/2425/143
f 2428/2428/141 2425/2425/141 2429/2429/141
f 2430/2430/148 2431/2431/148 2432/2432/148
f 2430/2430/145 2432/2432/145 2433/2433/145
f 2431/2431/6 2434/2434/6 2435/2435/6
f 2431/2431/120 2435/2435/120 2432/2432/120
f 2434/2434/146 2436/2436/146 2437/2437/146
f 2434/2434/146 2437/2437/146 2435/2435/146
f 2436/2436/17 2430/2430/17 2433/2433/17
f 2436/2436/4 2433/2433/4 2437/2437/4
f 2438/2438/148 2439/2439/148 2440/2440/148
f 2438/2438/145 2440/2440/145 2441/2441/145
f 2439/2439/6 2442/2442/6 2443/2443/6
f 2439/2439/120 2443/2443/120 2440/2440/120
f 2442/2442/146 2444/2444/146 2445/2445/146
f 2442/2442/153 2445/2445/153 2443/2443/153
f 2444/2444/17 2438/2438/17 2441/2441/17
f 2444/2444/4 2441/2441/4 2445/2445/4
f 2446/2446/165 2447/2447/165 2448/2448/165
f 2446/2446/152 2448/2448/152 2449/2449/152
f 2447/2447/6 2450/2450/6 2451/2451/6
f 2447/2447/120 2451/2451/120 2448/2448/120
f 2450/2450/146 2452/2452/146 2453/2453/146
f 2450/2450/178 2453/2453/178 2451/2451/178
f 2452/2452/141 2446/2446/141 2449/2449/141
f 2452/2452/141 2449/2449/141 2453/2453/141
f 2454/2454/148 2455/2455/148 2456/2456/148
f 2454/2454/152 2456/2456/152 2457/2457/152
f 2455/2455/6 2458/2458/6 2459/2459/6
f 2455/2455/120 2459/2459/120 2456/2456/120
f 2458/2458/146 2460/2460/146 2461/2461/146
f 2458/2458/178 2461/2461/178 2459/2459/178
f 2460/2460/4 2454/2454/4 2457/2457/4
f 2460/2460/4 2457/2457/4 2461/2461/4
f 2462/2462/148 2463/2463/148 2464/2464/148
f 2462/2462/192 2464/2464/192 2465/2465/192
f 2463/2463/6 2466/2466/6 2467/2467/6
f 2463/2463/6 2467/2467/6 2464/2464/6
f 2466/2466/146 2468/2468/146 2469/2469/146
f 2466/2466/178 2469/2469/178 2467/2467/178
f 2468/2468/4 2462/2462/4 2465/2465/4
f 2468/2468/4 2465/2465/4 2469/2469/4
f 2470/2470/148 2471/2471/148 2472/2472/148
f 2470/2470/148 2472/2472/148 2473/2473/148
f 2471/2471/6 2474/2474/6 2475/2475/6
f 2471/2471/6 2475/2475/6 2472/2472/6
f 2474/2474/146 2476/2476/146 2477/2477/146
f 2474/2474/178 2477/2477/178 2475/2475/178
f 2476/2476/17 2470/2470/17 2473/2473/17
f 2476/2476/4 2473/2473/4 2477/2477/4
f 2478/2478/172 2479/2479/172 2480/2480/172
f 2478/2478/172 2480/2480/172 2481/2481/172
f 2479/2479/6 2482/2482/6 2483/2483/6
f 2479/2479/6 2483/2483/6 2480/2480/6
f 2482/2482/251 2484/2484/251 2485/2485/251
f 2482/2482/153 2485/2485/153 2483/2483/153
f 2484/2484/17 2478/2478/17 2481/2481/17
f 2484/2484/4 2481/2481/4 2485/2485/4
f 2486/2486/152 2487/2487/152 2488/2488/152
f 2486/2486/148 2488/2488/148 2489/2489/148
f 2487/2487/120 2490/2490/120 2491/2491/120
f 2487/2487/120 2491/2491/120 2488/2488/120
f 2490/2490/153 2492/2492/153 2493/2493/153
f 2490/2490/146 2493/2493/146 2491/2491/146
f 2492/2492/17 2486/2486/17 2489/2489/17
f 2492/2492/17 2489/2489/17 2493/2493/17
f 2494/2494/152 2495/2495/152 2496/2496/152
f 2494/2494/148 2496/2496/148 2497/2497/148
f 2495/2495/120 2498/2498/120 2499/2499/120
f 2495/2495/120 2499/2499/120 2496/2496/120
f 2498/2498/153 2500/2500/153 2501/2501/153
f 2498/2498/146 2501/2501/146 2499/2499/146
f 2500/2500/143 2494/2494/143 2497/2497/143
f 2500/2500/17 2497/2497/17 2501/2501/17
f 2502/2502/152 2503/2503/152 2504/2504/152
f 2502/2502/148 2504/2504/148 2505/2505/148
f 2503/2503/120 2506/2506/120 2507/2507/120
f 2503/2503/120 2507/2507/120 2504/2504/120
f 2506/2506/153 2508/2508/153 2509/2509/153
f 2506/2506/146 2509/2509/146 2507/2507/146
f 2508/2508/17 2502/2502/17 2505/2505/17
f 2508/2508/17 2505/2505/17 2509/2509/17
f 2510/2510/152 2511/2511/152 2512/2512/152
f 2510/2510/148 2512/2512/148 2513/2513/148
f 2511/2511/120 2514/2514/120 2515/2515/120
f 2511/2511/120 2515/2515/120 2512/2512/120
f 2514/2514/153 2516/2516/153 2517/2517/153
f 2514/2514/146 2517/2517/146 2515/2515/146
f 2516/2516/17 2510/2510/17 2513/2513/17
f 2516/2516/17 2513/2513/17 2517/2517/17
f 2518/2518/148 2519/2519/148 2520/2520/148
f 2518/2518/152 2520/2520/152 2521/2521/152
f 2519/2519/120 2522/2522/120 2523/2523/120
f 2519/2519/120 2523/2523/120 2520/2520/120
f 2522/2522/153 2524/2524/153 2525/2525/153
f 2522/2522/146 2525/2525/146 2523/2523/146
f 2524/2524/17 2518/2518/17 2521/2521/17
f 2524/2524/17 2521/2521/17 2525/2525/17
f 2526/2526/148 2527/2527/148 2528/2528/148
f 2526/2526/152 2528/2528/152 2529/2529/152
f 2527/2527/213 2530/2530/213 2531/2531/213
f 2527/2527/213 2531/2531/213 2528/2528/213
f 2530/2530/251 2532/2532/251 2533/2533/251
f 2530/2530/153 2533/2533/153 2531/2531/153
f 2532/2532/17 2526/2526/17 2529/2529/17
f 2532/2532/4 2529/2529/4 2533/2533/4
f 2534/2534/148 2535/2535/148 2536/2536/148
f 2534/2534/152 2536/2536/152 2537/2537/152
f 2535/2535/120 2538/2538/120 2539/2539/120
f 2535/2535/120 2539/2539/120 2536/2536/120
f 2538/2538/146 2540/2540/146 2541/2541/146
f 2538/2538/146 2541/2541/146 2539/2539/146
f 2540/2540/17 2534/2534/17 2537/2537/17
f 2540/2540/4 2537/2537/4 2541/2541/4
f 2542/2542/148 2543/2543/148 2544/2544/148
f 2542/2542/152 2544/2544/152 2545/2545/152
f 2543/2543/142 2546/2546/142 2547/2547/142
f 2543/2543/213 2547/2547/213 2544/2544/213
f 2546/2546/146 2548/2548/146 2549/2549/146
f 2546/2546/153 2549/2549/153 2547/2547/153
f 2548/2548/141 2542/2542/141 2545/2545/141
f 2548/2548/143 2545/2545/143 2549/2549/143
f 2550/2550/148 2551/2551/148 2552/2552/148
f 2550/2550/152 2552/2552/152 2553/2553/152
f 2551/2551/216 2554/2554/216 2555/2555/216
f 2551/2551/216 2555/2555/216 2552/2552/216
f 2554/2554/146 2556/2556/146 2557/2557/146
f 2554/2554/153 2557/2557/153 2555/2555/153
f 2556/2556/219 2550/2550/219 2553/2553/219
f 2556/2556/219 2553/2553/219 2557/2557/219
f 2558/2558/148 2559/2559/148 2560/2560/148
f 2558/2558/152 2560/2560/152 2561/2561/152
f 2559/2559/142 2562/2562/142 2563/2563/142
f 2559/2559/213 2563/2563/213 2560/2560/213
f 2562/2562/146 2564/2564/146 2565/2565/146
f 2562/2562/153 2565/2565/153 2563/2563/153
f 2564/2564/141 2558/2558/141 2561/2561/141
f 2564/2564/143 2561/2561/143 2565/2565/143
f 2566/2566/148 2567/2567/148 2568/2568/148
f 2566/2566/152 2568/2568/152 2569/2569/152
f 2567/2567/213 2570/2570/213 2571/2571/213
f 2567/2567/213 2571/2571/213 2568/2568/213
f 2570/2570/595 2572/2572/595 2573/2573/595
f 2570/2570/146 2573/2573/146 2571/2571/146
f 2572/2572/141 2566/2566/141 2569/2569/141
f 2572/2572/143 2569/2569/143 2573/2573/143
f 2574/2574/148 2575/2575/148 2576/2576/148
f 2574/2574/152 2576/2576/152 2577/2577/152
f 2575/2575/142 2578/2578/142 2579/2579/142
f 2575/2575/216 2579/2579/216 2576/2576/216
f 2578/2578/151 2580/2580/151 2581/2581/151
f 2578/2578/153 2581/2581/153 2579/2579/153
f 2580/2580/596 2574/2574/596 2577/2577/596
f 2580/2580/219 2577/2577/219 2581/2581/219
f 2582/2582/148 2583/2583/148 2584/2584/148
f 2582/2582/152 2584/2584/152 2585/2585/152
f 2583/2583/216 2586/2586/216 2587/2587/216
f 2583/2583/216 2587/2587/216 2584/2584/216
f 2586/2586/178 2588/2588/178 2589/2589/178
f 2586/2586/153 2589/2589/153 2587/2587/153
f 2588/2588/596 2582/2582/596 2585/2585/596
f 2588/2588/219 2585/2585/219 2589/2589/219
f 2590/2590/148 2591/2591/148 2592/2592/148
f 2590/2590/152 2592/2592/152 2593/2593/152
f 2591/2591/142 2594/2594/142 2595/2595/142
f 2591/2591/213 2595/2595/213 2592/2592/213
f 2594/2594/178 2596/2596/178 2597/2597/178
f 2594/2594/153 2597/2597/153 2595/2595/153
f 2596/2596/141 2590/2590/141 2593/2593/141
f 2596/2596/143 2593/2593/143 2597/2597/143
f 2598/2598/148 2599/2599/148 2600/2600/148
f 2598/2598/192 2600/2600/192 2601/2601/192
f 2599/2599/216 2602/2602/216 2603/2603/216
f 2599/2599/216 2603/2603/216 2600/2600/216
f 2602/2602/178 2604/2604/178 2605/2605/178
f 2602/2602/153 2605/2605/153 2603/2603/153
f 2604/2604/596 2598/2598/596 2601/2601/596
f 2604/2604/219 2601/2601/219 2605/2605/219
f 2606/2606/148 2607/2607/148 2608/2608/148
f 2606/2606/192 2608/2608/192 2609/2609/192
f 2607/2607/213 2610/2610/213 2611/2611/213
f 2607/2607/142 2611/2611/142 2608/2608/142
f 2610/2610/2 2612/2612/2 2613/2613/2
f 2610/2610/153 2613/2613/153 2611/2611/153
f 2612/2612/141 2606/2606/141 2609/2609/141
f 2612/2612/143 2609/2609/143 2613/2613/143
f 2614/2614/148 2615/2615/148 2616/2616/148
f 2614/2614/148 2616/2616/148 2617/2617/148
f 2615/2615/213 2618/2618/213 2619/2619/213
f 2615/2615/142 2619/2619/142 2616/2616/142
f 2618/2618/595 2620/2620/595 2621/2621/595
f 2618/2618/153 2621/2621/153 2619/2619/153
f 2620/2620/141 2614/2614/141 2617/2617/141
f 2620/2620/143 2617/2617/143 2621/2621/143
f 2622/2622/597 2623/2623/597 2624/2624/597
f 2622/2622/148 2624/2624/148 2625/2625/148
f 2623/2623/216 2626/2626/216 2627/2627/216
f 2623/2623/216 2627/2627/216 2624/2624/216
f 2626/2626/595 2628/2628/595 2629/2629/595
f 2626/2626/153 2629/2629/153 2627/2627/153
f 2628/2628/219 2622/2622/219 2625/2625/219
f 2628/2628/219 2625/2625/219 2629/2629/219
f 2630/2630/145 2631/2631/145 2632/2632/145
f 2630/2630/166 2632/2632/166 2633/2633/166
f 2631/2631/213 2634/2634/213 2635/2635/213
f 2631/2631/213 2635/2635/213 2632/2632/213
f 2634/2634/595 2636/2636/595 2637/2637/595
f 2634/2634/153 2637/2637/153 2635/2635/153
f 2636/2636/141 2630/2630/141 2633/2633/141
f 2636/2636/143 2633/2633/143 2637/2637/143
f 2638/2638/152 2639/2639/152 2640/2640/152
f 2638/2638/148 2640/2640/148 2641/2641/148
f 2639/2639/213 2642/2642/213 2643/2643/213
f 2639/2639/213 2643/2643/213 2640/2640/213
f 2642/2642/229 2644/2644/229 2645/2645/229
f 2642/2642/246 2645/2645/246 2643/2643/246
f 2644/2644/219 2638/2638/219 2641/2641/219
f 2644/2644/219 2641/2641/219 2645/2645/219
f 2646/2646/5 2647/2647/5 2648/2648/5
f 2646/2646/5 2648/2648/5 2649/2649/5
f 2650/2650/5 2651/2651/5 2652/2652/5
f 2650/2650/5 2652/2652/5 2653/2653/5
f 2654/2654/3 2655/2655/3 2656/2656/3
f 2654/2654/3 2656/2656/3 2657/2657/3
f 2658/2658/3 2659/2659/3 2660/2660/3
f 2658/2658/3 2660/2660/3 2661/2661/3
f 2647/2647/1 2654/2654/1 2657/2657/1
f 2647/2647/1 2657/2657/1 2648/2648/1
f 2659/2659/1 2650/2650/1 2653/2653/1
f 2659/2659/1 2653/2653/1 2660/2660/1
f 2651/2651/2 2658/2658/2 2661/2661/2
f 2651/2651/2 2661/2661/2 2652/2652/2
f 2655/2655/2 2646/2646/2 2649/2649/2
f 2655/2655/2 2649/2649/2 2656/2656/2
f 2662/2662/213 2663/2663/213 2664/2664/213
f 2662/2662/213 2664/2664/213 2665/2665/213
f 2663/2663/153 2666/2666/153 2667/2667/153
f 2663/2663/146 2667/2667/146 2664/2664/146
f 2666/2666/143 2668/2668/143 2669/2669/143
f 2666/2666/143 2669/2669/143 2667/2667/143
f 2668/2668/152 2662/2662/152 2665/2665/152
f 2668/2668/148 2665/2665/148 2669/2669/148
f 2670/2670/216 2671/2671/216 2672/2672/216
f 2670/2670/216 2672/2672/216 2673/2673/216
f 2671/2671/146 2674/2674/146 2675/2675/146
f 2671/2671/153 2675/2675/153 2672/2672/153
f 2674/2674/143 2676/2676/143 2677/2677/143
f 2674/2674/143 2677/2677/143 2675/2675/143
f 2676/2676/166 2670/2670/166 2673/2673/166
f 2676/2676/145 2673/2673/145 2677/2677/145
f 2678/2678/216 2679/2679/216 2680/2680/216
f 2678/2678/216 2680/2680/216 2681/2681/216
f 2679/2679/146 2682/2682/146 2683/2683/146
f 2679/2679/2 2683/2683/2 2680/2680/2
f 2682/2682/141 2684/2684/141 2685/2685/141
f 2682/2682/143 2685/2685/143 2683/2683/143
f 2684/2684/145 2678/2678/145 2681/2681/145
f 2684/2684/165 2681/2681/165 2685/2685/165
f 2686/2686/216 2687/2687/216 2688/2688/216
f 2686/2686/216 2688/2688/216 2689/2689/216
f 2687/2687/153 2690/2690/153 2691/2691/153
f 2687/2687/146 2691/2691/146 2688/2688/146
f 2690/2690/143 2692/2692/143 2693/2693/143
f 2690/2690/143 2693/2693/143 2691/2691/143
f 2692/2692/148 2686/2686/148 2689/2689/148
f 2692/2692/145 2689/2689/145 2693/2693/145
f 2694/2694/216 2695/2695/216 2696/2696/216
f 2694/2694/216 2696/2696/216 2697/2697/216
f 2695/2695/153 2698/2698/153 2699/2699/153
f 2695/2695/146 2699/2699/146 2696/2696/146
f 2698/2698/143 2700/2700/143 2701/2701/143
f 2698/2698/143 2701/2701/143 2699/2699/143
f 2700/2700/165 2694/2694/165 2697/2697/165
f 2700/2700/145 2697/2697/145 2701/2701/145
f 2702/2702/216 2703/2703/216 2704/2704/216
f 2702/2702/216 2704/2704/216 2705/2705/216
f 2703/2703/146 2706/2706/146 2707/2707/146
f 2703/2703/153 2707/2707/153 2704/2704/153
f 2706/2706/143 2708/2708/143 2709/2709/143
f 2706/2706/141 2709/2709/141 2707/2707/141
f 2708/2708/145 2702/2702/145 2705/2705/145
f 2708/2708/145 2705/2705/145 2709/2709/145
f 2710/2710/213 2711/2711/213 2712/2712/213
f 2710/2710/213 2712/2712/213 2713/2713/213
f 2711/2711/146 2714/2714/146 2715/2715/146
f 2711/2711/146 2715/2715/146 2712/2712/146
f 2714/2714/143 2716/2716/143 2717/2717/143
f 2714/2714/141 2717/2717/141 2715/2715/141
f 2716/2716/148 2710/2710/148 2713/2713/148
f 2716/2716/152 2713/2713/152 2717/2717/152
f 2718/2718/216 2719/2719/216 2720/2720/216
f 2718/2718/216 2720/2720/216 2721/2721/216
f 2719/2719/153 2722/2722/153 2723/2723/153
f 2719/2719/146 2723/2723/146 2720/2720/146
f 2722/2722/143 2724/2724/143 2725/2725/143
f 2722/2722/143 2725/2725/143 2723/2723/143
f 2724/2724/165 2718/2718/165 2721/2721/165
f 2724/2724/145 2721/2721/145 2725/2725/145
f 2726/2726/216 2727/2727/216 2728/2728/216
f 2726/2726/216 2728/2728/216 2729/2729/216
f 2727/2727/146 2730/2730/146 2731/2731/146
f 2727/2727/153 2731/2731/153 2728/2728/153
f 2730/2730/143 2732/2732/143 2733/2733/143
f 2730/2730/143 2733/2733/143 2731/2731/143
f 2732/2732/165 2726/2726/165 2729/2729/165
f 2732/2732/145 2729/2729/145 2733/2733/145
f 2734/2734/216 2735/2735/216 2736/2736/216
f 2734/2734/216 2736/2736/216 2737/2737/216
f 2735/2735/146 2738/2738/146 2739/2739/146
f 2735/2735/153 2739/2739/153 2736/2736/153
f 2738/2738/141 2740/2740/141 2741/2741/141
f 2738/2738/143 2741/2741/143 2739/2739/143
f 2740/2740/145 2734/2734/145 2737/2737/145
f 2740/2740/165 2737/2737/165 2741/2741/165
f 2742/2742/216 2743/2743/216 2744/2744/216
f 2742/2742/216 2744/2744/216 2745/2745/216
f 2743/2743/153 2746/2746/153 2747/2747/153
f 2743/2743/146 2747/2747/146 2744/2744/146
f 2746/2746/143 2748/2748/143 2749/2749/143
f 2746/2746/143 2749/2749/143 2747/2747/143
f 2748/2748/145 2742/2742/145 2745/2745/145
f 2748/2748/165 2745/2745/165 2749/2749/165
f 2750/2750/216 2751/2751/216 2752/2752/216
f 2750/2750/216 2752/2752/216 2753/2753/216
f 2751/2751/153 2754/2754/153 2755/2755/153
f 2751/2751/146 2755/2755/146 2752/2752/146
f 2754/2754/141 2756/2756/141 2757/2757/141
f 2754/2754/143 2757/2757/143 2755/2755/143
f 2756/2756/165 2750/2750/165 2753/2753/165
f 2756/2756/145 2753/2753/145 2757/2757/145
f 2758/2758/142 2759/2759/142 2760/2760/142
f 2758/2758/213 2760/2760/213 2761/2761/213
f 2759/2759/153 2762/2762/153 2763/2763/153
f 2759/2759/146 2763/2763/146 2760/2760/146
f 2762/2762/141 2764/2764/141 2765/2765/141
f 2762/2762/143 2765/2765/143 2763/2763/143
f 2764/2764/152 2758/2758/152 2761/2761/152
f 2764/2764/148 2761/2761/148 2765/2765/148
f 2766/2766/213 2767/2767/213 2768/2768/213
f 2766/2766/142 2768/2768/142 2769/2769/142
f 2767/2767/146 2770/2770/146 2771/2771/146
f 2767/2767/153 2771/2771/153 2768/2768/153
f 2770/2770/143 2772/2772/143 2773/2773/143
f 2770/2770/143 2773/2773/143 2771/2771/143
f 2772/2772/148 2766/2766/148 2769/2769/148
f 2772/2772/148 2769/2769/148 2773/2773/148
f 2774/2774/142 2775/2775/142 2776/2776/142
f 2774/2774/213 2776/2776/213 2777/2777/213
f 2775/2775/146 2778/2778/146 2779/2779/146
f 2775/2775/153 2779/2779/153 2776/2776/153
f 2778/2778/141 2780/2780/141 2781/2781/141
f 2778/2778/143 2781/2781/143 2779/2779/143
f 2780/2780/148 2774/2774/148 2777/2777/148
f 2780/2780/152 2777/2777/152 2781/2781/152
f 2782/2782/213 2783/2783/213 2784/2784/213
f 2782/2782/213 2784/2784/213 2785/2785/213
f 2783/2783/146 2786/2786/146 2787/2787/146
f 2783/2783/146 2787/2787/146 2784/2784/146
f 2786/2786/143 2788/2788/143 2789/2789/143
f 2786/2786/141 2789/2789/141 2787/2787/141
f 2788/2788/148 2782/2782/148 2785/2785/148
f 2788/2788/152 2785/2785/152 2789/2789/152
f 2790/2790/213 2791/2791/213 2792/2792/213
f 2790/2790/142 2792/2792/142 2793/2793/142
f 2791/2791/153 2794/2794/153 2795/2795/153
f 2791/2791/146 2795/2795/146 2792/2792/146
f 2794/2794/141 2796/2796/141 2797/2797/141
f 2794/2794/143 2797/2797/143 2795/2795/143
f 2796/2796/152 2790/2790/152 2793/2793/152
f 2796/2796/148 2793/2793/148 2797/2797/148
f 2798/2798/213 2799/2799/213 2800/2800/213
f 2798/2798/213 2800/2800/213 2801/2801/213
f 2799/2799/146 2802/2802/146 2803/2803/146
f 2799/2799/153 2803/2803/153 2800/2800/153
f 2802/2802/143 2804/2804/143 2805/2805/143
f 2802/2802/143 2805/2805/143 2803/2803/143
f 2804/2804/152 2798/2798/152 2801/2801/152
f 2804/2804/148 2801/2801/148 2805/2805/148
f 2806/2806/142 2807/2807/142 2808/2808/142
f 2806/2806/213 2808/2808/213 2809/2809/213
f 2807/2807/146 2810/2810/146 2811/2811/146
f 2807/2807/153 2811/2811/153 2808/2808/153
f 2810/2810/141 2812/2812/141 2813/2813/141
f 2810/2810/143 2813/2813/143 2811/2811/143
f 2812/2812/148 2806/2806/148 2809/2809/148
f 2812/2812/152 2809/2809/152 2813/2813/152
f 2814/2814/142 2815/2815/142 2816/2816/142
f 2814/2814/213 2816/2816/213 2817/2817/213
f 2815/2815/147 2818/2818/147 2819/2819/147
f 2815/2815/146 2819/2819/146 2816/2816/146
f 2818/2818/143 2820/2820/143 2821/2821/143
f 2818/2818/141 2821/2821/141 2819/2819/141
f 2820/2820/148 2814/2814/148 2817/2817/148
f 2820/2820/152 2817/2817/152 2821/2821/152
f 2822/2822/213 2823/2823/213 2824/2824/213
f 2822/2822/213 2824/2824/213 2825/2825/213
f 2823/2823/153 2826/2826/153 2827/2827/153
f 2823/2823/149 2827/2827/149 2824/2824/149
f 2826/2826/143 2828/2828/143 2829/2829/143
f 2826/2826/143 2829/2829/143 2827/2827/143
f 2828/2828/152 2822/2822/152 2825/2825/152
f 2828/2828/148 2825/2825/148 2829/2829/148
f 2830/2830/213 2831/2831/213 2832/2832/213
f 2830/2830/142 2832/2832/142 2833/2833/142
f 2831/2831/146 2834/2834/146 2835/2835/146
f 2831/2831/153 2835/2835/153 2832/2832/153
f 2834/2834/143 2836/2836/143 2837/2837/143
f 2834/2834/143 2837/2837/143 2835/2835/143
f 2836/2836/148 2830/2830/148 2833/2833/148
f 2836/2836/166 2833/2833/166 2837/2837/166
f 2838/2838/142 2839/2839/142 2840/2840/142
f 2838/2838/213 2840/2840/213 2841/2841/213
f 2839/2839/146 2842/2842/146 2843/2843/146
f 2839/2839/151 2843/2843/151 2840/2840/151
f 2842/2842/143 2844/2844/143 2845/2845/143
f 2842/2842/141 2845/2845/141 2843/2843/141
f 2844/2844/148 2838/2838/148 2841/2841/148
f 2844/2844/152 2841/2841/152 2845/2845/152
f 2846/2846/213 2847/2847/213 2848/2848/213
f 2846/2846/142 2848/2848/142 2849/2849/142
f 2847/2847/153 2850/2850/153 2851/2851/153
f 2847/2847/146 2851/2851/146 2848/2848/146
f 2850/2850/141 2852/2852/141 2853/2853/141
f 2850/2850/143 2853/2853/143 2851/2851/143
f 2852/2852/152 2846/2846/152 2849/2849/152
f 2852/2852/148 2849/2849/148 2853/2853/148
f 2854/2854/213 2855/2855/213 2856/2856/213
f 2854/2854/213 2856/2856/213 2857/2857/213
f 2855/2855/153 2858/2858/153 2859/2859/153
f 2855/2855/146 2859/2859/146 2856/2856/146
f 2858/2858/143 2860/2860/143 2861/2861/143
f 2858/2858/143 2861/2861/143 2859/2859/143
f 2860/2860/152 2854/2854/152 2857/2857/152
f 2860/2860/148 2857/2857/148 2861/2861/148
f 2862/2862/213 2863/2863/213 2864/2864/213
f 2862/2862/213 2864/2864/213 2865/2865/213
f 2863/2863/146 2866/2866/146 2867/2867/146
f 2863/2863/153 2867/2867/153 2864/2864/153
f 2866/2866/143 2868/2868/143 2869/2869/143
f 2866/2866/143 2869/2869/143 2867/2867/143
f 2868/2868/148 2862/2862/148 2865/2865/148
f 2868/2868/148 2865/2865/148 2869/2869/148
f 2870/2870/213 2871/2871/213 2872/2872/213
f 2870/2870/213 2872/2872/213 2873/2873/213
f 2871/2871/231 2874/2874/231 2875/2875/231
f 2871/2871/146 2875/2875/146 2872/2872/146
f 2874/2874/143 2876/2876/143 2877/2877/143
f 2874/2874/143 2877/2877/143 2875/2875/143
f 2876/2876/148 2870/2870/148 2873/2873/148
f 2876/2876/152 2873/2873/152 2877/2877/152
f 2878/2878/213 2879/2879/213 2880/2880/213
f 2878/2878/213 2880/2880/213 2881/2881/213
f 2879/2879/153 2882/2882/153 2883/2883/153
f 2879/2879/146 2883/2883/146 2880/2880/146
f 2882/2882/143 2884/2884/143 2885/2885/143
f 2882/2882/143 2885/2885/143 2883/2883/143
f 2884/2884/152 2878/2878/152 2881/2881/152
f 2884/2884/148 2881/2881/148 2885/2885/148
f 2886/2886/213 2887/2887/213 2888/2888/213
f 2886/2886/213 2888/2888/213 2889/2889/213
f 2887/2887/146 2890/2890/146 2891/2891/146
f 2887/2887/153 2891/2891/153 2888/2888/153
f 2890/2890/143 2892/2892/143 2893/2893/143
f 2890/2890/143 2893/2893/143 2891/2891/143
f 2892/2892/152 2886/2886/152 2889/2889/152
f 2892/2892/148 2889/2889/148 2893/2893/148
f 2894/2894/142 2895/2895/142 2896/2896/142
f 2894/2894/213 2896/2896/213 2897/2897/213
f 2895/2895/146 2898/2898/146 2899/2899/146
f 2895/2895/153 2899/2899/153 2896/2896/153
f 2898/2898/141 2900/2900/141 2901/2901/141
f 2898/2898/143 2901/2901/143 2899/2899/143
f 2900/2900/148 2894/2894/148 2897/2897/148
f 2900/2900/152 2897/2897/152 2901/2901/152
f 2902/2902/5 2903/2903/5 2904/2904/5
f 2902/2902/5 2904/2904/5 2905/2905/5
f 2906/2906/5 2907/2907/5 2908/2908/5
f 2906/2906/5 2908/2908/5 2909/2909/5
f 2910/2910/3 2911/2911/3 2912/2912/3
f 2910/2910/3 2912/2912/3 2913/2913/3
f 2914/2914/3 2915/2915/3 2916/2916/3
f 2914/2914/3 2916/2916/3 2917/2917/3
f 2903/2903/6 2910/2910/6 2913/2913/6
f 2903/2903/6 2913/2913/6 2904/2904/6
f 2915/2915/6 2906/2906/6 2909/2909/6
f 2915/2915/6 2909/2909/6 2916/2916/6
f 2907/2907/4 2914/2914/4 2917/2917/4
f 2907/2907/4 2917/2917/4 2908/2908/4
f 2911/2911/4 2902/2902/4 2905/2905/4
f 2911/2911/4 2905/2905/4 2912/2912/4
f 2918/2918/142 2919/2919/142 2920/2920/142
f 2918/2918/142 2920/2920/142 2921/2921/142
f 2919/2919/146 2922/2922/146 2923/2923/146
f 2919/2919/153 2923/2923/153 2920/2920/153
f 2922/2922/141 2924/2924/141 2925/2925/141
f 2922/2922/141 2925/2925/141 2923/2923/141
f 2924/2924/148 2918/2918/148 2921/2921/148
f 2924/2924/152 2921/2921/152 2925/2925/152
f 2926/2926/213 2927/2927/213 2928/2928/213
f 2926/2926/213 2928/2928/213 2929/2929/213
f 2927/2927/153 2930/2930/153 2931/2931/153
f 2927/2927/146 2931/2931/146 2928/2928/146
f 2930/2930/143 2932/2932/143 2933/2933/143
f 2930/2930/143 2933/2933/143 2931/2931/143
f 2932/2932/148 2926/2926/148 2929/2929/148
f 2932/2932/152 2929/2929/152 2933/2933/152
f 2934/2934/213 2935/2935/213 2936/2936/213
f 2934/2934/213 2936/2936/213 2937/2937/213
f 2935/2935/153 2938/2938/153 2939/2939/153
f 2935/2935/146 2939/2939/146 2936/2936/146
f 2938/2938/143 2940/2940/143 2941/2941/143
f 2938/2938/143 2941/2941/143 2939/2939/143
f 2940/2940/152 2934/2934/152 2937/2937/152
f 2940/2940/148 2937/2937/148 2941/2941/148
f 2942/2942/186 2943/2943/186 2944/2944/186
f 2942/2942/146 2944/2944/146 2945/2945/146
f 2943/2943/143 2946/2946/143 2947/2947/143
f 2943/2943/141 2947/2947/141 2944/2944/141
f 2946/2946/148 2948/2948/148 2949/2949/148
f 2946/2946/148 2949/2949/148 2947/2947/148
f 2948/2948/213 2942/2942/213 2945/2945/213
f 2948/2948/213 2945/2945/213 2949/2949/213
f 2950/2950/146 2951/2951/146 2952/2952/146
f 2950/2950/146 2952/2952/146 2953/2953/146
f 2951/2951/219 2954/2954/219 2955/2955/219
f 2951/2951/219 2955/2955/219 2952/2952/219
f 2954/2954/150 2956/2956/150 2957/2957/150
f 2954/2954/148 2957/2957/148 2955/2955/148
f 2956/2956/216 2950/2950/216 2953/2953/216
f 2956/2956/216 2953/2953/216 2957/2957/216
f 2958/2958/146 2959/2959/146 2960/2960/146
f 2958/2958/146 2960/2960/146 2961/2961/146
f 2959/2959/143 2962/2962/143 2963/2963/143
f 2959/2959/143 2963/2963/143 2960/2960/143
f 2962/2962/148 2964/2964/148 2965/2965/148
f 2962/2962/150 2965/2965/150 2963/2963/150
f 2964/2964/213 2958/2958/213 2961/2961/213
f 2964/2964/142 2961/2961/142 2965/2965/142
f 2966/2966/16 2967/2967/16 2968/2968/16
f 2966/2966/16 2968/2968/16 2969/2969/16
f 2967/2967/143 2970/2970/143 2971/2971/143
f 2967/2967/143 2971/2971/143 2968/2968/143
f 2970/2970/1 2972/2972/1 2973/2973/1
f 2970/2970/15 2973/2973/15 2971/2971/15
f 2972/2972/216 2966/2966/216 2969/2969/216
f 2972/2972/216 2969/2969/216 2973/2973/216
f 2974/2974/146 2975/2975/146 2976/2976/146
f 2974/2974/146 2976/2976/146 2977/2977/146
f 2975/2975/219 2978/2978/219 2979/2979/219
f 2975/2975/219 2979/2979/219 2976/2976/219
f 2978/2978/148 2980/2980/148 2981/2981/148
f 2978/2978/148 2981/2981/148 2979/2979/148
f 2980/2980/216 2974/2974/216 2977/2977/216
f 2980/2980/216 2977/2977/216 2981/2981/216
f 2982/2982/146 2983/2983/146 2984/2984/146
f 2982/2982/186 2984/2984/186 2985/2985/186
f 2983/2983/141 2986/2986/141 2987/2987/141
f 2983/2983/143 2987/2987/143 2984/2984/143
f 2986/2986/148 2988/2988/148 2989/2989/148
f 2986/2986/148 2989/2989/148 2987/2987/148
f 2988/2988/213 2982/2982/213 2985/2985/213
f 2988/2988/213 2985/2985/213 2989/2989/213
f 2990/2990/146 2991/2991/146 2992/2992/146
f 2990/2990/186 2992/2992/186 2993/2993/186
f 2991/2991/143 2994/2994/143 2995/2995/143
f 2991/2991/141 2995/2995/141 2992/2992/141
f 2994/2994/598 2996/2996/598 2997/2997/598
f 2994/2994/145 2997/2997/145 2995/2995/145
f 2996/2996/216 2990/2990/216 2993/2993/216
f 2996/2996/216 2993/2993/216 2997/2997/216
f 2998/2998/153 2999/2999/153 3000/3000/153
f 2998/2998/2 3000/3000/2 3001/3001/2
f 2999/2999/219 3002/3002/219 3003/3003/219
f 2999/2999/219 3003/3003/219 3000/3000/219
f 3002/3002/15 3004/3004/15 3005/3005/15
f 3002/3002/145 3005/3005/145 3003/3003/145
f 3004/3004/213 2998/2998/213 3001/3001/213
f 3004/3004/213 3001/3001/213 3005/3005/213
f 3006/3006/146 3007/3007/146 3008/3008/146
f 3006/3006/16 3008/3008/16 3009/3009/16
f 3007/3007/143 3010/3010/143 3011/3011/143
f 3007/3007/141 3011/3011/141 3008/3008/141
f 3010/3010/15 3012/3012/15 3013/3013/15
f 3010/3010/145 3013/3013/145 3011/3011/145
f 3012/3012/213 3006/3006/213 3009/3009/213
f 3012/3012/213 3009/3009/213 3013/3013/213
f 3014/3014/146 3015/3015/146 3016/3016/146
f 3014/3014/146 3016/3016/146 3017/3017/146
f 3015/3015/219 3018/3018/219 3019/3019/219
f 3015/3015/219 3019/3019/219 3016/3016/219
f 3018/3018/150 3020/3020/150 3021/3021/150
f 3018/3018/148 3021/3021/148 3019/3019/148
f 3020/3020/216 3014/3014/216 3017/3017/216
f 3020/3020/216 3017/3017/216 3021/3021/216
f 3022/3022/16 3023/3023/16 3024/3024/16
f 3022/3022/16 3024/3024/16 3025/3025/16
f 3023/3023/143 3026/3026/143 3027/3027/143
f 3023/3023/143 3027/3027/143 3024/3024/143
f 3026/3026/15 3028/3028/15 3029/3029/15
f 3026/3026/148 3029/3029/148 3027/3027/148
f 3028/3028/213 3022/3022/213 3025/3025/213
f 3028/3028/142 3025/3025/142 3029/3029/142
f 3030/3030/16 3031/3031/16 3032/3032/16
f 3030/3030/178 3032/3032/178 3033/3033/178
f 3031/3031/141 3034/3034/141 3035/3035/141
f 3031/3031/143 3035/3035/143 3032/3032/143
f 3034/3034/15 3036/3036/15 3037/3037/15
f 3034/3034/15 3037/3037/15 3035/3035/15
f 3036/3036/142 3030/3030/142 3033/3033/142
f 3036/3036/213 3033/3033/213 3037/3037/213
f 3038/3038/5 3039/3039/5 3040/3040/5
f 3038/3038/5 3040/3040/5 3041/3041/5
f 3042/3042/3 3043/3043/3 3044/3044/3
f 3042/3042/3 3044/3044/3 3045/3045/3
f 3039/3039/2 3042/3042/2 3045/3045/2
f 3039/3039/2 3045/3045/2 3040/3040/2
f 3043/3043/1 3038/3038/1 3041/3041/1
f 3043/3043/1 3041/3041/1 3044/3044/1
f 3046/3046/6 3047/3047/6 3048/3048/6
f 3046/3046/6 3048/3048/6 3049/3049/6
f 3050/3050/6 3051/3051/6 3052/3052/6
f 3050/3050/6 3052/3052/6 3053/3053/6
f 3054/3054/3 3055/3055/3 3049/3049/3
f 3054/3054/3 3049/3049/3 3048/3048/3
f 3047/3047/3 3046/3046/3 3053/3053/3
f 3047/3047/3 3053/3053/3 3052/3052/3
f 3046/3046/1 3049/3049/1 3055/3055/1
f 3046/3046/1 3055/3055/1 3056/3056/1
f 3046/3046/1 3056/3056/1 3050/3050/1
f 3046/3046/1 3050/3050/1 3053/3053/1
f 3051/3051/5 3050/3050/5 3056/3056/5
f 3051/3051/5 3056/3056/5 184/184/5
f 3047/3047/2 3052/3052/2 3051/3051/2
f 3047/3047/2 3051/3051/2 184/184/2
f 3048/3048/16 3047/3047/16 184/184/16
f 3048/3048/16 184/184/16 3054/3054/16
f 184/184/4 3056/3056/4 3055/3055/4
f 184/184/4 3055/3055/4 3054/3054/4
f 3057/3057/1 3058/3058/1 3059/3059/1
f 3057/3057/1 3059/3059/1 3060/3060/1
f 3061/3061/1 3062/3062/1 3063/3063/1
f 3061/3061/1 3063/3063/1 3064/3064/1
f 3065/3065/3 3066/3066/3 3060/3060/3
f 3065/3065/3 3060/3060/3 3059/3059/3
f 3058/3058/3 3057/3057/3 3064/3064/3
f 3058/3058/3 3064/3064/3 3063/3063/3
f 3057/3057/4 3060/3060/4 3066/3066/4
f 3057/3057/4 3066/3066/4 3067/3067/4
f 3057/3057/236 3067/3067/236 3061/3061/236
f 3057/3057/4 3061/3061/4 3064/3064/4
f 3062/3062/5 3061/3061/5 3067/3067/5
f 3062/3062/5 3067/3067/5 3068/3068/5
f 3058/3058/6 3063/3063/6 3062/3062/6
f 3058/3058/129 3062/3062/129 3068/3068/129
f 3059/3059/6 3058/3058/6 3068/3068/6
f 3059/3059/6 3068/3068/6 3065/3065/6
f 3068/3068/2 3067/3067/2 3066/3066/2
f 3068/3068/2 3066/3066/2 3065/3065/2
f 3069/3069/4 3070/3070/4 3071/3071/4
f 3069/3069/4 3071/3071/4 3072/3072/4
f 3073/3073/4 3074/3074/4 3075/3075/4
f 3073/3073/4 3075/3075/4 3076/3076/4
f 3077/3077/3 3078/3078/3 3072/3072/3
f 3077/3077/3 3072/3072/3 3071/3071/3
f 3070/3070/3 3069/3069/3 3076/3076/3
f 3070/3070/3 3076/3076/3 3075/3075/3
f 3069/3069/2 3072/3072/2 3078/3078/2
f 3069/3069/2 3078/3078/2 3079/3079/2
f 3069/3069/2 3079/3079/2 3073/3073/2
f 3069/3069/2 3073/3073/2 3076/3076/2
f 3074/3074/5 3073/3073/5 3079/3079/5
f 3074/3074/5 3079/3079/5 3080/3080/5
f 3070/3070/1 3075/3075/1 3074/3074/1
f 3070/3070/1 3074/3074/1 3080/3080/1
f 3071/3071/1 3070/3070/1 3080/3080/1
f 3071/3071/1 3080/3080/1 3077/3077/1
f 3080/3080/6 3079/3079/6 3078/3078/6
f 3080/3080/6 3078/3078/6 3077/3077/6
f 3081/3081/6 3082/3082/6 3083/3083/6
f 3081/3081/6 3083/3083/6 3084/3084/6
f 3085/3085/16 3086/3086/16 3082/3082/16
f 3085/3085/16 3082/3082/16 3081/3081/16
f 3087/3087/4 3088/3088/4 3086/3086/4
f 3087/3087/4 3086/3086/4 3085/3085/4
f 3084/3084/1 3083/3083/1 3088/3088/1
f 3084/3084/165 3088/3088/165 3087/3087/165
f 3089/3089/139 3081/3081/139 3084/3084/139
f 3089/3089/6 3084/3084/6 3090/3090/6
f 3091/3091/599 3085/3085/599 3081/3081/599
f 3091/3091/600 3081/3081/600 3089/3089/600
f 3092/3092/13 3087/3087/13 3085/3085/13
f 3092/3092/138 3085/3085/138 3091/3091/138
f 3090/3090/601 3084/3084/601 3087/3087/601
f 3090/3090/601 3087/3087/601 3092/3092/601
f 3093/3093/6 3089/3089/6 3090/3090/6
f 3093/3093/6 3090/3090/6 3094/3094/6
f 3095/3095/2 3091/3091/2 3089/3089/2
f 3095/3095/16 3089/3089/16 3093/3093/16
f 3096/3096/4 3092/3092/4 3091/3091/4
f 3096/3096/4 3091/3091/4 3095/3095/4
f 3094/3094/15 3090/3090/15 3092/3092/15
f 3094/3094/15 3092/3092/15 3096/3096/15
f 3086/3086/3 3088/3088/3 3083/3083/3
f 3086/3086/3 3083/3083/3 3082/3082/3
f 3094/3094/5 3096/3096/5 3095/3095/5
f 3094/3094/5 3095/3095/5 3093/3093/5
f 3097/3097/6 3098/3098/6 3099/3099/6
f 3097/3097/6 3099/3099/6 3100/3100/6
f 3101/3101/2 3102/3102/2 3098/3098/2
f 3101/3101/16 3098/3098/16 3097/3097/16
f 3103/3103/4 3104/3104/4 3102/3102/4
f 3103/3103/4 3102/3102/4 3101/3101/4
f 3100/3100/15 3099/3099/15 3104/3104/15
f 3100/3100/15 3104/3104/15 3103/3103/15
f 3105/3105/6 3097/3097/6 3100/3100/6
f 3105/3105/139 3100/3100/139 3106/3106/139
f 3107/3107/602 3101/3101/602 3097/3097/602
f 3107/3107/603 3097/3097/603 3105/3105/603
f 3108/3108/236 3103/3103/236 3101/3101/236
f 3108/3108/138 3101/3101/138 3107/3107/138
f 3106/3106/604 3100/3100/604 3103/3103/604
f 3106/3106/605 3103/3103/605 3108/3108/605
f 3109/3109/6 3105/3105/6 3106/3106/6
f 3109/3109/6 3106/3106/6 3110/3110/6
f 3111/3111/16 3107/3107/16 3105/3105/16
f 3111/3111/2 3105/3105/2 3109/3109/2
f 3112/3112/4 3108/3108/4 3107/3107/4
f 3112/3112/4 3107/3107/4 3111/3111/4
f 3110/3110/1 3106/3106/1 3108/3108/1
f 3110/3110/1 3108/3108/1 3112/3112/1
f 3102/3102/3 3104/3104/3 3099/3099/3
f 3102/3102/3 3099/3099/3 3098/3098/3
f 3110/3110/5 3112/3112/5 3111/3111/5
f 3110/3110/5 3111/3111/5 3109/3109/5
f 3113/3113/15 3114/3114/15 3115/3115/15
f 3113/3113/15 3115/3115/15 3116/3116/15
f 3117/3117/121 3118/3118/121 3114/3114/121
f 3117/3117/121 3114/3114/121 3113/3113/121
f 3119/3119/2 3120/3120/2 3118/3118/2
f 3119/3119/146 3118/3118/146 3117/3117/146
f 3116/3116/17 3115/3115/17 3120/3120/17
f 3116/3116/17 3120/3120/17 3119/3119/17
f 3121/3121/15 3113/3113/15 3116/3116/15
f 3121/3121/1 3116/3116/1 3122/3122/1
f 3123/3123/606 3117/3117/606 3113/3113/606
f 3123/3123/606 3113/3113/606 3121/3121/606
f 3124/3124/19 3119/3119/19 3117/3117/19
f 3124/3124/191 3117/3117/191 3123/3123/191
f 3122/3122/607 3116/3116/607 3119/3119/607
f 3122/3122/608 3119/3119/608 3124/3124/608
f 3125/3125/1 3121/3121/1 3122/3122/1
f 3125/3125/15 3122/3122/15 3126/3126/15
f 3127/3127/121 3123/3123/121 3121/3121/121
f 3127/3127/121 3121/3121/121 3125/3125/121
f 3128/3128/16 3124/3124/16 3123/3123/16
f 3128/3128/16 3123/3123/16 3127/3127/16
f 3126/3126/123 3122/3122/123 3124/3124/123
f 3126/3126/123 3124/3124/123 3128/3128/123
f 3118/3118/3 3120/3120/3 3115/3115/3
f 3118/3118/3 3115/3115/3 3114/3114/3
f 3126/3126/5 3128/3128/5 3127/3127/5
f 3126/3126/5 3127/3127/5 3125/3125/5
f 3129/3129/165 3130/3130/165 3131/3131/165
f 3129/3129/1 3131/3131/1 3132/3132/1
f 3133/3133/6 3134/3134/6 3130/3130/6
f 3133/3133/120 3130/3130/120 3129/3129/120
f 3135/3135/2 3136/3136/2 3134/3134/2
f 3135/3135/2 3134/3134/2 3133/3133/2
f 3132/3132/609 3131/3131/609 3136/3136/609
f 3132/3132/123 3136/3136/123 3135/3135/123
f 3137/3137/15 3129/3129/15 3132/3132/15
f 3137/3137/1 3132/3132/1 3138/3138/1
f 3139/3139/610 3133/3133/610 3129/3129/610
f 3139/3139/606 3129/3129/606 3137/3137/606
f 3140/3140/19 3135/3135/19 3133/3133/19
f 3140/3140/2 3133/3133/2 3139/3139/2
f 3138/3138/608 3132/3132/608 3135/3135/608
f 3138/3138/611 3135/3135/611 3140/3140/611
f 3141/3141/148 3137/3137/148 3138/3138/148
f 3141/3141/15 3138/3138/15 3142/3142/15
f 3143/3143/6 3139/3139/6 3137/3137/6
f 3143/3143/6 3137/3137/6 3141/3141/6
f 3144/3144/2 3140/3140/2 3139/3139/2
f 3144/3144/147 3139/3139/147 3143/3143/147
f 3142/3142/17 3138/3138/17 3140/3140/17
f 3142/3142/4 3140/3140/4 3144/3144/4
f 3134/3134/3 3136/3136/3 3131/3131/3
f 3134/3134/3 3131/3131/3 3130/3130/3
f 3142/3142/5 3144/3144/5 3143/3143/5
f 3142/3142/5 3143/3143/5 3141/3141/5
f 3145/3145/4 3146/3146/4 3147/3147/4
f 3145/3145/4 3147/3147/4 3148/3148/4
f 3149/3149/1 3150/3150/1 3146/3146/1
f 3149/3149/1 3146/3146/1 3145/3145/1
f 3151/3151/120 3152/3152/120 3150/3150/120
f 3151/3151/612 3150/3150/612 3149/3149/612
f 3148/3148/2 3147/3147/2 3152/3152/2
f 3148/3148/147 3152/3152/147 3151/3151/147
f 3153/3153/13 3145/3145/13 3148/3148/13
f 3153/3153/4 3148/3148/4 3154/3154/4
f 3155/3155/613 3149/3149/613 3145/3145/613
f 3155/3155/614 3145/3145/614 3153/3153/614
f 3156/3156/615 3151/3151/615 3149/3149/615
f 3156/3156/6 3149/3149/6 3155/3155/6
f 3154/3154/616 3148/3148/616 3151/3151/616
f 3154/3154/617 3151/3151/617 3156/3156/617
f 3157/3157/4 3153/3153/4 3154/3154/4
f 3157/3157/4 3154/3154/4 3158/3158/4
f 3159/3159/1 3155/3155/1 3153/3153/1
f 3159/3159/15 3153/3153/15 3157/3157/15
f 3160/3160/6 3156/3156/6 3155/3155/6
f 3160/3160/6 3155/3155/6 3159/3159/6
f 3158/3158/146 3154/3154/146 3156/3156/146
f 3158/3158/146 3156/3156/146 3160/3160/146
f 3150/3150/3 3152/3152/3 3147/3147/3
f 3150/3150/3 3147/3147/3 3146/3146/3
f 3158/3158/5 3160/3160/5 3159/3159/5
f 3158/3158/5 3159/3159/5 3157/3157/5
f 3161/3161/4 3162/3162/4 3163/3163/4
f 3161/3161/4 3163/3163/4 3164/3164/4
f 3165/3165/1 3166/3166/1 3162/3162/1
f 3165/3165/1 3162/3162/1 3161/3161/1
f 3167/3167/6 3168/3168/6 3166/3166/6
f 3167/3167/6 3166/3166/6 3165/3165/6
f 3164/3164/16 3163/3163/16 3168/3168/16
f 3164/3164/146 3168/3168/146 3167/3167/146
f 3169/3169/127 3161/3161/127 3164/3164/127
f 3169/3169/618 3164/3164/618 3170/3170/618
f 3171/3171/619 3165/3165/619 3161/3161/619
f 3171/3171/620 3161/3161/620 3169/3169/620
f 3172/3172/9 3167/3167/9 3165/3165/9
f 3172/3172/6 3165/3165/6 3171/3171/6
f 3170/3170/621 3164/3164/621 3167/3167/621
f 3170/3170/622 3167/3167/622 3172/3172/622
f 3173/3173/205 3169/3169/205 3170/3170/205
f 3173/3173/205 3170/3170/205 3174/3174/205
f 3175/3175/15 3171/3171/15 3169/3169/15
f 3175/3175/1 3169/3169/1 3173/3173/1
f 3176/3176/6 3172/3172/6 3171/3171/6
f 3176/3176/6 3171/3171/6 3175/3175/6
f 3174/3174/16 3170/3170/16 3172/3172/16
f 3174/3174/2 3172/3172/2 3176/3176/2
f 3166/3166/3 3168/3168/3 3163/3163/3
f 3166/3166/3 3163/3163/3 3162/3162/3
f 3174/3174/5 3176/3176/5 3175/3175/5
f 3174/3174/5 3175/3175/5 3173/3173/5
f 3177/3177/1 3178/3178/1 3179/3179/1
f 3177/3177/1 3179/3179/1 3180/3180/1
f 3181/3181/121 3182/3182/121 3178/3178/121
f 3181/3181/6 3178/3178/6 3177/3177/6
f 3183/3183/147 3184/3184/147 3182/3182/147
f 3183/3183/147 3182/3182/147 3181/3181/147
f 3180/3180/4 3179/3179/4 3184/3184/4
f 3180/3180/4 3184/3184/4 3183/3183/4
f 3180/3180/5 3183/3183/5 3181/3181/5
f 3180/3180/5 3181/3181/5 3177/3177/5
f 3185/3185/2 3186/3186/2 3187/3187/2
f 3185/3185/2 3187/3187/2 3188/3188/2
f 3189/3189/17 3190/3190/17 3186/3186/17
f 3189/3189/17 3186/3186/17 3185/3185/17
f 3191/3191/1 3192/3192/1 3190/3190/1
f 3191/3191/1 3190/3190/1 3189/3189/1
f 3188/3188/120 3187/3187/120 3192/3192/120
f 3188/3188/120 3192/3192/120 3191/3191/120
f 3193/3193/16 3185/3185/16 3188/3188/16
f 3193/3193/2 3188/3188/2 3194/3194/2
f 3195/3195/623 3189/3189/623 3185/3185/623
f 3195/3195/624 3185/3185/624 3193/3193/624
f 3196/3196/1 3191/3191/1 3189/3189/1
f 3196/3196/1 3189/3189/1 3195/3195/1
f 3194/3194/625 3188/3188/625 3191/3191/625
f 3194/3194/625 3191/3191/625 3196/3196/625
f 3197/3197/231 3193/3193/231 3194/3194/231
f 3197/3197/2 3194/3194/2 3198/3198/2
f 3199/3199/196 3195/3195/196 3193/3193/196
f 3199/3199/196 3193/3193/196 3197/3197/196
f 3200/3200/1 3196/3196/1 3195/3195/1
f 3200/3200/15 3195/3195/15 3199/3199/15
f 3198/3198/120 3194/3194/120 3196/3196/120
f 3198/3198/120 3196/3196/120 3200/3200/120
f 3190/3190/3 3192/3192/3 3187/3187/3
f 3190/3190/3 3187/3187/3 3186/3186/3
f 3198/3198/5 3200/3200/5 3199/3199/5
f 3198/3198/5 3199/3199/5 3197/3197/5
f 3201/3201/2 3202/3202/2 3203/3203/2
f 3201/3201/2 3203/3203/2 3204/3204/2
f 3205/3205/196 3206/3206/196 3202/3202/196
f 3205/3205/196 3202/3202/196 3201/3201/196
f 3207/3207/1 3208/3208/1 3206/3206/1
f 3207/3207/148 3206/3206/148 3205/3205/148
f 3204/3204/120 3203/3203/120 3208/3208/120
f 3204/3204/120 3208/3208/120 3207/3207/120
f 3209/3209/2 3201/3201/2 3204/3204/2
f 3209/3209/16 3204/3204/16 3210/3210/16
f 3211/3211/626 3205/3205/626 3201/3201/626
f 3211/3211/627 3201/3201/627 3209/3209/627
f 3212/3212/208 3207/3207/208 3205/3205/208
f 3212/3212/628 3205/3205/628 3211/3211/628
f 3210/3210/625 3204/3204/625 3207/3207/625
f 3210/3210/629 3207/3207/629 3212/3212/629
f 3213/3213/2 3209/3209/2 3210/3210/2
f 3213/3213/147 3210/3210/147 3214/3214/147
f 3215/3215/17 3211/3211/17 3209/3209/17
f 3215/3215/17 3209/3209/17 3213/3213/17
f 3216/3216/1 3212/3212/1 3211/3211/1
f 3216/3216/1 3211/3211/1 3215/3215/1
f 3214/3214/173 3210/3210/173 3212/3212/173
f 3214/3214/173 3212/3212/173 3216/3216/173
f 3206/3206/3 3208/3208/3 3203/3203/3
f 3206/3206/3 3203/3203/3 3202/3202/3
f 3214/3214/5 3216/3216/5 3215/3215/5
f 3214/3214/5 3215/3215/5 3213/3213/5
f 3217/3217/1 3218/3218/1 3219/3219/1
f 3217/3217/15 3219/3219/15 3220/3220/15
f 3221/3221/120 3222/3222/120 3218/3218/120
f 3221/3221/120 3218/3218/120 3217/3217/120
f 3223/3223/2 3224/3224/2 3222/3222/2
f 3223/3223/146 3222/3222/146 3221/3221/146
f 3220/3220/4 3219/3219/4 3224/3224/4
f 3220/3220/4 3224/3224/4 3223/3223/4
f 3220/3220/5 3223/3223/5 3221/3221/5
f 3220/3220/5 3221/3221/5 3217/3217/5
f 3225/3225/15 3226/3226/15 3227/3227/15
f 3225/3225/15 3227/3227/15 3228/3228/15
f 3229/3229/120 3230/3230/120 3226/3226/120
f 3229/3229/120 3226/3226/120 3225/3225/120
f 3231/3231/16 3232/3232/16 3230/3230/16
f 3231/3231/153 3230/3230/153 3229/3229/153
f 3228/3228/196 3227/3227/196 3232/3232/196
f 3228/3228/196 3232/3232/196 3231/3231/196
f 3228/3228/5 3231/3231/5 3229/3229/5
f 3228/3228/5 3229/3229/5 3225/3225/5
f 3233/3233/148 3234/3234/148 3235/3235/148
f 3233/3233/15 3235/3235/15 3236/3236/15
f 3237/3237/173 3238/3238/173 3234/3234/173
f 3237/3237/173 3234/3234/173 3233/3233/173
f 3239/3239/146 3240/3240/146 3238/3238/146
f 3239/3239/16 3238/3238/16 3237/3237/16
f 3236/3236/17 3235/3235/17 3240/3240/17
f 3236/3236/17 3240/3240/17 3239/3239/17
f 3236/3236/5 3239/3239/5 3237/3237/5
f 3236/3236/5 3237/3237/5 3233/3233/5
f 3241/3241/148 3242/3242/148 3243/3243/148
f 3241/3241/1 3243/3243/1 3244/3244/1
f 3245/3245/173 3246/3246/173 3242/3242/173
f 3245/3245/173 3242/3242/173 3241/3241/173
f 3247/3247/16 3248/3248/16 3246/3246/16
f 3247/3247/16 3246/3246/16 3245/3245/16
f 3244/3244/17 3243/3243/17 3248/3248/17
f 3244/3244/17 3248/3248/17 3247/3247/17
f 3244/3244/5 3247/3247/5 3245/3245/5
f 3244/3244/5 3245/3245/5 3241/3241/5
f 3249/3249/6 3250/3250/6 3251/3251/6
f 3249/3249/6 3251/3251/6 3252/3252/6
f 3253/3253/2 3254/3254/2 3250/3250/2
f 3253/3253/2 3250/3250/2 3249/3249/2
f 3255/3255/4 3256/3256/4 3254/3254/4
f 3255/3255/4 3254/3254/4 3253/3253/4
f 3252/3252/1 3251/3251/1 3256/3256/1
f 3252/3252/165 3256/3256/165 3255/3255/165
f 3257/3257/8 3249/3249/8 3252/3252/8
f 3257/3257/630 3252/3252/630 3258/3258/630
f 3259/3259/631 3253/3253/631 3249/3249/631
f 3259/3259/632 3249/3249/632 3257/3257/632
f 3260/3260/11 3255/3255/11 3253/3253/11
f 3260/3260/4 3253/3253/4 3259/3259/4
f 3258/3258/633 3252/3252/633 3255/3255/633
f 3258/3258/634 3255/3255/634 3260/3260/634
f 3261/3261/6 3257/3257/6 3258/3258/6
f 3261/3261/6 3258/3258/6 3262/3262/6
f 3263/3263/2 3259/3259/2 3257/3257/2
f 3263/3263/186 3257/3257/186 3261/3261/186
f 3264/3264/4 3260/3260/4 3259/3259/4
f 3264/3264/4 3259/3259/4 3263/3263/4
f 3262/3262/148 3258/3258/148 3260/3260/148
f 3262/3262/150 3260/3260/150 3264/3264/150
f 3254/3254/3 3256/3256/3 3251/3251/3
f 3254/3254/3 3251/3251/3 3250/3250/3
f 3262/3262/5 3264/3264/5 3263/3263/5
f 3262/3262/5 3263/3263/5 3261/3261/5
