# Blender v2.93.0 OBJ File: ''
# www.blender.org
mtllib b_005_pre.mtl
o building_009.053_building_009.044
v -253.774445 3.405354 7.298376
v -251.982864 3.405354 7.097416
v -251.982864 6.810159 7.097418
v -253.774445 6.810159 7.298376
v -258.563507 6.384560 7.835554
v -258.563507 4.540288 7.835554
v -257.624359 4.540288 7.730211
v -257.624359 6.384559 7.730211
v -260.441833 3.405355 8.046240
v -255.746048 3.405354 7.519526
v -256.685211 4.540288 7.624868
v -259.502686 4.540288 7.940897
v -255.746048 6.810160 7.519526
v -260.441833 6.810160 8.046240
v -259.502686 6.384560 7.940897
v -256.685211 6.384559 7.624868
v -252.197266 6.810159 6.923014
v -252.197266 3.405354 6.923012
v -253.796432 3.405354 7.102386
v -253.796432 6.810159 7.102388
v -257.646362 4.540288 7.534224
v -258.585510 4.540288 7.639567
v -258.585510 6.384560 7.639567
v -257.646362 6.384559 7.534224
v -256.707184 4.540288 7.428881
v -255.768036 3.405354 7.323536
v -260.272980 3.405355 7.828846
v -259.524658 4.540288 7.744909
v -259.524658 6.384560 7.744909
v -260.272980 6.810160 7.828848
v -255.768036 6.810160 7.323538
v -256.707184 6.384559 7.428881
v -252.340179 4.540289 3.911936
v -252.340179 6.384560 3.911936
v -252.263763 6.384558 4.593184
v -252.263763 4.540289 4.593184
v -252.931686 6.810161 -1.361551
v -252.133408 6.384558 5.755327
v -252.453476 6.384560 2.901835
v -252.931686 3.405356 -1.361551
v -252.453476 4.540289 2.901835
v -252.133408 4.540289 5.755327
v -252.555267 3.405356 1.994318
v -252.456177 6.384558 4.614767
v -252.532593 6.384560 3.933519
v -252.532593 4.540289 3.933519
v -252.456177 4.540289 4.614767
v -252.325821 6.384558 5.776911
v -253.102692 6.810161 -1.149137
v -252.645889 6.384560 2.923418
v -252.645889 4.540289 2.923418
v -253.102692 3.405356 -1.149137
v -252.747681 3.405356 2.015900
v -252.325821 4.540289 5.776911
v -260.884247 5.533360 4.102015
v -260.884247 6.384562 4.102015
v -261.166382 6.384562 1.586565
v -261.166382 4.540290 1.586565
v -261.390656 6.810162 -0.412729
v -261.276184 6.384562 0.607756
v -260.568695 6.384560 6.915083
v -261.390656 3.405357 -0.412729
v -260.568695 5.533358 6.915083
v -261.276184 4.540292 0.607756
v -260.975555 6.384562 1.565161
v -260.693420 6.384562 4.080610
v -260.693420 5.533360 4.080610
v -260.975555 4.540290 1.565161
v -261.085358 6.384562 0.586351
v -261.178406 6.810162 -0.243303
v -260.377869 6.384560 6.893679
v -260.377869 5.533358 6.893679
v -261.178406 3.405357 -0.243303
v -261.085358 4.540292 0.586351
v -258.295898 5.107759 -0.759863
v -258.295898 6.384561 -0.759863
v -256.315277 6.384561 -0.982023
v -256.315277 4.540292 -0.982023
v -254.623474 6.384561 -1.171789
v -259.410034 6.384562 -0.634893
v -259.410034 5.107759 -0.634893
v -254.623474 4.540291 -1.171789
v -256.293854 6.384561 -0.791193
v -258.274475 6.384561 -0.569033
v -258.274475 5.107759 -0.569033
v -256.293854 4.540292 -0.791193
v -254.602081 6.384561 -0.980959
v -259.388611 6.384562 -0.444063
v -259.388611 5.107759 -0.444063
v -254.602081 4.540291 -0.980959
v -251.432755 7.091941 7.501673
v -252.484802 7.091946 -1.877638
v -252.536041 7.137239 -1.644171
v -251.534439 7.137236 7.285357
v -256.648438 9.700709 3.338047
v -256.500000 9.623657 3.321400
v -261.864105 7.091945 -0.825582
v -256.665070 9.623657 3.189625
v -261.630646 7.137240 -0.774343
v -252.701111 7.137239 -1.775946
v -260.812073 7.091943 8.553728
v -256.796844 9.623657 3.354695
v -260.760803 7.137238 8.320257
v -261.762421 7.137240 -0.609270
v -260.595734 7.137238 8.452036
v -256.631775 9.623657 3.486469
v -251.666214 7.137236 7.450434
v -252.554932 7.102902 -1.642050
v -252.493729 7.055402 -1.866465
v -251.443924 7.055398 7.492750
v -251.553314 7.102900 7.287478
v -256.518890 9.589325 3.323517
v -256.648438 9.661464 3.338047
v -256.662964 9.589325 3.208508
v -261.852936 7.055404 -0.816664
v -261.628540 7.102904 -0.755457
v -252.699005 7.102902 -1.757059
v -256.777954 9.589325 3.352577
v -260.803131 7.055402 8.542551
v -260.741943 7.102901 8.318140
v -261.743530 7.102904 -0.611387
v -260.597870 7.102901 8.433153
v -256.633911 9.589325 3.467591
v -251.668335 7.102900 7.431551
v -251.443924 6.810201 7.492750
v -252.493729 6.810205 -1.866465
v -261.852936 6.810205 -0.816664
v -260.803131 6.810203 8.542551
v -251.259918 6.966321 7.639647
v -252.346832 6.966324 -2.050470
v -252.346832 7.055402 -2.050470
v -251.259918 7.055398 7.639647
v -262.036957 6.966330 -0.963556
v -262.036957 7.055404 -0.963556
v -260.950043 6.966328 8.726561
v -260.950012 7.055402 8.726561
v -252.493729 7.055402 -1.866465
v -252.493729 6.914135 -1.866465
v -251.443924 6.914132 7.492750
v -261.852936 6.914136 -0.816667
v -260.803131 6.914134 8.542551
v -252.358337 6.927184 -2.036047
v -251.274338 6.927179 7.628130
v -262.022522 6.927185 -0.952040
v -260.938507 6.927183 8.712137
v -252.392883 6.914135 -1.992784
v -251.317596 6.914132 7.593596
v -261.979248 6.914136 -0.917509
v -260.903992 6.914134 8.668875
v -251.553314 7.102904 7.287478
v -252.554932 7.102908 -1.642050
v -261.628540 7.102909 -0.755457
v -252.699005 7.102908 -1.757059
v -260.741943 7.102907 8.318140
v -261.743530 7.102909 -0.611387
v -260.597870 7.102907 8.433153
v -251.668335 7.102903 7.431551
v -255.805923 8.938164 8.335743
v -255.934341 8.938164 7.190773
v -255.934341 0.000548 7.190769
v -255.805923 0.000548 8.335739
v -253.535233 8.938162 8.081047
v -253.535233 0.000548 8.081043
v -253.663666 0.000548 6.936073
v -253.663666 8.938162 6.936075
v -255.768036 0.000548 7.323536
v -255.768036 8.938164 7.323538
v -255.673157 8.938164 8.169438
v -255.673157 0.000548 8.169434
v -253.796432 0.000548 7.102386
v -253.701553 0.000548 7.948284
v -253.701538 8.938162 7.948287
v -253.796432 8.938162 7.102388
v -255.934341 9.009098 7.190773
v -255.805923 9.009098 8.335743
v -255.673157 9.009098 8.169438
v -255.768036 9.009098 7.323538
v -253.535233 9.009095 8.081047
v -253.701538 9.009095 7.948287
v -253.663666 9.009095 6.936075
v -253.796432 9.009095 7.102388
v -263.772827 -0.637849 -0.145531
v -249.718857 -0.637851 -1.721928
v -250.187225 -0.637851 1.728699
v -249.331345 -0.637855 9.359058
v -262.540527 -0.637853 10.840698
v -249.342438 -0.637851 1.633942
v -250.187225 0.000549 1.728699
v -249.718857 0.000549 -1.721928
v -263.772827 0.000552 -0.145531
v -249.331345 0.000545 9.359058
v -262.540527 0.000548 10.840698
v -249.342438 0.000549 1.633942
v -252.742310 5.077952 0.326708
v -252.990402 2.982946 -1.884991
v -249.413757 2.982946 -2.286175
v -249.165680 5.077952 -0.074476
v -252.498566 2.979794 2.499817
v -248.921921 2.979794 2.098634
v -248.896149 3.044755 2.328459
v -248.894165 3.084656 2.346130
v -252.470810 3.084656 2.747314
v -252.472778 3.044758 2.729641
v -253.016174 3.044758 -2.114815
v -253.018158 3.084658 -2.132488
v -249.441513 3.084658 -2.533672
v -249.439529 3.044757 -2.515999
v -248.902084 3.031456 2.275445
v -252.478729 3.031456 2.676630
v -253.010223 3.031458 -2.061800
v -249.433594 3.031458 -2.462986
v -249.413757 3.190604 -2.286175
v -249.165680 5.276782 -0.074476
v -252.990402 3.190604 -1.884991
v -252.742325 5.276782 0.326708
v -248.921921 3.190604 2.098634
v -252.498566 3.190603 2.499817
v -249.718857 2.986181 -1.721928
v -249.777695 2.983871 -2.246468
v -249.718857 3.479736 -1.721926
v -252.931686 3.479737 -1.361551
v -252.990524 2.983872 -1.886093
v -252.931686 2.986182 -1.361552
v -249.342438 2.979794 1.633942
v -249.342438 3.467599 1.633944
v -249.285828 2.979794 2.138603
v -252.555267 3.467600 1.994318
v -252.555267 2.979794 1.994316
v -252.498657 2.979794 2.498978
v -252.498566 3.184083 2.499817
v -248.921921 3.184085 2.098634
v -248.921921 3.031458 2.098634
v -252.498566 3.031456 2.499817
v -248.894165 3.184083 2.346130
v -252.470810 3.184083 2.747314
v -253.018158 3.184085 -2.132488
v -249.441513 3.184085 -2.533672
v -249.413757 3.031458 -2.286175
v -249.413757 3.184085 -2.286175
v -252.990402 3.184085 -1.884991
v -252.990402 3.031458 -1.884991
v -252.380844 0.000548 3.549278
v -252.380844 2.979753 3.549278
v -252.222824 2.766952 4.958172
v -252.222824 0.851750 4.958172
v -252.097351 2.766952 6.076797
v -252.523178 2.979753 2.280432
v -252.097351 0.851750 6.076797
v -251.982864 0.000548 7.097416
v -252.523178 0.000550 2.280430
v -252.555267 0.000550 1.994316
v -252.413651 2.766952 4.979578
v -252.571671 2.979753 3.570683
v -252.571686 0.000548 3.570683
v -252.413651 0.851750 4.979576
v -252.288177 2.766952 6.098204
v -252.195679 3.405354 6.922832
v -252.762863 3.405356 1.866186
v -252.714005 2.979753 2.301836
v -252.195679 0.000548 6.922832
v -252.288177 0.851750 6.098202
v -252.714005 0.000550 2.301834
v -252.762863 0.000550 1.866184
v -253.774445 0.000548 7.298374
v -258.079285 1.064553 -0.784161
v -258.079285 2.979756 -0.784160
v -253.655396 2.766954 -1.280375
v -253.655396 0.851752 -1.280376
v -249.718857 3.405355 -1.721926
v -251.963608 2.766954 -1.470142
v -259.285706 2.979756 -0.648838
v -261.390656 0.000551 -0.412731
v -259.285706 1.064553 -0.648838
v -251.963608 0.851752 -1.470142
v -253.634003 2.766954 -1.089545
v -258.057861 2.979756 -0.593330
v -258.057861 1.064553 -0.593330
v -253.634003 0.851752 -1.089546
v -251.942200 2.766954 -1.279312
v -249.877960 3.405355 -1.510851
v -259.264313 2.979756 -0.458008
v -259.264313 1.064553 -0.458008
v -261.178406 0.000551 -0.243305
v -249.877960 0.000549 -1.510853
v -251.942200 0.851752 -1.279312
v -258.384064 2.979754 7.815423
v -258.384064 1.064551 7.815422
v -257.624359 0.000549 7.730209
v -257.624359 2.979754 7.730209
v -259.502686 1.064551 7.940895
v -260.441833 0.000549 8.046238
v -259.502686 2.979754 7.940897
v -256.355530 2.979754 7.587887
v -256.355530 0.000548 7.587887
v -255.746048 0.000548 7.519524
v -257.646362 0.000549 7.534222
v -258.406036 1.064551 7.619434
v -258.406036 2.979754 7.619434
v -257.646362 2.979754 7.534224
v -260.272980 0.000549 7.828846
v -259.524658 1.064551 7.744907
v -259.524658 2.979754 7.744907
v -256.377502 2.979754 7.391901
v -256.377502 0.000548 7.391899
v -260.919800 0.000549 3.785076
v -260.919800 2.979755 3.785076
v -261.063110 2.979757 2.507463
v -261.063110 1.064553 2.507462
v -261.252869 2.979757 0.815666
v -260.556091 2.979755 7.027683
v -261.252869 1.064553 0.815666
v -260.556091 0.000549 7.027683
v -260.872284 2.979757 2.486058
v -260.728973 2.979755 3.763674
v -260.728973 0.000549 3.763672
v -260.872284 1.064553 2.486057
v -261.062042 2.979757 0.794262
v -260.365265 2.979755 7.006279
v -261.062042 1.064553 0.794262
v -260.365265 0.000549 7.006279
v -252.555267 3.479740 1.994318
v -249.342438 3.479740 1.633944
v -249.539719 0.000549 1.504650
v -252.762863 3.479740 1.866186
v -249.539719 3.479740 1.504652
v -249.529495 5.077952 -0.033667
v -249.467911 2.979754 0.515316
v -249.718857 3.479740 -1.721926
v -249.593384 2.979754 -0.603302
v -249.593384 1.064551 -0.603302
v -249.467911 1.064551 0.515316
v -249.648422 2.979754 0.535562
v -249.709991 5.077952 -0.013422
v -249.877960 3.479740 -1.510851
v -249.773895 2.979754 -0.583057
v -249.648422 1.064551 0.535561
v -249.773895 1.064551 -0.583057
v -249.471863 1.100018 0.480072
v -249.471863 2.944288 0.480072
v -249.589432 1.100018 -0.568054
v -249.589432 2.944288 -0.568054
v -249.652374 2.944288 0.500317
v -249.652374 1.100018 0.500317
v -249.769943 1.100018 -0.547810
v -249.769943 2.944288 -0.547810
v -249.541779 1.135485 0.452221
v -249.541779 1.933327 0.452221
v -249.537827 1.968793 0.487469
v -249.537827 1.100018 0.487469
v -249.651443 1.135485 -0.525414
v -249.655396 1.100018 -0.560658
v -249.651443 1.933327 -0.525414
v -249.655396 1.968793 -0.560658
v -249.573074 1.968793 0.491421
v -249.577026 1.933327 0.456173
v -249.577026 1.135485 0.456173
v -249.573074 1.100018 0.491421
v -249.686676 1.135485 -0.521461
v -249.690643 1.100018 -0.556705
v -249.686676 1.933327 -0.521461
v -249.690643 1.968793 -0.556705
v -249.577026 2.004260 0.456173
v -249.577026 2.908820 0.456173
v -249.573074 2.944288 0.491421
v -249.686676 2.004260 -0.521461
v -249.686676 2.908820 -0.521461
v -249.690643 2.944288 -0.556705
v -249.608307 2.944288 0.495377
v -249.612274 2.908820 0.460129
v -249.612274 2.004260 0.460129
v -249.608322 1.968793 0.495377
v -249.721924 2.004260 -0.517506
v -249.725876 1.968793 -0.552750
v -249.721924 2.908820 -0.517506
v -249.725876 2.944288 -0.552750
v -249.662567 1.933327 -0.524162
v -249.552917 1.933327 0.453472
v -249.552917 1.135485 0.453472
v -249.662567 1.135485 -0.524162
v -249.561722 1.135485 0.454460
v -249.561722 1.933327 0.454460
v -249.671387 1.933327 -0.523174
v -249.671387 1.135485 -0.523174
v -249.697815 2.908820 -0.520210
v -249.588165 2.908820 0.457424
v -249.588165 2.004260 0.457424
v -249.697815 2.004260 -0.520210
v -249.596970 2.004260 0.458412
v -249.596970 2.908820 0.458412
v -249.706635 2.908820 -0.519222
v -249.706635 2.004260 -0.519222
v -252.101303 0.887216 6.041550
v -252.101303 2.731486 6.041552
v -252.218872 0.887216 4.993420
v -252.218872 2.731486 4.993422
v -252.292130 2.731486 6.062954
v -252.292130 0.887216 6.062954
v -252.409698 0.887216 5.014824
v -252.413651 0.851750 4.979576
v -252.409698 2.731486 5.014824
v -252.171204 0.922683 6.013702
v -252.171204 1.720525 6.013702
v -252.167252 1.755991 6.048946
v -252.167252 0.887216 6.048946
v -252.280869 0.922683 5.036060
v -252.284821 0.887216 5.000816
v -252.280869 1.720525 5.036060
v -252.284821 1.755991 5.000816
v -252.202499 1.755991 6.052904
v -252.206451 1.720525 6.017660
v -252.206451 0.922683 6.017658
v -252.202499 0.887216 6.052902
v -252.316116 0.922683 5.040016
v -252.320068 0.887216 5.004772
v -252.316116 1.720525 5.040018
v -252.320068 1.755991 5.004774
v -252.206451 1.791459 6.017660
v -252.206451 2.696019 6.017660
v -252.202499 2.731486 6.052904
v -252.316116 1.791459 5.040018
v -252.316116 2.696019 5.040018
v -252.320068 2.731486 5.004774
v -252.237747 2.731486 6.056854
v -252.241699 2.696019 6.021610
v -252.241699 1.791459 6.021610
v -252.237747 1.755991 6.056854
v -252.351364 1.791459 5.043970
v -252.355316 1.755991 5.008726
v -252.351364 2.696019 5.043970
v -252.355316 2.731486 5.008726
v -252.292007 1.720525 5.037313
v -252.182343 1.720525 6.014956
v -252.182343 0.922683 6.014954
v -252.292007 0.922683 5.037312
v -252.191162 0.922683 6.015942
v -252.191162 1.720525 6.015944
v -252.300812 1.720525 5.038301
v -252.300812 0.922683 5.038300
v -252.327255 2.696019 5.041265
v -252.217590 2.696019 6.018908
v -252.217590 1.791459 6.018908
v -252.327255 1.791459 5.041265
v -252.226410 1.791459 6.019896
v -252.226410 2.696019 6.019896
v -252.336060 2.696019 5.042253
v -252.336060 1.791459 5.042253
v -252.570114 1.599777 2.571209
v -252.491043 1.599777 3.276123
v -252.491043 1.380529 3.276123
v -252.570114 1.380529 2.571209
v -252.467316 2.908821 3.487598
v -252.467316 0.023392 3.487598
v -252.491043 0.284281 3.276123
v -252.491043 0.503530 3.276123
v -252.491043 0.722779 3.276123
v -252.491043 0.942030 3.276123
v -252.491043 1.161280 3.276123
v -252.491043 1.819025 3.276123
v -252.491043 2.038273 3.276123
v -252.491043 2.257524 3.276124
v -252.491043 2.476773 3.276124
v -252.491043 2.696021 3.276124
v -252.570114 0.284283 2.571209
v -252.593826 0.023394 2.359734
v -252.593826 2.908821 2.359735
v -252.570114 2.696021 2.571209
v -252.570114 2.476773 2.571209
v -252.570114 2.257524 2.571209
v -252.570114 2.038273 2.571209
v -252.570114 1.819025 2.571209
v -252.570114 1.161280 2.571209
v -252.570114 0.942032 2.571209
v -252.570114 0.722781 2.571209
v -252.570114 0.503532 2.571209
v -252.526291 1.380529 3.280075
v -252.526291 1.599777 3.280075
v -252.605347 1.599777 2.575161
v -252.605347 1.380529 2.575161
v -252.526291 0.284281 3.280075
v -252.502563 0.023392 3.491550
v -252.502563 2.908821 3.491550
v -252.526291 0.503530 3.280075
v -252.526291 2.696021 3.280077
v -252.526291 2.476773 3.280077
v -252.526291 2.257524 3.280077
v -252.526291 2.038273 3.280075
v -252.526291 1.819025 3.280075
v -252.526291 1.161280 3.280075
v -252.526291 0.942030 3.280075
v -252.526291 0.722779 3.280075
v -252.605347 0.284283 2.575161
v -252.629074 0.023394 2.363686
v -252.605347 2.696021 2.575161
v -252.629074 2.908821 2.363688
v -252.605347 2.476773 2.575161
v -252.605347 0.503532 2.575161
v -252.605347 0.722781 2.575161
v -252.605347 0.942032 2.575161
v -252.605347 1.161280 2.575161
v -252.605347 1.819025 2.575161
v -252.605347 2.038273 2.575161
v -252.605347 2.257524 2.575161
v -252.388763 0.023392 3.478786
v -252.388763 2.908821 3.478786
v -252.515259 0.023394 2.350922
v -252.515259 2.908821 2.350924
v -252.571686 2.979753 3.570683
v -252.579590 2.908821 3.500191
v -252.579590 0.023392 3.500191
v -252.571686 0.000548 3.570683
v -252.706100 0.023394 2.372326
v -252.714005 0.000550 2.301834
v -252.706100 2.908821 2.372326
v -252.714005 2.979753 2.301836
v -252.583954 0.503532 2.572762
v -252.504883 0.503530 3.277676
v -252.504883 0.284281 3.277676
v -252.583954 0.284283 2.572762
v -252.583954 0.942032 2.572762
v -252.504883 0.942030 3.277676
v -252.504883 0.722779 3.277676
v -252.583954 0.722781 2.572762
v -252.583954 1.380529 2.572762
v -252.504883 1.380529 3.277676
v -252.504883 1.161280 3.277676
v -252.583954 1.161280 2.572762
v -252.504883 2.476773 3.277678
v -252.583954 2.476773 2.572762
v -252.583954 2.696021 2.572762
v -252.504883 2.696021 3.277678
v -252.504883 2.038273 3.277676
v -252.583954 2.038273 2.572762
v -252.583954 2.257524 2.572762
v -252.504883 2.257524 3.277678
v -252.504883 1.599777 3.277676
v -252.583954 1.599777 2.572762
v -252.583954 1.819025 2.572762
v -252.504883 1.819025 3.277676
v -252.513702 0.284281 3.278664
v -252.513702 0.503530 3.278664
v -252.592773 0.503532 2.573750
v -252.592773 0.284283 2.573750
v -252.513702 0.722779 3.278664
v -252.513702 0.942030 3.278664
v -252.592773 0.942032 2.573750
v -252.592773 0.722781 2.573750
v -252.513702 1.161280 3.278664
v -252.513702 1.380529 3.278664
v -252.592773 1.380529 2.573750
v -252.592773 1.161280 2.573750
v -252.592773 2.696021 2.573750
v -252.592773 2.476773 2.573750
v -252.513702 2.476773 3.278666
v -252.513702 2.696021 3.278666
v -252.592773 2.257524 2.573750
v -252.592773 2.038273 2.573750
v -252.513702 2.038273 3.278664
v -252.513702 2.257524 3.278666
v -252.592773 1.819025 2.573750
v -252.592773 1.599777 2.573750
v -252.513702 1.599777 3.278664
v -252.513702 1.819025 3.278664
v -252.567108 1.219896 2.502666
v -252.578964 1.219896 2.396931
v -252.575012 1.255363 2.432175
v -252.571060 1.255363 2.467422
v -252.578964 1.326296 2.396931
v -252.575012 1.290829 2.432175
v -252.567108 1.326296 2.502666
v -252.571060 1.290829 2.467422
v -252.507233 1.255363 2.424572
v -252.527115 1.255363 2.462494
v -252.507233 1.290829 2.424572
v -252.527115 1.290829 2.462494
v -252.477692 1.255363 2.687897
v -252.477692 1.290828 2.687897
v -252.501526 1.290828 2.690571
v -252.501526 1.255363 2.690571
v -252.625229 1.219896 2.509190
v -252.629181 1.255363 2.473946
v -252.633148 1.255363 2.438698
v -252.637100 1.219896 2.403454
v -252.633148 1.290829 2.438698
v -252.637100 1.326296 2.403454
v -252.629181 1.290829 2.473946
v -252.625229 1.326296 2.509190
v -252.670074 1.255363 2.478531
v -252.697876 1.255363 2.445957
v -252.697876 1.290829 2.445957
v -252.670074 1.290829 2.478531
v -252.668335 1.255363 2.709282
v -252.644501 1.255363 2.706608
v -252.644501 1.290828 2.706608
v -252.668335 1.290828 2.709282
v -256.646881 1.599776 7.535793
v -257.351807 1.599776 7.614861
v -257.351807 1.380528 7.614861
v -256.646881 1.380528 7.535793
v -257.563263 2.908821 7.638580
v -257.563263 0.023393 7.638580
v -257.351807 0.284282 7.614861
v -257.351807 0.503531 7.614861
v -257.351807 0.722780 7.614861
v -257.351807 0.942031 7.614861
v -257.351807 1.161279 7.614861
v -257.351807 1.819024 7.614861
v -257.351807 2.038272 7.614861
v -257.351807 2.257523 7.614861
v -257.351807 2.476772 7.614861
v -257.351807 2.696020 7.614861
v -256.646881 0.284282 7.535793
v -256.435394 0.023393 7.512074
v -256.435394 2.908821 7.512072
v -256.646881 2.696020 7.535793
v -256.646881 2.476772 7.535793
v -256.646881 2.257523 7.535793
v -256.646881 2.038272 7.535793
v -256.646881 1.819024 7.535793
v -256.646881 1.161278 7.535793
v -256.646881 0.942030 7.535793
v -256.646881 0.722779 7.535793
v -256.646881 0.503531 7.535793
v -257.355743 1.380528 7.579613
v -257.355743 1.599776 7.579615
v -256.650818 1.599776 7.500546
v -256.650818 1.380528 7.500546
v -257.355743 0.284282 7.579613
v -257.567230 0.023393 7.603333
v -257.567230 2.908821 7.603333
v -257.355743 0.503531 7.579613
v -257.355743 2.696020 7.579615
v -257.355743 2.476772 7.579615
v -257.355743 2.257523 7.579615
v -257.355743 2.038272 7.579615
v -257.355743 1.819024 7.579615
v -257.355743 1.161279 7.579613
v -257.355743 0.942031 7.579613
v -257.355743 0.722780 7.579613
v -256.650818 0.284282 7.500546
v -256.439362 0.023393 7.476826
v -256.650818 2.696020 7.500546
v -256.439362 2.908821 7.476822
v -256.650818 2.476772 7.500546
v -256.650818 0.503531 7.500546
v -256.650818 0.722779 7.500546
v -256.650818 0.942030 7.500546
v -256.650818 1.161278 7.500546
v -256.650818 1.819024 7.500546
v -256.650818 2.038272 7.500546
v -256.650818 2.257523 7.500546
v -257.554443 0.023393 7.717136
v -257.554443 2.908821 7.717136
v -257.624939 2.979754 7.725044
v -257.624939 0.000549 7.725044
v -256.426605 0.023393 7.590630
v -256.356110 0.000548 7.582726
v -256.426605 2.908821 7.590631
v -256.356110 2.979754 7.582726
v -257.646362 2.979754 7.534218
v -257.575867 2.908821 7.526310
v -257.575867 0.023393 7.526310
v -257.646362 0.000549 7.534218
v -256.447998 0.023393 7.399803
v -256.377502 0.000548 7.391895
v -256.447998 2.908821 7.399799
v -256.377502 2.979754 7.391895
v -256.648438 0.503531 7.521942
v -257.353333 0.503531 7.601009
v -257.353333 0.284282 7.601009
v -256.648438 0.284282 7.521942
v -256.648438 0.942030 7.521942
v -257.353333 0.942031 7.601009
v -257.353333 0.722780 7.601009
v -256.648438 0.722779 7.521942
v -256.648438 1.380528 7.521942
v -257.353333 1.380528 7.601009
v -257.353333 1.161279 7.601009
v -256.648438 1.161278 7.521942
v -257.353333 2.476772 7.601009
v -256.648438 2.476772 7.521944
v -256.648438 2.696020 7.521944
v -257.353333 2.696020 7.601009
v -257.353333 2.038272 7.601009
v -256.648438 2.038272 7.521944
v -256.648438 2.257523 7.521944
v -257.353333 2.257523 7.601009
v -257.353333 1.599776 7.601009
v -256.648438 1.599776 7.521944
v -256.648438 1.819024 7.521944
v -257.353333 1.819024 7.601009
v -257.354340 0.284282 7.592197
v -257.354340 0.503531 7.592197
v -256.649414 0.503531 7.513130
v -256.649414 0.284282 7.513130
v -257.354340 0.722780 7.592197
v -257.354340 0.942031 7.592197
v -256.649414 0.942030 7.513130
v -256.649414 0.722779 7.513130
v -257.354340 1.161279 7.592197
v -257.354340 1.380528 7.592197
v -256.649414 1.380528 7.513130
v -256.649414 1.161278 7.513130
v -256.649414 2.696020 7.513132
v -256.649414 2.476772 7.513132
v -257.354340 2.476772 7.592197
v -257.354340 2.696020 7.592197
v -256.649414 2.257523 7.513132
v -256.649414 2.038272 7.513132
v -257.354340 2.038272 7.592197
v -257.354340 2.257523 7.592197
v -256.649414 1.819024 7.513132
v -256.649414 1.599776 7.513132
v -257.354340 1.599776 7.592197
v -257.354340 1.819024 7.592197
v -256.578339 1.219895 7.538792
v -256.472595 1.219895 7.526932
v -256.507843 1.255362 7.530884
v -256.543091 1.255362 7.534840
v -256.472595 1.326295 7.526932
v -256.507843 1.290828 7.530884
v -256.578339 1.326295 7.538792
v -256.543091 1.290828 7.534840
v -256.500244 1.255362 7.598667
v -256.538177 1.255362 7.578781
v -256.500244 1.290828 7.598667
v -256.538177 1.290828 7.578781
v -256.763580 1.255362 7.628204
v -256.763580 1.290828 7.628204
v -256.766235 1.290828 7.604362
v -256.766235 1.255362 7.604362
v -256.584869 1.219895 7.480663
v -256.549622 1.255362 7.476711
v -256.514374 1.255362 7.472755
v -256.479126 1.219895 7.468803
v -256.514374 1.290828 7.472755
v -256.479126 1.326295 7.468803
v -256.549622 1.290828 7.476711
v -256.584869 1.326295 7.480663
v -256.554199 1.255362 7.435822
v -256.521637 1.255362 7.408028
v -256.521637 1.290828 7.408028
v -256.554199 1.290828 7.435822
v -256.784943 1.255362 7.437565
v -256.782288 1.255362 7.461403
v -256.782288 1.290828 7.461403
v -256.784943 1.290828 7.437565
v -259.468018 1.100017 7.931782
v -259.468018 2.944287 7.931782
v -259.503265 2.979754 7.935734
v -259.503265 1.064551 7.935734
v -258.419891 1.100017 7.814213
v -258.384644 1.064551 7.810261
v -258.419891 2.944287 7.814213
v -258.384644 2.979754 7.810261
v -259.489410 2.944287 7.740955
v -259.489410 1.100017 7.740955
v -258.441284 1.100017 7.623386
v -258.441284 2.944287 7.623386
v -259.440155 1.135485 7.861866
v -259.440155 1.933326 7.861866
v -259.475403 1.968793 7.865822
v -259.475403 1.100017 7.865822
v -258.462524 1.135485 7.752209
v -258.427277 1.100017 7.748253
v -258.462524 1.933325 7.752211
v -258.427277 1.968793 7.748253
v -259.479370 1.968793 7.830578
v -259.444122 1.933326 7.826622
v -259.444122 1.135485 7.826622
v -259.479370 1.100017 7.830578
v -258.466492 1.135485 7.716965
v -258.431244 1.100017 7.713009
v -258.466492 1.933325 7.716967
v -258.431244 1.968793 7.713009
v -259.444122 2.004259 7.826622
v -259.444122 2.908821 7.826622
v -259.479370 2.944287 7.830578
v -258.466492 2.004259 7.716967
v -258.466492 2.908821 7.716967
v -258.431244 2.944287 7.713009
v -259.483307 2.944287 7.795331
v -259.448059 2.908821 7.791376
v -259.448059 2.004259 7.791376
v -259.483307 1.968793 7.795331
v -258.470428 2.004259 7.681717
v -258.435181 1.968793 7.677763
v -258.470428 2.908821 7.681717
v -258.435181 2.944287 7.677763
v -258.463776 1.933325 7.741070
v -259.441406 1.933326 7.850729
v -259.441406 1.135485 7.850727
v -258.463776 1.135485 7.741070
v -259.442413 1.135485 7.841919
v -259.442413 1.933326 7.841919
v -258.464752 1.933325 7.732264
v -258.464752 1.135485 7.732262
v -258.467712 2.908821 7.705826
v -259.445374 2.908821 7.815485
v -259.445374 2.004259 7.815485
v -258.467712 2.004259 7.705826
v -259.446350 2.004259 7.806675
v -259.446350 2.908821 7.806675
v -258.468719 2.908821 7.697020
v -258.468719 2.004259 7.697020
v -261.058075 1.100020 0.829502
v -260.876221 1.100020 2.450806
v -260.872284 1.064553 2.486053
v -261.062042 1.064553 0.794258
v -261.058075 2.944289 0.829510
v -260.876221 2.944288 2.450814
v -261.063110 1.064553 2.507458
v -261.067047 1.100020 2.472210
v -261.248901 1.100020 0.850906
v -261.252869 1.064553 0.815662
v -261.248901 2.944289 0.850914
v -261.067047 2.944288 2.472219
v -261.120087 1.135487 0.872147
v -261.039490 1.135487 1.590805
v -261.035522 1.100020 1.626049
v -261.124054 1.100020 0.836899
v -261.120087 2.908823 0.872150
v -261.124054 2.944289 0.836906
v -261.039490 2.908823 1.590806
v -261.035522 2.944289 1.626050
v -261.070770 1.100020 1.630005
v -261.074738 1.135487 1.594761
v -261.155334 1.135487 0.876102
v -261.159302 1.100020 0.840855
v -261.155334 2.908823 0.876107
v -261.159302 2.944289 0.840862
v -261.074738 2.908823 1.594761
v -261.070770 2.944289 1.630005
v -261.066833 1.135487 1.665253
v -260.981384 1.135487 2.426914
v -260.977448 1.100020 2.462158
v -261.066833 2.908823 1.665254
v -260.981384 2.908823 2.426919
v -260.977448 2.944288 2.462168
v -261.012665 1.100020 2.466110
v -261.016632 1.135487 2.430866
v -261.102081 1.135487 1.669205
v -261.106018 1.100020 1.633957
v -261.102051 2.908823 1.669205
v -261.106018 2.944289 1.633958
v -261.016632 2.908823 2.430871
v -261.012665 2.944288 2.466120
v -261.050629 2.908823 1.592057
v -261.050629 1.135487 1.592056
v -261.131226 1.135487 0.873398
v -261.131226 2.908823 0.873402
v -261.140045 1.135487 0.874386
v -261.059418 1.135487 1.593044
v -261.059418 2.908823 1.593045
v -261.140045 2.908823 0.874390
v -260.992523 2.908823 2.428165
v -260.992523 1.135487 2.428162
v -261.077972 1.135487 1.666500
v -261.077972 2.908823 1.666500
v -261.086761 1.135487 1.667488
v -261.001343 1.135487 2.429150
v -261.001343 2.908823 2.429153
v -261.086761 2.908823 1.667488
v -260.725006 0.036016 3.798916
v -260.369202 0.036016 6.971027
v -260.365265 0.000549 7.006275
v -260.728973 0.000549 3.763672
v -260.725006 2.944287 3.798920
v -260.369202 2.944287 6.971033
v -260.556091 0.000549 7.027679
v -260.560028 0.036016 6.992432
v -260.915833 0.036016 3.820320
v -260.919800 0.000549 3.785076
v -260.915833 2.944287 3.820324
v -260.560028 2.944287 6.992435
v -260.497192 0.248816 6.128845
v -260.426025 0.248816 6.763268
v -260.402313 0.036016 6.974739
v -260.520905 0.036016 5.917366
v -260.497192 2.731487 6.128847
v -260.520905 2.944287 5.917376
v -260.426025 2.731487 6.763268
v -260.402313 2.944287 6.974743
v -260.437561 0.036016 6.978695
v -260.461273 0.248816 6.767223
v -260.532440 0.248816 6.132801
v -260.556152 0.036016 5.921322
v -260.532440 2.731487 6.132802
v -260.556152 2.944287 5.921329
v -260.461273 2.731487 6.767223
v -260.437561 2.944287 6.978701
v -260.651031 0.248816 5.075428
v -260.579895 0.248816 5.709850
v -260.674774 0.036016 4.863953
v -260.651031 2.731487 5.075432
v -260.674774 2.944287 4.863956
v -260.579895 2.731487 5.709856
v -260.591400 0.036016 5.925274
v -260.615112 0.248816 5.713802
v -260.686279 0.248816 5.079380
v -260.710022 0.036016 4.867905
v -260.686279 2.731487 5.079384
v -260.710022 2.944287 4.867908
v -260.615112 2.731487 5.713808
v -260.591400 2.944287 5.925282
v -260.804901 0.248816 4.022011
v -260.733734 0.248816 4.656433
v -260.828613 0.036016 3.810535
v -260.804901 2.731487 4.022017
v -260.828613 2.944287 3.810539
v -260.733734 2.731487 4.656437
v -260.745270 0.036016 4.871857
v -260.768982 0.248816 4.660385
v -260.840149 0.248816 4.025963
v -260.863861 0.036016 3.814487
v -260.840149 2.731487 4.025969
v -260.863861 2.944287 3.814492
v -260.768982 2.731487 4.660389
v -260.745239 2.944287 4.871861
v -260.437164 2.731487 6.764521
v -260.437164 0.248816 6.764519
v -260.508331 0.248816 6.130096
v -260.508331 2.731487 6.130096
v -260.517151 0.248816 6.131084
v -260.445984 0.248816 6.765507
v -260.445984 2.731487 6.765509
v -260.517151 2.731487 6.131084
v -260.591034 2.731487 5.711102
v -260.591034 0.248816 5.711098
v -260.662170 0.248816 5.076675
v -260.662170 2.731487 5.076681
v -260.670990 0.248816 5.077663
v -260.599823 0.248816 5.712086
v -260.599823 2.731487 5.712090
v -260.670990 2.731487 5.077669
v -260.744873 2.731487 4.657684
v -260.744873 0.248816 4.657681
v -260.816040 0.248816 4.023258
v -260.816040 2.731487 4.023263
v -260.824829 0.248816 4.024250
v -260.753693 0.248816 4.658672
v -260.753693 2.731487 4.658672
v -260.824829 2.731487 4.024251
v -259.229065 1.100019 -0.461960
v -259.229065 2.944289 -0.461960
v -258.093109 1.100019 -0.589378
v -258.093109 2.944289 -0.589378
v -259.250488 2.944289 -0.652790
v -259.250488 1.100019 -0.652790
v -258.114532 1.100019 -0.780209
v -258.114532 2.944289 -0.780209
v -259.201233 1.135487 -0.531872
v -259.201233 1.933327 -0.531872
v -259.236481 1.968795 -0.527920
v -259.236481 1.100019 -0.527920
v -258.135773 1.135487 -0.651382
v -258.100525 1.100019 -0.655338
v -258.135773 1.933327 -0.651382
v -258.100525 1.968795 -0.655338
v -259.240417 1.968795 -0.563164
v -259.205170 1.933327 -0.567116
v -259.205170 1.135487 -0.567116
v -259.240417 1.100019 -0.563164
v -258.139709 1.135487 -0.686626
v -258.104462 1.100019 -0.690582
v -258.139709 1.933327 -0.686626
v -258.104462 1.968795 -0.690582
v -259.205170 2.004261 -0.567116
v -259.205170 2.908823 -0.567116
v -259.240417 2.944289 -0.563164
v -258.139709 2.004261 -0.686626
v -258.139709 2.908823 -0.686626
v -258.104462 2.944289 -0.690582
v -259.244385 2.944289 -0.598408
v -259.209137 2.908823 -0.602360
v -259.209137 2.004261 -0.602360
v -259.244385 1.968795 -0.598408
v -258.143677 2.004261 -0.721870
v -258.108429 1.968795 -0.725826
v -258.143677 2.908823 -0.721870
v -258.108429 2.944289 -0.725826
v -258.136993 1.933327 -0.662518
v -259.202484 1.933327 -0.543007
v -259.202484 1.135487 -0.543007
v -258.136993 1.135487 -0.662518
v -259.203461 1.135487 -0.551819
v -259.203461 1.933327 -0.551819
v -258.138000 1.933327 -0.671329
v -258.138000 1.135487 -0.671329
v -258.140961 2.908823 -0.697765
v -259.206421 2.908823 -0.578255
v -259.206421 2.004261 -0.578255
v -258.140961 2.004261 -0.697765
v -259.207397 2.004261 -0.587067
v -259.207397 2.908823 -0.587067
v -258.141937 2.908823 -0.706577
v -258.141937 2.004261 -0.706577
v -253.620163 0.887219 -1.284328
v -251.998856 0.887218 -1.466187
v -253.620163 2.731488 -1.284328
v -251.998856 2.731488 -1.466187
v -251.977448 0.887218 -1.275356
v -253.598755 0.887219 -1.093498
v -253.598755 2.731488 -1.093498
v -251.977448 2.731488 -1.275356
v -253.577515 0.922685 -1.222324
v -252.858856 0.922685 -1.302933
v -252.823608 0.887218 -1.306885
v -253.612762 0.887219 -1.218369
v -253.577515 2.696021 -1.222324
v -253.612762 2.731488 -1.218369
v -252.858856 2.696021 -1.302933
v -252.823608 2.731488 -1.306885
v -252.819656 0.887218 -1.271641
v -252.854904 0.922685 -1.267689
v -253.573563 0.922685 -1.187080
v -253.608810 0.887219 -1.183125
v -253.573563 2.696021 -1.187080
v -253.608810 2.731488 -1.183125
v -252.854904 2.696021 -1.267689
v -252.819656 2.731488 -1.271641
v -252.784424 0.922685 -1.275597
v -252.022751 0.922685 -1.361031
v -251.987503 0.887218 -1.364983
v -252.784424 2.696021 -1.275596
v -252.022751 2.696021 -1.361031
v -251.987503 2.731488 -1.364982
v -251.983551 0.887218 -1.329739
v -252.018799 0.922685 -1.325787
v -252.780457 0.922685 -1.240349
v -252.815704 0.887218 -1.236393
v -252.780457 2.696021 -1.240349
v -252.815704 2.731488 -1.236392
v -252.018799 2.696021 -1.325783
v -251.983551 2.731488 -1.329735
v -252.857605 2.696021 -1.291793
v -252.857605 0.922685 -1.291794
v -253.576263 0.922685 -1.211185
v -253.576263 2.696021 -1.211185
v -253.575272 0.922685 -1.202374
v -252.856628 0.922685 -1.282982
v -252.856628 2.696021 -1.282982
v -253.575272 2.696021 -1.202374
v -252.021500 2.696021 -1.349892
v -252.021500 0.922685 -1.349892
v -252.783173 0.922685 -1.264458
v -252.783173 2.696021 -1.264457
v -252.782181 0.922685 -1.255646
v -252.020508 0.922685 -1.341080
v -252.020508 2.696021 -1.341079
v -252.782181 2.696021 -1.255646
v -259.353394 5.143226 -0.448015
v -259.353394 6.349094 -0.448015
v -258.309723 5.143226 -0.565077
v -258.309723 6.349093 -0.565077
v -259.374786 6.349094 -0.638845
v -259.374786 5.143226 -0.638845
v -258.331146 5.143226 -0.755907
v -258.331146 6.349093 -0.755907
v -259.325531 5.178693 -0.517927
v -259.325531 5.675138 -0.517927
v -259.360779 5.710605 -0.513975
v -259.360779 5.143226 -0.513975
v -258.352386 5.178693 -0.627085
v -258.317139 5.143226 -0.631037
v -258.352386 5.675138 -0.627085
v -258.317139 5.710604 -0.631037
v -259.364746 5.710605 -0.549219
v -259.329498 5.675138 -0.553171
v -259.329498 5.178693 -0.553171
v -259.364746 5.143226 -0.549219
v -258.356323 5.178693 -0.662329
v -258.321075 5.143226 -0.666281
v -258.356323 5.675138 -0.662329
v -258.321075 5.710604 -0.666281
v -259.329498 5.746072 -0.553171
v -259.329498 6.313628 -0.553171
v -259.364746 6.349094 -0.549219
v -258.356323 5.746071 -0.662329
v -258.356323 6.313627 -0.662329
v -258.321075 6.349093 -0.666281
v -259.368683 6.349094 -0.584463
v -259.333435 6.313628 -0.588415
v -259.333435 5.746072 -0.588415
v -259.368683 5.710605 -0.584463
v -258.360291 5.746071 -0.697573
v -258.325043 5.710604 -0.701525
v -258.360291 6.313627 -0.697573
v -258.325043 6.349093 -0.701525
v -258.353638 5.675138 -0.638220
v -259.326782 5.675138 -0.529062
v -259.326782 5.178693 -0.529062
v -258.353638 5.178693 -0.638220
v -259.327759 5.178693 -0.537874
v -259.327759 5.675138 -0.537874
v -258.354614 5.675138 -0.647032
v -258.354614 5.178693 -0.647032
v -258.357574 6.313627 -0.673468
v -259.330750 6.313628 -0.564310
v -259.330750 5.746072 -0.564310
v -258.357574 5.746071 -0.673468
v -259.331726 5.746072 -0.573122
v -259.331726 6.313628 -0.573122
v -258.358582 6.313627 -0.682279
v -258.358582 5.746071 -0.682279
v -256.280029 4.575758 -0.985975
v -254.658722 4.575757 -1.167833
v -256.280029 6.349093 -0.985975
v -254.658722 6.349093 -1.167833
v -254.637314 4.575757 -0.977003
v -256.258606 4.575758 -0.795145
v -256.258606 6.349093 -0.795145
v -254.637314 6.349093 -0.977003
v -256.237396 4.611224 -0.923971
v -255.518723 4.611224 -1.004579
v -255.483490 4.575757 -1.008531
v -256.272614 4.575758 -0.920015
v -256.237396 6.313627 -0.923971
v -256.272614 6.349093 -0.920015
v -255.518723 6.313627 -1.004579
v -255.483490 6.349093 -1.008531
v -255.479523 4.575757 -0.973287
v -255.514771 4.611224 -0.969335
v -256.233429 4.611224 -0.888727
v -256.268677 4.575758 -0.884771
v -256.233429 6.313627 -0.888727
v -256.268677 6.349093 -0.884771
v -255.514771 6.313627 -0.969335
v -255.479523 6.349093 -0.973287
v -255.444290 4.611224 -0.977243
v -254.682617 4.611224 -1.062677
v -254.647369 4.575757 -1.066629
v -255.444290 6.313627 -0.977243
v -254.682617 6.313627 -1.062677
v -254.647369 6.349093 -1.066629
v -254.643417 4.575757 -1.031385
v -254.678665 4.611224 -1.027433
v -255.440338 4.611224 -0.941996
v -255.475571 4.575757 -0.938040
v -255.440338 6.313627 -0.941996
v -255.475571 6.349093 -0.938040
v -254.678665 6.313627 -1.027429
v -254.643417 6.349093 -1.031382
v -255.517487 6.313627 -0.993441
v -255.517487 4.611224 -0.993441
v -256.236145 4.611224 -0.912832
v -256.236145 6.313627 -0.912832
v -256.235138 4.611224 -0.904020
v -255.516495 4.611224 -0.984629
v -255.516495 6.313627 -0.984629
v -256.235138 6.313627 -0.904020
v -254.681366 6.313627 -1.051538
v -254.681366 4.611224 -1.051538
v -255.443039 4.611224 -0.966104
v -255.443039 6.313627 -0.966104
v -255.442047 4.611224 -0.957292
v -254.680374 4.611224 -1.042726
v -254.680374 6.313627 -1.042726
v -255.442047 6.313627 -0.957292
v -257.589111 4.575756 7.726259
v -257.589111 6.349091 7.726259
v -256.720459 4.575756 7.628821
v -256.720459 6.349091 7.628821
v -257.645782 6.384559 7.539381
v -257.610535 6.349091 7.535429
v -257.610535 4.575756 7.535429
v -257.645782 4.540288 7.539381
v -256.741852 4.575756 7.437990
v -256.706604 4.540288 7.434038
v -256.741852 6.349091 7.437990
v -256.706604 6.384559 7.434038
v -257.561279 4.611222 7.656344
v -257.561279 5.115572 7.656344
v -257.596527 5.151041 7.660299
v -257.596527 4.575756 7.660299
v -256.763092 4.611222 7.566816
v -256.727844 4.575756 7.562861
v -256.763092 5.115572 7.566816
v -256.727844 5.151041 7.562861
v -257.600464 5.151041 7.625055
v -257.565216 5.115572 7.621100
v -257.565216 4.611222 7.621100
v -257.600464 4.575756 7.625055
v -256.767059 4.611222 7.531572
v -256.731812 4.575756 7.527617
v -256.767059 5.115572 7.531572
v -256.731812 5.151041 7.527617
v -257.565216 5.186507 7.621100
v -257.565216 6.313623 7.621100
v -257.600464 6.349091 7.625055
v -256.767059 5.186507 7.531572
v -256.767059 6.313623 7.531572
v -256.731812 6.349091 7.527617
v -257.604431 6.349091 7.589811
v -257.569183 6.313623 7.585856
v -257.569183 5.186507 7.585856
v -257.604431 5.151041 7.589811
v -256.770996 5.186507 7.496328
v -256.735748 5.151041 7.492373
v -256.770996 6.313623 7.496328
v -256.735748 6.349091 7.492373
v -256.764343 5.115572 7.555685
v -257.562531 5.115572 7.645212
v -257.562531 4.611222 7.645212
v -256.764343 4.611222 7.555685
v -257.563507 4.611222 7.636397
v -257.563507 5.115572 7.636397
v -256.765350 5.115572 7.546869
v -256.765350 4.611222 7.546869
v -256.768311 6.313623 7.520437
v -257.566467 6.313623 7.609964
v -257.566467 5.186507 7.609964
v -256.768311 5.186507 7.520437
v -257.567474 5.186507 7.601153
v -257.567474 6.313623 7.601153
v -256.769287 6.313623 7.511625
v -256.769287 5.186507 7.511625
v -259.467438 4.575756 7.936945
v -259.467438 6.349091 7.936945
v -258.598755 4.575756 7.839506
v -258.598755 6.349091 7.839506
v -259.524078 6.384560 7.750067
v -259.488831 6.349091 7.746115
v -259.488831 4.575756 7.746115
v -259.524078 4.540288 7.750067
v -258.620178 4.575756 7.648676
v -258.584930 4.540288 7.644724
v -258.620178 6.349091 7.648676
v -258.584930 6.384560 7.644724
v -259.439575 4.611224 7.867029
v -259.439575 5.115572 7.867029
v -259.474823 5.151041 7.870985
v -259.474823 4.575756 7.870985
v -258.641418 4.611224 7.777502
v -258.606171 4.575756 7.773546
v -258.641418 5.115572 7.777502
v -258.606171 5.151041 7.773546
v -259.478790 5.151041 7.835741
v -259.443542 5.115572 7.831785
v -259.443542 4.611224 7.831785
v -259.478790 4.575756 7.835741
v -258.645355 4.611224 7.742258
v -258.610107 4.575756 7.738302
v -258.645355 5.115572 7.742258
v -258.610107 5.151041 7.738302
v -259.443542 5.186508 7.831785
v -259.443542 6.313625 7.831785
v -259.478790 6.349091 7.835741
v -258.645355 5.186508 7.742258
v -258.645355 6.313625 7.742258
v -258.610107 6.349091 7.738302
v -259.482727 6.349091 7.800497
v -259.447479 6.313625 7.796541
v -259.447479 5.186508 7.796541
v -259.482727 5.151041 7.800497
v -258.649323 5.186508 7.707014
v -258.614075 5.151041 7.703058
v -258.649323 6.313625 7.707014
v -258.614075 6.349091 7.703058
v -258.642670 5.115572 7.766371
v -259.440826 5.115572 7.855898
v -259.440826 4.611224 7.855898
v -258.642670 4.611224 7.766371
v -259.441833 4.611224 7.847082
v -259.441833 5.115572 7.847082
v -258.643646 5.115572 7.757555
v -258.643646 4.611224 7.757555
v -258.646606 6.313625 7.731123
v -259.444794 6.313625 7.820650
v -259.444794 5.186508 7.820650
v -258.646606 5.186508 7.731123
v -259.445770 5.186508 7.811838
v -259.445770 6.313625 7.811838
v -258.647614 6.313625 7.722311
v -258.647614 5.186508 7.722311
v -261.272247 4.575758 0.643000
v -261.272247 6.349094 0.643004
v -261.276184 4.540292 0.607756
v -261.170349 4.575758 1.551317
v -261.170349 6.349092 1.551317
v -261.081421 6.349094 0.621599
v -261.081421 4.575758 0.621599
v -260.979523 4.575758 1.529913
v -260.979523 6.349092 1.529913
v -261.202332 4.611226 0.670847
v -261.202332 5.115576 0.670847
v -261.206268 5.151043 0.635603
v -261.206268 4.575758 0.635603
v -261.108337 4.611226 1.508673
v -261.104401 4.575758 1.543917
v -261.108337 5.115574 1.508673
v -261.104401 5.151042 1.543917
v -261.171021 5.151043 0.631651
v -261.167084 5.115576 0.666895
v -261.167084 4.611226 0.666895
v -261.171021 4.575758 0.631651
v -261.073090 4.611226 1.504721
v -261.069153 4.575758 1.539965
v -261.073090 5.115574 1.504721
v -261.069153 5.151042 1.539965
v -261.167084 5.186510 0.666895
v -261.167084 6.313628 0.666895
v -261.171021 6.349094 0.631651
v -261.073090 5.186510 1.504721
v -261.073090 6.313628 1.504721
v -261.069153 6.349092 1.539965
v -261.135773 6.349094 0.627699
v -261.131836 6.313628 0.662943
v -261.131836 5.186510 0.662943
v -261.135773 5.151043 0.627699
v -261.037842 5.186510 1.500769
v -261.033905 5.151042 1.536013
v -261.037842 6.313628 1.500769
v -261.033905 6.349092 1.536013
v -261.097198 5.115574 1.507425
v -261.191193 5.115576 0.669600
v -261.191193 4.611226 0.669600
v -261.097198 4.611226 1.507425
v -261.182373 4.611226 0.668612
v -261.182373 5.115576 0.668612
v -261.088409 5.115574 1.506437
v -261.088409 4.611226 1.506437
v -261.061951 6.313628 1.503473
v -261.155945 6.313628 0.665648
v -261.155945 5.186510 0.665648
v -261.061951 5.186510 1.503473
v -261.147125 5.186510 0.664660
v -261.147125 6.313628 0.664660
v -261.053162 6.313628 1.502485
v -261.053162 5.186510 1.502485
v -260.572662 5.568826 6.879835
v -260.880280 5.568828 4.137262
v -260.572662 6.349092 6.879835
v -260.880280 6.349092 4.137262
v -260.689453 5.568828 4.115858
v -260.381836 5.568826 6.858431
v -260.381836 6.349092 6.858431
v -260.689453 6.349092 4.115858
v -260.510651 5.604291 6.837191
v -260.646759 5.604291 5.623869
v -260.650696 5.568826 5.588625
v -260.506714 5.568826 6.872435
v -260.510651 6.313626 6.837191
v -260.506714 6.349092 6.872435
v -260.646759 6.313626 5.623869
v -260.650696 6.349092 5.588625
v -260.615479 5.568826 5.584673
v -260.611511 5.604291 5.619917
v -260.475403 5.604291 6.833239
v -260.471466 5.568826 6.868483
v -260.475403 6.313626 6.833239
v -260.471466 6.349092 6.868483
v -260.611511 6.313626 5.619917
v -260.615479 6.349092 5.584673
v -260.619415 5.604291 5.549425
v -260.775146 5.604291 4.161154
v -260.779083 5.568828 4.125910
v -260.619415 6.313626 5.549425
v -260.775146 6.313628 4.161154
v -260.779083 6.349092 4.125910
v -260.743835 5.568828 4.121958
v -260.739899 5.604291 4.157202
v -260.584167 5.604291 5.545473
v -260.580231 5.568826 5.580721
v -260.584167 6.313626 5.545473
v -260.580231 6.349092 5.580721
v -260.739899 6.313628 4.157202
v -260.743835 6.349092 4.121958
v -260.635620 6.313626 5.622622
v -260.635620 5.604291 5.622622
v -260.499512 5.604291 6.835943
v -260.499512 6.313626 6.835943
v -260.490723 5.604291 6.834955
v -260.626801 5.604291 5.621634
v -260.626801 6.313626 5.621634
v -260.490723 6.313626 6.834955
v -260.764008 6.313628 4.159906
v -260.764008 5.604291 4.159906
v -260.608276 5.604291 5.548178
v -260.608276 6.313626 5.548178
v -260.599457 5.604291 5.547190
v -260.755188 5.604291 4.158918
v -260.755188 6.313628 4.158918
v -260.599457 6.313626 5.547190
v -252.641937 4.575757 2.958662
v -252.641937 6.349092 2.958662
v -252.536545 4.575757 3.898272
v -252.536545 6.349092 3.898272
v -252.449524 6.349092 2.937079
v -252.449524 4.575757 2.937079
v -252.344131 4.575757 3.876688
v -252.344131 6.349092 3.876688
v -252.570435 4.611224 2.986330
v -252.570435 5.115574 2.986330
v -252.574387 5.151042 2.951086
v -252.574387 4.575757 2.951086
v -252.472946 4.611224 3.855452
v -252.468994 4.575757 3.890696
v -252.472946 5.115574 3.855452
v -252.468994 5.151042 3.890696
v -252.539139 5.151042 2.947130
v -252.535187 5.115574 2.982374
v -252.535187 4.611224 2.982374
v -252.539139 4.575757 2.947130
v -252.437698 4.611224 3.851496
v -252.433746 4.575757 3.886740
v -252.437698 5.115574 3.851496
v -252.433746 5.151042 3.886740
v -252.535187 5.186509 2.982374
v -252.535187 6.313625 2.982374
v -252.539139 6.349092 2.947130
v -252.437698 5.186509 3.851496
v -252.437698 6.313625 3.851496
v -252.433746 6.349092 3.886740
v -252.503906 6.349092 2.943178
v -252.499939 6.313625 2.978422
v -252.499939 5.186509 2.978422
v -252.503906 5.151042 2.943178
v -252.402466 5.186509 3.847544
v -252.398499 5.151042 3.882788
v -252.402466 6.313625 3.847544
v -252.398499 6.349092 3.882788
v -252.461807 5.115574 3.854200
v -252.559296 5.115574 2.985079
v -252.559296 4.611224 2.985079
v -252.461807 4.611224 3.854200
v -252.550491 4.611224 2.984091
v -252.550491 5.115574 2.984091
v -252.453003 5.115574 3.853212
v -252.453003 4.611224 3.853212
v -252.426575 6.313625 3.850248
v -252.524048 6.313625 2.981127
v -252.524048 5.186509 2.981127
v -252.426575 5.186509 3.850248
v -252.515244 5.186509 2.980139
v -252.515244 6.313625 2.980139
v -252.417755 6.313625 3.849260
v -252.417755 5.186509 3.849260
v -252.452225 4.575755 4.650015
v -252.452225 6.349090 4.650015
v -252.456177 6.384558 4.614771
v -252.456177 4.540289 4.614771
v -252.329773 4.575755 5.741667
v -252.329773 6.349090 5.741667
v -252.263763 6.384558 4.593187
v -252.259796 6.349090 4.628431
v -252.259796 4.575755 4.628428
v -252.137360 4.575755 5.720083
v -252.137360 6.349090 5.720083
v -252.380722 4.611222 4.677683
v -252.380722 5.115574 4.677683
v -252.384674 5.151040 4.642439
v -252.384674 4.575755 4.642435
v -252.266174 4.611222 5.698843
v -252.262222 4.575755 5.734091
v -252.266174 5.115574 5.698843
v -252.262222 5.151040 5.734091
v -252.349426 5.151040 4.638483
v -252.345474 5.115574 4.673727
v -252.345474 4.611222 4.673727
v -252.349426 4.575755 4.638479
v -252.230942 4.611222 5.694887
v -252.226990 4.575755 5.730135
v -252.230942 5.115574 5.694887
v -252.226990 5.151040 5.730135
v -252.345474 5.186507 4.673727
v -252.345474 6.313625 4.673727
v -252.349426 6.349090 4.638483
v -252.230942 5.186507 5.694887
v -252.230942 6.313625 5.694887
v -252.226990 6.349090 5.730135
v -252.314178 6.349090 4.634531
v -252.310226 6.313625 4.669775
v -252.310226 5.186507 4.669775
v -252.314178 5.151040 4.634531
v -252.195694 5.186507 5.690935
v -252.191742 5.151040 5.726183
v -252.195694 6.313625 5.690935
v -252.191742 6.349090 5.726183
v -252.255035 5.115574 5.697592
v -252.369583 5.115574 4.676432
v -252.369583 4.611222 4.676432
v -252.255035 4.611222 5.697592
v -252.360779 4.611222 4.675444
v -252.360779 5.115574 4.675444
v -252.246231 5.115574 5.696604
v -252.246231 4.611222 5.696604
v -252.219803 6.313625 5.693640
v -252.334335 6.313625 4.672480
v -252.334335 5.186507 4.672480
v -252.219803 5.186507 5.693640
v -252.325531 5.186507 4.671492
v -252.325531 6.313625 4.671492
v -252.210983 6.313625 5.692652
v -252.210983 5.186507 5.692652
v -252.742294 5.312249 0.326910
v -249.165649 5.312248 -0.074274
v -249.266159 5.229597 -0.174906
v -252.666580 5.229594 0.206511
v -249.417892 3.212724 -2.323013
v -249.497757 3.282033 -2.239650
v -252.994537 3.212725 -1.921829
v -252.898178 3.282034 -1.858234
v -252.494415 3.212487 2.536903
v -248.917770 3.212487 2.135720
v -249.014038 3.282268 2.072914
v -252.414444 3.282268 2.454330
v -249.241486 5.228888 0.045176
v -252.641891 5.228888 0.426592
v -249.262039 5.207476 -0.138071
v -252.662445 5.207473 0.243345
v -249.493622 3.259913 -2.202816
v -252.894043 3.259914 -1.821400
v -249.018188 3.260385 2.035831
v -252.418610 3.260386 2.417253
v -249.245636 5.207004 0.008089
v -252.646057 5.207005 0.389505
v -249.326950 3.226070 -2.295712
v -249.078873 5.312248 -0.084009
v -249.078873 5.186380 -0.084009
v -249.326950 3.091377 -2.295712
v -248.835129 3.226070 2.089100
v -248.835129 3.091376 2.089100
v -249.165649 5.186380 -0.074274
v -249.413727 3.226070 -2.285975
v -249.413727 3.091377 -2.285975
v -248.921906 3.091376 2.098835
v -248.921906 3.226070 2.098835
v -260.524628 4.360311 8.017107
v -263.684387 3.222548 -0.066225
v -262.484924 3.222544 10.627272
v -250.198944 3.222737 2.332335
v -251.908646 4.360117 7.050797
v -249.432816 3.222734 9.162573
v -249.530075 3.220678 9.300886
v -260.392181 4.362174 8.121138
v -262.358887 3.220678 10.739861
v -249.149857 3.051295 9.477995
v -249.331345 3.182377 9.359060
v -249.134064 3.091196 9.488348
v -262.691132 3.051296 10.996889
v -262.651794 3.037996 10.956087
v -262.704254 3.091196 11.010485
v -249.134064 3.182377 9.488348
v -250.187225 3.037998 1.728699
v -250.187225 3.182379 1.728699
v -249.331345 3.037996 9.359060
v -262.540527 3.182378 10.840700
v -262.540527 3.037996 10.840700
v -263.772827 3.182382 -0.145529
v -250.059586 3.037998 1.714383
v -250.019928 3.051298 1.709934
v -249.416779 3.254315 9.160772
v -249.528366 3.252665 9.316111
v -250.006714 3.091198 1.708450
v -262.704254 3.182378 11.010485
v -263.940094 3.051300 -0.126766
v -249.197266 3.037996 9.446924
v -262.500885 3.254162 10.629065
v -262.357178 3.252666 10.755087
v -260.449432 4.433959 8.055117
v -261.475281 4.391932 -0.314012
v -260.540619 4.391930 8.018896
v -263.788788 3.214001 -0.143736
v -263.700348 3.254166 -0.064432
v -251.973419 4.433949 7.104368
v -252.013138 4.394162 7.196699
v -251.892609 4.391701 7.048998
v -262.547729 3.215865 10.849882
v -250.110596 3.213959 2.266973
v -252.529358 4.391703 1.372278
v -250.182907 3.254317 2.330534
v -252.623718 4.432061 1.239309
v -260.441833 4.400478 8.046240
v -261.459320 4.360313 -0.315802
v -252.014847 4.362175 7.181473
v -250.126633 3.182379 2.268772
v -252.545395 4.360119 1.374079
v -263.953308 3.182382 -0.125280
v -263.953308 3.091200 -0.125280
v -252.639755 4.400481 1.241110
v -263.772827 3.038000 -0.145531
v -261.390656 4.400481 -0.412729
v -260.390472 4.394163 8.136362
v -261.406616 4.432100 -0.410940
v -260.524475 4.359993 8.017088
v -262.484741 3.222227 10.627254
v -263.684204 3.222231 -0.066240
v -249.322250 3.215857 9.366442
v -251.982864 4.400479 7.097418
v -250.199112 3.222420 2.332350
v -249.432983 3.222419 9.162588
v -251.908813 4.359802 7.050817
v -249.530090 3.220358 9.300730
v -262.358887 3.220358 10.739706
v -260.392181 4.361855 8.120985
v -249.151215 3.051985 9.477503
v -249.134521 3.091248 9.487679
v -249.331497 3.181857 9.359434
v -262.690460 3.051069 10.998522
v -262.721436 3.085724 11.027796
v -262.652008 3.038417 10.955816
v -249.134995 3.181708 9.488119
v -249.325500 3.048701 9.358479
v -250.186829 3.182024 1.729008
v -262.540253 3.181470 10.840841
v -262.541412 3.039542 10.840902
v -263.773132 3.182027 -0.145132
v -250.059601 3.038374 1.714718
v -250.020462 3.051542 1.710251
v -249.333649 3.183113 9.358038
v -249.528091 3.252171 9.316233
v -249.416840 3.253615 9.161295
v -250.007050 3.091260 1.708825
v -262.706055 3.181717 11.009863
v -263.939514 3.051542 -0.126568
v -263.700592 3.253014 -0.064516
v -263.771088 3.182966 -0.143431
v -261.474243 4.391428 -0.314238
v -249.197113 3.038417 9.446609
v -262.500366 3.253548 10.629431
v -262.357452 3.252038 10.754988
v -262.540588 3.182662 10.841200
v -260.451660 4.431726 8.055830
v -260.540100 4.391661 8.018915
v -263.788147 3.213623 -0.143019
v -251.971115 4.431724 7.104574
v -251.893097 4.391432 7.049128
v -252.012817 4.393810 7.196154
v -262.548248 3.215735 10.849608
v -250.111420 3.213845 2.267107
v -250.183105 3.253675 2.330101
v -252.529877 4.391435 1.372377
v -252.623642 4.431694 1.238585
v -260.442078 4.400246 8.047117
v -260.524689 4.360878 8.017534
v -260.392365 4.362638 8.121050
v -261.459717 4.361189 -0.316488
v -263.684906 3.222704 -0.066526
v -262.485626 3.223157 10.627886
v -249.431992 3.223353 9.163023
v -251.908508 4.360685 7.051201
v -252.014679 4.362637 7.181345
v -250.128876 3.183408 2.269994
v -250.198486 3.222861 2.332041
v -252.544693 4.361650 1.372549
v -249.529816 3.220880 9.301329
v -262.360443 3.223387 10.741158
v -263.952911 3.091262 -0.124987
v -263.952911 3.182025 -0.124967
v -252.640289 4.401044 1.241125
v -261.459167 4.359997 -0.315821
v -252.545563 4.359804 1.374098
v -252.014862 4.361855 7.181322
v -263.773132 3.038355 -0.145134
v -250.186829 3.038353 1.729008
v -260.390900 4.393811 8.135904
v -261.407593 4.431136 -0.410730
v -249.324310 3.214952 9.366133
v -261.390778 4.400804 -0.411383
v -251.982422 4.400245 7.098219
v -250.006714 3.182379 1.708450
v -263.900452 3.038000 -0.131214
v -250.007034 3.182023 1.708840
v -263.900360 3.038375 -0.130886
v -250.187225 2.980113 1.728699
v -249.331345 2.980111 9.359060
v -262.540527 2.980111 10.840700
v -263.772827 2.980115 -0.145531
v -260.441833 2.980113 8.046240
v -251.982864 2.980111 7.097416
v -261.390656 2.980115 -0.412731
v -252.555267 2.980113 1.994316
v -250.034012 1.277350 3.994495
v -250.010284 1.277350 4.205971
v -249.954849 1.277350 4.250221
v -249.989761 1.277350 3.939056
v -250.221771 1.277350 4.229691
v -250.266022 1.277350 4.285126
v -250.245483 1.277350 4.018215
v -250.300919 1.277350 3.973961
v -250.010284 2.885386 4.205971
v -250.034012 2.885386 3.994495
v -249.989761 2.885386 3.939056
v -249.954849 2.885386 4.250221
v -250.245483 2.885386 4.018217
v -250.300919 2.885386 3.973963
v -250.221771 2.885386 4.229692
v -250.266022 2.885386 4.285128
v -249.989761 0.106948 3.939056
v -249.954849 0.106948 4.250221
v -249.899414 0.106948 4.294476
v -249.945511 0.106948 3.883625
v -250.266022 0.106948 4.285126
v -250.310272 0.106948 4.340557
v -250.300919 0.106948 3.973961
v -250.356354 0.106948 3.929707
v -249.766373 1.277350 6.380539
v -249.742661 1.277350 6.592010
v -249.687225 1.277350 6.636265
v -249.722122 1.277350 6.325096
v -249.954132 1.277350 6.615730
v -249.998383 1.277350 6.671169
v -249.977844 1.277350 6.404259
v -250.033279 1.277350 6.360001
v -249.742661 2.885386 6.592010
v -249.766373 2.885386 6.380539
v -249.722122 2.885386 6.325098
v -249.687225 2.885386 6.636265
v -249.977844 2.885386 6.404261
v -250.033279 2.885386 6.360003
v -249.954132 2.885386 6.615730
v -249.998383 2.885386 6.671169
v -249.722122 0.106948 6.325096
v -249.687225 0.106948 6.636265
v -249.631790 0.106948 6.680519
v -249.677872 0.106948 6.269665
v -249.998383 0.106948 6.671169
v -250.042633 0.106948 6.726601
v -250.033279 0.106948 6.360001
v -250.088715 0.106948 6.315746
v -249.465927 1.277350 9.059074
v -249.442215 1.277348 9.270546
v -249.386780 1.277348 9.314808
v -249.421677 1.277350 9.003635
v -249.653687 1.277348 9.294266
v -249.697937 1.277348 9.349712
v -249.677399 1.277350 9.082794
v -249.732834 1.277350 9.038540
v -249.442215 2.885385 9.270546
v -249.465927 2.885385 9.059074
v -249.421677 2.885385 9.003635
v -249.386780 2.885385 9.314808
v -249.677399 2.885385 9.082794
v -249.732834 2.885385 9.038540
v -249.653687 2.885385 9.294266
v -249.697937 2.885385 9.349712
v -249.421677 0.106948 9.003635
v -249.386780 0.106946 9.314808
v -249.331345 0.106946 9.359058
v -249.377426 0.106948 8.948208
v -249.697937 0.106946 9.349712
v -249.742188 0.106946 9.405140
v -249.732834 0.106948 9.038540
v -249.788269 0.106948 8.994289
v -252.283524 1.277349 9.375118
v -252.259796 1.277349 9.586590
v -252.204361 1.277349 9.630852
v -252.239273 1.277349 9.319679
v -252.471283 1.277349 9.610310
v -252.515533 1.277349 9.665752
v -252.494995 1.277349 9.398838
v -252.550430 1.277349 9.354580
v -252.259796 2.885385 9.586590
v -252.283524 2.885386 9.375118
v -252.239273 2.885386 9.319679
v -252.204361 2.885385 9.630852
v -252.494995 2.885386 9.398838
v -252.550430 2.885386 9.354580
v -252.471283 2.885385 9.610310
v -252.515533 2.885385 9.665752
v -252.239273 0.106946 9.319679
v -252.204361 0.106946 9.630852
v -252.148926 0.106946 9.675098
v -252.195023 0.106946 9.264248
v -252.515533 0.106946 9.665752
v -252.559784 0.106946 9.721184
v -252.550430 0.106946 9.354580
v -252.605865 0.106946 9.310333
v -255.316116 1.277349 9.715275
v -255.292389 1.277349 9.926746
v -255.236954 1.277349 9.971008
v -255.271866 1.277349 9.659836
v -255.503876 1.277349 9.950466
v -255.548126 1.277349 10.005913
v -255.527588 1.277349 9.738995
v -255.583023 1.277349 9.694740
v -255.292389 2.885385 9.926746
v -255.316116 2.885385 9.715275
v -255.271866 2.885385 9.659836
v -255.236954 2.885385 9.971008
v -255.527588 2.885385 9.738995
v -255.583023 2.885385 9.694740
v -255.503876 2.885385 9.950466
v -255.548126 2.885385 10.005913
v -255.271866 0.106947 9.659836
v -255.236954 0.106947 9.971008
v -255.181519 0.106947 10.015259
v -255.227615 0.106947 9.604408
v -255.548126 0.106947 10.005913
v -255.592377 0.106947 10.061344
v -255.583023 0.106947 9.694740
v -255.638458 0.106947 9.650494
v -258.135834 1.277349 10.031559
v -258.112122 1.277349 10.243031
v -258.056702 1.277349 10.287292
v -258.091583 1.277349 9.976120
v -258.323608 1.277349 10.266750
v -258.367859 1.277349 10.322197
v -258.347321 1.277349 10.055279
v -258.402771 1.277349 10.011024
v -258.112122 2.885386 10.243031
v -258.135834 2.885386 10.031559
v -258.091583 2.885386 9.976120
v -258.056702 2.885386 10.287292
v -258.347321 2.885386 10.055279
v -258.402771 2.885386 10.011024
v -258.323608 2.885386 10.266750
v -258.367859 2.885386 10.322197
v -258.091583 0.106947 9.976120
v -258.056702 0.106947 10.287292
v -258.001251 0.106947 10.331539
v -258.047333 0.106947 9.920689
v -258.367859 0.106947 10.322197
v -258.412109 0.106947 10.377625
v -258.402771 0.106947 10.011024
v -258.458191 0.106947 9.966774
v -260.177399 1.277349 10.260555
v -260.153687 1.277349 10.472027
v -260.098236 1.277349 10.516289
v -260.133148 1.277349 10.205116
v -260.365143 1.277349 10.495747
v -260.409393 1.277349 10.551189
v -260.388885 1.277349 10.284275
v -260.444305 1.277349 10.240017
v -260.153687 2.885386 10.472027
v -260.177399 2.885386 10.260555
v -260.133148 2.885386 10.205116
v -260.098236 2.885386 10.516289
v -260.388885 2.885386 10.284275
v -260.444305 2.885386 10.240017
v -260.365143 2.885386 10.495747
v -260.409393 2.885386 10.551189
v -260.133148 0.106948 10.205116
v -260.098236 0.106948 10.516289
v -260.042816 0.106948 10.560535
v -260.088898 0.106948 10.149685
v -260.409393 0.106948 10.551189
v -260.453674 0.106948 10.606621
v -260.444305 0.106948 10.240017
v -260.499756 0.106948 10.195770
v -262.264252 1.277349 10.494633
v -262.240540 1.277349 10.706104
v -262.185089 1.277349 10.750366
v -262.220001 1.277349 10.439194
v -262.451996 1.277349 10.729824
v -262.496277 1.277349 10.785271
v -262.475739 1.277349 10.518353
v -262.531158 1.277349 10.474098
v -262.240540 2.885387 10.706104
v -262.264252 2.885387 10.494633
v -262.220001 2.885387 10.439194
v -262.185089 2.885387 10.750366
v -262.475739 2.885387 10.518353
v -262.531158 2.885387 10.474098
v -262.451996 2.885387 10.729824
v -262.496277 2.885387 10.785271
v -262.220001 0.106948 10.439194
v -262.185089 0.106948 10.750366
v -262.129669 0.106948 10.794613
v -262.175751 0.106948 10.383762
v -262.496277 0.106948 10.785271
v -262.540527 0.106948 10.840698
v -262.531158 0.106948 10.474098
v -262.586609 0.106948 10.429848
v -262.585205 1.277351 7.633183
v -262.561493 1.277351 7.844658
v -262.506073 1.277351 7.888908
v -262.540955 1.277351 7.577744
v -262.772980 1.277351 7.868378
v -262.817230 1.277351 7.923813
v -262.796692 1.277351 7.656902
v -262.852142 1.277351 7.612648
v -262.561493 2.885389 7.844658
v -262.585205 2.885389 7.633183
v -262.540955 2.885389 7.577744
v -262.506073 2.885389 7.888908
v -262.796692 2.885389 7.656902
v -262.852142 2.885389 7.612648
v -262.772980 2.885389 7.868380
v -262.817230 2.885389 7.923813
v -262.540955 0.106950 7.577744
v -262.506073 0.106950 7.888908
v -262.450623 0.106950 7.933159
v -262.496704 0.106950 7.522308
v -262.817230 0.106950 7.923813
v -262.861481 0.106950 7.979244
v -262.852142 0.106950 7.612648
v -262.907562 0.106950 7.568394
v -263.066650 1.277351 3.341026
v -263.042938 1.277351 3.552502
v -262.987488 1.277351 3.596752
v -263.022400 1.277353 3.285591
v -263.254425 1.277351 3.576221
v -263.298676 1.277351 3.631657
v -263.278137 1.277351 3.364746
v -263.333557 1.277351 3.320496
v -263.042938 2.885391 3.552502
v -263.066650 2.885391 3.341027
v -263.022400 2.885391 3.285591
v -262.987488 2.885391 3.596752
v -263.278137 2.885391 3.364748
v -263.333557 2.885391 3.320498
v -263.254425 2.885391 3.576221
v -263.298676 2.885391 3.631657
v -263.022400 0.106950 3.285591
v -262.987488 0.106950 3.596752
v -262.932068 0.106950 3.641010
v -262.978149 0.106950 3.230156
v -263.298676 0.106950 3.631657
v -263.342926 0.106950 3.687096
v -263.333557 0.106950 3.320496
v -263.389008 0.106950 3.276241
v -263.450470 1.277353 -0.080742
v -263.426758 1.277353 0.130733
v -263.371307 1.277353 0.174992
v -263.406219 1.277353 -0.136177
v -263.638214 1.277353 0.154453
v -263.682495 1.277353 0.209896
v -263.661957 1.277353 -0.057022
v -263.717377 1.277353 -0.101273
v -263.426758 2.885391 0.130733
v -263.450470 2.885391 -0.080742
v -263.406219 2.885391 -0.136177
v -263.371307 2.885391 0.174992
v -263.661957 2.885391 -0.057022
v -263.717377 2.885391 -0.101273
v -263.638214 2.885391 0.154453
v -263.682495 2.885391 0.209896
v -263.406219 0.106952 -0.136177
v -263.371307 0.106952 0.174992
v -263.315887 0.106952 0.219242
v -263.361969 0.106952 -0.191616
v -263.682495 0.106952 0.209896
v -263.726746 0.106952 0.265327
v -263.717377 0.106952 -0.101273
v -263.772827 0.106952 -0.145531
v -249.945511 0.000547 3.883625
v -249.899414 0.000547 4.294476
v -250.356354 0.000547 3.929707
v -250.310272 0.000547 4.340557
v -249.989761 2.979753 3.939056
v -249.954849 2.979753 4.250221
v -250.300919 2.979753 3.973963
v -250.266022 2.979753 4.285128
v -249.677872 0.000547 6.269665
v -249.631790 0.000547 6.680519
v -250.088715 0.000547 6.315746
v -250.042633 0.000547 6.726601
v -249.722122 2.979753 6.325098
v -249.687225 2.979753 6.636265
v -250.033279 2.979753 6.360003
v -249.998383 2.979753 6.671169
v -249.377426 0.000547 8.948208
v -249.788269 0.000547 8.994289
v -249.742188 0.000545 9.405140
v -249.421677 2.979752 9.003637
v -249.386780 2.979752 9.314810
v -249.732834 2.979752 9.038542
v -249.697937 2.979752 9.349714
v -252.195023 0.000546 9.264248
v -252.148926 0.000546 9.675098
v -252.605865 0.000546 9.310333
v -252.559784 0.000546 9.721184
v -252.239273 2.979752 9.319681
v -252.204361 2.979751 9.630854
v -252.550430 2.979752 9.354582
v -252.515533 2.979751 9.665754
v -255.227615 0.000546 9.604408
v -255.181519 0.000546 10.015259
v -255.638458 0.000546 9.650494
v -255.592377 0.000546 10.061344
v -255.271866 2.979752 9.659838
v -255.236954 2.979752 9.971010
v -255.583023 2.979752 9.694742
v -255.548126 2.979752 10.005915
v -258.047333 0.000547 9.920689
v -258.001251 0.000547 10.331539
v -258.458191 0.000547 9.966774
v -258.412109 0.000547 10.377625
v -258.091583 2.979752 9.976122
v -258.056702 2.979752 10.287292
v -258.402771 2.979752 10.011026
v -258.367859 2.979752 10.322199
v -260.088898 0.000547 10.149685
v -260.042816 0.000547 10.560535
v -260.499756 0.000547 10.195770
v -260.453674 0.000547 10.606621
v -260.133148 2.979753 10.205118
v -260.098236 2.979753 10.516291
v -260.444305 2.979753 10.240019
v -260.409393 2.979753 10.551191
v -262.175751 0.000547 10.383762
v -262.129669 0.000547 10.794613
v -262.586609 0.000548 10.429848
v -262.220001 2.979753 10.439196
v -262.185089 2.979753 10.750368
v -262.531158 2.979753 10.474100
v -262.496277 2.979753 10.785273
v -262.496704 0.000549 7.522308
v -262.450623 0.000549 7.933159
v -262.907562 0.000550 7.568394
v -262.861481 0.000550 7.979244
v -262.540955 2.979755 7.577744
v -262.506073 2.979755 7.888908
v -262.852142 2.979755 7.612648
v -262.817230 2.979755 7.923813
v -262.978149 0.000549 3.230156
v -262.932068 0.000549 3.641010
v -263.389008 0.000550 3.276241
v -263.342926 0.000550 3.687096
v -263.022400 2.979757 3.285591
v -262.987488 2.979757 3.596752
v -263.333557 2.979757 3.320498
v -263.298676 2.979757 3.631657
v -263.361969 0.000551 -0.191616
v -263.315887 0.000551 0.219242
v -263.726746 0.000552 0.265327
v -263.406219 2.979757 -0.136177
v -263.371307 2.979757 0.174992
v -263.717377 2.979757 -0.101273
v -263.682495 2.979757 0.209896
v -249.542007 1.064549 9.017136
v -249.612503 1.064549 9.025040
v -250.145691 1.064549 4.271626
v -250.075195 1.064549 4.263721
v -249.542007 1.135483 9.017136
v -250.075195 1.135483 4.263721
v -250.145691 1.135483 4.271626
v -249.612503 1.135483 9.025040
v -250.074280 0.000547 4.430965
v -250.078232 0.000547 4.395721
v -250.078232 1.064549 4.395721
v -250.074280 1.064549 4.430965
v -250.113480 0.000547 4.399673
v -250.113480 1.064549 4.399673
v -250.109528 0.000547 4.434917
v -250.109528 1.064549 4.434917
v -250.056152 0.000547 4.592579
v -250.060104 0.000547 4.557331
v -250.060104 1.064549 4.557331
v -250.056152 1.064549 4.592579
v -250.095352 0.000547 4.561283
v -250.095352 1.064549 4.561283
v -250.091400 0.000547 4.596531
v -250.091400 1.064549 4.596531
v -250.038025 0.000547 4.754185
v -250.041977 0.000547 4.718941
v -250.041977 1.064549 4.718941
v -250.038025 1.064549 4.754185
v -250.077225 0.000547 4.722893
v -250.077225 1.064549 4.722893
v -250.073273 0.000547 4.758137
v -250.073273 1.064549 4.758137
v -250.019897 0.000547 4.915798
v -250.023849 0.000547 4.880554
v -250.023849 1.064549 4.880554
v -250.019897 1.064549 4.915798
v -250.059097 0.000547 4.884506
v -250.059097 1.064549 4.884506
v -250.055145 0.000547 4.919750
v -250.055145 1.064549 4.919750
v -250.001770 0.000547 5.077408
v -250.005722 0.000547 5.042160
v -250.005722 1.064549 5.042160
v -250.001770 1.064549 5.077408
v -250.040970 0.000547 5.046112
v -250.040970 1.064549 5.046112
v -250.037018 0.000547 5.081360
v -250.037018 1.064549 5.081360
v -249.983643 0.000547 5.239021
v -249.987595 0.000547 5.203773
v -249.987595 1.064549 5.203773
v -249.983643 1.064549 5.239021
v -250.022842 0.000547 5.207726
v -250.022842 1.064549 5.207726
v -250.018890 0.000547 5.242973
v -250.018890 1.064549 5.242973
v -249.965515 0.000547 5.400627
v -249.969467 0.000547 5.365379
v -249.969467 1.064549 5.365379
v -249.965515 1.064549 5.400627
v -250.004715 0.000547 5.369331
v -250.004715 1.064549 5.369331
v -250.000763 0.000547 5.404579
v -250.000763 1.064549 5.404579
v -249.947388 0.000547 5.562237
v -249.951340 0.000547 5.526989
v -249.951340 1.064549 5.526989
v -249.947388 1.064549 5.562237
v -249.986588 0.000547 5.530941
v -249.986588 1.064549 5.530941
v -249.982635 0.000547 5.566189
v -249.982635 1.064549 5.566189
v -249.929260 0.000547 5.723846
v -249.933212 0.000547 5.688602
v -249.933212 1.064549 5.688602
v -249.929260 1.064549 5.723846
v -249.968460 0.000547 5.692554
v -249.968460 1.064549 5.692554
v -249.964508 0.000547 5.727798
v -249.964508 1.064549 5.727798
v -249.911133 0.000547 5.885456
v -249.915085 0.000547 5.850208
v -249.915085 1.064549 5.850208
v -249.911133 1.064549 5.885456
v -249.950333 0.000547 5.854160
v -249.950333 1.064549 5.854160
v -249.946381 0.000547 5.889408
v -249.946381 1.064549 5.889408
v -249.893005 0.000547 6.047062
v -249.896957 0.000547 6.011818
v -249.896957 1.064549 6.011818
v -249.893005 1.064549 6.047062
v -249.932205 0.000547 6.015770
v -249.932205 1.064549 6.015770
v -249.928253 0.000547 6.051014
v -249.928253 1.064549 6.051014
v -249.874878 0.000547 6.208675
v -249.878830 0.000547 6.173431
v -249.878830 1.064549 6.173431
v -249.874878 1.064549 6.208675
v -249.914078 0.000547 6.177383
v -249.914078 1.064549 6.177383
v -249.910126 0.000547 6.212627
v -249.910126 1.064549 6.212627
v -249.802368 0.000547 6.855114
v -249.806320 0.000547 6.819870
v -249.806320 1.064549 6.819870
v -249.802368 1.064549 6.855114
v -249.841568 0.000547 6.823822
v -249.841568 1.064549 6.823822
v -249.837616 0.000547 6.859066
v -249.837616 1.064549 6.859066
v -249.784241 0.000547 7.016727
v -249.788193 0.000547 6.981483
v -249.788193 1.064549 6.981483
v -249.784241 1.064549 7.016727
v -249.823441 0.000547 6.985435
v -249.823441 1.064549 6.985435
v -249.819489 0.000547 7.020679
v -249.819489 1.064549 7.020679
v -249.766113 0.000547 7.178337
v -249.770065 0.000547 7.143089
v -249.770065 1.064549 7.143089
v -249.766113 1.064549 7.178337
v -249.805313 0.000547 7.147041
v -249.805313 1.064549 7.147041
v -249.801361 0.000547 7.182289
v -249.801361 1.064549 7.182289
v -249.747986 0.000547 7.339943
v -249.751938 0.000547 7.304699
v -249.751938 1.064549 7.304699
v -249.747986 1.064549 7.339943
v -249.787186 0.000547 7.308651
v -249.787186 1.064549 7.308651
v -249.783234 0.000547 7.343895
v -249.783234 1.064549 7.343895
v -249.729858 0.000547 7.501556
v -249.733810 0.000547 7.466309
v -249.733810 1.064549 7.466309
v -249.729858 1.064549 7.501556
v -249.769058 0.000547 7.470261
v -249.769058 1.064549 7.470261
v -249.765106 0.000547 7.505508
v -249.765106 1.064549 7.505508
v -249.711731 0.000547 7.663162
v -249.715683 0.000547 7.627918
v -249.715683 1.064549 7.627918
v -249.711731 1.064549 7.663162
v -249.750931 0.000547 7.631870
v -249.750931 1.064549 7.631870
v -249.746979 0.000547 7.667114
v -249.746979 1.064549 7.667114
v -249.693604 0.000547 7.824772
v -249.697556 0.000547 7.789528
v -249.697556 1.064549 7.789528
v -249.693604 1.064549 7.824772
v -249.732803 0.000547 7.793480
v -249.732803 1.064549 7.793480
v -249.728851 0.000547 7.828724
v -249.728851 1.064549 7.828724
v -249.675476 0.000547 7.986385
v -249.679428 0.000547 7.951138
v -249.679428 1.064549 7.951138
v -249.675476 1.064549 7.986385
v -249.714676 0.000547 7.955090
v -249.714676 1.064549 7.955090
v -249.710724 0.000547 7.990337
v -249.710724 1.064549 7.990337
v -249.657349 0.000547 8.147991
v -249.661301 0.000547 8.112747
v -249.661301 1.064549 8.112747
v -249.657349 1.064549 8.147991
v -249.696548 0.000547 8.116699
v -249.696548 1.064549 8.116699
v -249.692596 0.000547 8.151943
v -249.692596 1.064549 8.151943
v -249.639221 0.000547 8.309601
v -249.643173 0.000547 8.274357
v -249.643173 1.064549 8.274357
v -249.639221 1.064549 8.309601
v -249.678421 0.000547 8.278309
v -249.678421 1.064549 8.278309
v -249.674469 0.000547 8.313553
v -249.674469 1.064549 8.313553
v -249.621094 0.000547 8.471214
v -249.625046 0.000547 8.435966
v -249.625046 1.064549 8.435966
v -249.621094 1.064549 8.471214
v -249.660294 0.000547 8.439919
v -249.660294 1.064549 8.439919
v -249.656342 0.000547 8.475166
v -249.656342 1.064549 8.475166
v -249.602966 0.000547 8.632824
v -249.606918 0.000547 8.597576
v -249.606918 1.064549 8.597576
v -249.602966 1.064549 8.632824
v -249.642166 0.000547 8.601528
v -249.642166 1.064549 8.601528
v -249.638214 0.000547 8.636776
v -249.638214 1.064549 8.636776
v -249.584839 0.000547 8.794434
v -249.588791 0.000547 8.759182
v -249.588791 1.064549 8.759182
v -249.584839 1.064549 8.794434
v -249.624039 0.000547 8.763134
v -249.624039 1.064549 8.763134
v -249.620087 0.000547 8.798386
v -249.620087 1.064549 8.798386
v -249.566711 0.000547 8.956047
v -249.570663 0.000547 8.920795
v -249.570663 1.064549 8.920795
v -249.566711 1.064549 8.956047
v -249.605911 0.000547 8.924747
v -249.605911 1.064549 8.924747
v -249.601959 0.000547 8.959999
v -249.601959 1.064549 8.959999
v -249.828781 0.000545 9.225243
v -249.793533 0.000545 9.221287
v -249.793533 1.064547 9.221287
v -249.828781 1.064547 9.225243
v -249.797485 0.000547 9.186043
v -249.797485 1.064547 9.186043
v -249.832733 0.000547 9.189999
v -249.832733 1.064547 9.189999
v -249.990387 0.000545 9.243370
v -249.955139 0.000545 9.239414
v -249.955139 1.064547 9.239414
v -249.990387 1.064547 9.243370
v -249.959091 0.000547 9.204170
v -249.959091 1.064547 9.204170
v -249.994339 0.000545 9.208126
v -249.994339 1.064547 9.208126
v -250.151993 0.000545 9.261497
v -250.116760 0.000545 9.257542
v -250.116760 1.064547 9.257542
v -250.151993 1.064547 9.261497
v -250.120712 0.000545 9.222298
v -250.120712 1.064547 9.222298
v -250.155945 0.000545 9.226254
v -250.155945 1.064547 9.226254
v -250.313599 0.000545 9.279625
v -250.278366 0.000545 9.275669
v -250.278366 1.064547 9.275669
v -250.313599 1.064547 9.279625
v -250.282318 0.000545 9.240425
v -250.282318 1.064547 9.240425
v -250.317566 0.000545 9.244381
v -250.317566 1.064547 9.244381
v -250.475220 0.000545 9.297752
v -250.439972 0.000545 9.293797
v -250.439972 1.064547 9.293797
v -250.475220 1.064547 9.297752
v -250.443924 0.000545 9.258553
v -250.443924 1.064547 9.258553
v -250.479172 0.000545 9.262508
v -250.479172 1.064547 9.262508
v -250.636826 0.000545 9.315880
v -250.601578 0.000545 9.311924
v -250.601578 1.064547 9.311924
v -250.636826 1.064547 9.315880
v -250.605530 0.000545 9.276680
v -250.605530 1.064547 9.276680
v -250.640778 0.000545 9.280636
v -250.640778 1.064547 9.280636
v -250.798431 0.000545 9.334007
v -250.763184 0.000545 9.330051
v -250.763184 1.064548 9.330051
v -250.798431 1.064548 9.334007
v -250.767136 0.000545 9.294807
v -250.767136 1.064548 9.294807
v -250.802383 0.000545 9.298763
v -250.802383 1.064548 9.298763
v -250.960037 0.000545 9.352131
v -250.924805 0.000545 9.348179
v -250.924805 1.064548 9.348179
v -250.960037 1.064548 9.352131
v -250.928757 0.000545 9.312935
v -250.928757 1.064548 9.312935
v -250.963989 0.000545 9.316891
v -250.963989 1.064548 9.316891
v -251.121658 0.000545 9.370262
v -251.086411 0.000545 9.366306
v -251.086411 1.064548 9.366306
v -251.121658 1.064548 9.370262
v -251.090363 0.000545 9.331062
v -251.090363 1.064548 9.331062
v -251.125610 0.000545 9.335018
v -251.125610 1.064548 9.335018
v -251.283264 0.000546 9.388390
v -251.248016 0.000546 9.384434
v -251.248016 1.064548 9.384434
v -251.283264 1.064548 9.388390
v -251.251968 0.000546 9.349190
v -251.251968 1.064548 9.349190
v -251.287216 0.000546 9.353146
v -251.287216 1.064548 9.353146
v -251.444870 0.000546 9.406517
v -251.409637 0.000546 9.402561
v -251.409637 1.064548 9.402561
v -251.444870 1.064548 9.406517
v -251.413589 0.000546 9.367317
v -251.413589 1.064548 9.367317
v -251.448822 0.000546 9.371273
v -251.448822 1.064548 9.371273
v -251.606491 0.000546 9.424644
v -251.571243 0.000546 9.420689
v -251.571243 1.064548 9.420689
v -251.606491 1.064548 9.424644
v -251.575195 0.000546 9.385445
v -251.575195 1.064548 9.385445
v -251.610443 0.000546 9.389400
v -251.610443 1.064548 9.389400
v -251.772186 0.000546 9.443230
v -251.736938 0.000546 9.439274
v -251.736938 1.064548 9.439274
v -251.772186 1.064548 9.443230
v -251.740891 0.000546 9.404034
v -251.740891 1.064548 9.404034
v -251.776138 0.000546 9.407986
v -251.776138 1.064548 9.407986
v -251.933792 0.000546 9.461357
v -251.898544 0.000546 9.457401
v -251.898544 1.064548 9.457401
v -251.933792 1.064548 9.461357
v -251.902496 0.000546 9.422157
v -251.902496 1.064548 9.422157
v -251.937744 0.000546 9.426113
v -251.937744 1.064548 9.426113
v -252.095398 0.000546 9.479485
v -252.060165 0.000546 9.475529
v -252.060165 1.064548 9.475529
v -252.095398 1.064548 9.479485
v -252.064117 0.000546 9.440285
v -252.064117 1.064548 9.440285
v -252.099365 0.000546 9.444241
v -252.099365 1.064548 9.444241
v -252.700302 0.000546 9.547333
v -252.665054 0.000546 9.543381
v -252.665054 1.064548 9.543381
v -252.700302 1.064548 9.547333
v -252.669006 0.000546 9.508137
v -252.669006 1.064548 9.508137
v -252.704254 0.000546 9.512089
v -252.704254 1.064548 9.512089
v -252.861908 0.000546 9.565460
v -252.826660 0.000546 9.561508
v -252.826660 1.064548 9.561508
v -252.861908 1.064548 9.565460
v -252.830627 0.000546 9.526264
v -252.830612 1.064548 9.526264
v -252.865860 0.000546 9.530216
v -252.865860 1.064548 9.530216
v -253.023514 0.000546 9.583588
v -252.988281 0.000546 9.579636
v -252.988281 1.064548 9.579636
v -253.023514 1.064548 9.583588
v -252.992233 0.000546 9.544392
v -252.992233 1.064548 9.544392
v -253.027466 0.000546 9.548344
v -253.027466 1.064548 9.548344
v -253.185135 0.000546 9.601715
v -253.149887 0.000546 9.597763
v -253.149887 1.064548 9.597763
v -253.185135 1.064548 9.601715
v -253.153839 0.000546 9.562519
v -253.153839 1.064548 9.562519
v -253.189087 0.000546 9.566471
v -253.189087 1.064548 9.566471
v -253.346741 0.000546 9.619843
v -253.311493 0.000546 9.615891
v -253.311493 1.064548 9.615891
v -253.346741 1.064548 9.619843
v -253.315445 0.000546 9.580647
v -253.315445 1.064548 9.580647
v -253.350693 0.000546 9.584599
v -253.350693 1.064548 9.584599
v -253.508347 0.000546 9.637970
v -253.473099 0.000546 9.634018
v -253.473099 1.064548 9.634018
v -253.508347 1.064548 9.637970
v -253.477051 0.000546 9.598774
v -253.477051 1.064548 9.598774
v -253.512299 0.000546 9.602726
v -253.512299 1.064548 9.602726
v -253.669952 0.000546 9.656097
v -253.634705 0.000546 9.652145
v -253.634705 1.064548 9.652145
v -253.669952 1.064548 9.656097
v -253.638672 0.000546 9.616901
v -253.638672 1.064548 9.616901
v -253.673904 0.000546 9.620853
v -253.673904 1.064548 9.620853
v -253.831573 0.000546 9.674225
v -253.796326 0.000546 9.670273
v -253.796326 1.064548 9.670273
v -253.831573 1.064548 9.674225
v -253.800278 0.000546 9.635029
v -253.800278 1.064548 9.635029
v -253.835526 0.000546 9.638981
v -253.835526 1.064548 9.638981
v -253.988953 0.000546 9.691879
v -253.953720 0.000546 9.687927
v -253.953720 1.064548 9.687927
v -253.988953 1.064548 9.691879
v -253.957672 0.000546 9.652683
v -253.957672 1.064548 9.652683
v -253.992920 0.000546 9.656635
v -253.992920 1.064548 9.656635
v -254.150574 0.000546 9.710007
v -254.115326 0.000546 9.706055
v -254.115326 1.064548 9.706055
v -254.150574 1.064548 9.710007
v -254.119278 0.000546 9.670811
v -254.119278 1.064548 9.670811
v -254.154526 0.000546 9.674763
v -254.154526 1.064548 9.674763
v -254.312180 0.000546 9.728134
v -254.276932 0.000546 9.724182
v -254.276932 1.064548 9.724182
v -254.312180 1.064548 9.728134
v -254.280884 0.000546 9.688938
v -254.280884 1.064548 9.688938
v -254.316132 0.000546 9.692890
v -254.316132 1.064548 9.692890
v -254.473785 0.000546 9.746262
v -254.438553 0.000546 9.742310
v -254.438553 1.064548 9.742310
v -254.473785 1.064548 9.746262
v -254.442505 0.000546 9.707066
v -254.442505 1.064548 9.707066
v -254.477753 0.000546 9.711018
v -254.477753 1.064548 9.711018
v -254.635406 0.000546 9.764389
v -254.600159 0.000546 9.760437
v -254.600159 1.064548 9.760437
v -254.635406 1.064548 9.764389
v -254.604111 0.000546 9.725193
v -254.604111 1.064548 9.725193
v -254.639359 0.000546 9.729145
v -254.639359 1.064548 9.729145
v -254.797012 0.000546 9.782516
v -254.761765 0.000546 9.778564
v -254.761765 1.064548 9.778564
v -254.797012 1.064548 9.782516
v -254.765717 0.000546 9.743320
v -254.765717 1.064548 9.743320
v -254.800964 0.000546 9.747272
v -254.800964 1.064548 9.747272
v -254.958618 0.000546 9.800644
v -254.923370 0.000546 9.796692
v -254.923370 1.064548 9.796692
v -254.958618 1.064548 9.800644
v -254.927322 0.000546 9.761448
v -254.927322 1.064548 9.761448
v -254.962570 0.000546 9.765400
v -254.962570 1.064548 9.765400
v -255.120224 0.000546 9.818771
v -255.084991 0.000546 9.814819
v -255.084991 1.064548 9.814819
v -255.120224 1.064548 9.818771
v -255.088943 0.000546 9.779575
v -255.088943 1.064548 9.779575
v -255.124176 0.000546 9.783527
v -255.124176 1.064548 9.783527
v -258.537170 0.000547 10.202038
v -258.501923 0.000547 10.198086
v -258.501923 1.064549 10.198086
v -258.537170 1.064549 10.202038
v -258.505859 0.000547 10.162842
v -258.505859 1.064549 10.162842
v -258.541107 0.000547 10.166794
v -258.541107 1.064549 10.166794
v -258.698761 0.000547 10.220165
v -258.663513 0.000547 10.216213
v -258.663513 1.064549 10.216213
v -258.698761 1.064549 10.220165
v -258.667480 0.000547 10.180969
v -258.667480 1.064549 10.180969
v -258.702728 0.000547 10.184921
v -258.702728 1.064549 10.184921
v -258.860382 0.000547 10.238293
v -258.825134 0.000547 10.234341
v -258.825134 1.064549 10.234341
v -258.860382 1.064549 10.238293
v -258.829071 0.000547 10.199097
v -258.829071 1.064549 10.199097
v -258.864319 0.000547 10.203049
v -258.864319 1.064549 10.203049
v -259.021973 0.000547 10.256420
v -258.986725 0.000547 10.252468
v -258.986725 1.064549 10.252468
v -259.021973 1.064549 10.256420
v -258.990692 0.000547 10.217224
v -258.990692 1.064549 10.217224
v -259.025940 0.000547 10.221176
v -259.025940 1.064549 10.221176
v -259.183594 0.000547 10.274548
v -259.148346 0.000547 10.270596
v -259.148346 1.064549 10.270596
v -259.183594 1.064549 10.274548
v -259.152313 0.000547 10.235352
v -259.152313 1.064549 10.235352
v -259.187561 0.000547 10.239304
v -259.187561 1.064549 10.239304
v -259.345215 0.000547 10.292675
v -259.309967 0.000547 10.288723
v -259.309967 1.064549 10.288723
v -259.345215 1.064549 10.292675
v -259.313904 0.000547 10.253479
v -259.313904 1.064549 10.253479
v -259.349152 0.000547 10.257431
v -259.349152 1.064549 10.257431
v -259.506805 0.000547 10.310802
v -259.471558 0.000547 10.306850
v -259.471558 1.064549 10.306850
v -259.506805 1.064549 10.310802
v -259.475525 0.000547 10.271606
v -259.475525 1.064549 10.271606
v -259.510773 0.000547 10.275558
v -259.510773 1.064549 10.275558
v -259.668427 0.000547 10.328930
v -259.633179 0.000547 10.324978
v -259.633179 1.064549 10.324978
v -259.668427 1.064549 10.328930
v -259.637146 0.000547 10.289734
v -259.637146 1.064549 10.289734
v -259.672394 0.000547 10.293686
v -259.672394 1.064549 10.293686
v -259.830048 0.000547 10.347057
v -259.794800 0.000547 10.343105
v -259.794800 1.064549 10.343105
v -259.830048 1.064549 10.347057
v -259.798737 0.000547 10.307861
v -259.798737 1.064549 10.307861
v -259.833984 0.000547 10.311813
v -259.833984 1.064549 10.311813
v -259.991638 0.000547 10.365185
v -259.956390 0.000547 10.361233
v -259.956390 1.064549 10.361233
v -259.991638 1.064549 10.365185
v -259.960358 0.000547 10.325989
v -259.960358 1.064549 10.325989
v -259.995605 0.000547 10.329941
v -259.995605 1.064549 10.329941
v -260.605652 0.000547 10.434059
v -260.570404 0.000547 10.430103
v -260.570404 1.064549 10.430103
v -260.605652 1.064549 10.434059
v -260.574371 0.000547 10.394859
v -260.574371 1.064549 10.394859
v -260.609619 0.000547 10.398815
v -260.609619 1.064549 10.398815
v -260.767273 0.000547 10.452187
v -260.732025 0.000547 10.448231
v -260.732025 1.064549 10.448231
v -260.767273 1.064549 10.452187
v -260.735992 0.000547 10.412987
v -260.735962 1.064549 10.412987
v -260.771210 0.000547 10.416943
v -260.771210 1.064549 10.416943
v -260.928894 0.000547 10.470314
v -260.893646 0.000547 10.466358
v -260.893646 1.064549 10.466358
v -260.928894 1.064549 10.470314
v -260.897583 0.000547 10.431114
v -260.897583 1.064549 10.431114
v -260.932831 0.000547 10.435070
v -260.932831 1.064549 10.435070
v -261.090485 0.000547 10.488441
v -261.055237 0.000547 10.484486
v -261.055237 1.064549 10.484486
v -261.090485 1.064549 10.488441
v -261.059204 0.000547 10.449242
v -261.059204 1.064549 10.449242
v -261.094452 0.000547 10.453197
v -261.094452 1.064549 10.453197
v -261.252106 0.000547 10.506569
v -261.216858 0.000547 10.502613
v -261.216858 1.064549 10.502613
v -261.252106 1.064549 10.506569
v -261.220795 0.000547 10.467369
v -261.220795 1.064549 10.467369
v -261.256042 0.000547 10.471325
v -261.256042 1.064549 10.471325
v -261.413696 0.000547 10.524696
v -261.378448 0.000547 10.520741
v -261.378448 1.064549 10.520741
v -261.413696 1.064549 10.524696
v -261.382416 0.000547 10.485497
v -261.382416 1.064549 10.485497
v -261.417664 0.000547 10.489452
v -261.417664 1.064549 10.489452
v -261.575317 0.000547 10.542824
v -261.540070 0.000547 10.538868
v -261.540070 1.064549 10.538868
v -261.575317 1.064549 10.542824
v -261.544037 0.000547 10.503624
v -261.544037 1.064549 10.503624
v -261.579285 0.000547 10.507580
v -261.579285 1.064549 10.507580
v -261.736938 0.000547 10.560951
v -261.701691 0.000547 10.556995
v -261.701691 1.064549 10.556995
v -261.736938 1.064549 10.560951
v -261.705627 0.000547 10.521751
v -261.705627 1.064549 10.521751
v -261.740875 0.000547 10.525707
v -261.740875 1.064549 10.525707
v -261.898529 0.000547 10.579079
v -261.863281 0.000547 10.575123
v -261.863281 1.064549 10.575123
v -261.898529 1.064550 10.579079
v -261.867249 0.000547 10.539879
v -261.867249 1.064549 10.539879
v -261.902496 0.000547 10.543835
v -261.902496 1.064550 10.543835
v -262.060150 0.000547 10.597206
v -262.024902 0.000547 10.593250
v -262.024902 1.064550 10.593250
v -262.060150 1.064550 10.597206
v -262.028870 0.000547 10.558006
v -262.028870 1.064550 10.558006
v -262.064087 0.000547 10.561962
v -262.064087 1.064550 10.561962
v -249.669434 1.064547 9.153835
v -249.661530 1.064547 9.224323
v -255.250275 1.064548 9.851200
v -255.258179 1.064548 9.780712
v -262.198334 1.064550 10.630547
v -262.206238 1.064550 10.560059
v -258.388672 1.064549 10.131851
v -258.380768 1.064549 10.202339
v -249.661530 1.135482 9.224323
v -249.669434 1.135482 9.153835
v -255.258179 1.135482 9.780712
v -255.250275 1.135482 9.851200
v -262.206238 1.135483 10.560059
v -262.198334 1.135483 10.630547
v -258.380768 1.135483 10.202339
v -258.388672 1.135483 10.131851
v -263.486786 0.000552 0.355289
v -263.490753 0.000552 0.320042
v -263.490753 1.064554 0.320042
v -263.486786 1.064554 0.355289
v -263.526001 0.000552 0.323994
v -263.526001 1.064554 0.323994
v -263.522034 0.000552 0.359241
v -263.522034 1.064554 0.359241
v -263.468689 0.000552 0.516895
v -263.472626 0.000552 0.481651
v -263.472626 1.064554 0.481651
v -263.468689 1.064554 0.516895
v -263.507874 0.000552 0.485603
v -263.507874 1.064554 0.485603
v -263.503906 0.000552 0.520847
v -263.503906 1.064554 0.520847
v -263.450562 0.000552 0.678509
v -263.454498 0.000552 0.643261
v -263.454498 1.064554 0.643261
v -263.450562 1.064554 0.678509
v -263.489746 0.000552 0.647213
v -263.489746 1.064554 0.647213
v -263.485779 0.000552 0.682461
v -263.485779 1.064554 0.682461
v -263.432434 0.000552 0.840118
v -263.436371 0.000552 0.804871
v -263.436371 1.064554 0.804871
v -263.432434 1.064554 0.840118
v -263.471619 0.000552 0.808823
v -263.471619 1.064554 0.808823
v -263.467651 0.000552 0.844070
v -263.467651 1.064554 0.844070
v -263.414307 0.000552 1.001728
v -263.418243 0.000552 0.966484
v -263.418243 1.064554 0.966484
v -263.414307 1.064554 1.001728
v -263.453491 0.000552 0.970436
v -263.453491 1.064554 0.970436
v -263.449524 0.000552 1.005680
v -263.449524 1.064554 1.005680
v -263.396179 0.000552 1.163338
v -263.400116 0.000552 1.128094
v -263.400116 1.064554 1.128094
v -263.396179 1.064554 1.163338
v -263.435364 0.000552 1.132046
v -263.435364 1.064554 1.132046
v -263.431396 0.000552 1.167290
v -263.431396 1.064554 1.167290
v -263.378021 0.000552 1.324951
v -263.381989 0.000552 1.289703
v -263.381989 1.064554 1.289703
v -263.378021 1.064554 1.324951
v -263.417236 0.000552 1.293655
v -263.417236 1.064554 1.293655
v -263.413269 0.000552 1.328903
v -263.413269 1.064554 1.328903
v -263.359924 0.000552 1.486561
v -263.363861 0.000552 1.451317
v -263.363861 1.064554 1.451317
v -263.359924 1.064554 1.486561
v -263.399109 0.000552 1.455269
v -263.399109 1.064554 1.455269
v -263.395142 0.000552 1.490513
v -263.395142 1.064554 1.490513
v -263.341797 0.000552 1.648170
v -263.345734 0.000552 1.612923
v -263.345734 1.064554 1.612923
v -263.341797 1.064554 1.648170
v -263.380981 0.000552 1.616875
v -263.380981 1.064554 1.616875
v -263.377014 0.000552 1.652122
v -263.377014 1.064554 1.652122
v -263.323669 0.000552 1.809780
v -263.327606 0.000552 1.774536
v -263.327606 1.064554 1.774536
v -263.323669 1.064554 1.809780
v -263.362854 0.000552 1.778488
v -263.362854 1.064554 1.778488
v -263.358887 0.000552 1.813732
v -263.358887 1.064554 1.813732
v -263.305542 0.000552 1.971390
v -263.309479 0.000552 1.936142
v -263.309479 1.064554 1.936142
v -263.305542 1.064554 1.971390
v -263.344727 0.000552 1.940094
v -263.344727 1.064554 1.940094
v -263.340759 0.000552 1.975342
v -263.340759 1.064554 1.975342
v -263.287415 0.000552 2.132996
v -263.291351 0.000552 2.097752
v -263.291351 1.064554 2.097752
v -263.287415 1.064554 2.132996
v -263.326599 0.000552 2.101704
v -263.326599 1.064554 2.101704
v -263.322632 0.000552 2.136948
v -263.322632 1.064554 2.136948
v -263.268799 0.000552 2.298698
v -263.272766 0.000552 2.263454
v -263.272766 1.064554 2.263454
v -263.268799 1.064554 2.298698
v -263.308014 0.000552 2.267406
v -263.308014 1.064554 2.267406
v -263.304047 0.000552 2.302650
v -263.304047 1.064554 2.302650
v -263.250671 0.000552 2.460312
v -263.254639 0.000552 2.425064
v -263.254639 1.064554 2.425064
v -263.250671 1.064554 2.460312
v -263.289886 0.000552 2.429016
v -263.289886 1.064554 2.429016
v -263.285919 0.000552 2.464264
v -263.285919 1.064554 2.464264
v -263.232544 0.000552 2.621922
v -263.236511 0.000552 2.586678
v -263.236511 1.064553 2.586678
v -263.232544 1.064553 2.621922
v -263.271759 0.000552 2.590630
v -263.271759 1.064553 2.590630
v -263.267792 0.000552 2.625874
v -263.267792 1.064553 2.625874
v -262.622467 0.000550 8.060902
v -262.626434 0.000550 8.025654
v -262.626434 1.064552 8.025654
v -262.622467 1.064552 8.060902
v -262.661682 0.000550 8.029606
v -262.661682 1.064552 8.029606
v -262.657715 0.000550 8.064854
v -262.657715 1.064552 8.064854
v -262.604340 0.000550 8.222511
v -262.608307 0.000550 8.187267
v -262.608307 1.064552 8.187267
v -262.604340 1.064552 8.222511
v -262.643555 0.000550 8.191219
v -262.643555 1.064552 8.191219
v -262.639587 0.000550 8.226463
v -262.639587 1.064552 8.226463
v -262.586212 0.000550 8.384121
v -262.590179 0.000550 8.348877
v -262.590179 1.064552 8.348877
v -262.586212 1.064552 8.384121
v -262.625427 0.000550 8.352829
v -262.625427 1.064552 8.352829
v -262.621460 0.000550 8.388073
v -262.621460 1.064552 8.388073
v -262.568085 0.000550 8.545731
v -262.572052 0.000550 8.510483
v -262.572052 1.064552 8.510483
v -262.568085 1.064552 8.545731
v -262.607300 0.000550 8.514435
v -262.607300 1.064552 8.514435
v -262.603333 0.000550 8.549683
v -262.603333 1.064552 8.549683
v -262.549957 0.000550 8.707336
v -262.553925 0.000550 8.672092
v -262.553925 1.064552 8.672092
v -262.549957 1.064552 8.707336
v -262.589172 0.000550 8.676044
v -262.589172 1.064552 8.676044
v -262.585205 0.000550 8.711288
v -262.585205 1.064552 8.711288
v -262.532837 0.000550 8.860008
v -262.536804 0.000550 8.824760
v -262.536804 1.064552 8.824760
v -262.532837 1.064552 8.860008
v -262.572052 0.000550 8.828712
v -262.572052 1.064552 8.828712
v -262.568085 0.000550 8.863960
v -262.568085 1.064552 8.863960
v -262.514709 0.000550 9.021622
v -262.518677 0.000550 8.986374
v -262.518677 1.064552 8.986370
v -262.514709 1.064552 9.021618
v -262.553925 0.000550 8.990326
v -262.553925 1.064552 8.990322
v -262.549957 0.000550 9.025574
v -262.549957 1.064552 9.025570
v -262.496582 0.000550 9.183228
v -262.500549 0.000550 9.147984
v -262.500549 1.064550 9.147984
v -262.496582 1.064550 9.183228
v -262.535797 0.000550 9.151936
v -262.535797 1.064550 9.151936
v -262.531830 0.000550 9.187180
v -262.531830 1.064550 9.187180
v -262.478455 0.000548 9.344841
v -262.482422 0.000548 9.309597
v -262.482422 1.064550 9.309597
v -262.478455 1.064550 9.344841
v -262.517670 0.000548 9.313549
v -262.517670 1.064550 9.313549
v -262.513702 0.000548 9.348793
v -262.513702 1.064550 9.348793
v -262.460327 0.000548 9.506451
v -262.464294 0.000548 9.471207
v -262.464294 1.064550 9.471207
v -262.460327 1.064550 9.506451
v -262.499542 0.000548 9.475159
v -262.499542 1.064550 9.475159
v -262.495575 0.000548 9.510403
v -262.495575 1.064550 9.510403
v -262.442200 0.000548 9.668064
v -262.446167 0.000548 9.632812
v -262.446167 1.064550 9.632812
v -262.442200 1.064550 9.668064
v -262.481415 0.000548 9.636765
v -262.481415 1.064550 9.636765
v -262.477448 0.000548 9.672016
v -262.477448 1.064550 9.672016
v -262.424072 0.000548 9.829670
v -262.428040 0.000548 9.794426
v -262.428040 1.064550 9.794426
v -262.424072 1.064550 9.829670
v -262.463287 0.000548 9.798378
v -262.463287 1.064550 9.798378
v -262.459320 0.000548 9.833622
v -262.459320 1.064550 9.833622
v -262.405945 0.000548 9.991276
v -262.409912 0.000548 9.956032
v -262.409912 1.064550 9.956032
v -262.405945 1.064550 9.991276
v -262.445160 0.000548 9.959984
v -262.445160 1.064550 9.959984
v -262.441193 0.000548 9.995228
v -262.441193 1.064550 9.995228
v -262.387817 0.000548 10.152889
v -262.391785 0.000548 10.117645
v -262.391785 1.064550 10.117645
v -262.387817 1.064550 10.152889
v -262.427032 0.000548 10.121597
v -262.427032 1.064550 10.121597
v -262.423065 0.000548 10.156841
v -262.423065 1.064550 10.156841
v -262.369690 0.000548 10.314499
v -262.373657 0.000548 10.279251
v -262.373657 1.064550 10.279251
v -262.369690 1.064550 10.314499
v -262.408905 0.000548 10.283203
v -262.408905 1.064550 10.283203
v -262.404938 0.000548 10.318451
v -262.404938 1.064550 10.318451
v -263.558197 1.064554 0.195953
v -263.487701 1.064554 0.188049
v -263.138794 1.064552 3.298866
v -263.209259 1.064552 3.306770
v -262.336365 1.064550 10.452690
v -262.406860 1.064550 10.460594
v -262.692963 1.064552 7.909908
v -262.622467 1.064552 7.902004
v -263.487701 1.135487 0.188049
v -263.558197 1.135487 0.195953
v -263.209259 1.135485 3.306770
v -263.138794 1.135485 3.298866
v -262.406860 1.135483 10.460594
v -262.336365 1.135483 10.452690
v -262.622467 1.135485 7.902004
v -262.692963 1.135485 7.909908
v -263.211792 0.000552 2.806931
v -263.215759 0.000552 2.771687
v -263.215759 1.064553 2.771687
v -263.211792 1.064553 2.806931
v -263.251007 0.000552 2.775639
v -263.251007 1.064553 2.775639
v -263.247040 0.000552 2.810883
v -263.247040 1.064553 2.810883
v -263.193665 0.000552 2.968544
v -263.197632 0.000552 2.933296
v -263.197632 1.064553 2.933296
v -263.193665 1.064553 2.968544
v -263.232880 0.000552 2.937248
v -263.232880 1.064553 2.937248
v -263.228912 0.000552 2.972496
v -263.228912 1.064553 2.972496
v -263.175537 0.000550 3.130154
v -263.179504 0.000550 3.094906
v -263.179504 1.064553 3.094906
v -263.175537 1.064553 3.130154
v -263.214752 0.000550 3.098858
v -263.214752 1.064553 3.098858
v -263.210785 0.000550 3.134106
v -263.210785 1.064553 3.134106
v -263.225983 0.000551 -0.021294
v -263.261230 0.000551 -0.017338
v -263.261230 1.064554 -0.017338
v -263.225983 1.064554 -0.021294
v -263.257263 0.000551 0.017910
v -263.257263 1.064554 0.017910
v -263.222015 0.000551 0.013954
v -263.222015 1.064554 0.013954
v -263.064362 0.000551 -0.039421
v -263.099609 0.000551 -0.035465
v -263.099609 1.064554 -0.035465
v -263.064362 1.064553 -0.039421
v -263.095673 0.000551 -0.000217
v -263.095673 1.064554 -0.000217
v -263.060425 0.000551 -0.004173
v -263.060425 1.064553 -0.004173
v -262.902771 0.000551 -0.057549
v -262.938019 0.000551 -0.053593
v -262.938019 1.064553 -0.053593
v -262.902771 1.064553 -0.057549
v -262.934052 0.000551 -0.018345
v -262.934052 1.064553 -0.018345
v -262.898804 0.000551 -0.022301
v -262.898804 1.064553 -0.022301
v -262.741150 0.000551 -0.075672
v -262.776398 0.000551 -0.071720
v -262.776398 1.064553 -0.071720
v -262.741150 1.064553 -0.075672
v -262.772430 0.000551 -0.036472
v -262.772430 1.064553 -0.036472
v -262.737213 0.000551 -0.040424
v -262.737213 1.064553 -0.040424
v -262.579529 0.000551 -0.093803
v -262.614777 0.000551 -0.089848
v -262.614777 1.064553 -0.089848
v -262.579529 1.064553 -0.093803
v -262.610840 0.000551 -0.054600
v -262.610840 1.064553 -0.054600
v -262.575592 0.000551 -0.058556
v -262.575592 1.064553 -0.058556
v -262.417938 0.000551 -0.111931
v -262.453186 0.000551 -0.107975
v -262.453186 1.064553 -0.107975
v -262.417938 1.064553 -0.111931
v -262.449219 0.000551 -0.072727
v -262.449219 1.064553 -0.072727
v -262.413971 0.000551 -0.076683
v -262.413971 1.064553 -0.076683
v -262.256317 0.000551 -0.130058
v -262.291565 0.000551 -0.126102
v -262.291565 1.064553 -0.126102
v -262.256317 1.064553 -0.130058
v -262.287598 0.000551 -0.090855
v -262.287598 1.064553 -0.090855
v -262.252380 0.000551 -0.094810
v -262.252380 1.064553 -0.094810
v -262.094727 0.000551 -0.148182
v -262.129944 0.000551 -0.144230
v -262.129944 1.064553 -0.144230
v -262.094727 1.064553 -0.148182
v -262.126007 0.000551 -0.108982
v -262.126007 1.064553 -0.108982
v -262.090759 0.000551 -0.112934
v -262.090759 1.064553 -0.112934
v -261.933105 0.000551 -0.166309
v -261.968353 0.000551 -0.162357
v -261.968353 1.064553 -0.162357
v -261.933105 1.064553 -0.166309
v -261.964386 0.000551 -0.127110
v -261.964386 1.064553 -0.127110
v -261.929138 0.000551 -0.131062
v -261.929138 1.064553 -0.131062
v -261.771484 0.000551 -0.184441
v -261.806732 0.000551 -0.180485
v -261.806732 1.064553 -0.180485
v -261.771484 1.064553 -0.184441
v -261.802795 0.000551 -0.145237
v -261.802795 1.064553 -0.145237
v -261.767548 0.000551 -0.149193
v -261.767548 1.064553 -0.149193
v -261.609894 0.000551 -0.202564
v -261.645142 0.000551 -0.198612
v -261.645142 1.064553 -0.198612
v -261.609894 1.064553 -0.202564
v -261.641174 0.000551 -0.163364
v -261.641174 1.064553 -0.163364
v -261.605927 0.000551 -0.167316
v -261.605927 1.064553 -0.167316
v -261.448273 0.000551 -0.220692
v -261.483521 0.000551 -0.216740
v -261.483521 1.064553 -0.216740
v -261.448273 1.064553 -0.220692
v -261.479553 0.000551 -0.181492
v -261.479553 1.064553 -0.181492
v -261.444305 0.000551 -0.185444
v -261.444305 1.064553 -0.185444
v -263.385315 1.064554 0.050117
v -263.393219 1.064554 -0.020374
v -261.371948 1.064553 -0.247097
v -261.364014 1.064553 -0.176605
v -263.393219 1.135487 -0.020374
v -263.385315 1.135487 0.050117
v -261.364014 1.135487 -0.176605
v -261.371918 1.135487 -0.247097
v -249.522552 -0.425054 3.836182
v -249.764267 -0.425052 1.681255
v -249.764267 -0.212251 1.681255
v -249.522552 -0.212253 3.836182
v -249.099609 -0.637853 3.788742
v -249.341324 -0.637851 1.633816
v -249.341324 -0.425052 1.633816
v -249.099609 -0.425054 3.788742
v -250.187225 -0.212251 1.728699
v -249.945511 -0.212253 3.883625
v -249.945511 -0.637853 3.883625
v -257.953827 -0.425054 10.754490
v -255.544937 -0.425054 10.484295
v -255.544937 -0.212254 10.484295
v -257.953827 -0.212253 10.754490
v -257.906372 -0.637854 11.177441
v -255.497498 -0.637854 10.907246
v -255.497498 -0.425054 10.907246
v -257.906372 -0.425054 11.177441
v -255.592377 -0.212254 10.061344
v -258.001251 -0.212253 10.331539
v -258.001251 -0.637854 10.331539
v -255.592377 -0.637854 10.061344
v -263.765869 -0.425051 3.734539
v -263.330505 -0.425051 7.615837
v -263.330505 -0.212250 7.615837
v -263.765869 -0.212250 3.734539
v -264.188812 -0.637851 3.781971
v -263.753448 -0.637851 7.663277
v -263.753448 -0.425051 7.663277
v -264.188812 -0.425051 3.781971
v -262.907562 -0.212250 7.568394
v -263.342926 -0.212250 3.687096
v -263.342926 -0.637851 3.687096
v -262.907562 -0.637851 7.568394
v -254.145462 6.732577 -1.780855
v -254.145462 6.957127 -1.780855
v -254.135574 6.957127 -1.692743
v -254.135574 6.791020 -1.692743
v -254.230850 6.732577 -1.771280
v -254.230850 6.957127 -1.771280
v -254.220963 6.791020 -1.683168
v -254.220963 6.957127 -1.683168
v -254.096054 6.542388 -1.340341
v -254.086166 6.600829 -1.252230
v -254.181442 6.542388 -1.330767
v -254.171555 6.600829 -1.242655
v -254.096054 -0.278956 -1.340343
v -254.086166 -0.278956 -1.252232
v -254.181442 -0.278956 -1.330769
v -254.171555 -0.278956 -1.242657
v -261.074890 6.732578 -1.003599
v -261.074890 6.957125 -1.003599
v -261.065002 6.957125 -0.915487
v -261.065002 6.791020 -0.915487
v -261.164276 6.732578 -0.993574
v -261.164276 6.957125 -0.993574
v -261.154388 6.791020 -0.905462
v -261.154388 6.957125 -0.905462
v -261.025482 6.542388 -0.563085
v -261.015594 6.600830 -0.474974
v -261.114868 6.542388 -0.553060
v -261.104980 6.600830 -0.464949
v -261.025482 -0.278955 -0.563087
v -261.015594 -0.278955 -0.474976
v -261.114868 -0.278955 -0.553062
v -261.104980 -0.278955 -0.464951
v -252.309250 6.732577 -0.980181
v -252.309250 6.957124 -0.980181
v -252.397369 6.957124 -0.970297
v -252.397369 6.791019 -0.970297
v -252.320221 6.732577 -1.077909
v -252.320221 6.957124 -1.077909
v -252.408325 6.791019 -1.068025
v -252.408325 6.957124 -1.068025
v -252.749756 6.542387 -0.930769
v -252.837875 6.600828 -0.920885
v -252.760727 6.542387 -1.028498
v -252.848846 6.600828 -1.018614
v -252.749756 3.403604 -0.930773
v -252.837875 3.403604 -0.920889
v -252.760727 3.403604 -1.028498
v -252.848846 3.403604 -1.018614
v -251.453110 6.732575 6.652563
v -251.453110 6.957122 6.652563
v -251.541214 6.957122 6.662447
v -251.541214 6.791017 6.662447
v -251.463303 6.732575 6.561678
v -251.463303 6.957122 6.561678
v -251.551422 6.791017 6.571562
v -251.551422 6.957122 6.571562
v -251.893616 6.542385 6.701975
v -251.981735 6.600826 6.711859
v -251.903809 6.542385 6.611090
v -251.991928 6.600826 6.620974
v -251.893616 3.403602 6.701973
v -251.981735 3.403602 6.711857
v -251.903809 3.403602 6.611088
v -251.991928 3.403602 6.620974
v -252.184540 6.732574 7.697683
v -252.184540 6.957121 7.697683
v -252.194427 6.957121 7.609568
v -252.194427 6.791017 7.609568
v -252.097137 6.732574 7.687876
v -252.097137 6.957121 7.687876
v -252.107010 6.791017 7.599760
v -252.107010 6.957121 7.599760
v -252.233948 6.542385 7.257174
v -252.243835 6.600826 7.169058
v -252.146545 6.542385 7.247366
v -252.156433 6.600826 7.159250
v -252.233948 3.403602 7.257174
v -252.243835 3.403602 7.169056
v -252.146545 3.403602 7.247365
v -252.156433 3.403602 7.159248
v -260.159027 6.732574 8.592161
v -260.159027 6.957123 8.592161
v -260.168915 6.957123 8.504045
v -260.168915 6.791017 8.504045
v -260.069733 6.732574 8.582144
v -260.069733 6.957123 8.582144
v -260.079620 6.791017 8.494028
v -260.079620 6.957123 8.494028
v -260.208466 6.542386 8.151651
v -260.218323 6.600828 8.063536
v -260.119141 6.542386 8.141634
v -260.129028 6.600828 8.053518
v -260.208466 3.403603 8.151651
v -260.218323 3.403603 8.063536
v -260.119141 3.403603 8.141634
v -260.129028 3.403603 8.053518
v -249.245575 -0.557359 9.170052
v -249.245575 3.075721 9.170053
v -249.333694 3.075721 9.179937
v -249.333694 -0.557359 9.179935
v -249.256424 -0.557359 9.073391
v -249.256424 3.075721 9.073393
v -249.344543 -0.557359 9.083267
v -249.344543 3.075721 9.083277
v -261.902405 6.732578 -0.003096
v -261.902405 6.957125 -0.003096
v -261.814301 6.957125 -0.012979
v -261.814301 6.791020 -0.012979
v -261.892303 6.732578 0.087019
v -261.892303 6.957125 0.087019
v -261.804199 6.791020 0.077135
v -261.804199 6.957125 0.077135
v -261.461914 6.542388 -0.052507
v -261.373779 6.600830 -0.062391
v -261.451782 6.542388 0.037607
v -261.363678 6.600830 0.027723
v -261.461914 3.403605 -0.052507
v -261.373779 3.403605 -0.062391
v -261.451782 3.403605 0.037607
v -261.363678 3.403605 0.027723
v -261.045868 6.732574 7.633291
v -261.045868 6.957123 7.633291
v -260.957733 6.957123 7.623407
v -260.957733 6.791017 7.623407
v -261.034119 6.732574 7.737837
v -261.034119 6.957123 7.737837
v -260.946014 6.791017 7.727953
v -260.946014 6.957123 7.727953
v -260.605347 6.542386 7.583880
v -260.517242 6.600828 7.573996
v -260.593628 6.542386 7.688425
v -260.505493 6.600828 7.678541
v -260.605347 3.403603 7.583879
v -260.517242 3.403603 7.573996
v -260.593628 3.403603 7.688427
v -260.505493 3.403603 7.678545
v -249.484940 -0.557360 9.458935
v -249.484940 3.075721 9.458937
v -249.573044 3.075721 9.468821
v -249.573044 -0.557360 9.468819
v -249.495773 -0.557360 9.362267
v -249.495773 3.075721 9.362267
v -249.583893 -0.557360 9.372150
v -249.583893 3.075721 9.372152
v -262.289764 -0.557358 10.895222
v -262.289764 3.075722 10.895224
v -262.377869 3.075722 10.905107
v -262.377869 -0.557358 10.905106
v -262.300598 -0.557358 10.798553
v -262.300598 3.075722 10.798555
v -262.388733 -0.557358 10.808437
v -262.388733 3.075722 10.808439
v -262.562988 -0.557358 10.686531
v -262.562988 3.075722 10.686533
v -262.651123 3.075722 10.696417
v -262.651123 -0.557358 10.696415
v -262.573853 -0.557358 10.589863
v -262.573853 3.075722 10.589865
v -262.661957 -0.557358 10.599747
v -262.661957 3.075722 10.599749
v -263.750732 -0.557354 0.097496
v -263.750732 3.075726 0.097498
v -263.838867 3.075726 0.107382
v -263.838867 -0.557354 0.107380
v -263.761597 -0.557354 0.000828
v -263.761597 3.075726 0.000830
v -263.849701 -0.557354 0.010712
v -263.849701 3.075726 0.010714
v -250.080246 2.832592 -2.363403
v -250.080246 3.057142 -2.363403
v -250.070358 3.057142 -2.275288
v -250.070358 2.891032 -2.275288
v -250.165634 2.832592 -2.353825
v -250.165634 3.057142 -2.353825
v -250.155746 2.891032 -2.265707
v -250.155746 3.057142 -2.265707
v -250.016815 2.642401 -1.797904
v -250.006927 2.700840 -1.709792
v -250.102203 2.642401 -1.788326
v -250.092316 2.700840 -1.700214
v -250.016815 -0.278956 -1.797905
v -250.006927 -0.278956 -1.709793
v -250.102203 -0.278956 -1.788326
v -250.092316 -0.278956 -1.700214
vt 0.000000 0.000000
vt 0.000000 0.000000
vt 0.000000 0.000000
vt 0.000000 0.000000
vt 0.000000 0.000000
vt 0.000000 0.000000
vt 0.000000 0.000000
vt 0.000000 0.000000
vt 0.000000 0.000000
vt 0.000000 0.000000
vt 0.000000 0.000000
vt 0.000000 0.000000
vt 0.000000 0.000000
vt 0.000000 0.000000
vt 0.000000 0.000000
vt 0.000000 0.000000
vt 0.000000 0.000000
vt 0.000000 0.000000
vt 0.000000 0.000000
vt 0.000000 0.000000
vt 0.000000 0.000000
vt 0.000000 0.000000
vt 0.000000 0.000000
vt 0.000000 0.000000
vt 0.000000 0.000000
vt 0.000000 0.000000
vt 0.000000 0.000000
vt 0.000000 0.000000
vt 0.000000 0.000000
vt 0.000000 0.000000
vt 0.000000 0.000000
vt 0.000000 0.000000
vt 0.000000 0.000000
vt 0.000000 0.000000
vt 0.000000 0.000000
vt 0.000000 0.000000
vt 0.000000 0.000000
vt 0.000000 0.000000
vt 0.000000 0.000000
vt 0.000000 0.000000
vt 0.000000 0.000000
vt 0.000000 0.000000
vt 0.000000 0.000000
vt 0.000000 0.000000
vt 0.000000 0.000000
vt 0.000000 0.000000
vt 0.000000 0.000000
vt 0.000000 0.000000
vt 0.000000 0.000000
vt 0.000000 0.000000
vt 0.000000 0.000000
vt 0.000000 0.000000
vt 0.000000 0.000000
vt 0.000000 0.000000
vt 0.000000 0.000000
vt 0.000000 0.000000
vt 0.000000 0.000000
vt 0.000000 0.000000
vt 0.000000 0.000000
vt 0.000000 0.000000
vt 0.000000 0.000000
vt 0.000000 0.000000
vt 0.000000 0.000000
vt 0.000000 0.000000
vt 0.000000 0.000000
vt 0.000000 0.000000
vt 0.000000 0.000000
vt 0.000000 0.000000
vt 0.000000 0.000000
vt 0.000000 0.000000
vt 0.000000 0.000000
vt 0.000000 0.000000
vt 0.000000 0.000000
vt 0.000000 0.000000
vt 0.000000 0.000000
vt 0.000000 0.000000
vt 0.000000 0.000000
vt 0.000000 0.000000
vt 0.000000 0.000000
vt 0.000000 0.000000
vt 0.000000 0.000000
vt 0.000000 0.000000
vt 0.000000 0.000000
vt 0.000000 0.000000
vt 0.000000 0.000000
vt 0.000000 0.000000
vt 0.000000 0.000000
vt 0.000000 0.000000
vt 0.000000 0.000000
vt 0.000000 0.000000
vt 0.000000 0.000000
vt 0.000000 0.000000
vt 0.000000 0.000000
vt 0.000000 0.000000
vt 0.000000 0.000000
vt 0.000000 0.000000
vt 0.000000 0.000000
vt 0.000000 0.000000
vt 0.000000 0.000000
vt 0.000000 0.000000
vt 0.000000 0.000000
vt 0.000000 0.000000
vt 0.000000 0.000000
vt 0.000000 0.000000
vt 0.000000 0.000000
vt 0.000000 0.000000
vt 0.000000 0.000000
vt 0.000000 0.000000
vt 0.000000 0.000000
vt 0.000000 0.000000
vt 0.000000 0.000000
vt 0.000000 0.000000
vt 0.000000 0.000000
vt 0.000000 0.000000
vt 0.000000 0.000000
vt 0.000000 0.000000
vt 0.000000 0.000000
vt 0.000000 0.000000
vt 0.000000 0.000000
vt 0.000000 0.000000
vt 0.000000 0.000000
vt 0.000000 0.000000
vt 0.000000 0.000000
vt 0.000000 0.000000
vt 0.000000 0.000000
vt 0.000000 0.000000
vt 0.000000 0.000000
vt 0.000000 0.000000
vt 0.000000 0.000000
vt 0.000000 0.000000
vt 0.000000 0.000000
vt 0.000000 0.000000
vt 0.000000 0.000000
vt 0.000000 0.000000
vt 0.000000 0.000000
vt 0.000000 0.000000
vt 0.000000 0.000000
vt 0.000000 0.000000
vt 0.000000 0.000000
vt 0.000000 0.000000
vt 0.000000 0.000000
vt 0.000000 0.000000
vt 0.000000 0.000000
vt 0.000000 0.000000
vt 0.000000 0.000000
vt 0.000000 0.000000
vt 0.000000 0.000000
vt 0.000000 0.000000
vt 0.000000 0.000000
vt 0.000000 0.000000
vt 0.000000 0.000000
vt 0.000000 0.000000
vt 0.000000 0.000000
vt 0.000000 0.000000
vt 0.000000 0.000000
vt 0.000000 0.000000
vt 0.000000 0.000000
vt 0.000000 0.000000
vt 0.000000 0.000000
vt 0.000000 0.000000
vt 0.000000 0.000000
vt 0.000000 0.000000
vt 0.000000 0.000000
vt 0.000000 0.000000
vt 0.000000 0.000000
vt 0.000000 0.000000
vt 0.000000 0.000000
vt 0.000000 0.000000
vt 0.000000 0.000000
vt 0.000000 0.000000
vt 0.000000 0.000000
vt 0.000000 0.000000
vt 0.000000 0.000000
vt 0.000000 0.000000
vt 0.000000 0.000000
vt 0.000000 0.000000
vt 0.000000 0.000000
vt 0.000000 0.000000
vt 0.000000 0.000000
vt 0.000000 0.000000
vt 0.000000 0.000000
vt 0.000000 0.000000
vt 0.000000 0.000000
vt 0.000000 0.000000
vt 0.000000 0.000000
vt 0.000000 0.000000
vt 0.000000 0.000000
vt 0.000000 0.000000
vt 0.000000 0.000000
vt 0.000000 0.000000
vt 0.000000 0.000000
vt 0.000000 0.000000
vt 0.000000 0.000000
vt 0.000000 0.000000
vt 0.000000 0.000000
vt 0.000000 0.000000
vt 0.000000 0.000000
vt 0.000000 0.000000
vt 0.000000 0.000000
vt 0.000000 0.000000
vt 0.000000 0.000000
vt 0.000000 0.000000
vt 0.000000 0.000000
vt 0.000000 0.000000
vt 0.000000 0.000000
vt 0.000000 0.000000
vt 0.000000 0.000000
vt 0.000000 0.000000
vt 0.000000 0.000000
vt 0.000000 0.000000
vt 0.000000 0.000000
vt 0.000000 0.000000
vt 0.000000 0.000000
vt 0.000000 0.000000
vt 0.000000 0.000000
vt 0.000000 0.000000
vt 0.000000 0.000000
vt 0.000000 0.000000
vt 0.000000 0.000000
vt 0.000000 0.000000
vt 0.000000 0.000000
vt 0.000000 0.000000
vt 0.000000 0.000000
vt 0.000000 0.000000
vt 0.000000 0.000000
vt 0.000000 0.000000
vt 0.000000 0.000000
vt 0.000000 0.000000
vt 0.000000 0.000000
vt 0.000000 0.000000
vt 0.000000 0.000000
vt 0.000000 0.000000
vt 0.000000 0.000000
vt 0.000000 0.000000
vt 0.000000 0.000000
vt 0.000000 0.000000
vt 0.000000 0.000000
vt 0.000000 0.000000
vt 0.000000 0.000000
vt 0.000000 0.000000
vt 0.000000 0.000000
vt 0.000000 0.000000
vt 0.000000 0.000000
vt 0.000000 0.000000
vt 0.000000 0.000000
vt 0.000000 0.000000
vt 0.000000 0.000000
vt 0.000000 0.000000
vt 0.000000 0.000000
vt 0.000000 0.000000
vt 0.000000 0.000000
vt 0.000000 0.000000
vt 0.000000 0.000000
vt 0.000000 0.000000
vt 0.000000 0.000000
vt 0.000000 0.000000
vt 0.000000 0.000000
vt 0.000000 0.000000
vt 0.000000 0.000000
vt 0.000000 0.000000
vt 0.000000 0.000000
vt 0.000000 0.000000
vt 0.000000 0.000000
vt 0.000000 0.000000
vt 0.000000 0.000000
vt 0.000000 0.000000
vt 0.000000 0.000000
vt 0.000000 0.000000
vt 0.000000 0.000000
vt 0.000000 0.000000
vt 0.000000 0.000000
vt 0.000000 0.000000
vt 0.000000 0.000000
vt 0.000000 0.000000
vt 0.000000 0.000000
vt 0.000000 0.000000
vt 0.000000 0.000000
vt 0.000000 0.000000
vt 0.000000 0.000000
vt 0.000000 0.000000
vt 0.000000 0.000000
vt 0.000000 0.000000
vt 0.000000 0.000000
vt 0.000000 0.000000
vt 0.000000 0.000000
vt 0.000000 0.000000
vt 0.000000 0.000000
vt 0.000000 0.000000
vt 0.000000 0.000000
vt 0.000000 0.000000
vt 0.000000 0.000000
vt 0.000000 0.000000
vt 0.000000 0.000000
vt 0.000000 0.000000
vt 0.000000 0.000000
vt 0.000000 0.000000
vt 0.000000 0.000000
vt 0.000000 0.000000
vt 0.000000 0.000000
vt 0.000000 0.000000
vt 0.000000 0.000000
vt 0.000000 0.000000
vt 0.000000 0.000000
vt 0.000000 0.000000
vt 0.000000 0.000000
vt 0.000000 0.000000
vt 0.000000 0.000000
vt 0.000000 0.000000
vt 0.000000 0.000000
vt 0.000000 0.000000
vt 0.000000 0.000000
vt 0.000000 0.000000
vt 0.000000 0.000000
vt 0.000000 0.000000
vt 0.000000 0.000000
vt 0.000000 0.000000
vt 0.000000 0.000000
vt 0.000000 0.000000
vt 0.000000 0.000000
vt 0.000000 0.000000
vt 0.000000 0.000000
vt 0.000000 0.000000
vt 0.000000 0.000000
vt 0.000000 0.000000
vt 0.000000 0.000000
vt 0.000000 0.000000
vt 0.000000 0.000000
vt 0.000000 0.000000
vt 0.000000 0.000000
vt 0.000000 0.000000
vt 0.000000 0.000000
vt 0.000000 0.000000
vt 0.000000 0.000000
vt 0.000000 0.000000
vt 0.000000 0.000000
vt 0.000000 0.000000
vt 0.000000 0.000000
vt 0.000000 0.000000
vt 0.000000 0.000000
vt 0.000000 0.000000
vt 0.000000 0.000000
vt 0.000000 0.000000
vt 0.000000 0.000000
vt 0.000000 0.000000
vt 0.000000 0.000000
vt 0.000000 0.000000
vt 0.000000 0.000000
vt 0.000000 0.000000
vt 0.000000 0.000000
vt 0.000000 0.000000
vt 0.000000 0.000000
vt 0.000000 0.000000
vt 0.000000 0.000000
vt 0.000000 0.000000
vt 0.000000 0.000000
vt 0.000000 0.000000
vt 0.000000 0.000000
vt 0.000000 0.000000
vt 0.000000 0.000000
vt 0.000000 0.000000
vt 0.000000 0.000000
vt 0.000000 0.000000
vt 0.000000 0.000000
vt 0.000000 0.000000
vt 0.000000 0.000000
vt 0.000000 0.000000
vt 0.000000 0.000000
vt 0.000000 0.000000
vt 0.000000 0.000000
vt 0.000000 0.000000
vt 0.000000 0.000000
vt 0.000000 0.000000
vt 0.000000 0.000000
vt 0.000000 0.000000
vt 0.000000 0.000000
vt 0.000000 0.000000
vt 0.000000 0.000000
vt 0.000000 0.000000
vt 0.000000 0.000000
vt 0.000000 0.000000
vt 0.000000 0.000000
vt 0.000000 0.000000
vt 0.000000 0.000000
vt 0.000000 0.000000
vt 0.000000 0.000000
vt 0.000000 0.000000
vt 0.000000 0.000000
vt 0.000000 0.000000
vt 0.000000 0.000000
vt 0.000000 0.000000
vt 0.000000 0.000000
vt 0.000000 0.000000
vt 0.000000 0.000000
vt 0.000000 0.000000
vt 0.000000 0.000000
vt 0.000000 0.000000
vt 0.000000 0.000000
vt 0.000000 0.000000
vt 0.000000 0.000000
vt 0.000000 0.000000
vt 0.000000 0.000000
vt 0.000000 0.000000
vt 0.000000 0.000000
vt 0.000000 0.000000
vt 0.000000 0.000000
vt 0.000000 0.000000
vt 0.000000 0.000000
vt 0.000000 0.000000
vt 0.000000 0.000000
vt 0.000000 0.000000
vt 0.000000 0.000000
vt 0.000000 0.000000
vt 0.000000 0.000000
vt 0.000000 0.000000
vt 0.000000 0.000000
vt 0.000000 0.000000
vt 0.000000 0.000000
vt 0.000000 0.000000
vt 0.000000 0.000000
vt 0.000000 0.000000
vt 0.000000 0.000000
vt 0.000000 0.000000
vt 0.000000 0.000000
vt 0.000000 0.000000
vt 0.000000 0.000000
vt 0.000000 0.000000
vt 0.000000 0.000000
vt 0.000000 0.000000
vt 0.000000 0.000000
vt 0.000000 0.000000
vt 0.000000 0.000000
vt 0.000000 0.000000
vt 0.000000 0.000000
vt 0.000000 0.000000
vt 0.000000 0.000000
vt 0.000000 0.000000
vt 0.000000 0.000000
vt 0.000000 0.000000
vt 0.000000 0.000000
vt 0.000000 0.000000
vt 0.000000 0.000000
vt 0.000000 0.000000
vt 0.000000 0.000000
vt 0.000000 0.000000
vt 0.000000 0.000000
vt 0.000000 0.000000
vt 0.000000 0.000000
vt 0.000000 0.000000
vt 0.000000 0.000000
vt 0.000000 0.000000
vt 0.000000 0.000000
vt 0.000000 0.000000
vt 0.000000 0.000000
vt 0.000000 0.000000
vt 0.000000 0.000000
vt 0.000000 0.000000
vt 0.000000 0.000000
vt 0.000000 0.000000
vt 0.000000 0.000000
vt 0.000000 0.000000
vt 0.000000 0.000000
vt 0.000000 0.000000
vt 0.000000 0.000000
vt 0.000000 0.000000
vt 0.000000 0.000000
vt 0.000000 0.000000
vt 0.000000 0.000000
vt 0.000000 0.000000
vt 0.000000 0.000000
vt 0.000000 0.000000
vt 0.000000 0.000000
vt 0.000000 0.000000
vt 0.000000 0.000000
vt 0.000000 0.000000
vt 0.000000 0.000000
vt 0.000000 0.000000
vt 0.000000 0.000000
vt 0.000000 0.000000
vt 0.000000 0.000000
vt 0.000000 0.000000
vt 0.000000 0.000000
vt 0.000000 0.000000
vt 0.000000 0.000000
vt 0.000000 0.000000
vt 0.000000 0.000000
vt 0.000000 0.000000
vt 0.000000 0.000000
vt 0.000000 0.000000
vt 0.000000 0.000000
vt 0.000000 0.000000
vt 0.000000 0.000000
vt 0.000000 0.000000
vt 0.000000 0.000000
vt 0.000000 0.000000
vt 0.000000 0.000000
vt 0.000000 0.000000
vt 0.000000 0.000000
vt 0.000000 0.000000
vt 0.000000 0.000000
vt 0.000000 0.000000
vt 0.000000 0.000000
vt 0.000000 0.000000
vt 0.000000 0.000000
vt 0.000000 0.000000
vt 0.000000 0.000000
vt 0.000000 0.000000
vt 0.000000 0.000000
vt 0.000000 0.000000
vt 0.000000 0.000000
vt 0.000000 0.000000
vt 0.000000 0.000000
vt 0.000000 0.000000
vt 0.000000 0.000000
vt 0.000000 0.000000
vt 0.000000 0.000000
vt 0.000000 0.000000
vt 0.000000 0.000000
vt 0.000000 0.000000
vt 0.000000 0.000000
vt 0.000000 0.000000
vt 0.000000 0.000000
vt 0.000000 0.000000
vt 0.000000 0.000000
vt 0.000000 0.000000
vt 0.000000 0.000000
vt 0.000000 0.000000
vt 0.000000 0.000000
vt 0.000000 0.000000
vt 0.000000 0.000000
vt 0.000000 0.000000
vt 0.000000 0.000000
vt 0.000000 0.000000
vt 0.000000 0.000000
vt 0.000000 0.000000
vt 0.000000 0.000000
vt 0.000000 0.000000
vt 0.000000 0.000000
vt 0.000000 0.000000
vt 0.000000 0.000000
vt 0.000000 0.000000
vt 0.000000 0.000000
vt 0.000000 0.000000
vt 0.000000 0.000000
vt 0.000000 0.000000
vt 0.000000 0.000000
vt 0.000000 0.000000
vt 0.000000 0.000000
vt 0.000000 0.000000
vt 0.000000 0.000000
vt 0.000000 0.000000
vt 0.000000 0.000000
vt 0.000000 0.000000
vt 0.000000 0.000000
vt 0.000000 0.000000
vt 0.000000 0.000000
vt 0.000000 0.000000
vt 0.000000 0.000000
vt 0.000000 0.000000
vt 0.000000 0.000000
vt 0.000000 0.000000
vt 0.000000 0.000000
vt 0.000000 0.000000
vt 0.000000 0.000000
vt 0.000000 0.000000
vt 0.000000 0.000000
vt 0.000000 0.000000
vt 0.000000 0.000000
vt 0.000000 0.000000
vt 0.000000 0.000000
vt 0.000000 0.000000
vt 0.000000 0.000000
vt 0.000000 0.000000
vt 0.000000 0.000000
vt 0.000000 0.000000
vt 0.000000 0.000000
vt 0.000000 0.000000
vt 0.000000 0.000000
vt 0.000000 0.000000
vt 0.000000 0.000000
vt 0.000000 0.000000
vt 0.000000 0.000000
vt 0.000000 0.000000
vt 0.000000 0.000000
vt 0.000000 0.000000
vt 0.000000 0.000000
vt 0.000000 0.000000
vt 0.000000 0.000000
vt 0.000000 0.000000
vt 0.000000 0.000000
vt 0.000000 0.000000
vt 0.000000 0.000000
vt 0.000000 0.000000
vt 0.000000 0.000000
vt 0.000000 0.000000
vt 0.000000 0.000000
vt 0.000000 0.000000
vt 0.000000 0.000000
vt 0.000000 0.000000
vt 0.000000 0.000000
vt 0.000000 0.000000
vt 0.000000 0.000000
vt 0.000000 0.000000
vt 0.000000 0.000000
vt 0.000000 0.000000
vt 0.000000 0.000000
vt 0.000000 0.000000
vt 0.000000 0.000000
vt 0.000000 0.000000
vt 0.000000 0.000000
vt 0.000000 0.000000
vt 0.000000 0.000000
vt 0.000000 0.000000
vt 0.000000 0.000000
vt 0.000000 0.000000
vt 0.000000 0.000000
vt 0.000000 0.000000
vt 0.000000 0.000000
vt 0.000000 0.000000
vt 0.000000 0.000000
vt 0.000000 0.000000
vt 0.000000 0.000000
vt 0.000000 0.000000
vt 0.000000 0.000000
vt 0.000000 0.000000
vt 0.000000 0.000000
vt 0.000000 0.000000
vt 0.000000 0.000000
vt 0.000000 0.000000
vt 0.000000 0.000000
vt 0.000000 0.000000
vt 0.000000 0.000000
vt 0.000000 0.000000
vt 0.000000 0.000000
vt 0.000000 0.000000
vt 0.000000 0.000000
vt 0.000000 0.000000
vt 0.000000 0.000000
vt 0.000000 0.000000
vt 0.000000 0.000000
vt 0.000000 0.000000
vt 0.000000 0.000000
vt 0.000000 0.000000
vt 0.000000 0.000000
vt 0.000000 0.000000
vt 0.000000 0.000000
vt 0.000000 0.000000
vt 0.000000 0.000000
vt 0.000000 0.000000
vt 0.000000 0.000000
vt 0.000000 0.000000
vt 0.000000 0.000000
vt 0.000000 0.000000
vt 0.000000 0.000000
vt 0.000000 0.000000
vt 0.000000 0.000000
vt 0.000000 0.000000
vt 0.000000 0.000000
vt 0.000000 0.000000
vt 0.000000 0.000000
vt 0.000000 0.000000
vt 0.000000 0.000000
vt 0.000000 0.000000
vt 0.000000 0.000000
vt 0.000000 0.000000
vt 0.000000 0.000000
vt 0.000000 0.000000
vt 0.000000 0.000000
vt 0.000000 0.000000
vt 0.000000 0.000000
vt 0.000000 0.000000
vt 0.000000 0.000000
vt 0.000000 0.000000
vt 0.000000 0.000000
vt 0.000000 0.000000
vt 0.000000 0.000000
vt 0.000000 0.000000
vt 0.000000 0.000000
vt 0.000000 0.000000
vt 0.000000 0.000000
vt 0.000000 0.000000
vt 0.000000 0.000000
vt 0.000000 0.000000
vt 0.000000 0.000000
vt 0.000000 0.000000
vt 0.000000 0.000000
vt 0.000000 0.000000
vt 0.000000 0.000000
vt 0.000000 0.000000
vt 0.000000 0.000000
vt 0.000000 0.000000
vt 0.000000 0.000000
vt 0.000000 0.000000
vt 0.000000 0.000000
vt 0.000000 0.000000
vt 0.000000 0.000000
vt 0.000000 0.000000
vt 0.000000 0.000000
vt 0.000000 0.000000
vt 0.000000 0.000000
vt 0.000000 0.000000
vt 0.000000 0.000000
vt 0.000000 0.000000
vt 0.000000 0.000000
vt 0.000000 0.000000
vt 0.000000 0.000000
vt 0.000000 0.000000
vt 0.000000 0.000000
vt 0.000000 0.000000
vt 0.000000 0.000000
vt 0.000000 0.000000
vt 0.000000 0.000000
vt 0.000000 0.000000
vt 0.000000 0.000000
vt 0.000000 0.000000
vt 0.000000 0.000000
vt 0.000000 0.000000
vt 0.000000 0.000000
vt 0.000000 0.000000
vt 0.000000 0.000000
vt 0.000000 0.000000
vt 0.000000 0.000000
vt 0.000000 0.000000
vt 0.000000 0.000000
vt 0.000000 0.000000
vt 0.000000 0.000000
vt 0.000000 0.000000
vt 0.000000 0.000000
vt 0.000000 0.000000
vt 0.000000 0.000000
vt 0.000000 0.000000
vt 0.000000 0.000000
vt 0.000000 0.000000
vt 0.000000 0.000000
vt 0.000000 0.000000
vt 0.000000 0.000000
vt 0.000000 0.000000
vt 0.000000 0.000000
vt 0.000000 0.000000
vt 0.000000 0.000000
vt 0.000000 0.000000
vt 0.000000 0.000000
vt 0.000000 0.000000
vt 0.000000 0.000000
vt 0.000000 0.000000
vt 0.000000 0.000000
vt 0.000000 0.000000
vt 0.000000 0.000000
vt 0.000000 0.000000
vt 0.000000 0.000000
vt 0.000000 0.000000
vt 0.000000 0.000000
vt 0.000000 0.000000
vt 0.000000 0.000000
vt 0.000000 0.000000
vt 0.000000 0.000000
vt 0.000000 0.000000
vt 0.000000 0.000000
vt 0.000000 0.000000
vt 0.000000 0.000000
vt 0.000000 0.000000
vt 0.000000 0.000000
vt 0.000000 0.000000
vt 0.000000 0.000000
vt 0.000000 0.000000
vt 0.000000 0.000000
vt 0.000000 0.000000
vt 0.000000 0.000000
vt 0.000000 0.000000
vt 0.000000 0.000000
vt 0.000000 0.000000
vt 0.000000 0.000000
vt 0.000000 0.000000
vt 0.000000 0.000000
vt 0.000000 0.000000
vt 0.000000 0.000000
vt 0.000000 0.000000
vt 0.000000 0.000000
vt 0.000000 0.000000
vt 0.000000 0.000000
vt 0.000000 0.000000
vt 0.000000 0.000000
vt 0.000000 0.000000
vt 0.000000 0.000000
vt 0.000000 0.000000
vt 0.000000 0.000000
vt 0.000000 0.000000
vt 0.000000 0.000000
vt 0.000000 0.000000
vt 0.000000 0.000000
vt 0.000000 0.000000
vt 0.000000 0.000000
vt 0.000000 0.000000
vt 0.000000 0.000000
vt 0.000000 0.000000
vt 0.000000 0.000000
vt 0.000000 0.000000
vt 0.000000 0.000000
vt 0.000000 0.000000
vt 0.000000 0.000000
vt 0.000000 0.000000
vt 0.000000 0.000000
vt 0.000000 0.000000
vt 0.000000 0.000000
vt 0.000000 0.000000
vt 0.000000 0.000000
vt 0.000000 0.000000
vt 0.000000 0.000000
vt 0.000000 0.000000
vt 0.000000 0.000000
vt 0.000000 0.000000
vt 0.000000 0.000000
vt 0.000000 0.000000
vt 0.000000 0.000000
vt 0.000000 0.000000
vt 0.000000 0.000000
vt 0.000000 0.000000
vt 0.000000 0.000000
vt 0.000000 0.000000
vt 0.000000 0.000000
vt 0.000000 0.000000
vt 0.000000 0.000000
vt 0.000000 0.000000
vt 0.000000 0.000000
vt 0.000000 0.000000
vt 0.000000 0.000000
vt 0.000000 0.000000
vt 0.000000 0.000000
vt 0.000000 0.000000
vt 0.000000 0.000000
vt 0.000000 0.000000
vt 0.000000 0.000000
vt 0.000000 0.000000
vt 0.000000 0.000000
vt 0.000000 0.000000
vt 0.000000 0.000000
vt 0.000000 0.000000
vt 0.000000 0.000000
vt 0.000000 0.000000
vt 0.000000 0.000000
vt 0.000000 0.000000
vt 0.000000 0.000000
vt 0.000000 0.000000
vt 0.000000 0.000000
vt 0.000000 0.000000
vt 0.000000 0.000000
vt 0.000000 0.000000
vt 0.000000 0.000000
vt 0.000000 0.000000
vt 0.000000 0.000000
vt 0.000000 0.000000
vt 0.000000 0.000000
vt 0.000000 0.000000
vt 0.000000 0.000000
vt 0.000000 0.000000
vt 0.000000 0.000000
vt 0.000000 0.000000
vt 0.000000 0.000000
vt 0.000000 0.000000
vt 0.000000 0.000000
vt 0.000000 0.000000
vt 0.000000 0.000000
vt 0.000000 0.000000
vt 0.000000 0.000000
vt 0.000000 0.000000
vt 0.000000 0.000000
vt 0.000000 0.000000
vt 0.000000 0.000000
vt 0.000000 0.000000
vt 0.000000 0.000000
vt 0.000000 0.000000
vt 0.000000 0.000000
vt 0.000000 0.000000
vt 0.000000 0.000000
vt 0.000000 0.000000
vt 0.000000 0.000000
vt 0.000000 0.000000
vt 0.000000 0.000000
vt 0.000000 0.000000
vt 0.000000 0.000000
vt 0.000000 0.000000
vt 0.000000 0.000000
vt 0.000000 0.000000
vt 0.000000 0.000000
vt 0.000000 0.000000
vt 0.000000 0.000000
vt 0.000000 0.000000
vt 0.000000 0.000000
vt 0.000000 0.000000
vt 0.000000 0.000000
vt 0.000000 0.000000
vt 0.000000 0.000000
vt 0.000000 0.000000
vt 0.000000 0.000000
vt 0.000000 0.000000
vt 0.000000 0.000000
vt 0.000000 0.000000
vt 0.000000 0.000000
vt 0.000000 0.000000
vt 0.000000 0.000000
vt 0.000000 0.000000
vt 0.000000 0.000000
vt 0.000000 0.000000
vt 0.000000 0.000000
vt 0.000000 0.000000
vt 0.000000 0.000000
vt 0.000000 0.000000
vt 0.000000 0.000000
vt 0.000000 0.000000
vt 0.000000 0.000000
vt 0.000000 0.000000
vt 0.000000 0.000000
vt 0.000000 0.000000
vt 0.000000 0.000000
vt 0.000000 0.000000
vt 0.000000 0.000000
vt 0.000000 0.000000
vt 0.000000 0.000000
vt 0.000000 0.000000
vt 0.000000 0.000000
vt 0.000000 0.000000
vt 0.000000 0.000000
vt 0.000000 0.000000
vt 0.000000 0.000000
vt 0.000000 0.000000
vt 0.000000 0.000000
vt 0.000000 0.000000
vt 0.000000 0.000000
vt 0.000000 0.000000
vt 0.000000 0.000000
vt 0.000000 0.000000
vt 0.000000 0.000000
vt 0.000000 0.000000
vt 0.000000 0.000000
vt 0.000000 0.000000
vt 0.000000 0.000000
vt 0.000000 0.000000
vt 0.000000 0.000000
vt 0.000000 0.000000
vt 0.000000 0.000000
vt 0.000000 0.000000
vt 0.000000 0.000000
vt 0.000000 0.000000
vt 0.000000 0.000000
vt 0.000000 0.000000
vt 0.000000 0.000000
vt 0.000000 0.000000
vt 0.000000 0.000000
vt 0.000000 0.000000
vt 0.000000 0.000000
vt 0.000000 0.000000
vt 0.000000 0.000000
vt 0.000000 0.000000
vt 0.000000 0.000000
vt 0.000000 0.000000
vt 0.000000 0.000000
vt 0.000000 0.000000
vt 0.000000 0.000000
vt 0.000000 0.000000
vt 0.000000 0.000000
vt 0.000000 0.000000
vt 0.000000 0.000000
vt 0.000000 0.000000
vt 0.000000 0.000000
vt 0.000000 0.000000
vt 0.000000 0.000000
vt 0.000000 0.000000
vt 0.000000 0.000000
vt 0.000000 0.000000
vt 0.000000 0.000000
vt 0.000000 0.000000
vt 0.000000 0.000000
vt 0.000000 0.000000
vt 0.000000 0.000000
vt 0.000000 0.000000
vt 0.000000 0.000000
vt 0.000000 0.000000
vt 0.000000 0.000000
vt 0.000000 0.000000
vt 0.000000 0.000000
vt 0.000000 0.000000
vt 0.000000 0.000000
vt 0.000000 0.000000
vt 0.000000 0.000000
vt 0.000000 0.000000
vt 0.000000 0.000000
vt 0.000000 0.000000
vt 0.000000 0.000000
vt 0.000000 0.000000
vt 0.000000 0.000000
vt 0.000000 0.000000
vt 0.000000 0.000000
vt 0.000000 0.000000
vt 0.000000 0.000000
vt 0.000000 0.000000
vt 0.000000 0.000000
vt 0.000000 0.000000
vt 0.000000 0.000000
vt 0.000000 0.000000
vt 0.000000 0.000000
vt 0.000000 0.000000
vt 0.000000 0.000000
vt 0.000000 0.000000
vt 0.000000 0.000000
vt 0.000000 0.000000
vt 0.000000 0.000000
vt 0.000000 0.000000
vt 0.000000 0.000000
vt 0.000000 0.000000
vt 0.000000 0.000000
vt 0.000000 0.000000
vt 0.000000 0.000000
vt 0.000000 0.000000
vt 0.000000 0.000000
vt 0.000000 0.000000
vt 0.000000 0.000000
vt 0.000000 0.000000
vt 0.000000 0.000000
vt 0.000000 0.000000
vt 0.000000 0.000000
vt 0.000000 0.000000
vt 0.000000 0.000000
vt 0.000000 0.000000
vt 0.000000 0.000000
vt 0.000000 0.000000
vt 0.000000 0.000000
vt 0.000000 0.000000
vt 0.000000 0.000000
vt 0.000000 0.000000
vt 0.000000 0.000000
vt 0.000000 0.000000
vt 0.000000 0.000000
vt 0.000000 0.000000
vt 0.000000 0.000000
vt 0.000000 0.000000
vt 0.000000 0.000000
vt 0.000000 0.000000
vt 0.000000 0.000000
vt 0.000000 0.000000
vt 0.000000 0.000000
vt 0.000000 0.000000
vt 0.000000 0.000000
vt 0.000000 0.000000
vt 0.000000 0.000000
vt 0.000000 0.000000
vt 0.000000 0.000000
vt 0.000000 0.000000
vt 0.000000 0.000000
vt 0.000000 0.000000
vt 0.000000 0.000000
vt 0.000000 0.000000
vt 0.000000 0.000000
vt 0.000000 0.000000
vt 0.000000 0.000000
vt 0.000000 0.000000
vt 0.000000 0.000000
vt 0.000000 0.000000
vt 0.000000 0.000000
vt 0.000000 0.000000
vt 0.000000 0.000000
vt 0.000000 0.000000
vt 0.000000 0.000000
vt 0.000000 0.000000
vt 0.000000 0.000000
vt 0.000000 0.000000
vt 0.000000 0.000000
vt 0.000000 0.000000
vt 0.000000 0.000000
vt 0.000000 0.000000
vt 0.000000 0.000000
vt 0.000000 0.000000
vt 0.000000 0.000000
vt 0.000000 0.000000
vt 0.000000 0.000000
vt 0.000000 0.000000
vt 0.000000 0.000000
vt 0.000000 0.000000
vt 0.000000 0.000000
vt 0.000000 0.000000
vt 0.000000 0.000000
vt 0.000000 0.000000
vt 0.000000 0.000000
vt 0.000000 0.000000
vt 0.000000 0.000000
vt 0.000000 0.000000
vt 0.000000 0.000000
vt 0.000000 0.000000
vt 0.000000 0.000000
vt 0.000000 0.000000
vt 0.000000 0.000000
vt 0.000000 0.000000
vt 0.000000 0.000000
vt 0.000000 0.000000
vt 0.000000 0.000000
vt 0.000000 0.000000
vt 0.000000 0.000000
vt 0.000000 0.000000
vt 0.000000 0.000000
vt 0.000000 0.000000
vt 0.000000 0.000000
vt 0.000000 0.000000
vt 0.000000 0.000000
vt 0.000000 0.000000
vt 0.000000 0.000000
vt 0.000000 0.000000
vt 0.000000 0.000000
vt 0.000000 0.000000
vt 0.000000 0.000000
vt 0.000000 0.000000
vt 0.000000 0.000000
vt 0.000000 0.000000
vt 0.000000 0.000000
vt 0.000000 0.000000
vt 0.000000 0.000000
vt 0.000000 0.000000
vt 0.000000 0.000000
vt 0.000000 0.000000
vt 0.000000 0.000000
vt 0.000000 0.000000
vt 0.000000 0.000000
vt 0.000000 0.000000
vt 0.000000 0.000000
vt 0.000000 0.000000
vt 0.000000 0.000000
vt 0.000000 0.000000
vt 0.000000 0.000000
vt 0.000000 0.000000
vt 0.000000 0.000000
vt 0.000000 0.000000
vt 0.000000 0.000000
vt 0.000000 0.000000
vt 0.000000 0.000000
vt 0.000000 0.000000
vt 0.000000 0.000000
vt 0.000000 0.000000
vt 0.000000 0.000000
vt 0.000000 0.000000
vt 0.000000 0.000000
vt 0.000000 0.000000
vt 0.000000 0.000000
vt 0.000000 0.000000
vt 0.000000 0.000000
vt 0.000000 0.000000
vt 0.000000 0.000000
vt 0.000000 0.000000
vt 0.000000 0.000000
vt 0.000000 0.000000
vt 0.000000 0.000000
vt 0.000000 0.000000
vt 0.000000 0.000000
vt 0.000000 0.000000
vt 0.000000 0.000000
vt 0.000000 0.000000
vt 0.000000 0.000000
vt 0.000000 0.000000
vt 0.000000 0.000000
vt 0.000000 0.000000
vt 0.000000 0.000000
vt 0.000000 0.000000
vt 0.000000 0.000000
vt 0.000000 0.000000
vt 0.000000 0.000000
vt 0.000000 0.000000
vt 0.000000 0.000000
vt 0.000000 0.000000
vt 0.000000 0.000000
vt 0.000000 0.000000
vt 0.000000 0.000000
vt 0.000000 0.000000
vt 0.000000 0.000000
vt 0.000000 0.000000
vt 0.000000 0.000000
vt 0.000000 0.000000
vt 0.000000 0.000000
vt 0.000000 0.000000
vt 0.000000 0.000000
vt 0.000000 0.000000
vt 0.000000 0.000000
vt 0.000000 0.000000
vt 0.000000 0.000000
vt 0.000000 0.000000
vt 0.000000 0.000000
vt 0.000000 0.000000
vt 0.000000 0.000000
vt 0.000000 0.000000
vt 0.000000 0.000000
vt 0.000000 0.000000
vt 0.000000 0.000000
vt 0.000000 0.000000
vt 0.000000 0.000000
vt 0.000000 0.000000
vt 0.000000 0.000000
vt 0.000000 0.000000
vt 0.000000 0.000000
vt 0.000000 0.000000
vt 0.000000 0.000000
vt 0.000000 0.000000
vt 0.000000 0.000000
vt 0.000000 0.000000
vt 0.000000 0.000000
vt 0.000000 0.000000
vt 0.000000 0.000000
vt 0.000000 0.000000
vt 0.000000 0.000000
vt 0.000000 0.000000
vt 0.000000 0.000000
vt 0.000000 0.000000
vt 0.000000 0.000000
vt 0.000000 0.000000
vt 0.000000 0.000000
vt 0.000000 0.000000
vt 0.000000 0.000000
vt 0.000000 0.000000
vt 0.000000 0.000000
vt 0.000000 0.000000
vt 0.000000 0.000000
vt 0.000000 0.000000
vt 0.000000 0.000000
vt 0.000000 0.000000
vt 0.000000 0.000000
vt 0.000000 0.000000
vt 0.000000 0.000000
vt 0.000000 0.000000
vt 0.000000 0.000000
vt 0.000000 0.000000
vt 0.000000 0.000000
vt 0.000000 0.000000
vt 0.000000 0.000000
vt 0.000000 0.000000
vt 0.000000 0.000000
vt 0.000000 0.000000
vt 0.000000 0.000000
vt 0.000000 0.000000
vt 0.000000 0.000000
vt 0.000000 0.000000
vt 0.000000 0.000000
vt 0.000000 0.000000
vt 0.000000 0.000000
vt 0.000000 0.000000
vt 0.000000 0.000000
vt 0.000000 0.000000
vt 0.000000 0.000000
vt 0.000000 0.000000
vt 0.000000 0.000000
vt 0.000000 0.000000
vt 0.000000 0.000000
vt 0.000000 0.000000
vt 0.000000 0.000000
vt 0.000000 0.000000
vt 0.000000 0.000000
vt 0.000000 0.000000
vt 0.000000 0.000000
vt 0.000000 0.000000
vt 0.000000 0.000000
vt 0.000000 0.000000
vt 0.000000 0.000000
vt 0.000000 0.000000
vt 0.000000 0.000000
vt 0.000000 0.000000
vt 0.000000 0.000000
vt 0.000000 0.000000
vt 0.000000 0.000000
vt 0.000000 0.000000
vt 0.000000 0.000000
vt 0.000000 0.000000
vt 0.000000 0.000000
vt 0.000000 0.000000
vt 0.000000 0.000000
vt 0.000000 0.000000
vt 0.000000 0.000000
vt 0.000000 0.000000
vt 0.000000 0.000000
vt 0.000000 0.000000
vt 0.000000 0.000000
vt 0.000000 0.000000
vt 0.000000 0.000000
vt 0.000000 0.000000
vt 0.000000 0.000000
vt 0.000000 0.000000
vt 0.000000 0.000000
vt 0.000000 0.000000
vt 0.000000 0.000000
vt 0.000000 0.000000
vt 0.000000 0.000000
vt 0.000000 0.000000
vt 0.000000 0.000000
vt 0.000000 0.000000
vt 0.000000 0.000000
vt 0.000000 0.000000
vt 0.000000 0.000000
vt 0.000000 0.000000
vt 0.000000 0.000000
vt 0.000000 0.000000
vt 0.000000 0.000000
vt 0.000000 0.000000
vt 0.000000 0.000000
vt 0.000000 0.000000
vt 0.000000 0.000000
vt 0.000000 0.000000
vt 0.000000 0.000000
vt 0.000000 0.000000
vt 0.000000 0.000000
vt 0.000000 0.000000
vt 0.000000 0.000000
vt 0.000000 0.000000
vt 0.000000 0.000000
vt 0.000000 0.000000
vt 0.000000 0.000000
vt 0.000000 0.000000
vt 0.000000 0.000000
vt 0.000000 0.000000
vt 0.000000 0.000000
vt 0.000000 0.000000
vt 0.000000 0.000000
vt 0.000000 0.000000
vt 0.000000 0.000000
vt 0.000000 0.000000
vt 0.000000 0.000000
vt 0.000000 0.000000
vt 0.000000 0.000000
vt 0.000000 0.000000
vt 0.000000 0.000000
vt 0.000000 0.000000
vt 0.000000 0.000000
vt 0.000000 0.000000
vt 0.000000 0.000000
vt 0.000000 0.000000
vt 0.000000 0.000000
vt 0.000000 0.000000
vt 0.000000 0.000000
vt 0.000000 0.000000
vt 0.000000 0.000000
vt 0.000000 0.000000
vt 0.000000 0.000000
vt 0.000000 0.000000
vt 0.000000 0.000000
vt 0.000000 0.000000
vt 0.000000 0.000000
vt 0.000000 0.000000
vt 0.000000 0.000000
vt 0.000000 0.000000
vt 0.000000 0.000000
vt 0.000000 0.000000
vt 0.000000 0.000000
vt 0.000000 0.000000
vt 0.000000 0.000000
vt 0.000000 0.000000
vt 0.000000 0.000000
vt 0.000000 0.000000
vt 0.000000 0.000000
vt 0.000000 0.000000
vt 0.000000 0.000000
vt 0.000000 0.000000
vt 0.000000 0.000000
vt 0.000000 0.000000
vt 0.000000 0.000000
vt 0.000000 0.000000
vt 0.000000 0.000000
vt 0.000000 0.000000
vt 0.000000 0.000000
vt 0.000000 0.000000
vt 0.000000 0.000000
vt 0.000000 0.000000
vt 0.000000 0.000000
vt 0.000000 0.000000
vt 0.000000 0.000000
vt 0.000000 0.000000
vt 0.000000 0.000000
vt 0.000000 0.000000
vt 0.000000 0.000000
vt 0.000000 0.000000
vt 0.000000 0.000000
vt 0.000000 0.000000
vt 0.000000 0.000000
vt 0.000000 0.000000
vt 0.000000 0.000000
vt 0.000000 0.000000
vt 0.000000 0.000000
vt 0.000000 0.000000
vt 0.000000 0.000000
vt 0.000000 0.000000
vt 0.000000 0.000000
vt 0.000000 0.000000
vt 0.000000 0.000000
vt 0.000000 0.000000
vt 0.000000 0.000000
vt 0.000000 0.000000
vt 0.000000 0.000000
vt 0.000000 0.000000
vt 0.000000 0.000000
vt 0.000000 0.000000
vt 0.000000 0.000000
vt 0.000000 0.000000
vt 0.000000 0.000000
vt 0.000000 0.000000
vt 0.000000 0.000000
vt 0.000000 0.000000
vt 0.000000 0.000000
vt 0.000000 0.000000
vt 0.000000 0.000000
vt 0.000000 0.000000
vt 0.000000 0.000000
vt 0.000000 0.000000
vt 0.000000 0.000000
vt 0.000000 0.000000
vt 0.000000 0.000000
vt 0.000000 0.000000
vt 0.000000 0.000000
vt 0.000000 0.000000
vt 0.000000 0.000000
vt 0.000000 0.000000
vt 0.000000 0.000000
vt 0.000000 0.000000
vt 0.000000 0.000000
vt 0.000000 0.000000
vt 0.000000 0.000000
vt 0.000000 0.000000
vt 0.000000 0.000000
vt 0.000000 0.000000
vt 0.000000 0.000000
vt 0.000000 0.000000
vt 0.000000 0.000000
vt 0.000000 0.000000
vt 0.000000 0.000000
vt 0.000000 0.000000
vt 0.000000 0.000000
vt 0.000000 0.000000
vt 0.000000 0.000000
vt 0.000000 0.000000
vt 0.000000 0.000000
vt 0.000000 0.000000
vt 0.000000 0.000000
vt 0.000000 0.000000
vt 0.000000 0.000000
vt 0.000000 0.000000
vt 0.000000 0.000000
vt 0.000000 0.000000
vt 0.000000 0.000000
vt 0.000000 0.000000
vt 0.000000 0.000000
vt 0.000000 0.000000
vt 0.000000 0.000000
vt 0.000000 0.000000
vt 0.000000 0.000000
vt 0.000000 0.000000
vt 0.000000 0.000000
vt 0.000000 0.000000
vt 0.000000 0.000000
vt 0.000000 0.000000
vt 0.000000 0.000000
vt 0.000000 0.000000
vt 0.000000 0.000000
vt 0.000000 0.000000
vt 0.000000 0.000000
vt 0.000000 0.000000
vt 0.000000 0.000000
vt 0.000000 0.000000
vt 0.000000 0.000000
vt 0.000000 0.000000
vt 0.000000 0.000000
vt 0.000000 0.000000
vt 0.000000 0.000000
vt 0.000000 0.000000
vt 0.000000 0.000000
vt 0.000000 0.000000
vt 0.000000 0.000000
vt 0.000000 0.000000
vt 0.000000 0.000000
vt 0.000000 0.000000
vt 0.000000 0.000000
vt 0.000000 0.000000
vt 0.000000 0.000000
vt 0.000000 0.000000
vt 0.000000 0.000000
vt 0.000000 0.000000
vt 0.000000 0.000000
vt 0.000000 0.000000
vt 0.000000 0.000000
vt 0.000000 0.000000
vt 0.000000 0.000000
vt 0.000000 0.000000
vt 0.000000 0.000000
vt 0.000000 0.000000
vt 0.000000 0.000000
vt 0.000000 0.000000
vt 0.000000 0.000000
vt 0.000000 0.000000
vt 0.000000 0.000000
vt 0.000000 0.000000
vt 0.000000 0.000000
vt 0.000000 0.000000
vt 0.000000 0.000000
vt 0.000000 0.000000
vt 0.000000 0.000000
vt 0.000000 0.000000
vt 0.000000 0.000000
vt 0.000000 0.000000
vt 0.000000 0.000000
vt 0.000000 0.000000
vt 0.000000 0.000000
vt 0.000000 0.000000
vt 0.000000 0.000000
vt 0.000000 0.000000
vt 0.000000 0.000000
vt 0.000000 0.000000
vt 0.000000 0.000000
vt 0.000000 0.000000
vt 0.000000 0.000000
vt 0.000000 0.000000
vt 0.000000 0.000000
vt 0.000000 0.000000
vt 0.000000 0.000000
vt 0.000000 0.000000
vt 0.000000 0.000000
vt 0.000000 0.000000
vt 0.000000 0.000000
vt 0.000000 0.000000
vt 0.000000 0.000000
vt 0.000000 0.000000
vt 0.000000 0.000000
vt 0.000000 0.000000
vt 0.000000 0.000000
vt 0.000000 0.000000
vt 0.000000 0.000000
vt 0.000000 0.000000
vt 0.000000 0.000000
vt 0.000000 0.000000
vt 0.000000 0.000000
vt 0.000000 0.000000
vt 0.000000 0.000000
vt 0.000000 0.000000
vt 0.000000 0.000000
vt 0.000000 0.000000
vt 0.000000 0.000000
vt 0.000000 0.000000
vt 0.000000 0.000000
vt 0.000000 0.000000
vt 0.000000 0.000000
vt 0.000000 0.000000
vt 0.000000 0.000000
vt 0.000000 0.000000
vt 0.000000 0.000000
vt 0.000000 0.000000
vt 0.000000 0.000000
vt 0.000000 0.000000
vt 0.000000 0.000000
vt 0.000000 0.000000
vt 0.000000 0.000000
vt 0.000000 0.000000
vt 0.000000 0.000000
vt 0.000000 0.000000
vt 0.000000 0.000000
vt 0.000000 0.000000
vt 0.000000 0.000000
vt 0.000000 0.000000
vt 0.000000 0.000000
vt 0.000000 0.000000
vt 0.000000 0.000000
vt 0.000000 0.000000
vt 0.000000 0.000000
vt 0.000000 0.000000
vt 0.000000 0.000000
vt 0.000000 0.000000
vt 0.000000 0.000000
vt 0.000000 0.000000
vt 0.000000 0.000000
vt 0.000000 0.000000
vt 0.000000 0.000000
vt 0.000000 0.000000
vt 0.000000 0.000000
vt 0.000000 0.000000
vt 0.000000 0.000000
vt 0.000000 0.000000
vt 0.000000 0.000000
vt 0.000000 0.000000
vt 0.000000 0.000000
vt 0.000000 0.000000
vt 0.000000 0.000000
vt 0.000000 0.000000
vt 0.000000 0.000000
vt 0.000000 0.000000
vt 0.000000 0.000000
vt 0.000000 0.000000
vt 0.000000 0.000000
vt 0.000000 0.000000
vt 0.000000 0.000000
vt 0.000000 0.000000
vt 0.000000 0.000000
vt 0.000000 0.000000
vt 0.000000 0.000000
vt 0.000000 0.000000
vt 0.000000 0.000000
vt 0.000000 0.000000
vt 0.000000 0.000000
vt 0.000000 0.000000
vt 0.000000 0.000000
vt 0.000000 0.000000
vt 0.000000 0.000000
vt 0.000000 0.000000
vt 0.000000 0.000000
vt 0.000000 0.000000
vt 0.000000 0.000000
vt 0.000000 0.000000
vt 0.000000 0.000000
vt 0.000000 0.000000
vt 0.000000 0.000000
vt 0.000000 0.000000
vt 0.000000 0.000000
vt 0.000000 0.000000
vt 0.000000 0.000000
vt 0.000000 0.000000
vt 0.000000 0.000000
vt 0.000000 0.000000
vt 0.000000 0.000000
vt 0.000000 0.000000
vt 0.000000 0.000000
vt 0.000000 0.000000
vt 0.000000 0.000000
vt 0.000000 0.000000
vt 0.000000 0.000000
vt 0.000000 0.000000
vt 0.000000 0.000000
vt 0.000000 0.000000
vt 0.000000 0.000000
vt 0.000000 0.000000
vt 0.000000 0.000000
vt 0.000000 0.000000
vt 0.000000 0.000000
vt 0.000000 0.000000
vt 0.000000 0.000000
vt 0.000000 0.000000
vt 0.000000 0.000000
vt 0.000000 0.000000
vt 0.000000 0.000000
vt 0.000000 0.000000
vt 0.000000 0.000000
vt 0.000000 0.000000
vt 0.000000 0.000000
vt 0.000000 0.000000
vt 0.000000 0.000000
vt 0.000000 0.000000
vt 0.000000 0.000000
vt 0.000000 0.000000
vt 0.000000 0.000000
vt 0.000000 0.000000
vt 0.000000 0.000000
vt 0.000000 0.000000
vt 0.000000 0.000000
vt 0.000000 0.000000
vt 0.000000 0.000000
vt 0.000000 0.000000
vt 0.000000 0.000000
vt 0.000000 0.000000
vt 0.000000 0.000000
vt 0.000000 0.000000
vt 0.000000 0.000000
vt 0.000000 0.000000
vt 0.000000 0.000000
vt 0.000000 0.000000
vt 0.000000 0.000000
vt 0.000000 0.000000
vt 0.000000 0.000000
vt 0.000000 0.000000
vt 0.000000 0.000000
vt 0.000000 0.000000
vt 0.000000 0.000000
vt 0.000000 0.000000
vt 0.000000 0.000000
vt 0.000000 0.000000
vt 0.000000 0.000000
vt 0.000000 0.000000
vt 0.000000 0.000000
vt 0.000000 0.000000
vt 0.000000 0.000000
vt 0.000000 0.000000
vt 0.000000 0.000000
vt 0.000000 0.000000
vt 0.000000 0.000000
vt 0.000000 0.000000
vt 0.000000 0.000000
vt 0.000000 0.000000
vt 0.000000 0.000000
vt 0.000000 0.000000
vt 0.000000 0.000000
vt 0.000000 0.000000
vt 0.000000 0.000000
vt 0.000000 0.000000
vt 0.000000 0.000000
vt 0.000000 0.000000
vt 0.000000 0.000000
vt 0.000000 0.000000
vt 0.000000 0.000000
vt 0.000000 0.000000
vt 0.000000 0.000000
vt 0.000000 0.000000
vt 0.000000 0.000000
vt 0.000000 0.000000
vt 0.000000 0.000000
vt 0.000000 0.000000
vt 0.000000 0.000000
vt 0.000000 0.000000
vt 0.000000 0.000000
vt 0.000000 0.000000
vt 0.000000 0.000000
vt 0.000000 0.000000
vt 0.000000 0.000000
vt 0.000000 0.000000
vt 0.000000 0.000000
vt 0.000000 0.000000
vt 0.000000 0.000000
vt 0.000000 0.000000
vt 0.000000 0.000000
vt 0.000000 0.000000
vt 0.000000 0.000000
vt 0.000000 0.000000
vt 0.000000 0.000000
vt 0.000000 0.000000
vt 0.000000 0.000000
vt 0.000000 0.000000
vt 0.000000 0.000000
vt 0.000000 0.000000
vt 0.000000 0.000000
vt 0.000000 0.000000
vt 0.000000 0.000000
vt 0.000000 0.000000
vt 0.000000 0.000000
vt 0.000000 0.000000
vt 0.000000 0.000000
vt 0.000000 0.000000
vt 0.000000 0.000000
vt 0.000000 0.000000
vt 0.000000 0.000000
vt 0.000000 0.000000
vt 0.000000 0.000000
vt 0.000000 0.000000
vt 0.000000 0.000000
vt 0.000000 0.000000
vt 0.000000 0.000000
vt 0.000000 0.000000
vt 0.000000 0.000000
vt 0.000000 0.000000
vt 0.000000 0.000000
vt 0.000000 0.000000
vt 0.000000 0.000000
vt 0.000000 0.000000
vt 0.000000 0.000000
vt 0.000000 0.000000
vt 0.000000 0.000000
vt 0.000000 0.000000
vt 0.000000 0.000000
vt 0.000000 0.000000
vt 0.000000 0.000000
vt 0.000000 0.000000
vt 0.000000 0.000000
vt 0.000000 0.000000
vt 0.000000 0.000000
vt 0.000000 0.000000
vt 0.000000 0.000000
vt 0.000000 0.000000
vt 0.000000 0.000000
vt 0.000000 0.000000
vt 0.000000 0.000000
vt 0.000000 0.000000
vt 0.000000 0.000000
vt 0.000000 0.000000
vt 0.000000 0.000000
vt 0.000000 0.000000
vt 0.000000 0.000000
vt 0.000000 0.000000
vt 0.000000 0.000000
vt 0.000000 0.000000
vt 0.000000 0.000000
vt 0.000000 0.000000
vt 0.000000 0.000000
vt 0.000000 0.000000
vt 0.000000 0.000000
vt 0.000000 0.000000
vt 0.000000 0.000000
vt 0.000000 0.000000
vt 0.000000 0.000000
vt 0.000000 0.000000
vt 0.000000 0.000000
vt 0.000000 0.000000
vt 0.000000 0.000000
vt 0.000000 0.000000
vt 0.000000 0.000000
vt 0.000000 0.000000
vt 0.000000 0.000000
vt 0.000000 0.000000
vt 0.000000 0.000000
vt 0.000000 0.000000
vt 0.000000 0.000000
vt 0.000000 0.000000
vt 0.000000 0.000000
vt 0.000000 0.000000
vt 0.000000 0.000000
vt 0.000000 0.000000
vt 0.000000 0.000000
vt 0.000000 0.000000
vt 0.000000 0.000000
vt 0.000000 0.000000
vt 0.000000 0.000000
vt 0.000000 0.000000
vt 0.000000 0.000000
vt 0.000000 0.000000
vt 0.000000 0.000000
vt 0.000000 0.000000
vt 0.000000 0.000000
vt 0.000000 0.000000
vt 0.000000 0.000000
vt 0.000000 0.000000
vt 0.000000 0.000000
vt 0.000000 0.000000
vt 0.000000 0.000000
vt 0.000000 0.000000
vt 0.000000 0.000000
vt 0.000000 0.000000
vt 0.000000 0.000000
vt 0.000000 0.000000
vt 0.000000 0.000000
vt 0.000000 0.000000
vt 0.000000 0.000000
vt 0.000000 0.000000
vt 0.000000 0.000000
vt 0.000000 0.000000
vt 0.000000 0.000000
vt 0.000000 0.000000
vt 0.000000 0.000000
vt 0.000000 0.000000
vt 0.000000 0.000000
vt 0.000000 0.000000
vt 0.000000 0.000000
vt 0.000000 0.000000
vt 0.000000 0.000000
vt 0.000000 0.000000
vt 0.000000 0.000000
vt 0.000000 0.000000
vt 0.000000 0.000000
vt 0.000000 0.000000
vt 0.000000 0.000000
vt 0.000000 0.000000
vt 0.000000 0.000000
vt 0.000000 0.000000
vt 0.000000 0.000000
vt 0.000000 0.000000
vt 0.000000 0.000000
vt 0.000000 0.000000
vt 0.000000 0.000000
vt 0.000000 0.000000
vt 0.000000 0.000000
vt 0.000000 0.000000
vt 0.000000 0.000000
vt 0.000000 0.000000
vt 0.000000 0.000000
vt 0.000000 0.000000
vt 0.000000 0.000000
vt 0.000000 0.000000
vt 0.000000 0.000000
vt 0.000000 0.000000
vt 0.000000 0.000000
vt 0.000000 0.000000
vt 0.000000 0.000000
vt 0.000000 0.000000
vt 0.000000 0.000000
vt 0.000000 0.000000
vt 0.000000 0.000000
vt 0.000000 0.000000
vt 0.000000 0.000000
vt 0.000000 0.000000
vt 0.000000 0.000000
vt 0.000000 0.000000
vt 0.000000 0.000000
vt 0.000000 0.000000
vt 0.000000 0.000000
vt 0.000000 0.000000
vt 0.000000 0.000000
vt 0.000000 0.000000
vt 0.000000 0.000000
vt 0.000000 0.000000
vt 0.000000 0.000000
vt 0.000000 0.000000
vt 0.000000 0.000000
vt 0.000000 0.000000
vt 0.000000 0.000000
vt 0.000000 0.000000
vt 0.000000 0.000000
vt 0.000000 0.000000
vt 0.000000 0.000000
vt 0.000000 0.000000
vt 0.000000 0.000000
vt 0.000000 0.000000
vt 0.000000 0.000000
vt 0.000000 0.000000
vt 0.000000 0.000000
vt 0.000000 0.000000
vt 0.000000 0.000000
vt 0.000000 0.000000
vt 0.000000 0.000000
vt 0.000000 0.000000
vt 0.000000 0.000000
vt 0.000000 0.000000
vt 0.000000 0.000000
vt 0.000000 0.000000
vt 0.000000 0.000000
vt 0.000000 0.000000
vt 0.000000 0.000000
vt 0.000000 0.000000
vt 0.000000 0.000000
vt 0.000000 0.000000
vt 0.000000 0.000000
vt 0.000000 0.000000
vt 0.000000 0.000000
vt 0.000000 0.000000
vt 0.000000 0.000000
vt 0.000000 0.000000
vt 0.000000 0.000000
vt 0.000000 0.000000
vt 0.000000 0.000000
vt 0.000000 0.000000
vt 0.000000 0.000000
vt 0.000000 0.000000
vt 0.000000 0.000000
vt 0.000000 0.000000
vt 0.000000 0.000000
vt 0.000000 0.000000
vt 0.000000 0.000000
vt 0.000000 0.000000
vt 0.000000 0.000000
vt 0.000000 0.000000
vt 0.000000 0.000000
vt 0.000000 0.000000
vt 0.000000 0.000000
vt 0.000000 0.000000
vt 0.000000 0.000000
vt 0.000000 0.000000
vt 0.000000 0.000000
vt 0.000000 0.000000
vt 0.000000 0.000000
vt 0.000000 0.000000
vt 0.000000 0.000000
vt 0.000000 0.000000
vt 0.000000 0.000000
vt 0.000000 0.000000
vt 0.000000 0.000000
vt 0.000000 0.000000
vt 0.000000 0.000000
vt 0.000000 0.000000
vt 0.000000 0.000000
vt 0.000000 0.000000
vt 0.000000 0.000000
vt 0.000000 0.000000
vt 0.000000 0.000000
vt 0.000000 0.000000
vt 0.000000 0.000000
vt 0.000000 0.000000
vt 0.000000 0.000000
vt 0.000000 0.000000
vt 0.000000 0.000000
vt 0.000000 0.000000
vt 0.000000 0.000000
vt 0.000000 0.000000
vt 0.000000 0.000000
vt 0.000000 0.000000
vt 0.000000 0.000000
vt 0.000000 0.000000
vt 0.000000 0.000000
vt 0.000000 0.000000
vt 0.000000 0.000000
vt 0.000000 0.000000
vt 0.000000 0.000000
vt 0.000000 0.000000
vt 0.000000 0.000000
vt 0.000000 0.000000
vt 0.000000 0.000000
vt 0.000000 0.000000
vt 0.000000 0.000000
vt 0.000000 0.000000
vt 0.000000 0.000000
vt 0.000000 0.000000
vt 0.000000 0.000000
vt 0.000000 0.000000
vt 0.000000 0.000000
vt 0.000000 0.000000
vt 0.000000 0.000000
vt 0.000000 0.000000
vt 0.000000 0.000000
vt 0.000000 0.000000
vt 0.000000 0.000000
vt 0.000000 0.000000
vt 0.000000 0.000000
vt 0.000000 0.000000
vt 0.000000 0.000000
vt 0.000000 0.000000
vt 0.000000 0.000000
vt 0.000000 0.000000
vt 0.000000 0.000000
vt 0.000000 0.000000
vt 0.000000 0.000000
vt 0.000000 0.000000
vt 0.000000 0.000000
vt 0.000000 0.000000
vt 0.000000 0.000000
vt 0.000000 0.000000
vt 0.000000 0.000000
vt 0.000000 0.000000
vt 0.000000 0.000000
vt 0.000000 0.000000
vt 0.000000 0.000000
vt 0.000000 0.000000
vt 0.000000 0.000000
vt 0.000000 0.000000
vt 0.000000 0.000000
vt 0.000000 0.000000
vt 0.000000 0.000000
vt 0.000000 0.000000
vt 0.000000 0.000000
vt 0.000000 0.000000
vt 0.000000 0.000000
vt 0.000000 0.000000
vt 0.000000 0.000000
vt 0.000000 0.000000
vt 0.000000 0.000000
vt 0.000000 0.000000
vt 0.000000 0.000000
vt 0.000000 0.000000
vt 0.000000 0.000000
vt 0.000000 0.000000
vt 0.000000 0.000000
vt 0.000000 0.000000
vt 0.000000 0.000000
vt 0.000000 0.000000
vt 0.000000 0.000000
vt 0.000000 0.000000
vt 0.000000 0.000000
vt 0.000000 0.000000
vt 0.000000 0.000000
vt 0.000000 0.000000
vt 0.000000 0.000000
vt 0.000000 0.000000
vt 0.000000 0.000000
vt 0.000000 0.000000
vt 0.000000 0.000000
vt 0.000000 0.000000
vt 0.000000 0.000000
vt 0.000000 0.000000
vt 0.000000 0.000000
vt 0.000000 0.000000
vt 0.000000 0.000000
vt 0.000000 0.000000
vt 0.000000 0.000000
vt 0.000000 0.000000
vt 0.000000 0.000000
vt 0.000000 0.000000
vt 0.000000 0.000000
vt 0.000000 0.000000
vt 0.000000 0.000000
vt 0.000000 0.000000
vt 0.000000 0.000000
vt 0.000000 0.000000
vt 0.000000 0.000000
vt 0.000000 0.000000
vt 0.000000 0.000000
vt 0.000000 0.000000
vt 0.000000 0.000000
vt 0.000000 0.000000
vt 0.000000 0.000000
vt 0.000000 0.000000
vt 0.000000 0.000000
vt 0.000000 0.000000
vt 0.000000 0.000000
vt 0.000000 0.000000
vt 0.000000 0.000000
vt 0.000000 0.000000
vt 0.000000 0.000000
vt 0.000000 0.000000
vt 0.000000 0.000000
vt 0.000000 0.000000
vt 0.000000 0.000000
vt 0.000000 0.000000
vt 0.000000 0.000000
vt 0.000000 0.000000
vt 0.000000 0.000000
vt 0.000000 0.000000
vt 0.000000 0.000000
vt 0.000000 0.000000
vt 0.000000 0.000000
vt 0.000000 0.000000
vt 0.000000 0.000000
vt 0.000000 0.000000
vt 0.000000 0.000000
vt 0.000000 0.000000
vt 0.000000 0.000000
vt 0.000000 0.000000
vt 0.000000 0.000000
vt 0.000000 0.000000
vt 0.000000 0.000000
vt 0.000000 0.000000
vt 0.000000 0.000000
vt 0.000000 0.000000
vt 0.000000 0.000000
vt 0.000000 0.000000
vt 0.000000 0.000000
vt 0.000000 0.000000
vt 0.000000 0.000000
vt 0.000000 0.000000
vt 0.000000 0.000000
vt 0.000000 0.000000
vt 0.000000 0.000000
vt 0.000000 0.000000
vt 0.000000 0.000000
vt 0.000000 0.000000
vt 0.000000 0.000000
vt 0.000000 0.000000
vt 0.000000 0.000000
vt 0.000000 0.000000
vt 0.000000 0.000000
vt 0.000000 0.000000
vt 0.000000 0.000000
vt 0.000000 0.000000
vt 0.000000 0.000000
vt 0.000000 0.000000
vt 0.000000 0.000000
vt 0.000000 0.000000
vt 0.000000 0.000000
vt 0.000000 0.000000
vt 0.000000 0.000000
vt 0.000000 0.000000
vt 0.000000 0.000000
vt 0.000000 0.000000
vt 0.000000 0.000000
vt 0.000000 0.000000
vt 0.000000 0.000000
vt 0.000000 0.000000
vt 0.000000 0.000000
vt 0.000000 0.000000
vt 0.000000 0.000000
vt 0.000000 0.000000
vt 0.000000 0.000000
vt 0.000000 0.000000
vt 0.000000 0.000000
vt 0.000000 0.000000
vt 0.000000 0.000000
vt 0.000000 0.000000
vt 0.000000 0.000000
vt 0.000000 0.000000
vt 0.000000 0.000000
vt 0.000000 0.000000
vt 0.000000 0.000000
vt 0.000000 0.000000
vt 0.000000 0.000000
vt 0.000000 0.000000
vt 0.000000 0.000000
vt 0.000000 0.000000
vt 0.000000 0.000000
vt 0.000000 0.000000
vt 0.000000 0.000000
vt 0.000000 0.000000
vt 0.000000 0.000000
vt 0.000000 0.000000
vt 0.000000 0.000000
vt 0.000000 0.000000
vt 0.000000 0.000000
vt 0.000000 0.000000
vt 0.000000 0.000000
vt 0.000000 0.000000
vt 0.000000 0.000000
vt 0.000000 0.000000
vt 0.000000 0.000000
vt 0.000000 0.000000
vt 0.000000 0.000000
vt 0.000000 0.000000
vt 0.000000 0.000000
vt 0.000000 0.000000
vt 0.000000 0.000000
vt 0.000000 0.000000
vt 0.000000 0.000000
vt 0.000000 0.000000
vt 0.000000 0.000000
vt 0.000000 0.000000
vt 0.000000 0.000000
vt 0.000000 0.000000
vt 0.000000 0.000000
vt 0.000000 0.000000
vt 0.000000 0.000000
vt 0.000000 0.000000
vt 0.000000 0.000000
vt 0.000000 0.000000
vt 0.000000 0.000000
vt 0.000000 0.000000
vt 0.000000 0.000000
vt 0.000000 0.000000
vt 0.000000 0.000000
vt 0.000000 0.000000
vt 0.000000 0.000000
vt 0.000000 0.000000
vt 0.000000 0.000000
vt 0.000000 0.000000
vt 0.000000 0.000000
vt 0.000000 0.000000
vt 0.000000 0.000000
vt 0.000000 0.000000
vt 0.000000 0.000000
vt 0.000000 0.000000
vt 0.000000 0.000000
vt 0.000000 0.000000
vt 0.000000 0.000000
vt 0.000000 0.000000
vt 0.000000 0.000000
vt 0.000000 0.000000
vt 0.000000 0.000000
vt 0.000000 0.000000
vt 0.000000 0.000000
vt 0.000000 0.000000
vt 0.000000 0.000000
vt 0.000000 0.000000
vt 0.000000 0.000000
vt 0.000000 0.000000
vt 0.000000 0.000000
vt 0.000000 0.000000
vt 0.000000 0.000000
vt 0.000000 0.000000
vt 0.000000 0.000000
vt 0.000000 0.000000
vt 0.000000 0.000000
vt 0.000000 0.000000
vt 0.000000 0.000000
vt 0.000000 0.000000
vt 0.000000 0.000000
vt 0.000000 0.000000
vt 0.000000 0.000000
vt 0.000000 0.000000
vt 0.000000 0.000000
vt 0.000000 0.000000
vt 0.000000 0.000000
vt 0.000000 0.000000
vt 0.000000 0.000000
vt 0.000000 0.000000
vt 0.000000 0.000000
vt 0.000000 0.000000
vt 0.000000 0.000000
vt 0.000000 0.000000
vt 0.000000 0.000000
vt 0.000000 0.000000
vt 0.000000 0.000000
vt 0.000000 0.000000
vt 0.000000 0.000000
vt 0.000000 0.000000
vt 0.000000 0.000000
vt 0.000000 0.000000
vt 0.000000 0.000000
vt 0.000000 0.000000
vt 0.000000 0.000000
vt 0.000000 0.000000
vt 0.000000 0.000000
vt 0.000000 0.000000
vt 0.000000 0.000000
vt 0.000000 0.000000
vt 0.000000 0.000000
vt 0.000000 0.000000
vt 0.000000 0.000000
vt 0.000000 0.000000
vt 0.000000 0.000000
vt 0.000000 0.000000
vt 0.000000 0.000000
vt 0.000000 0.000000
vt 0.000000 0.000000
vt 0.000000 0.000000
vt 0.000000 0.000000
vt 0.000000 0.000000
vt 0.000000 0.000000
vt 0.000000 0.000000
vt 0.000000 0.000000
vt 0.000000 0.000000
vt 0.000000 0.000000
vt 0.000000 0.000000
vt 0.000000 0.000000
vt 0.000000 0.000000
vt 0.000000 0.000000
vt 0.000000 0.000000
vt 0.000000 0.000000
vt 0.000000 0.000000
vt 0.000000 0.000000
vt 0.000000 0.000000
vt 0.000000 0.000000
vt 0.000000 0.000000
vt 0.000000 0.000000
vt 0.000000 0.000000
vt 0.000000 0.000000
vt 0.000000 0.000000
vt 0.000000 0.000000
vt 0.000000 0.000000
vt 0.000000 0.000000
vt 0.000000 0.000000
vt 0.000000 0.000000
vt 0.000000 0.000000
vt 0.000000 0.000000
vt 0.000000 0.000000
vt 0.000000 0.000000
vt 0.000000 0.000000
vt 0.000000 0.000000
vt 0.000000 0.000000
vt 0.000000 0.000000
vt 0.000000 0.000000
vt 0.000000 0.000000
vt 0.000000 0.000000
vt 0.000000 0.000000
vt 0.000000 0.000000
vt 0.000000 0.000000
vt 0.000000 0.000000
vt 0.000000 0.000000
vt 0.000000 0.000000
vt 0.000000 0.000000
vt 0.000000 0.000000
vt 0.000000 0.000000
vt 0.000000 0.000000
vt 0.000000 0.000000
vt 0.000000 0.000000
vt 0.000000 0.000000
vt 0.000000 0.000000
vt 0.000000 0.000000
vt 0.000000 0.000000
vt 0.000000 0.000000
vt 0.000000 0.000000
vt 0.000000 0.000000
vt 0.000000 0.000000
vt 0.000000 0.000000
vt 0.000000 0.000000
vt 0.000000 0.000000
vt 0.000000 0.000000
vt 0.000000 0.000000
vt 0.000000 0.000000
vt 0.000000 0.000000
vt 0.000000 0.000000
vt 0.000000 0.000000
vt 0.000000 0.000000
vt 0.000000 0.000000
vt 0.000000 0.000000
vt 0.000000 0.000000
vt 0.000000 0.000000
vt 0.000000 0.000000
vt 0.000000 0.000000
vt 0.000000 0.000000
vt 0.000000 0.000000
vt 0.000000 0.000000
vt 0.000000 0.000000
vt 0.000000 0.000000
vt 0.000000 0.000000
vt 0.000000 0.000000
vt 0.000000 0.000000
vt 0.000000 0.000000
vt 0.000000 0.000000
vt 0.000000 0.000000
vt 0.000000 0.000000
vt 0.000000 0.000000
vt 0.000000 0.000000
vt 0.000000 0.000000
vt 0.000000 0.000000
vt 0.000000 0.000000
vt 0.000000 0.000000
vt 0.000000 0.000000
vt 0.000000 0.000000
vt 0.000000 0.000000
vt 0.000000 0.000000
vt 0.000000 0.000000
vt 0.000000 0.000000
vt 0.000000 0.000000
vt 0.000000 0.000000
vt 0.000000 0.000000
vt 0.000000 0.000000
vt 0.000000 0.000000
vt 0.000000 0.000000
vt 0.000000 0.000000
vt 0.000000 0.000000
vt 0.000000 0.000000
vt 0.000000 0.000000
vt 0.000000 0.000000
vt 0.000000 0.000000
vt 0.000000 0.000000
vt 0.000000 0.000000
vt 0.000000 0.000000
vt 0.000000 0.000000
vt 0.000000 0.000000
vt 0.000000 0.000000
vt 0.000000 0.000000
vt 0.000000 0.000000
vt 0.000000 0.000000
vt 0.000000 0.000000
vt 0.000000 0.000000
vt 0.000000 0.000000
vt 0.000000 0.000000
vt 0.000000 0.000000
vt 0.000000 0.000000
vt 0.000000 0.000000
vt 0.000000 0.000000
vt 0.000000 0.000000
vt 0.000000 0.000000
vt 0.000000 0.000000
vt 0.000000 0.000000
vt 0.000000 0.000000
vt 0.000000 0.000000
vt 0.000000 0.000000
vt 0.000000 0.000000
vt 0.000000 0.000000
vt 0.000000 0.000000
vt 0.000000 0.000000
vt 0.000000 0.000000
vt 0.000000 0.000000
vt 0.000000 0.000000
vt 0.000000 0.000000
vt 0.000000 0.000000
vt 0.000000 0.000000
vt 0.000000 0.000000
vt 0.000000 0.000000
vt 0.000000 0.000000
vt 0.000000 0.000000
vt 0.000000 0.000000
vt 0.000000 0.000000
vt 0.000000 0.000000
vt 0.000000 0.000000
vt 0.000000 0.000000
vt 0.000000 0.000000
vt 0.000000 0.000000
vt 0.000000 0.000000
vt 0.000000 0.000000
vt 0.000000 0.000000
vt 0.000000 0.000000
vt 0.000000 0.000000
vt 0.000000 0.000000
vt 0.000000 0.000000
vt 0.000000 0.000000
vt 0.000000 0.000000
vt 0.000000 0.000000
vt 0.000000 0.000000
vt 0.000000 0.000000
vt 0.000000 0.000000
vt 0.000000 0.000000
vt 0.000000 0.000000
vt 0.000000 0.000000
vt 0.000000 0.000000
vt 0.000000 0.000000
vt 0.000000 0.000000
vt 0.000000 0.000000
vt 0.000000 0.000000
vt 0.000000 0.000000
vt 0.000000 0.000000
vt 0.000000 0.000000
vt 0.000000 0.000000
vt 0.000000 0.000000
vt 0.000000 0.000000
vt 0.000000 0.000000
vt 0.000000 0.000000
vt 0.000000 0.000000
vt 0.000000 0.000000
vt 0.000000 0.000000
vt 0.000000 0.000000
vt 0.000000 0.000000
vt 0.000000 0.000000
vt 0.000000 0.000000
vt 0.000000 0.000000
vt 0.000000 0.000000
vt 0.000000 0.000000
vt 0.000000 0.000000
vt 0.000000 0.000000
vt 0.000000 0.000000
vt 0.000000 0.000000
vt 0.000000 0.000000
vt 0.000000 0.000000
vt 0.000000 0.000000
vt 0.000000 0.000000
vt 0.000000 0.000000
vt 0.000000 0.000000
vt 0.000000 0.000000
vt 0.000000 0.000000
vt 0.000000 0.000000
vt 0.000000 0.000000
vt 0.000000 0.000000
vt 0.000000 0.000000
vt 0.000000 0.000000
vt 0.000000 0.000000
vt 0.000000 0.000000
vt 0.000000 0.000000
vt 0.000000 0.000000
vt 0.000000 0.000000
vt 0.000000 0.000000
vt 0.000000 0.000000
vt 0.000000 0.000000
vt 0.000000 0.000000
vt 0.000000 0.000000
vt 0.000000 0.000000
vt 0.000000 0.000000
vt 0.000000 0.000000
vt 0.000000 0.000000
vt 0.000000 0.000000
vt 0.000000 0.000000
vt 0.000000 0.000000
vt 0.000000 0.000000
vt 0.000000 0.000000
vt 0.000000 0.000000
vt 0.000000 0.000000
vt 0.000000 0.000000
vt 0.000000 0.000000
vt 0.000000 0.000000
vt 0.000000 0.000000
vt 0.000000 0.000000
vt 0.000000 0.000000
vt 0.000000 0.000000
vt 0.000000 0.000000
vt 0.000000 0.000000
vt 0.000000 0.000000
vt 0.000000 0.000000
vt 0.000000 0.000000
vt 0.000000 0.000000
vt 0.000000 0.000000
vt 0.000000 0.000000
vt 0.000000 0.000000
vt 0.000000 0.000000
vt 0.000000 0.000000
vt 0.000000 0.000000
vt 0.000000 0.000000
vt 0.000000 0.000000
vt 0.000000 0.000000
vt 0.000000 0.000000
vt 0.000000 0.000000
vt 0.000000 0.000000
vt 0.000000 0.000000
vt 0.000000 0.000000
vt 0.000000 0.000000
vt 0.000000 0.000000
vt 0.000000 0.000000
vt 0.000000 0.000000
vt 0.000000 0.000000
vt 0.000000 0.000000
vt 0.000000 0.000000
vt 0.000000 0.000000
vt 0.000000 0.000000
vt 0.000000 0.000000
vt 0.000000 0.000000
vt 0.000000 0.000000
vt 0.000000 0.000000
vt 0.000000 0.000000
vt 0.000000 0.000000
vt 0.000000 0.000000
vt 0.000000 0.000000
vt 0.000000 0.000000
vt 0.000000 0.000000
vt 0.000000 0.000000
vt 0.000000 0.000000
vt 0.000000 0.000000
vt 0.000000 0.000000
vt 0.000000 0.000000
vt 0.000000 0.000000
vt 0.000000 0.000000
vt 0.000000 0.000000
vt 0.000000 0.000000
vt 0.000000 0.000000
vt 0.000000 0.000000
vt 0.000000 0.000000
vt 0.000000 0.000000
vt 0.000000 0.000000
vt 0.000000 0.000000
vt 0.000000 0.000000
vt 0.000000 0.000000
vt 0.000000 0.000000
vt 0.000000 0.000000
vt 0.000000 0.000000
vt 0.000000 0.000000
vt 0.000000 0.000000
vt 0.000000 0.000000
vt 0.000000 0.000000
vt 0.000000 0.000000
vt 0.000000 0.000000
vt 0.000000 0.000000
vt 0.000000 0.000000
vt 0.000000 0.000000
vt 0.000000 0.000000
vt 0.000000 0.000000
vt 0.000000 0.000000
vt 0.000000 0.000000
vt 0.000000 0.000000
vt 0.000000 0.000000
vt 0.000000 0.000000
vt 0.000000 0.000000
vt 0.000000 0.000000
vt 0.000000 0.000000
vt 0.000000 0.000000
vt 0.000000 0.000000
vt 0.000000 0.000000
vt 0.000000 0.000000
vt 0.000000 0.000000
vt 0.000000 0.000000
vt 0.000000 0.000000
vt 0.000000 0.000000
vt 0.000000 0.000000
vt 0.000000 0.000000
vt 0.000000 0.000000
vt 0.000000 0.000000
vt 0.000000 0.000000
vt 0.000000 0.000000
vt 0.000000 0.000000
vt 0.000000 0.000000
vt 0.000000 0.000000
vt 0.000000 0.000000
vt 0.000000 0.000000
vt 0.000000 0.000000
vt 0.000000 0.000000
vt 0.000000 0.000000
vt 0.000000 0.000000
vt 0.000000 0.000000
vt 0.000000 0.000000
vt 0.000000 0.000000
vt 0.000000 0.000000
vt 0.000000 0.000000
vt 0.000000 0.000000
vt 0.000000 0.000000
vt 0.000000 0.000000
vt 0.000000 0.000000
vt 0.000000 0.000000
vt 0.000000 0.000000
vt 0.000000 0.000000
vt 0.000000 0.000000
vt 0.000000 0.000000
vt 0.000000 0.000000
vt 0.000000 0.000000
vt 0.000000 0.000000
vt 0.000000 0.000000
vt 0.000000 0.000000
vt 0.000000 0.000000
vt 0.000000 0.000000
vt 0.000000 0.000000
vt 0.000000 0.000000
vt 0.000000 0.000000
vt 0.000000 0.000000
vt 0.000000 0.000000
vt 0.000000 0.000000
vt 0.000000 0.000000
vt 0.000000 0.000000
vt 0.000000 0.000000
vt 0.000000 0.000000
vt 0.000000 0.000000
vt 0.000000 0.000000
vt 0.000000 0.000000
vt 0.000000 0.000000
vt 0.000000 0.000000
vt 0.000000 0.000000
vt 0.000000 0.000000
vt 0.000000 0.000000
vt 0.000000 0.000000
vt 0.000000 0.000000
vt 0.000000 0.000000
vt 0.000000 0.000000
vt 0.000000 0.000000
vt 0.000000 0.000000
vt 0.000000 0.000000
vt 0.000000 0.000000
vt 0.000000 0.000000
vt 0.000000 0.000000
vt 0.000000 0.000000
vt 0.000000 0.000000
vt 0.000000 0.000000
vt 0.000000 0.000000
vt 0.000000 0.000000
vt 0.000000 0.000000
vt 0.000000 0.000000
vt 0.000000 0.000000
vt 0.000000 0.000000
vt 0.000000 0.000000
vt 0.000000 0.000000
vt 0.000000 0.000000
vt 0.000000 0.000000
vt 0.000000 0.000000
vt 0.000000 0.000000
vt 0.000000 0.000000
vt 0.000000 0.000000
vt 0.000000 0.000000
vt 0.000000 0.000000
vt 0.000000 0.000000
vt 0.000000 0.000000
vt 0.000000 0.000000
vt 0.000000 0.000000
vt 0.000000 0.000000
vt 0.000000 0.000000
vt 0.000000 0.000000
vt 0.000000 0.000000
vt 0.000000 0.000000
vt 0.000000 0.000000
vt 0.000000 0.000000
vt 0.000000 0.000000
vt 0.000000 0.000000
vt 0.000000 0.000000
vt 0.000000 0.000000
vt 0.000000 0.000000
vt 0.000000 0.000000
vt 0.000000 0.000000
vt 0.000000 0.000000
vt 0.000000 0.000000
vt 0.000000 0.000000
vt 0.000000 0.000000
vt 0.000000 0.000000
vt 0.000000 0.000000
vt 0.000000 0.000000
vt 0.000000 0.000000
vt 0.000000 0.000000
vt 0.000000 0.000000
vt 0.000000 0.000000
vt 0.000000 0.000000
vt 0.000000 0.000000
vt 0.000000 0.000000
vt 0.000000 0.000000
vt 0.000000 0.000000
vt 0.000000 0.000000
vt 0.000000 0.000000
vt 0.000000 0.000000
vt 0.000000 0.000000
vt 0.000000 0.000000
vt 0.000000 0.000000
vt 0.000000 0.000000
vt 0.000000 0.000000
vt 0.000000 0.000000
vt 0.000000 0.000000
vt 0.000000 0.000000
vt 0.000000 0.000000
vt 0.000000 0.000000
vt 0.000000 0.000000
vt 0.000000 0.000000
vt 0.000000 0.000000
vt 0.000000 0.000000
vt 0.000000 0.000000
vt 0.000000 0.000000
vt 0.000000 0.000000
vt 0.000000 0.000000
vt 0.000000 0.000000
vt 0.000000 0.000000
vt 0.000000 0.000000
vt 0.000000 0.000000
vt 0.000000 0.000000
vt 0.000000 0.000000
vt 0.000000 0.000000
vt 0.000000 0.000000
vt 0.000000 0.000000
vt 0.000000 0.000000
vt 0.000000 0.000000
vt 0.000000 0.000000
vt 0.000000 0.000000
vt 0.000000 0.000000
vt 0.000000 0.000000
vt 0.000000 0.000000
vt 0.000000 0.000000
vt 0.000000 0.000000
vt 0.000000 0.000000
vt 0.000000 0.000000
vt 0.000000 0.000000
vt 0.000000 0.000000
vt 0.000000 0.000000
vt 0.000000 0.000000
vt 0.000000 0.000000
vt 0.000000 0.000000
vt 0.000000 0.000000
vt 0.000000 0.000000
vt 0.000000 0.000000
vt 0.000000 0.000000
vt 0.000000 0.000000
vt 0.000000 0.000000
vt 0.000000 0.000000
vt 0.000000 0.000000
vt 0.000000 0.000000
vt 0.000000 0.000000
vt 0.000000 0.000000
vt 0.000000 0.000000
vt 0.000000 0.000000
vt 0.000000 0.000000
vt 0.000000 0.000000
vt 0.000000 0.000000
vt 0.000000 0.000000
vt 0.000000 0.000000
vt 0.000000 0.000000
vt 0.000000 0.000000
vt 0.000000 0.000000
vt 0.000000 0.000000
vt 0.000000 0.000000
vt 0.000000 0.000000
vt 0.000000 0.000000
vt 0.000000 0.000000
vt 0.000000 0.000000
vt 0.000000 0.000000
vt 0.000000 0.000000
vt 0.000000 0.000000
vt 0.000000 0.000000
vt 0.000000 0.000000
vt 0.000000 0.000000
vt 0.000000 0.000000
vt 0.000000 0.000000
vt 0.000000 0.000000
vt 0.000000 0.000000
vt 0.000000 0.000000
vt 0.000000 0.000000
vt 0.000000 0.000000
vt 0.000000 0.000000
vt 0.000000 0.000000
vt 0.000000 0.000000
vt 0.000000 0.000000
vt 0.000000 0.000000
vt 0.000000 0.000000
vt 0.000000 0.000000
vt 0.000000 0.000000
vt 0.000000 0.000000
vt 0.000000 0.000000
vt 0.000000 0.000000
vt 0.000000 0.000000
vt 0.000000 0.000000
vt 0.000000 0.000000
vt 0.000000 0.000000
vt 0.000000 0.000000
vt 0.000000 0.000000
vt 0.000000 0.000000
vt 0.000000 0.000000
vt 0.000000 0.000000
vt 0.000000 0.000000
vt 0.000000 0.000000
vt 0.000000 0.000000
vt 0.000000 0.000000
vt 0.000000 0.000000
vt 0.000000 0.000000
vt 0.000000 0.000000
vt 0.000000 0.000000
vt 0.000000 0.000000
vt 0.000000 0.000000
vt 0.000000 0.000000
vt 0.000000 0.000000
vt 0.000000 0.000000
vt 0.000000 0.000000
vt 0.000000 0.000000
vt 0.000000 0.000000
vt 0.000000 0.000000
vt 0.000000 0.000000
vt 0.000000 0.000000
vt 0.000000 0.000000
vt 0.000000 0.000000
vt 0.000000 0.000000
vt 0.000000 0.000000
vt 0.000000 0.000000
vt 0.000000 0.000000
vt 0.000000 0.000000
vt 0.000000 0.000000
vt 0.000000 0.000000
vt 0.000000 0.000000
vt 0.000000 0.000000
vt 0.000000 0.000000
vt 0.000000 0.000000
vt 0.000000 0.000000
vt 0.000000 0.000000
vt 0.000000 0.000000
vt 0.000000 0.000000
vt 0.000000 0.000000
vt 0.000000 0.000000
vt 0.000000 0.000000
vt 0.000000 0.000000
vt 0.000000 0.000000
vt 0.000000 0.000000
vt 0.000000 0.000000
vt 0.000000 0.000000
vt 0.000000 0.000000
vt 0.000000 0.000000
vt 0.000000 0.000000
vt 0.000000 0.000000
vt 0.000000 0.000000
vt 0.000000 0.000000
vt 0.000000 0.000000
vt 0.000000 0.000000
vt 0.000000 0.000000
vt 0.000000 0.000000
vt 0.000000 0.000000
vt 0.000000 0.000000
vt 0.000000 0.000000
vt 0.000000 0.000000
vt 0.000000 0.000000
vt 0.000000 0.000000
vt 0.000000 0.000000
vt 0.000000 0.000000
vt 0.000000 0.000000
vt 0.000000 0.000000
vt 0.000000 0.000000
vt 0.000000 0.000000
vt 0.000000 0.000000
vt 0.000000 0.000000
vt 0.000000 0.000000
vt 0.000000 0.000000
vt 0.000000 0.000000
vt 0.000000 0.000000
vt 0.000000 0.000000
vt 0.000000 0.000000
vt 0.000000 0.000000
vt 0.000000 0.000000
vt 0.000000 0.000000
vt 0.000000 0.000000
vt 0.000000 0.000000
vt 0.000000 0.000000
vt 0.000000 0.000000
vt 0.000000 0.000000
vt 0.000000 0.000000
vt 0.000000 0.000000
vt 0.000000 0.000000
vt 0.000000 0.000000
vt 0.000000 0.000000
vt 0.000000 0.000000
vt 0.000000 0.000000
vt 0.000000 0.000000
vt 0.000000 0.000000
vt 0.000000 0.000000
vt 0.000000 0.000000
vt 0.000000 0.000000
vt 0.000000 0.000000
vt 0.000000 0.000000
vt 0.000000 0.000000
vt 0.000000 0.000000
vt 0.000000 0.000000
vt 0.000000 0.000000
vt 0.000000 0.000000
vt 0.000000 0.000000
vt 0.000000 0.000000
vt 0.000000 0.000000
vt 0.000000 0.000000
vt 0.000000 0.000000
vt 0.000000 0.000000
vt 0.000000 0.000000
vt 0.000000 0.000000
vt 0.000000 0.000000
vt 0.000000 0.000000
vt 0.000000 0.000000
vt 0.000000 0.000000
vt 0.000000 0.000000
vt 0.000000 0.000000
vt 0.000000 0.000000
vt 0.000000 0.000000
vt 0.000000 0.000000
vt 0.000000 0.000000
vt 0.000000 0.000000
vt 0.000000 0.000000
vt 0.000000 0.000000
vt 0.000000 0.000000
vt 0.000000 0.000000
vt 0.000000 0.000000
vt 0.000000 0.000000
vt 0.000000 0.000000
vt 0.000000 0.000000
vt 0.000000 0.000000
vt 0.000000 0.000000
vt 0.000000 0.000000
vt 0.000000 0.000000
vt 0.000000 0.000000
vt 0.000000 0.000000
vt 0.000000 0.000000
vt 0.000000 0.000000
vt 0.000000 0.000000
vt 0.000000 0.000000
vt 0.000000 0.000000
vt 0.000000 0.000000
vt 0.000000 0.000000
vt 0.000000 0.000000
vt 0.000000 0.000000
vt 0.000000 0.000000
vt 0.000000 0.000000
vt 0.000000 0.000000
vt 0.000000 0.000000
vt 0.000000 0.000000
vt 0.000000 0.000000
vt 0.000000 0.000000
vt 0.000000 0.000000
vt 0.000000 0.000000
vt 0.000000 0.000000
vt 0.000000 0.000000
vt 0.000000 0.000000
vt 0.000000 0.000000
vt 0.000000 0.000000
vt 0.000000 0.000000
vt 0.000000 0.000000
vt 0.000000 0.000000
vt 0.000000 0.000000
vt 0.000000 0.000000
vt 0.000000 0.000000
vt 0.000000 0.000000
vt 0.000000 0.000000
vt 0.000000 0.000000
vt 0.000000 0.000000
vt 0.000000 0.000000
vt 0.000000 0.000000
vt 0.000000 0.000000
vt 0.000000 0.000000
vt 0.000000 0.000000
vt 0.000000 0.000000
vt 0.000000 0.000000
vt 0.000000 0.000000
vt 0.000000 0.000000
vt 0.000000 0.000000
vt 0.000000 0.000000
vt 0.000000 0.000000
vt 0.000000 0.000000
vt 0.000000 0.000000
vt 0.000000 0.000000
vt 0.000000 0.000000
vt 0.000000 0.000000
vt 0.000000 0.000000
vt 0.000000 0.000000
vt 0.000000 0.000000
vt 0.000000 0.000000
vt 0.000000 0.000000
vt 0.000000 0.000000
vt 0.000000 0.000000
vt 0.000000 0.000000
vt 0.000000 0.000000
vt 0.000000 0.000000
vt 0.000000 0.000000
vt 0.000000 0.000000
vt 0.000000 0.000000
vt 0.000000 0.000000
vt 0.000000 0.000000
vt 0.000000 0.000000
vt 0.000000 0.000000
vt 0.000000 0.000000
vt 0.000000 0.000000
vt 0.000000 0.000000
vt 0.000000 0.000000
vt 0.000000 0.000000
vt 0.000000 0.000000
vt 0.000000 0.000000
vt 0.000000 0.000000
vt 0.000000 0.000000
vt 0.000000 0.000000
vt 0.000000 0.000000
vt 0.000000 0.000000
vt 0.000000 0.000000
vt 0.000000 0.000000
vt 0.000000 0.000000
vt 0.000000 0.000000
vt 0.000000 0.000000
vt 0.000000 0.000000
vt 0.000000 0.000000
vt 0.000000 0.000000
vt 0.000000 0.000000
vt 0.000000 0.000000
vt 0.000000 0.000000
vt 0.000000 0.000000
vt 0.000000 0.000000
vt 0.000000 0.000000
vt 0.000000 0.000000
vt 0.000000 0.000000
vt 0.000000 0.000000
vt 0.000000 0.000000
vt 0.000000 0.000000
vt 0.000000 0.000000
vt 0.000000 0.000000
vt 0.000000 0.000000
vt 0.000000 0.000000
vt 0.000000 0.000000
vt 0.000000 0.000000
vt 0.000000 0.000000
vt 0.000000 0.000000
vt 0.000000 0.000000
vt 0.000000 0.000000
vt 0.000000 0.000000
vt 0.000000 0.000000
vt 0.000000 0.000000
vt 0.000000 0.000000
vt 0.000000 0.000000
vt 0.000000 0.000000
vt 0.000000 0.000000
vt 0.000000 0.000000
vt 0.000000 0.000000
vt 0.000000 0.000000
vt 0.000000 0.000000
vt 0.000000 0.000000
vt 0.000000 0.000000
vt 0.000000 0.000000
vt 0.000000 0.000000
vt 0.000000 0.000000
vt 0.000000 0.000000
vt 0.000000 0.000000
vt 0.000000 0.000000
vt 0.000000 0.000000
vt 0.000000 0.000000
vt 0.000000 0.000000
vt 0.000000 0.000000
vt 0.000000 0.000000
vt 0.000000 0.000000
vt 0.000000 0.000000
vt 0.000000 0.000000
vt 0.000000 0.000000
vt 0.000000 0.000000
vt 0.000000 0.000000
vt 0.000000 0.000000
vt 0.000000 0.000000
vt 0.000000 0.000000
vt 0.000000 0.000000
vt 0.000000 0.000000
vt 0.000000 0.000000
vt 0.000000 0.000000
vt 0.000000 0.000000
vt 0.000000 0.000000
vt 0.000000 0.000000
vt 0.000000 0.000000
vt 0.000000 0.000000
vt 0.000000 0.000000
vt 0.000000 0.000000
vt 0.000000 0.000000
vt 0.000000 0.000000
vt 0.000000 0.000000
vt 0.000000 0.000000
vt 0.000000 0.000000
vt 0.000000 0.000000
vt 0.000000 0.000000
vt 0.000000 0.000000
vt 0.000000 0.000000
vt 0.000000 0.000000
vt 0.000000 0.000000
vt 0.000000 0.000000
vt 0.000000 0.000000
vt 0.000000 0.000000
vt 0.000000 0.000000
vt 0.000000 0.000000
vt 0.000000 0.000000
vt 0.000000 0.000000
vt 0.000000 0.000000
vt 0.000000 0.000000
vt 0.000000 0.000000
vt 0.000000 0.000000
vt 0.000000 0.000000
vt 0.000000 0.000000
vt 0.000000 0.000000
vt 0.000000 0.000000
vt 0.000000 0.000000
vt 0.000000 0.000000
vt 0.000000 0.000000
vt 0.000000 0.000000
vt 0.000000 0.000000
vt 0.000000 0.000000
vt 0.000000 0.000000
vt 0.000000 0.000000
vt 0.000000 0.000000
vt 0.000000 0.000000
vt 0.000000 0.000000
vt 0.000000 0.000000
vt 0.000000 0.000000
vt 0.000000 0.000000
vt 0.000000 0.000000
vt 0.000000 0.000000
vt 0.000000 0.000000
vt 0.000000 0.000000
vt 0.000000 0.000000
vt 0.000000 0.000000
vt 0.000000 0.000000
vt 0.000000 0.000000
vt 0.000000 0.000000
vt 0.000000 0.000000
vt 0.000000 0.000000
vt 0.000000 0.000000
vt 0.000000 0.000000
vt 0.000000 0.000000
vt 0.000000 0.000000
vt 0.000000 0.000000
vt 0.000000 0.000000
vt 0.000000 0.000000
vt 0.000000 0.000000
vt 0.000000 0.000000
vt 0.000000 0.000000
vt 0.000000 0.000000
vt 0.000000 0.000000
vt 0.000000 0.000000
vt 0.000000 0.000000
vt 0.000000 0.000000
vt 0.000000 0.000000
vt 0.000000 0.000000
vt 0.000000 0.000000
vt 0.000000 0.000000
vt 0.000000 0.000000
vt 0.000000 0.000000
vt 0.000000 0.000000
vt 0.000000 0.000000
vt 0.000000 0.000000
vt 0.000000 0.000000
vt 0.000000 0.000000
vt 0.000000 0.000000
vt 0.000000 0.000000
vt 0.000000 0.000000
vt 0.000000 0.000000
vt 0.000000 0.000000
vt 0.000000 0.000000
vt 0.000000 0.000000
vt 0.000000 0.000000
vt 0.000000 0.000000
vt 0.000000 0.000000
vt 0.000000 0.000000
vt 0.000000 0.000000
vt 0.000000 0.000000
vt 0.000000 0.000000
vt 0.000000 0.000000
vt 0.000000 0.000000
vt 0.000000 0.000000
vt 0.000000 0.000000
vt 0.000000 0.000000
vt 0.000000 0.000000
vt 0.000000 0.000000
vt 0.000000 0.000000
vt 0.000000 0.000000
vt 0.000000 0.000000
vt 0.000000 0.000000
vt 0.000000 0.000000
vt 0.000000 0.000000
vt 0.000000 0.000000
vt 0.000000 0.000000
vt 0.000000 0.000000
vt 0.000000 0.000000
vt 0.000000 0.000000
vt 0.000000 0.000000
vt 0.000000 0.000000
vt 0.000000 0.000000
vt 0.000000 0.000000
vt 0.000000 0.000000
vt 0.000000 0.000000
vt 0.000000 0.000000
vt 0.000000 0.000000
vt 0.000000 0.000000
vt 0.000000 0.000000
vt 0.000000 0.000000
vt 0.000000 0.000000
vt 0.000000 0.000000
vt 0.000000 0.000000
vt 0.000000 0.000000
vt 0.000000 0.000000
vt 0.000000 0.000000
vt 0.000000 0.000000
vt 0.000000 0.000000
vt 0.000000 0.000000
vt 0.000000 0.000000
vt 0.000000 0.000000
vt 0.000000 0.000000
vt 0.000000 0.000000
vt 0.000000 0.000000
vt 0.000000 0.000000
vt 0.000000 0.000000
vt 0.000000 0.000000
vt 0.000000 0.000000
vt 0.000000 0.000000
vt 0.000000 0.000000
vt 0.000000 0.000000
vt 0.000000 0.000000
vt 0.000000 0.000000
vt 0.000000 0.000000
vt 0.000000 0.000000
vt 0.000000 0.000000
vt 0.000000 0.000000
vt 0.000000 0.000000
vt 0.000000 0.000000
vt 0.000000 0.000000
vt 0.000000 0.000000
vt 0.000000 0.000000
vt 0.000000 0.000000
vt 0.000000 0.000000
vt 0.000000 0.000000
vt 0.000000 0.000000
vt 0.000000 0.000000
vt 0.000000 0.000000
vt 0.000000 0.000000
vt 0.000000 0.000000
vt 0.000000 0.000000
vt 0.000000 0.000000
vt 0.000000 0.000000
vn 0.1115 -0.0000 0.9938
vn -0.1115 0.0000 -0.9938
vn -0.1115 0.0001 -0.9938
vn 0.0000 1.0000 -0.0000
vn -0.9938 0.0000 0.1115
vn 0.0000 -1.0000 0.0000
vn 0.9938 0.0000 -0.1116
vn -0.9938 0.0000 0.1116
vn 0.9938 0.0000 -0.1115
vn -0.9938 0.0000 0.1114
vn 0.9938 0.0000 -0.1114
vn 0.9938 0.0001 -0.1115
vn 0.9938 -0.0002 -0.1115
vn 0.9938 0.0006 -0.1115
vn 0.9938 0.0005 -0.1115
vn -0.0022 -0.0000 1.0000
vn -0.0533 -0.0016 0.9986
vn -0.0283 -0.0010 0.9996
vn -0.9938 -0.0001 0.1115
vn -0.9938 0.0003 0.1115
vn -0.0059 -1.0000 0.0005
vn -0.0062 -1.0000 0.0005
vn -0.0065 -1.0000 0.0005
vn -0.9938 0.0001 0.1115
vn -0.9938 -0.0009 0.1113
vn 0.9938 -0.0001 -0.1115
vn 0.5040 0.8619 -0.0565
vn 0.5041 0.8618 -0.0565
vn 0.4518 0.8882 -0.0837
vn 0.4671 0.8816 -0.0685
vn 0.4701 0.8819 -0.0363
vn 0.4590 0.8882 -0.0179
vn -0.0836 0.8884 -0.4514
vn -0.0685 0.8816 -0.4669
vn -0.0364 0.8818 -0.4702
vn -0.0180 0.8883 -0.4590
vn -0.0566 0.8618 -0.5042
vn -0.0565 0.8618 -0.5041
vn -0.4517 0.8882 0.0836
vn -0.4668 0.8817 0.0683
vn -0.4701 0.8818 0.0363
vn -0.4591 0.8882 0.0180
vn -0.5040 0.8618 0.0565
vn -0.5049 0.8613 0.0566
vn 0.0363 0.8819 0.4700
vn 0.0180 0.8880 0.4594
vn 0.0565 0.8618 0.5042
vn 0.0565 0.8618 0.5041
vn 0.0837 0.8882 0.4517
vn 0.0685 0.8815 0.4672
vn -0.4813 -0.8749 0.0540
vn -0.4814 -0.8749 0.0540
vn -0.4807 -0.8752 0.0539
vn -0.4816 -0.8747 0.0541
vn -0.4812 -0.8749 0.0540
vn -0.4812 -0.8749 0.0539
vn 0.0540 -0.8749 0.4812
vn 0.0539 -0.8749 0.4813
vn 0.0540 -0.8748 0.4814
vn 0.0540 -0.8750 0.4811
vn 0.4812 -0.8749 -0.0539
vn 0.4811 -0.8750 -0.0540
vn 0.4813 -0.8749 -0.0540
vn 0.4813 -0.8749 -0.0541
vn 0.4815 -0.8748 -0.0540
vn -0.0540 -0.8748 -0.4815
vn -0.0540 -0.8749 -0.4813
vn -0.0540 -0.8749 -0.4812
vn -0.0540 -0.8750 -0.4811
vn 0.9578 -0.2665 -0.1074
vn 0.9574 -0.2679 -0.1074
vn -0.8699 0.4835 0.0976
vn -0.8693 0.4845 0.0975
vn 0.6561 -0.3201 0.6834
vn 0.6564 -0.3191 0.6836
vn 0.4886 -0.3191 -0.8121
vn 0.6839 -0.3182 -0.6565
vn 0.6835 -0.3199 -0.6561
vn -0.8123 -0.3181 -0.4889
vn -0.8120 -0.3191 -0.4887
vn -0.1074 -0.2665 -0.9578
vn -0.1074 -0.2667 -0.9578
vn 0.0975 0.4841 0.8695
vn 0.0975 0.4844 0.8694
vn -0.6565 -0.3184 -0.6838
vn -0.6565 -0.3192 -0.6835
vn -0.4887 -0.3188 0.8121
vn -0.4886 -0.3191 0.8121
vn -0.9589 -0.2624 0.1075
vn -0.9574 -0.2679 0.1074
vn 0.8700 0.4833 -0.0976
vn 0.8693 0.4845 -0.0975
vn 0.8126 -0.3175 0.4888
vn 0.8116 -0.3208 0.4882
vn 0.1074 -0.2667 0.9578
vn 0.1074 -0.2668 0.9577
vn -0.0975 0.4841 -0.8695
vn -0.0975 0.4843 -0.8695
vn -0.6836 -0.3186 0.6566
vn -0.6838 -0.3183 0.6566
vn -0.9938 0.0006 0.1115
vn 0.9426 -0.3168 -0.1057
vn 0.9427 -0.3163 -0.1058
vn -0.1057 -0.3164 -0.9427
vn -0.9426 -0.3167 0.1057
vn -0.9428 -0.3162 0.1058
vn 0.1057 -0.3163 0.9427
vn 0.1057 -0.3162 0.9428
vn 0.3145 -0.9486 -0.0353
vn 0.3140 -0.9488 -0.0352
vn -0.0353 -0.9487 -0.3143
vn -0.3141 -0.9487 0.0352
vn -0.3145 -0.9486 0.0353
vn 0.0353 -0.9487 0.3143
vn 0.4812 0.8749 -0.0540
vn -0.0540 0.8749 -0.4812
vn -0.4812 0.8749 0.0540
vn 0.0540 0.8749 0.4812
vn 0.0764 -0.7281 0.6811
vn 0.0764 -0.7281 0.6812
vn -0.0772 -0.7216 -0.6880
vn 0.1018 -0.4070 0.9077
vn 0.1018 -0.4072 0.9077
vn -0.1018 -0.4070 -0.9077
vn -0.1018 -0.4072 -0.9077
vn 0.0270 -0.9703 0.2404
vn -0.0270 -0.9703 -0.2404
vn -0.9938 -0.0003 0.1114
vn 0.0005 -1.0000 0.0043
vn -0.0763 0.7288 -0.6804
vn 0.0772 0.7212 0.6884
vn -0.9938 0.0016 0.1115
vn -0.9938 0.0002 0.1115
vn -0.9938 -0.0003 0.1116
vn 0.9938 0.0005 -0.1114
vn -0.9938 0.0003 0.1114
vn -0.1115 -0.0001 -0.9938
vn -0.9938 0.0005 0.1115
vn 0.9938 -0.0003 -0.1115
vn 0.9938 -0.0007 -0.1115
vn 0.0806 0.6909 0.7185
vn -0.4263 0.6287 0.6504
vn -0.6448 0.5898 -0.4861
vn -0.0811 0.6860 -0.7231
vn 0.9938 -0.0008 -0.1115
vn 0.9938 0.0015 -0.1115
vn 0.9938 -0.0015 -0.1115
vn -0.9938 -0.0008 0.1115
vn -0.9938 0.0004 0.1115
vn 0.9938 0.0008 -0.1115
vn 0.9938 -0.0016 -0.1115
vn 0.9938 0.0001 -0.1114
vn -0.9938 0.0009 0.1115
vn -0.9938 -0.0003 0.1115
vn -0.9937 0.0000 0.1119
vn -0.9938 -0.0026 0.1115
vn -0.9938 0.0037 0.1115
vn -0.9938 0.0036 0.1115
vn 0.9938 0.0016 -0.1115
vn 0.9937 0.0000 -0.1119
vn -0.9937 -0.0000 0.1118
vn -0.9938 0.0043 0.1115
vn -0.9938 -0.0002 0.1115
vn -0.9938 0.0010 0.1115
vn 0.1114 0.0000 0.9938
vn -0.1114 0.0000 -0.9938
vn 0.1116 -0.0000 0.9938
vn -0.1116 0.0000 -0.9938
vn -0.1113 0.0000 -0.9938
vn 0.9938 0.0012 -0.1115
vn 0.9938 0.0002 -0.1115
vn -0.9938 0.0008 0.1115
vn -0.9938 -0.0016 0.1115
vn -0.9938 -0.0001 0.1114
vn -0.9938 0.0011 0.1115
vn -0.9938 0.0001 0.1114
vn -0.9938 -0.0014 0.1115
vn 0.9938 -0.0006 -0.1115
vn -0.9938 -0.0004 0.1115
vn -0.1112 -0.0000 -0.9938
vn 0.1113 0.0000 0.9938
vn 0.9937 0.0000 -0.1116
vn 0.9938 0.0007 -0.1115
vn -0.9938 -0.0006 0.1115
vn 0.9938 -0.0005 -0.1114
vn -0.9937 -0.0015 0.1118
vn -0.9938 0.0002 0.1116
vn 0.9938 0.0000 -0.1110
vn 0.9937 0.0000 -0.1118
vn -0.9938 0.0000 0.1110
vn 0.1115 0.0004 0.9938
vn 0.1115 -0.0003 0.9938
vn 0.1115 -0.0002 0.9938
vn 0.1115 0.0002 0.9938
vn -0.1115 -0.0003 -0.9938
vn 0.9939 0.0000 -0.1101
vn 0.9939 0.0000 -0.1102
vn -0.9935 0.0000 0.1135
vn -0.9935 0.0000 0.1136
vn 0.1115 0.0001 0.9938
vn 0.1115 -0.0001 0.9938
vn -0.9938 0.0000 0.1111
vn -0.9939 0.0000 0.1107
vn -0.1115 0.0002 -0.9938
vn -0.1115 -0.0002 -0.9938
vn -0.9938 0.0000 0.1113
vn -0.9937 0.0000 0.1116
vn -0.9937 -0.0001 0.1119
vn 0.9937 0.0001 -0.1119
vn 0.9935 0.0000 -0.1136
vn -0.9939 0.0000 0.1102
vn 0.9938 0.0010 -0.1115
vn -0.9938 0.0021 0.1115
vn -0.9938 -0.0021 0.1115
vn 0.9938 -0.0019 -0.1115
vn 0.9938 0.0022 -0.1115
vn 0.9938 0.0017 -0.1114
vn 0.9938 -0.0013 -0.1115
vn -0.9938 -0.0024 0.1115
vn -0.9938 0.0020 0.1115
vn -0.9938 -0.0013 0.1115
vn 0.9938 0.0010 -0.1114
vn -0.9938 -0.0011 0.1115
vn -0.9938 -0.0015 0.1115
vn -0.9938 -0.0022 0.1114
vn 0.1117 0.0000 0.9937
vn -0.1117 0.0000 -0.9937
vn 0.9938 0.0011 -0.1115
vn -0.9938 0.0022 0.1115
vn -0.9938 -0.0022 0.1115
vn 0.9938 0.0006 -0.1114
vn 0.9938 -0.0001 -0.1114
vn 0.9938 0.0003 -0.1115
vn -0.1121 0.0000 -0.9937
vn 0.1118 0.0000 0.9937
vn -0.9938 0.0001 0.1110
vn 0.9938 -0.0001 -0.1110
vn -0.9937 -0.0005 0.1120
vn 0.9937 0.0004 -0.1120
vn -0.9939 0.0000 0.1101
vn 0.0000 1.0000 0.0001
vn -0.1115 -0.0005 -0.9938
vn 0.9938 0.0001 -0.1110
vn -0.9937 0.0003 0.1120
vn 0.9939 -0.0001 -0.1101
vn 0.9939 0.0001 -0.1101
vn 0.0000 1.0000 -0.0001
vn 0.9935 0.0001 -0.1136
vn 0.9935 -0.0001 -0.1136
vn -0.1116 0.0000 -0.9937
vn 0.0000 -1.0000 -0.0001
vn 0.0000 -1.0000 0.0001
vn 0.9935 0.0000 -0.1135
vn -0.9938 0.0018 0.1115
vn -0.9938 -0.0009 0.1115
vn 0.9938 0.0019 -0.1115
vn 0.9938 -0.0014 -0.1115
vn -0.9938 -0.0001 0.1110
vn -0.9938 -0.0017 0.1115
vn -0.9938 0.0019 0.1114
vn 0.9938 0.0007 -0.1114
vn -0.9938 0.0007 0.1115
vn -0.9938 -0.0012 0.1115
vn 0.9938 -0.0012 -0.1115
vn -0.9938 0.0013 0.1115
vn 0.9938 0.0004 -0.1115
vn 0.9938 0.0028 -0.1115
vn -0.9938 0.0012 0.1115
vn 0.1112 0.0000 0.9938
vn 0.9938 -0.0010 -0.1115
vn 0.9938 0.0009 -0.1115
vn 0.9938 -0.0005 -0.1115
vn -0.9938 -0.0005 0.1115
vn -0.9938 0.0015 0.1115
vn 0.9938 -0.0017 -0.1115
vn 0.9938 0.0004 -0.1116
vn 0.9938 0.0017 -0.1115
vn 0.9938 -0.0004 -0.1115
vn -0.0665 0.8026 -0.5928
vn -0.0700 0.7329 -0.6768
vn 0.0988 0.7183 -0.6887
vn -0.0762 0.7296 -0.6796
vn -0.2411 0.7226 -0.6479
vn -0.0762 0.7295 -0.6797
vn 0.0769 0.7235 0.6860
vn 0.2420 0.7168 0.6539
vn 0.0769 0.7236 0.6859
vn 0.0672 0.7977 0.5993
vn 0.0707 0.7269 0.6831
vn -0.0984 0.7126 0.6947
vn 0.0762 -0.7296 0.6796
vn 0.0762 -0.7295 0.6797
vn 0.0762 -0.7298 0.6794
vn 0.0762 -0.7296 0.6797
vn 0.0762 -0.7293 0.6799
vn 0.0763 -0.7295 0.6797
vn -0.0769 -0.7235 -0.6860
vn -0.0770 -0.7235 -0.6860
vn -0.0769 -0.7237 -0.6858
vn -0.0768 -0.7237 -0.6858
vn -0.0770 -0.7237 -0.6858
vn -0.0571 -0.8587 -0.5093
vn 0.9938 0.0020 -0.1113
vn -0.9938 0.0020 0.1113
vn -0.0571 -0.8587 -0.5092
vn 0.0571 0.8587 0.5093
vn -0.9938 -0.0016 0.1113
vn 0.0564 -0.8626 0.5027
vn -0.0564 0.8626 -0.5027
vn 0.9938 0.0000 -0.1113
vn 0.9937 0.0002 -0.1117
vn -0.9938 0.0004 0.1113
vn -0.9938 -0.0005 0.1113
vn -0.9937 -0.0020 0.1117
vn 0.9938 -0.0005 -0.1116
vn 0.0769 0.7236 0.6860
vn 0.0764 -0.7282 0.6811
vn -0.0762 0.7297 -0.6795
vn -0.0763 0.7296 -0.6796
vn -0.0771 -0.7219 -0.6876
vn -0.0771 -0.7223 -0.6873
vn 0.0770 0.7235 0.6861
vn -0.4502 0.8915 0.0505
vn 0.4523 0.8904 -0.0507
vn 0.0482 0.9019 0.4293
vn 0.5481 0.0000 -0.8364
vn 0.7200 0.0019 0.6940
vn 0.3150 -0.9486 -0.0300
vn 0.2861 0.9337 0.2154
vn 0.9453 -0.3162 -0.0797
vn 0.0317 -0.9404 0.3386
vn -0.6132 0.7869 0.0689
vn -0.5481 0.0000 0.8364
vn -0.2303 0.9339 0.2737
vn -0.4339 0.8996 0.0487
vn -0.4500 0.8916 0.0505
vn 0.6476 0.5577 0.5192
vn -0.4626 0.1402 -0.8754
vn 0.4523 0.8904 -0.0508
vn 0.4519 0.8906 -0.0504
vn 0.5064 -0.5841 -0.6343
vn 0.7179 -0.6915 -0.0805
vn 0.4502 -0.8915 -0.0505
vn 0.4498 -0.8917 -0.0505
vn -0.2636 -0.9438 -0.1993
vn -0.4527 -0.8902 0.0507
vn -0.4523 -0.8904 0.0508
vn -0.0481 -0.9019 -0.4293
vn -0.0482 -0.9019 -0.4293
vn 0.7198 0.0000 0.6942
vn 0.1886 0.2915 -0.9378
vn -0.9918 -0.0000 0.1278
vn 0.0075 0.9999 0.0073
vn 0.6925 -0.3870 -0.6088
vn -0.7197 -0.6896 0.0807
vn -0.0011 -1.0000 -0.0011
vn -0.4594 0.8277 -0.3221
vn -0.9405 -0.3165 0.1238
vn 0.6134 0.7868 -0.0687
vn 0.5018 -0.1263 0.8557
vn -0.7198 0.0007 -0.6942
vn 0.2897 -0.9566 -0.0324
vn -0.2898 -0.9565 0.0325
vn -0.2117 0.9441 0.2526
vn -0.4500 0.8916 0.0507
vn 0.5618 -0.2401 0.7917
vn 0.1220 -0.9807 -0.1528
vn 0.7490 0.6572 -0.0840
vn 0.4363 0.8985 -0.0489
vn 0.0502 0.8929 0.4475
vn 0.2636 0.9438 0.1994
vn 0.0074 0.9978 0.0657
vn 0.2635 0.9438 0.1993
vn 0.2117 -0.9441 -0.2526
vn 0.5476 0.3208 -0.7728
vn 0.4499 -0.8916 -0.0505
vn -0.1532 -0.9806 -0.1223
vn -0.4524 -0.8904 0.0507
vn -0.4523 -0.8904 0.0507
vn -0.6352 -0.5826 -0.5071
vn 0.1022 -0.2405 0.9653
vn -0.6930 0.3857 0.6091
vn 0.8352 0.3100 -0.4543
vn -0.6602 -0.2935 0.6914
vn 0.6372 0.3040 -0.7082
vn -0.5157 0.5600 0.6484
vn -0.5416 0.0128 0.8406
vn -0.7560 -0.1326 -0.6410
vn -0.5478 -0.0069 0.8366
vn 0.9928 0.0453 -0.1113
vn 0.1115 -0.0005 0.9938
vn -0.9937 0.0084 0.1115
vn -0.3157 0.9484 0.0290
vn -0.2857 -0.9341 -0.2139
vn -0.9436 0.3213 0.0795
vn -0.0249 0.9599 -0.2793
vn 0.6118 -0.7880 -0.0687
vn 0.4592 -0.8272 0.3239
vn 0.5643 -0.0271 -0.8252
vn 0.2273 -0.9356 -0.2700
vn 0.4287 -0.9022 -0.0480
vn 0.4465 -0.8934 -0.0501
vn -0.6542 -0.5455 -0.5239
vn 0.4591 -0.1178 0.8806
vn -0.4519 -0.8907 0.0490
vn -0.4536 -0.8898 0.0505
vn -0.5056 0.5825 0.6364
vn -0.7158 0.6937 0.0803
vn -0.4510 0.8914 0.0448
vn -0.4547 0.8892 0.0509
vn 0.2628 0.9439 0.2002
vn 0.4571 0.8879 -0.0514
vn 0.4543 0.8891 -0.0557
vn 0.0486 0.9007 0.4317
vn 0.0479 0.9029 0.4271
vn -0.7239 -0.0129 -0.6898
vn -0.1840 -0.3136 0.9316
vn 0.9918 -0.0002 -0.1278
vn -0.0073 -1.0000 -0.0057
vn -0.6792 0.4199 0.6020
vn 0.5633 -0.0251 -0.8259
vn 0.7172 0.6922 -0.0802
vn -0.0080 1.0000 0.0021
vn 0.9937 0.0000 -0.1122
vn 0.9384 0.3226 -0.1235
vn -0.6123 -0.7876 0.0686
vn -0.5006 0.1020 -0.8597
vn -0.3044 0.9519 0.0340
vn 0.2805 0.9593 -0.0315
vn 0.4548 -0.8891 -0.0512
vn -0.5593 0.2456 -0.7917
vn -0.1378 0.9790 0.1503
vn -0.7526 -0.6530 0.0844
vn -0.4309 -0.9011 0.0483
vn -0.0510 -0.8891 -0.4549
vn -0.2642 -0.9438 -0.1985
vn -0.0076 -0.9977 -0.0679
vn -0.2636 -0.9438 -0.1994
vn -0.2107 0.9442 0.2532
vn -0.5504 -0.3163 0.7727
vn -0.4511 0.8914 0.0444
vn -0.4564 0.8883 0.0511
vn 0.1525 0.9803 0.1254
vn 0.4651 0.8837 -0.0521
vn 0.4574 0.8868 -0.0668
vn 0.1115 -0.0021 0.9938
vn 0.6350 0.5808 0.5093
vn -0.1012 0.2728 -0.9567
vn 0.6716 -0.4161 -0.6131
vn -0.8162 -0.3702 0.4436
vn 0.2119 -0.9441 -0.2525
vn 0.6597 0.2903 -0.6932
vn 0.8662 -0.4901 -0.0972
vn -0.6446 -0.2761 0.7129
vn 0.5211 -0.5477 -0.6546
vn 0.9589 -0.2625 -0.1075
vn 0.9577 -0.2676 -0.1059
vn 0.9603 -0.2574 -0.1076
vn 0.8407 0.5332 -0.0941
vn 0.8407 0.5332 -0.0942
vn 0.6915 0.3012 -0.6566
vn 0.2831 -0.1766 -0.9427
vn 0.2831 -0.1765 -0.9427
vn 0.2832 -0.1760 -0.9428
vn -0.1049 0.0394 -0.9937
vn -0.1049 0.0391 -0.9937
vn -0.1049 0.0393 -0.9937
vn -0.1007 0.4299 -0.8973
vn -0.8304 -0.5494 0.0929
vn -0.8911 0.4426 0.1000
vn -0.8911 0.4427 0.1000
vn -0.5371 0.2660 0.8005
vn -0.8291 0.2279 -0.5106
vn 0.6962 0.3012 0.6516
vn 0.1009 -0.4292 0.8976
vn 0.1008 -0.4292 0.8976
vn 0.6993 0.0216 0.7145
vn 0.9328 0.3448 -0.1047
vn 0.6412 0.4656 -0.6100
vn 0.6430 0.4612 -0.6114
vn 0.6410 0.4659 -0.6100
vn 0.2882 -0.2142 -0.9333
vn -0.1140 0.0000 -0.9935
vn -0.1005 0.4285 -0.8979
vn -0.9132 -0.3945 0.1025
vn -0.9551 0.2764 0.1069
vn -0.9572 0.2689 0.1071
vn -0.9561 0.2727 0.1070
vn -0.5101 0.3865 0.7684
vn -0.5102 0.3865 0.7684
vn -0.8101 0.2946 -0.5070
vn 0.6933 0.2375 0.6804
vn 0.6933 0.2374 0.6804
vn 0.0995 -0.4479 0.8885
vn 0.0995 -0.4479 0.8886
vn 0.0995 -0.4478 0.8886
vn 0.0772 -0.7216 0.6880
vn 0.7464 -0.6601 -0.0842
vn -0.3143 -0.9485 0.0390
vn -0.7054 -0.3200 -0.6324
vn 0.0533 0.8901 0.4527
vn 0.2585 0.1406 -0.9557
vn -0.9142 0.3118 -0.2589
vn -0.7821 0.3015 -0.5454
vn -0.3902 0.2913 -0.8735
vn -0.6897 -0.3119 -0.6535
vn -0.8854 -0.4541 0.0993
vn 0.7487 0.6576 -0.0840
vn 0.8864 0.4521 -0.0994
vn 0.5288 -0.3135 -0.7888
vn -0.8847 0.4556 0.0992
vn -0.2864 0.1989 0.9373
vn -0.7481 -0.6584 0.0832
vn 0.8858 -0.4534 -0.0994
vn -0.1005 0.4319 -0.8963
vn -0.3778 -0.9243 -0.0549
vn 0.1005 -0.4320 0.8962
vn 0.3549 -0.9248 -0.1367
vn 0.9961 0.0000 -0.0879
vn 0.1004 0.0000 0.9950
vn 0.0012 -1.0000 -0.0018
vn 0.7051 0.3213 0.6322
vn 0.7198 -0.0002 0.6941
vn 0.2599 -0.1861 -0.9475
vn -0.8844 -0.4542 0.1074
vn -0.0092 -0.9982 -0.0595
vn -0.7198 0.0000 -0.6941
vn -0.6896 -0.3116 -0.6538
vn -0.8878 -0.4493 0.0996
vn -0.7468 0.6598 0.0838
vn 0.8860 0.4529 -0.0994
vn -0.8850 0.4548 0.0993
vn 0.5261 0.7545 -0.3923
vn -0.2864 0.1989 0.9372
vn 0.8843 -0.4563 -0.0991
vn -0.1005 0.4320 -0.8962
vn 0.7953 -0.2943 0.5300
vn 0.1005 -0.4319 0.8963
vn -0.0001 -1.0000 -0.0010
vn -0.0773 0.7245 -0.6850
vn -0.7418 0.6654 0.0837
vn 0.1087 -0.0028 0.9941
vn 0.0001 1.0000 -0.0001
vn 0.3143 0.9485 -0.0390
vn 0.6873 0.3685 0.6260
vn -0.0529 -0.8920 -0.4489
vn -0.2629 -0.1645 0.9507
vn 0.8935 -0.3710 0.2529
vn 0.7807 -0.3025 0.5468
vn 0.3846 -0.3129 0.8684
vn 0.6938 0.3029 0.6534
vn 0.8875 0.4500 -0.0995
vn -0.7528 -0.6529 0.0844
vn -0.1197 0.0166 -0.9927
vn -0.8813 -0.4620 0.0989
vn -0.5301 0.3112 0.7888
vn 0.8872 -0.4505 -0.0995
vn 0.2854 -0.2012 -0.9370
vn 0.7355 0.6726 -0.0818
vn -0.8897 0.4456 0.0997
vn 0.1000 -0.4410 0.8919
vn 0.3738 0.9255 0.0604
vn -0.3492 0.9263 0.1417
vn -0.9961 0.0000 0.0880
vn -0.1004 0.0044 -0.9949
vn 0.6877 0.3156 0.6538
vn 0.4601 -0.8300 0.3152
vn -0.0003 1.0000 -0.0013
vn 0.1144 -0.0031 0.9934
vn 0.0849 0.9964 -0.0073
vn -0.6761 -0.3618 -0.6419
vn 0.1114 -0.0001 0.9938
vn 0.7137 0.0244 0.7000
vn -0.7204 -0.0101 -0.6935
vn -0.2390 0.2267 0.9442
vn 0.8685 0.4843 -0.1056
vn 0.0129 0.9956 0.0926
vn -0.8867 0.4515 0.0995
vn 0.8934 0.4379 -0.1002
vn -0.1149 0.0064 -0.9934
vn 0.7403 -0.6671 -0.0829
vn -0.1005 0.4318 -0.8963
vn 0.1005 -0.4323 0.8961
vn -0.8935 -0.4376 0.1003
vn -0.5258 -0.7575 0.3869
vn 0.3065 -0.1578 -0.9387
vn -0.5268 0.3173 0.7885
vn 0.8884 -0.4482 -0.0996
vn -0.7954 0.2902 -0.5320
vn 0.9938 -0.0002 -0.1114
vn -0.9938 -0.0002 0.1114
vn -0.9938 0.0002 0.1114
vn -0.9938 -0.0007 0.1115
vn 0.1119 -0.0000 0.9937
vn -0.9937 0.0001 0.1119
vn -0.9937 0.0004 0.1120
vn -0.9937 -0.0004 0.1117
vn -0.9937 0.0001 0.1118
vn -0.9937 0.0004 0.1117
vn -0.0439 -0.9190 -0.3918
vn -0.0439 -0.9190 -0.3917
vn 0.0439 0.9190 0.3919
vn 0.0439 0.9190 0.3917
vn 0.9938 0.0002 -0.1116
vn 0.9938 -0.0002 -0.1116
vn 0.3918 -0.9190 -0.0440
vn -0.3918 0.9190 0.0439
vn -0.3919 0.9190 0.0440
vn 0.3918 -0.9190 -0.0439
vn -0.3918 0.9190 0.0440
vn 0.0440 -0.9190 0.3919
vn 0.0440 -0.9190 0.3918
vn -0.0440 0.9190 -0.3918
vn -0.9938 0.0007 0.1113
vn 0.0439 -0.9191 0.3916
vn 0.0440 -0.9189 0.3920
vn -0.0440 0.9188 -0.3921
vn -0.0439 0.9191 -0.3916
vn -0.9938 0.0000 0.1112
vn -0.3918 -0.9190 0.0439
vn -0.3918 -0.9190 0.0441
vn 0.3917 0.9190 -0.0439
vn 0.3918 0.9190 -0.0439
vn -0.9937 0.0000 0.1117
vn -0.3919 -0.9190 0.0440
vn 0.3919 0.9190 -0.0439
vn 0.3918 0.9190 -0.0440
vn 0.9937 0.0000 -0.1117
vn -0.0353 -0.9485 -0.3149
vn -0.0353 -0.9484 -0.3150
vn 0.0353 0.9484 0.3151
vn 0.0353 0.9484 0.3150
usemtl None
s off
f 1/1/1 2/2/1 3/3/1
f 1/1/1 3/3/1 4/4/1
f 5/5/1 6/6/1 7/7/1
f 5/5/1 7/7/1 8/8/1
f 9/9/1 10/10/1 11/11/1
f 9/9/1 11/11/1 7/7/1
f 9/9/1 7/7/1 6/6/1
f 9/9/1 6/6/1 12/12/1
f 13/13/1 14/14/1 15/15/1
f 13/13/1 15/15/1 5/5/1
f 13/13/1 5/5/1 8/8/1
f 13/13/1 8/8/1 16/16/1
f 16/16/1 11/11/1 10/10/1
f 16/16/1 10/10/1 13/13/1
f 12/12/1 15/15/1 14/14/1
f 12/12/1 14/14/1 9/9/1
f 17/17/2 18/18/2 19/19/2
f 17/17/2 19/19/2 20/20/2
f 21/21/2 22/22/2 23/23/2
f 21/21/2 23/23/2 24/24/2
f 25/25/2 26/26/2 27/27/2
f 25/25/2 27/27/2 21/21/2
f 27/27/2 28/28/2 22/22/2
f 27/27/2 22/22/2 21/21/2
f 29/29/2 30/30/2 31/31/2
f 29/29/2 31/31/2 23/23/2
f 31/31/2 32/32/2 24/24/2
f 31/31/3 24/24/3 23/23/3
f 26/26/2 25/25/2 32/32/2
f 26/26/2 32/32/2 31/31/2
f 30/30/2 29/29/2 28/28/2
f 30/30/2 28/28/2 27/27/2
f 17/17/4 20/20/4 4/4/4
f 17/17/4 4/4/4 3/3/4
f 20/20/5 19/19/5 1/1/5
f 20/20/5 1/1/5 4/4/5
f 19/19/6 18/18/6 2/2/6
f 19/19/6 2/2/6 1/1/6
f 21/21/7 24/24/7 8/8/7
f 21/21/7 8/8/7 7/7/7
f 23/23/8 22/22/8 6/6/8
f 23/23/8 6/6/8 5/5/8
f 27/27/6 26/26/6 10/10/6
f 27/27/6 10/10/6 9/9/6
f 25/25/4 21/21/4 7/7/4
f 25/25/4 7/7/4 11/11/4
f 22/22/4 28/28/4 12/12/4
f 22/22/4 12/12/4 6/6/4
f 31/31/4 30/30/4 14/14/4
f 31/31/4 14/14/4 13/13/4
f 29/29/6 23/23/6 5/5/6
f 29/29/6 5/5/6 15/15/6
f 24/24/6 32/32/6 16/16/6
f 24/24/6 16/16/6 8/8/6
f 26/26/9 31/31/9 13/13/9
f 26/26/9 13/13/9 10/10/9
f 32/32/10 25/25/10 11/11/10
f 32/32/10 11/11/10 16/16/10
f 28/28/11 29/29/11 15/15/11
f 28/28/11 15/15/11 12/12/11
f 33/33/9 34/34/9 35/35/9
f 33/33/9 35/35/9 36/36/9
f 37/37/12 3/3/12 38/38/12
f 37/37/13 38/38/13 35/35/13
f 37/37/14 35/35/14 34/34/14
f 37/37/15 34/34/15 39/39/15
f 40/40/9 41/41/9 33/33/9
f 40/40/9 33/33/9 36/36/9
f 40/40/12 36/36/12 42/42/12
f 40/40/9 42/42/9 2/2/9
f 40/40/16 2/2/17 43/43/18
f 42/42/9 38/38/9 3/3/9
f 42/42/9 3/3/9 2/2/9
f 39/39/9 41/41/9 40/40/9
f 39/39/9 40/40/9 37/37/9
f 44/44/5 45/45/5 46/46/5
f 44/44/5 46/46/5 47/47/5
f 48/48/5 17/17/5 49/49/5
f 48/48/5 49/49/5 44/44/5
f 49/49/19 50/50/19 45/45/19
f 49/49/19 45/45/19 44/44/19
f 46/46/5 51/51/5 52/52/5
f 46/46/20 52/52/20 47/47/20
f 52/52/21 53/53/22 18/18/23
f 52/52/5 18/18/5 54/54/5
f 52/52/5 54/54/5 47/47/5
f 17/17/5 48/48/5 54/54/5
f 17/17/5 54/54/5 18/18/5
f 52/52/5 51/51/5 50/50/5
f 52/52/5 50/50/5 49/49/5
f 44/44/1 47/47/1 36/36/1
f 44/44/1 36/36/1 35/35/1
f 46/46/2 45/45/2 34/34/2
f 46/46/2 34/34/2 33/33/2
f 49/49/4 17/17/4 3/3/4
f 49/49/4 3/3/4 37/37/4
f 48/48/6 44/44/6 35/35/6
f 48/48/6 35/35/6 38/38/6
f 45/45/6 50/50/6 39/39/6
f 45/45/6 39/39/6 34/34/6
f 18/18/6 53/53/6 43/43/6
f 18/18/6 43/43/6 2/2/6
f 53/53/6 52/52/6 40/40/6
f 53/53/6 40/40/6 43/43/6
f 51/51/4 46/46/4 33/33/4
f 51/51/4 33/33/4 41/41/4
f 47/47/4 54/54/4 42/42/4
f 47/47/4 42/42/4 36/36/4
f 54/54/2 48/48/2 38/38/2
f 54/54/2 38/38/2 42/42/2
f 50/50/1 51/51/1 41/41/1
f 50/50/1 41/41/1 39/39/1
f 55/55/5 56/56/5 57/57/5
f 55/55/5 57/57/5 58/58/5
f 14/14/19 59/59/19 60/60/19
f 14/14/20 60/60/20 57/57/20
f 14/14/5 57/57/5 56/56/5
f 14/14/24 56/56/24 61/61/24
f 62/62/5 9/9/5 63/63/5
f 62/62/5 63/63/5 55/55/5
f 62/62/25 55/55/25 58/58/25
f 62/62/19 58/58/19 64/64/19
f 64/64/5 60/60/5 59/59/5
f 64/64/5 59/59/5 62/62/5
f 61/61/5 63/63/5 9/9/5
f 61/61/5 9/9/5 14/14/5
f 65/65/9 66/66/9 67/67/9
f 65/65/9 67/67/9 68/68/9
f 69/69/12 70/70/12 30/30/12
f 69/69/14 30/30/14 65/65/14
f 30/30/12 71/71/12 66/66/12
f 30/30/26 66/66/26 65/65/26
f 72/72/26 27/27/26 73/73/26
f 72/72/9 73/73/9 67/67/9
f 73/73/12 74/74/12 68/68/12
f 73/73/9 68/68/9 67/67/9
f 70/70/9 69/69/9 74/74/9
f 70/70/9 74/74/9 73/73/9
f 27/27/9 72/72/9 71/71/9
f 27/27/9 71/71/9 30/30/9
f 65/65/2 68/68/2 58/58/2
f 65/65/2 58/58/2 57/57/2
f 67/67/1 66/66/1 56/56/1
f 67/67/1 56/56/1 55/55/1
f 30/30/4 70/70/4 59/59/4
f 30/30/4 59/59/4 14/14/4
f 69/69/6 65/65/6 57/57/6
f 69/69/6 57/57/6 60/60/6
f 66/66/6 71/71/6 61/61/6
f 66/66/6 61/61/6 56/56/6
f 73/73/6 27/27/6 9/9/6
f 73/73/6 9/9/6 62/62/6
f 72/72/4 67/67/4 55/55/4
f 72/72/4 55/55/4 63/63/4
f 68/68/4 74/74/4 64/64/4
f 68/68/4 64/64/4 58/58/4
f 74/74/1 69/69/1 60/60/1
f 74/74/1 60/60/1 64/64/1
f 71/71/2 72/72/2 63/63/2
f 71/71/2 63/63/2 61/61/2
f 75/75/2 76/76/2 77/77/2
f 75/75/2 77/77/2 78/78/2
f 59/59/2 37/37/2 79/79/2
f 59/59/2 79/79/2 77/77/2
f 59/59/2 77/77/2 76/76/2
f 59/59/2 76/76/2 80/80/2
f 40/40/2 62/62/2 81/81/2
f 40/40/2 81/81/2 75/75/2
f 40/40/2 75/75/2 78/78/2
f 40/40/2 78/78/2 82/82/2
f 82/82/2 79/79/2 37/37/2
f 82/82/2 37/37/2 40/40/2
f 80/80/2 81/81/2 62/62/2
f 80/80/2 62/62/2 59/59/2
f 83/83/1 84/84/1 85/85/1
f 83/83/1 85/85/1 86/86/1
f 87/87/1 49/49/1 70/70/1
f 87/87/1 70/70/1 83/83/1
f 70/70/1 88/88/1 84/84/1
f 70/70/1 84/84/1 83/83/1
f 89/89/1 73/73/1 52/52/1
f 89/89/1 52/52/1 85/85/1
f 52/52/1 90/90/1 86/86/1
f 52/52/1 86/86/1 85/85/1
f 49/49/1 87/87/1 90/90/1
f 49/49/1 90/90/1 52/52/1
f 73/73/1 89/89/1 88/88/1
f 73/73/1 88/88/1 70/70/1
f 83/83/7 86/86/7 78/78/7
f 83/83/7 78/78/7 77/77/7
f 85/85/8 84/84/8 76/76/8
f 85/85/8 76/76/8 75/75/8
f 70/70/4 49/49/4 37/37/4
f 70/70/4 37/37/4 59/59/4
f 87/87/6 83/83/6 77/77/6
f 87/87/6 77/77/6 79/79/6
f 84/84/6 88/88/6 80/80/6
f 84/84/6 80/80/6 76/76/6
f 52/52/6 73/73/6 62/62/6
f 52/52/6 62/62/6 40/40/6
f 89/89/4 85/85/4 75/75/4
f 89/89/4 75/75/4 81/81/4
f 86/86/4 90/90/4 82/82/4
f 86/86/4 82/82/4 78/78/4
f 90/90/10 87/87/10 79/79/10
f 90/90/10 79/79/10 82/82/10
f 88/88/7 89/89/7 81/81/7
f 88/88/7 81/81/7 80/80/7
f 91/91/27 92/92/27 93/93/27
f 91/91/28 93/93/28 94/94/28
f 92/92/29 95/95/29 96/96/29
f 92/92/30 96/96/30 93/93/30
f 95/95/31 91/91/31 94/94/31
f 95/95/32 94/94/32 96/96/32
f 97/97/33 95/95/33 98/98/33
f 97/97/34 98/98/34 99/99/34
f 95/95/35 92/92/35 100/100/35
f 95/95/36 100/100/36 98/98/36
f 92/92/37 97/97/37 99/99/37
f 92/92/38 99/99/38 100/100/38
f 101/101/39 95/95/39 102/102/39
f 101/101/40 102/102/40 103/103/40
f 95/95/41 97/97/41 104/104/41
f 95/95/42 104/104/42 102/102/42
f 97/97/43 101/101/43 103/103/43
f 97/97/44 103/103/44 104/104/44
f 95/95/45 101/101/45 105/105/45
f 95/95/46 105/105/46 106/106/46
f 101/101/47 91/91/47 107/107/47
f 101/101/48 107/107/48 105/105/48
f 91/91/49 95/95/49 106/106/49
f 91/91/50 106/106/50 107/107/50
f 108/108/51 109/109/51 110/110/51
f 108/108/52 110/110/52 111/111/52
f 112/112/53 113/113/53 109/109/53
f 112/112/54 109/109/54 108/108/54
f 111/111/55 110/110/55 113/113/55
f 111/111/56 113/113/56 112/112/56
f 114/114/57 113/113/57 115/115/57
f 114/114/58 115/115/58 116/116/58
f 117/117/59 109/109/59 113/113/59
f 117/117/60 113/113/60 114/114/60
f 116/116/60 115/115/60 109/109/60
f 116/116/60 109/109/60 117/117/60
f 118/118/61 113/113/61 119/119/61
f 118/118/62 119/119/62 120/120/62
f 121/121/63 115/115/63 113/113/63
f 121/121/64 113/113/64 118/118/64
f 120/120/62 119/119/62 115/115/62
f 120/120/65 115/115/65 121/121/65
f 122/122/66 119/119/66 113/113/66
f 122/122/67 113/113/67 123/123/67
f 124/124/68 110/110/68 119/119/68
f 124/124/69 119/119/69 122/122/69
f 123/123/69 113/113/69 110/110/69
f 123/123/67 110/110/67 124/124/67
f 92/92/70 91/91/70 110/110/70
f 92/92/71 110/110/71 109/109/71
f 94/94/72 93/93/72 108/108/72
f 94/94/73 108/108/73 111/111/73
f 93/93/74 96/96/74 112/112/74
f 93/93/75 112/112/75 108/108/75
f 96/96/76 94/94/76 111/111/76
f 96/96/76 111/111/76 112/112/76
f 99/99/77 98/98/77 114/114/77
f 99/99/78 114/114/78 116/116/78
f 98/98/79 100/100/79 117/117/79
f 98/98/80 117/117/80 114/114/80
f 97/97/81 92/92/81 109/109/81
f 97/97/82 109/109/82 115/115/82
f 100/100/83 99/99/83 116/116/83
f 100/100/84 116/116/84 117/117/84
f 103/103/85 102/102/85 118/118/85
f 103/103/86 118/118/86 120/120/86
f 102/102/87 104/104/87 121/121/87
f 102/102/88 121/121/88 118/118/88
f 101/101/89 97/97/89 115/115/89
f 101/101/90 115/115/90 119/119/90
f 104/104/91 103/103/91 120/120/91
f 104/104/92 120/120/92 121/121/92
f 106/106/93 105/105/93 122/122/93
f 106/106/94 122/122/94 123/123/94
f 91/91/95 101/101/95 119/119/95
f 91/91/96 119/119/96 110/110/96
f 105/105/97 107/107/97 124/124/97
f 105/105/98 124/124/98 122/122/98
f 107/107/99 106/106/99 123/123/99
f 107/107/100 123/123/100 124/124/100
f 109/109/9 110/110/9 125/125/9
f 109/109/9 125/125/9 126/126/9
f 115/115/2 109/109/2 126/126/2
f 115/115/2 126/126/2 127/127/2
f 119/119/5 115/115/5 127/127/5
f 119/119/5 127/127/5 128/128/5
f 110/110/1 119/119/1 128/128/1
f 110/110/1 128/128/1 125/125/1
f 128/128/6 127/127/6 126/126/6
f 128/128/6 126/126/6 125/125/6
f 129/129/9 130/130/9 131/131/9
f 129/129/9 131/131/9 132/132/9
f 130/130/2 133/133/2 134/134/2
f 130/130/2 134/134/2 131/131/2
f 133/133/101 135/135/101 136/136/101
f 133/133/5 136/136/5 134/134/5
f 135/135/1 129/129/1 132/132/1
f 135/135/1 132/132/1 136/136/1
f 137/137/5 138/138/5 139/139/5
f 137/137/5 139/139/5 110/110/5
f 115/115/1 140/140/1 138/138/1
f 115/115/1 138/138/1 137/137/1
f 119/119/9 141/141/9 140/140/9
f 119/119/12 140/140/12 115/115/12
f 110/110/2 139/139/2 141/141/2
f 110/110/2 141/141/2 119/119/2
f 142/142/102 130/130/102 129/129/102
f 142/142/103 129/129/103 143/143/103
f 144/144/104 133/133/104 130/130/104
f 144/144/104 130/130/104 142/142/104
f 145/145/105 135/135/105 133/133/105
f 145/145/106 133/133/106 144/144/106
f 143/143/107 129/129/107 135/135/107
f 143/143/108 135/135/108 145/145/108
f 146/146/109 142/142/109 143/143/109
f 146/146/110 143/143/110 147/147/110
f 148/148/111 144/144/111 142/142/111
f 148/148/111 142/142/111 146/146/111
f 149/149/112 145/145/112 144/144/112
f 149/149/113 144/144/113 148/148/113
f 147/147/114 143/143/114 145/145/114
f 147/147/114 145/145/114 149/149/114
f 137/137/4 110/110/4 132/132/4
f 137/137/4 132/132/4 131/131/4
f 139/139/6 138/138/6 146/146/6
f 139/139/6 146/146/6 147/147/6
f 115/115/4 137/137/4 131/131/4
f 115/115/4 131/131/4 134/134/4
f 138/138/6 140/140/6 148/148/6
f 138/138/6 148/148/6 146/146/6
f 119/119/4 115/115/4 134/134/4
f 119/119/4 134/134/4 136/136/4
f 140/140/6 141/141/6 149/149/6
f 140/140/6 149/149/6 148/148/6
f 110/110/4 119/119/4 136/136/4
f 110/110/4 136/136/4 132/132/4
f 141/141/6 139/139/6 147/147/6
f 141/141/6 147/147/6 149/149/6
f 150/150/115 151/151/115 112/112/115
f 152/152/116 114/114/116 153/153/116
f 154/154/117 118/118/117 155/155/117
f 123/123/118 156/156/118 157/157/118
f 158/158/5 159/159/5 160/160/5
f 158/158/5 160/160/5 161/161/5
f 162/162/9 163/163/9 164/164/9
f 162/162/9 164/164/9 165/165/9
f 165/165/2 164/164/2 160/160/2
f 165/165/2 160/160/2 159/159/2
f 166/166/9 167/167/9 168/168/9
f 166/166/9 168/168/9 169/169/9
f 170/170/5 171/171/5 172/172/5
f 170/170/5 172/172/5 173/173/5
f 166/166/1 170/170/1 173/173/1
f 166/166/1 173/173/1 167/167/1
f 162/162/1 158/158/1 161/161/1
f 162/162/1 161/161/1 163/163/1
f 169/169/2 168/168/2 172/172/2
f 169/169/2 172/172/2 171/171/2
f 166/166/6 169/169/6 161/161/6
f 166/166/6 161/161/6 160/160/6
f 168/168/4 167/167/4 159/159/4
f 168/168/4 159/159/4 158/158/4
f 169/169/6 171/171/6 163/163/6
f 169/169/6 163/163/6 161/161/6
f 173/173/4 172/172/4 162/162/4
f 173/173/4 162/162/4 165/165/4
f 171/171/6 170/170/6 164/164/6
f 171/171/6 164/164/6 163/163/6
f 167/167/4 173/173/4 165/165/4
f 167/167/4 165/165/4 159/159/4
f 170/170/6 166/166/6 160/160/6
f 170/170/6 160/160/6 164/164/6
f 174/174/4 175/175/4 176/176/4
f 174/174/4 176/176/4 177/177/4
f 175/175/4 178/178/4 179/179/4
f 175/175/4 179/179/4 176/176/4
f 178/178/4 180/180/4 181/181/4
f 178/178/4 181/181/4 179/179/4
f 180/180/4 174/174/4 177/177/4
f 180/180/4 177/177/4 181/181/4
f 172/172/6 162/162/6 158/158/6
f 172/172/6 158/158/6 168/168/6
f 168/168/9 167/167/9 177/177/9
f 168/168/9 177/177/9 176/176/9
f 159/159/5 158/158/5 175/175/5
f 159/159/5 175/175/5 174/174/5
f 172/172/2 168/168/2 176/176/2
f 172/172/2 176/176/2 179/179/2
f 158/158/1 162/162/1 178/178/1
f 158/158/1 178/178/1 175/175/1
f 173/173/5 172/172/5 179/179/5
f 173/173/5 179/179/5 181/181/5
f 162/162/9 165/165/9 180/180/9
f 162/162/9 180/180/9 178/178/9
f 167/167/1 173/173/1 181/181/1
f 167/167/1 181/181/1 177/177/1
f 165/165/2 159/159/2 174/174/2
f 165/165/2 174/174/2 180/180/2
f 182/182/6 183/183/6 184/184/6
f 182/182/6 184/184/6 185/185/6
f 182/182/6 185/185/6 186/186/6
f 184/184/6 183/183/6 187/187/6
f 188/188/4 189/189/4 190/190/4
f 188/188/4 190/190/4 191/191/4
f 190/190/4 192/192/4 191/191/4
f 193/193/4 189/189/4 188/188/4
f 191/191/1 192/192/1 186/186/1
f 191/191/1 186/186/1 185/185/1
f 192/192/5 190/190/5 182/182/5
f 192/192/5 182/182/5 186/186/5
f 190/190/2 189/189/2 183/183/2
f 190/190/2 183/183/2 182/182/2
f 188/188/9 191/191/9 185/185/9
f 188/188/9 185/185/9 184/184/9
f 189/189/9 193/193/9 187/187/9
f 189/189/26 187/187/26 183/183/26
f 193/193/1 188/188/1 184/184/1
f 193/193/1 184/184/1 187/187/1
f 194/194/119 195/195/119 196/196/119
f 194/194/120 196/196/120 197/197/120
f 198/198/121 194/194/121 197/197/121
f 198/198/121 197/197/121 199/199/121
f 200/200/122 201/201/122 202/202/122
f 200/200/123 202/202/123 203/203/123
f 204/204/124 205/205/124 206/206/124
f 204/204/125 206/206/125 207/207/125
f 208/208/126 200/200/126 203/203/126
f 208/208/126 203/203/126 209/209/126
f 210/210/127 204/204/127 207/207/127
f 210/210/127 207/207/127 211/211/127
f 197/197/9 196/196/9 212/212/9
f 197/197/9 212/212/9 213/213/9
f 196/196/2 195/195/2 214/214/2
f 196/196/2 214/214/2 212/212/2
f 195/195/5 194/194/5 215/215/5
f 195/195/5 215/215/5 214/214/5
f 198/198/1 199/199/1 216/216/1
f 198/198/1 216/216/1 217/217/1
f 199/199/9 197/197/9 213/213/9
f 199/199/9 213/213/9 216/216/9
f 194/194/5 198/198/5 217/217/5
f 194/194/128 217/217/128 215/215/128
f 218/218/9 219/219/9 220/220/9
f 221/221/5 222/222/5 223/223/5
f 223/223/129 222/222/129 219/219/129
f 223/223/129 219/219/129 218/218/129
f 222/222/130 221/221/130 220/220/130
f 222/222/130 220/220/130 219/219/130
f 221/221/1 223/223/1 218/218/1
f 221/221/1 218/218/1 220/220/1
f 224/224/9 225/225/9 226/226/9
f 227/227/24 228/228/24 229/229/24
f 228/228/6 224/224/6 226/226/6
f 228/228/6 226/226/6 229/229/6
f 229/229/131 226/226/131 225/225/131
f 229/229/131 225/225/131 227/227/131
f 227/227/2 225/225/2 224/224/2
f 227/227/2 224/224/2 228/228/2
f 230/230/2 231/231/2 232/232/2
f 230/230/2 232/232/2 233/233/2
f 201/201/1 234/234/1 235/235/1
f 201/201/1 235/235/1 202/202/1
f 208/208/6 209/209/6 233/233/6
f 208/208/6 233/233/6 232/232/6
f 233/233/132 209/209/132 203/203/132
f 233/233/133 203/203/133 202/202/133
f 230/230/10 233/233/10 202/202/10
f 230/230/10 202/202/10 235/235/10
f 235/235/4 234/234/4 231/231/4
f 235/235/4 231/231/4 230/230/4
f 232/232/11 231/231/11 234/234/11
f 232/232/9 234/234/9 208/208/9
f 234/234/9 201/201/9 200/200/9
f 234/234/7 200/200/7 208/208/7
f 236/236/2 237/237/2 206/206/2
f 236/236/2 206/206/2 205/205/2
f 238/238/1 239/239/1 240/240/1
f 238/238/1 240/240/1 241/241/1
f 238/238/6 241/241/6 210/210/6
f 238/238/6 210/210/6 211/211/6
f 236/236/5 205/205/5 204/204/5
f 236/236/134 204/204/134 210/210/134
f 236/236/128 210/210/128 241/241/128
f 236/236/10 241/241/10 240/240/10
f 240/240/4 239/239/4 237/237/4
f 240/240/4 237/237/4 236/236/4
f 206/206/11 237/237/11 239/239/11
f 206/206/11 239/239/11 238/238/11
f 207/207/11 206/206/11 238/238/11
f 207/207/9 238/238/9 211/211/9
f 242/242/9 243/243/9 244/244/9
f 242/242/9 244/244/9 245/245/9
f 43/43/9 2/2/9 246/246/9
f 43/43/9 246/246/9 244/244/9
f 43/43/135 244/244/135 243/243/135
f 43/43/9 243/243/9 247/247/9
f 248/248/9 249/249/9 242/242/9
f 248/248/9 242/242/9 245/245/9
f 248/248/9 246/246/9 2/2/9
f 248/248/9 2/2/9 249/249/9
f 43/43/9 247/247/9 250/250/9
f 43/43/9 250/250/9 251/251/9
f 252/252/5 253/253/5 254/254/5
f 252/252/5 254/254/5 255/255/5
f 256/256/5 257/257/5 258/258/5
f 256/256/20 258/258/20 252/252/20
f 258/258/5 259/259/5 253/253/5
f 258/258/136 253/253/136 252/252/136
f 254/254/5 260/260/5 261/261/5
f 254/254/19 261/261/19 255/255/19
f 257/257/5 256/256/5 261/261/5
f 257/257/5 261/261/5 260/260/5
f 262/262/5 259/259/5 258/258/5
f 262/262/5 258/258/5 263/263/5
f 252/252/1 255/255/1 245/245/1
f 252/252/1 245/245/1 244/244/1
f 254/254/2 253/253/2 243/243/2
f 254/254/2 243/243/2 242/242/2
f 258/258/4 257/257/4 2/2/4
f 258/258/4 2/2/4 43/43/4
f 256/256/6 252/252/6 244/244/6
f 256/256/6 244/244/6 246/246/6
f 253/253/6 259/259/6 247/247/6
f 253/253/6 247/247/6 243/243/6
f 255/255/4 261/261/4 248/248/4
f 255/255/4 248/248/4 245/245/4
f 260/260/6 254/254/6 242/242/6
f 260/260/6 242/242/6 249/249/6
f 261/261/2 256/256/2 246/246/2
f 261/261/2 246/246/2 248/248/2
f 262/262/6 263/263/6 251/251/6
f 262/262/6 251/251/6 250/250/6
f 259/259/1 262/262/1 250/250/1
f 259/259/1 250/250/1 247/247/1
f 264/264/1 249/249/1 2/2/1
f 264/264/1 2/2/1 1/1/1
f 257/257/2 260/260/2 170/170/2
f 257/257/2 170/170/2 19/19/2
f 257/257/4 19/19/4 1/1/4
f 257/257/4 1/1/4 2/2/4
f 19/19/5 170/170/5 264/264/5
f 19/19/5 264/264/5 1/1/5
f 170/170/6 260/260/6 249/249/6
f 170/170/6 249/249/6 264/264/6
f 265/265/2 266/266/2 267/267/2
f 265/265/2 267/267/2 268/268/2
f 62/62/2 269/269/2 270/270/2
f 62/62/137 270/270/137 267/267/137
f 62/62/3 267/267/3 266/266/3
f 62/62/2 266/266/2 271/271/2
f 272/272/2 273/273/2 265/265/2
f 272/272/2 265/265/2 268/268/2
f 272/272/3 268/268/3 274/274/3
f 272/272/2 274/274/2 189/189/2
f 274/274/2 270/270/2 269/269/2
f 274/274/2 269/269/2 189/189/2
f 271/271/2 273/273/2 272/272/2
f 271/271/2 272/272/2 62/62/2
f 275/275/1 276/276/1 277/277/1
f 275/275/1 277/277/1 278/278/1
f 279/279/1 280/280/1 73/73/1
f 279/279/1 73/73/1 275/275/1
f 73/73/1 281/281/1 276/276/1
f 73/73/1 276/276/1 275/275/1
f 277/277/1 282/282/1 283/283/1
f 277/277/1 283/283/1 278/278/1
f 283/283/1 284/284/1 285/285/1
f 283/283/1 285/285/1 278/278/1
f 280/280/1 279/279/1 285/285/1
f 280/280/1 285/285/1 284/284/1
f 283/283/1 282/282/1 281/281/1
f 283/283/1 281/281/1 73/73/1
f 275/275/11 278/278/11 268/268/11
f 275/275/11 268/268/11 267/267/11
f 277/277/8 276/276/8 266/266/8
f 277/277/8 266/266/8 265/265/8
f 73/73/4 280/280/4 269/269/4
f 73/73/4 269/269/4 62/62/4
f 279/279/6 275/275/6 267/267/6
f 279/279/6 267/267/6 270/270/6
f 276/276/6 281/281/6 271/271/6
f 276/276/6 271/271/6 266/266/6
f 282/282/4 277/277/4 265/265/4
f 282/282/4 265/265/4 273/273/4
f 278/278/4 285/285/4 274/274/4
f 278/278/4 274/274/4 268/268/4
f 284/284/6 283/283/6 272/272/6
f 284/284/6 272/272/6 189/189/6
f 285/285/5 279/279/5 270/270/5
f 285/285/5 270/270/5 274/274/5
f 281/281/11 282/282/11 273/273/11
f 281/281/11 273/273/11 271/271/11
f 286/286/1 287/287/1 288/288/1
f 286/286/1 288/288/1 289/289/1
f 290/290/1 291/291/1 288/288/1
f 290/290/1 288/288/1 287/287/1
f 10/10/1 9/9/1 292/292/1
f 10/10/1 292/292/1 286/286/1
f 10/10/1 286/286/1 289/289/1
f 10/10/1 289/289/1 293/293/1
f 10/10/1 293/293/1 294/294/1
f 10/10/1 294/294/1 295/295/1
f 290/290/1 292/292/1 9/9/1
f 290/290/1 9/9/1 291/291/1
f 296/296/2 297/297/2 298/298/2
f 296/296/2 298/298/2 299/299/2
f 296/296/2 300/300/2 301/301/2
f 296/296/2 301/301/2 297/297/2
f 302/302/2 27/27/2 26/26/2
f 302/302/2 26/26/2 298/298/2
f 26/26/2 303/303/2 299/299/2
f 26/26/2 299/299/2 298/298/2
f 304/304/2 303/303/2 26/26/2
f 304/304/2 26/26/2 166/166/2
f 27/27/2 302/302/2 301/301/2
f 27/27/2 301/301/2 300/300/2
f 298/298/10 297/297/10 287/287/10
f 298/298/10 287/287/10 286/286/10
f 297/297/4 301/301/4 290/290/4
f 297/297/4 290/290/4 287/287/4
f 300/300/6 296/296/6 288/288/6
f 300/300/6 288/288/6 291/291/6
f 26/26/4 27/27/4 9/9/4
f 26/26/4 9/9/4 10/10/4
f 302/302/6 298/298/6 286/286/6
f 302/302/6 286/286/6 292/292/6
f 304/304/6 166/166/6 295/295/6
f 304/304/6 295/295/6 294/294/6
f 166/166/9 26/26/9 10/10/9
f 166/166/9 10/10/9 295/295/9
f 301/301/11 302/302/11 292/292/11
f 301/301/11 292/292/11 290/290/11
f 289/289/7 288/288/7 296/296/7
f 289/289/7 296/296/7 299/299/7
f 293/293/6 289/289/6 299/299/6
f 293/293/6 299/299/6 303/303/6
f 294/294/10 293/293/10 303/303/10
f 294/294/10 303/303/10 304/304/10
f 305/305/5 306/306/5 307/307/5
f 305/305/5 307/307/5 308/308/5
f 9/9/19 62/62/19 309/309/19
f 9/9/20 309/309/20 307/307/20
f 9/9/138 307/307/138 306/306/138
f 9/9/5 306/306/5 310/310/5
f 311/311/5 272/272/5 305/305/5
f 311/311/5 305/305/5 308/308/5
f 311/311/5 309/309/5 62/62/5
f 311/311/5 62/62/5 272/272/5
f 310/310/5 312/312/5 291/291/5
f 310/310/5 291/291/5 9/9/5
f 313/313/9 314/314/9 315/315/9
f 313/313/9 315/315/9 316/316/9
f 317/317/12 73/73/12 27/27/12
f 317/317/139 27/27/139 313/313/139
f 27/27/12 318/318/12 314/314/12
f 27/27/140 314/314/140 313/313/140
f 315/315/9 283/283/9 319/319/9
f 315/315/9 319/319/9 316/316/9
f 73/73/9 317/317/9 319/319/9
f 73/73/9 319/319/9 283/283/9
f 300/300/9 320/320/9 318/318/9
f 300/300/9 318/318/9 27/27/9
f 313/313/2 316/316/2 308/308/2
f 313/313/2 308/308/2 307/307/2
f 315/315/1 314/314/1 306/306/1
f 315/315/1 306/306/1 305/305/1
f 27/27/4 73/73/4 62/62/4
f 27/27/4 62/62/4 9/9/4
f 317/317/6 313/313/6 307/307/6
f 317/317/6 307/307/6 309/309/6
f 314/314/6 318/318/6 310/310/6
f 314/314/6 310/310/6 306/306/6
f 316/316/4 319/319/4 311/311/4
f 316/316/4 311/311/4 308/308/4
f 283/283/6 315/315/6 305/305/6
f 283/283/6 305/305/6 272/272/6
f 319/319/1 317/317/1 309/309/1
f 319/319/1 309/309/1 311/311/1
f 318/318/2 320/320/2 312/312/2
f 318/318/2 312/312/2 310/310/2
f 320/320/6 300/300/6 291/291/6
f 320/320/6 291/291/6 312/312/6
f 321/321/1 251/251/1 193/193/1
f 321/321/1 193/193/1 322/322/1
f 323/323/2 263/263/2 324/324/2
f 323/323/2 324/324/2 325/325/2
f 325/325/4 324/324/4 321/321/4
f 325/325/4 321/321/4 322/322/4
f 263/263/6 323/323/6 193/193/6
f 263/263/6 193/193/6 251/251/6
f 326/326/9 322/322/9 327/327/9
f 326/326/9 327/327/9 328/328/9
f 328/328/12 327/327/12 329/329/12
f 330/330/9 331/331/9 193/193/9
f 330/330/9 193/193/9 189/189/9
f 331/331/9 327/327/9 322/322/9
f 331/331/9 322/322/9 193/193/9
f 329/329/9 330/330/9 189/189/9
f 329/329/9 189/189/9 328/328/9
f 332/332/5 325/325/5 333/333/5
f 332/332/5 333/333/5 334/334/5
f 332/332/24 334/334/24 335/335/24
f 323/323/5 336/336/5 337/337/5
f 323/323/5 337/337/5 284/284/5
f 325/325/5 332/332/5 336/336/5
f 325/325/5 336/336/5 323/323/5
f 284/284/5 337/337/5 335/335/5
f 284/284/5 335/335/5 334/334/5
f 326/326/141 333/333/141 325/325/141
f 326/326/142 325/325/142 322/322/142
f 332/332/6 335/335/6 329/329/6
f 332/332/6 329/329/6 327/327/6
f 323/323/6 284/284/6 189/189/6
f 323/323/6 189/189/6 193/193/6
f 337/337/4 336/336/4 331/331/4
f 337/337/4 331/331/4 330/330/4
f 336/336/2 332/332/2 327/327/2
f 336/336/2 327/327/2 331/331/2
f 335/335/1 337/337/1 330/330/1
f 335/335/1 330/330/1 329/329/1
f 326/326/143 328/328/143 334/334/143
f 326/326/144 334/334/144 333/333/144
f 338/338/11 339/339/11 327/327/11
f 338/338/11 327/327/11 331/331/11
f 340/340/145 338/338/145 331/331/145
f 340/340/146 331/331/146 330/330/146
f 341/341/11 340/340/11 330/330/11
f 341/341/11 330/330/11 329/329/11
f 339/339/26 341/341/26 329/329/26
f 339/339/147 329/329/147 327/327/147
f 332/332/10 342/342/10 343/343/10
f 332/332/10 343/343/10 336/336/10
f 336/336/132 343/343/132 344/344/132
f 336/336/148 344/344/148 337/337/148
f 337/337/10 344/344/10 345/345/10
f 337/337/10 345/345/10 335/335/10
f 335/335/19 345/345/5 342/342/5
f 335/335/149 342/342/149 332/332/149
f 346/346/11 347/347/11 348/348/11
f 346/346/11 348/348/11 349/349/11
f 350/350/150 346/346/150 349/349/150
f 350/350/151 349/349/151 351/351/151
f 352/352/152 350/350/152 351/351/152
f 352/352/11 351/351/11 353/353/11
f 347/347/145 352/352/145 353/353/145
f 347/347/146 353/353/146 348/348/146
f 354/354/10 355/355/10 356/356/10
f 354/354/10 356/356/10 357/357/10
f 357/357/153 356/356/153 358/358/153
f 357/357/154 358/358/154 359/359/154
f 359/359/155 358/358/155 360/360/155
f 359/359/155 360/360/155 361/361/155
f 361/361/156 360/360/156 355/355/156
f 361/361/157 355/355/158 354/354/157
f 362/362/11 363/363/11 364/364/11
f 362/362/11 364/364/11 354/354/11
f 365/365/159 362/362/159 354/354/159
f 365/365/9 354/354/9 361/361/9
f 366/366/160 365/365/160 361/361/160
f 366/366/160 361/361/160 367/367/160
f 363/363/15 366/366/15 367/367/15
f 363/363/12 367/367/9 364/364/9
f 368/368/161 369/369/161 370/370/161
f 368/368/10 370/370/10 371/371/10
f 371/371/162 370/370/162 372/372/162
f 371/371/163 372/372/163 373/373/163
f 373/373/10 372/372/10 374/374/10
f 373/373/10 374/374/10 375/375/10
f 375/375/133 374/374/133 369/369/133
f 375/375/164 369/369/164 368/368/164
f 332/332/1 336/336/1 331/331/1
f 332/332/1 331/331/1 327/327/1
f 343/343/2 342/342/2 339/339/2
f 343/343/2 339/339/2 338/338/2
f 336/336/6 337/337/6 330/330/6
f 336/336/6 330/330/6 331/331/6
f 344/344/4 343/343/4 338/338/4
f 344/344/4 338/338/4 340/340/4
f 337/337/2 335/335/2 329/329/2
f 337/337/2 329/329/2 330/330/2
f 345/345/165 344/344/165 340/340/165
f 345/345/1 340/340/1 341/341/1
f 335/335/4 332/332/4 327/327/4
f 335/335/4 327/327/4 329/329/4
f 342/342/6 345/345/6 341/341/6
f 342/342/6 341/341/6 339/339/6
f 354/354/165 357/357/165 349/349/165
f 354/354/165 349/349/165 348/348/165
f 356/356/166 355/355/166 347/347/166
f 356/356/166 347/347/166 346/346/166
f 357/357/6 359/359/6 351/351/6
f 357/357/6 351/351/6 349/349/6
f 358/358/4 356/356/4 346/346/4
f 358/358/4 346/346/4 350/350/4
f 359/359/166 361/361/166 353/353/166
f 359/359/166 353/353/166 351/351/166
f 360/360/1 358/358/1 350/350/1
f 360/360/1 350/350/1 352/352/1
f 361/361/4 354/354/4 348/348/4
f 361/361/4 348/348/4 353/353/4
f 355/355/6 360/360/6 352/352/6
f 355/355/6 352/352/6 347/347/6
f 368/368/1 371/371/1 354/354/1
f 368/368/167 354/354/167 364/364/167
f 370/370/2 369/369/2 363/363/2
f 370/370/2 363/363/2 362/362/2
f 371/371/6 373/373/6 361/361/6
f 371/371/6 361/361/6 354/354/6
f 372/372/4 370/370/4 362/362/4
f 372/372/4 362/362/4 365/365/4
f 373/373/168 375/375/168 367/367/168
f 373/373/168 367/367/168 361/361/168
f 374/374/1 372/372/1 365/365/1
f 374/374/1 365/365/1 366/366/1
f 375/375/4 368/368/4 364/364/4
f 375/375/4 364/364/4 367/367/4
f 369/369/6 374/374/6 366/366/6
f 369/369/6 366/366/6 363/363/6
f 376/376/9 377/377/9 378/378/9
f 376/376/9 378/378/9 379/379/9
f 380/380/5 381/381/5 382/382/5
f 380/380/5 382/382/5 383/383/5
f 380/380/6 383/383/6 379/379/6
f 380/380/6 379/379/6 378/378/6
f 383/383/169 382/382/169 376/376/169
f 383/383/169 376/376/169 379/379/169
f 382/382/4 381/381/4 377/377/4
f 382/382/4 377/377/4 376/376/4
f 381/381/1 380/380/1 378/378/1
f 381/381/1 378/378/1 377/377/1
f 384/384/9 385/385/9 386/386/9
f 384/384/9 386/386/9 387/387/9
f 388/388/5 389/389/5 390/390/5
f 388/388/5 390/390/5 391/391/5
f 388/388/6 391/391/6 387/387/6
f 388/388/6 387/387/6 386/386/6
f 391/391/169 390/390/169 384/384/169
f 391/391/169 384/384/169 387/387/169
f 390/390/4 389/389/4 385/385/4
f 390/390/4 385/385/4 384/384/4
f 389/389/1 388/388/1 386/386/1
f 389/389/1 386/386/1 385/385/1
f 392/392/11 393/393/11 246/246/11
f 392/392/11 246/246/11 248/248/11
f 394/394/170 392/392/170 248/248/170
f 394/394/147 248/248/147 245/245/147
f 395/395/11 394/394/11 245/245/11
f 395/395/11 245/245/11 244/244/11
f 393/393/171 395/395/171 244/244/171
f 393/393/9 244/244/9 246/246/9
f 256/256/10 396/396/10 397/397/10
f 256/256/10 397/397/10 261/261/10
f 261/261/5 397/397/5 398/398/5
f 261/261/172 398/398/172 399/399/172
f 399/399/10 398/398/10 400/400/10
f 399/399/10 400/400/10 252/252/10
f 252/252/5 400/400/24 396/396/5
f 252/252/173 396/396/173 256/256/173
f 401/401/11 402/402/11 403/403/11
f 401/401/11 403/403/11 404/404/11
f 405/405/150 401/401/150 404/404/150
f 405/405/9 404/404/9 406/406/9
f 407/407/11 405/405/11 406/406/11
f 407/407/11 406/406/11 408/408/11
f 402/402/139 407/407/139 408/408/139
f 402/402/9 408/408/9 403/403/9
f 409/409/10 410/410/10 411/411/10
f 409/409/174 411/411/174 412/412/174
f 412/412/5 411/411/5 413/413/5
f 412/412/175 413/413/175 414/414/175
f 414/414/10 413/413/10 415/415/10
f 414/414/176 415/415/176 416/416/176
f 416/416/153 415/415/153 410/410/153
f 416/416/177 410/410/177 409/409/177
f 417/417/11 418/418/11 419/419/11
f 417/417/11 419/419/11 409/409/11
f 420/420/171 417/417/171 409/409/171
f 420/420/151 409/409/151 416/416/151
f 421/421/11 420/420/11 416/416/11
f 421/421/11 416/416/11 422/422/11
f 418/418/178 421/421/178 422/422/178
f 418/418/159 422/422/159 419/419/159
f 423/423/10 424/424/10 425/425/10
f 423/423/10 425/425/10 426/426/10
f 426/426/179 425/425/179 427/427/179
f 426/426/19 427/427/19 428/428/19
f 428/428/10 427/427/10 429/429/10
f 428/428/10 429/429/10 430/430/10
f 430/430/133 429/429/133 424/424/133
f 430/430/154 424/424/154 423/423/154
f 256/256/1 261/261/1 248/248/1
f 256/256/1 248/248/1 246/246/1
f 397/397/2 396/396/2 393/393/2
f 397/397/2 393/393/2 392/392/2
f 261/261/6 399/399/6 245/245/6
f 261/261/6 245/245/6 248/248/6
f 398/398/4 397/397/4 392/392/4
f 398/398/4 392/392/4 394/394/4
f 399/399/2 252/252/2 244/244/2
f 399/399/2 244/244/2 245/245/2
f 400/400/1 398/398/1 394/394/1
f 400/400/1 394/394/1 395/395/1
f 252/252/4 256/256/4 246/246/4
f 252/252/4 246/246/4 244/244/4
f 396/396/6 400/400/6 395/395/6
f 396/396/6 395/395/6 393/393/6
f 409/409/1 412/412/1 404/404/1
f 409/409/167 404/404/167 403/403/167
f 411/411/168 410/410/168 402/402/168
f 411/411/2 402/402/2 401/401/2
f 412/412/6 414/414/6 406/406/6
f 412/412/6 406/406/6 404/404/6
f 413/413/4 411/411/4 401/401/4
f 413/413/4 401/401/4 405/405/4
f 414/414/168 416/416/168 408/408/168
f 414/414/2 408/408/2 406/406/2
f 415/415/1 413/413/1 405/405/1
f 415/415/167 405/405/167 407/407/167
f 416/416/4 409/409/4 403/403/4
f 416/416/4 403/403/4 408/408/4
f 410/410/6 415/415/6 407/407/6
f 410/410/6 407/407/6 402/402/6
f 423/423/165 426/426/165 409/409/165
f 423/423/165 409/409/165 419/419/165
f 425/425/166 424/424/166 418/418/166
f 425/425/166 418/418/166 417/417/166
f 426/426/6 428/428/6 416/416/6
f 426/426/6 416/416/6 409/409/6
f 427/427/4 425/425/4 417/417/4
f 427/427/4 417/417/4 420/420/4
f 428/428/166 430/430/166 422/422/166
f 428/428/166 422/422/166 416/416/166
f 429/429/165 427/427/165 420/420/165
f 429/429/165 420/420/165 421/421/165
f 430/430/4 423/423/4 419/419/4
f 430/430/4 419/419/4 422/422/4
f 424/424/6 429/429/6 421/421/6
f 424/424/6 421/421/6 418/418/6
f 431/431/9 432/432/9 433/433/9
f 431/431/9 433/433/9 434/434/9
f 435/435/5 436/436/5 437/437/5
f 435/435/5 437/437/5 438/438/5
f 435/435/6 438/438/6 434/434/6
f 435/435/6 434/434/6 433/433/6
f 438/438/180 437/437/180 431/431/180
f 438/438/166 431/431/166 434/434/166
f 437/437/4 436/436/4 432/432/4
f 437/437/4 432/432/4 431/431/4
f 436/436/181 435/435/181 433/433/181
f 436/436/165 433/433/165 432/432/165
f 439/439/9 440/440/9 441/441/9
f 439/439/9 441/441/9 442/442/9
f 443/443/5 444/444/5 445/445/5
f 443/443/5 445/445/5 446/446/5
f 443/443/6 446/446/6 442/442/6
f 443/443/6 442/442/6 441/441/6
f 446/446/168 445/445/168 439/439/168
f 446/446/2 439/439/2 442/442/2
f 445/445/4 444/444/4 440/440/4
f 445/445/4 440/440/4 439/439/4
f 444/444/181 443/443/181 441/441/181
f 444/444/181 441/441/181 440/440/181
f 447/447/9 448/448/9 449/449/9
f 447/447/9 449/449/9 450/450/9
f 451/451/9 452/452/9 453/453/9
f 451/451/9 453/453/9 454/454/9
f 451/451/9 454/454/9 455/455/9
f 451/451/9 455/455/9 456/456/9
f 451/451/9 456/456/9 457/457/9
f 451/451/9 457/457/9 449/449/9
f 451/451/9 449/449/9 448/448/9
f 451/451/9 448/448/9 458/458/9
f 451/451/9 458/458/9 459/459/9
f 451/451/9 459/459/9 460/460/9
f 451/451/9 460/460/9 461/461/9
f 451/451/9 461/461/9 462/462/9
f 463/463/9 453/453/9 452/452/9
f 463/463/13 452/452/13 464/464/13
f 464/464/11 465/465/11 466/466/11
f 464/464/11 466/466/11 467/467/11
f 464/464/11 467/467/11 468/468/11
f 464/464/11 468/468/11 469/469/11
f 464/464/11 469/469/11 470/470/11
f 464/464/11 470/470/11 447/447/11
f 464/464/11 447/447/11 450/450/11
f 464/464/11 450/450/11 471/471/11
f 464/464/11 471/471/11 472/472/11
f 464/464/11 472/472/11 473/473/11
f 464/464/11 473/473/11 474/474/11
f 464/464/11 474/474/11 463/463/11
f 462/462/9 466/466/9 465/465/9
f 462/462/9 465/465/9 451/451/9
f 473/473/9 455/455/9 454/454/9
f 473/473/9 454/454/9 474/474/9
f 471/471/9 457/457/9 456/456/9
f 471/471/9 456/456/9 472/472/9
f 460/460/9 468/468/9 467/467/9
f 460/460/9 467/467/9 461/461/9
f 458/458/9 470/470/9 469/469/9
f 458/458/9 469/469/9 459/459/9
f 475/475/5 476/476/5 477/477/5
f 475/475/5 477/477/5 478/478/5
f 479/479/5 480/480/5 481/481/5
f 479/479/5 481/481/5 482/482/5
f 481/481/5 483/483/5 484/484/5
f 481/481/5 484/484/5 485/485/5
f 481/481/5 485/485/5 486/486/5
f 481/481/5 486/486/5 487/487/5
f 481/481/5 487/487/5 476/476/5
f 481/481/5 476/476/5 475/475/5
f 481/481/5 475/475/5 488/488/5
f 481/481/5 488/488/5 489/489/5
f 481/481/5 489/489/5 490/490/5
f 481/481/5 490/490/5 482/482/5
f 480/480/163 479/479/163 491/491/163
f 480/480/5 491/491/5 492/492/5
f 493/493/5 494/494/5 492/492/5
f 493/493/5 492/492/5 495/495/5
f 492/492/5 491/491/5 496/496/5
f 492/492/5 496/496/5 497/497/5
f 492/492/5 497/497/5 498/498/5
f 492/492/5 498/498/5 499/499/5
f 492/492/5 499/499/5 478/478/5
f 492/492/5 478/478/5 477/477/5
f 492/492/5 477/477/5 500/500/5
f 492/492/5 500/500/5 501/501/5
f 492/492/5 501/501/5 502/502/5
f 492/492/5 502/502/5 495/495/5
f 494/494/5 493/493/5 483/483/5
f 494/494/24 483/483/24 481/481/24
f 482/482/5 490/490/5 497/497/5
f 482/482/5 497/497/5 496/496/5
f 489/489/5 488/488/5 499/499/5
f 489/489/5 499/499/5 498/498/5
f 495/495/5 502/502/5 485/485/5
f 495/495/5 485/485/5 484/484/5
f 501/501/5 500/500/5 487/487/5
f 501/501/5 487/487/5 486/486/5
f 475/475/6 478/478/6 450/450/6
f 475/475/6 450/450/6 449/449/6
f 477/477/4 476/476/4 448/448/4
f 477/477/4 448/448/4 447/447/4
f 481/481/165 480/480/165 452/452/165
f 481/481/165 452/452/165 451/451/165
f 479/479/166 482/482/166 454/454/166
f 479/479/166 454/454/166 453/453/166
f 490/490/166 489/489/166 456/456/166
f 490/490/166 456/456/166 455/455/166
f 488/488/166 475/475/166 449/449/166
f 488/488/166 449/449/166 457/457/166
f 476/476/166 487/487/166 458/458/166
f 476/476/166 458/458/166 448/448/166
f 486/486/166 485/485/166 460/460/166
f 486/486/166 460/460/166 459/459/166
f 484/484/166 483/483/166 462/462/166
f 484/484/166 462/462/166 461/461/166
f 480/480/6 492/492/6 464/464/6
f 480/480/6 464/464/6 452/452/6
f 491/491/4 479/479/4 453/453/4
f 491/491/4 453/453/4 463/463/4
f 492/492/166 494/494/166 465/465/166
f 492/492/166 465/465/166 464/464/166
f 493/493/1 495/495/1 467/467/1
f 493/493/1 467/467/1 466/466/1
f 502/502/1 501/501/1 469/469/1
f 502/502/1 469/469/1 468/468/1
f 500/500/1 477/477/1 447/447/1
f 500/500/1 447/447/1 470/470/1
f 478/478/1 499/499/1 471/471/1
f 478/478/1 471/471/1 450/450/1
f 498/498/1 497/497/1 473/473/1
f 498/498/1 473/473/1 472/472/1
f 496/496/1 491/491/1 463/463/1
f 496/496/1 463/463/1 474/474/1
f 494/494/4 481/481/4 451/451/4
f 494/494/4 451/451/4 465/465/4
f 483/483/6 493/493/6 466/466/6
f 483/483/6 466/466/6 462/462/6
f 482/482/6 496/496/6 474/474/6
f 482/482/6 474/474/6 454/454/6
f 497/497/4 490/490/4 455/455/4
f 497/497/4 455/455/4 473/473/4
f 489/489/6 498/498/6 472/472/6
f 489/489/6 472/472/6 456/456/6
f 499/499/4 488/488/4 457/457/4
f 499/499/4 457/457/4 471/471/4
f 495/495/4 484/484/4 461/461/4
f 495/495/4 461/461/4 467/467/4
f 485/485/6 502/502/6 468/468/6
f 485/485/6 468/468/6 460/460/6
f 501/501/4 486/486/4 459/459/4
f 501/501/4 459/459/4 469/469/4
f 487/487/6 500/500/6 470/470/6
f 487/487/6 470/470/6 458/458/6
f 503/503/182 504/504/182 243/243/182
f 503/503/182 243/243/182 242/242/182
f 505/505/183 503/503/183 242/242/183
f 505/505/9 242/242/9 250/250/9
f 506/506/182 505/505/182 250/250/182
f 506/506/182 250/250/182 247/247/182
f 504/504/12 506/506/12 247/247/12
f 504/504/9 247/247/9 243/243/9
f 507/507/10 508/508/10 509/509/10
f 507/507/10 509/509/10 510/510/10
f 510/510/5 509/509/5 511/511/5
f 510/510/172 511/511/172 512/512/172
f 512/512/10 511/511/10 513/513/10
f 512/512/10 513/513/10 514/514/10
f 514/514/172 513/513/172 508/508/172
f 514/514/184 508/508/184 507/507/184
f 507/507/1 510/510/1 242/242/1
f 507/507/1 242/242/1 243/243/1
f 509/509/2 508/508/2 504/504/2
f 509/509/2 504/504/2 503/503/2
f 510/510/6 512/512/6 250/250/6
f 510/510/6 250/250/6 242/242/6
f 511/511/4 509/509/4 503/503/4
f 511/511/4 503/503/4 505/505/4
f 512/512/2 514/514/2 247/247/2
f 512/512/2 247/247/2 250/250/2
f 513/513/1 511/511/1 505/505/1
f 513/513/1 505/505/1 506/506/1
f 514/514/4 507/507/4 243/243/4
f 514/514/4 243/243/4 247/247/4
f 508/508/6 513/513/6 506/506/6
f 508/508/6 506/506/6 504/504/6
f 515/515/9 516/516/9 517/517/9
f 515/515/9 517/517/9 518/518/9
f 519/519/9 520/520/9 521/521/9
f 519/519/9 521/521/9 522/522/9
f 523/523/9 524/524/9 525/525/9
f 523/523/9 525/525/9 526/526/9
f 527/527/9 528/528/9 529/529/9
f 527/527/9 529/529/9 530/530/9
f 531/531/9 532/532/9 533/533/9
f 531/531/13 533/533/13 534/534/13
f 535/535/9 536/536/9 537/537/9
f 535/535/9 537/537/9 538/538/9
f 539/539/5 540/540/5 541/541/5
f 539/539/5 541/541/5 542/542/5
f 543/543/5 544/544/5 545/545/5
f 543/543/5 545/545/5 546/546/5
f 547/547/5 548/548/5 549/549/5
f 547/547/5 549/549/5 550/550/5
f 551/551/5 552/552/5 553/553/5
f 551/551/5 553/553/5 554/554/5
f 555/555/5 556/556/5 557/557/5
f 555/555/19 557/557/19 558/558/19
f 559/559/5 560/560/5 561/561/5
f 559/559/5 561/561/5 562/562/5
f 539/539/6 542/542/6 518/518/6
f 539/539/6 518/518/6 517/517/6
f 542/542/169 541/541/169 515/515/169
f 542/542/169 515/515/169 518/518/169
f 541/541/4 540/540/4 516/516/4
f 541/541/4 516/516/4 515/515/4
f 540/540/181 539/539/181 517/517/181
f 540/540/181 517/517/181 516/516/181
f 543/543/6 546/546/6 522/522/6
f 543/543/6 522/522/6 521/521/6
f 546/546/169 545/545/169 519/519/169
f 546/546/169 519/519/169 522/522/169
f 545/545/4 544/544/4 520/520/4
f 545/545/4 520/520/4 519/519/4
f 544/544/181 543/543/181 521/521/181
f 544/544/181 521/521/181 520/520/181
f 547/547/6 550/550/6 526/526/6
f 547/547/6 526/526/6 525/525/6
f 550/550/169 549/549/169 523/523/169
f 550/550/169 523/523/169 526/526/169
f 549/549/4 548/548/4 524/524/4
f 549/549/4 524/524/4 523/523/4
f 548/548/165 547/547/165 525/525/165
f 548/548/181 525/525/181 524/524/181
f 551/551/4 554/554/4 530/530/4
f 551/551/4 530/530/4 529/529/4
f 554/554/165 553/553/165 527/527/165
f 554/554/181 527/527/181 530/530/181
f 553/553/6 552/552/6 528/528/6
f 553/553/6 528/528/6 527/527/6
f 552/552/169 551/551/169 529/529/169
f 552/552/169 529/529/169 528/528/169
f 555/555/4 558/558/4 534/534/4
f 555/555/4 534/534/4 533/533/4
f 558/558/181 557/557/181 531/531/181
f 558/558/181 531/531/181 534/534/181
f 557/557/6 556/556/6 532/532/6
f 557/557/6 532/532/6 531/531/6
f 556/556/169 555/555/169 533/533/169
f 556/556/169 533/533/169 532/532/169
f 559/559/4 562/562/4 538/538/4
f 559/559/4 538/538/4 537/537/4
f 562/562/181 561/561/181 535/535/181
f 562/562/181 535/535/181 538/538/181
f 561/561/6 560/560/6 536/536/6
f 561/561/6 536/536/6 535/535/6
f 560/560/169 559/559/169 537/537/169
f 560/560/169 537/537/169 536/536/169
f 563/563/135 564/564/135 565/565/135
f 563/563/11 565/565/11 566/566/11
f 564/564/11 567/567/11 568/568/11
f 564/564/11 568/568/11 565/565/11
f 567/567/185 569/569/185 570/570/185
f 567/567/11 570/570/11 568/568/11
f 569/569/11 563/563/11 566/566/11
f 569/569/11 566/566/11 570/570/11
f 566/566/6 565/565/6 571/571/6
f 566/566/6 571/571/6 572/572/6
f 565/565/2 568/568/2 573/573/2
f 565/565/2 573/573/2 571/571/2
f 568/568/4 570/570/4 574/574/4
f 568/568/4 574/574/4 573/573/4
f 566/566/165 572/572/165 574/574/165
f 566/566/165 574/574/165 570/570/165
f 575/575/1 576/576/1 577/577/1
f 575/575/1 577/577/1 578/578/1
f 571/571/9 573/573/9 576/576/9
f 571/571/9 576/576/9 575/575/9
f 573/573/4 574/574/4 577/577/4
f 573/573/4 577/577/4 576/576/4
f 574/574/5 572/572/5 578/578/5
f 574/574/5 578/578/5 577/577/5
f 572/572/6 571/571/6 575/575/6
f 572/572/6 575/575/6 578/578/6
f 579/579/186 580/580/186 581/581/186
f 579/579/8 581/581/8 582/582/8
f 582/582/10 581/581/10 583/583/10
f 582/582/10 583/583/10 584/584/10
f 584/584/161 583/583/161 585/585/161
f 584/584/187 585/585/187 586/586/187
f 586/586/10 585/585/10 580/580/10
f 586/586/10 580/580/10 579/579/10
f 580/580/6 587/587/6 588/588/6
f 580/580/6 588/588/6 581/581/6
f 581/581/166 588/588/166 589/589/166
f 581/581/166 589/589/166 583/583/166
f 583/583/4 589/589/4 590/590/4
f 583/583/4 590/590/4 585/585/4
f 580/580/165 585/585/165 590/590/165
f 580/580/165 590/590/165 587/587/165
f 591/591/1 592/592/1 593/593/1
f 591/591/1 593/593/1 594/594/1
f 588/588/5 591/591/5 594/594/5
f 588/588/5 594/594/5 589/589/5
f 589/589/4 594/594/4 593/593/4
f 589/589/4 593/593/4 590/590/4
f 590/590/11 593/593/11 592/592/11
f 590/590/11 592/592/11 587/587/11
f 587/587/6 592/592/6 591/591/6
f 587/587/6 591/591/6 588/588/6
f 582/582/6 564/564/6 563/563/6
f 582/582/6 563/563/6 579/579/6
f 584/584/2 567/567/2 564/564/2
f 584/584/2 564/564/2 582/582/2
f 586/586/4 569/569/4 567/567/4
f 586/586/4 567/567/4 584/584/4
f 579/579/1 563/563/1 569/569/1
f 579/579/1 569/569/1 586/586/1
f 595/595/1 596/596/1 597/597/1
f 595/595/1 597/597/1 598/598/1
f 599/599/1 600/600/1 601/601/1
f 599/599/1 601/601/1 602/602/1
f 599/599/165 602/602/165 603/603/165
f 599/599/1 603/603/1 604/604/1
f 599/599/1 604/604/1 605/605/1
f 599/599/1 605/605/1 597/597/1
f 599/599/165 597/597/165 596/596/165
f 599/599/1 596/596/1 606/606/1
f 599/599/1 606/606/1 607/607/1
f 599/599/1 607/607/1 608/608/1
f 599/599/1 608/608/1 609/609/1
f 599/599/1 609/609/1 610/610/1
f 611/611/1 601/601/1 600/600/1
f 611/611/1 600/600/1 612/612/1
f 612/612/1 613/613/1 614/614/1
f 612/612/165 614/614/165 615/615/165
f 612/612/1 615/615/1 616/616/1
f 612/612/165 616/616/165 617/617/165
f 612/612/165 617/617/165 618/618/165
f 612/612/1 618/618/1 595/595/1
f 612/612/1 595/595/1 598/598/1
f 612/612/1 598/598/1 619/619/1
f 612/612/1 619/619/1 620/620/1
f 612/612/165 620/620/165 621/621/165
f 612/612/1 621/621/1 622/622/1
f 612/612/1 622/622/1 611/611/1
f 610/610/1 614/614/1 613/613/1
f 610/610/1 613/613/1 599/599/1
f 621/621/1 603/603/1 602/602/1
f 621/621/1 602/602/1 622/622/1
f 619/619/1 605/605/1 604/604/1
f 619/619/1 604/604/1 620/620/1
f 608/608/1 616/616/1 615/615/1
f 608/608/1 615/615/1 609/609/1
f 606/606/1 618/618/1 617/617/1
f 606/606/1 617/617/1 607/607/1
f 623/623/2 624/624/2 625/625/2
f 623/623/2 625/625/2 626/626/2
f 627/627/2 628/628/2 629/629/2
f 627/627/2 629/629/2 630/630/2
f 629/629/2 631/631/2 632/632/2
f 629/629/166 632/632/166 633/633/166
f 629/629/2 633/633/2 634/634/2
f 629/629/2 634/634/2 635/635/2
f 629/629/2 635/635/2 624/624/2
f 629/629/166 624/624/166 623/623/166
f 629/629/2 623/623/2 636/636/2
f 629/629/2 636/636/2 637/637/2
f 629/629/2 637/637/2 638/638/2
f 629/629/2 638/638/2 630/630/2
f 628/628/2 627/627/2 639/639/2
f 628/628/2 639/639/2 640/640/2
f 641/641/2 642/642/2 640/640/2
f 641/641/2 640/640/2 643/643/2
f 640/640/2 639/639/2 644/644/2
f 640/640/2 644/644/2 645/645/2
f 640/640/2 645/645/2 646/646/2
f 640/640/2 646/646/2 647/647/2
f 640/640/2 647/647/2 626/626/2
f 640/640/166 626/626/166 625/625/166
f 640/640/2 625/625/2 648/648/2
f 640/640/2 648/648/2 649/649/2
f 640/640/2 649/649/2 650/650/2
f 640/640/2 650/650/2 643/643/2
f 642/642/2 641/641/2 631/631/2
f 642/642/2 631/631/2 629/629/2
f 630/630/2 638/638/2 645/645/2
f 630/630/2 645/645/2 644/644/2
f 637/637/2 636/636/2 647/647/2
f 637/637/2 647/647/2 646/646/2
f 643/643/2 650/650/2 633/633/2
f 643/643/2 633/633/2 632/632/2
f 649/649/2 648/648/2 635/635/2
f 649/649/2 635/635/2 634/634/2
f 623/623/6 626/626/6 598/598/6
f 623/623/6 598/598/6 597/597/6
f 625/625/4 624/624/4 596/596/4
f 625/625/4 596/596/4 595/595/4
f 629/629/155 628/628/155 600/600/155
f 629/629/161 600/600/161 599/599/161
f 627/627/188 630/630/188 602/602/188
f 627/627/188 602/602/188 601/601/188
f 638/638/188 637/637/188 604/604/188
f 638/638/188 604/604/188 603/603/188
f 636/636/188 623/623/188 597/597/188
f 636/636/188 597/597/188 605/605/188
f 624/624/188 635/635/188 606/606/188
f 624/624/188 606/606/188 596/596/188
f 634/634/188 633/633/188 608/608/188
f 634/634/188 608/608/188 607/607/188
f 632/632/188 631/631/188 610/610/188
f 632/632/188 610/610/188 609/609/188
f 628/628/6 640/640/6 612/612/6
f 628/628/6 612/612/6 600/600/6
f 639/639/4 627/627/4 601/601/4
f 639/639/4 601/601/4 611/611/4
f 640/640/189 642/642/189 613/613/189
f 640/640/189 613/613/189 612/612/189
f 641/641/190 643/643/190 615/615/190
f 641/641/190 615/615/190 614/614/190
f 650/650/190 649/649/190 617/617/190
f 650/650/190 617/617/190 616/616/190
f 648/648/190 625/625/190 595/595/190
f 648/648/190 595/595/190 618/618/190
f 626/626/190 647/647/190 619/619/190
f 626/626/190 619/619/190 598/598/190
f 646/646/190 645/645/190 621/621/190
f 646/646/190 621/621/190 620/620/190
f 644/644/190 639/639/190 611/611/190
f 644/644/190 611/611/190 622/622/190
f 642/642/4 629/629/4 599/599/4
f 642/642/4 599/599/4 613/613/4
f 631/631/6 641/641/6 614/614/6
f 631/631/6 614/614/6 610/610/6
f 630/630/6 644/644/6 622/622/6
f 630/630/6 622/622/6 602/602/6
f 645/645/4 638/638/4 603/603/4
f 645/645/4 603/603/4 621/621/4
f 637/637/6 646/646/6 620/620/6
f 637/637/6 620/620/6 604/604/6
f 647/647/4 636/636/4 605/605/4
f 647/647/4 605/605/4 619/619/4
f 643/643/4 632/632/4 609/609/4
f 643/643/4 609/609/4 615/615/4
f 633/633/6 650/650/6 616/616/6
f 633/633/6 616/616/6 608/608/6
f 649/649/4 634/634/4 607/607/4
f 649/649/4 607/607/4 617/617/4
f 635/635/6 648/648/6 618/618/6
f 635/635/6 618/618/6 606/606/6
f 651/651/1 652/652/1 653/653/1
f 651/651/1 653/653/1 654/654/1
f 655/655/191 651/651/191 654/654/191
f 655/655/192 654/654/192 656/656/192
f 657/657/165 655/655/165 656/656/165
f 657/657/165 656/656/165 658/658/165
f 652/652/193 657/657/193 658/658/193
f 652/652/194 658/658/194 653/653/194
f 659/659/2 660/660/2 661/661/2
f 659/659/2 661/661/2 662/662/2
f 662/662/195 661/661/195 663/663/195
f 662/662/3 663/663/3 664/664/3
f 664/664/2 663/663/2 665/665/2
f 664/664/166 665/665/166 666/666/166
f 666/666/2 665/665/2 660/660/2
f 666/666/3 660/660/3 659/659/3
f 659/659/8 662/662/8 654/654/8
f 659/659/8 654/654/8 653/653/8
f 661/661/7 660/660/7 652/652/7
f 661/661/7 652/652/7 651/651/7
f 662/662/6 664/664/6 656/656/6
f 662/662/6 656/656/6 654/654/6
f 663/663/4 661/661/4 651/651/4
f 663/663/4 651/651/4 655/655/4
f 664/664/11 666/666/11 658/658/11
f 664/664/11 658/658/11 656/656/11
f 665/665/10 663/663/10 655/655/10
f 665/665/10 655/655/10 657/657/10
f 666/666/4 659/659/4 653/653/4
f 666/666/4 653/653/4 658/658/4
f 660/660/6 665/665/6 657/657/6
f 660/660/6 657/657/6 652/652/6
f 667/667/1 668/668/1 669/669/1
f 667/667/1 669/669/1 670/670/1
f 671/671/1 672/672/1 673/673/1
f 671/671/1 673/673/1 674/674/1
f 675/675/1 676/676/1 677/677/1
f 675/675/1 677/677/1 678/678/1
f 679/679/1 680/680/1 681/681/1
f 679/679/1 681/681/1 682/682/1
f 683/683/1 684/684/1 685/685/1
f 683/683/1 685/685/1 686/686/1
f 687/687/1 688/688/1 689/689/1
f 687/687/1 689/689/1 690/690/1
f 691/691/2 692/692/2 693/693/2
f 691/691/2 693/693/2 694/694/2
f 695/695/2 696/696/2 697/697/2
f 695/695/2 697/697/2 698/698/2
f 699/699/2 700/700/2 701/701/2
f 699/699/2 701/701/2 702/702/2
f 703/703/2 704/704/2 705/705/2
f 703/703/2 705/705/2 706/706/2
f 707/707/2 708/708/2 709/709/2
f 707/707/2 709/709/2 710/710/2
f 711/711/2 712/712/2 713/713/2
f 711/711/2 713/713/2 714/714/2
f 691/691/6 694/694/6 670/670/6
f 691/691/6 670/670/6 669/669/6
f 694/694/196 693/693/196 667/667/196
f 694/694/197 667/667/197 670/670/197
f 693/693/4 692/692/4 668/668/4
f 693/693/4 668/668/4 667/667/4
f 692/692/198 691/691/198 669/669/198
f 692/692/199 669/669/199 668/668/199
f 695/695/6 698/698/6 674/674/6
f 695/695/6 674/674/6 673/673/6
f 698/698/197 697/697/197 671/671/197
f 698/698/196 671/671/196 674/674/196
f 697/697/4 696/696/4 672/672/4
f 697/697/4 672/672/4 671/671/4
f 696/696/198 695/695/198 673/673/198
f 696/696/199 673/673/199 672/672/199
f 699/699/6 702/702/6 678/678/6
f 699/699/6 678/678/6 677/677/6
f 702/702/197 701/701/197 675/675/197
f 702/702/196 675/675/196 678/678/196
f 701/701/4 700/700/4 676/676/4
f 701/701/4 676/676/4 675/675/4
f 700/700/198 699/699/198 677/677/198
f 700/700/199 677/677/199 676/676/199
f 703/703/4 706/706/4 682/682/4
f 703/703/4 682/682/4 681/681/4
f 706/706/198 705/705/198 679/679/198
f 706/706/199 679/679/199 682/682/199
f 705/705/6 704/704/6 680/680/6
f 705/705/6 680/680/6 679/679/6
f 704/704/196 703/703/196 681/681/196
f 704/704/197 681/681/197 680/680/197
f 707/707/4 710/710/4 686/686/4
f 707/707/4 686/686/4 685/685/4
f 710/710/198 709/709/198 683/683/198
f 710/710/199 683/683/199 686/686/199
f 709/709/6 708/708/6 684/684/6
f 709/709/6 684/684/6 683/683/6
f 708/708/197 707/707/197 685/685/197
f 708/708/196 685/685/196 684/684/196
f 711/711/4 714/714/4 690/690/4
f 711/711/4 690/690/4 689/689/4
f 714/714/198 713/713/198 687/687/198
f 714/714/199 687/687/199 690/690/199
f 713/713/6 712/712/6 688/688/6
f 713/713/6 688/688/6 687/687/6
f 712/712/196 711/711/196 689/689/196
f 712/712/197 689/689/197 688/688/197
f 715/715/200 716/716/200 717/717/200
f 715/715/1 717/717/1 718/718/1
f 716/716/165 719/719/165 720/720/165
f 716/716/165 720/720/165 717/717/165
f 719/719/201 721/721/201 722/722/201
f 719/719/193 722/722/193 720/720/193
f 721/721/165 715/715/165 718/718/165
f 721/721/165 718/718/165 722/722/165
f 718/718/6 717/717/6 723/723/6
f 718/718/6 723/723/6 724/724/6
f 717/717/11 720/720/11 725/725/11
f 717/717/11 725/725/11 723/723/11
f 720/720/4 722/722/4 726/726/4
f 720/720/4 726/726/4 725/725/4
f 718/718/202 724/724/202 726/726/202
f 718/718/202 726/726/202 722/722/202
f 727/727/203 728/728/203 729/729/203
f 727/727/203 729/729/203 730/730/203
f 723/723/1 725/725/1 728/728/1
f 723/723/1 728/728/1 727/727/1
f 725/725/4 726/726/4 729/729/4
f 725/725/4 729/729/4 728/728/4
f 726/726/2 724/724/2 730/730/2
f 726/726/2 730/730/2 729/729/2
f 724/724/6 723/723/6 727/727/6
f 724/724/6 727/727/6 730/730/6
f 731/731/204 732/732/204 733/733/204
f 731/731/205 733/733/205 734/734/205
f 734/734/166 733/733/166 735/735/166
f 734/734/166 735/735/166 736/736/166
f 736/736/2 735/735/2 737/737/2
f 736/736/3 737/737/3 738/738/3
f 738/738/166 737/737/166 732/732/166
f 738/738/166 732/732/166 731/731/166
f 732/732/6 739/739/6 740/740/6
f 732/732/6 740/740/6 733/733/6
f 733/733/9 740/740/9 741/741/9
f 733/733/9 741/741/9 735/735/9
f 735/735/4 741/741/4 742/742/4
f 735/735/4 742/742/4 737/737/4
f 732/732/206 737/737/206 742/742/206
f 732/732/206 742/742/206 739/739/206
f 743/743/203 744/744/203 745/745/203
f 743/743/203 745/745/203 746/746/203
f 740/740/2 743/743/2 746/746/2
f 740/740/2 746/746/2 741/741/2
f 741/741/4 746/746/4 745/745/4
f 741/741/4 745/745/4 742/742/4
f 742/742/1 745/745/1 744/744/1
f 742/742/165 744/744/165 739/739/165
f 739/739/6 744/744/6 743/743/6
f 739/739/6 743/743/6 740/740/6
f 734/734/6 716/716/6 715/715/6
f 734/734/6 715/715/6 731/731/6
f 736/736/182 719/719/182 716/716/182
f 736/736/182 716/716/182 734/734/182
f 738/738/4 721/721/4 719/719/4
f 738/738/4 719/719/4 736/736/4
f 731/731/207 715/715/207 721/721/207
f 731/731/207 721/721/207 738/738/207
f 747/747/165 748/748/165 749/749/165
f 747/747/165 749/749/165 750/750/165
f 751/751/1 747/747/1 750/750/1
f 751/751/1 750/750/1 752/752/1
f 753/753/165 751/751/165 752/752/165
f 753/753/165 752/752/165 754/754/165
f 748/748/193 753/753/193 754/754/193
f 748/748/194 754/754/194 749/749/194
f 302/302/166 755/755/166 756/756/166
f 302/302/166 756/756/166 301/301/166
f 301/301/3 756/756/3 757/757/3
f 301/301/137 757/757/137 297/297/137
f 297/297/166 757/757/166 758/758/166
f 297/297/166 758/758/166 298/298/166
f 298/298/2 758/758/2 755/755/2
f 298/298/2 755/755/2 302/302/2
f 759/759/1 760/760/1 761/761/1
f 759/759/1 761/761/1 762/762/1
f 763/763/194 759/759/194 762/762/194
f 763/763/193 762/762/193 764/764/193
f 765/765/1 763/763/1 764/764/1
f 765/765/167 764/764/167 766/766/167
f 760/760/200 765/765/200 766/766/200
f 760/760/200 766/766/200 761/761/200
f 767/767/2 768/768/2 769/769/2
f 767/767/2 769/769/2 770/770/2
f 770/770/205 769/769/205 771/771/205
f 770/770/3 771/771/3 772/772/3
f 772/772/2 771/771/2 773/773/2
f 772/772/168 773/773/168 774/774/168
f 774/774/2 773/773/2 768/768/2
f 774/774/2 768/768/2 767/767/2
f 775/775/1 776/776/1 777/777/1
f 775/775/1 777/777/1 767/767/1
f 778/778/194 775/775/194 767/767/194
f 778/778/193 767/767/193 774/774/193
f 779/779/167 778/778/167 774/774/167
f 779/779/167 774/774/167 780/780/167
f 776/776/1 779/779/1 780/780/1
f 776/776/1 780/780/1 777/777/1
f 781/781/2 782/782/2 783/783/2
f 781/781/2 783/783/2 784/784/2
f 784/784/3 783/783/3 785/785/3
f 784/784/137 785/785/137 786/786/137
f 786/786/2 785/785/2 787/787/2
f 786/786/2 787/787/2 788/788/2
f 788/788/205 787/787/205 782/782/205
f 788/788/204 782/782/204 781/781/204
f 302/302/10 301/301/10 750/750/10
f 302/302/10 750/750/10 749/749/10
f 756/756/11 755/755/11 748/748/11
f 756/756/11 748/748/11 747/747/11
f 301/301/6 297/297/6 752/752/6
f 301/301/6 752/752/6 750/750/6
f 757/757/4 756/756/4 747/747/4
f 757/757/4 747/747/4 751/751/4
f 297/297/11 298/298/11 754/754/11
f 297/297/11 754/754/11 752/752/11
f 758/758/10 757/757/10 751/751/10
f 758/758/10 751/751/10 753/753/10
f 298/298/4 302/302/4 749/749/4
f 298/298/4 749/749/4 754/754/4
f 755/755/6 758/758/6 753/753/6
f 755/755/6 753/753/6 748/748/6
f 767/767/208 770/770/208 762/762/208
f 767/767/155 762/762/155 761/761/155
f 769/769/209 768/768/209 760/760/209
f 769/769/160 760/760/160 759/759/160
f 770/770/6 772/772/6 764/764/6
f 770/770/6 764/764/6 762/762/6
f 771/771/4 769/769/4 759/759/4
f 771/771/4 759/759/4 763/763/4
f 772/772/160 774/774/160 766/766/160
f 772/772/160 766/766/160 764/764/160
f 773/773/208 771/771/208 763/763/208
f 773/773/155 763/763/155 765/765/155
f 774/774/4 767/767/4 761/761/4
f 774/774/4 761/761/4 766/766/4
f 768/768/6 773/773/6 765/765/6
f 768/768/6 765/765/6 760/760/6
f 781/781/190 784/784/190 767/767/190
f 781/781/190 767/767/190 777/777/190
f 783/783/188 782/782/188 776/776/188
f 783/783/188 776/776/188 775/775/188
f 784/784/6 786/786/6 774/774/6
f 784/784/6 774/774/6 767/767/6
f 785/785/4 783/783/4 775/775/4
f 785/785/4 775/775/4 778/778/4
f 786/786/188 788/788/188 780/780/188
f 786/786/188 780/780/188 774/774/188
f 787/787/190 785/785/190 778/778/190
f 787/787/190 778/778/190 779/779/190
f 788/788/4 781/781/4 777/777/4
f 788/788/4 777/777/4 780/780/4
f 782/782/6 787/787/6 779/779/6
f 782/782/6 779/779/6 776/776/6
f 789/789/1 790/790/1 791/791/1
f 789/789/1 791/791/1 792/792/1
f 793/793/2 794/794/2 795/795/2
f 793/793/2 795/795/2 796/796/2
f 793/793/6 796/796/6 792/792/6
f 793/793/6 792/792/6 791/791/6
f 796/796/197 795/795/197 789/789/197
f 796/796/197 789/789/197 792/792/197
f 795/795/4 794/794/4 790/790/4
f 795/795/4 790/790/4 789/789/4
f 794/794/199 793/793/199 791/791/199
f 794/794/199 791/791/199 790/790/199
f 797/797/1 798/798/1 799/799/1
f 797/797/1 799/799/1 800/800/1
f 801/801/2 802/802/2 803/803/2
f 801/801/2 803/803/2 804/804/2
f 801/801/6 804/804/6 800/800/6
f 801/801/6 800/800/6 799/799/6
f 804/804/210 803/803/210 797/797/210
f 804/804/210 797/797/210 800/800/210
f 803/803/4 802/802/4 798/798/4
f 803/803/4 798/798/4 797/797/4
f 802/802/211 801/801/211 799/799/211
f 802/802/211 799/799/211 798/798/211
f 805/805/183 806/806/183 807/807/183
f 805/805/9 807/807/9 808/808/9
f 809/809/160 805/805/160 808/808/160
f 809/809/189 808/808/189 317/317/189
f 810/810/147 809/809/147 317/317/147
f 810/810/212 317/317/212 313/313/212
f 806/806/188 810/810/188 313/313/188
f 806/806/188 313/313/188 807/807/188
f 811/811/213 812/812/213 813/813/213
f 811/811/19 813/813/19 814/814/19
f 814/814/155 813/813/155 815/815/155
f 814/814/161 815/815/161 309/309/161
f 309/309/214 815/815/214 816/816/214
f 309/309/138 816/816/138 307/307/138
f 307/307/190 816/816/190 812/812/190
f 307/307/190 812/812/190 811/811/190
f 817/817/215 818/818/215 819/819/215
f 817/817/216 819/819/216 820/820/216
f 821/821/189 817/817/189 820/820/189
f 821/821/160 820/820/160 822/822/160
f 823/823/217 821/821/217 822/822/217
f 823/823/218 822/822/218 824/824/218
f 818/818/160 823/823/160 824/824/160
f 818/818/160 824/824/160 819/819/160
f 825/825/219 826/826/219 827/827/219
f 825/825/220 827/827/220 828/828/220
f 828/828/155 827/827/155 829/829/155
f 828/828/155 829/829/155 830/830/155
f 830/830/175 829/829/175 831/831/175
f 830/830/221 831/831/221 832/832/221
f 832/832/155 831/831/155 826/826/155
f 832/832/155 826/826/155 825/825/155
f 833/833/145 834/834/145 835/835/145
f 833/833/222 835/835/222 825/825/222
f 836/836/188 833/833/188 825/825/188
f 836/836/188 825/825/188 832/832/188
f 837/837/147 836/836/147 832/832/147
f 837/837/222 832/832/222 838/838/222
f 834/834/188 837/837/188 838/838/188
f 834/834/188 838/838/188 835/835/188
f 839/839/223 840/840/223 841/841/223
f 839/839/224 841/841/224 842/842/224
f 842/842/190 841/841/190 843/843/190
f 842/842/155 843/843/155 844/844/155
f 844/844/225 843/843/225 845/845/225
f 844/844/220 845/845/220 846/846/220
f 846/846/161 845/845/161 840/840/161
f 846/846/155 840/840/155 839/839/155
f 811/811/6 814/814/6 808/808/6
f 811/811/6 808/808/6 807/807/6
f 813/813/4 812/812/4 806/806/4
f 813/813/4 806/806/4 805/805/4
f 814/814/2 309/309/2 317/317/2
f 814/814/2 317/317/2 808/808/2
f 815/815/1 813/813/1 805/805/1
f 815/815/1 805/805/1 809/809/1
f 309/309/4 307/307/4 313/313/4
f 309/309/4 313/313/4 317/317/4
f 816/816/6 815/815/6 809/809/6
f 816/816/6 809/809/6 810/810/6
f 307/307/1 811/811/1 807/807/1
f 307/307/1 807/807/1 313/313/1
f 812/812/2 816/816/2 810/810/2
f 812/812/2 810/810/2 806/806/2
f 825/825/6 828/828/6 820/820/6
f 825/825/6 820/820/6 819/819/6
f 827/827/4 826/826/4 818/818/4
f 827/827/4 818/818/4 817/817/4
f 828/828/2 830/830/2 822/822/2
f 828/828/2 822/822/2 820/820/2
f 829/829/1 827/827/1 817/817/1
f 829/829/167 817/817/167 821/821/167
f 830/830/4 832/832/4 824/824/4
f 830/830/4 824/824/4 822/822/4
f 831/831/6 829/829/6 821/821/6
f 831/831/6 821/821/6 823/823/6
f 832/832/1 825/825/1 819/819/1
f 832/832/1 819/819/1 824/824/1
f 826/826/2 831/831/2 823/823/2
f 826/826/2 823/823/2 818/818/2
f 839/839/6 842/842/6 825/825/6
f 839/839/6 825/825/6 835/835/6
f 841/841/4 840/840/4 834/834/4
f 841/841/4 834/834/4 833/833/4
f 842/842/166 844/844/166 832/832/166
f 842/842/166 832/832/166 825/825/166
f 843/843/165 841/841/165 833/833/165
f 843/843/1 833/833/1 836/836/1
f 844/844/4 846/846/4 838/838/4
f 844/844/4 838/838/4 832/832/4
f 845/845/6 843/843/6 836/836/6
f 845/845/6 836/836/6 837/837/6
f 846/846/1 839/839/1 835/835/1
f 846/846/1 835/835/1 838/838/1
f 840/840/166 845/845/166 837/837/166
f 840/840/166 837/837/166 834/834/166
f 847/847/9 848/848/9 849/849/9
f 847/847/9 849/849/9 850/850/9
f 851/851/5 852/852/5 853/853/5
f 851/851/5 853/853/5 854/854/5
f 851/851/169 854/854/169 850/850/169
f 851/851/169 850/850/169 849/849/169
f 854/854/4 853/853/4 847/847/4
f 854/854/4 847/847/4 850/850/4
f 853/853/226 852/852/226 848/848/226
f 853/853/226 848/848/226 847/847/226
f 852/852/6 851/851/6 849/849/6
f 852/852/6 849/849/6 848/848/6
f 855/855/9 856/856/9 857/857/9
f 855/855/9 857/857/9 858/858/9
f 859/859/10 860/860/10 861/861/10
f 859/859/10 861/861/10 862/862/10
f 859/859/227 862/862/227 858/858/227
f 859/859/227 858/858/227 857/857/227
f 862/862/4 861/861/4 855/855/4
f 862/862/4 855/855/4 858/858/4
f 861/861/181 860/860/181 856/856/181
f 861/861/181 856/856/181 855/855/181
f 860/860/6 859/859/6 857/857/6
f 860/860/6 857/857/6 856/856/6
f 863/863/12 864/864/12 865/865/12
f 863/863/9 865/865/9 866/866/9
f 867/867/160 863/863/160 866/866/160
f 867/867/160 866/866/160 314/314/160
f 868/868/145 867/867/145 314/314/145
f 868/868/228 314/314/228 318/318/228
f 864/864/188 868/868/188 318/318/188
f 864/864/188 318/318/188 865/865/188
f 869/869/229 870/870/229 871/871/229
f 869/869/20 871/871/20 872/872/20
f 872/872/155 871/871/155 873/873/155
f 872/872/161 873/873/161 306/306/161
f 306/306/230 873/873/230 874/874/230
f 306/306/20 874/874/20 310/310/20
f 310/310/190 874/874/190 870/870/190
f 310/310/190 870/870/190 869/869/190
f 875/875/13 876/876/13 877/877/13
f 875/875/9 877/877/9 878/878/9
f 879/879/11 875/875/11 878/878/11
f 879/879/11 878/878/11 880/880/11
f 881/881/26 879/879/26 880/880/26
f 881/881/9 880/880/9 882/882/9
f 876/876/11 881/881/11 882/882/11
f 876/876/11 882/882/11 877/877/11
f 883/883/5 884/884/5 885/885/5
f 883/883/5 885/885/5 886/886/5
f 886/886/10 885/885/10 887/887/10
f 886/886/10 887/887/10 888/888/10
f 888/888/5 887/887/5 889/889/5
f 888/888/5 889/889/5 890/890/5
f 890/890/10 889/889/10 884/884/10
f 890/890/10 884/884/10 883/883/10
f 891/891/231 892/892/231 886/886/231
f 891/891/139 886/886/139 893/893/139
f 894/894/7 891/891/7 893/893/7
f 894/894/7 893/893/7 895/895/7
f 896/896/232 894/894/232 895/895/232
f 896/896/233 895/895/233 888/888/233
f 892/892/7 896/896/7 888/888/7
f 892/892/7 888/888/7 886/886/7
f 897/897/133 898/898/133 899/899/133
f 897/897/19 899/899/19 900/900/19
f 900/900/8 899/899/8 901/901/8
f 900/900/8 901/901/8 902/902/8
f 902/902/5 901/901/5 903/903/5
f 902/902/133 903/903/133 904/904/133
f 904/904/10 903/903/10 898/898/10
f 904/904/10 898/898/10 897/897/10
f 905/905/12 906/906/12 900/900/12
f 905/905/139 900/900/139 907/907/139
f 908/908/11 905/905/11 907/907/11
f 908/908/11 907/907/11 909/909/11
f 910/910/12 908/908/12 909/909/12
f 910/910/9 909/909/9 902/902/9
f 906/906/11 910/910/11 902/902/11
f 906/906/11 902/902/11 900/900/11
f 911/911/133 912/912/133 913/913/133
f 911/911/19 913/913/19 914/914/19
f 914/914/10 913/913/10 915/915/10
f 914/914/10 915/915/10 916/916/10
f 916/916/5 915/915/5 917/917/5
f 916/916/19 917/917/19 918/918/19
f 918/918/8 917/917/8 912/912/8
f 918/918/10 912/912/10 911/911/10
f 869/869/6 872/872/6 866/866/6
f 869/869/6 866/866/6 865/865/6
f 871/871/4 870/870/4 864/864/4
f 871/871/4 864/864/4 863/863/4
f 872/872/2 306/306/2 314/314/2
f 872/872/2 314/314/2 866/866/2
f 873/873/1 871/871/1 863/863/1
f 873/873/1 863/863/1 867/867/1
f 306/306/4 310/310/4 318/318/4
f 306/306/4 318/318/4 314/314/4
f 874/874/6 873/873/6 867/867/6
f 874/874/6 867/867/6 868/868/6
f 310/310/1 869/869/1 865/865/1
f 310/310/1 865/865/1 318/318/1
f 870/870/2 874/874/2 868/868/2
f 870/870/2 868/868/2 864/864/2
f 883/883/6 886/886/6 878/878/6
f 883/883/6 878/878/6 877/877/6
f 885/885/4 884/884/4 876/876/4
f 885/885/4 876/876/4 875/875/4
f 886/886/2 888/888/2 880/880/2
f 886/886/2 880/880/2 878/878/2
f 887/887/1 885/885/1 875/875/1
f 887/887/1 875/875/1 879/879/1
f 888/888/4 890/890/4 882/882/4
f 888/888/4 882/882/4 880/880/4
f 889/889/6 887/887/6 879/879/6
f 889/889/6 879/879/6 881/881/6
f 890/890/1 883/883/1 877/877/1
f 890/890/167 877/877/167 882/882/167
f 884/884/2 889/889/2 881/881/2
f 884/884/2 881/881/2 876/876/2
f 897/897/6 900/900/6 893/893/6
f 897/897/6 893/893/6 886/886/6
f 899/899/4 898/898/4 892/892/4
f 899/899/4 892/892/4 891/891/4
f 900/900/166 902/902/166 895/895/166
f 900/900/166 895/895/166 893/893/166
f 901/901/165 899/899/165 891/891/165
f 901/901/165 891/891/165 894/894/165
f 902/902/4 904/904/4 888/888/4
f 902/902/4 888/888/4 895/895/4
f 903/903/6 901/901/6 894/894/6
f 903/903/6 894/894/6 896/896/6
f 904/904/165 897/897/165 886/886/165
f 904/904/1 886/886/1 888/888/1
f 898/898/2 903/903/2 896/896/2
f 898/898/2 896/896/2 892/892/2
f 911/911/6 914/914/6 907/907/6
f 911/911/6 907/907/6 900/900/6
f 913/913/4 912/912/4 906/906/4
f 913/913/4 906/906/4 905/905/4
f 914/914/2 916/916/2 909/909/2
f 914/914/166 909/909/166 907/907/166
f 915/915/165 913/913/165 905/905/165
f 915/915/165 905/905/165 908/908/165
f 916/916/4 918/918/4 902/902/4
f 916/916/4 902/902/4 909/909/4
f 917/917/6 915/915/6 908/908/6
f 917/917/6 908/908/6 910/910/6
f 918/918/165 911/911/165 900/900/165
f 918/918/167 900/900/167 902/902/167
f 912/912/166 917/917/166 910/910/166
f 912/912/166 910/910/166 906/906/166
f 919/919/9 920/920/9 921/921/9
f 919/919/9 921/921/9 922/922/9
f 923/923/5 924/924/5 925/925/5
f 923/923/5 925/925/5 926/926/5
f 923/923/169 926/926/169 922/922/169
f 923/923/169 922/922/169 921/921/169
f 926/926/4 925/925/4 919/919/4
f 926/926/4 919/919/4 922/922/4
f 925/925/181 924/924/181 920/920/181
f 925/925/181 920/920/181 919/919/181
f 924/924/6 923/923/6 921/921/6
f 924/924/6 921/921/6 920/920/6
f 927/927/11 928/928/11 929/929/11
f 927/927/11 929/929/11 930/930/11
f 931/931/5 932/932/5 933/933/5
f 931/931/5 933/933/5 934/934/5
f 931/931/169 934/934/169 930/930/169
f 931/931/169 930/930/169 929/929/169
f 934/934/4 933/933/4 927/927/4
f 934/934/4 927/927/4 930/930/4
f 933/933/226 932/932/226 928/928/226
f 933/933/226 928/928/226 927/927/226
f 932/932/6 931/931/6 929/929/6
f 932/932/6 929/929/6 928/928/6
f 935/935/9 936/936/9 937/937/9
f 935/935/9 937/937/9 938/938/9
f 939/939/10 940/940/10 941/941/10
f 939/939/10 941/941/10 942/942/10
f 939/939/227 942/942/227 938/938/227
f 939/939/234 938/938/234 937/937/234
f 942/942/4 941/941/4 935/935/4
f 942/942/4 935/935/4 938/938/4
f 941/941/235 940/940/235 936/936/235
f 941/941/181 936/936/181 935/935/181
f 940/940/6 939/939/6 937/937/6
f 940/940/6 937/937/6 936/936/6
f 943/943/165 944/944/165 281/281/165
f 943/943/165 281/281/165 282/282/165
f 945/945/201 943/943/201 282/282/201
f 945/945/194 282/282/194 277/277/194
f 946/946/165 945/945/165 277/277/165
f 946/946/165 277/277/165 276/276/165
f 944/944/1 946/946/1 276/276/1
f 944/944/193 276/276/193 281/281/193
f 271/271/2 947/947/2 948/948/2
f 271/271/2 948/948/2 273/273/2
f 273/273/204 948/948/204 949/949/204
f 273/273/205 949/949/205 265/265/205
f 265/265/166 949/949/166 950/950/166
f 265/265/166 950/950/166 266/266/166
f 266/266/2 950/950/2 947/947/2
f 266/266/3 947/947/3 271/271/3
f 951/951/165 952/952/165 953/953/165
f 951/951/165 953/953/165 954/954/165
f 955/955/1 951/951/1 954/954/1
f 955/955/1 954/954/1 956/956/1
f 957/957/1 955/955/1 956/956/1
f 957/957/1 956/956/1 958/958/1
f 952/952/1 957/957/1 958/958/1
f 952/952/1 958/958/1 953/953/1
f 959/959/166 960/960/166 961/961/166
f 959/959/166 961/961/166 962/962/166
f 962/962/3 961/961/3 963/963/3
f 962/962/2 963/963/2 964/964/2
f 964/964/2 963/963/2 965/965/2
f 964/964/2 965/965/2 966/966/2
f 966/966/205 965/965/205 960/960/205
f 966/966/3 960/960/3 959/959/3
f 967/967/165 968/968/165 969/969/165
f 967/967/165 969/969/165 959/959/165
f 970/970/201 967/967/201 959/959/201
f 970/970/1 959/959/1 966/966/1
f 971/971/1 970/970/1 966/966/1
f 971/971/1 966/966/1 972/972/1
f 968/968/194 971/971/194 972/972/194
f 968/968/1 972/972/1 969/969/1
f 973/973/166 974/974/166 975/975/166
f 973/973/166 975/975/166 976/976/166
f 976/976/204 975/975/204 977/977/204
f 976/976/205 977/977/205 978/978/205
f 978/978/2 977/977/2 979/979/2
f 978/978/2 979/979/2 980/980/2
f 980/980/205 979/979/205 974/974/205
f 980/980/204 974/974/204 973/973/204
f 271/271/10 273/273/10 282/282/10
f 271/271/10 282/282/10 281/281/10
f 948/948/7 947/947/7 944/944/7
f 948/948/7 944/944/7 943/943/7
f 273/273/6 265/265/6 277/277/6
f 273/273/6 277/277/6 282/282/6
f 949/949/4 948/948/4 943/943/4
f 949/949/4 943/943/4 945/945/4
f 265/265/7 266/266/7 276/276/7
f 265/265/7 276/276/7 277/277/7
f 950/950/8 949/949/8 945/945/8
f 950/950/8 945/945/8 946/946/8
f 266/266/4 271/271/4 281/281/4
f 266/266/4 281/281/4 276/276/4
f 947/947/6 950/950/6 946/946/6
f 947/947/6 946/946/6 944/944/6
f 959/959/236 962/962/236 954/954/236
f 959/959/190 954/954/190 953/953/190
f 961/961/237 960/960/237 952/952/237
f 961/961/188 952/952/188 951/951/188
f 962/962/6 964/964/6 956/956/6
f 962/962/6 956/956/6 954/954/6
f 963/963/4 961/961/4 951/951/4
f 963/963/4 951/951/4 955/955/4
f 964/964/188 966/966/188 958/958/188
f 964/964/188 958/958/188 956/956/188
f 965/965/190 963/963/190 955/955/190
f 965/965/190 955/955/190 957/957/190
f 966/966/4 959/959/4 953/953/4
f 966/966/4 953/953/4 958/958/4
f 960/960/6 965/965/6 957/957/6
f 960/960/6 957/957/6 952/952/6
f 973/973/238 976/976/238 959/959/238
f 973/973/155 959/959/155 969/969/155
f 975/975/239 974/974/239 968/968/239
f 975/975/160 968/968/160 967/967/160
f 976/976/6 978/978/6 966/966/6
f 976/976/6 966/966/6 959/959/6
f 977/977/4 975/975/4 967/967/4
f 977/977/4 967/967/4 970/970/4
f 978/978/160 980/980/160 972/972/160
f 978/978/160 972/972/160 966/966/160
f 979/979/155 977/977/155 970/970/155
f 979/979/155 970/970/155 971/971/155
f 980/980/4 973/973/4 969/969/4
f 980/980/4 969/969/4 972/972/4
f 974/974/6 979/979/6 971/971/6
f 974/974/6 971/971/6 968/968/6
f 981/981/1 982/982/1 983/983/1
f 981/981/1 983/983/1 984/984/1
f 985/985/2 986/986/2 987/987/2
f 985/985/2 987/987/2 988/988/2
f 985/985/6 988/988/6 984/984/6
f 985/985/6 984/984/6 983/983/6
f 988/988/210 987/987/210 981/981/210
f 988/988/210 981/981/210 984/984/210
f 987/987/4 986/986/4 982/982/4
f 987/987/4 982/982/4 981/981/4
f 986/986/240 985/985/240 983/983/240
f 986/986/240 983/983/240 982/982/240
f 989/989/1 990/990/1 991/991/1
f 989/989/1 991/991/1 992/992/1
f 993/993/2 994/994/2 995/995/2
f 993/993/2 995/995/2 996/996/2
f 993/993/6 996/996/6 992/992/6
f 993/993/6 992/992/6 991/991/6
f 996/996/196 995/995/196 989/989/196
f 996/996/196 989/989/196 992/992/196
f 995/995/4 994/994/4 990/990/4
f 995/995/241 990/990/241 989/989/241
f 994/994/240 993/993/240 991/991/240
f 994/994/240 991/991/240 990/990/240
f 997/997/3 998/998/3 274/274/3
f 997/997/2 274/274/2 268/268/2
f 999/999/2 997/997/2 268/268/2
f 999/999/2 268/268/2 267/267/2
f 1000/1000/2 999/999/2 267/267/2
f 1000/1000/242 267/267/242 270/270/242
f 998/998/2 1000/1000/2 270/270/2
f 998/998/2 270/270/2 274/274/2
f 285/285/201 1001/1001/201 1002/1002/201
f 285/285/201 1002/1002/201 278/278/201
f 278/278/165 1002/1002/165 1003/1003/165
f 278/278/1 1003/1003/1 275/275/1
f 275/275/1 1003/1003/1 1004/1004/1
f 275/275/200 1004/1004/200 279/279/200
f 279/279/1 1004/1004/1 1001/1001/1
f 279/279/1 1001/1001/1 285/285/1
f 1005/1005/2 1006/1006/2 1007/1007/2
f 1005/1005/2 1007/1007/2 1008/1008/2
f 1009/1009/2 1005/1005/2 1008/1008/2
f 1009/1009/2 1008/1008/2 1010/1010/2
f 1011/1011/3 1009/1009/3 1010/1010/3
f 1011/1011/2 1010/1010/2 1012/1012/2
f 1006/1006/166 1011/1011/166 1012/1012/166
f 1006/1006/166 1012/1012/166 1007/1007/166
f 1013/1013/1 1014/1014/1 1015/1015/1
f 1013/1013/194 1015/1015/194 1016/1016/194
f 1016/1016/1 1015/1015/1 1017/1017/1
f 1016/1016/1 1017/1017/1 1018/1018/1
f 1018/1018/1 1017/1017/1 1019/1019/1
f 1018/1018/201 1019/1019/201 1020/1020/201
f 1020/1020/165 1019/1019/165 1014/1014/165
f 1020/1020/165 1014/1014/165 1013/1013/165
f 1021/1021/195 1022/1022/195 1023/1023/195
f 1021/1021/2 1023/1023/2 1013/1013/2
f 1024/1024/168 1021/1021/168 1013/1013/168
f 1024/1024/2 1013/1013/2 1020/1020/2
f 1025/1025/3 1024/1024/3 1020/1020/3
f 1025/1025/3 1020/1020/3 1026/1026/3
f 1022/1022/166 1025/1025/166 1026/1026/166
f 1022/1022/166 1026/1026/166 1023/1023/166
f 1027/1027/1 1028/1028/1 1029/1029/1
f 1027/1027/200 1029/1029/200 1030/1030/200
f 1030/1030/1 1029/1029/1 1031/1031/1
f 1030/1030/167 1031/1031/167 1032/1032/167
f 1032/1032/1 1031/1031/1 1033/1033/1
f 1032/1032/201 1033/1033/201 1034/1034/201
f 1034/1034/165 1033/1033/165 1028/1028/165
f 1034/1034/165 1028/1028/165 1027/1027/165
f 285/285/6 278/278/6 268/268/6
f 285/285/6 268/268/6 274/274/6
f 1002/1002/4 1001/1001/4 998/998/4
f 1002/1002/4 998/998/4 997/997/4
f 278/278/10 275/275/10 267/267/10
f 278/278/10 267/267/10 268/268/10
f 1003/1003/9 1002/1002/9 997/997/9
f 1003/1003/9 997/997/9 999/999/9
f 275/275/4 279/279/4 270/270/4
f 275/275/4 270/270/4 267/267/4
f 1004/1004/6 1003/1003/6 999/999/6
f 1004/1004/6 999/999/6 1000/1000/6
f 279/279/9 285/285/9 274/274/9
f 279/279/9 274/274/9 270/270/9
f 1001/1001/5 1004/1004/5 1000/1000/5
f 1001/1001/5 1000/1000/5 998/998/5
f 1013/1013/6 1016/1016/6 1008/1008/6
f 1013/1013/6 1008/1008/6 1007/1007/6
f 1015/1015/4 1014/1014/4 1006/1006/4
f 1015/1015/4 1006/1006/4 1005/1005/4
f 1016/1016/10 1018/1018/10 1010/1010/10
f 1016/1016/10 1010/1010/10 1008/1008/10
f 1017/1017/11 1015/1015/11 1005/1005/11
f 1017/1017/11 1005/1005/11 1009/1009/11
f 1018/1018/4 1020/1020/4 1012/1012/4
f 1018/1018/4 1012/1012/4 1010/1010/4
f 1019/1019/6 1017/1017/6 1009/1009/6
f 1019/1019/6 1009/1009/6 1011/1011/6
f 1020/1020/11 1013/1013/11 1007/1007/11
f 1020/1020/11 1007/1007/11 1012/1012/11
f 1014/1014/10 1019/1019/10 1011/1011/10
f 1014/1014/10 1011/1011/10 1006/1006/10
f 1027/1027/6 1030/1030/6 1013/1013/6
f 1027/1027/6 1013/1013/6 1023/1023/6
f 1029/1029/4 1028/1028/4 1022/1022/4
f 1029/1029/4 1022/1022/4 1021/1021/4
f 1030/1030/10 1032/1032/10 1020/1020/10
f 1030/1030/10 1020/1020/10 1013/1013/10
f 1031/1031/189 1029/1029/189 1021/1021/189
f 1031/1031/160 1021/1021/160 1024/1024/160
f 1032/1032/4 1034/1034/4 1026/1026/4
f 1032/1032/4 1026/1026/4 1020/1020/4
f 1033/1033/6 1031/1031/6 1024/1024/6
f 1033/1033/6 1024/1024/6 1025/1025/6
f 1034/1034/11 1027/1027/11 1023/1023/11
f 1034/1034/11 1023/1023/11 1026/1026/11
f 1028/1028/10 1033/1033/10 1025/1025/10
f 1028/1028/10 1025/1025/10 1022/1022/10
f 1035/1035/2 1036/1036/2 1037/1037/2
f 1035/1035/2 1037/1037/2 1038/1038/2
f 1039/1039/1 1040/1040/1 1041/1041/1
f 1039/1039/1 1041/1041/1 1042/1042/1
f 1039/1039/155 1042/1042/155 1038/1038/155
f 1039/1039/155 1038/1038/155 1037/1037/155
f 1042/1042/4 1041/1041/4 1035/1035/4
f 1042/1042/4 1035/1035/4 1038/1038/4
f 1041/1041/196 1040/1040/196 1036/1036/196
f 1041/1041/197 1036/1036/197 1035/1035/197
f 1040/1040/6 1039/1039/6 1037/1037/6
f 1040/1040/6 1037/1037/6 1036/1036/6
f 1043/1043/2 1044/1044/2 1045/1045/2
f 1043/1043/2 1045/1045/2 1046/1046/2
f 1047/1047/1 1048/1048/1 1049/1049/1
f 1047/1047/1 1049/1049/1 1050/1050/1
f 1047/1047/155 1050/1050/155 1046/1046/155
f 1047/1047/161 1046/1046/161 1045/1045/161
f 1050/1050/4 1049/1049/4 1043/1043/4
f 1050/1050/4 1043/1043/4 1046/1046/4
f 1049/1049/189 1048/1048/189 1044/1044/189
f 1049/1049/189 1044/1044/189 1043/1043/189
f 1048/1048/6 1047/1047/6 1045/1045/6
f 1048/1048/6 1045/1045/6 1044/1044/6
f 1051/1051/1 1052/1052/1 88/88/1
f 1051/1051/1 88/88/1 89/89/1
f 1053/1053/201 1051/1051/201 89/89/201
f 1053/1053/1 89/89/1 85/85/1
f 1054/1054/1 1053/1053/1 85/85/1
f 1054/1054/1 85/85/1 84/84/1
f 1052/1052/200 1054/1054/200 84/84/200
f 1052/1052/1 84/84/1 88/88/1
f 80/80/166 1055/1055/166 1056/1056/166
f 80/80/166 1056/1056/166 81/81/166
f 81/81/3 1056/1056/3 1057/1057/3
f 81/81/3 1057/1057/3 75/75/3
f 75/75/2 1057/1057/2 1058/1058/2
f 75/75/2 1058/1058/2 76/76/2
f 76/76/2 1058/1058/2 1055/1055/2
f 76/76/205 1055/1055/205 80/80/205
f 1059/1059/165 1060/1060/165 1061/1061/165
f 1059/1059/165 1061/1061/165 1062/1062/165
f 1063/1063/1 1059/1059/1 1062/1062/1
f 1063/1063/1 1062/1062/1 1064/1064/1
f 1065/1065/165 1063/1063/165 1064/1064/165
f 1065/1065/165 1064/1064/165 1066/1066/165
f 1060/1060/1 1065/1065/1 1066/1066/1
f 1060/1060/1 1066/1066/1 1061/1061/1
f 1067/1067/166 1068/1068/166 1069/1069/166
f 1067/1067/166 1069/1069/166 1070/1070/166
f 1070/1070/3 1069/1069/3 1071/1071/3
f 1070/1070/205 1071/1071/205 1072/1072/205
f 1072/1072/166 1071/1071/166 1073/1073/166
f 1072/1072/166 1073/1073/166 1074/1074/166
f 1074/1074/2 1073/1073/2 1068/1068/2
f 1074/1074/3 1068/1068/3 1067/1067/3
f 1075/1075/165 1076/1076/165 1077/1077/165
f 1075/1075/165 1077/1077/165 1067/1067/165
f 1078/1078/201 1075/1075/201 1067/1067/201
f 1078/1078/194 1067/1067/194 1074/1074/194
f 1079/1079/165 1078/1078/165 1074/1074/165
f 1079/1079/165 1074/1074/165 1080/1080/165
f 1076/1076/1 1079/1079/1 1080/1080/1
f 1076/1076/201 1080/1080/201 1077/1077/201
f 1081/1081/166 1082/1082/166 1083/1083/166
f 1081/1081/166 1083/1083/166 1084/1084/166
f 1084/1084/3 1083/1083/3 1085/1085/3
f 1084/1084/137 1085/1085/137 1086/1086/137
f 1086/1086/166 1085/1085/166 1087/1087/166
f 1086/1086/166 1087/1087/166 1088/1088/166
f 1088/1088/195 1087/1087/195 1082/1082/195
f 1088/1088/205 1082/1082/205 1081/1081/205
f 80/80/8 81/81/8 89/89/8
f 80/80/8 89/89/8 88/88/8
f 1056/1056/11 1055/1055/11 1052/1052/11
f 1056/1056/11 1052/1052/11 1051/1051/11
f 81/81/6 75/75/6 85/85/6
f 81/81/6 85/85/6 89/89/6
f 1057/1057/4 1056/1056/4 1051/1051/4
f 1057/1057/4 1051/1051/4 1053/1053/4
f 75/75/7 76/76/7 84/84/7
f 75/75/7 84/84/7 85/85/7
f 1058/1058/8 1057/1057/8 1053/1053/8
f 1058/1058/8 1053/1053/8 1054/1054/8
f 76/76/4 80/80/4 88/88/4
f 76/76/4 88/88/4 84/84/4
f 1055/1055/6 1058/1058/6 1054/1054/6
f 1055/1055/6 1054/1054/6 1052/1052/6
f 1067/1067/155 1070/1070/155 1062/1062/155
f 1067/1067/155 1062/1062/155 1061/1061/155
f 1069/1069/160 1068/1068/160 1060/1060/160
f 1069/1069/160 1060/1060/160 1059/1059/160
f 1070/1070/6 1072/1072/6 1064/1064/6
f 1070/1070/6 1064/1064/6 1062/1062/6
f 1071/1071/4 1069/1069/4 1059/1059/4
f 1071/1071/4 1059/1059/4 1063/1063/4
f 1072/1072/237 1074/1074/237 1066/1066/237
f 1072/1072/243 1066/1066/243 1064/1064/243
f 1073/1073/190 1071/1071/190 1063/1063/190
f 1073/1073/190 1063/1063/190 1065/1065/190
f 1074/1074/4 1067/1067/4 1061/1061/4
f 1074/1074/4 1061/1061/4 1066/1066/4
f 1068/1068/6 1073/1073/6 1065/1065/6
f 1068/1068/6 1065/1065/6 1060/1060/6
f 1081/1081/190 1084/1084/190 1067/1067/190
f 1081/1081/190 1067/1067/190 1077/1077/190
f 1083/1083/188 1082/1082/188 1076/1076/188
f 1083/1083/188 1076/1076/188 1075/1075/188
f 1084/1084/6 1086/1086/6 1074/1074/6
f 1084/1084/6 1074/1074/6 1067/1067/6
f 1085/1085/4 1083/1083/4 1075/1075/4
f 1085/1085/4 1075/1075/4 1078/1078/4
f 1086/1086/160 1088/1088/160 1080/1080/160
f 1086/1086/160 1080/1080/160 1074/1074/160
f 1087/1087/244 1085/1085/244 1078/1078/244
f 1087/1087/155 1078/1078/155 1079/1079/155
f 1088/1088/4 1081/1081/4 1077/1077/4
f 1088/1088/4 1077/1077/4 1080/1080/4
f 1082/1082/6 1087/1087/6 1079/1079/6
f 1082/1082/6 1079/1079/6 1076/1076/6
f 1089/1089/1 1090/1090/1 1091/1091/1
f 1089/1089/1 1091/1091/1 1092/1092/1
f 1093/1093/2 1094/1094/2 1095/1095/2
f 1093/1093/2 1095/1095/2 1096/1096/2
f 1093/1093/6 1096/1096/6 1092/1092/6
f 1093/1093/6 1092/1092/6 1091/1091/6
f 1096/1096/245 1095/1095/245 1089/1089/245
f 1096/1096/246 1089/1089/246 1092/1092/246
f 1095/1095/247 1094/1094/247 1090/1090/247
f 1095/1095/241 1090/1090/241 1089/1089/241
f 1094/1094/240 1093/1093/240 1091/1091/240
f 1094/1094/240 1091/1091/240 1090/1090/240
f 1097/1097/1 1098/1098/1 1099/1099/1
f 1097/1097/1 1099/1099/1 1100/1100/1
f 1101/1101/2 1102/1102/2 1103/1103/2
f 1101/1101/2 1103/1103/2 1104/1104/2
f 1101/1101/6 1104/1104/6 1100/1100/6
f 1101/1101/6 1100/1100/6 1099/1099/6
f 1104/1104/248 1103/1103/248 1097/1097/248
f 1104/1104/249 1097/1097/249 1100/1100/249
f 1103/1103/241 1102/1102/241 1098/1098/241
f 1103/1103/247 1098/1098/247 1097/1097/247
f 1102/1102/240 1101/1101/240 1099/1099/240
f 1102/1102/240 1099/1099/240 1098/1098/240
f 1105/1105/2 1106/1106/2 82/82/2
f 1105/1105/3 82/82/3 78/78/3
f 1107/1107/166 1105/1105/166 78/78/166
f 1107/1107/166 78/78/166 77/77/166
f 1108/1108/2 1107/1107/2 77/77/2
f 1108/1108/137 77/77/137 79/79/137
f 1106/1106/2 1108/1108/2 79/79/2
f 1106/1106/2 79/79/2 82/82/2
f 90/90/1 1109/1109/1 1110/1110/1
f 90/90/201 1110/1110/201 86/86/201
f 86/86/165 1110/1110/165 1111/1111/165
f 86/86/165 1111/1111/165 83/83/165
f 83/83/1 1111/1111/1 1112/1112/1
f 83/83/194 1112/1112/194 87/87/194
f 87/87/167 1112/1112/167 1109/1109/167
f 87/87/167 1109/1109/167 90/90/167
f 1113/1113/3 1114/1114/3 1115/1115/3
f 1113/1113/137 1115/1115/137 1116/1116/137
f 1117/1117/168 1113/1113/168 1116/1116/168
f 1117/1117/250 1116/1116/250 1118/1118/250
f 1119/1119/3 1117/1117/3 1118/1118/3
f 1119/1119/137 1118/1118/137 1120/1120/137
f 1114/1114/2 1119/1119/2 1120/1120/2
f 1114/1114/2 1120/1120/2 1115/1115/2
f 1121/1121/1 1122/1122/1 1123/1123/1
f 1121/1121/200 1123/1123/200 1124/1124/200
f 1124/1124/1 1123/1123/1 1125/1125/1
f 1124/1124/1 1125/1125/1 1126/1126/1
f 1126/1126/201 1125/1125/201 1127/1127/201
f 1126/1126/1 1127/1127/1 1128/1128/1
f 1128/1128/165 1127/1127/165 1122/1122/165
f 1128/1128/165 1122/1122/165 1121/1121/165
f 1129/1129/2 1130/1130/2 1131/1131/2
f 1129/1129/137 1131/1131/137 1121/1121/137
f 1132/1132/168 1129/1129/168 1121/1121/168
f 1132/1132/168 1121/1121/168 1128/1128/168
f 1133/1133/3 1132/1132/3 1128/1128/3
f 1133/1133/2 1128/1128/2 1134/1134/2
f 1130/1130/166 1133/1133/166 1134/1134/166
f 1130/1130/166 1134/1134/166 1131/1131/166
f 1135/1135/200 1136/1136/200 1137/1137/200
f 1135/1135/200 1137/1137/200 1138/1138/200
f 1138/1138/167 1137/1137/167 1139/1139/167
f 1138/1138/167 1139/1139/167 1140/1140/167
f 1140/1140/201 1139/1139/201 1141/1141/201
f 1140/1140/201 1141/1141/201 1142/1142/201
f 1142/1142/1 1141/1141/1 1136/1136/1
f 1142/1142/165 1136/1136/165 1135/1135/165
f 90/90/6 86/86/6 78/78/6
f 90/90/6 78/78/6 82/82/6
f 1110/1110/4 1109/1109/4 1106/1106/4
f 1110/1110/4 1106/1106/4 1105/1105/4
f 86/86/8 83/83/8 77/77/8
f 86/86/8 77/77/8 78/78/8
f 1111/1111/7 1110/1110/7 1105/1105/7
f 1111/1111/7 1105/1105/7 1107/1107/7
f 83/83/4 87/87/4 79/79/4
f 83/83/4 79/79/4 77/77/4
f 1112/1112/6 1111/1111/6 1107/1107/6
f 1112/1112/6 1107/1107/6 1108/1108/6
f 87/87/11 90/90/11 82/82/11
f 87/87/11 82/82/11 79/79/11
f 1109/1109/5 1112/1112/5 1108/1108/5
f 1109/1109/5 1108/1108/5 1106/1106/5
f 1121/1121/6 1124/1124/6 1116/1116/6
f 1121/1121/6 1116/1116/6 1115/1115/6
f 1123/1123/4 1122/1122/4 1114/1114/4
f 1123/1123/4 1114/1114/4 1113/1113/4
f 1124/1124/190 1126/1126/190 1118/1118/190
f 1124/1124/190 1118/1118/190 1116/1116/190
f 1125/1125/160 1123/1123/160 1113/1113/160
f 1125/1125/160 1113/1113/160 1117/1117/160
f 1126/1126/4 1128/1128/4 1120/1120/4
f 1126/1126/4 1120/1120/4 1118/1118/4
f 1127/1127/6 1125/1125/6 1117/1117/6
f 1127/1127/6 1117/1117/6 1119/1119/6
f 1128/1128/160 1121/1121/160 1115/1115/160
f 1128/1128/160 1115/1115/160 1120/1120/160
f 1122/1122/10 1127/1127/10 1119/1119/10
f 1122/1122/10 1119/1119/10 1114/1114/10
f 1135/1135/6 1138/1138/6 1121/1121/6
f 1135/1135/6 1121/1121/6 1131/1131/6
f 1137/1137/4 1136/1136/4 1130/1130/4
f 1137/1137/4 1130/1130/4 1129/1129/4
f 1138/1138/10 1140/1140/10 1128/1128/10
f 1138/1138/10 1128/1128/10 1121/1121/10
f 1139/1139/11 1137/1137/11 1129/1129/11
f 1139/1139/11 1129/1129/11 1132/1132/11
f 1140/1140/4 1142/1142/4 1134/1134/4
f 1140/1140/4 1134/1134/4 1128/1128/4
f 1141/1141/6 1139/1139/6 1132/1132/6
f 1141/1141/6 1132/1132/6 1133/1133/6
f 1142/1142/11 1135/1135/11 1131/1131/11
f 1142/1142/11 1131/1131/11 1134/1134/11
f 1136/1136/10 1141/1141/10 1133/1133/10
f 1136/1136/10 1133/1133/10 1130/1130/10
f 1143/1143/2 1144/1144/2 1145/1145/2
f 1143/1143/2 1145/1145/2 1146/1146/2
f 1147/1147/1 1148/1148/1 1149/1149/1
f 1147/1147/1 1149/1149/1 1150/1150/1
f 1147/1147/198 1150/1150/198 1146/1146/198
f 1147/1147/198 1146/1146/198 1145/1145/198
f 1150/1150/241 1149/1149/241 1143/1143/241
f 1150/1150/4 1143/1143/4 1146/1146/4
f 1149/1149/189 1148/1148/189 1144/1144/189
f 1149/1149/189 1144/1144/189 1143/1143/189
f 1148/1148/6 1147/1147/6 1145/1145/6
f 1148/1148/6 1145/1145/6 1144/1144/6
f 1151/1151/2 1152/1152/2 1153/1153/2
f 1151/1151/2 1153/1153/2 1154/1154/2
f 1155/1155/1 1156/1156/1 1157/1157/1
f 1155/1155/1 1157/1157/1 1158/1158/1
f 1155/1155/161 1158/1158/161 1154/1154/161
f 1155/1155/161 1154/1154/161 1153/1153/161
f 1158/1158/247 1157/1157/247 1151/1151/247
f 1158/1158/241 1151/1151/241 1154/1154/241
f 1157/1157/189 1156/1156/189 1152/1152/189
f 1157/1157/189 1152/1152/189 1151/1151/189
f 1156/1156/6 1155/1155/6 1153/1153/6
f 1156/1156/251 1153/1153/251 1152/1152/251
f 1159/1159/165 1160/1160/165 8/8/165
f 1159/1159/165 8/8/165 7/7/165
f 1161/1161/201 1159/1159/201 7/7/201
f 1161/1161/200 7/7/200 11/11/200
f 1162/1162/1 1161/1161/1 11/11/1
f 1162/1162/165 11/11/165 16/16/165
f 1160/1160/193 1162/1162/193 16/16/193
f 1160/1160/194 16/16/194 8/8/194
f 1163/1163/166 1164/1164/166 1165/1165/166
f 1163/1163/166 1165/1165/166 1166/1166/166
f 1166/1166/137 1165/1165/137 1167/1167/137
f 1166/1166/2 1167/1167/2 1168/1168/2
f 1168/1168/166 1167/1167/166 1169/1169/166
f 1168/1168/166 1169/1169/166 1170/1170/166
f 1170/1170/204 1169/1169/204 1164/1164/204
f 1170/1170/205 1164/1164/205 1163/1163/205
f 1171/1171/1 1172/1172/1 1173/1173/1
f 1171/1171/1 1173/1173/1 1174/1174/1
f 1175/1175/1 1171/1171/1 1174/1174/1
f 1175/1175/200 1174/1174/200 1176/1176/200
f 1177/1177/1 1175/1175/1 1176/1176/1
f 1177/1177/1 1176/1176/1 1178/1178/1
f 1172/1172/1 1177/1177/1 1178/1178/1
f 1172/1172/201 1178/1178/201 1173/1173/201
f 1179/1179/2 1180/1180/2 1181/1181/2
f 1179/1179/2 1181/1181/2 1182/1182/2
f 1182/1182/2 1181/1181/2 1183/1183/2
f 1182/1182/2 1183/1183/2 1184/1184/2
f 1184/1184/2 1183/1183/2 1185/1185/2
f 1184/1184/2 1185/1185/2 1186/1186/2
f 1186/1186/3 1185/1185/3 1180/1180/3
f 1186/1186/137 1180/1180/137 1179/1179/137
f 1187/1187/1 1188/1188/1 1189/1189/1
f 1187/1187/1 1189/1189/1 1179/1179/1
f 1190/1190/1 1187/1187/1 1179/1179/1
f 1190/1190/1 1179/1179/1 1186/1186/1
f 1191/1191/1 1190/1190/1 1186/1186/1
f 1191/1191/1 1186/1186/1 1192/1192/1
f 1188/1188/201 1191/1191/201 1192/1192/201
f 1188/1188/200 1192/1192/200 1189/1189/200
f 1193/1193/2 1194/1194/2 1195/1195/2
f 1193/1193/2 1195/1195/2 1196/1196/2
f 1196/1196/137 1195/1195/137 1197/1197/137
f 1196/1196/3 1197/1197/3 1198/1198/3
f 1198/1198/2 1197/1197/2 1199/1199/2
f 1198/1198/2 1199/1199/2 1200/1200/2
f 1200/1200/2 1199/1199/2 1194/1194/2
f 1200/1200/2 1194/1194/2 1193/1193/2
f 1163/1163/8 1166/1166/8 7/7/8
f 1163/1163/8 7/7/8 8/8/8
f 1165/1165/7 1164/1164/7 1160/1160/7
f 1165/1165/7 1160/1160/7 1159/1159/7
f 1166/1166/6 1168/1168/6 11/11/6
f 1166/1166/6 11/11/6 7/7/6
f 1167/1167/4 1165/1165/4 1159/1159/4
f 1167/1167/4 1159/1159/4 1161/1161/4
f 1168/1168/11 1170/1170/11 16/16/11
f 1168/1168/11 16/16/11 11/11/11
f 1169/1169/10 1167/1167/10 1161/1161/10
f 1169/1169/10 1161/1161/10 1162/1162/10
f 1170/1170/4 1163/1163/4 8/8/4
f 1170/1170/4 8/8/4 16/16/4
f 1164/1164/6 1169/1169/6 1162/1162/6
f 1164/1164/6 1162/1162/6 1160/1160/6
f 1179/1179/190 1182/1182/190 1174/1174/190
f 1179/1179/190 1174/1174/190 1173/1173/190
f 1181/1181/188 1180/1180/188 1172/1172/188
f 1181/1181/188 1172/1172/188 1171/1171/188
f 1182/1182/6 1184/1184/6 1176/1176/6
f 1182/1182/6 1176/1176/6 1174/1174/6
f 1183/1183/4 1181/1181/4 1171/1171/4
f 1183/1183/4 1171/1171/4 1175/1175/4
f 1184/1184/160 1186/1186/160 1178/1178/160
f 1184/1184/160 1178/1178/160 1176/1176/160
f 1185/1185/155 1183/1183/155 1175/1175/155
f 1185/1185/155 1175/1175/155 1177/1177/155
f 1186/1186/4 1179/1179/4 1173/1173/4
f 1186/1186/4 1173/1173/4 1178/1178/4
f 1180/1180/6 1185/1185/6 1177/1177/6
f 1180/1180/6 1177/1177/6 1172/1172/6
f 1193/1193/155 1196/1196/155 1179/1179/155
f 1193/1193/155 1179/1179/155 1189/1189/155
f 1195/1195/160 1194/1194/160 1188/1188/160
f 1195/1195/160 1188/1188/160 1187/1187/160
f 1196/1196/6 1198/1198/6 1186/1186/6
f 1196/1196/6 1186/1186/6 1179/1179/6
f 1197/1197/4 1195/1195/4 1187/1187/4
f 1197/1197/4 1187/1187/4 1190/1190/4
f 1198/1198/188 1200/1200/188 1192/1192/188
f 1198/1198/188 1192/1192/188 1186/1186/188
f 1199/1199/190 1197/1197/190 1190/1190/190
f 1199/1199/190 1190/1190/190 1191/1191/190
f 1200/1200/4 1193/1193/4 1189/1189/4
f 1200/1200/4 1189/1189/4 1192/1192/4
f 1194/1194/6 1199/1199/6 1191/1191/6
f 1194/1194/6 1191/1191/6 1188/1188/6
f 1201/1201/1 1202/1202/1 1203/1203/1
f 1201/1201/1 1203/1203/1 1204/1204/1
f 1205/1205/2 1206/1206/2 1207/1207/2
f 1205/1205/2 1207/1207/2 1208/1208/2
f 1205/1205/251 1208/1208/251 1204/1204/251
f 1205/1205/252 1204/1204/252 1203/1203/252
f 1208/1208/253 1207/1207/253 1201/1201/253
f 1208/1208/253 1201/1201/253 1204/1204/253
f 1207/1207/4 1206/1206/4 1202/1202/4
f 1207/1207/4 1202/1202/4 1201/1201/4
f 1206/1206/240 1205/1205/240 1203/1203/240
f 1206/1206/240 1203/1203/240 1202/1202/240
f 1209/1209/1 1210/1210/1 1211/1211/1
f 1209/1209/1 1211/1211/1 1212/1212/1
f 1213/1213/2 1214/1214/2 1215/1215/2
f 1213/1213/2 1215/1215/2 1216/1216/2
f 1213/1213/6 1216/1216/6 1212/1212/6
f 1213/1213/6 1212/1212/6 1211/1211/6
f 1216/1216/196 1215/1215/196 1209/1209/196
f 1216/1216/197 1209/1209/197 1212/1212/197
f 1215/1215/241 1214/1214/241 1210/1210/241
f 1215/1215/4 1210/1210/4 1209/1209/4
f 1214/1214/199 1213/1213/199 1211/1211/199
f 1214/1214/199 1211/1211/199 1210/1210/199
f 1217/1217/165 1218/1218/165 15/15/165
f 1217/1217/165 15/15/165 12/12/165
f 1219/1219/201 1217/1217/201 12/12/201
f 1219/1219/200 12/12/200 6/6/200
f 1220/1220/165 1219/1219/165 6/6/165
f 1220/1220/165 6/6/165 5/5/165
f 1218/1218/1 1220/1220/1 5/5/1
f 1218/1218/1 5/5/1 15/15/1
f 1221/1221/166 1222/1222/166 1223/1223/166
f 1221/1221/166 1223/1223/166 1224/1224/166
f 1224/1224/204 1223/1223/204 1225/1225/204
f 1224/1224/205 1225/1225/205 1226/1226/205
f 1226/1226/166 1225/1225/166 1227/1227/166
f 1226/1226/166 1227/1227/166 1228/1228/166
f 1228/1228/2 1227/1227/2 1222/1222/2
f 1228/1228/137 1222/1222/137 1221/1221/137
f 1229/1229/1 1230/1230/1 1231/1231/1
f 1229/1229/167 1231/1231/167 1232/1232/167
f 1233/1233/194 1229/1229/194 1232/1232/194
f 1233/1233/193 1232/1232/193 1234/1234/193
f 1235/1235/1 1233/1233/1 1234/1234/1
f 1235/1235/167 1234/1234/167 1236/1236/167
f 1230/1230/194 1235/1235/194 1236/1236/194
f 1230/1230/201 1236/1236/201 1231/1231/201
f 1237/1237/168 1238/1238/168 1239/1239/168
f 1237/1237/2 1239/1239/2 1240/1240/2
f 1240/1240/2 1239/1239/2 1241/1241/2
f 1240/1240/2 1241/1241/2 1242/1242/2
f 1242/1242/2 1241/1241/2 1243/1243/2
f 1242/1242/2 1243/1243/2 1244/1244/2
f 1244/1244/137 1243/1243/137 1238/1238/137
f 1244/1244/204 1238/1238/204 1237/1237/204
f 1245/1245/1 1246/1246/1 1247/1247/1
f 1245/1245/1 1247/1247/1 1237/1237/1
f 1248/1248/200 1245/1245/200 1237/1237/200
f 1248/1248/1 1237/1237/1 1244/1244/1
f 1249/1249/1 1248/1248/1 1244/1244/1
f 1249/1249/167 1244/1244/167 1250/1250/167
f 1246/1246/194 1249/1249/194 1250/1250/194
f 1246/1246/201 1250/1250/201 1247/1247/201
f 1251/1251/2 1252/1252/2 1253/1253/2
f 1251/1251/2 1253/1253/2 1254/1254/2
f 1254/1254/3 1253/1253/3 1255/1255/3
f 1254/1254/137 1255/1255/137 1256/1256/137
f 1256/1256/2 1255/1255/2 1257/1257/2
f 1256/1256/168 1257/1257/168 1258/1258/168
f 1258/1258/2 1257/1257/2 1252/1252/2
f 1258/1258/3 1252/1252/3 1251/1251/3
f 1221/1221/10 1224/1224/10 12/12/10
f 1221/1221/10 12/12/10 15/15/10
f 1223/1223/11 1222/1222/11 1218/1218/11
f 1223/1223/11 1218/1218/11 1217/1217/11
f 1224/1224/6 1226/1226/6 6/6/6
f 1224/1224/6 6/6/6 12/12/6
f 1225/1225/4 1223/1223/4 1217/1217/4
f 1225/1225/4 1217/1217/4 1219/1219/4
f 1226/1226/7 1228/1228/7 5/5/7
f 1226/1226/7 5/5/7 6/6/7
f 1227/1227/8 1225/1225/8 1219/1219/8
f 1227/1227/8 1219/1219/8 1220/1220/8
f 1228/1228/4 1221/1221/4 15/15/4
f 1228/1228/4 15/15/4 5/5/4
f 1222/1222/6 1227/1227/6 1220/1220/6
f 1222/1222/6 1220/1220/6 1218/1218/6
f 1237/1237/155 1240/1240/155 1232/1232/155
f 1237/1237/155 1232/1232/155 1231/1231/155
f 1239/1239/160 1238/1238/160 1230/1230/160
f 1239/1239/160 1230/1230/160 1229/1229/160
f 1240/1240/6 1242/1242/6 1234/1234/6
f 1240/1240/6 1234/1234/6 1232/1232/6
f 1241/1241/4 1239/1239/4 1229/1229/4
f 1241/1241/4 1229/1229/4 1233/1233/4
f 1242/1242/188 1244/1244/188 1236/1236/188
f 1242/1242/188 1236/1236/188 1234/1234/188
f 1243/1243/190 1241/1241/190 1233/1233/190
f 1243/1243/190 1233/1233/190 1235/1235/190
f 1244/1244/4 1237/1237/4 1231/1231/4
f 1244/1244/4 1231/1231/4 1236/1236/4
f 1238/1238/6 1243/1243/6 1235/1235/6
f 1238/1238/6 1235/1235/6 1230/1230/6
f 1251/1251/190 1254/1254/190 1237/1237/190
f 1251/1251/190 1237/1237/190 1247/1247/190
f 1253/1253/188 1252/1252/188 1246/1246/188
f 1253/1253/188 1246/1246/188 1245/1245/188
f 1254/1254/6 1256/1256/6 1244/1244/6
f 1254/1254/6 1244/1244/6 1237/1237/6
f 1255/1255/4 1253/1253/4 1245/1245/4
f 1255/1255/4 1245/1245/4 1248/1248/4
f 1256/1256/160 1258/1258/160 1250/1250/160
f 1256/1256/160 1250/1250/160 1244/1244/160
f 1257/1257/155 1255/1255/155 1248/1248/155
f 1257/1257/155 1248/1248/155 1249/1249/155
f 1258/1258/4 1251/1251/4 1247/1247/4
f 1258/1258/4 1247/1247/4 1250/1250/4
f 1252/1252/6 1257/1257/6 1249/1249/6
f 1252/1252/6 1249/1249/6 1246/1246/6
f 1259/1259/1 1260/1260/1 1261/1261/1
f 1259/1259/1 1261/1261/1 1262/1262/1
f 1263/1263/2 1264/1264/2 1265/1265/2
f 1263/1263/2 1265/1265/2 1266/1266/2
f 1263/1263/6 1266/1266/6 1262/1262/6
f 1263/1263/6 1262/1262/6 1261/1261/6
f 1266/1266/196 1265/1265/196 1259/1259/196
f 1266/1266/196 1259/1259/196 1262/1262/196
f 1265/1265/4 1264/1264/4 1260/1260/4
f 1265/1265/4 1260/1260/4 1259/1259/4
f 1264/1264/198 1263/1263/198 1261/1261/198
f 1264/1264/198 1261/1261/198 1260/1260/198
f 1267/1267/1 1268/1268/1 1269/1269/1
f 1267/1267/1 1269/1269/1 1270/1270/1
f 1271/1271/2 1272/1272/2 1273/1273/2
f 1271/1271/2 1273/1273/2 1274/1274/2
f 1271/1271/6 1274/1274/6 1270/1270/6
f 1271/1271/6 1270/1270/6 1269/1269/6
f 1274/1274/210 1273/1273/210 1267/1267/210
f 1274/1274/253 1267/1267/253 1270/1270/253
f 1273/1273/241 1272/1272/241 1268/1268/241
f 1273/1273/247 1268/1268/247 1267/1267/247
f 1272/1272/240 1271/1271/240 1269/1269/240
f 1272/1272/211 1269/1269/211 1268/1268/211
f 1275/1275/190 1276/1276/190 60/60/190
f 1275/1275/190 60/60/190 1277/1277/190
f 1278/1278/214 1275/1275/214 1277/1277/214
f 1278/1278/5 1277/1277/5 58/58/5
f 1279/1279/161 1278/1278/161 58/58/161
f 1279/1279/161 58/58/161 57/57/161
f 1276/1276/254 1279/1279/254 57/57/254
f 1276/1276/255 57/57/255 60/60/255
f 69/69/188 1280/1280/188 1281/1281/188
f 69/69/188 1281/1281/188 74/74/188
f 74/74/9 1281/1281/9 1282/1282/9
f 74/74/171 1282/1282/171 68/68/171
f 68/68/189 1282/1282/189 1283/1283/189
f 68/68/189 1283/1283/189 65/65/189
f 65/65/256 1283/1283/256 1280/1280/256
f 65/65/257 1280/1280/257 69/69/257
f 1284/1284/258 1285/1285/258 1286/1286/258
f 1284/1284/236 1286/1286/236 1287/1287/236
f 1288/1288/259 1284/1284/259 1287/1287/259
f 1288/1288/153 1287/1287/153 1289/1289/153
f 1290/1290/190 1288/1288/190 1289/1289/190
f 1290/1290/190 1289/1289/190 1291/1291/190
f 1285/1285/224 1290/1290/224 1291/1291/224
f 1285/1285/260 1291/1291/260 1286/1286/260
f 1292/1292/188 1293/1293/188 1294/1294/188
f 1292/1292/188 1294/1294/188 1295/1295/188
f 1295/1295/215 1294/1294/215 1296/1296/215
f 1295/1295/11 1296/1296/11 1297/1297/11
f 1297/1297/188 1296/1296/188 1298/1298/188
f 1297/1297/188 1298/1298/188 1299/1299/188
f 1299/1299/9 1298/1298/9 1293/1293/9
f 1299/1299/261 1293/1293/261 1292/1292/261
f 1300/1300/190 1301/1301/190 1302/1302/190
f 1300/1300/190 1302/1302/190 1292/1292/190
f 1303/1303/172 1300/1300/172 1292/1292/172
f 1303/1303/5 1292/1292/5 1299/1299/5
f 1304/1304/190 1303/1303/190 1299/1299/190
f 1304/1304/190 1299/1299/190 1305/1305/190
f 1301/1301/164 1304/1304/164 1305/1305/164
f 1301/1301/255 1305/1305/255 1302/1302/255
f 1306/1306/188 1307/1307/188 1308/1308/188
f 1306/1306/188 1308/1308/188 1309/1309/188
f 1309/1309/212 1308/1308/212 1310/1310/212
f 1309/1309/178 1310/1310/178 1311/1311/178
f 1311/1311/188 1310/1310/188 1312/1312/188
f 1311/1311/188 1312/1312/188 1313/1313/188
f 1313/1313/212 1312/1312/212 1307/1307/212
f 1313/1313/147 1307/1307/147 1306/1306/147
f 69/69/2 74/74/2 1277/1277/2
f 69/69/2 1277/1277/2 60/60/2
f 1281/1281/1 1280/1280/1 1276/1276/1
f 1281/1281/1 1276/1276/1 1275/1275/1
f 74/74/6 68/68/6 58/58/6
f 74/74/6 58/58/6 1277/1277/6
f 1282/1282/4 1281/1281/4 1275/1275/4
f 1282/1282/4 1275/1275/4 1278/1278/4
f 68/68/1 65/65/1 57/57/1
f 68/68/1 57/57/1 58/58/1
f 1283/1283/2 1282/1282/2 1278/1278/2
f 1283/1283/2 1278/1278/2 1279/1279/2
f 65/65/4 69/69/4 60/60/4
f 65/65/4 60/60/4 57/57/4
f 1280/1280/6 1283/1283/6 1279/1279/6
f 1280/1280/6 1279/1279/6 1276/1276/6
f 1292/1292/166 1295/1295/166 1287/1287/166
f 1292/1292/166 1287/1287/166 1286/1286/166
f 1294/1294/165 1293/1293/165 1285/1285/165
f 1294/1294/165 1285/1285/165 1284/1284/165
f 1295/1295/6 1297/1297/6 1289/1289/6
f 1295/1295/6 1289/1289/6 1287/1287/6
f 1296/1296/4 1294/1294/4 1284/1284/4
f 1296/1296/4 1284/1284/4 1288/1288/4
f 1297/1297/165 1299/1299/165 1291/1291/165
f 1297/1297/165 1291/1291/165 1289/1289/165
f 1298/1298/166 1296/1296/166 1288/1288/166
f 1298/1298/166 1288/1288/166 1290/1290/166
f 1299/1299/4 1292/1292/4 1286/1286/4
f 1299/1299/4 1286/1286/4 1291/1291/4
f 1293/1293/6 1298/1298/6 1290/1290/6
f 1293/1293/6 1290/1290/6 1285/1285/6
f 1306/1306/166 1309/1309/166 1292/1292/166
f 1306/1306/166 1292/1292/166 1302/1302/166
f 1308/1308/165 1307/1307/165 1301/1301/165
f 1308/1308/165 1301/1301/165 1300/1300/165
f 1309/1309/6 1311/1311/6 1299/1299/6
f 1309/1309/6 1299/1299/6 1292/1292/6
f 1310/1310/4 1308/1308/4 1300/1300/4
f 1310/1310/4 1300/1300/4 1303/1303/4
f 1311/1311/165 1313/1313/165 1305/1305/165
f 1311/1311/165 1305/1305/165 1299/1299/165
f 1312/1312/166 1310/1310/166 1303/1303/166
f 1312/1312/166 1303/1303/166 1304/1304/166
f 1313/1313/4 1306/1306/4 1302/1302/4
f 1313/1313/4 1302/1302/4 1305/1305/4
f 1307/1307/6 1312/1312/6 1304/1304/6
f 1307/1307/6 1304/1304/6 1301/1301/6
f 1314/1314/5 1315/1315/5 1316/1316/5
f 1314/1314/5 1316/1316/5 1317/1317/5
f 1318/1318/9 1319/1319/9 1320/1320/9
f 1318/1318/9 1320/1320/9 1321/1321/9
f 1318/1318/6 1321/1321/6 1317/1317/6
f 1318/1318/6 1317/1317/6 1316/1316/6
f 1321/1321/226 1320/1320/226 1314/1314/226
f 1321/1321/226 1314/1314/226 1317/1317/226
f 1320/1320/4 1319/1319/4 1315/1315/4
f 1320/1320/4 1315/1315/4 1314/1314/4
f 1319/1319/169 1318/1318/169 1316/1316/169
f 1319/1319/169 1316/1316/169 1315/1315/169
f 1322/1322/5 1323/1323/5 1324/1324/5
f 1322/1322/5 1324/1324/5 1325/1325/5
f 1326/1326/9 1327/1327/9 1328/1328/9
f 1326/1326/9 1328/1328/9 1329/1329/9
f 1326/1326/6 1329/1329/6 1325/1325/6
f 1326/1326/6 1325/1325/6 1324/1324/6
f 1329/1329/226 1328/1328/226 1322/1322/226
f 1329/1329/226 1322/1322/226 1325/1325/226
f 1328/1328/4 1327/1327/4 1323/1323/4
f 1328/1328/4 1323/1323/4 1322/1322/4
f 1327/1327/169 1326/1326/169 1324/1324/169
f 1327/1327/169 1324/1324/169 1323/1323/169
f 1330/1330/262 1331/1331/262 55/55/262
f 1330/1330/263 55/55/263 63/63/263
f 1332/1332/161 1330/1330/161 63/63/161
f 1332/1332/161 63/63/161 61/61/161
f 1333/1333/262 1332/1332/262 61/61/262
f 1333/1333/19 61/61/19 56/56/19
f 1331/1331/161 1333/1333/161 56/56/161
f 1331/1331/155 56/56/155 55/55/155
f 67/67/264 1334/1334/264 1335/1335/264
f 67/67/15 1335/1335/15 72/72/15
f 72/72/189 1335/1335/189 1336/1336/189
f 72/72/189 1336/1336/189 71/71/189
f 71/71/9 1336/1336/9 1337/1337/9
f 71/71/150 1337/1337/150 66/66/150
f 66/66/189 1337/1337/189 1334/1334/189
f 66/66/189 1334/1334/189 67/67/189
f 1338/1338/149 1339/1339/149 1340/1340/149
f 1338/1338/221 1340/1340/221 1341/1341/221
f 1342/1342/190 1338/1338/190 1341/1341/190
f 1342/1342/190 1341/1341/190 1343/1343/190
f 1344/1344/265 1342/1342/265 1343/1343/265
f 1344/1344/5 1343/1343/5 1345/1345/5
f 1339/1339/190 1344/1344/190 1345/1345/190
f 1339/1339/190 1345/1345/190 1340/1340/190
f 1346/1346/257 1347/1347/257 1348/1348/257
f 1346/1346/266 1348/1348/266 1349/1349/266
f 1349/1349/188 1348/1348/188 1350/1350/188
f 1349/1349/188 1350/1350/188 1351/1351/188
f 1351/1351/267 1350/1350/267 1352/1352/267
f 1351/1351/218 1352/1352/218 1353/1353/218
f 1353/1353/160 1352/1352/160 1347/1347/160
f 1353/1353/160 1347/1347/160 1346/1346/160
f 1354/1354/24 1355/1355/24 1356/1356/24
f 1354/1354/5 1356/1356/5 1346/1346/5
f 1357/1357/190 1354/1354/190 1346/1346/190
f 1357/1357/190 1346/1346/190 1353/1353/190
f 1358/1358/223 1357/1357/223 1353/1353/223
f 1358/1358/268 1353/1353/268 1359/1359/268
f 1355/1355/190 1358/1358/190 1359/1359/190
f 1355/1355/190 1359/1359/190 1356/1356/190
f 1360/1360/170 1361/1361/170 1362/1362/170
f 1360/1360/178 1362/1362/178 1363/1363/178
f 1363/1363/188 1362/1362/188 1364/1364/188
f 1363/1363/188 1364/1364/188 1365/1365/188
f 1365/1365/9 1364/1364/9 1366/1366/9
f 1365/1365/139 1366/1366/139 1367/1367/139
f 1367/1367/188 1366/1366/188 1361/1361/188
f 1367/1367/188 1361/1361/188 1360/1360/188
f 67/67/6 72/72/6 63/63/6
f 67/67/6 63/63/6 55/55/6
f 1335/1335/4 1334/1334/4 1331/1331/4
f 1335/1335/4 1331/1331/4 1330/1330/4
f 72/72/1 71/71/1 61/61/1
f 72/72/1 61/61/1 63/63/1
f 1336/1336/2 1335/1335/2 1330/1330/2
f 1336/1336/2 1330/1330/2 1332/1332/2
f 71/71/4 66/66/4 56/56/4
f 71/71/4 56/56/4 61/61/4
f 1337/1337/6 1336/1336/6 1332/1332/6
f 1337/1337/6 1332/1332/6 1333/1333/6
f 66/66/2 67/67/2 55/55/2
f 66/66/2 55/55/2 56/56/2
f 1334/1334/1 1337/1337/1 1333/1333/1
f 1334/1334/1 1333/1333/1 1331/1331/1
f 1346/1346/6 1349/1349/6 1341/1341/6
f 1346/1346/6 1341/1341/6 1340/1340/6
f 1348/1348/4 1347/1347/4 1339/1339/4
f 1348/1348/4 1339/1339/4 1338/1338/4
f 1349/1349/165 1351/1351/165 1343/1343/165
f 1349/1349/165 1343/1343/165 1341/1341/165
f 1350/1350/166 1348/1348/166 1338/1338/166
f 1350/1350/166 1338/1338/166 1342/1342/166
f 1351/1351/4 1353/1353/4 1345/1345/4
f 1351/1351/4 1345/1345/4 1343/1343/4
f 1352/1352/6 1350/1350/6 1342/1342/6
f 1352/1352/6 1342/1342/6 1344/1344/6
f 1353/1353/2 1346/1346/2 1340/1340/2
f 1353/1353/2 1340/1340/2 1345/1345/2
f 1347/1347/165 1352/1352/165 1344/1344/165
f 1347/1347/165 1344/1344/165 1339/1339/165
f 1360/1360/6 1363/1363/6 1346/1346/6
f 1360/1360/6 1346/1346/6 1356/1356/6
f 1362/1362/4 1361/1361/4 1355/1355/4
f 1362/1362/4 1355/1355/4 1354/1354/4
f 1363/1363/165 1365/1365/165 1353/1353/165
f 1363/1363/165 1353/1353/165 1346/1346/165
f 1364/1364/166 1362/1362/166 1354/1354/166
f 1364/1364/166 1354/1354/166 1357/1357/166
f 1365/1365/4 1367/1367/4 1359/1359/4
f 1365/1365/4 1359/1359/4 1353/1353/4
f 1366/1366/6 1364/1364/6 1357/1357/6
f 1366/1366/6 1357/1357/6 1358/1358/6
f 1367/1367/166 1360/1360/166 1356/1356/166
f 1367/1367/166 1356/1356/166 1359/1359/166
f 1361/1361/165 1366/1366/165 1358/1358/165
f 1361/1361/165 1358/1358/165 1355/1355/165
f 1368/1368/5 1369/1369/5 1370/1370/5
f 1368/1368/5 1370/1370/5 1371/1371/5
f 1372/1372/9 1373/1373/9 1374/1374/9
f 1372/1372/9 1374/1374/9 1375/1375/9
f 1372/1372/226 1375/1375/226 1371/1371/226
f 1372/1372/226 1371/1371/226 1370/1370/226
f 1375/1375/4 1374/1374/4 1368/1368/4
f 1375/1375/4 1368/1368/4 1371/1371/4
f 1374/1374/169 1373/1373/169 1369/1369/169
f 1374/1374/169 1369/1369/169 1368/1368/169
f 1373/1373/6 1372/1372/6 1370/1370/6
f 1373/1373/6 1370/1370/6 1369/1369/6
f 1376/1376/5 1377/1377/5 1378/1378/5
f 1376/1376/5 1378/1378/5 1379/1379/5
f 1380/1380/9 1381/1381/9 1382/1382/9
f 1380/1380/9 1382/1382/9 1383/1383/9
f 1380/1380/269 1383/1383/269 1379/1379/269
f 1380/1380/181 1379/1379/181 1378/1378/181
f 1383/1383/4 1382/1382/4 1376/1376/4
f 1383/1383/4 1376/1376/4 1379/1379/4
f 1382/1382/169 1381/1381/169 1377/1377/169
f 1382/1382/169 1377/1377/169 1376/1376/169
f 1381/1381/6 1380/1380/6 1378/1378/6
f 1381/1381/6 1378/1378/6 1377/1377/6
f 1384/1384/10 1385/1385/10 50/50/10
f 1384/1384/10 50/50/10 51/51/10
f 1386/1386/101 1384/1384/101 51/51/101
f 1386/1386/148 51/51/148 46/46/148
f 1387/1387/10 1386/1386/10 46/46/10
f 1387/1387/10 46/46/10 45/45/10
f 1385/1385/24 1387/1387/24 45/45/24
f 1385/1385/5 45/45/5 50/50/5
f 39/39/11 1388/1388/11 1389/1389/11
f 39/39/11 1389/1389/11 41/41/11
f 41/41/270 1389/1389/270 1390/1390/270
f 41/41/233 1390/1390/233 33/33/233
f 33/33/11 1390/1390/11 1391/1391/11
f 33/33/11 1391/1391/11 34/34/11
f 34/34/271 1391/1391/271 1388/1388/271
f 34/34/12 1388/1388/12 39/39/12
f 1392/1392/10 1393/1393/10 1394/1394/10
f 1392/1392/10 1394/1394/10 1395/1395/10
f 1396/1396/19 1392/1392/19 1395/1395/19
f 1396/1396/5 1395/1395/5 1397/1397/5
f 1398/1398/10 1396/1396/10 1397/1397/10
f 1398/1398/174 1397/1397/174 1399/1399/174
f 1393/1393/163 1398/1398/163 1399/1399/163
f 1393/1393/5 1399/1399/5 1394/1394/5
f 1400/1400/11 1401/1401/11 1402/1402/11
f 1400/1400/11 1402/1402/11 1403/1403/11
f 1403/1403/212 1402/1402/212 1404/1404/212
f 1403/1403/272 1404/1404/272 1405/1405/272
f 1405/1405/11 1404/1404/11 1406/1406/11
f 1405/1405/11 1406/1406/11 1407/1407/11
f 1407/1407/9 1406/1406/9 1401/1401/9
f 1407/1407/171 1401/1401/171 1400/1400/171
f 1408/1408/10 1409/1409/10 1410/1410/10
f 1408/1408/10 1410/1410/10 1400/1400/10
f 1411/1411/273 1408/1408/273 1400/1400/273
f 1411/1411/153 1400/1400/153 1407/1407/153
f 1412/1412/10 1411/1411/10 1407/1407/10
f 1412/1412/10 1407/1407/10 1413/1413/10
f 1409/1409/149 1412/1412/149 1413/1413/149
f 1409/1409/5 1413/1413/5 1410/1410/5
f 1414/1414/160 1415/1415/160 1416/1416/160
f 1414/1414/160 1416/1416/160 1417/1417/160
f 1417/1417/270 1416/1416/270 1418/1418/270
f 1417/1417/271 1418/1418/271 1419/1419/271
f 1419/1419/160 1418/1418/160 1420/1420/160
f 1419/1419/160 1420/1420/160 1421/1421/160
f 1421/1421/26 1420/1420/26 1415/1415/26
f 1421/1421/139 1415/1415/139 1414/1414/139
f 39/39/2 41/41/2 51/51/2
f 39/39/2 51/51/2 50/50/2
f 1389/1389/1 1388/1388/1 1385/1385/1
f 1389/1389/1 1385/1385/1 1384/1384/1
f 41/41/6 33/33/6 46/46/6
f 41/41/6 46/46/6 51/51/6
f 1390/1390/4 1389/1389/4 1384/1384/4
f 1390/1390/4 1384/1384/4 1386/1386/4
f 33/33/1 34/34/1 45/45/1
f 33/33/1 45/45/1 46/46/1
f 1391/1391/2 1390/1390/2 1386/1386/2
f 1391/1391/2 1386/1386/2 1387/1387/2
f 34/34/4 39/39/4 50/50/4
f 34/34/4 50/50/4 45/45/4
f 1388/1388/6 1391/1391/6 1387/1387/6
f 1388/1388/6 1387/1387/6 1385/1385/6
f 1400/1400/2 1403/1403/2 1395/1395/2
f 1400/1400/2 1395/1395/2 1394/1394/2
f 1402/1402/1 1401/1401/1 1393/1393/1
f 1402/1402/1 1393/1393/1 1392/1392/1
f 1403/1403/6 1405/1405/6 1397/1397/6
f 1403/1403/6 1397/1397/6 1395/1395/6
f 1404/1404/4 1402/1402/4 1392/1392/4
f 1404/1404/4 1392/1392/4 1396/1396/4
f 1405/1405/1 1407/1407/1 1399/1399/1
f 1405/1405/1 1399/1399/1 1397/1397/1
f 1406/1406/2 1404/1404/2 1396/1396/2
f 1406/1406/168 1396/1396/168 1398/1398/168
f 1407/1407/4 1400/1400/4 1394/1394/4
f 1407/1407/4 1394/1394/4 1399/1399/4
f 1401/1401/6 1406/1406/6 1398/1398/6
f 1401/1401/6 1398/1398/6 1393/1393/6
f 1414/1414/2 1417/1417/2 1400/1400/2
f 1414/1414/2 1400/1400/2 1410/1410/2
f 1416/1416/165 1415/1415/165 1409/1409/165
f 1416/1416/165 1409/1409/165 1408/1408/165
f 1417/1417/6 1419/1419/6 1407/1407/6
f 1417/1417/6 1407/1407/6 1400/1400/6
f 1418/1418/4 1416/1416/4 1408/1408/4
f 1418/1418/4 1408/1408/4 1411/1411/4
f 1419/1419/165 1421/1421/165 1413/1413/165
f 1419/1419/165 1413/1413/165 1407/1407/165
f 1420/1420/2 1418/1418/2 1411/1411/2
f 1420/1420/2 1411/1411/2 1412/1412/2
f 1421/1421/4 1414/1414/4 1410/1410/4
f 1421/1421/4 1410/1410/4 1413/1413/4
f 1415/1415/6 1420/1420/6 1412/1412/6
f 1415/1415/6 1412/1412/6 1409/1409/6
f 1422/1422/5 1423/1423/5 1424/1424/5
f 1422/1422/5 1424/1424/5 1425/1425/5
f 1426/1426/9 1427/1427/9 1428/1428/9
f 1426/1426/9 1428/1428/9 1429/1429/9
f 1426/1426/6 1429/1429/6 1425/1425/6
f 1426/1426/6 1425/1425/6 1424/1424/6
f 1429/1429/1 1428/1428/1 1422/1422/1
f 1429/1429/1 1422/1422/1 1425/1425/1
f 1428/1428/4 1427/1427/4 1423/1423/4
f 1428/1428/4 1423/1423/4 1422/1422/4
f 1427/1427/2 1426/1426/2 1424/1424/2
f 1427/1427/2 1424/1424/2 1423/1423/2
f 1430/1430/5 1431/1431/5 1432/1432/5
f 1430/1430/5 1432/1432/5 1433/1433/5
f 1434/1434/9 1435/1435/9 1436/1436/9
f 1434/1434/9 1436/1436/9 1437/1437/9
f 1434/1434/6 1437/1437/6 1433/1433/6
f 1434/1434/6 1433/1433/6 1432/1432/6
f 1437/1437/165 1436/1436/165 1430/1430/165
f 1437/1437/226 1430/1430/226 1433/1433/226
f 1436/1436/4 1435/1435/4 1431/1431/4
f 1436/1436/4 1431/1431/4 1430/1430/4
f 1435/1435/2 1434/1434/2 1432/1432/2
f 1435/1435/2 1432/1432/2 1431/1431/2
f 1438/1438/10 1439/1439/10 1440/1440/10
f 1438/1438/10 1440/1440/10 1441/1441/10
f 1442/1442/274 1438/1438/274 1441/1441/274
f 1442/1442/224 1441/1441/224 54/54/224
f 1443/1443/10 1442/1442/10 54/54/10
f 1443/1443/10 54/54/10 48/48/10
f 1439/1439/224 1443/1443/224 48/48/224
f 1439/1439/274 48/48/274 1440/1440/274
f 1444/1444/160 1445/1445/160 1446/1446/160
f 1444/1444/160 1446/1446/160 36/36/160
f 36/36/9 1446/1446/9 1447/1447/9
f 36/36/13 1447/1447/13 42/42/13
f 42/42/11 1447/1447/11 1448/1448/11
f 42/42/11 1448/1448/11 38/38/11
f 38/38/9 1448/1448/9 1445/1445/9
f 38/38/233 1445/1445/233 1444/1444/233
f 1449/1449/10 1450/1450/10 1451/1451/10
f 1449/1449/174 1451/1451/174 1452/1452/174
f 1453/1453/5 1449/1449/5 1452/1452/5
f 1453/1453/5 1452/1452/5 1454/1454/5
f 1455/1455/10 1453/1453/10 1454/1454/10
f 1455/1455/10 1454/1454/10 1456/1456/10
f 1450/1450/133 1455/1455/133 1456/1456/133
f 1450/1450/5 1456/1456/5 1451/1451/5
f 1457/1457/11 1458/1458/11 1459/1459/11
f 1457/1457/11 1459/1459/11 1460/1460/11
f 1460/1460/275 1459/1459/275 1461/1461/275
f 1460/1460/276 1461/1461/276 1462/1462/276
f 1462/1462/11 1461/1461/11 1463/1463/11
f 1462/1462/11 1463/1463/11 1464/1464/11
f 1464/1464/277 1463/1463/277 1458/1458/277
f 1464/1464/266 1458/1458/266 1457/1457/266
f 1465/1465/10 1466/1466/10 1467/1467/10
f 1465/1465/10 1467/1467/10 1457/1457/10
f 1468/1468/149 1465/1465/149 1457/1457/149
f 1468/1468/132 1457/1457/132 1464/1464/132
f 1469/1469/10 1468/1468/10 1464/1464/10
f 1469/1469/10 1464/1464/10 1470/1470/10
f 1466/1466/255 1469/1469/255 1470/1470/255
f 1466/1466/5 1470/1470/5 1467/1467/5
f 1471/1471/11 1472/1472/11 1473/1473/11
f 1471/1471/11 1473/1473/11 1474/1474/11
f 1474/1474/9 1473/1473/9 1475/1475/9
f 1474/1474/278 1475/1475/278 1476/1476/278
f 1476/1476/11 1475/1475/11 1477/1477/11
f 1476/1476/11 1477/1477/11 1478/1478/11
f 1478/1478/275 1477/1477/275 1472/1472/275
f 1478/1478/146 1472/1472/146 1471/1471/146
f 1444/1444/2 36/36/2 1441/1441/2
f 1444/1444/2 1441/1441/2 1440/1440/2
f 1446/1446/1 1445/1445/1 1439/1439/1
f 1446/1446/1 1439/1439/1 1438/1438/1
f 36/36/6 42/42/6 54/54/6
f 36/36/6 54/54/6 1441/1441/6
f 1447/1447/4 1446/1446/4 1438/1438/4
f 1447/1447/4 1438/1438/4 1442/1442/4
f 42/42/1 38/38/1 48/48/1
f 42/42/1 48/48/1 54/54/1
f 1448/1448/2 1447/1447/2 1442/1442/2
f 1448/1448/2 1442/1442/2 1443/1443/2
f 38/38/4 1444/1444/4 1440/1440/4
f 38/38/4 1440/1440/4 48/48/4
f 1445/1445/6 1448/1448/6 1443/1443/6
f 1445/1445/6 1443/1443/6 1439/1439/6
f 1457/1457/2 1460/1460/2 1452/1452/2
f 1457/1457/2 1452/1452/2 1451/1451/2
f 1459/1459/1 1458/1458/1 1450/1450/1
f 1459/1459/1 1450/1450/1 1449/1449/1
f 1460/1460/6 1462/1462/6 1454/1454/6
f 1460/1460/6 1454/1454/6 1452/1452/6
f 1461/1461/4 1459/1459/4 1449/1449/4
f 1461/1461/4 1449/1449/4 1453/1453/4
f 1462/1462/167 1464/1464/167 1456/1456/167
f 1462/1462/167 1456/1456/167 1454/1454/167
f 1463/1463/168 1461/1461/168 1453/1453/168
f 1463/1463/168 1453/1453/168 1455/1455/168
f 1464/1464/4 1457/1457/4 1451/1451/4
f 1464/1464/4 1451/1451/4 1456/1456/4
f 1458/1458/6 1463/1463/6 1455/1455/6
f 1458/1458/6 1455/1455/6 1450/1450/6
f 1471/1471/166 1474/1474/166 1457/1457/166
f 1471/1471/166 1457/1457/166 1467/1467/166
f 1473/1473/165 1472/1472/165 1466/1466/165
f 1473/1473/165 1466/1466/165 1465/1465/165
f 1474/1474/6 1476/1476/6 1464/1464/6
f 1474/1474/6 1464/1464/6 1457/1457/6
f 1475/1475/4 1473/1473/4 1465/1465/4
f 1475/1475/4 1465/1465/4 1468/1468/4
f 1476/1476/165 1478/1478/165 1470/1470/165
f 1476/1476/165 1470/1470/165 1464/1464/165
f 1477/1477/166 1475/1475/166 1468/1468/166
f 1477/1477/166 1468/1468/166 1469/1469/166
f 1478/1478/4 1471/1471/4 1467/1467/4
f 1478/1478/4 1467/1467/4 1470/1470/4
f 1472/1472/6 1477/1477/6 1469/1469/6
f 1472/1472/6 1469/1469/6 1466/1466/6
f 1479/1479/5 1480/1480/5 1481/1481/5
f 1479/1479/5 1481/1481/5 1482/1482/5
f 1483/1483/9 1484/1484/9 1485/1485/9
f 1483/1483/9 1485/1485/9 1486/1486/9
f 1483/1483/6 1486/1486/6 1482/1482/6
f 1483/1483/6 1482/1482/6 1481/1481/6
f 1486/1486/1 1485/1485/1 1479/1479/1
f 1486/1486/1 1479/1479/1 1482/1482/1
f 1485/1485/4 1484/1484/4 1480/1480/4
f 1485/1485/4 1480/1480/4 1479/1479/4
f 1484/1484/2 1483/1483/2 1481/1481/2
f 1484/1484/2 1481/1481/2 1480/1480/2
f 1487/1487/5 1488/1488/5 1489/1489/5
f 1487/1487/5 1489/1489/5 1490/1490/5
f 1491/1491/9 1492/1492/9 1493/1493/9
f 1491/1491/9 1493/1493/9 1494/1494/9
f 1491/1491/6 1494/1494/6 1490/1490/6
f 1491/1491/6 1490/1490/6 1489/1489/6
f 1494/1494/181 1493/1493/181 1487/1487/181
f 1494/1494/165 1487/1487/165 1490/1490/165
f 1493/1493/4 1492/1492/4 1488/1488/4
f 1493/1493/4 1488/1488/4 1487/1487/4
f 1492/1492/2 1491/1491/2 1489/1489/2
f 1492/1492/2 1489/1489/2 1488/1488/2
f 1495/1495/279 1496/1496/279 1497/1497/279
f 1495/1495/279 1497/1497/279 1498/1498/279
f 1496/1496/280 1499/1499/280 1500/1500/280
f 1496/1496/281 1500/1500/281 1497/1497/281
f 1499/1499/282 1501/1501/282 1502/1502/282
f 1499/1499/282 1502/1502/282 1500/1500/282
f 1501/1501/283 1495/1495/283 1498/1498/283
f 1501/1501/284 1498/1498/284 1502/1502/284
f 1503/1503/285 1504/1504/285 1505/1505/285
f 1503/1503/285 1505/1505/285 1506/1506/285
f 1504/1504/286 1496/1496/286 1507/1507/286
f 1504/1504/287 1507/1507/287 1505/1505/287
f 1496/1496/288 1495/1495/288 1508/1508/288
f 1496/1496/288 1508/1508/288 1507/1507/288
f 1495/1495/289 1503/1503/289 1506/1506/289
f 1495/1495/290 1506/1506/290 1508/1508/290
f 1509/1509/291 213/213/291 215/215/291
f 1509/1509/291 215/215/291 1510/1510/291
f 1511/1511/292 212/212/292 213/213/292
f 1511/1511/293 213/213/293 1509/1509/293
f 1512/1512/294 214/214/294 212/212/294
f 1512/1512/291 212/212/291 1511/1511/291
f 1510/1510/295 215/215/295 214/214/295
f 1510/1510/296 214/214/296 1512/1512/296
f 1513/1513/297 216/216/297 217/217/297
f 1513/1513/298 217/217/298 1514/1514/298
f 1515/1515/299 213/213/299 216/216/299
f 1515/1515/298 216/216/298 1513/1513/298
f 1516/1516/297 215/215/297 213/213/297
f 1516/1516/297 213/213/297 1515/1515/297
f 1514/1514/300 217/217/300 215/215/300
f 1514/1514/301 215/215/301 1516/1516/301
f 1498/1498/302 1497/1497/302 1509/1509/302
f 1498/1498/302 1509/1509/302 1510/1510/302
f 1499/1499/303 1496/1496/303 213/213/303
f 1499/1499/9 213/213/9 212/212/9
f 1497/1497/154 1500/1500/154 1511/1511/154
f 1497/1497/304 1511/1511/304 1509/1509/304
f 1501/1501/305 1499/1499/305 212/212/305
f 1501/1501/302 212/212/302 214/214/302
f 1500/1500/306 1502/1502/306 1512/1512/306
f 1500/1500/306 1512/1512/306 1511/1511/306
f 1495/1495/268 1501/1501/268 214/214/268
f 1495/1495/307 214/214/307 215/215/307
f 1502/1502/9 1498/1498/9 1510/1510/9
f 1502/1502/9 1510/1510/9 1512/1512/9
f 1504/1504/308 1503/1503/308 217/217/308
f 1504/1504/308 217/217/308 216/216/308
f 1506/1506/309 1505/1505/309 1513/1513/309
f 1506/1506/309 1513/1513/309 1514/1514/309
f 1496/1496/310 1504/1504/310 216/216/310
f 1496/1496/311 216/216/311 213/213/311
f 1505/1505/312 1507/1507/312 1515/1515/312
f 1505/1505/313 1515/1515/313 1513/1513/313
f 1507/1507/308 1508/1508/308 1516/1516/308
f 1507/1507/308 1516/1516/308 1515/1515/308
f 1503/1503/314 1495/1495/314 215/215/314
f 1503/1503/206 215/215/206 217/217/206
f 1508/1508/315 1506/1506/315 1514/1514/315
f 1508/1508/7 1514/1514/7 1516/1516/7
f 1511/1511/282 1512/1512/282 1510/1510/282
f 1511/1511/282 1510/1510/282 1509/1509/282
f 1515/1515/285 1516/1516/285 1514/1514/285
f 1515/1515/316 1514/1514/316 1513/1513/316
f 1517/1517/9 1518/1518/9 1519/1519/9
f 1517/1517/9 1519/1519/9 1520/1520/9
f 1518/1518/9 1521/1521/9 1522/1522/9
f 1518/1518/9 1522/1522/9 1519/1519/9
f 1523/1523/5 1496/1496/5 1524/1524/5
f 1523/1523/5 1524/1524/5 1525/1525/5
f 1526/1526/5 1527/1527/5 1496/1496/5
f 1526/1526/20 1496/1496/20 1523/1523/20
f 1523/1523/317 1525/1525/317 1520/1520/317
f 1523/1523/120 1520/1520/120 1519/1519/120
f 1525/1525/2 1524/1524/2 1517/1517/2
f 1525/1525/2 1517/1517/2 1520/1520/2
f 1524/1524/318 1496/1496/318 1518/1518/318
f 1524/1524/319 1518/1518/319 1517/1517/319
f 1526/1526/320 1523/1523/320 1519/1519/320
f 1526/1526/321 1519/1519/321 1522/1522/321
f 1496/1496/322 1527/1527/322 1521/1521/322
f 1496/1496/285 1521/1521/285 1518/1518/285
f 1527/1527/1 1526/1526/1 1522/1522/1
f 1527/1527/1 1522/1522/1 1521/1521/1
f 1528/1528/323 1529/1529/323 1530/1530/323
f 1531/1531/324 1532/1532/324 1533/1533/324
f 1534/1534/325 1535/1535/325 1536/1536/325
f 1537/1537/326 1538/1538/326 1539/1539/326
f 1540/1540/327 1541/1541/327 1542/1542/327
f 1538/1538/326 1543/1543/326 1539/1539/326
f 1544/1544/5 1538/1538/5 1545/1545/5
f 1546/1546/2 1547/1547/2 1538/1538/2
f 1548/1548/9 1549/1549/9 1547/1547/9
f 1550/1550/328 1551/1551/328 1546/1546/328
f 1538/1538/329 1552/1552/329 1553/1553/329
f 1554/1554/330 1538/1538/330 1551/1551/330
f 1555/1555/331 1546/1546/331 1539/1539/331
f 1540/1540/332 1547/1547/332 1556/1556/332
f 1539/1539/333 1546/1546/333 1557/1557/333
f 1558/1558/334 1547/1547/334 1559/1559/334
f 1560/1560/335 1561/1561/335 1562/1562/335
f 1563/1563/336 1558/1558/336 1564/1564/336
f 1565/1565/337 1566/1566/337 1567/1567/337
f 1547/1547/338 1568/1568/338 1559/1559/338
f 1569/1569/339 1570/1570/339 1571/1571/339
f 1565/1565/340 1570/1570/340 1572/1572/340
f 1573/1573/341 1535/1535/341 1528/1528/341
f 1574/1574/342 1560/1560/342 1528/1528/342
f 1549/1549/343 1574/1574/343 1529/1529/343
f 1530/1530/344 1549/1549/344 1529/1529/344
f 1533/1533/345 1575/1575/345 1532/1532/345
f 1576/1576/346 1533/1533/346 1531/1531/346
f 1577/1577/347 1576/1576/347 1531/1531/347
f 1538/1538/348 1536/1536/348 1534/1534/348
f 1573/1573/349 1575/1575/349 1535/1535/349
f 1541/1541/350 1555/1555/350 1542/1542/350
f 1560/1560/351 1573/1573/351 1528/1528/351
f 1547/1547/352 1578/1578/352 1579/1579/352
f 1547/1547/353 1555/1555/353 1539/1539/353
f 1572/1572/354 1570/1570/354 1580/1580/354
f 1537/1537/333 1539/1539/333 1557/1557/333
f 1565/1565/355 1577/1577/355 1532/1532/355
f 1528/1528/323 1574/1574/323 1529/1529/323
f 1531/1531/324 1577/1577/324 1532/1532/324
f 1534/1534/325 1575/1575/325 1535/1535/325
f 1548/1548/356 1541/1541/356 1556/1556/356
f 1544/1544/5 1546/1546/5 1538/1538/5
f 1546/1546/2 1548/1548/2 1547/1547/2
f 1548/1548/9 1581/1581/9 1549/1549/9
f 1549/1549/357 1564/1564/357 1582/1582/357
f 1547/1547/358 1579/1579/358 1556/1556/358
f 1538/1538/359 1537/1537/359 1551/1551/359
f 1568/1568/360 1547/1547/360 1536/1536/360
f 1542/1542/361 1547/1547/361 1540/1540/361
f 1551/1551/362 1537/1537/362 1557/1557/362
f 1541/1541/363 1540/1540/363 1556/1556/363
f 1558/1558/364 1583/1583/364 1562/1562/364
f 1560/1560/365 1584/1584/365 1561/1561/365
f 1585/1585/343 1586/1586/343 1587/1587/343
f 1576/1576/366 1569/1569/366 1571/1571/366
f 1536/1536/367 1547/1547/367 1530/1530/367
f 1552/1552/368 1576/1576/368 1571/1571/368
f 1565/1565/369 1567/1567/369 1570/1570/369
f 1588/1588/370 1553/1553/370 1559/1559/370
f 1553/1553/371 1552/1552/371 1566/1566/371
f 1566/1566/372 1573/1573/372 1583/1583/372
f 1566/1566/373 1552/1552/373 1567/1567/373
f 1535/1535/374 1530/1530/374 1528/1528/374
f 1549/1549/375 1563/1563/375 1564/1564/375
f 1549/1549/343 1582/1582/343 1574/1574/343
f 1530/1530/376 1547/1547/376 1549/1549/376
f 1538/1538/377 1534/1534/377 1533/1533/377
f 1576/1576/378 1538/1538/378 1533/1533/378
f 1577/1577/379 1580/1580/379 1576/1576/379
f 1573/1573/349 1589/1589/349 1575/1575/349
f 1575/1575/380 1589/1589/380 1532/1532/380
f 1538/1538/381 1588/1588/381 1559/1559/381
f 1572/1572/382 1580/1580/382 1577/1577/382
f 1573/1573/383 1560/1560/383 1583/1583/383
f 1558/1558/364 1559/1559/364 1583/1583/364
f 1575/1575/384 1533/1533/384 1566/1566/384
f 1536/1536/385 1530/1530/385 1559/1559/385
f 1583/1583/386 1560/1560/386 1562/1562/386
f 1590/1590/379 1591/1591/379 1592/1592/379
f 1593/1593/349 1594/1594/349 1595/1595/349
f 1596/1596/387 1597/1597/387 1598/1598/387
f 1599/1599/388 1600/1600/388 1601/1601/388
f 1598/1598/389 1597/1597/389 1602/1602/389
f 1598/1598/390 1603/1603/390 1604/1604/390
f 1605/1605/391 1606/1606/391 1598/1598/391
f 1606/1606/392 1605/1605/392 1607/1607/392
f 1608/1608/393 1603/1603/393 1609/1609/393
f 1610/1610/394 1611/1611/394 1612/1612/394
f 1613/1613/395 1609/1609/395 1598/1598/395
f 1614/1614/396 1597/1597/396 1603/1603/396
f 1599/1599/397 1615/1615/397 1605/1605/397
f 1616/1616/398 1617/1617/398 1618/1618/398
f 1597/1597/399 1619/1619/399 1603/1603/399
f 1620/1620/400 1621/1621/400 1622/1622/400
f 1623/1623/401 1624/1624/401 1618/1618/401
f 1625/1625/402 1616/1616/402 1620/1620/402
f 1626/1626/403 1627/1627/403 1628/1628/403
f 1622/1622/404 1621/1621/404 1629/1629/404
f 1630/1630/405 1631/1631/405 1632/1632/405
f 1626/1626/406 1633/1633/406 1632/1632/406
f 1634/1634/407 1635/1635/407 1636/1636/407
f 1637/1637/408 1635/1635/408 1623/1623/408
f 1617/1617/409 1638/1638/409 1637/1637/409
f 1639/1639/410 1638/1638/410 1617/1617/410
f 1640/1640/411 1641/1641/411 1642/1642/411
f 1643/1643/412 1644/1644/412 1640/1640/412
f 1645/1645/413 1644/1644/413 1643/1643/413
f 1610/1610/414 1646/1646/414 1647/1647/414
f 1634/1634/415 1636/1636/415 1642/1642/415
f 1601/1601/416 1600/1600/416 1614/1614/416
f 1623/1623/417 1635/1635/417 1634/1634/417
f 1605/1605/418 1648/1648/418 1649/1649/418
f 1605/1605/419 1597/1597/419 1614/1614/419
f 1633/1633/420 1650/1650/420 1632/1632/420
f 1596/1596/421 1619/1619/421 1597/1597/421
f 1626/1626/422 1641/1641/422 1645/1645/422
f 1585/1585/343 1587/1587/343 1651/1651/343
f 1590/1590/379 1592/1592/379 1652/1652/379
f 1593/1593/349 1595/1595/349 1653/1653/349
f 1606/1606/423 1615/1615/423 1601/1601/423
f 1606/1606/136 1607/1607/136 1654/1654/136
f 1603/1603/424 1655/1655/424 1604/1604/424
f 1605/1605/425 1615/1615/425 1648/1648/425
f 1598/1598/426 1609/1609/426 1596/1596/426
f 1629/1629/427 1647/1647/427 1622/1622/427
f 1609/1609/428 1619/1619/428 1596/1596/428
f 1601/1601/429 1615/1615/429 1599/1599/429
f 1620/1620/374 1624/1624/374 1656/1656/374
f 1623/1623/430 1618/1618/430 1657/1657/430
f 1643/1643/431 1631/1631/431 1630/1630/431
f 1647/1647/432 1639/1639/432 1622/1622/432
f 1612/1612/433 1631/1631/433 1643/1643/433
f 1626/1626/434 1632/1632/434 1627/1627/434
f 1658/1658/435 1621/1621/435 1611/1611/435
f 1611/1611/436 1628/1628/436 1612/1612/436
f 1628/1628/437 1656/1656/437 1634/1634/437
f 1628/1628/438 1627/1627/438 1612/1612/438
f 1636/1636/439 1635/1635/439 1639/1639/439
f 1617/1617/440 1616/1616/440 1625/1625/440
f 1617/1617/441 1637/1637/441 1659/1659/441
f 1639/1639/442 1617/1617/442 1622/1622/442
f 1610/1610/443 1640/1640/443 1646/1646/443
f 1643/1643/444 1640/1640/444 1610/1610/444
f 1645/1645/445 1643/1643/445 1650/1650/445
f 1606/1606/446 1603/1603/446 1598/1598/446
f 1634/1634/415 1642/1642/415 1660/1660/415
f 1642/1642/447 1641/1641/447 1660/1660/447
f 1610/1610/448 1621/1621/448 1658/1658/448
f 1633/1633/449 1645/1645/449 1650/1650/449
f 1634/1634/450 1656/1656/450 1623/1623/450
f 1620/1620/451 1656/1656/451 1621/1621/451
f 1642/1642/452 1628/1628/452 1640/1640/452
f 1533/1533/453 1591/1591/453 1590/1590/453
f 1647/1647/454 1621/1621/454 1639/1639/454
f 1656/1656/455 1624/1624/455 1623/1623/455
f 1533/1533/456 1590/1590/457 1531/1531/458
f 1528/1528/459 1651/1651/460 1574/1574/459
f 1534/1534/461 1653/1653/461 1575/1575/461
f 1531/1531/462 1652/1652/463 1577/1577/464
f 1574/1574/465 1587/1587/466 1529/1529/467
f 1575/1575/468 1595/1595/468 1535/1535/468
f 1529/1529/469 1586/1586/469 1530/1530/469
f 1577/1577/470 1592/1592/470 1532/1532/471
f 1532/1532/472 1591/1591/472 1533/1533/472
f 1535/1535/473 1594/1594/473 1536/1536/473
f 1528/1528/474 1586/1586/474 1585/1585/474
f 1536/1536/475 1593/1593/476 1534/1534/475
f 1614/1614/477 1600/1600/477 1599/1599/477
f 1528/1528/478 1585/1585/478 1651/1651/478
f 1534/1534/479 1593/1593/480 1653/1653/481
f 1531/1531/482 1590/1590/482 1652/1652/482
f 1574/1574/483 1651/1651/483 1587/1587/483
f 1575/1575/484 1653/1653/484 1595/1595/484
f 1529/1529/485 1587/1587/485 1586/1586/485
f 1577/1577/486 1652/1652/487 1592/1592/488
f 1532/1532/489 1592/1592/490 1591/1591/490
f 1535/1535/491 1595/1595/491 1594/1594/491
f 1528/1528/492 1530/1530/493 1586/1586/492
f 1536/1536/494 1594/1594/495 1593/1593/496
f 1538/1538/4 1661/1661/4 1545/1545/4
f 1550/1550/2 1545/1545/2 1554/1554/2
f 1547/1547/4 1543/1543/4 1538/1538/4
f 1546/1546/497 1555/1555/497 1548/1548/497
f 1574/1574/498 1584/1584/498 1560/1560/498
f 1581/1581/2 1662/1662/2 1549/1549/2
f 1579/1579/204 1662/1662/204 1556/1556/204
f 1548/1548/6 1662/1662/6 1581/1581/6
f 1564/1564/357 1561/1561/357 1582/1582/357
f 1662/1662/499 1548/1548/499 1556/1556/499
f 1584/1584/500 1582/1582/500 1561/1561/500
f 1568/1568/501 1538/1538/501 1559/1559/501
f 1588/1588/502 1538/1538/502 1553/1553/502
f 1565/1565/503 1589/1589/503 1566/1566/503
f 1533/1533/504 1534/1534/504 1553/1553/504
f 1589/1589/505 1565/1565/505 1532/1532/505
f 1545/1545/2 1661/1661/2 1554/1554/2
f 1562/1562/506 1530/1530/506 1558/1558/506
f 1561/1561/507 1528/1528/507 1562/1562/507
f 1552/1552/508 1538/1538/508 1576/1576/508
f 1564/1564/200 1574/1574/200 1561/1561/200
f 1558/1558/509 1529/1529/509 1564/1564/509
f 1567/1567/510 1533/1533/510 1532/1532/510
f 1571/1571/511 1533/1533/511 1552/1552/511
f 1571/1571/512 1577/1577/512 1531/1531/512
f 1572/1572/513 1577/1577/513 1565/1565/513
f 1567/1567/514 1577/1577/514 1570/1570/514
f 1553/1553/515 1536/1536/515 1559/1559/515
f 1566/1566/516 1533/1533/516 1553/1553/516
f 1583/1583/517 1575/1575/517 1566/1566/517
f 1559/1559/518 1530/1530/518 1583/1583/518
f 1661/1661/519 1538/1538/519 1554/1554/519
f 1543/1543/520 1547/1547/520 1539/1539/520
f 1546/1546/6 1544/1544/6 1550/1550/6
f 1554/1554/204 1551/1551/204 1550/1550/204
f 1550/1550/2 1544/1544/2 1545/1545/2
f 1551/1551/521 1557/1557/521 1546/1546/521
f 1547/1547/4 1549/1549/4 1578/1578/4
f 1579/1579/2 1578/1578/2 1549/1549/2
f 1574/1574/522 1582/1582/522 1584/1584/522
f 1662/1662/2 1579/1579/2 1549/1549/2
f 1555/1555/523 1541/1541/523 1548/1548/523
f 1569/1569/524 1576/1576/524 1570/1570/524
f 1558/1558/525 1563/1563/525 1549/1549/525
f 1538/1538/526 1568/1568/526 1536/1536/526
f 1542/1542/527 1555/1555/527 1547/1547/527
f 1562/1562/528 1528/1528/528 1530/1530/528
f 1566/1566/372 1589/1589/372 1573/1573/372
f 1561/1561/529 1574/1574/529 1528/1528/529
f 1564/1564/1 1529/1529/1 1574/1574/1
f 1547/1547/530 1558/1558/530 1549/1549/530
f 1558/1558/531 1530/1530/531 1529/1529/531
f 1567/1567/510 1552/1552/510 1533/1533/510
f 1571/1571/532 1531/1531/532 1533/1533/532
f 1570/1570/533 1576/1576/533 1580/1580/533
f 1571/1571/534 1570/1570/534 1577/1577/534
f 1567/1567/535 1532/1532/535 1577/1577/535
f 1553/1553/536 1534/1534/536 1536/1536/536
f 1530/1530/537 1535/1535/537 1583/1583/537
f 1583/1583/538 1535/1535/538 1575/1575/538
f 1598/1598/6 1604/1604/6 1663/1663/6
f 1608/1608/201 1613/1613/201 1604/1604/201
f 1605/1605/539 1598/1598/539 1602/1602/539
f 1603/1603/540 1606/1606/540 1614/1614/540
f 1637/1637/541 1623/1623/541 1657/1657/541
f 1654/1654/181 1607/1607/181 1664/1664/181
f 1648/1648/542 1615/1615/542 1664/1664/542
f 1606/1606/543 1654/1654/543 1664/1664/543
f 1664/1664/544 1615/1615/544 1606/1606/544
f 1657/1657/545 1618/1618/545 1659/1659/545
f 1629/1629/546 1621/1621/546 1610/1610/546
f 1658/1658/547 1611/1611/547 1610/1610/547
f 1626/1626/548 1628/1628/548 1660/1660/548
f 1640/1640/549 1611/1611/549 1646/1646/549
f 1660/1660/550 1641/1641/550 1626/1626/550
f 1604/1604/193 1613/1613/193 1663/1663/193
f 1639/1639/551 1635/1635/551 1620/1620/551
f 1618/1618/552 1624/1624/552 1635/1635/552
f 1612/1612/553 1643/1643/553 1610/1610/553
f 1616/1616/554 1618/1618/554 1637/1637/554
f 1638/1638/555 1639/1639/555 1616/1616/555
f 1640/1640/556 1612/1612/556 1641/1641/556
f 1640/1640/557 1644/1644/557 1612/1612/557
f 1631/1631/558 1644/1644/558 1645/1645/558
f 1633/1633/559 1626/1626/559 1645/1645/559
f 1645/1645/560 1641/1641/560 1632/1632/560
f 1647/1647/561 1646/1646/561 1621/1621/561
f 1628/1628/562 1611/1611/562 1640/1640/562
f 1642/1642/515 1636/1636/515 1628/1628/515
f 1621/1621/563 1656/1656/563 1639/1639/563
f 1663/1663/564 1613/1613/564 1598/1598/564
f 1602/1602/565 1597/1597/565 1605/1605/565
f 1635/1635/566 1624/1624/566 1620/1620/566
f 1617/1617/567 1659/1659/567 1618/1618/567
f 1603/1603/568 1608/1608/568 1655/1655/568
f 1613/1613/569 1608/1608/569 1609/1609/569
f 1608/1608/167 1604/1604/167 1655/1655/167
f 1609/1609/570 1603/1603/570 1619/1619/570
f 1605/1605/251 1649/1649/251 1607/1607/251
f 1648/1648/193 1607/1607/193 1649/1649/193
f 1637/1637/571 1657/1657/571 1659/1659/571
f 1664/1664/572 1607/1607/572 1648/1648/572
f 1605/1605/573 1614/1614/573 1599/1599/573
f 1614/1614/574 1606/1606/574 1601/1601/574
f 1630/1630/575 1632/1632/575 1643/1643/575
f 1620/1620/576 1617/1617/576 1625/1625/576
f 1610/1610/577 1647/1647/577 1629/1629/577
f 1641/1641/578 1627/1627/578 1632/1632/578
f 1628/1628/437 1634/1634/437 1660/1660/437
f 1618/1618/579 1635/1635/579 1637/1637/579
f 1616/1616/580 1637/1637/580 1638/1638/580
f 1622/1622/581 1617/1617/581 1620/1620/581
f 1636/1636/582 1656/1656/582 1628/1628/582
f 1646/1646/583 1611/1611/583 1621/1621/583
f 1639/1639/584 1620/1620/584 1616/1616/584
f 1632/1632/585 1650/1650/585 1643/1643/585
f 1631/1631/586 1645/1645/586 1632/1632/586
f 1612/1612/587 1627/1627/587 1641/1641/587
f 1644/1644/588 1631/1631/588 1612/1612/588
f 1639/1639/589 1656/1656/589 1636/1636/589
f 1538/1538/9 1665/1665/9 1545/1545/9
f 1547/1547/1 1666/1666/1 1538/1538/1
f 1549/1549/5 1667/1667/5 1547/1547/5
f 1668/1668/6 1669/1669/6 1667/1667/6
f 1669/1669/6 1666/1666/6 1667/1667/6
f 1670/1670/6 1665/1665/6 1666/1666/6
f 1671/1671/2 1549/1549/2 1582/1582/2
f 1538/1538/9 1666/1666/9 1665/1665/9
f 1547/1547/1 1667/1667/1 1666/1666/1
f 1549/1549/5 1668/1668/5 1667/1667/5
f 1668/1668/6 1671/1671/6 1669/1669/6
f 1669/1669/6 1670/1670/6 1666/1666/6
f 1670/1670/6 1672/1672/6 1665/1665/6
f 1671/1671/2 1668/1668/2 1549/1549/2
f 1673/1673/4 1674/1674/4 1675/1675/4
f 1673/1673/4 1675/1675/4 1676/1676/4
f 1674/1674/4 1677/1677/4 1678/1678/4
f 1674/1674/4 1678/1678/4 1675/1675/4
f 1677/1677/4 1679/1679/4 1680/1680/4
f 1677/1677/4 1680/1680/4 1678/1678/4
f 1679/1679/4 1673/1673/4 1676/1676/4
f 1679/1679/4 1676/1676/4 1680/1680/4
f 1681/1681/6 1682/1682/6 1683/1683/6
f 1681/1681/6 1683/1683/6 1684/1684/6
f 1682/1682/6 1685/1685/6 1686/1686/6
f 1682/1682/6 1686/1686/6 1683/1683/6
f 1685/1685/6 1687/1687/6 1688/1688/6
f 1685/1685/6 1688/1688/6 1686/1686/6
f 1687/1687/6 1681/1681/6 1684/1684/6
f 1687/1687/6 1684/1684/6 1688/1688/6
f 1689/1689/4 1690/1690/4 1691/1691/4
f 1689/1689/4 1691/1691/4 1692/1692/4
f 1690/1690/4 1693/1693/4 1694/1694/4
f 1690/1690/4 1694/1694/4 1691/1691/4
f 1693/1693/4 1695/1695/4 1696/1696/4
f 1693/1693/4 1696/1696/4 1694/1694/4
f 1695/1695/4 1689/1689/4 1692/1692/4
f 1695/1695/4 1692/1692/4 1696/1696/4
f 1697/1697/4 1698/1698/4 1699/1699/4
f 1697/1697/4 1699/1699/4 1700/1700/4
f 1698/1698/4 1701/1701/4 1702/1702/4
f 1698/1698/4 1702/1702/4 1699/1699/4
f 1701/1701/4 1703/1703/4 1704/1704/4
f 1701/1701/4 1704/1704/4 1702/1702/4
f 1703/1703/4 1697/1697/4 1700/1700/4
f 1703/1703/4 1700/1700/4 1704/1704/4
f 1705/1705/6 1706/1706/6 1707/1707/6
f 1705/1705/6 1707/1707/6 1708/1708/6
f 1706/1706/6 1709/1709/6 1710/1710/6
f 1706/1706/6 1710/1710/6 1707/1707/6
f 1709/1709/6 1711/1711/6 1712/1712/6
f 1709/1709/6 1712/1712/6 1710/1710/6
f 1711/1711/6 1705/1705/6 1708/1708/6
f 1711/1711/6 1708/1708/6 1712/1712/6
f 1713/1713/4 1714/1714/4 1715/1715/4
f 1713/1713/4 1715/1715/4 1716/1716/4
f 1714/1714/4 1717/1717/4 1718/1718/4
f 1714/1714/4 1718/1718/4 1715/1715/4
f 1717/1717/4 1719/1719/4 1720/1720/4
f 1717/1717/4 1720/1720/4 1718/1718/4
f 1719/1719/4 1713/1713/4 1716/1716/4
f 1719/1719/4 1716/1716/4 1720/1720/4
f 1721/1721/4 1722/1722/4 1723/1723/4
f 1721/1721/4 1723/1723/4 1724/1724/4
f 1722/1722/4 1725/1725/4 1726/1726/4
f 1722/1722/4 1726/1726/4 1723/1723/4
f 1725/1725/4 1727/1727/4 1728/1728/4
f 1725/1725/4 1728/1728/4 1726/1726/4
f 1727/1727/4 1721/1721/4 1724/1724/4
f 1727/1727/4 1724/1724/4 1728/1728/4
f 1729/1729/6 1730/1730/6 1731/1731/6
f 1729/1729/6 1731/1731/6 1732/1732/6
f 1730/1730/6 1733/1733/6 1734/1734/6
f 1730/1730/6 1734/1734/6 1731/1731/6
f 1733/1733/6 1735/1735/6 1736/1736/6
f 1733/1733/6 1736/1736/6 1734/1734/6
f 1735/1735/6 1729/1729/6 1732/1732/6
f 1735/1735/6 1732/1732/6 1736/1736/6
f 1737/1737/4 1738/1738/4 1739/1739/4
f 1737/1737/4 1739/1739/4 1740/1740/4
f 1738/1738/4 1741/1741/4 1742/1742/4
f 1738/1738/4 1742/1742/4 1739/1739/4
f 1741/1741/4 1743/1743/4 1744/1744/4
f 1741/1741/4 1744/1744/4 1742/1742/4
f 1743/1743/4 1737/1737/4 1740/1740/4
f 1743/1743/4 1740/1740/4 1744/1744/4
f 1745/1745/4 1746/1746/4 1747/1747/4
f 1745/1745/4 1747/1747/4 1748/1748/4
f 1746/1746/4 1749/1749/4 1750/1750/4
f 1746/1746/4 1750/1750/4 1747/1747/4
f 1749/1749/4 1751/1751/4 1752/1752/4
f 1749/1749/4 1752/1752/4 1750/1750/4
f 1751/1751/4 1745/1745/4 1748/1748/4
f 1751/1751/4 1748/1748/4 1752/1752/4
f 1753/1753/6 1754/1754/6 1755/1755/6
f 1753/1753/6 1755/1755/6 1756/1756/6
f 1754/1754/6 1757/1757/6 1758/1758/6
f 1754/1754/6 1758/1758/6 1755/1755/6
f 1757/1757/6 1759/1759/6 1760/1760/6
f 1757/1757/6 1760/1760/6 1758/1758/6
f 1759/1759/6 1753/1753/6 1756/1756/6
f 1759/1759/6 1756/1756/6 1760/1760/6
f 1761/1761/4 1762/1762/4 1763/1763/4
f 1761/1761/4 1763/1763/4 1764/1764/4
f 1762/1762/4 1765/1765/4 1766/1766/4
f 1762/1762/4 1766/1766/4 1763/1763/4
f 1765/1765/4 1767/1767/4 1768/1768/4
f 1765/1765/4 1768/1768/4 1766/1766/4
f 1767/1767/4 1761/1761/4 1764/1764/4
f 1767/1767/4 1764/1764/4 1768/1768/4
f 1769/1769/4 1770/1770/4 1771/1771/4
f 1769/1769/4 1771/1771/4 1772/1772/4
f 1770/1770/4 1773/1773/4 1774/1774/4
f 1770/1770/4 1774/1774/4 1771/1771/4
f 1773/1773/4 1775/1775/4 1776/1776/4
f 1773/1773/4 1776/1776/4 1774/1774/4
f 1775/1775/4 1769/1769/4 1772/1772/4
f 1775/1775/4 1772/1772/4 1776/1776/4
f 1777/1777/6 1778/1778/6 1779/1779/6
f 1777/1777/6 1779/1779/6 1780/1780/6
f 1778/1778/6 1781/1781/6 1782/1782/6
f 1778/1778/6 1782/1782/6 1779/1779/6
f 1781/1781/6 1783/1783/6 1784/1784/6
f 1781/1781/6 1784/1784/6 1782/1782/6
f 1783/1783/6 1777/1777/6 1780/1780/6
f 1783/1783/6 1780/1780/6 1784/1784/6
f 1785/1785/4 1786/1786/4 1787/1787/4
f 1785/1785/4 1787/1787/4 1788/1788/4
f 1786/1786/4 1789/1789/4 1790/1790/4
f 1786/1786/4 1790/1790/4 1787/1787/4
f 1789/1789/4 1791/1791/4 1792/1792/4
f 1789/1789/4 1792/1792/4 1790/1790/4
f 1791/1791/4 1785/1785/4 1788/1788/4
f 1791/1791/4 1788/1788/4 1792/1792/4
f 1793/1793/4 1794/1794/4 1795/1795/4
f 1793/1793/4 1795/1795/4 1796/1796/4
f 1794/1794/4 1797/1797/4 1798/1798/4
f 1794/1794/4 1798/1798/4 1795/1795/4
f 1797/1797/4 1799/1799/4 1800/1800/4
f 1797/1797/4 1800/1800/4 1798/1798/4
f 1799/1799/4 1793/1793/4 1796/1796/4
f 1799/1799/4 1796/1796/4 1800/1800/4
f 1801/1801/6 1802/1802/6 1803/1803/6
f 1801/1801/6 1803/1803/6 1804/1804/6
f 1802/1802/6 1805/1805/6 1806/1806/6
f 1802/1802/6 1806/1806/6 1803/1803/6
f 1805/1805/6 1807/1807/6 1808/1808/6
f 1805/1805/6 1808/1808/6 1806/1806/6
f 1807/1807/6 1801/1801/6 1804/1804/6
f 1807/1807/6 1804/1804/6 1808/1808/6
f 1809/1809/4 1810/1810/4 1811/1811/4
f 1809/1809/4 1811/1811/4 1812/1812/4
f 1810/1810/4 1813/1813/4 1814/1814/4
f 1810/1810/4 1814/1814/4 1811/1811/4
f 1813/1813/4 1815/1815/4 1816/1816/4
f 1813/1813/4 1816/1816/4 1814/1814/4
f 1815/1815/4 1809/1809/4 1812/1812/4
f 1815/1815/4 1812/1812/4 1816/1816/4
f 1817/1817/4 1818/1818/4 1819/1819/4
f 1817/1817/4 1819/1819/4 1820/1820/4
f 1818/1818/4 1821/1821/4 1822/1822/4
f 1818/1818/4 1822/1822/4 1819/1819/4
f 1821/1821/4 1823/1823/4 1824/1824/4
f 1821/1821/4 1824/1824/4 1822/1822/4
f 1823/1823/4 1817/1817/4 1820/1820/4
f 1823/1823/4 1820/1820/4 1824/1824/4
f 1825/1825/6 1826/1826/6 1827/1827/6
f 1825/1825/6 1827/1827/6 1828/1828/6
f 1826/1826/6 1829/1829/6 1830/1830/6
f 1826/1826/6 1830/1830/6 1827/1827/6
f 1829/1829/6 1831/1831/6 1832/1832/6
f 1829/1829/6 1832/1832/6 1830/1830/6
f 1831/1831/6 1825/1825/6 1828/1828/6
f 1831/1831/6 1828/1828/6 1832/1832/6
f 1833/1833/4 1834/1834/4 1835/1835/4
f 1833/1833/4 1835/1835/4 1836/1836/4
f 1834/1834/4 1837/1837/4 1838/1838/4
f 1834/1834/4 1838/1838/4 1835/1835/4
f 1837/1837/4 1839/1839/4 1840/1840/4
f 1837/1837/4 1840/1840/4 1838/1838/4
f 1839/1839/4 1833/1833/4 1836/1836/4
f 1839/1839/4 1836/1836/4 1840/1840/4
f 1841/1841/4 1842/1842/4 1843/1843/4
f 1841/1841/4 1843/1843/4 1844/1844/4
f 1842/1842/4 1845/1845/4 1846/1846/4
f 1842/1842/4 1846/1846/4 1843/1843/4
f 1845/1845/4 1847/1847/4 1848/1848/4
f 1845/1845/4 1848/1848/4 1846/1846/4
f 1847/1847/4 1841/1841/4 1844/1844/4
f 1847/1847/4 1844/1844/4 1848/1848/4
f 1849/1849/6 1850/1850/6 1851/1851/6
f 1849/1849/6 1851/1851/6 1852/1852/6
f 1850/1850/6 1853/1853/6 1854/1854/6
f 1850/1850/6 1854/1854/6 1851/1851/6
f 1853/1853/6 1855/1855/6 1856/1856/6
f 1853/1853/6 1856/1856/6 1854/1854/6
f 1855/1855/6 1849/1849/6 1852/1852/6
f 1855/1855/6 1852/1852/6 1856/1856/6
f 1857/1857/4 1858/1858/4 1859/1859/4
f 1857/1857/4 1859/1859/4 1860/1860/4
f 1858/1858/4 1861/1861/4 1862/1862/4
f 1858/1858/4 1862/1862/4 1859/1859/4
f 1861/1861/4 1863/1863/4 1864/1864/4
f 1861/1861/4 1864/1864/4 1862/1862/4
f 1863/1863/4 1857/1857/4 1860/1860/4
f 1863/1863/4 1860/1860/4 1864/1864/4
f 1865/1865/4 1866/1866/4 1867/1867/4
f 1865/1865/4 1867/1867/4 1868/1868/4
f 1866/1866/4 1869/1869/4 1870/1870/4
f 1866/1866/4 1870/1870/4 1867/1867/4
f 1869/1869/4 1871/1871/4 1872/1872/4
f 1869/1869/4 1872/1872/4 1870/1870/4
f 1871/1871/4 1865/1865/4 1868/1868/4
f 1871/1871/4 1868/1868/4 1872/1872/4
f 1873/1873/6 1874/1874/6 1875/1875/6
f 1873/1873/6 1875/1875/6 1876/1876/6
f 1874/1874/6 1877/1877/6 1878/1878/6
f 1874/1874/6 1878/1878/6 1875/1875/6
f 1877/1877/6 1879/1879/6 1880/1880/6
f 1877/1877/6 1880/1880/6 1878/1878/6
f 1879/1879/6 1873/1873/6 1876/1876/6
f 1879/1879/6 1876/1876/6 1880/1880/6
f 1881/1881/4 1882/1882/4 1883/1883/4
f 1881/1881/4 1883/1883/4 1884/1884/4
f 1882/1882/4 1885/1885/4 1886/1886/4
f 1882/1882/4 1886/1886/4 1883/1883/4
f 1885/1885/4 1887/1887/4 1888/1888/4
f 1885/1885/4 1888/1888/4 1886/1886/4
f 1887/1887/4 1881/1881/4 1884/1884/4
f 1887/1887/4 1884/1884/4 1888/1888/4
f 1889/1889/4 1890/1890/4 1891/1891/4
f 1889/1889/4 1891/1891/4 1892/1892/4
f 1890/1890/4 1893/1893/4 1894/1894/4
f 1890/1890/4 1894/1894/4 1891/1891/4
f 1893/1893/4 1895/1895/4 1896/1896/4
f 1893/1893/4 1896/1896/4 1894/1894/4
f 1895/1895/4 1889/1889/4 1892/1892/4
f 1895/1895/4 1892/1892/4 1896/1896/4
f 1897/1897/6 1898/1898/6 1899/1899/6
f 1897/1897/6 1899/1899/6 1900/1900/6
f 1898/1898/6 1901/1901/6 1902/1902/6
f 1898/1898/6 1902/1902/6 1899/1899/6
f 1901/1901/6 1903/1903/6 1904/1904/6
f 1901/1901/6 1904/1904/6 1902/1902/6
f 1903/1903/6 1897/1897/6 1900/1900/6
f 1903/1903/6 1900/1900/6 1904/1904/6
f 1905/1905/4 1906/1906/4 1907/1907/4
f 1905/1905/4 1907/1907/4 1908/1908/4
f 1906/1906/4 1909/1909/4 1910/1910/4
f 1906/1906/4 1910/1910/4 1907/1907/4
f 1909/1909/4 1911/1911/4 1912/1912/4
f 1909/1909/4 1912/1912/4 1910/1910/4
f 1911/1911/4 1905/1905/4 1908/1908/4
f 1911/1911/4 1908/1908/4 1912/1912/4
f 1913/1913/4 1914/1914/4 1915/1915/4
f 1913/1913/4 1915/1915/4 1916/1916/4
f 1914/1914/4 1917/1917/4 1918/1918/4
f 1914/1914/4 1918/1918/4 1915/1915/4
f 1917/1917/4 1919/1919/4 1920/1920/4
f 1917/1917/4 1920/1920/4 1918/1918/4
f 1919/1919/4 1913/1913/4 1916/1916/4
f 1919/1919/4 1916/1916/4 1920/1920/4
f 1921/1921/6 1922/1922/6 1923/1923/6
f 1921/1921/6 1923/1923/6 1924/1924/6
f 1922/1922/6 1925/1925/6 1926/1926/6
f 1922/1922/6 1926/1926/6 1923/1923/6
f 1925/1925/6 1927/1927/6 1928/1928/6
f 1925/1925/6 1928/1928/6 1926/1926/6
f 1927/1927/6 1921/1921/6 1924/1924/6
f 1927/1927/6 1924/1924/6 1928/1928/6
f 1929/1929/4 1930/1930/4 1931/1931/4
f 1929/1929/4 1931/1931/4 1932/1932/4
f 1930/1930/4 1933/1933/4 1934/1934/4
f 1930/1930/4 1934/1934/4 1931/1931/4
f 1933/1933/4 1935/1935/4 1936/1936/4
f 1933/1933/4 1936/1936/4 1934/1934/4
f 1935/1935/4 1929/1929/4 1932/1932/4
f 1935/1935/4 1932/1932/4 1936/1936/4
f 1937/1937/9 1692/1692/9 1691/1691/9
f 1937/1937/9 1691/1691/9 1938/1938/9
f 1939/1939/2 1696/1696/2 1692/1692/2
f 1939/1939/2 1692/1692/2 1937/1937/2
f 1940/1940/5 1694/1694/5 1696/1696/5
f 1940/1940/5 1696/1696/5 1939/1939/5
f 1938/1938/1 1691/1691/1 1694/1694/1
f 1938/1938/1 1694/1694/1 1940/1940/1
f 1682/1682/9 1681/1681/9 1674/1674/9
f 1682/1682/9 1674/1674/9 1673/1673/9
f 1685/1685/2 1682/1682/2 1673/1673/2
f 1685/1685/2 1673/1673/2 1679/1679/2
f 1687/1687/10 1685/1685/10 1679/1679/10
f 1687/1687/10 1679/1679/10 1677/1677/10
f 1681/1681/1 1687/1687/1 1677/1677/1
f 1681/1681/1 1677/1677/1 1674/1674/1
f 1941/1941/9 1942/1942/9 1684/1684/9
f 1941/1941/9 1684/1684/9 1683/1683/9
f 1943/1943/2 1941/1941/2 1683/1683/2
f 1943/1943/2 1683/1683/2 1686/1686/2
f 1944/1944/5 1943/1943/5 1686/1686/5
f 1944/1944/5 1686/1686/5 1688/1688/5
f 1942/1942/1 1944/1944/1 1688/1688/1
f 1942/1942/1 1688/1688/1 1684/1684/1
f 1942/1942/4 1941/1941/4 1943/1943/4
f 1942/1942/4 1943/1943/4 1944/1944/4
f 1676/1676/9 1675/1675/9 1690/1690/9
f 1676/1676/9 1690/1690/9 1689/1689/9
f 1680/1680/2 1676/1676/2 1689/1689/2
f 1680/1680/2 1689/1689/2 1695/1695/2
f 1678/1678/5 1680/1680/5 1695/1695/5
f 1678/1678/5 1695/1695/5 1693/1693/5
f 1675/1675/1 1678/1678/1 1693/1693/1
f 1675/1675/1 1693/1693/1 1690/1690/1
f 1939/1939/6 1937/1937/6 1938/1938/6
f 1939/1939/6 1938/1938/6 1940/1940/6
f 1945/1945/9 1716/1716/9 1715/1715/9
f 1945/1945/9 1715/1715/9 1946/1946/9
f 1947/1947/2 1720/1720/2 1716/1716/2
f 1947/1947/2 1716/1716/2 1945/1945/2
f 1948/1948/5 1718/1718/5 1720/1720/5
f 1948/1948/5 1720/1720/5 1947/1947/5
f 1946/1946/1 1715/1715/1 1718/1718/1
f 1946/1946/1 1718/1718/1 1948/1948/1
f 1706/1706/11 1705/1705/11 1698/1698/11
f 1706/1706/11 1698/1698/11 1697/1697/11
f 1709/1709/2 1706/1706/2 1697/1697/2
f 1709/1709/2 1697/1697/2 1703/1703/2
f 1711/1711/10 1709/1709/10 1703/1703/10
f 1711/1711/10 1703/1703/10 1701/1701/10
f 1705/1705/1 1711/1711/1 1701/1701/1
f 1705/1705/1 1701/1701/1 1698/1698/1
f 1949/1949/11 1950/1950/11 1708/1708/11
f 1949/1949/11 1708/1708/11 1707/1707/11
f 1951/1951/2 1949/1949/2 1707/1707/2
f 1951/1951/2 1707/1707/2 1710/1710/2
f 1952/1952/10 1951/1951/10 1710/1710/10
f 1952/1952/10 1710/1710/10 1712/1712/10
f 1950/1950/1 1952/1952/1 1712/1712/1
f 1950/1950/1 1712/1712/1 1708/1708/1
f 1950/1950/4 1949/1949/4 1951/1951/4
f 1950/1950/4 1951/1951/4 1952/1952/4
f 1700/1700/11 1699/1699/11 1714/1714/11
f 1700/1700/11 1714/1714/11 1713/1713/11
f 1704/1704/2 1700/1700/2 1713/1713/2
f 1704/1704/2 1713/1713/2 1719/1719/2
f 1702/1702/10 1704/1704/10 1719/1719/10
f 1702/1702/10 1719/1719/10 1717/1717/10
f 1699/1699/1 1702/1702/1 1717/1717/1
f 1699/1699/1 1717/1717/1 1714/1714/1
f 1947/1947/6 1945/1945/6 1946/1946/6
f 1947/1947/6 1946/1946/6 1948/1948/6
f 1953/1953/9 1740/1740/9 1739/1739/9
f 1953/1953/9 1739/1739/9 191/191/9
f 1954/1954/2 1744/1744/2 1740/1740/2
f 1954/1954/2 1740/1740/2 1953/1953/2
f 1955/1955/5 1742/1742/5 1744/1744/5
f 1955/1955/5 1744/1744/5 1954/1954/5
f 191/191/1 1739/1739/1 1742/1742/1
f 191/191/1 1742/1742/1 1955/1955/1
f 1730/1730/11 1729/1729/11 1722/1722/11
f 1730/1730/11 1722/1722/11 1721/1721/11
f 1733/1733/2 1730/1730/2 1721/1721/2
f 1733/1733/2 1721/1721/2 1727/1727/2
f 1735/1735/10 1733/1733/10 1727/1727/10
f 1735/1735/10 1727/1727/10 1725/1725/10
f 1729/1729/1 1735/1735/1 1725/1725/1
f 1729/1729/1 1725/1725/1 1722/1722/1
f 1956/1956/590 1957/1957/590 1732/1732/590
f 1956/1956/11 1732/1732/11 1731/1731/11
f 1958/1958/2 1956/1956/2 1731/1731/2
f 1958/1958/2 1731/1731/2 1734/1734/2
f 1959/1959/591 1958/1958/591 1734/1734/591
f 1959/1959/10 1734/1734/10 1736/1736/10
f 1957/1957/1 1959/1959/1 1736/1736/1
f 1957/1957/1 1736/1736/1 1732/1732/1
f 1957/1957/4 1956/1956/4 1958/1958/4
f 1957/1957/4 1958/1958/4 1959/1959/4
f 1724/1724/11 1723/1723/11 1738/1738/11
f 1724/1724/11 1738/1738/11 1737/1737/11
f 1728/1728/2 1724/1724/2 1737/1737/2
f 1728/1728/2 1737/1737/2 1743/1743/2
f 1726/1726/10 1728/1728/10 1743/1743/10
f 1726/1726/10 1743/1743/10 1741/1741/10
f 1723/1723/1 1726/1726/1 1741/1741/1
f 1723/1723/1 1741/1741/1 1738/1738/1
f 1954/1954/6 1953/1953/6 191/191/6
f 1954/1954/6 191/191/6 1955/1955/6
f 1960/1960/9 1764/1764/9 1763/1763/9
f 1960/1960/9 1763/1763/9 1961/1961/9
f 1962/1962/2 1768/1768/2 1764/1764/2
f 1962/1962/2 1764/1764/2 1960/1960/2
f 1963/1963/5 1766/1766/5 1768/1768/5
f 1963/1963/5 1768/1768/5 1962/1962/5
f 1961/1961/1 1763/1763/1 1766/1766/1
f 1961/1961/1 1766/1766/1 1963/1963/1
f 1754/1754/9 1753/1753/9 1746/1746/9
f 1754/1754/9 1746/1746/9 1745/1745/9
f 1757/1757/2 1754/1754/2 1745/1745/2
f 1757/1757/2 1745/1745/2 1751/1751/2
f 1759/1759/10 1757/1757/10 1751/1751/10
f 1759/1759/10 1751/1751/10 1749/1749/10
f 1753/1753/1 1759/1759/1 1749/1749/1
f 1753/1753/1 1749/1749/1 1746/1746/1
f 1964/1964/9 1965/1965/9 1756/1756/9
f 1964/1964/9 1756/1756/9 1755/1755/9
f 1966/1966/2 1964/1964/2 1755/1755/2
f 1966/1966/2 1755/1755/2 1758/1758/2
f 1967/1967/174 1966/1966/174 1758/1758/174
f 1967/1967/10 1758/1758/10 1760/1760/10
f 1965/1965/1 1967/1967/1 1760/1760/1
f 1965/1965/201 1760/1760/201 1756/1756/201
f 1965/1965/4 1964/1964/4 1966/1966/4
f 1965/1965/4 1966/1966/4 1967/1967/4
f 1748/1748/9 1747/1747/9 1762/1762/9
f 1748/1748/9 1762/1762/9 1761/1761/9
f 1752/1752/2 1748/1748/2 1761/1761/2
f 1752/1752/2 1761/1761/2 1767/1767/2
f 1750/1750/10 1752/1752/10 1767/1767/10
f 1750/1750/10 1767/1767/10 1765/1765/10
f 1747/1747/1 1750/1750/1 1765/1765/1
f 1747/1747/1 1765/1765/1 1762/1762/1
f 1962/1962/6 1960/1960/6 1961/1961/6
f 1962/1962/6 1961/1961/6 1963/1963/6
f 1968/1968/9 1788/1788/9 1787/1787/9
f 1968/1968/9 1787/1787/9 1969/1969/9
f 1970/1970/2 1792/1792/2 1788/1788/2
f 1970/1970/2 1788/1788/2 1968/1968/2
f 1971/1971/5 1790/1790/5 1792/1792/5
f 1971/1971/5 1792/1792/5 1970/1970/5
f 1969/1969/1 1787/1787/1 1790/1790/1
f 1969/1969/1 1790/1790/1 1971/1971/1
f 1778/1778/9 1777/1777/9 1770/1770/9
f 1778/1778/9 1770/1770/9 1769/1769/9
f 1781/1781/2 1778/1778/2 1769/1769/2
f 1781/1781/2 1769/1769/2 1775/1775/2
f 1783/1783/10 1781/1781/10 1775/1775/10
f 1783/1783/10 1775/1775/10 1773/1773/10
f 1777/1777/1 1783/1783/1 1773/1773/1
f 1777/1777/1 1773/1773/1 1770/1770/1
f 1972/1972/278 1973/1973/278 1780/1780/278
f 1972/1972/15 1780/1780/15 1779/1779/15
f 1974/1974/2 1972/1972/2 1779/1779/2
f 1974/1974/2 1779/1779/2 1782/1782/2
f 1975/1975/176 1974/1974/176 1782/1782/176
f 1975/1975/10 1782/1782/10 1784/1784/10
f 1973/1973/1 1975/1975/1 1784/1784/1
f 1973/1973/201 1784/1784/201 1780/1780/201
f 1973/1973/4 1972/1972/4 1974/1974/4
f 1973/1973/4 1974/1974/4 1975/1975/4
f 1772/1772/9 1771/1771/9 1786/1786/9
f 1772/1772/9 1786/1786/9 1785/1785/9
f 1776/1776/2 1772/1772/2 1785/1785/2
f 1776/1776/2 1785/1785/2 1791/1791/2
f 1774/1774/10 1776/1776/10 1791/1791/10
f 1774/1774/10 1791/1791/10 1789/1789/10
f 1771/1771/1 1774/1774/1 1789/1789/1
f 1771/1771/1 1789/1789/1 1786/1786/1
f 1970/1970/6 1968/1968/6 1969/1969/6
f 1970/1970/6 1969/1969/6 1971/1971/6
f 1976/1976/9 1812/1812/9 1811/1811/9
f 1976/1976/9 1811/1811/9 1977/1977/9
f 1978/1978/2 1816/1816/2 1812/1812/2
f 1978/1978/2 1812/1812/2 1976/1976/2
f 1979/1979/5 1814/1814/5 1816/1816/5
f 1979/1979/5 1816/1816/5 1978/1978/5
f 1977/1977/1 1811/1811/1 1814/1814/1
f 1977/1977/1 1814/1814/1 1979/1979/1
f 1802/1802/11 1801/1801/11 1794/1794/11
f 1802/1802/11 1794/1794/11 1793/1793/11
f 1805/1805/2 1802/1802/2 1793/1793/2
f 1805/1805/166 1793/1793/166 1799/1799/166
f 1807/1807/10 1805/1805/10 1799/1799/10
f 1807/1807/10 1799/1799/10 1797/1797/10
f 1801/1801/1 1807/1807/1 1797/1797/1
f 1801/1801/1 1797/1797/1 1794/1794/1
f 1980/1980/232 1981/1981/232 1804/1804/232
f 1980/1980/135 1804/1804/135 1803/1803/135
f 1982/1982/3 1980/1980/3 1803/1803/3
f 1982/1982/2 1803/1803/2 1806/1806/2
f 1983/1983/133 1982/1982/133 1806/1806/133
f 1983/1983/5 1806/1806/5 1808/1808/5
f 1981/1981/1 1983/1983/1 1808/1808/1
f 1981/1981/201 1808/1808/201 1804/1804/201
f 1981/1981/4 1980/1980/4 1982/1982/4
f 1981/1981/4 1982/1982/4 1983/1983/4
f 1796/1796/11 1795/1795/11 1810/1810/11
f 1796/1796/11 1810/1810/11 1809/1809/11
f 1800/1800/2 1796/1796/2 1809/1809/2
f 1800/1800/2 1809/1809/2 1815/1815/2
f 1798/1798/5 1800/1800/5 1815/1815/5
f 1798/1798/5 1815/1815/5 1813/1813/5
f 1795/1795/1 1798/1798/1 1813/1813/1
f 1795/1795/1 1813/1813/1 1810/1810/1
f 1978/1978/6 1976/1976/6 1977/1977/6
f 1978/1978/6 1977/1977/6 1979/1979/6
f 1984/1984/9 1836/1836/9 1835/1835/9
f 1984/1984/9 1835/1835/9 1985/1985/9
f 1986/1986/2 1840/1840/2 1836/1836/2
f 1986/1986/2 1836/1836/2 1984/1984/2
f 1987/1987/5 1838/1838/5 1840/1840/5
f 1987/1987/5 1840/1840/5 1986/1986/5
f 1985/1985/1 1835/1835/1 1838/1838/1
f 1985/1985/1 1838/1838/1 1987/1987/1
f 1826/1826/11 1825/1825/11 1818/1818/11
f 1826/1826/11 1818/1818/11 1817/1817/11
f 1829/1829/2 1826/1826/2 1817/1817/2
f 1829/1829/166 1817/1817/166 1823/1823/166
f 1831/1831/8 1829/1829/8 1823/1823/8
f 1831/1831/8 1823/1823/8 1821/1821/8
f 1825/1825/1 1831/1831/1 1821/1821/1
f 1825/1825/1 1821/1821/1 1818/1818/1
f 1988/1988/9 1989/1989/9 1828/1828/9
f 1988/1988/9 1828/1828/9 1827/1827/9
f 1990/1990/2 1988/1988/2 1827/1827/2
f 1990/1990/2 1827/1827/2 1830/1830/2
f 1991/1991/138 1990/1990/138 1830/1830/138
f 1991/1991/273 1830/1830/273 1832/1832/273
f 1989/1989/1 1991/1991/1 1832/1832/1
f 1989/1989/201 1832/1832/201 1828/1828/201
f 1989/1989/4 1988/1988/4 1990/1990/4
f 1989/1989/4 1990/1990/4 1991/1991/4
f 1820/1820/9 1819/1819/9 1834/1834/9
f 1820/1820/9 1834/1834/9 1833/1833/9
f 1824/1824/2 1820/1820/2 1833/1833/2
f 1824/1824/2 1833/1833/2 1839/1839/2
f 1822/1822/5 1824/1824/5 1839/1839/5
f 1822/1822/5 1839/1839/5 1837/1837/5
f 1819/1819/1 1822/1822/1 1837/1837/1
f 1819/1819/1 1837/1837/1 1834/1834/1
f 1986/1986/6 1984/1984/6 1985/1985/6
f 1986/1986/6 1985/1985/6 1987/1987/6
f 1992/1992/9 1860/1860/9 1859/1859/9
f 1992/1992/9 1859/1859/9 1993/1993/9
f 1994/1994/2 1864/1864/2 1860/1860/2
f 1994/1994/2 1860/1860/2 1992/1992/2
f 192/192/5 1862/1862/5 1864/1864/5
f 192/192/5 1864/1864/5 1994/1994/5
f 1993/1993/1 1859/1859/1 1862/1862/1
f 1993/1993/1 1862/1862/1 192/192/1
f 1850/1850/11 1849/1849/11 1842/1842/11
f 1850/1850/11 1842/1842/11 1841/1841/11
f 1853/1853/2 1850/1850/2 1841/1841/2
f 1853/1853/2 1841/1841/2 1847/1847/2
f 1855/1855/8 1853/1853/8 1847/1847/8
f 1855/1855/8 1847/1847/8 1845/1845/8
f 1849/1849/1 1855/1855/1 1845/1845/1
f 1849/1849/1 1845/1845/1 1842/1842/1
f 1995/1995/171 1996/1996/171 1852/1852/171
f 1995/1995/9 1852/1852/9 1851/1851/9
f 1997/1997/2 1995/1995/2 1851/1851/2
f 1997/1997/2 1851/1851/2 1854/1854/2
f 1998/1998/592 1997/1997/592 1854/1854/592
f 1998/1998/10 1854/1854/10 1856/1856/10
f 1996/1996/1 1998/1998/1 1856/1856/1
f 1996/1996/201 1856/1856/201 1852/1852/201
f 1996/1996/4 1995/1995/4 1997/1997/4
f 1996/1996/4 1997/1997/4 1998/1998/4
f 1844/1844/9 1843/1843/9 1858/1858/9
f 1844/1844/9 1858/1858/9 1857/1857/9
f 1848/1848/2 1844/1844/2 1857/1857/2
f 1848/1848/2 1857/1857/2 1863/1863/2
f 1846/1846/10 1848/1848/10 1863/1863/10
f 1846/1846/10 1863/1863/10 1861/1861/10
f 1843/1843/1 1846/1846/1 1861/1861/1
f 1843/1843/1 1861/1861/1 1858/1858/1
f 1994/1994/6 1992/1992/6 1993/1993/6
f 1994/1994/6 1993/1993/6 192/192/6
f 1999/1999/9 1884/1884/9 1883/1883/9
f 1999/1999/9 1883/1883/9 2000/2000/9
f 2001/2001/2 1888/1888/2 1884/1884/2
f 2001/2001/2 1884/1884/2 1999/1999/2
f 2002/2002/5 1886/1886/5 1888/1888/5
f 2002/2002/5 1888/1888/5 2001/2001/5
f 2000/2000/1 1883/1883/1 1886/1886/1
f 2000/2000/1 1886/1886/1 2002/2002/1
f 1874/1874/11 1873/1873/11 1866/1866/11
f 1874/1874/11 1866/1866/11 1865/1865/11
f 1877/1877/166 1874/1874/166 1865/1865/166
f 1877/1877/2 1865/1865/2 1871/1871/2
f 1879/1879/10 1877/1877/10 1871/1871/10
f 1879/1879/10 1871/1871/10 1869/1869/10
f 1873/1873/1 1879/1879/1 1869/1869/1
f 1873/1873/1 1869/1869/1 1866/1866/1
f 2003/2003/11 2004/2004/11 1876/1876/11
f 2003/2003/11 1876/1876/11 1875/1875/11
f 2005/2005/2 2003/2003/2 1875/1875/2
f 2005/2005/2 1875/1875/2 1878/1878/2
f 2006/2006/5 2005/2005/5 1878/1878/5
f 2006/2006/5 1878/1878/5 1880/1880/5
f 2004/2004/1 2006/2006/1 1880/1880/1
f 2004/2004/1 1880/1880/1 1876/1876/1
f 2004/2004/4 2003/2003/4 2005/2005/4
f 2004/2004/4 2005/2005/4 2006/2006/4
f 1868/1868/11 1867/1867/11 1882/1882/11
f 1868/1868/11 1882/1882/11 1881/1881/11
f 1872/1872/2 1868/1868/2 1881/1881/2
f 1872/1872/2 1881/1881/2 1887/1887/2
f 1870/1870/5 1872/1872/5 1887/1887/5
f 1870/1870/5 1887/1887/5 1885/1885/5
f 1867/1867/1 1870/1870/1 1885/1885/1
f 1867/1867/1 1885/1885/1 1882/1882/1
f 2001/2001/6 1999/1999/6 2000/2000/6
f 2001/2001/6 2000/2000/6 2002/2002/6
f 2007/2007/9 1908/1908/9 1907/1907/9
f 2007/2007/9 1907/1907/9 2008/2008/9
f 2009/2009/2 1912/1912/2 1908/1908/2
f 2009/2009/2 1908/1908/2 2007/2007/2
f 2010/2010/5 1910/1910/5 1912/1912/5
f 2010/2010/5 1912/1912/5 2009/2009/5
f 2008/2008/1 1907/1907/1 1910/1910/1
f 2008/2008/1 1910/1910/1 2010/2010/1
f 1898/1898/11 1897/1897/11 1890/1890/11
f 1898/1898/11 1890/1890/11 1889/1889/11
f 1901/1901/2 1898/1898/2 1889/1889/2
f 1901/1901/2 1889/1889/2 1895/1895/2
f 1903/1903/10 1901/1901/10 1895/1895/10
f 1903/1903/10 1895/1895/10 1893/1893/10
f 1897/1897/1 1903/1903/1 1893/1893/1
f 1897/1897/1 1893/1893/1 1890/1890/1
f 2011/2011/9 2012/2012/9 1900/1900/9
f 2011/2011/9 1900/1900/9 1899/1899/9
f 2013/2013/2 2011/2011/2 1899/1899/2
f 2013/2013/2 1899/1899/2 1902/1902/2
f 2014/2014/10 2013/2013/10 1902/1902/10
f 2014/2014/10 1902/1902/10 1904/1904/10
f 2012/2012/1 2014/2014/1 1904/1904/1
f 2012/2012/1 1904/1904/1 1900/1900/1
f 2012/2012/4 2011/2011/4 2013/2013/4
f 2012/2012/4 2013/2013/4 2014/2014/4
f 1892/1892/9 1891/1891/9 1906/1906/9
f 1892/1892/9 1906/1906/9 1905/1905/9
f 1896/1896/2 1892/1892/2 1905/1905/2
f 1896/1896/2 1905/1905/2 1911/1911/2
f 1894/1894/10 1896/1896/10 1911/1911/10
f 1894/1894/10 1911/1911/10 1909/1909/10
f 1891/1891/1 1894/1894/1 1909/1909/1
f 1891/1891/1 1909/1909/1 1906/1906/1
f 2009/2009/6 2007/2007/6 2008/2008/6
f 2009/2009/6 2008/2008/6 2010/2010/6
f 2015/2015/9 1932/1932/9 1931/1931/9
f 2015/2015/171 1931/1931/171 2016/2016/171
f 190/190/2 1936/1936/2 1932/1932/2
f 190/190/2 1932/1932/2 2015/2015/2
f 2017/2017/593 1934/1934/593 1936/1936/593
f 2017/2017/133 1936/1936/133 190/190/133
f 2016/2016/1 1931/1931/1 1934/1934/1
f 2016/2016/1 1934/1934/1 2017/2017/1
f 1922/1922/11 1921/1921/11 1914/1914/11
f 1922/1922/11 1914/1914/11 1913/1913/11
f 1925/1925/2 1922/1922/2 1913/1913/2
f 1925/1925/2 1913/1913/2 1919/1919/2
f 1927/1927/8 1925/1925/8 1919/1919/8
f 1927/1927/8 1919/1919/8 1917/1917/8
f 1921/1921/1 1927/1927/1 1917/1917/1
f 1921/1921/1 1917/1917/1 1914/1914/1
f 2018/2018/183 2019/2019/183 1924/1924/183
f 2018/2018/9 1924/1924/9 1923/1923/9
f 2020/2020/2 2018/2018/2 1923/1923/2
f 2020/2020/2 1923/1923/2 1926/1926/2
f 2021/2021/136 2020/2020/136 1926/1926/136
f 2021/2021/10 1926/1926/10 1928/1928/10
f 2019/2019/1 2021/2021/1 1928/1928/1
f 2019/2019/1 1928/1928/1 1924/1924/1
f 2019/2019/4 2018/2018/4 2020/2020/4
f 2019/2019/4 2020/2020/4 2021/2021/4
f 1916/1916/9 1915/1915/9 1930/1930/9
f 1916/1916/9 1930/1930/9 1929/1929/9
f 1920/1920/2 1916/1916/2 1929/1929/2
f 1920/1920/2 1929/1929/2 1935/1935/2
f 1918/1918/10 1920/1920/10 1935/1935/10
f 1918/1918/10 1935/1935/10 1933/1933/10
f 1915/1915/1 1918/1918/1 1933/1933/1
f 1915/1915/1 1933/1933/1 1930/1930/1
f 190/190/6 2015/2015/6 2016/2016/6
f 190/190/6 2016/2016/6 2017/2017/6
f 2022/2022/6 2023/2023/6 2024/2024/6
f 2022/2022/6 2024/2024/6 2025/2025/6
f 2026/2026/4 2027/2027/4 2028/2028/4
f 2026/2026/4 2028/2028/4 2029/2029/4
f 2022/2022/9 2025/2025/9 2027/2027/9
f 2022/2022/9 2027/2027/9 2026/2026/9
f 2024/2024/5 2023/2023/5 2029/2029/5
f 2024/2024/5 2029/2029/5 2028/2028/5
f 2030/2030/11 2031/2031/11 2032/2032/11
f 2030/2030/11 2032/2032/11 2033/2033/11
f 2031/2031/166 2034/2034/166 2035/2035/166
f 2031/2031/166 2035/2035/166 2032/2032/166
f 2034/2034/10 2036/2036/10 2037/2037/10
f 2034/2034/10 2037/2037/10 2035/2035/10
f 2036/2036/165 2030/2030/165 2033/2033/165
f 2036/2036/165 2033/2033/165 2037/2037/165
f 2038/2038/11 2039/2039/11 2040/2040/11
f 2038/2038/11 2040/2040/11 2041/2041/11
f 2039/2039/166 2042/2042/166 2043/2043/166
f 2039/2039/166 2043/2043/166 2040/2040/166
f 2042/2042/10 2044/2044/10 2045/2045/10
f 2042/2042/10 2045/2045/10 2043/2043/10
f 2044/2044/165 2038/2038/165 2041/2041/165
f 2044/2044/165 2041/2041/165 2045/2045/165
f 2046/2046/11 2047/2047/11 2048/2048/11
f 2046/2046/11 2048/2048/11 2049/2049/11
f 2047/2047/166 2050/2050/166 2051/2051/166
f 2047/2047/166 2051/2051/166 2048/2048/166
f 2050/2050/10 2052/2052/10 2053/2053/10
f 2050/2050/10 2053/2053/10 2051/2051/10
f 2052/2052/165 2046/2046/165 2049/2049/165
f 2052/2052/165 2049/2049/165 2053/2053/165
f 2054/2054/11 2055/2055/11 2056/2056/11
f 2054/2054/11 2056/2056/11 2057/2057/11
f 2055/2055/166 2058/2058/166 2059/2059/166
f 2055/2055/166 2059/2059/166 2056/2056/166
f 2058/2058/10 2060/2060/10 2061/2061/10
f 2058/2058/10 2061/2061/10 2059/2059/10
f 2060/2060/165 2054/2054/165 2057/2057/165
f 2060/2060/165 2057/2057/165 2061/2061/165
f 2062/2062/11 2063/2063/11 2064/2064/11
f 2062/2062/11 2064/2064/11 2065/2065/11
f 2063/2063/166 2066/2066/166 2067/2067/166
f 2063/2063/166 2067/2067/166 2064/2064/166
f 2066/2066/10 2068/2068/10 2069/2069/10
f 2066/2066/10 2069/2069/10 2067/2067/10
f 2068/2068/165 2062/2062/165 2065/2065/165
f 2068/2068/165 2065/2065/165 2069/2069/165
f 2070/2070/11 2071/2071/11 2072/2072/11
f 2070/2070/11 2072/2072/11 2073/2073/11
f 2071/2071/166 2074/2074/166 2075/2075/166
f 2071/2071/166 2075/2075/166 2072/2072/166
f 2074/2074/10 2076/2076/10 2077/2077/10
f 2074/2074/10 2077/2077/10 2075/2075/10
f 2076/2076/165 2070/2070/165 2073/2073/165
f 2076/2076/165 2073/2073/165 2077/2077/165
f 2078/2078/11 2079/2079/11 2080/2080/11
f 2078/2078/11 2080/2080/11 2081/2081/11
f 2079/2079/166 2082/2082/166 2083/2083/166
f 2079/2079/166 2083/2083/166 2080/2080/166
f 2082/2082/10 2084/2084/10 2085/2085/10
f 2082/2082/10 2085/2085/10 2083/2083/10
f 2084/2084/165 2078/2078/165 2081/2081/165
f 2084/2084/165 2081/2081/165 2085/2085/165
f 2086/2086/11 2087/2087/11 2088/2088/11
f 2086/2086/11 2088/2088/11 2089/2089/11
f 2087/2087/166 2090/2090/166 2091/2091/166
f 2087/2087/166 2091/2091/166 2088/2088/166
f 2090/2090/10 2092/2092/10 2093/2093/10
f 2090/2090/10 2093/2093/10 2091/2091/10
f 2092/2092/165 2086/2086/165 2089/2089/165
f 2092/2092/165 2089/2089/165 2093/2093/165
f 2094/2094/11 2095/2095/11 2096/2096/11
f 2094/2094/11 2096/2096/11 2097/2097/11
f 2095/2095/166 2098/2098/166 2099/2099/166
f 2095/2095/166 2099/2099/166 2096/2096/166
f 2098/2098/10 2100/2100/10 2101/2101/10
f 2098/2098/10 2101/2101/10 2099/2099/10
f 2100/2100/165 2094/2094/165 2097/2097/165
f 2100/2100/165 2097/2097/165 2101/2101/165
f 2102/2102/11 2103/2103/11 2104/2104/11
f 2102/2102/11 2104/2104/11 2105/2105/11
f 2103/2103/166 2106/2106/166 2107/2107/166
f 2103/2103/166 2107/2107/166 2104/2104/166
f 2106/2106/10 2108/2108/10 2109/2109/10
f 2106/2106/10 2109/2109/10 2107/2107/10
f 2108/2108/165 2102/2102/165 2105/2105/165
f 2108/2108/165 2105/2105/165 2109/2109/165
f 2110/2110/11 2111/2111/11 2112/2112/11
f 2110/2110/11 2112/2112/11 2113/2113/11
f 2111/2111/166 2114/2114/166 2115/2115/166
f 2111/2111/166 2115/2115/166 2112/2112/166
f 2114/2114/10 2116/2116/10 2117/2117/10
f 2114/2114/10 2117/2117/10 2115/2115/10
f 2116/2116/165 2110/2110/165 2113/2113/165
f 2116/2116/165 2113/2113/165 2117/2117/165
f 2118/2118/11 2119/2119/11 2120/2120/11
f 2118/2118/11 2120/2120/11 2121/2121/11
f 2119/2119/166 2122/2122/166 2123/2123/166
f 2119/2119/166 2123/2123/166 2120/2120/166
f 2122/2122/10 2124/2124/10 2125/2125/10
f 2122/2122/10 2125/2125/10 2123/2123/10
f 2124/2124/165 2118/2118/165 2121/2121/165
f 2124/2124/165 2121/2121/165 2125/2125/165
f 2126/2126/11 2127/2127/11 2128/2128/11
f 2126/2126/11 2128/2128/11 2129/2129/11
f 2127/2127/166 2130/2130/166 2131/2131/166
f 2127/2127/166 2131/2131/166 2128/2128/166
f 2130/2130/10 2132/2132/10 2133/2133/10
f 2130/2130/10 2133/2133/10 2131/2131/10
f 2132/2132/165 2126/2126/165 2129/2129/165
f 2132/2132/165 2129/2129/165 2133/2133/165
f 2134/2134/11 2135/2135/11 2136/2136/11
f 2134/2134/11 2136/2136/11 2137/2137/11
f 2135/2135/166 2138/2138/166 2139/2139/166
f 2135/2135/166 2139/2139/166 2136/2136/166
f 2138/2138/10 2140/2140/10 2141/2141/10
f 2138/2138/10 2141/2141/10 2139/2139/10
f 2140/2140/165 2134/2134/165 2137/2137/165
f 2140/2140/165 2137/2137/165 2141/2141/165
f 2142/2142/11 2143/2143/11 2144/2144/11
f 2142/2142/11 2144/2144/11 2145/2145/11
f 2143/2143/166 2146/2146/166 2147/2147/166
f 2143/2143/166 2147/2147/166 2144/2144/166
f 2146/2146/10 2148/2148/10 2149/2149/10
f 2146/2146/10 2149/2149/10 2147/2147/10
f 2148/2148/165 2142/2142/165 2145/2145/165
f 2148/2148/165 2145/2145/165 2149/2149/165
f 2150/2150/11 2151/2151/11 2152/2152/11
f 2150/2150/11 2152/2152/11 2153/2153/11
f 2151/2151/166 2154/2154/166 2155/2155/166
f 2151/2151/166 2155/2155/166 2152/2152/166
f 2154/2154/10 2156/2156/10 2157/2157/10
f 2154/2154/10 2157/2157/10 2155/2155/10
f 2156/2156/165 2150/2150/165 2153/2153/165
f 2156/2156/165 2153/2153/165 2157/2157/165
f 2158/2158/11 2159/2159/11 2160/2160/11
f 2158/2158/11 2160/2160/11 2161/2161/11
f 2159/2159/166 2162/2162/166 2163/2163/166
f 2159/2159/166 2163/2163/166 2160/2160/166
f 2162/2162/10 2164/2164/10 2165/2165/10
f 2162/2162/10 2165/2165/10 2163/2163/10
f 2164/2164/165 2158/2158/165 2161/2161/165
f 2164/2164/165 2161/2161/165 2165/2165/165
f 2166/2166/11 2167/2167/11 2168/2168/11
f 2166/2166/11 2168/2168/11 2169/2169/11
f 2167/2167/166 2170/2170/166 2171/2171/166
f 2167/2167/166 2171/2171/166 2168/2168/166
f 2170/2170/10 2172/2172/10 2173/2173/10
f 2170/2170/10 2173/2173/10 2171/2171/10
f 2172/2172/165 2166/2166/165 2169/2169/165
f 2172/2172/165 2169/2169/165 2173/2173/165
f 2174/2174/11 2175/2175/11 2176/2176/11
f 2174/2174/11 2176/2176/11 2177/2177/11
f 2175/2175/166 2178/2178/166 2179/2179/166
f 2175/2175/166 2179/2179/166 2176/2176/166
f 2178/2178/10 2180/2180/10 2181/2181/10
f 2178/2178/10 2181/2181/10 2179/2179/10
f 2180/2180/165 2174/2174/165 2177/2177/165
f 2180/2180/165 2177/2177/165 2181/2181/165
f 2182/2182/11 2183/2183/11 2184/2184/11
f 2182/2182/11 2184/2184/11 2185/2185/11
f 2183/2183/166 2186/2186/166 2187/2187/166
f 2183/2183/166 2187/2187/166 2184/2184/166
f 2186/2186/10 2188/2188/10 2189/2189/10
f 2186/2186/10 2189/2189/10 2187/2187/10
f 2188/2188/165 2182/2182/165 2185/2185/165
f 2188/2188/165 2185/2185/165 2189/2189/165
f 2190/2190/11 2191/2191/11 2192/2192/11
f 2190/2190/11 2192/2192/11 2193/2193/11
f 2191/2191/166 2194/2194/166 2195/2195/166
f 2191/2191/166 2195/2195/166 2192/2192/166
f 2194/2194/10 2196/2196/10 2197/2197/10
f 2194/2194/10 2197/2197/10 2195/2195/10
f 2196/2196/165 2190/2190/165 2193/2193/165
f 2196/2196/165 2193/2193/165 2197/2197/165
f 2198/2198/11 2199/2199/11 2200/2200/11
f 2198/2198/11 2200/2200/11 2201/2201/11
f 2199/2199/166 2202/2202/166 2203/2203/166
f 2199/2199/166 2203/2203/166 2200/2200/166
f 2202/2202/10 2204/2204/10 2205/2205/10
f 2202/2202/10 2205/2205/10 2203/2203/10
f 2204/2204/165 2198/2198/165 2201/2201/165
f 2204/2204/165 2201/2201/165 2205/2205/165
f 2206/2206/11 2207/2207/11 2208/2208/11
f 2206/2206/11 2208/2208/11 2209/2209/11
f 2207/2207/166 2210/2210/166 2211/2211/166
f 2207/2207/2 2211/2211/2 2208/2208/2
f 2210/2210/10 2212/2212/10 2213/2213/10
f 2210/2210/10 2213/2213/10 2211/2211/10
f 2212/2212/165 2206/2206/165 2209/2209/165
f 2212/2212/165 2209/2209/165 2213/2213/165
f 2214/2214/11 2215/2215/11 2216/2216/11
f 2214/2214/11 2216/2216/11 2217/2217/11
f 2215/2215/166 2218/2218/166 2219/2219/166
f 2215/2215/166 2219/2219/166 2216/2216/166
f 2218/2218/10 2220/2220/10 2221/2221/10
f 2218/2218/10 2221/2221/10 2219/2219/10
f 2220/2220/165 2214/2214/165 2217/2217/165
f 2220/2220/165 2217/2217/165 2221/2221/165
f 2222/2222/11 2223/2223/11 2224/2224/11
f 2222/2222/11 2224/2224/11 2225/2225/11
f 2223/2223/166 2226/2226/166 2227/2227/166
f 2223/2223/166 2227/2227/166 2224/2224/166
f 2226/2226/10 2228/2228/10 2229/2229/10
f 2226/2226/10 2229/2229/10 2227/2227/10
f 2228/2228/165 2222/2222/165 2225/2225/165
f 2228/2228/165 2225/2225/165 2229/2229/165
f 2230/2230/11 2231/2231/11 2232/2232/11
f 2230/2230/11 2232/2232/11 2233/2233/11
f 2231/2231/166 2234/2234/166 2235/2235/166
f 2231/2231/166 2235/2235/166 2232/2232/166
f 2234/2234/10 2236/2236/10 2237/2237/10
f 2234/2234/10 2237/2237/10 2235/2235/10
f 2236/2236/165 2230/2230/165 2233/2233/165
f 2236/2236/165 2233/2233/165 2237/2237/165
f 2238/2238/1 2239/2239/1 2240/2240/1
f 2238/2238/1 2240/2240/1 2241/2241/1
f 2239/2239/11 2242/2242/11 2243/2243/11
f 2239/2239/11 2243/2243/11 2240/2240/11
f 2242/2242/2 2244/2244/2 2245/2245/2
f 2242/2242/2 2245/2245/2 2243/2243/2
f 2244/2244/10 2238/2238/10 2241/2241/10
f 2244/2244/10 2241/2241/10 2245/2245/10
f 2246/2246/1 2247/2247/1 2248/2248/1
f 2246/2246/1 2248/2248/1 2249/2249/1
f 2247/2247/11 2250/2250/11 2251/2251/11
f 2247/2247/11 2251/2251/11 2248/2248/11
f 2250/2250/2 2252/2252/2 2253/2253/2
f 2250/2250/2 2253/2253/2 2251/2251/2
f 2252/2252/10 2246/2246/10 2249/2249/10
f 2252/2252/10 2249/2249/10 2253/2253/10
f 2254/2254/1 2255/2255/1 2256/2256/1
f 2254/2254/594 2256/2256/594 2257/2257/594
f 2255/2255/11 2258/2258/11 2259/2259/11
f 2255/2255/11 2259/2259/11 2256/2256/11
f 2258/2258/250 2260/2260/250 2261/2261/250
f 2258/2258/168 2261/2261/168 2259/2259/168
f 2260/2260/10 2254/2254/10 2257/2257/10
f 2260/2260/10 2257/2257/10 2261/2261/10
f 2262/2262/167 2263/2263/167 2264/2264/167
f 2262/2262/167 2264/2264/167 2265/2265/167
f 2263/2263/11 2266/2266/11 2267/2267/11
f 2263/2263/11 2267/2267/11 2264/2264/11
f 2266/2266/2 2268/2268/2 2269/2269/2
f 2266/2266/2 2269/2269/2 2267/2267/2
f 2268/2268/155 2262/2262/155 2265/2265/155
f 2268/2268/155 2265/2265/155 2269/2269/155
f 2270/2270/1 2271/2271/1 2272/2272/1
f 2270/2270/1 2272/2272/1 2273/2273/1
f 2271/2271/11 2274/2274/11 2275/2275/11
f 2271/2271/11 2275/2275/11 2272/2272/11
f 2274/2274/2 2276/2276/2 2277/2277/2
f 2274/2274/2 2277/2277/2 2275/2275/2
f 2276/2276/10 2270/2270/10 2273/2273/10
f 2276/2276/10 2273/2273/10 2277/2277/10
f 2278/2278/1 2279/2279/1 2280/2280/1
f 2278/2278/1 2280/2280/1 2281/2281/1
f 2279/2279/11 2282/2282/11 2283/2283/11
f 2279/2279/11 2283/2283/11 2280/2280/11
f 2282/2282/2 2284/2284/2 2285/2285/2
f 2282/2282/2 2285/2285/2 2283/2283/2
f 2284/2284/10 2278/2278/10 2281/2281/10
f 2284/2284/10 2281/2281/10 2285/2285/10
f 2286/2286/1 2287/2287/1 2288/2288/1
f 2286/2286/1 2288/2288/1 2289/2289/1
f 2287/2287/11 2290/2290/11 2291/2291/11
f 2287/2287/11 2291/2291/11 2288/2288/11
f 2290/2290/2 2292/2292/2 2293/2293/2
f 2290/2290/2 2293/2293/2 2291/2291/2
f 2292/2292/10 2286/2286/10 2289/2289/10
f 2292/2292/10 2289/2289/10 2293/2293/10
f 2294/2294/1 2295/2295/1 2296/2296/1
f 2294/2294/165 2296/2296/165 2297/2297/165
f 2295/2295/11 2298/2298/11 2299/2299/11
f 2295/2295/11 2299/2299/11 2296/2296/11
f 2298/2298/168 2300/2300/168 2301/2301/168
f 2298/2298/2 2301/2301/2 2299/2299/2
f 2300/2300/10 2294/2294/10 2297/2297/10
f 2300/2300/10 2297/2297/10 2301/2301/10
f 2302/2302/1 2303/2303/1 2304/2304/1
f 2302/2302/1 2304/2304/1 2305/2305/1
f 2303/2303/11 2306/2306/11 2307/2307/11
f 2303/2303/11 2307/2307/11 2304/2304/11
f 2306/2306/2 2308/2308/2 2309/2309/2
f 2306/2306/2 2309/2309/2 2307/2307/2
f 2308/2308/10 2302/2302/10 2305/2305/10
f 2308/2308/10 2305/2305/10 2309/2309/10
f 2310/2310/1 2311/2311/1 2312/2312/1
f 2310/2310/1 2312/2312/1 2313/2313/1
f 2311/2311/11 2314/2314/11 2315/2315/11
f 2311/2311/11 2315/2315/11 2312/2312/11
f 2314/2314/2 2316/2316/2 2317/2317/2
f 2314/2314/2 2317/2317/2 2315/2315/2
f 2316/2316/10 2310/2310/10 2313/2313/10
f 2316/2316/10 2313/2313/10 2317/2317/10
f 2318/2318/167 2319/2319/167 2320/2320/167
f 2318/2318/167 2320/2320/167 2321/2321/167
f 2319/2319/11 2322/2322/11 2323/2323/11
f 2319/2319/11 2323/2323/11 2320/2320/11
f 2322/2322/168 2324/2324/168 2325/2325/168
f 2322/2322/168 2325/2325/168 2323/2323/168
f 2324/2324/10 2318/2318/10 2321/2321/10
f 2324/2324/10 2321/2321/10 2325/2325/10
f 2326/2326/1 2327/2327/1 2328/2328/1
f 2326/2326/1 2328/2328/1 2329/2329/1
f 2327/2327/11 2330/2330/11 2331/2331/11
f 2327/2327/11 2331/2331/11 2328/2328/11
f 2330/2330/2 2332/2332/2 2333/2333/2
f 2330/2330/2 2333/2333/2 2331/2331/2
f 2332/2332/10 2326/2326/10 2329/2329/10
f 2332/2332/10 2329/2329/10 2333/2333/10
f 2334/2334/1 2335/2335/1 2336/2336/1
f 2334/2334/1 2336/2336/1 2337/2337/1
f 2335/2335/11 2338/2338/11 2339/2339/11
f 2335/2335/11 2339/2339/11 2336/2336/11
f 2338/2338/166 2340/2340/166 2341/2341/166
f 2338/2338/166 2341/2341/166 2339/2339/166
f 2340/2340/10 2334/2334/10 2337/2337/10
f 2340/2340/10 2337/2337/10 2341/2341/10
f 2342/2342/1 2343/2343/1 2344/2344/1
f 2342/2342/1 2344/2344/1 2345/2345/1
f 2343/2343/11 2346/2346/11 2347/2347/11
f 2343/2343/11 2347/2347/11 2344/2344/11
f 2346/2346/2 2348/2348/2 2349/2349/2
f 2346/2346/2 2349/2349/2 2347/2347/2
f 2348/2348/10 2342/2342/10 2345/2345/10
f 2348/2348/10 2345/2345/10 2349/2349/10
f 2350/2350/167 2351/2351/167 2352/2352/167
f 2350/2350/167 2352/2352/167 2353/2353/167
f 2351/2351/11 2354/2354/11 2355/2355/11
f 2351/2351/11 2355/2355/11 2352/2352/11
f 2354/2354/2 2356/2356/2 2357/2357/2
f 2354/2354/2 2357/2357/2 2355/2355/2
f 2356/2356/155 2350/2350/155 2353/2353/155
f 2356/2356/155 2353/2353/155 2357/2357/155
f 2358/2358/165 2359/2359/165 2360/2360/165
f 2358/2358/165 2360/2360/165 2361/2361/165
f 2359/2359/11 2362/2362/11 2363/2363/11
f 2359/2359/11 2363/2363/11 2360/2360/11
f 2362/2362/166 2364/2364/166 2365/2365/166
f 2362/2362/166 2365/2365/166 2363/2363/166
f 2364/2364/10 2358/2358/10 2361/2361/10
f 2364/2364/10 2361/2361/10 2365/2365/10
f 2366/2366/165 2367/2367/165 2368/2368/165
f 2366/2366/165 2368/2368/165 2369/2369/165
f 2367/2367/160 2370/2370/160 2371/2371/160
f 2367/2367/11 2371/2371/11 2368/2368/11
f 2370/2370/166 2372/2372/166 2373/2373/166
f 2370/2370/166 2373/2373/166 2371/2371/166
f 2372/2372/10 2366/2366/10 2369/2369/10
f 2372/2372/10 2369/2369/10 2373/2373/10
f 2374/2374/1 2375/2375/1 2376/2376/1
f 2374/2374/165 2376/2376/165 2377/2377/165
f 2375/2375/11 2378/2378/11 2379/2379/11
f 2375/2375/11 2379/2379/11 2376/2376/11
f 2378/2378/2 2380/2380/2 2381/2381/2
f 2378/2378/166 2381/2381/166 2379/2379/166
f 2380/2380/10 2374/2374/10 2377/2377/10
f 2380/2380/10 2377/2377/10 2381/2381/10
f 2382/2382/165 2383/2383/165 2384/2384/165
f 2382/2382/165 2384/2384/165 2385/2385/165
f 2383/2383/11 2386/2386/11 2387/2387/11
f 2383/2383/11 2387/2387/11 2384/2384/11
f 2386/2386/166 2388/2388/166 2389/2389/166
f 2386/2386/166 2389/2389/166 2387/2387/166
f 2388/2388/10 2382/2382/10 2385/2385/10
f 2388/2388/10 2385/2385/10 2389/2389/10
f 2390/2390/165 2391/2391/165 2392/2392/165
f 2390/2390/165 2392/2392/165 2393/2393/165
f 2391/2391/11 2394/2394/11 2395/2395/11
f 2391/2391/11 2395/2395/11 2392/2392/11
f 2394/2394/166 2396/2396/166 2397/2397/166
f 2394/2394/169 2397/2397/169 2395/2395/169
f 2396/2396/10 2390/2390/10 2393/2393/10
f 2396/2396/10 2393/2393/10 2397/2397/10
f 2398/2398/165 2399/2399/165 2400/2400/165
f 2398/2398/165 2400/2400/165 2401/2401/165
f 2399/2399/11 2402/2402/11 2403/2403/11
f 2399/2399/11 2403/2403/11 2400/2400/11
f 2402/2402/166 2404/2404/166 2405/2405/166
f 2402/2402/166 2405/2405/166 2403/2403/166
f 2404/2404/10 2398/2398/10 2401/2401/10
f 2404/2404/10 2401/2401/10 2405/2405/10
f 2406/2406/165 2407/2407/165 2408/2408/165
f 2406/2406/165 2408/2408/165 2409/2409/165
f 2407/2407/160 2410/2410/160 2411/2411/160
f 2407/2407/160 2411/2411/160 2408/2408/160
f 2410/2410/2 2412/2412/2 2413/2413/2
f 2410/2410/166 2413/2413/166 2411/2411/166
f 2412/2412/10 2406/2406/10 2409/2409/10
f 2412/2412/10 2409/2409/10 2413/2413/10
f 2414/2414/165 2415/2415/165 2416/2416/165
f 2414/2414/165 2416/2416/165 2417/2417/165
f 2415/2415/11 2418/2418/11 2419/2419/11
f 2415/2415/11 2419/2419/11 2416/2416/11
f 2418/2418/166 2420/2420/166 2421/2421/166
f 2418/2418/166 2421/2421/166 2419/2419/166
f 2420/2420/10 2414/2414/10 2417/2417/10
f 2420/2420/10 2417/2417/10 2421/2421/10
f 2422/2422/1 2423/2423/1 2424/2424/1
f 2422/2422/1 2424/2424/1 2425/2425/1
f 2423/2423/11 2426/2426/11 2427/2427/11
f 2423/2423/11 2427/2427/11 2424/2424/11
f 2426/2426/166 2428/2428/166 2429/2429/166
f 2426/2426/166 2429/2429/166 2427/2427/166
f 2428/2428/155 2422/2422/155 2425/2425/155
f 2428/2428/155 2425/2425/155 2429/2429/155
f 2430/2430/165 2431/2431/165 2432/2432/165
f 2430/2430/165 2432/2432/165 2433/2433/165
f 2431/2431/11 2434/2434/11 2435/2435/11
f 2431/2431/11 2435/2435/11 2432/2432/11
f 2434/2434/166 2436/2436/166 2437/2437/166
f 2434/2434/166 2437/2437/166 2435/2435/166
f 2436/2436/10 2430/2430/10 2433/2433/10
f 2436/2436/10 2433/2433/10 2437/2437/10
f 2438/2438/165 2439/2439/165 2440/2440/165
f 2438/2438/165 2440/2440/165 2441/2441/165
f 2439/2439/11 2442/2442/11 2443/2443/11
f 2439/2439/11 2443/2443/11 2440/2440/11
f 2442/2442/166 2444/2444/166 2445/2445/166
f 2442/2442/166 2445/2445/166 2443/2443/166
f 2444/2444/10 2438/2438/10 2441/2441/10
f 2444/2444/10 2441/2441/10 2445/2445/10
f 2446/2446/1 2447/2447/1 2448/2448/1
f 2446/2446/165 2448/2448/165 2449/2449/165
f 2447/2447/11 2450/2450/11 2451/2451/11
f 2447/2447/11 2451/2451/11 2448/2448/11
f 2450/2450/166 2452/2452/166 2453/2453/166
f 2450/2450/166 2453/2453/166 2451/2451/166
f 2452/2452/155 2446/2446/155 2449/2449/155
f 2452/2452/155 2449/2449/155 2453/2453/155
f 2454/2454/165 2455/2455/165 2456/2456/165
f 2454/2454/165 2456/2456/165 2457/2457/165
f 2455/2455/11 2458/2458/11 2459/2459/11
f 2455/2455/11 2459/2459/11 2456/2456/11
f 2458/2458/166 2460/2460/166 2461/2461/166
f 2458/2458/166 2461/2461/166 2459/2459/166
f 2460/2460/10 2454/2454/10 2457/2457/10
f 2460/2460/10 2457/2457/10 2461/2461/10
f 2462/2462/165 2463/2463/165 2464/2464/165
f 2462/2462/181 2464/2464/181 2465/2465/181
f 2463/2463/11 2466/2466/11 2467/2467/11
f 2463/2463/11 2467/2467/11 2464/2464/11
f 2466/2466/169 2468/2468/169 2469/2469/169
f 2466/2466/166 2469/2469/166 2467/2467/166
f 2468/2468/10 2462/2462/10 2465/2465/10
f 2468/2468/10 2465/2465/10 2469/2469/10
f 2470/2470/165 2471/2471/165 2472/2472/165
f 2470/2470/165 2472/2472/165 2473/2473/165
f 2471/2471/11 2474/2474/11 2475/2475/11
f 2471/2471/11 2475/2475/11 2472/2472/11
f 2474/2474/166 2476/2476/166 2477/2477/166
f 2474/2474/166 2477/2477/166 2475/2475/166
f 2476/2476/10 2470/2470/10 2473/2473/10
f 2476/2476/10 2473/2473/10 2477/2477/10
f 2478/2478/1 2479/2479/1 2480/2480/1
f 2478/2478/1 2480/2480/1 2481/2481/1
f 2479/2479/11 2482/2482/11 2483/2483/11
f 2479/2479/11 2483/2483/11 2480/2480/11
f 2482/2482/166 2484/2484/166 2485/2485/166
f 2482/2482/2 2485/2485/2 2483/2483/2
f 2484/2484/10 2478/2478/10 2481/2481/10
f 2484/2484/10 2481/2481/10 2485/2485/10
f 2486/2486/165 2487/2487/165 2488/2488/165
f 2486/2486/165 2488/2488/165 2489/2489/165
f 2487/2487/188 2490/2490/188 2491/2491/188
f 2487/2487/188 2491/2491/188 2488/2488/188
f 2490/2490/166 2492/2492/166 2493/2493/166
f 2490/2490/166 2493/2493/166 2491/2491/166
f 2492/2492/190 2486/2486/190 2489/2489/190
f 2492/2492/190 2489/2489/190 2493/2493/190
f 2494/2494/165 2495/2495/165 2496/2496/165
f 2494/2494/165 2496/2496/165 2497/2497/165
f 2495/2495/160 2498/2498/160 2499/2499/160
f 2495/2495/160 2499/2499/160 2496/2496/160
f 2498/2498/166 2500/2500/166 2501/2501/166
f 2498/2498/166 2501/2501/166 2499/2499/166
f 2500/2500/155 2494/2494/155 2497/2497/155
f 2500/2500/155 2497/2497/155 2501/2501/155
f 2502/2502/165 2503/2503/165 2504/2504/165
f 2502/2502/165 2504/2504/165 2505/2505/165
f 2503/2503/188 2506/2506/188 2507/2507/188
f 2503/2503/188 2507/2507/188 2504/2504/188
f 2506/2506/166 2508/2508/166 2509/2509/166
f 2506/2506/166 2509/2509/166 2507/2507/166
f 2508/2508/190 2502/2502/190 2505/2505/190
f 2508/2508/190 2505/2505/190 2509/2509/190
f 2510/2510/165 2511/2511/165 2512/2512/165
f 2510/2510/165 2512/2512/165 2513/2513/165
f 2511/2511/160 2514/2514/160 2515/2515/160
f 2511/2511/160 2515/2515/160 2512/2512/160
f 2514/2514/166 2516/2516/166 2517/2517/166
f 2514/2514/166 2517/2517/166 2515/2515/166
f 2516/2516/155 2510/2510/155 2513/2513/155
f 2516/2516/155 2513/2513/155 2517/2517/155
f 2518/2518/165 2519/2519/165 2520/2520/165
f 2518/2518/165 2520/2520/165 2521/2521/165
f 2519/2519/160 2522/2522/160 2523/2523/160
f 2519/2519/160 2523/2523/160 2520/2520/160
f 2522/2522/166 2524/2524/166 2525/2525/166
f 2522/2522/166 2525/2525/166 2523/2523/166
f 2524/2524/155 2518/2518/155 2521/2521/155
f 2524/2524/155 2521/2521/155 2525/2525/155
f 2526/2526/165 2527/2527/165 2528/2528/165
f 2526/2526/165 2528/2528/165 2529/2529/165
f 2527/2527/188 2530/2530/188 2531/2531/188
f 2527/2527/188 2531/2531/188 2528/2528/188
f 2530/2530/166 2532/2532/166 2533/2533/166
f 2530/2530/166 2533/2533/166 2531/2531/166
f 2532/2532/190 2526/2526/190 2529/2529/190
f 2532/2532/190 2529/2529/190 2533/2533/190
f 2534/2534/165 2535/2535/165 2536/2536/165
f 2534/2534/165 2536/2536/165 2537/2537/165
f 2535/2535/160 2538/2538/160 2539/2539/160
f 2535/2535/160 2539/2539/160 2536/2536/160
f 2538/2538/166 2540/2540/166 2541/2541/166
f 2538/2538/166 2541/2541/166 2539/2539/166
f 2540/2540/155 2534/2534/155 2537/2537/155
f 2540/2540/155 2537/2537/155 2541/2541/155
f 2542/2542/165 2543/2543/165 2544/2544/165
f 2542/2542/165 2544/2544/165 2545/2545/165
f 2543/2543/160 2546/2546/160 2547/2547/160
f 2543/2543/160 2547/2547/160 2544/2544/160
f 2546/2546/166 2548/2548/166 2549/2549/166
f 2546/2546/166 2549/2549/166 2547/2547/166
f 2548/2548/155 2542/2542/155 2545/2545/155
f 2548/2548/155 2545/2545/155 2549/2549/155
f 2550/2550/165 2551/2551/165 2552/2552/165
f 2550/2550/165 2552/2552/165 2553/2553/165
f 2551/2551/188 2554/2554/188 2555/2555/188
f 2551/2551/188 2555/2555/188 2552/2552/188
f 2554/2554/166 2556/2556/166 2557/2557/166
f 2554/2554/166 2557/2557/166 2555/2555/166
f 2556/2556/190 2550/2550/190 2553/2553/190
f 2556/2556/190 2553/2553/190 2557/2557/190
f 2558/2558/165 2559/2559/165 2560/2560/165
f 2558/2558/165 2560/2560/165 2561/2561/165
f 2559/2559/160 2562/2562/160 2563/2563/160
f 2559/2559/160 2563/2563/160 2560/2560/160
f 2562/2562/166 2564/2564/166 2565/2565/166
f 2562/2562/166 2565/2565/166 2563/2563/166
f 2564/2564/155 2558/2558/155 2561/2561/155
f 2564/2564/155 2561/2561/155 2565/2565/155
f 2566/2566/1 2567/2567/1 2568/2568/1
f 2566/2566/1 2568/2568/1 2569/2569/1
f 2567/2567/160 2570/2570/160 2571/2571/160
f 2567/2567/160 2571/2571/160 2568/2568/160
f 2570/2570/2 2572/2572/2 2573/2573/2
f 2570/2570/2 2573/2573/2 2571/2571/2
f 2572/2572/155 2566/2566/155 2569/2569/155
f 2572/2572/155 2569/2569/155 2573/2573/155
f 2574/2574/1 2575/2575/1 2576/2576/1
f 2574/2574/1 2576/2576/1 2577/2577/1
f 2575/2575/160 2578/2578/160 2579/2579/160
f 2575/2575/188 2579/2579/188 2576/2576/188
f 2578/2578/168 2580/2580/168 2581/2581/168
f 2578/2578/2 2581/2581/2 2579/2579/2
f 2580/2580/190 2574/2574/190 2577/2577/190
f 2580/2580/190 2577/2577/190 2581/2581/190
f 2582/2582/1 2583/2583/1 2584/2584/1
f 2582/2582/1 2584/2584/1 2585/2585/1
f 2583/2583/188 2586/2586/188 2587/2587/188
f 2583/2583/188 2587/2587/188 2584/2584/188
f 2586/2586/2 2588/2588/2 2589/2589/2
f 2586/2586/2 2589/2589/2 2587/2587/2
f 2588/2588/190 2582/2582/190 2585/2585/190
f 2588/2588/190 2585/2585/190 2589/2589/190
f 2590/2590/1 2591/2591/1 2592/2592/1
f 2590/2590/1 2592/2592/1 2593/2593/1
f 2591/2591/160 2594/2594/160 2595/2595/160
f 2591/2591/160 2595/2595/160 2592/2592/160
f 2594/2594/166 2596/2596/166 2597/2597/166
f 2594/2594/2 2597/2597/2 2595/2595/2
f 2596/2596/155 2590/2590/155 2593/2593/155
f 2596/2596/155 2593/2593/155 2597/2597/155
f 2598/2598/1 2599/2599/1 2600/2600/1
f 2598/2598/1 2600/2600/1 2601/2601/1
f 2599/2599/188 2602/2602/188 2603/2603/188
f 2599/2599/188 2603/2603/188 2600/2600/188
f 2602/2602/2 2604/2604/2 2605/2605/2
f 2602/2602/2 2605/2605/2 2603/2603/2
f 2604/2604/190 2598/2598/190 2601/2601/190
f 2604/2604/190 2601/2601/190 2605/2605/190
f 2606/2606/1 2607/2607/1 2608/2608/1
f 2606/2606/1 2608/2608/1 2609/2609/1
f 2607/2607/160 2610/2610/160 2611/2611/160
f 2607/2607/160 2611/2611/160 2608/2608/160
f 2610/2610/2 2612/2612/2 2613/2613/2
f 2610/2610/2 2613/2613/2 2611/2611/2
f 2612/2612/155 2606/2606/155 2609/2609/155
f 2612/2612/155 2609/2609/155 2613/2613/155
f 2614/2614/1 2615/2615/1 2616/2616/1
f 2614/2614/1 2616/2616/1 2617/2617/1
f 2615/2615/160 2618/2618/160 2619/2619/160
f 2615/2615/160 2619/2619/160 2616/2616/160
f 2618/2618/2 2620/2620/2 2621/2621/2
f 2618/2618/2 2621/2621/2 2619/2619/2
f 2620/2620/155 2614/2614/155 2617/2617/155
f 2620/2620/155 2617/2617/155 2621/2621/155
f 2622/2622/1 2623/2623/1 2624/2624/1
f 2622/2622/1 2624/2624/1 2625/2625/1
f 2623/2623/188 2626/2626/188 2627/2627/188
f 2623/2623/188 2627/2627/188 2624/2624/188
f 2626/2626/2 2628/2628/2 2629/2629/2
f 2626/2626/2 2629/2629/2 2627/2627/2
f 2628/2628/190 2622/2622/190 2625/2625/190
f 2628/2628/190 2625/2625/190 2629/2629/190
f 2630/2630/1 2631/2631/1 2632/2632/1
f 2630/2630/1 2632/2632/1 2633/2633/1
f 2631/2631/160 2634/2634/160 2635/2635/160
f 2631/2631/160 2635/2635/160 2632/2632/160
f 2634/2634/2 2636/2636/2 2637/2637/2
f 2634/2634/2 2637/2637/2 2635/2635/2
f 2636/2636/155 2630/2630/155 2633/2633/155
f 2636/2636/155 2633/2633/155 2637/2637/155
f 2638/2638/1 2639/2639/1 2640/2640/1
f 2638/2638/1 2640/2640/1 2641/2641/1
f 2639/2639/160 2642/2642/160 2643/2643/160
f 2639/2639/160 2643/2643/160 2640/2640/160
f 2642/2642/168 2644/2644/168 2645/2645/168
f 2642/2642/250 2645/2645/250 2643/2643/250
f 2644/2644/190 2638/2638/190 2641/2641/190
f 2644/2644/190 2641/2641/190 2645/2645/190
f 2646/2646/6 2647/2647/6 2648/2648/6
f 2646/2646/6 2648/2648/6 2649/2649/6
f 2650/2650/6 2651/2651/6 2652/2652/6
f 2650/2650/6 2652/2652/6 2653/2653/6
f 2654/2654/4 2655/2655/4 2656/2656/4
f 2654/2654/4 2656/2656/4 2657/2657/4
f 2658/2658/4 2659/2659/4 2660/2660/4
f 2658/2658/4 2660/2660/4 2661/2661/4
f 2647/2647/1 2654/2654/1 2657/2657/1
f 2647/2647/1 2657/2657/1 2648/2648/1
f 2659/2659/1 2650/2650/1 2653/2653/1
f 2659/2659/1 2653/2653/1 2660/2660/1
f 2651/2651/2 2658/2658/2 2661/2661/2
f 2651/2651/2 2661/2661/2 2652/2652/2
f 2655/2655/2 2646/2646/2 2649/2649/2
f 2655/2655/2 2649/2649/2 2656/2656/2
f 2662/2662/160 2663/2663/160 2664/2664/160
f 2662/2662/209 2664/2664/209 2665/2665/209
f 2663/2663/166 2666/2666/166 2667/2667/166
f 2663/2663/166 2667/2667/166 2664/2664/166
f 2666/2666/155 2668/2668/155 2669/2669/155
f 2666/2666/595 2669/2669/595 2667/2667/595
f 2668/2668/165 2662/2662/165 2665/2665/165
f 2668/2668/165 2665/2665/165 2669/2669/165
f 2670/2670/188 2671/2671/188 2672/2672/188
f 2670/2670/188 2672/2672/188 2673/2673/188
f 2671/2671/166 2674/2674/166 2675/2675/166
f 2671/2671/166 2675/2675/166 2672/2672/166
f 2674/2674/155 2676/2676/155 2677/2677/155
f 2674/2674/155 2677/2677/155 2675/2675/155
f 2676/2676/1 2670/2670/1 2673/2673/1
f 2676/2676/1 2673/2673/1 2677/2677/1
f 2678/2678/188 2679/2679/188 2680/2680/188
f 2678/2678/188 2680/2680/188 2681/2681/188
f 2679/2679/166 2682/2682/166 2683/2683/166
f 2679/2679/166 2683/2683/166 2680/2680/166
f 2682/2682/161 2684/2684/161 2685/2685/161
f 2682/2682/161 2685/2685/161 2683/2683/161
f 2684/2684/1 2678/2678/1 2681/2681/1
f 2684/2684/1 2681/2681/1 2685/2685/1
f 2686/2686/188 2687/2687/188 2688/2688/188
f 2686/2686/188 2688/2688/188 2689/2689/188
f 2687/2687/166 2690/2690/166 2691/2691/166
f 2687/2687/166 2691/2691/166 2688/2688/166
f 2690/2690/155 2692/2692/155 2693/2693/155
f 2690/2690/155 2693/2693/155 2691/2691/155
f 2692/2692/1 2686/2686/1 2689/2689/1
f 2692/2692/1 2689/2689/1 2693/2693/1
f 2694/2694/188 2695/2695/188 2696/2696/188
f 2694/2694/188 2696/2696/188 2697/2697/188
f 2695/2695/166 2698/2698/166 2699/2699/166
f 2695/2695/166 2699/2699/166 2696/2696/166
f 2698/2698/155 2700/2700/155 2701/2701/155
f 2698/2698/596 2701/2701/596 2699/2699/596
f 2700/2700/1 2694/2694/1 2697/2697/1
f 2700/2700/1 2697/2697/1 2701/2701/1
f 2702/2702/188 2703/2703/188 2704/2704/188
f 2702/2702/188 2704/2704/188 2705/2705/188
f 2703/2703/166 2706/2706/166 2707/2707/166
f 2703/2703/166 2707/2707/166 2704/2704/166
f 2706/2706/155 2708/2708/155 2709/2709/155
f 2706/2706/155 2709/2709/155 2707/2707/155
f 2708/2708/1 2702/2702/1 2705/2705/1
f 2708/2708/1 2705/2705/1 2709/2709/1
f 2710/2710/189 2711/2711/189 2712/2712/189
f 2710/2710/189 2712/2712/189 2713/2713/189
f 2711/2711/166 2714/2714/166 2715/2715/166
f 2711/2711/166 2715/2715/166 2712/2712/166
f 2714/2714/161 2716/2716/161 2717/2717/161
f 2714/2714/161 2717/2717/161 2715/2715/161
f 2716/2716/165 2710/2710/165 2713/2713/165
f 2716/2716/165 2713/2713/165 2717/2717/165
f 2718/2718/188 2719/2719/188 2720/2720/188
f 2718/2718/188 2720/2720/188 2721/2721/188
f 2719/2719/166 2722/2722/166 2723/2723/166
f 2719/2719/166 2723/2723/166 2720/2720/166
f 2722/2722/155 2724/2724/155 2725/2725/155
f 2722/2722/155 2725/2725/155 2723/2723/155
f 2724/2724/1 2718/2718/1 2721/2721/1
f 2724/2724/1 2721/2721/1 2725/2725/1
f 2726/2726/188 2727/2727/188 2728/2728/188
f 2726/2726/188 2728/2728/188 2729/2729/188
f 2727/2727/166 2730/2730/166 2731/2731/166
f 2727/2727/166 2731/2731/166 2728/2728/166
f 2730/2730/155 2732/2732/155 2733/2733/155
f 2730/2730/155 2733/2733/155 2731/2731/155
f 2732/2732/1 2726/2726/1 2729/2729/1
f 2732/2732/1 2729/2729/1 2733/2733/1
f 2734/2734/188 2735/2735/188 2736/2736/188
f 2734/2734/188 2736/2736/188 2737/2737/188
f 2735/2735/166 2738/2738/166 2739/2739/166
f 2735/2735/166 2739/2739/166 2736/2736/166
f 2738/2738/155 2740/2740/155 2741/2741/155
f 2738/2738/155 2741/2741/155 2739/2739/155
f 2740/2740/1 2734/2734/1 2737/2737/1
f 2740/2740/1 2737/2737/1 2741/2741/1
f 2742/2742/188 2743/2743/188 2744/2744/188
f 2742/2742/188 2744/2744/188 2745/2745/188
f 2743/2743/166 2746/2746/166 2747/2747/166
f 2743/2743/166 2747/2747/166 2744/2744/166
f 2746/2746/161 2748/2748/161 2749/2749/161
f 2746/2746/161 2749/2749/161 2747/2747/161
f 2748/2748/1 2742/2742/1 2745/2745/1
f 2748/2748/1 2745/2745/1 2749/2749/1
f 2750/2750/188 2751/2751/188 2752/2752/188
f 2750/2750/188 2752/2752/188 2753/2753/188
f 2751/2751/166 2754/2754/166 2755/2755/166
f 2751/2751/166 2755/2755/166 2752/2752/166
f 2754/2754/155 2756/2756/155 2757/2757/155
f 2754/2754/155 2757/2757/155 2755/2755/155
f 2756/2756/1 2750/2750/1 2753/2753/1
f 2756/2756/1 2753/2753/1 2757/2757/1
f 2758/2758/160 2759/2759/160 2760/2760/160
f 2758/2758/160 2760/2760/160 2761/2761/160
f 2759/2759/166 2762/2762/166 2763/2763/166
f 2759/2759/166 2763/2763/166 2760/2760/166
f 2762/2762/155 2764/2764/155 2765/2765/155
f 2762/2762/208 2765/2765/208 2763/2763/208
f 2764/2764/165 2758/2758/165 2761/2761/165
f 2764/2764/165 2761/2761/165 2765/2765/165
f 2766/2766/189 2767/2767/189 2768/2768/189
f 2766/2766/189 2768/2768/189 2769/2769/189
f 2767/2767/166 2770/2770/166 2771/2771/166
f 2767/2767/166 2771/2771/166 2768/2768/166
f 2770/2770/161 2772/2772/161 2773/2773/161
f 2770/2770/161 2773/2773/161 2771/2771/161
f 2772/2772/165 2766/2766/165 2769/2769/165
f 2772/2772/165 2769/2769/165 2773/2773/165
f 2774/2774/160 2775/2775/160 2776/2776/160
f 2774/2774/160 2776/2776/160 2777/2777/160
f 2775/2775/166 2778/2778/166 2779/2779/166
f 2775/2775/166 2779/2779/166 2776/2776/166
f 2778/2778/155 2780/2780/155 2781/2781/155
f 2778/2778/155 2781/2781/155 2779/2779/155
f 2780/2780/165 2774/2774/165 2777/2777/165
f 2780/2780/165 2777/2777/165 2781/2781/165
f 2782/2782/160 2783/2783/160 2784/2784/160
f 2782/2782/189 2784/2784/189 2785/2785/189
f 2783/2783/166 2786/2786/166 2787/2787/166
f 2783/2783/166 2787/2787/166 2784/2784/166
f 2786/2786/155 2788/2788/155 2789/2789/155
f 2786/2786/161 2789/2789/161 2787/2787/161
f 2788/2788/165 2782/2782/165 2785/2785/165
f 2788/2788/165 2785/2785/165 2789/2789/165
f 2790/2790/160 2791/2791/160 2792/2792/160
f 2790/2790/160 2792/2792/160 2793/2793/160
f 2791/2791/166 2794/2794/166 2795/2795/166
f 2791/2791/166 2795/2795/166 2792/2792/166
f 2794/2794/155 2796/2796/155 2797/2797/155
f 2794/2794/155 2797/2797/155 2795/2795/155
f 2796/2796/165 2790/2790/165 2793/2793/165
f 2796/2796/165 2793/2793/165 2797/2797/165
f 2798/2798/160 2799/2799/160 2800/2800/160
f 2798/2798/160 2800/2800/160 2801/2801/160
f 2799/2799/166 2802/2802/166 2803/2803/166
f 2799/2799/166 2803/2803/166 2800/2800/166
f 2802/2802/155 2804/2804/155 2805/2805/155
f 2802/2802/155 2805/2805/155 2803/2803/155
f 2804/2804/165 2798/2798/165 2801/2801/165
f 2804/2804/165 2801/2801/165 2805/2805/165
f 2806/2806/189 2807/2807/189 2808/2808/189
f 2806/2806/189 2808/2808/189 2809/2809/189
f 2807/2807/166 2810/2810/166 2811/2811/166
f 2807/2807/166 2811/2811/166 2808/2808/166
f 2810/2810/161 2812/2812/161 2813/2813/161
f 2810/2810/161 2813/2813/161 2811/2811/161
f 2812/2812/165 2806/2806/165 2809/2809/165
f 2812/2812/165 2809/2809/165 2813/2813/165
f 2814/2814/160 2815/2815/160 2816/2816/160
f 2814/2814/160 2816/2816/160 2817/2817/160
f 2815/2815/166 2818/2818/166 2819/2819/166
f 2815/2815/166 2819/2819/166 2816/2816/166
f 2818/2818/155 2820/2820/155 2821/2821/155
f 2818/2818/155 2821/2821/155 2819/2819/155
f 2820/2820/165 2814/2814/165 2817/2817/165
f 2820/2820/165 2817/2817/165 2821/2821/165
f 2822/2822/189 2823/2823/189 2824/2824/189
f 2822/2822/189 2824/2824/189 2825/2825/189
f 2823/2823/166 2826/2826/166 2827/2827/166
f 2823/2823/166 2827/2827/166 2824/2824/166
f 2826/2826/161 2828/2828/161 2829/2829/161
f 2826/2826/155 2829/2829/155 2827/2827/155
f 2828/2828/165 2822/2822/165 2825/2825/165
f 2828/2828/165 2825/2825/165 2829/2829/165
f 2830/2830/189 2831/2831/189 2832/2832/189
f 2830/2830/189 2832/2832/189 2833/2833/189
f 2831/2831/166 2834/2834/166 2835/2835/166
f 2831/2831/166 2835/2835/166 2832/2832/166
f 2834/2834/161 2836/2836/161 2837/2837/161
f 2834/2834/155 2837/2837/155 2835/2835/155
f 2836/2836/165 2830/2830/165 2833/2833/165
f 2836/2836/165 2833/2833/165 2837/2837/165
f 2838/2838/160 2839/2839/160 2840/2840/160
f 2838/2838/160 2840/2840/160 2841/2841/160
f 2839/2839/166 2842/2842/166 2843/2843/166
f 2839/2839/166 2843/2843/166 2840/2840/166
f 2842/2842/155 2844/2844/155 2845/2845/155
f 2842/2842/155 2845/2845/155 2843/2843/155
f 2844/2844/165 2838/2838/165 2841/2841/165
f 2844/2844/165 2841/2841/165 2845/2845/165
f 2846/2846/160 2847/2847/160 2848/2848/160
f 2846/2846/160 2848/2848/160 2849/2849/160
f 2847/2847/166 2850/2850/166 2851/2851/166
f 2847/2847/166 2851/2851/166 2848/2848/166
f 2850/2850/155 2852/2852/155 2853/2853/155
f 2850/2850/155 2853/2853/155 2851/2851/155
f 2852/2852/165 2846/2846/165 2849/2849/165
f 2852/2852/165 2849/2849/165 2853/2853/165
f 2854/2854/160 2855/2855/160 2856/2856/160
f 2854/2854/160 2856/2856/160 2857/2857/160
f 2855/2855/166 2858/2858/166 2859/2859/166
f 2855/2855/166 2859/2859/166 2856/2856/166
f 2858/2858/155 2860/2860/155 2861/2861/155
f 2858/2858/155 2861/2861/155 2859/2859/155
f 2860/2860/165 2854/2854/165 2857/2857/165
f 2860/2860/165 2857/2857/165 2861/2861/165
f 2862/2862/189 2863/2863/189 2864/2864/189
f 2862/2862/189 2864/2864/189 2865/2865/189
f 2863/2863/166 2866/2866/166 2867/2867/166
f 2863/2863/2 2867/2867/2 2864/2864/2
f 2866/2866/161 2868/2868/161 2869/2869/161
f 2866/2866/161 2869/2869/161 2867/2867/161
f 2868/2868/165 2862/2862/165 2865/2865/165
f 2868/2868/165 2865/2865/165 2869/2869/165
f 2870/2870/160 2871/2871/160 2872/2872/160
f 2870/2870/160 2872/2872/160 2873/2873/160
f 2871/2871/166 2874/2874/166 2875/2875/166
f 2871/2871/166 2875/2875/166 2872/2872/166
f 2874/2874/155 2876/2876/155 2877/2877/155
f 2874/2874/155 2877/2877/155 2875/2875/155
f 2876/2876/165 2870/2870/165 2873/2873/165
f 2876/2876/165 2873/2873/165 2877/2877/165
f 2878/2878/160 2879/2879/160 2880/2880/160
f 2878/2878/160 2880/2880/160 2881/2881/160
f 2879/2879/166 2882/2882/166 2883/2883/166
f 2879/2879/166 2883/2883/166 2880/2880/166
f 2882/2882/155 2884/2884/155 2885/2885/155
f 2882/2882/155 2885/2885/155 2883/2883/155
f 2884/2884/165 2878/2878/165 2881/2881/165
f 2884/2884/165 2881/2881/165 2885/2885/165
f 2886/2886/160 2887/2887/160 2888/2888/160
f 2886/2886/160 2888/2888/160 2889/2889/160
f 2887/2887/166 2890/2890/166 2891/2891/166
f 2887/2887/166 2891/2891/166 2888/2888/166
f 2890/2890/155 2892/2892/155 2893/2893/155
f 2890/2890/155 2893/2893/155 2891/2891/155
f 2892/2892/165 2886/2886/165 2889/2889/165
f 2892/2892/165 2889/2889/165 2893/2893/165
f 2894/2894/160 2895/2895/160 2896/2896/160
f 2894/2894/189 2896/2896/189 2897/2897/189
f 2895/2895/166 2898/2898/166 2899/2899/166
f 2895/2895/166 2899/2899/166 2896/2896/166
f 2898/2898/155 2900/2900/155 2901/2901/155
f 2898/2898/161 2901/2901/161 2899/2899/161
f 2900/2900/165 2894/2894/165 2897/2897/165
f 2900/2900/165 2897/2897/165 2901/2901/165
f 2902/2902/6 2903/2903/6 2904/2904/6
f 2902/2902/6 2904/2904/6 2905/2905/6
f 2906/2906/6 2907/2907/6 2908/2908/6
f 2906/2906/6 2908/2908/6 2909/2909/6
f 2910/2910/4 2911/2911/4 2912/2912/4
f 2910/2910/4 2912/2912/4 2913/2913/4
f 2914/2914/4 2915/2915/4 2916/2916/4
f 2914/2914/4 2916/2916/4 2917/2917/4
f 2903/2903/9 2910/2910/9 2913/2913/9
f 2903/2903/9 2913/2913/9 2904/2904/9
f 2915/2915/9 2906/2906/9 2909/2909/9
f 2915/2915/9 2909/2909/9 2916/2916/9
f 2907/2907/5 2914/2914/5 2917/2917/5
f 2907/2907/5 2917/2917/5 2908/2908/5
f 2911/2911/5 2902/2902/5 2905/2905/5
f 2911/2911/5 2905/2905/5 2912/2912/5
f 2918/2918/160 2919/2919/160 2920/2920/160
f 2918/2918/160 2920/2920/160 2921/2921/160
f 2919/2919/166 2922/2922/166 2923/2923/166
f 2919/2919/166 2923/2923/166 2920/2920/166
f 2922/2922/155 2924/2924/155 2925/2925/155
f 2922/2922/155 2925/2925/155 2923/2923/155
f 2924/2924/165 2918/2918/165 2921/2921/165
f 2924/2924/165 2921/2921/165 2925/2925/165
f 2926/2926/189 2927/2927/189 2928/2928/189
f 2926/2926/189 2928/2928/189 2929/2929/189
f 2927/2927/166 2930/2930/166 2931/2931/166
f 2927/2927/166 2931/2931/166 2928/2928/166
f 2930/2930/161 2932/2932/161 2933/2933/161
f 2930/2930/161 2933/2933/161 2931/2931/161
f 2932/2932/165 2926/2926/165 2929/2929/165
f 2932/2932/165 2929/2929/165 2933/2933/165
f 2934/2934/189 2935/2935/189 2936/2936/189
f 2934/2934/189 2936/2936/189 2937/2937/189
f 2935/2935/166 2938/2938/166 2939/2939/166
f 2935/2935/166 2939/2939/166 2936/2936/166
f 2938/2938/161 2940/2940/161 2941/2941/161
f 2938/2938/161 2941/2941/161 2939/2939/161
f 2940/2940/165 2934/2934/165 2937/2937/165
f 2940/2940/165 2937/2937/165 2941/2941/165
f 2942/2942/2 2943/2943/2 2944/2944/2
f 2942/2942/2 2944/2944/2 2945/2945/2
f 2943/2943/597 2946/2946/597 2947/2947/597
f 2943/2943/598 2947/2947/598 2944/2944/598
f 2946/2946/1 2948/2948/1 2949/2949/1
f 2946/2946/1 2949/2949/1 2947/2947/1
f 2948/2948/189 2942/2942/189 2945/2945/189
f 2948/2948/189 2945/2945/189 2949/2949/189
f 2950/2950/2 2951/2951/2 2952/2952/2
f 2950/2950/2 2952/2952/2 2953/2953/2
f 2951/2951/190 2954/2954/190 2955/2955/190
f 2951/2951/190 2955/2955/190 2952/2952/190
f 2954/2954/1 2956/2956/1 2957/2957/1
f 2954/2954/1 2957/2957/1 2955/2955/1
f 2956/2956/188 2950/2950/188 2953/2953/188
f 2956/2956/237 2953/2953/237 2957/2957/237
f 2958/2958/2 2959/2959/2 2960/2960/2
f 2958/2958/2 2960/2960/2 2961/2961/2
f 2959/2959/597 2962/2962/597 2963/2963/597
f 2959/2959/599 2963/2963/599 2960/2960/599
f 2962/2962/1 2964/2964/1 2965/2965/1
f 2962/2962/1 2965/2965/1 2963/2963/1
f 2964/2964/189 2958/2958/189 2961/2961/189
f 2964/2964/189 2961/2961/189 2965/2965/189
f 2966/2966/166 2967/2967/166 2968/2968/166
f 2966/2966/166 2968/2968/166 2969/2969/166
f 2967/2967/161 2970/2970/161 2971/2971/161
f 2967/2967/161 2971/2971/161 2968/2968/161
f 2970/2970/1 2972/2972/1 2973/2973/1
f 2970/2970/1 2973/2973/1 2971/2971/1
f 2972/2972/188 2966/2966/188 2969/2969/188
f 2972/2972/188 2969/2969/188 2973/2973/188
f 2974/2974/2 2975/2975/2 2976/2976/2
f 2974/2974/2 2976/2976/2 2977/2977/2
f 2975/2975/190 2978/2978/190 2979/2979/190
f 2975/2975/190 2979/2979/190 2976/2976/190
f 2978/2978/1 2980/2980/1 2981/2981/1
f 2978/2978/1 2981/2981/1 2979/2979/1
f 2980/2980/188 2974/2974/188 2977/2977/188
f 2980/2980/243 2977/2977/243 2981/2981/243
f 2982/2982/2 2983/2983/2 2984/2984/2
f 2982/2982/2 2984/2984/2 2985/2985/2
f 2983/2983/161 2986/2986/161 2987/2987/161
f 2983/2983/161 2987/2987/161 2984/2984/161
f 2986/2986/1 2988/2988/1 2989/2989/1
f 2986/2986/1 2989/2989/1 2987/2987/1
f 2988/2988/189 2982/2982/189 2985/2985/189
f 2988/2988/189 2985/2985/189 2989/2989/189
f 2990/2990/2 2991/2991/2 2992/2992/2
f 2990/2990/2 2992/2992/2 2993/2993/2
f 2991/2991/155 2994/2994/155 2995/2995/155
f 2991/2991/155 2995/2995/155 2992/2992/155
f 2994/2994/167 2996/2996/167 2997/2997/167
f 2994/2994/167 2997/2997/167 2995/2995/167
f 2996/2996/188 2990/2990/188 2993/2993/188
f 2996/2996/188 2993/2993/188 2997/2997/188
f 2998/2998/2 2999/2999/2 3000/3000/2
f 2998/2998/2 3000/3000/2 3001/3001/2
f 2999/2999/190 3002/3002/190 3003/3003/190
f 2999/2999/190 3003/3003/190 3000/3000/190
f 3002/3002/165 3004/3004/165 3005/3005/165
f 3002/3002/165 3005/3005/165 3003/3003/165
f 3004/3004/189 2998/2998/189 3001/3001/189
f 3004/3004/189 3001/3001/189 3005/3005/189
f 3006/3006/166 3007/3007/166 3008/3008/166
f 3006/3006/166 3008/3008/166 3009/3009/166
f 3007/3007/155 3010/3010/155 3011/3011/155
f 3007/3007/155 3011/3011/155 3008/3008/155
f 3010/3010/165 3012/3012/165 3013/3013/165
f 3010/3010/165 3013/3013/165 3011/3011/165
f 3012/3012/160 3006/3006/160 3009/3009/160
f 3012/3012/160 3009/3009/160 3013/3013/160
f 3014/3014/2 3015/3015/2 3016/3016/2
f 3014/3014/2 3016/3016/2 3017/3017/2
f 3015/3015/190 3018/3018/190 3019/3019/190
f 3015/3015/190 3019/3019/190 3016/3016/190
f 3018/3018/1 3020/3020/1 3021/3021/1
f 3018/3018/1 3021/3021/1 3019/3019/1
f 3020/3020/188 3014/3014/188 3017/3017/188
f 3020/3020/188 3017/3017/188 3021/3021/188
f 3022/3022/166 3023/3023/166 3024/3024/166
f 3022/3022/166 3024/3024/166 3025/3025/166
f 3023/3023/161 3026/3026/161 3027/3027/161
f 3023/3023/161 3027/3027/161 3024/3024/161
f 3026/3026/165 3028/3028/165 3029/3029/165
f 3026/3026/165 3029/3029/165 3027/3027/165
f 3028/3028/189 3022/3022/189 3025/3025/189
f 3028/3028/189 3025/3025/189 3029/3029/189
f 3030/3030/166 3031/3031/166 3032/3032/166
f 3030/3030/166 3032/3032/166 3033/3033/166
f 3031/3031/161 3034/3034/161 3035/3035/161
f 3031/3031/161 3035/3035/161 3032/3032/161
f 3034/3034/165 3036/3036/165 3037/3037/165
f 3034/3034/165 3037/3037/165 3035/3035/165
f 3036/3036/189 3030/3030/189 3033/3033/189
f 3036/3036/189 3033/3033/189 3037/3037/189
f 3038/3038/6 3039/3039/6 3040/3040/6
f 3038/3038/6 3040/3040/6 3041/3041/6
f 3042/3042/4 3043/3043/4 3044/3044/4
f 3042/3042/4 3044/3044/4 3045/3045/4
f 3039/3039/3 3042/3042/3 3045/3045/3
f 3039/3039/2 3045/3045/2 3040/3040/2
f 3043/3043/201 3038/3038/201 3041/3041/201
f 3043/3043/1 3041/3041/1 3044/3044/1
f 3046/3046/12 3047/3047/12 3048/3048/12
f 3046/3046/9 3048/3048/9 3049/3049/9
f 3050/3050/9 3051/3051/9 3052/3052/9
f 3050/3050/9 3052/3052/9 3053/3053/9
f 3054/3054/4 3055/3055/4 3049/3049/4
f 3054/3054/4 3049/3049/4 3048/3048/4
f 3047/3047/4 3046/3046/4 3053/3053/4
f 3047/3047/4 3053/3053/4 3052/3052/4
f 3046/3046/1 3049/3049/1 3055/3055/1
f 3046/3046/1 3055/3055/1 3056/3056/1
f 3046/3046/1 3056/3056/1 3050/3050/1
f 3046/3046/1 3050/3050/1 3053/3053/1
f 3051/3051/6 3050/3050/6 3056/3056/6
f 3051/3051/6 3056/3056/6 184/184/6
f 3047/3047/2 3052/3052/2 3051/3051/2
f 3047/3047/2 3051/3051/2 184/184/2
f 3048/3048/2 3047/3047/2 184/184/2
f 3048/3048/2 184/184/2 3054/3054/2
f 184/184/5 3056/3056/5 3055/3055/5
f 184/184/24 3055/3055/24 3054/3054/24
f 3057/3057/1 3058/3058/1 3059/3059/1
f 3057/3057/1 3059/3059/1 3060/3060/1
f 3061/3061/1 3062/3062/1 3063/3063/1
f 3061/3061/1 3063/3063/1 3064/3064/1
f 3065/3065/4 3066/3066/4 3060/3060/4
f 3065/3065/4 3060/3060/4 3059/3059/4
f 3058/3058/4 3057/3057/4 3064/3064/4
f 3058/3058/4 3064/3064/4 3063/3063/4
f 3057/3057/10 3060/3060/10 3066/3066/10
f 3057/3057/10 3066/3066/10 3067/3067/10
f 3057/3057/163 3067/3067/163 3061/3061/163
f 3057/3057/5 3061/3061/5 3064/3064/5
f 3062/3062/6 3061/3061/6 3067/3067/6
f 3062/3062/6 3067/3067/6 3068/3068/6
f 3058/3058/9 3063/3063/9 3062/3062/9
f 3058/3058/13 3062/3062/13 3068/3068/13
f 3059/3059/9 3058/3058/9 3068/3068/9
f 3059/3059/9 3068/3068/9 3065/3065/9
f 3068/3068/2 3067/3067/2 3066/3066/2
f 3068/3068/2 3066/3066/2 3065/3065/2
f 3069/3069/5 3070/3070/5 3071/3071/5
f 3069/3069/5 3071/3071/5 3072/3072/5
f 3073/3073/5 3074/3074/5 3075/3075/5
f 3073/3073/5 3075/3075/5 3076/3076/5
f 3077/3077/4 3078/3078/4 3072/3072/4
f 3077/3077/4 3072/3072/4 3071/3071/4
f 3070/3070/4 3069/3069/4 3076/3076/4
f 3070/3070/4 3076/3076/4 3075/3075/4
f 3069/3069/2 3072/3072/2 3078/3078/2
f 3069/3069/2 3078/3078/2 3079/3079/2
f 3069/3069/2 3079/3079/2 3073/3073/2
f 3069/3069/166 3073/3073/166 3076/3076/166
f 3074/3074/6 3073/3073/6 3079/3079/6
f 3074/3074/6 3079/3079/6 3080/3080/6
f 3070/3070/1 3075/3075/1 3074/3074/1
f 3070/3070/1 3074/3074/1 3080/3080/1
f 3071/3071/1 3070/3070/1 3080/3080/1
f 3071/3071/1 3080/3080/1 3077/3077/1
f 3080/3080/9 3079/3079/9 3078/3078/9
f 3080/3080/9 3078/3078/9 3077/3077/9
f 3081/3081/9 3082/3082/9 3083/3083/9
f 3081/3081/9 3083/3083/9 3084/3084/9
f 3085/3085/166 3086/3086/166 3082/3082/166
f 3085/3085/166 3082/3082/166 3081/3081/166
f 3087/3087/5 3088/3088/5 3086/3086/5
f 3087/3087/5 3086/3086/5 3085/3085/5
f 3084/3084/165 3083/3083/165 3088/3088/165
f 3084/3084/165 3088/3088/165 3087/3087/165
f 3089/3089/26 3081/3081/26 3084/3084/26
f 3089/3089/9 3084/3084/9 3090/3090/9
f 3091/3091/600 3085/3085/600 3081/3081/600
f 3091/3091/601 3081/3081/601 3089/3089/601
f 3092/3092/163 3087/3087/163 3085/3085/163
f 3092/3092/20 3085/3085/20 3091/3091/20
f 3090/3090/602 3084/3084/602 3087/3087/602
f 3090/3090/602 3087/3087/602 3092/3092/602
f 3093/3093/9 3089/3089/9 3090/3090/9
f 3093/3093/9 3090/3090/9 3094/3094/9
f 3095/3095/166 3091/3091/166 3089/3089/166
f 3095/3095/166 3089/3089/166 3093/3093/166
f 3096/3096/5 3092/3092/5 3091/3091/5
f 3096/3096/5 3091/3091/5 3095/3095/5
f 3094/3094/165 3090/3090/165 3092/3092/165
f 3094/3094/165 3092/3092/165 3096/3096/165
f 3086/3086/4 3088/3088/4 3083/3083/4
f 3086/3086/4 3083/3083/4 3082/3082/4
f 3094/3094/6 3096/3096/6 3095/3095/6
f 3094/3094/6 3095/3095/6 3093/3093/6
f 3097/3097/13 3098/3098/13 3099/3099/13
f 3097/3097/9 3099/3099/9 3100/3100/9
f 3101/3101/2 3102/3102/2 3098/3098/2
f 3101/3101/2 3098/3098/2 3097/3097/2
f 3103/3103/5 3104/3104/5 3102/3102/5
f 3103/3103/5 3102/3102/5 3101/3101/5
f 3100/3100/1 3099/3099/1 3104/3104/1
f 3100/3100/1 3104/3104/1 3103/3103/1
f 3105/3105/9 3097/3097/9 3100/3100/9
f 3105/3105/9 3100/3100/9 3106/3106/9
f 3107/3107/601 3101/3101/601 3097/3097/601
f 3107/3107/601 3097/3097/601 3105/3105/601
f 3108/3108/20 3103/3103/20 3101/3101/20
f 3108/3108/5 3101/3101/5 3107/3107/5
f 3106/3106/603 3100/3100/603 3103/3103/603
f 3106/3106/603 3103/3103/603 3108/3108/603
f 3109/3109/9 3105/3105/9 3106/3106/9
f 3109/3109/9 3106/3106/9 3110/3110/9
f 3111/3111/2 3107/3107/2 3105/3105/2
f 3111/3111/2 3105/3105/2 3109/3109/2
f 3112/3112/5 3108/3108/5 3107/3107/5
f 3112/3112/5 3107/3107/5 3111/3111/5
f 3110/3110/1 3106/3106/1 3108/3108/1
f 3110/3110/1 3108/3108/1 3112/3112/1
f 3102/3102/4 3104/3104/4 3099/3099/4
f 3102/3102/4 3099/3099/4 3098/3098/4
f 3110/3110/6 3112/3112/6 3111/3111/6
f 3110/3110/6 3111/3111/6 3109/3109/6
f 3113/3113/1 3114/3114/1 3115/3115/1
f 3113/3113/1 3115/3115/1 3116/3116/1
f 3117/3117/604 3118/3118/604 3114/3114/604
f 3117/3117/605 3114/3114/605 3113/3113/605
f 3119/3119/2 3120/3120/2 3118/3118/2
f 3119/3119/2 3118/3118/2 3117/3117/2
f 3116/3116/10 3115/3115/10 3120/3120/10
f 3116/3116/591 3120/3120/591 3119/3119/591
f 3121/3121/1 3113/3113/1 3116/3116/1
f 3121/3121/1 3116/3116/1 3122/3122/1
f 3123/3123/606 3117/3117/606 3113/3113/606
f 3123/3123/606 3113/3113/606 3121/3121/606
f 3124/3124/3 3119/3119/3 3117/3117/3
f 3124/3124/2 3117/3117/2 3123/3123/2
f 3122/3122/607 3116/3116/607 3119/3119/607
f 3122/3122/608 3119/3119/608 3124/3124/608
f 3125/3125/1 3121/3121/1 3122/3122/1
f 3125/3125/1 3122/3122/1 3126/3126/1
f 3127/3127/7 3123/3123/7 3121/3121/7
f 3127/3127/7 3121/3121/7 3125/3125/7
f 3128/3128/2 3124/3124/2 3123/3123/2
f 3128/3128/2 3123/3123/2 3127/3127/2
f 3126/3126/8 3122/3122/8 3124/3124/8
f 3126/3126/8 3124/3124/8 3128/3128/8
f 3118/3118/4 3120/3120/4 3115/3115/4
f 3118/3118/4 3115/3115/4 3114/3114/4
f 3126/3126/6 3128/3128/6 3127/3127/6
f 3126/3126/6 3127/3127/6 3125/3125/6
f 3129/3129/1 3130/3130/1 3131/3131/1
f 3129/3129/1 3131/3131/1 3132/3132/1
f 3133/3133/9 3134/3134/9 3130/3130/9
f 3133/3133/9 3130/3130/9 3129/3129/9
f 3135/3135/2 3136/3136/2 3134/3134/2
f 3135/3135/2 3134/3134/2 3133/3133/2
f 3132/3132/8 3131/3131/8 3136/3136/8
f 3132/3132/8 3136/3136/8 3135/3135/8
f 3137/3137/201 3129/3129/201 3132/3132/201
f 3137/3137/1 3132/3132/1 3138/3138/1
f 3139/3139/606 3133/3133/606 3129/3129/606
f 3139/3139/609 3129/3129/609 3137/3137/609
f 3140/3140/2 3135/3135/2 3133/3133/2
f 3140/3140/2 3133/3133/2 3139/3139/2
f 3138/3138/610 3132/3132/610 3135/3135/610
f 3138/3138/607 3135/3135/607 3140/3140/607
f 3141/3141/1 3137/3137/1 3138/3138/1
f 3141/3141/1 3138/3138/1 3142/3142/1
f 3143/3143/9 3139/3139/9 3137/3137/9
f 3143/3143/9 3137/3137/9 3141/3141/9
f 3144/3144/2 3140/3140/2 3139/3139/2
f 3144/3144/2 3139/3139/2 3143/3143/2
f 3142/3142/5 3138/3138/5 3140/3140/5
f 3142/3142/5 3140/3140/5 3144/3144/5
f 3134/3134/4 3136/3136/4 3131/3131/4
f 3134/3134/4 3131/3131/4 3130/3130/4
f 3142/3142/6 3144/3144/6 3143/3143/6
f 3142/3142/6 3143/3143/6 3141/3141/6
f 3145/3145/5 3146/3146/5 3147/3147/5
f 3145/3145/5 3147/3147/5 3148/3148/5
f 3149/3149/1 3150/3150/1 3146/3146/1
f 3149/3149/1 3146/3146/1 3145/3145/1
f 3151/3151/310 3152/3152/310 3150/3150/310
f 3151/3151/310 3150/3150/310 3149/3149/310
f 3148/3148/2 3147/3147/2 3152/3152/2
f 3148/3148/2 3152/3152/2 3151/3151/2
f 3153/3153/5 3145/3145/5 3148/3148/5
f 3153/3153/5 3148/3148/5 3154/3154/5
f 3155/3155/611 3149/3149/611 3145/3145/611
f 3155/3155/612 3145/3145/612 3153/3153/612
f 3156/3156/11 3151/3151/11 3149/3149/11
f 3156/3156/278 3149/3149/278 3155/3155/278
f 3154/3154/613 3148/3148/613 3151/3151/613
f 3154/3154/613 3151/3151/613 3156/3156/613
f 3157/3157/5 3153/3153/5 3154/3154/5
f 3157/3157/5 3154/3154/5 3158/3158/5
f 3159/3159/1 3155/3155/1 3153/3153/1
f 3159/3159/1 3153/3153/1 3157/3157/1
f 3160/3160/9 3156/3156/9 3155/3155/9
f 3160/3160/9 3155/3155/9 3159/3159/9
f 3158/3158/2 3154/3154/2 3156/3156/2
f 3158/3158/2 3156/3156/2 3160/3160/2
f 3150/3150/4 3152/3152/4 3147/3147/4
f 3150/3150/4 3147/3147/4 3146/3146/4
f 3158/3158/6 3160/3160/6 3159/3159/6
f 3158/3158/6 3159/3159/6 3157/3157/6
f 3161/3161/5 3162/3162/5 3163/3163/5
f 3161/3161/5 3163/3163/5 3164/3164/5
f 3165/3165/1 3166/3166/1 3162/3162/1
f 3165/3165/1 3162/3162/1 3161/3161/1
f 3167/3167/9 3168/3168/9 3166/3166/9
f 3167/3167/9 3166/3166/9 3165/3165/9
f 3164/3164/2 3163/3163/2 3168/3168/2
f 3164/3164/2 3168/3168/2 3167/3167/2
f 3169/3169/24 3161/3161/24 3164/3164/24
f 3169/3169/614 3164/3164/614 3170/3170/614
f 3171/3171/615 3165/3165/615 3161/3161/615
f 3171/3171/616 3161/3161/616 3169/3169/616
f 3172/3172/15 3167/3167/15 3165/3165/15
f 3172/3172/278 3165/3165/278 3171/3171/278
f 3170/3170/617 3164/3164/617 3167/3167/617
f 3170/3170/618 3167/3167/618 3172/3172/618
f 3173/3173/619 3169/3169/619 3170/3170/619
f 3173/3173/619 3170/3170/619 3174/3174/619
f 3175/3175/165 3171/3171/165 3169/3169/165
f 3175/3175/165 3169/3169/165 3173/3173/165
f 3176/3176/9 3172/3172/9 3171/3171/9
f 3176/3176/9 3171/3171/9 3175/3175/9
f 3174/3174/2 3170/3170/2 3172/3172/2
f 3174/3174/2 3172/3172/2 3176/3176/2
f 3166/3166/4 3168/3168/4 3163/3163/4
f 3166/3166/4 3163/3163/4 3162/3162/4
f 3174/3174/6 3176/3176/6 3175/3175/6
f 3174/3174/6 3175/3175/6 3173/3173/6
f 3177/3177/1 3178/3178/1 3179/3179/1
f 3177/3177/1 3179/3179/1 3180/3180/1
f 3181/3181/9 3182/3182/9 3178/3178/9
f 3181/3181/9 3178/3178/9 3177/3177/9
f 3183/3183/2 3184/3184/2 3182/3182/2
f 3183/3183/166 3182/3182/166 3181/3181/166
f 3180/3180/5 3179/3179/5 3184/3184/5
f 3180/3180/5 3184/3184/5 3183/3183/5
f 3180/3180/6 3183/3183/6 3181/3181/6
f 3180/3180/6 3181/3181/6 3177/3177/6
f 3185/3185/2 3186/3186/2 3187/3187/2
f 3185/3185/2 3187/3187/2 3188/3188/2
f 3189/3189/10 3190/3190/10 3186/3186/10
f 3189/3189/10 3186/3186/10 3185/3185/10
f 3191/3191/1 3192/3192/1 3190/3190/1
f 3191/3191/1 3190/3190/1 3189/3189/1
f 3188/3188/11 3187/3187/11 3192/3192/11
f 3188/3188/11 3192/3192/11 3191/3191/11
f 3193/3193/2 3185/3185/2 3188/3188/2
f 3193/3193/2 3188/3188/2 3194/3194/2
f 3195/3195/620 3189/3189/620 3185/3185/620
f 3195/3195/621 3185/3185/621 3193/3193/621
f 3196/3196/1 3191/3191/1 3189/3189/1
f 3196/3196/1 3189/3189/1 3195/3195/1
f 3194/3194/622 3188/3188/622 3191/3191/622
f 3194/3194/623 3191/3191/623 3196/3196/623
f 3197/3197/166 3193/3193/166 3194/3194/166
f 3197/3197/166 3194/3194/166 3198/3198/166
f 3199/3199/624 3195/3195/624 3193/3193/624
f 3199/3199/624 3193/3193/624 3197/3197/624
f 3200/3200/1 3196/3196/1 3195/3195/1
f 3200/3200/1 3195/3195/1 3199/3199/1
f 3198/3198/11 3194/3194/11 3196/3196/11
f 3198/3198/11 3196/3196/11 3200/3200/11
f 3190/3190/4 3192/3192/4 3187/3187/4
f 3190/3190/4 3187/3187/4 3186/3186/4
f 3198/3198/6 3200/3200/6 3199/3199/6
f 3198/3198/6 3199/3199/6 3197/3197/6
f 3201/3201/166 3202/3202/166 3203/3203/166
f 3201/3201/166 3203/3203/166 3204/3204/166
f 3205/3205/624 3206/3206/624 3202/3202/624
f 3205/3205/624 3202/3202/624 3201/3201/624
f 3207/3207/1 3208/3208/1 3206/3206/1
f 3207/3207/1 3206/3206/1 3205/3205/1
f 3204/3204/11 3203/3203/11 3208/3208/11
f 3204/3204/11 3208/3208/11 3207/3207/11
f 3209/3209/2 3201/3201/2 3204/3204/2
f 3209/3209/2 3204/3204/2 3210/3210/2
f 3211/3211/625 3205/3205/625 3201/3201/625
f 3211/3211/620 3201/3201/620 3209/3209/620
f 3212/3212/200 3207/3207/200 3205/3205/200
f 3212/3212/1 3205/3205/1 3211/3211/1
f 3210/3210/626 3204/3204/626 3207/3207/626
f 3210/3210/627 3207/3207/627 3212/3212/627
f 3213/3213/2 3209/3209/2 3210/3210/2
f 3213/3213/2 3210/3210/2 3214/3214/2
f 3215/3215/10 3211/3211/10 3209/3209/10
f 3215/3215/10 3209/3209/10 3213/3213/10
f 3216/3216/165 3212/3212/165 3211/3211/165
f 3216/3216/165 3211/3211/165 3215/3215/165
f 3214/3214/628 3210/3210/628 3212/3212/628
f 3214/3214/628 3212/3212/628 3216/3216/628
f 3206/3206/4 3208/3208/4 3203/3203/4
f 3206/3206/4 3203/3203/4 3202/3202/4
f 3214/3214/6 3216/3216/6 3215/3215/6
f 3214/3214/6 3215/3215/6 3213/3213/6
f 3217/3217/1 3218/3218/1 3219/3219/1
f 3217/3217/1 3219/3219/1 3220/3220/1
f 3221/3221/11 3222/3222/11 3218/3218/11
f 3221/3221/11 3218/3218/11 3217/3217/11
f 3223/3223/2 3224/3224/2 3222/3222/2
f 3223/3223/2 3222/3222/2 3221/3221/2
f 3220/3220/5 3219/3219/5 3224/3224/5
f 3220/3220/5 3224/3224/5 3223/3223/5
f 3220/3220/6 3223/3223/6 3221/3221/6
f 3220/3220/6 3221/3221/6 3217/3217/6
f 3225/3225/1 3226/3226/1 3227/3227/1
f 3225/3225/1 3227/3227/1 3228/3228/1
f 3229/3229/11 3230/3230/11 3226/3226/11
f 3229/3229/11 3226/3226/11 3225/3225/11
f 3231/3231/2 3232/3232/2 3230/3230/2
f 3231/3231/166 3230/3230/166 3229/3229/166
f 3228/3228/624 3227/3227/624 3232/3232/624
f 3228/3228/624 3232/3232/624 3231/3231/624
f 3228/3228/6 3231/3231/6 3229/3229/6
f 3228/3228/6 3229/3229/6 3225/3225/6
f 3233/3233/165 3234/3234/165 3235/3235/165
f 3233/3233/1 3235/3235/1 3236/3236/1
f 3237/3237/628 3238/3238/628 3234/3234/628
f 3237/3237/628 3234/3234/628 3233/3233/628
f 3239/3239/2 3240/3240/2 3238/3238/2
f 3239/3239/2 3238/3238/2 3237/3237/2
f 3236/3236/10 3235/3235/10 3240/3240/10
f 3236/3236/10 3240/3240/10 3239/3239/10
f 3236/3236/6 3239/3239/6 3237/3237/6
f 3236/3236/6 3237/3237/6 3233/3233/6
f 3241/3241/165 3242/3242/165 3243/3243/165
f 3241/3241/165 3243/3243/165 3244/3244/165
f 3245/3245/628 3246/3246/628 3242/3242/628
f 3245/3245/628 3242/3242/628 3241/3241/628
f 3247/3247/2 3248/3248/2 3246/3246/2
f 3247/3247/2 3246/3246/2 3245/3245/2
f 3244/3244/10 3243/3243/10 3248/3248/10
f 3244/3244/10 3248/3248/10 3247/3247/10
f 3244/3244/6 3247/3247/6 3245/3245/6
f 3244/3244/6 3245/3245/6 3241/3241/6
f 3249/3249/9 3250/3250/9 3251/3251/9
f 3249/3249/9 3251/3251/9 3252/3252/9
f 3253/3253/2 3254/3254/2 3250/3250/2
f 3253/3253/2 3250/3250/2 3249/3249/2
f 3255/3255/5 3256/3256/5 3254/3254/5
f 3255/3255/5 3254/3254/5 3253/3253/5
f 3252/3252/1 3251/3251/1 3256/3256/1
f 3252/3252/1 3256/3256/1 3255/3255/1
f 3257/3257/12 3249/3249/12 3252/3252/12
f 3257/3257/9 3252/3252/9 3258/3258/9
f 3259/3259/629 3253/3253/629 3249/3249/629
f 3259/3259/630 3249/3249/630 3257/3257/630
f 3260/3260/273 3255/3255/273 3253/3253/273
f 3260/3260/101 3253/3253/101 3259/3259/101
f 3258/3258/631 3252/3252/631 3255/3255/631
f 3258/3258/632 3255/3255/632 3260/3260/632
f 3261/3261/9 3257/3257/9 3258/3258/9
f 3261/3261/9 3258/3258/9 3262/3262/9
f 3263/3263/2 3259/3259/2 3257/3257/2
f 3263/3263/2 3257/3257/2 3261/3261/2
f 3264/3264/5 3260/3260/5 3259/3259/5
f 3264/3264/5 3259/3259/5 3263/3263/5
f 3262/3262/1 3258/3258/1 3260/3260/1
f 3262/3262/1 3260/3260/1 3264/3264/1
f 3254/3254/4 3256/3256/4 3251/3251/4
f 3254/3254/4 3251/3251/4 3250/3250/4
f 3262/3262/6 3264/3264/6 3263/3263/6
f 3262/3262/6 3263/3263/6 3261/3261/6
