# Blender v2.93.0 OBJ File: ''
# www.blender.org
mtllib b_006_pre.mtl
o building_009.054
v -255.840149 2.951312 -12.080587
v -254.287445 2.951312 -12.254751
v -254.287445 5.902143 -12.254751
v -255.840149 5.902143 -12.080587
v -259.990692 5.533291 -11.615034
v -259.990692 3.934923 -11.615034
v -259.176758 3.934923 -11.706331
v -259.176758 5.533290 -11.706331
v -261.618561 2.951313 -11.432440
v -257.548889 2.951312 -11.888927
v -258.362823 3.934923 -11.797628
v -260.804626 3.934923 -11.523737
v -257.548889 5.902144 -11.888927
v -261.618561 5.902144 -11.432440
v -260.804626 5.533291 -11.523737
v -258.362823 5.533290 -11.797628
v -254.473267 5.902143 -12.405901
v -254.473267 2.951312 -12.405901
v -255.859207 2.951312 -12.250443
v -255.859207 5.902143 -12.250443
v -259.195801 3.934923 -11.876184
v -260.009735 3.934923 -11.784887
v -260.009735 5.533291 -11.784887
v -259.195801 5.533290 -11.876184
v -258.381866 3.934923 -11.967484
v -257.567932 2.951312 -12.058779
v -261.472229 2.951313 -11.620844
v -260.823669 3.934923 -11.693590
v -260.823669 5.533291 -11.693590
v -261.472229 5.902144 -11.620844
v -257.567932 5.902144 -12.058779
v -258.381866 5.533290 -11.967484
v -254.597122 3.934924 -15.015497
v -254.597122 5.533290 -15.015497
v -254.530884 5.533290 -14.425085
v -254.530884 3.934924 -14.425085
v -255.109756 5.902146 -19.585850
v -254.417923 5.533290 -13.417894
v -254.695312 5.533290 -15.890921
v -255.109756 2.951314 -19.585854
v -254.695312 3.934925 -15.890921
v -254.417923 3.934923 -13.417894
v -254.783539 2.951314 -16.677437
v -254.697647 5.533290 -14.406384
v -254.763870 5.533290 -14.996794
v -254.763870 3.934924 -14.996794
v -254.697647 3.934924 -14.406384
v -254.584671 5.533290 -13.399191
v -255.257965 5.902146 -19.401764
v -254.862076 5.533290 -15.872217
v -254.862076 3.934925 -15.872217
v -255.257965 2.951314 -19.401768
v -254.950287 2.951314 -16.658733
v -254.584671 3.934923 -13.399191
v -262.001984 4.795582 -14.850763
v -262.001984 5.533291 -14.850763
v -262.246521 5.533293 -17.030827
v -262.246521 3.934925 -17.030827
v -262.440857 5.902146 -18.763538
v -262.341675 5.533293 -17.879124
v -261.728516 5.533291 -12.412775
v -262.440857 2.951315 -18.763542
v -261.728516 4.795582 -12.412775
v -262.341675 3.934925 -17.879124
v -262.081116 5.533293 -17.049377
v -261.836609 5.533291 -14.869314
v -261.836609 4.795582 -14.869314
v -262.081116 3.934925 -17.049377
v -262.176270 5.533293 -17.897675
v -262.256927 5.902146 -18.616707
v -261.563141 5.533291 -12.431326
v -261.563141 4.795582 -12.431326
v -262.256927 2.951315 -18.616711
v -262.176270 3.934925 -17.897675
v -259.758728 4.426730 -19.064388
v -259.758728 5.533292 -19.064388
v -258.042206 5.533292 -19.256931
v -258.042206 3.934925 -19.256931
v -256.575989 5.533292 -19.421391
v -260.724335 5.533293 -18.956081
v -260.724335 4.426730 -18.956081
v -256.575989 3.934925 -19.421391
v -258.023651 5.533292 -19.091549
v -259.740204 5.533292 -18.899006
v -259.740204 4.426730 -18.899006
v -258.023651 3.934925 -19.091549
v -256.557434 5.533292 -19.256008
v -260.705780 5.533293 -18.790699
v -260.705780 4.426730 -18.790699
v -256.557434 3.934925 -19.256008
v -253.810684 6.146355 -11.904398
v -254.722458 6.146358 -20.033127
v -254.766876 6.185612 -19.830791
v -253.898819 6.185610 -12.091864
v -258.330933 8.407289 -15.512873
v -258.202301 8.340509 -15.527300
v -262.851196 6.146358 -19.121346
v -258.345367 8.340509 -15.641508
v -262.648865 6.185614 -19.076939
v -254.909927 6.185612 -19.944996
v -261.939423 6.146356 -10.992617
v -258.459564 8.340509 -15.498446
v -261.895020 6.185612 -11.194952
v -262.763062 6.185614 -18.933880
v -261.751953 6.185612 -11.080750
v -258.316528 8.340509 -15.384241
v -254.013016 6.185610 -11.948805
v -254.783234 6.155855 -19.828957
v -254.730194 6.114689 -20.023445
v -253.820374 6.114686 -11.912130
v -253.915176 6.155853 -12.090029
v -258.218658 8.310755 -15.525465
v -258.330933 8.373276 -15.512873
v -258.343536 8.310755 -15.625139
v -262.841522 6.114689 -19.113617
v -262.647034 6.155856 -19.060574
v -254.908096 6.155855 -19.928631
v -258.443207 8.310755 -15.500280
v -261.931702 6.114687 -11.002302
v -261.878632 6.155854 -11.196787
v -262.746704 6.155856 -18.935715
v -261.753784 6.155854 -11.097113
v -258.318359 8.310755 -15.400602
v -254.014862 6.155853 -11.965170
v -253.820374 5.902180 -11.912130
v -254.730194 5.902182 -20.023445
v -262.841522 5.902184 -19.113617
v -261.931702 5.902182 -11.002302
v -253.660889 6.037485 -11.784822
v -254.602890 6.037488 -20.182919
v -254.602890 6.114689 -20.182919
v -253.660889 6.114686 -11.784822
v -263.000977 6.037492 -19.240925
v -263.000977 6.114689 -19.240925
v -262.058990 6.037490 -10.842829
v -262.058990 6.114687 -10.842829
v -254.730194 6.114689 -20.023445
v -254.730194 5.992255 -20.023445
v -253.820374 5.992253 -11.912126
v -262.841522 5.992257 -19.113621
v -261.931702 5.992255 -11.002302
v -254.612869 6.003564 -20.170418
v -253.673401 6.003562 -11.794802
v -262.988495 6.003566 -19.230942
v -262.049011 6.003564 -10.855326
v -254.642792 5.992255 -20.132923
v -253.710892 5.992253 -11.824728
v -262.950989 5.992257 -19.201019
v -262.019073 5.992255 -10.892824
v -253.915176 6.155856 -12.090029
v -254.783234 6.155859 -19.828957
v -262.647034 6.155861 -19.060574
v -254.908096 6.155859 -19.928631
v -261.878632 6.155858 -11.196787
v -262.746704 6.155860 -18.935715
v -261.753784 6.155858 -11.097113
v -254.014862 6.155856 -11.965170
v -257.600769 7.746414 -11.181536
v -257.712067 7.746414 -12.173841
v -257.712067 0.000481 -12.173843
v -257.600769 0.000481 -11.181538
v -255.632843 7.746412 -11.402273
v -255.632843 0.000481 -11.402275
v -255.744141 0.000481 -12.394581
v -255.744141 7.746412 -12.394579
v -257.567932 0.000481 -12.058781
v -257.567932 7.746414 -12.058779
v -257.485687 7.746414 -11.325666
v -257.485687 0.000481 -11.325668
v -255.859207 0.000481 -12.250443
v -255.776978 0.000481 -11.517330
v -255.776978 7.746412 -11.517332
v -255.859207 7.746412 -12.250444
v -257.712067 7.807890 -12.173841
v -257.600769 7.807890 -11.181536
v -257.485687 7.807890 -11.325666
v -257.567932 7.807890 -12.058779
v -255.632843 7.807888 -11.402273
v -255.776978 7.807888 -11.517332
v -255.744141 7.807888 -12.394579
v -255.859207 7.807888 -12.250444
v -264.505402 -0.552797 -18.531967
v -252.325317 -0.552798 -19.898178
v -252.731232 -0.552798 -16.907639
v -251.989456 -0.552800 -10.294659
v -263.437408 -0.552800 -9.010571
v -251.999084 -0.552798 -16.989761
v -252.731232 0.000482 -16.907639
v -252.325317 0.000482 -19.898178
v -264.505402 0.000485 -18.531967
v -251.989456 0.000480 -10.294659
v -263.437408 0.000481 -9.010571
v -251.999084 0.000482 -16.989761
v -254.945648 4.400898 -18.122700
v -255.160645 2.585226 -20.039505
v -252.060883 2.585226 -20.387197
v -251.845886 4.400898 -18.470394
v -254.734390 2.582494 -16.239334
v -251.634628 2.582494 -16.587029
v -251.612289 2.638796 -16.387848
v -251.610580 2.673376 -16.372532
v -254.710327 2.673376 -16.024837
v -254.712051 2.638796 -16.040154
v -255.182983 2.638796 -20.238688
v -255.184708 2.673376 -20.254002
v -252.084946 2.673376 -20.601694
v -252.083237 2.638796 -20.586378
v -251.617447 2.627270 -16.433796
v -254.717209 2.627270 -16.086102
v -255.177841 2.627270 -20.192739
v -252.078079 2.627270 -20.540430
v -252.060883 2.765196 -20.387197
v -251.845886 4.573217 -18.470394
v -255.160645 2.765196 -20.039505
v -254.945648 4.573217 -18.122700
v -251.634628 2.765196 -16.587029
v -254.734390 2.765196 -16.239334
v -252.325317 2.588029 -19.898178
v -252.376312 2.586028 -20.352785
v -252.325317 3.015777 -19.898178
v -255.109772 3.015778 -19.585854
v -255.160751 2.586029 -20.040459
v -255.109772 2.588030 -19.585854
v -251.999084 2.582494 -16.989761
v -251.999084 3.005258 -16.989761
v -251.950027 2.582494 -16.552387
v -254.783539 3.005259 -16.677437
v -254.783539 2.582494 -16.677437
v -254.734482 2.582494 -16.240063
v -254.734390 2.759547 -16.239334
v -251.634628 2.759547 -16.587029
v -251.634628 2.627270 -16.587029
v -254.734390 2.627270 -16.239334
v -251.610580 2.759547 -16.372532
v -254.710327 2.759547 -16.024837
v -255.184708 2.759547 -20.254002
v -252.084946 2.759547 -20.601694
v -252.060883 2.627270 -20.387197
v -252.060883 2.759547 -20.387197
v -255.160645 2.759547 -20.039505
v -255.160645 2.627270 -20.039505
v -254.632370 0.000481 -15.329803
v -254.632370 2.582458 -15.329803
v -254.495407 2.398031 -14.108761
v -254.495407 0.738189 -14.108761
v -254.386673 2.398031 -13.139286
v -254.755722 2.582460 -16.429470
v -254.386673 0.738189 -13.139286
v -254.287445 0.000481 -12.254753
v -254.755722 0.000483 -16.429470
v -254.783539 0.000483 -16.677437
v -254.660797 2.398031 -14.090210
v -254.797760 2.582458 -15.311253
v -254.797760 0.000481 -15.311253
v -254.660797 0.738189 -14.090210
v -254.552048 2.398031 -13.120735
v -254.471893 2.951312 -12.406053
v -254.963455 2.951314 -16.788483
v -254.921097 2.582460 -16.410919
v -254.471893 0.000481 -12.406055
v -254.552048 0.738189 -13.120735
v -254.921097 0.000483 -16.410919
v -254.963455 0.000483 -16.788483
v -255.840149 0.000481 -12.080589
v -259.571014 0.922618 -19.085449
v -259.571014 2.582461 -19.085449
v -255.736984 2.398033 -19.515499
v -255.736984 0.738191 -19.515499
v -252.325317 2.951314 -19.898178
v -254.270767 2.398033 -19.679962
v -260.616577 2.582461 -18.968166
v -262.440857 0.000484 -18.763542
v -260.616577 0.922618 -18.968166
v -254.270767 0.738191 -19.679962
v -255.718430 2.398033 -19.350117
v -259.552460 2.582461 -18.920067
v -259.552460 0.922618 -18.920067
v -255.718430 0.738191 -19.350117
v -254.252213 2.398033 -19.514580
v -252.463196 2.951314 -19.715252
v -260.598053 2.582461 -18.802784
v -260.598053 0.922618 -18.802784
v -262.256927 0.000484 -18.616711
v -252.463196 0.000482 -19.715248
v -254.252213 0.738191 -19.514580
v -259.835144 2.582459 -11.632481
v -259.835144 0.922616 -11.632481
v -259.176758 0.000482 -11.706333
v -259.176758 2.582459 -11.706333
v -260.804626 0.922616 -11.523739
v -261.618561 0.000482 -11.432442
v -260.804626 2.582459 -11.523739
v -258.077087 2.582459 -11.829681
v -258.077087 0.000481 -11.829681
v -257.548889 0.000481 -11.888927
v -259.195801 0.000482 -11.876186
v -259.854187 0.922616 -11.802334
v -259.854187 2.582459 -11.802334
v -259.195801 2.582459 -11.876186
v -261.472229 0.000482 -11.620846
v -260.823669 0.922616 -11.693592
v -260.823669 2.582459 -11.693592
v -258.096130 2.582459 -11.999535
v -258.096130 0.000481 -11.999535
v -262.032776 0.000482 -15.125446
v -262.032776 2.582460 -15.125446
v -262.156982 2.582462 -16.232712
v -262.156982 0.922618 -16.232712
v -262.321442 2.582462 -17.698933
v -261.717560 2.582460 -12.315186
v -262.321442 0.922618 -17.698933
v -261.717560 0.000482 -12.315186
v -261.991608 2.582462 -16.251263
v -261.867401 2.582460 -15.143997
v -261.867401 0.000482 -15.143997
v -261.991608 0.922618 -16.251263
v -262.156067 2.582462 -17.717484
v -261.552185 2.582460 -12.333736
v -262.156067 0.922618 -17.717484
v -261.552185 0.000482 -12.333736
v -254.783539 3.015780 -16.677437
v -251.999084 3.015780 -16.989761
v -252.170059 0.000482 -17.101810
v -254.963455 3.015780 -16.788483
v -252.170059 3.015780 -17.101810
v -252.161194 4.400898 -18.435024
v -252.107834 2.582459 -17.959236
v -252.325317 3.015780 -19.898178
v -252.216568 2.582459 -18.928707
v -252.216568 0.922617 -18.928707
v -252.107834 0.922617 -17.959236
v -252.264267 2.582459 -17.941692
v -252.317627 4.400898 -18.417477
v -252.463196 3.015780 -19.715252
v -252.373001 2.582459 -18.911160
v -252.264267 0.922617 -17.941689
v -252.373016 0.922617 -18.911160
v -252.111252 0.953355 -17.989780
v -252.111252 2.551722 -17.989780
v -252.213150 0.953355 -18.898159
v -252.213150 2.551722 -18.898159
v -252.267685 2.551722 -17.972233
v -252.267685 0.953355 -17.972233
v -252.369583 0.953355 -18.880611
v -252.369583 2.551722 -18.880611
v -252.171844 0.984093 -18.013920
v -252.171844 1.675556 -18.013920
v -252.168411 1.706293 -17.983372
v -252.168411 0.953355 -17.983372
v -252.266876 0.984093 -18.861206
v -252.270309 0.953355 -18.891750
v -252.266876 1.675556 -18.861206
v -252.270309 1.706293 -18.891750
v -252.198959 1.706293 -17.979942
v -252.202393 1.675556 -18.010490
v -252.202393 0.984093 -18.010490
v -252.198959 0.953355 -17.979942
v -252.297424 0.984093 -18.857777
v -252.300858 0.953355 -18.888321
v -252.297424 1.675556 -18.857777
v -252.300858 1.706293 -18.888321
v -252.202393 1.737031 -18.010490
v -252.202393 2.520983 -18.010490
v -252.198959 2.551722 -17.979942
v -252.297424 1.737031 -18.857777
v -252.297424 2.520983 -18.857777
v -252.300858 2.551722 -18.888321
v -252.229507 2.551722 -17.976517
v -252.232941 2.520983 -18.007065
v -252.232941 1.737031 -18.007065
v -252.229507 1.706293 -17.976517
v -252.327972 1.737031 -18.854351
v -252.331390 1.706293 -18.884895
v -252.327972 2.520983 -18.854351
v -252.331390 2.551722 -18.884895
v -252.276535 1.675556 -18.860123
v -252.181488 1.675556 -18.012836
v -252.181488 0.984093 -18.012836
v -252.276535 0.984093 -18.860123
v -252.189133 0.984093 -18.011978
v -252.189133 1.675556 -18.011978
v -252.284164 1.675556 -18.859264
v -252.284164 0.984093 -18.859264
v -252.307083 2.520983 -18.856697
v -252.212036 2.520983 -18.009411
v -252.212036 1.737031 -18.009411
v -252.307083 1.737031 -18.856697
v -252.219681 1.737031 -18.008553
v -252.219681 2.520983 -18.008553
v -252.314713 2.520983 -18.855839
v -252.314713 1.737031 -18.855839
v -254.390091 0.768926 -13.169834
v -254.390091 2.367294 -13.169834
v -254.491989 0.768926 -14.078213
v -254.491989 2.367294 -14.078213
v -254.555481 2.367294 -13.151283
v -254.555481 0.768926 -13.151283
v -254.657364 0.768926 -14.059662
v -254.660797 0.738189 -14.090210
v -254.657364 2.367294 -14.059662
v -254.450684 0.799664 -13.193966
v -254.450684 1.491127 -13.193966
v -254.447250 1.521865 -13.163422
v -254.447250 0.768926 -13.163422
v -254.545715 0.799664 -14.041256
v -254.549149 0.768926 -14.071800
v -254.545715 1.491127 -14.041256
v -254.549149 1.521865 -14.071800
v -254.477798 1.521865 -13.159996
v -254.481232 1.491127 -13.190540
v -254.481232 0.799664 -13.190540
v -254.477798 0.768926 -13.159996
v -254.576263 0.799664 -14.037830
v -254.579697 0.768926 -14.068375
v -254.576263 1.491127 -14.037830
v -254.579697 1.521865 -14.068375
v -254.481232 1.552603 -13.190540
v -254.481232 2.336555 -13.190540
v -254.477798 2.367294 -13.159996
v -254.576263 1.552603 -14.037830
v -254.576263 2.336555 -14.037830
v -254.579697 2.367294 -14.068375
v -254.508347 2.367294 -13.156570
v -254.511780 2.336555 -13.187115
v -254.511780 1.552603 -13.187115
v -254.508347 1.521865 -13.156570
v -254.606812 1.552603 -14.034405
v -254.610245 1.521865 -14.064949
v -254.606812 2.336555 -14.034405
v -254.610245 2.367294 -14.064949
v -254.555374 1.491127 -14.040176
v -254.460327 1.491127 -13.192886
v -254.460342 0.799664 -13.192886
v -254.555374 0.799664 -14.040176
v -254.467972 0.799664 -13.192028
v -254.467972 1.491127 -13.192028
v -254.563004 1.491127 -14.039318
v -254.563004 0.799664 -14.039318
v -254.585922 2.336555 -14.036747
v -254.490875 2.336555 -13.189457
v -254.490875 1.552603 -13.189457
v -254.585922 1.552603 -14.036747
v -254.498520 1.552603 -13.188602
v -254.498520 2.336555 -13.188602
v -254.593552 2.336555 -14.035892
v -254.593552 1.552603 -14.035892
v -254.796402 1.386479 -16.177464
v -254.727875 1.386477 -15.566536
v -254.727875 1.196463 -15.566536
v -254.796402 1.196464 -16.177464
v -254.707306 2.520984 -15.383259
v -254.707306 0.020281 -15.383259
v -254.727875 0.246385 -15.566536
v -254.727875 0.436400 -15.566536
v -254.727875 0.626416 -15.566536
v -254.727875 0.816434 -15.566536
v -254.727875 1.006449 -15.566536
v -254.727875 1.576494 -15.566536
v -254.727875 1.766508 -15.566536
v -254.727875 1.956527 -15.566536
v -254.727875 2.146542 -15.566536
v -254.727875 2.336557 -15.566536
v -254.796402 0.246385 -16.177464
v -254.816956 0.020281 -16.360741
v -254.816956 2.520984 -16.360741
v -254.796402 2.336557 -16.177464
v -254.796402 2.146542 -16.177464
v -254.796402 1.956527 -16.177464
v -254.796402 1.766509 -16.177464
v -254.796402 1.576494 -16.177464
v -254.796402 1.006449 -16.177464
v -254.796402 0.816434 -16.177464
v -254.796402 0.626416 -16.177464
v -254.796402 0.436400 -16.177464
v -254.758423 1.196463 -15.563110
v -254.758423 1.386477 -15.563110
v -254.826935 1.386479 -16.174038
v -254.826935 1.196464 -16.174038
v -254.758423 0.246385 -15.563110
v -254.737854 0.020281 -15.379833
v -254.737854 2.520984 -15.379833
v -254.758423 0.436400 -15.563110
v -254.758423 2.336557 -15.563110
v -254.758423 2.146542 -15.563110
v -254.758423 1.956527 -15.563110
v -254.758423 1.766508 -15.563110
v -254.758423 1.576494 -15.563110
v -254.758423 1.006449 -15.563110
v -254.758423 0.816434 -15.563110
v -254.758423 0.626416 -15.563110
v -254.826935 0.246385 -16.174038
v -254.847504 0.020281 -16.357315
v -254.826935 2.336557 -16.174038
v -254.847504 2.520984 -16.357315
v -254.826935 2.146542 -16.174038
v -254.826935 0.436400 -16.174038
v -254.826935 0.626416 -16.174038
v -254.826935 0.816434 -16.174038
v -254.826935 1.006449 -16.174038
v -254.826935 1.576494 -16.174038
v -254.826935 1.766509 -16.174038
v -254.826935 1.956527 -16.174038
v -254.639221 0.020281 -15.390896
v -254.639221 2.520984 -15.390896
v -254.748871 0.020281 -16.368378
v -254.748871 2.520984 -16.368378
v -254.797760 2.582458 -15.311253
v -254.804611 2.520984 -15.372345
v -254.804611 0.020281 -15.372345
v -254.797760 0.000481 -15.311253
v -254.914246 0.020281 -16.349827
v -254.921112 0.000483 -16.410919
v -254.914246 2.520984 -16.349827
v -254.921112 2.582460 -16.410919
v -254.808395 0.436400 -16.176117
v -254.739868 0.436400 -15.565189
v -254.739868 0.246385 -15.565189
v -254.808395 0.246385 -16.176117
v -254.808395 0.816434 -16.176117
v -254.739868 0.816434 -15.565189
v -254.739868 0.626416 -15.565189
v -254.808395 0.626416 -16.176117
v -254.808395 1.196464 -16.176117
v -254.739868 1.196463 -15.565189
v -254.739868 1.006449 -15.565189
v -254.808395 1.006449 -16.176117
v -254.739868 2.146542 -15.565189
v -254.808395 2.146542 -16.176117
v -254.808395 2.336557 -16.176117
v -254.739868 2.336557 -15.565189
v -254.739868 1.766508 -15.565189
v -254.808395 1.766509 -16.176117
v -254.808395 1.956527 -16.176117
v -254.739868 1.956527 -15.565189
v -254.739868 1.386477 -15.565189
v -254.808395 1.386479 -16.176117
v -254.808395 1.576494 -16.176117
v -254.739868 1.576494 -15.565189
v -254.747513 0.246385 -15.564335
v -254.747513 0.436400 -15.564335
v -254.816040 0.436400 -16.175262
v -254.816040 0.246385 -16.175262
v -254.747513 0.626416 -15.564335
v -254.747513 0.816434 -15.564335
v -254.816040 0.816434 -16.175262
v -254.816040 0.626416 -16.175262
v -254.747513 1.006449 -15.564335
v -254.747513 1.196463 -15.564335
v -254.816040 1.196464 -16.175262
v -254.816040 1.006449 -16.175262
v -254.816040 2.336557 -16.175262
v -254.816040 2.146542 -16.175262
v -254.747513 2.146542 -15.564335
v -254.747513 2.336557 -15.564335
v -254.816040 1.956527 -16.175262
v -254.816040 1.766509 -16.175262
v -254.747513 1.766508 -15.564335
v -254.747513 1.956527 -15.564335
v -254.816040 1.576494 -16.175262
v -254.816040 1.386479 -16.175262
v -254.747513 1.386477 -15.564335
v -254.747513 1.576494 -15.564335
v -254.793793 1.057249 -16.236866
v -254.804077 1.057249 -16.328503
v -254.800644 1.087987 -16.297958
v -254.797211 1.087987 -16.267410
v -254.804077 1.149463 -16.328503
v -254.800644 1.118725 -16.297958
v -254.793793 1.149463 -16.236866
v -254.797211 1.118725 -16.267410
v -254.741898 1.087987 -16.304550
v -254.759140 1.087987 -16.271683
v -254.741898 1.118725 -16.304550
v -254.759140 1.118725 -16.271683
v -254.716309 1.087987 -16.076332
v -254.716309 1.118725 -16.076332
v -254.736969 1.118725 -16.074013
v -254.736969 1.087987 -16.074013
v -254.844177 1.057249 -16.231216
v -254.847595 1.087987 -16.261761
v -254.851028 1.087987 -16.292309
v -254.854446 1.057249 -16.322853
v -254.851028 1.118725 -16.292309
v -254.854446 1.149463 -16.322853
v -254.847595 1.118725 -16.261761
v -254.844177 1.149463 -16.231216
v -254.883041 1.087987 -16.257786
v -254.907120 1.087987 -16.286015
v -254.907120 1.118725 -16.286015
v -254.883041 1.118725 -16.257786
v -254.881531 1.087987 -16.057796
v -254.860870 1.087987 -16.060116
v -254.860870 1.118725 -16.060116
v -254.881531 1.118725 -16.057796
v -258.329590 1.386478 -11.874825
v -258.940521 1.386478 -11.806297
v -258.940521 1.196463 -11.806297
v -258.329590 1.196463 -11.874825
v -259.123810 2.520983 -11.785740
v -259.123810 0.020280 -11.785740
v -258.940521 0.246384 -11.806297
v -258.940521 0.436399 -11.806297
v -258.940521 0.626415 -11.806297
v -258.940521 0.816433 -11.806297
v -258.940521 1.006448 -11.806297
v -258.940521 1.576493 -11.806297
v -258.940521 1.766508 -11.806297
v -258.940521 1.956526 -11.806297
v -258.940521 2.146541 -11.806297
v -258.940521 2.336556 -11.806297
v -258.329590 0.246384 -11.874825
v -258.146332 0.020280 -11.895382
v -258.146332 2.520983 -11.895382
v -258.329590 2.336556 -11.874825
v -258.329590 2.146541 -11.874825
v -258.329590 1.956526 -11.874825
v -258.329590 1.766508 -11.874825
v -258.329590 1.576493 -11.874825
v -258.329590 1.006447 -11.874825
v -258.329590 0.816432 -11.874825
v -258.329590 0.626414 -11.874825
v -258.329590 0.436399 -11.874825
v -258.943939 1.196463 -11.836845
v -258.943939 1.386478 -11.836845
v -258.333008 1.386478 -11.905373
v -258.333008 1.196463 -11.905373
v -258.943939 0.246384 -11.836845
v -259.127228 0.020280 -11.816288
v -259.127228 2.520983 -11.816288
v -258.943939 0.436399 -11.836845
v -258.943939 2.336556 -11.836845
v -258.943939 2.146541 -11.836845
v -258.943939 1.956526 -11.836845
v -258.943939 1.766508 -11.836845
v -258.943939 1.576493 -11.836845
v -258.943939 1.006448 -11.836845
v -258.943939 0.816433 -11.836845
v -258.943939 0.626415 -11.836845
v -258.333008 0.246384 -11.905373
v -258.149750 0.020280 -11.925930
v -258.333008 2.336556 -11.905373
v -258.149750 2.520983 -11.925930
v -258.333008 2.146541 -11.905373
v -258.333008 0.436399 -11.905373
v -258.333008 0.626414 -11.905373
v -258.333008 0.816432 -11.905373
v -258.333008 1.006447 -11.905373
v -258.333008 1.576493 -11.905373
v -258.333008 1.766508 -11.905373
v -258.333008 1.956526 -11.905373
v -259.116150 0.020280 -11.717659
v -259.116150 2.520983 -11.717659
v -259.177246 2.582459 -11.710808
v -259.177246 0.000482 -11.710808
v -258.138672 0.020280 -11.827301
v -258.077576 0.000481 -11.834152
v -258.138672 2.520983 -11.827297
v -258.077576 2.582459 -11.834152
v -259.195801 2.582459 -11.876190
v -259.134705 2.520983 -11.883041
v -259.134705 0.020280 -11.883041
v -259.195801 0.000482 -11.876190
v -258.157227 0.020280 -11.992683
v -258.096130 0.000481 -11.999538
v -258.157227 2.520983 -11.992683
v -258.096130 2.582459 -11.999538
v -258.330933 0.436399 -11.886829
v -258.941864 0.436399 -11.818302
v -258.941864 0.246384 -11.818302
v -258.330933 0.246384 -11.886829
v -258.330933 0.816432 -11.886829
v -258.941864 0.816433 -11.818302
v -258.941864 0.626415 -11.818302
v -258.330933 0.626414 -11.886829
v -258.330933 1.196463 -11.886829
v -258.941864 1.196463 -11.818302
v -258.941864 1.006448 -11.818302
v -258.330933 1.006447 -11.886829
v -258.941864 2.146541 -11.818302
v -258.330933 2.146541 -11.886829
v -258.330933 2.336556 -11.886829
v -258.941864 2.336556 -11.818302
v -258.941864 1.766508 -11.818302
v -258.330933 1.766508 -11.886829
v -258.330933 1.956526 -11.886829
v -258.941864 1.956526 -11.818302
v -258.941864 1.386478 -11.818302
v -258.330933 1.386478 -11.886829
v -258.330933 1.576493 -11.886829
v -258.941864 1.576493 -11.818302
v -258.942719 0.246384 -11.825939
v -258.942719 0.436399 -11.825939
v -258.331787 0.436399 -11.894466
v -258.331787 0.246384 -11.894466
v -258.942719 0.626415 -11.825939
v -258.942719 0.816433 -11.825939
v -258.331787 0.816432 -11.894466
v -258.331787 0.626414 -11.894466
v -258.942719 1.006448 -11.825939
v -258.942719 1.196463 -11.825939
v -258.331787 1.196463 -11.894466
v -258.331787 1.006447 -11.894466
v -258.331787 2.336556 -11.894466
v -258.331787 2.146541 -11.894466
v -258.942719 2.146541 -11.825939
v -258.942719 2.336556 -11.825939
v -258.331787 1.956526 -11.894466
v -258.331787 1.766508 -11.894466
v -258.942719 1.766508 -11.825939
v -258.942719 1.956526 -11.825939
v -258.331787 1.576493 -11.894466
v -258.331787 1.386478 -11.894466
v -258.942719 1.386478 -11.825939
v -258.942719 1.576493 -11.825939
v -258.270203 1.057248 -11.872223
v -258.178558 1.057248 -11.882504
v -258.209106 1.087986 -11.879078
v -258.239655 1.087986 -11.875652
v -258.178558 1.149462 -11.882504
v -258.209106 1.118723 -11.879078
v -258.270203 1.149462 -11.872223
v -258.239655 1.118723 -11.875652
v -258.202515 1.087986 -11.820332
v -258.235382 1.087986 -11.837570
v -258.202515 1.118723 -11.820332
v -258.235382 1.118723 -11.837570
v -258.430725 1.087986 -11.794731
v -258.430725 1.118723 -11.794731
v -258.433044 1.118723 -11.815395
v -258.433044 1.087986 -11.815395
v -258.275848 1.057248 -11.922600
v -258.245300 1.087986 -11.926029
v -258.214752 1.087986 -11.929455
v -258.184204 1.057248 -11.932880
v -258.214752 1.118723 -11.929455
v -258.184204 1.149462 -11.932880
v -258.245300 1.118723 -11.926029
v -258.275848 1.149462 -11.922600
v -258.249268 1.087986 -11.961468
v -258.221039 1.087986 -11.985554
v -258.221039 1.118723 -11.985554
v -258.249268 1.118723 -11.961468
v -258.449249 1.087986 -11.959953
v -258.446930 1.087986 -11.939293
v -258.446930 1.118723 -11.939293
v -258.449249 1.118723 -11.959953
v -260.774567 0.953354 -11.531635
v -260.774567 2.551722 -11.531635
v -260.805115 2.582459 -11.528210
v -260.805115 0.922616 -11.528210
v -259.866211 0.953354 -11.633526
v -259.835663 0.922616 -11.636951
v -259.866211 2.551722 -11.633526
v -259.835663 2.582459 -11.636951
v -260.793121 2.551722 -11.697018
v -260.793121 0.953354 -11.697018
v -259.884735 0.953354 -11.798908
v -259.884735 2.551722 -11.798908
v -260.750427 0.984092 -11.592224
v -260.750427 1.675555 -11.592224
v -260.780975 1.706293 -11.588799
v -260.780975 0.953354 -11.588799
v -259.903168 0.984092 -11.687263
v -259.872620 0.953354 -11.690689
v -259.903168 1.675554 -11.687263
v -259.872620 1.706293 -11.690689
v -260.784424 1.706293 -11.619347
v -260.753876 1.675555 -11.622772
v -260.753876 0.984092 -11.622772
v -260.784424 0.953354 -11.619347
v -259.906586 0.984092 -11.717812
v -259.876038 0.953354 -11.721237
v -259.906586 1.675554 -11.717812
v -259.876038 1.706293 -11.721237
v -260.753876 1.737030 -11.622772
v -260.753876 2.520983 -11.622772
v -260.784424 2.551722 -11.619347
v -259.906586 1.737030 -11.717812
v -259.906586 2.520983 -11.717812
v -259.876038 2.551722 -11.721237
v -260.787842 2.551722 -11.649891
v -260.757294 2.520983 -11.653316
v -260.757294 1.737030 -11.653316
v -260.787842 1.706293 -11.649891
v -259.910004 1.737030 -11.748356
v -259.879456 1.706293 -11.751781
v -259.910004 2.520983 -11.748356
v -259.879456 2.551722 -11.751781
v -259.904236 1.675554 -11.696918
v -260.751526 1.675555 -11.601879
v -260.751526 0.984092 -11.601879
v -259.904236 0.984092 -11.696918
v -260.752380 0.984092 -11.609512
v -260.752380 1.675555 -11.609512
v -259.905090 1.675554 -11.704552
v -259.905090 0.984092 -11.704552
v -259.907654 2.520983 -11.727463
v -260.754944 2.520983 -11.632423
v -260.754944 1.737030 -11.632423
v -259.907654 1.737030 -11.727463
v -260.755798 1.737030 -11.640060
v -260.755798 2.520983 -11.640060
v -259.908508 2.520983 -11.735100
v -259.908508 1.737030 -11.735100
v -262.152649 0.953357 -17.686943
v -261.995026 0.953357 -16.281815
v -261.991608 0.922618 -16.251266
v -262.156067 0.922618 -17.717487
v -262.152649 2.551724 -17.686939
v -261.995026 2.551724 -16.281811
v -262.156982 0.922618 -16.232716
v -262.160431 0.953357 -16.263264
v -262.318024 0.953357 -17.668392
v -262.321442 0.922618 -17.698936
v -262.318024 2.551724 -17.668388
v -262.160400 2.551724 -16.263260
v -262.206390 0.984094 -17.649982
v -262.136505 0.984094 -17.027145
v -262.133087 0.953357 -16.996601
v -262.209808 0.953357 -17.680531
v -262.206390 2.520986 -17.649979
v -262.209808 2.551724 -17.680527
v -262.136505 2.520986 -17.027145
v -262.133087 2.551724 -16.996601
v -262.163635 0.953357 -16.993176
v -262.167053 0.984094 -17.023720
v -262.236938 0.984094 -17.646557
v -262.240356 0.953357 -17.677105
v -262.236938 2.520986 -17.646553
v -262.240356 2.551724 -17.677101
v -262.167053 2.520986 -17.023720
v -262.163635 2.551724 -16.993176
v -262.160217 0.984094 -16.962627
v -262.086182 0.984094 -16.302521
v -262.082733 0.953357 -16.271976
v -262.160217 2.520986 -16.962627
v -262.086182 2.520986 -16.302517
v -262.082733 2.551724 -16.271973
v -262.113281 0.953357 -16.268551
v -262.116730 0.984094 -16.299095
v -262.190765 0.984094 -16.959202
v -262.194183 0.953357 -16.989750
v -262.190765 2.520986 -16.959202
v -262.194183 2.551724 -16.989750
v -262.116730 2.520986 -16.299091
v -262.113281 2.551724 -16.268547
v -262.146179 2.520986 -17.026062
v -262.146179 0.984094 -17.026062
v -262.216034 0.984094 -17.648899
v -262.216034 2.520986 -17.648895
v -262.223663 0.984094 -17.648045
v -262.153809 0.984094 -17.025208
v -262.153809 2.520986 -17.025208
v -262.223663 2.520986 -17.648041
v -262.095825 2.520986 -16.301434
v -262.095825 0.984094 -16.301437
v -262.169861 0.984094 -16.961544
v -262.169861 2.520986 -16.961544
v -262.177490 0.984094 -16.960690
v -262.103455 0.984094 -16.300583
v -262.103455 2.520986 -16.300579
v -262.177490 2.520986 -16.960690
v -261.863983 0.031220 -15.113453
v -261.555603 0.031220 -12.364288
v -261.552185 0.000482 -12.333740
v -261.867401 0.000482 -15.143997
v -261.863983 2.551722 -15.113449
v -261.555603 2.551722 -12.364285
v -261.717560 0.000482 -12.315189
v -261.721008 0.031220 -12.345737
v -262.029358 0.031220 -15.094902
v -262.032776 0.000482 -15.125446
v -262.029358 2.551722 -15.094898
v -261.721008 2.551722 -12.345734
v -261.666534 0.215646 -13.094177
v -261.604858 0.215646 -12.544346
v -261.584320 0.031220 -12.361069
v -261.687103 0.031220 -13.277458
v -261.666534 2.367294 -13.094177
v -261.687103 2.551722 -13.277454
v -261.604858 2.367294 -12.544342
v -261.584290 2.551722 -12.361065
v -261.614838 0.031220 -12.357643
v -261.635406 0.215646 -12.540920
v -261.697083 0.215646 -13.090752
v -261.717651 0.031220 -13.274033
v -261.697083 2.367294 -13.090752
v -261.717651 2.551722 -13.274029
v -261.635406 2.367294 -12.540916
v -261.614838 2.551722 -12.357639
v -261.799866 0.215646 -14.007141
v -261.738190 0.215646 -13.457310
v -261.820435 0.031220 -14.190418
v -261.799866 2.367294 -14.007137
v -261.820435 2.551722 -14.190414
v -261.738190 2.367294 -13.457306
v -261.748199 0.031220 -13.270607
v -261.768738 0.215646 -13.453884
v -261.830414 0.215646 -14.003716
v -261.850983 0.031220 -14.186993
v -261.830414 2.367294 -14.003712
v -261.850983 2.551722 -14.186989
v -261.768738 2.367294 -13.453880
v -261.748199 2.551722 -13.270603
v -261.933197 0.215646 -14.920101
v -261.871521 0.215646 -14.370270
v -261.953766 0.031220 -15.103382
v -261.933197 2.367294 -14.920101
v -261.953766 2.551722 -15.103378
v -261.871521 2.367294 -14.370270
v -261.881531 0.031220 -14.183567
v -261.902069 0.215646 -14.366844
v -261.963745 0.215646 -14.916676
v -261.984314 0.031220 -15.099957
v -261.963745 2.367294 -14.916676
v -261.984314 2.551722 -15.099953
v -261.902069 2.367294 -14.366844
v -261.881531 2.551722 -14.183563
v -261.614502 2.367294 -12.543259
v -261.614502 0.215646 -12.543262
v -261.676178 0.215646 -13.093094
v -261.676178 2.367294 -13.093094
v -261.683838 0.215646 -13.092239
v -261.622162 0.215646 -12.542408
v -261.622162 2.367294 -12.542404
v -261.683838 2.367294 -13.092239
v -261.747864 2.367294 -13.456223
v -261.747864 0.215646 -13.456226
v -261.809509 0.215646 -14.006058
v -261.809509 2.367294 -14.006054
v -261.817169 0.215646 -14.005203
v -261.755493 0.215646 -13.455372
v -261.755493 2.367294 -13.455368
v -261.817169 2.367294 -14.005199
v -261.881195 2.367294 -14.369186
v -261.881195 0.215646 -14.369186
v -261.942871 0.215646 -14.919018
v -261.942871 2.367294 -14.919018
v -261.950500 0.215646 -14.918163
v -261.888824 0.215646 -14.368332
v -261.888824 2.367294 -14.368332
v -261.950500 2.367294 -14.918163
v -260.567505 0.953356 -18.806210
v -260.567505 2.551724 -18.806210
v -259.583008 0.953356 -18.916637
v -259.583008 2.551723 -18.916637
v -260.586060 2.551724 -18.971592
v -260.586060 0.953356 -18.971592
v -259.601562 0.953356 -19.082020
v -259.601562 2.551723 -19.082020
v -260.543365 0.984094 -18.866798
v -260.543365 1.675556 -18.866798
v -260.573914 1.706295 -18.863373
v -260.573914 0.953356 -18.863373
v -259.619965 0.984094 -18.970375
v -259.589417 0.953356 -18.973801
v -259.619965 1.675556 -18.970375
v -259.589417 1.706295 -18.973801
v -260.577332 1.706295 -18.893917
v -260.546783 1.675556 -18.897343
v -260.546783 0.984094 -18.897343
v -260.577332 0.953356 -18.893917
v -259.623383 0.984094 -19.000919
v -259.592834 0.953356 -19.004345
v -259.623383 1.675556 -19.000919
v -259.592834 1.706295 -19.004345
v -260.546783 1.737032 -18.897343
v -260.546783 2.520985 -18.897343
v -260.577332 2.551724 -18.893917
v -259.623383 1.737032 -19.000919
v -259.623383 2.520985 -19.000919
v -259.592834 2.551723 -19.004345
v -260.580750 2.551724 -18.924465
v -260.550201 2.520985 -18.927891
v -260.550201 1.737032 -18.927891
v -260.580750 1.706295 -18.924465
v -259.626801 1.737032 -19.031467
v -259.596252 1.706295 -19.034893
v -259.626801 2.520985 -19.031467
v -259.596252 2.551723 -19.034893
v -259.621033 1.675556 -18.980026
v -260.544434 1.675556 -18.876450
v -260.544434 0.984094 -18.876450
v -259.621033 0.984094 -18.980026
v -260.545288 0.984094 -18.884087
v -260.545288 1.675556 -18.884087
v -259.621887 1.675556 -18.987663
v -259.621887 0.984094 -18.987663
v -259.624481 2.520985 -19.010574
v -260.547882 2.520985 -18.906998
v -260.547882 1.737032 -18.906998
v -259.624481 1.737032 -19.010574
v -260.548737 1.737032 -18.914635
v -260.548737 2.520985 -18.914635
v -259.625336 2.520985 -19.018211
v -259.625336 1.737032 -19.018211
v -255.706436 0.768929 -19.518929
v -254.301315 0.768928 -19.676537
v -255.706436 2.367296 -19.518929
v -254.301315 2.367296 -19.676537
v -254.282761 0.768928 -19.511154
v -255.687881 0.768929 -19.353546
v -255.687881 2.367296 -19.353546
v -254.282761 2.367296 -19.511154
v -255.669479 0.799666 -19.465191
v -255.046646 0.799666 -19.535053
v -255.016098 0.768928 -19.538479
v -255.700027 0.768929 -19.461765
v -255.669479 2.336557 -19.465191
v -255.700027 2.367296 -19.461765
v -255.046646 2.336557 -19.535053
v -255.016098 2.367296 -19.538479
v -255.012680 0.768928 -19.507935
v -255.043213 0.799666 -19.504509
v -255.666046 0.799666 -19.434647
v -255.696594 0.768929 -19.431221
v -255.666046 2.336557 -19.434647
v -255.696594 2.367296 -19.431221
v -255.043213 2.336557 -19.504509
v -255.012680 2.367296 -19.507935
v -254.982132 0.799666 -19.511360
v -254.322021 0.799666 -19.585407
v -254.291473 0.768928 -19.588833
v -254.982132 2.336557 -19.511360
v -254.322021 2.336557 -19.585403
v -254.291473 2.367296 -19.588829
v -254.288040 0.768928 -19.558285
v -254.318588 0.799666 -19.554859
v -254.978699 0.799666 -19.480812
v -255.009247 0.768928 -19.477386
v -254.978699 2.336557 -19.480812
v -255.009247 2.367296 -19.477386
v -254.318588 2.336557 -19.554855
v -254.288040 2.367296 -19.558281
v -255.045563 2.336557 -19.525402
v -255.045563 0.799666 -19.525402
v -255.668396 0.799666 -19.455540
v -255.668396 2.336557 -19.455540
v -255.667542 0.799666 -19.447903
v -255.044708 0.799666 -19.517765
v -255.044708 2.336557 -19.517765
v -255.667542 2.336557 -19.447903
v -254.320938 2.336557 -19.575752
v -254.320938 0.799666 -19.575752
v -254.981049 0.799666 -19.501709
v -254.981049 2.336557 -19.501709
v -254.980194 0.799666 -19.494072
v -254.320084 0.799666 -19.568115
v -254.320084 2.336557 -19.568115
v -254.980194 2.336557 -19.494072
v -260.675232 4.457469 -18.794125
v -260.675232 5.502554 -18.794125
v -259.770752 4.457469 -18.895580
v -259.770752 5.502553 -18.895580
v -260.693787 5.502554 -18.959507
v -260.693787 4.457469 -18.959507
v -259.789276 4.457469 -19.060963
v -259.789276 5.502553 -19.060963
v -260.651093 4.488206 -18.854717
v -260.651093 4.918459 -18.854717
v -260.681641 4.949197 -18.851288
v -260.681641 4.457469 -18.851288
v -259.807709 4.488206 -18.949318
v -259.777161 4.457469 -18.952744
v -259.807709 4.918459 -18.949318
v -259.777161 4.949196 -18.952744
v -260.685059 4.949197 -18.881832
v -260.654510 4.918459 -18.885262
v -260.654510 4.488206 -18.885262
v -260.685059 4.457469 -18.881832
v -259.811127 4.488206 -18.979862
v -259.780579 4.457469 -18.983288
v -259.811127 4.918459 -18.979862
v -259.780579 4.949196 -18.983288
v -260.654510 4.979935 -18.885262
v -260.654510 5.471817 -18.885262
v -260.685059 5.502554 -18.881832
v -259.811127 4.979934 -18.979862
v -259.811127 5.471816 -18.979862
v -259.780579 5.502553 -18.983288
v -260.688507 5.502554 -18.912380
v -260.657959 5.471817 -18.915810
v -260.657959 4.979935 -18.915810
v -260.688507 4.949197 -18.912380
v -259.814545 4.979934 -19.010410
v -259.783997 4.949196 -19.013836
v -259.814545 5.471816 -19.010410
v -259.783997 5.502553 -19.013836
v -259.808777 4.918459 -18.958969
v -260.652191 4.918459 -18.864368
v -260.652191 4.488206 -18.864368
v -259.808777 4.488206 -18.958969
v -260.653046 4.488206 -18.872005
v -260.653046 4.918459 -18.872005
v -259.809631 4.918459 -18.966606
v -259.809631 4.488206 -18.966606
v -259.812195 5.471816 -18.989517
v -260.655609 5.471817 -18.894917
v -260.655609 4.979935 -18.894917
v -259.812195 4.979934 -18.989517
v -260.656464 4.979935 -18.902554
v -260.656464 5.471817 -18.902554
v -259.813049 5.471816 -18.997154
v -259.813049 4.979934 -18.997154
v -258.011658 3.965663 -19.260357
v -256.606537 3.965662 -19.417965
v -258.011658 5.502553 -19.260357
v -256.606537 5.502553 -19.417965
v -256.587982 3.965662 -19.252583
v -257.993103 3.965663 -19.094975
v -257.993103 5.502553 -19.094975
v -256.587982 5.502553 -19.252583
v -257.974701 3.996400 -19.206619
v -257.351868 3.996400 -19.276482
v -257.321320 3.965662 -19.279907
v -258.005249 3.965663 -19.203194
v -257.974701 5.471817 -19.206619
v -258.005249 5.502553 -19.203194
v -257.351868 5.471817 -19.276482
v -257.321320 5.502553 -19.279907
v -257.317902 3.965662 -19.249363
v -257.348450 3.996400 -19.245937
v -257.971283 3.996400 -19.176075
v -258.001831 3.965663 -19.172649
v -257.971283 5.471817 -19.176075
v -258.001831 5.502553 -19.172649
v -257.348450 5.471817 -19.245937
v -257.317902 5.502553 -19.249363
v -257.287354 3.996400 -19.252789
v -256.627228 3.996400 -19.326836
v -256.596680 3.965662 -19.330261
v -257.287354 5.471817 -19.252789
v -256.627228 5.471817 -19.326832
v -256.596680 5.502553 -19.330257
v -256.593262 3.965662 -19.299713
v -256.623810 3.996400 -19.296288
v -257.283936 3.996400 -19.222240
v -257.314453 3.965662 -19.218815
v -257.283936 5.471817 -19.222240
v -257.314453 5.502553 -19.218815
v -256.623810 5.471817 -19.296284
v -256.593262 5.502553 -19.299709
v -257.350769 5.471817 -19.266830
v -257.350769 3.996400 -19.266830
v -257.973602 3.996400 -19.196968
v -257.973602 5.471817 -19.196968
v -257.972748 3.996400 -19.189331
v -257.349915 3.996400 -19.259193
v -257.349915 5.471817 -19.259193
v -257.972748 5.471817 -19.189331
v -256.626160 5.471817 -19.317181
v -256.626160 3.996400 -19.317181
v -257.286255 3.996400 -19.243137
v -257.286255 5.471817 -19.243137
v -257.285400 3.996400 -19.235500
v -256.625305 3.996400 -19.309544
v -256.625305 5.471817 -19.309544
v -257.285400 5.471817 -19.235500
v -259.146210 3.965661 -11.709757
v -259.146210 5.502551 -11.709757
v -258.393372 3.965661 -11.794203
v -258.393372 5.502551 -11.794203
v -259.195312 5.533290 -11.871714
v -259.164764 5.502551 -11.875139
v -259.164764 3.965661 -11.875139
v -259.195312 3.934923 -11.871714
v -258.411926 3.965661 -11.959585
v -258.381378 3.934923 -11.963011
v -258.411926 5.502551 -11.959585
v -258.381378 5.533290 -11.963011
v -259.122070 3.996398 -11.770342
v -259.122070 4.433503 -11.770342
v -259.152618 4.464241 -11.766916
v -259.152618 3.965661 -11.766916
v -258.430328 3.996398 -11.847937
v -258.399780 3.965661 -11.851362
v -258.430328 4.433503 -11.847937
v -258.399780 4.464241 -11.851362
v -259.156036 4.464241 -11.797464
v -259.125488 4.433503 -11.800890
v -259.125488 3.996398 -11.800890
v -259.156036 3.965661 -11.797464
v -258.433746 3.996398 -11.878485
v -258.403198 3.965661 -11.881910
v -258.433746 4.433503 -11.878485
v -258.403198 4.464241 -11.881910
v -259.125488 4.494978 -11.800890
v -259.125488 5.471814 -11.800890
v -259.156036 5.502551 -11.797464
v -258.433746 4.494978 -11.878485
v -258.433746 5.471814 -11.878485
v -258.403198 5.502551 -11.881910
v -259.159485 5.502551 -11.828009
v -259.128937 5.471814 -11.831434
v -259.128937 4.494978 -11.831434
v -259.159485 4.464241 -11.828009
v -258.437164 4.494978 -11.909029
v -258.406616 4.464241 -11.912457
v -258.437164 5.471814 -11.909029
v -258.406616 5.502551 -11.912457
v -258.431396 4.433503 -11.857588
v -259.123169 4.433503 -11.779993
v -259.123169 3.996398 -11.779993
v -258.431396 3.996398 -11.857588
v -259.124023 3.996398 -11.787630
v -259.124023 4.433503 -11.787630
v -258.432251 4.433503 -11.865225
v -258.432251 3.996398 -11.865225
v -258.434814 5.471814 -11.888136
v -259.126587 5.471814 -11.810541
v -259.126587 4.494978 -11.810541
v -258.434814 4.494978 -11.888136
v -259.127441 4.494978 -11.818178
v -259.127441 5.471814 -11.818178
v -258.435699 5.471814 -11.895773
v -258.435699 4.494978 -11.895773
v -260.774078 3.965661 -11.527164
v -260.774078 5.502552 -11.527164
v -260.021240 3.965661 -11.611609
v -260.021240 5.502552 -11.611609
v -260.823181 5.533291 -11.689119
v -260.792633 5.502552 -11.692545
v -260.792633 3.965661 -11.692545
v -260.823181 3.934923 -11.689119
v -260.039795 3.965661 -11.776991
v -260.009247 3.934923 -11.780416
v -260.039795 5.502552 -11.776991
v -260.009247 5.533291 -11.780416
v -260.749939 3.996399 -11.587747
v -260.749939 4.433503 -11.587747
v -260.780487 4.464241 -11.584322
v -260.780487 3.965661 -11.584322
v -260.058197 3.996399 -11.665342
v -260.027649 3.965661 -11.668768
v -260.058197 4.433503 -11.665342
v -260.027649 4.464241 -11.668768
v -260.783905 4.464241 -11.614870
v -260.753357 4.433503 -11.618296
v -260.753357 3.996399 -11.618296
v -260.783905 3.965661 -11.614870
v -260.061615 3.996399 -11.695890
v -260.031067 3.965661 -11.699316
v -260.061615 4.433503 -11.695890
v -260.031067 4.464241 -11.699316
v -260.753357 4.494979 -11.618296
v -260.753357 5.471815 -11.618296
v -260.783905 5.502552 -11.614870
v -260.061615 4.494979 -11.695890
v -260.061615 5.471815 -11.695890
v -260.031067 5.502552 -11.699316
v -260.787354 5.502552 -11.645414
v -260.756805 5.471815 -11.648840
v -260.756805 4.494979 -11.648840
v -260.787354 4.464241 -11.645414
v -260.065033 4.494979 -11.726435
v -260.034485 4.464241 -11.729860
v -260.065033 5.471815 -11.726435
v -260.034485 5.502552 -11.729860
v -260.059265 4.433503 -11.674994
v -260.751038 4.433503 -11.597399
v -260.751038 3.996399 -11.597399
v -260.059265 3.996399 -11.674994
v -260.751892 3.996399 -11.605036
v -260.751892 4.433503 -11.605036
v -260.060120 4.433503 -11.682630
v -260.060120 3.996399 -11.682630
v -260.062683 5.471815 -11.705544
v -260.754456 5.471815 -11.627947
v -260.754456 4.494979 -11.627947
v -260.062683 4.494979 -11.705544
v -260.755310 4.494979 -11.635584
v -260.755310 5.471815 -11.635584
v -260.063568 5.471815 -11.713179
v -260.063568 4.494979 -11.713179
v -262.338226 3.965663 -17.848583
v -262.338226 5.502554 -17.848576
v -262.341675 3.934925 -17.879128
v -262.249939 3.965663 -17.061375
v -262.249939 5.502554 -17.061375
v -262.172852 5.502554 -17.867126
v -262.172852 3.965663 -17.867126
v -262.084564 3.965663 -17.079926
v -262.084564 5.502554 -17.079926
v -262.277649 3.996401 -17.824444
v -262.277649 4.433505 -17.824444
v -262.281067 4.464243 -17.854988
v -262.281067 3.965663 -17.854988
v -262.196198 3.996401 -17.098331
v -262.192780 3.965663 -17.067787
v -262.196198 4.433505 -17.098331
v -262.192780 4.464243 -17.067787
v -262.250519 4.464243 -17.858414
v -262.247101 4.433505 -17.827869
v -262.247101 3.996401 -17.827869
v -262.250519 3.965663 -17.858414
v -262.165649 3.996401 -17.101757
v -262.162231 3.965663 -17.071213
v -262.165649 4.433505 -17.101757
v -262.162231 4.464243 -17.071213
v -262.247101 4.494981 -17.827869
v -262.247101 5.471817 -17.827869
v -262.250519 5.502554 -17.858414
v -262.165649 4.494981 -17.101757
v -262.165649 5.471817 -17.101757
v -262.162231 5.502554 -17.071213
v -262.219971 5.502554 -17.861839
v -262.216553 5.471817 -17.831295
v -262.216553 4.494981 -17.831295
v -262.219971 4.464243 -17.861839
v -262.135101 4.494981 -17.105183
v -262.131683 4.464243 -17.074638
v -262.135101 5.471817 -17.105183
v -262.131683 5.502554 -17.074638
v -262.186554 4.433505 -17.099415
v -262.268005 4.433505 -17.825527
v -262.268005 3.996401 -17.825527
v -262.186554 3.996401 -17.099415
v -262.260345 3.996401 -17.826382
v -262.260345 4.433505 -17.826382
v -262.178925 4.433505 -17.100269
v -262.178925 3.996401 -17.100269
v -262.156006 5.471817 -17.102840
v -262.237457 5.471817 -17.828953
v -262.237457 4.494981 -17.828953
v -262.156006 4.494981 -17.102840
v -262.229828 4.494981 -17.829807
v -262.229828 5.471817 -17.829807
v -262.148376 5.471817 -17.103695
v -262.148376 4.494981 -17.103695
v -261.731934 4.826321 -12.443319
v -261.998566 4.826322 -14.820219
v -261.731934 5.502552 -12.443319
v -261.998566 5.502553 -14.820219
v -261.833160 4.826322 -14.838770
v -261.566559 4.826321 -12.461870
v -261.566559 5.502552 -12.461870
v -261.833160 5.502553 -14.838770
v -261.678192 4.857058 -12.480280
v -261.796143 4.857059 -13.531824
v -261.799591 4.826322 -13.562368
v -261.674774 4.826321 -12.449732
v -261.678192 5.471815 -12.480280
v -261.674774 5.502552 -12.449732
v -261.796143 5.471816 -13.531824
v -261.799591 5.502553 -13.562368
v -261.769043 4.826322 -13.565794
v -261.765625 4.857059 -13.535250
v -261.647675 4.857058 -12.483706
v -261.644226 4.826321 -12.453157
v -261.647675 5.471815 -12.483706
v -261.644226 5.502552 -12.453157
v -261.765625 5.471816 -13.535250
v -261.769043 5.502553 -13.565794
v -261.772461 4.857059 -13.596342
v -261.907410 4.857059 -14.799509
v -261.910858 4.826322 -14.830057
v -261.772461 5.471816 -13.596342
v -261.907410 5.471816 -14.799509
v -261.910858 5.502553 -14.830057
v -261.880310 4.826322 -14.833483
v -261.876862 4.857059 -14.802935
v -261.741913 4.857059 -13.599768
v -261.738495 4.826322 -13.569219
v -261.741913 5.471816 -13.599768
v -261.738495 5.502553 -13.569219
v -261.876862 5.471816 -14.802935
v -261.880310 5.502553 -14.833483
v -261.786499 5.471816 -13.532907
v -261.786499 4.857059 -13.532907
v -261.668549 4.857058 -12.481363
v -261.668549 5.471815 -12.481363
v -261.660919 4.857058 -12.482218
v -261.778870 4.857059 -13.533762
v -261.778870 5.471816 -13.533762
v -261.660919 5.471815 -12.482218
v -261.897766 5.471816 -14.800592
v -261.897766 4.857059 -14.800592
v -261.762817 4.857059 -13.597425
v -261.762817 5.471816 -13.597425
v -261.755188 4.857059 -13.598280
v -261.890137 4.857059 -14.801447
v -261.890137 5.471816 -14.801447
v -261.755188 5.471816 -13.598280
v -254.858643 3.965662 -15.841673
v -254.858643 5.502552 -15.841673
v -254.767303 3.965660 -15.027342
v -254.767303 5.502552 -15.027342
v -254.691879 5.502552 -15.860376
v -254.691879 3.965662 -15.860376
v -254.600540 3.965660 -15.046045
v -254.600540 5.502552 -15.046045
v -254.796677 3.996400 -15.817690
v -254.796677 4.433503 -15.817690
v -254.800110 4.464241 -15.848238
v -254.800110 3.965662 -15.848238
v -254.712189 3.996398 -15.064455
v -254.708771 3.965660 -15.033907
v -254.712189 4.433503 -15.064455
v -254.708771 4.464241 -15.033907
v -254.769562 4.464241 -15.851663
v -254.766129 4.433503 -15.821115
v -254.766129 3.996400 -15.821115
v -254.769562 3.965662 -15.851663
v -254.681641 3.996398 -15.067881
v -254.678223 3.965660 -15.037332
v -254.681641 4.433503 -15.067881
v -254.678223 4.464241 -15.037332
v -254.766129 4.494979 -15.821115
v -254.766129 5.471814 -15.821115
v -254.769562 5.502552 -15.851663
v -254.681641 4.494979 -15.067881
v -254.681641 5.471814 -15.067881
v -254.678223 5.502552 -15.037332
v -254.739014 5.502552 -15.855089
v -254.735596 5.471814 -15.824541
v -254.735596 4.494979 -15.824541
v -254.739014 4.464241 -15.855089
v -254.651093 4.494979 -15.071306
v -254.647675 4.464241 -15.040758
v -254.651093 5.471814 -15.071306
v -254.647675 5.502552 -15.040758
v -254.702545 4.433503 -15.065538
v -254.787033 4.433503 -15.818773
v -254.787033 3.996400 -15.818773
v -254.702545 3.996398 -15.065538
v -254.779388 3.996400 -15.819628
v -254.779388 4.433503 -15.819628
v -254.694901 4.433503 -15.066393
v -254.694901 3.996398 -15.066393
v -254.671997 5.471814 -15.068964
v -254.756485 5.471814 -15.822199
v -254.756485 4.494979 -15.822199
v -254.671997 4.494979 -15.068964
v -254.748840 4.494979 -15.823057
v -254.748840 5.471814 -15.823057
v -254.664352 5.471814 -15.069822
v -254.664352 4.494979 -15.069822
v -254.694229 3.965660 -14.375834
v -254.694229 5.502552 -14.375834
v -254.697647 5.533290 -14.406378
v -254.697647 3.934924 -14.406378
v -254.588104 3.965660 -13.429735
v -254.588104 5.502552 -13.429735
v -254.530884 5.533290 -14.425081
v -254.527466 5.502552 -14.394537
v -254.527466 3.965660 -14.394541
v -254.421341 3.965660 -13.448439
v -254.421341 5.502552 -13.448439
v -254.632263 3.996398 -14.351854
v -254.632263 4.433503 -14.351851
v -254.635681 4.464241 -14.382401
v -254.635681 3.965660 -14.382402
v -254.532990 3.996398 -13.466848
v -254.529572 3.965660 -13.436300
v -254.532990 4.433503 -13.466848
v -254.529572 4.464241 -13.436300
v -254.605133 4.464241 -14.385824
v -254.601715 4.433503 -14.355276
v -254.601715 3.996398 -14.355280
v -254.605133 3.965660 -14.385828
v -254.502441 3.996398 -13.470274
v -254.499023 3.965660 -13.439726
v -254.502441 4.433503 -13.470274
v -254.499023 4.464241 -13.439726
v -254.601715 4.494979 -14.355276
v -254.601715 5.471814 -14.355276
v -254.605133 5.502552 -14.385824
v -254.502441 4.494979 -13.470274
v -254.502441 5.471814 -13.470274
v -254.499023 5.502552 -13.439726
v -254.574600 5.502552 -14.389250
v -254.571167 5.471814 -14.358702
v -254.571167 4.494979 -14.358702
v -254.574600 4.464241 -14.389250
v -254.471893 4.494979 -13.473699
v -254.468475 4.464241 -13.443151
v -254.471893 5.471814 -13.473699
v -254.468475 5.502552 -13.443151
v -254.523346 4.433503 -13.467932
v -254.622604 4.433503 -14.352934
v -254.622604 3.996398 -14.352938
v -254.523346 3.996398 -13.467932
v -254.614975 3.996398 -14.353792
v -254.614975 4.433503 -14.353788
v -254.515701 4.433503 -13.468786
v -254.515701 3.996398 -13.468786
v -254.492798 5.471814 -13.471357
v -254.592056 5.471814 -14.356359
v -254.592056 4.494979 -14.356359
v -254.492798 4.494979 -13.471357
v -254.584427 4.494979 -14.357218
v -254.584427 5.471814 -14.357218
v -254.485153 5.471814 -13.472216
v -254.485153 4.494979 -13.472216
v -254.945618 4.603955 -18.122524
v -251.845871 4.603954 -18.470219
v -251.932983 4.532323 -18.557430
v -254.880005 4.532320 -18.226871
v -252.064468 2.784367 -20.419123
v -252.133698 2.844435 -20.346874
v -255.164230 2.784368 -20.071430
v -255.080719 2.844435 -20.016315
v -254.730789 2.784162 -16.207195
v -251.631027 2.784161 -16.554890
v -251.714462 2.844638 -16.609318
v -254.661484 2.844638 -16.278759
v -251.911591 4.531709 -18.366692
v -254.858612 4.531709 -18.036133
v -251.929398 4.513152 -18.525509
v -254.876419 4.513149 -18.194950
v -252.130112 2.825264 -20.314949
v -255.077148 2.825265 -19.984390
v -251.718063 2.825673 -16.641457
v -254.665100 2.825673 -16.310894
v -251.915192 4.512742 -18.398834
v -254.862213 4.512743 -18.068275
v -251.985657 2.795934 -20.395458
v -251.770660 4.603954 -18.478653
v -251.770660 4.494869 -18.478653
v -251.985657 2.679198 -20.395458
v -251.559402 2.795934 -16.595291
v -251.559402 2.679198 -16.595291
v -251.845871 4.494869 -18.470219
v -252.060867 2.795934 -20.387022
v -252.060867 2.679198 -20.387022
v -251.634613 2.679198 -16.586857
v -251.634613 2.795934 -16.586857
v -261.690338 3.778942 -11.457685
v -264.428772 2.792881 -18.463242
v -263.389221 2.792877 -9.195545
v -252.741394 2.793045 -16.384491
v -254.223129 3.778774 -12.295153
v -252.077408 2.793043 -10.464951
v -252.161697 2.791260 -10.345078
v -261.575531 3.780558 -11.367525
v -263.279999 2.791261 -9.097965
v -251.832184 2.644462 -10.191586
v -251.989456 2.758066 -10.294659
v -251.818481 2.679043 -10.182610
v -263.567963 2.644462 -8.875214
v -263.533844 2.632936 -8.910568
v -263.579315 2.679042 -8.863426
v -251.818481 2.758066 -10.182610
v -252.731232 2.632938 -16.907639
v -252.731232 2.758068 -16.907639
v -251.989456 2.632936 -10.294659
v -263.437408 2.758066 -9.010571
v -263.437408 2.632936 -9.010571
v -264.505402 2.758070 -18.531967
v -252.620605 2.632938 -16.920048
v -252.586243 2.644464 -16.923904
v -252.063507 2.820412 -10.466511
v -252.160217 2.818982 -10.331882
v -252.574783 2.679045 -16.925186
v -263.579315 2.758066 -8.863426
v -264.650391 2.644466 -18.515705
v -251.873260 2.632936 -10.218510
v -263.403076 2.820279 -9.193993
v -263.278503 2.818982 -9.084770
v -261.625153 3.842771 -11.424742
v -262.514221 3.806346 -18.677990
v -261.704163 3.806344 -11.456133
v -264.519257 2.785473 -18.530415
v -264.442596 2.820283 -18.461689
v -254.279266 3.842761 -12.248720
v -254.313690 3.808280 -12.168707
v -254.209229 3.806146 -12.296709
v -263.443665 2.787088 -9.002617
v -252.664810 2.785437 -16.441135
v -254.761078 3.806148 -17.216537
v -252.727493 2.820414 -16.386051
v -254.842850 3.841125 -17.331779
v -261.618561 3.813755 -11.432440
v -262.500397 3.778944 -18.679543
v -254.315170 3.780557 -12.181902
v -252.678726 2.758068 -16.439575
v -254.774979 3.778776 -17.214981
v -264.661835 2.758070 -18.514420
v -264.661835 2.679046 -18.514420
v -254.856750 3.813756 -17.330219
v -264.505402 2.632939 -18.531967
v -262.440857 3.813757 -18.763542
v -261.574036 3.808280 -11.354330
v -262.454712 3.841159 -18.761990
v -261.690186 3.778668 -11.457701
v -263.389099 2.792603 -9.195560
v -264.428619 2.792606 -18.463257
v -251.981583 2.787082 -10.288261
v -254.287445 3.813754 -12.254751
v -252.741531 2.792771 -16.384476
v -252.077545 2.792769 -10.464935
v -254.223267 3.778501 -12.295137
v -252.161713 2.790982 -10.345211
v -263.279999 2.790983 -9.098099
v -261.575531 3.780281 -11.367661
v -251.833359 2.645059 -10.192009
v -251.818893 2.679088 -10.183193
v -251.989594 2.757615 -10.294338
v -263.567383 2.644265 -8.873795
v -263.594208 2.674300 -8.848423
v -263.534027 2.633301 -8.910805
v -251.819305 2.757486 -10.182808
v -251.984406 2.642213 -10.295162
v -252.730881 2.757760 -16.907368
v -263.437195 2.757279 -9.010452
v -263.438202 2.634276 -9.010399
v -264.505676 2.757763 -18.531628
v -252.620621 2.633263 -16.919758
v -252.586700 2.644675 -16.923626
v -251.991470 2.758704 -10.295547
v -252.159988 2.818554 -10.331779
v -252.063568 2.819805 -10.466057
v -252.575089 2.679098 -16.924866
v -263.580872 2.757494 -8.863968
v -264.649872 2.644676 -18.515537
v -264.442810 2.819284 -18.461758
v -264.503906 2.758576 -18.530155
v -262.513306 3.805910 -18.678185
v -251.873138 2.633300 -10.218781
v -263.402618 2.819747 -9.193672
v -263.278748 2.818439 -9.084858
v -263.437469 2.758313 -9.010139
v -261.627075 3.840836 -11.424124
v -261.703705 3.806111 -11.456114
v -264.518677 2.785146 -18.529793
v -254.277267 3.840833 -12.248545
v -254.209656 3.805913 -12.296602
v -254.313400 3.807974 -12.169176
v -263.444122 2.786976 -9.002853
v -252.665543 2.785339 -16.441017
v -252.727661 2.819860 -16.386421
v -254.761520 3.805916 -17.216454
v -254.842789 3.840807 -17.332405
v -261.618774 3.813552 -11.431673
v -261.690369 3.779434 -11.457312
v -261.575684 3.780959 -11.367601
v -262.500732 3.779703 -18.680138
v -264.429199 2.793016 -18.463501
v -263.389832 2.793408 -9.195011
v -252.076691 2.793578 -10.464558
v -254.223007 3.779266 -12.294802
v -254.315018 3.780958 -12.182014
v -252.680664 2.758960 -16.438519
v -252.740997 2.793152 -16.384747
v -254.774368 3.780103 -17.216305
v -252.161484 2.791435 -10.344692
v -263.281342 2.793608 -9.096840
v -264.661499 2.679100 -18.514172
v -264.661499 2.757761 -18.514149
v -254.857224 3.814244 -17.330208
v -262.500244 3.778670 -18.679558
v -254.775116 3.778503 -17.214962
v -254.315186 3.780280 -12.182035
v -264.505676 2.633247 -18.531628
v -252.730881 2.633245 -16.907368
v -261.574432 3.807975 -11.354723
v -262.455566 3.840323 -18.761810
v -251.983368 2.786299 -10.288532
v -262.440979 3.814036 -18.762379
v -254.287064 3.813551 -12.254053
v -252.574783 2.758068 -16.925186
v -264.616028 2.632939 -18.519558
v -252.575058 2.757759 -16.924850
v -264.615936 2.633264 -18.519279
v -252.731232 2.582771 -16.907639
v -251.989456 2.582769 -10.294659
v -263.437408 2.582768 -9.010571
v -264.505402 2.582772 -18.531967
v -261.618561 2.582770 -11.432442
v -254.287445 2.582769 -12.254753
v -262.440857 2.582772 -18.763542
v -254.783539 2.582771 -16.677437
v -252.598450 1.107042 -14.943947
v -252.577881 1.107042 -14.760670
v -252.529846 1.107042 -14.722317
v -252.560089 1.107042 -14.991993
v -252.761169 1.107042 -14.740112
v -252.799515 1.107042 -14.692070
v -252.781723 1.107042 -14.923389
v -252.829773 1.107042 -14.961746
v -252.577881 2.500674 -14.760670
v -252.598450 2.500674 -14.943947
v -252.560089 2.500674 -14.991993
v -252.529846 2.500674 -14.722317
v -252.781723 2.500674 -14.923389
v -252.829773 2.500674 -14.961746
v -252.761169 2.500674 -14.740112
v -252.799515 2.500674 -14.692070
v -252.560089 0.092694 -14.991993
v -252.529846 0.092694 -14.722317
v -252.481796 0.092694 -14.683964
v -252.521744 0.092694 -15.040035
v -252.799515 0.092694 -14.692070
v -252.837875 0.092694 -14.644028
v -252.829773 0.092694 -14.961746
v -252.877808 0.092694 -15.000099
v -252.366486 1.107042 -12.876045
v -252.345932 1.107042 -12.692768
v -252.297897 1.107042 -12.654415
v -252.328140 1.107042 -12.924091
v -252.529205 1.107042 -12.672211
v -252.567566 1.107042 -12.624168
v -252.549774 1.107042 -12.855488
v -252.597809 1.107042 -12.893845
v -252.345932 2.500674 -12.692768
v -252.366486 2.500674 -12.876045
v -252.328140 2.500674 -12.924091
v -252.297882 2.500674 -12.654415
v -252.549774 2.500674 -12.855488
v -252.597809 2.500674 -12.893845
v -252.529205 2.500674 -12.672211
v -252.567566 2.500674 -12.624168
v -252.328140 0.092694 -12.924091
v -252.297897 0.092694 -12.654415
v -252.249847 0.092694 -12.616062
v -252.289795 0.092694 -12.972137
v -252.567566 0.092694 -12.624168
v -252.605927 0.092694 -12.576126
v -252.597809 0.092694 -12.893845
v -252.645859 0.092694 -12.932201
v -252.106110 1.107042 -10.554646
v -252.085556 1.107042 -10.371372
v -252.037506 1.107042 -10.333012
v -252.067749 1.107042 -10.602692
v -252.268829 1.107042 -10.350815
v -252.307175 1.107042 -10.302765
v -252.289383 1.107042 -10.534088
v -252.337433 1.107042 -10.572445
v -252.085556 2.500674 -10.371372
v -252.106110 2.500674 -10.554646
v -252.067749 2.500674 -10.602692
v -252.037506 2.500674 -10.333012
v -252.289383 2.500674 -10.534088
v -252.337433 2.500674 -10.572445
v -252.268829 2.500674 -10.350815
v -252.307175 2.500674 -10.302765
v -252.067749 0.092694 -10.602692
v -252.037506 0.092694 -10.333012
v -251.989456 0.092694 -10.294659
v -252.029404 0.092694 -10.650730
v -252.307175 0.092694 -10.302765
v -252.345535 0.092694 -10.254723
v -252.337433 0.092694 -10.572445
v -252.385468 0.092694 -10.610794
v -254.548019 1.107043 -10.280743
v -254.527466 1.107043 -10.097469
v -254.479416 1.107043 -10.059109
v -254.509674 1.107043 -10.328789
v -254.710739 1.107043 -10.076912
v -254.749100 1.107043 -10.028858
v -254.731293 1.107043 -10.260185
v -254.779343 1.107043 -10.298538
v -254.527466 2.500675 -10.097469
v -254.548019 2.500675 -10.280743
v -254.509674 2.500675 -10.328789
v -254.479416 2.500675 -10.059109
v -254.731293 2.500675 -10.260185
v -254.779343 2.500675 -10.298538
v -254.710739 2.500675 -10.076912
v -254.749100 2.500675 -10.028858
v -254.509674 0.092694 -10.328789
v -254.479416 0.092694 -10.059109
v -254.431381 0.092694 -10.020756
v -254.471313 0.092694 -10.376827
v -254.749100 0.092694 -10.028858
v -254.787445 0.092694 -9.980816
v -254.779343 0.092694 -10.298538
v -254.827393 0.092694 -10.336887
v -257.176270 1.107043 -9.985939
v -257.155701 1.107043 -9.802666
v -257.107666 1.107043 -9.764305
v -257.137909 1.107043 -10.033985
v -257.338989 1.107043 -9.782108
v -257.377350 1.107043 -9.734055
v -257.359558 1.107043 -9.965382
v -257.407593 1.107043 -10.003735
v -257.155701 2.500675 -9.802666
v -257.176270 2.500675 -9.985939
v -257.137909 2.500675 -10.033985
v -257.107666 2.500675 -9.764305
v -257.359558 2.500675 -9.965382
v -257.407593 2.500675 -10.003735
v -257.338989 2.500675 -9.782108
v -257.377350 2.500675 -9.734055
v -257.137909 0.092695 -10.033985
v -257.107666 0.092695 -9.764305
v -257.059631 0.092695 -9.725952
v -257.099548 0.092695 -10.082024
v -257.377350 0.092695 -9.734055
v -257.415710 0.092695 -9.686012
v -257.407593 0.092695 -10.003735
v -257.455627 0.092695 -10.042084
v -259.620026 1.107044 -9.711826
v -259.599487 1.107044 -9.528553
v -259.551422 1.107044 -9.490192
v -259.581696 1.107044 -9.759872
v -259.782745 1.107044 -9.507996
v -259.821106 1.107044 -9.459946
v -259.803314 1.107044 -9.691269
v -259.851349 1.107044 -9.729626
v -259.599487 2.500675 -9.528553
v -259.620026 2.500675 -9.711826
v -259.581696 2.500675 -9.759872
v -259.551422 2.500674 -9.490192
v -259.803314 2.500675 -9.691269
v -259.851349 2.500675 -9.729626
v -259.782745 2.500674 -9.507996
v -259.821106 2.500674 -9.459946
v -259.581696 0.092695 -9.759872
v -259.551422 0.092695 -9.490192
v -259.503387 0.092695 -9.451839
v -259.543335 0.092695 -9.807911
v -259.821106 0.092695 -9.459946
v -259.859467 0.092695 -9.411900
v -259.851349 0.092695 -9.729626
v -259.899414 0.092695 -9.767971
v -261.389374 1.107044 -9.513363
v -261.368835 1.107044 -9.330090
v -261.320770 1.107044 -9.291729
v -261.351013 1.107044 -9.561409
v -261.552094 1.107044 -9.309532
v -261.590454 1.107044 -9.261482
v -261.572662 1.107044 -9.492805
v -261.620697 1.107044 -9.531162
v -261.368835 2.500674 -9.330090
v -261.389374 2.500675 -9.513363
v -261.351013 2.500675 -9.561409
v -261.320770 2.500674 -9.291729
v -261.572662 2.500674 -9.492805
v -261.620697 2.500675 -9.531162
v -261.552094 2.500674 -9.309532
v -261.590454 2.500674 -9.261482
v -261.351013 0.092696 -9.561409
v -261.320770 0.092696 -9.291729
v -261.272736 0.092696 -9.253380
v -261.312683 0.092696 -9.609451
v -261.590454 0.092696 -9.261482
v -261.628815 0.092695 -9.213440
v -261.620697 0.092696 -9.531162
v -261.668732 0.092696 -9.569511
v -263.197998 1.107044 -9.310497
v -263.177429 1.107042 -9.127224
v -263.129395 1.107042 -9.088863
v -263.159637 1.107044 -9.358543
v -263.360718 1.107042 -9.106667
v -263.399078 1.107042 -9.058613
v -263.381256 1.107044 -9.289940
v -263.429321 1.107044 -9.328293
v -263.177429 2.500675 -9.127224
v -263.197998 2.500675 -9.310497
v -263.159637 2.500675 -9.358543
v -263.129395 2.500675 -9.088863
v -263.381256 2.500675 -9.289940
v -263.429321 2.500675 -9.328293
v -263.360718 2.500675 -9.106667
v -263.399078 2.500675 -9.058613
v -263.159637 0.092696 -9.358543
v -263.129395 0.092694 -9.088863
v -263.081329 0.092694 -9.050510
v -263.121277 0.092696 -9.406582
v -263.399078 0.092694 -9.058613
v -263.437408 0.092694 -9.010571
v -263.429321 0.092696 -9.328293
v -263.477356 0.092696 -9.366642
v -263.476166 1.107044 -11.790424
v -263.455597 1.107044 -11.607143
v -263.407562 1.107044 -11.568790
v -263.437805 1.107044 -11.838467
v -263.638885 1.107044 -11.586586
v -263.677246 1.107044 -11.538540
v -263.659424 1.107044 -11.769867
v -263.707489 1.107044 -11.808216
v -263.455597 2.500676 -11.607143
v -263.476166 2.500676 -11.790424
v -263.437805 2.500676 -11.838467
v -263.407562 2.500676 -11.568790
v -263.659424 2.500676 -11.769867
v -263.707489 2.500676 -11.808216
v -263.638885 2.500676 -11.586586
v -263.677246 2.500676 -11.538540
v -263.437805 0.092696 -11.838467
v -263.407562 0.092696 -11.568790
v -263.359497 0.092696 -11.530437
v -263.399445 0.092696 -11.886509
v -263.677246 0.092696 -11.538540
v -263.715576 0.092696 -11.490498
v -263.707489 0.092696 -11.808216
v -263.755524 0.092696 -11.846569
v -263.893402 1.107046 -15.510292
v -263.872833 1.107046 -15.327015
v -263.824799 1.107046 -15.288658
v -263.855042 1.107046 -15.558334
v -264.056122 1.107046 -15.306458
v -264.094482 1.107046 -15.258408
v -264.076691 1.107046 -15.489735
v -264.124725 1.107046 -15.528084
v -263.872833 2.500676 -15.327015
v -263.893402 2.500678 -15.510292
v -263.855042 2.500678 -15.558334
v -263.824799 2.500676 -15.288658
v -264.076691 2.500678 -15.489735
v -264.124725 2.500678 -15.528084
v -264.056122 2.500676 -15.306458
v -264.094482 2.500676 -15.258408
v -263.855042 0.092698 -15.558334
v -263.824799 0.092696 -15.288658
v -263.776764 0.092696 -15.250301
v -263.816711 0.092698 -15.606377
v -264.094482 0.092696 -15.258408
v -264.132843 0.092696 -15.210361
v -264.124725 0.092698 -15.528084
v -264.172760 0.092698 -15.566437
v -264.226044 1.107046 -18.475822
v -264.205475 1.107046 -18.292545
v -264.157440 1.107046 -18.254189
v -264.187683 1.107046 -18.523865
v -264.388763 1.107046 -18.271988
v -264.427124 1.107046 -18.223938
v -264.409332 1.107046 -18.455265
v -264.457367 1.107046 -18.493614
v -264.205475 2.500678 -18.292545
v -264.226044 2.500678 -18.475822
v -264.187683 2.500678 -18.523865
v -264.157440 2.500678 -18.254189
v -264.409332 2.500678 -18.455265
v -264.457367 2.500678 -18.493614
v -264.388763 2.500678 -18.271988
v -264.427124 2.500678 -18.223938
v -264.187683 0.092698 -18.523865
v -264.157440 0.092698 -18.254189
v -264.109406 0.092698 -18.215836
v -264.149323 0.092698 -18.571907
v -264.427124 0.092698 -18.223938
v -264.465485 0.092698 -18.175896
v -264.457367 0.092698 -18.493614
v -264.505402 0.092698 -18.531967
v -252.521744 0.000480 -15.040035
v -252.481796 0.000480 -14.683964
v -252.877808 0.000480 -15.000099
v -252.837875 0.000480 -14.644028
v -252.560089 2.582458 -14.991993
v -252.529846 2.582458 -14.722317
v -252.829773 2.582458 -14.961746
v -252.799515 2.582458 -14.692070
v -252.289795 0.000480 -12.972137
v -252.249847 0.000480 -12.616062
v -252.645859 0.000480 -12.932201
v -252.605927 0.000480 -12.576126
v -252.328140 2.582458 -12.924091
v -252.297882 2.582458 -12.654415
v -252.597809 2.582458 -12.893845
v -252.567566 2.582458 -12.624168
v -252.029404 0.000480 -10.650730
v -252.385468 0.000480 -10.610794
v -252.345535 0.000480 -10.254723
v -252.067749 2.582458 -10.602692
v -252.037506 2.582458 -10.333012
v -252.337433 2.582458 -10.572445
v -252.307175 2.582458 -10.302765
v -254.471313 0.000481 -10.376827
v -254.431381 0.000481 -10.020756
v -254.827393 0.000481 -10.336887
v -254.787445 0.000481 -9.980816
v -254.509674 2.582458 -10.328789
v -254.479416 2.582458 -10.059109
v -254.779343 2.582458 -10.298538
v -254.749100 2.582458 -10.028858
v -257.099548 0.000481 -10.082024
v -257.059631 0.000481 -9.725952
v -257.455627 0.000481 -10.042084
v -257.415710 0.000481 -9.686012
v -257.137909 2.582459 -10.033985
v -257.107666 2.582459 -9.764305
v -257.407593 2.582459 -10.003735
v -257.377350 2.582459 -9.734055
v -259.543335 0.000482 -9.807911
v -259.503387 0.000482 -9.451839
v -259.899414 0.000482 -9.767971
v -259.859467 0.000482 -9.411900
v -259.581696 2.582459 -9.759872
v -259.551422 2.582458 -9.490192
v -259.851349 2.582459 -9.729626
v -259.821106 2.582458 -9.459946
v -261.312683 0.000482 -9.609451
v -261.272736 0.000482 -9.253380
v -261.668732 0.000482 -9.569511
v -261.628815 0.000482 -9.213440
v -261.351013 2.582460 -9.561409
v -261.320770 2.582459 -9.291729
v -261.620697 2.582460 -9.531162
v -261.590454 2.582459 -9.261482
v -263.121277 0.000482 -9.406582
v -263.081329 0.000480 -9.050510
v -263.477356 0.000483 -9.366642
v -263.159637 2.582459 -9.358543
v -263.129395 2.582459 -9.088863
v -263.429321 2.582459 -9.328293
v -263.399078 2.582459 -9.058613
v -263.399445 0.000482 -11.886509
v -263.359497 0.000482 -11.530437
v -263.755524 0.000483 -11.846569
v -263.715576 0.000483 -11.490498
v -263.437805 2.582460 -11.838467
v -263.407562 2.582460 -11.568790
v -263.707489 2.582460 -11.808216
v -263.677246 2.582460 -11.538540
v -263.816711 0.000484 -15.606377
v -263.776764 0.000482 -15.250301
v -264.172760 0.000485 -15.566437
v -264.132843 0.000483 -15.210361
v -263.855042 2.582462 -15.558334
v -263.824799 2.582460 -15.288658
v -264.124725 2.582462 -15.528084
v -264.094482 2.582460 -15.258408
v -264.149323 0.000484 -18.571907
v -264.109406 0.000484 -18.215836
v -264.465485 0.000485 -18.175896
v -264.187683 2.582462 -18.523865
v -264.157440 2.582462 -18.254189
v -264.457367 2.582462 -18.493614
v -264.427124 2.582462 -18.223938
v -252.172043 0.922615 -10.590996
v -252.233139 0.922615 -10.584141
v -252.695221 0.922615 -14.703766
v -252.634140 0.922615 -14.710621
v -252.172043 0.984091 -10.590996
v -252.634140 0.984091 -14.710621
v -252.695221 0.984091 -14.703766
v -252.233139 0.984091 -10.584141
v -252.633347 0.000480 -14.565674
v -252.636765 0.000480 -14.596222
v -252.636765 0.922615 -14.596222
v -252.633347 0.922615 -14.565674
v -252.667313 0.000480 -14.592793
v -252.667313 0.922615 -14.592793
v -252.663879 0.000480 -14.562244
v -252.663879 0.922615 -14.562244
v -252.617630 0.000480 -14.425613
v -252.621063 0.000480 -14.456161
v -252.621063 0.922615 -14.456161
v -252.617630 0.922615 -14.425613
v -252.651596 0.000480 -14.452732
v -252.651596 0.922615 -14.452732
v -252.648178 0.000480 -14.422184
v -252.648178 0.922615 -14.422184
v -252.601929 0.000480 -14.285553
v -252.605347 0.000480 -14.316097
v -252.605347 0.922615 -14.316097
v -252.601929 0.922615 -14.285553
v -252.635895 0.000480 -14.312668
v -252.635895 0.922615 -14.312668
v -252.632462 0.000480 -14.282124
v -252.632462 0.922615 -14.282124
v -252.586212 0.000480 -14.145489
v -252.589630 0.000480 -14.176033
v -252.589630 0.922615 -14.176033
v -252.586212 0.922615 -14.145489
v -252.620178 0.000480 -14.172604
v -252.620178 0.922615 -14.172604
v -252.616760 0.000480 -14.142059
v -252.616760 0.922615 -14.142059
v -252.570496 0.000480 -14.005428
v -252.573929 0.000480 -14.035976
v -252.573929 0.922615 -14.035976
v -252.570496 0.922615 -14.005428
v -252.604477 0.000480 -14.032547
v -252.604477 0.922615 -14.032547
v -252.601044 0.000480 -14.001999
v -252.601044 0.922615 -14.001999
v -252.554794 0.000480 -13.865364
v -252.558212 0.000480 -13.895912
v -252.558212 0.922615 -13.895912
v -252.554794 0.922615 -13.865364
v -252.588760 0.000480 -13.892483
v -252.588760 0.922615 -13.892483
v -252.585327 0.000480 -13.861935
v -252.585327 0.922615 -13.861935
v -252.539078 0.000480 -13.725304
v -252.542511 0.000480 -13.755852
v -252.542511 0.922615 -13.755852
v -252.539078 0.922615 -13.725304
v -252.573059 0.000480 -13.752422
v -252.573059 0.922615 -13.752422
v -252.569626 0.000480 -13.721874
v -252.569626 0.922615 -13.721874
v -252.523376 0.000480 -13.585243
v -252.526794 0.000480 -13.615788
v -252.526794 0.922615 -13.615788
v -252.523376 0.922615 -13.585243
v -252.557343 0.000480 -13.612358
v -252.557343 0.922615 -13.612358
v -252.553909 0.000480 -13.581814
v -252.553909 0.922615 -13.581814
v -252.507660 0.000480 -13.445179
v -252.511078 0.000480 -13.475723
v -252.511078 0.922615 -13.475723
v -252.507660 0.922615 -13.445179
v -252.541626 0.000480 -13.472294
v -252.541626 0.922615 -13.472294
v -252.538208 0.000480 -13.441750
v -252.538208 0.922615 -13.441750
v -252.491943 0.000480 -13.305119
v -252.495377 0.000480 -13.335667
v -252.495377 0.922615 -13.335667
v -252.491943 0.922615 -13.305119
v -252.525925 0.000480 -13.332237
v -252.525925 0.922615 -13.332237
v -252.522491 0.000480 -13.301689
v -252.522491 0.922615 -13.301689
v -252.476242 0.000480 -13.165058
v -252.479660 0.000480 -13.195602
v -252.479660 0.922615 -13.195602
v -252.476242 0.922615 -13.165058
v -252.510208 0.000480 -13.192173
v -252.510208 0.922615 -13.192173
v -252.506775 0.000480 -13.161629
v -252.506775 0.922615 -13.161629
v -252.460526 0.000480 -13.024994
v -252.463959 0.000480 -13.055538
v -252.463959 0.922615 -13.055538
v -252.460526 0.922615 -13.024994
v -252.494507 0.000480 -13.052109
v -252.494507 0.922615 -13.052109
v -252.491074 0.000480 -13.021564
v -252.491074 0.922615 -13.021564
v -252.397690 0.000480 -12.464748
v -252.401108 0.000480 -12.495293
v -252.401108 0.922615 -12.495293
v -252.397690 0.922615 -12.464748
v -252.431656 0.000480 -12.491863
v -252.431656 0.922615 -12.491863
v -252.428238 0.000480 -12.461319
v -252.428238 0.922615 -12.461319
v -252.381973 0.000480 -12.324684
v -252.385406 0.000480 -12.355228
v -252.385406 0.922615 -12.355228
v -252.381973 0.922615 -12.324684
v -252.415955 0.000480 -12.351799
v -252.415955 0.922615 -12.351799
v -252.412521 0.000480 -12.321255
v -252.412521 0.922615 -12.321255
v -252.366272 0.000480 -12.184624
v -252.369690 0.000480 -12.215168
v -252.369690 0.922615 -12.215168
v -252.366272 0.922615 -12.184624
v -252.400238 0.000480 -12.211739
v -252.400238 0.922615 -12.211739
v -252.396805 0.000480 -12.181194
v -252.396805 0.922615 -12.181194
v -252.350555 0.000480 -12.044563
v -252.353973 0.000480 -12.075108
v -252.353973 0.922615 -12.075108
v -252.350555 0.922615 -12.044563
v -252.384521 0.000480 -12.071678
v -252.384521 0.922615 -12.071678
v -252.381104 0.000480 -12.041134
v -252.381104 0.922615 -12.041134
v -252.334839 0.000480 -11.904499
v -252.338272 0.000480 -11.935047
v -252.338272 0.922615 -11.935047
v -252.334839 0.922615 -11.904499
v -252.368820 0.000480 -11.931618
v -252.368820 0.922615 -11.931618
v -252.365387 0.000480 -11.901070
v -252.365387 0.922615 -11.901070
v -252.319138 0.000480 -11.764439
v -252.322556 0.000480 -11.794983
v -252.322556 0.922615 -11.794983
v -252.319138 0.922615 -11.764439
v -252.353104 0.000480 -11.791553
v -252.353104 0.922615 -11.791553
v -252.349686 0.000480 -11.761009
v -252.349686 0.922615 -11.761009
v -252.303421 0.000480 -11.624378
v -252.306854 0.000480 -11.654922
v -252.306854 0.922615 -11.654922
v -252.303421 0.922615 -11.624378
v -252.337402 0.000480 -11.651493
v -252.337402 0.922615 -11.651493
v -252.333969 0.000480 -11.620949
v -252.333969 0.922615 -11.620949
v -252.287720 0.000480 -11.484314
v -252.291138 0.000480 -11.514862
v -252.291138 0.922615 -11.514862
v -252.287720 0.922615 -11.484314
v -252.321686 0.000480 -11.511433
v -252.321686 0.922615 -11.511433
v -252.318253 0.000480 -11.480885
v -252.318253 0.922615 -11.480885
v -252.272003 0.000480 -11.344254
v -252.275421 0.000480 -11.374798
v -252.275421 0.922615 -11.374798
v -252.272003 0.922615 -11.344254
v -252.305969 0.000480 -11.371368
v -252.305969 0.922615 -11.371368
v -252.302551 0.000480 -11.340824
v -252.302551 0.922615 -11.340824
v -252.256287 0.000480 -11.204193
v -252.259720 0.000480 -11.234737
v -252.259720 0.922615 -11.234737
v -252.256287 0.922615 -11.204193
v -252.290268 0.000480 -11.231308
v -252.290268 0.922615 -11.231308
v -252.286835 0.000480 -11.200764
v -252.286835 0.922615 -11.200764
v -252.240585 0.000480 -11.064129
v -252.244003 0.000480 -11.094673
v -252.244003 0.922615 -11.094673
v -252.240585 0.922615 -11.064129
v -252.274551 0.000480 -11.091244
v -252.274551 0.922615 -11.091244
v -252.271133 0.000480 -11.060699
v -252.271133 0.922615 -11.060699
v -252.224869 0.000480 -10.924065
v -252.228302 0.000480 -10.954617
v -252.228302 0.922615 -10.954617
v -252.224869 0.922615 -10.924065
v -252.258850 0.000480 -10.951187
v -252.258850 0.922615 -10.951187
v -252.255417 0.000480 -10.920635
v -252.255417 0.922615 -10.920635
v -252.209167 0.000480 -10.784004
v -252.212585 0.000480 -10.814556
v -252.212585 0.922615 -10.814556
v -252.209167 0.922615 -10.784004
v -252.243134 0.000480 -10.811127
v -252.243134 0.922615 -10.811127
v -252.239700 0.000480 -10.780575
v -252.239700 0.922615 -10.780575
v -252.193451 0.000480 -10.643940
v -252.196869 0.000480 -10.674492
v -252.196869 0.922615 -10.674492
v -252.193451 0.922615 -10.643940
v -252.227417 0.000480 -10.671062
v -252.227417 0.922615 -10.671062
v -252.223999 0.000480 -10.640511
v -252.223999 0.922615 -10.640511
v -252.420578 0.000480 -10.410637
v -252.390030 0.000480 -10.414062
v -252.390030 0.922615 -10.414062
v -252.420578 0.922615 -10.410637
v -252.393448 0.000480 -10.444607
v -252.393448 0.922615 -10.444607
v -252.423996 0.000480 -10.441181
v -252.423996 0.922615 -10.441181
v -252.560638 0.000480 -10.394928
v -252.530090 0.000480 -10.398354
v -252.530090 0.922615 -10.398354
v -252.560638 0.922615 -10.394928
v -252.533508 0.000480 -10.428898
v -252.533508 0.922615 -10.428898
v -252.564056 0.000480 -10.425472
v -252.564056 0.922615 -10.425472
v -252.700699 0.000480 -10.379215
v -252.670151 0.000480 -10.382645
v -252.670151 0.922615 -10.382645
v -252.700699 0.922615 -10.379215
v -252.673584 0.000480 -10.413189
v -252.673584 0.922615 -10.413189
v -252.704132 0.000480 -10.409760
v -252.704132 0.922615 -10.409760
v -252.840759 0.000480 -10.363506
v -252.810211 0.000480 -10.366932
v -252.810211 0.922615 -10.366932
v -252.840759 0.922615 -10.363506
v -252.813644 0.000480 -10.397476
v -252.813644 0.922615 -10.397476
v -252.844177 0.000480 -10.394051
v -252.844177 0.922615 -10.394051
v -252.980820 0.000480 -10.347797
v -252.950272 0.000480 -10.351223
v -252.950272 0.922615 -10.351223
v -252.980820 0.922615 -10.347797
v -252.953705 0.000480 -10.381767
v -252.953705 0.922615 -10.381767
v -252.984253 0.000480 -10.378342
v -252.984253 0.922615 -10.378342
v -253.120880 0.000480 -10.332085
v -253.090332 0.000480 -10.335514
v -253.090332 0.922615 -10.335514
v -253.120880 0.922615 -10.332085
v -253.093765 0.000480 -10.366058
v -253.093765 0.922615 -10.366058
v -253.124313 0.000480 -10.362629
v -253.124313 0.922615 -10.362629
v -253.260941 0.000480 -10.316376
v -253.230392 0.000480 -10.319801
v -253.230392 0.922616 -10.319801
v -253.260941 0.922616 -10.316376
v -253.233826 0.000480 -10.350346
v -253.233826 0.922616 -10.350346
v -253.264374 0.000480 -10.346920
v -253.264374 0.922616 -10.346920
v -253.401001 0.000480 -10.300667
v -253.370453 0.000480 -10.304092
v -253.370453 0.922616 -10.304092
v -253.401001 0.922616 -10.300667
v -253.373886 0.000480 -10.334637
v -253.373886 0.922616 -10.334637
v -253.404434 0.000480 -10.331211
v -253.404434 0.922616 -10.331211
v -253.541077 0.000480 -10.284954
v -253.510529 0.000480 -10.288380
v -253.510529 0.922616 -10.288380
v -253.541077 0.922616 -10.284954
v -253.513947 0.000480 -10.318924
v -253.513947 0.922616 -10.318924
v -253.544495 0.000480 -10.315498
v -253.544495 0.922616 -10.315498
v -253.681137 0.000481 -10.269245
v -253.650589 0.000481 -10.272671
v -253.650589 0.922616 -10.272671
v -253.681137 0.922616 -10.269245
v -253.654007 0.000481 -10.303215
v -253.654007 0.922616 -10.303215
v -253.684555 0.000481 -10.299789
v -253.684555 0.922616 -10.299789
v -253.821198 0.000481 -10.253532
v -253.790649 0.000481 -10.256962
v -253.790649 0.922616 -10.256962
v -253.821198 0.922616 -10.253532
v -253.794067 0.000481 -10.287506
v -253.794067 0.922616 -10.287506
v -253.824615 0.000481 -10.284077
v -253.824615 0.922616 -10.284077
v -253.961258 0.000481 -10.237823
v -253.930710 0.000481 -10.241249
v -253.930710 0.922616 -10.241249
v -253.961258 0.922616 -10.237823
v -253.934143 0.000481 -10.271793
v -253.934143 0.922616 -10.271793
v -253.964676 0.000481 -10.268368
v -253.964676 0.922616 -10.268368
v -254.104858 0.000481 -10.221714
v -254.074310 0.000481 -10.225140
v -254.074310 0.922616 -10.225140
v -254.104858 0.922616 -10.221714
v -254.077744 0.000481 -10.255684
v -254.077744 0.922616 -10.255684
v -254.108292 0.000481 -10.252258
v -254.108292 0.922616 -10.252258
v -254.244919 0.000481 -10.206005
v -254.214386 0.000481 -10.209431
v -254.214386 0.922616 -10.209431
v -254.244919 0.922616 -10.206005
v -254.217804 0.000481 -10.239975
v -254.217804 0.922616 -10.239975
v -254.248352 0.000481 -10.236549
v -254.248352 0.922616 -10.236549
v -254.384979 0.000481 -10.190296
v -254.354446 0.000481 -10.193722
v -254.354446 0.922616 -10.193722
v -254.384979 0.922616 -10.190296
v -254.357864 0.000481 -10.224266
v -254.357864 0.922616 -10.224266
v -254.388412 0.000481 -10.220840
v -254.388412 0.922616 -10.220840
v -254.909225 0.000481 -10.131493
v -254.878677 0.000481 -10.134918
v -254.878677 0.922616 -10.134918
v -254.909225 0.922616 -10.131493
v -254.882111 0.000481 -10.165462
v -254.882111 0.922616 -10.165462
v -254.912659 0.000481 -10.162037
v -254.912659 0.922616 -10.162037
v -255.049286 0.000481 -10.115780
v -255.018738 0.000481 -10.119205
v -255.018738 0.922616 -10.119209
v -255.049286 0.922616 -10.115780
v -255.022171 0.000481 -10.149750
v -255.022171 0.922616 -10.149754
v -255.052719 0.000481 -10.146324
v -255.052719 0.922616 -10.146324
v -255.189346 0.000481 -10.100071
v -255.158798 0.000481 -10.103497
v -255.158798 0.922616 -10.103497
v -255.189346 0.922616 -10.100071
v -255.162231 0.000481 -10.134041
v -255.162231 0.922616 -10.134041
v -255.192780 0.000481 -10.130615
v -255.192780 0.922616 -10.130615
v -255.329407 0.000481 -10.084362
v -255.298859 0.000481 -10.087788
v -255.298859 0.922616 -10.087788
v -255.329407 0.922616 -10.084362
v -255.302292 0.000481 -10.118332
v -255.302292 0.922616 -10.118332
v -255.332840 0.000481 -10.114906
v -255.332840 0.922616 -10.114906
v -255.469482 0.000481 -10.068649
v -255.438934 0.000481 -10.072075
v -255.438934 0.922616 -10.072075
v -255.469482 0.922616 -10.068649
v -255.442352 0.000481 -10.102619
v -255.442352 0.922616 -10.102619
v -255.472900 0.000481 -10.099194
v -255.472900 0.922616 -10.099194
v -255.609543 0.000481 -10.052940
v -255.578995 0.000481 -10.056366
v -255.578995 0.922616 -10.056366
v -255.609543 0.922616 -10.052940
v -255.582413 0.000481 -10.086910
v -255.582413 0.922616 -10.086910
v -255.612961 0.000481 -10.083485
v -255.612961 0.922616 -10.083485
v -255.749603 0.000481 -10.037228
v -255.719055 0.000481 -10.040657
v -255.719055 0.922616 -10.040657
v -255.749603 0.922616 -10.037228
v -255.722473 0.000481 -10.071201
v -255.722473 0.922616 -10.071201
v -255.753021 0.000481 -10.067772
v -255.753021 0.922616 -10.067772
v -255.889664 0.000481 -10.021519
v -255.859116 0.000481 -10.024944
v -255.859116 0.922616 -10.024944
v -255.889664 0.922616 -10.021519
v -255.862549 0.000481 -10.055489
v -255.862549 0.922616 -10.055489
v -255.893082 0.000481 -10.052063
v -255.893082 0.922616 -10.052063
v -256.026062 0.000481 -10.006218
v -255.995514 0.000481 -10.009644
v -255.995514 0.922616 -10.009644
v -256.026062 0.922616 -10.006218
v -255.998947 0.000481 -10.040188
v -255.998947 0.922616 -10.040188
v -256.029480 0.000481 -10.036762
v -256.029480 0.922616 -10.036762
v -256.166138 0.000481 -9.990509
v -256.135590 0.000481 -9.993935
v -256.135590 0.922616 -9.993935
v -256.166138 0.922616 -9.990509
v -256.139008 0.000481 -10.024479
v -256.139008 0.922616 -10.024479
v -256.169556 0.000481 -10.021053
v -256.169556 0.922616 -10.021053
v -256.306183 0.000481 -9.974796
v -256.275635 0.000481 -9.978226
v -256.275635 0.922616 -9.978226
v -256.306183 0.922616 -9.974796
v -256.279083 0.000481 -10.008770
v -256.279083 0.922616 -10.008770
v -256.309631 0.000481 -10.005341
v -256.309631 0.922616 -10.005341
v -256.446259 0.000481 -9.959087
v -256.415710 0.000481 -9.962513
v -256.415710 0.922616 -9.962513
v -256.446259 0.922616 -9.959087
v -256.419128 0.000481 -9.993057
v -256.419128 0.922616 -9.993057
v -256.449677 0.000481 -9.989632
v -256.449677 0.922616 -9.989632
v -256.586304 0.000481 -9.943378
v -256.555756 0.000481 -9.946804
v -256.555756 0.922616 -9.946804
v -256.586304 0.922616 -9.943378
v -256.559204 0.000481 -9.977348
v -256.559204 0.922616 -9.977348
v -256.589752 0.000481 -9.973923
v -256.589752 0.922616 -9.973923
v -256.726379 0.000481 -9.927666
v -256.695831 0.000481 -9.931091
v -256.695831 0.922616 -9.931091
v -256.726379 0.922616 -9.927666
v -256.699249 0.000481 -9.961636
v -256.699249 0.922616 -9.961636
v -256.729797 0.000481 -9.958210
v -256.729797 0.922616 -9.958210
v -256.866425 0.000481 -9.911957
v -256.835907 0.000481 -9.915382
v -256.835907 0.922616 -9.915382
v -256.866425 0.922616 -9.911957
v -256.839325 0.000481 -9.945927
v -256.839325 0.922616 -9.945927
v -256.869873 0.000481 -9.942501
v -256.869873 0.922616 -9.942501
v -257.006500 0.000481 -9.896244
v -256.975952 0.000481 -9.899673
v -256.975952 0.922616 -9.899673
v -257.006500 0.922616 -9.896244
v -256.979370 0.000481 -9.930218
v -256.979370 0.922616 -9.930218
v -257.009918 0.000481 -9.926788
v -257.009918 0.922616 -9.926788
v -259.967834 0.000482 -9.564079
v -259.937286 0.000482 -9.567505
v -259.937286 0.922616 -9.567505
v -259.967834 0.922616 -9.564079
v -259.940704 0.000482 -9.598049
v -259.940704 0.922616 -9.598049
v -259.971252 0.000482 -9.594624
v -259.971252 0.922616 -9.594624
v -260.107910 0.000482 -9.548370
v -260.077362 0.000482 -9.551796
v -260.077362 0.922616 -9.551796
v -260.107910 0.922616 -9.548370
v -260.080780 0.000482 -9.582340
v -260.080780 0.922616 -9.582340
v -260.111328 0.000482 -9.578915
v -260.111328 0.922616 -9.578915
v -260.247955 0.000482 -9.532658
v -260.217407 0.000482 -9.536083
v -260.217407 0.922616 -9.536083
v -260.247955 0.922616 -9.532658
v -260.220825 0.000482 -9.566628
v -260.220825 0.922616 -9.566628
v -260.251373 0.000482 -9.563202
v -260.251373 0.922616 -9.563202
v -260.388031 0.000482 -9.516949
v -260.357483 0.000482 -9.520374
v -260.357483 0.922616 -9.520374
v -260.388031 0.922616 -9.516949
v -260.360901 0.000482 -9.550919
v -260.360901 0.922616 -9.550919
v -260.391449 0.000482 -9.547493
v -260.391449 0.922616 -9.547493
v -260.528076 0.000482 -9.501240
v -260.497528 0.000482 -9.504665
v -260.497528 0.922616 -9.504665
v -260.528076 0.922616 -9.501240
v -260.500977 0.000482 -9.535210
v -260.500977 0.922616 -9.535210
v -260.531525 0.000482 -9.531784
v -260.531525 0.922616 -9.531784
v -260.668152 0.000482 -9.485527
v -260.637604 0.000482 -9.488953
v -260.637604 0.922616 -9.488953
v -260.668152 0.922616 -9.485527
v -260.641022 0.000482 -9.519497
v -260.641022 0.922616 -9.519497
v -260.671570 0.000482 -9.516071
v -260.671570 0.922616 -9.516071
v -260.808197 0.000482 -9.469818
v -260.777649 0.000482 -9.473244
v -260.777649 0.922616 -9.473244
v -260.808197 0.922616 -9.469818
v -260.781097 0.000482 -9.503788
v -260.781097 0.922616 -9.503788
v -260.811646 0.000482 -9.500362
v -260.811646 0.922616 -9.500362
v -260.948273 0.000482 -9.454105
v -260.917725 0.000482 -9.457535
v -260.917725 0.922616 -9.457535
v -260.948273 0.922616 -9.454105
v -260.921143 0.000482 -9.488079
v -260.921143 0.922616 -9.488079
v -260.951691 0.000482 -9.484650
v -260.951691 0.922616 -9.484650
v -261.088318 0.000482 -9.438396
v -261.057770 0.000482 -9.441822
v -261.057770 0.922616 -9.441822
v -261.088318 0.922616 -9.438396
v -261.061218 0.000482 -9.472366
v -261.061218 0.922616 -9.472366
v -261.091766 0.000482 -9.468941
v -261.091766 0.922616 -9.468941
v -261.228394 0.000482 -9.422688
v -261.197845 0.000482 -9.426113
v -261.197845 0.922616 -9.426113
v -261.228394 0.922616 -9.422688
v -261.201263 0.000482 -9.456657
v -261.201263 0.922616 -9.456657
v -261.231812 0.000482 -9.453232
v -261.231812 0.922616 -9.453232
v -261.760529 0.000482 -9.362995
v -261.729980 0.000482 -9.366425
v -261.729980 0.922616 -9.366425
v -261.760529 0.922616 -9.362995
v -261.733429 0.000482 -9.396969
v -261.733429 0.922616 -9.396969
v -261.763977 0.000482 -9.393539
v -261.763977 0.922616 -9.393539
v -261.900604 0.000482 -9.347286
v -261.870056 0.000482 -9.350712
v -261.870056 0.922616 -9.350712
v -261.900604 0.922616 -9.347286
v -261.873474 0.000482 -9.381256
v -261.873474 0.922616 -9.381256
v -261.904022 0.000482 -9.377831
v -261.904022 0.922616 -9.377831
v -262.040649 0.000482 -9.331577
v -262.010101 0.000482 -9.335003
v -262.010101 0.922616 -9.335003
v -262.040649 0.922616 -9.331577
v -262.013550 0.000482 -9.365547
v -262.013550 0.922616 -9.365547
v -262.044098 0.000482 -9.362122
v -262.044098 0.922616 -9.362122
v -262.180725 0.000482 -9.315865
v -262.150177 0.000482 -9.319290
v -262.150177 0.922615 -9.319290
v -262.180725 0.922615 -9.315865
v -262.153595 0.000482 -9.349834
v -262.153595 0.922616 -9.349834
v -262.184143 0.000482 -9.346409
v -262.184143 0.922616 -9.346409
v -262.320801 0.000482 -9.300156
v -262.290253 0.000482 -9.303581
v -262.290253 0.922615 -9.303581
v -262.320801 0.922615 -9.300156
v -262.293671 0.000482 -9.334126
v -262.293671 0.922616 -9.334126
v -262.324219 0.000482 -9.330700
v -262.324219 0.922616 -9.330700
v -262.460846 0.000482 -9.284443
v -262.430298 0.000482 -9.287872
v -262.430298 0.922615 -9.287872
v -262.460846 0.922615 -9.284443
v -262.433716 0.000482 -9.318417
v -262.433716 0.922615 -9.318417
v -262.464264 0.000482 -9.314987
v -262.464264 0.922615 -9.314987
v -262.600922 0.000482 -9.268734
v -262.570374 0.000482 -9.272160
v -262.570374 0.922615 -9.272160
v -262.600922 0.922615 -9.268734
v -262.573792 0.000482 -9.302704
v -262.573792 0.922615 -9.302704
v -262.604340 0.000482 -9.299278
v -262.604340 0.922615 -9.299278
v -262.740967 0.000482 -9.253025
v -262.710419 0.000482 -9.256451
v -262.710419 0.922615 -9.256451
v -262.740967 0.922615 -9.253025
v -262.713867 0.000482 -9.286995
v -262.713867 0.922615 -9.286995
v -262.744385 0.000482 -9.283569
v -262.744385 0.922615 -9.283569
v -262.881042 0.000482 -9.237312
v -262.850494 0.000482 -9.240738
v -262.850494 0.922615 -9.240738
v -262.881042 0.922616 -9.237312
v -262.853912 0.000482 -9.271282
v -262.853912 0.922615 -9.271282
v -262.884460 0.000482 -9.267857
v -262.884460 0.922616 -9.267857
v -263.021088 0.000482 -9.221603
v -262.990540 0.000482 -9.225029
v -262.990540 0.922616 -9.225029
v -263.021088 0.922616 -9.221603
v -262.993988 0.000482 -9.255573
v -262.993988 0.922616 -9.255573
v -263.024536 0.000482 -9.252148
v -263.024536 0.922616 -9.252148
v -252.282486 0.922615 -10.472519
v -252.275635 0.922615 -10.411430
v -257.119202 0.922616 -9.868137
v -257.126068 0.922616 -9.929226
v -263.140869 0.922616 -9.192703
v -263.147705 0.922616 -9.253792
v -259.839142 0.922616 -9.624905
v -259.832275 0.922616 -9.563816
v -252.275635 0.984091 -10.411430
v -252.282486 0.984091 -10.472519
v -257.126068 0.984091 -9.929226
v -257.119202 0.984091 -9.868137
v -263.147705 0.984092 -9.253792
v -263.140869 0.984092 -9.192703
v -259.832275 0.984092 -9.563816
v -259.839142 0.984092 -9.624905
v -264.257538 0.000485 -18.097927
v -264.260956 0.000485 -18.128471
v -264.260956 0.922619 -18.128471
v -264.257538 0.922619 -18.097927
v -264.291504 0.000485 -18.125046
v -264.291504 0.922619 -18.125046
v -264.288086 0.000485 -18.094501
v -264.288086 0.922619 -18.094501
v -264.241821 0.000485 -17.957867
v -264.245239 0.000485 -17.988411
v -264.245239 0.922619 -17.988411
v -264.241821 0.922619 -17.957867
v -264.275787 0.000485 -17.984985
v -264.275787 0.922619 -17.984985
v -264.272369 0.000485 -17.954441
v -264.272369 0.922619 -17.954441
v -264.226105 0.000485 -17.817802
v -264.229523 0.000485 -17.848351
v -264.229523 0.922619 -17.848351
v -264.226105 0.922619 -17.817802
v -264.260071 0.000485 -17.844925
v -264.260071 0.922619 -17.844925
v -264.256653 0.000485 -17.814377
v -264.256653 0.922619 -17.814377
v -264.210388 0.000485 -17.677738
v -264.213837 0.000485 -17.708286
v -264.213837 0.922619 -17.708286
v -264.210388 0.922619 -17.677738
v -264.244354 0.000485 -17.704861
v -264.244354 0.922619 -17.704861
v -264.240936 0.000485 -17.674313
v -264.240936 0.922619 -17.674313
v -264.194702 0.000485 -17.537678
v -264.198120 0.000485 -17.568222
v -264.198120 0.922619 -17.568222
v -264.194702 0.922619 -17.537678
v -264.228668 0.000485 -17.564796
v -264.228668 0.922619 -17.564796
v -264.225220 0.000485 -17.534252
v -264.225220 0.922619 -17.534252
v -264.178986 0.000485 -17.397617
v -264.182404 0.000485 -17.428162
v -264.182404 0.922619 -17.428162
v -264.178986 0.922619 -17.397617
v -264.212952 0.000485 -17.424736
v -264.212952 0.922619 -17.424736
v -264.209534 0.000485 -17.394192
v -264.209534 0.922619 -17.394192
v -264.163269 0.000485 -17.257553
v -264.166687 0.000485 -17.288097
v -264.166687 0.922619 -17.288097
v -264.163269 0.922619 -17.257553
v -264.197235 0.000485 -17.284672
v -264.197235 0.922619 -17.284672
v -264.193817 0.000485 -17.254128
v -264.193817 0.922619 -17.254128
v -264.147552 0.000485 -17.117493
v -264.150970 0.000485 -17.148037
v -264.150970 0.922619 -17.148037
v -264.147552 0.922619 -17.117493
v -264.181519 0.000485 -17.144611
v -264.181519 0.922619 -17.144611
v -264.178101 0.000485 -17.114067
v -264.178101 0.922619 -17.114067
v -264.131836 0.000485 -16.977428
v -264.135284 0.000485 -17.007977
v -264.135284 0.922619 -17.007977
v -264.131836 0.922619 -16.977428
v -264.165833 0.000485 -17.004551
v -264.165833 0.922619 -17.004551
v -264.162384 0.000485 -16.974003
v -264.162384 0.922619 -16.974003
v -264.116150 0.000485 -16.837368
v -264.119568 0.000485 -16.867912
v -264.119568 0.922619 -16.867912
v -264.116150 0.922619 -16.837368
v -264.150116 0.000485 -16.864487
v -264.150116 0.922619 -16.864487
v -264.146667 0.000485 -16.833942
v -264.146667 0.922619 -16.833942
v -264.100433 0.000485 -16.697308
v -264.103851 0.000485 -16.727852
v -264.103851 0.922619 -16.727852
v -264.100433 0.922619 -16.697308
v -264.134399 0.000485 -16.724426
v -264.134399 0.922619 -16.724426
v -264.130981 0.000485 -16.693882
v -264.130981 0.922619 -16.693882
v -264.084717 0.000485 -16.557247
v -264.088135 0.000485 -16.587791
v -264.088135 0.922619 -16.587791
v -264.084717 0.922619 -16.557247
v -264.118683 0.000485 -16.584366
v -264.118683 0.922619 -16.584366
v -264.115265 0.000485 -16.553822
v -264.115265 0.922619 -16.553822
v -264.068604 0.000485 -16.413635
v -264.072021 0.000485 -16.444183
v -264.072021 0.922619 -16.444183
v -264.068604 0.922619 -16.413635
v -264.102570 0.000485 -16.440758
v -264.102570 0.922619 -16.440758
v -264.099152 0.000485 -16.410210
v -264.099152 0.922619 -16.410210
v -264.052887 0.000485 -16.273575
v -264.056335 0.000485 -16.304123
v -264.056335 0.922619 -16.304123
v -264.052887 0.922619 -16.273575
v -264.086853 0.000485 -16.300697
v -264.086853 0.922619 -16.300697
v -264.083435 0.000485 -16.270149
v -264.083435 0.922619 -16.270149
v -264.037170 0.000485 -16.133511
v -264.040619 0.000485 -16.164059
v -264.040619 0.922619 -16.164059
v -264.037170 0.922619 -16.133511
v -264.071167 0.000485 -16.160633
v -264.071167 0.922619 -16.160633
v -264.067719 0.000485 -16.130085
v -264.067719 0.922619 -16.130085
v -263.508453 0.000483 -11.419731
v -263.511871 0.000483 -11.450279
v -263.511871 0.922617 -11.450279
v -263.508453 0.922617 -11.419731
v -263.542419 0.000483 -11.446854
v -263.542419 0.922617 -11.446854
v -263.539001 0.000483 -11.416306
v -263.539001 0.922617 -11.416306
v -263.492737 0.000483 -11.279667
v -263.496155 0.000483 -11.310215
v -263.496155 0.922617 -11.310215
v -263.492737 0.922617 -11.279667
v -263.526703 0.000483 -11.306789
v -263.526703 0.922617 -11.306789
v -263.523285 0.000483 -11.276241
v -263.523285 0.922617 -11.276241
v -263.477020 0.000483 -11.139606
v -263.480469 0.000483 -11.170151
v -263.480469 0.922617 -11.170151
v -263.477020 0.922617 -11.139606
v -263.511017 0.000483 -11.166725
v -263.511017 0.922617 -11.166725
v -263.507568 0.000483 -11.136181
v -263.507568 0.922617 -11.136181
v -263.461334 0.000483 -10.999546
v -263.464752 0.000483 -11.030090
v -263.464752 0.922617 -11.030090
v -263.461334 0.922617 -10.999546
v -263.495300 0.000483 -11.026665
v -263.495300 0.922617 -11.026665
v -263.491852 0.000483 -10.996120
v -263.491852 0.922617 -10.996120
v -263.445618 0.000483 -10.859486
v -263.449036 0.000483 -10.890030
v -263.449036 0.922617 -10.890030
v -263.445618 0.922617 -10.859486
v -263.479584 0.000483 -10.886604
v -263.479584 0.922617 -10.886604
v -263.476166 0.000483 -10.856060
v -263.476166 0.922617 -10.856060
v -263.430756 0.000483 -10.727169
v -263.434204 0.000483 -10.757717
v -263.434204 0.922617 -10.757717
v -263.430756 0.922617 -10.727169
v -263.464752 0.000483 -10.754292
v -263.464752 0.922617 -10.754292
v -263.461304 0.000483 -10.723743
v -263.461304 0.922617 -10.723743
v -263.415070 0.000483 -10.587105
v -263.418488 0.000483 -10.617653
v -263.418488 0.922617 -10.617657
v -263.415070 0.922617 -10.587109
v -263.449036 0.000483 -10.614227
v -263.449036 0.922617 -10.614231
v -263.445618 0.000483 -10.583679
v -263.445618 0.922617 -10.583683
v -263.399353 0.000483 -10.447044
v -263.402771 0.000483 -10.477592
v -263.402771 0.922617 -10.477592
v -263.399353 0.922617 -10.447044
v -263.433319 0.000483 -10.474167
v -263.433319 0.922617 -10.474167
v -263.429901 0.000483 -10.443619
v -263.429901 0.922617 -10.443619
v -263.383636 0.000483 -10.306980
v -263.387054 0.000483 -10.337528
v -263.387054 0.922617 -10.337528
v -263.383636 0.922617 -10.306980
v -263.417603 0.000483 -10.334103
v -263.417603 0.922617 -10.334103
v -263.414185 0.000483 -10.303555
v -263.414185 0.922617 -10.303555
v -263.367920 0.000483 -10.166920
v -263.371338 0.000483 -10.197464
v -263.371338 0.922617 -10.197464
v -263.367920 0.922617 -10.166920
v -263.401886 0.000483 -10.194038
v -263.401886 0.922617 -10.194038
v -263.398468 0.000483 -10.163494
v -263.398468 0.922617 -10.163494
v -263.352203 0.000483 -10.026855
v -263.355652 0.000483 -10.057404
v -263.355652 0.922617 -10.057404
v -263.352203 0.922617 -10.026855
v -263.386200 0.000483 -10.053978
v -263.386200 0.922617 -10.053978
v -263.382751 0.000483 -10.023430
v -263.382751 0.922617 -10.023430
v -263.336517 0.000483 -9.886795
v -263.339935 0.000483 -9.917339
v -263.339935 0.922617 -9.917339
v -263.336517 0.922617 -9.886795
v -263.370483 0.000483 -9.913914
v -263.370483 0.922617 -9.913914
v -263.367065 0.000483 -9.883369
v -263.367065 0.922617 -9.883369
v -263.320801 0.000483 -9.746735
v -263.324219 0.000483 -9.777283
v -263.324219 0.922617 -9.777283
v -263.320801 0.922617 -9.746735
v -263.354767 0.000483 -9.773857
v -263.354767 0.922617 -9.773857
v -263.351349 0.000483 -9.743309
v -263.351349 0.922617 -9.743309
v -263.305084 0.000483 -9.606670
v -263.308502 0.000483 -9.637218
v -263.308502 0.922617 -9.637218
v -263.305084 0.922617 -9.606670
v -263.339050 0.000483 -9.633793
v -263.339050 0.922617 -9.633793
v -263.335632 0.000483 -9.603245
v -263.335632 0.922617 -9.603245
v -263.289368 0.000483 -9.466614
v -263.292816 0.000483 -9.497158
v -263.292816 0.922617 -9.497158
v -263.289368 0.922617 -9.466614
v -263.323334 0.000483 -9.493732
v -263.323334 0.922617 -9.493732
v -263.319916 0.000483 -9.463188
v -263.319916 0.922617 -9.463188
v -264.319427 0.922619 -18.236019
v -264.258331 0.922619 -18.242874
v -263.955902 0.922619 -15.546829
v -264.016998 0.922619 -15.539974
v -263.260468 0.922617 -9.346848
v -263.321564 0.922617 -9.339993
v -263.569519 0.922617 -11.550591
v -263.508423 0.922617 -11.557446
v -264.258331 0.984095 -18.242874
v -264.319427 0.984095 -18.236019
v -264.016998 0.984095 -15.539974
v -263.955902 0.984095 -15.546829
v -263.321564 0.984093 -9.339993
v -263.260468 0.984093 -9.346848
v -263.508423 0.984093 -11.557446
v -263.569519 0.984093 -11.550591
v -264.019196 0.000485 -15.973167
v -264.022614 0.000485 -16.003716
v -264.022614 0.922619 -16.003716
v -264.019196 0.922619 -15.973167
v -264.053162 0.000485 -16.000290
v -264.053162 0.922619 -16.000290
v -264.049744 0.000485 -15.969742
v -264.049744 0.922619 -15.969742
v -264.003479 0.000485 -15.833107
v -264.006927 0.000485 -15.863655
v -264.006927 0.922619 -15.863655
v -264.003479 0.922619 -15.833107
v -264.037476 0.000485 -15.860229
v -264.037476 0.922619 -15.860229
v -264.034027 0.000485 -15.829681
v -264.034027 0.922619 -15.829681
v -263.987793 0.000485 -15.693047
v -263.991211 0.000485 -15.723591
v -263.991211 0.922619 -15.723591
v -263.987793 0.922619 -15.693047
v -264.021759 0.000485 -15.720165
v -264.021759 0.922619 -15.720165
v -264.018311 0.000485 -15.689621
v -264.018311 0.922619 -15.689621
v -264.031494 0.000484 -18.424294
v -264.062042 0.000484 -18.420868
v -264.062042 0.922619 -18.420868
v -264.031494 0.922619 -18.424294
v -264.058594 0.000484 -18.390320
v -264.058594 0.922619 -18.390320
v -264.028046 0.000484 -18.393745
v -264.028046 0.922619 -18.393745
v -263.891418 0.000484 -18.440006
v -263.921967 0.000484 -18.436581
v -263.921967 0.922619 -18.436581
v -263.891418 0.922618 -18.440006
v -263.918549 0.000484 -18.406033
v -263.918549 0.922619 -18.406033
v -263.888000 0.000484 -18.409458
v -263.888000 0.922618 -18.409458
v -263.751373 0.000484 -18.455715
v -263.781921 0.000484 -18.452290
v -263.781921 0.922618 -18.452290
v -263.751373 0.922618 -18.455715
v -263.778473 0.000484 -18.421741
v -263.778473 0.922618 -18.421741
v -263.747925 0.000484 -18.425167
v -263.747925 0.922618 -18.425167
v -263.611298 0.000484 -18.471428
v -263.641846 0.000484 -18.467999
v -263.641846 0.922618 -18.467999
v -263.611298 0.922618 -18.471428
v -263.638428 0.000484 -18.437450
v -263.638428 0.922618 -18.437450
v -263.607880 0.000484 -18.440880
v -263.607880 0.922618 -18.440880
v -263.471222 0.000484 -18.487137
v -263.501770 0.000484 -18.483711
v -263.501770 0.922618 -18.483711
v -263.471222 0.922618 -18.487137
v -263.498352 0.000484 -18.453163
v -263.498352 0.922618 -18.453163
v -263.467804 0.000484 -18.456589
v -263.467804 0.922618 -18.456589
v -263.331177 0.000484 -18.502846
v -263.361725 0.000484 -18.499420
v -263.361725 0.922618 -18.499420
v -263.331177 0.922618 -18.502846
v -263.358307 0.000484 -18.468872
v -263.358307 0.922618 -18.468872
v -263.327759 0.000484 -18.472298
v -263.327759 0.922618 -18.472298
v -263.191101 0.000484 -18.518559
v -263.221649 0.000484 -18.515133
v -263.221649 0.922618 -18.515133
v -263.191101 0.922618 -18.518559
v -263.218231 0.000484 -18.484585
v -263.218231 0.922618 -18.484585
v -263.187683 0.000484 -18.488010
v -263.187683 0.922618 -18.488010
v -263.051056 0.000484 -18.534267
v -263.081604 0.000484 -18.530842
v -263.081604 0.922618 -18.530842
v -263.051056 0.922618 -18.534267
v -263.078186 0.000484 -18.500294
v -263.078186 0.922618 -18.500294
v -263.047638 0.000484 -18.503719
v -263.047638 0.922618 -18.503719
v -262.910980 0.000484 -18.549980
v -262.941528 0.000484 -18.546551
v -262.941528 0.922618 -18.546551
v -262.910980 0.922618 -18.549980
v -262.938110 0.000484 -18.516003
v -262.938110 0.922618 -18.516003
v -262.907562 0.000484 -18.519432
v -262.907562 0.922618 -18.519432
v -262.770935 0.000484 -18.565689
v -262.801483 0.000484 -18.562263
v -262.801483 0.922618 -18.562263
v -262.770935 0.922618 -18.565689
v -262.798035 0.000484 -18.531715
v -262.798035 0.922618 -18.531715
v -262.767487 0.000484 -18.535141
v -262.767487 0.922618 -18.535141
v -262.630859 0.000484 -18.581398
v -262.661407 0.000484 -18.577972
v -262.661407 0.922618 -18.577972
v -262.630859 0.922618 -18.581398
v -262.657990 0.000484 -18.547424
v -262.657990 0.922618 -18.547424
v -262.627441 0.000484 -18.550850
v -262.627441 0.922618 -18.550850
v -262.490814 0.000484 -18.597111
v -262.521362 0.000484 -18.593685
v -262.521362 0.922618 -18.593685
v -262.490814 0.922618 -18.597111
v -262.517914 0.000484 -18.563137
v -262.517914 0.922618 -18.563137
v -262.487366 0.000484 -18.566563
v -262.487366 0.922618 -18.566563
v -264.169586 0.922619 -18.362411
v -264.176422 0.922619 -18.423504
v -262.424652 0.922618 -18.619999
v -262.417786 0.922618 -18.558907
v -264.176422 0.984095 -18.423504
v -264.169586 0.984095 -18.362411
v -262.417786 0.984094 -18.558903
v -262.424652 0.984094 -18.619999
v -252.155182 -0.368374 -15.081154
v -252.364670 -0.368372 -16.948757
v -252.364670 -0.183945 -16.948757
v -252.155182 -0.183947 -15.081154
v -251.788635 -0.552800 -15.122269
v -251.998108 -0.552798 -16.989872
v -251.998108 -0.368372 -16.989872
v -251.788635 -0.368374 -15.122269
v -252.731232 -0.183945 -16.907639
v -252.521744 -0.183947 -15.040035
v -252.521744 -0.552800 -15.040035
v -259.462280 -0.368372 -9.085285
v -257.374573 -0.368372 -9.319458
v -257.374573 -0.183946 -9.319458
v -259.462280 -0.183947 -9.085285
v -259.421173 -0.552802 -8.718727
v -257.333466 -0.552802 -8.952900
v -257.333466 -0.368374 -8.952900
v -259.421173 -0.368374 -8.718727
v -257.415710 -0.183946 -9.686012
v -259.503387 -0.183945 -9.451839
v -259.503387 -0.552800 -9.451839
v -257.415710 -0.552800 -9.686012
v -264.499390 -0.368372 -15.169247
v -264.122070 -0.368372 -11.805454
v -264.122070 -0.183945 -11.805454
v -264.499390 -0.183945 -15.169247
v -264.865936 -0.552799 -15.128136
v -264.488647 -0.552799 -11.764339
v -264.488647 -0.368372 -11.764339
v -264.865936 -0.368372 -15.128136
v -263.755524 -0.183945 -11.846569
v -264.132843 -0.183945 -15.210361
v -264.132843 -0.552797 -15.210361
v -263.755524 -0.552799 -11.846569
v -256.161713 5.834906 -19.949257
v -256.161713 6.029514 -19.949253
v -256.153137 6.029514 -19.872887
v -256.153137 5.885556 -19.872887
v -256.235718 5.834906 -19.940956
v -256.235718 6.029514 -19.940952
v -256.227142 5.885556 -19.864586
v -256.227142 6.029514 -19.864586
v -256.118866 5.670076 -19.567478
v -256.110321 5.720724 -19.491112
v -256.192871 5.670076 -19.559177
v -256.184326 5.720724 -19.482811
v -256.118866 -0.241756 -19.567478
v -256.110321 -0.241756 -19.491112
v -256.192871 -0.241756 -19.559177
v -256.184326 -0.241756 -19.482811
v -262.167206 5.834908 -19.275635
v -262.167206 6.029514 -19.275631
v -262.158630 6.029514 -19.199265
v -262.158630 5.885557 -19.199265
v -262.244690 5.834908 -19.266945
v -262.244690 6.029514 -19.266941
v -262.236115 5.885557 -19.190575
v -262.236115 6.029514 -19.190575
v -262.124390 5.670076 -18.893856
v -262.115814 5.720725 -18.817490
v -262.201843 5.670076 -18.885166
v -262.193298 5.720725 -18.808800
v -262.124390 -0.241755 -18.893856
v -262.115814 -0.241755 -18.817490
v -262.201843 -0.241755 -18.885166
v -262.193298 -0.241755 -18.808800
v -254.570312 5.834906 -19.255333
v -254.570312 6.029513 -19.255329
v -254.646683 6.029513 -19.246765
v -254.646683 5.885556 -19.246765
v -254.579819 5.834906 -19.340031
v -254.579819 6.029513 -19.340027
v -254.656189 5.885556 -19.331463
v -254.656189 6.029513 -19.331463
v -254.952103 5.670076 -19.212513
v -255.028458 5.720724 -19.203945
v -254.961594 5.670076 -19.297211
v -255.037964 5.720724 -19.288643
v -254.952103 2.949796 -19.212517
v -255.028458 2.949796 -19.203949
v -254.961594 2.949796 -19.297211
v -255.037964 2.949796 -19.288643
v -253.828323 5.834904 -12.640287
v -253.828323 6.029511 -12.640287
v -253.904694 6.029511 -12.631723
v -253.904694 5.885554 -12.631723
v -253.837158 5.834904 -12.719053
v -253.837158 6.029511 -12.719053
v -253.913528 5.885554 -12.710489
v -253.913528 6.029511 -12.710489
v -254.210098 5.670073 -12.597467
v -254.286469 5.720722 -12.588902
v -254.218933 5.670073 -12.676233
v -254.295303 5.720722 -12.667665
v -254.210098 2.949794 -12.597467
v -254.286469 2.949794 -12.588902
v -254.218933 2.949794 -12.676233
v -254.295303 2.949794 -12.667665
v -254.462234 5.834904 -11.734522
v -254.462234 6.029511 -11.734522
v -254.470810 6.029511 -11.810888
v -254.470810 5.885554 -11.810888
v -254.386475 5.834904 -11.743021
v -254.386475 6.029511 -11.743021
v -254.395050 5.885554 -11.819387
v -254.395050 6.029511 -11.819387
v -254.505066 5.670073 -12.116297
v -254.513626 5.720722 -12.192663
v -254.429306 5.670073 -12.124796
v -254.437866 5.720722 -12.201162
v -254.505066 2.949794 -12.116297
v -254.513626 2.949794 -12.192663
v -254.429306 2.949794 -12.124796
v -254.437866 2.949794 -12.201162
v -261.373474 5.834905 -10.959307
v -261.373474 6.029512 -10.959307
v -261.382050 6.029512 -11.035673
v -261.382050 5.885555 -11.035673
v -261.296082 5.834905 -10.967989
v -261.296082 6.029512 -10.967989
v -261.304626 5.885555 -11.044355
v -261.304626 6.029512 -11.044355
v -261.416290 5.670074 -11.341082
v -261.424866 5.720723 -11.417448
v -261.338898 5.670074 -11.349764
v -261.347443 5.720723 -11.426130
v -261.416290 2.949795 -11.341082
v -261.424866 2.949795 -11.417448
v -261.338898 2.949795 -11.349764
v -261.347443 2.949795 -11.426130
v -251.915131 -0.483038 -10.458466
v -251.915131 2.665631 -10.458466
v -251.991501 2.665631 -10.449902
v -251.991501 -0.483038 -10.449902
v -251.924530 -0.483038 -10.542240
v -251.924530 2.665631 -10.542240
v -252.000900 -0.483038 -10.533680
v -252.000900 2.665631 -10.533676
v -262.884399 5.834907 -18.408527
v -262.884399 6.029514 -18.408524
v -262.808014 6.029514 -18.417091
v -262.808014 5.885557 -18.417091
v -262.875641 5.834907 -18.330429
v -262.875641 6.029514 -18.330425
v -262.799255 5.885557 -18.338993
v -262.799255 6.029514 -18.338993
v -262.502625 5.670076 -18.451351
v -262.426239 5.720725 -18.459919
v -262.493866 5.670076 -18.373253
v -262.417480 5.720725 -18.381821
v -262.502625 2.949797 -18.451351
v -262.426239 2.949797 -18.459919
v -262.493866 2.949797 -18.373253
v -262.417480 2.949797 -18.381817
v -262.142029 5.834905 -11.790323
v -262.142029 6.029512 -11.790323
v -262.065674 6.029512 -11.798891
v -262.065674 5.885555 -11.798891
v -262.131866 5.834905 -11.699720
v -262.131866 6.029512 -11.699720
v -262.055511 5.885555 -11.708288
v -262.055511 6.029512 -11.708288
v -261.760254 5.670074 -11.833147
v -261.683899 5.720723 -11.841715
v -261.750092 5.670074 -11.742544
v -261.673737 5.720723 -11.751112
v -261.760254 2.949795 -11.833147
v -261.683899 2.949795 -11.841715
v -261.750092 2.949795 -11.742540
v -261.673737 2.949795 -11.751108
v -252.122574 -0.483038 -10.208099
v -252.122574 2.665631 -10.208099
v -252.198944 2.665631 -10.199535
v -252.198944 -0.483038 -10.199535
v -252.131973 -0.483038 -10.291878
v -252.131973 2.665631 -10.291878
v -252.208344 -0.483038 -10.283314
v -252.208344 2.665631 -10.283314
v -263.220093 -0.483038 -8.963318
v -263.220093 2.665632 -8.963318
v -263.296478 2.665632 -8.954750
v -263.296478 -0.483038 -8.954750
v -263.229492 -0.483038 -9.047096
v -263.229492 2.665632 -9.047096
v -263.305878 -0.483038 -9.038528
v -263.305878 2.665632 -9.038528
v -263.456909 -0.483038 -9.144188
v -263.456909 2.665632 -9.144188
v -263.533264 2.665632 -9.135620
v -263.533264 -0.483038 -9.135620
v -263.466309 -0.483038 -9.227966
v -263.466309 2.665632 -9.227966
v -263.542664 -0.483038 -9.219398
v -263.542664 2.665632 -9.219398
v -264.486267 -0.483034 -18.321350
v -264.486267 2.665635 -18.321350
v -264.562653 2.665635 -18.312782
v -264.562653 -0.483034 -18.312782
v -264.495667 -0.483034 -18.405128
v -264.495667 2.665635 -18.405128
v -264.572052 -0.483034 -18.396561
v -264.572052 2.665635 -18.396561
v -252.638519 2.454919 -20.454126
v -252.638519 2.649527 -20.454126
v -252.629944 2.649527 -20.377760
v -252.629944 2.505566 -20.377760
v -252.712524 2.454919 -20.445824
v -252.712524 2.649527 -20.445824
v -252.703949 2.505566 -20.369457
v -252.703949 2.649527 -20.369457
v -252.583542 2.290087 -19.964027
v -252.574982 2.340734 -19.887661
v -252.657547 2.290087 -19.955727
v -252.648987 2.340734 -19.879360
v -252.583542 -0.241756 -19.964027
v -252.574982 -0.241756 -19.887661
v -252.657547 -0.241756 -19.955727
v -252.648987 -0.241756 -19.879360
vt 0.000000 0.000000
vt 0.000000 0.000000
vt 0.000000 0.000000
vt 0.000000 0.000000
vt 0.000000 0.000000
vt 0.000000 0.000000
vt 0.000000 0.000000
vt 0.000000 0.000000
vt 0.000000 0.000000
vt 0.000000 0.000000
vt 0.000000 0.000000
vt 0.000000 0.000000
vt 0.000000 0.000000
vt 0.000000 0.000000
vt 0.000000 0.000000
vt 0.000000 0.000000
vt 0.000000 0.000000
vt 0.000000 0.000000
vt 0.000000 0.000000
vt 0.000000 0.000000
vt 0.000000 0.000000
vt 0.000000 0.000000
vt 0.000000 0.000000
vt 0.000000 0.000000
vt 0.000000 0.000000
vt 0.000000 0.000000
vt 0.000000 0.000000
vt 0.000000 0.000000
vt 0.000000 0.000000
vt 0.000000 0.000000
vt 0.000000 0.000000
vt 0.000000 0.000000
vt 0.000000 0.000000
vt 0.000000 0.000000
vt 0.000000 0.000000
vt 0.000000 0.000000
vt 0.000000 0.000000
vt 0.000000 0.000000
vt 0.000000 0.000000
vt 0.000000 0.000000
vt 0.000000 0.000000
vt 0.000000 0.000000
vt 0.000000 0.000000
vt 0.000000 0.000000
vt 0.000000 0.000000
vt 0.000000 0.000000
vt 0.000000 0.000000
vt 0.000000 0.000000
vt 0.000000 0.000000
vt 0.000000 0.000000
vt 0.000000 0.000000
vt 0.000000 0.000000
vt 0.000000 0.000000
vt 0.000000 0.000000
vt 0.000000 0.000000
vt 0.000000 0.000000
vt 0.000000 0.000000
vt 0.000000 0.000000
vt 0.000000 0.000000
vt 0.000000 0.000000
vt 0.000000 0.000000
vt 0.000000 0.000000
vt 0.000000 0.000000
vt 0.000000 0.000000
vt 0.000000 0.000000
vt 0.000000 0.000000
vt 0.000000 0.000000
vt 0.000000 0.000000
vt 0.000000 0.000000
vt 0.000000 0.000000
vt 0.000000 0.000000
vt 0.000000 0.000000
vt 0.000000 0.000000
vt 0.000000 0.000000
vt 0.000000 0.000000
vt 0.000000 0.000000
vt 0.000000 0.000000
vt 0.000000 0.000000
vt 0.000000 0.000000
vt 0.000000 0.000000
vt 0.000000 0.000000
vt 0.000000 0.000000
vt 0.000000 0.000000
vt 0.000000 0.000000
vt 0.000000 0.000000
vt 0.000000 0.000000
vt 0.000000 0.000000
vt 0.000000 0.000000
vt 0.000000 0.000000
vt 0.000000 0.000000
vt 0.000000 0.000000
vt 0.000000 0.000000
vt 0.000000 0.000000
vt 0.000000 0.000000
vt 0.000000 0.000000
vt 0.000000 0.000000
vt 0.000000 0.000000
vt 0.000000 0.000000
vt 0.000000 0.000000
vt 0.000000 0.000000
vt 0.000000 0.000000
vt 0.000000 0.000000
vt 0.000000 0.000000
vt 0.000000 0.000000
vt 0.000000 0.000000
vt 0.000000 0.000000
vt 0.000000 0.000000
vt 0.000000 0.000000
vt 0.000000 0.000000
vt 0.000000 0.000000
vt 0.000000 0.000000
vt 0.000000 0.000000
vt 0.000000 0.000000
vt 0.000000 0.000000
vt 0.000000 0.000000
vt 0.000000 0.000000
vt 0.000000 0.000000
vt 0.000000 0.000000
vt 0.000000 0.000000
vt 0.000000 0.000000
vt 0.000000 0.000000
vt 0.000000 0.000000
vt 0.000000 0.000000
vt 0.000000 0.000000
vt 0.000000 0.000000
vt 0.000000 0.000000
vt 0.000000 0.000000
vt 0.000000 0.000000
vt 0.000000 0.000000
vt 0.000000 0.000000
vt 0.000000 0.000000
vt 0.000000 0.000000
vt 0.000000 0.000000
vt 0.000000 0.000000
vt 0.000000 0.000000
vt 0.000000 0.000000
vt 0.000000 0.000000
vt 0.000000 0.000000
vt 0.000000 0.000000
vt 0.000000 0.000000
vt 0.000000 0.000000
vt 0.000000 0.000000
vt 0.000000 0.000000
vt 0.000000 0.000000
vt 0.000000 0.000000
vt 0.000000 0.000000
vt 0.000000 0.000000
vt 0.000000 0.000000
vt 0.000000 0.000000
vt 0.000000 0.000000
vt 0.000000 0.000000
vt 0.000000 0.000000
vt 0.000000 0.000000
vt 0.000000 0.000000
vt 0.000000 0.000000
vt 0.000000 0.000000
vt 0.000000 0.000000
vt 0.000000 0.000000
vt 0.000000 0.000000
vt 0.000000 0.000000
vt 0.000000 0.000000
vt 0.000000 0.000000
vt 0.000000 0.000000
vt 0.000000 0.000000
vt 0.000000 0.000000
vt 0.000000 0.000000
vt 0.000000 0.000000
vt 0.000000 0.000000
vt 0.000000 0.000000
vt 0.000000 0.000000
vt 0.000000 0.000000
vt 0.000000 0.000000
vt 0.000000 0.000000
vt 0.000000 0.000000
vt 0.000000 0.000000
vt 0.000000 0.000000
vt 0.000000 0.000000
vt 0.000000 0.000000
vt 0.000000 0.000000
vt 0.000000 0.000000
vt 0.000000 0.000000
vt 0.000000 0.000000
vt 0.000000 0.000000
vt 0.000000 0.000000
vt 0.000000 0.000000
vt 0.000000 0.000000
vt 0.000000 0.000000
vt 0.000000 0.000000
vt 0.000000 0.000000
vt 0.000000 0.000000
vt 0.000000 0.000000
vt 0.000000 0.000000
vt 0.000000 0.000000
vt 0.000000 0.000000
vt 0.000000 0.000000
vt 0.000000 0.000000
vt 0.000000 0.000000
vt 0.000000 0.000000
vt 0.000000 0.000000
vt 0.000000 0.000000
vt 0.000000 0.000000
vt 0.000000 0.000000
vt 0.000000 0.000000
vt 0.000000 0.000000
vt 0.000000 0.000000
vt 0.000000 0.000000
vt 0.000000 0.000000
vt 0.000000 0.000000
vt 0.000000 0.000000
vt 0.000000 0.000000
vt 0.000000 0.000000
vt 0.000000 0.000000
vt 0.000000 0.000000
vt 0.000000 0.000000
vt 0.000000 0.000000
vt 0.000000 0.000000
vt 0.000000 0.000000
vt 0.000000 0.000000
vt 0.000000 0.000000
vt 0.000000 0.000000
vt 0.000000 0.000000
vt 0.000000 0.000000
vt 0.000000 0.000000
vt 0.000000 0.000000
vt 0.000000 0.000000
vt 0.000000 0.000000
vt 0.000000 0.000000
vt 0.000000 0.000000
vt 0.000000 0.000000
vt 0.000000 0.000000
vt 0.000000 0.000000
vt 0.000000 0.000000
vt 0.000000 0.000000
vt 0.000000 0.000000
vt 0.000000 0.000000
vt 0.000000 0.000000
vt 0.000000 0.000000
vt 0.000000 0.000000
vt 0.000000 0.000000
vt 0.000000 0.000000
vt 0.000000 0.000000
vt 0.000000 0.000000
vt 0.000000 0.000000
vt 0.000000 0.000000
vt 0.000000 0.000000
vt 0.000000 0.000000
vt 0.000000 0.000000
vt 0.000000 0.000000
vt 0.000000 0.000000
vt 0.000000 0.000000
vt 0.000000 0.000000
vt 0.000000 0.000000
vt 0.000000 0.000000
vt 0.000000 0.000000
vt 0.000000 0.000000
vt 0.000000 0.000000
vt 0.000000 0.000000
vt 0.000000 0.000000
vt 0.000000 0.000000
vt 0.000000 0.000000
vt 0.000000 0.000000
vt 0.000000 0.000000
vt 0.000000 0.000000
vt 0.000000 0.000000
vt 0.000000 0.000000
vt 0.000000 0.000000
vt 0.000000 0.000000
vt 0.000000 0.000000
vt 0.000000 0.000000
vt 0.000000 0.000000
vt 0.000000 0.000000
vt 0.000000 0.000000
vt 0.000000 0.000000
vt 0.000000 0.000000
vt 0.000000 0.000000
vt 0.000000 0.000000
vt 0.000000 0.000000
vt 0.000000 0.000000
vt 0.000000 0.000000
vt 0.000000 0.000000
vt 0.000000 0.000000
vt 0.000000 0.000000
vt 0.000000 0.000000
vt 0.000000 0.000000
vt 0.000000 0.000000
vt 0.000000 0.000000
vt 0.000000 0.000000
vt 0.000000 0.000000
vt 0.000000 0.000000
vt 0.000000 0.000000
vt 0.000000 0.000000
vt 0.000000 0.000000
vt 0.000000 0.000000
vt 0.000000 0.000000
vt 0.000000 0.000000
vt 0.000000 0.000000
vt 0.000000 0.000000
vt 0.000000 0.000000
vt 0.000000 0.000000
vt 0.000000 0.000000
vt 0.000000 0.000000
vt 0.000000 0.000000
vt 0.000000 0.000000
vt 0.000000 0.000000
vt 0.000000 0.000000
vt 0.000000 0.000000
vt 0.000000 0.000000
vt 0.000000 0.000000
vt 0.000000 0.000000
vt 0.000000 0.000000
vt 0.000000 0.000000
vt 0.000000 0.000000
vt 0.000000 0.000000
vt 0.000000 0.000000
vt 0.000000 0.000000
vt 0.000000 0.000000
vt 0.000000 0.000000
vt 0.000000 0.000000
vt 0.000000 0.000000
vt 0.000000 0.000000
vt 0.000000 0.000000
vt 0.000000 0.000000
vt 0.000000 0.000000
vt 0.000000 0.000000
vt 0.000000 0.000000
vt 0.000000 0.000000
vt 0.000000 0.000000
vt 0.000000 0.000000
vt 0.000000 0.000000
vt 0.000000 0.000000
vt 0.000000 0.000000
vt 0.000000 0.000000
vt 0.000000 0.000000
vt 0.000000 0.000000
vt 0.000000 0.000000
vt 0.000000 0.000000
vt 0.000000 0.000000
vt 0.000000 0.000000
vt 0.000000 0.000000
vt 0.000000 0.000000
vt 0.000000 0.000000
vt 0.000000 0.000000
vt 0.000000 0.000000
vt 0.000000 0.000000
vt 0.000000 0.000000
vt 0.000000 0.000000
vt 0.000000 0.000000
vt 0.000000 0.000000
vt 0.000000 0.000000
vt 0.000000 0.000000
vt 0.000000 0.000000
vt 0.000000 0.000000
vt 0.000000 0.000000
vt 0.000000 0.000000
vt 0.000000 0.000000
vt 0.000000 0.000000
vt 0.000000 0.000000
vt 0.000000 0.000000
vt 0.000000 0.000000
vt 0.000000 0.000000
vt 0.000000 0.000000
vt 0.000000 0.000000
vt 0.000000 0.000000
vt 0.000000 0.000000
vt 0.000000 0.000000
vt 0.000000 0.000000
vt 0.000000 0.000000
vt 0.000000 0.000000
vt 0.000000 0.000000
vt 0.000000 0.000000
vt 0.000000 0.000000
vt 0.000000 0.000000
vt 0.000000 0.000000
vt 0.000000 0.000000
vt 0.000000 0.000000
vt 0.000000 0.000000
vt 0.000000 0.000000
vt 0.000000 0.000000
vt 0.000000 0.000000
vt 0.000000 0.000000
vt 0.000000 0.000000
vt 0.000000 0.000000
vt 0.000000 0.000000
vt 0.000000 0.000000
vt 0.000000 0.000000
vt 0.000000 0.000000
vt 0.000000 0.000000
vt 0.000000 0.000000
vt 0.000000 0.000000
vt 0.000000 0.000000
vt 0.000000 0.000000
vt 0.000000 0.000000
vt 0.000000 0.000000
vt 0.000000 0.000000
vt 0.000000 0.000000
vt 0.000000 0.000000
vt 0.000000 0.000000
vt 0.000000 0.000000
vt 0.000000 0.000000
vt 0.000000 0.000000
vt 0.000000 0.000000
vt 0.000000 0.000000
vt 0.000000 0.000000
vt 0.000000 0.000000
vt 0.000000 0.000000
vt 0.000000 0.000000
vt 0.000000 0.000000
vt 0.000000 0.000000
vt 0.000000 0.000000
vt 0.000000 0.000000
vt 0.000000 0.000000
vt 0.000000 0.000000
vt 0.000000 0.000000
vt 0.000000 0.000000
vt 0.000000 0.000000
vt 0.000000 0.000000
vt 0.000000 0.000000
vt 0.000000 0.000000
vt 0.000000 0.000000
vt 0.000000 0.000000
vt 0.000000 0.000000
vt 0.000000 0.000000
vt 0.000000 0.000000
vt 0.000000 0.000000
vt 0.000000 0.000000
vt 0.000000 0.000000
vt 0.000000 0.000000
vt 0.000000 0.000000
vt 0.000000 0.000000
vt 0.000000 0.000000
vt 0.000000 0.000000
vt 0.000000 0.000000
vt 0.000000 0.000000
vt 0.000000 0.000000
vt 0.000000 0.000000
vt 0.000000 0.000000
vt 0.000000 0.000000
vt 0.000000 0.000000
vt 0.000000 0.000000
vt 0.000000 0.000000
vt 0.000000 0.000000
vt 0.000000 0.000000
vt 0.000000 0.000000
vt 0.000000 0.000000
vt 0.000000 0.000000
vt 0.000000 0.000000
vt 0.000000 0.000000
vt 0.000000 0.000000
vt 0.000000 0.000000
vt 0.000000 0.000000
vt 0.000000 0.000000
vt 0.000000 0.000000
vt 0.000000 0.000000
vt 0.000000 0.000000
vt 0.000000 0.000000
vt 0.000000 0.000000
vt 0.000000 0.000000
vt 0.000000 0.000000
vt 0.000000 0.000000
vt 0.000000 0.000000
vt 0.000000 0.000000
vt 0.000000 0.000000
vt 0.000000 0.000000
vt 0.000000 0.000000
vt 0.000000 0.000000
vt 0.000000 0.000000
vt 0.000000 0.000000
vt 0.000000 0.000000
vt 0.000000 0.000000
vt 0.000000 0.000000
vt 0.000000 0.000000
vt 0.000000 0.000000
vt 0.000000 0.000000
vt 0.000000 0.000000
vt 0.000000 0.000000
vt 0.000000 0.000000
vt 0.000000 0.000000
vt 0.000000 0.000000
vt 0.000000 0.000000
vt 0.000000 0.000000
vt 0.000000 0.000000
vt 0.000000 0.000000
vt 0.000000 0.000000
vt 0.000000 0.000000
vt 0.000000 0.000000
vt 0.000000 0.000000
vt 0.000000 0.000000
vt 0.000000 0.000000
vt 0.000000 0.000000
vt 0.000000 0.000000
vt 0.000000 0.000000
vt 0.000000 0.000000
vt 0.000000 0.000000
vt 0.000000 0.000000
vt 0.000000 0.000000
vt 0.000000 0.000000
vt 0.000000 0.000000
vt 0.000000 0.000000
vt 0.000000 0.000000
vt 0.000000 0.000000
vt 0.000000 0.000000
vt 0.000000 0.000000
vt 0.000000 0.000000
vt 0.000000 0.000000
vt 0.000000 0.000000
vt 0.000000 0.000000
vt 0.000000 0.000000
vt 0.000000 0.000000
vt 0.000000 0.000000
vt 0.000000 0.000000
vt 0.000000 0.000000
vt 0.000000 0.000000
vt 0.000000 0.000000
vt 0.000000 0.000000
vt 0.000000 0.000000
vt 0.000000 0.000000
vt 0.000000 0.000000
vt 0.000000 0.000000
vt 0.000000 0.000000
vt 0.000000 0.000000
vt 0.000000 0.000000
vt 0.000000 0.000000
vt 0.000000 0.000000
vt 0.000000 0.000000
vt 0.000000 0.000000
vt 0.000000 0.000000
vt 0.000000 0.000000
vt 0.000000 0.000000
vt 0.000000 0.000000
vt 0.000000 0.000000
vt 0.000000 0.000000
vt 0.000000 0.000000
vt 0.000000 0.000000
vt 0.000000 0.000000
vt 0.000000 0.000000
vt 0.000000 0.000000
vt 0.000000 0.000000
vt 0.000000 0.000000
vt 0.000000 0.000000
vt 0.000000 0.000000
vt 0.000000 0.000000
vt 0.000000 0.000000
vt 0.000000 0.000000
vt 0.000000 0.000000
vt 0.000000 0.000000
vt 0.000000 0.000000
vt 0.000000 0.000000
vt 0.000000 0.000000
vt 0.000000 0.000000
vt 0.000000 0.000000
vt 0.000000 0.000000
vt 0.000000 0.000000
vt 0.000000 0.000000
vt 0.000000 0.000000
vt 0.000000 0.000000
vt 0.000000 0.000000
vt 0.000000 0.000000
vt 0.000000 0.000000
vt 0.000000 0.000000
vt 0.000000 0.000000
vt 0.000000 0.000000
vt 0.000000 0.000000
vt 0.000000 0.000000
vt 0.000000 0.000000
vt 0.000000 0.000000
vt 0.000000 0.000000
vt 0.000000 0.000000
vt 0.000000 0.000000
vt 0.000000 0.000000
vt 0.000000 0.000000
vt 0.000000 0.000000
vt 0.000000 0.000000
vt 0.000000 0.000000
vt 0.000000 0.000000
vt 0.000000 0.000000
vt 0.000000 0.000000
vt 0.000000 0.000000
vt 0.000000 0.000000
vt 0.000000 0.000000
vt 0.000000 0.000000
vt 0.000000 0.000000
vt 0.000000 0.000000
vt 0.000000 0.000000
vt 0.000000 0.000000
vt 0.000000 0.000000
vt 0.000000 0.000000
vt 0.000000 0.000000
vt 0.000000 0.000000
vt 0.000000 0.000000
vt 0.000000 0.000000
vt 0.000000 0.000000
vt 0.000000 0.000000
vt 0.000000 0.000000
vt 0.000000 0.000000
vt 0.000000 0.000000
vt 0.000000 0.000000
vt 0.000000 0.000000
vt 0.000000 0.000000
vt 0.000000 0.000000
vt 0.000000 0.000000
vt 0.000000 0.000000
vt 0.000000 0.000000
vt 0.000000 0.000000
vt 0.000000 0.000000
vt 0.000000 0.000000
vt 0.000000 0.000000
vt 0.000000 0.000000
vt 0.000000 0.000000
vt 0.000000 0.000000
vt 0.000000 0.000000
vt 0.000000 0.000000
vt 0.000000 0.000000
vt 0.000000 0.000000
vt 0.000000 0.000000
vt 0.000000 0.000000
vt 0.000000 0.000000
vt 0.000000 0.000000
vt 0.000000 0.000000
vt 0.000000 0.000000
vt 0.000000 0.000000
vt 0.000000 0.000000
vt 0.000000 0.000000
vt 0.000000 0.000000
vt 0.000000 0.000000
vt 0.000000 0.000000
vt 0.000000 0.000000
vt 0.000000 0.000000
vt 0.000000 0.000000
vt 0.000000 0.000000
vt 0.000000 0.000000
vt 0.000000 0.000000
vt 0.000000 0.000000
vt 0.000000 0.000000
vt 0.000000 0.000000
vt 0.000000 0.000000
vt 0.000000 0.000000
vt 0.000000 0.000000
vt 0.000000 0.000000
vt 0.000000 0.000000
vt 0.000000 0.000000
vt 0.000000 0.000000
vt 0.000000 0.000000
vt 0.000000 0.000000
vt 0.000000 0.000000
vt 0.000000 0.000000
vt 0.000000 0.000000
vt 0.000000 0.000000
vt 0.000000 0.000000
vt 0.000000 0.000000
vt 0.000000 0.000000
vt 0.000000 0.000000
vt 0.000000 0.000000
vt 0.000000 0.000000
vt 0.000000 0.000000
vt 0.000000 0.000000
vt 0.000000 0.000000
vt 0.000000 0.000000
vt 0.000000 0.000000
vt 0.000000 0.000000
vt 0.000000 0.000000
vt 0.000000 0.000000
vt 0.000000 0.000000
vt 0.000000 0.000000
vt 0.000000 0.000000
vt 0.000000 0.000000
vt 0.000000 0.000000
vt 0.000000 0.000000
vt 0.000000 0.000000
vt 0.000000 0.000000
vt 0.000000 0.000000
vt 0.000000 0.000000
vt 0.000000 0.000000
vt 0.000000 0.000000
vt 0.000000 0.000000
vt 0.000000 0.000000
vt 0.000000 0.000000
vt 0.000000 0.000000
vt 0.000000 0.000000
vt 0.000000 0.000000
vt 0.000000 0.000000
vt 0.000000 0.000000
vt 0.000000 0.000000
vt 0.000000 0.000000
vt 0.000000 0.000000
vt 0.000000 0.000000
vt 0.000000 0.000000
vt 0.000000 0.000000
vt 0.000000 0.000000
vt 0.000000 0.000000
vt 0.000000 0.000000
vt 0.000000 0.000000
vt 0.000000 0.000000
vt 0.000000 0.000000
vt 0.000000 0.000000
vt 0.000000 0.000000
vt 0.000000 0.000000
vt 0.000000 0.000000
vt 0.000000 0.000000
vt 0.000000 0.000000
vt 0.000000 0.000000
vt 0.000000 0.000000
vt 0.000000 0.000000
vt 0.000000 0.000000
vt 0.000000 0.000000
vt 0.000000 0.000000
vt 0.000000 0.000000
vt 0.000000 0.000000
vt 0.000000 0.000000
vt 0.000000 0.000000
vt 0.000000 0.000000
vt 0.000000 0.000000
vt 0.000000 0.000000
vt 0.000000 0.000000
vt 0.000000 0.000000
vt 0.000000 0.000000
vt 0.000000 0.000000
vt 0.000000 0.000000
vt 0.000000 0.000000
vt 0.000000 0.000000
vt 0.000000 0.000000
vt 0.000000 0.000000
vt 0.000000 0.000000
vt 0.000000 0.000000
vt 0.000000 0.000000
vt 0.000000 0.000000
vt 0.000000 0.000000
vt 0.000000 0.000000
vt 0.000000 0.000000
vt 0.000000 0.000000
vt 0.000000 0.000000
vt 0.000000 0.000000
vt 0.000000 0.000000
vt 0.000000 0.000000
vt 0.000000 0.000000
vt 0.000000 0.000000
vt 0.000000 0.000000
vt 0.000000 0.000000
vt 0.000000 0.000000
vt 0.000000 0.000000
vt 0.000000 0.000000
vt 0.000000 0.000000
vt 0.000000 0.000000
vt 0.000000 0.000000
vt 0.000000 0.000000
vt 0.000000 0.000000
vt 0.000000 0.000000
vt 0.000000 0.000000
vt 0.000000 0.000000
vt 0.000000 0.000000
vt 0.000000 0.000000
vt 0.000000 0.000000
vt 0.000000 0.000000
vt 0.000000 0.000000
vt 0.000000 0.000000
vt 0.000000 0.000000
vt 0.000000 0.000000
vt 0.000000 0.000000
vt 0.000000 0.000000
vt 0.000000 0.000000
vt 0.000000 0.000000
vt 0.000000 0.000000
vt 0.000000 0.000000
vt 0.000000 0.000000
vt 0.000000 0.000000
vt 0.000000 0.000000
vt 0.000000 0.000000
vt 0.000000 0.000000
vt 0.000000 0.000000
vt 0.000000 0.000000
vt 0.000000 0.000000
vt 0.000000 0.000000
vt 0.000000 0.000000
vt 0.000000 0.000000
vt 0.000000 0.000000
vt 0.000000 0.000000
vt 0.000000 0.000000
vt 0.000000 0.000000
vt 0.000000 0.000000
vt 0.000000 0.000000
vt 0.000000 0.000000
vt 0.000000 0.000000
vt 0.000000 0.000000
vt 0.000000 0.000000
vt 0.000000 0.000000
vt 0.000000 0.000000
vt 0.000000 0.000000
vt 0.000000 0.000000
vt 0.000000 0.000000
vt 0.000000 0.000000
vt 0.000000 0.000000
vt 0.000000 0.000000
vt 0.000000 0.000000
vt 0.000000 0.000000
vt 0.000000 0.000000
vt 0.000000 0.000000
vt 0.000000 0.000000
vt 0.000000 0.000000
vt 0.000000 0.000000
vt 0.000000 0.000000
vt 0.000000 0.000000
vt 0.000000 0.000000
vt 0.000000 0.000000
vt 0.000000 0.000000
vt 0.000000 0.000000
vt 0.000000 0.000000
vt 0.000000 0.000000
vt 0.000000 0.000000
vt 0.000000 0.000000
vt 0.000000 0.000000
vt 0.000000 0.000000
vt 0.000000 0.000000
vt 0.000000 0.000000
vt 0.000000 0.000000
vt 0.000000 0.000000
vt 0.000000 0.000000
vt 0.000000 0.000000
vt 0.000000 0.000000
vt 0.000000 0.000000
vt 0.000000 0.000000
vt 0.000000 0.000000
vt 0.000000 0.000000
vt 0.000000 0.000000
vt 0.000000 0.000000
vt 0.000000 0.000000
vt 0.000000 0.000000
vt 0.000000 0.000000
vt 0.000000 0.000000
vt 0.000000 0.000000
vt 0.000000 0.000000
vt 0.000000 0.000000
vt 0.000000 0.000000
vt 0.000000 0.000000
vt 0.000000 0.000000
vt 0.000000 0.000000
vt 0.000000 0.000000
vt 0.000000 0.000000
vt 0.000000 0.000000
vt 0.000000 0.000000
vt 0.000000 0.000000
vt 0.000000 0.000000
vt 0.000000 0.000000
vt 0.000000 0.000000
vt 0.000000 0.000000
vt 0.000000 0.000000
vt 0.000000 0.000000
vt 0.000000 0.000000
vt 0.000000 0.000000
vt 0.000000 0.000000
vt 0.000000 0.000000
vt 0.000000 0.000000
vt 0.000000 0.000000
vt 0.000000 0.000000
vt 0.000000 0.000000
vt 0.000000 0.000000
vt 0.000000 0.000000
vt 0.000000 0.000000
vt 0.000000 0.000000
vt 0.000000 0.000000
vt 0.000000 0.000000
vt 0.000000 0.000000
vt 0.000000 0.000000
vt 0.000000 0.000000
vt 0.000000 0.000000
vt 0.000000 0.000000
vt 0.000000 0.000000
vt 0.000000 0.000000
vt 0.000000 0.000000
vt 0.000000 0.000000
vt 0.000000 0.000000
vt 0.000000 0.000000
vt 0.000000 0.000000
vt 0.000000 0.000000
vt 0.000000 0.000000
vt 0.000000 0.000000
vt 0.000000 0.000000
vt 0.000000 0.000000
vt 0.000000 0.000000
vt 0.000000 0.000000
vt 0.000000 0.000000
vt 0.000000 0.000000
vt 0.000000 0.000000
vt 0.000000 0.000000
vt 0.000000 0.000000
vt 0.000000 0.000000
vt 0.000000 0.000000
vt 0.000000 0.000000
vt 0.000000 0.000000
vt 0.000000 0.000000
vt 0.000000 0.000000
vt 0.000000 0.000000
vt 0.000000 0.000000
vt 0.000000 0.000000
vt 0.000000 0.000000
vt 0.000000 0.000000
vt 0.000000 0.000000
vt 0.000000 0.000000
vt 0.000000 0.000000
vt 0.000000 0.000000
vt 0.000000 0.000000
vt 0.000000 0.000000
vt 0.000000 0.000000
vt 0.000000 0.000000
vt 0.000000 0.000000
vt 0.000000 0.000000
vt 0.000000 0.000000
vt 0.000000 0.000000
vt 0.000000 0.000000
vt 0.000000 0.000000
vt 0.000000 0.000000
vt 0.000000 0.000000
vt 0.000000 0.000000
vt 0.000000 0.000000
vt 0.000000 0.000000
vt 0.000000 0.000000
vt 0.000000 0.000000
vt 0.000000 0.000000
vt 0.000000 0.000000
vt 0.000000 0.000000
vt 0.000000 0.000000
vt 0.000000 0.000000
vt 0.000000 0.000000
vt 0.000000 0.000000
vt 0.000000 0.000000
vt 0.000000 0.000000
vt 0.000000 0.000000
vt 0.000000 0.000000
vt 0.000000 0.000000
vt 0.000000 0.000000
vt 0.000000 0.000000
vt 0.000000 0.000000
vt 0.000000 0.000000
vt 0.000000 0.000000
vt 0.000000 0.000000
vt 0.000000 0.000000
vt 0.000000 0.000000
vt 0.000000 0.000000
vt 0.000000 0.000000
vt 0.000000 0.000000
vt 0.000000 0.000000
vt 0.000000 0.000000
vt 0.000000 0.000000
vt 0.000000 0.000000
vt 0.000000 0.000000
vt 0.000000 0.000000
vt 0.000000 0.000000
vt 0.000000 0.000000
vt 0.000000 0.000000
vt 0.000000 0.000000
vt 0.000000 0.000000
vt 0.000000 0.000000
vt 0.000000 0.000000
vt 0.000000 0.000000
vt 0.000000 0.000000
vt 0.000000 0.000000
vt 0.000000 0.000000
vt 0.000000 0.000000
vt 0.000000 0.000000
vt 0.000000 0.000000
vt 0.000000 0.000000
vt 0.000000 0.000000
vt 0.000000 0.000000
vt 0.000000 0.000000
vt 0.000000 0.000000
vt 0.000000 0.000000
vt 0.000000 0.000000
vt 0.000000 0.000000
vt 0.000000 0.000000
vt 0.000000 0.000000
vt 0.000000 0.000000
vt 0.000000 0.000000
vt 0.000000 0.000000
vt 0.000000 0.000000
vt 0.000000 0.000000
vt 0.000000 0.000000
vt 0.000000 0.000000
vt 0.000000 0.000000
vt 0.000000 0.000000
vt 0.000000 0.000000
vt 0.000000 0.000000
vt 0.000000 0.000000
vt 0.000000 0.000000
vt 0.000000 0.000000
vt 0.000000 0.000000
vt 0.000000 0.000000
vt 0.000000 0.000000
vt 0.000000 0.000000
vt 0.000000 0.000000
vt 0.000000 0.000000
vt 0.000000 0.000000
vt 0.000000 0.000000
vt 0.000000 0.000000
vt 0.000000 0.000000
vt 0.000000 0.000000
vt 0.000000 0.000000
vt 0.000000 0.000000
vt 0.000000 0.000000
vt 0.000000 0.000000
vt 0.000000 0.000000
vt 0.000000 0.000000
vt 0.000000 0.000000
vt 0.000000 0.000000
vt 0.000000 0.000000
vt 0.000000 0.000000
vt 0.000000 0.000000
vt 0.000000 0.000000
vt 0.000000 0.000000
vt 0.000000 0.000000
vt 0.000000 0.000000
vt 0.000000 0.000000
vt 0.000000 0.000000
vt 0.000000 0.000000
vt 0.000000 0.000000
vt 0.000000 0.000000
vt 0.000000 0.000000
vt 0.000000 0.000000
vt 0.000000 0.000000
vt 0.000000 0.000000
vt 0.000000 0.000000
vt 0.000000 0.000000
vt 0.000000 0.000000
vt 0.000000 0.000000
vt 0.000000 0.000000
vt 0.000000 0.000000
vt 0.000000 0.000000
vt 0.000000 0.000000
vt 0.000000 0.000000
vt 0.000000 0.000000
vt 0.000000 0.000000
vt 0.000000 0.000000
vt 0.000000 0.000000
vt 0.000000 0.000000
vt 0.000000 0.000000
vt 0.000000 0.000000
vt 0.000000 0.000000
vt 0.000000 0.000000
vt 0.000000 0.000000
vt 0.000000 0.000000
vt 0.000000 0.000000
vt 0.000000 0.000000
vt 0.000000 0.000000
vt 0.000000 0.000000
vt 0.000000 0.000000
vt 0.000000 0.000000
vt 0.000000 0.000000
vt 0.000000 0.000000
vt 0.000000 0.000000
vt 0.000000 0.000000
vt 0.000000 0.000000
vt 0.000000 0.000000
vt 0.000000 0.000000
vt 0.000000 0.000000
vt 0.000000 0.000000
vt 0.000000 0.000000
vt 0.000000 0.000000
vt 0.000000 0.000000
vt 0.000000 0.000000
vt 0.000000 0.000000
vt 0.000000 0.000000
vt 0.000000 0.000000
vt 0.000000 0.000000
vt 0.000000 0.000000
vt 0.000000 0.000000
vt 0.000000 0.000000
vt 0.000000 0.000000
vt 0.000000 0.000000
vt 0.000000 0.000000
vt 0.000000 0.000000
vt 0.000000 0.000000
vt 0.000000 0.000000
vt 0.000000 0.000000
vt 0.000000 0.000000
vt 0.000000 0.000000
vt 0.000000 0.000000
vt 0.000000 0.000000
vt 0.000000 0.000000
vt 0.000000 0.000000
vt 0.000000 0.000000
vt 0.000000 0.000000
vt 0.000000 0.000000
vt 0.000000 0.000000
vt 0.000000 0.000000
vt 0.000000 0.000000
vt 0.000000 0.000000
vt 0.000000 0.000000
vt 0.000000 0.000000
vt 0.000000 0.000000
vt 0.000000 0.000000
vt 0.000000 0.000000
vt 0.000000 0.000000
vt 0.000000 0.000000
vt 0.000000 0.000000
vt 0.000000 0.000000
vt 0.000000 0.000000
vt 0.000000 0.000000
vt 0.000000 0.000000
vt 0.000000 0.000000
vt 0.000000 0.000000
vt 0.000000 0.000000
vt 0.000000 0.000000
vt 0.000000 0.000000
vt 0.000000 0.000000
vt 0.000000 0.000000
vt 0.000000 0.000000
vt 0.000000 0.000000
vt 0.000000 0.000000
vt 0.000000 0.000000
vt 0.000000 0.000000
vt 0.000000 0.000000
vt 0.000000 0.000000
vt 0.000000 0.000000
vt 0.000000 0.000000
vt 0.000000 0.000000
vt 0.000000 0.000000
vt 0.000000 0.000000
vt 0.000000 0.000000
vt 0.000000 0.000000
vt 0.000000 0.000000
vt 0.000000 0.000000
vt 0.000000 0.000000
vt 0.000000 0.000000
vt 0.000000 0.000000
vt 0.000000 0.000000
vt 0.000000 0.000000
vt 0.000000 0.000000
vt 0.000000 0.000000
vt 0.000000 0.000000
vt 0.000000 0.000000
vt 0.000000 0.000000
vt 0.000000 0.000000
vt 0.000000 0.000000
vt 0.000000 0.000000
vt 0.000000 0.000000
vt 0.000000 0.000000
vt 0.000000 0.000000
vt 0.000000 0.000000
vt 0.000000 0.000000
vt 0.000000 0.000000
vt 0.000000 0.000000
vt 0.000000 0.000000
vt 0.000000 0.000000
vt 0.000000 0.000000
vt 0.000000 0.000000
vt 0.000000 0.000000
vt 0.000000 0.000000
vt 0.000000 0.000000
vt 0.000000 0.000000
vt 0.000000 0.000000
vt 0.000000 0.000000
vt 0.000000 0.000000
vt 0.000000 0.000000
vt 0.000000 0.000000
vt 0.000000 0.000000
vt 0.000000 0.000000
vt 0.000000 0.000000
vt 0.000000 0.000000
vt 0.000000 0.000000
vt 0.000000 0.000000
vt 0.000000 0.000000
vt 0.000000 0.000000
vt 0.000000 0.000000
vt 0.000000 0.000000
vt 0.000000 0.000000
vt 0.000000 0.000000
vt 0.000000 0.000000
vt 0.000000 0.000000
vt 0.000000 0.000000
vt 0.000000 0.000000
vt 0.000000 0.000000
vt 0.000000 0.000000
vt 0.000000 0.000000
vt 0.000000 0.000000
vt 0.000000 0.000000
vt 0.000000 0.000000
vt 0.000000 0.000000
vt 0.000000 0.000000
vt 0.000000 0.000000
vt 0.000000 0.000000
vt 0.000000 0.000000
vt 0.000000 0.000000
vt 0.000000 0.000000
vt 0.000000 0.000000
vt 0.000000 0.000000
vt 0.000000 0.000000
vt 0.000000 0.000000
vt 0.000000 0.000000
vt 0.000000 0.000000
vt 0.000000 0.000000
vt 0.000000 0.000000
vt 0.000000 0.000000
vt 0.000000 0.000000
vt 0.000000 0.000000
vt 0.000000 0.000000
vt 0.000000 0.000000
vt 0.000000 0.000000
vt 0.000000 0.000000
vt 0.000000 0.000000
vt 0.000000 0.000000
vt 0.000000 0.000000
vt 0.000000 0.000000
vt 0.000000 0.000000
vt 0.000000 0.000000
vt 0.000000 0.000000
vt 0.000000 0.000000
vt 0.000000 0.000000
vt 0.000000 0.000000
vt 0.000000 0.000000
vt 0.000000 0.000000
vt 0.000000 0.000000
vt 0.000000 0.000000
vt 0.000000 0.000000
vt 0.000000 0.000000
vt 0.000000 0.000000
vt 0.000000 0.000000
vt 0.000000 0.000000
vt 0.000000 0.000000
vt 0.000000 0.000000
vt 0.000000 0.000000
vt 0.000000 0.000000
vt 0.000000 0.000000
vt 0.000000 0.000000
vt 0.000000 0.000000
vt 0.000000 0.000000
vt 0.000000 0.000000
vt 0.000000 0.000000
vt 0.000000 0.000000
vt 0.000000 0.000000
vt 0.000000 0.000000
vt 0.000000 0.000000
vt 0.000000 0.000000
vt 0.000000 0.000000
vt 0.000000 0.000000
vt 0.000000 0.000000
vt 0.000000 0.000000
vt 0.000000 0.000000
vt 0.000000 0.000000
vt 0.000000 0.000000
vt 0.000000 0.000000
vt 0.000000 0.000000
vt 0.000000 0.000000
vt 0.000000 0.000000
vt 0.000000 0.000000
vt 0.000000 0.000000
vt 0.000000 0.000000
vt 0.000000 0.000000
vt 0.000000 0.000000
vt 0.000000 0.000000
vt 0.000000 0.000000
vt 0.000000 0.000000
vt 0.000000 0.000000
vt 0.000000 0.000000
vt 0.000000 0.000000
vt 0.000000 0.000000
vt 0.000000 0.000000
vt 0.000000 0.000000
vt 0.000000 0.000000
vt 0.000000 0.000000
vt 0.000000 0.000000
vt 0.000000 0.000000
vt 0.000000 0.000000
vt 0.000000 0.000000
vt 0.000000 0.000000
vt 0.000000 0.000000
vt 0.000000 0.000000
vt 0.000000 0.000000
vt 0.000000 0.000000
vt 0.000000 0.000000
vt 0.000000 0.000000
vt 0.000000 0.000000
vt 0.000000 0.000000
vt 0.000000 0.000000
vt 0.000000 0.000000
vt 0.000000 0.000000
vt 0.000000 0.000000
vt 0.000000 0.000000
vt 0.000000 0.000000
vt 0.000000 0.000000
vt 0.000000 0.000000
vt 0.000000 0.000000
vt 0.000000 0.000000
vt 0.000000 0.000000
vt 0.000000 0.000000
vt 0.000000 0.000000
vt 0.000000 0.000000
vt 0.000000 0.000000
vt 0.000000 0.000000
vt 0.000000 0.000000
vt 0.000000 0.000000
vt 0.000000 0.000000
vt 0.000000 0.000000
vt 0.000000 0.000000
vt 0.000000 0.000000
vt 0.000000 0.000000
vt 0.000000 0.000000
vt 0.000000 0.000000
vt 0.000000 0.000000
vt 0.000000 0.000000
vt 0.000000 0.000000
vt 0.000000 0.000000
vt 0.000000 0.000000
vt 0.000000 0.000000
vt 0.000000 0.000000
vt 0.000000 0.000000
vt 0.000000 0.000000
vt 0.000000 0.000000
vt 0.000000 0.000000
vt 0.000000 0.000000
vt 0.000000 0.000000
vt 0.000000 0.000000
vt 0.000000 0.000000
vt 0.000000 0.000000
vt 0.000000 0.000000
vt 0.000000 0.000000
vt 0.000000 0.000000
vt 0.000000 0.000000
vt 0.000000 0.000000
vt 0.000000 0.000000
vt 0.000000 0.000000
vt 0.000000 0.000000
vt 0.000000 0.000000
vt 0.000000 0.000000
vt 0.000000 0.000000
vt 0.000000 0.000000
vt 0.000000 0.000000
vt 0.000000 0.000000
vt 0.000000 0.000000
vt 0.000000 0.000000
vt 0.000000 0.000000
vt 0.000000 0.000000
vt 0.000000 0.000000
vt 0.000000 0.000000
vt 0.000000 0.000000
vt 0.000000 0.000000
vt 0.000000 0.000000
vt 0.000000 0.000000
vt 0.000000 0.000000
vt 0.000000 0.000000
vt 0.000000 0.000000
vt 0.000000 0.000000
vt 0.000000 0.000000
vt 0.000000 0.000000
vt 0.000000 0.000000
vt 0.000000 0.000000
vt 0.000000 0.000000
vt 0.000000 0.000000
vt 0.000000 0.000000
vt 0.000000 0.000000
vt 0.000000 0.000000
vt 0.000000 0.000000
vt 0.000000 0.000000
vt 0.000000 0.000000
vt 0.000000 0.000000
vt 0.000000 0.000000
vt 0.000000 0.000000
vt 0.000000 0.000000
vt 0.000000 0.000000
vt 0.000000 0.000000
vt 0.000000 0.000000
vt 0.000000 0.000000
vt 0.000000 0.000000
vt 0.000000 0.000000
vt 0.000000 0.000000
vt 0.000000 0.000000
vt 0.000000 0.000000
vt 0.000000 0.000000
vt 0.000000 0.000000
vt 0.000000 0.000000
vt 0.000000 0.000000
vt 0.000000 0.000000
vt 0.000000 0.000000
vt 0.000000 0.000000
vt 0.000000 0.000000
vt 0.000000 0.000000
vt 0.000000 0.000000
vt 0.000000 0.000000
vt 0.000000 0.000000
vt 0.000000 0.000000
vt 0.000000 0.000000
vt 0.000000 0.000000
vt 0.000000 0.000000
vt 0.000000 0.000000
vt 0.000000 0.000000
vt 0.000000 0.000000
vt 0.000000 0.000000
vt 0.000000 0.000000
vt 0.000000 0.000000
vt 0.000000 0.000000
vt 0.000000 0.000000
vt 0.000000 0.000000
vt 0.000000 0.000000
vt 0.000000 0.000000
vt 0.000000 0.000000
vt 0.000000 0.000000
vt 0.000000 0.000000
vt 0.000000 0.000000
vt 0.000000 0.000000
vt 0.000000 0.000000
vt 0.000000 0.000000
vt 0.000000 0.000000
vt 0.000000 0.000000
vt 0.000000 0.000000
vt 0.000000 0.000000
vt 0.000000 0.000000
vt 0.000000 0.000000
vt 0.000000 0.000000
vt 0.000000 0.000000
vt 0.000000 0.000000
vt 0.000000 0.000000
vt 0.000000 0.000000
vt 0.000000 0.000000
vt 0.000000 0.000000
vt 0.000000 0.000000
vt 0.000000 0.000000
vt 0.000000 0.000000
vt 0.000000 0.000000
vt 0.000000 0.000000
vt 0.000000 0.000000
vt 0.000000 0.000000
vt 0.000000 0.000000
vt 0.000000 0.000000
vt 0.000000 0.000000
vt 0.000000 0.000000
vt 0.000000 0.000000
vt 0.000000 0.000000
vt 0.000000 0.000000
vt 0.000000 0.000000
vt 0.000000 0.000000
vt 0.000000 0.000000
vt 0.000000 0.000000
vt 0.000000 0.000000
vt 0.000000 0.000000
vt 0.000000 0.000000
vt 0.000000 0.000000
vt 0.000000 0.000000
vt 0.000000 0.000000
vt 0.000000 0.000000
vt 0.000000 0.000000
vt 0.000000 0.000000
vt 0.000000 0.000000
vt 0.000000 0.000000
vt 0.000000 0.000000
vt 0.000000 0.000000
vt 0.000000 0.000000
vt 0.000000 0.000000
vt 0.000000 0.000000
vt 0.000000 0.000000
vt 0.000000 0.000000
vt 0.000000 0.000000
vt 0.000000 0.000000
vt 0.000000 0.000000
vt 0.000000 0.000000
vt 0.000000 0.000000
vt 0.000000 0.000000
vt 0.000000 0.000000
vt 0.000000 0.000000
vt 0.000000 0.000000
vt 0.000000 0.000000
vt 0.000000 0.000000
vt 0.000000 0.000000
vt 0.000000 0.000000
vt 0.000000 0.000000
vt 0.000000 0.000000
vt 0.000000 0.000000
vt 0.000000 0.000000
vt 0.000000 0.000000
vt 0.000000 0.000000
vt 0.000000 0.000000
vt 0.000000 0.000000
vt 0.000000 0.000000
vt 0.000000 0.000000
vt 0.000000 0.000000
vt 0.000000 0.000000
vt 0.000000 0.000000
vt 0.000000 0.000000
vt 0.000000 0.000000
vt 0.000000 0.000000
vt 0.000000 0.000000
vt 0.000000 0.000000
vt 0.000000 0.000000
vt 0.000000 0.000000
vt 0.000000 0.000000
vt 0.000000 0.000000
vt 0.000000 0.000000
vt 0.000000 0.000000
vt 0.000000 0.000000
vt 0.000000 0.000000
vt 0.000000 0.000000
vt 0.000000 0.000000
vt 0.000000 0.000000
vt 0.000000 0.000000
vt 0.000000 0.000000
vt 0.000000 0.000000
vt 0.000000 0.000000
vt 0.000000 0.000000
vt 0.000000 0.000000
vt 0.000000 0.000000
vt 0.000000 0.000000
vt 0.000000 0.000000
vt 0.000000 0.000000
vt 0.000000 0.000000
vt 0.000000 0.000000
vt 0.000000 0.000000
vt 0.000000 0.000000
vt 0.000000 0.000000
vt 0.000000 0.000000
vt 0.000000 0.000000
vt 0.000000 0.000000
vt 0.000000 0.000000
vt 0.000000 0.000000
vt 0.000000 0.000000
vt 0.000000 0.000000
vt 0.000000 0.000000
vt 0.000000 0.000000
vt 0.000000 0.000000
vt 0.000000 0.000000
vt 0.000000 0.000000
vt 0.000000 0.000000
vt 0.000000 0.000000
vt 0.000000 0.000000
vt 0.000000 0.000000
vt 0.000000 0.000000
vt 0.000000 0.000000
vt 0.000000 0.000000
vt 0.000000 0.000000
vt 0.000000 0.000000
vt 0.000000 0.000000
vt 0.000000 0.000000
vt 0.000000 0.000000
vt 0.000000 0.000000
vt 0.000000 0.000000
vt 0.000000 0.000000
vt 0.000000 0.000000
vt 0.000000 0.000000
vt 0.000000 0.000000
vt 0.000000 0.000000
vt 0.000000 0.000000
vt 0.000000 0.000000
vt 0.000000 0.000000
vt 0.000000 0.000000
vt 0.000000 0.000000
vt 0.000000 0.000000
vt 0.000000 0.000000
vt 0.000000 0.000000
vt 0.000000 0.000000
vt 0.000000 0.000000
vt 0.000000 0.000000
vt 0.000000 0.000000
vt 0.000000 0.000000
vt 0.000000 0.000000
vt 0.000000 0.000000
vt 0.000000 0.000000
vt 0.000000 0.000000
vt 0.000000 0.000000
vt 0.000000 0.000000
vt 0.000000 0.000000
vt 0.000000 0.000000
vt 0.000000 0.000000
vt 0.000000 0.000000
vt 0.000000 0.000000
vt 0.000000 0.000000
vt 0.000000 0.000000
vt 0.000000 0.000000
vt 0.000000 0.000000
vt 0.000000 0.000000
vt 0.000000 0.000000
vt 0.000000 0.000000
vt 0.000000 0.000000
vt 0.000000 0.000000
vt 0.000000 0.000000
vt 0.000000 0.000000
vt 0.000000 0.000000
vt 0.000000 0.000000
vt 0.000000 0.000000
vt 0.000000 0.000000
vt 0.000000 0.000000
vt 0.000000 0.000000
vt 0.000000 0.000000
vt 0.000000 0.000000
vt 0.000000 0.000000
vt 0.000000 0.000000
vt 0.000000 0.000000
vt 0.000000 0.000000
vt 0.000000 0.000000
vt 0.000000 0.000000
vt 0.000000 0.000000
vt 0.000000 0.000000
vt 0.000000 0.000000
vt 0.000000 0.000000
vt 0.000000 0.000000
vt 0.000000 0.000000
vt 0.000000 0.000000
vt 0.000000 0.000000
vt 0.000000 0.000000
vt 0.000000 0.000000
vt 0.000000 0.000000
vt 0.000000 0.000000
vt 0.000000 0.000000
vt 0.000000 0.000000
vt 0.000000 0.000000
vt 0.000000 0.000000
vt 0.000000 0.000000
vt 0.000000 0.000000
vt 0.000000 0.000000
vt 0.000000 0.000000
vt 0.000000 0.000000
vt 0.000000 0.000000
vt 0.000000 0.000000
vt 0.000000 0.000000
vt 0.000000 0.000000
vt 0.000000 0.000000
vt 0.000000 0.000000
vt 0.000000 0.000000
vt 0.000000 0.000000
vt 0.000000 0.000000
vt 0.000000 0.000000
vt 0.000000 0.000000
vt 0.000000 0.000000
vt 0.000000 0.000000
vt 0.000000 0.000000
vt 0.000000 0.000000
vt 0.000000 0.000000
vt 0.000000 0.000000
vt 0.000000 0.000000
vt 0.000000 0.000000
vt 0.000000 0.000000
vt 0.000000 0.000000
vt 0.000000 0.000000
vt 0.000000 0.000000
vt 0.000000 0.000000
vt 0.000000 0.000000
vt 0.000000 0.000000
vt 0.000000 0.000000
vt 0.000000 0.000000
vt 0.000000 0.000000
vt 0.000000 0.000000
vt 0.000000 0.000000
vt 0.000000 0.000000
vt 0.000000 0.000000
vt 0.000000 0.000000
vt 0.000000 0.000000
vt 0.000000 0.000000
vt 0.000000 0.000000
vt 0.000000 0.000000
vt 0.000000 0.000000
vt 0.000000 0.000000
vt 0.000000 0.000000
vt 0.000000 0.000000
vt 0.000000 0.000000
vt 0.000000 0.000000
vt 0.000000 0.000000
vt 0.000000 0.000000
vt 0.000000 0.000000
vt 0.000000 0.000000
vt 0.000000 0.000000
vt 0.000000 0.000000
vt 0.000000 0.000000
vt 0.000000 0.000000
vt 0.000000 0.000000
vt 0.000000 0.000000
vt 0.000000 0.000000
vt 0.000000 0.000000
vt 0.000000 0.000000
vt 0.000000 0.000000
vt 0.000000 0.000000
vt 0.000000 0.000000
vt 0.000000 0.000000
vt 0.000000 0.000000
vt 0.000000 0.000000
vt 0.000000 0.000000
vt 0.000000 0.000000
vt 0.000000 0.000000
vt 0.000000 0.000000
vt 0.000000 0.000000
vt 0.000000 0.000000
vt 0.000000 0.000000
vt 0.000000 0.000000
vt 0.000000 0.000000
vt 0.000000 0.000000
vt 0.000000 0.000000
vt 0.000000 0.000000
vt 0.000000 0.000000
vt 0.000000 0.000000
vt 0.000000 0.000000
vt 0.000000 0.000000
vt 0.000000 0.000000
vt 0.000000 0.000000
vt 0.000000 0.000000
vt 0.000000 0.000000
vt 0.000000 0.000000
vt 0.000000 0.000000
vt 0.000000 0.000000
vt 0.000000 0.000000
vt 0.000000 0.000000
vt 0.000000 0.000000
vt 0.000000 0.000000
vt 0.000000 0.000000
vt 0.000000 0.000000
vt 0.000000 0.000000
vt 0.000000 0.000000
vt 0.000000 0.000000
vt 0.000000 0.000000
vt 0.000000 0.000000
vt 0.000000 0.000000
vt 0.000000 0.000000
vt 0.000000 0.000000
vt 0.000000 0.000000
vt 0.000000 0.000000
vt 0.000000 0.000000
vt 0.000000 0.000000
vt 0.000000 0.000000
vt 0.000000 0.000000
vt 0.000000 0.000000
vt 0.000000 0.000000
vt 0.000000 0.000000
vt 0.000000 0.000000
vt 0.000000 0.000000
vt 0.000000 0.000000
vt 0.000000 0.000000
vt 0.000000 0.000000
vt 0.000000 0.000000
vt 0.000000 0.000000
vt 0.000000 0.000000
vt 0.000000 0.000000
vt 0.000000 0.000000
vt 0.000000 0.000000
vt 0.000000 0.000000
vt 0.000000 0.000000
vt 0.000000 0.000000
vt 0.000000 0.000000
vt 0.000000 0.000000
vt 0.000000 0.000000
vt 0.000000 0.000000
vt 0.000000 0.000000
vt 0.000000 0.000000
vt 0.000000 0.000000
vt 0.000000 0.000000
vt 0.000000 0.000000
vt 0.000000 0.000000
vt 0.000000 0.000000
vt 0.000000 0.000000
vt 0.000000 0.000000
vt 0.000000 0.000000
vt 0.000000 0.000000
vt 0.000000 0.000000
vt 0.000000 0.000000
vt 0.000000 0.000000
vt 0.000000 0.000000
vt 0.000000 0.000000
vt 0.000000 0.000000
vt 0.000000 0.000000
vt 0.000000 0.000000
vt 0.000000 0.000000
vt 0.000000 0.000000
vt 0.000000 0.000000
vt 0.000000 0.000000
vt 0.000000 0.000000
vt 0.000000 0.000000
vt 0.000000 0.000000
vt 0.000000 0.000000
vt 0.000000 0.000000
vt 0.000000 0.000000
vt 0.000000 0.000000
vt 0.000000 0.000000
vt 0.000000 0.000000
vt 0.000000 0.000000
vt 0.000000 0.000000
vt 0.000000 0.000000
vt 0.000000 0.000000
vt 0.000000 0.000000
vt 0.000000 0.000000
vt 0.000000 0.000000
vt 0.000000 0.000000
vt 0.000000 0.000000
vt 0.000000 0.000000
vt 0.000000 0.000000
vt 0.000000 0.000000
vt 0.000000 0.000000
vt 0.000000 0.000000
vt 0.000000 0.000000
vt 0.000000 0.000000
vt 0.000000 0.000000
vt 0.000000 0.000000
vt 0.000000 0.000000
vt 0.000000 0.000000
vt 0.000000 0.000000
vt 0.000000 0.000000
vt 0.000000 0.000000
vt 0.000000 0.000000
vt 0.000000 0.000000
vt 0.000000 0.000000
vt 0.000000 0.000000
vt 0.000000 0.000000
vt 0.000000 0.000000
vt 0.000000 0.000000
vt 0.000000 0.000000
vt 0.000000 0.000000
vt 0.000000 0.000000
vt 0.000000 0.000000
vt 0.000000 0.000000
vt 0.000000 0.000000
vt 0.000000 0.000000
vt 0.000000 0.000000
vt 0.000000 0.000000
vt 0.000000 0.000000
vt 0.000000 0.000000
vt 0.000000 0.000000
vt 0.000000 0.000000
vt 0.000000 0.000000
vt 0.000000 0.000000
vt 0.000000 0.000000
vt 0.000000 0.000000
vt 0.000000 0.000000
vt 0.000000 0.000000
vt 0.000000 0.000000
vt 0.000000 0.000000
vt 0.000000 0.000000
vt 0.000000 0.000000
vt 0.000000 0.000000
vt 0.000000 0.000000
vt 0.000000 0.000000
vt 0.000000 0.000000
vt 0.000000 0.000000
vt 0.000000 0.000000
vt 0.000000 0.000000
vt 0.000000 0.000000
vt 0.000000 0.000000
vt 0.000000 0.000000
vt 0.000000 0.000000
vt 0.000000 0.000000
vt 0.000000 0.000000
vt 0.000000 0.000000
vt 0.000000 0.000000
vt 0.000000 0.000000
vt 0.000000 0.000000
vt 0.000000 0.000000
vt 0.000000 0.000000
vt 0.000000 0.000000
vt 0.000000 0.000000
vt 0.000000 0.000000
vt 0.000000 0.000000
vt 0.000000 0.000000
vt 0.000000 0.000000
vt 0.000000 0.000000
vt 0.000000 0.000000
vt 0.000000 0.000000
vt 0.000000 0.000000
vt 0.000000 0.000000
vt 0.000000 0.000000
vt 0.000000 0.000000
vt 0.000000 0.000000
vt 0.000000 0.000000
vt 0.000000 0.000000
vt 0.000000 0.000000
vt 0.000000 0.000000
vt 0.000000 0.000000
vt 0.000000 0.000000
vt 0.000000 0.000000
vt 0.000000 0.000000
vt 0.000000 0.000000
vt 0.000000 0.000000
vt 0.000000 0.000000
vt 0.000000 0.000000
vt 0.000000 0.000000
vt 0.000000 0.000000
vt 0.000000 0.000000
vt 0.000000 0.000000
vt 0.000000 0.000000
vt 0.000000 0.000000
vt 0.000000 0.000000
vt 0.000000 0.000000
vt 0.000000 0.000000
vt 0.000000 0.000000
vt 0.000000 0.000000
vt 0.000000 0.000000
vt 0.000000 0.000000
vt 0.000000 0.000000
vt 0.000000 0.000000
vt 0.000000 0.000000
vt 0.000000 0.000000
vt 0.000000 0.000000
vt 0.000000 0.000000
vt 0.000000 0.000000
vt 0.000000 0.000000
vt 0.000000 0.000000
vt 0.000000 0.000000
vt 0.000000 0.000000
vt 0.000000 0.000000
vt 0.000000 0.000000
vt 0.000000 0.000000
vt 0.000000 0.000000
vt 0.000000 0.000000
vt 0.000000 0.000000
vt 0.000000 0.000000
vt 0.000000 0.000000
vt 0.000000 0.000000
vt 0.000000 0.000000
vt 0.000000 0.000000
vt 0.000000 0.000000
vt 0.000000 0.000000
vt 0.000000 0.000000
vt 0.000000 0.000000
vt 0.000000 0.000000
vt 0.000000 0.000000
vt 0.000000 0.000000
vt 0.000000 0.000000
vt 0.000000 0.000000
vt 0.000000 0.000000
vt 0.000000 0.000000
vt 0.000000 0.000000
vt 0.000000 0.000000
vt 0.000000 0.000000
vt 0.000000 0.000000
vt 0.000000 0.000000
vt 0.000000 0.000000
vt 0.000000 0.000000
vt 0.000000 0.000000
vt 0.000000 0.000000
vt 0.000000 0.000000
vt 0.000000 0.000000
vt 0.000000 0.000000
vt 0.000000 0.000000
vt 0.000000 0.000000
vt 0.000000 0.000000
vt 0.000000 0.000000
vt 0.000000 0.000000
vt 0.000000 0.000000
vt 0.000000 0.000000
vt 0.000000 0.000000
vt 0.000000 0.000000
vt 0.000000 0.000000
vt 0.000000 0.000000
vt 0.000000 0.000000
vt 0.000000 0.000000
vt 0.000000 0.000000
vt 0.000000 0.000000
vt 0.000000 0.000000
vt 0.000000 0.000000
vt 0.000000 0.000000
vt 0.000000 0.000000
vt 0.000000 0.000000
vt 0.000000 0.000000
vt 0.000000 0.000000
vt 0.000000 0.000000
vt 0.000000 0.000000
vt 0.000000 0.000000
vt 0.000000 0.000000
vt 0.000000 0.000000
vt 0.000000 0.000000
vt 0.000000 0.000000
vt 0.000000 0.000000
vt 0.000000 0.000000
vt 0.000000 0.000000
vt 0.000000 0.000000
vt 0.000000 0.000000
vt 0.000000 0.000000
vt 0.000000 0.000000
vt 0.000000 0.000000
vt 0.000000 0.000000
vt 0.000000 0.000000
vt 0.000000 0.000000
vt 0.000000 0.000000
vt 0.000000 0.000000
vt 0.000000 0.000000
vt 0.000000 0.000000
vt 0.000000 0.000000
vt 0.000000 0.000000
vt 0.000000 0.000000
vt 0.000000 0.000000
vt 0.000000 0.000000
vt 0.000000 0.000000
vt 0.000000 0.000000
vt 0.000000 0.000000
vt 0.000000 0.000000
vt 0.000000 0.000000
vt 0.000000 0.000000
vt 0.000000 0.000000
vt 0.000000 0.000000
vt 0.000000 0.000000
vt 0.000000 0.000000
vt 0.000000 0.000000
vt 0.000000 0.000000
vt 0.000000 0.000000
vt 0.000000 0.000000
vt 0.000000 0.000000
vt 0.000000 0.000000
vt 0.000000 0.000000
vt 0.000000 0.000000
vt 0.000000 0.000000
vt 0.000000 0.000000
vt 0.000000 0.000000
vt 0.000000 0.000000
vt 0.000000 0.000000
vt 0.000000 0.000000
vt 0.000000 0.000000
vt 0.000000 0.000000
vt 0.000000 0.000000
vt 0.000000 0.000000
vt 0.000000 0.000000
vt 0.000000 0.000000
vt 0.000000 0.000000
vt 0.000000 0.000000
vt 0.000000 0.000000
vt 0.000000 0.000000
vt 0.000000 0.000000
vt 0.000000 0.000000
vt 0.000000 0.000000
vt 0.000000 0.000000
vt 0.000000 0.000000
vt 0.000000 0.000000
vt 0.000000 0.000000
vt 0.000000 0.000000
vt 0.000000 0.000000
vt 0.000000 0.000000
vt 0.000000 0.000000
vt 0.000000 0.000000
vt 0.000000 0.000000
vt 0.000000 0.000000
vt 0.000000 0.000000
vt 0.000000 0.000000
vt 0.000000 0.000000
vt 0.000000 0.000000
vt 0.000000 0.000000
vt 0.000000 0.000000
vt 0.000000 0.000000
vt 0.000000 0.000000
vt 0.000000 0.000000
vt 0.000000 0.000000
vt 0.000000 0.000000
vt 0.000000 0.000000
vt 0.000000 0.000000
vt 0.000000 0.000000
vt 0.000000 0.000000
vt 0.000000 0.000000
vt 0.000000 0.000000
vt 0.000000 0.000000
vt 0.000000 0.000000
vt 0.000000 0.000000
vt 0.000000 0.000000
vt 0.000000 0.000000
vt 0.000000 0.000000
vt 0.000000 0.000000
vt 0.000000 0.000000
vt 0.000000 0.000000
vt 0.000000 0.000000
vt 0.000000 0.000000
vt 0.000000 0.000000
vt 0.000000 0.000000
vt 0.000000 0.000000
vt 0.000000 0.000000
vt 0.000000 0.000000
vt 0.000000 0.000000
vt 0.000000 0.000000
vt 0.000000 0.000000
vt 0.000000 0.000000
vt 0.000000 0.000000
vt 0.000000 0.000000
vt 0.000000 0.000000
vt 0.000000 0.000000
vt 0.000000 0.000000
vt 0.000000 0.000000
vt 0.000000 0.000000
vt 0.000000 0.000000
vt 0.000000 0.000000
vt 0.000000 0.000000
vt 0.000000 0.000000
vt 0.000000 0.000000
vt 0.000000 0.000000
vt 0.000000 0.000000
vt 0.000000 0.000000
vt 0.000000 0.000000
vt 0.000000 0.000000
vt 0.000000 0.000000
vt 0.000000 0.000000
vt 0.000000 0.000000
vt 0.000000 0.000000
vt 0.000000 0.000000
vt 0.000000 0.000000
vt 0.000000 0.000000
vt 0.000000 0.000000
vt 0.000000 0.000000
vt 0.000000 0.000000
vt 0.000000 0.000000
vt 0.000000 0.000000
vt 0.000000 0.000000
vt 0.000000 0.000000
vt 0.000000 0.000000
vt 0.000000 0.000000
vt 0.000000 0.000000
vt 0.000000 0.000000
vt 0.000000 0.000000
vt 0.000000 0.000000
vt 0.000000 0.000000
vt 0.000000 0.000000
vt 0.000000 0.000000
vt 0.000000 0.000000
vt 0.000000 0.000000
vt 0.000000 0.000000
vt 0.000000 0.000000
vt 0.000000 0.000000
vt 0.000000 0.000000
vt 0.000000 0.000000
vt 0.000000 0.000000
vt 0.000000 0.000000
vt 0.000000 0.000000
vt 0.000000 0.000000
vt 0.000000 0.000000
vt 0.000000 0.000000
vt 0.000000 0.000000
vt 0.000000 0.000000
vt 0.000000 0.000000
vt 0.000000 0.000000
vt 0.000000 0.000000
vt 0.000000 0.000000
vt 0.000000 0.000000
vt 0.000000 0.000000
vt 0.000000 0.000000
vt 0.000000 0.000000
vt 0.000000 0.000000
vt 0.000000 0.000000
vt 0.000000 0.000000
vt 0.000000 0.000000
vt 0.000000 0.000000
vt 0.000000 0.000000
vt 0.000000 0.000000
vt 0.000000 0.000000
vt 0.000000 0.000000
vt 0.000000 0.000000
vt 0.000000 0.000000
vt 0.000000 0.000000
vt 0.000000 0.000000
vt 0.000000 0.000000
vt 0.000000 0.000000
vt 0.000000 0.000000
vt 0.000000 0.000000
vt 0.000000 0.000000
vt 0.000000 0.000000
vt 0.000000 0.000000
vt 0.000000 0.000000
vt 0.000000 0.000000
vt 0.000000 0.000000
vt 0.000000 0.000000
vt 0.000000 0.000000
vt 0.000000 0.000000
vt 0.000000 0.000000
vt 0.000000 0.000000
vt 0.000000 0.000000
vt 0.000000 0.000000
vt 0.000000 0.000000
vt 0.000000 0.000000
vt 0.000000 0.000000
vt 0.000000 0.000000
vt 0.000000 0.000000
vt 0.000000 0.000000
vt 0.000000 0.000000
vt 0.000000 0.000000
vt 0.000000 0.000000
vt 0.000000 0.000000
vt 0.000000 0.000000
vt 0.000000 0.000000
vt 0.000000 0.000000
vt 0.000000 0.000000
vt 0.000000 0.000000
vt 0.000000 0.000000
vt 0.000000 0.000000
vt 0.000000 0.000000
vt 0.000000 0.000000
vt 0.000000 0.000000
vt 0.000000 0.000000
vt 0.000000 0.000000
vt 0.000000 0.000000
vt 0.000000 0.000000
vt 0.000000 0.000000
vt 0.000000 0.000000
vt 0.000000 0.000000
vt 0.000000 0.000000
vt 0.000000 0.000000
vt 0.000000 0.000000
vt 0.000000 0.000000
vt 0.000000 0.000000
vt 0.000000 0.000000
vt 0.000000 0.000000
vt 0.000000 0.000000
vt 0.000000 0.000000
vt 0.000000 0.000000
vt 0.000000 0.000000
vt 0.000000 0.000000
vt 0.000000 0.000000
vt 0.000000 0.000000
vt 0.000000 0.000000
vt 0.000000 0.000000
vt 0.000000 0.000000
vt 0.000000 0.000000
vt 0.000000 0.000000
vt 0.000000 0.000000
vt 0.000000 0.000000
vt 0.000000 0.000000
vt 0.000000 0.000000
vt 0.000000 0.000000
vt 0.000000 0.000000
vt 0.000000 0.000000
vt 0.000000 0.000000
vt 0.000000 0.000000
vt 0.000000 0.000000
vt 0.000000 0.000000
vt 0.000000 0.000000
vt 0.000000 0.000000
vt 0.000000 0.000000
vt 0.000000 0.000000
vt 0.000000 0.000000
vt 0.000000 0.000000
vt 0.000000 0.000000
vt 0.000000 0.000000
vt 0.000000 0.000000
vt 0.000000 0.000000
vt 0.000000 0.000000
vt 0.000000 0.000000
vt 0.000000 0.000000
vt 0.000000 0.000000
vt 0.000000 0.000000
vt 0.000000 0.000000
vt 0.000000 0.000000
vt 0.000000 0.000000
vt 0.000000 0.000000
vt 0.000000 0.000000
vt 0.000000 0.000000
vt 0.000000 0.000000
vt 0.000000 0.000000
vt 0.000000 0.000000
vt 0.000000 0.000000
vt 0.000000 0.000000
vt 0.000000 0.000000
vt 0.000000 0.000000
vt 0.000000 0.000000
vt 0.000000 0.000000
vt 0.000000 0.000000
vt 0.000000 0.000000
vt 0.000000 0.000000
vt 0.000000 0.000000
vt 0.000000 0.000000
vt 0.000000 0.000000
vt 0.000000 0.000000
vt 0.000000 0.000000
vt 0.000000 0.000000
vt 0.000000 0.000000
vt 0.000000 0.000000
vt 0.000000 0.000000
vt 0.000000 0.000000
vt 0.000000 0.000000
vt 0.000000 0.000000
vt 0.000000 0.000000
vt 0.000000 0.000000
vt 0.000000 0.000000
vt 0.000000 0.000000
vt 0.000000 0.000000
vt 0.000000 0.000000
vt 0.000000 0.000000
vt 0.000000 0.000000
vt 0.000000 0.000000
vt 0.000000 0.000000
vt 0.000000 0.000000
vt 0.000000 0.000000
vt 0.000000 0.000000
vt 0.000000 0.000000
vt 0.000000 0.000000
vt 0.000000 0.000000
vt 0.000000 0.000000
vt 0.000000 0.000000
vt 0.000000 0.000000
vt 0.000000 0.000000
vt 0.000000 0.000000
vt 0.000000 0.000000
vt 0.000000 0.000000
vt 0.000000 0.000000
vt 0.000000 0.000000
vt 0.000000 0.000000
vt 0.000000 0.000000
vt 0.000000 0.000000
vt 0.000000 0.000000
vt 0.000000 0.000000
vt 0.000000 0.000000
vt 0.000000 0.000000
vt 0.000000 0.000000
vt 0.000000 0.000000
vt 0.000000 0.000000
vt 0.000000 0.000000
vt 0.000000 0.000000
vt 0.000000 0.000000
vt 0.000000 0.000000
vt 0.000000 0.000000
vt 0.000000 0.000000
vt 0.000000 0.000000
vt 0.000000 0.000000
vt 0.000000 0.000000
vt 0.000000 0.000000
vt 0.000000 0.000000
vt 0.000000 0.000000
vt 0.000000 0.000000
vt 0.000000 0.000000
vt 0.000000 0.000000
vt 0.000000 0.000000
vt 0.000000 0.000000
vt 0.000000 0.000000
vt 0.000000 0.000000
vt 0.000000 0.000000
vt 0.000000 0.000000
vt 0.000000 0.000000
vt 0.000000 0.000000
vt 0.000000 0.000000
vt 0.000000 0.000000
vt 0.000000 0.000000
vt 0.000000 0.000000
vt 0.000000 0.000000
vt 0.000000 0.000000
vt 0.000000 0.000000
vt 0.000000 0.000000
vt 0.000000 0.000000
vt 0.000000 0.000000
vt 0.000000 0.000000
vt 0.000000 0.000000
vt 0.000000 0.000000
vt 0.000000 0.000000
vt 0.000000 0.000000
vt 0.000000 0.000000
vt 0.000000 0.000000
vt 0.000000 0.000000
vt 0.000000 0.000000
vt 0.000000 0.000000
vt 0.000000 0.000000
vt 0.000000 0.000000
vt 0.000000 0.000000
vt 0.000000 0.000000
vt 0.000000 0.000000
vt 0.000000 0.000000
vt 0.000000 0.000000
vt 0.000000 0.000000
vt 0.000000 0.000000
vt 0.000000 0.000000
vt 0.000000 0.000000
vt 0.000000 0.000000
vt 0.000000 0.000000
vt 0.000000 0.000000
vt 0.000000 0.000000
vt 0.000000 0.000000
vt 0.000000 0.000000
vt 0.000000 0.000000
vt 0.000000 0.000000
vt 0.000000 0.000000
vt 0.000000 0.000000
vt 0.000000 0.000000
vt 0.000000 0.000000
vt 0.000000 0.000000
vt 0.000000 0.000000
vt 0.000000 0.000000
vt 0.000000 0.000000
vt 0.000000 0.000000
vt 0.000000 0.000000
vt 0.000000 0.000000
vt 0.000000 0.000000
vt 0.000000 0.000000
vt 0.000000 0.000000
vt 0.000000 0.000000
vt 0.000000 0.000000
vt 0.000000 0.000000
vt 0.000000 0.000000
vt 0.000000 0.000000
vt 0.000000 0.000000
vt 0.000000 0.000000
vt 0.000000 0.000000
vt 0.000000 0.000000
vt 0.000000 0.000000
vt 0.000000 0.000000
vt 0.000000 0.000000
vt 0.000000 0.000000
vt 0.000000 0.000000
vt 0.000000 0.000000
vt 0.000000 0.000000
vt 0.000000 0.000000
vt 0.000000 0.000000
vt 0.000000 0.000000
vt 0.000000 0.000000
vt 0.000000 0.000000
vt 0.000000 0.000000
vt 0.000000 0.000000
vt 0.000000 0.000000
vt 0.000000 0.000000
vt 0.000000 0.000000
vt 0.000000 0.000000
vt 0.000000 0.000000
vt 0.000000 0.000000
vt 0.000000 0.000000
vt 0.000000 0.000000
vt 0.000000 0.000000
vt 0.000000 0.000000
vt 0.000000 0.000000
vt 0.000000 0.000000
vt 0.000000 0.000000
vt 0.000000 0.000000
vt 0.000000 0.000000
vt 0.000000 0.000000
vt 0.000000 0.000000
vt 0.000000 0.000000
vt 0.000000 0.000000
vt 0.000000 0.000000
vt 0.000000 0.000000
vt 0.000000 0.000000
vt 0.000000 0.000000
vt 0.000000 0.000000
vt 0.000000 0.000000
vt 0.000000 0.000000
vt 0.000000 0.000000
vt 0.000000 0.000000
vt 0.000000 0.000000
vt 0.000000 0.000000
vt 0.000000 0.000000
vt 0.000000 0.000000
vt 0.000000 0.000000
vt 0.000000 0.000000
vt 0.000000 0.000000
vt 0.000000 0.000000
vt 0.000000 0.000000
vt 0.000000 0.000000
vt 0.000000 0.000000
vt 0.000000 0.000000
vt 0.000000 0.000000
vt 0.000000 0.000000
vt 0.000000 0.000000
vt 0.000000 0.000000
vt 0.000000 0.000000
vt 0.000000 0.000000
vt 0.000000 0.000000
vt 0.000000 0.000000
vt 0.000000 0.000000
vt 0.000000 0.000000
vt 0.000000 0.000000
vt 0.000000 0.000000
vt 0.000000 0.000000
vt 0.000000 0.000000
vt 0.000000 0.000000
vt 0.000000 0.000000
vt 0.000000 0.000000
vt 0.000000 0.000000
vt 0.000000 0.000000
vt 0.000000 0.000000
vt 0.000000 0.000000
vt 0.000000 0.000000
vt 0.000000 0.000000
vt 0.000000 0.000000
vt 0.000000 0.000000
vt 0.000000 0.000000
vt 0.000000 0.000000
vt 0.000000 0.000000
vt 0.000000 0.000000
vt 0.000000 0.000000
vt 0.000000 0.000000
vt 0.000000 0.000000
vt 0.000000 0.000000
vt 0.000000 0.000000
vt 0.000000 0.000000
vt 0.000000 0.000000
vt 0.000000 0.000000
vt 0.000000 0.000000
vt 0.000000 0.000000
vt 0.000000 0.000000
vt 0.000000 0.000000
vt 0.000000 0.000000
vt 0.000000 0.000000
vt 0.000000 0.000000
vt 0.000000 0.000000
vt 0.000000 0.000000
vt 0.000000 0.000000
vt 0.000000 0.000000
vt 0.000000 0.000000
vt 0.000000 0.000000
vt 0.000000 0.000000
vt 0.000000 0.000000
vt 0.000000 0.000000
vt 0.000000 0.000000
vt 0.000000 0.000000
vt 0.000000 0.000000
vt 0.000000 0.000000
vt 0.000000 0.000000
vt 0.000000 0.000000
vt 0.000000 0.000000
vt 0.000000 0.000000
vt 0.000000 0.000000
vt 0.000000 0.000000
vt 0.000000 0.000000
vt 0.000000 0.000000
vt 0.000000 0.000000
vt 0.000000 0.000000
vt 0.000000 0.000000
vt 0.000000 0.000000
vt 0.000000 0.000000
vt 0.000000 0.000000
vt 0.000000 0.000000
vt 0.000000 0.000000
vt 0.000000 0.000000
vt 0.000000 0.000000
vt 0.000000 0.000000
vt 0.000000 0.000000
vt 0.000000 0.000000
vt 0.000000 0.000000
vt 0.000000 0.000000
vt 0.000000 0.000000
vt 0.000000 0.000000
vt 0.000000 0.000000
vt 0.000000 0.000000
vt 0.000000 0.000000
vt 0.000000 0.000000
vt 0.000000 0.000000
vt 0.000000 0.000000
vt 0.000000 0.000000
vt 0.000000 0.000000
vt 0.000000 0.000000
vt 0.000000 0.000000
vt 0.000000 0.000000
vt 0.000000 0.000000
vt 0.000000 0.000000
vt 0.000000 0.000000
vt 0.000000 0.000000
vt 0.000000 0.000000
vt 0.000000 0.000000
vt 0.000000 0.000000
vt 0.000000 0.000000
vt 0.000000 0.000000
vt 0.000000 0.000000
vt 0.000000 0.000000
vt 0.000000 0.000000
vt 0.000000 0.000000
vt 0.000000 0.000000
vt 0.000000 0.000000
vt 0.000000 0.000000
vt 0.000000 0.000000
vt 0.000000 0.000000
vt 0.000000 0.000000
vt 0.000000 0.000000
vt 0.000000 0.000000
vt 0.000000 0.000000
vt 0.000000 0.000000
vt 0.000000 0.000000
vt 0.000000 0.000000
vt 0.000000 0.000000
vt 0.000000 0.000000
vt 0.000000 0.000000
vt 0.000000 0.000000
vt 0.000000 0.000000
vt 0.000000 0.000000
vt 0.000000 0.000000
vt 0.000000 0.000000
vt 0.000000 0.000000
vt 0.000000 0.000000
vt 0.000000 0.000000
vt 0.000000 0.000000
vt 0.000000 0.000000
vt 0.000000 0.000000
vt 0.000000 0.000000
vt 0.000000 0.000000
vt 0.000000 0.000000
vt 0.000000 0.000000
vt 0.000000 0.000000
vt 0.000000 0.000000
vt 0.000000 0.000000
vt 0.000000 0.000000
vt 0.000000 0.000000
vt 0.000000 0.000000
vt 0.000000 0.000000
vt 0.000000 0.000000
vt 0.000000 0.000000
vt 0.000000 0.000000
vt 0.000000 0.000000
vt 0.000000 0.000000
vt 0.000000 0.000000
vt 0.000000 0.000000
vt 0.000000 0.000000
vt 0.000000 0.000000
vt 0.000000 0.000000
vt 0.000000 0.000000
vt 0.000000 0.000000
vt 0.000000 0.000000
vt 0.000000 0.000000
vt 0.000000 0.000000
vt 0.000000 0.000000
vt 0.000000 0.000000
vt 0.000000 0.000000
vt 0.000000 0.000000
vt 0.000000 0.000000
vt 0.000000 0.000000
vt 0.000000 0.000000
vt 0.000000 0.000000
vt 0.000000 0.000000
vt 0.000000 0.000000
vt 0.000000 0.000000
vt 0.000000 0.000000
vt 0.000000 0.000000
vt 0.000000 0.000000
vt 0.000000 0.000000
vt 0.000000 0.000000
vt 0.000000 0.000000
vt 0.000000 0.000000
vt 0.000000 0.000000
vt 0.000000 0.000000
vt 0.000000 0.000000
vt 0.000000 0.000000
vt 0.000000 0.000000
vt 0.000000 0.000000
vt 0.000000 0.000000
vt 0.000000 0.000000
vt 0.000000 0.000000
vt 0.000000 0.000000
vt 0.000000 0.000000
vt 0.000000 0.000000
vt 0.000000 0.000000
vt 0.000000 0.000000
vt 0.000000 0.000000
vt 0.000000 0.000000
vt 0.000000 0.000000
vt 0.000000 0.000000
vt 0.000000 0.000000
vt 0.000000 0.000000
vt 0.000000 0.000000
vt 0.000000 0.000000
vt 0.000000 0.000000
vt 0.000000 0.000000
vt 0.000000 0.000000
vt 0.000000 0.000000
vt 0.000000 0.000000
vt 0.000000 0.000000
vt 0.000000 0.000000
vt 0.000000 0.000000
vt 0.000000 0.000000
vt 0.000000 0.000000
vt 0.000000 0.000000
vt 0.000000 0.000000
vt 0.000000 0.000000
vt 0.000000 0.000000
vt 0.000000 0.000000
vt 0.000000 0.000000
vt 0.000000 0.000000
vt 0.000000 0.000000
vt 0.000000 0.000000
vt 0.000000 0.000000
vt 0.000000 0.000000
vt 0.000000 0.000000
vt 0.000000 0.000000
vt 0.000000 0.000000
vt 0.000000 0.000000
vt 0.000000 0.000000
vt 0.000000 0.000000
vt 0.000000 0.000000
vt 0.000000 0.000000
vt 0.000000 0.000000
vt 0.000000 0.000000
vt 0.000000 0.000000
vt 0.000000 0.000000
vt 0.000000 0.000000
vt 0.000000 0.000000
vt 0.000000 0.000000
vt 0.000000 0.000000
vt 0.000000 0.000000
vt 0.000000 0.000000
vt 0.000000 0.000000
vt 0.000000 0.000000
vt 0.000000 0.000000
vt 0.000000 0.000000
vt 0.000000 0.000000
vt 0.000000 0.000000
vt 0.000000 0.000000
vt 0.000000 0.000000
vt 0.000000 0.000000
vt 0.000000 0.000000
vt 0.000000 0.000000
vt 0.000000 0.000000
vt 0.000000 0.000000
vt 0.000000 0.000000
vt 0.000000 0.000000
vt 0.000000 0.000000
vt 0.000000 0.000000
vt 0.000000 0.000000
vt 0.000000 0.000000
vt 0.000000 0.000000
vt 0.000000 0.000000
vt 0.000000 0.000000
vt 0.000000 0.000000
vt 0.000000 0.000000
vt 0.000000 0.000000
vt 0.000000 0.000000
vt 0.000000 0.000000
vt 0.000000 0.000000
vt 0.000000 0.000000
vt 0.000000 0.000000
vt 0.000000 0.000000
vt 0.000000 0.000000
vt 0.000000 0.000000
vt 0.000000 0.000000
vt 0.000000 0.000000
vt 0.000000 0.000000
vt 0.000000 0.000000
vt 0.000000 0.000000
vt 0.000000 0.000000
vt 0.000000 0.000000
vt 0.000000 0.000000
vt 0.000000 0.000000
vt 0.000000 0.000000
vt 0.000000 0.000000
vt 0.000000 0.000000
vt 0.000000 0.000000
vt 0.000000 0.000000
vt 0.000000 0.000000
vt 0.000000 0.000000
vt 0.000000 0.000000
vt 0.000000 0.000000
vt 0.000000 0.000000
vt 0.000000 0.000000
vt 0.000000 0.000000
vt 0.000000 0.000000
vt 0.000000 0.000000
vt 0.000000 0.000000
vt 0.000000 0.000000
vt 0.000000 0.000000
vt 0.000000 0.000000
vt 0.000000 0.000000
vt 0.000000 0.000000
vt 0.000000 0.000000
vt 0.000000 0.000000
vt 0.000000 0.000000
vt 0.000000 0.000000
vt 0.000000 0.000000
vt 0.000000 0.000000
vt 0.000000 0.000000
vt 0.000000 0.000000
vt 0.000000 0.000000
vt 0.000000 0.000000
vt 0.000000 0.000000
vt 0.000000 0.000000
vt 0.000000 0.000000
vt 0.000000 0.000000
vt 0.000000 0.000000
vt 0.000000 0.000000
vt 0.000000 0.000000
vt 0.000000 0.000000
vt 0.000000 0.000000
vt 0.000000 0.000000
vt 0.000000 0.000000
vt 0.000000 0.000000
vt 0.000000 0.000000
vt 0.000000 0.000000
vt 0.000000 0.000000
vt 0.000000 0.000000
vt 0.000000 0.000000
vt 0.000000 0.000000
vt 0.000000 0.000000
vt 0.000000 0.000000
vt 0.000000 0.000000
vt 0.000000 0.000000
vt 0.000000 0.000000
vt 0.000000 0.000000
vt 0.000000 0.000000
vt 0.000000 0.000000
vt 0.000000 0.000000
vt 0.000000 0.000000
vt 0.000000 0.000000
vt 0.000000 0.000000
vt 0.000000 0.000000
vt 0.000000 0.000000
vt 0.000000 0.000000
vt 0.000000 0.000000
vt 0.000000 0.000000
vt 0.000000 0.000000
vt 0.000000 0.000000
vt 0.000000 0.000000
vt 0.000000 0.000000
vt 0.000000 0.000000
vt 0.000000 0.000000
vt 0.000000 0.000000
vt 0.000000 0.000000
vt 0.000000 0.000000
vt 0.000000 0.000000
vt 0.000000 0.000000
vt 0.000000 0.000000
vt 0.000000 0.000000
vt 0.000000 0.000000
vt 0.000000 0.000000
vt 0.000000 0.000000
vt 0.000000 0.000000
vt 0.000000 0.000000
vt 0.000000 0.000000
vt 0.000000 0.000000
vt 0.000000 0.000000
vt 0.000000 0.000000
vt 0.000000 0.000000
vt 0.000000 0.000000
vt 0.000000 0.000000
vt 0.000000 0.000000
vt 0.000000 0.000000
vt 0.000000 0.000000
vt 0.000000 0.000000
vt 0.000000 0.000000
vt 0.000000 0.000000
vt 0.000000 0.000000
vt 0.000000 0.000000
vt 0.000000 0.000000
vt 0.000000 0.000000
vt 0.000000 0.000000
vt 0.000000 0.000000
vt 0.000000 0.000000
vt 0.000000 0.000000
vt 0.000000 0.000000
vt 0.000000 0.000000
vt 0.000000 0.000000
vt 0.000000 0.000000
vt 0.000000 0.000000
vt 0.000000 0.000000
vt 0.000000 0.000000
vt 0.000000 0.000000
vt 0.000000 0.000000
vt 0.000000 0.000000
vt 0.000000 0.000000
vt 0.000000 0.000000
vt 0.000000 0.000000
vt 0.000000 0.000000
vt 0.000000 0.000000
vt 0.000000 0.000000
vt 0.000000 0.000000
vt 0.000000 0.000000
vt 0.000000 0.000000
vt 0.000000 0.000000
vt 0.000000 0.000000
vt 0.000000 0.000000
vt 0.000000 0.000000
vt 0.000000 0.000000
vt 0.000000 0.000000
vt 0.000000 0.000000
vt 0.000000 0.000000
vt 0.000000 0.000000
vt 0.000000 0.000000
vt 0.000000 0.000000
vt 0.000000 0.000000
vt 0.000000 0.000000
vt 0.000000 0.000000
vt 0.000000 0.000000
vt 0.000000 0.000000
vt 0.000000 0.000000
vt 0.000000 0.000000
vt 0.000000 0.000000
vt 0.000000 0.000000
vt 0.000000 0.000000
vt 0.000000 0.000000
vt 0.000000 0.000000
vt 0.000000 0.000000
vt 0.000000 0.000000
vt 0.000000 0.000000
vt 0.000000 0.000000
vt 0.000000 0.000000
vt 0.000000 0.000000
vt 0.000000 0.000000
vt 0.000000 0.000000
vt 0.000000 0.000000
vt 0.000000 0.000000
vt 0.000000 0.000000
vt 0.000000 0.000000
vt 0.000000 0.000000
vt 0.000000 0.000000
vt 0.000000 0.000000
vt 0.000000 0.000000
vt 0.000000 0.000000
vt 0.000000 0.000000
vt 0.000000 0.000000
vt 0.000000 0.000000
vt 0.000000 0.000000
vt 0.000000 0.000000
vt 0.000000 0.000000
vt 0.000000 0.000000
vt 0.000000 0.000000
vt 0.000000 0.000000
vt 0.000000 0.000000
vt 0.000000 0.000000
vt 0.000000 0.000000
vt 0.000000 0.000000
vt 0.000000 0.000000
vt 0.000000 0.000000
vt 0.000000 0.000000
vt 0.000000 0.000000
vt 0.000000 0.000000
vt 0.000000 0.000000
vt 0.000000 0.000000
vt 0.000000 0.000000
vt 0.000000 0.000000
vt 0.000000 0.000000
vt 0.000000 0.000000
vt 0.000000 0.000000
vt 0.000000 0.000000
vt 0.000000 0.000000
vt 0.000000 0.000000
vt 0.000000 0.000000
vt 0.000000 0.000000
vt 0.000000 0.000000
vt 0.000000 0.000000
vt 0.000000 0.000000
vt 0.000000 0.000000
vt 0.000000 0.000000
vt 0.000000 0.000000
vt 0.000000 0.000000
vt 0.000000 0.000000
vt 0.000000 0.000000
vt 0.000000 0.000000
vt 0.000000 0.000000
vt 0.000000 0.000000
vt 0.000000 0.000000
vt 0.000000 0.000000
vt 0.000000 0.000000
vt 0.000000 0.000000
vt 0.000000 0.000000
vt 0.000000 0.000000
vt 0.000000 0.000000
vt 0.000000 0.000000
vt 0.000000 0.000000
vt 0.000000 0.000000
vt 0.000000 0.000000
vt 0.000000 0.000000
vt 0.000000 0.000000
vt 0.000000 0.000000
vt 0.000000 0.000000
vt 0.000000 0.000000
vt 0.000000 0.000000
vt 0.000000 0.000000
vt 0.000000 0.000000
vt 0.000000 0.000000
vt 0.000000 0.000000
vt 0.000000 0.000000
vt 0.000000 0.000000
vt 0.000000 0.000000
vt 0.000000 0.000000
vt 0.000000 0.000000
vt 0.000000 0.000000
vt 0.000000 0.000000
vt 0.000000 0.000000
vt 0.000000 0.000000
vt 0.000000 0.000000
vt 0.000000 0.000000
vt 0.000000 0.000000
vt 0.000000 0.000000
vt 0.000000 0.000000
vt 0.000000 0.000000
vt 0.000000 0.000000
vt 0.000000 0.000000
vt 0.000000 0.000000
vt 0.000000 0.000000
vt 0.000000 0.000000
vt 0.000000 0.000000
vt 0.000000 0.000000
vt 0.000000 0.000000
vt 0.000000 0.000000
vt 0.000000 0.000000
vt 0.000000 0.000000
vt 0.000000 0.000000
vt 0.000000 0.000000
vt 0.000000 0.000000
vt 0.000000 0.000000
vt 0.000000 0.000000
vt 0.000000 0.000000
vt 0.000000 0.000000
vt 0.000000 0.000000
vt 0.000000 0.000000
vt 0.000000 0.000000
vt 0.000000 0.000000
vt 0.000000 0.000000
vt 0.000000 0.000000
vt 0.000000 0.000000
vt 0.000000 0.000000
vt 0.000000 0.000000
vt 0.000000 0.000000
vt 0.000000 0.000000
vt 0.000000 0.000000
vt 0.000000 0.000000
vt 0.000000 0.000000
vt 0.000000 0.000000
vt 0.000000 0.000000
vt 0.000000 0.000000
vt 0.000000 0.000000
vt 0.000000 0.000000
vt 0.000000 0.000000
vt 0.000000 0.000000
vt 0.000000 0.000000
vt 0.000000 0.000000
vt 0.000000 0.000000
vt 0.000000 0.000000
vt 0.000000 0.000000
vt 0.000000 0.000000
vt 0.000000 0.000000
vt 0.000000 0.000000
vt 0.000000 0.000000
vt 0.000000 0.000000
vt 0.000000 0.000000
vt 0.000000 0.000000
vt 0.000000 0.000000
vt 0.000000 0.000000
vt 0.000000 0.000000
vt 0.000000 0.000000
vt 0.000000 0.000000
vt 0.000000 0.000000
vt 0.000000 0.000000
vt 0.000000 0.000000
vt 0.000000 0.000000
vt 0.000000 0.000000
vt 0.000000 0.000000
vt 0.000000 0.000000
vt 0.000000 0.000000
vt 0.000000 0.000000
vt 0.000000 0.000000
vt 0.000000 0.000000
vt 0.000000 0.000000
vt 0.000000 0.000000
vt 0.000000 0.000000
vt 0.000000 0.000000
vt 0.000000 0.000000
vt 0.000000 0.000000
vt 0.000000 0.000000
vt 0.000000 0.000000
vt 0.000000 0.000000
vt 0.000000 0.000000
vt 0.000000 0.000000
vt 0.000000 0.000000
vt 0.000000 0.000000
vt 0.000000 0.000000
vt 0.000000 0.000000
vt 0.000000 0.000000
vt 0.000000 0.000000
vt 0.000000 0.000000
vt 0.000000 0.000000
vt 0.000000 0.000000
vt 0.000000 0.000000
vt 0.000000 0.000000
vt 0.000000 0.000000
vt 0.000000 0.000000
vt 0.000000 0.000000
vt 0.000000 0.000000
vt 0.000000 0.000000
vt 0.000000 0.000000
vt 0.000000 0.000000
vt 0.000000 0.000000
vt 0.000000 0.000000
vt 0.000000 0.000000
vt 0.000000 0.000000
vt 0.000000 0.000000
vt 0.000000 0.000000
vt 0.000000 0.000000
vt 0.000000 0.000000
vt 0.000000 0.000000
vt 0.000000 0.000000
vt 0.000000 0.000000
vt 0.000000 0.000000
vt 0.000000 0.000000
vt 0.000000 0.000000
vt 0.000000 0.000000
vt 0.000000 0.000000
vt 0.000000 0.000000
vt 0.000000 0.000000
vt 0.000000 0.000000
vt 0.000000 0.000000
vt 0.000000 0.000000
vt 0.000000 0.000000
vt 0.000000 0.000000
vt 0.000000 0.000000
vt 0.000000 0.000000
vt 0.000000 0.000000
vt 0.000000 0.000000
vt 0.000000 0.000000
vt 0.000000 0.000000
vt 0.000000 0.000000
vt 0.000000 0.000000
vt 0.000000 0.000000
vt 0.000000 0.000000
vt 0.000000 0.000000
vt 0.000000 0.000000
vt 0.000000 0.000000
vt 0.000000 0.000000
vt 0.000000 0.000000
vt 0.000000 0.000000
vt 0.000000 0.000000
vt 0.000000 0.000000
vt 0.000000 0.000000
vt 0.000000 0.000000
vt 0.000000 0.000000
vt 0.000000 0.000000
vt 0.000000 0.000000
vt 0.000000 0.000000
vt 0.000000 0.000000
vt 0.000000 0.000000
vt 0.000000 0.000000
vt 0.000000 0.000000
vt 0.000000 0.000000
vt 0.000000 0.000000
vt 0.000000 0.000000
vt 0.000000 0.000000
vt 0.000000 0.000000
vt 0.000000 0.000000
vt 0.000000 0.000000
vt 0.000000 0.000000
vt 0.000000 0.000000
vt 0.000000 0.000000
vt 0.000000 0.000000
vt 0.000000 0.000000
vt 0.000000 0.000000
vt 0.000000 0.000000
vt 0.000000 0.000000
vt 0.000000 0.000000
vt 0.000000 0.000000
vt 0.000000 0.000000
vt 0.000000 0.000000
vt 0.000000 0.000000
vt 0.000000 0.000000
vt 0.000000 0.000000
vt 0.000000 0.000000
vt 0.000000 0.000000
vt 0.000000 0.000000
vt 0.000000 0.000000
vt 0.000000 0.000000
vt 0.000000 0.000000
vt 0.000000 0.000000
vt 0.000000 0.000000
vt 0.000000 0.000000
vt 0.000000 0.000000
vt 0.000000 0.000000
vt 0.000000 0.000000
vt 0.000000 0.000000
vt 0.000000 0.000000
vt 0.000000 0.000000
vt 0.000000 0.000000
vt 0.000000 0.000000
vt 0.000000 0.000000
vt 0.000000 0.000000
vt 0.000000 0.000000
vt 0.000000 0.000000
vt 0.000000 0.000000
vt 0.000000 0.000000
vt 0.000000 0.000000
vt 0.000000 0.000000
vt 0.000000 0.000000
vt 0.000000 0.000000
vt 0.000000 0.000000
vt 0.000000 0.000000
vt 0.000000 0.000000
vt 0.000000 0.000000
vt 0.000000 0.000000
vt 0.000000 0.000000
vt 0.000000 0.000000
vt 0.000000 0.000000
vt 0.000000 0.000000
vt 0.000000 0.000000
vt 0.000000 0.000000
vt 0.000000 0.000000
vt 0.000000 0.000000
vt 0.000000 0.000000
vt 0.000000 0.000000
vt 0.000000 0.000000
vt 0.000000 0.000000
vt 0.000000 0.000000
vt 0.000000 0.000000
vt 0.000000 0.000000
vt 0.000000 0.000000
vt 0.000000 0.000000
vt 0.000000 0.000000
vt 0.000000 0.000000
vt 0.000000 0.000000
vt 0.000000 0.000000
vt 0.000000 0.000000
vt 0.000000 0.000000
vt 0.000000 0.000000
vt 0.000000 0.000000
vt 0.000000 0.000000
vt 0.000000 0.000000
vt 0.000000 0.000000
vt 0.000000 0.000000
vt 0.000000 0.000000
vt 0.000000 0.000000
vt 0.000000 0.000000
vt 0.000000 0.000000
vt 0.000000 0.000000
vt 0.000000 0.000000
vt 0.000000 0.000000
vt 0.000000 0.000000
vt 0.000000 0.000000
vt 0.000000 0.000000
vt 0.000000 0.000000
vt 0.000000 0.000000
vt 0.000000 0.000000
vt 0.000000 0.000000
vt 0.000000 0.000000
vt 0.000000 0.000000
vt 0.000000 0.000000
vt 0.000000 0.000000
vt 0.000000 0.000000
vt 0.000000 0.000000
vt 0.000000 0.000000
vt 0.000000 0.000000
vt 0.000000 0.000000
vt 0.000000 0.000000
vt 0.000000 0.000000
vt 0.000000 0.000000
vt 0.000000 0.000000
vt 0.000000 0.000000
vt 0.000000 0.000000
vt 0.000000 0.000000
vt 0.000000 0.000000
vt 0.000000 0.000000
vt 0.000000 0.000000
vt 0.000000 0.000000
vt 0.000000 0.000000
vt 0.000000 0.000000
vt 0.000000 0.000000
vt 0.000000 0.000000
vt 0.000000 0.000000
vt 0.000000 0.000000
vt 0.000000 0.000000
vt 0.000000 0.000000
vt 0.000000 0.000000
vt 0.000000 0.000000
vt 0.000000 0.000000
vt 0.000000 0.000000
vt 0.000000 0.000000
vt 0.000000 0.000000
vt 0.000000 0.000000
vt 0.000000 0.000000
vt 0.000000 0.000000
vt 0.000000 0.000000
vt 0.000000 0.000000
vt 0.000000 0.000000
vt 0.000000 0.000000
vt 0.000000 0.000000
vt 0.000000 0.000000
vt 0.000000 0.000000
vt 0.000000 0.000000
vt 0.000000 0.000000
vt 0.000000 0.000000
vt 0.000000 0.000000
vt 0.000000 0.000000
vt 0.000000 0.000000
vt 0.000000 0.000000
vt 0.000000 0.000000
vt 0.000000 0.000000
vt 0.000000 0.000000
vt 0.000000 0.000000
vt 0.000000 0.000000
vt 0.000000 0.000000
vt 0.000000 0.000000
vt 0.000000 0.000000
vt 0.000000 0.000000
vt 0.000000 0.000000
vt 0.000000 0.000000
vt 0.000000 0.000000
vt 0.000000 0.000000
vt 0.000000 0.000000
vt 0.000000 0.000000
vt 0.000000 0.000000
vt 0.000000 0.000000
vt 0.000000 0.000000
vt 0.000000 0.000000
vt 0.000000 0.000000
vt 0.000000 0.000000
vt 0.000000 0.000000
vt 0.000000 0.000000
vt 0.000000 0.000000
vt 0.000000 0.000000
vt 0.000000 0.000000
vt 0.000000 0.000000
vn 0.1115 0.0000 0.9938
vn -0.1115 0.0000 -0.9938
vn -0.1115 -0.0001 -0.9938
vn 0.0000 1.0000 -0.0000
vn -0.9938 0.0000 0.1115
vn 0.0000 -1.0000 0.0000
vn 0.9938 0.0000 -0.1114
vn -0.9938 0.0000 0.1114
vn 0.9938 0.0000 -0.1115
vn 0.9938 0.0003 -0.1115
vn 0.9938 -0.0006 -0.1115
vn 0.9938 0.0001 -0.1115
vn 0.9938 0.0002 -0.1115
vn 0.9938 -0.0001 -0.1115
vn -0.0165 -0.0001 -0.9999
vn 0.1160 0.0000 -0.9932
vn 0.0504 0.0000 -0.9987
vn -0.9938 -0.0002 0.1115
vn -0.9938 0.0001 0.1115
vn -1.0000 0.0000 0.0050
vn -1.0000 0.0000 0.0029
vn -1.0000 0.0000 0.0009
vn -0.9938 -0.0001 0.1115
vn 0.1114 0.0000 0.9938
vn -0.9938 0.0010 0.1115
vn 0.9938 -0.0002 -0.1115
vn -0.9938 0.0000 0.1113
vn 0.5040 0.8619 -0.0565
vn 0.4516 0.8883 -0.0836
vn 0.4672 0.8815 -0.0685
vn 0.4701 0.8819 -0.0363
vn 0.4592 0.8882 -0.0180
vn -0.0837 0.8882 -0.4517
vn -0.0685 0.8815 -0.4673
vn -0.0363 0.8818 -0.4703
vn -0.0180 0.8882 -0.4590
vn -0.0565 0.8618 -0.5042
vn -0.0565 0.8618 -0.5041
vn -0.4518 0.8882 0.0837
vn -0.4670 0.8816 0.0685
vn -0.4701 0.8819 0.0364
vn -0.4590 0.8883 0.0180
vn -0.5042 0.8617 0.0566
vn -0.5040 0.8619 0.0565
vn 0.0363 0.8819 0.4701
vn 0.0180 0.8882 0.4591
vn 0.0565 0.8618 0.5041
vn 0.0565 0.8618 0.5042
vn 0.0836 0.8882 0.4518
vn 0.0685 0.8815 0.4671
vn -0.4810 -0.8750 0.0540
vn -0.4811 -0.8750 0.0540
vn -0.4812 -0.8749 0.0540
vn -0.4811 -0.8750 0.0539
vn -0.4813 -0.8749 0.0540
vn 0.0540 -0.8750 0.4811
vn 0.0540 -0.8749 0.4813
vn 0.0540 -0.8750 0.4812
vn 0.4815 -0.8748 -0.0540
vn 0.4811 -0.8750 -0.0538
vn 0.4814 -0.8748 -0.0541
vn 0.4811 -0.8750 -0.0539
vn 0.4810 -0.8750 -0.0540
vn 0.4814 -0.8748 -0.0540
vn -0.0540 -0.8750 -0.4812
vn -0.0540 -0.8750 -0.4811
vn -0.0540 -0.8749 -0.4812
vn 0.9578 -0.2667 -0.1074
vn 0.9580 -0.2659 -0.1075
vn -0.8698 0.4837 0.0976
vn -0.8696 0.4840 0.0975
vn 0.6564 -0.3190 0.6836
vn 0.6566 -0.3182 0.6838
vn 0.4887 -0.3187 -0.8122
vn 0.4887 -0.3187 -0.8121
vn 0.6837 -0.3189 -0.6564
vn 0.6838 -0.3187 -0.6564
vn -0.8122 -0.3184 -0.4888
vn -0.8123 -0.3182 -0.4888
vn -0.1074 -0.2665 -0.9578
vn -0.1074 -0.2667 -0.9578
vn 0.0975 0.4843 0.8695
vn 0.0975 0.4842 0.8695
vn -0.6564 -0.3191 -0.6836
vn -0.6560 -0.3203 -0.6835
vn -0.4887 -0.3187 0.8121
vn -0.4887 -0.3187 0.8122
vn -0.9576 -0.2675 0.1074
vn -0.9575 -0.2676 0.1074
vn 0.8698 0.4837 -0.0976
vn 0.8692 0.4847 -0.0975
vn 0.8123 -0.3183 0.4888
vn 0.8123 -0.3182 0.4888
vn 0.1074 -0.2667 0.9578
vn 0.1074 -0.2668 0.9577
vn -0.0975 0.4844 -0.8694
vn -0.0975 0.4841 -0.8696
vn -0.6837 -0.3188 0.6564
vn -0.6838 -0.3181 0.6567
vn 0.9431 -0.3152 -0.1058
vn 0.9425 -0.3169 -0.1057
vn -0.1057 -0.3164 -0.9427
vn -0.1057 -0.3162 -0.9428
vn -0.9431 -0.3152 0.1058
vn -0.9424 -0.3174 0.1057
vn 0.1057 -0.3166 0.9427
vn 0.1058 -0.3161 0.9428
vn 0.3141 -0.9487 -0.0352
vn 0.3142 -0.9487 -0.0352
vn -0.0353 -0.9487 -0.3143
vn -0.0352 -0.9487 -0.3142
vn -0.3146 -0.9486 0.0353
vn -0.3148 -0.9485 0.0353
vn 0.0353 -0.9486 0.3144
vn 0.0352 -0.9487 0.3142
vn 0.4812 0.8749 -0.0540
vn -0.0540 0.8749 -0.4812
vn -0.4812 0.8749 0.0540
vn 0.0540 0.8749 0.4812
vn 0.0764 -0.7281 0.6812
vn -0.0772 -0.7216 -0.6880
vn 0.1018 -0.4070 0.9077
vn 0.1018 -0.4071 0.9077
vn -0.1018 -0.4071 -0.9077
vn 0.0270 -0.9703 0.2404
vn -0.0270 -0.9703 -0.2404
vn 0.0005 -1.0000 0.0043
vn -0.0763 0.7288 -0.6804
vn 0.0772 0.7212 0.6884
vn -0.9938 0.0032 0.1114
vn -0.9938 0.0004 0.1114
vn 0.9938 0.0000 -0.1109
vn 0.9938 0.0000 -0.1116
vn -0.9937 0.0000 0.1119
vn -0.9938 0.0000 0.1112
vn -0.9938 0.0004 0.1115
vn 0.9938 -0.0011 -0.1115
vn 0.9938 -0.0043 -0.1115
vn 0.9938 0.0000 -0.1113
vn -0.9938 -0.0006 0.1115
vn -0.9938 0.0006 0.1115
vn 0.9938 -0.0004 -0.1115
vn 0.9938 0.0007 -0.1115
vn 0.0806 0.6910 0.7183
vn -0.4263 0.6286 0.6505
vn -0.6448 0.5899 -0.4860
vn -0.0811 0.6859 -0.7232
vn 0.9938 0.0000 -0.1112
vn 0.9938 -0.0008 -0.1115
vn 0.9938 0.0010 -0.1115
vn -0.9938 -0.0003 0.1115
vn -0.9937 0.0000 0.1117
vn -0.9938 0.0003 0.1115
vn 0.9937 0.0000 -0.1117
vn 0.9938 -0.0007 -0.1115
vn -0.9938 -0.0008 0.1115
vn -0.9938 0.0012 0.1115
vn 0.9938 -0.0003 -0.1115
vn 0.9938 0.0011 -0.1115
vn 0.9938 -0.0009 -0.1115
vn 0.1116 0.0000 0.9938
vn -0.1116 0.0000 -0.9938
vn -0.1114 0.0000 -0.9938
vn -0.1117 0.0000 -0.9937
vn -0.1119 0.0000 -0.9937
vn 0.1116 0.0000 0.9937
vn 0.9938 -0.0005 -0.1115
vn -0.9938 -0.0005 0.1115
vn -0.9938 0.0007 0.1115
vn -0.9938 -0.0012 0.1115
vn 0.9938 0.0006 -0.1115
vn 0.1117 0.0000 0.9937
vn -0.1112 0.0000 -0.9938
vn 0.1113 0.0000 0.9938
vn 0.1110 0.0000 0.9938
vn 0.9938 0.0008 -0.1115
vn -0.9938 -0.0016 0.1115
vn -0.9938 0.0018 0.1115
vn -0.1109 0.0000 -0.9938
vn 0.1112 0.0000 0.9938
vn 0.1109 0.0000 0.9938
vn 0.9937 0.0010 -0.1117
vn -0.9938 -0.0003 0.1114
vn -0.9937 0.0010 0.1117
vn 0.1118 0.0000 0.9937
vn -0.1111 -0.0000 -0.9938
vn -0.1113 0.0000 -0.9938
vn 0.1115 -0.0002 0.9938
vn 0.1115 0.0002 0.9938
vn -0.1115 0.0001 -0.9938
vn 0.0000 1.0000 -0.0001
vn 0.1115 0.0001 0.9938
vn 0.1114 0.0001 0.9938
vn 0.1115 -0.0001 0.9938
vn 0.1114 -0.0001 0.9938
vn -0.1114 0.0001 -0.9938
vn -0.9938 0.0000 0.1116
vn -0.1115 0.0003 -0.9938
vn -0.1115 -0.0002 -0.9938
vn -0.9937 0.0000 0.1122
vn 0.9937 0.0000 -0.1122
vn -0.0000 1.0000 0.0003
vn 0.9938 0.0004 -0.1115
vn 0.9938 0.0013 -0.1115
vn -0.9938 -0.0014 0.1115
vn 0.9938 0.0005 -0.1115
vn 0.9938 -0.0027 -0.1115
vn -0.9938 -0.0004 0.1115
vn -0.9938 0.0014 0.1115
vn -0.9938 -0.0007 0.1115
vn 0.1111 0.0000 0.9938
vn -0.1115 -0.0003 -0.9938
vn 0.1115 -0.0003 0.9938
vn 0.1115 0.0003 0.9938
vn 0.1119 0.0000 0.9937
vn -0.1115 0.0002 -0.9938
vn 0.0000 -1.0000 0.0001
vn 0.9934 0.0000 -0.1151
vn 0.0000 -1.0000 -0.0001
vn 0.9933 0.0000 -0.1152
vn -0.9938 0.0013 0.1115
vn 0.9938 0.0009 -0.1115
vn 0.9938 -0.0025 -0.1115
vn 0.9938 0.0014 -0.1115
vn 0.9938 -0.0014 -0.1115
vn -0.1110 0.0000 -0.9938
vn -0.9938 -0.0013 0.1115
vn 0.9938 -0.0017 -0.1115
vn 0.9938 0.0016 -0.1115
vn 0.9938 0.0028 -0.1115
vn 0.9938 -0.0038 -0.1115
vn -0.9938 0.0016 0.1115
vn -0.9938 0.0008 0.1115
vn 0.9938 -0.0016 -0.1115
vn -0.1107 -0.0000 -0.9939
vn -0.9938 -0.0011 0.1115
vn -0.9938 0.0009 0.1115
vn 0.9938 -0.0013 -0.1115
vn 0.9938 -0.0010 -0.1115
vn -0.9938 -0.0020 0.1115
vn -0.9938 0.0020 0.1115
vn 0.9938 -0.0015 -0.1115
vn -0.0665 0.8026 -0.5928
vn -0.0701 0.7330 -0.6766
vn 0.0988 0.7185 -0.6885
vn -0.0762 0.7296 -0.6796
vn -0.2411 0.7227 -0.6478
vn -0.0763 0.7297 -0.6795
vn 0.0769 0.7235 0.6860
vn 0.0769 0.7236 0.6860
vn 0.2421 0.7167 0.6540
vn 0.0770 0.7235 0.6861
vn 0.0672 0.7977 0.5993
vn 0.0707 0.7269 0.6831
vn -0.0985 0.7125 0.6948
vn 0.0762 -0.7296 0.6796
vn 0.0762 -0.7294 0.6798
vn 0.0763 -0.7295 0.6797
vn -0.0769 -0.7235 -0.6860
vn -0.0770 -0.7234 -0.6862
vn -0.0770 -0.7236 -0.6859
vn -0.0769 -0.7236 -0.6859
vn -0.0571 -0.8587 -0.5093
vn 0.9938 -0.0001 -0.1116
vn -0.9938 0.0003 0.1116
vn -0.9938 -0.0007 0.1116
vn 0.0571 0.8587 0.5092
vn 0.0571 0.8587 0.5093
vn -0.9938 -0.0001 0.1116
vn -0.9938 0.0000 0.1111
vn 0.9938 -0.0003 -0.1116
vn 0.9938 0.0007 -0.1113
vn 0.0564 -0.8626 0.5028
vn 0.0564 -0.8626 0.5027
vn -0.0564 0.8626 -0.5027
vn 0.9938 0.0001 -0.1114
vn -0.9938 0.0002 0.1114
vn -0.9937 0.0021 0.1118
vn -0.9938 -0.0006 0.1114
vn 0.9937 -0.0003 -0.1117
vn 0.0764 -0.7280 0.6813
vn -0.0763 0.7296 -0.6797
vn -0.0771 -0.7220 -0.6876
vn -0.0771 -0.7221 -0.6875
vn -0.4502 0.8915 0.0505
vn 0.4523 0.8904 -0.0507
vn 0.0482 0.9019 0.4293
vn 0.5481 -0.0005 -0.8364
vn 0.7195 0.0000 0.6945
vn 0.5481 0.0000 -0.8364
vn 0.3150 -0.9486 -0.0300
vn 0.2861 0.9337 0.2154
vn 0.9454 -0.3159 -0.0797
vn 0.0317 -0.9404 0.3386
vn -0.6133 0.7869 0.0689
vn -0.5481 0.0006 0.8364
vn -0.2303 0.9338 0.2737
vn -0.4341 0.8996 0.0487
vn -0.4500 0.8916 0.0505
vn 0.6474 0.5581 0.5190
vn -0.4625 0.1405 -0.8754
vn 0.4518 0.8907 -0.0504
vn 0.5063 -0.5842 -0.6343
vn 0.7178 -0.6915 -0.0805
vn 0.4502 -0.8915 -0.0504
vn 0.4499 -0.8917 -0.0505
vn -0.2636 -0.9438 -0.1994
vn -0.4526 -0.8903 0.0508
vn -0.4524 -0.8904 0.0508
vn -0.0482 -0.9019 -0.4293
vn 0.7197 0.0000 0.6942
vn 0.1884 0.2913 -0.9379
vn -0.9918 0.0000 0.1278
vn 0.0075 0.9999 0.0073
vn 0.6928 -0.3863 -0.6089
vn -0.5482 0.0000 0.8363
vn -0.7196 -0.6897 0.0807
vn -0.0011 -1.0000 -0.0011
vn -0.4594 0.8278 -0.3222
vn -0.9404 -0.3167 0.1238
vn 0.6134 0.7868 -0.0687
vn 0.5017 -0.1271 0.8556
vn -0.7199 0.0009 -0.6941
vn 0.2897 -0.9566 -0.0325
vn -0.2892 -0.9567 0.0325
vn -0.2117 0.9441 0.2526
vn -0.4498 0.8917 0.0507
vn 0.4502 -0.8915 -0.0505
vn 0.5616 -0.2400 0.7918
vn 0.1220 -0.9807 -0.1528
vn 0.7485 0.6578 -0.0840
vn 0.4364 0.8984 -0.0489
vn 0.0502 0.8929 0.4475
vn 0.2635 0.9438 0.1993
vn 0.0074 0.9978 0.0657
vn 0.2116 -0.9442 -0.2525
vn 0.5474 0.3208 -0.7730
vn 0.4505 -0.8913 -0.0505
vn -0.1531 -0.9806 -0.1223
vn -0.4522 -0.8905 0.0507
vn -0.4523 -0.8904 0.0507
vn -0.6353 -0.5823 -0.5072
vn 0.1021 -0.2406 0.9652
vn -0.6930 0.3855 0.6091
vn 0.8350 0.3105 -0.4543
vn -0.6600 -0.2943 0.6912
vn 0.6374 0.3032 -0.7084
vn -0.5159 0.5595 0.6487
vn -0.5416 0.0120 0.8406
vn -0.7556 -0.1314 -0.6417
vn -0.5479 -0.0071 0.8365
vn 0.9928 0.0454 -0.1113
vn 0.1115 -0.0005 0.9938
vn -0.9937 0.0079 0.1115
vn -0.3156 0.9484 0.0290
vn -0.2858 -0.9341 -0.2139
vn -0.9438 0.3209 0.0795
vn -0.0249 0.9599 -0.2793
vn 0.6117 -0.7881 -0.0687
vn 0.4593 -0.8271 0.3239
vn 0.5643 -0.0276 -0.8251
vn 0.2273 -0.9356 -0.2701
vn 0.4286 -0.9022 -0.0480
vn 0.4469 -0.8932 -0.0501
vn -0.6540 -0.5459 -0.5236
vn 0.4590 -0.1168 0.8807
vn -0.4518 -0.8908 0.0491
vn -0.4540 -0.8896 0.0505
vn -0.5055 0.5827 0.6363
vn -0.7154 0.6941 0.0803
vn -0.4510 0.8914 0.0449
vn -0.4555 0.8888 0.0510
vn 0.2627 0.9439 0.2002
vn 0.4574 0.8878 -0.0514
vn 0.4542 0.8892 -0.0556
vn 0.0486 0.9007 0.4317
vn 0.0479 0.9029 0.4271
vn -0.7238 -0.0127 -0.6899
vn -0.1840 -0.3141 0.9314
vn 0.9918 -0.0001 -0.1278
vn -0.0073 -1.0000 -0.0057
vn -0.6796 0.4186 0.6024
vn 0.5633 -0.0254 -0.8259
vn 0.7172 0.6922 -0.0802
vn -0.0080 1.0000 0.0021
vn 0.9384 0.3228 -0.1235
vn -0.6122 -0.7877 0.0686
vn -0.5005 0.1024 -0.8597
vn -0.3042 0.9520 0.0340
vn 0.2804 0.9594 -0.0314
vn 0.2117 -0.9441 -0.2526
vn 0.4554 -0.8888 -0.0514
vn -0.5594 0.2453 -0.7918
vn -0.1379 0.9790 0.1504
vn -0.7526 -0.6530 0.0844
vn -0.4308 -0.9012 0.0483
vn -0.0510 -0.8891 -0.4548
vn -0.2643 -0.9438 -0.1985
vn -0.0076 -0.9977 -0.0679
vn -0.2107 0.9442 0.2533
vn -0.5505 -0.3158 0.7728
vn -0.4511 0.8914 0.0444
vn -0.4560 0.8885 0.0511
vn 0.1525 0.9803 0.1254
vn 0.4651 0.8837 -0.0521
vn 0.4575 0.8867 -0.0669
vn 0.1115 -0.0021 0.9938
vn 0.6351 0.5808 0.5093
vn -0.1012 0.2727 -0.9568
vn 0.6716 -0.4159 -0.6132
vn -0.8156 -0.3719 0.4432
vn 0.2118 -0.9441 -0.2525
vn 0.6600 0.2891 -0.6934
vn 0.8530 -0.5130 -0.0960
vn 0.8530 -0.5131 -0.0960
vn -0.6443 -0.2776 0.7126
vn 0.5214 -0.5471 -0.6548
vn 0.8753 -0.4735 -0.0980
vn 0.8092 0.5804 -0.0908
vn 0.6908 0.3037 -0.6562
vn 0.2830 -0.2249 -0.9324
vn 0.2831 -0.2249 -0.9324
vn -0.1076 -0.0143 -0.9941
vn -0.1005 0.4324 -0.8961
vn -0.9537 -0.2812 0.1069
vn -0.9224 0.3723 0.1032
vn -0.5384 0.2668 0.7993
vn -0.5385 0.2668 0.7993
vn -0.8223 0.2532 -0.5096
vn 0.6628 0.3822 0.6439
vn 0.1001 -0.4373 0.8937
vn 0.6995 0.0207 0.7143
vn 0.9326 0.3453 -0.1048
vn 0.6956 0.2658 -0.6675
vn 0.2885 -0.2061 -0.9350
vn -0.1116 -0.0223 -0.9935
vn -0.0993 0.4571 -0.8839
vn -0.8628 -0.4961 0.0967
vn -0.8057 0.5853 0.0906
vn -0.5259 0.3313 0.7834
vn -0.8207 0.2621 -0.5076
vn -0.8207 0.2622 -0.5076
vn 0.7043 0.2905 0.6477
vn 0.1010 -0.4269 0.8986
vn 0.0772 -0.7215 0.6881
vn 0.7464 -0.6601 -0.0842
vn -0.1114 0.0002 -0.9938
vn -0.4594 0.8277 -0.3222
vn -0.3145 -0.9485 0.0390
vn -0.7053 -0.3198 -0.6326
vn 0.0533 0.8900 0.4527
vn 0.2585 0.1405 -0.9557
vn -0.9142 0.3117 -0.2590
vn -0.7818 0.3025 -0.5452
vn -0.3900 0.2919 -0.8733
vn -0.6897 -0.3113 -0.6538
vn -0.8864 -0.4522 0.0994
vn 0.8862 0.4526 -0.0994
vn 0.5288 -0.3137 -0.7887
vn -0.8849 0.4550 0.0993
vn -0.2864 0.1988 0.9373
vn -0.7478 -0.6587 0.0831
vn 0.8851 -0.4546 -0.0993
vn -0.1005 0.4320 -0.8962
vn -0.3778 -0.9243 -0.0549
vn 0.1005 -0.4321 0.8962
vn 0.3548 -0.9249 -0.1367
vn 0.9961 0.0000 -0.0879
vn 0.1004 0.0000 0.9950
vn 0.0012 -1.0000 -0.0018
vn 0.7054 0.3192 0.6329
vn 0.7198 0.0002 0.6942
vn 0.2599 -0.1858 -0.9476
vn -0.8843 -0.4543 0.1074
vn -0.0092 -0.9982 -0.0596
vn -0.7198 0.0000 -0.6942
vn -0.6901 -0.3103 -0.6539
vn -0.8857 -0.4535 0.0993
vn -0.7470 0.6595 0.0838
vn 0.8852 0.4544 -0.0993
vn 0.5287 -0.3136 -0.7887
vn -0.8856 0.4537 0.0993
vn 0.5261 0.7546 -0.3923
vn -0.2865 0.1985 0.9373
vn 0.8847 -0.4555 -0.0992
vn -0.1005 0.4320 -0.8963
vn 0.7954 -0.2940 0.5300
vn 0.1005 -0.4320 0.8963
vn 0.1116 -0.0001 0.9938
vn -0.0001 -1.0000 -0.0010
vn -0.0773 0.7244 -0.6850
vn -0.7419 0.6653 0.0837
vn 0.1087 -0.0027 0.9941
vn 0.0001 1.0000 -0.0001
vn 0.3146 0.9484 -0.0391
vn 0.6872 0.3688 0.6259
vn -0.0529 -0.8920 -0.4489
vn -0.2628 -0.1649 0.9507
vn 0.8933 -0.3718 0.2527
vn 0.7806 -0.3027 0.5468
vn 0.3846 -0.3132 0.8683
vn 0.6934 0.3043 0.6531
vn 0.8875 0.4500 -0.0995
vn -0.7528 -0.6528 0.0844
vn -0.1198 0.0164 -0.9927
vn -0.8809 -0.4629 0.0988
vn -0.5303 0.3103 0.7890
vn 0.8877 -0.4495 -0.0996
vn 0.2855 -0.2017 -0.9369
vn 0.7355 0.6726 -0.0818
vn -0.8908 0.4434 0.0999
vn 0.1000 -0.4407 0.8921
vn 0.3737 0.9256 0.0604
vn -0.1005 0.4318 -0.8964
vn -0.3491 0.9263 0.1416
vn -0.9961 0.0005 0.0880
vn -0.1004 0.0044 -0.9949
vn 0.6879 0.3152 0.6537
vn 0.4601 -0.8300 0.3152
vn -0.0003 1.0000 -0.0013
vn 0.1142 -0.0029 0.9935
vn 0.0848 0.9964 -0.0073
vn -0.6761 -0.3613 -0.6421
vn 0.7137 0.0243 0.7000
vn -0.7205 -0.0100 -0.6934
vn -0.2391 0.2265 0.9442
vn 0.8682 0.4848 -0.1056
vn 0.0129 0.9956 0.0926
vn -0.8870 0.4509 0.0995
vn 0.8943 0.4360 -0.1003
vn -0.1149 0.0064 -0.9934
vn 0.7398 -0.6677 -0.0829
vn 0.1005 -0.4324 0.8961
vn -0.8934 -0.4378 0.1003
vn -0.5258 -0.7575 0.3869
vn 0.3065 -0.1574 -0.9388
vn -0.5268 0.3173 0.7885
vn 0.8882 -0.4485 -0.0996
vn -0.7953 0.2905 -0.5321
vn -0.1118 -0.0000 -0.9937
vn -0.0440 -0.9189 -0.3920
vn -0.0439 -0.9190 -0.3918
vn -0.9938 -0.0005 0.1114
vn 0.0439 0.9191 0.3917
vn 0.0439 0.9191 0.3916
vn -0.0440 -0.9188 -0.3922
vn 0.0439 0.9190 0.3917
vn 0.3918 -0.9190 -0.0440
vn 0.3918 -0.9190 -0.0439
vn -0.3918 0.9190 0.0440
vn 0.3919 -0.9190 -0.0440
vn -0.3919 0.9190 0.0440
vn 0.0440 -0.9190 0.3919
vn 0.0440 -0.9189 0.3921
vn -0.0440 0.9190 -0.3918
vn -0.0440 0.9190 -0.3919
vn 0.0439 -0.9190 0.3918
vn 0.0440 -0.9190 0.3918
vn -0.0440 0.9189 -0.3920
vn -0.0440 0.9189 -0.3921
vn -0.9938 0.0001 0.1114
vn -0.3919 -0.9190 0.0440
vn -0.3918 -0.9190 0.0439
vn 0.3918 0.9190 -0.0439
vn 0.3919 0.9189 -0.0439
vn -0.3918 -0.9190 0.0440
vn 0.3919 0.9189 -0.0440
vn -0.0353 -0.9484 -0.3151
vn -0.0353 -0.9485 -0.3149
vn 0.0353 0.9484 0.3150
usemtl None
s off
f 1/1/1 2/2/1 3/3/1
f 1/1/1 3/3/1 4/4/1
f 5/5/1 6/6/1 7/7/1
f 5/5/1 7/7/1 8/8/1
f 9/9/1 10/10/1 11/11/1
f 9/9/1 11/11/1 7/7/1
f 9/9/1 7/7/1 6/6/1
f 9/9/1 6/6/1 12/12/1
f 13/13/1 14/14/1 15/15/1
f 13/13/1 15/15/1 5/5/1
f 13/13/1 5/5/1 8/8/1
f 13/13/1 8/8/1 16/16/1
f 16/16/1 11/11/1 10/10/1
f 16/16/1 10/10/1 13/13/1
f 12/12/1 15/15/1 14/14/1
f 12/12/1 14/14/1 9/9/1
f 17/17/2 18/18/2 19/19/2
f 17/17/2 19/19/2 20/20/2
f 21/21/2 22/22/2 23/23/2
f 21/21/2 23/23/2 24/24/2
f 25/25/2 26/26/2 27/27/2
f 25/25/2 27/27/2 21/21/2
f 27/27/2 28/28/2 22/22/2
f 27/27/2 22/22/2 21/21/2
f 29/29/2 30/30/2 31/31/2
f 29/29/3 31/31/3 23/23/3
f 31/31/2 32/32/2 24/24/2
f 31/31/2 24/24/2 23/23/2
f 26/26/2 25/25/2 32/32/2
f 26/26/2 32/32/2 31/31/2
f 30/30/2 29/29/2 28/28/2
f 30/30/2 28/28/2 27/27/2
f 17/17/4 20/20/4 4/4/4
f 17/17/4 4/4/4 3/3/4
f 20/20/5 19/19/5 1/1/5
f 20/20/5 1/1/5 4/4/5
f 19/19/6 18/18/6 2/2/6
f 19/19/6 2/2/6 1/1/6
f 21/21/7 24/24/7 8/8/7
f 21/21/7 8/8/7 7/7/7
f 23/23/8 22/22/8 6/6/8
f 23/23/8 6/6/8 5/5/8
f 27/27/6 26/26/6 10/10/6
f 27/27/6 10/10/6 9/9/6
f 25/25/4 21/21/4 7/7/4
f 25/25/4 7/7/4 11/11/4
f 22/22/4 28/28/4 12/12/4
f 22/22/4 12/12/4 6/6/4
f 31/31/4 30/30/4 14/14/4
f 31/31/4 14/14/4 13/13/4
f 29/29/6 23/23/6 5/5/6
f 29/29/6 5/5/6 15/15/6
f 24/24/6 32/32/6 16/16/6
f 24/24/6 16/16/6 8/8/6
f 26/26/7 31/31/7 13/13/7
f 26/26/7 13/13/7 10/10/7
f 32/32/8 25/25/8 11/11/8
f 32/32/8 11/11/8 16/16/8
f 28/28/7 29/29/7 15/15/7
f 28/28/7 15/15/7 12/12/7
f 33/33/9 34/34/9 35/35/9
f 33/33/9 35/35/9 36/36/9
f 37/37/9 3/3/9 38/38/9
f 37/37/10 38/38/10 35/35/10
f 37/37/11 35/35/11 34/34/11
f 37/37/12 34/34/12 39/39/12
f 40/40/9 41/41/9 33/33/9
f 40/40/13 33/33/13 36/36/13
f 40/40/14 36/36/14 42/42/14
f 40/40/9 42/42/9 2/2/9
f 40/40/15 2/2/16 43/43/17
f 42/42/9 38/38/9 3/3/9
f 42/42/9 3/3/9 2/2/9
f 39/39/9 41/41/9 40/40/9
f 39/39/9 40/40/9 37/37/9
f 44/44/5 45/45/5 46/46/5
f 44/44/5 46/46/5 47/47/5
f 48/48/5 17/17/5 49/49/5
f 48/48/5 49/49/5 44/44/5
f 49/49/18 50/50/18 45/45/18
f 49/49/19 45/45/19 44/44/19
f 46/46/19 51/51/19 52/52/19
f 46/46/5 52/52/5 47/47/5
f 52/52/20 53/53/21 18/18/22
f 52/52/5 18/18/5 54/54/5
f 52/52/23 54/54/23 47/47/23
f 17/17/5 48/48/5 54/54/5
f 17/17/5 54/54/5 18/18/5
f 52/52/5 51/51/5 50/50/5
f 52/52/5 50/50/5 49/49/5
f 44/44/24 47/47/24 36/36/24
f 44/44/24 36/36/24 35/35/24
f 46/46/2 45/45/2 34/34/2
f 46/46/2 34/34/2 33/33/2
f 49/49/4 17/17/4 3/3/4
f 49/49/4 3/3/4 37/37/4
f 48/48/6 44/44/6 35/35/6
f 48/48/6 35/35/6 38/38/6
f 45/45/6 50/50/6 39/39/6
f 45/45/6 39/39/6 34/34/6
f 18/18/6 53/53/6 43/43/6
f 18/18/6 43/43/6 2/2/6
f 53/53/6 52/52/6 40/40/6
f 53/53/6 40/40/6 43/43/6
f 51/51/4 46/46/4 33/33/4
f 51/51/4 33/33/4 41/41/4
f 47/47/4 54/54/4 42/42/4
f 47/47/4 42/42/4 36/36/4
f 54/54/2 48/48/2 38/38/2
f 54/54/2 38/38/2 42/42/2
f 50/50/1 51/51/1 41/41/1
f 50/50/1 41/41/1 39/39/1
f 55/55/5 56/56/5 57/57/5
f 55/55/5 57/57/5 58/58/5
f 14/14/5 59/59/5 60/60/5
f 14/14/25 60/60/25 57/57/25
f 14/14/18 57/57/18 56/56/18
f 14/14/23 56/56/23 61/61/23
f 62/62/5 9/9/5 63/63/5
f 62/62/5 63/63/5 55/55/5
f 62/62/5 55/55/5 58/58/5
f 62/62/5 58/58/5 64/64/5
f 64/64/8 60/60/8 59/59/8
f 64/64/8 59/59/8 62/62/8
f 61/61/5 63/63/5 9/9/5
f 61/61/5 9/9/5 14/14/5
f 65/65/9 66/66/9 67/67/9
f 65/65/9 67/67/9 68/68/9
f 69/69/14 70/70/14 30/30/14
f 69/69/9 30/30/9 65/65/9
f 30/30/9 71/71/9 66/66/9
f 30/30/26 66/66/26 65/65/26
f 72/72/9 27/27/9 73/73/9
f 72/72/9 73/73/9 67/67/9
f 73/73/12 74/74/12 68/68/12
f 73/73/7 68/68/7 67/67/7
f 70/70/9 69/69/9 74/74/9
f 70/70/9 74/74/9 73/73/9
f 27/27/9 72/72/9 71/71/9
f 27/27/9 71/71/9 30/30/9
f 65/65/2 68/68/2 58/58/2
f 65/65/2 58/58/2 57/57/2
f 67/67/1 66/66/1 56/56/1
f 67/67/1 56/56/1 55/55/1
f 30/30/4 70/70/4 59/59/4
f 30/30/4 59/59/4 14/14/4
f 69/69/6 65/65/6 57/57/6
f 69/69/6 57/57/6 60/60/6
f 66/66/6 71/71/6 61/61/6
f 66/66/6 61/61/6 56/56/6
f 73/73/6 27/27/6 9/9/6
f 73/73/6 9/9/6 62/62/6
f 72/72/4 67/67/4 55/55/4
f 72/72/4 55/55/4 63/63/4
f 68/68/4 74/74/4 64/64/4
f 68/68/4 64/64/4 58/58/4
f 74/74/1 69/69/1 60/60/1
f 74/74/1 60/60/1 64/64/1
f 71/71/2 72/72/2 63/63/2
f 71/71/2 63/63/2 61/61/2
f 75/75/2 76/76/2 77/77/2
f 75/75/2 77/77/2 78/78/2
f 59/59/2 37/37/2 79/79/2
f 59/59/2 79/79/2 77/77/2
f 59/59/2 77/77/2 76/76/2
f 59/59/2 76/76/2 80/80/2
f 40/40/2 62/62/2 81/81/2
f 40/40/2 81/81/2 75/75/2
f 40/40/2 75/75/2 78/78/2
f 40/40/2 78/78/2 82/82/2
f 82/82/2 79/79/2 37/37/2
f 82/82/2 37/37/2 40/40/2
f 80/80/2 81/81/2 62/62/2
f 80/80/2 62/62/2 59/59/2
f 83/83/1 84/84/1 85/85/1
f 83/83/1 85/85/1 86/86/1
f 87/87/1 49/49/1 70/70/1
f 87/87/1 70/70/1 83/83/1
f 70/70/1 88/88/1 84/84/1
f 70/70/1 84/84/1 83/83/1
f 89/89/1 73/73/1 52/52/1
f 89/89/1 52/52/1 85/85/1
f 52/52/1 90/90/1 86/86/1
f 52/52/1 86/86/1 85/85/1
f 49/49/1 87/87/1 90/90/1
f 49/49/1 90/90/1 52/52/1
f 73/73/1 89/89/1 88/88/1
f 73/73/1 88/88/1 70/70/1
f 83/83/9 86/86/9 78/78/9
f 83/83/9 78/78/9 77/77/9
f 85/85/27 84/84/27 76/76/27
f 85/85/27 76/76/27 75/75/27
f 70/70/4 49/49/4 37/37/4
f 70/70/4 37/37/4 59/59/4
f 87/87/6 83/83/6 77/77/6
f 87/87/6 77/77/6 79/79/6
f 84/84/6 88/88/6 80/80/6
f 84/84/6 80/80/6 76/76/6
f 52/52/6 73/73/6 62/62/6
f 52/52/6 62/62/6 40/40/6
f 89/89/4 85/85/4 75/75/4
f 89/89/4 75/75/4 81/81/4
f 86/86/4 90/90/4 82/82/4
f 86/86/4 82/82/4 78/78/4
f 90/90/5 87/87/5 79/79/5
f 90/90/5 79/79/5 82/82/5
f 88/88/9 89/89/9 81/81/9
f 88/88/9 81/81/9 80/80/9
f 91/91/28 92/92/28 93/93/28
f 91/91/28 93/93/28 94/94/28
f 92/92/29 95/95/29 96/96/29
f 92/92/30 96/96/30 93/93/30
f 95/95/31 91/91/31 94/94/31
f 95/95/32 94/94/32 96/96/32
f 97/97/33 95/95/33 98/98/33
f 97/97/34 98/98/34 99/99/34
f 95/95/35 92/92/35 100/100/35
f 95/95/36 100/100/36 98/98/36
f 92/92/37 97/97/37 99/99/37
f 92/92/38 99/99/38 100/100/38
f 101/101/39 95/95/39 102/102/39
f 101/101/40 102/102/40 103/103/40
f 95/95/41 97/97/41 104/104/41
f 95/95/42 104/104/42 102/102/42
f 97/97/43 101/101/43 103/103/43
f 97/97/44 103/103/44 104/104/44
f 95/95/45 101/101/45 105/105/45
f 95/95/46 105/105/46 106/106/46
f 101/101/47 91/91/47 107/107/47
f 101/101/48 107/107/48 105/105/48
f 91/91/49 95/95/49 106/106/49
f 91/91/50 106/106/50 107/107/50
f 108/108/51 109/109/51 110/110/51
f 108/108/52 110/110/52 111/111/52
f 112/112/52 113/113/52 109/109/52
f 112/112/53 109/109/53 108/108/53
f 111/111/54 110/110/54 113/113/54
f 111/111/55 113/113/55 112/112/55
f 114/114/56 113/113/56 115/115/56
f 114/114/57 115/115/57 116/116/57
f 117/117/57 109/109/57 113/113/57
f 117/117/56 113/113/56 114/114/56
f 116/116/58 115/115/58 109/109/58
f 116/116/58 109/109/58 117/117/58
f 118/118/59 113/113/59 119/119/59
f 118/118/60 119/119/60 120/120/60
f 121/121/61 115/115/61 113/113/61
f 121/121/62 113/113/62 118/118/62
f 120/120/63 119/119/63 115/115/63
f 120/120/64 115/115/64 121/121/64
f 122/122/65 119/119/65 113/113/65
f 122/122/66 113/113/66 123/123/66
f 124/124/67 110/110/67 119/119/67
f 124/124/66 119/119/66 122/122/66
f 123/123/65 113/113/65 110/110/65
f 123/123/66 110/110/66 124/124/66
f 92/92/68 91/91/68 110/110/68
f 92/92/69 110/110/69 109/109/69
f 94/94/70 93/93/70 108/108/70
f 94/94/71 108/108/71 111/111/71
f 93/93/72 96/96/72 112/112/72
f 93/93/73 112/112/73 108/108/73
f 96/96/74 94/94/74 111/111/74
f 96/96/75 111/111/75 112/112/75
f 99/99/76 98/98/76 114/114/76
f 99/99/77 114/114/77 116/116/77
f 98/98/78 100/100/78 117/117/78
f 98/98/79 117/117/79 114/114/79
f 97/97/80 92/92/80 109/109/80
f 97/97/81 109/109/81 115/115/81
f 100/100/82 99/99/82 116/116/82
f 100/100/83 116/116/83 117/117/83
f 103/103/84 102/102/84 118/118/84
f 103/103/85 118/118/85 120/120/85
f 102/102/86 104/104/86 121/121/86
f 102/102/87 121/121/87 118/118/87
f 101/101/88 97/97/88 115/115/88
f 101/101/89 115/115/89 119/119/89
f 104/104/90 103/103/90 120/120/90
f 104/104/91 120/120/91 121/121/91
f 106/106/92 105/105/92 122/122/92
f 106/106/93 122/122/93 123/123/93
f 91/91/94 101/101/94 119/119/94
f 91/91/95 119/119/95 110/110/95
f 105/105/96 107/107/96 124/124/96
f 105/105/97 124/124/97 122/122/97
f 107/107/98 106/106/98 123/123/98
f 107/107/99 123/123/99 124/124/99
f 109/109/9 110/110/9 125/125/9
f 109/109/9 125/125/9 126/126/9
f 115/115/2 109/109/2 126/126/2
f 115/115/2 126/126/2 127/127/2
f 119/119/5 115/115/5 127/127/5
f 119/119/5 127/127/5 128/128/5
f 110/110/1 119/119/1 128/128/1
f 110/110/1 128/128/1 125/125/1
f 128/128/6 127/127/6 126/126/6
f 128/128/6 126/126/6 125/125/6
f 129/129/9 130/130/9 131/131/9
f 129/129/9 131/131/9 132/132/9
f 130/130/2 133/133/2 134/134/2
f 130/130/2 134/134/2 131/131/2
f 133/133/5 135/135/5 136/136/5
f 133/133/5 136/136/5 134/134/5
f 135/135/1 129/129/1 132/132/1
f 135/135/1 132/132/1 136/136/1
f 137/137/5 138/138/5 139/139/5
f 137/137/5 139/139/5 110/110/5
f 115/115/1 140/140/1 138/138/1
f 115/115/1 138/138/1 137/137/1
f 119/119/9 141/141/9 140/140/9
f 119/119/12 140/140/12 115/115/12
f 110/110/3 139/139/3 141/141/3
f 110/110/2 141/141/2 119/119/2
f 142/142/100 130/130/100 129/129/100
f 142/142/101 129/129/101 143/143/101
f 144/144/102 133/133/102 130/130/102
f 144/144/103 130/130/103 142/142/103
f 145/145/104 135/135/104 133/133/104
f 145/145/105 133/133/105 144/144/105
f 143/143/106 129/129/106 135/135/106
f 143/143/107 135/135/107 145/145/107
f 146/146/108 142/142/108 143/143/108
f 146/146/109 143/143/109 147/147/109
f 148/148/110 144/144/110 142/142/110
f 148/148/111 142/142/111 146/146/111
f 149/149/112 145/145/112 144/144/112
f 149/149/113 144/144/113 148/148/113
f 147/147/114 143/143/114 145/145/114
f 147/147/115 145/145/115 149/149/115
f 137/137/4 110/110/4 132/132/4
f 137/137/4 132/132/4 131/131/4
f 139/139/6 138/138/6 146/146/6
f 139/139/6 146/146/6 147/147/6
f 115/115/4 137/137/4 131/131/4
f 115/115/4 131/131/4 134/134/4
f 138/138/6 140/140/6 148/148/6
f 138/138/6 148/148/6 146/146/6
f 119/119/4 115/115/4 134/134/4
f 119/119/4 134/134/4 136/136/4
f 140/140/6 141/141/6 149/149/6
f 140/140/6 149/149/6 148/148/6
f 110/110/4 119/119/4 136/136/4
f 110/110/4 136/136/4 132/132/4
f 141/141/6 139/139/6 147/147/6
f 141/141/6 147/147/6 149/149/6
f 150/150/116 151/151/116 112/112/116
f 152/152/117 114/114/117 153/153/117
f 154/154/118 118/118/118 155/155/118
f 123/123/119 156/156/119 157/157/119
f 158/158/5 159/159/5 160/160/5
f 158/158/5 160/160/5 161/161/5
f 162/162/9 163/163/9 164/164/9
f 162/162/9 164/164/9 165/165/9
f 165/165/2 164/164/2 160/160/2
f 165/165/2 160/160/2 159/159/2
f 166/166/9 167/167/9 168/168/9
f 166/166/9 168/168/9 169/169/9
f 170/170/5 171/171/5 172/172/5
f 170/170/5 172/172/5 173/173/5
f 166/166/1 170/170/1 173/173/1
f 166/166/1 173/173/1 167/167/1
f 162/162/1 158/158/1 161/161/1
f 162/162/1 161/161/1 163/163/1
f 169/169/2 168/168/2 172/172/2
f 169/169/2 172/172/2 171/171/2
f 166/166/6 169/169/6 161/161/6
f 166/166/6 161/161/6 160/160/6
f 168/168/4 167/167/4 159/159/4
f 168/168/4 159/159/4 158/158/4
f 169/169/6 171/171/6 163/163/6
f 169/169/6 163/163/6 161/161/6
f 173/173/4 172/172/4 162/162/4
f 173/173/4 162/162/4 165/165/4
f 171/171/6 170/170/6 164/164/6
f 171/171/6 164/164/6 163/163/6
f 167/167/4 173/173/4 165/165/4
f 167/167/4 165/165/4 159/159/4
f 170/170/6 166/166/6 160/160/6
f 170/170/6 160/160/6 164/164/6
f 174/174/4 175/175/4 176/176/4
f 174/174/4 176/176/4 177/177/4
f 175/175/4 178/178/4 179/179/4
f 175/175/4 179/179/4 176/176/4
f 178/178/4 180/180/4 181/181/4
f 178/178/4 181/181/4 179/179/4
f 180/180/4 174/174/4 177/177/4
f 180/180/4 177/177/4 181/181/4
f 172/172/6 162/162/6 158/158/6
f 172/172/6 158/158/6 168/168/6
f 168/168/9 167/167/9 177/177/9
f 168/168/9 177/177/9 176/176/9
f 159/159/5 158/158/5 175/175/5
f 159/159/5 175/175/5 174/174/5
f 172/172/2 168/168/2 176/176/2
f 172/172/2 176/176/2 179/179/2
f 158/158/1 162/162/1 178/178/1
f 158/158/1 178/178/1 175/175/1
f 173/173/5 172/172/5 179/179/5
f 173/173/5 179/179/5 181/181/5
f 162/162/9 165/165/9 180/180/9
f 162/162/9 180/180/9 178/178/9
f 167/167/1 173/173/1 181/181/1
f 167/167/1 181/181/1 177/177/1
f 165/165/2 159/159/2 174/174/2
f 165/165/2 174/174/2 180/180/2
f 182/182/6 183/183/6 184/184/6
f 182/182/6 184/184/6 185/185/6
f 182/182/6 185/185/6 186/186/6
f 184/184/6 183/183/6 187/187/6
f 188/188/4 189/189/4 190/190/4
f 188/188/4 190/190/4 191/191/4
f 190/190/4 192/192/4 191/191/4
f 193/193/4 189/189/4 188/188/4
f 191/191/1 192/192/1 186/186/1
f 191/191/1 186/186/1 185/185/1
f 192/192/5 190/190/5 182/182/5
f 192/192/5 182/182/5 186/186/5
f 190/190/2 189/189/2 183/183/2
f 190/190/2 183/183/2 182/182/2
f 188/188/9 191/191/9 185/185/9
f 188/188/9 185/185/9 184/184/9
f 189/189/9 193/193/9 187/187/9
f 189/189/9 187/187/9 183/183/9
f 193/193/1 188/188/1 184/184/1
f 193/193/1 184/184/1 187/187/1
f 194/194/120 195/195/120 196/196/120
f 194/194/120 196/196/120 197/197/120
f 198/198/121 194/194/121 197/197/121
f 198/198/121 197/197/121 199/199/121
f 200/200/122 201/201/122 202/202/122
f 200/200/123 202/202/123 203/203/123
f 204/204/124 205/205/124 206/206/124
f 204/204/124 206/206/124 207/207/124
f 208/208/125 200/200/125 203/203/125
f 208/208/125 203/203/125 209/209/125
f 210/210/126 204/204/126 207/207/126
f 210/210/126 207/207/126 211/211/126
f 197/197/9 196/196/9 212/212/9
f 197/197/9 212/212/9 213/213/9
f 196/196/2 195/195/2 214/214/2
f 196/196/2 214/214/2 212/212/2
f 195/195/5 194/194/5 215/215/5
f 195/195/5 215/215/5 214/214/5
f 198/198/1 199/199/1 216/216/1
f 198/198/1 216/216/1 217/217/1
f 199/199/9 197/197/9 213/213/9
f 199/199/9 213/213/9 216/216/9
f 194/194/5 198/198/5 217/217/5
f 194/194/5 217/217/5 215/215/5
f 218/218/9 219/219/9 220/220/9
f 221/221/8 222/222/8 223/223/8
f 223/223/127 222/222/127 219/219/127
f 223/223/127 219/219/127 218/218/127
f 222/222/128 221/221/128 220/220/128
f 222/222/128 220/220/128 219/219/128
f 221/221/1 223/223/1 218/218/1
f 221/221/1 218/218/1 220/220/1
f 224/224/9 225/225/9 226/226/9
f 227/227/5 228/228/5 229/229/5
f 228/228/6 224/224/6 226/226/6
f 228/228/6 226/226/6 229/229/6
f 229/229/129 226/226/129 225/225/129
f 229/229/129 225/225/129 227/227/129
f 227/227/2 225/225/2 224/224/2
f 227/227/2 224/224/2 228/228/2
f 230/230/2 231/231/2 232/232/2
f 230/230/2 232/232/2 233/233/2
f 201/201/1 234/234/1 235/235/1
f 201/201/1 235/235/1 202/202/1
f 208/208/6 209/209/6 233/233/6
f 208/208/6 233/233/6 232/232/6
f 233/233/130 209/209/130 203/203/130
f 233/233/131 203/203/131 202/202/131
f 230/230/5 233/233/5 202/202/5
f 230/230/5 202/202/5 235/235/5
f 235/235/4 234/234/4 231/231/4
f 235/235/4 231/231/4 230/230/4
f 232/232/7 231/231/7 234/234/7
f 232/232/7 234/234/7 208/208/7
f 234/234/132 201/201/132 200/200/132
f 234/234/133 200/200/133 208/208/133
f 236/236/2 237/237/2 206/206/2
f 236/236/2 206/206/2 205/205/2
f 238/238/1 239/239/1 240/240/1
f 238/238/1 240/240/1 241/241/1
f 238/238/6 241/241/6 210/210/6
f 238/238/6 210/210/6 211/211/6
f 236/236/134 205/205/134 204/204/134
f 236/236/135 204/204/135 210/210/135
f 236/236/136 210/210/136 241/241/136
f 236/236/5 241/241/5 240/240/5
f 240/240/4 239/239/4 237/237/4
f 240/240/4 237/237/4 236/236/4
f 206/206/9 237/237/9 239/239/9
f 206/206/9 239/239/9 238/238/9
f 207/207/137 206/206/137 238/238/137
f 207/207/138 238/238/138 211/211/138
f 242/242/9 243/243/9 244/244/9
f 242/242/9 244/244/9 245/245/9
f 43/43/9 2/2/9 246/246/9
f 43/43/12 246/246/12 244/244/12
f 43/43/9 244/244/9 243/243/9
f 43/43/9 243/243/9 247/247/9
f 248/248/12 249/249/12 242/242/12
f 248/248/9 242/242/9 245/245/9
f 248/248/9 246/246/9 2/2/9
f 248/248/9 2/2/9 249/249/9
f 43/43/9 247/247/9 250/250/9
f 43/43/9 250/250/9 251/251/9
f 252/252/5 253/253/5 254/254/5
f 252/252/5 254/254/5 255/255/5
f 256/256/23 257/257/23 258/258/23
f 256/256/5 258/258/5 252/252/5
f 258/258/5 259/259/5 253/253/5
f 258/258/5 253/253/5 252/252/5
f 254/254/5 260/260/5 261/261/5
f 254/254/5 261/261/5 255/255/5
f 257/257/5 256/256/5 261/261/5
f 257/257/5 261/261/5 260/260/5
f 262/262/5 259/259/5 258/258/5
f 262/262/5 258/258/5 263/263/5
f 252/252/1 255/255/1 245/245/1
f 252/252/1 245/245/1 244/244/1
f 254/254/2 253/253/2 243/243/2
f 254/254/2 243/243/2 242/242/2
f 258/258/4 257/257/4 2/2/4
f 258/258/4 2/2/4 43/43/4
f 256/256/6 252/252/6 244/244/6
f 256/256/6 244/244/6 246/246/6
f 253/253/6 259/259/6 247/247/6
f 253/253/6 247/247/6 243/243/6
f 255/255/4 261/261/4 248/248/4
f 255/255/4 248/248/4 245/245/4
f 260/260/6 254/254/6 242/242/6
f 260/260/6 242/242/6 249/249/6
f 261/261/2 256/256/2 246/246/2
f 261/261/2 246/246/2 248/248/2
f 262/262/6 263/263/6 251/251/6
f 262/262/6 251/251/6 250/250/6
f 259/259/1 262/262/1 250/250/1
f 259/259/1 250/250/1 247/247/1
f 264/264/1 249/249/1 2/2/1
f 264/264/1 2/2/1 1/1/1
f 257/257/2 260/260/2 170/170/2
f 257/257/2 170/170/2 19/19/2
f 257/257/4 19/19/4 1/1/4
f 257/257/4 1/1/4 2/2/4
f 19/19/5 170/170/5 264/264/5
f 19/19/5 264/264/5 1/1/5
f 170/170/6 260/260/6 249/249/6
f 170/170/6 249/249/6 264/264/6
f 265/265/2 266/266/2 267/267/2
f 265/265/2 267/267/2 268/268/2
f 62/62/2 269/269/2 270/270/2
f 62/62/2 270/270/2 267/267/2
f 62/62/2 267/267/2 266/266/2
f 62/62/2 266/266/2 271/271/2
f 272/272/2 273/273/2 265/265/2
f 272/272/2 265/265/2 268/268/2
f 272/272/2 268/268/2 274/274/2
f 272/272/2 274/274/2 189/189/2
f 274/274/2 270/270/2 269/269/2
f 274/274/2 269/269/2 189/189/2
f 271/271/2 273/273/2 272/272/2
f 271/271/2 272/272/2 62/62/2
f 275/275/1 276/276/1 277/277/1
f 275/275/1 277/277/1 278/278/1
f 279/279/1 280/280/1 73/73/1
f 279/279/1 73/73/1 275/275/1
f 73/73/1 281/281/1 276/276/1
f 73/73/1 276/276/1 275/275/1
f 277/277/1 282/282/1 283/283/1
f 277/277/1 283/283/1 278/278/1
f 283/283/1 284/284/1 285/285/1
f 283/283/1 285/285/1 278/278/1
f 280/280/1 279/279/1 285/285/1
f 280/280/1 285/285/1 284/284/1
f 283/283/1 282/282/1 281/281/1
f 283/283/1 281/281/1 73/73/1
f 275/275/9 278/278/9 268/268/9
f 275/275/9 268/268/9 267/267/9
f 277/277/5 276/276/5 266/266/5
f 277/277/5 266/266/5 265/265/5
f 73/73/4 280/280/4 269/269/4
f 73/73/4 269/269/4 62/62/4
f 279/279/6 275/275/6 267/267/6
f 279/279/6 267/267/6 270/270/6
f 276/276/6 281/281/6 271/271/6
f 276/276/6 271/271/6 266/266/6
f 282/282/4 277/277/4 265/265/4
f 282/282/4 265/265/4 273/273/4
f 278/278/4 285/285/4 274/274/4
f 278/278/4 274/274/4 268/268/4
f 284/284/6 283/283/6 272/272/6
f 284/284/6 272/272/6 189/189/6
f 285/285/5 279/279/5 270/270/5
f 285/285/5 270/270/5 274/274/5
f 281/281/139 282/282/139 273/273/139
f 281/281/139 273/273/139 271/271/139
f 286/286/1 287/287/1 288/288/1
f 286/286/1 288/288/1 289/289/1
f 290/290/1 291/291/1 288/288/1
f 290/290/1 288/288/1 287/287/1
f 10/10/1 9/9/1 292/292/1
f 10/10/1 292/292/1 286/286/1
f 10/10/1 286/286/1 289/289/1
f 10/10/1 289/289/1 293/293/1
f 10/10/1 293/293/1 294/294/1
f 10/10/1 294/294/1 295/295/1
f 290/290/1 292/292/1 9/9/1
f 290/290/1 9/9/1 291/291/1
f 296/296/2 297/297/2 298/298/2
f 296/296/2 298/298/2 299/299/2
f 296/296/2 300/300/2 301/301/2
f 296/296/2 301/301/2 297/297/2
f 302/302/2 27/27/2 26/26/2
f 302/302/2 26/26/2 298/298/2
f 26/26/2 303/303/2 299/299/2
f 26/26/2 299/299/2 298/298/2
f 304/304/2 303/303/2 26/26/2
f 304/304/2 26/26/2 166/166/2
f 27/27/2 302/302/2 301/301/2
f 27/27/2 301/301/2 300/300/2
f 298/298/8 297/297/8 287/287/8
f 298/298/8 287/287/8 286/286/8
f 297/297/4 301/301/4 290/290/4
f 297/297/4 290/290/4 287/287/4
f 300/300/6 296/296/6 288/288/6
f 300/300/6 288/288/6 291/291/6
f 26/26/4 27/27/4 9/9/4
f 26/26/4 9/9/4 10/10/4
f 302/302/6 298/298/6 286/286/6
f 302/302/6 286/286/6 292/292/6
f 304/304/6 166/166/6 295/295/6
f 304/304/6 295/295/6 294/294/6
f 166/166/7 26/26/7 10/10/7
f 166/166/7 10/10/7 295/295/7
f 301/301/7 302/302/7 292/292/7
f 301/301/7 292/292/7 290/290/7
f 289/289/7 288/288/7 296/296/7
f 289/289/7 296/296/7 299/299/7
f 293/293/6 289/289/6 299/299/6
f 293/293/6 299/299/6 303/303/6
f 294/294/8 293/293/8 303/303/8
f 294/294/8 303/303/8 304/304/8
f 305/305/5 306/306/5 307/307/5
f 305/305/5 307/307/5 308/308/5
f 9/9/5 62/62/5 309/309/5
f 9/9/140 309/309/140 307/307/140
f 9/9/141 307/307/141 306/306/141
f 9/9/23 306/306/23 310/310/23
f 311/311/5 272/272/5 305/305/5
f 311/311/5 305/305/5 308/308/5
f 311/311/5 309/309/5 62/62/5
f 311/311/5 62/62/5 272/272/5
f 310/310/5 312/312/5 291/291/5
f 310/310/5 291/291/5 9/9/5
f 313/313/9 314/314/9 315/315/9
f 313/313/9 315/315/9 316/316/9
f 317/317/14 73/73/14 27/27/14
f 317/317/142 27/27/142 313/313/142
f 27/27/9 318/318/9 314/314/9
f 27/27/143 314/314/143 313/313/143
f 315/315/9 283/283/9 319/319/9
f 315/315/12 319/319/12 316/316/12
f 73/73/9 317/317/9 319/319/9
f 73/73/9 319/319/9 283/283/9
f 300/300/9 320/320/9 318/318/9
f 300/300/9 318/318/9 27/27/9
f 313/313/2 316/316/2 308/308/2
f 313/313/2 308/308/2 307/307/2
f 315/315/1 314/314/1 306/306/1
f 315/315/1 306/306/1 305/305/1
f 27/27/4 73/73/4 62/62/4
f 27/27/4 62/62/4 9/9/4
f 317/317/6 313/313/6 307/307/6
f 317/317/6 307/307/6 309/309/6
f 314/314/6 318/318/6 310/310/6
f 314/314/6 310/310/6 306/306/6
f 316/316/4 319/319/4 311/311/4
f 316/316/4 311/311/4 308/308/4
f 283/283/6 315/315/6 305/305/6
f 283/283/6 305/305/6 272/272/6
f 319/319/1 317/317/1 309/309/1
f 319/319/1 309/309/1 311/311/1
f 318/318/2 320/320/2 312/312/2
f 318/318/2 312/312/2 310/310/2
f 320/320/6 300/300/6 291/291/6
f 320/320/6 291/291/6 312/312/6
f 321/321/1 251/251/1 193/193/1
f 321/321/1 193/193/1 322/322/1
f 323/323/2 263/263/2 324/324/2
f 323/323/2 324/324/2 325/325/2
f 325/325/4 324/324/4 321/321/4
f 325/325/4 321/321/4 322/322/4
f 263/263/6 323/323/6 193/193/6
f 263/263/6 193/193/6 251/251/6
f 326/326/9 322/322/9 327/327/9
f 326/326/9 327/327/9 328/328/9
f 328/328/13 327/327/13 329/329/13
f 330/330/9 331/331/9 193/193/9
f 330/330/9 193/193/9 189/189/9
f 331/331/9 327/327/9 322/322/9
f 331/331/9 322/322/9 193/193/9
f 329/329/9 330/330/9 189/189/9
f 329/329/9 189/189/9 328/328/9
f 332/332/5 325/325/5 333/333/5
f 332/332/5 333/333/5 334/334/5
f 332/332/23 334/334/23 335/335/23
f 323/323/19 336/336/19 337/337/19
f 323/323/23 337/337/23 284/284/23
f 325/325/5 332/332/5 336/336/5
f 325/325/5 336/336/5 323/323/5
f 284/284/8 337/337/8 335/335/8
f 284/284/5 335/335/5 334/334/5
f 326/326/144 333/333/144 325/325/144
f 326/326/145 325/325/145 322/322/145
f 332/332/6 335/335/6 329/329/6
f 332/332/6 329/329/6 327/327/6
f 323/323/6 284/284/6 189/189/6
f 323/323/6 189/189/6 193/193/6
f 337/337/4 336/336/4 331/331/4
f 337/337/4 331/331/4 330/330/4
f 336/336/2 332/332/2 327/327/2
f 336/336/2 327/327/2 331/331/2
f 335/335/1 337/337/1 330/330/1
f 335/335/1 330/330/1 329/329/1
f 326/326/146 328/328/146 334/334/146
f 326/326/147 334/334/147 333/333/147
f 338/338/148 339/339/148 327/327/148
f 338/338/148 327/327/148 331/331/148
f 340/340/149 338/338/149 331/331/149
f 340/340/150 331/331/150 330/330/150
f 341/341/148 340/340/148 330/330/148
f 341/341/148 330/330/148 329/329/148
f 339/339/26 341/341/26 329/329/26
f 339/339/9 329/329/9 327/327/9
f 332/332/135 342/342/135 343/343/135
f 332/332/135 343/343/135 336/336/135
f 336/336/5 343/343/5 344/344/5
f 336/336/151 344/344/151 337/337/151
f 337/337/152 344/344/152 345/345/152
f 337/337/135 345/345/135 335/335/135
f 335/335/5 345/345/5 342/342/5
f 335/335/153 342/342/153 332/332/153
f 346/346/154 347/347/154 348/348/154
f 346/346/154 348/348/154 349/349/154
f 350/350/143 346/346/143 349/349/143
f 350/350/9 349/349/9 351/351/9
f 352/352/154 350/350/154 351/351/154
f 352/352/154 351/351/154 353/353/154
f 347/347/155 352/352/155 353/353/155
f 347/347/9 353/353/9 348/348/9
f 354/354/152 355/355/152 356/356/152
f 354/354/152 356/356/152 357/357/152
f 357/357/5 356/356/5 358/358/5
f 357/357/156 358/358/156 359/359/156
f 359/359/152 358/358/152 360/360/152
f 359/359/152 360/360/152 361/361/152
f 361/361/157 360/360/157 355/355/157
f 361/361/18 355/355/18 354/354/18
f 362/362/154 363/363/154 364/364/154
f 362/362/154 364/364/154 354/354/154
f 365/365/158 362/362/158 354/354/158
f 365/365/159 354/354/159 361/361/159
f 366/366/154 365/365/154 361/361/154
f 366/366/154 361/361/154 367/367/154
f 363/363/160 366/366/160 367/367/160
f 363/363/9 367/367/9 364/364/9
f 368/368/152 369/369/152 370/370/152
f 368/368/152 370/370/152 371/371/152
f 371/371/5 370/370/5 372/372/5
f 371/371/19 372/372/19 373/373/19
f 373/373/135 372/372/135 374/374/135
f 373/373/135 374/374/135 375/375/135
f 375/375/5 374/374/5 369/369/5
f 375/375/23 369/369/23 368/368/23
f 332/332/1 336/336/1 331/331/1
f 332/332/24 331/331/24 327/327/24
f 343/343/2 342/342/2 339/339/2
f 343/343/2 339/339/2 338/338/2
f 336/336/6 337/337/6 330/330/6
f 336/336/6 330/330/6 331/331/6
f 344/344/4 343/343/4 338/338/4
f 344/344/4 338/338/4 340/340/4
f 337/337/2 335/335/2 329/329/2
f 337/337/2 329/329/2 330/330/2
f 345/345/1 344/344/1 340/340/1
f 345/345/1 340/340/1 341/341/1
f 335/335/4 332/332/4 327/327/4
f 335/335/4 327/327/4 329/329/4
f 342/342/6 345/345/6 341/341/6
f 342/342/6 341/341/6 339/339/6
f 354/354/161 357/357/161 349/349/161
f 354/354/1 349/349/1 348/348/1
f 356/356/2 355/355/2 347/347/2
f 356/356/162 347/347/162 346/346/162
f 357/357/6 359/359/6 351/351/6
f 357/357/6 351/351/6 349/349/6
f 358/358/4 356/356/4 346/346/4
f 358/358/4 346/346/4 350/350/4
f 359/359/162 361/361/162 353/353/162
f 359/359/162 353/353/162 351/351/162
f 360/360/1 358/358/1 350/350/1
f 360/360/161 350/350/161 352/352/161
f 361/361/4 354/354/4 348/348/4
f 361/361/4 348/348/4 353/353/4
f 355/355/6 360/360/6 352/352/6
f 355/355/6 352/352/6 347/347/6
f 368/368/24 371/371/24 354/354/24
f 368/368/1 354/354/1 364/364/1
f 370/370/163 369/369/163 363/363/163
f 370/370/163 363/363/163 362/362/163
f 371/371/6 373/373/6 361/361/6
f 371/371/6 361/361/6 354/354/6
f 372/372/4 370/370/4 362/362/4
f 372/372/4 362/362/4 365/365/4
f 373/373/2 375/375/2 367/367/2
f 373/373/2 367/367/2 361/361/2
f 374/374/24 372/372/24 365/365/24
f 374/374/24 365/365/24 366/366/24
f 375/375/4 368/368/4 364/364/4
f 375/375/4 364/364/4 367/367/4
f 369/369/6 374/374/6 366/366/6
f 369/369/6 366/366/6 363/363/6
f 376/376/9 377/377/9 378/378/9
f 376/376/9 378/378/9 379/379/9
f 380/380/5 381/381/5 382/382/5
f 380/380/5 382/382/5 383/383/5
f 380/380/6 383/383/6 379/379/6
f 380/380/6 379/379/6 378/378/6
f 383/383/164 382/382/164 376/376/164
f 383/383/164 376/376/164 379/379/164
f 382/382/4 381/381/4 377/377/4
f 382/382/4 377/377/4 376/376/4
f 381/381/1 380/380/1 378/378/1
f 381/381/1 378/378/1 377/377/1
f 384/384/9 385/385/9 386/386/9
f 384/384/9 386/386/9 387/387/9
f 388/388/5 389/389/5 390/390/5
f 388/388/5 390/390/5 391/391/5
f 388/388/6 391/391/6 387/387/6
f 388/388/6 387/387/6 386/386/6
f 391/391/165 390/390/165 384/384/165
f 391/391/165 384/384/165 387/387/165
f 390/390/4 389/389/4 385/385/4
f 390/390/4 385/385/4 384/384/4
f 389/389/166 388/388/166 386/386/166
f 389/389/166 386/386/166 385/385/166
f 392/392/148 393/393/148 246/246/148
f 392/392/148 246/246/148 248/248/148
f 394/394/167 392/392/167 248/248/167
f 394/394/9 248/248/9 245/245/9
f 395/395/148 394/394/148 245/245/148
f 395/395/148 245/245/148 244/244/148
f 393/393/142 395/395/142 244/244/142
f 393/393/9 244/244/9 246/246/9
f 256/256/152 396/396/152 397/397/152
f 256/256/152 397/397/152 261/261/152
f 261/261/5 397/397/5 398/398/5
f 261/261/168 398/398/168 399/399/168
f 399/399/152 398/398/152 400/400/152
f 399/399/152 400/400/152 252/252/152
f 252/252/5 400/400/5 396/396/5
f 252/252/169 396/396/169 256/256/169
f 401/401/154 402/402/154 403/403/154
f 401/401/154 403/403/154 404/404/154
f 405/405/10 401/401/10 404/404/10
f 405/405/137 404/404/137 406/406/137
f 407/407/154 405/405/154 406/406/154
f 407/407/154 406/406/154 408/408/154
f 402/402/142 407/407/142 408/408/142
f 402/402/159 408/408/159 403/403/159
f 409/409/152 410/410/152 411/411/152
f 409/409/152 411/411/152 412/412/152
f 412/412/157 411/411/157 413/413/157
f 412/412/168 413/413/168 414/414/168
f 414/414/152 413/413/152 415/415/152
f 414/414/152 415/415/152 416/416/152
f 416/416/170 415/415/170 410/410/170
f 416/416/136 410/410/136 409/409/136
f 417/417/154 418/418/154 419/419/154
f 417/417/154 419/419/154 409/409/154
f 420/420/155 417/417/155 409/409/155
f 420/420/9 409/409/9 416/416/9
f 421/421/154 420/420/154 416/416/154
f 421/421/154 416/416/154 422/422/154
f 418/418/171 421/421/171 422/422/171
f 418/418/9 422/422/9 419/419/9
f 423/423/152 424/424/152 425/425/152
f 423/423/152 425/425/152 426/426/152
f 426/426/170 425/425/170 427/427/170
f 426/426/136 427/427/136 428/428/136
f 428/428/152 427/427/152 429/429/152
f 428/428/152 429/429/152 430/430/152
f 430/430/157 429/429/157 424/424/157
f 430/430/168 424/424/168 423/423/168
f 256/256/1 261/261/1 248/248/1
f 256/256/1 248/248/1 246/246/1
f 397/397/2 396/396/2 393/393/2
f 397/397/2 393/393/2 392/392/2
f 261/261/6 399/399/6 245/245/6
f 261/261/6 245/245/6 248/248/6
f 398/398/4 397/397/4 392/392/4
f 398/398/4 392/392/4 394/394/4
f 399/399/2 252/252/2 244/244/2
f 399/399/2 244/244/2 245/245/2
f 400/400/1 398/398/1 394/394/1
f 400/400/1 394/394/1 395/395/1
f 252/252/4 256/256/4 246/246/4
f 252/252/4 246/246/4 244/244/4
f 396/396/6 400/400/6 395/395/6
f 396/396/6 395/395/6 393/393/6
f 409/409/24 412/412/24 404/404/24
f 409/409/24 404/404/24 403/403/24
f 411/411/2 410/410/2 402/402/2
f 411/411/2 402/402/2 401/401/2
f 412/412/6 414/414/6 406/406/6
f 412/412/6 406/406/6 404/404/6
f 413/413/4 411/411/4 401/401/4
f 413/413/4 401/401/4 405/405/4
f 414/414/163 416/416/163 408/408/163
f 414/414/2 408/408/2 406/406/2
f 415/415/1 413/413/1 405/405/1
f 415/415/1 405/405/1 407/407/1
f 416/416/4 409/409/4 403/403/4
f 416/416/4 403/403/4 408/408/4
f 410/410/6 415/415/6 407/407/6
f 410/410/6 407/407/6 402/402/6
f 423/423/24 426/426/24 409/409/24
f 423/423/24 409/409/24 419/419/24
f 425/425/163 424/424/163 418/418/163
f 425/425/163 418/418/163 417/417/163
f 426/426/6 428/428/6 416/416/6
f 426/426/6 416/416/6 409/409/6
f 427/427/4 425/425/4 417/417/4
f 427/427/4 417/417/4 420/420/4
f 428/428/163 430/430/163 422/422/163
f 428/428/2 422/422/2 416/416/2
f 429/429/24 427/427/24 420/420/24
f 429/429/24 420/420/24 421/421/24
f 430/430/4 423/423/4 419/419/4
f 430/430/4 419/419/4 422/422/4
f 424/424/6 429/429/6 421/421/6
f 424/424/6 421/421/6 418/418/6
f 431/431/9 432/432/9 433/433/9
f 431/431/9 433/433/9 434/434/9
f 435/435/5 436/436/5 437/437/5
f 435/435/5 437/437/5 438/438/5
f 435/435/6 438/438/6 434/434/6
f 435/435/6 434/434/6 433/433/6
f 438/438/164 437/437/164 431/431/164
f 438/438/164 431/431/164 434/434/164
f 437/437/4 436/436/4 432/432/4
f 437/437/4 432/432/4 431/431/4
f 436/436/172 435/435/172 433/433/172
f 436/436/1 433/433/1 432/432/1
f 439/439/9 440/440/9 441/441/9
f 439/439/9 441/441/9 442/442/9
f 443/443/5 444/444/5 445/445/5
f 443/443/5 445/445/5 446/446/5
f 443/443/6 446/446/6 442/442/6
f 443/443/6 442/442/6 441/441/6
f 446/446/162 445/445/162 439/439/162
f 446/446/173 439/439/173 442/442/173
f 445/445/4 444/444/4 440/440/4
f 445/445/4 440/440/4 439/439/4
f 444/444/174 443/443/174 441/441/174
f 444/444/175 441/441/175 440/440/175
f 447/447/9 448/448/9 449/449/9
f 447/447/9 449/449/9 450/450/9
f 451/451/9 452/452/9 453/453/9
f 451/451/9 453/453/9 454/454/9
f 451/451/9 454/454/9 455/455/9
f 451/451/9 455/455/9 456/456/9
f 451/451/9 456/456/9 457/457/9
f 451/451/9 457/457/9 449/449/9
f 451/451/9 449/449/9 448/448/9
f 451/451/9 448/448/9 458/458/9
f 451/451/9 458/458/9 459/459/9
f 451/451/9 459/459/9 460/460/9
f 451/451/9 460/460/9 461/461/9
f 451/451/9 461/461/9 462/462/9
f 463/463/14 453/453/14 452/452/14
f 463/463/12 452/452/12 464/464/12
f 464/464/7 465/465/7 466/466/7
f 464/464/9 466/466/9 467/467/9
f 464/464/7 467/467/7 468/468/7
f 464/464/7 468/468/7 469/469/7
f 464/464/7 469/469/7 470/470/7
f 464/464/9 470/470/9 447/447/9
f 464/464/7 447/447/7 450/450/7
f 464/464/9 450/450/9 471/471/9
f 464/464/7 471/471/7 472/472/7
f 464/464/7 472/472/7 473/473/7
f 464/464/7 473/473/7 474/474/7
f 464/464/7 474/474/7 463/463/7
f 462/462/26 466/466/26 465/465/26
f 462/462/9 465/465/9 451/451/9
f 473/473/9 455/455/9 454/454/9
f 473/473/9 454/454/9 474/474/9
f 471/471/9 457/457/9 456/456/9
f 471/471/9 456/456/9 472/472/9
f 460/460/9 468/468/9 467/467/9
f 460/460/9 467/467/9 461/461/9
f 458/458/9 470/470/9 469/469/9
f 458/458/9 469/469/9 459/459/9
f 475/475/8 476/476/8 477/477/8
f 475/475/8 477/477/8 478/478/8
f 479/479/5 480/480/5 481/481/5
f 479/479/5 481/481/5 482/482/5
f 481/481/5 483/483/5 484/484/5
f 481/481/5 484/484/5 485/485/5
f 481/481/5 485/485/5 486/486/5
f 481/481/5 486/486/5 487/487/5
f 481/481/5 487/487/5 476/476/5
f 481/481/5 476/476/5 475/475/5
f 481/481/5 475/475/5 488/488/5
f 481/481/5 488/488/5 489/489/5
f 481/481/5 489/489/5 490/490/5
f 481/481/5 490/490/5 482/482/5
f 480/480/8 479/479/8 491/491/8
f 480/480/19 491/491/19 492/492/19
f 493/493/5 494/494/5 492/492/5
f 493/493/5 492/492/5 495/495/5
f 492/492/5 491/491/5 496/496/5
f 492/492/5 496/496/5 497/497/5
f 492/492/5 497/497/5 498/498/5
f 492/492/5 498/498/5 499/499/5
f 492/492/5 499/499/5 478/478/5
f 492/492/5 478/478/5 477/477/5
f 492/492/5 477/477/5 500/500/5
f 492/492/5 500/500/5 501/501/5
f 492/492/5 501/501/5 502/502/5
f 492/492/5 502/502/5 495/495/5
f 494/494/8 493/493/8 483/483/8
f 494/494/23 483/483/23 481/481/23
f 482/482/8 490/490/8 497/497/8
f 482/482/8 497/497/8 496/496/8
f 489/489/8 488/488/8 499/499/8
f 489/489/8 499/499/8 498/498/8
f 495/495/8 502/502/8 485/485/8
f 495/495/8 485/485/8 484/484/8
f 501/501/8 500/500/8 487/487/8
f 501/501/8 487/487/8 486/486/8
f 475/475/6 478/478/6 450/450/6
f 475/475/6 450/450/6 449/449/6
f 477/477/4 476/476/4 448/448/4
f 477/477/4 448/448/4 447/447/4
f 481/481/1 480/480/1 452/452/1
f 481/481/1 452/452/1 451/451/1
f 479/479/163 482/482/163 454/454/163
f 479/479/2 454/454/2 453/453/2
f 490/490/163 489/489/163 456/456/163
f 490/490/163 456/456/163 455/455/163
f 488/488/163 475/475/163 449/449/163
f 488/488/163 449/449/163 457/457/163
f 476/476/163 487/487/163 458/458/163
f 476/476/163 458/458/163 448/448/163
f 486/486/163 485/485/163 460/460/163
f 486/486/163 460/460/163 459/459/163
f 484/484/163 483/483/163 462/462/163
f 484/484/163 462/462/163 461/461/163
f 480/480/6 492/492/6 464/464/6
f 480/480/6 464/464/6 452/452/6
f 491/491/4 479/479/4 453/453/4
f 491/491/4 453/453/4 463/463/4
f 492/492/2 494/494/2 465/465/2
f 492/492/163 465/465/163 464/464/163
f 493/493/1 495/495/1 467/467/1
f 493/493/1 467/467/1 466/466/1
f 502/502/1 501/501/1 469/469/1
f 502/502/1 469/469/1 468/468/1
f 500/500/1 477/477/1 447/447/1
f 500/500/1 447/447/1 470/470/1
f 478/478/1 499/499/1 471/471/1
f 478/478/1 471/471/1 450/450/1
f 498/498/1 497/497/1 473/473/1
f 498/498/1 473/473/1 472/472/1
f 496/496/1 491/491/1 463/463/1
f 496/496/1 463/463/1 474/474/1
f 494/494/4 481/481/4 451/451/4
f 494/494/4 451/451/4 465/465/4
f 483/483/6 493/493/6 466/466/6
f 483/483/6 466/466/6 462/462/6
f 482/482/6 496/496/6 474/474/6
f 482/482/6 474/474/6 454/454/6
f 497/497/4 490/490/4 455/455/4
f 497/497/4 455/455/4 473/473/4
f 489/489/6 498/498/6 472/472/6
f 489/489/6 472/472/6 456/456/6
f 499/499/4 488/488/4 457/457/4
f 499/499/4 457/457/4 471/471/4
f 495/495/4 484/484/4 461/461/4
f 495/495/4 461/461/4 467/467/4
f 485/485/6 502/502/6 468/468/6
f 485/485/6 468/468/6 460/460/6
f 501/501/4 486/486/4 459/459/4
f 501/501/4 459/459/4 469/469/4
f 487/487/6 500/500/6 470/470/6
f 487/487/6 470/470/6 458/458/6
f 503/503/7 504/504/7 243/243/7
f 503/503/7 243/243/7 242/242/7
f 505/505/13 503/503/13 242/242/13
f 505/505/9 242/242/9 250/250/9
f 506/506/7 505/505/7 250/250/7
f 506/506/7 250/250/7 247/247/7
f 504/504/176 506/506/176 247/247/176
f 504/504/160 247/247/160 243/243/160
f 507/507/8 508/508/8 509/509/8
f 507/507/8 509/509/8 510/510/8
f 510/510/177 509/509/177 511/511/177
f 510/510/178 511/511/178 512/512/178
f 512/512/152 511/511/152 513/513/152
f 512/512/152 513/513/152 514/514/152
f 514/514/5 513/513/5 508/508/5
f 514/514/19 508/508/19 507/507/19
f 507/507/1 510/510/1 242/242/1
f 507/507/1 242/242/1 243/243/1
f 509/509/2 508/508/2 504/504/2
f 509/509/2 504/504/2 503/503/2
f 510/510/6 512/512/6 250/250/6
f 510/510/6 250/250/6 242/242/6
f 511/511/4 509/509/4 503/503/4
f 511/511/4 503/503/4 505/505/4
f 512/512/2 514/514/2 247/247/2
f 512/512/2 247/247/2 250/250/2
f 513/513/1 511/511/1 505/505/1
f 513/513/1 505/505/1 506/506/1
f 514/514/4 507/507/4 243/243/4
f 514/514/4 243/243/4 247/247/4
f 508/508/6 513/513/6 506/506/6
f 508/508/6 506/506/6 504/504/6
f 515/515/9 516/516/9 517/517/9
f 515/515/9 517/517/9 518/518/9
f 519/519/9 520/520/9 521/521/9
f 519/519/9 521/521/9 522/522/9
f 523/523/9 524/524/9 525/525/9
f 523/523/9 525/525/9 526/526/9
f 527/527/9 528/528/9 529/529/9
f 527/527/9 529/529/9 530/530/9
f 531/531/9 532/532/9 533/533/9
f 531/531/9 533/533/9 534/534/9
f 535/535/9 536/536/9 537/537/9
f 535/535/9 537/537/9 538/538/9
f 539/539/5 540/540/5 541/541/5
f 539/539/5 541/541/5 542/542/5
f 543/543/5 544/544/5 545/545/5
f 543/543/5 545/545/5 546/546/5
f 547/547/5 548/548/5 549/549/5
f 547/547/5 549/549/5 550/550/5
f 551/551/5 552/552/5 553/553/5
f 551/551/5 553/553/5 554/554/5
f 555/555/5 556/556/5 557/557/5
f 555/555/5 557/557/5 558/558/5
f 559/559/5 560/560/5 561/561/5
f 559/559/5 561/561/5 562/562/5
f 539/539/6 542/542/6 518/518/6
f 539/539/6 518/518/6 517/517/6
f 542/542/179 541/541/179 515/515/179
f 542/542/173 515/515/173 518/518/173
f 541/541/4 540/540/4 516/516/4
f 541/541/4 516/516/4 515/515/4
f 540/540/180 539/539/180 517/517/180
f 540/540/181 517/517/181 516/516/181
f 543/543/6 546/546/6 522/522/6
f 543/543/6 522/522/6 521/521/6
f 546/546/173 545/545/173 519/519/173
f 546/546/179 519/519/179 522/522/179
f 545/545/4 544/544/4 520/520/4
f 545/545/4 520/520/4 519/519/4
f 544/544/174 543/543/174 521/521/174
f 544/544/181 521/521/181 520/520/181
f 547/547/6 550/550/6 526/526/6
f 547/547/6 526/526/6 525/525/6
f 550/550/179 549/549/179 523/523/179
f 550/550/173 523/523/173 526/526/173
f 549/549/4 548/548/4 524/524/4
f 549/549/4 524/524/4 523/523/4
f 548/548/180 547/547/180 525/525/180
f 548/548/181 525/525/181 524/524/181
f 551/551/4 554/554/4 530/530/4
f 551/551/4 530/530/4 529/529/4
f 554/554/180 553/553/180 527/527/180
f 554/554/181 527/527/181 530/530/181
f 553/553/6 552/552/6 528/528/6
f 553/553/6 528/528/6 527/527/6
f 552/552/179 551/551/179 529/529/179
f 552/552/173 529/529/173 528/528/173
f 555/555/4 558/558/4 534/534/4
f 555/555/4 534/534/4 533/533/4
f 558/558/181 557/557/181 531/531/181
f 558/558/180 531/531/180 534/534/180
f 557/557/6 556/556/6 532/532/6
f 557/557/6 532/532/6 531/531/6
f 556/556/173 555/555/173 533/533/173
f 556/556/179 533/533/179 532/532/179
f 559/559/4 562/562/4 538/538/4
f 559/559/4 538/538/4 537/537/4
f 562/562/180 561/561/180 535/535/180
f 562/562/181 535/535/181 538/538/181
f 561/561/6 560/560/6 536/536/6
f 561/561/6 536/536/6 535/535/6
f 560/560/179 559/559/179 537/537/179
f 560/560/173 537/537/173 536/536/173
f 563/563/155 564/564/155 565/565/155
f 563/563/182 565/565/182 566/566/182
f 564/564/154 567/567/154 568/568/154
f 564/564/154 568/568/154 565/565/154
f 567/567/10 569/569/10 570/570/10
f 567/567/154 570/570/154 568/568/154
f 569/569/148 563/563/148 566/566/148
f 569/569/148 566/566/148 570/570/148
f 566/566/6 565/565/6 571/571/6
f 566/566/6 571/571/6 572/572/6
f 565/565/2 568/568/2 573/573/2
f 565/565/2 573/573/2 571/571/2
f 568/568/4 570/570/4 574/574/4
f 568/568/4 574/574/4 573/573/4
f 566/566/1 572/572/1 574/574/1
f 566/566/161 574/574/161 570/570/161
f 575/575/161 576/576/161 577/577/161
f 575/575/166 577/577/166 578/578/166
f 571/571/7 573/573/7 576/576/7
f 571/571/7 576/576/7 575/575/7
f 573/573/4 574/574/4 577/577/4
f 573/573/4 577/577/4 576/576/4
f 574/574/5 572/572/5 578/578/5
f 574/574/5 578/578/5 577/577/5
f 572/572/6 571/571/6 575/575/6
f 572/572/6 575/575/6 578/578/6
f 579/579/152 580/580/152 581/581/152
f 579/579/183 581/581/183 582/582/183
f 582/582/135 581/581/135 583/583/135
f 582/582/135 583/583/135 584/584/135
f 584/584/184 583/583/184 585/585/184
f 584/584/8 585/585/8 586/586/8
f 586/586/135 585/585/135 580/580/135
f 586/586/135 580/580/135 579/579/135
f 580/580/6 587/587/6 588/588/6
f 580/580/6 588/588/6 581/581/6
f 581/581/2 588/588/2 589/589/2
f 581/581/2 589/589/2 583/583/2
f 583/583/4 589/589/4 590/590/4
f 583/583/4 590/590/4 585/585/4
f 580/580/24 585/585/24 590/590/24
f 580/580/24 590/590/24 587/587/24
f 591/591/161 592/592/161 593/593/161
f 591/591/161 593/593/161 594/594/161
f 588/588/8 591/591/8 594/594/8
f 588/588/8 594/594/8 589/589/8
f 589/589/4 594/594/4 593/593/4
f 589/589/4 593/593/4 590/590/4
f 590/590/9 593/593/9 592/592/9
f 590/590/9 592/592/9 587/587/9
f 587/587/6 592/592/6 591/591/6
f 587/587/6 591/591/6 588/588/6
f 582/582/6 564/564/6 563/563/6
f 582/582/6 563/563/6 579/579/6
f 584/584/2 567/567/2 564/564/2
f 584/584/2 564/564/2 582/582/2
f 586/586/4 569/569/4 567/567/4
f 586/586/4 567/567/4 584/584/4
f 579/579/24 563/563/24 569/569/24
f 579/579/24 569/569/24 586/586/24
f 595/595/1 596/596/1 597/597/1
f 595/595/1 597/597/1 598/598/1
f 599/599/1 600/600/1 601/601/1
f 599/599/185 601/601/185 602/602/185
f 599/599/24 602/602/24 603/603/24
f 599/599/24 603/603/24 604/604/24
f 599/599/161 604/604/161 605/605/161
f 599/599/24 605/605/24 597/597/24
f 599/599/1 597/597/1 596/596/1
f 599/599/1 596/596/1 606/606/1
f 599/599/24 606/606/24 607/607/24
f 599/599/1 607/607/1 608/608/1
f 599/599/24 608/608/24 609/609/24
f 599/599/1 609/609/1 610/610/1
f 611/611/1 601/601/1 600/600/1
f 611/611/1 600/600/1 612/612/1
f 612/612/1 613/613/1 614/614/1
f 612/612/1 614/614/1 615/615/1
f 612/612/1 615/615/1 616/616/1
f 612/612/1 616/616/1 617/617/1
f 612/612/24 617/617/24 618/618/24
f 612/612/24 618/618/24 595/595/24
f 612/612/1 595/595/1 598/598/1
f 612/612/1 598/598/1 619/619/1
f 612/612/1 619/619/1 620/620/1
f 612/612/1 620/620/1 621/621/1
f 612/612/1 621/621/1 622/622/1
f 612/612/1 622/622/1 611/611/1
f 610/610/1 614/614/1 613/613/1
f 610/610/1 613/613/1 599/599/1
f 621/621/1 603/603/1 602/602/1
f 621/621/1 602/602/1 622/622/1
f 619/619/1 605/605/1 604/604/1
f 619/619/1 604/604/1 620/620/1
f 608/608/1 616/616/1 615/615/1
f 608/608/1 615/615/1 609/609/1
f 606/606/1 618/618/1 617/617/1
f 606/606/1 617/617/1 607/607/1
f 623/623/2 624/624/2 625/625/2
f 623/623/2 625/625/2 626/626/2
f 627/627/2 628/628/2 629/629/2
f 627/627/163 629/629/163 630/630/163
f 629/629/2 631/631/2 632/632/2
f 629/629/163 632/632/163 633/633/163
f 629/629/163 633/633/163 634/634/163
f 629/629/2 634/634/2 635/635/2
f 629/629/163 635/635/163 624/624/163
f 629/629/186 624/624/186 623/623/186
f 629/629/163 623/623/163 636/636/163
f 629/629/187 636/636/187 637/637/187
f 629/629/187 637/637/187 638/638/187
f 629/629/162 638/638/162 630/630/162
f 628/628/3 627/627/3 639/639/3
f 628/628/2 639/639/2 640/640/2
f 641/641/2 642/642/2 640/640/2
f 641/641/2 640/640/2 643/643/2
f 640/640/2 639/639/2 644/644/2
f 640/640/2 644/644/2 645/645/2
f 640/640/2 645/645/2 646/646/2
f 640/640/2 646/646/2 647/647/2
f 640/640/2 647/647/2 626/626/2
f 640/640/2 626/626/2 625/625/2
f 640/640/163 625/625/163 648/648/163
f 640/640/2 648/648/2 649/649/2
f 640/640/2 649/649/2 650/650/2
f 640/640/2 650/650/2 643/643/2
f 642/642/2 641/641/2 631/631/2
f 642/642/2 631/631/2 629/629/2
f 630/630/2 638/638/2 645/645/2
f 630/630/2 645/645/2 644/644/2
f 637/637/2 636/636/2 647/647/2
f 637/637/2 647/647/2 646/646/2
f 643/643/2 650/650/2 633/633/2
f 643/643/2 633/633/2 632/632/2
f 649/649/2 648/648/2 635/635/2
f 649/649/2 635/635/2 634/634/2
f 623/623/6 626/626/6 598/598/6
f 623/623/6 598/598/6 597/597/6
f 625/625/4 624/624/4 596/596/4
f 625/625/4 596/596/4 595/595/4
f 629/629/135 628/628/135 600/600/135
f 629/629/135 600/600/135 599/599/135
f 627/627/148 630/630/148 602/602/148
f 627/627/148 602/602/148 601/601/148
f 638/638/148 637/637/148 604/604/148
f 638/638/148 604/604/148 603/603/148
f 636/636/148 623/623/148 597/597/148
f 636/636/148 597/597/148 605/605/148
f 624/624/148 635/635/148 606/606/148
f 624/624/148 606/606/148 596/596/148
f 634/634/148 633/633/148 608/608/148
f 634/634/148 608/608/148 607/607/148
f 632/632/148 631/631/148 610/610/148
f 632/632/148 610/610/148 609/609/148
f 628/628/6 640/640/6 612/612/6
f 628/628/6 612/612/6 600/600/6
f 639/639/4 627/627/4 601/601/4
f 639/639/4 601/601/4 611/611/4
f 640/640/148 642/642/148 613/613/148
f 640/640/148 613/613/148 612/612/148
f 641/641/135 643/643/135 615/615/135
f 641/641/135 615/615/135 614/614/135
f 650/650/135 649/649/135 617/617/135
f 650/650/135 617/617/135 616/616/135
f 648/648/135 625/625/135 595/595/135
f 648/648/135 595/595/135 618/618/135
f 626/626/135 647/647/135 619/619/135
f 626/626/135 619/619/135 598/598/135
f 646/646/135 645/645/135 621/621/135
f 646/646/135 621/621/135 620/620/135
f 644/644/135 639/639/135 611/611/135
f 644/644/135 611/611/135 622/622/135
f 642/642/4 629/629/4 599/599/4
f 642/642/4 599/599/4 613/613/4
f 631/631/6 641/641/6 614/614/6
f 631/631/6 614/614/6 610/610/6
f 630/630/6 644/644/6 622/622/6
f 630/630/6 622/622/6 602/602/6
f 645/645/4 638/638/4 603/603/4
f 645/645/4 603/603/4 621/621/4
f 637/637/6 646/646/6 620/620/6
f 637/637/6 620/620/6 604/604/6
f 647/647/4 636/636/4 605/605/4
f 647/647/4 605/605/4 619/619/4
f 643/643/4 632/632/4 609/609/4
f 643/643/4 609/609/4 615/615/4
f 633/633/6 650/650/6 616/616/6
f 633/633/6 616/616/6 608/608/6
f 649/649/4 634/634/4 607/607/4
f 649/649/4 607/607/4 617/617/4
f 635/635/6 648/648/6 618/618/6
f 635/635/6 618/618/6 606/606/6
f 651/651/24 652/652/24 653/653/24
f 651/651/24 653/653/24 654/654/24
f 655/655/188 651/651/188 654/654/188
f 655/655/189 654/654/189 656/656/189
f 657/657/24 655/655/24 656/656/24
f 657/657/1 656/656/1 658/658/1
f 652/652/1 657/657/1 658/658/1
f 652/652/1 658/658/1 653/653/1
f 659/659/163 660/660/163 661/661/163
f 659/659/163 661/661/163 662/662/163
f 662/662/2 661/661/2 663/663/2
f 662/662/190 663/663/190 664/664/190
f 664/664/2 663/663/2 665/665/2
f 664/664/2 665/665/2 666/666/2
f 666/666/2 665/665/2 660/660/2
f 666/666/3 660/660/3 659/659/3
f 659/659/5 662/662/5 654/654/5
f 659/659/5 654/654/5 653/653/5
f 661/661/9 660/660/9 652/652/9
f 661/661/9 652/652/9 651/651/9
f 662/662/6 664/664/6 656/656/6
f 662/662/6 656/656/6 654/654/6
f 663/663/4 661/661/4 651/651/4
f 663/663/4 651/651/4 655/655/4
f 664/664/9 666/666/9 658/658/9
f 664/664/9 658/658/9 656/656/9
f 665/665/5 663/663/5 655/655/5
f 665/665/5 655/655/5 657/657/5
f 666/666/4 659/659/4 653/653/4
f 666/666/4 653/653/4 658/658/4
f 660/660/6 665/665/6 657/657/6
f 660/660/6 657/657/6 652/652/6
f 667/667/1 668/668/1 669/669/1
f 667/667/1 669/669/1 670/670/1
f 671/671/1 672/672/1 673/673/1
f 671/671/1 673/673/1 674/674/1
f 675/675/1 676/676/1 677/677/1
f 675/675/1 677/677/1 678/678/1
f 679/679/1 680/680/1 681/681/1
f 679/679/1 681/681/1 682/682/1
f 683/683/1 684/684/1 685/685/1
f 683/683/1 685/685/1 686/686/1
f 687/687/1 688/688/1 689/689/1
f 687/687/1 689/689/1 690/690/1
f 691/691/2 692/692/2 693/693/2
f 691/691/2 693/693/2 694/694/2
f 695/695/2 696/696/2 697/697/2
f 695/695/2 697/697/2 698/698/2
f 699/699/2 700/700/2 701/701/2
f 699/699/2 701/701/2 702/702/2
f 703/703/2 704/704/2 705/705/2
f 703/703/2 705/705/2 706/706/2
f 707/707/2 708/708/2 709/709/2
f 707/707/2 709/709/2 710/710/2
f 711/711/2 712/712/2 713/713/2
f 711/711/2 713/713/2 714/714/2
f 691/691/6 694/694/6 670/670/6
f 691/691/6 670/670/6 669/669/6
f 694/694/148 693/693/148 667/667/148
f 694/694/148 667/667/148 670/670/148
f 693/693/4 692/692/4 668/668/4
f 693/693/4 668/668/4 667/667/4
f 692/692/135 691/691/135 669/669/135
f 692/692/135 669/669/135 668/668/135
f 695/695/6 698/698/6 674/674/6
f 695/695/6 674/674/6 673/673/6
f 698/698/148 697/697/148 671/671/148
f 698/698/148 671/671/148 674/674/148
f 697/697/4 696/696/4 672/672/4
f 697/697/4 672/672/4 671/671/4
f 696/696/135 695/695/135 673/673/135
f 696/696/135 673/673/135 672/672/135
f 699/699/6 702/702/6 678/678/6
f 699/699/6 678/678/6 677/677/6
f 702/702/148 701/701/148 675/675/148
f 702/702/148 675/675/148 678/678/148
f 701/701/4 700/700/4 676/676/4
f 701/701/4 676/676/4 675/675/4
f 700/700/135 699/699/135 677/677/135
f 700/700/135 677/677/135 676/676/135
f 703/703/4 706/706/4 682/682/4
f 703/703/191 682/682/191 681/681/191
f 706/706/135 705/705/135 679/679/135
f 706/706/135 679/679/135 682/682/135
f 705/705/6 704/704/6 680/680/6
f 705/705/6 680/680/6 679/679/6
f 704/704/148 703/703/148 681/681/148
f 704/704/148 681/681/148 680/680/148
f 707/707/4 710/710/4 686/686/4
f 707/707/4 686/686/4 685/685/4
f 710/710/135 709/709/135 683/683/135
f 710/710/135 683/683/135 686/686/135
f 709/709/6 708/708/6 684/684/6
f 709/709/6 684/684/6 683/683/6
f 708/708/148 707/707/148 685/685/148
f 708/708/148 685/685/148 684/684/148
f 711/711/4 714/714/4 690/690/4
f 711/711/4 690/690/4 689/689/4
f 714/714/135 713/713/135 687/687/135
f 714/714/135 687/687/135 690/690/135
f 713/713/6 712/712/6 688/688/6
f 713/713/6 688/688/6 687/687/6
f 712/712/148 711/711/148 689/689/148
f 712/712/148 689/689/148 688/688/148
f 715/715/192 716/716/192 717/717/192
f 715/715/193 717/717/193 718/718/193
f 716/716/1 719/719/1 720/720/1
f 716/716/1 720/720/1 717/717/1
f 719/719/194 721/721/194 722/722/194
f 719/719/195 722/722/195 720/720/195
f 721/721/161 715/715/161 718/718/161
f 721/721/1 718/718/1 722/722/1
f 718/718/6 717/717/6 723/723/6
f 718/718/6 723/723/6 724/724/6
f 717/717/9 720/720/9 725/725/9
f 717/717/9 725/725/9 723/723/9
f 720/720/4 722/722/4 726/726/4
f 720/720/4 726/726/4 725/725/4
f 718/718/5 724/724/5 726/726/5
f 718/718/5 726/726/5 722/722/5
f 727/727/5 728/728/5 729/729/5
f 727/727/5 729/729/5 730/730/5
f 723/723/1 725/725/1 728/728/1
f 723/723/1 728/728/1 727/727/1
f 725/725/4 726/726/4 729/729/4
f 725/725/4 729/729/4 728/728/4
f 726/726/2 724/724/2 730/730/2
f 726/726/2 730/730/2 729/729/2
f 724/724/6 723/723/6 727/727/6
f 724/724/6 727/727/6 730/730/6
f 731/731/3 732/732/3 733/733/3
f 731/731/2 733/733/2 734/734/2
f 734/734/2 733/733/2 735/735/2
f 734/734/163 735/735/163 736/736/163
f 736/736/196 735/735/196 737/737/196
f 736/736/2 737/737/2 738/738/2
f 738/738/162 737/737/162 732/732/162
f 738/738/162 732/732/162 731/731/162
f 732/732/6 739/739/6 740/740/6
f 732/732/6 740/740/6 733/733/6
f 733/733/7 740/740/7 741/741/7
f 733/733/7 741/741/7 735/735/7
f 735/735/4 741/741/4 742/742/4
f 735/735/4 742/742/4 737/737/4
f 732/732/27 737/737/27 742/742/27
f 732/732/27 742/742/27 739/739/27
f 743/743/197 744/744/197 745/745/197
f 743/743/197 745/745/197 746/746/197
f 740/740/2 743/743/2 746/746/2
f 740/740/2 746/746/2 741/741/2
f 741/741/4 746/746/4 745/745/4
f 741/741/4 745/745/4 742/742/4
f 742/742/1 745/745/1 744/744/1
f 742/742/1 744/744/1 739/739/1
f 739/739/6 744/744/6 743/743/6
f 739/739/6 743/743/6 740/740/6
f 734/734/6 716/716/6 715/715/6
f 734/734/6 715/715/6 731/731/6
f 736/736/7 719/719/7 716/716/7
f 736/736/7 716/716/7 734/734/7
f 738/738/4 721/721/4 719/719/4
f 738/738/4 719/719/4 736/736/4
f 731/731/8 715/715/8 721/721/8
f 731/731/8 721/721/8 738/738/8
f 747/747/24 748/748/24 749/749/24
f 747/747/24 749/749/24 750/750/24
f 751/751/188 747/747/188 750/750/188
f 751/751/192 750/750/192 752/752/192
f 753/753/1 751/751/1 752/752/1
f 753/753/1 752/752/1 754/754/1
f 748/748/192 753/753/192 754/754/192
f 748/748/194 754/754/194 749/749/194
f 302/302/163 755/755/163 756/756/163
f 302/302/163 756/756/163 301/301/163
f 301/301/3 756/756/3 757/757/3
f 301/301/190 757/757/190 297/297/190
f 297/297/163 757/757/163 758/758/163
f 297/297/163 758/758/163 298/298/163
f 298/298/2 758/758/2 755/755/2
f 298/298/190 755/755/190 302/302/190
f 759/759/24 760/760/24 761/761/24
f 759/759/174 761/761/174 762/762/174
f 763/763/188 759/759/188 762/762/188
f 763/763/192 762/762/192 764/764/192
f 765/765/1 763/763/1 764/764/1
f 765/765/24 764/764/24 766/766/24
f 760/760/192 765/765/192 766/766/192
f 760/760/1 766/766/1 761/761/1
f 767/767/2 768/768/2 769/769/2
f 767/767/163 769/769/163 770/770/163
f 770/770/190 769/769/190 771/771/190
f 770/770/3 771/771/3 772/772/3
f 772/772/2 771/771/2 773/773/2
f 772/772/2 773/773/2 774/774/2
f 774/774/190 773/773/190 768/768/190
f 774/774/3 768/768/3 767/767/3
f 775/775/24 776/776/24 777/777/24
f 775/775/24 777/777/24 767/767/24
f 778/778/194 775/775/194 767/767/194
f 778/778/192 767/767/192 774/774/192
f 779/779/1 778/778/1 774/774/1
f 779/779/24 774/774/24 780/780/24
f 776/776/194 779/779/194 780/780/194
f 776/776/192 780/780/192 777/777/192
f 781/781/163 782/782/163 783/783/163
f 781/781/163 783/783/163 784/784/163
f 784/784/198 783/783/198 785/785/198
f 784/784/3 785/785/3 786/786/3
f 786/786/2 785/785/2 787/787/2
f 786/786/163 787/787/163 788/788/163
f 788/788/190 787/787/190 782/782/190
f 788/788/199 782/782/199 781/781/199
f 302/302/5 301/301/5 750/750/5
f 302/302/5 750/750/5 749/749/5
f 756/756/9 755/755/9 748/748/9
f 756/756/9 748/748/9 747/747/9
f 301/301/6 297/297/6 752/752/6
f 301/301/6 752/752/6 750/750/6
f 757/757/4 756/756/4 747/747/4
f 757/757/4 747/747/4 751/751/4
f 297/297/139 298/298/139 754/754/139
f 297/297/139 754/754/139 752/752/139
f 758/758/27 757/757/27 751/751/27
f 758/758/27 751/751/27 753/753/27
f 298/298/4 302/302/4 749/749/4
f 298/298/4 749/749/4 754/754/4
f 755/755/6 758/758/6 753/753/6
f 755/755/6 753/753/6 748/748/6
f 767/767/200 770/770/200 762/762/200
f 767/767/200 762/762/200 761/761/200
f 769/769/201 768/768/201 760/760/201
f 769/769/201 760/760/201 759/759/201
f 770/770/6 772/772/6 764/764/6
f 770/770/6 764/764/6 762/762/6
f 771/771/4 769/769/4 759/759/4
f 771/771/4 759/759/4 763/763/4
f 772/772/148 774/774/148 766/766/148
f 772/772/148 766/766/148 764/764/148
f 773/773/135 771/771/135 763/763/135
f 773/773/135 763/763/135 765/765/135
f 774/774/4 767/767/4 761/761/4
f 774/774/4 761/761/4 766/766/4
f 768/768/6 773/773/6 765/765/6
f 768/768/6 765/765/6 760/760/6
f 781/781/135 784/784/135 767/767/135
f 781/781/135 767/767/135 777/777/135
f 783/783/148 782/782/148 776/776/148
f 783/783/148 776/776/148 775/775/148
f 784/784/6 786/786/6 774/774/6
f 784/784/6 774/774/6 767/767/6
f 785/785/4 783/783/4 775/775/4
f 785/785/4 775/775/4 778/778/4
f 786/786/148 788/788/148 780/780/148
f 786/786/148 780/780/148 774/774/148
f 787/787/135 785/785/135 778/778/135
f 787/787/135 778/778/135 779/779/135
f 788/788/4 781/781/4 777/777/4
f 788/788/4 777/777/4 780/780/4
f 782/782/6 787/787/6 779/779/6
f 782/782/6 779/779/6 776/776/6
f 789/789/1 790/790/1 791/791/1
f 789/789/1 791/791/1 792/792/1
f 793/793/2 794/794/2 795/795/2
f 793/793/2 795/795/2 796/796/2
f 793/793/6 796/796/6 792/792/6
f 793/793/6 792/792/6 791/791/6
f 796/796/139 795/795/139 789/789/139
f 796/796/148 789/789/148 792/792/148
f 795/795/4 794/794/4 790/790/4
f 795/795/4 790/790/4 789/789/4
f 794/794/27 793/793/27 791/791/27
f 794/794/27 791/791/27 790/790/27
f 797/797/1 798/798/1 799/799/1
f 797/797/1 799/799/1 800/800/1
f 801/801/2 802/802/2 803/803/2
f 801/801/2 803/803/2 804/804/2
f 801/801/6 804/804/6 800/800/6
f 801/801/6 800/800/6 799/799/6
f 804/804/148 803/803/148 797/797/148
f 804/804/148 797/797/148 800/800/148
f 803/803/202 802/802/202 798/798/202
f 803/803/4 798/798/4 797/797/4
f 802/802/135 801/801/135 799/799/135
f 802/802/135 799/799/135 798/798/135
f 805/805/203 806/806/203 807/807/203
f 805/805/9 807/807/9 808/808/9
f 809/809/148 805/805/148 808/808/148
f 809/809/148 808/808/148 317/317/148
f 810/810/137 809/809/137 317/317/137
f 810/810/204 317/317/204 313/313/204
f 806/806/148 810/810/148 313/313/148
f 806/806/148 313/313/148 807/807/148
f 811/811/205 812/812/205 813/813/205
f 811/811/151 813/813/151 814/814/151
f 814/814/135 813/813/135 815/815/135
f 814/814/135 815/815/135 309/309/135
f 309/309/5 815/815/5 816/816/5
f 309/309/18 816/816/18 307/307/18
f 307/307/135 816/816/135 812/812/135
f 307/307/200 812/812/200 811/811/200
f 817/817/206 818/818/206 819/819/206
f 817/817/9 819/819/9 820/820/9
f 821/821/148 817/817/148 820/820/148
f 821/821/148 820/820/148 822/822/148
f 823/823/171 821/821/171 822/822/171
f 823/823/9 822/822/9 824/824/9
f 818/818/148 823/823/148 824/824/148
f 818/818/148 824/824/148 819/819/148
f 825/825/177 826/826/177 827/827/177
f 825/825/136 827/827/136 828/828/136
f 828/828/135 827/827/135 829/829/135
f 828/828/135 829/829/135 830/830/135
f 830/830/5 829/829/5 831/831/5
f 830/830/169 831/831/169 832/832/169
f 832/832/135 831/831/135 826/826/135
f 832/832/135 826/826/135 825/825/135
f 833/833/176 834/834/176 835/835/176
f 833/833/9 835/835/9 825/825/9
f 836/836/148 833/833/148 825/825/148
f 836/836/148 825/825/148 832/832/148
f 837/837/158 836/836/158 832/832/158
f 837/837/207 832/832/207 838/838/207
f 834/834/201 837/837/201 838/838/201
f 834/834/201 838/838/201 835/835/201
f 839/839/5 840/840/5 841/841/5
f 839/839/208 841/841/208 842/842/208
f 842/842/135 841/841/135 843/843/135
f 842/842/135 843/843/135 844/844/135
f 844/844/5 843/843/5 845/845/5
f 844/844/208 845/845/208 846/846/208
f 846/846/200 845/845/200 840/840/200
f 846/846/200 840/840/200 839/839/200
f 811/811/6 814/814/6 808/808/6
f 811/811/6 808/808/6 807/807/6
f 813/813/4 812/812/4 806/806/4
f 813/813/4 806/806/4 805/805/4
f 814/814/2 309/309/2 317/317/2
f 814/814/2 317/317/2 808/808/2
f 815/815/1 813/813/1 805/805/1
f 815/815/1 805/805/1 809/809/1
f 309/309/4 307/307/4 313/313/4
f 309/309/4 313/313/4 317/317/4
f 816/816/6 815/815/6 809/809/6
f 816/816/6 809/809/6 810/810/6
f 307/307/1 811/811/1 807/807/1
f 307/307/1 807/807/1 313/313/1
f 812/812/2 816/816/2 810/810/2
f 812/812/2 810/810/2 806/806/2
f 825/825/6 828/828/6 820/820/6
f 825/825/6 820/820/6 819/819/6
f 827/827/4 826/826/4 818/818/4
f 827/827/4 818/818/4 817/817/4
f 828/828/2 830/830/2 822/822/2
f 828/828/163 822/822/163 820/820/163
f 829/829/24 827/827/24 817/817/24
f 829/829/24 817/817/24 821/821/24
f 830/830/4 832/832/4 824/824/4
f 830/830/4 824/824/4 822/822/4
f 831/831/6 829/829/6 821/821/6
f 831/831/6 821/821/6 823/823/6
f 832/832/24 825/825/24 819/819/24
f 832/832/24 819/819/24 824/824/24
f 826/826/163 831/831/163 823/823/163
f 826/826/163 823/823/163 818/818/163
f 839/839/6 842/842/6 825/825/6
f 839/839/6 825/825/6 835/835/6
f 841/841/4 840/840/4 834/834/4
f 841/841/4 834/834/4 833/833/4
f 842/842/163 844/844/163 832/832/163
f 842/842/2 832/832/2 825/825/2
f 843/843/24 841/841/24 833/833/24
f 843/843/24 833/833/24 836/836/24
f 844/844/4 846/846/4 838/838/4
f 844/844/4 838/838/4 832/832/4
f 845/845/6 843/843/6 836/836/6
f 845/845/6 836/836/6 837/837/6
f 846/846/1 839/839/1 835/835/1
f 846/846/24 835/835/24 838/838/24
f 840/840/163 845/845/163 837/837/163
f 840/840/163 837/837/163 834/834/163
f 847/847/9 848/848/9 849/849/9
f 847/847/9 849/849/9 850/850/9
f 851/851/5 852/852/5 853/853/5
f 851/851/5 853/853/5 854/854/5
f 851/851/173 854/854/173 850/850/173
f 851/851/173 850/850/173 849/849/173
f 854/854/4 853/853/4 847/847/4
f 854/854/4 847/847/4 850/850/4
f 853/853/180 852/852/180 848/848/180
f 853/853/180 848/848/180 847/847/180
f 852/852/6 851/851/6 849/849/6
f 852/852/6 849/849/6 848/848/6
f 855/855/9 856/856/9 857/857/9
f 855/855/9 857/857/9 858/858/9
f 859/859/5 860/860/5 861/861/5
f 859/859/5 861/861/5 862/862/5
f 859/859/173 862/862/173 858/858/173
f 859/859/173 858/858/173 857/857/173
f 862/862/4 861/861/4 855/855/4
f 862/862/4 855/855/4 858/858/4
f 861/861/1 860/860/1 856/856/1
f 861/861/180 856/856/180 855/855/180
f 860/860/6 859/859/6 857/857/6
f 860/860/6 857/857/6 856/856/6
f 863/863/142 864/864/142 865/865/142
f 863/863/9 865/865/9 866/866/9
f 867/867/148 863/863/148 866/866/148
f 867/867/148 866/866/148 314/314/148
f 868/868/137 867/867/137 314/314/137
f 868/868/9 314/314/9 318/318/9
f 864/864/148 868/868/148 318/318/148
f 864/864/148 318/318/148 865/865/148
f 869/869/5 870/870/5 871/871/5
f 869/869/18 871/871/18 872/872/18
f 872/872/135 871/871/135 873/873/135
f 872/872/135 873/873/135 306/306/135
f 306/306/209 873/873/209 874/874/209
f 306/306/210 874/874/210 310/310/210
f 310/310/200 874/874/200 870/870/200
f 310/310/200 870/870/200 869/869/200
f 875/875/26 876/876/26 877/877/26
f 875/875/9 877/877/9 878/878/9
f 879/879/9 875/875/9 878/878/9
f 879/879/9 878/878/9 880/880/9
f 881/881/203 879/879/203 880/880/203
f 881/881/142 880/880/142 882/882/142
f 876/876/9 881/881/9 882/882/9
f 876/876/7 882/882/7 877/877/7
f 883/883/140 884/884/140 885/885/140
f 883/883/136 885/885/136 886/886/136
f 886/886/5 885/885/5 887/887/5
f 886/886/5 887/887/5 888/888/5
f 888/888/5 887/887/5 889/889/5
f 888/888/18 889/889/18 890/890/18
f 890/890/5 889/889/5 884/884/5
f 890/890/5 884/884/5 883/883/5
f 891/891/26 892/892/26 886/886/26
f 891/891/9 886/886/9 893/893/9
f 894/894/9 891/891/9 893/893/9
f 894/894/9 893/893/9 895/895/9
f 896/896/142 894/894/142 895/895/142
f 896/896/203 895/895/203 888/888/203
f 892/892/7 896/896/7 888/888/7
f 892/892/7 888/888/7 886/886/7
f 897/897/153 898/898/153 899/899/153
f 897/897/5 899/899/5 900/900/5
f 900/900/5 899/899/5 901/901/5
f 900/900/5 901/901/5 902/902/5
f 902/902/151 901/901/151 903/903/151
f 902/902/23 903/903/23 904/904/23
f 904/904/8 903/903/8 898/898/8
f 904/904/8 898/898/8 897/897/8
f 905/905/12 906/906/12 900/900/12
f 905/905/26 900/900/26 907/907/26
f 908/908/9 905/905/9 907/907/9
f 908/908/9 907/907/9 909/909/9
f 910/910/203 908/908/203 909/909/203
f 910/910/9 909/909/9 902/902/9
f 906/906/7 910/910/7 902/902/7
f 906/906/7 902/902/7 900/900/7
f 911/911/5 912/912/5 913/913/5
f 911/911/19 913/913/19 914/914/19
f 914/914/5 913/913/5 915/915/5
f 914/914/5 915/915/5 916/916/5
f 916/916/153 915/915/153 917/917/153
f 916/916/151 917/917/151 918/918/151
f 918/918/8 917/917/8 912/912/8
f 918/918/8 912/912/8 911/911/8
f 869/869/6 872/872/6 866/866/6
f 869/869/6 866/866/6 865/865/6
f 871/871/4 870/870/4 864/864/4
f 871/871/4 864/864/4 863/863/4
f 872/872/2 306/306/2 314/314/2
f 872/872/2 314/314/2 866/866/2
f 873/873/1 871/871/1 863/863/1
f 873/873/1 863/863/1 867/867/1
f 306/306/4 310/310/4 318/318/4
f 306/306/4 318/318/4 314/314/4
f 874/874/6 873/873/6 867/867/6
f 874/874/6 867/867/6 868/868/6
f 310/310/1 869/869/1 865/865/1
f 310/310/1 865/865/1 318/318/1
f 870/870/2 874/874/2 868/868/2
f 870/870/2 868/868/2 864/864/2
f 883/883/6 886/886/6 878/878/6
f 883/883/6 878/878/6 877/877/6
f 885/885/4 884/884/4 876/876/4
f 885/885/4 876/876/4 875/875/4
f 886/886/2 888/888/2 880/880/2
f 886/886/2 880/880/2 878/878/2
f 887/887/24 885/885/24 875/875/24
f 887/887/24 875/875/24 879/879/24
f 888/888/4 890/890/4 882/882/4
f 888/888/4 882/882/4 880/880/4
f 889/889/6 887/887/6 879/879/6
f 889/889/6 879/879/6 881/881/6
f 890/890/161 883/883/161 877/877/161
f 890/890/24 877/877/24 882/882/24
f 884/884/163 889/889/163 881/881/163
f 884/884/163 881/881/163 876/876/163
f 897/897/6 900/900/6 893/893/6
f 897/897/6 893/893/6 886/886/6
f 899/899/4 898/898/4 892/892/4
f 899/899/4 892/892/4 891/891/4
f 900/900/2 902/902/2 895/895/2
f 900/900/2 895/895/2 893/893/2
f 901/901/24 899/899/24 891/891/24
f 901/901/24 891/891/24 894/894/24
f 902/902/4 904/904/4 888/888/4
f 902/902/4 888/888/4 895/895/4
f 903/903/6 901/901/6 894/894/6
f 903/903/6 894/894/6 896/896/6
f 904/904/24 897/897/24 886/886/24
f 904/904/1 886/886/1 888/888/1
f 898/898/2 903/903/2 896/896/2
f 898/898/163 896/896/163 892/892/163
f 911/911/6 914/914/6 907/907/6
f 911/911/6 907/907/6 900/900/6
f 913/913/4 912/912/4 906/906/4
f 913/913/4 906/906/4 905/905/4
f 914/914/2 916/916/2 909/909/2
f 914/914/163 909/909/163 907/907/163
f 915/915/24 913/913/24 905/905/24
f 915/915/24 905/905/24 908/908/24
f 916/916/4 918/918/4 902/902/4
f 916/916/4 902/902/4 909/909/4
f 917/917/6 915/915/6 908/908/6
f 917/917/6 908/908/6 910/910/6
f 918/918/1 911/911/1 900/900/1
f 918/918/24 900/900/24 902/902/24
f 912/912/163 917/917/163 910/910/163
f 912/912/2 910/910/2 906/906/2
f 919/919/9 920/920/9 921/921/9
f 919/919/9 921/921/9 922/922/9
f 923/923/5 924/924/5 925/925/5
f 923/923/5 925/925/5 926/926/5
f 923/923/179 926/926/179 922/922/179
f 923/923/179 922/922/179 921/921/179
f 926/926/4 925/925/4 919/919/4
f 926/926/4 919/919/4 922/922/4
f 925/925/181 924/924/181 920/920/181
f 925/925/181 920/920/181 919/919/181
f 924/924/6 923/923/6 921/921/6
f 924/924/6 921/921/6 920/920/6
f 927/927/7 928/928/7 929/929/7
f 927/927/7 929/929/7 930/930/7
f 931/931/5 932/932/5 933/933/5
f 931/931/5 933/933/5 934/934/5
f 931/931/179 934/934/179 930/930/179
f 931/931/179 930/930/179 929/929/179
f 934/934/4 933/933/4 927/927/4
f 934/934/4 927/927/4 930/930/4
f 933/933/174 932/932/174 928/928/174
f 933/933/174 928/928/174 927/927/174
f 932/932/6 931/931/6 929/929/6
f 932/932/6 929/929/6 928/928/6
f 935/935/9 936/936/9 937/937/9
f 935/935/9 937/937/9 938/938/9
f 939/939/5 940/940/5 941/941/5
f 939/939/5 941/941/5 942/942/5
f 939/939/187 942/942/187 938/938/187
f 939/939/187 938/938/187 937/937/187
f 942/942/4 941/941/4 935/935/4
f 942/942/4 935/935/4 938/938/4
f 941/941/174 940/940/174 936/936/174
f 941/941/211 936/936/211 935/935/211
f 940/940/6 939/939/6 937/937/6
f 940/940/6 937/937/6 936/936/6
f 943/943/24 944/944/24 281/281/24
f 943/943/24 281/281/24 282/282/24
f 945/945/192 943/943/192 282/282/192
f 945/945/188 282/282/188 277/277/188
f 946/946/24 945/945/24 277/277/24
f 946/946/161 277/277/161 276/276/161
f 944/944/192 946/946/192 276/276/192
f 944/944/1 276/276/1 281/281/1
f 271/271/162 947/947/162 948/948/162
f 271/271/164 948/948/164 273/273/164
f 273/273/2 948/948/2 949/949/2
f 273/273/190 949/949/190 265/265/190
f 265/265/2 949/949/2 950/950/2
f 265/265/2 950/950/2 266/266/2
f 266/266/212 950/950/212 947/947/212
f 266/266/190 947/947/190 271/271/190
f 951/951/24 952/952/24 953/953/24
f 951/951/1 953/953/1 954/954/1
f 955/955/189 951/951/189 954/954/189
f 955/955/194 954/954/194 956/956/194
f 957/957/24 955/955/24 956/956/24
f 957/957/1 956/956/1 958/958/1
f 952/952/1 957/957/1 958/958/1
f 952/952/1 958/958/1 953/953/1
f 959/959/2 960/960/2 961/961/2
f 959/959/163 961/961/163 962/962/163
f 962/962/2 961/961/2 963/963/2
f 962/962/190 963/963/190 964/964/190
f 964/964/2 963/963/2 965/965/2
f 964/964/2 965/965/2 966/966/2
f 966/966/3 965/965/3 960/960/3
f 966/966/190 960/960/190 959/959/190
f 967/967/24 968/968/24 969/969/24
f 967/967/24 969/969/24 959/959/24
f 970/970/192 967/967/192 959/959/192
f 970/970/194 959/959/194 966/966/194
f 971/971/1 970/970/1 966/966/1
f 971/971/24 966/966/24 972/972/24
f 968/968/192 971/971/192 972/972/192
f 968/968/1 972/972/1 969/969/1
f 973/973/163 974/974/163 975/975/163
f 973/973/163 975/975/163 976/976/163
f 976/976/3 975/975/3 977/977/3
f 976/976/190 977/977/190 978/978/190
f 978/978/173 977/977/173 979/979/173
f 978/978/163 979/979/163 980/980/163
f 980/980/3 979/979/3 974/974/3
f 980/980/190 974/974/190 973/973/190
f 271/271/27 273/273/27 282/282/27
f 271/271/27 282/282/27 281/281/27
f 948/948/9 947/947/9 944/944/9
f 948/948/9 944/944/9 943/943/9
f 273/273/6 265/265/6 277/277/6
f 273/273/6 277/277/6 282/282/6
f 949/949/4 948/948/4 943/943/4
f 949/949/4 943/943/4 945/945/4
f 265/265/9 266/266/9 276/276/9
f 265/265/9 276/276/9 277/277/9
f 950/950/5 949/949/5 945/945/5
f 950/950/5 945/945/5 946/946/5
f 266/266/4 271/271/4 281/281/4
f 266/266/4 281/281/4 276/276/4
f 947/947/6 950/950/6 946/946/6
f 947/947/6 946/946/6 944/944/6
f 959/959/135 962/962/135 954/954/135
f 959/959/135 954/954/135 953/953/135
f 961/961/148 960/960/148 952/952/148
f 961/961/148 952/952/148 951/951/148
f 962/962/6 964/964/6 956/956/6
f 962/962/6 956/956/6 954/954/6
f 963/963/4 961/961/4 951/951/4
f 963/963/4 951/951/4 955/955/4
f 964/964/148 966/966/148 958/958/148
f 964/964/148 958/958/148 956/956/148
f 965/965/135 963/963/135 955/955/135
f 965/965/135 955/955/135 957/957/135
f 966/966/4 959/959/4 953/953/4
f 966/966/4 953/953/4 958/958/4
f 960/960/6 965/965/6 957/957/6
f 960/960/6 957/957/6 952/952/6
f 973/973/135 976/976/135 959/959/135
f 973/973/135 959/959/135 969/969/135
f 975/975/148 974/974/148 968/968/148
f 975/975/148 968/968/148 967/967/148
f 976/976/6 978/978/6 966/966/6
f 976/976/6 966/966/6 959/959/6
f 977/977/4 975/975/4 967/967/4
f 977/977/4 967/967/4 970/970/4
f 978/978/148 980/980/148 972/972/148
f 978/978/148 972/972/148 966/966/148
f 979/979/135 977/977/135 970/970/135
f 979/979/135 970/970/135 971/971/135
f 980/980/4 973/973/4 969/969/4
f 980/980/4 969/969/4 972/972/4
f 974/974/6 979/979/6 971/971/6
f 974/974/6 971/971/6 968/968/6
f 981/981/1 982/982/1 983/983/1
f 981/981/1 983/983/1 984/984/1
f 985/985/2 986/986/2 987/987/2
f 985/985/2 987/987/2 988/988/2
f 985/985/6 988/988/6 984/984/6
f 985/985/6 984/984/6 983/983/6
f 988/988/148 987/987/148 981/981/148
f 988/988/148 981/981/148 984/984/148
f 987/987/4 986/986/4 982/982/4
f 987/987/4 982/982/4 981/981/4
f 986/986/135 985/985/135 983/983/135
f 986/986/135 983/983/135 982/982/135
f 989/989/1 990/990/1 991/991/1
f 989/989/1 991/991/1 992/992/1
f 993/993/2 994/994/2 995/995/2
f 993/993/2 995/995/2 996/996/2
f 993/993/6 996/996/6 992/992/6
f 993/993/6 992/992/6 991/991/6
f 996/996/148 995/995/148 989/989/148
f 996/996/148 989/989/148 992/992/148
f 995/995/4 994/994/4 990/990/4
f 995/995/4 990/990/4 989/989/4
f 994/994/135 993/993/135 991/991/135
f 994/994/135 991/991/135 990/990/135
f 997/997/2 998/998/2 274/274/2
f 997/997/199 274/274/199 268/268/199
f 999/999/2 997/997/2 268/268/2
f 999/999/2 268/268/2 267/267/2
f 1000/1000/190 999/999/190 267/267/190
f 1000/1000/2 267/267/2 270/270/2
f 998/998/163 1000/1000/163 270/270/163
f 998/998/2 270/270/2 274/274/2
f 285/285/1 1001/1001/1 1002/1002/1
f 285/285/189 1002/1002/189 278/278/189
f 278/278/1 1002/1002/1 1003/1003/1
f 278/278/161 1003/1003/161 275/275/161
f 275/275/188 1003/1003/188 1004/1004/188
f 275/275/1 1004/1004/1 279/279/1
f 279/279/1 1004/1004/1 1001/1001/1
f 279/279/1 1001/1001/1 285/285/1
f 1005/1005/3 1006/1006/3 1007/1007/3
f 1005/1005/2 1007/1007/2 1008/1008/2
f 1009/1009/2 1005/1005/2 1008/1008/2
f 1009/1009/163 1008/1008/163 1010/1010/163
f 1011/1011/2 1009/1009/2 1010/1010/2
f 1011/1011/2 1010/1010/2 1012/1012/2
f 1006/1006/2 1011/1011/2 1012/1012/2
f 1006/1006/163 1012/1012/163 1007/1007/163
f 1013/1013/1 1014/1014/1 1015/1015/1
f 1013/1013/188 1015/1015/188 1016/1016/188
f 1016/1016/24 1015/1015/24 1017/1017/24
f 1016/1016/24 1017/1017/24 1018/1018/24
f 1018/1018/1 1017/1017/1 1019/1019/1
f 1018/1018/192 1019/1019/192 1020/1020/192
f 1020/1020/161 1019/1019/161 1014/1014/161
f 1020/1020/1 1014/1014/1 1013/1013/1
f 1021/1021/2 1022/1022/2 1023/1023/2
f 1021/1021/2 1023/1023/2 1013/1013/2
f 1024/1024/163 1021/1021/163 1013/1013/163
f 1024/1024/163 1013/1013/163 1020/1020/163
f 1025/1025/3 1024/1024/3 1020/1020/3
f 1025/1025/2 1020/1020/2 1026/1026/2
f 1022/1022/163 1025/1025/163 1026/1026/163
f 1022/1022/187 1026/1026/187 1023/1023/187
f 1027/1027/189 1028/1028/189 1029/1029/189
f 1027/1027/194 1029/1029/194 1030/1030/194
f 1030/1030/24 1029/1029/24 1031/1031/24
f 1030/1030/1 1031/1031/1 1032/1032/1
f 1032/1032/188 1031/1031/188 1033/1033/188
f 1032/1032/189 1033/1033/189 1034/1034/189
f 1034/1034/24 1033/1033/24 1028/1028/24
f 1034/1034/24 1028/1028/24 1027/1027/24
f 285/285/6 278/278/6 268/268/6
f 285/285/6 268/268/6 274/274/6
f 1002/1002/4 1001/1001/4 998/998/4
f 1002/1002/4 998/998/4 997/997/4
f 278/278/5 275/275/5 267/267/5
f 278/278/5 267/267/5 268/268/5
f 1003/1003/9 1002/1002/9 997/997/9
f 1003/1003/9 997/997/9 999/999/9
f 275/275/4 279/279/4 270/270/4
f 275/275/4 270/270/4 267/267/4
f 1004/1004/6 1003/1003/6 999/999/6
f 1004/1004/6 999/999/6 1000/1000/6
f 279/279/9 285/285/9 274/274/9
f 279/279/9 274/274/9 270/270/9
f 1001/1001/5 1004/1004/5 1000/1000/5
f 1001/1001/5 1000/1000/5 998/998/5
f 1013/1013/6 1016/1016/6 1008/1008/6
f 1013/1013/6 1008/1008/6 1007/1007/6
f 1015/1015/4 1014/1014/4 1006/1006/4
f 1015/1015/4 1006/1006/4 1005/1005/4
f 1016/1016/152 1018/1018/152 1010/1010/152
f 1016/1016/152 1010/1010/152 1008/1008/152
f 1017/1017/154 1015/1015/154 1005/1005/154
f 1017/1017/154 1005/1005/154 1009/1009/154
f 1018/1018/4 1020/1020/4 1012/1012/4
f 1018/1018/4 1012/1012/4 1010/1010/4
f 1019/1019/6 1017/1017/6 1009/1009/6
f 1019/1019/6 1009/1009/6 1011/1011/6
f 1020/1020/148 1013/1013/148 1007/1007/148
f 1020/1020/148 1007/1007/148 1012/1012/148
f 1014/1014/152 1019/1019/152 1011/1011/152
f 1014/1014/152 1011/1011/152 1006/1006/152
f 1027/1027/6 1030/1030/6 1013/1013/6
f 1027/1027/6 1013/1013/6 1023/1023/6
f 1029/1029/4 1028/1028/4 1022/1022/4
f 1029/1029/4 1022/1022/4 1021/1021/4
f 1030/1030/152 1032/1032/152 1020/1020/152
f 1030/1030/152 1020/1020/152 1013/1013/152
f 1031/1031/154 1029/1029/154 1021/1021/154
f 1031/1031/154 1021/1021/154 1024/1024/154
f 1032/1032/4 1034/1034/4 1026/1026/4
f 1032/1032/4 1026/1026/4 1020/1020/4
f 1033/1033/6 1031/1031/6 1024/1024/6
f 1033/1033/6 1024/1024/6 1025/1025/6
f 1034/1034/154 1027/1027/154 1023/1023/154
f 1034/1034/154 1023/1023/154 1026/1026/154
f 1028/1028/152 1033/1033/152 1025/1025/152
f 1028/1028/152 1025/1025/152 1022/1022/152
f 1035/1035/2 1036/1036/2 1037/1037/2
f 1035/1035/2 1037/1037/2 1038/1038/2
f 1039/1039/1 1040/1040/1 1041/1041/1
f 1039/1039/1 1041/1041/1 1042/1042/1
f 1039/1039/135 1042/1042/135 1038/1038/135
f 1039/1039/135 1038/1038/135 1037/1037/135
f 1042/1042/4 1041/1041/4 1035/1035/4
f 1042/1042/4 1035/1035/4 1038/1038/4
f 1041/1041/148 1040/1040/148 1036/1036/148
f 1041/1041/148 1036/1036/148 1035/1035/148
f 1040/1040/6 1039/1039/6 1037/1037/6
f 1040/1040/6 1037/1037/6 1036/1036/6
f 1043/1043/2 1044/1044/2 1045/1045/2
f 1043/1043/2 1045/1045/2 1046/1046/2
f 1047/1047/1 1048/1048/1 1049/1049/1
f 1047/1047/1 1049/1049/1 1050/1050/1
f 1047/1047/135 1050/1050/135 1046/1046/135
f 1047/1047/135 1046/1046/135 1045/1045/135
f 1050/1050/4 1049/1049/4 1043/1043/4
f 1050/1050/4 1043/1043/4 1046/1046/4
f 1049/1049/148 1048/1048/148 1044/1044/148
f 1049/1049/148 1044/1044/148 1043/1043/148
f 1048/1048/6 1047/1047/6 1045/1045/6
f 1048/1048/6 1045/1045/6 1044/1044/6
f 1051/1051/24 1052/1052/24 88/88/24
f 1051/1051/24 88/88/24 89/89/24
f 1053/1053/213 1051/1051/213 89/89/213
f 1053/1053/214 89/89/214 85/85/214
f 1054/1054/24 1053/1053/24 85/85/24
f 1054/1054/24 85/85/24 84/84/24
f 1052/1052/194 1054/1054/194 84/84/194
f 1052/1052/192 84/84/192 88/88/192
f 80/80/163 1055/1055/163 1056/1056/163
f 80/80/163 1056/1056/163 81/81/163
f 81/81/190 1056/1056/190 1057/1057/190
f 81/81/3 1057/1057/3 75/75/3
f 75/75/163 1057/1057/163 1058/1058/163
f 75/75/2 1058/1058/2 76/76/2
f 76/76/2 1058/1058/2 1055/1055/2
f 76/76/190 1055/1055/190 80/80/190
f 1059/1059/1 1060/1060/1 1061/1061/1
f 1059/1059/215 1061/1061/215 1062/1062/215
f 1063/1063/1 1059/1059/1 1062/1062/1
f 1063/1063/192 1062/1062/192 1064/1064/192
f 1065/1065/24 1063/1063/24 1064/1064/24
f 1065/1065/24 1064/1064/24 1066/1066/24
f 1060/1060/188 1065/1065/188 1066/1066/188
f 1060/1060/1 1066/1066/1 1061/1061/1
f 1067/1067/162 1068/1068/162 1069/1069/162
f 1067/1067/2 1069/1069/2 1070/1070/2
f 1070/1070/190 1069/1069/190 1071/1071/190
f 1070/1070/199 1071/1071/199 1072/1072/199
f 1072/1072/2 1071/1071/2 1073/1073/2
f 1072/1072/163 1073/1073/163 1074/1074/163
f 1074/1074/2 1073/1073/2 1068/1068/2
f 1074/1074/2 1068/1068/2 1067/1067/2
f 1075/1075/161 1076/1076/161 1077/1077/161
f 1075/1075/161 1077/1077/161 1067/1067/161
f 1078/1078/194 1075/1075/194 1067/1067/194
f 1078/1078/192 1067/1067/192 1074/1074/192
f 1079/1079/1 1078/1078/1 1074/1074/1
f 1079/1079/1 1074/1074/1 1080/1080/1
f 1076/1076/1 1079/1079/1 1080/1080/1
f 1076/1076/1 1080/1080/1 1077/1077/1
f 1081/1081/2 1082/1082/2 1083/1083/2
f 1081/1081/162 1083/1083/162 1084/1084/162
f 1084/1084/3 1083/1083/3 1085/1085/3
f 1084/1084/216 1085/1085/216 1086/1086/216
f 1086/1086/2 1085/1085/2 1087/1087/2
f 1086/1086/163 1087/1087/163 1088/1088/163
f 1088/1088/2 1087/1087/2 1082/1082/2
f 1088/1088/3 1082/1082/3 1081/1081/3
f 80/80/5 81/81/5 89/89/5
f 80/80/5 89/89/5 88/88/5
f 1056/1056/9 1055/1055/9 1052/1052/9
f 1056/1056/9 1052/1052/9 1051/1051/9
f 81/81/6 75/75/6 85/85/6
f 81/81/6 85/85/6 89/89/6
f 1057/1057/4 1056/1056/4 1051/1051/4
f 1057/1057/4 1051/1051/4 1053/1053/4
f 75/75/139 76/76/139 84/84/139
f 75/75/139 84/84/139 85/85/139
f 1058/1058/27 1057/1057/27 1053/1053/27
f 1058/1058/27 1053/1053/27 1054/1054/27
f 76/76/4 80/80/4 88/88/4
f 76/76/4 88/88/4 84/84/4
f 1055/1055/6 1058/1058/6 1054/1054/6
f 1055/1055/6 1054/1054/6 1052/1052/6
f 1067/1067/135 1070/1070/135 1062/1062/135
f 1067/1067/135 1062/1062/135 1061/1061/135
f 1069/1069/148 1068/1068/148 1060/1060/148
f 1069/1069/148 1060/1060/148 1059/1059/148
f 1070/1070/6 1072/1072/6 1064/1064/6
f 1070/1070/6 1064/1064/6 1062/1062/6
f 1071/1071/4 1069/1069/4 1059/1059/4
f 1071/1071/4 1059/1059/4 1063/1063/4
f 1072/1072/148 1074/1074/148 1066/1066/148
f 1072/1072/148 1066/1066/148 1064/1064/148
f 1073/1073/135 1071/1071/135 1063/1063/135
f 1073/1073/135 1063/1063/135 1065/1065/135
f 1074/1074/4 1067/1067/4 1061/1061/4
f 1074/1074/4 1061/1061/4 1066/1066/4
f 1068/1068/6 1073/1073/6 1065/1065/6
f 1068/1068/6 1065/1065/6 1060/1060/6
f 1081/1081/200 1084/1084/200 1067/1067/200
f 1081/1081/200 1067/1067/200 1077/1077/200
f 1083/1083/201 1082/1082/201 1076/1076/201
f 1083/1083/201 1076/1076/201 1075/1075/201
f 1084/1084/6 1086/1086/6 1074/1074/6
f 1084/1084/6 1074/1074/6 1067/1067/6
f 1085/1085/4 1083/1083/4 1075/1075/4
f 1085/1085/4 1075/1075/4 1078/1078/4
f 1086/1086/148 1088/1088/148 1080/1080/148
f 1086/1086/148 1080/1080/148 1074/1074/148
f 1087/1087/135 1085/1085/135 1078/1078/135
f 1087/1087/135 1078/1078/135 1079/1079/135
f 1088/1088/4 1081/1081/4 1077/1077/4
f 1088/1088/4 1077/1077/4 1080/1080/4
f 1082/1082/6 1087/1087/6 1079/1079/6
f 1082/1082/6 1079/1079/6 1076/1076/6
f 1089/1089/1 1090/1090/1 1091/1091/1
f 1089/1089/1 1091/1091/1 1092/1092/1
f 1093/1093/2 1094/1094/2 1095/1095/2
f 1093/1093/2 1095/1095/2 1096/1096/2
f 1093/1093/6 1096/1096/6 1092/1092/6
f 1093/1093/6 1092/1092/6 1091/1091/6
f 1096/1096/148 1095/1095/148 1089/1089/148
f 1096/1096/148 1089/1089/148 1092/1092/148
f 1095/1095/4 1094/1094/4 1090/1090/4
f 1095/1095/4 1090/1090/4 1089/1089/4
f 1094/1094/135 1093/1093/135 1091/1091/135
f 1094/1094/135 1091/1091/135 1090/1090/135
f 1097/1097/1 1098/1098/1 1099/1099/1
f 1097/1097/1 1099/1099/1 1100/1100/1
f 1101/1101/2 1102/1102/2 1103/1103/2
f 1101/1101/2 1103/1103/2 1104/1104/2
f 1101/1101/6 1104/1104/6 1100/1100/6
f 1101/1101/6 1100/1100/6 1099/1099/6
f 1104/1104/148 1103/1103/148 1097/1097/148
f 1104/1104/148 1097/1097/148 1100/1100/148
f 1103/1103/191 1102/1102/191 1098/1098/191
f 1103/1103/4 1098/1098/4 1097/1097/4
f 1102/1102/135 1101/1101/135 1099/1099/135
f 1102/1102/135 1099/1099/135 1098/1098/135
f 1105/1105/2 1106/1106/2 82/82/2
f 1105/1105/2 82/82/2 78/78/2
f 1107/1107/163 1105/1105/163 78/78/163
f 1107/1107/163 78/78/163 77/77/163
f 1108/1108/3 1107/1107/3 77/77/3
f 1108/1108/216 77/77/216 79/79/216
f 1106/1106/2 1108/1108/2 79/79/2
f 1106/1106/2 79/79/2 82/82/2
f 90/90/188 1109/1109/188 1110/1110/188
f 90/90/192 1110/1110/192 86/86/192
f 86/86/24 1110/1110/24 1111/1111/24
f 86/86/24 1111/1111/24 83/83/24
f 83/83/189 1111/1111/189 1112/1112/189
f 83/83/188 1112/1112/188 87/87/188
f 87/87/211 1112/1112/211 1109/1109/211
f 87/87/24 1109/1109/24 90/90/24
f 1113/1113/190 1114/1114/190 1115/1115/190
f 1113/1113/2 1115/1115/2 1116/1116/2
f 1117/1117/2 1113/1113/2 1116/1116/2
f 1117/1117/163 1116/1116/163 1118/1118/163
f 1119/1119/199 1117/1117/199 1118/1118/199
f 1119/1119/216 1118/1118/216 1120/1120/216
f 1114/1114/163 1119/1119/163 1120/1120/163
f 1114/1114/163 1120/1120/163 1115/1115/163
f 1121/1121/188 1122/1122/188 1123/1123/188
f 1121/1121/189 1123/1123/189 1124/1124/189
f 1124/1124/24 1123/1123/24 1125/1125/24
f 1124/1124/24 1125/1125/24 1126/1126/24
f 1126/1126/189 1125/1125/189 1127/1127/189
f 1126/1126/213 1127/1127/213 1128/1128/213
f 1128/1128/24 1127/1127/24 1122/1122/24
f 1128/1128/24 1122/1122/24 1121/1121/24
f 1129/1129/216 1130/1130/216 1131/1131/216
f 1129/1129/2 1131/1131/2 1121/1121/2
f 1132/1132/2 1129/1129/2 1121/1121/2
f 1132/1132/163 1121/1121/163 1128/1128/163
f 1133/1133/212 1132/1132/212 1128/1128/212
f 1133/1133/216 1128/1128/216 1134/1134/216
f 1130/1130/2 1133/1133/2 1134/1134/2
f 1130/1130/163 1134/1134/163 1131/1131/163
f 1135/1135/1 1136/1136/1 1137/1137/1
f 1135/1135/192 1137/1137/192 1138/1138/192
f 1138/1138/161 1137/1137/161 1139/1139/161
f 1138/1138/1 1139/1139/1 1140/1140/1
f 1140/1140/1 1139/1139/1 1141/1141/1
f 1140/1140/1 1141/1141/1 1142/1142/1
f 1142/1142/24 1141/1141/24 1136/1136/24
f 1142/1142/1 1136/1136/1 1135/1135/1
f 90/90/6 86/86/6 78/78/6
f 90/90/6 78/78/6 82/82/6
f 1110/1110/4 1109/1109/4 1106/1106/4
f 1110/1110/4 1106/1106/4 1105/1105/4
f 86/86/5 83/83/5 77/77/5
f 86/86/5 77/77/5 78/78/5
f 1111/1111/9 1110/1110/9 1105/1105/9
f 1111/1111/9 1105/1105/9 1107/1107/9
f 83/83/4 87/87/4 79/79/4
f 83/83/4 79/79/4 77/77/4
f 1112/1112/6 1111/1111/6 1107/1107/6
f 1112/1112/6 1107/1107/6 1108/1108/6
f 87/87/9 90/90/9 82/82/9
f 87/87/9 82/82/9 79/79/9
f 1109/1109/5 1112/1112/5 1108/1108/5
f 1109/1109/5 1108/1108/5 1106/1106/5
f 1121/1121/6 1124/1124/6 1116/1116/6
f 1121/1121/6 1116/1116/6 1115/1115/6
f 1123/1123/4 1122/1122/4 1114/1114/4
f 1123/1123/4 1114/1114/4 1113/1113/4
f 1124/1124/135 1126/1126/135 1118/1118/135
f 1124/1124/135 1118/1118/135 1116/1116/135
f 1125/1125/148 1123/1123/148 1113/1113/148
f 1125/1125/148 1113/1113/148 1117/1117/148
f 1126/1126/4 1128/1128/4 1120/1120/4
f 1126/1126/4 1120/1120/4 1118/1118/4
f 1127/1127/6 1125/1125/6 1117/1117/6
f 1127/1127/6 1117/1117/6 1119/1119/6
f 1128/1128/148 1121/1121/148 1115/1115/148
f 1128/1128/148 1115/1115/148 1120/1120/148
f 1122/1122/135 1127/1127/135 1119/1119/135
f 1122/1122/135 1119/1119/135 1114/1114/135
f 1135/1135/6 1138/1138/6 1121/1121/6
f 1135/1135/6 1121/1121/6 1131/1131/6
f 1137/1137/4 1136/1136/4 1130/1130/4
f 1137/1137/4 1130/1130/4 1129/1129/4
f 1138/1138/200 1140/1140/200 1128/1128/200
f 1138/1138/200 1128/1128/200 1121/1121/200
f 1139/1139/148 1137/1137/148 1129/1129/148
f 1139/1139/148 1129/1129/148 1132/1132/148
f 1140/1140/4 1142/1142/4 1134/1134/4
f 1140/1140/4 1134/1134/4 1128/1128/4
f 1141/1141/6 1139/1139/6 1132/1132/6
f 1141/1141/6 1132/1132/6 1133/1133/6
f 1142/1142/148 1135/1135/148 1131/1131/148
f 1142/1142/148 1131/1131/148 1134/1134/148
f 1136/1136/135 1141/1141/135 1133/1133/135
f 1136/1136/135 1133/1133/135 1130/1130/135
f 1143/1143/2 1144/1144/2 1145/1145/2
f 1143/1143/2 1145/1145/2 1146/1146/2
f 1147/1147/1 1148/1148/1 1149/1149/1
f 1147/1147/1 1149/1149/1 1150/1150/1
f 1147/1147/135 1150/1150/135 1146/1146/135
f 1147/1147/135 1146/1146/135 1145/1145/135
f 1150/1150/4 1149/1149/4 1143/1143/4
f 1150/1150/4 1143/1143/4 1146/1146/4
f 1149/1149/148 1148/1148/148 1144/1144/148
f 1149/1149/148 1144/1144/148 1143/1143/148
f 1148/1148/6 1147/1147/6 1145/1145/6
f 1148/1148/6 1145/1145/6 1144/1144/6
f 1151/1151/2 1152/1152/2 1153/1153/2
f 1151/1151/2 1153/1153/2 1154/1154/2
f 1155/1155/1 1156/1156/1 1157/1157/1
f 1155/1155/1 1157/1157/1 1158/1158/1
f 1155/1155/135 1158/1158/135 1154/1154/135
f 1155/1155/135 1154/1154/135 1153/1153/135
f 1158/1158/4 1157/1157/4 1151/1151/4
f 1158/1158/4 1151/1151/4 1154/1154/4
f 1157/1157/148 1156/1156/148 1152/1152/148
f 1157/1157/148 1152/1152/148 1151/1151/148
f 1156/1156/6 1155/1155/6 1153/1153/6
f 1156/1156/6 1153/1153/6 1152/1152/6
f 1159/1159/24 1160/1160/24 8/8/24
f 1159/1159/24 8/8/24 7/7/24
f 1161/1161/188 1159/1159/188 7/7/188
f 1161/1161/189 7/7/189 11/11/189
f 1162/1162/24 1161/1161/24 11/11/24
f 1162/1162/24 11/11/24 16/16/24
f 1160/1160/192 1162/1162/192 16/16/192
f 1160/1160/188 16/16/188 8/8/188
f 1163/1163/163 1164/1164/163 1165/1165/163
f 1163/1163/163 1165/1165/163 1166/1166/163
f 1166/1166/216 1165/1165/216 1167/1167/216
f 1166/1166/199 1167/1167/199 1168/1168/199
f 1168/1168/2 1167/1167/2 1169/1169/2
f 1168/1168/163 1169/1169/163 1170/1170/163
f 1170/1170/2 1169/1169/2 1164/1164/2
f 1170/1170/190 1164/1164/190 1163/1163/190
f 1171/1171/24 1172/1172/24 1173/1173/24
f 1171/1171/24 1173/1173/24 1174/1174/24
f 1175/1175/194 1171/1171/194 1174/1174/194
f 1175/1175/1 1174/1174/1 1176/1176/1
f 1177/1177/1 1175/1175/1 1176/1176/1
f 1177/1177/24 1176/1176/24 1178/1178/24
f 1172/1172/192 1177/1177/192 1178/1178/192
f 1172/1172/188 1178/1178/188 1173/1173/188
f 1179/1179/163 1180/1180/163 1181/1181/163
f 1179/1179/163 1181/1181/163 1182/1182/163
f 1182/1182/2 1181/1181/2 1183/1183/2
f 1182/1182/3 1183/1183/3 1184/1184/3
f 1184/1184/163 1183/1183/163 1185/1185/163
f 1184/1184/163 1185/1185/163 1186/1186/163
f 1186/1186/2 1185/1185/2 1180/1180/2
f 1186/1186/190 1180/1180/190 1179/1179/190
f 1187/1187/24 1188/1188/24 1189/1189/24
f 1187/1187/24 1189/1189/24 1179/1179/24
f 1190/1190/1 1187/1187/1 1179/1179/1
f 1190/1190/189 1179/1179/189 1186/1186/189
f 1191/1191/24 1190/1190/24 1186/1186/24
f 1191/1191/24 1186/1186/24 1192/1192/24
f 1188/1188/192 1191/1191/192 1192/1192/192
f 1188/1188/188 1192/1192/188 1189/1189/188
f 1193/1193/163 1194/1194/163 1195/1195/163
f 1193/1193/163 1195/1195/163 1196/1196/163
f 1196/1196/216 1195/1195/216 1197/1197/216
f 1196/1196/2 1197/1197/2 1198/1198/2
f 1198/1198/2 1197/1197/2 1199/1199/2
f 1198/1198/2 1199/1199/2 1200/1200/2
f 1200/1200/2 1199/1199/2 1194/1194/2
f 1200/1200/199 1194/1194/199 1193/1193/199
f 1163/1163/5 1166/1166/5 7/7/5
f 1163/1163/5 7/7/5 8/8/5
f 1165/1165/9 1164/1164/9 1160/1160/9
f 1165/1165/9 1160/1160/9 1159/1159/9
f 1166/1166/6 1168/1168/6 11/11/6
f 1166/1166/6 11/11/6 7/7/6
f 1167/1167/4 1165/1165/4 1159/1159/4
f 1167/1167/4 1159/1159/4 1161/1161/4
f 1168/1168/9 1170/1170/9 16/16/9
f 1168/1168/9 16/16/9 11/11/9
f 1169/1169/5 1167/1167/5 1161/1161/5
f 1169/1169/5 1161/1161/5 1162/1162/5
f 1170/1170/4 1163/1163/4 8/8/4
f 1170/1170/4 8/8/4 16/16/4
f 1164/1164/6 1169/1169/6 1162/1162/6
f 1164/1164/6 1162/1162/6 1160/1160/6
f 1179/1179/135 1182/1182/135 1174/1174/135
f 1179/1179/135 1174/1174/135 1173/1173/135
f 1181/1181/148 1180/1180/148 1172/1172/148
f 1181/1181/148 1172/1172/148 1171/1171/148
f 1182/1182/6 1184/1184/6 1176/1176/6
f 1182/1182/6 1176/1176/6 1174/1174/6
f 1183/1183/4 1181/1181/4 1171/1171/4
f 1183/1183/4 1171/1171/4 1175/1175/4
f 1184/1184/148 1186/1186/148 1178/1178/148
f 1184/1184/148 1178/1178/148 1176/1176/148
f 1185/1185/135 1183/1183/135 1175/1175/135
f 1185/1185/135 1175/1175/135 1177/1177/135
f 1186/1186/4 1179/1179/4 1173/1173/4
f 1186/1186/4 1173/1173/4 1178/1178/4
f 1180/1180/6 1185/1185/6 1177/1177/6
f 1180/1180/6 1177/1177/6 1172/1172/6
f 1193/1193/200 1196/1196/200 1179/1179/200
f 1193/1193/200 1179/1179/200 1189/1189/200
f 1195/1195/201 1194/1194/201 1188/1188/201
f 1195/1195/201 1188/1188/201 1187/1187/201
f 1196/1196/6 1198/1198/6 1186/1186/6
f 1196/1196/6 1186/1186/6 1179/1179/6
f 1197/1197/4 1195/1195/4 1187/1187/4
f 1197/1197/4 1187/1187/4 1190/1190/4
f 1198/1198/148 1200/1200/148 1192/1192/148
f 1198/1198/148 1192/1192/148 1186/1186/148
f 1199/1199/135 1197/1197/135 1190/1190/135
f 1199/1199/135 1190/1190/135 1191/1191/135
f 1200/1200/4 1193/1193/4 1189/1189/4
f 1200/1200/4 1189/1189/4 1192/1192/4
f 1194/1194/6 1199/1199/6 1191/1191/6
f 1194/1194/6 1191/1191/6 1188/1188/6
f 1201/1201/1 1202/1202/1 1203/1203/1
f 1201/1201/1 1203/1203/1 1204/1204/1
f 1205/1205/2 1206/1206/2 1207/1207/2
f 1205/1205/2 1207/1207/2 1208/1208/2
f 1205/1205/6 1208/1208/6 1204/1204/6
f 1205/1205/6 1204/1204/6 1203/1203/6
f 1208/1208/148 1207/1207/148 1201/1201/148
f 1208/1208/148 1201/1201/148 1204/1204/148
f 1207/1207/4 1206/1206/4 1202/1202/4
f 1207/1207/4 1202/1202/4 1201/1201/4
f 1206/1206/135 1205/1205/135 1203/1203/135
f 1206/1206/135 1203/1203/135 1202/1202/135
f 1209/1209/1 1210/1210/1 1211/1211/1
f 1209/1209/1 1211/1211/1 1212/1212/1
f 1213/1213/2 1214/1214/2 1215/1215/2
f 1213/1213/2 1215/1215/2 1216/1216/2
f 1213/1213/217 1216/1216/217 1212/1212/217
f 1213/1213/6 1212/1212/6 1211/1211/6
f 1216/1216/218 1215/1215/218 1209/1209/218
f 1216/1216/218 1209/1209/218 1212/1212/218
f 1215/1215/4 1214/1214/4 1210/1210/4
f 1215/1215/4 1210/1210/4 1209/1209/4
f 1214/1214/135 1213/1213/135 1211/1211/135
f 1214/1214/135 1211/1211/135 1210/1210/135
f 1217/1217/24 1218/1218/24 15/15/24
f 1217/1217/24 15/15/24 12/12/24
f 1219/1219/194 1217/1217/194 12/12/194
f 1219/1219/189 12/12/189 6/6/189
f 1220/1220/24 1219/1219/24 6/6/24
f 1220/1220/1 6/6/1 5/5/1
f 1218/1218/1 1220/1220/1 5/5/1
f 1218/1218/1 5/5/1 15/15/1
f 1221/1221/187 1222/1222/187 1223/1223/187
f 1221/1221/2 1223/1223/2 1224/1224/2
f 1224/1224/216 1223/1223/216 1225/1225/216
f 1224/1224/199 1225/1225/199 1226/1226/199
f 1226/1226/187 1225/1225/187 1227/1227/187
f 1226/1226/163 1227/1227/163 1228/1228/163
f 1228/1228/2 1227/1227/2 1222/1222/2
f 1228/1228/2 1222/1222/2 1221/1221/2
f 1229/1229/174 1230/1230/174 1231/1231/174
f 1229/1229/24 1231/1231/24 1232/1232/24
f 1233/1233/188 1229/1229/188 1232/1232/188
f 1233/1233/189 1232/1232/189 1234/1234/189
f 1235/1235/1 1233/1233/1 1234/1234/1
f 1235/1235/24 1234/1234/24 1236/1236/24
f 1230/1230/1 1235/1235/1 1236/1236/1
f 1230/1230/1 1236/1236/1 1231/1231/1
f 1237/1237/163 1238/1238/163 1239/1239/163
f 1237/1237/163 1239/1239/163 1240/1240/163
f 1240/1240/216 1239/1239/216 1241/1241/216
f 1240/1240/199 1241/1241/199 1242/1242/199
f 1242/1242/163 1241/1241/163 1243/1243/163
f 1242/1242/163 1243/1243/163 1244/1244/163
f 1244/1244/2 1243/1243/2 1238/1238/2
f 1244/1244/190 1238/1238/190 1237/1237/190
f 1245/1245/24 1246/1246/24 1247/1247/24
f 1245/1245/24 1247/1247/24 1237/1237/24
f 1248/1248/194 1245/1245/194 1237/1237/194
f 1248/1248/189 1237/1237/189 1244/1244/189
f 1249/1249/24 1248/1248/24 1244/1244/24
f 1249/1249/1 1244/1244/1 1250/1250/1
f 1246/1246/1 1249/1249/1 1250/1250/1
f 1246/1246/1 1250/1250/1 1247/1247/1
f 1251/1251/163 1252/1252/163 1253/1253/163
f 1251/1251/163 1253/1253/163 1254/1254/163
f 1254/1254/2 1253/1253/2 1255/1255/2
f 1254/1254/3 1255/1255/3 1256/1256/3
f 1256/1256/163 1255/1255/163 1257/1257/163
f 1256/1256/163 1257/1257/163 1258/1258/163
f 1258/1258/2 1257/1257/2 1252/1252/2
f 1258/1258/3 1252/1252/3 1251/1251/3
f 1221/1221/5 1224/1224/5 12/12/5
f 1221/1221/5 12/12/5 15/15/5
f 1223/1223/9 1222/1222/9 1218/1218/9
f 1223/1223/9 1218/1218/9 1217/1217/9
f 1224/1224/6 1226/1226/6 6/6/6
f 1224/1224/6 6/6/6 12/12/6
f 1225/1225/4 1223/1223/4 1217/1217/4
f 1225/1225/4 1217/1217/4 1219/1219/4
f 1226/1226/9 1228/1228/9 5/5/9
f 1226/1226/9 5/5/9 6/6/9
f 1227/1227/5 1225/1225/5 1219/1219/5
f 1227/1227/5 1219/1219/5 1220/1220/5
f 1228/1228/4 1221/1221/4 15/15/4
f 1228/1228/4 15/15/4 5/5/4
f 1222/1222/6 1227/1227/6 1220/1220/6
f 1222/1222/6 1220/1220/6 1218/1218/6
f 1237/1237/135 1240/1240/135 1232/1232/135
f 1237/1237/135 1232/1232/135 1231/1231/135
f 1239/1239/148 1238/1238/148 1230/1230/148
f 1239/1239/148 1230/1230/148 1229/1229/148
f 1240/1240/6 1242/1242/6 1234/1234/6
f 1240/1240/6 1234/1234/6 1232/1232/6
f 1241/1241/4 1239/1239/4 1229/1229/4
f 1241/1241/4 1229/1229/4 1233/1233/4
f 1242/1242/148 1244/1244/148 1236/1236/148
f 1242/1242/148 1236/1236/148 1234/1234/148
f 1243/1243/135 1241/1241/135 1233/1233/135
f 1243/1243/135 1233/1233/135 1235/1235/135
f 1244/1244/4 1237/1237/4 1231/1231/4
f 1244/1244/4 1231/1231/4 1236/1236/4
f 1238/1238/6 1243/1243/6 1235/1235/6
f 1238/1238/6 1235/1235/6 1230/1230/6
f 1251/1251/200 1254/1254/200 1237/1237/200
f 1251/1251/200 1237/1237/200 1247/1247/200
f 1253/1253/201 1252/1252/201 1246/1246/201
f 1253/1253/201 1246/1246/201 1245/1245/201
f 1254/1254/6 1256/1256/6 1244/1244/6
f 1254/1254/6 1244/1244/6 1237/1237/6
f 1255/1255/4 1253/1253/4 1245/1245/4
f 1255/1255/4 1245/1245/4 1248/1248/4
f 1256/1256/148 1258/1258/148 1250/1250/148
f 1256/1256/148 1250/1250/148 1244/1244/148
f 1257/1257/135 1255/1255/135 1248/1248/135
f 1257/1257/135 1248/1248/135 1249/1249/135
f 1258/1258/4 1251/1251/4 1247/1247/4
f 1258/1258/4 1247/1247/4 1250/1250/4
f 1252/1252/6 1257/1257/6 1249/1249/6
f 1252/1252/6 1249/1249/6 1246/1246/6
f 1259/1259/1 1260/1260/1 1261/1261/1
f 1259/1259/1 1261/1261/1 1262/1262/1
f 1263/1263/2 1264/1264/2 1265/1265/2
f 1263/1263/2 1265/1265/2 1266/1266/2
f 1263/1263/217 1266/1266/217 1262/1262/217
f 1263/1263/219 1262/1262/219 1261/1261/219
f 1266/1266/148 1265/1265/148 1259/1259/148
f 1266/1266/148 1259/1259/148 1262/1262/148
f 1265/1265/4 1264/1264/4 1260/1260/4
f 1265/1265/4 1260/1260/4 1259/1259/4
f 1264/1264/135 1263/1263/135 1261/1261/135
f 1264/1264/135 1261/1261/135 1260/1260/135
f 1267/1267/1 1268/1268/1 1269/1269/1
f 1267/1267/1 1269/1269/1 1270/1270/1
f 1271/1271/2 1272/1272/2 1273/1273/2
f 1271/1271/2 1273/1273/2 1274/1274/2
f 1271/1271/6 1274/1274/6 1270/1270/6
f 1271/1271/6 1270/1270/6 1269/1269/6
f 1274/1274/218 1273/1273/218 1267/1267/218
f 1274/1274/220 1267/1267/220 1270/1270/220
f 1273/1273/4 1272/1272/4 1268/1268/4
f 1273/1273/4 1268/1268/4 1267/1267/4
f 1272/1272/135 1271/1271/135 1269/1269/135
f 1272/1272/135 1269/1269/135 1268/1268/135
f 1275/1275/200 1276/1276/200 60/60/200
f 1275/1275/200 60/60/200 1277/1277/200
f 1278/1278/221 1275/1275/221 1277/1277/221
f 1278/1278/157 1277/1277/157 58/58/157
f 1279/1279/135 1278/1278/135 58/58/135
f 1279/1279/135 58/58/135 57/57/135
f 1276/1276/23 1279/1279/23 57/57/23
f 1276/1276/170 57/57/170 60/60/170
f 69/69/148 1280/1280/148 1281/1281/148
f 69/69/148 1281/1281/148 74/74/148
f 74/74/204 1281/1281/204 1282/1282/204
f 74/74/222 1282/1282/222 68/68/222
f 68/68/201 1282/1282/201 1283/1283/201
f 68/68/201 1283/1283/201 65/65/201
f 65/65/223 1283/1283/223 1280/1280/223
f 65/65/171 1280/1280/171 69/69/171
f 1284/1284/135 1285/1285/135 1286/1286/135
f 1284/1284/135 1286/1286/135 1287/1287/135
f 1288/1288/136 1284/1284/136 1287/1287/136
f 1288/1288/5 1287/1287/5 1289/1289/5
f 1290/1290/135 1288/1288/135 1289/1289/135
f 1290/1290/135 1289/1289/135 1291/1291/135
f 1285/1285/151 1290/1290/151 1291/1291/151
f 1285/1285/5 1291/1291/5 1286/1286/5
f 1292/1292/148 1293/1293/148 1294/1294/148
f 1292/1292/148 1294/1294/148 1295/1295/148
f 1295/1295/224 1294/1294/224 1296/1296/224
f 1295/1295/142 1296/1296/142 1297/1297/142
f 1297/1297/148 1296/1296/148 1298/1298/148
f 1297/1297/148 1298/1298/148 1299/1299/148
f 1299/1299/9 1298/1298/9 1293/1293/9
f 1299/1299/155 1293/1293/155 1292/1292/155
f 1300/1300/135 1301/1301/135 1302/1302/135
f 1300/1300/135 1302/1302/135 1292/1292/135
f 1303/1303/156 1300/1300/156 1292/1292/156
f 1303/1303/5 1292/1292/5 1299/1299/5
f 1304/1304/135 1303/1303/135 1299/1299/135
f 1304/1304/135 1299/1299/135 1305/1305/135
f 1301/1301/208 1304/1304/208 1305/1305/208
f 1301/1301/221 1305/1305/221 1302/1302/221
f 1306/1306/148 1307/1307/148 1308/1308/148
f 1306/1306/148 1308/1308/148 1309/1309/148
f 1309/1309/9 1308/1308/9 1310/1310/9
f 1309/1309/11 1310/1310/11 1311/1311/11
f 1311/1311/148 1310/1310/148 1312/1312/148
f 1311/1311/148 1312/1312/148 1313/1313/148
f 1313/1313/225 1312/1312/225 1307/1307/225
f 1313/1313/176 1307/1307/176 1306/1306/176
f 69/69/163 74/74/163 1277/1277/163
f 69/69/2 1277/1277/2 60/60/2
f 1281/1281/1 1280/1280/1 1276/1276/1
f 1281/1281/24 1276/1276/24 1275/1275/24
f 74/74/6 68/68/6 58/58/6
f 74/74/6 58/58/6 1277/1277/6
f 1282/1282/4 1281/1281/4 1275/1275/4
f 1282/1282/4 1275/1275/4 1278/1278/4
f 68/68/1 65/65/1 57/57/1
f 68/68/1 57/57/1 58/58/1
f 1283/1283/2 1282/1282/2 1278/1278/2
f 1283/1283/2 1278/1278/2 1279/1279/2
f 65/65/4 69/69/4 60/60/4
f 65/65/4 60/60/4 57/57/4
f 1280/1280/6 1283/1283/6 1279/1279/6
f 1280/1280/6 1279/1279/6 1276/1276/6
f 1292/1292/2 1295/1295/2 1287/1287/2
f 1292/1292/186 1287/1287/186 1286/1286/186
f 1294/1294/24 1293/1293/24 1285/1285/24
f 1294/1294/24 1285/1285/24 1284/1284/24
f 1295/1295/6 1297/1297/6 1289/1289/6
f 1295/1295/6 1289/1289/6 1287/1287/6
f 1296/1296/4 1294/1294/4 1284/1284/4
f 1296/1296/4 1284/1284/4 1288/1288/4
f 1297/1297/24 1299/1299/24 1291/1291/24
f 1297/1297/1 1291/1291/1 1289/1289/1
f 1298/1298/163 1296/1296/163 1288/1288/163
f 1298/1298/163 1288/1288/163 1290/1290/163
f 1299/1299/4 1292/1292/4 1286/1286/4
f 1299/1299/4 1286/1286/4 1291/1291/4
f 1293/1293/6 1298/1298/6 1290/1290/6
f 1293/1293/6 1290/1290/6 1285/1285/6
f 1306/1306/163 1309/1309/163 1292/1292/163
f 1306/1306/2 1292/1292/2 1302/1302/2
f 1308/1308/24 1307/1307/24 1301/1301/24
f 1308/1308/180 1301/1301/180 1300/1300/180
f 1309/1309/6 1311/1311/6 1299/1299/6
f 1309/1309/6 1299/1299/6 1292/1292/6
f 1310/1310/4 1308/1308/4 1300/1300/4
f 1310/1310/4 1300/1300/4 1303/1303/4
f 1311/1311/24 1313/1313/24 1305/1305/24
f 1311/1311/1 1305/1305/1 1299/1299/1
f 1312/1312/163 1310/1310/163 1303/1303/163
f 1312/1312/163 1303/1303/163 1304/1304/163
f 1313/1313/4 1306/1306/4 1302/1302/4
f 1313/1313/4 1302/1302/4 1305/1305/4
f 1307/1307/6 1312/1312/6 1304/1304/6
f 1307/1307/6 1304/1304/6 1301/1301/6
f 1314/1314/5 1315/1315/5 1316/1316/5
f 1314/1314/5 1316/1316/5 1317/1317/5
f 1318/1318/7 1319/1319/7 1320/1320/7
f 1318/1318/7 1320/1320/7 1321/1321/7
f 1318/1318/6 1321/1321/6 1317/1317/6
f 1318/1318/6 1317/1317/6 1316/1316/6
f 1321/1321/211 1320/1320/211 1314/1314/211
f 1321/1321/24 1314/1314/24 1317/1317/24
f 1320/1320/4 1319/1319/4 1315/1315/4
f 1320/1320/4 1315/1315/4 1314/1314/4
f 1319/1319/226 1318/1318/226 1316/1316/226
f 1319/1319/226 1316/1316/226 1315/1315/226
f 1322/1322/5 1323/1323/5 1324/1324/5
f 1322/1322/5 1324/1324/5 1325/1325/5
f 1326/1326/9 1327/1327/9 1328/1328/9
f 1326/1326/9 1328/1328/9 1329/1329/9
f 1326/1326/6 1329/1329/6 1325/1325/6
f 1326/1326/6 1325/1325/6 1324/1324/6
f 1329/1329/24 1328/1328/24 1322/1322/24
f 1329/1329/24 1322/1322/24 1325/1325/24
f 1328/1328/4 1327/1327/4 1323/1323/4
f 1328/1328/4 1323/1323/4 1322/1322/4
f 1327/1327/186 1326/1326/186 1324/1324/186
f 1327/1327/163 1324/1324/163 1323/1323/163
f 1330/1330/227 1331/1331/227 55/55/227
f 1330/1330/5 55/55/5 63/63/5
f 1332/1332/135 1330/1330/135 63/63/135
f 1332/1332/135 63/63/135 61/61/135
f 1333/1333/25 1332/1332/25 61/61/25
f 1333/1333/5 61/61/5 56/56/5
f 1331/1331/135 1333/1333/135 56/56/135
f 1331/1331/135 56/56/135 55/55/135
f 67/67/228 1334/1334/228 1335/1335/228
f 67/67/26 1335/1335/26 72/72/26
f 72/72/148 1335/1335/148 1336/1336/148
f 72/72/148 1336/1336/148 71/71/148
f 71/71/9 1336/1336/9 1337/1337/9
f 71/71/229 1337/1337/229 66/66/229
f 66/66/201 1337/1337/201 1334/1334/201
f 66/66/201 1334/1334/201 67/67/201
f 1338/1338/19 1339/1339/19 1340/1340/19
f 1338/1338/5 1340/1340/5 1341/1341/5
f 1342/1342/135 1338/1338/135 1341/1341/135
f 1342/1342/135 1341/1341/135 1343/1343/135
f 1344/1344/153 1342/1342/153 1343/1343/153
f 1344/1344/5 1343/1343/5 1345/1345/5
f 1339/1339/200 1344/1344/200 1345/1345/200
f 1339/1339/200 1345/1345/200 1340/1340/200
f 1346/1346/9 1347/1347/9 1348/1348/9
f 1346/1346/230 1348/1348/230 1349/1349/230
f 1349/1349/201 1348/1348/201 1350/1350/201
f 1349/1349/201 1350/1350/201 1351/1351/201
f 1351/1351/231 1350/1350/231 1352/1352/231
f 1351/1351/155 1352/1352/155 1353/1353/155
f 1353/1353/148 1352/1352/148 1347/1347/148
f 1353/1353/148 1347/1347/148 1346/1346/148
f 1354/1354/232 1355/1355/232 1356/1356/232
f 1354/1354/177 1356/1356/177 1346/1346/177
f 1357/1357/135 1354/1354/135 1346/1346/135
f 1357/1357/135 1346/1346/135 1353/1353/135
f 1358/1358/233 1357/1357/233 1353/1353/233
f 1358/1358/177 1353/1353/177 1359/1359/177
f 1355/1355/200 1358/1358/200 1359/1359/200
f 1355/1355/200 1359/1359/200 1356/1356/200
f 1360/1360/234 1361/1361/234 1362/1362/234
f 1360/1360/13 1362/1362/13 1363/1363/13
f 1363/1363/148 1362/1362/148 1364/1364/148
f 1363/1363/148 1364/1364/148 1365/1365/148
f 1365/1365/9 1364/1364/9 1366/1366/9
f 1365/1365/176 1366/1366/176 1367/1367/176
f 1367/1367/201 1366/1366/201 1361/1361/201
f 1367/1367/201 1361/1361/201 1360/1360/201
f 67/67/6 72/72/6 63/63/6
f 67/67/6 63/63/6 55/55/6
f 1335/1335/4 1334/1334/4 1331/1331/4
f 1335/1335/4 1331/1331/4 1330/1330/4
f 72/72/1 71/71/1 61/61/1
f 72/72/1 61/61/1 63/63/1
f 1336/1336/2 1335/1335/2 1330/1330/2
f 1336/1336/2 1330/1330/2 1332/1332/2
f 71/71/4 66/66/4 56/56/4
f 71/71/4 56/56/4 61/61/4
f 1337/1337/6 1336/1336/6 1332/1332/6
f 1337/1337/6 1332/1332/6 1333/1333/6
f 66/66/2 67/67/2 55/55/2
f 66/66/2 55/55/2 56/56/2
f 1334/1334/1 1337/1337/1 1333/1333/1
f 1334/1334/1 1333/1333/1 1331/1331/1
f 1346/1346/6 1349/1349/6 1341/1341/6
f 1346/1346/6 1341/1341/6 1340/1340/6
f 1348/1348/4 1347/1347/4 1339/1339/4
f 1348/1348/4 1339/1339/4 1338/1338/4
f 1349/1349/1 1351/1351/1 1343/1343/1
f 1349/1349/24 1343/1343/24 1341/1341/24
f 1350/1350/2 1348/1348/2 1338/1338/2
f 1350/1350/2 1338/1338/2 1342/1342/2
f 1351/1351/4 1353/1353/4 1345/1345/4
f 1351/1351/4 1345/1345/4 1343/1343/4
f 1352/1352/6 1350/1350/6 1342/1342/6
f 1352/1352/6 1342/1342/6 1344/1344/6
f 1353/1353/2 1346/1346/2 1340/1340/2
f 1353/1353/163 1340/1340/163 1345/1345/163
f 1347/1347/1 1352/1352/1 1344/1344/1
f 1347/1347/1 1344/1344/1 1339/1339/1
f 1360/1360/6 1363/1363/6 1346/1346/6
f 1360/1360/6 1346/1346/6 1356/1356/6
f 1362/1362/4 1361/1361/4 1355/1355/4
f 1362/1362/4 1355/1355/4 1354/1354/4
f 1363/1363/24 1365/1365/24 1353/1353/24
f 1363/1363/24 1353/1353/24 1346/1346/24
f 1364/1364/163 1362/1362/163 1354/1354/163
f 1364/1364/163 1354/1354/163 1357/1357/163
f 1365/1365/4 1367/1367/4 1359/1359/4
f 1365/1365/4 1359/1359/4 1353/1353/4
f 1366/1366/6 1364/1364/6 1357/1357/6
f 1366/1366/6 1357/1357/6 1358/1358/6
f 1367/1367/163 1360/1360/163 1356/1356/163
f 1367/1367/2 1356/1356/2 1359/1359/2
f 1361/1361/1 1366/1366/1 1358/1358/1
f 1361/1361/24 1358/1358/24 1355/1355/24
f 1368/1368/5 1369/1369/5 1370/1370/5
f 1368/1368/5 1370/1370/5 1371/1371/5
f 1372/1372/9 1373/1373/9 1374/1374/9
f 1372/1372/9 1374/1374/9 1375/1375/9
f 1372/1372/174 1375/1375/174 1371/1371/174
f 1372/1372/172 1371/1371/172 1370/1370/172
f 1375/1375/4 1374/1374/4 1368/1368/4
f 1375/1375/4 1368/1368/4 1371/1371/4
f 1374/1374/2 1373/1373/2 1369/1369/2
f 1374/1374/235 1369/1369/235 1368/1368/235
f 1373/1373/6 1372/1372/6 1370/1370/6
f 1373/1373/6 1370/1370/6 1369/1369/6
f 1376/1376/5 1377/1377/5 1378/1378/5
f 1376/1376/5 1378/1378/5 1379/1379/5
f 1380/1380/9 1381/1381/9 1382/1382/9
f 1380/1380/9 1382/1382/9 1383/1383/9
f 1380/1380/1 1383/1383/1 1379/1379/1
f 1380/1380/1 1379/1379/1 1378/1378/1
f 1383/1383/4 1382/1382/4 1376/1376/4
f 1383/1383/4 1376/1376/4 1379/1379/4
f 1382/1382/165 1381/1381/165 1377/1377/165
f 1382/1382/235 1377/1377/235 1376/1376/235
f 1381/1381/6 1380/1380/6 1378/1378/6
f 1381/1381/6 1378/1378/6 1377/1377/6
f 1384/1384/152 1385/1385/152 50/50/152
f 1384/1384/152 50/50/152 51/51/152
f 1386/1386/153 1384/1384/153 51/51/153
f 1386/1386/236 51/51/236 46/46/236
f 1387/1387/152 1386/1386/152 46/46/152
f 1387/1387/152 46/46/152 45/45/152
f 1385/1385/237 1387/1387/237 45/45/237
f 1385/1385/5 45/45/5 50/50/5
f 39/39/154 1388/1388/154 1389/1389/154
f 39/39/154 1389/1389/154 41/41/154
f 41/41/9 1389/1389/9 1390/1390/9
f 41/41/14 1390/1390/14 33/33/14
f 33/33/148 1390/1390/148 1391/1391/148
f 33/33/148 1391/1391/148 34/34/148
f 34/34/9 1391/1391/9 1388/1388/9
f 34/34/12 1388/1388/12 39/39/12
f 1392/1392/152 1393/1393/152 1394/1394/152
f 1392/1392/152 1394/1394/152 1395/1395/152
f 1396/1396/233 1392/1392/233 1395/1395/233
f 1396/1396/157 1395/1395/157 1397/1397/157
f 1398/1398/135 1396/1396/135 1397/1397/135
f 1398/1398/135 1397/1397/135 1399/1399/135
f 1393/1393/156 1398/1398/156 1399/1399/156
f 1393/1393/170 1399/1399/170 1394/1394/170
f 1400/1400/154 1401/1401/154 1402/1402/154
f 1400/1400/154 1402/1402/154 1403/1403/154
f 1403/1403/238 1402/1402/238 1404/1404/238
f 1403/1403/239 1404/1404/239 1405/1405/239
f 1405/1405/148 1404/1404/148 1406/1406/148
f 1405/1405/148 1406/1406/148 1407/1407/148
f 1407/1407/204 1406/1406/204 1401/1401/204
f 1407/1407/176 1401/1401/176 1400/1400/176
f 1408/1408/152 1409/1409/152 1410/1410/152
f 1408/1408/152 1410/1410/152 1400/1400/152
f 1411/1411/237 1408/1408/237 1400/1400/237
f 1411/1411/157 1400/1400/157 1407/1407/157
f 1412/1412/135 1411/1411/135 1407/1407/135
f 1412/1412/135 1407/1407/135 1413/1413/135
f 1409/1409/236 1412/1412/236 1413/1413/236
f 1409/1409/170 1413/1413/170 1410/1410/170
f 1414/1414/148 1415/1415/148 1416/1416/148
f 1414/1414/148 1416/1416/148 1417/1417/148
f 1417/1417/9 1416/1416/9 1418/1418/9
f 1417/1417/12 1418/1418/12 1419/1419/12
f 1419/1419/148 1418/1418/148 1420/1420/148
f 1419/1419/148 1420/1420/148 1421/1421/148
f 1421/1421/204 1420/1420/204 1415/1415/204
f 1421/1421/238 1415/1415/238 1414/1414/238
f 39/39/2 41/41/2 51/51/2
f 39/39/2 51/51/2 50/50/2
f 1389/1389/1 1388/1388/1 1385/1385/1
f 1389/1389/1 1385/1385/1 1384/1384/1
f 41/41/6 33/33/6 46/46/6
f 41/41/6 46/46/6 51/51/6
f 1390/1390/4 1389/1389/4 1384/1384/4
f 1390/1390/4 1384/1384/4 1386/1386/4
f 33/33/1 34/34/1 45/45/1
f 33/33/1 45/45/1 46/46/1
f 1391/1391/2 1390/1390/2 1386/1386/2
f 1391/1391/2 1386/1386/2 1387/1387/2
f 34/34/4 39/39/4 50/50/4
f 34/34/4 50/50/4 45/45/4
f 1388/1388/6 1391/1391/6 1387/1387/6
f 1388/1388/6 1387/1387/6 1385/1385/6
f 1400/1400/163 1403/1403/163 1395/1395/163
f 1400/1400/163 1395/1395/163 1394/1394/163
f 1402/1402/24 1401/1401/24 1393/1393/24
f 1402/1402/24 1393/1393/24 1392/1392/24
f 1403/1403/6 1405/1405/6 1397/1397/6
f 1403/1403/6 1397/1397/6 1395/1395/6
f 1404/1404/4 1402/1402/4 1392/1392/4
f 1404/1404/4 1392/1392/4 1396/1396/4
f 1405/1405/24 1407/1407/24 1399/1399/24
f 1405/1405/24 1399/1399/24 1397/1397/24
f 1406/1406/163 1404/1404/163 1396/1396/163
f 1406/1406/163 1396/1396/163 1398/1398/163
f 1407/1407/4 1400/1400/4 1394/1394/4
f 1407/1407/4 1394/1394/4 1399/1399/4
f 1401/1401/6 1406/1406/6 1398/1398/6
f 1401/1401/6 1398/1398/6 1393/1393/6
f 1414/1414/163 1417/1417/163 1400/1400/163
f 1414/1414/2 1400/1400/2 1410/1410/2
f 1416/1416/1 1415/1415/1 1409/1409/1
f 1416/1416/1 1409/1409/1 1408/1408/1
f 1417/1417/6 1419/1419/6 1407/1407/6
f 1417/1417/6 1407/1407/6 1400/1400/6
f 1418/1418/4 1416/1416/4 1408/1408/4
f 1418/1418/4 1408/1408/4 1411/1411/4
f 1419/1419/24 1421/1421/24 1413/1413/24
f 1419/1419/1 1413/1413/1 1407/1407/1
f 1420/1420/163 1418/1418/163 1411/1411/163
f 1420/1420/163 1411/1411/163 1412/1412/163
f 1421/1421/4 1414/1414/4 1410/1410/4
f 1421/1421/4 1410/1410/4 1413/1413/4
f 1415/1415/6 1420/1420/6 1412/1412/6
f 1415/1415/6 1412/1412/6 1409/1409/6
f 1422/1422/5 1423/1423/5 1424/1424/5
f 1422/1422/5 1424/1424/5 1425/1425/5
f 1426/1426/9 1427/1427/9 1428/1428/9
f 1426/1426/9 1428/1428/9 1429/1429/9
f 1426/1426/6 1429/1429/6 1425/1425/6
f 1426/1426/6 1425/1425/6 1424/1424/6
f 1429/1429/180 1428/1428/180 1422/1422/180
f 1429/1429/180 1422/1422/180 1425/1425/180
f 1428/1428/4 1427/1427/4 1423/1423/4
f 1428/1428/4 1423/1423/4 1422/1422/4
f 1427/1427/173 1426/1426/173 1424/1424/173
f 1427/1427/173 1424/1424/173 1423/1423/173
f 1430/1430/5 1431/1431/5 1432/1432/5
f 1430/1430/5 1432/1432/5 1433/1433/5
f 1434/1434/9 1435/1435/9 1436/1436/9
f 1434/1434/9 1436/1436/9 1437/1437/9
f 1434/1434/6 1437/1437/6 1433/1433/6
f 1434/1434/6 1433/1433/6 1432/1432/6
f 1437/1437/24 1436/1436/24 1430/1430/24
f 1437/1437/172 1430/1430/172 1433/1433/172
f 1436/1436/4 1435/1435/4 1431/1431/4
f 1436/1436/4 1431/1431/4 1430/1430/4
f 1435/1435/164 1434/1434/164 1432/1432/164
f 1435/1435/163 1432/1432/163 1431/1431/163
f 1438/1438/135 1439/1439/135 1440/1440/135
f 1438/1438/135 1440/1440/135 1441/1441/135
f 1442/1442/140 1438/1438/140 1441/1441/140
f 1442/1442/240 1441/1441/240 54/54/240
f 1443/1443/152 1442/1442/152 54/54/152
f 1443/1443/152 54/54/152 48/48/152
f 1439/1439/153 1443/1443/153 48/48/153
f 1439/1439/241 48/48/241 1440/1440/241
f 1444/1444/148 1445/1445/148 1446/1446/148
f 1444/1444/148 1446/1446/148 36/36/148
f 36/36/150 1446/1446/150 1447/1447/150
f 36/36/242 1447/1447/242 42/42/242
f 42/42/148 1447/1447/148 1448/1448/148
f 42/42/148 1448/1448/148 38/38/148
f 38/38/150 1448/1448/150 1445/1445/150
f 38/38/13 1445/1445/13 1444/1444/13
f 1449/1449/135 1450/1450/135 1451/1451/135
f 1449/1449/135 1451/1451/135 1452/1452/135
f 1453/1453/18 1449/1449/18 1452/1452/18
f 1453/1453/5 1452/1452/5 1454/1454/5
f 1455/1455/135 1453/1453/135 1454/1454/135
f 1455/1455/135 1454/1454/135 1456/1456/135
f 1450/1450/208 1455/1455/208 1456/1456/208
f 1450/1450/5 1456/1456/5 1451/1451/5
f 1457/1457/148 1458/1458/148 1459/1459/148
f 1457/1457/148 1459/1459/148 1460/1460/148
f 1460/1460/9 1459/1459/9 1461/1461/9
f 1460/1460/206 1461/1461/206 1462/1462/206
f 1462/1462/148 1461/1461/148 1463/1463/148
f 1462/1462/148 1463/1463/148 1464/1464/148
f 1464/1464/159 1463/1463/159 1458/1458/159
f 1464/1464/14 1458/1458/14 1457/1457/14
f 1465/1465/135 1466/1466/135 1467/1467/135
f 1465/1465/135 1467/1467/135 1457/1457/135
f 1468/1468/23 1465/1465/23 1457/1457/23
f 1468/1468/25 1457/1457/25 1464/1464/25
f 1469/1469/135 1468/1468/135 1464/1464/135
f 1469/1469/135 1464/1464/135 1470/1470/135
f 1466/1466/140 1469/1469/140 1470/1470/140
f 1466/1466/5 1470/1470/5 1467/1467/5
f 1471/1471/154 1472/1472/154 1473/1473/154
f 1471/1471/154 1473/1473/154 1474/1474/154
f 1474/1474/137 1473/1473/137 1475/1475/137
f 1474/1474/11 1475/1475/11 1476/1476/11
f 1476/1476/148 1475/1475/148 1477/1477/148
f 1476/1476/148 1477/1477/148 1478/1478/148
f 1478/1478/159 1477/1477/159 1472/1472/159
f 1478/1478/159 1472/1472/159 1471/1471/159
f 1444/1444/2 36/36/2 1441/1441/2
f 1444/1444/2 1441/1441/2 1440/1440/2
f 1446/1446/1 1445/1445/1 1439/1439/1
f 1446/1446/1 1439/1439/1 1438/1438/1
f 36/36/6 42/42/6 54/54/6
f 36/36/6 54/54/6 1441/1441/6
f 1447/1447/4 1446/1446/4 1438/1438/4
f 1447/1447/4 1438/1438/4 1442/1442/4
f 42/42/1 38/38/1 48/48/1
f 42/42/1 48/48/1 54/54/1
f 1448/1448/2 1447/1447/2 1442/1442/2
f 1448/1448/2 1442/1442/2 1443/1443/2
f 38/38/4 1444/1444/4 1440/1440/4
f 38/38/4 1440/1440/4 48/48/4
f 1445/1445/6 1448/1448/6 1443/1443/6
f 1445/1445/6 1443/1443/6 1439/1439/6
f 1457/1457/163 1460/1460/163 1452/1452/163
f 1457/1457/163 1452/1452/163 1451/1451/163
f 1459/1459/24 1458/1458/24 1450/1450/24
f 1459/1459/24 1450/1450/24 1449/1449/24
f 1460/1460/6 1462/1462/6 1454/1454/6
f 1460/1460/6 1454/1454/6 1452/1452/6
f 1461/1461/4 1459/1459/4 1449/1449/4
f 1461/1461/4 1449/1449/4 1453/1453/4
f 1462/1462/24 1464/1464/24 1456/1456/24
f 1462/1462/24 1456/1456/24 1454/1454/24
f 1463/1463/163 1461/1461/163 1453/1453/163
f 1463/1463/163 1453/1453/163 1455/1455/163
f 1464/1464/4 1457/1457/4 1451/1451/4
f 1464/1464/4 1451/1451/4 1456/1456/4
f 1458/1458/6 1463/1463/6 1455/1455/6
f 1458/1458/6 1455/1455/6 1450/1450/6
f 1471/1471/2 1474/1474/2 1457/1457/2
f 1471/1471/2 1457/1457/2 1467/1467/2
f 1473/1473/24 1472/1472/24 1466/1466/24
f 1473/1473/1 1466/1466/1 1465/1465/1
f 1474/1474/6 1476/1476/6 1464/1464/6
f 1474/1474/6 1464/1464/6 1457/1457/6
f 1475/1475/4 1473/1473/4 1465/1465/4
f 1475/1475/4 1465/1465/4 1468/1468/4
f 1476/1476/1 1478/1478/1 1470/1470/1
f 1476/1476/24 1470/1470/24 1464/1464/24
f 1477/1477/163 1475/1475/163 1468/1468/163
f 1477/1477/2 1468/1468/2 1469/1469/2
f 1478/1478/4 1471/1471/4 1467/1467/4
f 1478/1478/4 1467/1467/4 1470/1470/4
f 1472/1472/6 1477/1477/6 1469/1469/6
f 1472/1472/6 1469/1469/6 1466/1466/6
f 1479/1479/23 1480/1480/23 1481/1481/23
f 1479/1479/5 1481/1481/5 1482/1482/5
f 1483/1483/9 1484/1484/9 1485/1485/9
f 1483/1483/9 1485/1485/9 1486/1486/9
f 1483/1483/6 1486/1486/6 1482/1482/6
f 1483/1483/6 1482/1482/6 1481/1481/6
f 1486/1486/181 1485/1485/181 1479/1479/181
f 1486/1486/180 1479/1479/180 1482/1482/180
f 1485/1485/4 1484/1484/4 1480/1480/4
f 1485/1485/4 1480/1480/4 1479/1479/4
f 1484/1484/163 1483/1483/163 1481/1481/163
f 1484/1484/163 1481/1481/163 1480/1480/163
f 1487/1487/5 1488/1488/5 1489/1489/5
f 1487/1487/5 1489/1489/5 1490/1490/5
f 1491/1491/9 1492/1492/9 1493/1493/9
f 1491/1491/9 1493/1493/9 1494/1494/9
f 1491/1491/6 1494/1494/6 1490/1490/6
f 1491/1491/6 1490/1490/6 1489/1489/6
f 1494/1494/24 1493/1493/24 1487/1487/24
f 1494/1494/172 1487/1487/172 1490/1490/172
f 1493/1493/4 1492/1492/4 1488/1488/4
f 1493/1493/4 1488/1488/4 1487/1487/4
f 1492/1492/165 1491/1491/165 1489/1489/165
f 1492/1492/164 1489/1489/164 1488/1488/164
f 1495/1495/243 1496/1496/243 1497/1497/243
f 1495/1495/243 1497/1497/243 1498/1498/243
f 1496/1496/244 1499/1499/244 1500/1500/244
f 1496/1496/245 1500/1500/245 1497/1497/245
f 1499/1499/246 1501/1501/246 1502/1502/246
f 1499/1499/246 1502/1502/246 1500/1500/246
f 1501/1501/247 1495/1495/247 1498/1498/247
f 1501/1501/248 1498/1498/248 1502/1502/248
f 1503/1503/249 1504/1504/249 1505/1505/249
f 1503/1503/250 1505/1505/250 1506/1506/250
f 1504/1504/251 1496/1496/251 1507/1507/251
f 1504/1504/252 1507/1507/252 1505/1505/252
f 1496/1496/253 1495/1495/253 1508/1508/253
f 1496/1496/253 1508/1508/253 1507/1507/253
f 1495/1495/254 1503/1503/254 1506/1506/254
f 1495/1495/255 1506/1506/255 1508/1508/255
f 1509/1509/256 213/213/256 215/215/256
f 1509/1509/256 215/215/256 1510/1510/256
f 1511/1511/256 212/212/256 213/213/256
f 1511/1511/257 213/213/257 1509/1509/257
f 1512/1512/256 214/214/256 212/212/256
f 1512/1512/256 212/212/256 1511/1511/256
f 1510/1510/256 215/215/256 214/214/256
f 1510/1510/258 214/214/258 1512/1512/258
f 1513/1513/259 216/216/259 217/217/259
f 1513/1513/259 217/217/259 1514/1514/259
f 1515/1515/260 213/213/260 216/216/260
f 1515/1515/261 216/216/261 1513/1513/261
f 1516/1516/259 215/215/259 213/213/259
f 1516/1516/259 213/213/259 1515/1515/259
f 1514/1514/262 217/217/262 215/215/262
f 1514/1514/261 215/215/261 1516/1516/261
f 1498/1498/263 1497/1497/263 1509/1509/263
f 1498/1498/263 1509/1509/263 1510/1510/263
f 1499/1499/264 1496/1496/264 213/213/264
f 1499/1499/133 213/213/133 212/212/133
f 1497/1497/265 1500/1500/265 1511/1511/265
f 1497/1497/266 1511/1511/266 1509/1509/266
f 1501/1501/263 1499/1499/263 212/212/263
f 1501/1501/263 212/212/263 214/214/263
f 1500/1500/267 1502/1502/267 1512/1512/267
f 1500/1500/268 1512/1512/268 1511/1511/268
f 1495/1495/269 1501/1501/269 214/214/269
f 1495/1495/270 214/214/270 215/215/270
f 1502/1502/271 1498/1498/271 1510/1510/271
f 1502/1502/272 1510/1510/272 1512/1512/272
f 1504/1504/273 1503/1503/273 217/217/273
f 1504/1504/274 217/217/274 216/216/274
f 1506/1506/275 1505/1505/275 1513/1513/275
f 1506/1506/275 1513/1513/275 1514/1514/275
f 1496/1496/276 1504/1504/276 216/216/276
f 1496/1496/139 216/216/139 213/213/139
f 1505/1505/277 1507/1507/277 1515/1515/277
f 1505/1505/8 1515/1515/8 1513/1513/8
f 1507/1507/274 1508/1508/274 1516/1516/274
f 1507/1507/274 1516/1516/274 1515/1515/274
f 1503/1503/278 1495/1495/278 215/215/278
f 1503/1503/279 215/215/279 217/217/279
f 1508/1508/280 1506/1506/280 1514/1514/280
f 1508/1508/7 1514/1514/7 1516/1516/7
f 1511/1511/246 1512/1512/246 1510/1510/246
f 1511/1511/246 1510/1510/246 1509/1509/246
f 1515/1515/249 1516/1516/249 1514/1514/249
f 1515/1515/249 1514/1514/249 1513/1513/249
f 1517/1517/9 1518/1518/9 1519/1519/9
f 1517/1517/9 1519/1519/9 1520/1520/9
f 1518/1518/9 1521/1521/9 1522/1522/9
f 1518/1518/9 1522/1522/9 1519/1519/9
f 1523/1523/5 1496/1496/5 1524/1524/5
f 1523/1523/5 1524/1524/5 1525/1525/5
f 1526/1526/5 1527/1527/5 1496/1496/5
f 1526/1526/5 1496/1496/5 1523/1523/5
f 1523/1523/120 1525/1525/120 1520/1520/120
f 1523/1523/281 1520/1520/281 1519/1519/281
f 1525/1525/2 1524/1524/2 1517/1517/2
f 1525/1525/2 1517/1517/2 1520/1520/2
f 1524/1524/282 1496/1496/282 1518/1518/282
f 1524/1524/246 1518/1518/246 1517/1517/246
f 1526/1526/283 1523/1523/283 1519/1519/283
f 1526/1526/284 1519/1519/284 1522/1522/284
f 1496/1496/249 1527/1527/249 1521/1521/249
f 1496/1496/250 1521/1521/250 1518/1518/250
f 1527/1527/1 1526/1526/1 1522/1522/1
f 1527/1527/24 1522/1522/24 1521/1521/24
f 1528/1528/285 1529/1529/285 1530/1530/285
f 1531/1531/286 1532/1532/286 1533/1533/286
f 1534/1534/287 1535/1535/287 1536/1536/287
f 1537/1537/288 1538/1538/288 1539/1539/288
f 1540/1540/289 1541/1541/289 1542/1542/289
f 1538/1538/290 1543/1543/290 1539/1539/290
f 1544/1544/5 1538/1538/5 1545/1545/5
f 1546/1546/2 1547/1547/2 1538/1538/2
f 1548/1548/9 1549/1549/9 1547/1547/9
f 1550/1550/291 1551/1551/291 1546/1546/291
f 1538/1538/292 1552/1552/292 1553/1553/292
f 1554/1554/293 1538/1538/293 1551/1551/293
f 1555/1555/294 1546/1546/294 1539/1539/294
f 1540/1540/295 1547/1547/295 1556/1556/295
f 1539/1539/296 1546/1546/296 1557/1557/296
f 1558/1558/297 1547/1547/297 1559/1559/297
f 1560/1560/298 1561/1561/298 1562/1562/298
f 1563/1563/299 1558/1558/299 1564/1564/299
f 1565/1565/300 1566/1566/300 1567/1567/300
f 1547/1547/301 1568/1568/301 1559/1559/301
f 1569/1569/286 1570/1570/286 1571/1571/286
f 1565/1565/302 1570/1570/302 1572/1572/302
f 1573/1573/303 1535/1535/303 1528/1528/303
f 1574/1574/304 1560/1560/304 1528/1528/304
f 1549/1549/305 1574/1574/305 1529/1529/305
f 1530/1530/306 1549/1549/306 1529/1529/306
f 1533/1533/307 1575/1575/307 1532/1532/307
f 1576/1576/308 1533/1533/308 1531/1531/308
f 1577/1577/309 1576/1576/309 1531/1531/309
f 1538/1538/310 1536/1536/310 1534/1534/310
f 1573/1573/310 1575/1575/310 1535/1535/310
f 1541/1541/311 1555/1555/311 1542/1542/311
f 1560/1560/312 1573/1573/312 1528/1528/312
f 1547/1547/313 1578/1578/313 1579/1579/313
f 1547/1547/314 1555/1555/314 1539/1539/314
f 1572/1572/315 1570/1570/315 1580/1580/315
f 1537/1537/316 1539/1539/316 1557/1557/316
f 1565/1565/317 1577/1577/317 1532/1532/317
f 1528/1528/285 1574/1574/285 1529/1529/285
f 1531/1531/286 1577/1577/286 1532/1532/286
f 1534/1534/287 1575/1575/287 1535/1535/287
f 1548/1548/318 1541/1541/318 1556/1556/318
f 1544/1544/5 1546/1546/5 1538/1538/5
f 1546/1546/2 1548/1548/2 1547/1547/2
f 1548/1548/9 1581/1581/9 1549/1549/9
f 1549/1549/319 1564/1564/319 1582/1582/319
f 1547/1547/320 1579/1579/320 1556/1556/320
f 1538/1538/321 1537/1537/321 1551/1551/321
f 1568/1568/322 1547/1547/322 1536/1536/322
f 1542/1542/323 1547/1547/323 1540/1540/323
f 1551/1551/324 1537/1537/324 1557/1557/324
f 1541/1541/325 1540/1540/325 1556/1556/325
f 1558/1558/326 1583/1583/326 1562/1562/326
f 1560/1560/327 1584/1584/327 1561/1561/327
f 1585/1585/328 1586/1586/328 1587/1587/328
f 1576/1576/329 1569/1569/329 1571/1571/329
f 1536/1536/330 1547/1547/330 1530/1530/330
f 1552/1552/331 1576/1576/331 1571/1571/331
f 1565/1565/332 1567/1567/332 1570/1570/332
f 1588/1588/333 1553/1553/333 1559/1559/333
f 1553/1553/334 1552/1552/334 1566/1566/334
f 1566/1566/335 1573/1573/335 1583/1583/335
f 1566/1566/334 1552/1552/334 1567/1567/334
f 1535/1535/336 1530/1530/336 1528/1528/336
f 1549/1549/337 1563/1563/337 1564/1564/337
f 1549/1549/305 1582/1582/305 1574/1574/305
f 1530/1530/338 1547/1547/338 1549/1549/338
f 1538/1538/339 1534/1534/339 1533/1533/339
f 1576/1576/340 1538/1538/340 1533/1533/340
f 1577/1577/341 1580/1580/341 1576/1576/341
f 1573/1573/310 1589/1589/310 1575/1575/310
f 1575/1575/342 1589/1589/342 1532/1532/342
f 1538/1538/343 1588/1588/343 1559/1559/343
f 1572/1572/344 1580/1580/344 1577/1577/344
f 1573/1573/345 1560/1560/345 1583/1583/345
f 1558/1558/326 1559/1559/326 1583/1583/326
f 1575/1575/346 1533/1533/346 1566/1566/346
f 1536/1536/347 1530/1530/347 1559/1559/347
f 1583/1583/348 1560/1560/348 1562/1562/348
f 1590/1590/341 1591/1591/341 1592/1592/341
f 1593/1593/310 1594/1594/310 1595/1595/310
f 1596/1596/349 1597/1597/349 1598/1598/349
f 1599/1599/350 1600/1600/350 1601/1601/350
f 1598/1598/351 1597/1597/351 1602/1602/351
f 1598/1598/352 1603/1603/352 1604/1604/352
f 1605/1605/353 1606/1606/353 1598/1598/353
f 1606/1606/354 1605/1605/354 1607/1607/354
f 1608/1608/355 1603/1603/355 1609/1609/355
f 1610/1610/356 1611/1611/356 1612/1612/356
f 1613/1613/357 1609/1609/357 1598/1598/357
f 1614/1614/358 1597/1597/358 1603/1603/358
f 1599/1599/359 1615/1615/359 1605/1605/359
f 1616/1616/360 1617/1617/360 1618/1618/360
f 1597/1597/361 1619/1619/361 1603/1603/361
f 1620/1620/362 1621/1621/362 1622/1622/362
f 1623/1623/363 1624/1624/363 1618/1618/363
f 1625/1625/364 1616/1616/364 1620/1620/364
f 1626/1626/365 1627/1627/365 1628/1628/365
f 1622/1622/366 1621/1621/366 1629/1629/366
f 1630/1630/367 1631/1631/367 1632/1632/367
f 1626/1626/368 1633/1633/368 1632/1632/368
f 1634/1634/369 1635/1635/369 1636/1636/369
f 1637/1637/370 1635/1635/370 1623/1623/370
f 1617/1617/371 1638/1638/371 1637/1637/371
f 1639/1639/372 1638/1638/372 1617/1617/372
f 1640/1640/373 1641/1641/373 1642/1642/373
f 1643/1643/374 1644/1644/374 1640/1640/374
f 1645/1645/375 1644/1644/375 1643/1643/375
f 1610/1610/376 1646/1646/376 1647/1647/376
f 1634/1634/377 1636/1636/377 1642/1642/377
f 1601/1601/378 1600/1600/378 1614/1614/378
f 1623/1623/379 1635/1635/379 1634/1634/379
f 1605/1605/380 1648/1648/380 1649/1649/380
f 1605/1605/381 1597/1597/381 1614/1614/381
f 1633/1633/382 1650/1650/382 1632/1632/382
f 1596/1596/383 1619/1619/383 1597/1597/383
f 1626/1626/384 1641/1641/384 1645/1645/384
f 1585/1585/328 1587/1587/328 1651/1651/328
f 1590/1590/341 1592/1592/341 1652/1652/341
f 1593/1593/310 1595/1595/310 1653/1653/310
f 1606/1606/385 1615/1615/385 1601/1601/385
f 1606/1606/8 1607/1607/8 1654/1654/8
f 1603/1603/201 1655/1655/201 1604/1604/201
f 1605/1605/386 1615/1615/386 1648/1648/386
f 1598/1598/387 1609/1609/387 1596/1596/387
f 1629/1629/388 1647/1647/388 1622/1622/388
f 1609/1609/389 1619/1619/389 1596/1596/389
f 1601/1601/390 1615/1615/390 1599/1599/390
f 1620/1620/391 1624/1624/391 1656/1656/391
f 1623/1623/392 1618/1618/392 1657/1657/392
f 1643/1643/393 1631/1631/393 1630/1630/393
f 1647/1647/394 1639/1639/394 1622/1622/394
f 1612/1612/395 1631/1631/395 1643/1643/395
f 1626/1626/396 1632/1632/396 1627/1627/396
f 1658/1658/397 1621/1621/397 1611/1611/397
f 1611/1611/398 1628/1628/398 1612/1612/398
f 1628/1628/399 1656/1656/399 1634/1634/399
f 1628/1628/307 1627/1627/307 1612/1612/307
f 1636/1636/400 1635/1635/400 1639/1639/400
f 1617/1617/401 1616/1616/401 1625/1625/401
f 1617/1617/402 1637/1637/402 1659/1659/402
f 1639/1639/403 1617/1617/403 1622/1622/403
f 1610/1610/404 1640/1640/404 1646/1646/404
f 1643/1643/405 1640/1640/405 1610/1610/405
f 1645/1645/406 1643/1643/406 1650/1650/406
f 1606/1606/407 1603/1603/407 1598/1598/407
f 1634/1634/377 1642/1642/377 1660/1660/377
f 1642/1642/408 1641/1641/408 1660/1660/408
f 1610/1610/409 1621/1621/409 1658/1658/409
f 1633/1633/410 1645/1645/410 1650/1650/410
f 1634/1634/411 1656/1656/411 1623/1623/411
f 1620/1620/412 1656/1656/412 1621/1621/412
f 1642/1642/413 1628/1628/413 1640/1640/413
f 1533/1533/414 1591/1591/414 1590/1590/415
f 1647/1647/416 1621/1621/416 1639/1639/416
f 1656/1656/417 1624/1624/417 1623/1623/417
f 1533/1533/418 1590/1590/418 1531/1531/418
f 1528/1528/419 1651/1651/419 1574/1574/419
f 1534/1534/420 1653/1653/420 1575/1575/420
f 1531/1531/421 1652/1652/421 1577/1577/422
f 1574/1574/423 1587/1587/423 1529/1529/423
f 1575/1575/424 1595/1595/424 1535/1535/424
f 1529/1529/425 1586/1586/425 1530/1530/425
f 1577/1577/426 1592/1592/426 1532/1532/426
f 1532/1532/427 1591/1591/428 1533/1533/427
f 1535/1535/429 1594/1594/429 1536/1536/429
f 1528/1528/430 1586/1586/430 1585/1585/430
f 1536/1536/431 1593/1593/431 1534/1534/431
f 1614/1614/432 1600/1600/432 1599/1599/432
f 1528/1528/433 1585/1585/433 1651/1651/433
f 1534/1534/434 1593/1593/434 1653/1653/434
f 1531/1531/435 1590/1590/435 1652/1652/435
f 1574/1574/436 1651/1651/436 1587/1587/436
f 1575/1575/437 1653/1653/437 1595/1595/437
f 1529/1529/438 1587/1587/438 1586/1586/438
f 1577/1577/439 1652/1652/439 1592/1592/439
f 1532/1532/440 1592/1592/440 1591/1591/440
f 1535/1535/441 1595/1595/442 1594/1594/442
f 1528/1528/443 1530/1530/443 1586/1586/443
f 1536/1536/444 1594/1594/444 1593/1593/444
f 1538/1538/4 1661/1661/4 1545/1545/4
f 1550/1550/163 1545/1545/163 1554/1554/163
f 1547/1547/4 1543/1543/4 1538/1538/4
f 1546/1546/445 1555/1555/445 1548/1548/445
f 1574/1574/446 1584/1584/446 1560/1560/446
f 1581/1581/2 1662/1662/2 1549/1549/2
f 1579/1579/447 1662/1662/447 1556/1556/447
f 1548/1548/6 1662/1662/6 1581/1581/6
f 1564/1564/448 1561/1561/448 1582/1582/448
f 1662/1662/449 1548/1548/449 1556/1556/449
f 1584/1584/450 1582/1582/450 1561/1561/450
f 1568/1568/451 1538/1538/451 1559/1559/451
f 1588/1588/452 1538/1538/452 1553/1553/452
f 1565/1565/453 1589/1589/453 1566/1566/453
f 1533/1533/454 1534/1534/454 1553/1553/454
f 1589/1589/455 1565/1565/455 1532/1532/455
f 1545/1545/2 1661/1661/2 1554/1554/2
f 1562/1562/456 1530/1530/456 1558/1558/456
f 1561/1561/457 1528/1528/457 1562/1562/457
f 1552/1552/331 1538/1538/331 1576/1576/331
f 1564/1564/188 1574/1574/188 1561/1561/188
f 1558/1558/458 1529/1529/458 1564/1564/458
f 1567/1567/459 1533/1533/459 1532/1532/459
f 1571/1571/460 1533/1533/460 1552/1552/460
f 1571/1571/461 1577/1577/461 1531/1531/461
f 1572/1572/462 1577/1577/462 1565/1565/462
f 1567/1567/463 1577/1577/463 1570/1570/463
f 1553/1553/464 1536/1536/464 1559/1559/464
f 1566/1566/465 1533/1533/465 1553/1553/465
f 1583/1583/466 1575/1575/466 1566/1566/466
f 1559/1559/467 1530/1530/467 1583/1583/467
f 1661/1661/468 1538/1538/468 1554/1554/468
f 1543/1543/469 1547/1547/469 1539/1539/469
f 1546/1546/6 1544/1544/6 1550/1550/6
f 1554/1554/190 1551/1551/190 1550/1550/190
f 1550/1550/2 1544/1544/2 1545/1545/2
f 1551/1551/470 1557/1557/470 1546/1546/470
f 1547/1547/4 1549/1549/4 1578/1578/4
f 1579/1579/2 1578/1578/2 1549/1549/2
f 1574/1574/471 1582/1582/471 1584/1584/471
f 1662/1662/190 1579/1579/190 1549/1549/190
f 1555/1555/472 1541/1541/472 1548/1548/472
f 1569/1569/473 1576/1576/473 1570/1570/473
f 1558/1558/474 1563/1563/474 1549/1549/474
f 1538/1538/475 1568/1568/475 1536/1536/475
f 1542/1542/476 1555/1555/476 1547/1547/476
f 1562/1562/477 1528/1528/477 1530/1530/477
f 1566/1566/335 1589/1589/335 1573/1573/335
f 1561/1561/478 1574/1574/478 1528/1528/478
f 1564/1564/194 1529/1529/194 1574/1574/194
f 1547/1547/479 1558/1558/479 1549/1549/479
f 1558/1558/480 1530/1530/480 1529/1529/480
f 1567/1567/481 1552/1552/481 1533/1533/481
f 1571/1571/482 1531/1531/482 1533/1533/482
f 1570/1570/483 1576/1576/483 1580/1580/483
f 1571/1571/484 1570/1570/484 1577/1577/484
f 1567/1567/485 1532/1532/485 1577/1577/485
f 1553/1553/486 1534/1534/486 1536/1536/486
f 1530/1530/487 1535/1535/487 1583/1583/487
f 1583/1583/488 1535/1535/488 1575/1575/488
f 1598/1598/6 1604/1604/6 1663/1663/6
f 1608/1608/489 1613/1613/489 1604/1604/489
f 1605/1605/490 1598/1598/490 1602/1602/490
f 1603/1603/491 1606/1606/491 1614/1614/491
f 1637/1637/492 1623/1623/492 1657/1657/492
f 1654/1654/174 1607/1607/174 1664/1664/174
f 1648/1648/493 1615/1615/493 1664/1664/493
f 1606/1606/494 1654/1654/494 1664/1664/494
f 1664/1664/495 1615/1615/495 1606/1606/495
f 1657/1657/496 1618/1618/496 1659/1659/496
f 1629/1629/497 1621/1621/497 1610/1610/497
f 1658/1658/498 1611/1611/498 1610/1610/498
f 1626/1626/499 1628/1628/499 1660/1660/499
f 1640/1640/500 1611/1611/500 1646/1646/500
f 1660/1660/501 1641/1641/501 1626/1626/501
f 1604/1604/213 1613/1613/213 1663/1663/213
f 1639/1639/502 1635/1635/502 1620/1620/502
f 1618/1618/503 1624/1624/503 1635/1635/503
f 1612/1612/504 1643/1643/504 1610/1610/504
f 1616/1616/505 1618/1618/505 1637/1637/505
f 1638/1638/506 1639/1639/506 1616/1616/506
f 1640/1640/507 1612/1612/507 1641/1641/507
f 1640/1640/508 1644/1644/508 1612/1612/508
f 1631/1631/509 1644/1644/509 1645/1645/509
f 1633/1633/510 1626/1626/510 1645/1645/510
f 1645/1645/511 1641/1641/511 1632/1632/511
f 1647/1647/512 1646/1646/512 1621/1621/512
f 1628/1628/513 1611/1611/513 1640/1640/513
f 1642/1642/514 1636/1636/514 1628/1628/514
f 1621/1621/515 1656/1656/515 1639/1639/515
f 1663/1663/516 1613/1613/516 1598/1598/516
f 1602/1602/517 1597/1597/517 1605/1605/517
f 1635/1635/518 1624/1624/518 1620/1620/518
f 1617/1617/519 1659/1659/519 1618/1618/519
f 1603/1603/520 1608/1608/520 1655/1655/520
f 1613/1613/521 1608/1608/521 1609/1609/521
f 1608/1608/172 1604/1604/172 1655/1655/172
f 1609/1609/522 1603/1603/522 1619/1619/522
f 1605/1605/219 1649/1649/219 1607/1607/219
f 1648/1648/213 1607/1607/213 1649/1649/213
f 1637/1637/523 1657/1657/523 1659/1659/523
f 1664/1664/24 1607/1607/24 1648/1648/24
f 1605/1605/524 1614/1614/524 1599/1599/524
f 1614/1614/525 1606/1606/525 1601/1601/525
f 1630/1630/526 1632/1632/526 1643/1643/526
f 1620/1620/527 1617/1617/527 1625/1625/527
f 1610/1610/528 1647/1647/528 1629/1629/528
f 1641/1641/529 1627/1627/529 1632/1632/529
f 1628/1628/399 1634/1634/399 1660/1660/399
f 1618/1618/530 1635/1635/530 1637/1637/530
f 1616/1616/531 1637/1637/531 1638/1638/531
f 1622/1622/532 1617/1617/532 1620/1620/532
f 1636/1636/486 1656/1656/486 1628/1628/486
f 1646/1646/533 1611/1611/533 1621/1621/533
f 1639/1639/534 1620/1620/534 1616/1616/534
f 1632/1632/535 1650/1650/535 1643/1643/535
f 1631/1631/536 1645/1645/536 1632/1632/536
f 1612/1612/537 1627/1627/537 1641/1641/537
f 1644/1644/538 1631/1631/538 1612/1612/538
f 1639/1639/539 1656/1656/539 1636/1636/539
f 1538/1538/9 1665/1665/9 1545/1545/9
f 1547/1547/1 1666/1666/1 1538/1538/1
f 1549/1549/5 1667/1667/5 1547/1547/5
f 1668/1668/6 1669/1669/6 1667/1667/6
f 1669/1669/6 1666/1666/6 1667/1667/6
f 1670/1670/6 1665/1665/6 1666/1666/6
f 1671/1671/2 1549/1549/2 1582/1582/2
f 1538/1538/9 1666/1666/9 1665/1665/9
f 1547/1547/1 1667/1667/1 1666/1666/1
f 1549/1549/5 1668/1668/5 1667/1667/5
f 1668/1668/6 1671/1671/6 1669/1669/6
f 1669/1669/6 1670/1670/6 1666/1666/6
f 1670/1670/6 1672/1672/6 1665/1665/6
f 1671/1671/2 1668/1668/2 1549/1549/2
f 1673/1673/4 1674/1674/4 1675/1675/4
f 1673/1673/4 1675/1675/4 1676/1676/4
f 1674/1674/4 1677/1677/4 1678/1678/4
f 1674/1674/4 1678/1678/4 1675/1675/4
f 1677/1677/4 1679/1679/4 1680/1680/4
f 1677/1677/4 1680/1680/4 1678/1678/4
f 1679/1679/4 1673/1673/4 1676/1676/4
f 1679/1679/4 1676/1676/4 1680/1680/4
f 1681/1681/6 1682/1682/6 1683/1683/6
f 1681/1681/6 1683/1683/6 1684/1684/6
f 1682/1682/6 1685/1685/6 1686/1686/6
f 1682/1682/6 1686/1686/6 1683/1683/6
f 1685/1685/6 1687/1687/6 1688/1688/6
f 1685/1685/6 1688/1688/6 1686/1686/6
f 1687/1687/6 1681/1681/6 1684/1684/6
f 1687/1687/6 1684/1684/6 1688/1688/6
f 1689/1689/4 1690/1690/4 1691/1691/4
f 1689/1689/4 1691/1691/4 1692/1692/4
f 1690/1690/4 1693/1693/4 1694/1694/4
f 1690/1690/4 1694/1694/4 1691/1691/4
f 1693/1693/4 1695/1695/4 1696/1696/4
f 1693/1693/4 1696/1696/4 1694/1694/4
f 1695/1695/4 1689/1689/4 1692/1692/4
f 1695/1695/4 1692/1692/4 1696/1696/4
f 1697/1697/4 1698/1698/4 1699/1699/4
f 1697/1697/4 1699/1699/4 1700/1700/4
f 1698/1698/4 1701/1701/4 1702/1702/4
f 1698/1698/4 1702/1702/4 1699/1699/4
f 1701/1701/4 1703/1703/4 1704/1704/4
f 1701/1701/4 1704/1704/4 1702/1702/4
f 1703/1703/4 1697/1697/4 1700/1700/4
f 1703/1703/4 1700/1700/4 1704/1704/4
f 1705/1705/6 1706/1706/6 1707/1707/6
f 1705/1705/6 1707/1707/6 1708/1708/6
f 1706/1706/6 1709/1709/6 1710/1710/6
f 1706/1706/6 1710/1710/6 1707/1707/6
f 1709/1709/6 1711/1711/6 1712/1712/6
f 1709/1709/6 1712/1712/6 1710/1710/6
f 1711/1711/6 1705/1705/6 1708/1708/6
f 1711/1711/6 1708/1708/6 1712/1712/6
f 1713/1713/4 1714/1714/4 1715/1715/4
f 1713/1713/4 1715/1715/4 1716/1716/4
f 1714/1714/4 1717/1717/4 1718/1718/4
f 1714/1714/4 1718/1718/4 1715/1715/4
f 1717/1717/4 1719/1719/4 1720/1720/4
f 1717/1717/4 1720/1720/4 1718/1718/4
f 1719/1719/4 1713/1713/4 1716/1716/4
f 1719/1719/4 1716/1716/4 1720/1720/4
f 1721/1721/4 1722/1722/4 1723/1723/4
f 1721/1721/4 1723/1723/4 1724/1724/4
f 1722/1722/4 1725/1725/4 1726/1726/4
f 1722/1722/4 1726/1726/4 1723/1723/4
f 1725/1725/4 1727/1727/4 1728/1728/4
f 1725/1725/4 1728/1728/4 1726/1726/4
f 1727/1727/4 1721/1721/4 1724/1724/4
f 1727/1727/4 1724/1724/4 1728/1728/4
f 1729/1729/6 1730/1730/6 1731/1731/6
f 1729/1729/6 1731/1731/6 1732/1732/6
f 1730/1730/6 1733/1733/6 1734/1734/6
f 1730/1730/6 1734/1734/6 1731/1731/6
f 1733/1733/6 1735/1735/6 1736/1736/6
f 1733/1733/6 1736/1736/6 1734/1734/6
f 1735/1735/6 1729/1729/6 1732/1732/6
f 1735/1735/6 1732/1732/6 1736/1736/6
f 1737/1737/4 1738/1738/4 1739/1739/4
f 1737/1737/4 1739/1739/4 1740/1740/4
f 1738/1738/4 1741/1741/4 1742/1742/4
f 1738/1738/4 1742/1742/4 1739/1739/4
f 1741/1741/4 1743/1743/4 1744/1744/4
f 1741/1741/4 1744/1744/4 1742/1742/4
f 1743/1743/4 1737/1737/4 1740/1740/4
f 1743/1743/4 1740/1740/4 1744/1744/4
f 1745/1745/4 1746/1746/4 1747/1747/4
f 1745/1745/4 1747/1747/4 1748/1748/4
f 1746/1746/4 1749/1749/4 1750/1750/4
f 1746/1746/4 1750/1750/4 1747/1747/4
f 1749/1749/4 1751/1751/4 1752/1752/4
f 1749/1749/4 1752/1752/4 1750/1750/4
f 1751/1751/4 1745/1745/4 1748/1748/4
f 1751/1751/4 1748/1748/4 1752/1752/4
f 1753/1753/6 1754/1754/6 1755/1755/6
f 1753/1753/6 1755/1755/6 1756/1756/6
f 1754/1754/6 1757/1757/6 1758/1758/6
f 1754/1754/6 1758/1758/6 1755/1755/6
f 1757/1757/6 1759/1759/6 1760/1760/6
f 1757/1757/6 1760/1760/6 1758/1758/6
f 1759/1759/6 1753/1753/6 1756/1756/6
f 1759/1759/6 1756/1756/6 1760/1760/6
f 1761/1761/4 1762/1762/4 1763/1763/4
f 1761/1761/4 1763/1763/4 1764/1764/4
f 1762/1762/4 1765/1765/4 1766/1766/4
f 1762/1762/4 1766/1766/4 1763/1763/4
f 1765/1765/4 1767/1767/4 1768/1768/4
f 1765/1765/4 1768/1768/4 1766/1766/4
f 1767/1767/4 1761/1761/4 1764/1764/4
f 1767/1767/4 1764/1764/4 1768/1768/4
f 1769/1769/4 1770/1770/4 1771/1771/4
f 1769/1769/4 1771/1771/4 1772/1772/4
f 1770/1770/4 1773/1773/4 1774/1774/4
f 1770/1770/4 1774/1774/4 1771/1771/4
f 1773/1773/4 1775/1775/4 1776/1776/4
f 1773/1773/4 1776/1776/4 1774/1774/4
f 1775/1775/4 1769/1769/4 1772/1772/4
f 1775/1775/4 1772/1772/4 1776/1776/4
f 1777/1777/6 1778/1778/6 1779/1779/6
f 1777/1777/6 1779/1779/6 1780/1780/6
f 1778/1778/6 1781/1781/6 1782/1782/6
f 1778/1778/6 1782/1782/6 1779/1779/6
f 1781/1781/6 1783/1783/6 1784/1784/6
f 1781/1781/6 1784/1784/6 1782/1782/6
f 1783/1783/6 1777/1777/6 1780/1780/6
f 1783/1783/6 1780/1780/6 1784/1784/6
f 1785/1785/4 1786/1786/4 1787/1787/4
f 1785/1785/4 1787/1787/4 1788/1788/4
f 1786/1786/4 1789/1789/4 1790/1790/4
f 1786/1786/4 1790/1790/4 1787/1787/4
f 1789/1789/4 1791/1791/4 1792/1792/4
f 1789/1789/4 1792/1792/4 1790/1790/4
f 1791/1791/4 1785/1785/4 1788/1788/4
f 1791/1791/4 1788/1788/4 1792/1792/4
f 1793/1793/4 1794/1794/4 1795/1795/4
f 1793/1793/4 1795/1795/4 1796/1796/4
f 1794/1794/4 1797/1797/4 1798/1798/4
f 1794/1794/4 1798/1798/4 1795/1795/4
f 1797/1797/4 1799/1799/4 1800/1800/4
f 1797/1797/4 1800/1800/4 1798/1798/4
f 1799/1799/4 1793/1793/4 1796/1796/4
f 1799/1799/4 1796/1796/4 1800/1800/4
f 1801/1801/6 1802/1802/6 1803/1803/6
f 1801/1801/6 1803/1803/6 1804/1804/6
f 1802/1802/6 1805/1805/6 1806/1806/6
f 1802/1802/6 1806/1806/6 1803/1803/6
f 1805/1805/6 1807/1807/6 1808/1808/6
f 1805/1805/6 1808/1808/6 1806/1806/6
f 1807/1807/6 1801/1801/6 1804/1804/6
f 1807/1807/6 1804/1804/6 1808/1808/6
f 1809/1809/4 1810/1810/4 1811/1811/4
f 1809/1809/4 1811/1811/4 1812/1812/4
f 1810/1810/4 1813/1813/4 1814/1814/4
f 1810/1810/4 1814/1814/4 1811/1811/4
f 1813/1813/4 1815/1815/4 1816/1816/4
f 1813/1813/4 1816/1816/4 1814/1814/4
f 1815/1815/4 1809/1809/4 1812/1812/4
f 1815/1815/4 1812/1812/4 1816/1816/4
f 1817/1817/4 1818/1818/4 1819/1819/4
f 1817/1817/4 1819/1819/4 1820/1820/4
f 1818/1818/4 1821/1821/4 1822/1822/4
f 1818/1818/4 1822/1822/4 1819/1819/4
f 1821/1821/4 1823/1823/4 1824/1824/4
f 1821/1821/4 1824/1824/4 1822/1822/4
f 1823/1823/4 1817/1817/4 1820/1820/4
f 1823/1823/4 1820/1820/4 1824/1824/4
f 1825/1825/6 1826/1826/6 1827/1827/6
f 1825/1825/6 1827/1827/6 1828/1828/6
f 1826/1826/6 1829/1829/6 1830/1830/6
f 1826/1826/6 1830/1830/6 1827/1827/6
f 1829/1829/6 1831/1831/6 1832/1832/6
f 1829/1829/6 1832/1832/6 1830/1830/6
f 1831/1831/6 1825/1825/6 1828/1828/6
f 1831/1831/6 1828/1828/6 1832/1832/6
f 1833/1833/4 1834/1834/4 1835/1835/4
f 1833/1833/4 1835/1835/4 1836/1836/4
f 1834/1834/4 1837/1837/4 1838/1838/4
f 1834/1834/4 1838/1838/4 1835/1835/4
f 1837/1837/4 1839/1839/4 1840/1840/4
f 1837/1837/4 1840/1840/4 1838/1838/4
f 1839/1839/4 1833/1833/4 1836/1836/4
f 1839/1839/4 1836/1836/4 1840/1840/4
f 1841/1841/4 1842/1842/4 1843/1843/4
f 1841/1841/4 1843/1843/4 1844/1844/4
f 1842/1842/4 1845/1845/4 1846/1846/4
f 1842/1842/4 1846/1846/4 1843/1843/4
f 1845/1845/4 1847/1847/4 1848/1848/4
f 1845/1845/4 1848/1848/4 1846/1846/4
f 1847/1847/4 1841/1841/4 1844/1844/4
f 1847/1847/4 1844/1844/4 1848/1848/4
f 1849/1849/6 1850/1850/6 1851/1851/6
f 1849/1849/6 1851/1851/6 1852/1852/6
f 1850/1850/6 1853/1853/6 1854/1854/6
f 1850/1850/6 1854/1854/6 1851/1851/6
f 1853/1853/6 1855/1855/6 1856/1856/6
f 1853/1853/6 1856/1856/6 1854/1854/6
f 1855/1855/6 1849/1849/6 1852/1852/6
f 1855/1855/6 1852/1852/6 1856/1856/6
f 1857/1857/4 1858/1858/4 1859/1859/4
f 1857/1857/4 1859/1859/4 1860/1860/4
f 1858/1858/4 1861/1861/4 1862/1862/4
f 1858/1858/4 1862/1862/4 1859/1859/4
f 1861/1861/4 1863/1863/4 1864/1864/4
f 1861/1861/4 1864/1864/4 1862/1862/4
f 1863/1863/4 1857/1857/4 1860/1860/4
f 1863/1863/4 1860/1860/4 1864/1864/4
f 1865/1865/4 1866/1866/4 1867/1867/4
f 1865/1865/4 1867/1867/4 1868/1868/4
f 1866/1866/4 1869/1869/4 1870/1870/4
f 1866/1866/4 1870/1870/4 1867/1867/4
f 1869/1869/4 1871/1871/4 1872/1872/4
f 1869/1869/4 1872/1872/4 1870/1870/4
f 1871/1871/4 1865/1865/4 1868/1868/4
f 1871/1871/4 1868/1868/4 1872/1872/4
f 1873/1873/6 1874/1874/6 1875/1875/6
f 1873/1873/6 1875/1875/6 1876/1876/6
f 1874/1874/6 1877/1877/6 1878/1878/6
f 1874/1874/6 1878/1878/6 1875/1875/6
f 1877/1877/6 1879/1879/6 1880/1880/6
f 1877/1877/6 1880/1880/6 1878/1878/6
f 1879/1879/6 1873/1873/6 1876/1876/6
f 1879/1879/6 1876/1876/6 1880/1880/6
f 1881/1881/4 1882/1882/4 1883/1883/4
f 1881/1881/4 1883/1883/4 1884/1884/4
f 1882/1882/4 1885/1885/4 1886/1886/4
f 1882/1882/4 1886/1886/4 1883/1883/4
f 1885/1885/4 1887/1887/4 1888/1888/4
f 1885/1885/4 1888/1888/4 1886/1886/4
f 1887/1887/4 1881/1881/4 1884/1884/4
f 1887/1887/4 1884/1884/4 1888/1888/4
f 1889/1889/4 1890/1890/4 1891/1891/4
f 1889/1889/4 1891/1891/4 1892/1892/4
f 1890/1890/4 1893/1893/4 1894/1894/4
f 1890/1890/4 1894/1894/4 1891/1891/4
f 1893/1893/4 1895/1895/4 1896/1896/4
f 1893/1893/4 1896/1896/4 1894/1894/4
f 1895/1895/4 1889/1889/4 1892/1892/4
f 1895/1895/4 1892/1892/4 1896/1896/4
f 1897/1897/6 1898/1898/6 1899/1899/6
f 1897/1897/6 1899/1899/6 1900/1900/6
f 1898/1898/6 1901/1901/6 1902/1902/6
f 1898/1898/6 1902/1902/6 1899/1899/6
f 1901/1901/6 1903/1903/6 1904/1904/6
f 1901/1901/6 1904/1904/6 1902/1902/6
f 1903/1903/6 1897/1897/6 1900/1900/6
f 1903/1903/6 1900/1900/6 1904/1904/6
f 1905/1905/4 1906/1906/4 1907/1907/4
f 1905/1905/4 1907/1907/4 1908/1908/4
f 1906/1906/4 1909/1909/4 1910/1910/4
f 1906/1906/4 1910/1910/4 1907/1907/4
f 1909/1909/4 1911/1911/4 1912/1912/4
f 1909/1909/4 1912/1912/4 1910/1910/4
f 1911/1911/4 1905/1905/4 1908/1908/4
f 1911/1911/4 1908/1908/4 1912/1912/4
f 1913/1913/4 1914/1914/4 1915/1915/4
f 1913/1913/4 1915/1915/4 1916/1916/4
f 1914/1914/4 1917/1917/4 1918/1918/4
f 1914/1914/4 1918/1918/4 1915/1915/4
f 1917/1917/4 1919/1919/4 1920/1920/4
f 1917/1917/4 1920/1920/4 1918/1918/4
f 1919/1919/4 1913/1913/4 1916/1916/4
f 1919/1919/4 1916/1916/4 1920/1920/4
f 1921/1921/6 1922/1922/6 1923/1923/6
f 1921/1921/6 1923/1923/6 1924/1924/6
f 1922/1922/6 1925/1925/6 1926/1926/6
f 1922/1922/6 1926/1926/6 1923/1923/6
f 1925/1925/6 1927/1927/6 1928/1928/6
f 1925/1925/6 1928/1928/6 1926/1926/6
f 1927/1927/6 1921/1921/6 1924/1924/6
f 1927/1927/6 1924/1924/6 1928/1928/6
f 1929/1929/4 1930/1930/4 1931/1931/4
f 1929/1929/4 1931/1931/4 1932/1932/4
f 1930/1930/4 1933/1933/4 1934/1934/4
f 1930/1930/4 1934/1934/4 1931/1931/4
f 1933/1933/4 1935/1935/4 1936/1936/4
f 1933/1933/4 1936/1936/4 1934/1934/4
f 1935/1935/4 1929/1929/4 1932/1932/4
f 1935/1935/4 1932/1932/4 1936/1936/4
f 1937/1937/9 1692/1692/9 1691/1691/9
f 1937/1937/9 1691/1691/9 1938/1938/9
f 1939/1939/2 1696/1696/2 1692/1692/2
f 1939/1939/2 1692/1692/2 1937/1937/2
f 1940/1940/8 1694/1694/8 1696/1696/8
f 1940/1940/8 1696/1696/8 1939/1939/8
f 1938/1938/1 1691/1691/1 1694/1694/1
f 1938/1938/1 1694/1694/1 1940/1940/1
f 1682/1682/9 1681/1681/9 1674/1674/9
f 1682/1682/9 1674/1674/9 1673/1673/9
f 1685/1685/2 1682/1682/2 1673/1673/2
f 1685/1685/2 1673/1673/2 1679/1679/2
f 1687/1687/8 1685/1685/8 1679/1679/8
f 1687/1687/8 1679/1679/8 1677/1677/8
f 1681/1681/1 1687/1687/1 1677/1677/1
f 1681/1681/1 1677/1677/1 1674/1674/1
f 1941/1941/7 1942/1942/7 1684/1684/7
f 1941/1941/7 1684/1684/7 1683/1683/7
f 1943/1943/2 1941/1941/2 1683/1683/2
f 1943/1943/2 1683/1683/2 1686/1686/2
f 1944/1944/5 1943/1943/5 1686/1686/5
f 1944/1944/5 1686/1686/5 1688/1688/5
f 1942/1942/1 1944/1944/1 1688/1688/1
f 1942/1942/1 1688/1688/1 1684/1684/1
f 1942/1942/4 1941/1941/4 1943/1943/4
f 1942/1942/4 1943/1943/4 1944/1944/4
f 1676/1676/7 1675/1675/7 1690/1690/7
f 1676/1676/7 1690/1690/7 1689/1689/7
f 1680/1680/2 1676/1676/2 1689/1689/2
f 1680/1680/2 1689/1689/2 1695/1695/2
f 1678/1678/5 1680/1680/5 1695/1695/5
f 1678/1678/5 1695/1695/5 1693/1693/5
f 1675/1675/1 1678/1678/1 1693/1693/1
f 1675/1675/1 1693/1693/1 1690/1690/1
f 1939/1939/6 1937/1937/6 1938/1938/6
f 1939/1939/6 1938/1938/6 1940/1940/6
f 1945/1945/9 1716/1716/9 1715/1715/9
f 1945/1945/9 1715/1715/9 1946/1946/9
f 1947/1947/2 1720/1720/2 1716/1716/2
f 1947/1947/2 1716/1716/2 1945/1945/2
f 1948/1948/8 1718/1718/8 1720/1720/8
f 1948/1948/8 1720/1720/8 1947/1947/8
f 1946/1946/1 1715/1715/1 1718/1718/1
f 1946/1946/1 1718/1718/1 1948/1948/1
f 1706/1706/7 1705/1705/7 1698/1698/7
f 1706/1706/7 1698/1698/7 1697/1697/7
f 1709/1709/2 1706/1706/2 1697/1697/2
f 1709/1709/2 1697/1697/2 1703/1703/2
f 1711/1711/5 1709/1709/5 1703/1703/5
f 1711/1711/5 1703/1703/5 1701/1701/5
f 1705/1705/1 1711/1711/1 1701/1701/1
f 1705/1705/1 1701/1701/1 1698/1698/1
f 1949/1949/9 1950/1950/9 1708/1708/9
f 1949/1949/9 1708/1708/9 1707/1707/9
f 1951/1951/2 1949/1949/2 1707/1707/2
f 1951/1951/2 1707/1707/2 1710/1710/2
f 1952/1952/8 1951/1951/8 1710/1710/8
f 1952/1952/8 1710/1710/8 1712/1712/8
f 1950/1950/1 1952/1952/1 1712/1712/1
f 1950/1950/1 1712/1712/1 1708/1708/1
f 1950/1950/4 1949/1949/4 1951/1951/4
f 1950/1950/4 1951/1951/4 1952/1952/4
f 1700/1700/7 1699/1699/7 1714/1714/7
f 1700/1700/7 1714/1714/7 1713/1713/7
f 1704/1704/2 1700/1700/2 1713/1713/2
f 1704/1704/2 1713/1713/2 1719/1719/2
f 1702/1702/8 1704/1704/8 1719/1719/8
f 1702/1702/8 1719/1719/8 1717/1717/8
f 1699/1699/1 1702/1702/1 1717/1717/1
f 1699/1699/1 1717/1717/1 1714/1714/1
f 1947/1947/6 1945/1945/6 1946/1946/6
f 1947/1947/6 1946/1946/6 1948/1948/6
f 1953/1953/9 1740/1740/9 1739/1739/9
f 1953/1953/9 1739/1739/9 191/191/9
f 1954/1954/2 1744/1744/2 1740/1740/2
f 1954/1954/2 1740/1740/2 1953/1953/2
f 1955/1955/8 1742/1742/8 1744/1744/8
f 1955/1955/8 1744/1744/8 1954/1954/8
f 191/191/1 1739/1739/1 1742/1742/1
f 191/191/1 1742/1742/1 1955/1955/1
f 1730/1730/7 1729/1729/7 1722/1722/7
f 1730/1730/7 1722/1722/7 1721/1721/7
f 1733/1733/2 1730/1730/2 1721/1721/2
f 1733/1733/2 1721/1721/2 1727/1727/2
f 1735/1735/8 1733/1733/8 1727/1727/8
f 1735/1735/8 1727/1727/8 1725/1725/8
f 1729/1729/1 1735/1735/1 1725/1725/1
f 1729/1729/1 1725/1725/1 1722/1722/1
f 1956/1956/7 1957/1957/7 1732/1732/7
f 1956/1956/7 1732/1732/7 1731/1731/7
f 1958/1958/2 1956/1956/2 1731/1731/2
f 1958/1958/2 1731/1731/2 1734/1734/2
f 1959/1959/5 1958/1958/5 1734/1734/5
f 1959/1959/5 1734/1734/5 1736/1736/5
f 1957/1957/1 1959/1959/1 1736/1736/1
f 1957/1957/1 1736/1736/1 1732/1732/1
f 1957/1957/4 1956/1956/4 1958/1958/4
f 1957/1957/4 1958/1958/4 1959/1959/4
f 1724/1724/7 1723/1723/7 1738/1738/7
f 1724/1724/7 1738/1738/7 1737/1737/7
f 1728/1728/2 1724/1724/2 1737/1737/2
f 1728/1728/2 1737/1737/2 1743/1743/2
f 1726/1726/5 1728/1728/5 1743/1743/5
f 1726/1726/5 1743/1743/5 1741/1741/5
f 1723/1723/1 1726/1726/1 1741/1741/1
f 1723/1723/1 1741/1741/1 1738/1738/1
f 1954/1954/6 1953/1953/6 191/191/6
f 1954/1954/6 191/191/6 1955/1955/6
f 1960/1960/7 1764/1764/7 1763/1763/7
f 1960/1960/7 1763/1763/7 1961/1961/7
f 1962/1962/2 1768/1768/2 1764/1764/2
f 1962/1962/2 1764/1764/2 1960/1960/2
f 1963/1963/5 1766/1766/5 1768/1768/5
f 1963/1963/5 1768/1768/5 1962/1962/5
f 1961/1961/1 1763/1763/1 1766/1766/1
f 1961/1961/1 1766/1766/1 1963/1963/1
f 1754/1754/7 1753/1753/7 1746/1746/7
f 1754/1754/7 1746/1746/7 1745/1745/7
f 1757/1757/2 1754/1754/2 1745/1745/2
f 1757/1757/2 1745/1745/2 1751/1751/2
f 1759/1759/8 1757/1757/8 1751/1751/8
f 1759/1759/8 1751/1751/8 1749/1749/8
f 1753/1753/1 1759/1759/1 1749/1749/1
f 1753/1753/1 1749/1749/1 1746/1746/1
f 1964/1964/9 1965/1965/9 1756/1756/9
f 1964/1964/9 1756/1756/9 1755/1755/9
f 1966/1966/2 1964/1964/2 1755/1755/2
f 1966/1966/2 1755/1755/2 1758/1758/2
f 1967/1967/8 1966/1966/8 1758/1758/8
f 1967/1967/8 1758/1758/8 1760/1760/8
f 1965/1965/1 1967/1967/1 1760/1760/1
f 1965/1965/1 1760/1760/1 1756/1756/1
f 1965/1965/4 1964/1964/4 1966/1966/4
f 1965/1965/4 1966/1966/4 1967/1967/4
f 1748/1748/9 1747/1747/9 1762/1762/9
f 1748/1748/9 1762/1762/9 1761/1761/9
f 1752/1752/2 1748/1748/2 1761/1761/2
f 1752/1752/2 1761/1761/2 1767/1767/2
f 1750/1750/8 1752/1752/8 1767/1767/8
f 1750/1750/8 1767/1767/8 1765/1765/8
f 1747/1747/1 1750/1750/1 1765/1765/1
f 1747/1747/1 1765/1765/1 1762/1762/1
f 1962/1962/6 1960/1960/6 1961/1961/6
f 1962/1962/6 1961/1961/6 1963/1963/6
f 1968/1968/7 1788/1788/7 1787/1787/7
f 1968/1968/7 1787/1787/7 1969/1969/7
f 1970/1970/2 1792/1792/2 1788/1788/2
f 1970/1970/2 1788/1788/2 1968/1968/2
f 1971/1971/8 1790/1790/8 1792/1792/8
f 1971/1971/8 1792/1792/8 1970/1970/8
f 1969/1969/1 1787/1787/1 1790/1790/1
f 1969/1969/1 1790/1790/1 1971/1971/1
f 1778/1778/9 1777/1777/9 1770/1770/9
f 1778/1778/9 1770/1770/9 1769/1769/9
f 1781/1781/2 1778/1778/2 1769/1769/2
f 1781/1781/2 1769/1769/2 1775/1775/2
f 1783/1783/5 1781/1781/5 1775/1775/5
f 1783/1783/5 1775/1775/5 1773/1773/5
f 1777/1777/1 1783/1783/1 1773/1773/1
f 1777/1777/1 1773/1773/1 1770/1770/1
f 1972/1972/7 1973/1973/7 1780/1780/7
f 1972/1972/7 1780/1780/7 1779/1779/7
f 1974/1974/2 1972/1972/2 1779/1779/2
f 1974/1974/2 1779/1779/2 1782/1782/2
f 1975/1975/8 1974/1974/8 1782/1782/8
f 1975/1975/8 1782/1782/8 1784/1784/8
f 1973/1973/1 1975/1975/1 1784/1784/1
f 1973/1973/1 1784/1784/1 1780/1780/1
f 1973/1973/4 1972/1972/4 1974/1974/4
f 1973/1973/4 1974/1974/4 1975/1975/4
f 1772/1772/7 1771/1771/7 1786/1786/7
f 1772/1772/7 1786/1786/7 1785/1785/7
f 1776/1776/2 1772/1772/2 1785/1785/2
f 1776/1776/2 1785/1785/2 1791/1791/2
f 1774/1774/8 1776/1776/8 1791/1791/8
f 1774/1774/8 1791/1791/8 1789/1789/8
f 1771/1771/1 1774/1774/1 1789/1789/1
f 1771/1771/1 1789/1789/1 1786/1786/1
f 1970/1970/6 1968/1968/6 1969/1969/6
f 1970/1970/6 1969/1969/6 1971/1971/6
f 1976/1976/9 1812/1812/9 1811/1811/9
f 1976/1976/9 1811/1811/9 1977/1977/9
f 1978/1978/2 1816/1816/2 1812/1812/2
f 1978/1978/2 1812/1812/2 1976/1976/2
f 1979/1979/5 1814/1814/5 1816/1816/5
f 1979/1979/5 1816/1816/5 1978/1978/5
f 1977/1977/1 1811/1811/1 1814/1814/1
f 1977/1977/1 1814/1814/1 1979/1979/1
f 1802/1802/7 1801/1801/7 1794/1794/7
f 1802/1802/7 1794/1794/7 1793/1793/7
f 1805/1805/2 1802/1802/2 1793/1793/2
f 1805/1805/2 1793/1793/2 1799/1799/2
f 1807/1807/5 1805/1805/5 1799/1799/5
f 1807/1807/5 1799/1799/5 1797/1797/5
f 1801/1801/1 1807/1807/1 1797/1797/1
f 1801/1801/1 1797/1797/1 1794/1794/1
f 1980/1980/133 1981/1981/133 1804/1804/133
f 1980/1980/133 1804/1804/133 1803/1803/133
f 1982/1982/2 1980/1980/2 1803/1803/2
f 1982/1982/2 1803/1803/2 1806/1806/2
f 1983/1983/8 1982/1982/8 1806/1806/8
f 1983/1983/8 1806/1806/8 1808/1808/8
f 1981/1981/1 1983/1983/1 1808/1808/1
f 1981/1981/1 1808/1808/1 1804/1804/1
f 1981/1981/4 1980/1980/4 1982/1982/4
f 1981/1981/4 1982/1982/4 1983/1983/4
f 1796/1796/133 1795/1795/133 1810/1810/133
f 1796/1796/133 1810/1810/133 1809/1809/133
f 1800/1800/2 1796/1796/2 1809/1809/2
f 1800/1800/2 1809/1809/2 1815/1815/2
f 1798/1798/8 1800/1800/8 1815/1815/8
f 1798/1798/8 1815/1815/8 1813/1813/8
f 1795/1795/1 1798/1798/1 1813/1813/1
f 1795/1795/1 1813/1813/1 1810/1810/1
f 1978/1978/6 1976/1976/6 1977/1977/6
f 1978/1978/6 1977/1977/6 1979/1979/6
f 1984/1984/9 1836/1836/9 1835/1835/9
f 1984/1984/9 1835/1835/9 1985/1985/9
f 1986/1986/2 1840/1840/2 1836/1836/2
f 1986/1986/2 1836/1836/2 1984/1984/2
f 1987/1987/8 1838/1838/8 1840/1840/8
f 1987/1987/8 1840/1840/8 1986/1986/8
f 1985/1985/1 1835/1835/1 1838/1838/1
f 1985/1985/1 1838/1838/1 1987/1987/1
f 1826/1826/7 1825/1825/7 1818/1818/7
f 1826/1826/7 1818/1818/7 1817/1817/7
f 1829/1829/2 1826/1826/2 1817/1817/2
f 1829/1829/2 1817/1817/2 1823/1823/2
f 1831/1831/5 1829/1829/5 1823/1823/5
f 1831/1831/5 1823/1823/5 1821/1821/5
f 1825/1825/1 1831/1831/1 1821/1821/1
f 1825/1825/1 1821/1821/1 1818/1818/1
f 1988/1988/7 1989/1989/7 1828/1828/7
f 1988/1988/7 1828/1828/7 1827/1827/7
f 1990/1990/2 1988/1988/2 1827/1827/2
f 1990/1990/2 1827/1827/2 1830/1830/2
f 1991/1991/8 1990/1990/8 1830/1830/8
f 1991/1991/8 1830/1830/8 1832/1832/8
f 1989/1989/1 1991/1991/1 1832/1832/1
f 1989/1989/1 1832/1832/1 1828/1828/1
f 1989/1989/4 1988/1988/4 1990/1990/4
f 1989/1989/4 1990/1990/4 1991/1991/4
f 1820/1820/7 1819/1819/7 1834/1834/7
f 1820/1820/7 1834/1834/7 1833/1833/7
f 1824/1824/2 1820/1820/2 1833/1833/2
f 1824/1824/2 1833/1833/2 1839/1839/2
f 1822/1822/8 1824/1824/8 1839/1839/8
f 1822/1822/8 1839/1839/8 1837/1837/8
f 1819/1819/1 1822/1822/1 1837/1837/1
f 1819/1819/1 1837/1837/1 1834/1834/1
f 1986/1986/6 1984/1984/6 1985/1985/6
f 1986/1986/6 1985/1985/6 1987/1987/6
f 1992/1992/9 1860/1860/9 1859/1859/9
f 1992/1992/9 1859/1859/9 1993/1993/9
f 1994/1994/2 1864/1864/2 1860/1860/2
f 1994/1994/2 1860/1860/2 1992/1992/2
f 192/192/5 1862/1862/5 1864/1864/5
f 192/192/5 1864/1864/5 1994/1994/5
f 1993/1993/1 1859/1859/1 1862/1862/1
f 1993/1993/1 1862/1862/1 192/192/1
f 1850/1850/9 1849/1849/9 1842/1842/9
f 1850/1850/9 1842/1842/9 1841/1841/9
f 1853/1853/2 1850/1850/2 1841/1841/2
f 1853/1853/2 1841/1841/2 1847/1847/2
f 1855/1855/8 1853/1853/8 1847/1847/8
f 1855/1855/8 1847/1847/8 1845/1845/8
f 1849/1849/1 1855/1855/1 1845/1845/1
f 1849/1849/1 1845/1845/1 1842/1842/1
f 1995/1995/7 1996/1996/7 1852/1852/7
f 1995/1995/7 1852/1852/7 1851/1851/7
f 1997/1997/2 1995/1995/2 1851/1851/2
f 1997/1997/2 1851/1851/2 1854/1854/2
f 1998/1998/8 1997/1997/8 1854/1854/8
f 1998/1998/8 1854/1854/8 1856/1856/8
f 1996/1996/1 1998/1998/1 1856/1856/1
f 1996/1996/1 1856/1856/1 1852/1852/1
f 1996/1996/4 1995/1995/4 1997/1997/4
f 1996/1996/4 1997/1997/4 1998/1998/4
f 1844/1844/7 1843/1843/7 1858/1858/7
f 1844/1844/7 1858/1858/7 1857/1857/7
f 1848/1848/2 1844/1844/2 1857/1857/2
f 1848/1848/2 1857/1857/2 1863/1863/2
f 1846/1846/8 1848/1848/8 1863/1863/8
f 1846/1846/8 1863/1863/8 1861/1861/8
f 1843/1843/1 1846/1846/1 1861/1861/1
f 1843/1843/1 1861/1861/1 1858/1858/1
f 1994/1994/6 1992/1992/6 1993/1993/6
f 1994/1994/6 1993/1993/6 192/192/6
f 1999/1999/9 1884/1884/9 1883/1883/9
f 1999/1999/9 1883/1883/9 2000/2000/9
f 2001/2001/2 1888/1888/2 1884/1884/2
f 2001/2001/2 1884/1884/2 1999/1999/2
f 2002/2002/5 1886/1886/5 1888/1888/5
f 2002/2002/5 1888/1888/5 2001/2001/5
f 2000/2000/1 1883/1883/1 1886/1886/1
f 2000/2000/1 1886/1886/1 2002/2002/1
f 1874/1874/9 1873/1873/9 1866/1866/9
f 1874/1874/9 1866/1866/9 1865/1865/9
f 1877/1877/2 1874/1874/2 1865/1865/2
f 1877/1877/2 1865/1865/2 1871/1871/2
f 1879/1879/8 1877/1877/8 1871/1871/8
f 1879/1879/8 1871/1871/8 1869/1869/8
f 1873/1873/1 1879/1879/1 1869/1869/1
f 1873/1873/1 1869/1869/1 1866/1866/1
f 2003/2003/7 2004/2004/7 1876/1876/7
f 2003/2003/7 1876/1876/7 1875/1875/7
f 2005/2005/2 2003/2003/2 1875/1875/2
f 2005/2005/2 1875/1875/2 1878/1878/2
f 2006/2006/8 2005/2005/8 1878/1878/8
f 2006/2006/8 1878/1878/8 1880/1880/8
f 2004/2004/1 2006/2006/1 1880/1880/1
f 2004/2004/1 1880/1880/1 1876/1876/1
f 2004/2004/4 2003/2003/4 2005/2005/4
f 2004/2004/4 2005/2005/4 2006/2006/4
f 1868/1868/7 1867/1867/7 1882/1882/7
f 1868/1868/7 1882/1882/7 1881/1881/7
f 1872/1872/2 1868/1868/2 1881/1881/2
f 1872/1872/2 1881/1881/2 1887/1887/2
f 1870/1870/8 1872/1872/8 1887/1887/8
f 1870/1870/8 1887/1887/8 1885/1885/8
f 1867/1867/1 1870/1870/1 1885/1885/1
f 1867/1867/1 1885/1885/1 1882/1882/1
f 2001/2001/6 1999/1999/6 2000/2000/6
f 2001/2001/6 2000/2000/6 2002/2002/6
f 2007/2007/9 1908/1908/9 1907/1907/9
f 2007/2007/9 1907/1907/9 2008/2008/9
f 2009/2009/2 1912/1912/2 1908/1908/2
f 2009/2009/2 1908/1908/2 2007/2007/2
f 2010/2010/8 1910/1910/8 1912/1912/8
f 2010/2010/8 1912/1912/8 2009/2009/8
f 2008/2008/1 1907/1907/1 1910/1910/1
f 2008/2008/1 1910/1910/1 2010/2010/1
f 1898/1898/9 1897/1897/9 1890/1890/9
f 1898/1898/9 1890/1890/9 1889/1889/9
f 1901/1901/2 1898/1898/2 1889/1889/2
f 1901/1901/2 1889/1889/2 1895/1895/2
f 1903/1903/5 1901/1901/5 1895/1895/5
f 1903/1903/5 1895/1895/5 1893/1893/5
f 1897/1897/1 1903/1903/1 1893/1893/1
f 1897/1897/1 1893/1893/1 1890/1890/1
f 2011/2011/7 2012/2012/7 1900/1900/7
f 2011/2011/7 1900/1900/7 1899/1899/7
f 2013/2013/2 2011/2011/2 1899/1899/2
f 2013/2013/2 1899/1899/2 1902/1902/2
f 2014/2014/8 2013/2013/8 1902/1902/8
f 2014/2014/8 1902/1902/8 1904/1904/8
f 2012/2012/1 2014/2014/1 1904/1904/1
f 2012/2012/1 1904/1904/1 1900/1900/1
f 2012/2012/4 2011/2011/4 2013/2013/4
f 2012/2012/4 2013/2013/4 2014/2014/4
f 1892/1892/7 1891/1891/7 1906/1906/7
f 1892/1892/7 1906/1906/7 1905/1905/7
f 1896/1896/2 1892/1892/2 1905/1905/2
f 1896/1896/2 1905/1905/2 1911/1911/2
f 1894/1894/8 1896/1896/8 1911/1911/8
f 1894/1894/8 1911/1911/8 1909/1909/8
f 1891/1891/1 1894/1894/1 1909/1909/1
f 1891/1891/1 1909/1909/1 1906/1906/1
f 2009/2009/6 2007/2007/6 2008/2008/6
f 2009/2009/6 2008/2008/6 2010/2010/6
f 2015/2015/7 1932/1932/7 1931/1931/7
f 2015/2015/7 1931/1931/7 2016/2016/7
f 190/190/2 1936/1936/2 1932/1932/2
f 190/190/2 1932/1932/2 2015/2015/2
f 2017/2017/8 1934/1934/8 1936/1936/8
f 2017/2017/8 1936/1936/8 190/190/8
f 2016/2016/1 1931/1931/1 1934/1934/1
f 2016/2016/1 1934/1934/1 2017/2017/1
f 1922/1922/9 1921/1921/9 1914/1914/9
f 1922/1922/9 1914/1914/9 1913/1913/9
f 1925/1925/2 1922/1922/2 1913/1913/2
f 1925/1925/2 1913/1913/2 1919/1919/2
f 1927/1927/5 1925/1925/5 1919/1919/5
f 1927/1927/5 1919/1919/5 1917/1917/5
f 1921/1921/1 1927/1927/1 1917/1917/1
f 1921/1921/1 1917/1917/1 1914/1914/1
f 2018/2018/7 2019/2019/7 1924/1924/7
f 2018/2018/7 1924/1924/7 1923/1923/7
f 2020/2020/2 2018/2018/2 1923/1923/2
f 2020/2020/2 1923/1923/2 1926/1926/2
f 2021/2021/8 2020/2020/8 1926/1926/8
f 2021/2021/8 1926/1926/8 1928/1928/8
f 2019/2019/1 2021/2021/1 1928/1928/1
f 2019/2019/1 1928/1928/1 1924/1924/1
f 2019/2019/4 2018/2018/4 2020/2020/4
f 2019/2019/4 2020/2020/4 2021/2021/4
f 1916/1916/7 1915/1915/7 1930/1930/7
f 1916/1916/7 1930/1930/7 1929/1929/7
f 1920/1920/2 1916/1916/2 1929/1929/2
f 1920/1920/2 1929/1929/2 1935/1935/2
f 1918/1918/8 1920/1920/8 1935/1935/8
f 1918/1918/8 1935/1935/8 1933/1933/8
f 1915/1915/1 1918/1918/1 1933/1933/1
f 1915/1915/1 1933/1933/1 1930/1930/1
f 190/190/6 2015/2015/6 2016/2016/6
f 190/190/6 2016/2016/6 2017/2017/6
f 2022/2022/6 2023/2023/6 2024/2024/6
f 2022/2022/6 2024/2024/6 2025/2025/6
f 2026/2026/4 2027/2027/4 2028/2028/4
f 2026/2026/4 2028/2028/4 2029/2029/4
f 2022/2022/9 2025/2025/9 2027/2027/9
f 2022/2022/9 2027/2027/9 2026/2026/9
f 2024/2024/5 2023/2023/5 2029/2029/5
f 2024/2024/5 2029/2029/5 2028/2028/5
f 2030/2030/148 2031/2031/148 2032/2032/148
f 2030/2030/148 2032/2032/148 2033/2033/148
f 2031/2031/2 2034/2034/2 2035/2035/2
f 2031/2031/162 2035/2035/162 2032/2032/162
f 2034/2034/152 2036/2036/152 2037/2037/152
f 2034/2034/152 2037/2037/152 2035/2035/152
f 2036/2036/161 2030/2030/161 2033/2033/161
f 2036/2036/161 2033/2033/161 2037/2037/161
f 2038/2038/154 2039/2039/154 2040/2040/154
f 2038/2038/154 2040/2040/154 2041/2041/154
f 2039/2039/162 2042/2042/162 2043/2043/162
f 2039/2039/162 2043/2043/162 2040/2040/162
f 2042/2042/135 2044/2044/135 2045/2045/135
f 2042/2042/135 2045/2045/135 2043/2043/135
f 2044/2044/161 2038/2038/161 2041/2041/161
f 2044/2044/161 2041/2041/161 2045/2045/161
f 2046/2046/148 2047/2047/148 2048/2048/148
f 2046/2046/148 2048/2048/148 2049/2049/148
f 2047/2047/162 2050/2050/162 2051/2051/162
f 2047/2047/162 2051/2051/162 2048/2048/162
f 2050/2050/152 2052/2052/152 2053/2053/152
f 2050/2050/152 2053/2053/152 2051/2051/152
f 2052/2052/161 2046/2046/161 2049/2049/161
f 2052/2052/161 2049/2049/161 2053/2053/161
f 2054/2054/148 2055/2055/148 2056/2056/148
f 2054/2054/148 2056/2056/148 2057/2057/148
f 2055/2055/162 2058/2058/162 2059/2059/162
f 2055/2055/162 2059/2059/162 2056/2056/162
f 2058/2058/135 2060/2060/135 2061/2061/135
f 2058/2058/135 2061/2061/135 2059/2059/135
f 2060/2060/161 2054/2054/161 2057/2057/161
f 2060/2060/161 2057/2057/161 2061/2061/161
f 2062/2062/154 2063/2063/154 2064/2064/154
f 2062/2062/154 2064/2064/154 2065/2065/154
f 2063/2063/162 2066/2066/162 2067/2067/162
f 2063/2063/162 2067/2067/162 2064/2064/162
f 2066/2066/152 2068/2068/152 2069/2069/152
f 2066/2066/152 2069/2069/152 2067/2067/152
f 2068/2068/161 2062/2062/161 2065/2065/161
f 2068/2068/161 2065/2065/161 2069/2069/161
f 2070/2070/148 2071/2071/148 2072/2072/148
f 2070/2070/148 2072/2072/148 2073/2073/148
f 2071/2071/162 2074/2074/162 2075/2075/162
f 2071/2071/162 2075/2075/162 2072/2072/162
f 2074/2074/152 2076/2076/152 2077/2077/152
f 2074/2074/152 2077/2077/152 2075/2075/152
f 2076/2076/161 2070/2070/161 2073/2073/161
f 2076/2076/161 2073/2073/161 2077/2077/161
f 2078/2078/154 2079/2079/154 2080/2080/154
f 2078/2078/154 2080/2080/154 2081/2081/154
f 2079/2079/162 2082/2082/162 2083/2083/162
f 2079/2079/162 2083/2083/162 2080/2080/162
f 2082/2082/152 2084/2084/152 2085/2085/152
f 2082/2082/152 2085/2085/152 2083/2083/152
f 2084/2084/161 2078/2078/161 2081/2081/161
f 2084/2084/161 2081/2081/161 2085/2085/161
f 2086/2086/148 2087/2087/148 2088/2088/148
f 2086/2086/148 2088/2088/148 2089/2089/148
f 2087/2087/162 2090/2090/162 2091/2091/162
f 2087/2087/162 2091/2091/162 2088/2088/162
f 2090/2090/152 2092/2092/152 2093/2093/152
f 2090/2090/152 2093/2093/152 2091/2091/152
f 2092/2092/161 2086/2086/161 2089/2089/161
f 2092/2092/161 2089/2089/161 2093/2093/161
f 2094/2094/148 2095/2095/148 2096/2096/148
f 2094/2094/148 2096/2096/148 2097/2097/148
f 2095/2095/162 2098/2098/162 2099/2099/162
f 2095/2095/162 2099/2099/162 2096/2096/162
f 2098/2098/135 2100/2100/135 2101/2101/135
f 2098/2098/135 2101/2101/135 2099/2099/135
f 2100/2100/161 2094/2094/161 2097/2097/161
f 2100/2100/161 2097/2097/161 2101/2101/161
f 2102/2102/154 2103/2103/154 2104/2104/154
f 2102/2102/154 2104/2104/154 2105/2105/154
f 2103/2103/162 2106/2106/162 2107/2107/162
f 2103/2103/162 2107/2107/162 2104/2104/162
f 2106/2106/152 2108/2108/152 2109/2109/152
f 2106/2106/152 2109/2109/152 2107/2107/152
f 2108/2108/161 2102/2102/161 2105/2105/161
f 2108/2108/161 2105/2105/161 2109/2109/161
f 2110/2110/148 2111/2111/148 2112/2112/148
f 2110/2110/148 2112/2112/148 2113/2113/148
f 2111/2111/162 2114/2114/162 2115/2115/162
f 2111/2111/162 2115/2115/162 2112/2112/162
f 2114/2114/152 2116/2116/152 2117/2117/152
f 2114/2114/152 2117/2117/152 2115/2115/152
f 2116/2116/161 2110/2110/161 2113/2113/161
f 2116/2116/161 2113/2113/161 2117/2117/161
f 2118/2118/154 2119/2119/154 2120/2120/154
f 2118/2118/154 2120/2120/154 2121/2121/154
f 2119/2119/162 2122/2122/162 2123/2123/162
f 2119/2119/162 2123/2123/162 2120/2120/162
f 2122/2122/152 2124/2124/152 2125/2125/152
f 2122/2122/152 2125/2125/152 2123/2123/152
f 2124/2124/161 2118/2118/161 2121/2121/161
f 2124/2124/166 2121/2121/166 2125/2125/166
f 2126/2126/148 2127/2127/148 2128/2128/148
f 2126/2126/148 2128/2128/148 2129/2129/148
f 2127/2127/162 2130/2130/162 2131/2131/162
f 2127/2127/162 2131/2131/162 2128/2128/162
f 2130/2130/135 2132/2132/135 2133/2133/135
f 2130/2130/135 2133/2133/135 2131/2131/135
f 2132/2132/161 2126/2126/161 2129/2129/161
f 2132/2132/161 2129/2129/161 2133/2133/161
f 2134/2134/154 2135/2135/154 2136/2136/154
f 2134/2134/154 2136/2136/154 2137/2137/154
f 2135/2135/162 2138/2138/162 2139/2139/162
f 2135/2135/162 2139/2139/162 2136/2136/162
f 2138/2138/152 2140/2140/152 2141/2141/152
f 2138/2138/152 2141/2141/152 2139/2139/152
f 2140/2140/161 2134/2134/161 2137/2137/161
f 2140/2140/161 2137/2137/161 2141/2141/161
f 2142/2142/148 2143/2143/148 2144/2144/148
f 2142/2142/148 2144/2144/148 2145/2145/148
f 2143/2143/162 2146/2146/162 2147/2147/162
f 2143/2143/162 2147/2147/162 2144/2144/162
f 2146/2146/152 2148/2148/152 2149/2149/152
f 2146/2146/152 2149/2149/152 2147/2147/152
f 2148/2148/161 2142/2142/161 2145/2145/161
f 2148/2148/161 2145/2145/161 2149/2149/161
f 2150/2150/148 2151/2151/148 2152/2152/148
f 2150/2150/148 2152/2152/148 2153/2153/148
f 2151/2151/162 2154/2154/162 2155/2155/162
f 2151/2151/162 2155/2155/162 2152/2152/162
f 2154/2154/135 2156/2156/135 2157/2157/135
f 2154/2154/135 2157/2157/135 2155/2155/135
f 2156/2156/161 2150/2150/161 2153/2153/161
f 2156/2156/161 2153/2153/161 2157/2157/161
f 2158/2158/154 2159/2159/154 2160/2160/154
f 2158/2158/154 2160/2160/154 2161/2161/154
f 2159/2159/162 2162/2162/162 2163/2163/162
f 2159/2159/162 2163/2163/162 2160/2160/162
f 2162/2162/152 2164/2164/152 2165/2165/152
f 2162/2162/152 2165/2165/152 2163/2163/152
f 2164/2164/161 2158/2158/161 2161/2161/161
f 2164/2164/161 2161/2161/161 2165/2165/161
f 2166/2166/148 2167/2167/148 2168/2168/148
f 2166/2166/148 2168/2168/148 2169/2169/148
f 2167/2167/162 2170/2170/162 2171/2171/162
f 2167/2167/162 2171/2171/162 2168/2168/162
f 2170/2170/135 2172/2172/135 2173/2173/135
f 2170/2170/135 2173/2173/135 2171/2171/135
f 2172/2172/161 2166/2166/161 2169/2169/161
f 2172/2172/161 2169/2169/161 2173/2173/161
f 2174/2174/154 2175/2175/154 2176/2176/154
f 2174/2174/154 2176/2176/154 2177/2177/154
f 2175/2175/162 2178/2178/162 2179/2179/162
f 2175/2175/2 2179/2179/2 2176/2176/2
f 2178/2178/152 2180/2180/152 2181/2181/152
f 2178/2178/152 2181/2181/152 2179/2179/152
f 2180/2180/161 2174/2174/161 2177/2177/161
f 2180/2180/161 2177/2177/161 2181/2181/161
f 2182/2182/148 2183/2183/148 2184/2184/148
f 2182/2182/148 2184/2184/148 2185/2185/148
f 2183/2183/162 2186/2186/162 2187/2187/162
f 2183/2183/162 2187/2187/162 2184/2184/162
f 2186/2186/152 2188/2188/152 2189/2189/152
f 2186/2186/152 2189/2189/152 2187/2187/152
f 2188/2188/161 2182/2182/161 2185/2185/161
f 2188/2188/161 2185/2185/161 2189/2189/161
f 2190/2190/148 2191/2191/148 2192/2192/148
f 2190/2190/148 2192/2192/148 2193/2193/148
f 2191/2191/162 2194/2194/162 2195/2195/162
f 2191/2191/162 2195/2195/162 2192/2192/162
f 2194/2194/135 2196/2196/135 2197/2197/135
f 2194/2194/135 2197/2197/135 2195/2195/135
f 2196/2196/161 2190/2190/161 2193/2193/161
f 2196/2196/161 2193/2193/161 2197/2197/161
f 2198/2198/154 2199/2199/154 2200/2200/154
f 2198/2198/154 2200/2200/154 2201/2201/154
f 2199/2199/162 2202/2202/162 2203/2203/162
f 2199/2199/162 2203/2203/162 2200/2200/162
f 2202/2202/152 2204/2204/152 2205/2205/152
f 2202/2202/152 2205/2205/152 2203/2203/152
f 2204/2204/161 2198/2198/161 2201/2201/161
f 2204/2204/161 2201/2201/161 2205/2205/161
f 2206/2206/148 2207/2207/148 2208/2208/148
f 2206/2206/148 2208/2208/148 2209/2209/148
f 2207/2207/162 2210/2210/162 2211/2211/162
f 2207/2207/162 2211/2211/162 2208/2208/162
f 2210/2210/135 2212/2212/135 2213/2213/135
f 2210/2210/135 2213/2213/135 2211/2211/135
f 2212/2212/161 2206/2206/161 2209/2209/161
f 2212/2212/161 2209/2209/161 2213/2213/161
f 2214/2214/154 2215/2215/154 2216/2216/154
f 2214/2214/154 2216/2216/154 2217/2217/154
f 2215/2215/162 2218/2218/162 2219/2219/162
f 2215/2215/162 2219/2219/162 2216/2216/162
f 2218/2218/152 2220/2220/152 2221/2221/152
f 2218/2218/152 2221/2221/152 2219/2219/152
f 2220/2220/161 2214/2214/161 2217/2217/161
f 2220/2220/161 2217/2217/161 2221/2221/161
f 2222/2222/148 2223/2223/148 2224/2224/148
f 2222/2222/148 2224/2224/148 2225/2225/148
f 2223/2223/162 2226/2226/162 2227/2227/162
f 2223/2223/162 2227/2227/162 2224/2224/162
f 2226/2226/152 2228/2228/152 2229/2229/152
f 2226/2226/152 2229/2229/152 2227/2227/152
f 2228/2228/161 2222/2222/161 2225/2225/161
f 2228/2228/161 2225/2225/161 2229/2229/161
f 2230/2230/148 2231/2231/148 2232/2232/148
f 2230/2230/148 2232/2232/148 2233/2233/148
f 2231/2231/162 2234/2234/162 2235/2235/162
f 2231/2231/162 2235/2235/162 2232/2232/162
f 2234/2234/135 2236/2236/135 2237/2237/135
f 2234/2234/135 2237/2237/135 2235/2235/135
f 2236/2236/161 2230/2230/161 2233/2233/161
f 2236/2236/161 2233/2233/161 2237/2237/161
f 2238/2238/24 2239/2239/24 2240/2240/24
f 2238/2238/24 2240/2240/24 2241/2241/24
f 2239/2239/148 2242/2242/148 2243/2243/148
f 2239/2239/148 2243/2243/148 2240/2240/148
f 2242/2242/163 2244/2244/163 2245/2245/163
f 2242/2242/163 2245/2245/163 2243/2243/163
f 2244/2244/135 2238/2238/135 2241/2241/135
f 2244/2244/135 2241/2241/135 2245/2245/135
f 2246/2246/24 2247/2247/24 2248/2248/24
f 2246/2246/1 2248/2248/1 2249/2249/1
f 2247/2247/148 2250/2250/148 2251/2251/148
f 2247/2247/148 2251/2251/148 2248/2248/148
f 2250/2250/163 2252/2252/163 2253/2253/163
f 2250/2250/2 2253/2253/2 2251/2251/2
f 2252/2252/135 2246/2246/135 2249/2249/135
f 2252/2252/135 2249/2249/135 2253/2253/135
f 2254/2254/161 2255/2255/161 2256/2256/161
f 2254/2254/161 2256/2256/161 2257/2257/161
f 2255/2255/154 2258/2258/154 2259/2259/154
f 2255/2255/154 2259/2259/154 2256/2256/154
f 2258/2258/2 2260/2260/2 2261/2261/2
f 2258/2258/162 2261/2261/162 2259/2259/162
f 2260/2260/152 2254/2254/152 2257/2257/152
f 2260/2260/152 2257/2257/152 2261/2261/152
f 2262/2262/24 2263/2263/24 2264/2264/24
f 2262/2262/24 2264/2264/24 2265/2265/24
f 2263/2263/154 2266/2266/154 2267/2267/154
f 2263/2263/154 2267/2267/154 2264/2264/154
f 2266/2266/2 2268/2268/2 2269/2269/2
f 2266/2266/2 2269/2269/2 2267/2267/2
f 2268/2268/135 2262/2262/135 2265/2265/135
f 2268/2268/135 2265/2265/135 2269/2269/135
f 2270/2270/24 2271/2271/24 2272/2272/24
f 2270/2270/24 2272/2272/24 2273/2273/24
f 2271/2271/154 2274/2274/154 2275/2275/154
f 2271/2271/154 2275/2275/154 2272/2272/154
f 2274/2274/163 2276/2276/163 2277/2277/163
f 2274/2274/163 2277/2277/163 2275/2275/163
f 2276/2276/152 2270/2270/152 2273/2273/152
f 2276/2276/152 2273/2273/152 2277/2277/152
f 2278/2278/161 2279/2279/161 2280/2280/161
f 2278/2278/161 2280/2280/161 2281/2281/161
f 2279/2279/154 2282/2282/154 2283/2283/154
f 2279/2279/154 2283/2283/154 2280/2280/154
f 2282/2282/162 2284/2284/162 2285/2285/162
f 2282/2282/162 2285/2285/162 2283/2283/162
f 2284/2284/152 2278/2278/152 2281/2281/152
f 2284/2284/152 2281/2281/152 2285/2285/152
f 2286/2286/1 2287/2287/1 2288/2288/1
f 2286/2286/24 2288/2288/24 2289/2289/24
f 2287/2287/154 2290/2290/154 2291/2291/154
f 2287/2287/154 2291/2291/154 2288/2288/154
f 2290/2290/2 2292/2292/2 2293/2293/2
f 2290/2290/163 2293/2293/163 2291/2291/163
f 2292/2292/152 2286/2286/152 2289/2289/152
f 2292/2292/152 2289/2289/152 2293/2293/152
f 2294/2294/24 2295/2295/24 2296/2296/24
f 2294/2294/24 2296/2296/24 2297/2297/24
f 2295/2295/154 2298/2298/154 2299/2299/154
f 2295/2295/154 2299/2299/154 2296/2296/154
f 2298/2298/163 2300/2300/163 2301/2301/163
f 2298/2298/163 2301/2301/163 2299/2299/163
f 2300/2300/152 2294/2294/152 2297/2297/152
f 2300/2300/152 2297/2297/152 2301/2301/152
f 2302/2302/24 2303/2303/24 2304/2304/24
f 2302/2302/24 2304/2304/24 2305/2305/24
f 2303/2303/148 2306/2306/148 2307/2307/148
f 2303/2303/148 2307/2307/148 2304/2304/148
f 2306/2306/163 2308/2308/163 2309/2309/163
f 2306/2306/163 2309/2309/163 2307/2307/163
f 2308/2308/135 2302/2302/135 2305/2305/135
f 2308/2308/135 2305/2305/135 2309/2309/135
f 2310/2310/24 2311/2311/24 2312/2312/24
f 2310/2310/24 2312/2312/24 2313/2313/24
f 2311/2311/148 2314/2314/148 2315/2315/148
f 2311/2311/148 2315/2315/148 2312/2312/148
f 2314/2314/163 2316/2316/163 2317/2317/163
f 2314/2314/2 2317/2317/2 2315/2315/2
f 2316/2316/135 2310/2310/135 2313/2313/135
f 2316/2316/135 2313/2313/135 2317/2317/135
f 2318/2318/161 2319/2319/161 2320/2320/161
f 2318/2318/161 2320/2320/161 2321/2321/161
f 2319/2319/148 2322/2322/148 2323/2323/148
f 2319/2319/148 2323/2323/148 2320/2320/148
f 2322/2322/162 2324/2324/162 2325/2325/162
f 2322/2322/162 2325/2325/162 2323/2323/162
f 2324/2324/135 2318/2318/135 2321/2321/135
f 2324/2324/135 2321/2321/135 2325/2325/135
f 2326/2326/24 2327/2327/24 2328/2328/24
f 2326/2326/1 2328/2328/1 2329/2329/1
f 2327/2327/154 2330/2330/154 2331/2331/154
f 2327/2327/154 2331/2331/154 2328/2328/154
f 2330/2330/2 2332/2332/2 2333/2333/2
f 2330/2330/2 2333/2333/2 2331/2331/2
f 2332/2332/135 2326/2326/135 2329/2329/135
f 2332/2332/135 2329/2329/135 2333/2333/135
f 2334/2334/24 2335/2335/24 2336/2336/24
f 2334/2334/24 2336/2336/24 2337/2337/24
f 2335/2335/154 2338/2338/154 2339/2339/154
f 2335/2335/154 2339/2339/154 2336/2336/154
f 2338/2338/163 2340/2340/163 2341/2341/163
f 2338/2338/163 2341/2341/163 2339/2339/163
f 2340/2340/152 2334/2334/152 2337/2337/152
f 2340/2340/152 2337/2337/152 2341/2341/152
f 2342/2342/1 2343/2343/1 2344/2344/1
f 2342/2342/161 2344/2344/161 2345/2345/161
f 2343/2343/148 2346/2346/148 2347/2347/148
f 2343/2343/148 2347/2347/148 2344/2344/148
f 2346/2346/163 2348/2348/163 2349/2349/163
f 2346/2346/163 2349/2349/163 2347/2347/163
f 2348/2348/152 2342/2342/152 2345/2345/152
f 2348/2348/152 2345/2345/152 2349/2349/152
f 2350/2350/1 2351/2351/1 2352/2352/1
f 2350/2350/1 2352/2352/1 2353/2353/1
f 2351/2351/148 2354/2354/148 2355/2355/148
f 2351/2351/148 2355/2355/148 2352/2352/148
f 2354/2354/163 2356/2356/163 2357/2357/163
f 2354/2354/2 2357/2357/2 2355/2355/2
f 2356/2356/152 2350/2350/152 2353/2353/152
f 2356/2356/152 2353/2353/152 2357/2357/152
f 2358/2358/1 2359/2359/1 2360/2360/1
f 2358/2358/24 2360/2360/24 2361/2361/24
f 2359/2359/154 2362/2362/154 2363/2363/154
f 2359/2359/154 2363/2363/154 2360/2360/154
f 2362/2362/2 2364/2364/2 2365/2365/2
f 2362/2362/163 2365/2365/163 2363/2363/163
f 2364/2364/152 2358/2358/152 2361/2361/152
f 2364/2364/152 2361/2361/152 2365/2365/152
f 2366/2366/24 2367/2367/24 2368/2368/24
f 2366/2366/161 2368/2368/161 2369/2369/161
f 2367/2367/154 2370/2370/154 2371/2371/154
f 2367/2367/154 2371/2371/154 2368/2368/154
f 2370/2370/163 2372/2372/163 2373/2373/163
f 2370/2370/162 2373/2373/162 2371/2371/162
f 2372/2372/152 2366/2366/152 2369/2369/152
f 2372/2372/152 2369/2369/152 2373/2373/152
f 2374/2374/24 2375/2375/24 2376/2376/24
f 2374/2374/24 2376/2376/24 2377/2377/24
f 2375/2375/154 2378/2378/154 2379/2379/154
f 2375/2375/154 2379/2379/154 2376/2376/154
f 2378/2378/163 2380/2380/163 2381/2381/163
f 2378/2378/163 2381/2381/163 2379/2379/163
f 2380/2380/152 2374/2374/152 2377/2377/152
f 2380/2380/152 2377/2377/152 2381/2381/152
f 2382/2382/1 2383/2383/1 2384/2384/1
f 2382/2382/24 2384/2384/24 2385/2385/24
f 2383/2383/154 2386/2386/154 2387/2387/154
f 2383/2383/154 2387/2387/154 2384/2384/154
f 2386/2386/2 2388/2388/2 2389/2389/2
f 2386/2386/163 2389/2389/163 2387/2387/163
f 2388/2388/152 2382/2382/152 2385/2385/152
f 2388/2388/152 2385/2385/152 2389/2389/152
f 2390/2390/1 2391/2391/1 2392/2392/1
f 2390/2390/24 2392/2392/24 2393/2393/24
f 2391/2391/148 2394/2394/148 2395/2395/148
f 2391/2391/148 2395/2395/148 2392/2392/148
f 2394/2394/2 2396/2396/2 2397/2397/2
f 2394/2394/163 2397/2397/163 2395/2395/163
f 2396/2396/135 2390/2390/135 2393/2393/135
f 2396/2396/135 2393/2393/135 2397/2397/135
f 2398/2398/24 2399/2399/24 2400/2400/24
f 2398/2398/24 2400/2400/24 2401/2401/24
f 2399/2399/148 2402/2402/148 2403/2403/148
f 2399/2399/148 2403/2403/148 2400/2400/148
f 2402/2402/163 2404/2404/163 2405/2405/163
f 2402/2402/163 2405/2405/163 2403/2403/163
f 2404/2404/135 2398/2398/135 2401/2401/135
f 2404/2404/135 2401/2401/135 2405/2405/135
f 2406/2406/161 2407/2407/161 2408/2408/161
f 2406/2406/161 2408/2408/161 2409/2409/161
f 2407/2407/148 2410/2410/148 2411/2411/148
f 2407/2407/148 2411/2411/148 2408/2408/148
f 2410/2410/162 2412/2412/162 2413/2413/162
f 2410/2410/162 2413/2413/162 2411/2411/162
f 2412/2412/135 2406/2406/135 2409/2409/135
f 2412/2412/135 2409/2409/135 2413/2413/135
f 2414/2414/24 2415/2415/24 2416/2416/24
f 2414/2414/24 2416/2416/24 2417/2417/24
f 2415/2415/154 2418/2418/154 2419/2419/154
f 2415/2415/154 2419/2419/154 2416/2416/154
f 2418/2418/2 2420/2420/2 2421/2421/2
f 2418/2418/2 2421/2421/2 2419/2419/2
f 2420/2420/135 2414/2414/135 2417/2417/135
f 2420/2420/135 2417/2417/135 2421/2421/135
f 2422/2422/24 2423/2423/24 2424/2424/24
f 2422/2422/24 2424/2424/24 2425/2425/24
f 2423/2423/154 2426/2426/154 2427/2427/154
f 2423/2423/154 2427/2427/154 2424/2424/154
f 2426/2426/2 2428/2428/2 2429/2429/2
f 2426/2426/2 2429/2429/2 2427/2427/2
f 2428/2428/135 2422/2422/135 2425/2425/135
f 2428/2428/135 2425/2425/135 2429/2429/135
f 2430/2430/24 2431/2431/24 2432/2432/24
f 2430/2430/24 2432/2432/24 2433/2433/24
f 2431/2431/148 2434/2434/148 2435/2435/148
f 2431/2431/148 2435/2435/148 2432/2432/148
f 2434/2434/163 2436/2436/163 2437/2437/163
f 2434/2434/163 2437/2437/163 2435/2435/163
f 2436/2436/135 2430/2430/135 2433/2433/135
f 2436/2436/135 2433/2433/135 2437/2437/135
f 2438/2438/161 2439/2439/161 2440/2440/161
f 2438/2438/161 2440/2440/161 2441/2441/161
f 2439/2439/201 2442/2442/201 2443/2443/201
f 2439/2439/201 2443/2443/201 2440/2440/201
f 2442/2442/162 2444/2444/162 2445/2445/162
f 2442/2442/162 2445/2445/162 2443/2443/162
f 2444/2444/200 2438/2438/200 2441/2441/200
f 2444/2444/200 2441/2441/200 2445/2445/200
f 2446/2446/24 2447/2447/24 2448/2448/24
f 2446/2446/24 2448/2448/24 2449/2449/24
f 2447/2447/148 2450/2450/148 2451/2451/148
f 2447/2447/148 2451/2451/148 2448/2448/148
f 2450/2450/163 2452/2452/163 2453/2453/163
f 2450/2450/163 2453/2453/163 2451/2451/163
f 2452/2452/135 2446/2446/135 2449/2449/135
f 2452/2452/135 2449/2449/135 2453/2453/135
f 2454/2454/1 2455/2455/1 2456/2456/1
f 2454/2454/24 2456/2456/24 2457/2457/24
f 2455/2455/201 2458/2458/201 2459/2459/201
f 2455/2455/201 2459/2459/201 2456/2456/201
f 2458/2458/163 2460/2460/163 2461/2461/163
f 2458/2458/163 2461/2461/163 2459/2459/163
f 2460/2460/200 2454/2454/200 2457/2457/200
f 2460/2460/200 2457/2457/200 2461/2461/200
f 2462/2462/24 2463/2463/24 2464/2464/24
f 2462/2462/24 2464/2464/24 2465/2465/24
f 2463/2463/148 2466/2466/148 2467/2467/148
f 2463/2463/148 2467/2467/148 2464/2464/148
f 2466/2466/163 2468/2468/163 2469/2469/163
f 2466/2466/163 2469/2469/163 2467/2467/163
f 2468/2468/135 2462/2462/135 2465/2465/135
f 2468/2468/135 2465/2465/135 2469/2469/135
f 2470/2470/1 2471/2471/1 2472/2472/1
f 2470/2470/1 2472/2472/1 2473/2473/1
f 2471/2471/148 2474/2474/148 2475/2475/148
f 2471/2471/148 2475/2475/148 2472/2472/148
f 2474/2474/163 2476/2476/163 2477/2477/163
f 2474/2474/163 2477/2477/163 2475/2475/163
f 2476/2476/200 2470/2470/200 2473/2473/200
f 2476/2476/200 2473/2473/200 2477/2477/200
f 2478/2478/161 2479/2479/161 2480/2480/161
f 2478/2478/161 2480/2480/161 2481/2481/161
f 2479/2479/148 2482/2482/148 2483/2483/148
f 2479/2479/148 2483/2483/148 2480/2480/148
f 2482/2482/162 2484/2484/162 2485/2485/162
f 2482/2482/162 2485/2485/162 2483/2483/162
f 2484/2484/135 2478/2478/135 2481/2481/135
f 2484/2484/135 2481/2481/135 2485/2485/135
f 2486/2486/24 2487/2487/24 2488/2488/24
f 2486/2486/24 2488/2488/24 2489/2489/24
f 2487/2487/148 2490/2490/148 2491/2491/148
f 2487/2487/148 2491/2491/148 2488/2488/148
f 2490/2490/163 2492/2492/163 2493/2493/163
f 2490/2490/163 2493/2493/163 2491/2491/163
f 2492/2492/135 2486/2486/135 2489/2489/135
f 2492/2492/135 2489/2489/135 2493/2493/135
f 2494/2494/24 2495/2495/24 2496/2496/24
f 2494/2494/1 2496/2496/1 2497/2497/1
f 2495/2495/148 2498/2498/148 2499/2499/148
f 2495/2495/148 2499/2499/148 2496/2496/148
f 2498/2498/163 2500/2500/163 2501/2501/163
f 2498/2498/163 2501/2501/163 2499/2499/163
f 2500/2500/135 2494/2494/135 2497/2497/135
f 2500/2500/135 2497/2497/135 2501/2501/135
f 2502/2502/24 2503/2503/24 2504/2504/24
f 2502/2502/1 2504/2504/1 2505/2505/1
f 2503/2503/148 2506/2506/148 2507/2507/148
f 2503/2503/148 2507/2507/148 2504/2504/148
f 2506/2506/163 2508/2508/163 2509/2509/163
f 2506/2506/2 2509/2509/2 2507/2507/2
f 2508/2508/135 2502/2502/135 2505/2505/135
f 2508/2508/135 2505/2505/135 2509/2509/135
f 2510/2510/24 2511/2511/24 2512/2512/24
f 2510/2510/24 2512/2512/24 2513/2513/24
f 2511/2511/148 2514/2514/148 2515/2515/148
f 2511/2511/148 2515/2515/148 2512/2512/148
f 2514/2514/163 2516/2516/163 2517/2517/163
f 2514/2514/163 2517/2517/163 2515/2515/163
f 2516/2516/135 2510/2510/135 2513/2513/135
f 2516/2516/135 2513/2513/135 2517/2517/135
f 2518/2518/24 2519/2519/24 2520/2520/24
f 2518/2518/24 2520/2520/24 2521/2521/24
f 2519/2519/201 2522/2522/201 2523/2523/201
f 2519/2519/201 2523/2523/201 2520/2520/201
f 2522/2522/163 2524/2524/163 2525/2525/163
f 2522/2522/163 2525/2525/163 2523/2523/163
f 2524/2524/200 2518/2518/200 2521/2521/200
f 2524/2524/200 2521/2521/200 2525/2525/200
f 2526/2526/24 2527/2527/24 2528/2528/24
f 2526/2526/24 2528/2528/24 2529/2529/24
f 2527/2527/148 2530/2530/148 2531/2531/148
f 2527/2527/148 2531/2531/148 2528/2528/148
f 2530/2530/163 2532/2532/163 2533/2533/163
f 2530/2530/163 2533/2533/163 2531/2531/163
f 2532/2532/135 2526/2526/135 2529/2529/135
f 2532/2532/135 2529/2529/135 2533/2533/135
f 2534/2534/24 2535/2535/24 2536/2536/24
f 2534/2534/24 2536/2536/24 2537/2537/24
f 2535/2535/201 2538/2538/201 2539/2539/201
f 2535/2535/201 2539/2539/201 2536/2536/201
f 2538/2538/163 2540/2540/163 2541/2541/163
f 2538/2538/2 2541/2541/2 2539/2539/2
f 2540/2540/200 2534/2534/200 2537/2537/200
f 2540/2540/200 2537/2537/200 2541/2541/200
f 2542/2542/161 2543/2543/161 2544/2544/161
f 2542/2542/161 2544/2544/161 2545/2545/161
f 2543/2543/148 2546/2546/148 2547/2547/148
f 2543/2543/148 2547/2547/148 2544/2544/148
f 2546/2546/162 2548/2548/162 2549/2549/162
f 2546/2546/162 2549/2549/162 2547/2547/162
f 2548/2548/135 2542/2542/135 2545/2545/135
f 2548/2548/135 2545/2545/135 2549/2549/135
f 2550/2550/24 2551/2551/24 2552/2552/24
f 2550/2550/24 2552/2552/24 2553/2553/24
f 2551/2551/201 2554/2554/201 2555/2555/201
f 2551/2551/201 2555/2555/201 2552/2552/201
f 2554/2554/163 2556/2556/163 2557/2557/163
f 2554/2554/163 2557/2557/163 2555/2555/163
f 2556/2556/200 2550/2550/200 2553/2553/200
f 2556/2556/200 2553/2553/200 2557/2557/200
f 2558/2558/1 2559/2559/1 2560/2560/1
f 2558/2558/24 2560/2560/24 2561/2561/24
f 2559/2559/148 2562/2562/148 2563/2563/148
f 2559/2559/148 2563/2563/148 2560/2560/148
f 2562/2562/2 2564/2564/2 2565/2565/2
f 2562/2562/163 2565/2565/163 2563/2563/163
f 2564/2564/135 2558/2558/135 2561/2561/135
f 2564/2564/135 2561/2561/135 2565/2565/135
f 2566/2566/161 2567/2567/161 2568/2568/161
f 2566/2566/161 2568/2568/161 2569/2569/161
f 2567/2567/201 2570/2570/201 2571/2571/201
f 2567/2567/201 2571/2571/201 2568/2568/201
f 2570/2570/162 2572/2572/162 2573/2573/162
f 2570/2570/162 2573/2573/162 2571/2571/162
f 2572/2572/200 2566/2566/200 2569/2569/200
f 2572/2572/200 2569/2569/200 2573/2573/200
f 2574/2574/24 2575/2575/24 2576/2576/24
f 2574/2574/24 2576/2576/24 2577/2577/24
f 2575/2575/148 2578/2578/148 2579/2579/148
f 2575/2575/148 2579/2579/148 2576/2576/148
f 2578/2578/163 2580/2580/163 2581/2581/163
f 2578/2578/163 2581/2581/163 2579/2579/163
f 2580/2580/135 2574/2574/135 2577/2577/135
f 2580/2580/135 2577/2577/135 2581/2581/135
f 2582/2582/1 2583/2583/1 2584/2584/1
f 2582/2582/24 2584/2584/24 2585/2585/24
f 2583/2583/201 2586/2586/201 2587/2587/201
f 2583/2583/201 2587/2587/201 2584/2584/201
f 2586/2586/2 2588/2588/2 2589/2589/2
f 2586/2586/163 2589/2589/163 2587/2587/163
f 2588/2588/200 2582/2582/200 2585/2585/200
f 2588/2588/200 2585/2585/200 2589/2589/200
f 2590/2590/24 2591/2591/24 2592/2592/24
f 2590/2590/24 2592/2592/24 2593/2593/24
f 2591/2591/148 2594/2594/148 2595/2595/148
f 2591/2591/148 2595/2595/148 2592/2592/148
f 2594/2594/163 2596/2596/163 2597/2597/163
f 2594/2594/2 2597/2597/2 2595/2595/2
f 2596/2596/135 2590/2590/135 2593/2593/135
f 2596/2596/135 2593/2593/135 2597/2597/135
f 2598/2598/24 2599/2599/24 2600/2600/24
f 2598/2598/24 2600/2600/24 2601/2601/24
f 2599/2599/148 2602/2602/148 2603/2603/148
f 2599/2599/148 2603/2603/148 2600/2600/148
f 2602/2602/163 2604/2604/163 2605/2605/163
f 2602/2602/2 2605/2605/2 2603/2603/2
f 2604/2604/135 2598/2598/135 2601/2601/135
f 2604/2604/135 2601/2601/135 2605/2605/135
f 2606/2606/161 2607/2607/161 2608/2608/161
f 2606/2606/161 2608/2608/161 2609/2609/161
f 2607/2607/148 2610/2610/148 2611/2611/148
f 2607/2607/148 2611/2611/148 2608/2608/148
f 2610/2610/162 2612/2612/162 2613/2613/162
f 2610/2610/162 2613/2613/162 2611/2611/162
f 2612/2612/135 2606/2606/135 2609/2609/135
f 2612/2612/135 2609/2609/135 2613/2613/135
f 2614/2614/24 2615/2615/24 2616/2616/24
f 2614/2614/1 2616/2616/1 2617/2617/1
f 2615/2615/148 2618/2618/148 2619/2619/148
f 2615/2615/148 2619/2619/148 2616/2616/148
f 2618/2618/2 2620/2620/2 2621/2621/2
f 2618/2618/163 2621/2621/163 2619/2619/163
f 2620/2620/135 2614/2614/135 2617/2617/135
f 2620/2620/135 2617/2617/135 2621/2621/135
f 2622/2622/24 2623/2623/24 2624/2624/24
f 2622/2622/24 2624/2624/24 2625/2625/24
f 2623/2623/201 2626/2626/201 2627/2627/201
f 2623/2623/201 2627/2627/201 2624/2624/201
f 2626/2626/2 2628/2628/2 2629/2629/2
f 2626/2626/2 2629/2629/2 2627/2627/2
f 2628/2628/135 2622/2622/135 2625/2625/135
f 2628/2628/135 2625/2625/135 2629/2629/135
f 2630/2630/24 2631/2631/24 2632/2632/24
f 2630/2630/24 2632/2632/24 2633/2633/24
f 2631/2631/148 2634/2634/148 2635/2635/148
f 2631/2631/148 2635/2635/148 2632/2632/148
f 2634/2634/163 2636/2636/163 2637/2637/163
f 2634/2634/163 2637/2637/163 2635/2635/163
f 2636/2636/135 2630/2630/135 2633/2633/135
f 2636/2636/135 2633/2633/135 2637/2637/135
f 2638/2638/1 2639/2639/1 2640/2640/1
f 2638/2638/24 2640/2640/24 2641/2641/24
f 2639/2639/201 2642/2642/201 2643/2643/201
f 2639/2639/201 2643/2643/201 2640/2640/201
f 2642/2642/2 2644/2644/2 2645/2645/2
f 2642/2642/163 2645/2645/163 2643/2643/163
f 2644/2644/200 2638/2638/200 2641/2641/200
f 2644/2644/200 2641/2641/200 2645/2645/200
f 2646/2646/6 2647/2647/6 2648/2648/6
f 2646/2646/6 2648/2648/6 2649/2649/6
f 2650/2650/6 2651/2651/6 2652/2652/6
f 2650/2650/6 2652/2652/6 2653/2653/6
f 2654/2654/4 2655/2655/4 2656/2656/4
f 2654/2654/4 2656/2656/4 2657/2657/4
f 2658/2658/4 2659/2659/4 2660/2660/4
f 2658/2658/4 2660/2660/4 2661/2661/4
f 2647/2647/1 2654/2654/1 2657/2657/1
f 2647/2647/1 2657/2657/1 2648/2648/1
f 2659/2659/1 2650/2650/1 2653/2653/1
f 2659/2659/1 2653/2653/1 2660/2660/1
f 2651/2651/2 2658/2658/2 2661/2661/2
f 2651/2651/2 2661/2661/2 2652/2652/2
f 2655/2655/2 2646/2646/2 2649/2649/2
f 2655/2655/2 2649/2649/2 2656/2656/2
f 2662/2662/148 2663/2663/148 2664/2664/148
f 2662/2662/148 2664/2664/148 2665/2665/148
f 2663/2663/163 2666/2666/163 2667/2667/163
f 2663/2663/163 2667/2667/163 2664/2664/163
f 2666/2666/135 2668/2668/135 2669/2669/135
f 2666/2666/135 2669/2669/135 2667/2667/135
f 2668/2668/24 2662/2662/24 2665/2665/24
f 2668/2668/24 2665/2665/24 2669/2669/24
f 2670/2670/148 2671/2671/148 2672/2672/148
f 2670/2670/148 2672/2672/148 2673/2673/148
f 2671/2671/163 2674/2674/163 2675/2675/163
f 2671/2671/163 2675/2675/163 2672/2672/163
f 2674/2674/135 2676/2676/135 2677/2677/135
f 2674/2674/135 2677/2677/135 2675/2675/135
f 2676/2676/24 2670/2670/24 2673/2673/24
f 2676/2676/24 2673/2673/24 2677/2677/24
f 2678/2678/148 2679/2679/148 2680/2680/148
f 2678/2678/148 2680/2680/148 2681/2681/148
f 2679/2679/162 2682/2682/162 2683/2683/162
f 2679/2679/163 2683/2683/163 2680/2680/163
f 2682/2682/135 2684/2684/135 2685/2685/135
f 2682/2682/135 2685/2685/135 2683/2683/135
f 2684/2684/24 2678/2678/24 2681/2681/24
f 2684/2684/24 2681/2681/24 2685/2685/24
f 2686/2686/201 2687/2687/201 2688/2688/201
f 2686/2686/201 2688/2688/201 2689/2689/201
f 2687/2687/2 2690/2690/2 2691/2691/2
f 2687/2687/2 2691/2691/2 2688/2688/2
f 2690/2690/135 2692/2692/135 2693/2693/135
f 2690/2690/135 2693/2693/135 2691/2691/135
f 2692/2692/24 2686/2686/24 2689/2689/24
f 2692/2692/24 2689/2689/24 2693/2693/24
f 2694/2694/148 2695/2695/148 2696/2696/148
f 2694/2694/148 2696/2696/148 2697/2697/148
f 2695/2695/163 2698/2698/163 2699/2699/163
f 2695/2695/163 2699/2699/163 2696/2696/163
f 2698/2698/200 2700/2700/200 2701/2701/200
f 2698/2698/200 2701/2701/200 2699/2699/200
f 2700/2700/1 2694/2694/1 2697/2697/1
f 2700/2700/1 2697/2697/1 2701/2701/1
f 2702/2702/148 2703/2703/148 2704/2704/148
f 2702/2702/148 2704/2704/148 2705/2705/148
f 2703/2703/163 2706/2706/163 2707/2707/163
f 2703/2703/163 2707/2707/163 2704/2704/163
f 2706/2706/135 2708/2708/135 2709/2709/135
f 2706/2706/135 2709/2709/135 2707/2707/135
f 2708/2708/24 2702/2702/24 2705/2705/24
f 2708/2708/24 2705/2705/24 2709/2709/24
f 2710/2710/148 2711/2711/148 2712/2712/148
f 2710/2710/148 2712/2712/148 2713/2713/148
f 2711/2711/163 2714/2714/163 2715/2715/163
f 2711/2711/163 2715/2715/163 2712/2712/163
f 2714/2714/135 2716/2716/135 2717/2717/135
f 2714/2714/135 2717/2717/135 2715/2715/135
f 2716/2716/24 2710/2710/24 2713/2713/24
f 2716/2716/1 2713/2713/1 2717/2717/1
f 2718/2718/148 2719/2719/148 2720/2720/148
f 2718/2718/148 2720/2720/148 2721/2721/148
f 2719/2719/163 2722/2722/163 2723/2723/163
f 2719/2719/2 2723/2723/2 2720/2720/2
f 2722/2722/135 2724/2724/135 2725/2725/135
f 2722/2722/135 2725/2725/135 2723/2723/135
f 2724/2724/1 2718/2718/1 2721/2721/1
f 2724/2724/24 2721/2721/24 2725/2725/24
f 2726/2726/201 2727/2727/201 2728/2728/201
f 2726/2726/201 2728/2728/201 2729/2729/201
f 2727/2727/163 2730/2730/163 2731/2731/163
f 2727/2727/163 2731/2731/163 2728/2728/163
f 2730/2730/200 2732/2732/200 2733/2733/200
f 2730/2730/200 2733/2733/200 2731/2731/200
f 2732/2732/24 2726/2726/24 2729/2729/24
f 2732/2732/24 2729/2729/24 2733/2733/24
f 2734/2734/148 2735/2735/148 2736/2736/148
f 2734/2734/148 2736/2736/148 2737/2737/148
f 2735/2735/163 2738/2738/163 2739/2739/163
f 2735/2735/163 2739/2739/163 2736/2736/163
f 2738/2738/200 2740/2740/200 2741/2741/200
f 2738/2738/200 2741/2741/200 2739/2739/200
f 2740/2740/1 2734/2734/1 2737/2737/1
f 2740/2740/1 2737/2737/1 2741/2741/1
f 2742/2742/148 2743/2743/148 2744/2744/148
f 2742/2742/148 2744/2744/148 2745/2745/148
f 2743/2743/163 2746/2746/163 2747/2747/163
f 2743/2743/163 2747/2747/163 2744/2744/163
f 2746/2746/135 2748/2748/135 2749/2749/135
f 2746/2746/135 2749/2749/135 2747/2747/135
f 2748/2748/24 2742/2742/24 2745/2745/24
f 2748/2748/24 2745/2745/24 2749/2749/24
f 2750/2750/148 2751/2751/148 2752/2752/148
f 2750/2750/148 2752/2752/148 2753/2753/148
f 2751/2751/2 2754/2754/2 2755/2755/2
f 2751/2751/163 2755/2755/163 2752/2752/163
f 2754/2754/135 2756/2756/135 2757/2757/135
f 2754/2754/135 2757/2757/135 2755/2755/135
f 2756/2756/1 2750/2750/1 2753/2753/1
f 2756/2756/24 2753/2753/24 2757/2757/24
f 2758/2758/148 2759/2759/148 2760/2760/148
f 2758/2758/148 2760/2760/148 2761/2761/148
f 2759/2759/163 2762/2762/163 2763/2763/163
f 2759/2759/163 2763/2763/163 2760/2760/163
f 2762/2762/135 2764/2764/135 2765/2765/135
f 2762/2762/135 2765/2765/135 2763/2763/135
f 2764/2764/24 2758/2758/24 2761/2761/24
f 2764/2764/24 2761/2761/24 2765/2765/24
f 2766/2766/201 2767/2767/201 2768/2768/201
f 2766/2766/201 2768/2768/201 2769/2769/201
f 2767/2767/2 2770/2770/2 2771/2771/2
f 2767/2767/2 2771/2771/2 2768/2768/2
f 2770/2770/135 2772/2772/135 2773/2773/135
f 2770/2770/135 2773/2773/135 2771/2771/135
f 2772/2772/24 2766/2766/24 2769/2769/24
f 2772/2772/24 2769/2769/24 2773/2773/24
f 2774/2774/201 2775/2775/201 2776/2776/201
f 2774/2774/201 2776/2776/201 2777/2777/201
f 2775/2775/163 2778/2778/163 2779/2779/163
f 2775/2775/163 2779/2779/163 2776/2776/163
f 2778/2778/200 2780/2780/200 2781/2781/200
f 2778/2778/200 2781/2781/200 2779/2779/200
f 2780/2780/24 2774/2774/24 2777/2777/24
f 2780/2780/24 2777/2777/24 2781/2781/24
f 2782/2782/148 2783/2783/148 2784/2784/148
f 2782/2782/148 2784/2784/148 2785/2785/148
f 2783/2783/163 2786/2786/163 2787/2787/163
f 2783/2783/2 2787/2787/2 2784/2784/2
f 2786/2786/135 2788/2788/135 2789/2789/135
f 2786/2786/135 2789/2789/135 2787/2787/135
f 2788/2788/24 2782/2782/24 2785/2785/24
f 2788/2788/1 2785/2785/1 2789/2789/1
f 2790/2790/148 2791/2791/148 2792/2792/148
f 2790/2790/148 2792/2792/148 2793/2793/148
f 2791/2791/163 2794/2794/163 2795/2795/163
f 2791/2791/2 2795/2795/2 2792/2792/2
f 2794/2794/135 2796/2796/135 2797/2797/135
f 2794/2794/135 2797/2797/135 2795/2795/135
f 2796/2796/24 2790/2790/24 2793/2793/24
f 2796/2796/24 2793/2793/24 2797/2797/24
f 2798/2798/201 2799/2799/201 2800/2800/201
f 2798/2798/201 2800/2800/201 2801/2801/201
f 2799/2799/163 2802/2802/163 2803/2803/163
f 2799/2799/163 2803/2803/163 2800/2800/163
f 2802/2802/200 2804/2804/200 2805/2805/200
f 2802/2802/200 2805/2805/200 2803/2803/200
f 2804/2804/1 2798/2798/1 2801/2801/1
f 2804/2804/24 2801/2801/24 2805/2805/24
f 2806/2806/148 2807/2807/148 2808/2808/148
f 2806/2806/148 2808/2808/148 2809/2809/148
f 2807/2807/163 2810/2810/163 2811/2811/163
f 2807/2807/163 2811/2811/163 2808/2808/163
f 2810/2810/200 2812/2812/200 2813/2813/200
f 2810/2810/200 2813/2813/200 2811/2811/200
f 2812/2812/1 2806/2806/1 2809/2809/1
f 2812/2812/1 2809/2809/1 2813/2813/1
f 2814/2814/148 2815/2815/148 2816/2816/148
f 2814/2814/148 2816/2816/148 2817/2817/148
f 2815/2815/163 2818/2818/163 2819/2819/163
f 2815/2815/163 2819/2819/163 2816/2816/163
f 2818/2818/135 2820/2820/135 2821/2821/135
f 2818/2818/135 2821/2821/135 2819/2819/135
f 2820/2820/24 2814/2814/24 2817/2817/24
f 2820/2820/24 2817/2817/24 2821/2821/24
f 2822/2822/201 2823/2823/201 2824/2824/201
f 2822/2822/201 2824/2824/201 2825/2825/201
f 2823/2823/163 2826/2826/163 2827/2827/163
f 2823/2823/163 2827/2827/163 2824/2824/163
f 2826/2826/200 2828/2828/200 2829/2829/200
f 2826/2826/200 2829/2829/200 2827/2827/200
f 2828/2828/24 2822/2822/24 2825/2825/24
f 2828/2828/24 2825/2825/24 2829/2829/24
f 2830/2830/148 2831/2831/148 2832/2832/148
f 2830/2830/148 2832/2832/148 2833/2833/148
f 2831/2831/163 2834/2834/163 2835/2835/163
f 2831/2831/163 2835/2835/163 2832/2832/163
f 2834/2834/135 2836/2836/135 2837/2837/135
f 2834/2834/135 2837/2837/135 2835/2835/135
f 2836/2836/24 2830/2830/24 2833/2833/24
f 2836/2836/24 2833/2833/24 2837/2837/24
f 2838/2838/148 2839/2839/148 2840/2840/148
f 2838/2838/148 2840/2840/148 2841/2841/148
f 2839/2839/163 2842/2842/163 2843/2843/163
f 2839/2839/2 2843/2843/2 2840/2840/2
f 2842/2842/135 2844/2844/135 2845/2845/135
f 2842/2842/135 2845/2845/135 2843/2843/135
f 2844/2844/24 2838/2838/24 2841/2841/24
f 2844/2844/1 2841/2841/1 2845/2845/1
f 2846/2846/148 2847/2847/148 2848/2848/148
f 2846/2846/148 2848/2848/148 2849/2849/148
f 2847/2847/163 2850/2850/163 2851/2851/163
f 2847/2847/163 2851/2851/163 2848/2848/163
f 2850/2850/135 2852/2852/135 2853/2853/135
f 2850/2850/135 2853/2853/135 2851/2851/135
f 2852/2852/24 2846/2846/24 2849/2849/24
f 2852/2852/24 2849/2849/24 2853/2853/24
f 2854/2854/148 2855/2855/148 2856/2856/148
f 2854/2854/148 2856/2856/148 2857/2857/148
f 2855/2855/163 2858/2858/163 2859/2859/163
f 2855/2855/163 2859/2859/163 2856/2856/163
f 2858/2858/135 2860/2860/135 2861/2861/135
f 2858/2858/135 2861/2861/135 2859/2859/135
f 2860/2860/24 2854/2854/24 2857/2857/24
f 2860/2860/24 2857/2857/24 2861/2861/24
f 2862/2862/201 2863/2863/201 2864/2864/201
f 2862/2862/201 2864/2864/201 2865/2865/201
f 2863/2863/2 2866/2866/2 2867/2867/2
f 2863/2863/163 2867/2867/163 2864/2864/163
f 2866/2866/200 2868/2868/200 2869/2869/200
f 2866/2866/200 2869/2869/200 2867/2867/200
f 2868/2868/24 2862/2862/24 2865/2865/24
f 2868/2868/24 2865/2865/24 2869/2869/24
f 2870/2870/148 2871/2871/148 2872/2872/148
f 2870/2870/148 2872/2872/148 2873/2873/148
f 2871/2871/2 2874/2874/2 2875/2875/2
f 2871/2871/163 2875/2875/163 2872/2872/163
f 2874/2874/135 2876/2876/135 2877/2877/135
f 2874/2874/135 2877/2877/135 2875/2875/135
f 2876/2876/1 2870/2870/1 2873/2873/1
f 2876/2876/24 2873/2873/24 2877/2877/24
f 2878/2878/148 2879/2879/148 2880/2880/148
f 2878/2878/148 2880/2880/148 2881/2881/148
f 2879/2879/163 2882/2882/163 2883/2883/163
f 2879/2879/163 2883/2883/163 2880/2880/163
f 2882/2882/135 2884/2884/135 2885/2885/135
f 2882/2882/135 2885/2885/135 2883/2883/135
f 2884/2884/24 2878/2878/24 2881/2881/24
f 2884/2884/24 2881/2881/24 2885/2885/24
f 2886/2886/148 2887/2887/148 2888/2888/148
f 2886/2886/148 2888/2888/148 2889/2889/148
f 2887/2887/163 2890/2890/163 2891/2891/163
f 2887/2887/163 2891/2891/163 2888/2888/163
f 2890/2890/135 2892/2892/135 2893/2893/135
f 2890/2890/135 2893/2893/135 2891/2891/135
f 2892/2892/24 2886/2886/24 2889/2889/24
f 2892/2892/24 2889/2889/24 2893/2893/24
f 2894/2894/201 2895/2895/201 2896/2896/201
f 2894/2894/201 2896/2896/201 2897/2897/201
f 2895/2895/2 2898/2898/2 2899/2899/2
f 2895/2895/2 2899/2899/2 2896/2896/2
f 2898/2898/135 2900/2900/135 2901/2901/135
f 2898/2898/135 2901/2901/135 2899/2899/135
f 2900/2900/24 2894/2894/24 2897/2897/24
f 2900/2900/1 2897/2897/1 2901/2901/1
f 2902/2902/6 2903/2903/6 2904/2904/6
f 2902/2902/6 2904/2904/6 2905/2905/6
f 2906/2906/6 2907/2907/6 2908/2908/6
f 2906/2906/6 2908/2908/6 2909/2909/6
f 2910/2910/4 2911/2911/4 2912/2912/4
f 2910/2910/4 2912/2912/4 2913/2913/4
f 2914/2914/4 2915/2915/4 2916/2916/4
f 2914/2914/4 2916/2916/4 2917/2917/4
f 2903/2903/9 2910/2910/9 2913/2913/9
f 2903/2903/9 2913/2913/9 2904/2904/9
f 2915/2915/9 2906/2906/9 2909/2909/9
f 2915/2915/9 2909/2909/9 2916/2916/9
f 2907/2907/5 2914/2914/5 2917/2917/5
f 2907/2907/5 2917/2917/5 2908/2908/5
f 2911/2911/5 2902/2902/5 2905/2905/5
f 2911/2911/5 2905/2905/5 2912/2912/5
f 2918/2918/148 2919/2919/148 2920/2920/148
f 2918/2918/148 2920/2920/148 2921/2921/148
f 2919/2919/163 2922/2922/163 2923/2923/163
f 2919/2919/2 2923/2923/2 2920/2920/2
f 2922/2922/135 2924/2924/135 2925/2925/135
f 2922/2922/135 2925/2925/135 2923/2923/135
f 2924/2924/24 2918/2918/24 2921/2921/24
f 2924/2924/24 2921/2921/24 2925/2925/24
f 2926/2926/201 2927/2927/201 2928/2928/201
f 2926/2926/201 2928/2928/201 2929/2929/201
f 2927/2927/2 2930/2930/2 2931/2931/2
f 2927/2927/163 2931/2931/163 2928/2928/163
f 2930/2930/200 2932/2932/200 2933/2933/200
f 2930/2930/200 2933/2933/200 2931/2931/200
f 2932/2932/1 2926/2926/1 2929/2929/1
f 2932/2932/24 2929/2929/24 2933/2933/24
f 2934/2934/148 2935/2935/148 2936/2936/148
f 2934/2934/148 2936/2936/148 2937/2937/148
f 2935/2935/163 2938/2938/163 2939/2939/163
f 2935/2935/163 2939/2939/163 2936/2936/163
f 2938/2938/200 2940/2940/200 2941/2941/200
f 2938/2938/200 2941/2941/200 2939/2939/200
f 2940/2940/1 2934/2934/1 2937/2937/1
f 2940/2940/1 2937/2937/1 2941/2941/1
f 2942/2942/163 2943/2943/163 2944/2944/163
f 2942/2942/163 2944/2944/163 2945/2945/163
f 2943/2943/200 2946/2946/200 2947/2947/200
f 2943/2943/200 2947/2947/200 2944/2944/200
f 2946/2946/24 2948/2948/24 2949/2949/24
f 2946/2946/24 2949/2949/24 2947/2947/24
f 2948/2948/201 2942/2942/201 2945/2945/201
f 2948/2948/201 2945/2945/201 2949/2949/201
f 2950/2950/163 2951/2951/163 2952/2952/163
f 2950/2950/163 2952/2952/163 2953/2953/163
f 2951/2951/135 2954/2954/135 2955/2955/135
f 2951/2951/135 2955/2955/135 2952/2952/135
f 2954/2954/24 2956/2956/24 2957/2957/24
f 2954/2954/24 2957/2957/24 2955/2955/24
f 2956/2956/148 2950/2950/148 2953/2953/148
f 2956/2956/148 2953/2953/148 2957/2957/148
f 2958/2958/163 2959/2959/163 2960/2960/163
f 2958/2958/163 2960/2960/163 2961/2961/163
f 2959/2959/200 2962/2962/200 2963/2963/200
f 2959/2959/200 2963/2963/200 2960/2960/200
f 2962/2962/24 2964/2964/24 2965/2965/24
f 2962/2962/24 2965/2965/24 2963/2963/24
f 2964/2964/201 2958/2958/201 2961/2961/201
f 2964/2964/201 2961/2961/201 2965/2965/201
f 2966/2966/162 2967/2967/162 2968/2968/162
f 2966/2966/162 2968/2968/162 2969/2969/162
f 2967/2967/135 2970/2970/135 2971/2971/135
f 2967/2967/135 2971/2971/135 2968/2968/135
f 2970/2970/161 2972/2972/161 2973/2973/161
f 2970/2970/161 2973/2973/161 2971/2971/161
f 2972/2972/148 2966/2966/148 2969/2969/148
f 2972/2972/148 2969/2969/148 2973/2973/148
f 2974/2974/163 2975/2975/163 2976/2976/163
f 2974/2974/163 2976/2976/163 2977/2977/163
f 2975/2975/135 2978/2978/135 2979/2979/135
f 2975/2975/135 2979/2979/135 2976/2976/135
f 2978/2978/24 2980/2980/24 2981/2981/24
f 2978/2978/24 2981/2981/24 2979/2979/24
f 2980/2980/148 2974/2974/148 2977/2977/148
f 2980/2980/148 2977/2977/148 2981/2981/148
f 2982/2982/163 2983/2983/163 2984/2984/163
f 2982/2982/163 2984/2984/163 2985/2985/163
f 2983/2983/135 2986/2986/135 2987/2987/135
f 2983/2983/135 2987/2987/135 2984/2984/135
f 2986/2986/24 2988/2988/24 2989/2989/24
f 2986/2986/24 2989/2989/24 2987/2987/24
f 2988/2988/148 2982/2982/148 2985/2985/148
f 2988/2988/148 2985/2985/148 2989/2989/148
f 2990/2990/163 2991/2991/163 2992/2992/163
f 2990/2990/163 2992/2992/163 2993/2993/163
f 2991/2991/135 2994/2994/135 2995/2995/135
f 2991/2991/135 2995/2995/135 2992/2992/135
f 2994/2994/24 2996/2996/24 2997/2997/24
f 2994/2994/24 2997/2997/24 2995/2995/24
f 2996/2996/148 2990/2990/148 2993/2993/148
f 2996/2996/148 2993/2993/148 2997/2997/148
f 2998/2998/163 2999/2999/163 3000/3000/163
f 2998/2998/163 3000/3000/163 3001/3001/163
f 2999/2999/135 3002/3002/135 3003/3003/135
f 2999/2999/135 3003/3003/135 3000/3000/135
f 3002/3002/24 3004/3004/24 3005/3005/24
f 3002/3002/24 3005/3005/24 3003/3003/24
f 3004/3004/148 2998/2998/148 3001/3001/148
f 3004/3004/148 3001/3001/148 3005/3005/148
f 3006/3006/162 3007/3007/162 3008/3008/162
f 3006/3006/162 3008/3008/162 3009/3009/162
f 3007/3007/135 3010/3010/135 3011/3011/135
f 3007/3007/135 3011/3011/135 3008/3008/135
f 3010/3010/161 3012/3012/161 3013/3013/161
f 3010/3010/161 3013/3013/161 3011/3011/161
f 3012/3012/148 3006/3006/148 3009/3009/148
f 3012/3012/148 3009/3009/148 3013/3013/148
f 3014/3014/163 3015/3015/163 3016/3016/163
f 3014/3014/163 3016/3016/163 3017/3017/163
f 3015/3015/200 3018/3018/200 3019/3019/200
f 3015/3015/200 3019/3019/200 3016/3016/200
f 3018/3018/174 3020/3020/174 3021/3021/174
f 3018/3018/24 3021/3021/24 3019/3019/24
f 3020/3020/201 3014/3014/201 3017/3017/201
f 3020/3020/201 3017/3017/201 3021/3021/201
f 3022/3022/163 3023/3023/163 3024/3024/163
f 3022/3022/540 3024/3024/540 3025/3025/540
f 3023/3023/135 3026/3026/135 3027/3027/135
f 3023/3023/135 3027/3027/135 3024/3024/135
f 3026/3026/24 3028/3028/24 3029/3029/24
f 3026/3026/185 3029/3029/185 3027/3027/185
f 3028/3028/148 3022/3022/148 3025/3025/148
f 3028/3028/148 3025/3025/148 3029/3029/148
f 3030/3030/163 3031/3031/163 3032/3032/163
f 3030/3030/163 3032/3032/163 3033/3033/163
f 3031/3031/200 3034/3034/200 3035/3035/200
f 3031/3031/200 3035/3035/200 3032/3032/200
f 3034/3034/24 3036/3036/24 3037/3037/24
f 3034/3034/161 3037/3037/161 3035/3035/161
f 3036/3036/201 3030/3030/201 3033/3033/201
f 3036/3036/201 3033/3033/201 3037/3037/201
f 3038/3038/6 3039/3039/6 3040/3040/6
f 3038/3038/6 3040/3040/6 3041/3041/6
f 3042/3042/4 3043/3043/4 3044/3044/4
f 3042/3042/4 3044/3044/4 3045/3045/4
f 3039/3039/2 3042/3042/2 3045/3045/2
f 3039/3039/2 3045/3045/2 3040/3040/2
f 3043/3043/1 3038/3038/1 3041/3041/1
f 3043/3043/194 3041/3041/194 3044/3044/194
f 3046/3046/9 3047/3047/9 3048/3048/9
f 3046/3046/9 3048/3048/9 3049/3049/9
f 3050/3050/9 3051/3051/9 3052/3052/9
f 3050/3050/9 3052/3052/9 3053/3053/9
f 3054/3054/4 3055/3055/4 3049/3049/4
f 3054/3054/4 3049/3049/4 3048/3048/4
f 3047/3047/4 3046/3046/4 3053/3053/4
f 3047/3047/4 3053/3053/4 3052/3052/4
f 3046/3046/1 3049/3049/1 3055/3055/1
f 3046/3046/1 3055/3055/1 3056/3056/1
f 3046/3046/1 3056/3056/1 3050/3050/1
f 3046/3046/1 3050/3050/1 3053/3053/1
f 3051/3051/6 3050/3050/6 3056/3056/6
f 3051/3051/6 3056/3056/6 184/184/6
f 3047/3047/2 3052/3052/2 3051/3051/2
f 3047/3047/2 3051/3051/2 184/184/2
f 3048/3048/2 3047/3047/2 184/184/2
f 3048/3048/2 184/184/2 3054/3054/2
f 184/184/5 3056/3056/5 3055/3055/5
f 184/184/5 3055/3055/5 3054/3054/5
f 3057/3057/1 3058/3058/1 3059/3059/1
f 3057/3057/1 3059/3059/1 3060/3060/1
f 3061/3061/1 3062/3062/1 3063/3063/1
f 3061/3061/1 3063/3063/1 3064/3064/1
f 3065/3065/4 3066/3066/4 3060/3060/4
f 3065/3065/4 3060/3060/4 3059/3059/4
f 3058/3058/4 3057/3057/4 3064/3064/4
f 3058/3058/4 3064/3064/4 3063/3063/4
f 3057/3057/8 3060/3060/8 3066/3066/8
f 3057/3057/8 3066/3066/8 3067/3067/8
f 3057/3057/8 3067/3067/8 3061/3061/8
f 3057/3057/8 3061/3061/8 3064/3064/8
f 3062/3062/6 3061/3061/6 3067/3067/6
f 3062/3062/6 3067/3067/6 3068/3068/6
f 3058/3058/7 3063/3063/7 3062/3062/7
f 3058/3058/9 3062/3062/9 3068/3068/9
f 3059/3059/9 3058/3058/9 3068/3068/9
f 3059/3059/9 3068/3068/9 3065/3065/9
f 3068/3068/2 3067/3067/2 3066/3066/2
f 3068/3068/2 3066/3066/2 3065/3065/2
f 3069/3069/5 3070/3070/5 3071/3071/5
f 3069/3069/5 3071/3071/5 3072/3072/5
f 3073/3073/5 3074/3074/5 3075/3075/5
f 3073/3073/5 3075/3075/5 3076/3076/5
f 3077/3077/4 3078/3078/4 3072/3072/4
f 3077/3077/4 3072/3072/4 3071/3071/4
f 3070/3070/4 3069/3069/4 3076/3076/4
f 3070/3070/4 3076/3076/4 3075/3075/4
f 3069/3069/2 3072/3072/2 3078/3078/2
f 3069/3069/2 3078/3078/2 3079/3079/2
f 3069/3069/2 3079/3079/2 3073/3073/2
f 3069/3069/2 3073/3073/2 3076/3076/2
f 3074/3074/6 3073/3073/6 3079/3079/6
f 3074/3074/6 3079/3079/6 3080/3080/6
f 3070/3070/1 3075/3075/1 3074/3074/1
f 3070/3070/1 3074/3074/1 3080/3080/1
f 3071/3071/1 3070/3070/1 3080/3080/1
f 3071/3071/1 3080/3080/1 3077/3077/1
f 3080/3080/9 3079/3079/9 3078/3078/9
f 3080/3080/9 3078/3078/9 3077/3077/9
f 3081/3081/271 3082/3082/271 3083/3083/271
f 3081/3081/133 3083/3083/133 3084/3084/133
f 3085/3085/2 3086/3086/2 3082/3082/2
f 3085/3085/2 3082/3082/2 3081/3081/2
f 3087/3087/197 3088/3088/197 3086/3086/197
f 3087/3087/269 3086/3086/269 3085/3085/269
f 3084/3084/1 3083/3083/1 3088/3088/1
f 3084/3084/1 3088/3088/1 3087/3087/1
f 3089/3089/264 3081/3081/264 3084/3084/264
f 3089/3089/7 3084/3084/7 3090/3090/7
f 3091/3091/541 3085/3085/541 3081/3081/541
f 3091/3091/542 3081/3081/542 3089/3089/542
f 3092/3092/208 3087/3087/208 3085/3085/208
f 3092/3092/543 3085/3085/543 3091/3091/543
f 3090/3090/544 3084/3084/544 3087/3087/544
f 3090/3090/545 3087/3087/545 3092/3092/545
f 3093/3093/148 3089/3089/148 3090/3090/148
f 3093/3093/148 3090/3090/148 3094/3094/148
f 3095/3095/2 3091/3091/2 3089/3089/2
f 3095/3095/2 3089/3089/2 3093/3093/2
f 3096/3096/135 3092/3092/135 3091/3091/135
f 3096/3096/135 3091/3091/135 3095/3095/135
f 3094/3094/24 3090/3090/24 3092/3092/24
f 3094/3094/1 3092/3092/1 3096/3096/1
f 3086/3086/4 3088/3088/4 3083/3083/4
f 3086/3086/4 3083/3083/4 3082/3082/4
f 3094/3094/6 3096/3096/6 3095/3095/6
f 3094/3094/6 3095/3095/6 3093/3093/6
f 3097/3097/271 3098/3098/271 3099/3099/271
f 3097/3097/133 3099/3099/133 3100/3100/133
f 3101/3101/163 3102/3102/163 3098/3098/163
f 3101/3101/2 3098/3098/2 3097/3097/2
f 3103/3103/197 3104/3104/197 3102/3102/197
f 3103/3103/269 3102/3102/269 3101/3101/269
f 3100/3100/1 3099/3099/1 3104/3104/1
f 3100/3100/24 3104/3104/24 3103/3103/24
f 3105/3105/11 3097/3097/11 3100/3100/11
f 3105/3105/167 3100/3100/167 3106/3106/167
f 3107/3107/542 3101/3101/542 3097/3097/542
f 3107/3107/546 3097/3097/546 3105/3105/546
f 3108/3108/18 3103/3103/18 3101/3101/18
f 3108/3108/543 3101/3101/543 3107/3107/543
f 3106/3106/547 3100/3100/547 3103/3103/547
f 3106/3106/544 3103/3103/544 3108/3108/544
f 3109/3109/133 3105/3105/133 3106/3106/133
f 3109/3109/133 3106/3106/133 3110/3110/133
f 3111/3111/2 3107/3107/2 3105/3105/2
f 3111/3111/2 3105/3105/2 3109/3109/2
f 3112/3112/135 3108/3108/135 3107/3107/135
f 3112/3112/135 3107/3107/135 3111/3111/135
f 3110/3110/1 3106/3106/1 3108/3108/1
f 3110/3110/24 3108/3108/24 3112/3112/24
f 3102/3102/4 3104/3104/4 3099/3099/4
f 3102/3102/4 3099/3099/4 3098/3098/4
f 3110/3110/6 3112/3112/6 3111/3111/6
f 3110/3110/6 3111/3111/6 3109/3109/6
f 3113/3113/24 3114/3114/24 3115/3115/24
f 3113/3113/1 3115/3115/1 3116/3116/1
f 3117/3117/9 3118/3118/9 3114/3114/9
f 3117/3117/9 3114/3114/9 3113/3113/9
f 3119/3119/2 3120/3120/2 3118/3118/2
f 3119/3119/2 3118/3118/2 3117/3117/2
f 3116/3116/5 3115/3115/5 3120/3120/5
f 3116/3116/5 3120/3120/5 3119/3119/5
f 3121/3121/1 3113/3113/1 3116/3116/1
f 3121/3121/194 3116/3116/194 3122/3122/194
f 3123/3123/548 3117/3117/548 3113/3113/548
f 3123/3123/549 3113/3113/549 3121/3121/549
f 3124/3124/2 3119/3119/2 3117/3117/2
f 3124/3124/2 3117/3117/2 3123/3123/2
f 3122/3122/550 3116/3116/550 3119/3119/550
f 3122/3122/550 3119/3119/550 3124/3124/550
f 3125/3125/1 3121/3121/1 3122/3122/1
f 3125/3125/1 3122/3122/1 3126/3126/1
f 3127/3127/7 3123/3123/7 3121/3121/7
f 3127/3127/7 3121/3121/7 3125/3125/7
f 3128/3128/2 3124/3124/2 3123/3123/2
f 3128/3128/2 3123/3123/2 3127/3127/2
f 3126/3126/5 3122/3122/5 3124/3124/5
f 3126/3126/5 3124/3124/5 3128/3128/5
f 3118/3118/4 3120/3120/4 3115/3115/4
f 3118/3118/4 3115/3115/4 3114/3114/4
f 3126/3126/6 3128/3128/6 3127/3127/6
f 3126/3126/6 3127/3127/6 3125/3125/6
f 3129/3129/24 3130/3130/24 3131/3131/24
f 3129/3129/24 3131/3131/24 3132/3132/24
f 3133/3133/9 3134/3134/9 3130/3130/9
f 3133/3133/9 3130/3130/9 3129/3129/9
f 3135/3135/163 3136/3136/163 3134/3134/163
f 3135/3135/163 3134/3134/163 3133/3133/163
f 3132/3132/5 3131/3131/5 3136/3136/5
f 3132/3132/5 3136/3136/5 3135/3135/5
f 3137/3137/1 3129/3129/1 3132/3132/1
f 3137/3137/1 3132/3132/1 3138/3138/1
f 3139/3139/551 3133/3133/551 3129/3129/551
f 3139/3139/551 3129/3129/551 3137/3137/551
f 3140/3140/3 3135/3135/3 3133/3133/3
f 3140/3140/190 3133/3133/190 3139/3139/190
f 3138/3138/550 3132/3132/550 3135/3135/550
f 3138/3138/552 3135/3135/552 3140/3140/552
f 3141/3141/1 3137/3137/1 3138/3138/1
f 3141/3141/1 3138/3138/1 3142/3142/1
f 3143/3143/9 3139/3139/9 3137/3137/9
f 3143/3143/9 3137/3137/9 3141/3141/9
f 3144/3144/2 3140/3140/2 3139/3139/2
f 3144/3144/2 3139/3139/2 3143/3143/2
f 3142/3142/5 3138/3138/5 3140/3140/5
f 3142/3142/5 3140/3140/5 3144/3144/5
f 3134/3134/4 3136/3136/4 3131/3131/4
f 3134/3134/4 3131/3131/4 3130/3130/4
f 3142/3142/6 3144/3144/6 3143/3143/6
f 3142/3142/6 3143/3143/6 3141/3141/6
f 3145/3145/197 3146/3146/197 3147/3147/197
f 3145/3145/197 3147/3147/197 3148/3148/197
f 3149/3149/1 3150/3150/1 3146/3146/1
f 3149/3149/1 3146/3146/1 3145/3145/1
f 3151/3151/133 3152/3152/133 3150/3150/133
f 3151/3151/133 3150/3150/133 3149/3149/133
f 3148/3148/2 3147/3147/2 3152/3152/2
f 3148/3148/2 3152/3152/2 3151/3151/2
f 3153/3153/156 3145/3145/156 3148/3148/156
f 3153/3153/8 3148/3148/8 3154/3154/8
f 3155/3155/553 3149/3149/553 3145/3145/553
f 3155/3155/554 3145/3145/554 3153/3153/554
f 3156/3156/12 3151/3151/12 3149/3149/12
f 3156/3156/9 3149/3149/9 3155/3155/9
f 3154/3154/555 3148/3148/555 3151/3151/555
f 3154/3154/556 3151/3151/556 3156/3156/556
f 3157/3157/8 3153/3153/8 3154/3154/8
f 3157/3157/8 3154/3154/8 3158/3158/8
f 3159/3159/1 3155/3155/1 3153/3153/1
f 3159/3159/1 3153/3153/1 3157/3157/1
f 3160/3160/7 3156/3156/7 3155/3155/7
f 3160/3160/7 3155/3155/7 3159/3159/7
f 3158/3158/2 3154/3154/2 3156/3156/2
f 3158/3158/2 3156/3156/2 3160/3160/2
f 3150/3150/4 3152/3152/4 3147/3147/4
f 3150/3150/4 3147/3147/4 3146/3146/4
f 3158/3158/6 3160/3160/6 3159/3159/6
f 3158/3158/6 3159/3159/6 3157/3157/6
f 3161/3161/197 3162/3162/197 3163/3163/197
f 3161/3161/197 3163/3163/197 3164/3164/197
f 3165/3165/1 3166/3166/1 3162/3162/1
f 3165/3165/1 3162/3162/1 3161/3161/1
f 3167/3167/148 3168/3168/148 3166/3166/148
f 3167/3167/148 3166/3166/148 3165/3165/148
f 3164/3164/163 3163/3163/163 3168/3168/163
f 3164/3164/2 3168/3168/2 3167/3167/2
f 3169/3169/169 3161/3161/169 3164/3164/169
f 3169/3169/5 3164/3164/5 3170/3170/5
f 3171/3171/557 3165/3165/557 3161/3161/557
f 3171/3171/558 3161/3161/558 3169/3169/558
f 3172/3172/7 3167/3167/7 3165/3165/7
f 3172/3172/7 3165/3165/7 3171/3171/7
f 3170/3170/559 3164/3164/559 3167/3167/559
f 3170/3170/560 3167/3167/560 3172/3172/560
f 3173/3173/197 3169/3169/197 3170/3170/197
f 3173/3173/197 3170/3170/197 3174/3174/197
f 3175/3175/1 3171/3171/1 3169/3169/1
f 3175/3175/1 3169/3169/1 3173/3173/1
f 3176/3176/148 3172/3172/148 3171/3171/148
f 3176/3176/148 3171/3171/148 3175/3175/148
f 3174/3174/163 3170/3170/163 3172/3172/163
f 3174/3174/163 3172/3172/163 3176/3176/163
f 3166/3166/4 3168/3168/4 3163/3163/4
f 3166/3166/4 3163/3163/4 3162/3162/4
f 3174/3174/6 3176/3176/6 3175/3175/6
f 3174/3174/6 3175/3175/6 3173/3173/6
f 3177/3177/1 3178/3178/1 3179/3179/1
f 3177/3177/24 3179/3179/24 3180/3180/24
f 3181/3181/9 3182/3182/9 3178/3178/9
f 3181/3181/9 3178/3178/9 3177/3177/9
f 3183/3183/163 3184/3184/163 3182/3182/163
f 3183/3183/163 3182/3182/163 3181/3181/163
f 3180/3180/5 3179/3179/5 3184/3184/5
f 3180/3180/5 3184/3184/5 3183/3183/5
f 3180/3180/6 3183/3183/6 3181/3181/6
f 3180/3180/6 3181/3181/6 3177/3177/6
f 3185/3185/2 3186/3186/2 3187/3187/2
f 3185/3185/163 3187/3187/163 3188/3188/163
f 3189/3189/5 3190/3190/5 3186/3186/5
f 3189/3189/561 3186/3186/561 3185/3185/561
f 3191/3191/1 3192/3192/1 3190/3190/1
f 3191/3191/24 3190/3190/24 3189/3189/24
f 3188/3188/7 3187/3187/7 3192/3192/7
f 3188/3188/7 3192/3192/7 3191/3191/7
f 3193/3193/2 3185/3185/2 3188/3188/2
f 3193/3193/2 3188/3188/2 3194/3194/2
f 3195/3195/562 3189/3189/562 3185/3185/562
f 3195/3195/563 3185/3185/563 3193/3193/563
f 3196/3196/1 3191/3191/1 3189/3189/1
f 3196/3196/194 3189/3189/194 3195/3195/194
f 3194/3194/564 3188/3188/564 3191/3191/564
f 3194/3194/565 3191/3191/565 3196/3196/565
f 3197/3197/2 3193/3193/2 3194/3194/2
f 3197/3197/2 3194/3194/2 3198/3198/2
f 3199/3199/8 3195/3195/8 3193/3193/8
f 3199/3199/8 3193/3193/8 3197/3197/8
f 3200/3200/1 3196/3196/1 3195/3195/1
f 3200/3200/24 3195/3195/24 3199/3199/24
f 3198/3198/9 3194/3194/9 3196/3196/9
f 3198/3198/7 3196/3196/7 3200/3200/7
f 3190/3190/4 3192/3192/4 3187/3187/4
f 3190/3190/4 3187/3187/4 3186/3186/4
f 3198/3198/6 3200/3200/6 3199/3199/6
f 3198/3198/6 3199/3199/6 3197/3197/6
f 3201/3201/2 3202/3202/2 3203/3203/2
f 3201/3201/2 3203/3203/2 3204/3204/2
f 3205/3205/5 3206/3206/5 3202/3202/5
f 3205/3205/5 3202/3202/5 3201/3201/5
f 3207/3207/1 3208/3208/1 3206/3206/1
f 3207/3207/1 3206/3206/1 3205/3205/1
f 3204/3204/9 3203/3203/9 3208/3208/9
f 3204/3204/9 3208/3208/9 3207/3207/9
f 3209/3209/3 3201/3201/3 3204/3204/3
f 3209/3209/2 3204/3204/2 3210/3210/2
f 3211/3211/566 3205/3205/566 3201/3201/566
f 3211/3211/562 3201/3201/562 3209/3209/562
f 3212/3212/1 3207/3207/1 3205/3205/1
f 3212/3212/1 3205/3205/1 3211/3211/1
f 3210/3210/564 3204/3204/564 3207/3207/564
f 3210/3210/567 3207/3207/567 3212/3212/567
f 3213/3213/2 3209/3209/2 3210/3210/2
f 3213/3213/2 3210/3210/2 3214/3214/2
f 3215/3215/5 3211/3211/5 3209/3209/5
f 3215/3215/5 3209/3209/5 3213/3213/5
f 3216/3216/1 3212/3212/1 3211/3211/1
f 3216/3216/1 3211/3211/1 3215/3215/1
f 3214/3214/9 3210/3210/9 3212/3212/9
f 3214/3214/9 3212/3212/9 3216/3216/9
f 3206/3206/4 3208/3208/4 3203/3203/4
f 3206/3206/4 3203/3203/4 3202/3202/4
f 3214/3214/6 3216/3216/6 3215/3215/6
f 3214/3214/6 3215/3215/6 3213/3213/6
f 3217/3217/24 3218/3218/24 3219/3219/24
f 3217/3217/1 3219/3219/1 3220/3220/1
f 3221/3221/9 3222/3222/9 3218/3218/9
f 3221/3221/9 3218/3218/9 3217/3217/9
f 3223/3223/2 3224/3224/2 3222/3222/2
f 3223/3223/163 3222/3222/163 3221/3221/163
f 3220/3220/5 3219/3219/5 3224/3224/5
f 3220/3220/5 3224/3224/5 3223/3223/5
f 3220/3220/6 3223/3223/6 3221/3221/6
f 3220/3220/6 3221/3221/6 3217/3217/6
f 3225/3225/1 3226/3226/1 3227/3227/1
f 3225/3225/1 3227/3227/1 3228/3228/1
f 3229/3229/9 3230/3230/9 3226/3226/9
f 3229/3229/9 3226/3226/9 3225/3225/9
f 3231/3231/2 3232/3232/2 3230/3230/2
f 3231/3231/2 3230/3230/2 3229/3229/2
f 3228/3228/5 3227/3227/5 3232/3232/5
f 3228/3228/5 3232/3232/5 3231/3231/5
f 3228/3228/6 3231/3231/6 3229/3229/6
f 3228/3228/6 3229/3229/6 3225/3225/6
f 3233/3233/1 3234/3234/1 3235/3235/1
f 3233/3233/1 3235/3235/1 3236/3236/1
f 3237/3237/9 3238/3238/9 3234/3234/9
f 3237/3237/9 3234/3234/9 3233/3233/9
f 3239/3239/2 3240/3240/2 3238/3238/2
f 3239/3239/2 3238/3238/2 3237/3237/2
f 3236/3236/5 3235/3235/5 3240/3240/5
f 3236/3236/5 3240/3240/5 3239/3239/5
f 3236/3236/6 3239/3239/6 3237/3237/6
f 3236/3236/6 3237/3237/6 3233/3233/6
f 3241/3241/1 3242/3242/1 3243/3243/1
f 3241/3241/1 3243/3243/1 3244/3244/1
f 3245/3245/9 3246/3246/9 3242/3242/9
f 3245/3245/9 3242/3242/9 3241/3241/9
f 3247/3247/2 3248/3248/2 3246/3246/2
f 3247/3247/2 3246/3246/2 3245/3245/2
f 3244/3244/5 3243/3243/5 3248/3248/5
f 3244/3244/5 3248/3248/5 3247/3247/5
f 3244/3244/6 3247/3247/6 3245/3245/6
f 3244/3244/6 3245/3245/6 3241/3241/6
f 3249/3249/133 3250/3250/133 3251/3251/133
f 3249/3249/133 3251/3251/133 3252/3252/133
f 3253/3253/2 3254/3254/2 3250/3250/2
f 3253/3253/2 3250/3250/2 3249/3249/2
f 3255/3255/197 3256/3256/197 3254/3254/197
f 3255/3255/197 3254/3254/197 3253/3253/197
f 3252/3252/1 3251/3251/1 3256/3256/1
f 3252/3252/1 3256/3256/1 3255/3255/1
f 3257/3257/12 3249/3249/12 3252/3252/12
f 3257/3257/7 3252/3252/7 3258/3258/7
f 3259/3259/568 3253/3253/568 3249/3249/568
f 3259/3259/569 3249/3249/569 3257/3257/569
f 3260/3260/5 3255/3255/5 3253/3253/5
f 3260/3260/5 3253/3253/5 3259/3259/5
f 3258/3258/570 3252/3252/570 3255/3255/570
f 3258/3258/570 3255/3255/570 3260/3260/570
f 3261/3261/7 3257/3257/7 3258/3258/7
f 3261/3261/7 3258/3258/7 3262/3262/7
f 3263/3263/2 3259/3259/2 3257/3257/2
f 3263/3263/163 3257/3257/163 3261/3261/163
f 3264/3264/8 3260/3260/8 3259/3259/8
f 3264/3264/8 3259/3259/8 3263/3263/8
f 3262/3262/24 3258/3258/24 3260/3260/24
f 3262/3262/1 3260/3260/1 3264/3264/1
f 3254/3254/4 3256/3256/4 3251/3251/4
f 3254/3254/4 3251/3251/4 3250/3250/4
f 3262/3262/6 3264/3264/6 3263/3263/6
f 3262/3262/6 3263/3263/6 3261/3261/6
