# Blender v2.93.0 OBJ File: ''
# www.blender.org
mtllib b_001_pre.mtl
o building_037
v -248.155075 1.317952 94.274910
v -248.155075 2.774652 94.274910
v -254.656052 2.774651 94.479210
v -254.656052 0.346818 94.479210
v -244.751205 5.202486 88.338257
v -244.751205 6.242986 88.338257
v -244.568192 7.283485 94.162186
v -244.568192 3.815152 94.162186
v -244.568192 2.774652 94.162186
v -246.257858 2.774652 94.215286
v -244.934235 6.242987 82.514336
v -245.007446 7.283487 80.184769
v -244.695770 2.774652 90.102470
v -245.007446 3.815154 80.184769
v -247.048447 4.728479 94.240128
v -248.155090 4.728479 94.274910
v -253.016541 3.815150 94.427689
v -246.368881 4.728479 94.218773
v -245.262253 4.728480 94.183998
v -254.656052 3.815150 94.479210
v -253.026962 3.815151 94.096283
v -254.330200 3.815150 94.137238
v -253.016541 6.242984 94.427689
v -253.026962 6.242984 94.096283
v -254.656052 6.242983 94.479210
v -254.330200 6.242984 94.137238
v -248.155090 6.242985 94.274910
v -246.368881 6.242985 94.218773
v -247.048447 6.242985 94.240128
v -248.167282 6.242985 93.886642
v -247.060654 6.242985 93.851868
v -248.167282 4.728479 93.886642
v -247.060654 4.728479 93.851868
v -245.262253 6.242985 94.183998
v -246.381088 6.242985 93.830513
v -245.274460 6.242985 93.795731
v -246.381088 4.728479 93.830513
v -245.274460 4.728480 93.795731
v -246.339951 2.774652 91.603043
v -246.385437 2.774652 90.155571
v -247.048447 2.774652 94.240128
v -248.167282 2.774652 93.886642
v -247.060654 2.774652 93.851868
v -248.167282 1.317952 93.886642
v -247.048447 1.317952 94.240128
v -247.060654 1.317952 93.851868
v -246.297241 2.774652 92.961952
v -246.297241 0.346819 92.961952
v -246.437347 0.346819 92.966354
v -246.437347 2.774652 92.966354
v -246.339951 0.346819 91.603043
v -246.480057 2.774652 91.607445
v -246.480057 0.346819 91.607445
v -244.934235 5.202487 82.514336
v -245.270493 6.242987 82.524902
v -245.270493 5.202487 82.524902
v -245.087479 6.242986 88.348831
v -245.087479 5.202486 88.348831
v -246.257858 0.346819 94.215286
v -245.007446 2.774654 80.184769
v -254.656052 7.283483 94.479210
v -245.007446 0.346821 80.184769
v -244.695770 0.346819 90.102470
v -244.695770 -0.000014 90.102470
v -245.007446 -0.000012 80.184769
v -246.257858 -0.000014 94.215286
v -246.297241 -0.000014 92.961952
v -246.385437 0.346819 90.155571
v -246.385437 -0.000014 90.155571
v -246.339951 -0.000014 91.603043
v -248.964127 3.815153 80.309113
v -248.964142 6.242987 80.309113
v -254.700333 6.242983 93.070290
v -249.604202 2.774654 80.329224
v -245.454620 2.774654 80.198822
v -245.442413 2.774654 80.587082
v -249.592010 2.774654 80.717491
v -245.454620 0.346821 80.198822
v -245.442413 0.346821 80.587082
v -249.604202 0.346820 80.329224
v -249.592010 0.346820 80.717491
v -255.022095 0.346819 82.831360
v -255.022095 2.774652 82.831360
v -254.606659 2.774652 82.818306
v -254.606659 0.346819 82.818306
v -254.594452 2.774652 83.206566
v -254.594452 0.346819 83.206566
v -250.457062 2.774652 82.687897
v -250.444870 2.774652 83.076164
v -250.457062 0.346820 82.687897
v -250.444870 0.346819 83.076164
v -254.736359 2.774651 91.923683
v -254.776520 2.774651 90.645920
v -254.776520 1.317951 90.645920
v -254.736359 1.317951 91.923683
v -255.007401 0.346819 83.299118
v -255.007401 2.774652 83.299118
v -254.856827 0.346819 88.090393
v -254.856827 2.774652 88.090393
v -254.520569 2.774652 88.079826
v -254.520569 0.346819 88.079826
v -254.671143 2.774652 83.288551
v -254.671143 0.346819 83.288551
v -254.816681 1.317951 89.368156
v -254.816681 2.774652 89.368156
v -254.696213 1.317951 93.201447
v -254.696213 2.774651 93.201447
v -254.400101 2.774651 91.913116
v -254.359940 2.774651 93.190880
v -254.400101 1.317951 91.913116
v -254.359940 1.317951 93.190880
v -254.480408 2.774652 89.357590
v -254.440262 2.774651 90.635353
v -254.480408 1.317951 89.357590
v -254.440262 1.317951 90.635353
v -250.051376 6.242986 80.343277
v -248.951935 6.242987 80.697372
v -249.752167 6.242986 80.722519
v -248.951935 3.815153 80.697372
v -250.051376 3.815153 80.343277
v -249.752167 3.815153 80.722519
v -249.992813 3.815153 82.206932
v -249.992813 6.242986 82.206932
v -249.705795 6.242986 82.197914
v -249.705795 3.815153 82.197914
v -253.465622 3.815152 82.782448
v -253.801880 3.815152 82.793015
v -253.801880 6.242986 82.793015
v -253.465622 6.242986 82.782448
v -254.700333 3.815150 93.070290
v -254.962616 6.242984 84.724403
v -254.962616 3.815151 84.724403
v -253.453415 6.242986 83.170708
v -253.453415 3.815152 83.170708
v -249.965973 6.242986 83.061111
v -249.978165 3.815153 82.672852
v -249.965973 3.815152 83.061111
v -255.022095 3.815151 82.831360
v -254.675598 3.815151 84.715385
v -254.722885 3.815151 83.210602
v -254.675598 6.242985 84.715385
v -254.722885 6.242986 83.210602
v -253.789673 3.815152 83.181274
v -253.789673 6.242986 83.181274
v -254.364075 6.242984 93.059723
v -254.364075 3.815150 93.059723
v -255.095306 6.242985 80.501793
v -255.095306 7.283484 80.501793
v -249.978165 0.346820 82.672852
v -249.978165 -0.000013 82.672852
v -250.457062 -0.000013 82.687897
v -255.022095 -0.000014 82.831360
v -255.007401 -0.000015 83.299118
v -245.454620 -0.000012 80.198822
v -250.051376 0.346820 80.343277
v -250.051376 -0.000013 80.343277
v -249.604202 -0.000013 80.329224
v -254.606659 -0.000014 82.818306
v -254.856827 -0.000015 88.090393
v -248.546432 7.283484 88.844658
v -248.491837 7.283484 90.581970
v -248.491837 7.110068 90.581970
v -248.546432 7.110069 88.844658
v -246.474258 7.283484 90.518570
v -246.474258 7.110068 90.518570
v -246.528854 7.283484 88.781258
v -246.528854 7.110069 88.781258
v -248.675171 7.283485 84.748055
v -248.620575 7.283484 86.485367
v -248.620575 7.110069 86.485367
v -248.675171 7.110069 84.748055
v -246.602997 7.283484 86.421959
v -246.602997 7.110069 86.421959
v -246.657608 7.283485 84.684654
v -246.657608 7.110069 84.684654
v -254.331985 7.630317 94.080383
v -254.746857 7.630319 80.879486
v -255.095306 7.630318 80.501793
v -254.656052 7.630316 94.479210
v -244.916656 7.630318 93.784492
v -244.568192 7.630318 94.162186
v -254.746857 7.283484 80.879486
v -254.331985 7.283483 94.080383
v -244.916656 7.283485 93.784492
v -245.331512 7.283487 80.583595
v -245.331512 7.630320 80.583595
v -245.007446 7.630320 80.184769
v -249.978165 2.774653 82.672852
v -250.051376 2.774653 80.343277
v -254.656052 -0.000016 94.479210
v -254.331985 7.688122 94.080383
v -254.746857 7.688124 80.879486
v -255.095306 7.688124 80.501793
v -254.656052 7.688122 94.479210
v -244.916656 7.688123 93.784492
v -244.568192 7.688123 94.162186
v -245.007446 7.688125 80.184769
v -245.331512 7.688125 80.583595
v -253.708740 3.815152 82.725311
v -253.652695 3.815152 82.723557
v -253.650665 3.815152 82.788261
v -253.706711 3.815152 82.790024
v -253.708740 4.855652 82.725311
v -253.706711 4.855652 82.790024
v -253.650665 4.855652 82.788261
v -253.652695 4.855652 82.723557
v -253.789139 3.815153 80.167015
v -253.733093 3.815153 80.165253
v -253.731064 3.815153 80.229965
v -253.787109 3.815153 80.231728
v -253.789139 4.855652 80.167015
v -253.787109 4.855652 80.231728
v -253.731064 4.855652 80.229965
v -253.733093 4.855652 80.165253
v -253.789139 4.884555 80.167015
v -253.706711 4.884555 82.790024
v -253.650665 4.884555 82.788261
v -253.733093 4.884555 80.165253
v -253.773026 4.707641 80.231285
v -253.752014 4.707641 80.230621
v -253.673645 4.707641 82.724213
v -253.694656 4.707641 82.724869
v -253.773026 4.729318 80.231285
v -253.694656 4.729318 82.724869
v -253.673645 4.729318 82.724213
v -253.752014 4.729318 80.230621
v -253.773026 4.583258 80.231285
v -253.752014 4.583258 80.230621
v -253.673645 4.583258 82.724213
v -253.694656 4.583258 82.724869
v -253.773026 4.604935 80.231285
v -253.694656 4.604935 82.724869
v -253.673645 4.604935 82.724213
v -253.752014 4.604935 80.230621
v -253.773026 4.458878 80.231285
v -253.752014 4.458878 80.230621
v -253.673645 4.458878 82.724213
v -253.694656 4.458878 82.724869
v -253.773026 4.480555 80.231285
v -253.694656 4.480555 82.724869
v -253.673645 4.480555 82.724213
v -253.752014 4.480555 80.230621
v -253.773026 4.334495 80.231285
v -253.752014 4.334495 80.230621
v -253.673645 4.334495 82.724213
v -253.694656 4.334495 82.724869
v -253.773026 4.356172 80.231285
v -253.694656 4.356172 82.724869
v -253.673645 4.356172 82.724213
v -253.752014 4.356172 80.230621
v -253.773026 4.210112 80.231285
v -253.752014 4.210112 80.230621
v -253.673645 4.210112 82.724213
v -253.694656 4.210112 82.724869
v -253.773026 4.231789 80.231285
v -253.694656 4.231789 82.724869
v -253.673645 4.231789 82.724213
v -253.752014 4.231789 80.230621
v -253.773026 4.085729 80.231285
v -253.752014 4.085729 80.230621
v -253.673645 4.085729 82.724213
v -253.694656 4.085729 82.724869
v -253.773026 4.107406 80.231285
v -253.694656 4.107406 82.724869
v -253.673645 4.107406 82.724213
v -253.752014 4.107406 80.230621
v -253.773026 3.946915 80.231285
v -253.752014 3.946915 80.230621
v -253.673645 3.946914 82.724213
v -253.694656 3.946914 82.724869
v -253.773026 3.968592 80.231285
v -253.694656 3.968591 82.724869
v -253.673645 3.968591 82.724213
v -253.752014 3.968592 80.230621
v -253.739258 3.815153 81.392952
v -253.711243 3.815153 81.392075
v -253.710220 3.815153 81.424431
v -253.738251 3.815153 81.425308
v -253.739258 4.855652 81.392952
v -253.738251 4.855652 81.425308
v -253.710220 4.855652 81.424431
v -253.711243 4.855652 81.392075
v -248.874451 4.855653 80.012566
v -248.872421 4.855653 80.077271
v -248.874451 4.884556 80.012566
v -253.731064 4.884555 80.229965
v -248.872421 4.884556 80.077271
v -248.873932 4.707642 80.028816
v -248.873169 4.707642 80.053085
v -253.731827 4.707641 80.205772
v -253.732590 4.707641 80.181511
v -248.873932 4.729319 80.028816
v -253.732590 4.729318 80.181511
v -253.731827 4.729318 80.205772
v -248.873169 4.729319 80.053085
v -248.873932 4.583259 80.028816
v -248.873169 4.583259 80.053085
v -253.731827 4.583258 80.205772
v -253.732590 4.583258 80.181511
v -248.873932 4.604936 80.028816
v -253.732590 4.604935 80.181511
v -253.731827 4.604935 80.205772
v -248.873169 4.604936 80.053085
v -248.873932 4.458876 80.028816
v -248.873169 4.458876 80.053085
v -253.731827 4.458878 80.205772
v -253.732590 4.458878 80.181511
v -248.873932 4.480553 80.028816
v -253.732590 4.480555 80.181511
v -253.731827 4.480555 80.205772
v -248.873169 4.480553 80.053085
v -248.873932 4.334496 80.028816
v -248.873169 4.334496 80.053085
v -253.731827 4.334495 80.205772
v -253.732590 4.334495 80.181511
v -248.873932 4.356173 80.028816
v -253.732590 4.356172 80.181511
v -253.731827 4.356172 80.205772
v -248.873169 4.356173 80.053085
v -248.873932 4.210113 80.028816
v -248.873169 4.210113 80.053085
v -253.731827 4.210112 80.205772
v -253.732590 4.210112 80.181511
v -248.873932 4.231790 80.028816
v -253.732590 4.231789 80.181511
v -253.731827 4.231789 80.205772
v -248.873169 4.231790 80.053085
v -248.873932 4.085730 80.028816
v -248.873169 4.085730 80.053085
v -253.731827 4.085729 80.205772
v -253.732590 4.085729 80.181511
v -248.873932 4.107407 80.028816
v -253.732590 4.107406 80.181511
v -253.731827 4.107406 80.205772
v -248.873169 4.107407 80.053085
v -248.873932 3.946916 80.028816
v -248.873169 3.946916 80.053085
v -253.731827 3.946915 80.205772
v -253.732590 3.946915 80.181511
v -248.873932 3.968593 80.028816
v -253.732590 3.968592 80.181511
v -253.731827 3.968592 80.205772
v -248.873169 3.968593 80.053085
v -252.712738 3.815153 80.146286
v -252.711716 3.815153 80.178642
v -252.739746 3.815153 80.179527
v -252.740753 3.815153 80.147171
v -252.712738 4.855652 80.146286
v -252.740753 4.855652 80.147171
v -252.739746 4.855652 80.179527
v -252.711716 4.855652 80.178642
v -251.385300 3.815153 80.104576
v -251.384277 3.815153 80.136932
v -251.412308 3.815153 80.137810
v -251.413315 3.815153 80.105453
v -251.385300 4.855653 80.104576
v -251.413315 4.855653 80.105453
v -251.412308 4.855653 80.137810
v -251.384277 4.855653 80.136932
v -250.071777 3.815153 80.063293
v -250.070755 3.815153 80.095650
v -250.098785 3.815153 80.096535
v -250.099808 3.815153 80.064178
v -250.071777 4.855653 80.063293
v -250.099808 4.855653 80.064178
v -250.098785 4.855653 80.096535
v -250.070755 4.855653 80.095650
v -248.867264 3.815153 80.241295
v -248.811218 3.815153 80.239532
v -248.809189 3.815153 80.304245
v -248.865234 3.815153 80.306007
v -248.867264 4.855653 80.241295
v -248.865234 4.855653 80.306007
v -248.809189 4.855653 80.304245
v -248.811218 4.855653 80.239532
v -248.874451 3.815153 80.012566
v -248.818405 3.815153 80.010803
v -248.816376 3.815153 80.075508
v -248.872421 3.815153 80.077271
v -248.816376 4.855653 80.075508
v -248.818405 4.855653 80.010803
v -248.865234 4.884556 80.306007
v -248.809189 4.884556 80.304245
v -248.818405 4.884556 80.010803
v -248.858337 4.707642 80.076828
v -248.837326 4.707642 80.076172
v -248.832169 4.707642 80.240189
v -248.853180 4.707642 80.240852
v -248.858337 4.729319 80.076828
v -248.853180 4.729319 80.240852
v -248.832169 4.729319 80.240189
v -248.837326 4.729319 80.076172
v -248.858337 4.583259 80.076828
v -248.837326 4.583259 80.076172
v -248.832169 4.583259 80.240189
v -248.853180 4.583259 80.240852
v -248.858337 4.604936 80.076828
v -248.853180 4.604936 80.240852
v -248.832169 4.604936 80.240189
v -248.837326 4.604936 80.076172
v -248.858337 4.458879 80.076828
v -248.837326 4.458879 80.076172
v -248.832169 4.458879 80.240189
v -248.853180 4.458879 80.240852
v -248.858337 4.480556 80.076828
v -248.853180 4.480556 80.240852
v -248.832169 4.480556 80.240189
v -248.837326 4.480556 80.076172
v -248.858337 4.334496 80.076828
v -248.837326 4.334496 80.076172
v -248.832169 4.334496 80.240189
v -248.853180 4.334496 80.240852
v -248.858337 4.356173 80.076828
v -248.853180 4.356173 80.240852
v -248.832169 4.356173 80.240189
v -248.837326 4.356173 80.076172
v -248.858337 4.210113 80.076828
v -248.837326 4.210113 80.076172
v -248.832169 4.210113 80.240189
v -248.853180 4.210113 80.240852
v -248.858337 4.231790 80.076828
v -248.853180 4.231790 80.240852
v -248.832169 4.231790 80.240189
v -248.837326 4.231790 80.076172
v -248.858337 4.085730 80.076828
v -248.837326 4.085730 80.076172
v -248.832169 4.085730 80.240189
v -248.853180 4.085730 80.240852
v -248.858337 4.107407 80.076828
v -248.853180 4.107407 80.240852
v -248.832169 4.107407 80.240189
v -248.837326 4.107407 80.076172
v -248.858337 3.946916 80.076828
v -248.837326 3.946916 80.076172
v -248.832169 3.946916 80.240189
v -248.853180 3.946916 80.240852
v -248.858337 3.968593 80.076828
v -248.853180 3.968593 80.240852
v -248.832169 3.968593 80.240189
v -248.837326 3.968593 80.076172
v -253.801880 3.815152 82.793015
v -250.051376 3.815153 80.343277
v -253.887283 3.815153 80.075180
v -249.978165 3.815153 82.672852
v -256.570068 0.346818 88.144234
v -255.022095 0.346819 82.831360
v -256.888580 0.346819 78.009132
v -250.051376 0.346820 80.343277
v -255.175339 0.346820 77.955292
v -249.978165 0.346820 82.672852
v -244.218613 0.346821 77.610962
v -254.856827 0.346819 88.090393
v -243.826904 0.346819 90.075165
v -246.257858 0.346819 94.215286
v -243.642807 0.346818 95.933029
v -244.695770 0.346819 90.102470
v -246.385437 0.346819 90.155571
v -245.007446 0.346821 80.184769
v -248.098572 0.346818 96.073059
v -248.155075 0.346819 94.274910
v -256.888580 -0.000014 78.009132
v -256.570068 -0.000015 88.144234
v -255.022095 -0.000014 82.831360
v -249.978165 -0.000013 82.672852
v -250.051376 -0.000013 80.343277
v -244.218613 -0.000012 77.610962
v -254.856827 -0.000015 88.090393
v -243.642807 -0.000015 95.933029
v -244.695770 -0.000014 90.102470
v -246.385437 -0.000014 90.155571
v -246.257858 -0.000014 94.215286
v -245.007446 -0.000012 80.184769
v -248.098572 -0.000016 96.073059
v -248.155075 -0.000015 94.274910
v -243.307907 -0.000011 76.535484
v -242.699249 -0.000015 95.903374
v -257.867737 -0.000014 76.993050
v -244.251480 -0.000011 76.565140
v -248.061630 -0.000016 97.248428
v -257.834869 -0.000014 78.038872
v -242.662308 -0.000015 97.078751
v -254.656052 -0.000016 94.479210
v -257.222137 -0.000017 97.536308
v -254.448074 2.659039 93.064102
v -254.480103 2.659039 92.045181
v -254.480103 1.433562 92.045181
v -254.448074 1.433562 93.064102
v -254.560410 1.433562 89.489655
v -254.528381 1.433562 90.508575
v -254.528381 2.659039 90.508575
v -254.560410 2.659039 89.489655
v -254.359940 2.774651 93.190880
v -254.400101 2.774651 91.913116
v -254.568237 2.774651 91.918404
v -254.528076 2.774651 93.196167
v -254.400101 1.317951 91.913116
v -254.568237 1.317951 91.918404
v -254.359940 1.317951 93.190880
v -254.528076 1.317951 93.196167
v -254.440262 2.774651 90.635353
v -254.480408 2.774652 89.357590
v -254.648544 2.774652 89.362869
v -254.608383 2.774651 90.640640
v -254.480408 1.317951 89.357590
v -254.648544 1.317951 89.362869
v -254.440262 1.317951 90.635353
v -254.608383 1.317951 90.640633
v -254.566193 2.716845 91.983109
v -254.530106 2.716845 93.131454
v -254.566193 1.375756 91.983109
v -254.530106 1.375756 93.131454
v -254.646515 2.716846 89.427582
v -254.610428 2.716845 90.575928
v -254.646515 1.375757 89.427582
v -254.610413 1.375756 90.575928
v -254.510147 2.716845 91.981346
v -254.474060 2.716845 93.129692
v -254.510147 1.375756 91.981346
v -254.474060 1.375756 93.129692
v -254.590469 2.716846 89.425819
v -254.554382 2.716845 90.574165
v -254.590469 1.375757 89.425819
v -254.554382 1.375756 90.574165
v -254.508118 2.659039 92.046059
v -254.476105 2.659039 93.064980
v -254.508118 1.433562 92.046059
v -254.476105 1.433562 93.064980
v -254.588425 2.659039 89.490532
v -254.556412 2.659039 90.509453
v -254.588425 1.433562 89.490532
v -254.556412 1.433562 90.509453
v -254.387299 3.930761 94.240128
v -253.135864 3.930762 94.200798
v -253.135880 6.127373 94.200798
v -254.387299 6.127373 94.240128
v -254.445374 3.930761 94.177177
v -254.445374 4.971261 94.177177
v -254.476303 4.971261 93.192802
v -254.476303 3.930761 93.192802
v -254.330200 6.242984 94.137238
v -254.364075 6.242984 93.059723
v -254.536423 6.242984 93.065140
v -254.497345 6.242984 94.308357
v -254.364075 3.815150 93.059723
v -254.536423 3.815150 93.065140
v -254.330200 3.815150 94.137238
v -254.497345 3.815150 94.308357
v -253.026962 3.815151 94.096283
v -253.021744 3.815151 94.261986
v -253.026962 6.242984 94.096283
v -253.021759 6.242984 94.261986
v -254.441299 3.872956 94.306595
v -254.441299 6.185178 94.306595
v -253.077789 3.872956 94.263748
v -253.077789 6.185178 94.263748
v -254.499374 3.872956 94.243645
v -254.534378 3.872956 93.129852
v -254.499390 6.185178 94.243645
v -254.534378 6.185178 93.129852
v -254.442322 3.872956 94.274246
v -254.442322 6.185178 94.274246
v -253.078812 3.872956 94.231392
v -253.078812 6.185178 94.231392
v -254.471359 3.872956 94.242767
v -254.506363 3.872956 93.128967
v -254.471359 6.185178 94.242767
v -254.471359 5.029067 94.242767
v -254.506363 6.185178 93.128967
v -254.506363 5.029067 93.128967
v -254.386276 3.930761 94.272484
v -254.386276 6.127373 94.272484
v -253.134857 3.930762 94.233154
v -253.134857 6.127373 94.233154
v -254.417358 6.127373 94.176292
v -254.448288 6.127373 93.191917
v -254.448288 5.086872 93.191917
v -254.417358 5.086872 94.176292
v -254.478348 6.185178 93.128090
v -254.443344 6.185178 94.241890
v -254.478348 5.029067 93.128090
v -254.443344 5.029067 94.241890
v -254.473389 3.930761 94.178055
v -254.504333 3.930761 93.193680
v -254.473389 4.971261 94.178055
v -254.504333 4.971261 93.193680
v -254.445374 6.127373 94.177177
v -254.445374 5.086872 94.177177
v -254.476303 6.127373 93.192802
v -254.476303 5.086872 93.192802
v -245.383499 6.069568 93.896324
v -246.265945 6.069568 93.924057
v -246.265945 4.844090 93.924057
v -245.383499 4.844091 93.896324
v -248.052155 4.844090 93.980186
v -247.169693 4.844090 93.952454
v -247.169693 6.069568 93.952454
v -248.052155 6.069568 93.980186
v -245.274460 6.185179 93.795731
v -246.381088 6.185179 93.830513
v -246.374985 6.185179 94.024643
v -245.268356 6.185179 93.989868
v -246.381088 4.728479 93.830513
v -246.374985 4.728479 94.024643
v -245.274460 4.728480 93.795731
v -245.268356 4.728480 93.989868
v -247.060654 6.185179 93.851868
v -248.167282 6.185179 93.886642
v -248.161179 6.185179 94.080772
v -247.054550 6.185179 94.045998
v -248.167282 4.728479 93.886642
v -248.161179 4.728479 94.080772
v -247.060654 4.728479 93.851868
v -247.054550 4.728479 94.045998
v -246.318939 6.127373 94.022881
v -245.324402 6.127374 93.991623
v -246.318939 4.786285 94.022881
v -245.324402 4.786285 93.991623
v -248.105133 6.127373 94.079018
v -247.110596 6.127373 94.047760
v -248.105133 4.786285 94.079018
v -247.110596 4.786285 94.047760
v -246.320984 6.127373 93.958168
v -245.326431 6.127374 93.926918
v -246.320984 4.786285 93.958168
v -245.326431 4.786285 93.926918
v -248.107178 6.127373 94.014305
v -247.112625 6.127373 93.983047
v -248.107178 4.786285 94.014305
v -247.112625 4.786285 93.983047
v -246.264938 6.069568 93.956406
v -245.382477 6.069568 93.928680
v -246.264938 4.844090 93.956406
v -245.382477 4.844091 93.928680
v -248.051132 6.069568 94.012543
v -247.168671 6.069568 93.984810
v -248.051132 4.844090 94.012543
v -247.168671 4.844090 93.984810
v -245.007477 5.318097 88.216766
v -245.182358 5.318098 82.651680
v -245.182358 6.069570 82.651680
v -245.007477 6.069569 88.216766
v -245.270493 6.185181 82.524902
v -245.087479 6.185180 88.348831
v -244.919342 6.185180 88.343544
v -245.102371 6.185181 82.519623
v -245.087479 5.202486 88.348831
v -244.919342 5.202486 88.343544
v -245.270493 5.202487 82.524902
v -245.102371 5.202487 82.519623
v -244.921371 6.127375 88.278831
v -245.100327 6.127376 82.584328
v -244.921371 5.260291 88.278831
v -245.100327 5.260292 82.584328
v -244.977417 6.127375 88.280594
v -245.156372 6.127376 82.586090
v -244.977417 5.260291 88.280594
v -245.156372 5.260292 82.586090
v -244.979446 6.069569 88.215881
v -245.154343 6.069570 82.650803
v -244.979446 5.318097 88.215881
v -245.154343 5.318098 82.650803
v -246.389450 0.549138 92.705757
v -246.398163 0.549138 92.428268
v -246.398163 2.543430 92.428268
v -246.389450 2.543430 92.705757
v -246.437347 2.774652 92.966354
v -246.437347 0.346819 92.966354
v -246.269226 0.346819 92.961075
v -246.269226 2.774652 92.961075
v -246.480057 0.346819 91.607445
v -246.311935 0.346819 91.602158
v -246.480057 2.774652 91.607445
v -246.311935 2.774652 91.602158
v -246.271255 0.375722 92.896362
v -246.271255 2.716846 92.896362
v -246.309891 0.375722 91.666870
v -246.309891 2.716846 91.666870
v -246.355316 0.375722 92.899002
v -246.355316 2.716846 92.899002
v -246.393967 0.375722 91.669510
v -246.393967 2.716846 91.669510
v -246.361420 0.549138 92.704872
v -246.361420 2.543430 92.704872
v -246.370148 0.549138 92.427383
v -246.370148 2.543430 92.427383
v -246.357010 2.171685 92.845543
v -246.358932 2.171685 92.784340
v -246.348938 2.171685 92.784027
v -246.347015 2.171685 92.845230
v -246.358917 2.223649 92.784340
v -246.348938 2.223649 92.784027
v -246.356995 2.223649 92.845543
v -246.347015 2.223649 92.845230
v -246.348343 2.191998 92.802971
v -246.347458 2.191998 92.831200
v -246.348343 2.206779 92.802971
v -246.347458 2.206779 92.831200
v -246.292297 2.191998 92.801208
v -246.291412 2.191998 92.829437
v -246.280411 2.206779 92.829094
v -246.281296 2.206779 92.800865
v -246.357010 0.862121 92.845543
v -246.347015 0.862121 92.845230
v -246.348938 0.862121 92.784027
v -246.358932 0.862121 92.784340
v -246.348938 0.810154 92.784027
v -246.358917 0.810154 92.784340
v -246.347015 0.810154 92.845230
v -246.356995 0.810154 92.845543
v -246.347458 0.841808 92.831200
v -246.348343 0.841808 92.802971
v -246.348343 0.827027 92.802971
v -246.347458 0.827027 92.831200
v -246.291412 0.841808 92.829437
v -246.292297 0.841808 92.801208
v -246.281296 0.827027 92.800865
v -246.280411 0.827027 92.829094
v -247.169693 2.659040 93.952454
v -248.052139 2.659040 93.980186
v -248.052139 1.433563 93.980186
v -247.169693 1.433563 93.952454
v -247.060654 2.774652 93.851868
v -248.167282 2.774652 93.886642
v -248.161179 2.774652 94.080772
v -247.054550 2.774652 94.045998
v -248.167282 1.317952 93.886642
v -248.161179 1.317952 94.080772
v -247.060654 1.317952 93.851868
v -247.054550 1.317952 94.045998
v -248.105133 2.716846 94.079018
v -247.110596 2.716846 94.047760
v -248.105133 1.375757 94.079018
v -247.110596 1.375757 94.047760
v -248.107178 2.716846 94.014305
v -247.112625 2.716846 93.983047
v -248.107178 1.375757 94.014305
v -247.112625 1.375757 93.983047
v -248.051132 2.659040 94.012543
v -247.168671 2.659040 93.984810
v -248.051132 1.433563 94.012543
v -247.168671 1.433563 93.984810
v -248.137131 0.462432 80.574608
v -248.137131 2.659042 80.574608
v -246.903381 2.659043 80.535835
v -246.903381 0.462432 80.535835
v -245.442413 0.346821 80.587082
v -249.592010 0.346820 80.717491
v -249.598099 0.346820 80.523361
v -245.448517 0.346821 80.392952
v -249.592010 2.774654 80.717491
v -249.598099 2.774654 80.523361
v -245.442413 2.774654 80.587082
v -245.448517 2.774654 80.392952
v -249.542053 0.404626 80.521599
v -248.196228 0.404626 80.479301
v -246.850388 0.404626 80.437004
v -245.504562 0.404627 80.394714
v -249.542068 2.716848 80.521599
v -245.504562 2.716848 80.394714
v -246.850388 2.716848 80.437004
v -248.196228 2.716848 80.479301
v -249.481949 0.462432 80.649254
v -249.481949 2.659042 80.649254
v -248.248199 2.659042 80.610481
v -248.248199 0.462432 80.610481
v -245.558563 2.659043 80.461182
v -245.558563 0.462432 80.461182
v -246.792313 0.462432 80.499954
v -246.792313 2.659043 80.499954
v -246.849380 0.404626 80.469360
v -245.503540 0.404627 80.427071
v -248.195206 0.404626 80.511658
v -249.541046 0.404626 80.553955
v -249.541046 2.716848 80.553955
v -248.195206 2.716848 80.511658
v -246.849380 2.716848 80.469360
v -245.503540 2.716848 80.427071
v -246.848358 0.404626 80.501717
v -246.848358 2.716848 80.501717
v -248.194199 0.404626 80.544014
v -249.540024 0.404626 80.586304
v -249.540024 2.716848 80.586304
v -248.194199 2.716848 80.544014
v -248.193176 0.404626 80.576370
v -248.193176 2.716848 80.576370
v -249.539017 0.404626 80.618660
v -249.539017 2.716848 80.618660
v -248.138153 2.659042 80.542252
v -248.138153 0.462432 80.542252
v -246.904404 2.659043 80.503479
v -246.904404 0.462432 80.503479
v -248.249222 0.462432 80.578125
v -248.249222 2.659042 80.578125
v -249.482971 0.462432 80.616898
v -249.482971 2.659042 80.616898
v -246.793335 2.659043 80.467598
v -246.793335 0.462432 80.467598
v -245.559586 2.659043 80.428825
v -245.559586 0.462432 80.428825
v -253.139587 0.462430 83.063683
v -253.139587 2.659041 83.063683
v -251.905838 2.659041 83.024910
v -251.905838 0.462430 83.024910
v -250.444870 0.346819 83.076164
v -254.594452 0.346819 83.206566
v -254.600555 0.346819 83.012436
v -250.450974 0.346819 82.882034
v -254.594452 2.774652 83.206566
v -254.600555 2.774652 83.012436
v -250.444870 2.774652 83.076164
v -250.450974 2.774652 82.882034
v -254.544510 0.404624 83.010674
v -253.198669 0.404624 82.968384
v -251.852844 0.404626 82.926086
v -250.507004 0.404626 82.883789
v -254.544510 2.716846 83.010674
v -250.507004 2.716847 82.883789
v -251.852844 2.716846 82.926086
v -253.198685 2.716846 82.968384
v -254.484406 0.462430 83.138336
v -254.484406 2.659040 83.138336
v -253.250656 2.659041 83.099564
v -253.250656 0.462430 83.099564
v -250.561020 2.659041 82.950264
v -250.561020 0.462431 82.950264
v -251.794769 0.462430 82.989037
v -251.794769 2.659041 82.989037
v -251.851822 0.404625 82.958443
v -250.505997 0.404626 82.916145
v -253.197662 0.404624 83.000740
v -254.543488 0.404624 83.043030
v -254.543488 2.716846 83.043030
v -253.197662 2.716846 83.000740
v -251.851822 2.716846 82.958443
v -250.505997 2.716847 82.916145
v -251.850815 0.404625 82.990799
v -251.850815 2.716846 82.990799
v -253.196640 0.404624 83.033089
v -254.542480 0.404624 83.075386
v -254.542480 2.716846 83.075386
v -253.196640 2.716846 83.033089
v -253.195633 0.404624 83.065445
v -253.195633 2.716846 83.065445
v -254.541458 0.404624 83.107742
v -254.541458 2.716846 83.107742
v -253.140594 2.659041 83.031326
v -253.140594 0.462430 83.031326
v -251.906860 2.659041 82.992554
v -251.906860 0.462430 82.992554
v -253.251663 0.462430 83.067207
v -253.251663 2.659041 83.067207
v -254.485413 0.462430 83.105980
v -254.485413 2.659040 83.105980
v -251.795776 2.659041 82.956680
v -251.795776 0.462430 82.956680
v -250.562042 2.659041 82.917908
v -250.562042 0.462431 82.917908
v -254.812531 3.930762 83.143776
v -254.767120 3.930762 84.588715
v -254.767120 6.127374 84.588715
v -254.812531 6.127375 83.143776
v -254.758530 3.930762 83.077301
v -254.758530 4.971262 83.077301
v -253.905991 4.971262 83.050507
v -253.905991 3.930763 83.050507
v -254.722885 6.242986 83.210602
v -253.789673 6.242986 83.181274
v -253.795929 6.242986 82.982277
v -254.872650 6.242985 83.016113
v -253.789673 3.815152 83.181274
v -253.795929 3.815152 82.982277
v -254.722885 3.815151 83.210602
v -254.872650 3.815151 83.016113
v -254.675598 3.815151 84.715385
v -254.819107 3.815151 84.719894
v -254.675598 6.242985 84.715385
v -254.819107 6.242984 84.719894
v -254.870605 3.872957 83.080826
v -254.870605 6.185180 83.080826
v -254.821136 3.872957 84.655182
v -254.821136 6.185179 84.655182
v -254.816605 3.872957 83.014351
v -253.851974 3.872957 82.984039
v -254.816605 6.185180 83.014351
v -253.851974 6.185180 82.984039
v -254.842590 3.872957 83.079941
v -254.842590 6.185180 83.079941
v -254.793121 3.872957 84.654305
v -254.793121 6.185179 84.654305
v -254.815582 3.872957 83.046707
v -253.850952 3.872957 83.016396
v -254.815582 6.185180 83.046707
v -254.815582 5.029068 83.046707
v -253.850952 6.185180 83.016396
v -253.850952 5.029068 83.016396
v -254.840561 3.930762 83.144653
v -254.840561 6.127375 83.144653
v -254.795151 3.930762 84.589592
v -254.795151 6.127374 84.589592
v -254.757507 6.127375 83.109657
v -253.904968 6.127375 83.082863
v -253.904968 5.086874 83.082863
v -254.757507 5.086874 83.109657
v -253.849945 6.185180 83.048752
v -254.814575 6.185180 83.079063
v -253.849945 5.029068 83.048752
v -254.814575 5.029068 83.079063
v -254.759537 3.930762 83.044945
v -253.906998 3.930763 83.018158
v -254.759537 4.971262 83.044945
v -253.906998 4.971262 83.018158
v -254.758530 6.127375 83.077301
v -254.758530 5.086874 83.077301
v -253.905975 6.127375 83.050507
v -253.905991 5.086874 83.050507
v -252.201675 3.930763 83.034210
v -252.201675 6.127375 83.034210
v -251.225296 6.127375 83.003525
v -251.225296 3.930763 83.003525
v -249.965973 3.815152 83.061111
v -253.453415 3.815152 83.170708
v -253.459518 3.815152 82.976578
v -249.972061 3.815152 82.866982
v -253.453415 6.242986 83.170708
v -253.459518 6.242986 82.976578
v -249.965973 6.242986 83.061111
v -249.972061 6.242986 82.866982
v -253.403473 3.872957 82.974815
v -252.260773 3.872957 82.938904
v -251.172302 3.872958 82.904701
v -250.028107 3.872958 82.868744
v -253.403473 6.185180 82.974815
v -250.028107 6.185181 82.868744
v -251.172302 6.185181 82.904701
v -252.260773 6.185180 82.938904
v -253.343369 3.930763 83.102478
v -253.343369 6.127375 83.102478
v -252.312744 6.127375 83.070091
v -252.312744 3.930763 83.070091
v -250.082123 6.127375 82.935211
v -250.082123 3.930763 82.935211
v -251.114227 3.930763 82.967651
v -251.114227 6.127375 82.967651
v -251.171295 3.872958 82.937057
v -250.027100 3.872958 82.901100
v -252.259750 3.872957 82.971260
v -253.402451 3.872957 83.007172
v -253.402451 6.185180 83.007172
v -252.259750 6.185180 82.971260
v -251.171295 6.185181 82.937057
v -250.027100 6.185181 82.901100
v -251.170273 3.872958 82.969406
v -251.170273 6.185181 82.969406
v -252.258743 3.872957 83.003616
v -253.401443 3.872957 83.039528
v -253.401443 6.185180 83.039528
v -252.258743 6.185180 83.003616
v -252.257721 3.872957 83.035973
v -252.257721 6.185180 83.035973
v -253.400421 3.872957 83.071884
v -253.400421 6.185180 83.071884
v -252.202698 6.127375 83.001854
v -252.202698 3.930763 83.001854
v -251.226318 6.127375 82.971169
v -251.226318 3.930763 82.971169
v -252.313766 3.930763 83.037735
v -252.313766 6.127375 83.037735
v -253.344376 3.930763 83.070122
v -253.344376 6.127375 83.070122
v -251.115250 6.127375 82.935295
v -251.115250 3.930763 82.935295
v -250.083145 6.127375 82.902855
v -250.083145 3.930763 82.902855
v -249.841812 3.930764 80.655693
v -249.821609 3.930764 81.298759
v -249.821609 6.127375 81.298759
v -249.841812 6.127375 80.655693
v -249.787796 3.930764 80.589218
v -249.787796 4.971264 80.589218
v -249.068237 4.971264 80.566605
v -249.068237 3.930764 80.566605
v -249.752167 6.242986 80.722519
v -248.951935 6.242987 80.697372
v -248.958191 6.242987 80.498375
v -249.901917 6.242986 80.528030
v -248.951935 3.815153 80.697372
v -248.958191 3.815153 80.498375
v -249.752167 3.815153 80.722519
v -249.901917 3.815153 80.528030
v -249.705795 3.815153 82.197914
v -249.849304 3.815153 82.202423
v -249.705795 6.242986 82.197914
v -249.849304 6.242986 82.202423
v -249.899887 3.872959 80.592743
v -249.899887 6.185181 80.592743
v -249.851334 3.872959 82.137718
v -249.851334 6.185181 82.137718
v -249.845886 3.872959 80.526268
v -249.014236 3.872959 80.500137
v -249.845886 6.185181 80.526268
v -249.014236 6.185181 80.500137
v -249.871872 3.872959 80.591858
v -249.871872 6.185181 80.591858
v -249.823318 3.872959 82.136833
v -249.847595 3.872959 81.364349
v -249.823318 6.185181 82.136833
v -249.847595 6.185181 81.364349
v -249.844864 3.872959 80.558624
v -249.013214 3.872959 80.532486
v -249.844864 6.185181 80.558624
v -249.844864 5.029068 80.558624
v -249.013214 6.185181 80.532486
v -249.013214 5.029069 80.532486
v -249.769302 3.930764 82.070366
v -249.769302 6.127375 82.070366
v -249.789520 6.127375 81.427299
v -249.789520 3.930764 81.427299
v -249.795288 6.185181 82.135956
v -249.795288 3.872959 82.135956
v -249.819565 6.185181 81.363472
v -249.819565 3.872959 81.363472
v -249.869827 3.930764 80.656570
v -249.869827 6.127375 80.656570
v -249.849625 3.930764 81.299637
v -249.849625 6.127375 81.299637
v -249.797333 3.930764 82.071243
v -249.817535 3.930764 81.428177
v -249.797333 6.127375 82.071243
v -249.817535 6.127375 81.428177
v -249.786789 6.127375 80.621574
v -249.067230 6.127375 80.598961
v -249.067230 5.086874 80.598961
v -249.786789 5.086874 80.621574
v -249.012192 6.185181 80.564842
v -249.843842 6.185181 80.590981
v -249.012192 5.029069 80.564842
v -249.843842 5.029068 80.590981
v -249.788818 3.930764 80.556862
v -249.069260 3.930764 80.534248
v -249.788818 4.971264 80.556862
v -249.069260 4.971264 80.534248
v -249.787796 6.127375 80.589218
v -249.787796 5.086874 80.589218
v -249.068237 6.127375 80.566605
v -249.068237 5.086874 80.566605
v -254.657532 0.462430 86.399094
v -254.657532 2.659040 86.399094
v -254.702301 2.659040 84.974564
v -254.702301 0.462430 84.974564
v -254.671143 0.346819 83.288551
v -254.520569 0.346819 88.079826
v -254.688690 0.346819 88.085114
v -254.839264 0.346819 83.293839
v -254.520569 2.774652 88.079826
v -254.688705 2.774652 88.085114
v -254.671143 2.774652 83.288551
v -254.839264 2.774652 83.293839
v -254.690735 0.404624 88.020401
v -254.739563 0.404624 86.466446
v -254.788406 0.404624 84.912498
v -254.837234 0.404624 83.358543
v -254.690735 2.716846 88.020401
v -254.837234 2.716846 83.358543
v -254.788406 2.716846 84.912498
v -254.739563 2.716846 86.466446
v -254.580673 0.462430 87.952171
v -254.580673 2.659040 87.952171
v -254.625443 2.659040 86.527634
v -254.625443 0.462430 86.527634
v -254.779160 2.659040 83.421494
v -254.779160 0.462430 83.421494
v -254.734390 0.462430 84.846024
v -254.734390 2.659040 84.846024
v -254.760376 0.404624 84.911613
v -254.809219 0.404624 83.357666
v -254.711548 0.404624 86.465569
v -254.662704 0.404624 88.019516
v -254.662704 2.716846 88.019516
v -254.711548 2.716846 86.465569
v -254.760376 2.716846 84.911613
v -254.809219 2.716846 83.357666
v -254.732361 0.404624 84.910736
v -254.732361 2.716846 84.910736
v -254.683517 0.404624 86.464684
v -254.634689 0.404624 88.018639
v -254.634689 2.716846 88.018639
v -254.683517 2.716846 86.464684
v -254.655502 0.404624 86.463806
v -254.655502 2.716846 86.463806
v -254.606659 0.404624 88.017761
v -254.606659 2.716846 88.017761
v -254.685562 2.659040 86.399979
v -254.685562 0.462430 86.399979
v -254.730331 2.659040 84.975449
v -254.730331 0.462430 84.975449
v -254.653473 0.462430 86.528519
v -254.653473 2.659040 86.528519
v -254.608704 0.462430 87.953049
v -254.608704 2.659040 87.953049
v -254.762421 2.659040 84.846909
v -254.762421 0.462430 84.846909
v -254.807175 2.659040 83.422379
v -254.807175 0.462430 83.422379
v -246.652054 7.763213 84.702576
v -247.601303 7.678271 84.731689
v -247.547806 7.678259 86.434280
v -246.598587 7.763184 86.403732
v -248.484772 7.640898 90.565193
v -247.535568 7.725852 90.534630
v -247.589081 7.725842 88.831856
v -248.538330 7.640903 88.860962
v -248.675171 7.110069 84.748055
v -248.620575 7.110069 86.485367
v -248.620575 7.456902 86.485367
v -248.675171 7.456902 84.748055
v -246.602997 7.110069 86.421959
v -246.602997 7.630318 86.421959
v -246.657608 7.110069 84.684654
v -246.657608 7.630318 84.684654
v -248.546432 7.110069 88.844658
v -248.491837 7.110068 90.581970
v -248.491837 7.456901 90.581970
v -248.546432 7.456902 88.844658
v -246.474258 7.110068 90.518570
v -246.474258 7.630317 90.518570
v -246.528854 7.110069 88.781258
v -246.528854 7.630318 88.781258
v -248.790710 7.448991 84.618065
v -248.727737 7.448991 86.622353
v -248.728378 7.717321 86.601814
v -248.790070 7.717321 84.638611
v -246.494049 7.639767 86.559441
v -246.494965 7.917150 86.529945
v -246.557480 7.639767 84.540604
v -246.556564 7.917178 84.570114
v -248.661972 7.448991 88.714676
v -248.598984 7.448990 90.718964
v -248.599640 7.717291 90.698433
v -248.661331 7.717292 88.735199
v -246.365295 7.639766 90.656044
v -246.366226 7.917177 90.626526
v -246.428741 7.639767 88.637207
v -246.427826 7.917150 88.666710
v -248.674576 7.722317 86.535309
v -248.732208 7.722317 84.701607
v -246.552841 7.912152 86.467026
v -246.610367 7.912181 84.636543
v -248.545837 7.722289 90.631927
v -248.603455 7.722290 88.798195
v -246.424088 7.912180 90.563614
v -246.481613 7.912152 88.733131
v -248.669739 7.664730 86.535156
v -248.727356 7.664727 84.701454
v -246.547989 7.854564 86.466873
v -247.608871 7.759647 86.501015
v -246.605515 7.854593 84.636391
v -247.666443 7.759661 84.668922
v -248.540985 7.664700 90.631775
v -248.598618 7.664701 88.798042
v -246.419250 7.854592 90.563469
v -247.480118 7.759646 90.597618
v -246.476776 7.854564 88.732979
v -247.537689 7.759632 88.765511
v -248.667068 7.640929 84.764381
v -248.613510 7.640929 86.468575
v -247.664307 7.725857 86.438026
v -247.717819 7.725871 84.735268
v -246.469849 7.763210 90.500328
v -246.523315 7.763184 88.799171
v -247.472565 7.678245 88.828278
v -247.419052 7.678258 90.530884
v -246.600677 7.797004 84.636230
v -246.543152 7.796975 86.466721
v -247.661591 7.702070 84.668770
v -247.604019 7.702058 86.500862
v -246.471939 7.796975 88.732826
v -246.414398 7.797003 90.563316
v -247.532852 7.702043 88.765358
v -247.475281 7.702057 90.597473
v -246.654480 7.792007 84.702652
v -246.601013 7.791980 86.403809
v -247.603729 7.707067 84.731766
v -247.550217 7.707053 86.434357
v -248.487198 7.669695 90.565269
v -248.540756 7.669698 88.861038
v -247.537979 7.754648 90.534706
v -247.591492 7.754635 88.831932
v -248.615936 7.669724 86.468651
v -248.669495 7.669722 84.764450
v -247.666733 7.754649 86.438103
v -247.720245 7.754664 84.735344
v -246.525726 7.791978 88.799248
v -246.472275 7.792002 90.500404
v -247.474991 7.707041 88.828354
v -247.421478 7.707052 90.530960
v -253.801880 3.468318 82.793015
v -249.978165 3.468320 82.672852
v -250.051376 3.468320 80.343277
v -253.887283 3.468319 80.075180
v -248.733795 3.815153 80.301872
v -248.733795 3.468320 80.301872
v -248.745987 3.468320 79.913612
v -248.745987 3.815153 79.913612
v -243.645859 -0.000015 95.835968
v -242.702301 -0.000015 95.806313
v -242.699249 -0.000015 95.903381
v -243.645859 0.086693 95.835968
v -243.642807 0.086693 95.933029
v -242.699249 0.086694 95.903381
v -242.702301 0.086694 95.806313
v -256.885529 -0.000014 78.106201
v -257.831818 -0.000014 78.135941
v -257.834869 0.086694 78.038872
v -257.831818 0.086694 78.135941
v -256.885529 0.086694 78.106201
v -256.888580 0.086694 78.009132
v -257.867737 0.086694 76.993050
v -243.307907 0.086698 76.535492
v -242.662308 0.086694 97.078751
v -257.222137 0.086691 97.536308
v -243.250626 -0.000011 76.464981
v -257.929352 -0.000014 76.926285
v -257.929352 0.086694 76.926285
v -243.250626 0.086698 76.464981
v -257.279419 -0.000017 97.606812
v -242.600708 -0.000015 97.145515
v -242.600708 0.086694 97.145515
v -257.279419 0.086691 97.606812
vt 4.833000 -6.783300
vt 4.833000 -2.583300
vt -14.500000 -2.583300
vt -14.500000 -9.583300
vt -2.500000 4.416700
vt -2.500000 7.416700
vt -17.500000 10.416700
vt -17.500000 0.416700
vt 15.500000 -2.583300
vt 15.500000 0.416700
vt 10.475100 -2.583300
vt 12.500000 7.416700
vt 18.500000 10.416700
vt -7.043900 -2.583300
vt 18.500000 0.416700
vt 8.124000 3.050000
vt 4.833000 3.050000
vt -9.624300 0.416700
vt 10.144900 3.050000
vt 13.435900 3.050000
vt 18.500000 -14.500000
vt 18.500000 -9.624300
vt 17.646400 -9.624300
vt 17.646400 -13.500000
vt 18.500000 0.416700
vt 18.500000 7.416700
vt 17.646400 7.416700
vt 17.646400 0.416700
vt -17.500000 -9.624300
vt -17.500000 -14.500000
vt -16.646400 -13.500000
vt -16.646400 -9.624300
vt -9.624300 7.416700
vt 4.833000 7.416700
vt 10.144900 7.416700
vt 8.124000 7.416700
vt -17.500000 8.124000
vt -17.500000 4.833000
vt -16.500000 4.833000
vt -16.500000 8.124000
vt -17.500000 7.416700
vt -17.500000 3.050000
vt -16.500000 3.050000
vt -16.500000 7.416700
vt 18.500000 4.833000
vt 18.500000 8.124000
vt 17.500000 8.124000
vt 17.500000 4.833000
vt 18.500000 3.050000
vt 18.500000 7.416700
vt 17.500000 7.416700
vt 17.500000 3.050000
vt -17.500000 13.435900
vt -17.500000 10.144900
vt -16.500000 10.144900
vt -16.500000 13.435900
vt -17.500000 7.416700
vt -17.500000 3.050000
vt -16.500000 3.050000
vt -16.500000 7.416700
vt 18.500000 10.144900
vt 18.500000 13.435900
vt 17.500000 13.435900
vt 17.500000 10.144900
vt 18.500000 3.050000
vt 18.500000 7.416700
vt 17.500000 7.416700
vt 17.500000 3.050000
vt -7.043900 15.500000
vt -10.771900 10.475100
vt -7.043900 10.475100
vt -17.500000 8.124000
vt -17.500000 4.833000
vt -16.500000 4.833000
vt -16.500000 8.124000
vt -17.500000 -2.583300
vt -17.500000 -6.783300
vt -16.500000 -6.783300
vt -16.500000 -2.583300
vt 18.500000 4.833000
vt 18.500000 8.124000
vt 17.500000 8.124000
vt 17.500000 4.833000
vt 18.500000 -6.783300
vt 18.500000 -2.583300
vt 17.500000 -2.583300
vt 17.500000 -6.783300
vt -9.475100 -2.583300
vt -9.475100 -9.583300
vt -9.058500 -9.583300
vt -9.058500 -2.583300
vt 10.475100 -9.583300
vt 10.475100 -2.583300
vt 10.058500 -2.583300
vt 10.058500 -9.583300
vt -14.271900 10.475100
vt -14.271900 10.058500
vt -10.771900 10.058500
vt 15.500000 4.416700
vt 15.500000 7.416700
vt 14.500000 7.416700
vt 14.500000 4.416700
vt 12.500000 15.500000
vt -2.500000 15.500000
vt -2.500000 14.500000
vt 12.500000 14.500000
vt -14.500000 7.416700
vt -14.500000 4.416700
vt -13.500000 4.416700
vt -13.500000 7.416700
vt 3.500000 15.500000
vt -11.500000 15.500000
vt -11.500000 14.500000
vt 3.500000 14.500000
vt 12.500000 4.416700
vt 15.500000 10.416700
vt 13.435900 7.416700
vt -17.500000 15.500000
vt -17.500000 10.475100
vt 10.475100 -9.583300
vt 8.124000 -2.583300
vt 8.124000 -6.783300
vt 18.500000 -2.583300
vt -14.500000 10.416700
vt -14.500000 7.416700
vt -17.500000 -2.583300
vt 11.771900 10.058500
vt 15.271900 10.058500
vt 15.271900 10.475100
vt 11.771900 10.475100
vt 18.500000 -9.583300
vt -7.043900 -9.583300
vt -7.043900 -10.583300
vt 18.500000 -10.583300
vt -14.271900 -9.583300
vt -17.500000 -9.583300
vt -17.500000 -10.583300
vt -14.271900 -10.583300
vt 15.500000 -9.583300
vt 10.475100 -9.583300
vt 10.475100 -10.583300
vt 15.500000 -10.583300
vt -7.043900 -9.583300
vt -10.771900 -9.583300
vt -10.771900 -10.583300
vt -7.043900 -10.583300
vt -14.500000 0.416700
vt -2.733300 0.416700
vt -2.733300 7.416700
vt -14.500000 10.416700
vt 18.500000 7.416700
vt 18.500000 10.416700
vt 14.871200 7.416700
vt 18.500000 1.829800
vt 18.500000 14.170200
vt 17.500000 14.170200
vt 17.500000 1.829800
vt -17.500000 -2.583300
vt -17.500000 -9.583300
vt -16.500000 -9.583300
vt -16.500000 -2.583300
vt 18.500000 -9.583300
vt 18.500000 -2.583300
vt 17.500000 -2.583300
vt 17.500000 -9.583300
vt 15.500000 -9.583300
vt 15.500000 -2.583300
vt 14.264500 -2.583300
vt 14.264500 -9.583300
vt 12.500000 -9.583300
vt 12.500000 -2.583300
vt 11.500000 -2.583300
vt 11.500000 -9.583300
vt 12.500000 -13.264500
vt 12.500000 -0.924200
vt 11.500000 -0.924200
vt 11.500000 -13.264500
vt -11.500000 -2.583300
vt -11.500000 -9.583300
vt -10.500000 -9.583300
vt -10.500000 -2.583300
vt 11.918000 -2.583300
vt 8.627000 -2.583300
vt 8.627000 -6.783300
vt 11.918000 -6.783300
vt -11.500000 -2.583300
vt -11.500000 -9.583300
vt -10.295300 -9.583300
vt -10.295300 -2.583300
vt 15.500000 -9.583300
vt 15.500000 -2.583300
vt 14.500000 -2.583300
vt 14.500000 -9.583300
vt -1.045100 -14.500000
vt 11.295300 -14.500000
vt 11.295300 -13.500000
vt -1.045100 -13.500000
vt -14.500000 -2.583300
vt -14.500000 -9.583300
vt -13.500000 -9.583300
vt -13.500000 -2.583300
vt 2.045100 -2.583300
vt 2.045100 -9.583300
vt 5.336100 -6.783300
vt 5.336100 -2.583300
vt 18.500000 -9.583300
vt 15.209000 -6.783300
vt -14.209000 -14.500000
vt -10.918000 -14.500000
vt -10.918000 -13.500000
vt -14.209000 -13.500000
vt -14.500000 -2.583300
vt -14.500000 -6.783300
vt -13.500000 -6.783300
vt -13.500000 -2.583300
vt 11.918000 -14.500000
vt 15.209000 -14.500000
vt 15.209000 -13.500000
vt 11.918000 -13.500000
vt 15.500000 -6.783300
vt 15.500000 -2.583300
vt 14.500000 -2.583300
vt 14.500000 -6.783300
vt -7.627000 -14.500000
vt -4.336100 -14.500000
vt -4.336100 -13.500000
vt -7.627000 -13.500000
vt -14.500000 -2.583300
vt -14.500000 -6.783300
vt -13.500000 -6.783300
vt -13.500000 -2.583300
vt 5.336100 -14.500000
vt 8.627000 -14.500000
vt 8.627000 -13.500000
vt 5.336100 -13.500000
vt 15.500000 -6.783300
vt 15.500000 -2.583300
vt 14.500000 -2.583300
vt 14.500000 -6.783300
vt 18.500000 0.500000
vt 18.500000 3.733300
vt 17.500000 3.733300
vt 17.500000 1.353600
vt -17.500000 7.416700
vt -17.500000 0.416700
vt -16.500000 0.416700
vt -16.500000 7.416700
vt -17.500000 3.733300
vt -17.500000 0.500000
vt -16.500000 1.353600
vt -16.500000 3.733300
vt 0.500000 0.416700
vt 0.500000 7.416700
vt -0.353600 7.416700
vt -0.353600 0.416700
vt 13.700000 0.500000
vt 13.700000 1.353600
vt 10.871200 0.416700
vt 11.871200 0.416700
vt 11.871200 7.416700
vt 10.871200 7.416700
vt 14.871200 0.416700
vt -6.624300 7.416700
vt -6.624300 0.416700
vt 12.500000 0.416700
vt 12.500000 7.416700
vt 11.500000 7.416700
vt 11.500000 0.416700
vt 12.500000 -9.871200
vt 11.500000 0.500000
vt 11.500000 -9.871200
vt -11.500000 0.416700
vt -10.500000 0.416700
vt -10.500000 7.416700
vt -12.700000 7.416700
vt -11.500000 -14.500000
vt -6.624300 -14.500000
vt -6.624300 -13.646400
vt -10.500000 -13.646400
vt 15.500000 0.416700
vt 15.500000 7.416700
vt 14.646400 7.416700
vt 14.646400 0.416700
vt 7.624300 -14.500000
vt 11.500000 -13.646400
vt 7.624300 -13.646400
vt -11.500000 7.416700
vt -11.500000 0.416700
vt -10.500000 0.416700
vt -10.500000 7.416700
vt -11.500000 -10.871200
vt -10.500000 -10.871200
vt -13.871200 -14.500000
vt -13.871200 -13.500000
vt -14.500000 7.416700
vt -14.500000 0.416700
vt -13.500000 0.416700
vt -13.500000 7.416700
vt 14.871200 -14.500000
vt 14.871200 -13.500000
vt 18.500000 -14.500000
vt 12.500000 -10.871200
vt 0.500000 7.416700
vt 15.500000 7.416700
vt 15.500000 10.416700
vt -12.700000 0.416700
vt 15.500000 0.416700
vt -13.170200 -2.583300
vt 0.500000 0.416700
vt -0.829800 -2.583300
vt 18.500000 -2.583300
vt 18.500000 0.416700
vt 15.209000 -2.583300
vt -17.500000 10.416700
vt 11.500000 -10.871200
vt -17.500000 7.416700
vt -11.500000 0.416700
vt 0.500000 0.416700
vt 1.924200 -2.583300
vt 1.924200 -9.583300
vt 0.500000 -9.583300
vt 0.500000 -10.583300
vt 1.924200 -10.583300
vt -11.500000 -10.583300
vt -10.295300 -10.583300
vt -13.170200 -9.583300
vt -14.500000 -9.583300
vt -14.500000 -10.583300
vt -13.170200 -10.583300
vt -11.500000 -9.583300
vt -17.500000 -9.583300
vt -17.500000 -10.583300
vt -11.500000 -10.583300
vt 0.500000 -9.583300
vt -0.829800 -9.583300
vt -0.829800 -10.583300
vt 0.500000 -10.583300
vt 14.264500 -10.583300
vt 15.500000 -10.583300
vt 2.045100 -10.583300
vt -3.496100 10.416700
vt -7.970700 10.416700
vt -7.970700 9.916700
vt -3.496100 9.916700
vt -3.177400 10.416700
vt -9.177400 10.416700
vt -9.177400 9.916700
vt -3.177400 9.916700
vt 8.970700 10.416700
vt 4.496100 10.416700
vt 4.496100 9.916700
vt 8.970700 9.916700
vt 10.177400 10.416700
vt 4.177400 10.416700
vt 4.177400 9.916700
vt 10.177400 9.916700
vt 7.055000 10.416700
vt 2.580500 10.416700
vt 2.580500 9.916700
vt 7.055000 9.916700
vt -3.177400 10.416700
vt -9.177400 10.416700
vt -9.177400 9.916700
vt -3.177400 9.916700
vt -1.580500 10.416700
vt -6.055000 10.416700
vt -6.055000 9.916700
vt -1.580500 9.916700
vt 10.177400 10.416700
vt 4.177400 10.416700
vt 4.177400 9.916700
vt 10.177400 9.916700
vt 17.500000 -13.500000
vt -16.500000 -13.500000
vt -17.500000 -14.500000
vt 18.500000 -14.500000
vt 17.500000 14.500000
vt 18.500000 15.500000
vt 18.500000 -14.500000
vt 17.500000 -13.500000
vt -16.500000 -13.500000
vt -17.500000 -14.500000
vt -16.500000 14.500000
vt -17.500000 15.500000
vt 18.500000 15.500000
vt 17.500000 14.500000
vt 18.500000 11.416700
vt -17.500000 11.416700
vt -16.500000 10.416700
vt 17.500000 10.416700
vt 17.500000 11.416700
vt -16.500000 11.416700
vt 15.500000 11.416700
vt -14.500000 11.416700
vt -13.500000 10.416700
vt 14.500000 10.416700
vt 14.500000 11.416700
vt -13.500000 11.416700
vt -16.500000 10.416700
vt 17.500000 10.416700
vt 17.500000 11.416700
vt -16.500000 11.416700
vt 18.500000 11.416700
vt -17.500000 11.416700
vt 15.500000 11.416700
vt -14.500000 11.416700
vt -13.500000 10.416700
vt 14.500000 10.416700
vt 14.500000 11.416700
vt -13.500000 11.416700
vt -11.500000 -2.583300
vt -17.500000 0.416700
vt -17.500000 -2.583300
vt 0.500000 -2.583300
vt 0.500000 -2.583300
vt -14.500000 0.416700
vt -14.500000 -2.583300
vt -14.271900 -2.583300
vt -17.500000 -2.583300
vt 15.500000 -2.583300
vt 10.475100 -2.583300
vt -7.043900 -2.583300
vt -10.771900 -2.583300
vt -14.500000 -10.583300
vt 10.475100 -10.583300
vt -12.700000 0.500000
vt -12.700000 1.353600
vt -11.500000 0.500000
vt -11.500000 -9.871200
vt -10.500000 -9.871200
vt -10.500000 0.500000
vt 2.045100 -13.500000
vt -10.295300 -13.500000
vt -10.295300 -14.500000
vt 2.045100 -14.500000
vt -10.500000 -13.264500
vt -10.500000 -0.924200
vt -11.500000 -0.924200
vt -11.500000 -13.264500
vt -16.500000 1.829800
vt -16.500000 14.170200
vt -17.500000 14.170200
vt -17.500000 1.829800
vt 18.500000 -10.583300
vt -17.500000 -14.500000
vt -6.055000 4.177400
vt -6.055000 10.177400
vt -17.500000 15.500000
vt -1.580500 10.177400
vt -1.580500 4.177400
vt 4.496100 4.177400
vt 4.496100 10.177400
vt 18.500000 -14.500000
vt 8.970700 4.177400
vt 18.500000 15.500000
vt 8.970700 10.177400
vt 17.500000 -13.500000
vt -16.500000 -13.500000
vt -17.500000 -14.500000
vt 18.500000 -14.500000
vt 17.500000 14.500000
vt 18.500000 15.500000
vt -17.500000 15.500000
vt -16.500000 14.500000
vt 18.500000 15.500000
vt -17.500000 15.500000
vt -16.500000 14.500000
vt 17.500000 14.500000
vt 17.500000 -13.500000
vt 18.500000 -14.500000
vt 18.500000 11.583300
vt -17.500000 11.583300
vt 17.500000 11.583300
vt -16.500000 11.583300
vt 15.500000 11.583300
vt -14.500000 11.583300
vt 14.500000 11.583300
vt -13.500000 11.583300
vt 17.500000 11.583300
vt -16.500000 11.583300
vt 18.500000 11.583300
vt -17.500000 11.583300
vt 15.500000 11.583300
vt -14.500000 11.583300
vt 14.500000 11.583300
vt -13.500000 11.583300
vt -2.833300 -6.861800
vt -2.833300 -6.695100
vt -3.000000 -6.695100
vt -3.000000 -6.861800
vt 3.833300 -6.861800
vt 4.000000 -6.861800
vt 4.000000 -6.695100
vt 3.833300 -6.695100
vt 3.833300 -0.541700
vt 4.000000 -0.541700
vt 4.000000 2.458300
vt 3.833300 2.458300
vt -6.861800 -0.541700
vt -6.695100 -0.541700
vt -6.695100 2.458300
vt -6.861800 2.458300
vt -3.000000 -0.541700
vt -2.833300 -0.541700
vt -2.833300 2.458300
vt -3.000000 2.458300
vt 7.695100 -0.541700
vt 7.861800 -0.541700
vt 7.861800 2.458300
vt 7.695100 2.458300
vt 3.755800 -6.861800
vt 3.755800 -6.695100
vt 3.589100 -6.695100
vt 3.589100 -6.861800
vt -2.755800 -6.861800
vt -2.589100 -6.861800
vt -2.589100 -6.695100
vt -2.755800 -6.695100
vt -2.755800 -0.541700
vt -2.589100 -0.541700
vt -2.589100 2.458300
vt -2.755800 2.458300
vt -6.861800 -0.541700
vt -6.695100 -0.541700
vt -6.695100 2.458300
vt -6.861800 2.458300
vt 3.589100 -0.541700
vt 3.755800 -0.541700
vt 3.755800 2.458300
vt 3.589100 2.458300
vt 7.695100 -0.541700
vt 7.861800 -0.541700
vt 7.861800 2.458300
vt 7.695100 2.458300
vt 3.755800 -6.861800
vt 3.755800 -6.695100
vt -3.000000 -6.695100
vt -3.000000 -6.861800
vt -2.755800 -6.861800
vt 4.000000 -6.861800
vt 4.000000 -6.695100
vt -2.755800 -6.695100
vt 4.000000 2.541700
vt -2.755800 2.541700
vt -6.695100 2.541700
vt -6.861800 2.541700
vt 3.755800 2.541700
vt -3.000000 2.541700
vt 7.861800 2.541700
vt 7.695100 2.541700
vt 3.589100 -6.819900
vt 3.589100 -6.757400
vt -2.833300 -6.757400
vt -2.833300 -6.819900
vt -2.589100 -6.819900
vt 3.833300 -6.819900
vt 3.833300 -6.757400
vt -2.589100 -6.757400
vt -2.589100 2.031600
vt 3.833300 2.031600
vt 3.833300 2.094100
vt -2.589100 2.094100
vt -6.819900 2.031600
vt -6.757400 2.031600
vt -6.757400 2.094100
vt -6.819900 2.094100
vt -2.833300 2.031600
vt 3.589100 2.031600
vt 3.589100 2.094100
vt -2.833300 2.094100
vt 7.757400 2.031600
vt 7.819900 2.031600
vt 7.819900 2.094100
vt 7.757400 2.094100
vt 3.589100 -6.819900
vt 3.589100 -6.757400
vt -2.833300 -6.757400
vt -2.833300 -6.819900
vt -2.589100 -6.819900
vt 3.833300 -6.819900
vt 3.833300 -6.757400
vt -2.589100 -6.757400
vt -2.589100 1.673000
vt 3.833300 1.673000
vt 3.833300 1.735500
vt -2.589100 1.735500
vt -6.819900 1.673000
vt -6.757400 1.673000
vt -6.757400 1.735500
vt -6.819900 1.735500
vt -2.833300 1.673000
vt 3.589100 1.673000
vt 3.589100 1.735500
vt -2.833300 1.735500
vt 7.757400 1.673000
vt 7.819900 1.673000
vt 7.819900 1.735500
vt 7.757400 1.735500
vt 3.589100 -6.819900
vt 3.589100 -6.757400
vt -2.833300 -6.757400
vt -2.833300 -6.819900
vt -2.589100 -6.819900
vt 3.833300 -6.819900
vt 3.833300 -6.757400
vt -2.589100 -6.757400
vt -2.589100 1.314300
vt 3.833300 1.314300
vt 3.833300 1.376800
vt -2.589100 1.376800
vt -6.819900 1.314300
vt -6.757400 1.314300
vt -6.757400 1.376800
vt -6.819900 1.376800
vt -2.833300 1.314300
vt 3.589100 1.314300
vt 3.589100 1.376800
vt -2.833300 1.376800
vt 7.757400 1.314300
vt 7.819900 1.314300
vt 7.819900 1.376800
vt 7.757400 1.376800
vt 3.589100 -6.819900
vt 3.589100 -6.757400
vt -2.833300 -6.757400
vt -2.833300 -6.819900
vt -2.589100 -6.819900
vt 3.833300 -6.819900
vt 3.833300 -6.757400
vt -2.589100 -6.757400
vt -2.589100 0.955700
vt 3.833300 0.955700
vt 3.833300 1.018200
vt -2.589100 1.018200
vt -6.819900 0.955700
vt -6.757400 0.955700
vt -6.757400 1.018200
vt -6.819900 1.018200
vt -2.833300 0.955700
vt 3.589100 0.955700
vt 3.589100 1.018200
vt -2.833300 1.018200
vt 7.757400 0.955700
vt 7.819900 0.955700
vt 7.819900 1.018200
vt 7.757400 1.018200
vt 3.589100 -6.819900
vt 3.589100 -6.757400
vt -2.833300 -6.757400
vt -2.833300 -6.819900
vt -2.589100 -6.819900
vt 3.833300 -6.819900
vt 3.833300 -6.757400
vt -2.589100 -6.757400
vt -2.589100 0.597100
vt 3.833300 0.597100
vt 3.833300 0.659600
vt -2.589100 0.659600
vt -6.819900 0.597100
vt -6.757400 0.597100
vt -6.757400 0.659600
vt -6.819900 0.659600
vt -2.833300 0.597100
vt 3.589100 0.597100
vt 3.589100 0.659600
vt -2.833300 0.659600
vt 7.757400 0.597100
vt 7.819900 0.597100
vt 7.819900 0.659600
vt 7.757400 0.659600
vt 3.589100 -6.819900
vt 3.589100 -6.757400
vt -2.833300 -6.757400
vt -2.833300 -6.819900
vt -2.589100 -6.819900
vt 3.833300 -6.819900
vt 3.833300 -6.757400
vt -2.589100 -6.757400
vt -2.589100 0.238500
vt 3.833300 0.238500
vt 3.833300 0.301000
vt -2.589100 0.301000
vt -6.819900 0.238500
vt -6.757400 0.238500
vt -6.757400 0.301000
vt -6.819900 0.301000
vt -2.833300 0.238500
vt 3.589100 0.238500
vt 3.589100 0.301000
vt -2.833300 0.301000
vt 7.757400 0.238500
vt 7.819900 0.238500
vt 7.819900 0.301000
vt 7.757400 0.301000
vt 3.589100 -6.819900
vt 3.589100 -6.757400
vt -2.833300 -6.757400
vt -2.833300 -6.819900
vt -2.589100 -6.819900
vt 3.833300 -6.819900
vt 3.833300 -6.757400
vt -2.589100 -6.757400
vt -2.589100 -0.161800
vt 3.833300 -0.161800
vt 3.833300 -0.099300
vt -2.589100 -0.099300
vt -6.819900 -0.161800
vt -6.757400 -0.161800
vt -6.757400 -0.099300
vt -6.819900 -0.099300
vt -2.833300 -0.161800
vt 3.589100 -0.161800
vt 3.589100 -0.099300
vt -2.833300 -0.099300
vt 7.757400 -0.161800
vt 7.819900 -0.161800
vt 7.819900 -0.099300
vt 7.757400 -0.099300
vt 0.597400 -6.828000
vt 0.597400 -6.744700
vt 0.514000 -6.744700
vt 0.514000 -6.828000
vt 0.402600 -6.828000
vt 0.486000 -6.828000
vt 0.486000 -6.744700
vt 0.402600 -6.744700
vt 0.402600 -0.541700
vt 0.486000 -0.541700
vt 0.486000 2.458300
vt 0.402600 2.458300
vt -6.828000 -0.541700
vt -6.744700 -0.541700
vt -6.744700 2.458300
vt -6.828000 2.458300
vt 0.514000 -0.541700
vt 0.597400 -0.541700
vt 0.597400 2.458300
vt 0.514000 2.458300
vt 7.744700 -0.541700
vt 7.828000 -0.541700
vt 7.828000 2.458300
vt 7.744700 2.458300
vt 3.755800 7.753900
vt 3.589100 7.753900
vt 3.589100 -6.695100
vt -2.755800 7.753900
vt -2.589100 -6.695100
vt -2.589100 7.753900
vt -6.753900 2.458300
vt -6.753900 2.541700
vt -2.755800 2.458300
vt -2.589100 2.458300
vt -2.589100 2.541700
vt -2.755800 2.541700
vt 7.753900 2.458300
vt 7.753900 2.541700
vt -6.695100 2.541700
vt 3.589100 2.458300
vt 3.755800 2.458300
vt 3.755800 2.541700
vt 3.589100 2.541700
vt 3.713900 7.753900
vt 3.651400 7.753900
vt 3.651400 -6.695100
vt 3.713900 -6.695100
vt -2.713900 7.753900
vt -2.713900 -6.695100
vt -2.651400 -6.695100
vt -2.651400 7.753900
vt -6.753900 2.031600
vt 7.695100 2.031600
vt 7.695100 2.094100
vt -6.753900 2.094100
vt -2.713900 2.031600
vt -2.651400 2.031600
vt -2.651400 2.094100
vt -2.713900 2.094100
vt -6.695100 2.031600
vt 7.753900 2.031600
vt 7.753900 2.094100
vt -6.695100 2.094100
vt 3.651400 2.031600
vt 3.713900 2.031600
vt 3.713900 2.094100
vt 3.651400 2.094100
vt 3.713900 7.753900
vt 3.651400 7.753900
vt 3.651400 -6.695100
vt 3.713900 -6.695100
vt -2.713900 7.753900
vt -2.713900 -6.695100
vt -2.651400 -6.695100
vt -2.651400 7.753900
vt -6.753900 1.673000
vt 7.695100 1.673000
vt 7.695100 1.735500
vt -6.753900 1.735500
vt -2.713900 1.673000
vt -2.651400 1.673000
vt -2.651400 1.735500
vt -2.713900 1.735500
vt -6.695100 1.673000
vt 7.753900 1.673000
vt 7.753900 1.735500
vt -6.695100 1.735500
vt 3.651400 1.673000
vt 3.713900 1.673000
vt 3.713900 1.735500
vt 3.651400 1.735500
vt 3.713900 7.753900
vt 3.651400 7.753900
vt 3.651400 -6.695100
vt 3.713900 -6.695100
vt -2.713900 7.753900
vt -2.713900 -6.695100
vt -2.651400 -6.695100
vt -2.651400 7.753900
vt -6.753900 1.314300
vt 7.695100 1.314300
vt 7.695100 1.376800
vt -6.753900 1.376800
vt -2.713900 1.314300
vt -2.651400 1.314300
vt -2.651400 1.376800
vt -2.713900 1.376800
vt -6.695100 1.314300
vt 7.753900 1.314300
vt 7.753900 1.376800
vt -6.695100 1.376800
vt 3.651400 1.314300
vt 3.713900 1.314300
vt 3.713900 1.376800
vt 3.651400 1.376800
vt 3.713900 7.753900
vt 3.651400 7.753900
vt 3.651400 -6.695100
vt 3.713900 -6.695100
vt -2.713900 7.753900
vt -2.713900 -6.695100
vt -2.651400 -6.695100
vt -2.651400 7.753900
vt -6.753900 0.955700
vt 7.695100 0.955700
vt 7.695100 1.018200
vt -6.753900 1.018200
vt -2.713900 0.955700
vt -2.651400 0.955700
vt -2.651400 1.018200
vt -2.713900 1.018200
vt -6.695100 0.955700
vt 7.753900 0.955700
vt 7.753900 1.018200
vt -6.695100 1.018200
vt 3.651400 0.955700
vt 3.713900 0.955700
vt 3.713900 1.018200
vt 3.651400 1.018200
vt 3.713900 7.753900
vt 3.651400 7.753900
vt 3.651400 -6.695100
vt 3.713900 -6.695100
vt -2.713900 7.753900
vt -2.713900 -6.695100
vt -2.651400 -6.695100
vt -2.651400 7.753900
vt -6.753900 0.597100
vt 7.695100 0.597100
vt 7.695100 0.659600
vt -6.753900 0.659600
vt -2.713900 0.597100
vt -2.651400 0.597100
vt -2.651400 0.659600
vt -2.713900 0.659600
vt -6.695100 0.597100
vt 7.753900 0.597100
vt 7.753900 0.659600
vt -6.695100 0.659600
vt 3.651400 0.597100
vt 3.713900 0.597100
vt 3.713900 0.659600
vt 3.651400 0.659600
vt 3.713900 7.753900
vt 3.651400 7.753900
vt 3.651400 -6.695100
vt 3.713900 -6.695100
vt -2.713900 7.753900
vt -2.713900 -6.695100
vt -2.651400 -6.695100
vt -2.651400 7.753900
vt -6.753900 0.238500
vt 7.695100 0.238500
vt 7.695100 0.301000
vt -6.753900 0.301000
vt -2.713900 0.238500
vt -2.651400 0.238500
vt -2.651400 0.301000
vt -2.713900 0.301000
vt -6.695100 0.238500
vt 7.753900 0.238500
vt 7.753900 0.301000
vt -6.695100 0.301000
vt 3.651400 0.238500
vt 3.713900 0.238500
vt 3.713900 0.301000
vt 3.651400 0.301000
vt 3.713900 7.753900
vt 3.651400 7.753900
vt 3.651400 -6.695100
vt 3.713900 -6.695100
vt -2.713900 7.753900
vt -2.713900 -6.695100
vt -2.651400 -6.695100
vt -2.651400 7.753900
vt -6.753900 -0.161800
vt 7.695100 -0.161800
vt 7.695100 -0.099300
vt -6.753900 -0.099300
vt -2.713900 -0.161800
vt -2.651400 -0.161800
vt -2.651400 -0.099300
vt -2.713900 -0.099300
vt -6.695100 -0.161800
vt 7.753900 -0.161800
vt 7.753900 -0.099300
vt -6.695100 -0.099300
vt 3.651400 -0.161800
vt 3.713900 -0.161800
vt 3.713900 -0.099300
vt 3.651400 -0.099300
vt 3.722100 -3.661900
vt 3.638700 -3.661900
vt 3.638700 -3.745200
vt 3.722100 -3.745200
vt -2.722100 -3.661900
vt -2.722100 -3.745200
vt -2.638700 -3.745200
vt -2.638700 -3.661900
vt 4.661900 -0.541700
vt 4.745200 -0.541700
vt 4.745200 2.458300
vt 4.661900 2.458300
vt -2.722100 -0.541700
vt -2.638700 -0.541700
vt -2.638700 2.458300
vt -2.722100 2.458300
vt -3.745200 -0.541700
vt -3.661900 -0.541700
vt -3.661900 2.458300
vt -3.745200 2.458300
vt 3.638700 -0.541700
vt 3.722100 -0.541700
vt 3.722100 2.458300
vt 3.638700 2.458300
vt 3.722100 0.285700
vt 3.638700 0.285700
vt 3.638700 0.202400
vt 3.722100 0.202400
vt -2.722100 0.285700
vt -2.722100 0.202400
vt -2.638700 0.202400
vt -2.638700 0.285700
vt 0.714300 -0.541700
vt 0.797600 -0.541700
vt 0.797600 2.458300
vt 0.714300 2.458300
vt -2.722100 -0.541700
vt -2.638700 -0.541700
vt -2.638700 2.458300
vt -2.722100 2.458300
vt 0.202400 -0.541700
vt 0.285700 -0.541700
vt 0.285700 2.458300
vt 0.202400 2.458300
vt 3.638700 -0.541700
vt 3.722100 -0.541700
vt 3.722100 2.458300
vt 3.638700 2.458300
vt 3.722100 4.192000
vt 3.638700 4.192000
vt 3.638700 4.108600
vt 3.722100 4.108600
vt -2.722100 4.192000
vt -2.722100 4.108600
vt -2.638700 4.108600
vt -2.638700 4.192000
vt -3.192000 -0.541700
vt -3.108600 -0.541700
vt -3.108600 2.458300
vt -3.192000 2.458300
vt -2.722100 -0.541700
vt -2.638700 -0.541700
vt -2.638700 2.458300
vt -2.722100 2.458300
vt 4.108600 -0.541700
vt 4.192000 -0.541700
vt 4.192000 2.458300
vt 4.108600 2.458300
vt 3.638700 -0.541700
vt 3.722100 -0.541700
vt 3.722100 2.458300
vt 3.638700 2.458300
vt 3.166700 7.753900
vt 3.166700 7.920600
vt 3.000000 7.920600
vt 3.000000 7.753900
vt -2.166700 7.753900
vt -2.000000 7.753900
vt -2.000000 7.920600
vt -2.166700 7.920600
vt -2.166700 -0.541700
vt -2.000000 -0.541700
vt -2.000000 2.458300
vt -2.166700 2.458300
vt 7.753900 -0.541700
vt 7.920600 -0.541700
vt 7.920600 2.458300
vt 7.753900 2.458300
vt 3.000000 -0.541700
vt 3.166700 -0.541700
vt 3.166700 2.458300
vt 3.000000 2.458300
vt -6.920600 -0.541700
vt -6.753900 -0.541700
vt -6.753900 2.458300
vt -6.920600 2.458300
vt 3.755800 7.753900
vt 3.755800 7.920600
vt 3.589100 7.920600
vt 3.589100 7.753900
vt -2.755800 7.753900
vt -2.589100 7.753900
vt -2.589100 7.920600
vt -2.755800 7.920600
vt -2.755800 -0.541700
vt -2.589100 -0.541700
vt -2.589100 2.458300
vt -2.755800 2.458300
vt 7.753900 -0.541700
vt 7.920600 -0.541700
vt 7.920600 2.458300
vt 3.589100 -0.541700
vt 3.755800 -0.541700
vt 3.755800 2.458300
vt 3.589100 2.458300
vt -6.920600 -0.541700
vt -6.753900 -0.541700
vt -6.920600 2.458300
vt 3.755800 7.920600
vt 3.000000 7.920600
vt 3.000000 7.753900
vt -2.000000 7.753900
vt -2.000000 7.920600
vt -2.755800 7.920600
vt -2.000000 2.541700
vt -2.755800 2.541700
vt 7.920600 2.541700
vt 7.753900 2.541700
vt 3.755800 2.541700
vt 3.000000 2.541700
vt -6.920600 2.541700
vt 3.589100 7.795800
vt 3.589100 7.858300
vt 3.166700 7.858300
vt 3.166700 7.795800
vt -2.589100 7.795800
vt -2.166700 7.795800
vt -2.166700 7.858300
vt -2.589100 7.858300
vt -2.589100 2.031600
vt -2.166700 2.031600
vt -2.166700 2.094100
vt -2.589100 2.094100
vt 7.795800 2.031600
vt 7.858300 2.031600
vt 7.858300 2.094100
vt 7.795800 2.094100
vt 3.166700 2.031600
vt 3.589100 2.031600
vt 3.589100 2.094100
vt 3.166700 2.094100
vt -6.858300 2.031600
vt -6.795800 2.031600
vt -6.795800 2.094100
vt -6.858300 2.094100
vt 3.589100 7.795800
vt 3.589100 7.858300
vt 3.166700 7.858300
vt 3.166700 7.795800
vt -2.589100 7.795800
vt -2.166700 7.795800
vt -2.166700 7.858300
vt -2.589100 7.858300
vt -2.589100 1.673000
vt -2.166700 1.673000
vt -2.166700 1.735500
vt -2.589100 1.735500
vt 7.795800 1.673000
vt 7.858300 1.673000
vt 7.858300 1.735500
vt 7.795800 1.735500
vt 3.166700 1.673000
vt 3.589100 1.673000
vt 3.589100 1.735500
vt 3.166700 1.735500
vt -6.858300 1.673000
vt -6.795800 1.673000
vt -6.795800 1.735500
vt -6.858300 1.735500
vt 3.589100 7.795800
vt 3.589100 7.858300
vt 3.166700 7.858300
vt 3.166700 7.795800
vt -2.589100 7.795800
vt -2.166700 7.795800
vt -2.166700 7.858300
vt -2.589100 7.858300
vt -2.589100 1.314300
vt -2.166700 1.314300
vt -2.166700 1.376800
vt -2.589100 1.376800
vt 7.795800 1.314300
vt 7.858300 1.314300
vt 7.858300 1.376800
vt 7.795800 1.376800
vt 3.166700 1.314300
vt 3.589100 1.314300
vt 3.589100 1.376800
vt 3.166700 1.376800
vt -6.858300 1.314300
vt -6.795800 1.314300
vt -6.795800 1.376800
vt -6.858300 1.376800
vt 3.589100 7.795800
vt 3.589100 7.858300
vt 3.166700 7.858300
vt 3.166700 7.795800
vt -2.589100 7.795800
vt -2.166700 7.795800
vt -2.166700 7.858300
vt -2.589100 7.858300
vt -2.589100 0.955700
vt -2.166700 0.955700
vt -2.166700 1.018200
vt -2.589100 1.018200
vt 7.795800 0.955700
vt 7.858300 0.955700
vt 7.858300 1.018200
vt 7.795800 1.018200
vt 3.166700 0.955700
vt 3.589100 0.955700
vt 3.589100 1.018200
vt 3.166700 1.018200
vt -6.858300 0.955700
vt -6.795800 0.955700
vt -6.795800 1.018200
vt -6.858300 1.018200
vt 3.589100 7.795800
vt 3.589100 7.858300
vt 3.166700 7.858300
vt 3.166700 7.795800
vt -2.589100 7.795800
vt -2.166700 7.795800
vt -2.166700 7.858300
vt -2.589100 7.858300
vt -2.589100 0.597100
vt -2.166700 0.597100
vt -2.166700 0.659600
vt -2.589100 0.659600
vt 7.795800 0.597100
vt 7.858300 0.597100
vt 7.858300 0.659600
vt 7.795800 0.659600
vt 3.166700 0.597100
vt 3.589100 0.597100
vt 3.589100 0.659600
vt 3.166700 0.659600
vt -6.858300 0.597100
vt -6.795800 0.597100
vt -6.795800 0.659600
vt -6.858300 0.659600
vt 3.589100 7.795800
vt 3.589100 7.858300
vt 3.166700 7.858300
vt 3.166700 7.795800
vt -2.589100 7.795800
vt -2.166700 7.795800
vt -2.166700 7.858300
vt -2.589100 7.858300
vt -2.589100 0.238500
vt -2.166700 0.238500
vt -2.166700 0.301000
vt -2.589100 0.301000
vt 7.795800 0.238500
vt 7.858300 0.238500
vt 7.858300 0.301000
vt 7.795800 0.301000
vt 3.166700 0.238500
vt 3.589100 0.238500
vt 3.589100 0.301000
vt 3.166700 0.301000
vt -6.858300 0.238500
vt -6.795800 0.238500
vt -6.795800 0.301000
vt -6.858300 0.301000
vt 3.589100 7.795800
vt 3.589100 7.858300
vt 3.166700 7.858300
vt 3.166700 7.795800
vt -2.589100 7.795800
vt -2.166700 7.795800
vt -2.166700 7.858300
vt -2.589100 7.858300
vt -2.589100 -0.161800
vt -2.166700 -0.161800
vt -2.166700 -0.099300
vt -2.589100 -0.099300
vt 7.795800 -0.161800
vt 7.858300 -0.161800
vt 7.858300 -0.099300
vt 7.795800 -0.099300
vt 3.166700 -0.161800
vt 3.589100 -0.161800
vt 3.589100 -0.099300
vt 3.166700 -0.099300
vt -6.858300 -0.161800
vt -6.795800 -0.161800
vt -6.795800 -0.099300
vt -6.858300 -0.099300
vt 4.000000 -7.144800
vt -2.000000 4.226400
vt -3.000000 -7.144800
vt 4.000000 4.226400
vt 3.563400 -17.681499
vt -9.981700 -12.586500
vt -22.540400 -17.681499
vt -15.981700 2.413500
vt -22.540400 -12.586500
vt -9.981700 2.413500
vt -22.540400 19.997400
vt 3.563400 -12.586500
vt 9.562200 19.997299
vt 20.018299 12.388600
vt 24.649599 19.997299
vt 9.562200 17.413500
vt 9.562200 12.388600
vt -15.981600 17.413500
vt 24.649599 6.746500
vt 20.018299 6.746500
vt -22.540400 0.000000
vt 3.563400 0.000000
vt 3.563400 1.000000
vt -22.540400 1.000000
vt -12.586500 0.000000
vt 2.413500 0.000000
vt 2.413500 1.000000
vt -12.586500 1.000000
vt 10.981700 0.000000
vt 16.981701 0.000000
vt 16.981701 1.000000
vt 10.981700 1.000000
vt 13.586500 1.000000
vt -18.997400 1.000000
vt -18.997400 0.000000
vt 18.681499 0.000000
vt 18.681499 1.000000
vt -17.681499 0.000000
vt -12.586500 0.000000
vt -12.586500 1.000000
vt -17.681499 1.000000
vt -2.563400 0.000000
vt 10.981700 0.000000
vt 10.981700 1.000000
vt -2.563400 1.000000
vt -8.562200 1.000000
vt -23.649599 1.000000
vt -23.649599 0.000000
vt 23.540400 0.000000
vt 23.540400 1.000000
vt -16.413500 0.000000
vt -11.388600 0.000000
vt -11.388600 1.000000
vt -16.413500 1.000000
vt 9.562200 0.000000
vt 20.018299 0.000000
vt 20.018299 1.000000
vt 9.562200 1.000000
vt 2.413500 0.000000
vt 17.413500 0.000000
vt 17.413500 1.000000
vt 2.413500 1.000000
vt 6.746500 0.000000
vt 19.997299 0.000000
vt 19.997299 1.000000
vt 6.746500 1.000000
vt -11.388600 0.000000
vt -5.746500 0.000000
vt -5.746500 1.000000
vt -11.388600 1.000000
vt 20.018299 0.000000
vt 24.649599 0.000000
vt 24.649599 1.000000
vt 20.018299 1.000000
vt -15.981600 0.000000
vt 9.562200 0.000000
vt 9.562200 1.000000
vt -15.981600 1.000000
vt -25.233999 22.803400
vt -22.540400 19.997400
vt 24.649599 19.997299
vt 24.649599 22.803400
vt -25.233999 -20.495701
vt -22.540400 -17.681499
vt -25.233999 19.997400
vt 27.676901 6.746500
vt 24.649599 6.746500
vt -22.540400 -20.495701
vt 3.563400 -17.681499
vt 27.676901 22.803400
vt 20.018299 -12.586500
vt 3.563400 -12.586500
vt 27.676901 -20.495701
vt 20.018299 6.746500
vt 0.933300 0.500000
vt 0.866700 0.500000
vt 0.866700 0.200000
vt 0.933300 0.200000
vt 0.733300 0.200000
vt 0.800000 0.200000
vt 0.800000 0.500000
vt 0.733300 0.500000
vt 0.933300 0.500000
vt 0.866700 0.500000
vt 0.866700 0.500000
vt 0.933300 0.500000
vt 0.866700 0.200000
vt 0.866700 0.200000
vt 0.933300 0.200000
vt 0.933300 0.200000
vt 0.800000 0.500000
vt 0.733300 0.500000
vt 0.733300 0.500000
vt 0.800000 0.500000
vt 0.733300 0.200000
vt 0.733300 0.200000
vt 0.800000 0.200000
vt 0.800000 0.200000
vt 0.866700 0.500000
vt 0.933300 0.500000
vt 0.866700 0.200000
vt 0.933300 0.200000
vt 0.733300 0.500000
vt 0.800000 0.500000
vt 0.733300 0.200000
vt 0.800000 0.200000
vt 0.866700 0.500000
vt 0.933300 0.500000
vt 0.866700 0.200000
vt 0.933300 0.200000
vt 0.733300 0.500000
vt 0.800000 0.500000
vt 0.733300 0.200000
vt 0.800000 0.200000
vt 0.866700 0.500000
vt 0.933300 0.500000
vt 0.866700 0.200000
vt 0.933300 0.200000
vt 0.733300 0.500000
vt 0.800000 0.500000
vt 0.733300 0.200000
vt 0.800000 0.200000
vt 0.500000 1.000000
vt 0.500000 1.000000
vt 0.250000 0.750000
vt 0.250000 0.750000
vt 0.500000 1.000000
vt 0.375000 0.875000
vt 0.187500 0.937500
vt 0.250000 1.000000
vt 0.250000 0.750000
vt 0.125000 0.875000
vt 0.125000 0.875000
vt 0.250000 0.750000
vt 0.250000 1.000000
vt 0.250000 1.000000
vt 0.500000 1.000000
vt 0.500000 1.000000
vt 0.500000 1.000000
vt 0.500000 1.000000
vt 0.250000 0.750000
vt 0.250000 0.750000
vt 0.500000 1.000000
vt 0.250000 0.750000
vt 0.500000 1.000000
vt 0.250000 0.750000
vt 0.500000 1.000000
vt 0.250000 1.000000
vt 0.250000 0.750000
vt 0.125000 0.875000
vt 0.500000 1.000000
vt 0.250000 0.750000
vt 0.500000 1.000000
vt 0.250000 0.750000
vt 0.500000 1.000000
vt 0.250000 1.000000
vt 0.250000 0.750000
vt 0.375000 0.875000
vt 0.125000 0.875000
vt 0.187500 0.937500
vt 0.500000 1.000000
vt 0.250000 0.750000
vt 0.500000 1.000000
vt 0.250000 0.750000
vt 0.250000 0.750000
vt 0.125000 0.875000
vt 0.187500 0.937500
vt 0.375000 0.875000
vt 0.125000 0.875000
vt 0.250000 0.750000
vt 0.187500 0.937500
vt 0.375000 0.875000
vt 0.500000 1.000000
vt 0.250000 1.000000
vt 0.375000 0.875000
vt 0.187500 0.937500
vt 0.250000 0.750000
vt 0.375000 0.875000
vt 0.125000 0.875000
vt 0.187500 0.937500
vt 0.933300 0.500000
vt 0.866700 0.500000
vt 0.866700 0.200000
vt 0.933300 0.200000
vt 0.733300 0.200000
vt 0.800000 0.200000
vt 0.800000 0.500000
vt 0.733300 0.500000
vt 0.933300 0.500000
vt 0.866700 0.500000
vt 0.866700 0.500000
vt 0.933300 0.500000
vt 0.866700 0.200000
vt 0.866700 0.200000
vt 0.933300 0.200000
vt 0.933300 0.200000
vt 0.800000 0.500000
vt 0.733300 0.500000
vt 0.733300 0.500000
vt 0.800000 0.500000
vt 0.733300 0.200000
vt 0.733300 0.200000
vt 0.800000 0.200000
vt 0.800000 0.200000
vt 0.866700 0.500000
vt 0.933300 0.500000
vt 0.866700 0.200000
vt 0.933300 0.200000
vt 0.733300 0.500000
vt 0.800000 0.500000
vt 0.733300 0.200000
vt 0.800000 0.200000
vt 0.866700 0.500000
vt 0.933300 0.500000
vt 0.866700 0.200000
vt 0.933300 0.200000
vt 0.733300 0.500000
vt 0.800000 0.500000
vt 0.733300 0.200000
vt 0.800000 0.200000
vt 0.866700 0.500000
vt 0.933300 0.500000
vt 0.866700 0.200000
vt 0.933300 0.200000
vt 0.733300 0.500000
vt 0.800000 0.500000
vt 0.733300 0.200000
vt 0.800000 0.200000
vt 0.733300 0.200000
vt 0.800000 0.200000
vt 0.800000 0.500000
vt 0.733300 0.500000
vt 0.800000 0.500000
vt 0.733300 0.500000
vt 0.733300 0.500000
vt 0.800000 0.500000
vt 0.733300 0.200000
vt 0.733300 0.200000
vt 0.800000 0.200000
vt 0.800000 0.200000
vt 0.733300 0.500000
vt 0.800000 0.500000
vt 0.733300 0.200000
vt 0.800000 0.200000
vt 0.733300 0.500000
vt 0.800000 0.500000
vt 0.733300 0.200000
vt 0.800000 0.200000
vt 0.733300 0.500000
vt 0.800000 0.500000
vt 0.733300 0.200000
vt 0.800000 0.200000
vt 0.154400 0.000000
vt 0.345600 0.000000
vt 0.345600 0.500000
vt 0.154400 0.500000
vt 0.154400 0.500000
vt 0.154400 0.000000
vt 0.154400 0.000000
vt 0.154400 0.500000
vt 0.345600 0.000000
vt 0.345600 0.000000
vt 0.345600 0.500000
vt 0.345600 0.500000
vt 0.154400 0.000000
vt 0.154400 0.500000
vt 0.345600 0.000000
vt 0.345600 0.500000
vt 0.154400 0.000000
vt 0.154400 0.500000
vt 0.345600 0.000000
vt 0.345600 0.500000
vt 0.154400 0.000000
vt 0.154400 0.500000
vt 0.345600 0.000000
vt 0.345600 0.500000
vt 0.154400 0.000000
vt 0.345600 0.000000
vt 0.345600 0.000000
vt 0.154400 0.000000
vt 0.345600 0.500000
vt 0.345600 0.500000
vt 0.154400 0.500000
vt 0.154400 0.500000
vt 0.345600 0.000000
vt 0.154400 0.000000
vt 0.345600 0.500000
vt 0.154400 0.500000
vt 0.345600 0.000000
vt 0.154400 0.000000
vt 0.154400 0.500000
vt 0.345600 0.500000
vt 0.154400 0.000000
vt 0.154400 0.000000
vt 0.345600 0.000000
vt 0.345600 0.000000
vt 0.345600 0.500000
vt 0.345600 0.500000
vt 0.154400 0.500000
vt 0.154400 0.500000
vt 0.154400 0.000000
vt 0.345600 0.000000
vt 0.345600 0.500000
vt 0.154400 0.500000
vt 0.154400 0.000000
vt 0.345600 0.000000
vt 0.345600 0.500000
vt 0.154400 0.500000
vt 0.933300 0.500000
vt 0.866700 0.500000
vt 0.866700 0.200000
vt 0.933300 0.200000
vt 0.933300 0.500000
vt 0.866700 0.500000
vt 0.866700 0.500000
vt 0.933300 0.500000
vt 0.866700 0.200000
vt 0.866700 0.200000
vt 0.933300 0.200000
vt 0.933300 0.200000
vt 0.866700 0.500000
vt 0.933300 0.500000
vt 0.866700 0.200000
vt 0.933300 0.200000
vt 0.866700 0.500000
vt 0.933300 0.500000
vt 0.866700 0.200000
vt 0.933300 0.200000
vt 0.866700 0.500000
vt 0.933300 0.500000
vt 0.866700 0.200000
vt 0.933300 0.200000
vt 0.277800 0.000000
vt 0.277800 0.500000
vt 0.222200 0.500000
vt 0.222200 0.000000
vt 0.166700 0.000000
vt 0.333300 0.000000
vt 0.333300 0.000000
vt 0.166700 0.000000
vt 0.333300 0.500000
vt 0.333300 0.500000
vt 0.166700 0.500000
vt 0.166700 0.500000
vt 0.333300 0.000000
vt 0.277800 0.000000
vt 0.222200 0.000000
vt 0.166700 0.000000
vt 0.333300 0.500000
vt 0.166700 0.500000
vt 0.222200 0.500000
vt 0.277800 0.500000
vt 0.333300 0.000000
vt 0.333300 0.500000
vt 0.277800 0.500000
vt 0.277800 0.000000
vt 0.166700 0.500000
vt 0.166700 0.000000
vt 0.222200 0.000000
vt 0.222200 0.500000
vt 0.222200 0.000000
vt 0.166700 0.000000
vt 0.277800 0.000000
vt 0.333300 0.000000
vt 0.333300 0.500000
vt 0.277800 0.500000
vt 0.222200 0.500000
vt 0.166700 0.500000
vt 0.222200 0.000000
vt 0.222200 0.500000
vt 0.277800 0.000000
vt 0.333300 0.000000
vt 0.333300 0.500000
vt 0.277800 0.500000
vt 0.277800 0.000000
vt 0.277800 0.500000
vt 0.333300 0.000000
vt 0.333300 0.500000
vt 0.277800 0.500000
vt 0.277800 0.000000
vt 0.222200 0.500000
vt 0.222200 0.000000
vt 0.277800 0.000000
vt 0.277800 0.500000
vt 0.333300 0.000000
vt 0.333300 0.500000
vt 0.222200 0.500000
vt 0.222200 0.000000
vt 0.166700 0.500000
vt 0.166700 0.000000
vt 0.277800 0.000000
vt 0.277800 0.500000
vt 0.222200 0.500000
vt 0.222200 0.000000
vt 0.166700 0.000000
vt 0.333300 0.000000
vt 0.333300 0.000000
vt 0.166700 0.000000
vt 0.333300 0.500000
vt 0.333300 0.500000
vt 0.166700 0.500000
vt 0.166700 0.500000
vt 0.333300 0.000000
vt 0.277800 0.000000
vt 0.222200 0.000000
vt 0.166700 0.000000
vt 0.333300 0.500000
vt 0.166700 0.500000
vt 0.222200 0.500000
vt 0.277800 0.500000
vt 0.333300 0.000000
vt 0.333300 0.500000
vt 0.277800 0.500000
vt 0.277800 0.000000
vt 0.166700 0.500000
vt 0.166700 0.000000
vt 0.222200 0.000000
vt 0.222200 0.500000
vt 0.222200 0.000000
vt 0.166700 0.000000
vt 0.277800 0.000000
vt 0.333300 0.000000
vt 0.333300 0.500000
vt 0.277800 0.500000
vt 0.222200 0.500000
vt 0.166700 0.500000
vt 0.222200 0.000000
vt 0.222200 0.500000
vt 0.277800 0.000000
vt 0.333300 0.000000
vt 0.333300 0.500000
vt 0.277800 0.500000
vt 0.277800 0.000000
vt 0.277800 0.500000
vt 0.333300 0.000000
vt 0.333300 0.500000
vt 0.277800 0.500000
vt 0.277800 0.000000
vt 0.222200 0.500000
vt 0.222200 0.000000
vt 0.277800 0.000000
vt 0.277800 0.500000
vt 0.333300 0.000000
vt 0.333300 0.500000
vt 0.222200 0.500000
vt 0.222200 0.000000
vt 0.166700 0.500000
vt 0.166700 0.000000
vt 0.500000 1.000000
vt 0.500000 1.000000
vt 0.250000 0.750000
vt 0.250000 0.750000
vt 0.500000 1.000000
vt 0.375000 0.875000
vt 0.187500 0.937500
vt 0.250000 1.000000
vt 0.250000 0.750000
vt 0.125000 0.875000
vt 0.125000 0.875000
vt 0.250000 0.750000
vt 0.250000 1.000000
vt 0.250000 1.000000
vt 0.500000 1.000000
vt 0.500000 1.000000
vt 0.500000 1.000000
vt 0.500000 1.000000
vt 0.250000 0.750000
vt 0.250000 0.750000
vt 0.500000 1.000000
vt 0.250000 0.750000
vt 0.500000 1.000000
vt 0.250000 0.750000
vt 0.500000 1.000000
vt 0.250000 1.000000
vt 0.250000 0.750000
vt 0.125000 0.875000
vt 0.500000 1.000000
vt 0.250000 0.750000
vt 0.500000 1.000000
vt 0.250000 0.750000
vt 0.500000 1.000000
vt 0.250000 1.000000
vt 0.250000 0.750000
vt 0.375000 0.875000
vt 0.125000 0.875000
vt 0.187500 0.937500
vt 0.500000 1.000000
vt 0.250000 0.750000
vt 0.500000 1.000000
vt 0.250000 0.750000
vt 0.250000 0.750000
vt 0.125000 0.875000
vt 0.187500 0.937500
vt 0.375000 0.875000
vt 0.125000 0.875000
vt 0.250000 0.750000
vt 0.187500 0.937500
vt 0.375000 0.875000
vt 0.500000 1.000000
vt 0.250000 1.000000
vt 0.375000 0.875000
vt 0.187500 0.937500
vt 0.250000 0.750000
vt 0.375000 0.875000
vt 0.125000 0.875000
vt 0.187500 0.937500
vt 0.277800 0.000000
vt 0.277800 0.500000
vt 0.222200 0.500000
vt 0.222200 0.000000
vt 0.166700 0.000000
vt 0.333300 0.000000
vt 0.333300 0.000000
vt 0.166700 0.000000
vt 0.333300 0.500000
vt 0.333300 0.500000
vt 0.166700 0.500000
vt 0.166700 0.500000
vt 0.333300 0.000000
vt 0.277800 0.000000
vt 0.222200 0.000000
vt 0.166700 0.000000
vt 0.333300 0.500000
vt 0.166700 0.500000
vt 0.222200 0.500000
vt 0.277800 0.500000
vt 0.333300 0.000000
vt 0.333300 0.500000
vt 0.277800 0.500000
vt 0.277800 0.000000
vt 0.166700 0.500000
vt 0.166700 0.000000
vt 0.222200 0.000000
vt 0.222200 0.500000
vt 0.222200 0.000000
vt 0.166700 0.000000
vt 0.277800 0.000000
vt 0.333300 0.000000
vt 0.333300 0.500000
vt 0.277800 0.500000
vt 0.222200 0.500000
vt 0.166700 0.500000
vt 0.222200 0.000000
vt 0.222200 0.500000
vt 0.277800 0.000000
vt 0.333300 0.000000
vt 0.333300 0.500000
vt 0.277800 0.500000
vt 0.277800 0.000000
vt 0.277800 0.500000
vt 0.333300 0.000000
vt 0.333300 0.500000
vt 0.277800 0.500000
vt 0.277800 0.000000
vt 0.222200 0.500000
vt 0.222200 0.000000
vt 0.277800 0.000000
vt 0.277800 0.500000
vt 0.333300 0.000000
vt 0.333300 0.500000
vt 0.222200 0.500000
vt 0.222200 0.000000
vt 0.166700 0.500000
vt 0.166700 0.000000
vt 0.500000 1.000000
vt 0.500000 1.000000
vt 0.250000 0.750000
vt 0.250000 0.750000
vt 0.500000 1.000000
vt 0.375000 0.875000
vt 0.187500 0.937500
vt 0.250000 1.000000
vt 0.250000 0.750000
vt 0.125000 0.875000
vt 0.125000 0.875000
vt 0.250000 0.750000
vt 0.250000 1.000000
vt 0.250000 1.000000
vt 0.500000 1.000000
vt 0.500000 1.000000
vt 0.500000 1.000000
vt 0.500000 1.000000
vt 0.250000 0.750000
vt 0.250000 0.750000
vt 0.500000 1.000000
vt 0.250000 0.750000
vt 0.500000 1.000000
vt 0.250000 0.750000
vt 0.500000 1.000000
vt 0.250000 1.000000
vt 0.250000 0.750000
vt 0.125000 0.875000
vt 0.500000 1.000000
vt 0.250000 0.750000
vt 0.500000 1.000000
vt 0.500000 1.000000
vt 0.250000 0.750000
vt 0.250000 0.750000
vt 0.500000 1.000000
vt 0.250000 1.000000
vt 0.250000 0.750000
vt 0.375000 0.875000
vt 0.125000 0.875000
vt 0.187500 0.937500
vt 0.500000 1.000000
vt 0.250000 0.750000
vt 0.250000 0.750000
vt 0.500000 1.000000
vt 0.250000 0.750000
vt 0.500000 1.000000
vt 0.250000 0.750000
vt 0.500000 1.000000
vt 0.500000 1.000000
vt 0.250000 0.750000
vt 0.500000 1.000000
vt 0.250000 0.750000
vt 0.500000 1.000000
vt 0.500000 1.000000
vt 0.250000 0.750000
vt 0.250000 0.750000
vt 0.250000 0.750000
vt 0.125000 0.875000
vt 0.187500 0.937500
vt 0.375000 0.875000
vt 0.125000 0.875000
vt 0.250000 0.750000
vt 0.187500 0.937500
vt 0.375000 0.875000
vt 0.500000 1.000000
vt 0.250000 1.000000
vt 0.375000 0.875000
vt 0.187500 0.937500
vt 0.250000 0.750000
vt 0.375000 0.875000
vt 0.125000 0.875000
vt 0.187500 0.937500
vt 0.277800 0.000000
vt 0.277800 0.500000
vt 0.222200 0.500000
vt 0.222200 0.000000
vt 0.166700 0.000000
vt 0.333300 0.000000
vt 0.333300 0.000000
vt 0.166700 0.000000
vt 0.333300 0.500000
vt 0.333300 0.500000
vt 0.166700 0.500000
vt 0.166700 0.500000
vt 0.333300 0.000000
vt 0.277800 0.000000
vt 0.222200 0.000000
vt 0.166700 0.000000
vt 0.333300 0.500000
vt 0.166700 0.500000
vt 0.222200 0.500000
vt 0.277800 0.500000
vt 0.333300 0.000000
vt 0.333300 0.500000
vt 0.277800 0.500000
vt 0.277800 0.000000
vt 0.166700 0.500000
vt 0.166700 0.000000
vt 0.222200 0.000000
vt 0.222200 0.500000
vt 0.222200 0.000000
vt 0.166700 0.000000
vt 0.277800 0.000000
vt 0.333300 0.000000
vt 0.333300 0.500000
vt 0.277800 0.500000
vt 0.222200 0.500000
vt 0.166700 0.500000
vt 0.222200 0.000000
vt 0.222200 0.500000
vt 0.277800 0.000000
vt 0.333300 0.000000
vt 0.333300 0.500000
vt 0.277800 0.500000
vt 0.277800 0.000000
vt 0.277800 0.500000
vt 0.333300 0.000000
vt 0.333300 0.500000
vt 0.277800 0.500000
vt 0.277800 0.000000
vt 0.222200 0.500000
vt 0.222200 0.000000
vt 0.277800 0.000000
vt 0.277800 0.500000
vt 0.333300 0.000000
vt 0.333300 0.500000
vt 0.222200 0.500000
vt 0.222200 0.000000
vt 0.166700 0.500000
vt 0.166700 0.000000
vt 0.200000 0.600000
vt 0.200000 0.500000
vt 0.400000 0.500000
vt 0.400000 0.600000
vt 0.800000 0.400000
vt 0.800000 0.500000
vt 0.600000 0.500000
vt 0.600000 0.400000
vt 0.200000 0.400000
vt 0.400000 0.400000
vt 0.400000 0.400000
vt 0.200000 0.400000
vt 0.400000 0.600000
vt 0.400000 0.600000
vt 0.200000 0.600000
vt 0.200000 0.600000
vt 0.600000 0.400000
vt 0.800000 0.400000
vt 0.800000 0.400000
vt 0.600000 0.400000
vt 0.800000 0.600000
vt 0.800000 0.600000
vt 0.600000 0.600000
vt 0.600000 0.600000
vt 0.200000 0.400000
vt 0.400000 0.400000
vt 0.400000 0.400000
vt 0.200000 0.400000
vt 0.400000 0.600000
vt 0.400000 0.600000
vt 0.200000 0.600000
vt 0.200000 0.600000
vt 0.600000 0.400000
vt 0.800000 0.400000
vt 0.800000 0.400000
vt 0.600000 0.400000
vt 0.800000 0.600000
vt 0.800000 0.600000
vt 0.600000 0.600000
vt 0.600000 0.600000
vt 0.400000 0.400000
vt 0.200000 0.400000
vt 0.400000 0.600000
vt 0.200000 0.600000
vt 0.800000 0.400000
vt 0.600000 0.400000
vt 0.800000 0.600000
vt 0.600000 0.600000
vt 0.400000 0.400000
vt 0.200000 0.400000
vt 0.400000 0.600000
vt 0.400000 0.500000
vt 0.200000 0.600000
vt 0.200000 0.500000
vt 0.800000 0.400000
vt 0.600000 0.400000
vt 0.800000 0.600000
vt 0.800000 0.500000
vt 0.600000 0.600000
vt 0.600000 0.500000
vt 0.200000 0.400000
vt 0.400000 0.400000
vt 0.400000 0.500000
vt 0.200000 0.500000
vt 0.800000 0.600000
vt 0.600000 0.600000
vt 0.600000 0.500000
vt 0.800000 0.500000
vt 0.200000 0.600000
vt 0.400000 0.600000
vt 0.200000 0.500000
vt 0.400000 0.500000
vt 0.600000 0.600000
vt 0.800000 0.600000
vt 0.600000 0.500000
vt 0.800000 0.500000
vt 0.200000 0.600000
vt 0.400000 0.600000
vt 0.200000 0.500000
vt 0.400000 0.500000
vt 0.800000 0.400000
vt 0.600000 0.400000
vt 0.800000 0.500000
vt 0.600000 0.500000
vt 0.400000 0.400000
vt 0.200000 0.400000
vt 0.400000 0.500000
vt 0.200000 0.500000
vt 0.600000 0.600000
vt 0.800000 0.600000
vt 0.600000 0.500000
vt 0.800000 0.500000
vt -7.144800 -1.541700
vt 4.226400 -1.541700
vt 4.226400 -0.541700
vt -7.144800 -0.541700
vt -3.000000 -1.541700
vt 3.000000 -1.541700
vt 3.000000 -0.541700
vt -3.000000 -0.541700
vt 4.000000 -0.541700
vt -3.000000 -0.541700
vt -3.000000 -1.541700
vt 4.000000 -1.541700
vt 3.000000 -0.541700
vt 3.000000 -1.541700
vt 4.000000 -1.541700
vt 4.000000 -0.541700
vt 4.226400 -0.541700
vt 4.226400 -1.541700
vt 8.144800 -1.541700
vt 8.144800 -0.541700
vt 3.000000 4.226400
vt 4.000000 8.144800
vt 3.000000 8.144800
vt 8.144800 -0.541700
vt -7.144800 -0.541700
vt -7.144800 -1.541700
vt 8.144800 -1.541700
vt -3.000000 8.144800
vt -3.000000 -7.144800
vt 4.000000 -7.144800
vt -3.000000 4.226400
vt -2.000000 8.144800
vt -23.399599 19.997299
vt -23.399599 22.803400
vt -23.649599 22.803400
vt -23.649599 19.997299
vt 24.399599 19.997299
vt 24.649599 19.997299
vt 24.649599 22.803400
vt 24.399599 22.803400
vt 24.399599 0.000000
vt 24.649599 0.000000
vt 24.649599 0.250000
vt 24.399599 0.250000
vt 22.803400 0.000000
vt 22.803400 0.250000
vt 19.997299 0.250000
vt -23.649599 0.000000
vt -23.399599 0.000000
vt -23.399599 0.250000
vt -23.649599 0.250000
vt -21.803400 0.000000
vt -18.997299 0.000000
vt -18.997299 0.250000
vt -21.803400 0.250000
vt 23.540400 -20.495701
vt 23.540400 -17.681499
vt 23.290400 -17.681499
vt 23.290400 -20.495701
vt -22.540400 -20.495701
vt -22.290400 -20.495701
vt -22.290400 -17.681499
vt -22.540400 -17.681499
vt -22.540400 0.000000
vt -22.290400 0.000000
vt -22.290400 0.250000
vt -22.540400 0.250000
vt -20.495701 0.000000
vt -17.681499 0.000000
vt -17.681499 0.250000
vt -20.495701 0.250000
vt 23.290400 0.000000
vt 23.540400 0.000000
vt 23.540400 0.250000
vt 23.290400 0.250000
vt 21.495701 0.000000
vt 21.495701 0.250000
vt 18.681499 0.250000
vt -20.495701 0.250000
vt -20.495701 0.000000
vt 22.803400 0.000000
vt 22.803400 0.250000
vt -21.803400 0.250000
vt -21.803400 0.000000
vt 21.495701 0.000000
vt 21.495701 0.250000
vt -26.676901 0.250000
vt -26.676901 0.000000
vt 26.233999 0.000000
vt 26.233999 0.250000
vt -25.233999 0.250000
vt -25.233999 0.000000
vt 27.676901 0.000000
vt 27.676901 0.250000
vt -21.980200 0.000000
vt 21.672400 0.000000
vt 21.672400 0.250000
vt -21.980200 0.250000
vt -20.672501 0.000000
vt 22.980101 0.000000
vt 22.980101 0.250000
vt -20.672501 0.250000
vt -25.410801 0.000000
vt 27.853701 0.000000
vt 27.853701 0.250000
vt -25.410801 0.250000
vt -26.853701 0.000000
vt 26.410801 0.000000
vt 26.410801 0.250000
vt -26.853701 0.250000
vt -25.410801 22.980200
vt -25.410801 -20.672400
vt -25.233999 -20.495701
vt -25.233999 22.803400
vt 26.410801 -20.672400
vt 26.410801 22.980200
vt 26.233999 22.803400
vt 26.233999 -20.495701
vt 27.853701 -20.672501
vt 27.853701 22.980101
vt 27.676901 22.803400
vt 27.676901 -20.495701
vt -26.853701 22.980101
vt -26.853701 -20.672501
vt -26.676901 -20.495701
vt -26.676901 22.803400
vn 0.0314 0.0000 0.9995
vn 0.9995 0.0000 -0.0314
vn -0.0000 1.0000 0.0000
vn -0.9995 0.0000 0.0314
vn 0.0000 -1.0000 0.0000
vn -0.0314 0.0000 -0.9995
vn -0.9995 0.0000 0.0313
vn 0.9995 0.0000 -0.0313
vn -0.0313 0.0000 -0.9995
vn 0.0315 0.0000 0.9995
vn -0.0315 0.0000 -0.9995
vn 0.0311 0.0000 0.9995
vn -0.0317 0.0000 -0.9995
vn -0.9995 0.0000 0.0311
vn 0.9995 0.0000 -0.0316
vn -0.0311 0.0000 -0.9995
vn -0.0316 0.0000 -0.9995
vn -0.9995 0.0000 0.0316
vn 0.0316 0.0000 0.9995
vn 0.0317 0.0000 0.9995
vn -0.9995 -0.0000 0.0315
vn 0.0313 0.0000 0.9995
vn -0.9995 0.0005 0.0314
vn -0.9995 -0.0005 0.0314
vn -0.0312 -0.0000 -0.9995
vn 0.0320 0.0000 0.9995
vn 0.0314 -0.0001 0.9995
vn 0.0314 0.0001 0.9995
vn 0.9995 0.0000 -0.0311
vn 0.9995 0.0004 -0.0314
vn 0.9995 -0.0004 -0.0314
vn 0.9995 -0.0008 -0.0314
vn 0.9995 0.0001 -0.0314
vn 0.9995 -0.0001 -0.0314
vn 0.0312 0.0000 0.9995
vn 0.9995 -0.0010 -0.0314
vn 0.9995 0.0006 -0.0314
vn 0.9995 0.0000 -0.0315
vn 0.0313 -0.0001 0.9995
vn -0.0313 0.0001 -0.9995
vn -0.0321 -0.0000 -0.9995
vn 0.9995 0.0010 -0.0314
vn 0.9995 -0.0006 -0.0314
vn 0.0313 0.0001 0.9995
vn 0.0310 0.0000 0.9995
vn -0.0313 -0.0001 -0.9995
vn -0.0314 0.0001 -0.9995
vn -0.0314 -0.0001 -0.9995
vn -0.9995 0.0003 0.0314
vn -0.9995 -0.0003 0.0314
vn -0.9995 0.0004 0.0314
vn -0.9995 -0.0004 0.0314
vn -0.9995 -0.0002 0.0314
vn -0.9995 -0.0007 0.0314
vn -0.9995 0.0007 0.0314
vn -0.0890 0.9960 0.0028
vn 0.0221 0.0913 0.9956
vn -0.0405 0.0914 -0.9950
vn 0.0221 0.0914 0.9956
vn -0.0405 0.0913 -0.9950
vn 0.0708 -0.9975 -0.0022
vn 0.0855 -0.9963 0.0050
vn 0.0899 -0.9959 -0.0028
vn 0.0850 -0.9963 -0.0104
vn -0.0891 0.9960 0.0028
vn 0.9959 0.0843 -0.0313
vn -0.0322 -0.0001 -0.9995
vn -0.9960 -0.0839 0.0313
vn 0.0307 -0.0001 0.9995
vn 0.9960 0.0838 -0.0313
vn -0.0321 -0.0001 -0.9995
vn -0.9960 -0.0833 0.0313
vn 0.9960 0.0841 -0.0313
vn 0.0306 -0.0001 0.9995
vn -0.0891 0.9960 0.0027
vn -0.9959 -0.0844 0.0313
vn 0.0307 -0.0000 0.9995
vn 0.9960 0.0837 -0.0313
vn 0.9960 0.0842 -0.0313
vn -0.9961 -0.0831 0.0313
vn 0.9960 0.0836 -0.0313
vn 0.0306 0.0001 0.9995
vn -0.9960 -0.0838 0.0313
vn -0.0322 -0.0000 -0.9995
vn 0.5589 0.5774 -0.5952
vn -0.5952 0.5774 -0.5589
vn 0.3108 0.9045 0.2919
vn -0.2919 0.9045 0.3108
vn -0.5952 -0.5774 -0.5590
vn 0.5590 -0.5774 -0.5952
vn -0.3952 -0.8165 0.4208
vn 0.4208 -0.8165 0.3952
vn -0.5589 0.5774 0.5952
vn 0.5952 0.5774 0.5589
vn -0.3108 0.9045 -0.2919
vn 0.2919 0.9045 -0.3108
vn 0.5952 -0.5774 0.5590
vn -0.5590 -0.5774 0.5952
vn 0.3952 -0.8165 -0.4208
vn -0.4208 -0.8165 -0.3952
usemtl wire_135110008
s off
f 1/1/1 2/2/1 3/3/1 4/4/1
f 5/5/2 6/6/2 7/7/2 8/8/2
f 9/9/1 8/10/1 10/11/1
f 7/7/2 6/6/2 11/12/2 12/13/2
f 8/8/2 13/14/2 14/15/2
f 15/16/1 16/17/1 17/18/1 18/19/1
f 19/20/1 18/19/1 17/18/1 8/10/1
f 20/21/3 17/22/3 21/23/3 22/24/3
f 17/25/4 23/26/4 24/27/4 21/28/4
f 23/29/5 25/30/5 26/31/5 24/32/5
f 23/33/1 17/18/1 16/17/1 27/34/1
f 28/35/1 29/36/1 15/16/1 18/19/1
f 29/37/5 27/38/5 30/39/5 31/40/5
f 27/41/2 16/42/2 32/43/2 30/44/2
f 16/45/3 15/46/3 33/47/3 32/48/3
f 15/49/4 29/50/4 31/51/4 33/52/4
f 34/53/5 28/54/5 35/55/5 36/56/5
f 28/57/2 18/58/2 37/59/2 35/60/2
f 18/61/3 19/62/3 38/63/3 37/64/3
f 19/65/4 34/66/4 36/67/4 38/68/4
f 13/69/5 39/70/5 40/71/5
f 41/72/5 2/73/5 42/74/5 43/75/5
f 2/76/2 1/77/2 44/78/2 42/79/2
f 1/80/3 45/81/3 46/82/3 44/83/3
f 45/84/4 41/85/4 43/86/4 46/87/4
f 47/88/6 48/89/6 49/90/6 50/91/6
f 51/92/1 39/93/1 52/94/1 53/95/1
f 39/70/5 47/96/5 50/97/5 52/98/5
f 54/99/1 11/100/1 55/101/1 56/102/1
f 11/103/5 6/104/5 57/105/5 55/106/5
f 6/107/6 5/108/6 58/109/6 57/110/6
f 5/111/3 54/112/3 56/113/3 58/114/3
f 11/12/2 54/115/2 14/15/2 12/13/2
f 7/116/1 27/34/1 29/36/1 28/35/1
f 7/116/1 28/35/1 34/117/1
f 8/8/2 14/15/2 54/115/2 5/5/2
f 9/118/5 47/96/5 39/70/5 13/69/5
f 9/118/5 10/119/5 47/96/5
f 8/10/1 7/116/1 34/117/1 19/20/1
f 59/120/1 10/11/1 41/121/1 45/122/1
f 59/120/1 45/122/1 1/1/1 4/4/1
f 8/10/1 17/18/1 2/2/1 41/121/1
f 8/10/1 41/121/1 10/11/1
f 13/14/2 60/123/2 14/15/2
f 61/124/1 25/125/1 23/33/1
f 7/116/1 61/124/1 23/33/1 27/34/1
f 8/8/2 9/126/2 13/14/2
f 53/127/3 49/128/3 48/129/3 51/130/3
f 62/131/2 63/132/2 64/133/2 65/134/2
f 48/135/2 59/136/2 66/137/2 67/138/2
f 63/139/1 68/140/1 69/141/1 64/142/1
f 68/143/2 51/144/2 70/145/2 69/146/2
f 51/144/2 48/135/2 67/138/2 70/145/2
f 14/147/6 71/148/6 72/149/6 12/150/6
f 25/151/4 61/152/4 73/153/4
f 74/154/5 75/155/5 76/156/5 77/157/5
f 75/158/4 78/159/4 79/160/4 76/161/4
f 80/162/2 74/163/2 77/164/2 81/165/2
f 82/166/6 83/167/6 84/168/6 85/169/6
f 85/170/2 84/171/2 86/172/2 87/173/2
f 84/174/5 88/175/5 89/176/5 86/177/5
f 88/178/4 90/179/4 91/180/4 89/181/4
f 92/182/4 93/183/4 94/184/4 95/185/4
f 83/186/4 82/187/4 96/188/4 97/189/4
f 98/190/6 99/191/6 100/192/6 101/193/6
f 99/194/5 97/195/5 102/196/5 100/197/5
f 97/198/1 96/199/1 103/200/1 102/201/1
f 99/202/4 98/203/4 104/204/4 105/205/4
f 104/204/4 98/203/4 4/206/4 94/184/4
f 4/206/4 106/207/4 95/185/4 94/184/4
f 107/208/5 92/209/5 108/210/5 109/211/5
f 92/212/1 95/213/1 110/214/1 108/215/1
f 95/216/3 106/217/3 111/218/3 110/219/3
f 106/220/6 107/221/6 109/222/6 111/223/6
f 93/224/5 105/225/5 112/226/5 113/227/5
f 105/228/1 104/229/1 114/230/1 112/231/1
f 104/232/3 94/233/3 115/234/3 114/235/3
f 94/236/6 93/237/6 113/238/6 115/239/6
f 116/240/5 72/241/5 117/242/5 118/243/5
f 72/244/4 71/245/4 119/246/4 117/247/4
f 71/248/3 120/249/3 121/250/3 119/251/3
f 122/252/6 123/253/6 124/254/6 125/255/6
f 123/256/5 116/240/5 118/243/5 124/257/5
f 126/258/6 127/259/6 128/260/6 129/261/6
f 130/262/4 73/153/4 131/263/4 132/264/4
f 126/265/2 129/266/2 133/267/2 134/268/2
f 129/269/5 135/270/5 133/271/5
f 136/272/4 137/273/4 135/274/4 123/275/4
f 138/276/3 132/277/3 139/278/3 140/279/3
f 132/280/6 131/281/6 141/282/6 139/283/6
f 131/284/5 142/285/5 141/286/5
f 128/287/4 127/288/4 143/289/4 144/290/4
f 127/291/3 138/276/3 140/279/3 143/292/3
f 25/30/5 73/293/5 145/294/5 26/31/5
f 73/295/1 130/296/1 146/297/1 145/298/1
f 130/299/3 20/21/3 22/24/3 146/300/3
f 147/301/5 116/240/5 129/269/5 128/302/5
f 12/150/6 72/149/6 116/303/6 147/304/6
f 148/305/6 12/150/6 147/304/6
f 129/269/5 116/240/5 123/256/5
f 129/269/5 123/256/5 135/270/5
f 123/275/4 122/306/4 136/272/4
f 138/307/6 127/259/6 84/168/6
f 71/148/6 14/147/6 75/308/6
f 120/309/6 71/148/6 75/308/6 74/310/6
f 4/206/4 3/311/4 106/207/4
f 20/312/4 130/262/4 107/313/4
f 130/262/4 132/264/4 99/202/4
f 130/262/4 99/202/4 105/205/4 93/183/4
f 130/262/4 93/183/4 92/182/4
f 130/262/4 92/182/4 107/313/4
f 61/152/4 148/314/4 131/263/4 73/153/4
f 131/284/5 147/301/5 142/285/5
f 128/302/5 144/315/5 142/285/5 147/301/5
f 148/314/4 147/316/4 131/263/4
f 132/264/4 97/189/4 99/202/4
f 132/264/4 138/317/4 97/189/4
f 126/258/6 136/318/6 88/319/6
f 126/258/6 88/319/6 84/168/6 127/259/6
f 90/320/6 149/321/6 150/322/6 151/323/6
f 96/188/4 82/187/4 152/324/4 153/325/4
f 78/326/6 62/327/6 65/328/6 154/329/6
f 149/330/4 155/331/4 156/332/4 150/333/4
f 155/334/6 80/335/6 157/336/6 156/337/6
f 82/166/6 85/169/6 158/338/6 152/339/6
f 98/203/4 96/188/4 153/325/4 159/340/4
f 85/169/6 90/320/6 151/323/6 158/338/6
f 80/335/6 78/326/6 154/329/6 157/336/6
f 160/341/2 161/342/2 162/343/2 163/344/2
f 161/345/6 164/346/6 165/347/6 162/348/6
f 164/349/4 166/350/4 167/351/4 165/352/4
f 166/353/1 160/354/1 163/355/1 167/356/1
f 168/357/2 169/358/2 170/359/2 171/360/2
f 169/361/6 172/362/6 173/363/6 170/364/6
f 172/365/4 174/366/4 175/367/4 173/368/4
f 174/369/1 168/370/1 171/371/1 175/372/1
f 176/373/3 177/374/3 178/375/3 179/376/3
f 180/377/3 176/373/3 179/376/3 181/378/3
f 148/379/5 182/380/5 183/381/5 61/382/5
f 61/382/5 183/381/5 184/383/5 7/384/5
f 12/385/5 7/384/5 184/383/5 185/386/5
f 12/385/5 185/386/5 182/380/5 148/379/5
f 148/314/4 61/152/4 179/387/4 178/388/4
f 183/389/2 182/390/2 177/391/2 176/392/2
f 61/124/1 7/116/1 181/393/1 179/394/1
f 184/395/6 183/396/6 176/397/6 180/398/6
f 185/399/4 184/400/4 180/401/4 186/402/4
f 7/7/2 12/13/2 187/403/2 181/404/2
f 12/150/6 148/305/6 178/405/6 187/406/6
f 182/407/1 185/408/1 186/409/1 177/410/1
f 188/411/4 136/272/4 122/306/4 120/412/4
f 188/411/4 120/412/4 189/413/4
f 88/319/6 136/318/6 188/414/6
f 189/415/6 120/309/6 74/310/6
f 17/18/1 20/416/1 3/3/1 2/2/1
f 83/167/6 138/307/6 84/168/6
f 97/189/4 138/317/4 83/186/4
f 3/311/4 20/312/4 107/313/4
f 3/311/4 107/313/4 106/207/4
f 75/308/6 14/147/6 60/417/6
usemtl Material.001
f 48/135/2 47/418/2 10/419/2 59/136/2
f 63/139/1 13/420/1 40/421/1 68/140/1
f 68/143/2 40/422/2 39/423/2 51/144/2
f 13/14/2 63/132/2 62/131/2
f 59/120/1 4/4/1 190/424/1 66/425/1
f 188/411/4 189/413/4 155/331/4 149/330/4
f 155/334/6 189/415/6 74/310/6 80/335/6
f 75/308/6 60/417/6 62/327/6 78/326/6
f 188/414/6 149/321/6 90/320/6 88/319/6
f 120/249/3 122/426/3 125/427/3 121/250/3
f 136/428/3 126/429/3 134/430/3 137/431/3
f 101/432/3 103/433/3 96/434/3 98/435/3
f 87/436/3 91/437/3 90/438/3 85/439/3
f 81/440/3 79/441/3 78/442/3 80/443/3
f 4/206/4 98/203/4 159/340/4 190/444/4
f 148/445/3 168/446/3 174/447/3 12/448/3
f 172/449/3 169/450/3 160/451/3 166/452/3
f 61/453/3 161/454/3 160/451/3 169/450/3
f 7/455/3 12/448/3 166/452/3 164/456/3
f 7/455/3 164/456/3 161/454/3 61/453/3
f 148/445/3 61/453/3 169/450/3 168/446/3
f 12/448/3 174/447/3 172/449/3 166/452/3
f 191/457/3 192/458/3 193/459/3 194/460/3
f 195/461/3 191/457/3 194/460/3 196/462/3
f 195/461/3 196/462/3 197/463/3 198/464/3
f 192/458/3 198/464/3 197/463/3 193/459/3
f 187/465/5 181/466/5 180/467/5 186/468/5
f 187/465/5 186/468/5 177/469/5 178/470/5
f 178/388/4 179/387/4 194/471/4 193/472/4
f 176/392/2 177/391/2 192/473/2 191/474/2
f 179/394/1 181/393/1 196/475/1 194/476/1
f 180/398/6 176/397/6 191/477/6 195/478/6
f 186/402/4 180/401/4 195/479/4 198/480/4
f 181/404/2 187/403/2 197/481/2 196/482/2
f 187/406/6 178/405/6 193/483/6 197/484/6
f 177/410/1 186/409/1 198/485/1 192/486/1
f 13/14/2 62/131/2 60/123/2
f 199/487/5 200/488/5 201/489/5 202/490/5
f 203/491/3 204/492/3 205/493/3 206/494/3
f 199/495/7 202/496/7 204/497/7 203/498/7
f 202/499/1 201/500/1 205/501/1 204/502/1
f 201/503/8 200/504/8 206/505/8 205/506/8
f 200/507/9 199/508/9 203/509/9 206/510/9
f 207/511/5 208/512/5 209/513/5 210/514/5
f 211/515/3 212/516/3 213/517/3 214/518/3
f 207/519/7 210/520/7 212/521/7 211/522/7
f 210/523/10 209/524/10 213/525/10 212/526/10
f 209/527/8 208/528/8 214/529/8 213/530/8
f 208/531/6 207/532/6 211/533/6 214/534/6
f 211/535/5 214/536/5 205/537/5 204/538/5
f 215/539/3 216/540/3 217/541/3 218/542/3
f 211/522/4 204/497/4 216/543/4 215/544/4
f 204/502/10 205/501/10 217/545/10 216/546/10
f 205/506/2 214/529/2 218/547/2 217/548/2
f 214/534/11 211/533/11 215/549/11 218/550/11
f 219/551/5 220/552/5 221/553/5 222/554/5
f 223/555/3 224/556/3 225/557/3 226/558/3
f 219/559/4 222/560/4 224/561/4 223/562/4
f 222/563/12 221/564/12 225/565/12 224/566/12
f 221/567/2 220/568/2 226/569/2 225/570/2
f 220/571/13 219/572/13 223/573/13 226/574/13
f 227/575/5 228/576/5 229/577/5 230/578/5
f 231/579/3 232/580/3 233/581/3 234/582/3
f 227/583/4 230/584/4 232/585/4 231/586/4
f 230/587/12 229/588/12 233/589/12 232/590/12
f 229/591/2 228/592/2 234/593/2 233/594/2
f 228/595/13 227/596/13 231/597/13 234/598/13
f 235/599/5 236/600/5 237/601/5 238/602/5
f 239/603/3 240/604/3 241/605/3 242/606/3
f 235/607/4 238/608/4 240/609/4 239/610/4
f 238/611/12 237/612/12 241/613/12 240/614/12
f 237/615/2 236/616/2 242/617/2 241/618/2
f 236/619/13 235/620/13 239/621/13 242/622/13
f 243/623/5 244/624/5 245/625/5 246/626/5
f 247/627/3 248/628/3 249/629/3 250/630/3
f 243/631/4 246/632/4 248/633/4 247/634/4
f 246/635/12 245/636/12 249/637/12 248/638/12
f 245/639/2 244/640/2 250/641/2 249/642/2
f 244/643/13 243/644/13 247/645/13 250/646/13
f 251/647/5 252/648/5 253/649/5 254/650/5
f 255/651/3 256/652/3 257/653/3 258/654/3
f 251/655/4 254/656/4 256/657/4 255/658/4
f 254/659/12 253/660/12 257/661/12 256/662/12
f 253/663/2 252/664/2 258/665/2 257/666/2
f 252/667/13 251/668/13 255/669/13 258/670/13
f 259/671/5 260/672/5 261/673/5 262/674/5
f 263/675/3 264/676/3 265/677/3 266/678/3
f 259/679/4 262/680/4 264/681/4 263/682/4
f 262/683/12 261/684/12 265/685/12 264/686/12
f 261/687/2 260/688/2 266/689/2 265/690/2
f 260/691/13 259/692/13 263/693/13 266/694/13
f 267/695/5 268/696/5 269/697/5 270/698/5
f 271/699/3 272/700/3 273/701/3 274/702/3
f 267/703/4 270/704/4 272/705/4 271/706/4
f 270/707/12 269/708/12 273/709/12 272/710/12
f 269/711/2 268/712/2 274/713/2 273/714/2
f 268/715/13 267/716/13 271/717/13 274/718/13
f 275/719/5 276/720/5 277/721/5 278/722/5
f 279/723/3 280/724/3 281/725/3 282/726/3
f 275/727/14 278/728/14 280/729/14 279/730/14
f 278/731/1 277/732/1 281/733/1 280/734/1
f 277/735/15 276/736/15 282/737/15 281/738/15
f 276/739/16 275/740/16 279/741/16 282/742/16
f 283/743/5 284/744/5 213/745/5 214/536/5
f 285/746/3 218/542/3 286/747/3 287/748/3
f 283/749/6 214/534/6 218/550/6 285/750/6
f 214/751/7 213/752/7 286/753/7 218/754/7
f 213/525/1 284/755/1 287/756/1 286/757/1
f 284/758/8 283/759/8 285/760/8 287/761/8
f 288/762/5 289/763/5 290/764/5 291/765/5
f 292/766/3 293/767/3 294/768/3 295/769/3
f 288/770/6 291/771/6 293/772/6 292/773/6
f 291/774/4 290/775/4 294/776/4 293/777/4
f 290/778/1 289/779/1 295/780/1 294/781/1
f 289/782/2 288/783/2 292/784/2 295/785/2
f 296/786/5 297/787/5 298/788/5 299/789/5
f 300/790/3 301/791/3 302/792/3 303/793/3
f 296/794/6 299/795/6 301/796/6 300/797/6
f 299/798/4 298/799/4 302/800/4 301/801/4
f 298/802/1 297/803/1 303/804/1 302/805/1
f 297/806/2 296/807/2 300/808/2 303/809/2
f 304/810/5 305/811/5 306/812/5 307/813/5
f 308/814/3 309/815/3 310/816/3 311/817/3
f 304/818/6 307/819/6 309/820/6 308/821/6
f 307/822/4 306/823/4 310/824/4 309/825/4
f 306/826/1 305/827/1 311/828/1 310/829/1
f 305/830/2 304/831/2 308/832/2 311/833/2
f 312/834/5 313/835/5 314/836/5 315/837/5
f 316/838/3 317/839/3 318/840/3 319/841/3
f 312/842/6 315/843/6 317/844/6 316/845/6
f 315/846/4 314/847/4 318/848/4 317/849/4
f 314/850/1 313/851/1 319/852/1 318/853/1
f 313/854/2 312/855/2 316/856/2 319/857/2
f 320/858/5 321/859/5 322/860/5 323/861/5
f 324/862/3 325/863/3 326/864/3 327/865/3
f 320/866/6 323/867/6 325/868/6 324/869/6
f 323/870/4 322/871/4 326/872/4 325/873/4
f 322/874/1 321/875/1 327/876/1 326/877/1
f 321/878/2 320/879/2 324/880/2 327/881/2
f 328/882/5 329/883/5 330/884/5 331/885/5
f 332/886/3 333/887/3 334/888/3 335/889/3
f 328/890/6 331/891/6 333/892/6 332/893/6
f 331/894/4 330/895/4 334/896/4 333/897/4
f 330/898/1 329/899/1 335/900/1 334/901/1
f 329/902/2 328/903/2 332/904/2 335/905/2
f 336/906/5 337/907/5 338/908/5 339/909/5
f 340/910/3 341/911/3 342/912/3 343/913/3
f 336/914/6 339/915/6 341/916/6 340/917/6
f 339/918/4 338/919/4 342/920/4 341/921/4
f 338/922/1 337/923/1 343/924/1 342/925/1
f 337/926/2 336/927/2 340/928/2 343/929/2
f 344/930/5 345/931/5 346/932/5 347/933/5
f 348/934/3 349/935/3 350/936/3 351/937/3
f 344/938/13 347/939/13 349/940/13 348/941/13
f 347/942/14 346/943/14 350/944/14 349/945/14
f 346/946/1 345/947/1 351/948/1 350/949/1
f 345/950/15 344/951/15 348/952/15 351/953/15
f 352/954/5 353/955/5 354/956/5 355/957/5
f 356/958/3 357/959/3 358/960/3 359/961/3
f 352/962/16 355/963/16 357/964/16 356/965/16
f 355/966/14 354/967/14 358/968/14 357/969/14
f 354/970/1 353/971/1 359/972/1 358/973/1
f 353/974/15 352/975/15 356/976/15 359/977/15
f 360/978/5 361/979/5 362/980/5 363/981/5
f 364/982/3 365/983/3 366/984/3 367/985/3
f 360/986/17 363/987/17 365/988/17 364/989/17
f 363/990/18 362/991/18 366/992/18 365/993/18
f 362/994/19 361/995/19 367/996/19 366/997/19
f 361/998/15 360/999/15 364/1000/15 367/1001/15
f 368/1002/5 369/1003/5 370/1004/5 371/1005/5
f 372/1006/3 373/1007/3 374/1008/3 375/1009/3
f 368/1010/7 371/1011/7 373/1012/7 372/1013/7
f 371/1014/1 370/1015/1 374/1016/1 373/1017/1
f 370/1018/8 369/1019/8 375/1020/8 374/1021/8
f 369/1022/6 368/1023/6 372/1024/6 375/1025/6
f 376/1026/5 377/1027/5 378/1028/5 379/1029/5
f 283/1030/3 284/1031/3 380/1032/3 381/1033/3
f 376/1034/7 379/1035/7 284/1036/7 283/1037/7
f 379/1038/10 378/1039/10 380/1040/10 284/755/10
f 378/1041/2 377/1042/2 381/1043/2 380/1044/2
f 377/1045/6 376/1046/6 283/749/6 381/1047/6
f 283/743/5 381/1048/5 374/1049/5 373/1050/5
f 285/746/3 382/1051/3 383/1052/3 384/1053/3
f 283/1037/4 373/1012/4 382/1054/4 285/1055/4
f 373/1017/10 374/1016/10 383/1056/10 382/1057/10
f 374/1021/2 381/1043/2 384/1058/2 383/1059/2
f 381/1047/9 283/749/9 285/750/9 384/1060/9
f 385/1061/5 386/1062/5 387/1063/5 388/1064/5
f 389/1065/3 390/1066/3 391/1067/3 392/1068/3
f 385/1069/4 388/1070/4 390/1071/4 389/1072/4
f 388/1073/20 387/1074/20 391/1075/20 390/1076/20
f 387/1077/2 386/1078/2 392/1079/2 391/1080/2
f 386/1081/16 385/1082/16 389/1083/16 392/1084/16
f 393/1085/5 394/1086/5 395/1087/5 396/1088/5
f 397/1089/3 398/1090/3 399/1091/3 400/1092/3
f 393/1093/4 396/1094/4 398/1095/4 397/1096/4
f 396/1097/20 395/1098/20 399/1099/20 398/1100/20
f 395/1101/2 394/1102/2 400/1103/2 399/1104/2
f 394/1105/16 393/1106/16 397/1107/16 400/1108/16
f 401/1109/5 402/1110/5 403/1111/5 404/1112/5
f 405/1113/3 406/1114/3 407/1115/3 408/1116/3
f 401/1117/4 404/1118/4 406/1119/4 405/1120/4
f 404/1121/20 403/1122/20 407/1123/20 406/1124/20
f 403/1125/2 402/1126/2 408/1127/2 407/1128/2
f 402/1129/16 401/1130/16 405/1131/16 408/1132/16
f 409/1133/5 410/1134/5 411/1135/5 412/1136/5
f 413/1137/3 414/1138/3 415/1139/3 416/1140/3
f 409/1141/4 412/1142/4 414/1143/4 413/1144/4
f 412/1145/20 411/1146/20 415/1147/20 414/1148/20
f 411/1149/2 410/1150/2 416/1151/2 415/1152/2
f 410/1153/16 409/1154/16 413/1155/16 416/1156/16
f 417/1157/5 418/1158/5 419/1159/5 420/1160/5
f 421/1161/3 422/1162/3 423/1163/3 424/1164/3
f 417/1165/4 420/1166/4 422/1167/4 421/1168/4
f 420/1169/20 419/1170/20 423/1171/20 422/1172/20
f 419/1173/2 418/1174/2 424/1175/2 423/1176/2
f 418/1177/16 417/1178/16 421/1179/16 424/1180/16
f 425/1181/5 426/1182/5 427/1183/5 428/1184/5
f 429/1185/3 430/1186/3 431/1187/3 432/1188/3
f 425/1189/4 428/1190/4 430/1191/4 429/1192/4
f 428/1193/20 427/1194/20 431/1195/20 430/1196/20
f 427/1197/2 426/1198/2 432/1199/2 431/1200/2
f 426/1201/16 425/1202/16 429/1203/16 432/1204/16
f 433/1205/5 434/1206/5 435/1207/5 436/1208/5
f 437/1209/3 438/1210/3 439/1211/3 440/1212/3
f 433/1213/4 436/1214/4 438/1215/4 437/1216/4
f 436/1217/20 435/1218/20 439/1219/20 438/1220/20
f 435/1221/2 434/1222/2 440/1223/2 439/1224/2
f 434/1225/16 433/1226/16 437/1227/16 440/1228/16
f 441/1229/3 442/1230/3 443/1231/3
f 441/1229/3 444/1232/3 442/1230/3
f 445/1233/3 446/1234/3 447/1235/3
f 446/1234/3 448/1236/3 449/1237/3
f 446/1234/3 450/1238/3 448/1236/3
f 446/1234/3 449/1237/3 447/1235/3
f 448/1236/3 451/1239/3 449/1237/3
f 445/1233/3 452/1240/3 446/1234/3
f 453/1241/3 454/1242/3 455/1243/3
f 456/1244/3 457/1245/3 454/1242/3
f 458/1246/3 453/1241/3 451/1239/3
f 448/1236/3 458/1246/3 451/1239/3
f 454/1242/3 459/1247/3 455/1243/3
f 454/1242/3 460/1248/3 459/1247/3
f 458/1246/3 456/1244/3 453/1241/3
f 453/1241/3 456/1244/3 454/1242/3
f 461/1249/4 462/1250/4 445/1251/4 447/1252/4
f 463/1253/1 464/1254/1 450/1255/1 446/1256/1
f 464/1257/2 465/1258/2 448/1259/2 450/1260/2
f 449/1261/6 451/1262/6 466/1263/6 461/1264/6
f 447/1265/6 449/1261/6 461/1264/6
f 462/1266/1 467/1267/1 452/1268/1 445/1269/1
f 467/1270/2 463/1271/2 446/1272/2 452/1273/2
f 453/1274/2 455/1275/2 468/1276/2 466/1277/2
f 453/1274/2 466/1277/2 451/1278/2
f 469/1279/6 470/1280/6 457/1281/6 456/1282/6
f 470/1283/4 471/1284/4 454/1285/4 457/1286/4
f 465/1287/1 472/1288/1 458/1289/1 448/1290/1
f 473/1291/1 468/1292/1 455/1293/1 459/1294/1
f 471/1295/6 474/1296/6 460/1297/6 454/1298/6
f 474/1299/4 473/1300/4 459/1301/4 460/1302/4
f 472/1303/4 469/1304/4 456/1305/4 458/1306/4
f 475/1307/3 466/1308/3 468/1309/3 476/1310/3
f 477/1311/3 461/1312/3 466/1308/3 478/1313/3
f 479/1314/3 468/1309/3 473/1315/3
f 480/1316/3 462/1317/3 461/1312/3
f 468/1309/3 479/1314/3 481/1318/3
f 475/1307/3 478/1313/3 466/1308/3
f 482/1319/3 467/1320/3 462/1317/3
f 479/1314/3 473/1315/3 482/1319/3 483/1321/3
f 483/1321/3 482/1319/3 462/1317/3
f 480/1316/3 483/1321/3 462/1317/3
f 473/1315/3 474/1322/3 482/1319/3
f 477/1311/3 480/1316/3 461/1312/3
f 468/1309/3 481/1318/3 476/1310/3
f 484/1323/4 485/1324/4 486/1325/4 487/1326/4
f 488/1327/4 489/1328/4 490/1329/4 491/1330/4
f 492/1331/3 493/1332/3 494/1333/3 495/1334/3
f 493/1332/6 496/1335/6 497/1336/6 494/1333/6
f 496/1335/5 498/1337/5 499/1338/5 497/1336/5
f 498/1337/1 492/1331/1 495/1334/1 499/1338/1
f 500/1339/3 501/1340/3 502/1341/3 503/1342/3
f 501/1340/6 504/1343/6 505/1344/6 502/1341/6
f 504/1343/5 506/1345/5 507/1346/5 505/1344/5
f 506/1345/1 500/1339/1 503/1342/1 507/1346/1
f 495/1334/4 494/1333/4 508/1347/4 509/1348/4
f 494/1333/18 497/1336/18 510/1349/18 508/1347/18
f 497/1336/4 499/1338/4 511/1350/4 510/1349/4
f 499/1338/7 495/1334/7 509/1348/7 511/1350/7
f 503/1342/4 502/1341/4 512/1351/4 513/1352/4
f 502/1341/7 505/1344/7 514/1353/7 512/1351/7
f 505/1344/4 507/1346/4 515/1354/4 514/1353/4
f 507/1346/21 503/1342/21 513/1352/21 515/1354/21
f 509/1348/5 508/1347/5 516/1355/5 517/1356/5
f 508/1347/10 510/1349/10 518/1357/10 516/1355/10
f 510/1349/3 511/1350/3 519/1358/3 518/1357/3
f 511/1350/11 509/1348/11 517/1356/11 519/1358/11
f 513/1352/5 512/1351/5 520/1359/5 521/1360/5
f 512/1351/22 514/1353/22 522/1361/22 520/1359/22
f 514/1353/3 515/1354/3 523/1362/3 522/1361/3
f 515/1354/11 513/1352/11 521/1360/11 523/1362/11
f 517/1356/23 516/1355/23 524/1363/23 525/1364/23
f 516/1355/7 518/1357/7 526/1365/7 524/1363/7
f 518/1357/24 519/1358/24 527/1366/24 526/1365/24
f 519/1358/18 517/1356/18 525/1364/18 527/1366/18
f 521/1360/4 520/1359/4 528/1367/4 529/1368/4
f 520/1359/18 522/1361/18 530/1369/18 528/1367/18
f 522/1361/4 523/1362/4 531/1370/4 530/1369/4
f 523/1362/7 521/1360/7 529/1368/7 531/1370/7
f 525/1364/5 524/1363/5 485/1324/5 484/1323/5
f 524/1363/22 526/1365/22 486/1325/22 485/1324/22
f 526/1365/3 527/1366/3 487/1326/3 486/1325/3
f 527/1366/9 525/1364/9 484/1323/9 487/1326/9
f 529/1368/5 528/1367/5 491/1330/5 490/1329/5
f 528/1367/22 530/1369/22 488/1327/22 491/1330/22
f 530/1369/3 531/1370/3 489/1328/3 488/1327/3
f 531/1370/9 529/1368/9 490/1329/9 489/1328/9
f 532/1371/1 533/1372/1 534/1373/1 535/1374/1
f 536/1375/4 537/1376/4 538/1377/4 539/1378/4
f 540/1379/3 541/1380/3 542/1381/3 543/1382/3
f 541/1380/6 544/1383/6 545/1384/6 542/1381/6
f 544/1383/5 546/1385/5 547/1386/5 545/1384/5
f 546/1385/5 548/1387/5 549/1388/5 547/1386/5
f 548/1387/2 550/1389/2 551/1390/2 549/1388/2
f 550/1389/3 540/1379/3 543/1382/3 551/1390/3
f 543/1382/10 547/1386/10 552/1391/10 553/1392/10
f 547/1386/1 549/1388/1 554/1393/1 552/1391/1
f 549/1388/22 551/1390/22 555/1394/22 554/1393/22
f 551/1390/1 543/1382/1 553/1392/1 555/1394/1
f 545/1384/4 547/1386/4 556/1395/4 557/1396/4
f 547/1386/21 543/1382/21 558/1397/21 556/1395/21
f 543/1382/4 542/1381/4 559/1398/4 558/1397/4
f 542/1381/18 545/1384/18 557/1396/18 559/1398/18
f 553/1392/15 552/1391/15 560/1399/15 561/1400/15
f 552/1391/3 554/1393/3 562/1401/3 560/1399/3
f 554/1393/18 555/1394/18 563/1402/18 562/1401/18
f 555/1394/5 553/1392/5 561/1400/5 563/1402/5
f 557/1396/3 556/1395/3 564/1403/3 565/1404/3
f 556/1395/25 558/1397/25 566/1405/25 567/1406/25
f 556/1395/11 567/1406/11 564/1403/11
f 558/1397/5 559/1398/5 568/1407/5 566/1405/5
f 559/1398/10 557/1396/10 565/1404/10 569/1408/10
f 559/1398/26 569/1408/26 568/1407/26
f 561/1400/10 560/1399/10 570/1409/10 571/1410/10
f 560/1399/1 562/1401/1 572/1411/1 570/1409/1
f 562/1401/1 563/1402/1 573/1412/1 572/1411/1
f 563/1402/1 561/1400/1 571/1410/1 573/1412/1
f 571/1410/15 570/1409/15 532/1371/15 535/1374/15
f 570/1409/3 572/1411/3 533/1372/3 532/1371/3
f 572/1411/7 573/1412/7 534/1373/7 533/1372/7
f 573/1412/5 571/1410/5 535/1374/5 534/1373/5
f 574/1413/4 575/1414/4 576/1415/4 577/1416/4
f 566/1405/5 568/1407/5 578/1417/5 579/1418/5
f 568/1407/12 569/1408/12 580/1419/12 578/1417/12
f 569/1408/3 567/1406/3 581/1420/3 580/1419/3
f 567/1406/9 566/1405/9 579/1418/9 581/1420/9
f 565/1404/4 564/1403/4 582/1421/4 583/1422/4
f 564/1403/7 567/1406/7 584/1423/7 582/1421/7
f 567/1406/4 569/1408/4 585/1424/4 584/1423/4
f 569/1408/7 565/1404/7 583/1422/7 585/1424/7
f 581/1420/7 579/1418/7 586/1425/7 587/1426/7
f 579/1418/4 578/1417/4 588/1427/4 586/1425/4
f 578/1417/18 580/1419/18 589/1428/18 588/1427/18
f 580/1419/4 581/1420/4 587/1426/4 589/1428/4
f 583/1422/3 582/1421/3 536/1375/3 539/1378/3
f 582/1421/16 584/1423/16 537/1376/16 536/1375/16
f 584/1423/5 585/1424/5 538/1377/5 537/1376/5
f 585/1424/1 583/1422/1 539/1378/1 538/1377/1
f 587/1426/6 586/1425/6 574/1413/6 577/1416/6
f 586/1425/5 588/1427/5 575/1414/5 574/1413/5
f 588/1427/20 589/1428/20 576/1415/20 575/1414/20
f 589/1428/3 587/1426/3 577/1416/3 576/1415/3
f 590/1429/1 591/1430/1 592/1431/1 593/1432/1
f 594/1433/1 595/1434/1 596/1435/1 597/1436/1
f 598/1437/3 599/1438/3 600/1439/3 601/1440/3
f 599/1438/4 602/1441/4 603/1442/4 600/1439/4
f 602/1441/5 604/1443/5 605/1444/5 603/1442/5
f 604/1443/2 598/1437/2 601/1440/2 605/1444/2
f 606/1445/3 607/1446/3 608/1447/3 609/1448/3
f 607/1446/4 610/1449/4 611/1450/4 608/1447/4
f 610/1449/5 612/1451/5 613/1452/5 611/1450/5
f 612/1451/2 606/1445/2 609/1448/2 613/1452/2
f 601/1440/27 600/1439/27 614/1453/27 615/1454/27
f 600/1439/10 603/1442/10 616/1455/10 614/1453/10
f 603/1442/28 605/1444/28 617/1456/28 616/1455/28
f 605/1444/22 601/1440/22 615/1454/22 617/1456/22
f 609/1448/28 608/1447/28 618/1457/28 619/1458/28
f 608/1447/12 611/1450/12 620/1459/12 618/1457/12
f 611/1450/27 613/1452/27 621/1460/27 620/1459/27
f 613/1452/1 609/1448/1 619/1458/1 621/1460/1
f 615/1454/5 614/1453/5 622/1461/5 623/1462/5
f 614/1453/15 616/1455/15 624/1463/15 622/1461/15
f 616/1455/3 617/1456/3 625/1464/3 624/1463/3
f 617/1456/7 615/1454/7 623/1462/7 625/1464/7
f 619/1458/5 618/1457/5 626/1465/5 627/1466/5
f 618/1457/15 620/1459/15 628/1467/15 626/1465/15
f 620/1459/3 621/1460/3 629/1468/3 628/1467/3
f 621/1460/7 619/1458/7 627/1466/7 629/1468/7
f 623/1462/1 622/1461/1 630/1469/1 631/1470/1
f 622/1461/10 624/1463/10 632/1471/10 630/1469/10
f 624/1463/1 625/1464/1 633/1472/1 632/1471/1
f 625/1464/1 623/1462/1 631/1470/1 633/1472/1
f 627/1466/1 626/1465/1 634/1473/1 635/1474/1
f 626/1465/1 628/1467/1 636/1475/1 634/1473/1
f 628/1467/1 629/1468/1 637/1476/1 636/1475/1
f 629/1468/1 627/1466/1 635/1474/1 637/1476/1
f 631/1470/5 630/1469/5 591/1430/5 590/1429/5
f 630/1469/29 632/1471/29 592/1431/29 591/1430/29
f 632/1471/3 633/1472/3 593/1432/3 592/1431/3
f 633/1472/18 631/1470/18 590/1429/18 593/1432/18
f 635/1474/5 634/1473/5 597/1436/5 596/1435/5
f 634/1473/15 636/1475/15 594/1433/15 597/1436/15
f 636/1475/3 637/1476/3 595/1434/3 594/1433/3
f 637/1476/18 635/1474/18 596/1435/18 595/1434/18
f 638/1477/2 639/1478/2 640/1479/2 641/1480/2
f 642/1481/3 643/1482/3 644/1483/3 645/1484/3
f 643/1482/1 646/1485/1 647/1486/1 644/1483/1
f 646/1485/5 648/1487/5 649/1488/5 647/1486/5
f 648/1487/6 642/1481/6 645/1484/6 649/1488/6
f 645/1484/30 644/1483/30 650/1489/30 651/1490/30
f 644/1483/8 647/1486/8 652/1491/8 650/1489/8
f 647/1486/31 649/1488/31 653/1492/31 652/1491/31
f 649/1488/15 645/1484/15 651/1490/15 653/1492/15
f 651/1490/5 650/1489/5 654/1493/5 655/1494/5
f 650/1489/6 652/1491/6 656/1495/6 654/1493/6
f 652/1491/3 653/1492/3 657/1496/3 656/1495/3
f 653/1492/1 651/1490/1 655/1494/1 657/1496/1
f 655/1494/2 654/1493/2 658/1497/2 659/1498/2
f 654/1493/8 656/1495/8 660/1499/8 658/1497/8
f 656/1495/2 657/1496/2 661/1500/2 660/1499/2
f 657/1496/8 655/1494/8 659/1498/8 661/1500/8
f 659/1498/5 658/1497/5 641/1480/5 640/1479/5
f 658/1497/11 660/1499/11 638/1477/11 641/1480/11
f 660/1499/3 661/1500/3 639/1478/3 638/1477/3
f 661/1500/22 659/1498/22 640/1479/22 639/1478/22
f 662/1501/2 663/1502/2 664/1503/2 665/1504/2
f 666/1505/1 667/1506/1 668/1507/1 669/1508/1
f 667/1506/5 670/1509/5 671/1510/5 668/1507/5
f 670/1509/6 672/1511/6 673/1512/6 671/1510/6
f 672/1511/3 666/1505/3 669/1508/3 673/1512/3
f 669/1508/8 668/1507/8 674/1513/8 675/1514/8
f 668/1507/32 671/1510/32 676/1515/32 674/1513/32
f 671/1510/15 673/1512/15 677/1516/15 676/1515/15
f 673/1512/30 669/1508/30 675/1514/30 677/1516/30
f 675/1514/6 674/1513/6 678/1517/6 679/1518/6
f 674/1513/3 676/1515/3 680/1519/3 678/1517/3
f 676/1515/1 677/1516/1 681/1520/1 680/1519/1
f 677/1516/5 675/1514/5 679/1518/5 681/1520/5
f 679/1518/2 678/1517/2 682/1521/2 683/1522/2
f 678/1517/33 680/1519/33 684/1523/33 682/1521/33
f 680/1519/2 681/1520/2 685/1524/2 684/1523/2
f 681/1520/34 679/1518/34 683/1522/34 685/1524/34
f 683/1522/6 682/1521/6 662/1501/6 665/1504/6
f 682/1521/3 684/1523/3 663/1502/3 662/1501/3
f 684/1523/20 685/1524/20 664/1503/20 663/1502/20
f 685/1524/5 683/1522/5 665/1504/5 664/1503/5
f 686/1525/5 687/1526/5 688/1527/5 689/1528/5
f 687/1526/25 690/1529/25 691/1530/25 688/1527/25
f 690/1529/3 692/1531/3 693/1532/3 691/1530/3
f 692/1531/35 686/1525/35 689/1528/35 693/1532/35
f 689/1528/36 688/1527/36 694/1533/36 695/1534/36
f 688/1527/2 691/1530/2 696/1535/2 694/1533/2
f 691/1530/37 693/1532/37 697/1536/37 696/1535/37
f 693/1532/38 689/1528/38 695/1534/38 697/1536/38
f 695/1534/5 694/1533/5 698/1537/5 699/1538/5
f 696/1535/3 697/1536/3 700/1539/3 701/1540/3
f 697/1536/39 695/1534/39 699/1538/39 700/1539/39
f 694/1533/40 696/1535/40 701/1540/40 698/1537/40
f 702/1541/3 703/1542/3 704/1543/3 705/1544/3
f 705/1544/41 704/1543/41 706/1545/41 707/1546/41
f 707/1546/5 706/1545/5 708/1547/5 709/1548/5
f 709/1548/35 708/1547/35 703/1542/35 702/1541/35
f 703/1542/42 710/1549/42 711/1550/42 704/1543/42
f 704/1543/2 711/1550/2 712/1551/2 706/1545/2
f 706/1545/43 712/1551/43 713/1552/43 708/1547/43
f 708/1547/38 713/1552/38 710/1549/38 703/1542/38
f 710/1549/3 714/1553/3 715/1554/3 711/1550/3
f 712/1551/5 716/1555/5 717/1556/5 713/1552/5
f 713/1552/44 717/1556/44 714/1553/44 710/1549/44
f 699/1538/7 698/1537/7 715/1554/7 714/1553/7
f 715/1554/11 698/1537/11 701/1540/11 716/1555/11
f 701/1540/8 700/1539/8 717/1556/8 716/1555/8
f 700/1539/45 699/1538/45 714/1553/45 717/1556/45
f 711/1550/46 715/1554/46 716/1555/46 712/1551/46
f 718/1557/1 719/1558/1 720/1559/1 721/1560/1
f 722/1561/3 723/1562/3 724/1563/3 725/1564/3
f 723/1562/4 726/1565/4 727/1566/4 724/1563/4
f 726/1565/5 728/1567/5 729/1568/5 727/1566/5
f 728/1567/2 722/1561/2 725/1564/2 729/1568/2
f 725/1564/28 724/1563/28 730/1569/28 731/1570/28
f 724/1563/35 727/1566/35 732/1571/35 730/1569/35
f 727/1566/27 729/1568/27 733/1572/27 732/1571/27
f 729/1568/1 725/1564/1 731/1570/1 733/1572/1
f 731/1570/5 730/1569/5 734/1573/5 735/1574/5
f 730/1569/15 732/1571/15 736/1575/15 734/1573/15
f 732/1571/3 733/1572/3 737/1576/3 736/1575/3
f 733/1572/7 731/1570/7 735/1574/7 737/1576/7
f 735/1574/1 734/1573/1 738/1577/1 739/1578/1
f 734/1573/10 736/1575/10 740/1579/10 738/1577/10
f 736/1575/1 737/1576/1 741/1580/1 740/1579/1
f 737/1576/10 735/1574/10 739/1578/10 741/1580/10
f 739/1578/5 738/1577/5 719/1558/5 718/1557/5
f 738/1577/29 740/1579/29 720/1559/29 719/1558/29
f 740/1579/3 741/1580/3 721/1560/3 720/1559/3
f 741/1580/18 739/1578/18 718/1557/18 721/1560/18
f 742/1581/6 743/1582/6 744/1583/6 745/1584/6
f 746/1585/5 747/1586/5 748/1587/5 749/1588/5
f 747/1586/7 750/1589/7 751/1590/7 748/1587/7
f 750/1589/3 752/1591/3 753/1592/3 751/1590/3
f 752/1591/2 746/1585/2 749/1588/2 753/1592/2
f 749/1588/6 748/1587/6 754/1593/6 755/1594/6
f 749/1588/6 755/1594/6 756/1595/6 757/1596/6
f 748/1587/17 751/1590/17 758/1597/17 754/1593/17
f 751/1590/47 753/1592/47 759/1598/47 760/1599/47
f 751/1590/6 760/1599/6 761/1600/6 758/1597/6
f 753/1592/11 749/1588/11 757/1596/11 759/1598/11
f 762/1601/6 763/1602/6 764/1603/6 765/1604/6
f 766/1605/6 767/1606/6 768/1607/6 769/1608/6
f 757/1596/3 756/1595/3 770/1609/3 771/1610/3
f 756/1595/3 755/1594/3 772/1611/3 770/1609/3
f 755/1594/3 754/1593/3 773/1612/3 772/1611/3
f 754/1593/8 758/1597/8 774/1613/8 773/1612/8
f 758/1597/5 761/1600/5 775/1614/5 774/1613/5
f 761/1600/5 760/1599/5 776/1615/5 775/1614/5
f 760/1599/5 759/1598/5 777/1616/5 776/1615/5
f 759/1598/18 757/1596/18 771/1610/18 777/1616/18
f 776/1615/18 770/1609/18 778/1617/18 779/1618/18
f 770/1609/3 772/1611/3 780/1619/3 778/1617/3
f 772/1611/3 773/1612/3 781/1620/3 780/1619/3
f 773/1612/15 774/1613/15 782/1621/15 781/1620/15
f 774/1613/5 775/1614/5 783/1622/5 782/1621/5
f 775/1614/5 776/1615/5 779/1618/5 783/1622/5
f 783/1622/18 780/1619/18 784/1623/18 785/1624/18
f 780/1619/3 781/1620/3 786/1625/3 784/1623/3
f 781/1620/29 782/1621/29 787/1626/29 786/1625/29
f 782/1621/5 783/1622/5 785/1624/5 787/1626/5
f 780/1619/11 783/1622/11 788/1627/11 789/1628/11
f 783/1622/6 779/1618/6 790/1629/6 788/1627/6
f 779/1618/6 778/1617/6 791/1630/6 790/1629/6
f 778/1617/6 780/1619/6 789/1628/6 791/1630/6
f 785/1624/6 784/1623/6 792/1631/6 793/1632/6
f 784/1623/48 786/1625/48 794/1633/48 792/1631/48
f 786/1625/11 787/1626/11 795/1634/11 794/1633/11
f 787/1626/47 785/1624/47 793/1632/47 795/1634/47
f 770/1609/9 776/1615/9 796/1635/9 797/1636/9
f 776/1615/47 777/1616/47 798/1637/47 796/1635/47
f 777/1616/9 771/1610/9 799/1638/9 798/1637/9
f 771/1610/48 770/1609/48 797/1636/48 799/1638/48
f 789/1628/15 788/1627/15 743/1582/15 742/1581/15
f 788/1627/5 790/1629/5 744/1583/5 743/1582/5
f 790/1629/18 791/1630/18 745/1584/18 744/1583/18
f 791/1630/3 789/1628/3 742/1581/3 745/1584/3
f 793/1632/18 792/1631/18 765/1604/18 764/1603/18
f 792/1631/3 794/1633/3 762/1601/3 765/1604/3
f 794/1633/15 795/1634/15 763/1602/15 762/1601/15
f 795/1634/5 793/1632/5 764/1603/5 763/1602/5
f 797/1636/15 796/1635/15 769/1608/15 768/1607/15
f 796/1635/5 798/1637/5 766/1605/5 769/1608/5
f 798/1637/18 799/1638/18 767/1606/18 766/1605/18
f 799/1638/3 797/1636/3 768/1607/3 767/1606/3
f 800/1639/6 801/1640/6 802/1641/6 803/1642/6
f 804/1643/5 805/1644/5 806/1645/5 807/1646/5
f 805/1644/4 808/1647/4 809/1648/4 806/1645/4
f 808/1647/3 810/1649/3 811/1650/3 809/1648/3
f 810/1649/2 804/1643/2 807/1646/2 811/1650/2
f 807/1646/6 806/1645/6 812/1651/6 813/1652/6
f 807/1646/48 813/1652/48 814/1653/48 815/1654/48
f 806/1645/17 809/1648/17 816/1655/17 812/1651/17
f 809/1648/47 811/1650/47 817/1656/47 818/1657/47
f 809/1648/6 818/1657/6 819/1658/6 816/1655/6
f 811/1650/6 807/1646/6 815/1654/6 817/1656/6
f 820/1659/6 821/1660/6 822/1661/6 823/1662/6
f 824/1663/6 825/1664/6 826/1665/6 827/1666/6
f 815/1654/3 814/1653/3 828/1667/3 829/1668/3
f 814/1653/3 813/1652/3 830/1669/3 828/1667/3
f 813/1652/3 812/1651/3 831/1670/3 830/1669/3
f 812/1651/15 816/1655/15 832/1671/15 831/1670/15
f 816/1655/5 819/1658/5 833/1672/5 832/1671/5
f 819/1658/5 818/1657/5 834/1673/5 833/1672/5
f 818/1657/5 817/1656/5 835/1674/5 834/1673/5
f 817/1656/14 815/1654/14 829/1668/14 835/1674/14
f 834/1673/14 828/1667/14 836/1675/14 837/1676/14
f 828/1667/3 830/1669/3 838/1677/3 836/1675/3
f 830/1669/3 831/1670/3 839/1678/3 838/1677/3
f 831/1670/29 832/1671/29 840/1679/29 839/1678/29
f 832/1671/5 833/1672/5 841/1680/5 840/1679/5
f 833/1672/5 834/1673/5 837/1676/5 841/1680/5
f 841/1680/14 838/1677/14 842/1681/14 843/1682/14
f 838/1677/3 839/1678/3 844/1683/3 842/1681/3
f 839/1678/15 840/1679/15 845/1684/15 844/1683/15
f 840/1679/5 841/1680/5 843/1682/5 845/1684/5
f 838/1677/11 841/1680/11 846/1685/11 847/1686/11
f 841/1680/47 837/1676/47 848/1687/47 846/1685/47
f 837/1676/9 836/1675/9 849/1688/9 848/1687/9
f 836/1675/48 838/1677/48 847/1686/48 849/1688/48
f 843/1682/6 842/1681/6 850/1689/6 851/1690/6
f 842/1681/6 844/1683/6 852/1691/6 850/1689/6
f 844/1683/6 845/1684/6 853/1692/6 852/1691/6
f 845/1684/6 843/1682/6 851/1690/6 853/1692/6
f 828/1667/6 834/1673/6 854/1693/6 855/1694/6
f 834/1673/6 835/1674/6 856/1695/6 854/1693/6
f 835/1674/6 829/1668/6 857/1696/6 856/1695/6
f 829/1668/6 828/1667/6 855/1694/6 857/1696/6
f 847/1686/29 846/1685/29 801/1640/29 800/1639/29
f 846/1685/5 848/1687/5 802/1641/5 801/1640/5
f 848/1687/18 849/1688/18 803/1642/18 802/1641/18
f 849/1688/3 847/1686/3 800/1639/3 803/1642/3
f 851/1690/14 850/1689/14 823/1662/14 822/1661/14
f 850/1689/3 852/1691/3 820/1659/3 823/1662/3
f 852/1691/29 853/1692/29 821/1660/29 820/1659/29
f 853/1692/5 851/1690/5 822/1661/5 821/1660/5
f 855/1694/29 854/1693/29 827/1666/29 826/1665/29
f 854/1693/5 856/1695/5 824/1663/5 827/1666/5
f 856/1695/18 857/1696/18 825/1664/18 824/1663/18
f 857/1696/3 855/1694/3 826/1665/3 825/1664/3
f 858/1697/4 859/1698/4 860/1699/4 861/1700/4
f 862/1701/6 863/1702/6 864/1703/6 865/1704/6
f 866/1705/3 867/1706/3 868/1707/3 869/1708/3
f 867/1706/2 870/1709/2 871/1710/2 868/1707/2
f 870/1709/5 872/1711/5 873/1712/5 871/1710/5
f 872/1711/5 874/1713/5 875/1714/5 873/1712/5
f 874/1713/1 876/1715/1 877/1716/1 875/1714/1
f 876/1715/3 866/1705/3 869/1708/3 877/1716/3
f 869/1708/18 873/1712/18 878/1717/18 879/1718/18
f 873/1712/49 875/1714/49 880/1719/49 878/1717/49
f 875/1714/7 877/1716/7 881/1720/7 880/1719/7
f 877/1716/50 869/1708/50 879/1718/50 881/1720/50
f 871/1710/6 873/1712/6 882/1721/6 883/1722/6
f 873/1712/9 869/1708/9 884/1723/9 882/1721/9
f 869/1708/6 868/1707/6 885/1724/6 884/1723/6
f 868/1707/11 871/1710/11 883/1722/11 885/1724/11
f 879/1718/10 878/1717/10 886/1725/10 887/1726/10
f 878/1717/3 880/1719/3 888/1727/3 886/1725/3
f 880/1719/9 881/1720/9 889/1728/9 888/1727/9
f 881/1720/5 879/1718/5 887/1726/5 889/1728/5
f 883/1722/3 882/1721/3 890/1729/3 891/1730/3
f 882/1721/15 884/1723/15 892/1731/15 893/1732/15
f 882/1721/15 893/1732/15 890/1729/15
f 884/1723/5 885/1724/5 894/1733/5 892/1731/5
f 885/1724/18 883/1722/18 891/1730/18 895/1734/18
f 885/1724/18 895/1734/18 894/1733/18
f 887/1726/7 886/1725/7 896/1735/7 897/1736/7
f 886/1725/4 888/1727/4 898/1737/4 896/1735/4
f 888/1727/7 889/1728/7 899/1738/7 898/1737/7
f 889/1728/4 887/1726/4 897/1736/4 899/1738/4
f 897/1736/35 896/1735/35 858/1697/35 861/1700/35
f 896/1735/3 898/1737/3 859/1698/3 858/1697/3
f 898/1737/25 899/1738/25 860/1699/25 859/1698/25
f 899/1738/5 897/1736/5 861/1700/5 860/1699/5
f 900/1739/6 901/1740/6 902/1741/6 903/1742/6
f 892/1731/5 894/1733/5 904/1743/5 905/1744/5
f 894/1733/14 895/1734/14 906/1745/14 904/1743/14
f 895/1734/3 893/1732/3 907/1746/3 906/1745/3
f 893/1732/29 892/1731/29 905/1744/29 907/1746/29
f 891/1730/6 890/1729/6 908/1747/6 909/1748/6
f 890/1729/17 893/1732/17 910/1749/17 908/1747/17
f 893/1732/6 895/1734/6 911/1750/6 910/1749/6
f 895/1734/11 891/1730/11 909/1748/11 911/1750/11
f 907/1746/11 905/1744/11 912/1751/11 913/1752/11
f 905/1744/47 904/1743/47 914/1753/47 912/1751/47
f 904/1743/9 906/1745/9 915/1754/9 914/1753/9
f 906/1745/48 907/1746/48 913/1752/48 915/1754/48
f 909/1748/3 908/1747/3 862/1701/3 865/1704/3
f 908/1747/29 910/1749/29 863/1702/29 862/1701/29
f 910/1749/5 911/1750/5 864/1703/5 863/1702/5
f 911/1750/14 909/1748/14 865/1704/14 864/1703/14
f 913/1752/15 912/1751/15 900/1739/15 903/1742/15
f 912/1751/5 914/1753/5 901/1740/5 900/1739/5
f 914/1753/7 915/1754/7 902/1741/7 901/1740/7
f 915/1754/3 913/1752/3 903/1742/3 902/1741/3
f 916/1755/6 917/1756/6 918/1757/6 919/1758/6
f 920/1759/5 921/1760/5 922/1761/5 923/1762/5
f 921/1760/4 924/1763/4 925/1764/4 922/1761/4
f 924/1763/3 926/1765/3 927/1766/3 925/1764/3
f 926/1765/8 920/1759/8 923/1762/8 927/1766/8
f 923/1762/6 922/1761/6 928/1767/6 929/1768/6
f 923/1762/47 929/1768/47 930/1769/47 931/1770/47
f 922/1761/9 925/1764/9 932/1771/9 928/1767/9
f 925/1764/6 927/1766/6 933/1772/6 934/1773/6
f 925/1764/47 934/1773/47 935/1774/47 932/1771/47
f 927/1766/9 923/1762/9 931/1770/9 933/1772/9
f 936/1775/6 937/1776/6 938/1777/6 939/1778/6
f 940/1779/6 941/1780/6 942/1781/6 943/1782/6
f 931/1770/3 930/1769/3 944/1783/3 945/1784/3
f 930/1769/3 929/1768/3 946/1785/3 944/1783/3
f 929/1768/3 928/1767/3 947/1786/3 946/1785/3
f 928/1767/15 932/1771/15 948/1787/15 947/1786/15
f 932/1771/5 935/1774/5 949/1788/5 948/1787/5
f 935/1774/5 934/1773/5 950/1789/5 949/1788/5
f 934/1773/5 933/1772/5 951/1790/5 950/1789/5
f 933/1772/14 931/1770/14 945/1784/14 951/1790/14
f 950/1789/18 944/1783/18 952/1791/18 953/1792/18
f 944/1783/3 946/1785/3 954/1793/3 952/1791/3
f 946/1785/3 947/1786/3 955/1794/3 954/1793/3
f 947/1786/29 948/1787/29 956/1795/29 955/1794/29
f 948/1787/5 949/1788/5 957/1796/5 956/1795/5
f 949/1788/5 950/1789/5 953/1792/5 957/1796/5
f 957/1796/18 954/1793/18 958/1797/18 959/1798/18
f 954/1793/3 955/1794/3 960/1799/3 958/1797/3
f 955/1794/15 956/1795/15 961/1800/15 960/1799/15
f 956/1795/5 957/1796/5 959/1798/5 961/1800/5
f 954/1793/11 957/1796/11 962/1801/11 963/1802/11
f 957/1796/6 953/1792/6 964/1803/6 962/1801/6
f 953/1792/11 952/1791/11 965/1804/11 964/1803/11
f 952/1791/6 954/1793/6 963/1802/6 965/1804/6
f 959/1798/11 958/1797/11 966/1805/11 967/1806/11
f 958/1797/6 960/1799/6 968/1807/6 966/1805/6
f 960/1799/6 961/1800/6 969/1808/6 968/1807/6
f 961/1800/6 959/1798/6 967/1806/6 969/1808/6
f 944/1783/11 950/1789/11 970/1809/11 971/1810/11
f 950/1789/47 951/1790/47 972/1811/47 970/1809/47
f 951/1790/6 945/1784/6 973/1812/6 972/1811/6
f 945/1784/48 944/1783/48 971/1810/48 973/1812/48
f 963/1802/15 962/1801/15 917/1756/15 916/1755/15
f 962/1801/5 964/1803/5 918/1757/5 917/1756/5
f 964/1803/18 965/1804/18 919/1758/18 918/1757/18
f 965/1804/3 963/1802/3 916/1755/3 919/1758/3
f 967/1806/18 966/1805/18 939/1778/18 938/1777/18
f 966/1805/3 968/1807/3 936/1775/3 939/1778/3
f 968/1807/29 969/1808/29 937/1776/29 936/1775/29
f 969/1808/5 967/1806/5 938/1777/5 937/1776/5
f 971/1810/15 970/1809/15 943/1782/15 942/1781/15
f 970/1809/5 972/1811/5 940/1779/5 943/1782/5
f 972/1811/18 973/1812/18 941/1780/18 940/1779/18
f 973/1812/3 971/1810/3 942/1781/3 941/1780/3
f 974/1813/4 975/1814/4 976/1815/4 977/1816/4
f 978/1817/6 979/1818/6 980/1819/6 981/1820/6
f 982/1821/3 983/1822/3 984/1823/3 985/1824/3
f 983/1822/2 986/1825/2 987/1826/2 984/1823/2
f 986/1825/5 988/1827/5 989/1828/5 987/1826/5
f 988/1827/5 990/1829/5 991/1830/5 989/1828/5
f 990/1829/1 992/1831/1 993/1832/1 991/1830/1
f 992/1831/3 982/1821/3 985/1824/3 993/1832/3
f 985/1824/7 989/1828/7 994/1833/7 995/1834/7
f 989/1828/4 991/1830/4 996/1835/4 994/1833/4
f 991/1830/7 993/1832/7 997/1836/7 996/1835/7
f 993/1832/4 985/1824/4 995/1834/4 997/1836/4
f 987/1826/6 989/1828/6 998/1837/6 999/1838/6
f 989/1828/6 985/1824/6 1000/1839/6 998/1837/6
f 985/1824/6 984/1823/6 1001/1840/6 1000/1839/6
f 984/1823/9 987/1826/9 999/1838/9 1001/1840/9
f 995/1834/10 994/1833/10 1002/1841/10 1003/1842/10
f 994/1833/3 996/1835/3 1004/1843/3 1005/1844/3
f 994/1833/3 1005/1844/3 1002/1841/3
f 996/1835/11 997/1836/11 1006/1845/11 1004/1843/11
f 997/1836/5 995/1834/5 1003/1842/5 1007/1846/5
f 997/1836/5 1007/1846/5 1006/1845/5
f 999/1838/3 998/1837/3 1008/1847/3 1009/1848/3
f 998/1837/15 1000/1839/15 1010/1849/15 1011/1850/15
f 998/1837/15 1011/1850/15 1008/1847/15
f 1000/1839/5 1001/1840/5 1012/1851/5 1010/1849/5
f 1001/1840/18 999/1838/18 1009/1848/18 1013/1852/18
f 1001/1840/18 1013/1852/18 1012/1851/18
f 1014/1853/4 1015/1854/4 1016/1855/4 1017/1856/4
f 1004/1843/9 1006/1845/9 1018/1857/9 1019/1858/9
f 1006/1845/5 1007/1846/5 1020/1859/5 1018/1857/5
f 1007/1846/22 1005/1844/22 1021/1860/22 1020/1859/22
f 1005/1844/3 1004/1843/3 1019/1858/3 1021/1860/3
f 1003/1842/18 1002/1841/18 1022/1861/18 1023/1862/18
f 1002/1841/51 1005/1844/51 1024/1863/51 1022/1861/51
f 1005/1844/7 1007/1846/7 1025/1864/7 1024/1863/7
f 1007/1846/52 1003/1842/52 1023/1862/52 1025/1864/52
f 1021/1860/52 1019/1858/52 1026/1865/52 1027/1866/52
f 1019/1858/18 1018/1857/18 1028/1867/18 1026/1865/18
f 1018/1857/51 1020/1859/51 1029/1868/51 1028/1867/51
f 1020/1859/7 1021/1860/7 1027/1866/7 1029/1868/7
f 1023/1862/35 1022/1861/35 974/1813/35 977/1816/35
f 1022/1861/3 1024/1863/3 975/1814/3 974/1813/3
f 1024/1863/25 1025/1864/25 976/1815/25 975/1814/25
f 1025/1864/5 1023/1862/5 977/1816/5 976/1815/5
f 1027/1866/3 1026/1865/3 1014/1853/3 1017/1856/3
f 1026/1865/11 1028/1867/11 1015/1854/11 1014/1853/11
f 1028/1867/5 1029/1868/5 1016/1855/5 1015/1854/5
f 1029/1868/10 1027/1866/10 1017/1856/10 1016/1855/10
f 1030/1869/6 1031/1870/6 1032/1871/6 1033/1872/6
f 1010/1849/5 1012/1851/5 1034/1873/5 1035/1874/5
f 1012/1851/18 1013/1852/18 1036/1875/18 1034/1873/18
f 1013/1852/3 1011/1850/3 1037/1876/3 1036/1875/3
f 1011/1850/15 1010/1849/15 1035/1874/15 1037/1876/15
f 1009/1848/6 1008/1847/6 1038/1877/6 1039/1878/6
f 1008/1847/9 1011/1850/9 1040/1879/9 1038/1877/9
f 1011/1850/6 1013/1852/6 1041/1880/6 1040/1879/6
f 1013/1852/11 1009/1848/11 1039/1878/11 1041/1880/11
f 1037/1876/11 1035/1874/11 1042/1881/11 1043/1882/11
f 1035/1874/6 1034/1873/6 1044/1883/6 1042/1881/6
f 1034/1873/9 1036/1875/9 1045/1884/9 1044/1883/9
f 1036/1875/6 1037/1876/6 1043/1882/6 1045/1884/6
f 1039/1878/3 1038/1877/3 978/1817/3 981/1820/3
f 1038/1877/15 1040/1879/15 979/1818/15 978/1817/15
f 1040/1879/5 1041/1880/5 980/1819/5 979/1818/5
f 1041/1880/18 1039/1878/18 981/1820/18 980/1819/18
f 1043/1882/29 1042/1881/29 1030/1869/29 1033/1872/29
f 1042/1881/5 1044/1883/5 1031/1870/5 1030/1869/5
f 1044/1883/14 1045/1884/14 1032/1871/14 1031/1870/14
f 1045/1884/3 1043/1882/3 1033/1872/3 1032/1871/3
f 1046/1885/4 1047/1886/4 1048/1887/4 1049/1888/4
f 1050/1889/5 1051/1890/5 1052/1891/5 1053/1892/5
f 1051/1890/10 1054/1893/10 1055/1894/10 1052/1891/10
f 1054/1893/3 1056/1895/3 1057/1896/3 1055/1894/3
f 1056/1895/11 1050/1889/11 1053/1892/11 1057/1896/11
f 1053/1892/53 1052/1891/53 1058/1897/53 1059/1898/53
f 1053/1892/49 1059/1898/49 1060/1899/49 1061/1900/49
f 1052/1891/21 1055/1894/21 1062/1901/21 1058/1897/21
f 1055/1894/49 1057/1896/49 1063/1902/49 1064/1903/49
f 1055/1894/50 1064/1903/50 1065/1904/50 1062/1901/50
f 1057/1896/4 1053/1892/4 1061/1900/4 1063/1902/4
f 1066/1905/4 1067/1906/4 1068/1907/4 1069/1908/4
f 1070/1909/4 1071/1910/4 1072/1911/4 1073/1912/4
f 1061/1900/3 1060/1899/3 1074/1913/3 1075/1914/3
f 1060/1899/3 1059/1898/3 1076/1915/3 1074/1913/3
f 1059/1898/3 1058/1897/3 1077/1916/3 1076/1915/3
f 1058/1897/11 1062/1901/11 1078/1917/11 1077/1916/11
f 1062/1901/5 1065/1904/5 1079/1918/5 1078/1917/5
f 1065/1904/5 1064/1903/5 1080/1919/5 1079/1918/5
f 1064/1903/5 1063/1902/5 1081/1920/5 1080/1919/5
f 1063/1902/22 1061/1900/22 1075/1914/22 1081/1920/22
f 1080/1919/22 1074/1913/22 1082/1921/22 1083/1922/22
f 1074/1913/3 1076/1915/3 1084/1923/3 1082/1921/3
f 1076/1915/3 1077/1916/3 1085/1924/3 1084/1923/3
f 1077/1916/9 1078/1917/9 1086/1925/9 1085/1924/9
f 1078/1917/5 1079/1918/5 1087/1926/5 1086/1925/5
f 1079/1918/5 1080/1919/5 1083/1922/5 1087/1926/5
f 1087/1926/22 1084/1923/22 1088/1927/22 1089/1928/22
f 1084/1923/3 1085/1924/3 1090/1929/3 1088/1927/3
f 1085/1924/9 1086/1925/9 1091/1930/9 1090/1929/9
f 1086/1925/5 1087/1926/5 1089/1928/5 1091/1930/5
f 1084/1923/18 1087/1926/18 1092/1931/18 1093/1932/18
f 1087/1926/4 1083/1922/4 1094/1933/4 1092/1931/4
f 1083/1922/7 1082/1921/7 1095/1934/7 1094/1933/7
f 1082/1921/4 1084/1923/4 1093/1932/4 1095/1934/4
f 1089/1928/7 1088/1927/7 1096/1935/7 1097/1936/7
f 1088/1927/54 1090/1929/54 1098/1937/54 1096/1935/54
f 1090/1929/18 1091/1930/18 1099/1938/18 1098/1937/18
f 1091/1930/55 1089/1928/55 1097/1936/55 1099/1938/55
f 1074/1913/18 1080/1919/18 1100/1939/18 1101/1940/18
f 1080/1919/4 1081/1920/4 1102/1941/4 1100/1939/4
f 1081/1920/18 1075/1914/18 1103/1942/18 1102/1941/18
f 1075/1914/4 1074/1913/4 1101/1940/4 1103/1942/4
f 1093/1932/11 1092/1931/11 1047/1886/11 1046/1885/11
f 1092/1931/5 1094/1933/5 1048/1887/5 1047/1886/5
f 1094/1933/10 1095/1934/10 1049/1888/10 1048/1887/10
f 1095/1934/3 1093/1932/3 1046/1885/3 1049/1888/3
f 1097/1936/20 1096/1935/20 1069/1908/20 1068/1907/20
f 1096/1935/3 1098/1937/3 1066/1905/3 1069/1908/3
f 1098/1937/11 1099/1938/11 1067/1906/11 1066/1905/11
f 1099/1938/5 1097/1936/5 1068/1907/5 1067/1906/5
f 1101/1940/11 1100/1939/11 1073/1912/11 1072/1911/11
f 1100/1939/5 1102/1941/5 1070/1909/5 1073/1912/5
f 1102/1941/10 1103/1942/10 1071/1910/10 1070/1909/10
f 1103/1942/3 1101/1940/3 1072/1911/3 1071/1910/3
f 1104/1943/56 1105/1944/56 1106/1945/56 1107/1946/56
f 1108/1947/56 1109/1948/56 1110/1949/56 1111/1950/56
f 1112/1951/4 1113/1952/4 1114/1953/4 1115/1954/4
f 1113/1952/1 1116/1955/1 1117/1956/1 1114/1953/1
f 1116/1955/2 1118/1957/2 1119/1958/2 1117/1956/2
f 1118/1957/6 1112/1951/6 1115/1954/6 1119/1958/6
f 1120/1959/4 1121/1960/4 1122/1961/4 1123/1962/4
f 1121/1960/1 1124/1963/1 1125/1964/1 1122/1961/1
f 1124/1963/2 1126/1965/2 1127/1966/2 1125/1964/2
f 1126/1965/6 1120/1959/6 1123/1962/6 1127/1966/6
f 1128/1967/4 1129/1968/4 1130/1969/4 1131/1970/4
f 1129/1968/57 1132/1971/57 1133/1972/57 1130/1969/57
f 1132/1971/2 1134/1973/2 1135/1974/2 1133/1972/2
f 1134/1973/58 1128/1967/58 1131/1970/58 1135/1974/58
f 1136/1975/4 1137/1976/4 1138/1977/4 1139/1978/4
f 1137/1976/59 1140/1979/59 1141/1980/59 1138/1977/59
f 1140/1979/33 1142/1981/33 1143/1982/33 1141/1980/33
f 1142/1981/60 1136/1975/60 1139/1978/60 1143/1982/60
f 1115/1954/61 1114/1953/61 1129/1968/61 1128/1967/61
f 1114/1953/62 1117/1956/62 1132/1971/62 1129/1968/62
f 1117/1956/63 1119/1958/63 1134/1973/63 1132/1971/63
f 1119/1958/64 1115/1954/64 1128/1967/64 1134/1973/64
f 1123/1962/61 1122/1961/61 1137/1976/61 1136/1975/61
f 1122/1961/62 1125/1964/62 1140/1979/62 1137/1976/62
f 1125/1964/63 1127/1966/63 1142/1981/63 1140/1979/63
f 1127/1966/64 1123/1962/64 1136/1975/64 1142/1981/64
f 1131/1970/65 1130/1969/65 1144/1983/65 1145/1984/65
f 1130/1969/56 1133/1972/56 1146/1985/56 1144/1983/56
f 1133/1972/56 1135/1974/56 1147/1986/56 1146/1985/56
f 1135/1974/56 1131/1970/56 1145/1984/56 1147/1986/56
f 1139/1978/56 1138/1977/56 1148/1987/56 1149/1988/56
f 1138/1977/65 1141/1980/65 1150/1989/65 1148/1987/65
f 1141/1980/65 1143/1982/65 1151/1990/65 1150/1989/65
f 1143/1982/56 1139/1978/56 1149/1988/56 1151/1990/56
f 1145/1984/66 1144/1983/66 1152/1991/66 1153/1992/66
f 1144/1983/67 1146/1985/67 1154/1993/67 1155/1994/67
f 1144/1983/41 1155/1994/41 1152/1991/41
f 1146/1985/68 1147/1986/68 1156/1995/68 1154/1993/68
f 1147/1986/69 1145/1984/69 1153/1992/69 1157/1996/69
f 1147/1986/69 1157/1996/69 1156/1995/69
f 1149/1988/70 1148/1987/70 1158/1997/70 1159/1998/70
f 1148/1987/67 1150/1989/67 1160/1999/67 1161/2000/67
f 1148/1987/71 1161/2000/71 1158/1997/71
f 1150/1989/72 1151/1990/72 1162/2001/72 1160/1999/72
f 1151/1990/69 1149/1988/69 1159/1998/69 1163/2002/69
f 1151/1990/69 1163/2002/69 1162/2001/69
f 1164/2003/56 1165/2004/56 1166/2005/56 1167/2006/56
f 1168/2007/56 1169/2008/56 1170/2009/56 1171/2010/56
f 1154/1993/68 1156/1995/68 1172/2011/68 1173/2012/68
f 1156/1995/69 1157/1996/69 1174/2013/69 1172/2011/69
f 1157/1996/73 1155/1994/73 1175/2014/73 1174/2013/73
f 1155/1994/67 1154/1993/67 1173/2012/67 1175/2014/67
f 1160/1999/68 1162/2001/68 1176/2015/68 1177/2016/68
f 1162/2001/74 1163/2002/74 1178/2017/74 1176/2015/74
f 1163/2002/73 1161/2000/73 1179/2018/73 1178/2017/73
f 1161/2000/67 1160/1999/67 1177/2016/67 1179/2018/67
f 1173/2012/56 1172/2011/56 1180/2019/56 1181/2020/56
f 1172/2011/65 1174/2013/65 1182/2021/65 1180/2019/65
f 1174/2013/56 1175/2014/56 1183/2022/56 1182/2021/56
f 1175/2014/56 1173/2012/56 1181/2020/56 1183/2022/56
f 1159/1998/65 1158/1997/65 1184/2023/65 1185/2024/65
f 1158/1997/65 1161/2000/65 1186/2025/65 1184/2023/65
f 1161/2000/65 1163/2002/65 1187/2026/65 1186/2025/65
f 1163/2002/56 1159/1998/56 1185/2024/56 1187/2026/56
f 1153/1992/56 1152/1991/56 1188/2027/56 1189/2028/56
f 1152/1991/56 1155/1994/56 1190/2029/56 1188/2027/56
f 1155/1994/65 1157/1996/65 1191/2030/65 1190/2029/65
f 1157/1996/56 1153/1992/56 1189/2028/56 1191/2030/56
f 1177/2016/65 1176/2015/65 1192/2031/65 1193/2032/65
f 1176/2015/56 1178/2017/56 1194/2033/56 1192/2031/56
f 1178/2017/65 1179/2018/65 1195/2034/65 1194/2033/65
f 1179/2018/75 1177/2016/75 1193/2032/75 1195/2034/75
f 1181/2020/76 1180/2019/76 1104/1943/76 1107/1946/76
f 1180/2019/77 1182/2021/77 1105/1944/77 1104/1943/77
f 1182/2021/78 1183/2022/78 1106/1945/78 1105/1944/78
f 1183/2022/67 1181/2020/67 1107/1946/67 1106/1945/67
f 1185/2024/79 1184/2023/79 1108/1947/79 1111/1950/79
f 1184/2023/67 1186/2025/67 1109/1948/67 1108/1947/67
f 1186/2025/80 1187/2026/80 1110/1949/80 1109/1948/80
f 1187/2026/69 1185/2024/69 1111/1950/69 1110/1949/69
f 1189/2028/81 1188/2027/81 1165/2004/81 1164/2003/81
f 1188/2027/41 1190/2029/41 1166/2005/41 1165/2004/41
f 1190/2029/80 1191/2030/80 1167/2006/80 1166/2005/80
f 1191/2030/82 1189/2028/82 1164/2003/82 1167/2006/82
f 1193/2032/83 1192/2031/83 1169/2008/83 1168/2007/83
f 1192/2031/69 1194/2033/69 1170/2009/69 1169/2008/69
f 1194/2033/66 1195/2034/66 1171/2010/66 1170/2009/66
f 1195/2034/84 1193/2032/84 1168/2007/84 1171/2010/84
usemtl wire_166229229
f 1196/2035/1 1197/2036/1 444/2037/1 441/2038/1
f 1197/2039/2 1198/2040/2 442/2041/2 444/2042/2
f 441/2043/4 443/2044/4 1199/2045/4 1196/2046/4
f 1200/2047/2 1201/2048/2 1202/2049/2 1203/2050/2
f 442/2051/1 1198/2052/1 1201/2053/1 1200/2054/1
f 1198/2055/5 1202/2056/5 1201/2057/5
f 443/2058/6 1203/2059/6 1202/2060/6 1199/2061/6
f 443/1231/3 442/1230/3 1203/2062/3
f 1198/2055/5 1196/2063/5 1199/2064/5
f 1198/2055/5 1197/2065/5 1196/2063/5
f 1198/2055/5 1199/2064/5 1202/2056/5
f 442/1230/3 1200/2066/3 1203/2062/3
usemtl wire_229166215
f 1204/2067/5 1205/2068/5 1206/2069/5 468/2070/5
f 1207/2071/3 1208/2072/3 1209/2073/3 1210/2074/3
f 1204/2075/4 468/2076/4 1208/2077/4 1207/2078/4
f 468/1292/1 1206/2079/1 1209/2080/1 1208/2081/1
f 1206/2082/2 1205/2083/2 1210/2084/2 1209/2085/2
f 1205/2086/6 1204/2087/6 1207/2088/6 1210/2089/6
f 480/2090/5 461/2091/5 1211/2092/5 1212/2093/5
f 1213/2094/3 1214/2095/3 1215/2096/3 1216/2097/3
f 480/2098/4 1212/2099/4 1214/2100/4 1213/2101/4
f 1212/2102/1 1211/2103/1 1215/2104/1 1214/2105/1
f 1211/2106/2 461/2107/2 1216/2108/2 1215/2109/2
f 461/1264/6 480/2110/6 1213/2111/6 1216/2112/6
f 1217/2113/1 477/2114/1 475/2115/1 1218/2116/1
f 1219/2117/6 481/2118/6 483/2119/6 1220/2120/6
f 1220/2121/2 483/2122/2 477/2123/2 1217/2124/2
f 1218/2125/4 475/2126/4 481/2127/4 1219/2128/4
f 1221/2129/6 1222/2130/6 1223/2131/6 1224/2132/6
f 1225/2133/1 1226/2134/1 1227/2135/1 1228/2136/1
f 1222/2137/4 1225/2138/4 1228/2139/4 1223/2140/4
f 1226/2141/2 1221/2142/2 1224/2143/2 1227/2144/2
s 1
f 1224/2145/85 1223/2146/86 1217/2147/87 1218/2148/88
f 1222/2149/89 1221/2150/90 475/2151/91 477/2152/92
f 1228/2153/93 1227/2154/94 1219/2155/95 1220/2156/96
f 1226/2157/97 1225/2158/98 483/2159/99 481/2160/100
f 1223/2146/86 1228/2153/93 1220/2156/96 1217/2147/87
f 1225/2158/98 1222/2149/89 477/2152/92 483/2159/99
f 1227/2154/94 1224/2145/85 1218/2148/88 1219/2155/95
f 1221/2150/90 1226/2157/97 481/2160/100 475/2151/91
