# Blender v2.93.0 OBJ File: ''
# www.blender.org
mtllib b_007_pre.mtl
o building_009.055
v -256.410583 3.405366 -30.053917
v -254.619003 3.405366 -30.254875
v -254.619003 6.810171 -30.254871
v -256.410583 6.810171 -30.053913
v -261.199646 6.384572 -29.516735
v -261.199646 4.540302 -29.516739
v -260.260498 4.540302 -29.622082
v -260.260498 6.384571 -29.622078
v -263.077972 3.405367 -29.306053
v -258.382202 3.405366 -29.832767
v -259.321350 4.540302 -29.727425
v -262.138824 4.540302 -29.411396
v -258.382202 6.810172 -29.832764
v -263.077972 6.810172 -29.306049
v -262.138824 6.384572 -29.411392
v -259.321350 6.384571 -29.727421
v -254.833405 6.810171 -30.429276
v -254.833405 3.405366 -30.429279
v -256.432556 3.405366 -30.249905
v -256.432556 6.810171 -30.249901
v -260.282501 4.540302 -29.818069
v -261.221649 4.540302 -29.712727
v -261.221649 6.384572 -29.712723
v -260.282501 6.384571 -29.818066
v -259.343323 4.540302 -29.923412
v -258.404175 3.405366 -30.028755
v -262.909119 3.405367 -29.523445
v -262.160797 4.540302 -29.607384
v -262.160797 6.384572 -29.607380
v -262.909119 6.810172 -29.523441
v -258.404175 6.810172 -30.028751
v -259.343323 6.384571 -29.923409
v -254.976318 4.540301 -33.440357
v -254.976318 6.384570 -33.440357
v -254.899902 6.384570 -32.759109
v -254.899902 4.540301 -32.759109
v -255.567825 6.810173 -38.713844
v -254.769547 6.384570 -31.596962
v -255.089615 6.384572 -34.450459
v -255.567825 3.405368 -38.713844
v -255.089615 4.540303 -34.450459
v -254.769547 4.540301 -31.596966
v -255.191406 3.405368 -35.357975
v -255.092316 6.384570 -32.737526
v -255.168732 6.384570 -33.418774
v -255.168732 4.540301 -33.418774
v -255.092316 4.540301 -32.737526
v -254.961960 6.384570 -31.575378
v -255.738831 6.810173 -38.501431
v -255.282028 6.384572 -34.428875
v -255.282028 4.540303 -34.428875
v -255.738831 3.405368 -38.501431
v -255.383820 3.405368 -35.336391
v -254.961960 4.540301 -31.575382
v -263.520386 5.533370 -33.250278
v -263.520386 6.384572 -33.250278
v -263.802521 6.384574 -35.765728
v -263.802521 4.540304 -35.765728
v -264.026794 6.810174 -37.765022
v -263.912323 6.384574 -36.744537
v -263.204834 6.384572 -30.437206
v -264.026794 3.405369 -37.765022
v -263.204834 5.533370 -30.437210
v -263.912323 4.540304 -36.744537
v -263.611694 6.384574 -35.787132
v -263.329559 6.384572 -33.271683
v -263.329559 5.533370 -33.271683
v -263.611694 4.540304 -35.787132
v -263.721497 6.384574 -36.765942
v -263.814545 6.810174 -37.595596
v -263.014008 6.384572 -30.458611
v -263.014008 5.533370 -30.458614
v -263.814545 3.405369 -37.595596
v -263.721497 4.540304 -36.765942
v -260.932037 5.107771 -38.112156
v -260.932037 6.384573 -38.112156
v -258.951416 6.384573 -38.334316
v -258.951416 4.540304 -38.334316
v -257.259613 6.384573 -38.524082
v -262.046173 6.384574 -37.987186
v -262.046173 5.107771 -37.987186
v -257.259613 4.540303 -38.524082
v -258.929993 6.384573 -38.143486
v -260.910614 6.384573 -37.921326
v -260.910614 5.107771 -37.921326
v -258.929993 4.540304 -38.143486
v -257.238220 6.384573 -38.333252
v -262.024750 6.384574 -37.796356
v -262.024750 5.107771 -37.796356
v -257.238220 4.540303 -38.333252
v -254.068893 7.091954 -29.850616
v -255.120941 7.091956 -39.229931
v -255.172180 7.137250 -38.996464
v -254.170578 7.137248 -30.066933
v -259.284576 9.700723 -34.014248
v -259.136139 9.623671 -34.030895
v -264.500244 7.091957 -38.177876
v -259.301208 9.623671 -34.162670
v -264.266785 7.137252 -38.126637
v -255.337250 7.137250 -39.128239
v -263.448212 7.091955 -28.798561
v -259.432983 9.623671 -33.997601
v -263.396973 7.137250 -29.032032
v -264.398560 7.137252 -37.961563
v -263.231873 7.137250 -28.900253
v -259.267914 9.623671 -33.865826
v -254.302353 7.137248 -29.901855
v -255.191071 7.102914 -38.994343
v -255.129868 7.055414 -39.218758
v -254.080063 7.055412 -29.859539
v -254.189453 7.102912 -30.064812
v -259.155029 9.589338 -34.028778
v -259.284576 9.661477 -34.014248
v -259.299103 9.589338 -34.143787
v -264.489075 7.055416 -38.168957
v -264.264679 7.102916 -38.107750
v -255.335144 7.102914 -39.109352
v -259.414124 9.589338 -33.999718
v -263.439270 7.055414 -28.809738
v -263.378082 7.102914 -29.034149
v -264.379669 7.102916 -37.963680
v -263.234009 7.102914 -28.919136
v -259.270050 9.589338 -33.884705
v -254.304474 7.102912 -29.920738
v -254.080063 6.810213 -29.859539
v -255.129868 6.810215 -39.218758
v -264.489075 6.810217 -38.168957
v -263.439270 6.810215 -28.809738
v -253.896057 6.966334 -29.712643
v -254.982971 6.966336 -39.402763
v -254.982971 7.055414 -39.402763
v -253.896057 7.055412 -29.712643
v -264.673096 6.966342 -38.315849
v -264.673096 7.055416 -38.315849
v -263.586182 6.966340 -28.625729
v -263.586151 7.055414 -28.625729
v -255.129868 7.055414 -39.218758
v -255.129868 6.914146 -39.218758
v -254.080063 6.914144 -29.859539
v -264.489075 6.914148 -38.168961
v -263.439270 6.914146 -28.809738
v -254.994476 6.927194 -39.388340
v -253.910477 6.927192 -29.724159
v -264.658661 6.927197 -38.304333
v -263.574646 6.927195 -28.640152
v -255.029022 6.914146 -39.345078
v -253.953735 6.914144 -29.758694
v -264.615387 6.914148 -38.269802
v -263.540131 6.914146 -28.683414
v -254.189453 7.102916 -30.064812
v -255.191071 7.102918 -38.994343
v -264.264679 7.102921 -38.107750
v -255.335144 7.102918 -39.109352
v -263.378082 7.102919 -29.034149
v -264.379669 7.102921 -37.963680
v -263.234009 7.102919 -28.919136
v -254.304474 7.102916 -29.920738
v -258.442047 8.938175 -29.016548
v -258.570496 8.938175 -30.161518
v -258.570496 0.000560 -30.161522
v -258.442047 0.000560 -29.016552
v -256.171387 8.938173 -29.271244
v -256.171387 0.000560 -29.271248
v -256.299805 0.000560 -30.416218
v -256.299805 8.938173 -30.416214
v -258.404175 0.000560 -30.028755
v -258.404175 8.938175 -30.028751
v -258.309296 8.938175 -29.182854
v -258.309296 0.000560 -29.182858
v -256.432556 0.000560 -30.249905
v -256.337677 0.000560 -29.404007
v -256.337677 8.938173 -29.404003
v -256.432556 8.938173 -30.249901
v -258.570496 9.009109 -30.161518
v -258.442047 9.009109 -29.016548
v -258.309296 9.009109 -29.182854
v -258.404175 9.009109 -30.028751
v -256.171387 9.009107 -29.271244
v -256.337677 9.009107 -29.404003
v -256.299805 9.009107 -30.416214
v -256.432556 9.009107 -30.249901
v -266.408966 -0.637837 -37.497822
v -252.354996 -0.637839 -39.074219
v -252.823364 -0.637839 -35.623592
v -251.967484 -0.637841 -27.993233
v -265.176666 -0.637841 -26.511593
v -251.978577 -0.637839 -35.718349
v -252.823364 0.000561 -35.623592
v -252.354996 0.000561 -39.074219
v -266.408966 0.000564 -37.497822
v -251.967484 0.000559 -27.993233
v -265.176666 0.000560 -26.511593
v -251.978577 0.000561 -35.718349
v -255.378448 5.077964 -37.025585
v -255.626541 2.982959 -39.237282
v -252.049896 2.982959 -39.638466
v -251.801819 5.077964 -37.426769
v -255.134705 2.979806 -34.852474
v -251.558060 2.979806 -35.253658
v -251.532288 3.044769 -35.023834
v -251.530304 3.084670 -35.006161
v -255.106949 3.084670 -34.604977
v -255.108917 3.044770 -34.622650
v -255.652313 3.044771 -39.467106
v -255.654297 3.084671 -39.484779
v -252.077652 3.084671 -39.885963
v -252.075668 3.044770 -39.868290
v -251.538223 3.031470 -35.076847
v -255.114868 3.031470 -34.675663
v -255.646362 3.031471 -39.414093
v -252.069733 3.031471 -39.815277
v -252.049896 3.190616 -39.638466
v -251.801819 5.276794 -37.426769
v -255.626541 3.190616 -39.237282
v -255.378464 5.276794 -37.025585
v -251.558060 3.190616 -35.253658
v -255.134705 3.190616 -34.852474
v -252.354996 2.986193 -39.074219
v -252.413834 2.983883 -39.598759
v -252.354996 3.479749 -39.074219
v -255.567825 3.479749 -38.713844
v -255.626663 2.983884 -39.238384
v -255.567825 2.986194 -38.713844
v -251.978577 2.979806 -35.718349
v -251.978577 3.467611 -35.718349
v -251.921967 2.979806 -35.213688
v -255.191406 3.467612 -35.357975
v -255.191406 2.979806 -35.357975
v -255.134796 2.979806 -34.853313
v -255.134705 3.184097 -34.852474
v -251.558060 3.184097 -35.253658
v -251.558060 3.031470 -35.253658
v -255.134705 3.031470 -34.852474
v -251.530304 3.184097 -35.006161
v -255.106949 3.184097 -34.604977
v -255.654297 3.184098 -39.484779
v -252.077652 3.184098 -39.885963
v -252.049896 3.031471 -39.638466
v -252.049896 3.184098 -39.638466
v -255.626541 3.184098 -39.237282
v -255.626541 3.031471 -39.237282
v -255.016983 0.000562 -33.803013
v -255.016983 2.979765 -33.803013
v -254.858963 2.766964 -32.394119
v -254.858963 0.851762 -32.394119
v -254.733490 2.766964 -31.275494
v -255.159317 2.979767 -35.071861
v -254.733490 0.851762 -31.275494
v -254.619003 0.000560 -30.254875
v -255.159317 0.000562 -35.071861
v -255.191406 0.000562 -35.357975
v -255.049789 2.766964 -32.372715
v -255.207809 2.979765 -33.781609
v -255.207825 0.000562 -33.781609
v -255.049789 0.851762 -32.372715
v -254.924316 2.766964 -31.254089
v -254.831818 3.405366 -30.429459
v -255.399002 3.405368 -35.486107
v -255.350143 2.979767 -35.050457
v -254.831818 0.000560 -30.429459
v -254.924316 0.851762 -31.254089
v -255.350143 0.000562 -35.050457
v -255.399002 0.000562 -35.486107
v -256.410583 0.000560 -30.053917
v -260.715424 1.064565 -38.136452
v -260.715424 2.979768 -38.136452
v -256.291534 2.766966 -38.632668
v -256.291534 0.851764 -38.632668
v -252.354996 3.405367 -39.074219
v -254.599747 2.766966 -38.822433
v -261.921844 2.979768 -38.001129
v -264.026794 0.000563 -37.765022
v -261.921844 1.064565 -38.001129
v -254.599747 0.851764 -38.822433
v -256.270142 2.766966 -38.441837
v -260.694000 2.979768 -37.945621
v -260.694000 1.064565 -37.945621
v -256.270142 0.851764 -38.441837
v -254.578339 2.766966 -38.631603
v -252.514099 3.405367 -38.863144
v -261.900452 2.979768 -37.810299
v -261.900452 1.064565 -37.810299
v -263.814545 0.000563 -37.595596
v -252.514099 0.000561 -38.863144
v -254.578339 0.851764 -38.631603
v -261.020203 2.979766 -29.536869
v -261.020203 1.064563 -29.536869
v -260.260498 0.000561 -29.622082
v -260.260498 2.979766 -29.622082
v -262.138824 1.064563 -29.411396
v -263.077972 0.000561 -29.306053
v -262.138824 2.979766 -29.411396
v -258.991669 2.979766 -29.764404
v -258.991669 0.000560 -29.764404
v -258.382202 0.000560 -29.832767
v -260.282501 0.000561 -29.818069
v -261.042175 1.064563 -29.732857
v -261.042175 2.979766 -29.732857
v -260.282501 2.979766 -29.818069
v -262.909119 0.000561 -29.523445
v -262.160797 1.064563 -29.607384
v -262.160797 2.979766 -29.607384
v -259.013641 2.979766 -29.960392
v -259.013641 0.000560 -29.960392
v -263.555939 0.000561 -33.567215
v -263.555939 2.979769 -33.567215
v -263.699249 2.979769 -34.844830
v -263.699249 1.064565 -34.844830
v -263.889008 2.979769 -36.536625
v -263.192230 2.979767 -30.324608
v -263.889008 1.064565 -36.536625
v -263.192230 0.000561 -30.324608
v -263.508423 2.979769 -34.866234
v -263.365112 2.979769 -33.588619
v -263.365112 0.000561 -33.588619
v -263.508423 1.064565 -34.866234
v -263.698181 2.979769 -36.558029
v -263.001404 2.979767 -30.346012
v -263.698181 1.064565 -36.558029
v -263.001404 0.000561 -30.346012
v -255.191406 3.479752 -35.357975
v -251.978577 3.479752 -35.718349
v -252.175858 0.000561 -35.847641
v -255.399002 3.479752 -35.486107
v -252.175858 3.479752 -35.847641
v -252.165634 5.077964 -37.385960
v -252.104050 2.979766 -36.836975
v -252.354996 3.479753 -39.074219
v -252.229523 2.979766 -37.955593
v -252.229523 1.064563 -37.955593
v -252.104050 1.064563 -36.836975
v -252.284561 2.979766 -36.816730
v -252.346130 5.077964 -37.365715
v -252.514099 3.479753 -38.863144
v -252.410034 2.979766 -37.935349
v -252.284561 1.064563 -36.816730
v -252.410034 1.064563 -37.935349
v -252.108002 1.100030 -36.872219
v -252.108002 2.944300 -36.872219
v -252.225571 1.100030 -37.920345
v -252.225571 2.944300 -37.920345
v -252.288513 2.944300 -36.851974
v -252.288513 1.100030 -36.851974
v -252.406082 1.100030 -37.900101
v -252.406082 2.944300 -37.900101
v -252.177917 1.135497 -36.900070
v -252.177917 1.933339 -36.900070
v -252.173965 1.968805 -36.864822
v -252.173965 1.100030 -36.864822
v -252.287582 1.135497 -37.877705
v -252.291534 1.100030 -37.912949
v -252.287582 1.933339 -37.877705
v -252.291534 1.968805 -37.912949
v -252.209213 1.968805 -36.860870
v -252.213165 1.933339 -36.896118
v -252.213165 1.135497 -36.896118
v -252.209213 1.100030 -36.860870
v -252.322815 1.135497 -37.873753
v -252.326782 1.100030 -37.908997
v -252.322815 1.933339 -37.873753
v -252.326782 1.968805 -37.908997
v -252.213165 2.004272 -36.896118
v -252.213165 2.908832 -36.896118
v -252.209213 2.944300 -36.860870
v -252.322815 2.004272 -37.873753
v -252.322815 2.908832 -37.873753
v -252.326782 2.944300 -37.908997
v -252.244446 2.944300 -36.856915
v -252.248413 2.908832 -36.892162
v -252.248413 2.004272 -36.892162
v -252.244461 1.968805 -36.856915
v -252.358063 2.004272 -37.869797
v -252.362015 1.968805 -37.905041
v -252.358063 2.908832 -37.869797
v -252.362015 2.944300 -37.905041
v -252.298706 1.933339 -37.876453
v -252.189056 1.933339 -36.898819
v -252.189056 1.135497 -36.898819
v -252.298706 1.135497 -37.876453
v -252.197861 1.135497 -36.897831
v -252.197861 1.933339 -36.897831
v -252.307526 1.933339 -37.875465
v -252.307526 1.135497 -37.875465
v -252.333954 2.908832 -37.872501
v -252.224304 2.908832 -36.894867
v -252.224304 2.004272 -36.894867
v -252.333954 2.004272 -37.872501
v -252.233109 2.004272 -36.893879
v -252.233109 2.908832 -36.893879
v -252.342773 2.908832 -37.871513
v -252.342773 2.004272 -37.871513
v -254.737442 0.887228 -31.310741
v -254.737442 2.731498 -31.310741
v -254.855011 0.887228 -32.358871
v -254.855011 2.731498 -32.358871
v -254.928268 2.731498 -31.289337
v -254.928268 0.887228 -31.289337
v -255.045837 0.887228 -32.337467
v -255.049789 0.851762 -32.372715
v -255.045837 2.731498 -32.337467
v -254.807343 0.922695 -31.338589
v -254.807343 1.720537 -31.338589
v -254.803391 1.756003 -31.303345
v -254.803391 0.887228 -31.303345
v -254.917007 0.922695 -32.316231
v -254.920959 0.887228 -32.351475
v -254.917007 1.720537 -32.316231
v -254.920959 1.756003 -32.351475
v -254.838638 1.756003 -31.299389
v -254.842590 1.720537 -31.334633
v -254.842590 0.922695 -31.334633
v -254.838638 0.887228 -31.299389
v -254.952255 0.922695 -32.312275
v -254.956207 0.887228 -32.347519
v -254.952255 1.720537 -32.312275
v -254.956207 1.756003 -32.347519
v -254.842590 1.791471 -31.334633
v -254.842590 2.696031 -31.334633
v -254.838638 2.731498 -31.299389
v -254.952255 1.791471 -32.312275
v -254.952255 2.696031 -32.312275
v -254.956207 2.731498 -32.347519
v -254.873886 2.731498 -31.295437
v -254.877838 2.696031 -31.330681
v -254.877838 1.791471 -31.330681
v -254.873886 1.756003 -31.295437
v -254.987503 1.791471 -32.308323
v -254.991455 1.756003 -32.343567
v -254.987503 2.696031 -32.308323
v -254.991455 2.731498 -32.343567
v -254.928146 1.720537 -32.314980
v -254.818481 1.720537 -31.337337
v -254.818481 0.922695 -31.337337
v -254.928146 0.922695 -32.314980
v -254.827301 0.922695 -31.336349
v -254.827301 1.720537 -31.336349
v -254.936951 1.720537 -32.313992
v -254.936951 0.922695 -32.313992
v -254.963394 2.696031 -32.311028
v -254.853729 2.696031 -31.333385
v -254.853729 1.791471 -31.333385
v -254.963394 1.791471 -32.311028
v -254.862549 1.791471 -31.332397
v -254.862549 2.696031 -31.332397
v -254.972198 2.696031 -32.310040
v -254.972198 1.791471 -32.310040
v -255.206253 1.599789 -34.781082
v -255.127182 1.599789 -34.076168
v -255.127182 1.380541 -34.076168
v -255.206253 1.380541 -34.781082
v -255.103455 2.908833 -33.864693
v -255.103455 0.023406 -33.864693
v -255.127182 0.284295 -34.076168
v -255.127182 0.503544 -34.076168
v -255.127182 0.722793 -34.076168
v -255.127182 0.942044 -34.076168
v -255.127182 1.161292 -34.076168
v -255.127182 1.819037 -34.076168
v -255.127182 2.038285 -34.076168
v -255.127182 2.257535 -34.076168
v -255.127182 2.476784 -34.076168
v -255.127182 2.696033 -34.076168
v -255.206253 0.284295 -34.781082
v -255.229965 0.023406 -34.992558
v -255.229965 2.908833 -34.992558
v -255.206253 2.696033 -34.781082
v -255.206253 2.476785 -34.781082
v -255.206253 2.257537 -34.781082
v -255.206253 2.038285 -34.781082
v -255.206253 1.819037 -34.781082
v -255.206253 1.161292 -34.781082
v -255.206253 0.942044 -34.781082
v -255.206253 0.722793 -34.781082
v -255.206253 0.503544 -34.781082
v -255.162430 1.380541 -34.072216
v -255.162430 1.599789 -34.072216
v -255.241486 1.599789 -34.777130
v -255.241486 1.380541 -34.777130
v -255.162430 0.284295 -34.072216
v -255.138702 0.023406 -33.860741
v -255.138702 2.908833 -33.860741
v -255.162430 0.503544 -34.072216
v -255.162430 2.696033 -34.072216
v -255.162430 2.476784 -34.072216
v -255.162430 2.257535 -34.072216
v -255.162430 2.038285 -34.072216
v -255.162430 1.819037 -34.072216
v -255.162430 1.161292 -34.072216
v -255.162430 0.942044 -34.072216
v -255.162430 0.722793 -34.072216
v -255.241486 0.284295 -34.777130
v -255.265213 0.023406 -34.988605
v -255.241486 2.696033 -34.777130
v -255.265213 2.908833 -34.988605
v -255.241486 2.476785 -34.777130
v -255.241486 0.503544 -34.777130
v -255.241486 0.722793 -34.777130
v -255.241486 0.942044 -34.777130
v -255.241486 1.161292 -34.777130
v -255.241486 1.819037 -34.777130
v -255.241486 2.038285 -34.777130
v -255.241486 2.257537 -34.777130
v -255.024902 0.023406 -33.873505
v -255.024902 2.908833 -33.873505
v -255.151398 0.023406 -35.001369
v -255.151398 2.908833 -35.001369
v -255.207825 2.979765 -33.781609
v -255.215729 2.908833 -33.852100
v -255.215729 0.023406 -33.852100
v -255.207825 0.000562 -33.781609
v -255.342239 0.023406 -34.979965
v -255.350143 0.000562 -35.050457
v -255.342239 2.908833 -34.979965
v -255.350143 2.979767 -35.050457
v -255.220093 0.503544 -34.779530
v -255.141022 0.503544 -34.074615
v -255.141022 0.284295 -34.074615
v -255.220093 0.284295 -34.779530
v -255.220093 0.942044 -34.779530
v -255.141022 0.942044 -34.074615
v -255.141022 0.722793 -34.074615
v -255.220093 0.722793 -34.779530
v -255.220093 1.380541 -34.779530
v -255.141022 1.380541 -34.074615
v -255.141022 1.161292 -34.074615
v -255.220093 1.161292 -34.779530
v -255.141022 2.476784 -34.074615
v -255.220093 2.476785 -34.779530
v -255.220093 2.696033 -34.779530
v -255.141022 2.696033 -34.074615
v -255.141022 2.038285 -34.074615
v -255.220093 2.038285 -34.779530
v -255.220093 2.257537 -34.779530
v -255.141022 2.257535 -34.074615
v -255.141022 1.599789 -34.074615
v -255.220093 1.599789 -34.779530
v -255.220093 1.819037 -34.779530
v -255.141022 1.819037 -34.074615
v -255.149841 0.284295 -34.073627
v -255.149841 0.503544 -34.073627
v -255.228912 0.503544 -34.778542
v -255.228912 0.284295 -34.778542
v -255.149841 0.722793 -34.073627
v -255.149841 0.942044 -34.073627
v -255.228912 0.942044 -34.778542
v -255.228912 0.722793 -34.778542
v -255.149841 1.161292 -34.073627
v -255.149841 1.380541 -34.073627
v -255.228912 1.380541 -34.778542
v -255.228912 1.161292 -34.778542
v -255.228912 2.696033 -34.778542
v -255.228912 2.476785 -34.778542
v -255.149841 2.476784 -34.073627
v -255.149841 2.696033 -34.073627
v -255.228912 2.257537 -34.778542
v -255.228912 2.038285 -34.778542
v -255.149841 2.038285 -34.073627
v -255.149841 2.257535 -34.073627
v -255.228912 1.819037 -34.778542
v -255.228912 1.599789 -34.778542
v -255.149841 1.599789 -34.073627
v -255.149841 1.819037 -34.073627
v -255.203247 1.219908 -34.849625
v -255.215103 1.219908 -34.955360
v -255.211151 1.255375 -34.920116
v -255.207199 1.255375 -34.884869
v -255.215103 1.326308 -34.955360
v -255.211151 1.290841 -34.920116
v -255.203247 1.326308 -34.849625
v -255.207199 1.290841 -34.884869
v -255.143372 1.255375 -34.927719
v -255.163254 1.255375 -34.889797
v -255.143372 1.290841 -34.927719
v -255.163254 1.290841 -34.889797
v -255.113831 1.255375 -34.664394
v -255.113831 1.290841 -34.664394
v -255.137665 1.290841 -34.661720
v -255.137665 1.255375 -34.661720
v -255.261368 1.219908 -34.843102
v -255.265320 1.255375 -34.878345
v -255.269287 1.255375 -34.913593
v -255.273239 1.219908 -34.948837
v -255.269287 1.290841 -34.913593
v -255.273239 1.326308 -34.948837
v -255.265320 1.290841 -34.878345
v -255.261368 1.326308 -34.843102
v -255.306213 1.255375 -34.873760
v -255.334015 1.255375 -34.906334
v -255.334015 1.290841 -34.906334
v -255.306213 1.290841 -34.873760
v -255.304474 1.255375 -34.643009
v -255.280640 1.255375 -34.645683
v -255.280640 1.290841 -34.645683
v -255.304474 1.290841 -34.643009
v -259.283020 1.599788 -29.816498
v -259.987946 1.599788 -29.737431
v -259.987946 1.380540 -29.737431
v -259.283020 1.380540 -29.816498
v -260.199402 2.908833 -29.713711
v -260.199402 0.023405 -29.713711
v -259.987946 0.284294 -29.737431
v -259.987946 0.503543 -29.737431
v -259.987946 0.722792 -29.737431
v -259.987946 0.942043 -29.737431
v -259.987946 1.161291 -29.737431
v -259.987946 1.819036 -29.737431
v -259.987946 2.038284 -29.737431
v -259.987946 2.257535 -29.737431
v -259.987946 2.476784 -29.737431
v -259.987946 2.696032 -29.737431
v -259.283020 0.284294 -29.816498
v -259.071533 0.023405 -29.840218
v -259.071533 2.908833 -29.840221
v -259.283020 2.696032 -29.816498
v -259.283020 2.476784 -29.816498
v -259.283020 2.257535 -29.816498
v -259.283020 2.038284 -29.816498
v -259.283020 1.819036 -29.816498
v -259.283020 1.161290 -29.816498
v -259.283020 0.942042 -29.816498
v -259.283020 0.722791 -29.816498
v -259.283020 0.503543 -29.816498
v -259.991882 1.380540 -29.772678
v -259.991882 1.599788 -29.772678
v -259.286957 1.599788 -29.851746
v -259.286957 1.380540 -29.851746
v -259.991882 0.284294 -29.772678
v -260.203369 0.023405 -29.748959
v -260.203369 2.908833 -29.748959
v -259.991882 0.503543 -29.772678
v -259.991882 2.696032 -29.772678
v -259.991882 2.476784 -29.772678
v -259.991882 2.257535 -29.772678
v -259.991882 2.038284 -29.772678
v -259.991882 1.819036 -29.772678
v -259.991882 1.161291 -29.772678
v -259.991882 0.942043 -29.772678
v -259.991882 0.722792 -29.772678
v -259.286957 0.284294 -29.851746
v -259.075500 0.023405 -29.875465
v -259.286957 2.696032 -29.851746
v -259.075500 2.908833 -29.875469
v -259.286957 2.476784 -29.851746
v -259.286957 0.503543 -29.851746
v -259.286957 0.722791 -29.851746
v -259.286957 0.942042 -29.851746
v -259.286957 1.161290 -29.851746
v -259.286957 1.819036 -29.851746
v -259.286957 2.038284 -29.851746
v -259.286957 2.257535 -29.851746
v -260.190582 0.023405 -29.635155
v -260.190582 2.908833 -29.635155
v -260.261078 2.979766 -29.627247
v -260.261078 0.000561 -29.627247
v -259.062744 0.023405 -29.761662
v -258.992249 0.000560 -29.769566
v -259.062744 2.908833 -29.761662
v -258.992249 2.979766 -29.769566
v -260.282501 2.979766 -29.818073
v -260.212006 2.908833 -29.825981
v -260.212006 0.023405 -29.825981
v -260.282501 0.000561 -29.818073
v -259.084137 0.023405 -29.952488
v -259.013641 0.000560 -29.960396
v -259.084137 2.908833 -29.952492
v -259.013641 2.979766 -29.960396
v -259.284576 0.503543 -29.830349
v -259.989471 0.503543 -29.751282
v -259.989471 0.284294 -29.751282
v -259.284576 0.284294 -29.830349
v -259.284576 0.942042 -29.830349
v -259.989471 0.942043 -29.751282
v -259.989471 0.722792 -29.751282
v -259.284576 0.722791 -29.830349
v -259.284576 1.380540 -29.830349
v -259.989471 1.380540 -29.751282
v -259.989471 1.161291 -29.751282
v -259.284576 1.161290 -29.830349
v -259.989471 2.476784 -29.751282
v -259.284576 2.476784 -29.830349
v -259.284576 2.696032 -29.830349
v -259.989471 2.696032 -29.751282
v -259.989471 2.038284 -29.751282
v -259.284576 2.038284 -29.830349
v -259.284576 2.257535 -29.830349
v -259.989471 2.257535 -29.751282
v -259.989471 1.599788 -29.751282
v -259.284576 1.599788 -29.830349
v -259.284576 1.819036 -29.830349
v -259.989471 1.819036 -29.751282
v -259.990479 0.284294 -29.760094
v -259.990479 0.503543 -29.760094
v -259.285553 0.503543 -29.839161
v -259.285553 0.284294 -29.839161
v -259.990479 0.722792 -29.760094
v -259.990479 0.942043 -29.760094
v -259.285553 0.942042 -29.839161
v -259.285553 0.722791 -29.839161
v -259.990479 1.161291 -29.760094
v -259.990479 1.380540 -29.760094
v -259.285553 1.380540 -29.839161
v -259.285553 1.161290 -29.839161
v -259.285553 2.696032 -29.839161
v -259.285553 2.476784 -29.839161
v -259.990479 2.476784 -29.760094
v -259.990479 2.696032 -29.760094
v -259.285553 2.257535 -29.839161
v -259.285553 2.038284 -29.839161
v -259.990479 2.038284 -29.760094
v -259.990479 2.257535 -29.760094
v -259.285553 1.819036 -29.839161
v -259.285553 1.599788 -29.839161
v -259.990479 1.599788 -29.760094
v -259.990479 1.819036 -29.760094
v -259.214478 1.219907 -29.813499
v -259.108734 1.219907 -29.825359
v -259.143982 1.255374 -29.821407
v -259.179230 1.255374 -29.817451
v -259.108734 1.326307 -29.825359
v -259.143982 1.290840 -29.821407
v -259.214478 1.326307 -29.813499
v -259.179230 1.290840 -29.817451
v -259.136383 1.255374 -29.753624
v -259.174316 1.255374 -29.773510
v -259.136383 1.290840 -29.753624
v -259.174316 1.290840 -29.773510
v -259.399719 1.255374 -29.724087
v -259.399719 1.290840 -29.724087
v -259.402374 1.290840 -29.747929
v -259.402374 1.255374 -29.747929
v -259.221008 1.219907 -29.871628
v -259.185760 1.255374 -29.875580
v -259.150513 1.255374 -29.879536
v -259.115265 1.219907 -29.883488
v -259.150513 1.290840 -29.879536
v -259.115265 1.326307 -29.883488
v -259.185760 1.290840 -29.875580
v -259.221008 1.326307 -29.871628
v -259.190338 1.255374 -29.916470
v -259.157776 1.255374 -29.944263
v -259.157776 1.290840 -29.944263
v -259.190338 1.290840 -29.916470
v -259.421082 1.255374 -29.914726
v -259.418427 1.255374 -29.890888
v -259.418427 1.290840 -29.890888
v -259.421082 1.290840 -29.914726
v -262.104156 1.100029 -29.420509
v -262.104156 2.944299 -29.420509
v -262.139404 2.979766 -29.416557
v -262.139404 1.064563 -29.416557
v -261.056030 1.100029 -29.538078
v -261.020782 1.064563 -29.542030
v -261.056030 2.944299 -29.538078
v -261.020782 2.979766 -29.542030
v -262.125549 2.944299 -29.611336
v -262.125549 1.100029 -29.611336
v -261.077423 1.100029 -29.728905
v -261.077423 2.944299 -29.728905
v -262.076294 1.135497 -29.490425
v -262.076294 1.933338 -29.490425
v -262.111542 1.968805 -29.486469
v -262.111542 1.100029 -29.486469
v -261.098663 1.135497 -29.600082
v -261.063416 1.100029 -29.604038
v -261.098663 1.933337 -29.600082
v -261.063416 1.968805 -29.604038
v -262.115509 1.968805 -29.521713
v -262.080261 1.933338 -29.525669
v -262.080261 1.135497 -29.525669
v -262.115509 1.100029 -29.521713
v -261.102631 1.135497 -29.635326
v -261.067383 1.100029 -29.639282
v -261.102631 1.933337 -29.635326
v -261.067383 1.968805 -29.639282
v -262.080261 2.004271 -29.525669
v -262.080261 2.908833 -29.525669
v -262.115509 2.944299 -29.521713
v -261.102631 2.004271 -29.635326
v -261.102631 2.908833 -29.635326
v -261.067383 2.944299 -29.639282
v -262.119446 2.944299 -29.556961
v -262.084198 2.908833 -29.560917
v -262.084198 2.004271 -29.560917
v -262.119446 1.968805 -29.556961
v -261.106567 2.004271 -29.670574
v -261.071320 1.968805 -29.674530
v -261.106567 2.908833 -29.670574
v -261.071320 2.944299 -29.674530
v -261.099915 1.933337 -29.611221
v -262.077545 1.933338 -29.501564
v -262.077545 1.135497 -29.501564
v -261.099915 1.135497 -29.611221
v -262.078552 1.135497 -29.510372
v -262.078552 1.933338 -29.510372
v -261.100891 1.933337 -29.620029
v -261.100891 1.135497 -29.620029
v -261.103851 2.908833 -29.646465
v -262.081512 2.908833 -29.536808
v -262.081512 2.004271 -29.536808
v -261.103851 2.004271 -29.646465
v -262.082489 2.004271 -29.545616
v -262.082489 2.908833 -29.545616
v -261.104858 2.908833 -29.655273
v -261.104858 2.004271 -29.655273
v -263.694214 1.100032 -36.522789
v -263.512360 1.100032 -34.901485
v -263.508423 1.064565 -34.866238
v -263.698181 1.064565 -36.558033
v -263.694214 2.944301 -36.522781
v -263.512360 2.944301 -34.901478
v -263.699249 1.064565 -34.844833
v -263.703186 1.100032 -34.880081
v -263.885040 1.100032 -36.501385
v -263.889008 1.064565 -36.536629
v -263.885040 2.944301 -36.501377
v -263.703186 2.944301 -34.880074
v -263.756226 1.135499 -36.480145
v -263.675629 1.135499 -35.761486
v -263.671661 1.100032 -35.726242
v -263.760193 1.100032 -36.515392
v -263.756226 2.908835 -36.480141
v -263.760193 2.944301 -36.515385
v -263.675629 2.908835 -35.761486
v -263.671661 2.944301 -35.726242
v -263.706909 1.100032 -35.722286
v -263.710876 1.135499 -35.757530
v -263.791473 1.135499 -36.476189
v -263.795441 1.100032 -36.511436
v -263.791473 2.908835 -36.476185
v -263.795441 2.944301 -36.511429
v -263.710876 2.908835 -35.757530
v -263.706909 2.944301 -35.722286
v -263.702972 1.135499 -35.687038
v -263.617523 1.135499 -34.925377
v -263.613586 1.100032 -34.890133
v -263.702972 2.908835 -35.687038
v -263.617523 2.908835 -34.925373
v -263.613586 2.944301 -34.890125
v -263.648804 1.100032 -34.886181
v -263.652771 1.135499 -34.921425
v -263.738220 1.135499 -35.683086
v -263.742157 1.100032 -35.718334
v -263.738190 2.908835 -35.683086
v -263.742157 2.944301 -35.718334
v -263.652771 2.908835 -34.921421
v -263.648804 2.944301 -34.886173
v -263.686768 2.908835 -35.760235
v -263.686768 1.135499 -35.760235
v -263.767365 1.135499 -36.478893
v -263.767365 2.908835 -36.478889
v -263.776184 1.135499 -36.477905
v -263.695557 1.135499 -35.759247
v -263.695557 2.908835 -35.759247
v -263.776184 2.908835 -36.477901
v -263.628662 2.908835 -34.924126
v -263.628662 1.135499 -34.924129
v -263.714111 1.135499 -35.685791
v -263.714111 2.908835 -35.685791
v -263.722900 1.135499 -35.684803
v -263.637482 1.135499 -34.923141
v -263.637482 2.908835 -34.923138
v -263.722900 2.908835 -35.684803
v -263.361145 0.036028 -33.553375
v -263.005341 0.036028 -30.381264
v -263.001404 0.000561 -30.346016
v -263.365112 0.000561 -33.588619
v -263.361145 2.944299 -33.553371
v -263.005341 2.944299 -30.381260
v -263.192230 0.000561 -30.324612
v -263.196167 0.036028 -30.359859
v -263.551971 0.036028 -33.531971
v -263.555939 0.000561 -33.567215
v -263.551971 2.944299 -33.531967
v -263.196167 2.944299 -30.359856
v -263.133331 0.248828 -31.223446
v -263.062164 0.248828 -30.589024
v -263.038452 0.036028 -30.377552
v -263.157043 0.036028 -31.434925
v -263.133331 2.731499 -31.223446
v -263.157043 2.944299 -31.434917
v -263.062164 2.731499 -30.589024
v -263.038452 2.944299 -30.377548
v -263.073700 0.036028 -30.373596
v -263.097412 0.248828 -30.585068
v -263.168579 0.248828 -31.219490
v -263.192291 0.036028 -31.430969
v -263.168579 2.731499 -31.219490
v -263.192291 2.944299 -31.430962
v -263.097412 2.731499 -30.585068
v -263.073700 2.944299 -30.373592
v -263.287170 0.248828 -32.276863
v -263.216034 0.248828 -31.642441
v -263.310913 0.036028 -32.488338
v -263.287170 2.731499 -32.276859
v -263.310913 2.944299 -32.488335
v -263.216034 2.731499 -31.642437
v -263.227539 0.036028 -31.427017
v -263.251251 0.248828 -31.638489
v -263.322418 0.248828 -32.272911
v -263.346161 0.036028 -32.484386
v -263.322418 2.731499 -32.272907
v -263.346161 2.944299 -32.484383
v -263.251251 2.731499 -31.638485
v -263.227539 2.944299 -31.427010
v -263.441040 0.248828 -33.330280
v -263.369873 0.248828 -32.695858
v -263.464752 0.036028 -33.541756
v -263.441040 2.731499 -33.330276
v -263.464752 2.944299 -33.541752
v -263.369873 2.731499 -32.695854
v -263.381409 0.036028 -32.480434
v -263.405121 0.248828 -32.691906
v -263.476288 0.248828 -33.326328
v -263.500000 0.036028 -33.537804
v -263.476288 2.731499 -33.326324
v -263.500000 2.944299 -33.537800
v -263.405121 2.731499 -32.691902
v -263.381409 2.944299 -32.480431
v -263.073303 2.731499 -30.587772
v -263.073303 0.248828 -30.587772
v -263.144470 0.248828 -31.222195
v -263.144470 2.731499 -31.222195
v -263.153290 0.248828 -31.221207
v -263.082123 0.248828 -30.586784
v -263.082123 2.731499 -30.586784
v -263.153290 2.731499 -31.221207
v -263.227173 2.731499 -31.641190
v -263.227173 0.248828 -31.641193
v -263.298309 0.248828 -32.275616
v -263.298309 2.731499 -32.275612
v -263.307129 0.248828 -32.274628
v -263.235962 0.248828 -31.640205
v -263.235962 2.731499 -31.640202
v -263.307129 2.731499 -32.274624
v -263.381012 2.731499 -32.694607
v -263.381012 0.248828 -32.694611
v -263.452179 0.248828 -33.329033
v -263.452179 2.731499 -33.329029
v -263.460968 0.248828 -33.328041
v -263.389832 0.248828 -32.693619
v -263.389832 2.731499 -32.693619
v -263.460968 2.731499 -33.328041
v -261.865204 1.100031 -37.814251
v -261.865204 2.944301 -37.814251
v -260.729248 1.100031 -37.941669
v -260.729248 2.944301 -37.941669
v -261.886627 2.944301 -38.005081
v -261.886627 1.100031 -38.005081
v -260.750671 1.100031 -38.132500
v -260.750671 2.944301 -38.132500
v -261.837372 1.135499 -37.884163
v -261.837372 1.933339 -37.884163
v -261.872620 1.968807 -37.880211
v -261.872620 1.100031 -37.880211
v -260.771912 1.135499 -38.003674
v -260.736664 1.100031 -38.007629
v -260.771912 1.933339 -38.003674
v -260.736664 1.968807 -38.007629
v -261.876556 1.968807 -37.915455
v -261.841309 1.933339 -37.919407
v -261.841309 1.135499 -37.919407
v -261.876556 1.100031 -37.915455
v -260.775848 1.135499 -38.038918
v -260.740601 1.100031 -38.042873
v -260.775848 1.933339 -38.038918
v -260.740601 1.968807 -38.042873
v -261.841309 2.004273 -37.919407
v -261.841309 2.908835 -37.919407
v -261.876556 2.944301 -37.915455
v -260.775848 2.004273 -38.038918
v -260.775848 2.908835 -38.038918
v -260.740601 2.944301 -38.042873
v -261.880524 2.944301 -37.950699
v -261.845276 2.908835 -37.954651
v -261.845276 2.004273 -37.954651
v -261.880524 1.968807 -37.950699
v -260.779816 2.004273 -38.074162
v -260.744568 1.968807 -38.078117
v -260.779816 2.908835 -38.074162
v -260.744568 2.944301 -38.078117
v -260.773132 1.933339 -38.014809
v -261.838623 1.933339 -37.895298
v -261.838623 1.135499 -37.895298
v -260.773132 1.135499 -38.014809
v -261.839600 1.135499 -37.904110
v -261.839600 1.933339 -37.904110
v -260.774139 1.933339 -38.023621
v -260.774139 1.135499 -38.023621
v -260.777100 2.908835 -38.050056
v -261.842560 2.908835 -37.930546
v -261.842560 2.004273 -37.930546
v -260.777100 2.004273 -38.050056
v -261.843567 2.004273 -37.939358
v -261.843567 2.908835 -37.939358
v -260.778076 2.908835 -38.058868
v -260.778076 2.004273 -38.058868
v -256.256287 0.887231 -38.636620
v -254.634995 0.887230 -38.818478
v -256.256287 2.731500 -38.636620
v -254.634995 2.731500 -38.818478
v -254.613586 0.887230 -38.627647
v -256.234894 0.887231 -38.445789
v -256.234894 2.731500 -38.445789
v -254.613586 2.731500 -38.627647
v -256.213654 0.922697 -38.574615
v -255.494995 0.922697 -38.655224
v -255.459747 0.887230 -38.659176
v -256.248901 0.887231 -38.570660
v -256.213654 2.696033 -38.574615
v -256.248901 2.731500 -38.570660
v -255.494995 2.696033 -38.655224
v -255.459747 2.731500 -38.659176
v -255.455795 0.887230 -38.623932
v -255.491043 0.922697 -38.619980
v -256.209686 0.922697 -38.539371
v -256.244934 0.887231 -38.535416
v -256.209686 2.696033 -38.539371
v -256.244934 2.731500 -38.535416
v -255.491043 2.696033 -38.619980
v -255.455795 2.731500 -38.623932
v -255.420563 0.922697 -38.627888
v -254.658890 0.922697 -38.713322
v -254.623642 0.887230 -38.717274
v -255.420563 2.696033 -38.627888
v -254.658890 2.696033 -38.713322
v -254.623642 2.731500 -38.717274
v -254.619690 0.887230 -38.682030
v -254.654938 0.922697 -38.678078
v -255.416595 0.922697 -38.592640
v -255.451843 0.887230 -38.588684
v -255.416595 2.696033 -38.592640
v -255.451843 2.731500 -38.588684
v -254.654938 2.696033 -38.678074
v -254.619690 2.731500 -38.682026
v -255.493744 2.696033 -38.644085
v -255.493744 0.922697 -38.644085
v -256.212402 0.922697 -38.563477
v -256.212402 2.696033 -38.563477
v -256.211426 0.922697 -38.554665
v -255.492767 0.922697 -38.635273
v -255.492767 2.696033 -38.635273
v -256.211426 2.696033 -38.554665
v -254.657639 2.696033 -38.702183
v -254.657639 0.922697 -38.702183
v -255.419312 0.922697 -38.616749
v -255.419312 2.696033 -38.616749
v -255.418320 0.922697 -38.607937
v -254.656647 0.922697 -38.693371
v -254.656647 2.696033 -38.693371
v -255.418320 2.696033 -38.607937
v -261.989532 5.143238 -37.800308
v -261.989532 6.349106 -37.800308
v -260.945862 5.143238 -37.917370
v -260.945862 6.349105 -37.917370
v -262.010925 6.349106 -37.991138
v -262.010925 5.143238 -37.991138
v -260.967285 5.143238 -38.108200
v -260.967285 6.349105 -38.108200
v -261.961670 5.178705 -37.870220
v -261.961670 5.675150 -37.870220
v -261.996918 5.710617 -37.866268
v -261.996918 5.143238 -37.866268
v -260.988525 5.178705 -37.979378
v -260.953278 5.143238 -37.983330
v -260.988525 5.675150 -37.979378
v -260.953278 5.710616 -37.983330
v -262.000885 5.710617 -37.901512
v -261.965637 5.675150 -37.905464
v -261.965637 5.178705 -37.905464
v -262.000885 5.143238 -37.901512
v -260.992462 5.178705 -38.014622
v -260.957214 5.143238 -38.018574
v -260.992462 5.675150 -38.014622
v -260.957214 5.710616 -38.018574
v -261.965637 5.746084 -37.905464
v -261.965637 6.313640 -37.905464
v -262.000885 6.349106 -37.901512
v -260.992462 5.746083 -38.014622
v -260.992462 6.313639 -38.014622
v -260.957214 6.349105 -38.018574
v -262.004822 6.349106 -37.936756
v -261.969574 6.313640 -37.940708
v -261.969574 5.746084 -37.940708
v -262.004822 5.710617 -37.936756
v -260.996429 5.746083 -38.049866
v -260.961182 5.710616 -38.053818
v -260.996429 6.313639 -38.049866
v -260.961182 6.349105 -38.053818
v -260.989777 5.675150 -37.990513
v -261.962921 5.675150 -37.881355
v -261.962921 5.178705 -37.881355
v -260.989777 5.178705 -37.990513
v -261.963898 5.178705 -37.890167
v -261.963898 5.675150 -37.890167
v -260.990753 5.675150 -37.999325
v -260.990753 5.178705 -37.999325
v -260.993713 6.313639 -38.025761
v -261.966888 6.313640 -37.916603
v -261.966888 5.746084 -37.916603
v -260.993713 5.746083 -38.025761
v -261.967865 5.746084 -37.925415
v -261.967865 6.313640 -37.925415
v -260.994720 6.313639 -38.034573
v -260.994720 5.746083 -38.034573
v -258.916168 4.575770 -38.338268
v -257.294861 4.575769 -38.520126
v -258.916168 6.349105 -38.338268
v -257.294861 6.349105 -38.520126
v -257.273468 4.575769 -38.329296
v -258.894775 4.575770 -38.147438
v -258.894775 6.349105 -38.147438
v -257.273468 6.349105 -38.329296
v -258.873535 4.611236 -38.276264
v -258.154877 4.611236 -38.356873
v -258.119629 4.575769 -38.360825
v -258.908752 4.575770 -38.272308
v -258.873535 6.313639 -38.276264
v -258.908752 6.349105 -38.272308
v -258.154877 6.313639 -38.356873
v -258.119629 6.349105 -38.360825
v -258.115662 4.575769 -38.325581
v -258.150909 4.611236 -38.321629
v -258.869568 4.611236 -38.241020
v -258.904816 4.575770 -38.237064
v -258.869568 6.313639 -38.241020
v -258.904816 6.349105 -38.237064
v -258.150909 6.313639 -38.321629
v -258.115662 6.349105 -38.325581
v -258.080414 4.611236 -38.329536
v -257.318756 4.611236 -38.414970
v -257.283508 4.575769 -38.418922
v -258.080414 6.313639 -38.329536
v -257.318756 6.313639 -38.414970
v -257.283508 6.349105 -38.418922
v -257.279572 4.575769 -38.383678
v -257.314819 4.611236 -38.379726
v -258.076477 4.611236 -38.294289
v -258.111725 4.575769 -38.290333
v -258.076477 6.313639 -38.294289
v -258.111725 6.349105 -38.290333
v -257.314789 6.313639 -38.379723
v -257.279572 6.349105 -38.383675
v -258.153625 6.313639 -38.345734
v -258.153625 4.611236 -38.345734
v -258.872284 4.611236 -38.265125
v -258.872284 6.313639 -38.265125
v -258.871277 4.611236 -38.256313
v -258.152618 4.611236 -38.336922
v -258.152618 6.313639 -38.336922
v -258.871277 6.313639 -38.256313
v -257.317505 6.313639 -38.403831
v -257.317505 4.611236 -38.403831
v -258.079163 4.611236 -38.318398
v -258.079163 6.313639 -38.318398
v -258.078186 4.611236 -38.309586
v -257.316528 4.611236 -38.395020
v -257.316528 6.313639 -38.395020
v -258.078186 6.313639 -38.309586
v -260.225250 4.575768 -29.626034
v -260.225250 6.349103 -29.626030
v -259.356598 4.575768 -29.723473
v -259.356598 6.349103 -29.723469
v -260.281921 6.384571 -29.812908
v -260.246674 6.349103 -29.816860
v -260.246674 4.575768 -29.816864
v -260.281921 4.540302 -29.812912
v -259.377991 4.575768 -29.914303
v -259.342743 4.540302 -29.918255
v -259.377991 6.349103 -29.914299
v -259.342743 6.384571 -29.918251
v -260.197418 4.611234 -29.695950
v -260.197418 5.115586 -29.695950
v -260.232666 5.151053 -29.691994
v -260.232666 4.575768 -29.691994
v -259.399231 4.611234 -29.785477
v -259.363983 4.575768 -29.789433
v -259.399231 5.115586 -29.785477
v -259.363983 5.151053 -29.789433
v -260.236603 5.151053 -29.727238
v -260.201355 5.115586 -29.731194
v -260.201355 4.611234 -29.731194
v -260.236603 4.575768 -29.727238
v -259.403198 4.611234 -29.820721
v -259.367950 4.575768 -29.824677
v -259.403198 5.115586 -29.820721
v -259.367950 5.151053 -29.824677
v -260.201355 5.186519 -29.731194
v -260.201355 6.313637 -29.731190
v -260.236603 6.349103 -29.727234
v -259.403198 5.186519 -29.820721
v -259.403198 6.313637 -29.820717
v -259.367950 6.349103 -29.824673
v -260.240570 6.349103 -29.762478
v -260.205322 6.313637 -29.766434
v -260.205322 5.186519 -29.766438
v -260.240570 5.151053 -29.762482
v -259.407135 5.186519 -29.855965
v -259.371887 5.151053 -29.859921
v -259.407135 6.313637 -29.855961
v -259.371887 6.349103 -29.859917
v -259.400482 5.115586 -29.796608
v -260.198669 5.115586 -29.707081
v -260.198669 4.611234 -29.707081
v -259.400482 4.611234 -29.796608
v -260.199646 4.611234 -29.715897
v -260.199646 5.115586 -29.715897
v -259.401489 5.115586 -29.805424
v -259.401489 4.611234 -29.805424
v -259.404449 6.313637 -29.831852
v -260.202606 6.313637 -29.742325
v -260.202606 5.186519 -29.742329
v -259.404449 5.186519 -29.831856
v -260.203613 5.186519 -29.751141
v -260.203613 6.313637 -29.751137
v -259.405426 6.313637 -29.840664
v -259.405426 5.186519 -29.840668
v -262.103577 4.575768 -29.415348
v -262.103577 6.349104 -29.415344
v -261.234894 4.575768 -29.512787
v -261.234894 6.349104 -29.512783
v -262.160217 6.384572 -29.602222
v -262.124969 6.349104 -29.606174
v -262.124969 4.575768 -29.606178
v -262.160217 4.540302 -29.602226
v -261.256317 4.575768 -29.703617
v -261.221069 4.540302 -29.707569
v -261.256317 6.349104 -29.703613
v -261.221069 6.384572 -29.707565
v -262.075714 4.611236 -29.485264
v -262.075714 5.115586 -29.485264
v -262.110962 5.151053 -29.481308
v -262.110962 4.575768 -29.481308
v -261.277557 4.611236 -29.574791
v -261.242310 4.575768 -29.578747
v -261.277557 5.115586 -29.574791
v -261.242310 5.151053 -29.578747
v -262.114929 5.151053 -29.516552
v -262.079681 5.115586 -29.520508
v -262.079681 4.611236 -29.520508
v -262.114929 4.575768 -29.516552
v -261.281494 4.611236 -29.610035
v -261.246246 4.575768 -29.613991
v -261.281494 5.115586 -29.610035
v -261.246246 5.151053 -29.613991
v -262.079681 5.186520 -29.520508
v -262.079681 6.313638 -29.520504
v -262.114929 6.349104 -29.516548
v -261.281494 5.186520 -29.610035
v -261.281494 6.313638 -29.610031
v -261.246246 6.349104 -29.613987
v -262.118866 6.349104 -29.551792
v -262.083618 6.313638 -29.555748
v -262.083618 5.186520 -29.555752
v -262.118866 5.151053 -29.551796
v -261.285461 5.186520 -29.645279
v -261.250214 5.151053 -29.649235
v -261.285461 6.313638 -29.645275
v -261.250214 6.349104 -29.649231
v -261.278809 5.115586 -29.585922
v -262.076965 5.115586 -29.496395
v -262.076965 4.611236 -29.496395
v -261.278809 4.611236 -29.585922
v -262.077972 4.611236 -29.505211
v -262.077972 5.115586 -29.505211
v -261.279785 5.115586 -29.594738
v -261.279785 4.611236 -29.594738
v -261.282745 6.313638 -29.621166
v -262.080933 6.313638 -29.531639
v -262.080933 5.186520 -29.531643
v -261.282745 5.186520 -29.621170
v -262.081909 5.186520 -29.540455
v -262.081909 6.313638 -29.540451
v -261.283752 6.313638 -29.629978
v -261.283752 5.186520 -29.629982
v -263.908386 4.575770 -36.709293
v -263.908386 6.349106 -36.709290
v -263.912323 4.540304 -36.744537
v -263.806488 4.575770 -35.800976
v -263.806488 6.349106 -35.800976
v -263.717529 6.349106 -36.730694
v -263.717529 4.575770 -36.730694
v -263.615662 4.575770 -35.822380
v -263.615662 6.349106 -35.822380
v -263.838470 4.611238 -36.681446
v -263.838470 5.115588 -36.681446
v -263.842407 5.151055 -36.716690
v -263.842407 4.575770 -36.716690
v -263.744476 4.611238 -35.843620
v -263.740540 4.575770 -35.808376
v -263.744476 5.115588 -35.843620
v -263.740540 5.151055 -35.808376
v -263.807159 5.151055 -36.720642
v -263.803223 5.115588 -36.685398
v -263.803223 4.611238 -36.685398
v -263.807159 4.575770 -36.720642
v -263.709229 4.611238 -35.847572
v -263.705292 4.575770 -35.812328
v -263.709229 5.115588 -35.847572
v -263.705292 5.151055 -35.812328
v -263.803223 5.186522 -36.685398
v -263.803223 6.313640 -36.685398
v -263.807159 6.349106 -36.720642
v -263.709229 5.186522 -35.847572
v -263.709229 6.313640 -35.847572
v -263.705292 6.349106 -35.812328
v -263.771912 6.349106 -36.724594
v -263.767975 6.313640 -36.689350
v -263.767975 5.186522 -36.689350
v -263.771912 5.151055 -36.724594
v -263.673981 5.186522 -35.851524
v -263.670044 5.151055 -35.816280
v -263.673981 6.313640 -35.851524
v -263.670044 6.349106 -35.816280
v -263.733337 5.115588 -35.844868
v -263.827332 5.115588 -36.682693
v -263.827332 4.611238 -36.682693
v -263.733337 4.611238 -35.844868
v -263.818512 4.611238 -36.683681
v -263.818512 5.115588 -36.683681
v -263.724548 5.115588 -35.845856
v -263.724548 4.611238 -35.845856
v -263.698090 6.313640 -35.848820
v -263.792084 6.313640 -36.686646
v -263.792084 5.186522 -36.686646
v -263.698090 5.186522 -35.848820
v -263.783264 5.186522 -36.687634
v -263.783264 6.313640 -36.687634
v -263.689301 6.313640 -35.849808
v -263.689301 5.186522 -35.849808
v -263.208801 5.568838 -30.472458
v -263.516418 5.568838 -33.215031
v -263.208801 6.349104 -30.472454
v -263.516418 6.349104 -33.215031
v -263.325592 5.568838 -33.236435
v -263.017975 5.568838 -30.493862
v -263.017975 6.349104 -30.493858
v -263.325592 6.349104 -33.236435
v -263.146790 5.604303 -30.515102
v -263.282898 5.604303 -31.728424
v -263.286835 5.568838 -31.763668
v -263.142853 5.568838 -30.479858
v -263.146790 6.313638 -30.515099
v -263.142853 6.349104 -30.479855
v -263.282898 6.313638 -31.728420
v -263.286835 6.349104 -31.763664
v -263.251617 5.568838 -31.767620
v -263.247650 5.604303 -31.732376
v -263.111542 5.604303 -30.519054
v -263.107605 5.568838 -30.483810
v -263.111542 6.313638 -30.519051
v -263.107605 6.349104 -30.483807
v -263.247650 6.313638 -31.732372
v -263.251617 6.349104 -31.767616
v -263.255554 5.604303 -31.802868
v -263.411285 5.604303 -33.191139
v -263.415222 5.568838 -33.226383
v -263.255554 6.313638 -31.802864
v -263.411285 6.313638 -33.191139
v -263.415222 6.349104 -33.226383
v -263.379974 5.568838 -33.230335
v -263.376038 5.604303 -33.195091
v -263.220306 5.604303 -31.806820
v -263.216370 5.568838 -31.771572
v -263.220306 6.313638 -31.806816
v -263.216370 6.349104 -31.771568
v -263.376038 6.313638 -33.195091
v -263.379974 6.349104 -33.230335
v -263.271759 6.313638 -31.729668
v -263.271759 5.604303 -31.729671
v -263.135651 5.604303 -30.516350
v -263.135651 6.313638 -30.516346
v -263.126862 5.604303 -30.517338
v -263.262939 5.604303 -31.730659
v -263.262939 6.313638 -31.730656
v -263.126862 6.313638 -30.517334
v -263.400146 6.313638 -33.192387
v -263.400146 5.604303 -33.192387
v -263.244415 5.604303 -31.804115
v -263.244415 6.313638 -31.804111
v -263.235596 5.604303 -31.805103
v -263.391327 5.604303 -33.193375
v -263.391327 6.313638 -33.193375
v -263.235596 6.313638 -31.805099
v -255.278076 4.575769 -34.393631
v -255.278076 6.349104 -34.393631
v -255.172684 4.575767 -33.454021
v -255.172684 6.349102 -33.454021
v -255.085663 6.349104 -34.415215
v -255.085663 4.575769 -34.415215
v -254.980270 4.575767 -33.475605
v -254.980270 6.349102 -33.475605
v -255.206573 4.611236 -34.365963
v -255.206573 5.115588 -34.365963
v -255.210526 5.151054 -34.401207
v -255.210526 4.575769 -34.401207
v -255.109085 4.611234 -33.496841
v -255.105133 4.575767 -33.461597
v -255.109085 5.115586 -33.496841
v -255.105133 5.151052 -33.461597
v -255.175278 5.151054 -34.405163
v -255.171326 5.115588 -34.369919
v -255.171326 4.611236 -34.369919
v -255.175278 4.575769 -34.405163
v -255.073837 4.611234 -33.500797
v -255.069885 4.575767 -33.465553
v -255.073837 5.115586 -33.500797
v -255.069885 5.151052 -33.465553
v -255.171326 5.186521 -34.369919
v -255.171326 6.313638 -34.369919
v -255.175278 6.349104 -34.405163
v -255.073837 5.186519 -33.500797
v -255.073837 6.313637 -33.500797
v -255.069885 6.349102 -33.465553
v -255.140045 6.349104 -34.409115
v -255.136078 6.313638 -34.373871
v -255.136078 5.186521 -34.373871
v -255.140045 5.151054 -34.409115
v -255.038605 5.186519 -33.504749
v -255.034637 5.151052 -33.469505
v -255.038605 6.313637 -33.504749
v -255.034637 6.349102 -33.469505
v -255.097946 5.115586 -33.498093
v -255.195435 5.115588 -34.367214
v -255.195435 4.611236 -34.367214
v -255.097946 4.611234 -33.498093
v -255.186630 4.611236 -34.368202
v -255.186630 5.115588 -34.368202
v -255.089142 5.115586 -33.499081
v -255.089142 4.611234 -33.499081
v -255.062714 6.313637 -33.502045
v -255.160187 6.313638 -34.371166
v -255.160187 5.186521 -34.371166
v -255.062714 5.186519 -33.502045
v -255.151382 5.186521 -34.372154
v -255.151382 6.313638 -34.372154
v -255.053894 6.313637 -33.503033
v -255.053894 5.186519 -33.503033
v -255.088364 4.575767 -32.702278
v -255.088364 6.349102 -32.702278
v -255.092316 6.384570 -32.737522
v -255.092316 4.540301 -32.737522
v -254.965912 4.575767 -31.610626
v -254.965912 6.349102 -31.610622
v -254.899902 6.384570 -32.759106
v -254.895935 6.349102 -32.723862
v -254.895935 4.575767 -32.723866
v -254.773499 4.575767 -31.632210
v -254.773499 6.349102 -31.632206
v -255.016861 4.611234 -32.674610
v -255.016861 5.115586 -32.674610
v -255.020813 5.151052 -32.709854
v -255.020813 4.575767 -32.709858
v -254.902313 4.611234 -31.653450
v -254.898361 4.575767 -31.618202
v -254.902313 5.115586 -31.653450
v -254.898361 5.151052 -31.618202
v -254.985565 5.151052 -32.713810
v -254.981613 5.115586 -32.678566
v -254.981613 4.611234 -32.678566
v -254.985565 4.575767 -32.713814
v -254.867081 4.611234 -31.657406
v -254.863129 4.575767 -31.622158
v -254.867081 5.115586 -31.657406
v -254.863129 5.151052 -31.622158
v -254.981613 5.186519 -32.678566
v -254.981613 6.313637 -32.678566
v -254.985565 6.349102 -32.713810
v -254.867081 5.186519 -31.657406
v -254.867081 6.313637 -31.657402
v -254.863129 6.349102 -31.622154
v -254.950317 6.349102 -32.717762
v -254.946365 6.313637 -32.682518
v -254.946365 5.186519 -32.682518
v -254.950317 5.151052 -32.717762
v -254.831833 5.186519 -31.661358
v -254.827881 5.151052 -31.626110
v -254.831833 6.313637 -31.661354
v -254.827881 6.349102 -31.626106
v -254.891174 5.115586 -31.654701
v -255.005722 5.115586 -32.675861
v -255.005722 4.611234 -32.675861
v -254.891174 4.611234 -31.654701
v -254.996918 4.611234 -32.676849
v -254.996918 5.115586 -32.676849
v -254.882370 5.115586 -31.655689
v -254.882370 4.611234 -31.655689
v -254.855942 6.313637 -31.658649
v -254.970474 6.313637 -32.679813
v -254.970474 5.186519 -32.679813
v -254.855942 5.186519 -31.658653
v -254.961670 5.186519 -32.680801
v -254.961670 6.313637 -32.680801
v -254.847122 6.313637 -31.659637
v -254.847122 5.186519 -31.659641
v -255.378433 5.312261 -37.025383
v -251.801788 5.312260 -37.426567
v -251.902298 5.229609 -37.527199
v -255.302719 5.229606 -37.145782
v -252.054031 3.212736 -39.675304
v -252.133896 3.282045 -39.591942
v -255.630676 3.212737 -39.274120
v -255.534317 3.282047 -39.210526
v -255.130554 3.212500 -34.815388
v -251.553909 3.212499 -35.216572
v -251.650177 3.282280 -35.279377
v -255.050583 3.282280 -34.897961
v -251.877625 5.228900 -37.307117
v -255.278030 5.228900 -36.925701
v -251.898178 5.207488 -37.490364
v -255.298584 5.207485 -37.108948
v -252.129761 3.259925 -39.555107
v -255.530182 3.259926 -39.173691
v -251.654327 3.260397 -35.316460
v -255.054749 3.260398 -34.935040
v -251.881775 5.207016 -37.344204
v -255.282196 5.207017 -36.962788
v -251.963089 3.226082 -39.648003
v -251.715012 5.312260 -37.436302
v -251.715012 5.186392 -37.436302
v -251.963089 3.091389 -39.648003
v -251.471268 3.226082 -35.263191
v -251.471268 3.091388 -35.263191
v -251.801788 5.186392 -37.426567
v -252.049866 3.226082 -39.638268
v -252.049866 3.091389 -39.638268
v -251.558044 3.091388 -35.253456
v -251.558044 3.226082 -35.253456
v -263.160767 4.360323 -29.335186
v -266.320526 3.222560 -37.418518
v -265.121063 3.222556 -26.725021
v -252.835083 3.222749 -35.019958
v -254.544785 4.360129 -30.301495
v -252.068954 3.222747 -28.189720
v -252.166214 3.220690 -28.051407
v -263.028320 4.362187 -29.231155
v -264.995026 3.220690 -26.612431
v -251.785995 3.051306 -27.874298
v -251.967484 3.182389 -27.993233
v -251.770203 3.091207 -27.863945
v -265.327271 3.051308 -26.355404
v -265.287933 3.038008 -26.396206
v -265.340393 3.091208 -26.341808
v -251.770203 3.182389 -27.863945
v -252.823364 3.038010 -35.623592
v -252.823364 3.182391 -35.623592
v -251.967484 3.038007 -27.993233
v -265.176666 3.182390 -26.511593
v -265.176666 3.038008 -26.511593
v -266.408966 3.182394 -37.497822
v -252.695724 3.038010 -35.637909
v -252.656067 3.051310 -35.642357
v -252.052917 3.254327 -28.191521
v -252.164505 3.252676 -28.036182
v -252.642853 3.091210 -35.643841
v -265.340393 3.182390 -26.341808
v -266.576233 3.051312 -37.479057
v -251.833405 3.038007 -27.905369
v -265.137024 3.254174 -26.723228
v -264.993317 3.252678 -26.597206
v -263.085571 4.433972 -29.297176
v -264.111420 4.391944 -37.666306
v -263.176758 4.391942 -29.333397
v -266.424927 3.214013 -37.496029
v -266.336487 3.254178 -37.416725
v -254.609558 4.433961 -30.247925
v -254.649277 4.394174 -30.155594
v -254.528748 4.391713 -30.303295
v -265.183868 3.215877 -26.502411
v -252.746735 3.213971 -35.085320
v -255.165497 4.391715 -35.980015
v -252.819046 3.254329 -35.021759
v -255.259857 4.432073 -36.112984
v -263.077972 4.400491 -29.306053
v -264.095459 4.360325 -37.668095
v -254.650986 4.362187 -30.170818
v -252.762772 3.182391 -35.083519
v -255.181534 4.360131 -35.978214
v -266.589447 3.182394 -37.477573
v -266.589447 3.091212 -37.477573
v -255.275894 4.400493 -36.111183
v -266.408966 3.038012 -37.497822
v -264.026794 4.400493 -37.765022
v -263.026611 4.394175 -29.215931
v -264.042755 4.432112 -37.763233
v -263.160614 4.360007 -29.335205
v -265.120880 3.222239 -26.725037
v -266.320343 3.222243 -37.418533
v -251.958389 3.215868 -27.985851
v -254.619003 4.400491 -30.254875
v -252.835251 3.222433 -35.019943
v -252.069122 3.222430 -28.189705
v -254.544952 4.359814 -30.301476
v -252.166229 3.220370 -28.051563
v -264.995026 3.220370 -26.612587
v -263.028320 4.361868 -29.231308
v -251.787354 3.051996 -27.874790
v -251.770660 3.091259 -27.864613
v -251.967636 3.181869 -27.992859
v -265.326599 3.051081 -26.353771
v -265.357574 3.085736 -26.324497
v -265.288147 3.038429 -26.396477
v -251.771133 3.181720 -27.864174
v -251.961639 3.048712 -27.993813
v -252.822968 3.182036 -35.623283
v -265.176392 3.181482 -26.511452
v -265.177551 3.039554 -26.511391
v -266.409271 3.182039 -37.497425
v -252.695740 3.038386 -35.637573
v -252.656601 3.051554 -35.642040
v -251.969788 3.183125 -27.994255
v -252.164230 3.252182 -28.036060
v -252.052979 3.253627 -28.190998
v -252.643188 3.091272 -35.643467
v -265.342194 3.181729 -26.342430
v -266.575653 3.051554 -37.478859
v -266.336731 3.253026 -37.416809
v -266.407227 3.182978 -37.495724
v -264.110382 4.391440 -37.666531
v -251.833252 3.038429 -27.905682
v -265.136505 3.253560 -26.722862
v -264.993591 3.252050 -26.597305
v -265.176727 3.182674 -26.511093
v -263.087799 4.431739 -29.296463
v -263.176239 4.391673 -29.333378
v -266.424286 3.213635 -37.495312
v -254.607254 4.431736 -30.247719
v -254.529236 4.391444 -30.303165
v -254.648956 4.393822 -30.156139
v -265.184387 3.215747 -26.502686
v -252.747559 3.213858 -35.085186
v -252.819244 3.253689 -35.022190
v -255.166016 4.391447 -35.979916
v -255.259781 4.431706 -36.113708
v -263.078217 4.400258 -29.305176
v -263.160828 4.360891 -29.334759
v -263.028503 4.362651 -29.231243
v -264.095856 4.361201 -37.668781
v -266.321045 3.222716 -37.418819
v -265.121765 3.223169 -26.724407
v -252.068130 3.223365 -28.189270
v -254.544647 4.360697 -30.301090
v -254.650818 4.362649 -30.170948
v -252.765015 3.183421 -35.082298
v -252.834625 3.222873 -35.020252
v -255.180832 4.361662 -35.979744
v -252.165955 3.220891 -28.050964
v -264.996582 3.223399 -26.611134
v -266.589050 3.091274 -37.477280
v -266.589050 3.182037 -37.477261
v -255.276428 4.401056 -36.111168
v -264.095306 4.360009 -37.668114
v -255.181702 4.359816 -35.978195
v -254.651001 4.361867 -30.170971
v -266.409271 3.038367 -37.497425
v -252.822968 3.038365 -35.623283
v -263.027039 4.393823 -29.216389
v -264.043732 4.431148 -37.763023
v -251.960449 3.214965 -27.986160
v -264.026917 4.400816 -37.763676
v -254.618561 4.400257 -30.254074
v -252.642853 3.182391 -35.643841
v -266.536591 3.038012 -37.483505
v -252.643173 3.182035 -35.643452
v -266.536499 3.038387 -37.483177
v -252.823364 2.980125 -35.623592
v -251.967484 2.980123 -27.993233
v -265.176666 2.980123 -26.511593
v -266.408966 2.980127 -37.497822
v -263.077972 2.980125 -29.306053
v -254.619003 2.980123 -30.254875
v -264.026794 2.980127 -37.765022
v -255.191406 2.980125 -35.357975
v -252.670151 1.277362 -33.357796
v -252.646423 1.277362 -33.146320
v -252.590988 1.277362 -33.102070
v -252.625900 1.277362 -33.413235
v -252.857910 1.277362 -33.122601
v -252.902161 1.277362 -33.067165
v -252.881622 1.277362 -33.334076
v -252.937057 1.277362 -33.378330
v -252.646423 2.885398 -33.146320
v -252.670151 2.885398 -33.357796
v -252.625900 2.885398 -33.413235
v -252.590988 2.885398 -33.102070
v -252.881622 2.885398 -33.334076
v -252.937057 2.885398 -33.378330
v -252.857910 2.885398 -33.122601
v -252.902161 2.885398 -33.067165
v -252.625900 0.106960 -33.413235
v -252.590988 0.106960 -33.102070
v -252.535553 0.106960 -33.057816
v -252.581650 0.106960 -33.468666
v -252.902161 0.106960 -33.067165
v -252.946411 0.106960 -33.011734
v -252.937057 0.106960 -33.378330
v -252.992493 0.106960 -33.422585
v -252.402512 1.277362 -30.971752
v -252.378799 1.277362 -30.760281
v -252.323364 1.277362 -30.716026
v -252.358261 1.277362 -31.027195
v -252.590271 1.277362 -30.736561
v -252.634521 1.277362 -30.681122
v -252.613983 1.277362 -30.948032
v -252.669418 1.277362 -30.992290
v -252.378799 2.885398 -30.760281
v -252.402512 2.885398 -30.971752
v -252.358261 2.885398 -31.027195
v -252.323364 2.885398 -30.716026
v -252.613983 2.885398 -30.948032
v -252.669418 2.885398 -30.992290
v -252.590271 2.885398 -30.736561
v -252.634521 2.885398 -30.681122
v -252.358261 0.106960 -31.027195
v -252.323364 0.106960 -30.716026
v -252.267929 0.106960 -30.671772
v -252.314011 0.106960 -31.082626
v -252.634521 0.106960 -30.681122
v -252.678772 0.106960 -30.625690
v -252.669418 0.106960 -30.992290
v -252.724854 0.106960 -31.036545
v -252.102066 1.277362 -28.293217
v -252.078354 1.277362 -28.081745
v -252.022919 1.277362 -28.037483
v -252.057816 1.277362 -28.348656
v -252.289825 1.277362 -28.058025
v -252.334076 1.277362 -28.002579
v -252.313538 1.277362 -28.269497
v -252.368973 1.277362 -28.313751
v -252.078354 2.885396 -28.081745
v -252.102066 2.885396 -28.293217
v -252.057816 2.885396 -28.348656
v -252.022919 2.885396 -28.037483
v -252.313538 2.885396 -28.269497
v -252.368973 2.885396 -28.313751
v -252.289825 2.885396 -28.058025
v -252.334076 2.885396 -28.002579
v -252.057816 0.106960 -28.348656
v -252.022919 0.106960 -28.037483
v -251.967484 0.106960 -27.993233
v -252.013565 0.106960 -28.404083
v -252.334076 0.106960 -28.002579
v -252.378326 0.106960 -27.947151
v -252.368973 0.106960 -28.313751
v -252.424408 0.106960 -28.358002
v -254.919662 1.277363 -27.977173
v -254.895935 1.277363 -27.765701
v -254.840500 1.277363 -27.721439
v -254.875412 1.277363 -28.032612
v -255.107422 1.277363 -27.741982
v -255.151672 1.277363 -27.686539
v -255.131134 1.277363 -27.953453
v -255.186569 1.277363 -27.997711
v -254.895935 2.885399 -27.765701
v -254.919662 2.885399 -27.977173
v -254.875412 2.885399 -28.032612
v -254.840500 2.885399 -27.721439
v -255.131134 2.885399 -27.953453
v -255.186569 2.885399 -27.997711
v -255.107422 2.885399 -27.741982
v -255.151672 2.885399 -27.686539
v -254.875412 0.106960 -28.032612
v -254.840500 0.106960 -27.721439
v -254.785065 0.106960 -27.677193
v -254.831161 0.106960 -28.088043
v -255.151672 0.106960 -27.686539
v -255.195923 0.106959 -27.631107
v -255.186569 0.106960 -27.997711
v -255.242004 0.106960 -28.041958
v -257.952240 1.277363 -27.637016
v -257.928528 1.277361 -27.425545
v -257.873108 1.277361 -27.381283
v -257.907990 1.277363 -27.692455
v -258.140015 1.277361 -27.401825
v -258.184265 1.277361 -27.346378
v -258.163727 1.277363 -27.613297
v -258.219177 1.277363 -27.657551
v -257.928528 2.885399 -27.425545
v -257.952240 2.885399 -27.637016
v -257.907990 2.885399 -27.692455
v -257.873108 2.885399 -27.381283
v -258.163727 2.885399 -27.613297
v -258.219177 2.885399 -27.657551
v -258.140015 2.885399 -27.401825
v -258.184265 2.885399 -27.346378
v -257.907990 0.106961 -27.692455
v -257.873108 0.106959 -27.381283
v -257.817657 0.106959 -27.337032
v -257.863739 0.106961 -27.747883
v -258.184265 0.106959 -27.346378
v -258.228516 0.106959 -27.290947
v -258.219177 0.106961 -27.657551
v -258.274597 0.106961 -27.701797
v -260.771973 1.277361 -27.320732
v -260.748260 1.277361 -27.109261
v -260.692841 1.277361 -27.064999
v -260.727722 1.277361 -27.376171
v -260.959747 1.277361 -27.085541
v -261.003998 1.277361 -27.030094
v -260.983459 1.277361 -27.297012
v -261.038910 1.277361 -27.341267
v -260.748260 2.885400 -27.109261
v -260.771973 2.885400 -27.320732
v -260.727722 2.885400 -27.376171
v -260.692841 2.885398 -27.064999
v -260.983459 2.885400 -27.297012
v -261.038910 2.885400 -27.341267
v -260.959747 2.885400 -27.085541
v -261.003998 2.885398 -27.030094
v -260.727722 0.106959 -27.376171
v -260.692841 0.106959 -27.064999
v -260.637390 0.106959 -27.020752
v -260.683472 0.106959 -27.431602
v -261.003998 0.106959 -27.030094
v -261.048248 0.106959 -26.974667
v -261.038910 0.106959 -27.341267
v -261.094330 0.106959 -27.385517
v -262.813538 1.277361 -27.091736
v -262.789825 1.277361 -26.880264
v -262.734375 1.277361 -26.836002
v -262.769287 1.277361 -27.147175
v -263.001282 1.277361 -26.856544
v -263.045532 1.277361 -26.801102
v -263.025024 1.277361 -27.068016
v -263.080444 1.277361 -27.112274
v -262.789825 2.885398 -26.880264
v -262.813538 2.885400 -27.091736
v -262.769287 2.885400 -27.147175
v -262.734375 2.885398 -26.836002
v -263.025024 2.885398 -27.068016
v -263.080444 2.885400 -27.112274
v -263.001282 2.885398 -26.856544
v -263.045532 2.885398 -26.801102
v -262.769287 0.106960 -27.147175
v -262.734375 0.106960 -26.836002
v -262.678955 0.106960 -26.791756
v -262.725037 0.106960 -27.202606
v -263.045532 0.106960 -26.801102
v -263.089813 0.106960 -26.745670
v -263.080444 0.106960 -27.112274
v -263.135895 0.106960 -27.156521
v -264.900391 1.277361 -26.857658
v -264.876678 1.277361 -26.646187
v -264.821228 1.277361 -26.601925
v -264.856140 1.277361 -26.913097
v -265.088135 1.277361 -26.622467
v -265.132416 1.277361 -26.567020
v -265.111877 1.277361 -26.833939
v -265.167297 1.277361 -26.878193
v -264.876678 2.885399 -26.646187
v -264.900391 2.885399 -26.857658
v -264.856140 2.885399 -26.913097
v -264.821228 2.885399 -26.601925
v -265.111877 2.885399 -26.833939
v -265.167297 2.885399 -26.878193
v -265.088135 2.885399 -26.622467
v -265.132416 2.885399 -26.567020
v -264.856140 0.106960 -26.913097
v -264.821228 0.106960 -26.601925
v -264.765808 0.106960 -26.557678
v -264.811890 0.106960 -26.968529
v -265.132416 0.106960 -26.567020
v -265.176666 0.106960 -26.511593
v -265.167297 0.106960 -26.878193
v -265.222748 0.106960 -26.922443
v -265.221344 1.277363 -29.719109
v -265.197632 1.277363 -29.507633
v -265.142212 1.277363 -29.463383
v -265.177094 1.277363 -29.774548
v -265.409119 1.277363 -29.483913
v -265.453369 1.277363 -29.428478
v -265.432831 1.277363 -29.695389
v -265.488281 1.277363 -29.739643
v -265.197632 2.885401 -29.507633
v -265.221344 2.885401 -29.719109
v -265.177094 2.885401 -29.774548
v -265.142212 2.885401 -29.463383
v -265.432831 2.885401 -29.695389
v -265.488281 2.885401 -29.739643
v -265.409119 2.885401 -29.483913
v -265.453369 2.885401 -29.428478
v -265.177094 0.106962 -29.774548
v -265.142212 0.106962 -29.463383
v -265.086761 0.106962 -29.419132
v -265.132843 0.106962 -29.829983
v -265.453369 0.106962 -29.428478
v -265.497620 0.106962 -29.373047
v -265.488281 0.106962 -29.739643
v -265.543701 0.106962 -29.783897
v -265.702789 1.277364 -34.011265
v -265.679077 1.277364 -33.799789
v -265.623627 1.277364 -33.755539
v -265.658539 1.277365 -34.066700
v -265.890564 1.277364 -33.776070
v -265.934814 1.277364 -33.720634
v -265.914276 1.277364 -33.987545
v -265.969696 1.277365 -34.031796
v -265.679077 2.885401 -33.799789
v -265.702789 2.885401 -34.011265
v -265.658539 2.885401 -34.066700
v -265.623627 2.885401 -33.755539
v -265.914276 2.885401 -33.987545
v -265.969696 2.885401 -34.031796
v -265.890564 2.885401 -33.776070
v -265.934814 2.885401 -33.720634
v -265.658539 0.106964 -34.066700
v -265.623627 0.106963 -33.755539
v -265.568207 0.106962 -33.711281
v -265.614288 0.106964 -34.122135
v -265.934814 0.106962 -33.720634
v -265.979065 0.106962 -33.665195
v -265.969696 0.106964 -34.031796
v -266.025146 0.106964 -34.076050
v -266.086609 1.277365 -37.433033
v -266.062897 1.277365 -37.221558
v -266.007446 1.277365 -37.177299
v -266.042358 1.277365 -37.488468
v -266.274353 1.277365 -37.197838
v -266.318604 1.277365 -37.142395
v -266.298096 1.277365 -37.409313
v -266.353516 1.277365 -37.453564
v -266.062897 2.885403 -37.221558
v -266.086609 2.885403 -37.433033
v -266.042358 2.885403 -37.488468
v -266.007446 2.885403 -37.177299
v -266.298096 2.885403 -37.409313
v -266.353516 2.885403 -37.453564
v -266.274353 2.885403 -37.197838
v -266.318604 2.885403 -37.142395
v -266.042358 0.106964 -37.488468
v -266.007446 0.106964 -37.177299
v -265.952026 0.106964 -37.133049
v -265.998108 0.106964 -37.543907
v -266.318604 0.106964 -37.142395
v -266.362885 0.106964 -37.086964
v -266.353516 0.106964 -37.453564
v -266.408966 0.106964 -37.497822
v -252.581650 0.000559 -33.468666
v -252.535553 0.000559 -33.057816
v -252.992493 0.000559 -33.422585
v -252.946411 0.000559 -33.011734
v -252.625900 2.979765 -33.413235
v -252.590988 2.979765 -33.102070
v -252.937057 2.979765 -33.378330
v -252.902161 2.979765 -33.067165
v -252.314011 0.000559 -31.082626
v -252.267929 0.000559 -30.671772
v -252.724854 0.000559 -31.036545
v -252.678772 0.000559 -30.625690
v -252.358261 2.979765 -31.027195
v -252.323364 2.979765 -30.716026
v -252.669418 2.979765 -30.992290
v -252.634521 2.979765 -30.681122
v -252.013565 0.000559 -28.404083
v -252.424408 0.000559 -28.358002
v -252.378326 0.000559 -27.947151
v -252.057816 2.979764 -28.348656
v -252.022919 2.979764 -28.037483
v -252.368973 2.979764 -28.313751
v -252.334076 2.979764 -28.002579
v -254.831161 0.000560 -28.088043
v -254.785065 0.000560 -27.677193
v -255.242004 0.000560 -28.041958
v -255.195923 0.000560 -27.631107
v -254.875412 2.979764 -28.032612
v -254.840500 2.979764 -27.721439
v -255.186569 2.979764 -27.997711
v -255.151672 2.979764 -27.686539
v -257.863739 0.000560 -27.747883
v -257.817657 0.000558 -27.337032
v -258.274597 0.000560 -27.701797
v -258.228516 0.000558 -27.290947
v -257.907990 2.979765 -27.692455
v -257.873108 2.979765 -27.381283
v -258.219177 2.979765 -27.657551
v -258.184265 2.979765 -27.346378
v -260.683472 0.000559 -27.431602
v -260.637390 0.000559 -27.020752
v -261.094330 0.000559 -27.385517
v -261.048248 0.000559 -26.974667
v -260.727722 2.979765 -27.376171
v -260.692841 2.979764 -27.064999
v -261.038910 2.979765 -27.341267
v -261.003998 2.979764 -27.030094
v -262.725037 0.000559 -27.202606
v -262.678955 0.000559 -26.791756
v -263.135895 0.000559 -27.156521
v -263.089813 0.000559 -26.745670
v -262.769287 2.979767 -27.147175
v -262.734375 2.979765 -26.836002
v -263.080444 2.979767 -27.112274
v -263.045532 2.979765 -26.801102
v -264.811890 0.000559 -26.968529
v -264.765808 0.000559 -26.557678
v -265.222748 0.000560 -26.922443
v -264.856140 2.979765 -26.913097
v -264.821228 2.979765 -26.601925
v -265.167297 2.979765 -26.878193
v -265.132416 2.979765 -26.567020
v -265.132843 0.000561 -29.829983
v -265.086761 0.000561 -29.419132
v -265.543701 0.000562 -29.783897
v -265.497620 0.000562 -29.373047
v -265.177094 2.979767 -29.774548
v -265.142212 2.979767 -29.463383
v -265.488281 2.979767 -29.739643
v -265.453369 2.979767 -29.428478
v -265.614288 0.000563 -34.122135
v -265.568207 0.000561 -33.711281
v -266.025146 0.000564 -34.076050
v -265.979065 0.000562 -33.665195
v -265.658539 2.979769 -34.066700
v -265.623627 2.979769 -33.755539
v -265.969696 2.979769 -34.031796
v -265.934814 2.979769 -33.720634
v -265.998108 0.000563 -37.543907
v -265.952026 0.000563 -37.133049
v -266.362885 0.000564 -37.086964
v -266.042358 2.979769 -37.488468
v -266.007446 2.979769 -37.177299
v -266.353516 2.979769 -37.453564
v -266.318604 2.979769 -37.142395
v -252.178146 1.064561 -28.335155
v -252.248642 1.064561 -28.327251
v -252.781830 1.064561 -33.080666
v -252.711334 1.064561 -33.088570
v -252.178146 1.135495 -28.335155
v -252.711334 1.135495 -33.088570
v -252.781830 1.135495 -33.080666
v -252.248642 1.135495 -28.327251
v -252.710419 0.000559 -32.921326
v -252.714371 0.000559 -32.956570
v -252.714371 1.064561 -32.956570
v -252.710419 1.064561 -32.921326
v -252.749619 0.000559 -32.952618
v -252.749619 1.064561 -32.952618
v -252.745667 0.000559 -32.917374
v -252.745667 1.064561 -32.917374
v -252.692291 0.000559 -32.759712
v -252.696243 0.000559 -32.794960
v -252.696243 1.064561 -32.794960
v -252.692291 1.064561 -32.759712
v -252.731491 0.000559 -32.791008
v -252.731491 1.064561 -32.791008
v -252.727539 0.000559 -32.755760
v -252.727539 1.064561 -32.755760
v -252.674164 0.000559 -32.598106
v -252.678116 0.000559 -32.633350
v -252.678116 1.064561 -32.633350
v -252.674164 1.064561 -32.598106
v -252.713364 0.000559 -32.629398
v -252.713364 1.064561 -32.629398
v -252.709412 0.000559 -32.594154
v -252.709412 1.064561 -32.594154
v -252.656036 0.000559 -32.436493
v -252.659988 0.000559 -32.471737
v -252.659988 1.064561 -32.471737
v -252.656036 1.064561 -32.436493
v -252.695236 0.000559 -32.467785
v -252.695236 1.064561 -32.467785
v -252.691284 0.000559 -32.432541
v -252.691284 1.064561 -32.432541
v -252.637909 0.000559 -32.274883
v -252.641861 0.000559 -32.310131
v -252.641861 1.064561 -32.310131
v -252.637909 1.064561 -32.274883
v -252.677109 0.000559 -32.306179
v -252.677109 1.064561 -32.306179
v -252.673157 0.000559 -32.270931
v -252.673157 1.064561 -32.270931
v -252.619781 0.000559 -32.113270
v -252.623734 0.000559 -32.148518
v -252.623734 1.064561 -32.148518
v -252.619781 1.064561 -32.113270
v -252.658981 0.000559 -32.144566
v -252.658981 1.064561 -32.144566
v -252.655029 0.000559 -32.109318
v -252.655029 1.064561 -32.109318
v -252.601654 0.000559 -31.951664
v -252.605606 0.000559 -31.986912
v -252.605606 1.064561 -31.986912
v -252.601654 1.064561 -31.951664
v -252.640854 0.000559 -31.982960
v -252.640854 1.064561 -31.982960
v -252.636902 0.000559 -31.947712
v -252.636902 1.064561 -31.947712
v -252.583527 0.000559 -31.790054
v -252.587479 0.000559 -31.825302
v -252.587479 1.064561 -31.825302
v -252.583527 1.064561 -31.790054
v -252.622726 0.000559 -31.821350
v -252.622726 1.064561 -31.821350
v -252.618774 0.000559 -31.786102
v -252.618774 1.064561 -31.786102
v -252.565399 0.000559 -31.628445
v -252.569351 0.000559 -31.663689
v -252.569351 1.064561 -31.663689
v -252.565399 1.064561 -31.628445
v -252.604599 0.000559 -31.659737
v -252.604599 1.064561 -31.659737
v -252.600647 0.000559 -31.624493
v -252.600647 1.064561 -31.624493
v -252.547272 0.000559 -31.466835
v -252.551224 0.000559 -31.502083
v -252.551224 1.064561 -31.502083
v -252.547272 1.064561 -31.466835
v -252.586472 0.000559 -31.498131
v -252.586472 1.064561 -31.498131
v -252.582520 0.000559 -31.462883
v -252.582520 1.064561 -31.462883
v -252.529144 0.000559 -31.305229
v -252.533096 0.000559 -31.340473
v -252.533096 1.064561 -31.340473
v -252.529144 1.064561 -31.305229
v -252.568344 0.000559 -31.336521
v -252.568344 1.064561 -31.336521
v -252.564392 0.000559 -31.301277
v -252.564392 1.064561 -31.301277
v -252.511017 0.000559 -31.143616
v -252.514969 0.000559 -31.178860
v -252.514969 1.064561 -31.178860
v -252.511017 1.064561 -31.143616
v -252.550217 0.000559 -31.174908
v -252.550217 1.064561 -31.174908
v -252.546265 0.000559 -31.139664
v -252.546265 1.064561 -31.139664
v -252.438507 0.000559 -30.497177
v -252.442459 0.000559 -30.532421
v -252.442459 1.064561 -30.532421
v -252.438507 1.064561 -30.497177
v -252.477707 0.000559 -30.528469
v -252.477707 1.064561 -30.528469
v -252.473755 0.000559 -30.493225
v -252.473755 1.064561 -30.493225
v -252.420380 0.000559 -30.335564
v -252.424332 0.000559 -30.370808
v -252.424332 1.064561 -30.370808
v -252.420380 1.064561 -30.335564
v -252.459579 0.000559 -30.366856
v -252.459579 1.064561 -30.366856
v -252.455627 0.000559 -30.331612
v -252.455627 1.064561 -30.331612
v -252.402252 0.000559 -30.173954
v -252.406204 0.000559 -30.209202
v -252.406204 1.064561 -30.209202
v -252.402252 1.064561 -30.173954
v -252.441452 0.000559 -30.205250
v -252.441452 1.064561 -30.205250
v -252.437500 0.000559 -30.170002
v -252.437500 1.064561 -30.170002
v -252.384125 0.000559 -30.012348
v -252.388077 0.000559 -30.047592
v -252.388077 1.064561 -30.047592
v -252.384125 1.064561 -30.012348
v -252.423325 0.000559 -30.043640
v -252.423325 1.064561 -30.043640
v -252.419373 0.000559 -30.008396
v -252.419373 1.064561 -30.008396
v -252.365997 0.000559 -29.850735
v -252.369949 0.000559 -29.885983
v -252.369949 1.064561 -29.885983
v -252.365997 1.064561 -29.850735
v -252.405197 0.000559 -29.882030
v -252.405197 1.064561 -29.882030
v -252.401245 0.000559 -29.846783
v -252.401245 1.064561 -29.846783
v -252.347870 0.000559 -29.689129
v -252.351822 0.000559 -29.724373
v -252.351822 1.064561 -29.724373
v -252.347870 1.064561 -29.689129
v -252.387070 0.000559 -29.720421
v -252.387070 1.064561 -29.720421
v -252.383118 0.000559 -29.685177
v -252.383118 1.064561 -29.685177
v -252.329742 0.000559 -29.527519
v -252.333694 0.000559 -29.562763
v -252.333694 1.064561 -29.562763
v -252.329742 1.064561 -29.527519
v -252.368942 0.000559 -29.558811
v -252.368942 1.064561 -29.558811
v -252.364990 0.000559 -29.523567
v -252.364990 1.064561 -29.523567
v -252.311615 0.000559 -29.365906
v -252.315567 0.000559 -29.401154
v -252.315567 1.064561 -29.401154
v -252.311615 1.064561 -29.365906
v -252.350815 0.000559 -29.397202
v -252.350815 1.064561 -29.397202
v -252.346863 0.000559 -29.361954
v -252.346863 1.064561 -29.361954
v -252.293488 0.000559 -29.204300
v -252.297440 0.000559 -29.239544
v -252.297440 1.064561 -29.239544
v -252.293488 1.064561 -29.204300
v -252.332687 0.000559 -29.235592
v -252.332687 1.064561 -29.235592
v -252.328735 0.000559 -29.200348
v -252.328735 1.064561 -29.200348
v -252.275360 0.000559 -29.042690
v -252.279312 0.000559 -29.077934
v -252.279312 1.064561 -29.077934
v -252.275360 1.064561 -29.042690
v -252.314560 0.000559 -29.073982
v -252.314560 1.064561 -29.073982
v -252.310608 0.000559 -29.038738
v -252.310608 1.064561 -29.038738
v -252.257233 0.000559 -28.881077
v -252.261185 0.000559 -28.916325
v -252.261185 1.064561 -28.916325
v -252.257233 1.064561 -28.881077
v -252.296432 0.000559 -28.912373
v -252.296432 1.064561 -28.912373
v -252.292480 0.000559 -28.877125
v -252.292480 1.064561 -28.877125
v -252.239105 0.000559 -28.719467
v -252.243057 0.000559 -28.754715
v -252.243057 1.064561 -28.754715
v -252.239105 1.064561 -28.719467
v -252.278305 0.000559 -28.750763
v -252.278305 1.064561 -28.750763
v -252.274353 0.000559 -28.715515
v -252.274353 1.064561 -28.715515
v -252.220978 0.000559 -28.557858
v -252.224930 0.000559 -28.593109
v -252.224930 1.064561 -28.593109
v -252.220978 1.064561 -28.557858
v -252.260178 0.000559 -28.589157
v -252.260178 1.064561 -28.589157
v -252.256226 0.000559 -28.553905
v -252.256226 1.064561 -28.553905
v -252.202850 0.000559 -28.396244
v -252.206802 0.000559 -28.431496
v -252.206802 1.064561 -28.431496
v -252.202850 1.064561 -28.396244
v -252.242050 0.000559 -28.427544
v -252.242050 1.064561 -28.427544
v -252.238098 0.000559 -28.392292
v -252.238098 1.064561 -28.392292
v -252.464920 0.000559 -28.127048
v -252.429672 0.000559 -28.131004
v -252.429672 1.064561 -28.131004
v -252.464920 1.064561 -28.127048
v -252.433624 0.000559 -28.166248
v -252.433624 1.064561 -28.166248
v -252.468872 0.000559 -28.162292
v -252.468872 1.064561 -28.162292
v -252.626526 0.000559 -28.108921
v -252.591278 0.000559 -28.112877
v -252.591278 1.064561 -28.112877
v -252.626526 1.064561 -28.108921
v -252.595230 0.000559 -28.148121
v -252.595230 1.064561 -28.148121
v -252.630478 0.000559 -28.144165
v -252.630478 1.064561 -28.144165
v -252.788132 0.000559 -28.090794
v -252.752899 0.000559 -28.094749
v -252.752899 1.064561 -28.094749
v -252.788132 1.064561 -28.090794
v -252.756851 0.000559 -28.129993
v -252.756851 1.064561 -28.129993
v -252.792084 0.000559 -28.126038
v -252.792084 1.064561 -28.126038
v -252.949738 0.000559 -28.072666
v -252.914505 0.000559 -28.076622
v -252.914505 1.064561 -28.076622
v -252.949738 1.064561 -28.072666
v -252.918457 0.000559 -28.111866
v -252.918457 1.064561 -28.111866
v -252.953705 0.000559 -28.107910
v -252.953705 1.064561 -28.107910
v -253.111359 0.000559 -28.054539
v -253.076111 0.000559 -28.058495
v -253.076111 1.064561 -28.058495
v -253.111359 1.064561 -28.054539
v -253.080063 0.000559 -28.093739
v -253.080063 1.064561 -28.093739
v -253.115311 0.000559 -28.089783
v -253.115311 1.064561 -28.089783
v -253.272964 0.000559 -28.036411
v -253.237717 0.000559 -28.040367
v -253.237717 1.064561 -28.040367
v -253.272964 1.064561 -28.036411
v -253.241669 0.000559 -28.075611
v -253.241669 1.064561 -28.075611
v -253.276917 0.000559 -28.071655
v -253.276917 1.064561 -28.071655
v -253.434570 0.000559 -28.018284
v -253.399323 0.000559 -28.022240
v -253.399323 1.064561 -28.022240
v -253.434570 1.064561 -28.018284
v -253.403275 0.000559 -28.057484
v -253.403275 1.064561 -28.057484
v -253.438522 0.000559 -28.053528
v -253.438522 1.064561 -28.053528
v -253.596176 0.000559 -28.000160
v -253.560944 0.000559 -28.004112
v -253.560944 1.064561 -28.004112
v -253.596176 1.064561 -28.000160
v -253.564896 0.000559 -28.039356
v -253.564896 1.064561 -28.039356
v -253.600128 0.000559 -28.035400
v -253.600128 1.064561 -28.035400
v -253.757797 0.000559 -27.982029
v -253.722549 0.000559 -27.985985
v -253.722549 1.064561 -27.985985
v -253.757797 1.064561 -27.982029
v -253.726501 0.000559 -28.021229
v -253.726501 1.064561 -28.021229
v -253.761749 0.000559 -28.017273
v -253.761749 1.064561 -28.017273
v -253.919403 0.000560 -27.963902
v -253.884155 0.000560 -27.967857
v -253.884155 1.064561 -27.967857
v -253.919403 1.064561 -27.963902
v -253.888107 0.000560 -28.003101
v -253.888107 1.064561 -28.003101
v -253.923355 0.000560 -27.999146
v -253.923355 1.064561 -27.999146
v -254.081009 0.000560 -27.945774
v -254.045776 0.000560 -27.949730
v -254.045776 1.064561 -27.949730
v -254.081009 1.064561 -27.945774
v -254.049728 0.000560 -27.984974
v -254.049728 1.064561 -27.984974
v -254.084961 0.000560 -27.981018
v -254.084961 1.064561 -27.981018
v -254.242630 0.000560 -27.927647
v -254.207382 0.000560 -27.931602
v -254.207382 1.064561 -27.931602
v -254.242630 1.064561 -27.927647
v -254.211334 0.000560 -27.966846
v -254.211334 1.064561 -27.966846
v -254.246582 0.000560 -27.962891
v -254.246582 1.064561 -27.962891
v -254.408325 0.000560 -27.909061
v -254.373077 0.000560 -27.913017
v -254.373077 1.064561 -27.913017
v -254.408325 1.064561 -27.909061
v -254.377029 0.000560 -27.948257
v -254.377029 1.064561 -27.948257
v -254.412277 0.000560 -27.944305
v -254.412277 1.064561 -27.944305
v -254.569931 0.000560 -27.890934
v -254.534683 0.000560 -27.894890
v -254.534683 1.064561 -27.894890
v -254.569931 1.064561 -27.890934
v -254.538635 0.000560 -27.930134
v -254.538635 1.064561 -27.930134
v -254.573883 0.000560 -27.926178
v -254.573883 1.064561 -27.926178
v -254.731537 0.000560 -27.872807
v -254.696304 0.000560 -27.876762
v -254.696304 1.064561 -27.876762
v -254.731537 1.064561 -27.872807
v -254.700256 0.000560 -27.912006
v -254.700256 1.064561 -27.912006
v -254.735504 0.000560 -27.908051
v -254.735504 1.064561 -27.908051
v -255.336441 0.000560 -27.804958
v -255.301193 0.000560 -27.808910
v -255.301193 1.064561 -27.808910
v -255.336441 1.064561 -27.804958
v -255.305145 0.000560 -27.844154
v -255.305145 1.064561 -27.844154
v -255.340393 0.000560 -27.840202
v -255.340393 1.064561 -27.840202
v -255.498047 0.000560 -27.786831
v -255.462799 0.000560 -27.790783
v -255.462799 1.064561 -27.790783
v -255.498047 1.064561 -27.786831
v -255.466766 0.000560 -27.826027
v -255.466751 1.064561 -27.826027
v -255.501999 0.000560 -27.822075
v -255.501999 1.064561 -27.822075
v -255.659653 0.000560 -27.768703
v -255.624420 0.000560 -27.772655
v -255.624420 1.064561 -27.772655
v -255.659653 1.064561 -27.768703
v -255.628372 0.000560 -27.807899
v -255.628372 1.064561 -27.807899
v -255.663605 0.000560 -27.803947
v -255.663605 1.064561 -27.803947
v -255.821274 0.000560 -27.750576
v -255.786026 0.000560 -27.754528
v -255.786026 1.064561 -27.754528
v -255.821274 1.064561 -27.750576
v -255.789978 0.000560 -27.789772
v -255.789978 1.064561 -27.789772
v -255.825226 0.000560 -27.785820
v -255.825226 1.064561 -27.785820
v -255.982880 0.000560 -27.732449
v -255.947632 0.000560 -27.736401
v -255.947632 1.064561 -27.736401
v -255.982880 1.064561 -27.732449
v -255.951584 0.000560 -27.771645
v -255.951584 1.064561 -27.771645
v -255.986832 0.000560 -27.767693
v -255.986832 1.064561 -27.767693
v -256.144501 0.000560 -27.714321
v -256.109253 0.000560 -27.718273
v -256.109253 1.064561 -27.718273
v -256.144501 1.064561 -27.714321
v -256.113190 0.000560 -27.753517
v -256.113190 1.064561 -27.753517
v -256.148438 0.000560 -27.749565
v -256.148438 1.064561 -27.749565
v -256.306091 0.000560 -27.696194
v -256.270844 0.000560 -27.700146
v -256.270844 1.064561 -27.700146
v -256.306091 1.064561 -27.696194
v -256.274811 0.000560 -27.735390
v -256.274811 1.064561 -27.735390
v -256.310059 0.000560 -27.731438
v -256.310059 1.064561 -27.731438
v -256.467712 0.000560 -27.678066
v -256.432465 0.000560 -27.682018
v -256.432465 1.064561 -27.682018
v -256.467712 1.064561 -27.678066
v -256.436401 0.000560 -27.717262
v -256.436401 1.064561 -27.717262
v -256.471649 0.000560 -27.713310
v -256.471649 1.064561 -27.713310
v -256.625092 0.000560 -27.660412
v -256.589844 0.000560 -27.664364
v -256.589844 1.064561 -27.664364
v -256.625092 1.064561 -27.660412
v -256.593811 0.000560 -27.699608
v -256.593811 1.064561 -27.699608
v -256.629059 0.000560 -27.695656
v -256.629059 1.064561 -27.695656
v -256.786713 0.000560 -27.642284
v -256.751465 0.000560 -27.646236
v -256.751465 1.064561 -27.646236
v -256.786713 1.064561 -27.642284
v -256.755432 0.000560 -27.681480
v -256.755432 1.064561 -27.681480
v -256.790649 0.000560 -27.677528
v -256.790649 1.064561 -27.677528
v -256.948334 0.000560 -27.624157
v -256.913086 0.000560 -27.628109
v -256.913086 1.064561 -27.628109
v -256.948334 1.064561 -27.624157
v -256.917023 0.000560 -27.663353
v -256.917023 1.064561 -27.663353
v -256.952271 0.000560 -27.659401
v -256.952271 1.064561 -27.659401
v -257.109924 0.000558 -27.606030
v -257.074677 0.000558 -27.609982
v -257.074677 1.064561 -27.609982
v -257.109924 1.064561 -27.606030
v -257.078644 0.000560 -27.645226
v -257.078644 1.064561 -27.645226
v -257.113892 0.000560 -27.641273
v -257.113892 1.064561 -27.641273
v -257.271545 0.000558 -27.587902
v -257.236298 0.000558 -27.591854
v -257.236298 1.064561 -27.591854
v -257.271545 1.064561 -27.587902
v -257.240234 0.000560 -27.627098
v -257.240234 1.064561 -27.627098
v -257.275482 0.000560 -27.623146
v -257.275482 1.064561 -27.623146
v -257.433136 0.000558 -27.569775
v -257.397888 0.000558 -27.573727
v -257.397888 1.064561 -27.573727
v -257.433136 1.064561 -27.569775
v -257.401855 0.000558 -27.608971
v -257.401855 1.064561 -27.608971
v -257.437103 0.000558 -27.605019
v -257.437103 1.064561 -27.605019
v -257.594757 0.000558 -27.551647
v -257.559509 0.000558 -27.555599
v -257.559509 1.064561 -27.555599
v -257.594757 1.064561 -27.551647
v -257.563477 0.000558 -27.590843
v -257.563477 1.064561 -27.590843
v -257.598724 0.000558 -27.586891
v -257.598724 1.064561 -27.586891
v -257.756378 0.000558 -27.533520
v -257.721130 0.000558 -27.537472
v -257.721130 1.064561 -27.537472
v -257.756378 1.064561 -27.533520
v -257.725067 0.000558 -27.572716
v -257.725067 1.064561 -27.572716
v -257.760315 0.000558 -27.568764
v -257.760315 1.064561 -27.568764
v -261.173279 0.000559 -27.150253
v -261.138062 0.000559 -27.154205
v -261.138062 1.064561 -27.154205
v -261.173279 1.064561 -27.150253
v -261.141998 0.000559 -27.189449
v -261.141998 1.064561 -27.189449
v -261.177246 0.000559 -27.185497
v -261.177246 1.064561 -27.185497
v -261.334900 0.000559 -27.132126
v -261.299652 0.000559 -27.136078
v -261.299652 1.064561 -27.136078
v -261.334900 1.064561 -27.132126
v -261.303619 0.000559 -27.171322
v -261.303619 1.064561 -27.171322
v -261.338867 0.000559 -27.167370
v -261.338867 1.064561 -27.167370
v -261.496521 0.000559 -27.113998
v -261.461273 0.000559 -27.117950
v -261.461273 1.064561 -27.117950
v -261.496521 1.064561 -27.113998
v -261.465210 0.000559 -27.153194
v -261.465210 1.064561 -27.153194
v -261.500458 0.000559 -27.149242
v -261.500458 1.064561 -27.149242
v -261.658112 0.000559 -27.095871
v -261.622864 0.000559 -27.099823
v -261.622864 1.064561 -27.099823
v -261.658112 1.064561 -27.095871
v -261.626831 0.000559 -27.135067
v -261.626831 1.064561 -27.135067
v -261.662079 0.000559 -27.131115
v -261.662079 1.064561 -27.131115
v -261.819733 0.000559 -27.077744
v -261.784485 0.000559 -27.081696
v -261.784485 1.064561 -27.081696
v -261.819733 1.064561 -27.077744
v -261.788452 0.000559 -27.116940
v -261.788452 1.064561 -27.116940
v -261.823700 0.000559 -27.112988
v -261.823700 1.064561 -27.112988
v -261.981354 0.000559 -27.059616
v -261.946106 0.000559 -27.063568
v -261.946106 1.064561 -27.063568
v -261.981354 1.064561 -27.059616
v -261.950043 0.000559 -27.098812
v -261.950043 1.064561 -27.098812
v -261.985291 0.000559 -27.094860
v -261.985291 1.064561 -27.094860
v -262.142944 0.000559 -27.041489
v -262.107697 0.000559 -27.045441
v -262.107697 1.064561 -27.045441
v -262.142944 1.064561 -27.041489
v -262.111664 0.000559 -27.080685
v -262.111664 1.064561 -27.080685
v -262.146912 0.000559 -27.076733
v -262.146912 1.064561 -27.076733
v -262.304565 0.000559 -27.023361
v -262.269318 0.000559 -27.027313
v -262.269318 1.064561 -27.027313
v -262.304565 1.064561 -27.023361
v -262.273285 0.000559 -27.062557
v -262.273285 1.064561 -27.062557
v -262.308533 0.000559 -27.058605
v -262.308533 1.064561 -27.058605
v -262.466187 0.000559 -27.005234
v -262.430939 0.000559 -27.009186
v -262.430939 1.064561 -27.009186
v -262.466187 1.064561 -27.005234
v -262.434875 0.000559 -27.044430
v -262.434875 1.064561 -27.044430
v -262.470123 0.000559 -27.040478
v -262.470123 1.064561 -27.040478
v -262.627777 0.000559 -26.987106
v -262.592529 0.000559 -26.991058
v -262.592529 1.064561 -26.991058
v -262.627777 1.064561 -26.987106
v -262.596497 0.000559 -27.026302
v -262.596497 1.064561 -27.026302
v -262.631744 0.000559 -27.022350
v -262.631744 1.064561 -27.022350
v -263.241791 0.000559 -26.918232
v -263.206543 0.000559 -26.922188
v -263.206543 1.064561 -26.922188
v -263.241791 1.064561 -26.918232
v -263.210510 0.000559 -26.957432
v -263.210510 1.064561 -26.957432
v -263.245758 0.000559 -26.953476
v -263.245758 1.064561 -26.953476
v -263.403412 0.000559 -26.900105
v -263.368164 0.000559 -26.904060
v -263.368164 1.064561 -26.904060
v -263.403412 1.064561 -26.900105
v -263.372131 0.000559 -26.939304
v -263.372101 1.064561 -26.939304
v -263.407349 0.000559 -26.935349
v -263.407349 1.064561 -26.935349
v -263.565033 0.000559 -26.881977
v -263.529785 0.000559 -26.885933
v -263.529785 1.064561 -26.885933
v -263.565033 1.064561 -26.881977
v -263.533722 0.000559 -26.921177
v -263.533722 1.064561 -26.921177
v -263.568970 0.000559 -26.917221
v -263.568970 1.064561 -26.917221
v -263.726624 0.000559 -26.863850
v -263.691376 0.000559 -26.867805
v -263.691376 1.064561 -26.867805
v -263.726624 1.064561 -26.863850
v -263.695343 0.000559 -26.903049
v -263.695343 1.064561 -26.903049
v -263.730591 0.000559 -26.899094
v -263.730591 1.064561 -26.899094
v -263.888245 0.000559 -26.845722
v -263.852997 0.000559 -26.849678
v -263.852997 1.064561 -26.849678
v -263.888245 1.064561 -26.845722
v -263.856934 0.000559 -26.884922
v -263.856934 1.064561 -26.884922
v -263.892181 0.000559 -26.880966
v -263.892181 1.064561 -26.880966
v -264.049835 0.000559 -26.827595
v -264.014587 0.000559 -26.831551
v -264.014587 1.064561 -26.831551
v -264.049835 1.064561 -26.827595
v -264.018555 0.000559 -26.866795
v -264.018555 1.064561 -26.866795
v -264.053802 0.000559 -26.862839
v -264.053802 1.064561 -26.862839
v -264.211456 0.000559 -26.809467
v -264.176208 0.000559 -26.813423
v -264.176208 1.064561 -26.813423
v -264.211456 1.064561 -26.809467
v -264.180176 0.000559 -26.848667
v -264.180176 1.064561 -26.848667
v -264.215424 0.000559 -26.844711
v -264.215424 1.064561 -26.844711
v -264.373077 0.000559 -26.791340
v -264.337830 0.000559 -26.795296
v -264.337830 1.064561 -26.795296
v -264.373077 1.064561 -26.791340
v -264.341766 0.000559 -26.830540
v -264.341766 1.064561 -26.830540
v -264.377014 0.000559 -26.826584
v -264.377014 1.064561 -26.826584
v -264.534668 0.000559 -26.773212
v -264.499420 0.000559 -26.777168
v -264.499420 1.064561 -26.777168
v -264.534668 1.064562 -26.773212
v -264.503387 0.000559 -26.812412
v -264.503387 1.064561 -26.812412
v -264.538635 0.000559 -26.808456
v -264.538635 1.064562 -26.808456
v -264.696289 0.000559 -26.755085
v -264.661041 0.000559 -26.759041
v -264.661041 1.064562 -26.759041
v -264.696289 1.064562 -26.755085
v -264.665009 0.000559 -26.794285
v -264.665009 1.064562 -26.794285
v -264.700256 0.000559 -26.790329
v -264.700256 1.064562 -26.790329
v -252.305573 1.064561 -28.198456
v -252.297668 1.064561 -28.127968
v -257.886414 1.064561 -27.501091
v -257.894318 1.064561 -27.571579
v -264.834473 1.064562 -26.721745
v -264.842377 1.064562 -26.792233
v -261.024811 1.064561 -27.220440
v -261.016907 1.064561 -27.149952
v -252.297668 1.135494 -28.127968
v -252.305573 1.135495 -28.198456
v -257.894318 1.135494 -27.571579
v -257.886414 1.135494 -27.501091
v -264.842377 1.135495 -26.792233
v -264.834473 1.135495 -26.721745
v -261.016907 1.135495 -27.149952
v -261.024811 1.135495 -27.220440
v -266.122925 0.000564 -36.997002
v -266.126892 0.000564 -37.032249
v -266.126892 1.064566 -37.032249
v -266.122925 1.064566 -36.997002
v -266.162140 0.000564 -37.028297
v -266.162140 1.064566 -37.028297
v -266.158173 0.000564 -36.993050
v -266.158173 1.064566 -36.993050
v -266.104797 0.000564 -36.835396
v -266.108765 0.000564 -36.870640
v -266.108765 1.064566 -36.870640
v -266.104797 1.064566 -36.835396
v -266.144012 0.000564 -36.866688
v -266.144012 1.064566 -36.866688
v -266.140045 0.000564 -36.831444
v -266.140045 1.064566 -36.831444
v -266.086670 0.000564 -36.673782
v -266.090637 0.000564 -36.709030
v -266.090637 1.064566 -36.709030
v -266.086670 1.064566 -36.673782
v -266.125885 0.000564 -36.705078
v -266.125885 1.064566 -36.705078
v -266.121918 0.000564 -36.669830
v -266.121918 1.064566 -36.669830
v -266.068542 0.000564 -36.512173
v -266.072510 0.000564 -36.547421
v -266.072510 1.064566 -36.547421
v -266.068542 1.064566 -36.512173
v -266.107758 0.000564 -36.543468
v -266.107758 1.064566 -36.543468
v -266.103790 0.000564 -36.508221
v -266.103790 1.064566 -36.508221
v -266.050415 0.000564 -36.350563
v -266.054382 0.000564 -36.385807
v -266.054382 1.064566 -36.385807
v -266.050415 1.064566 -36.350563
v -266.089630 0.000564 -36.381855
v -266.089630 1.064566 -36.381855
v -266.085663 0.000564 -36.346611
v -266.085663 1.064566 -36.346611
v -266.032288 0.000564 -36.188953
v -266.036255 0.000564 -36.224197
v -266.036255 1.064566 -36.224197
v -266.032288 1.064566 -36.188953
v -266.071503 0.000564 -36.220245
v -266.071503 1.064566 -36.220245
v -266.067535 0.000564 -36.185001
v -266.067535 1.064566 -36.185001
v -266.014160 0.000564 -36.027340
v -266.018127 0.000564 -36.062588
v -266.018127 1.064566 -36.062588
v -266.014160 1.064566 -36.027340
v -266.053375 0.000564 -36.058636
v -266.053375 1.064566 -36.058636
v -266.049408 0.000564 -36.023388
v -266.049408 1.064566 -36.023388
v -265.996033 0.000564 -35.865730
v -266.000000 0.000564 -35.900974
v -266.000000 1.064566 -35.900974
v -265.996033 1.064566 -35.865730
v -266.035248 0.000564 -35.897022
v -266.035248 1.064566 -35.897022
v -266.031281 0.000564 -35.861778
v -266.031281 1.064566 -35.861778
v -265.977905 0.000564 -35.704121
v -265.981873 0.000564 -35.739368
v -265.981873 1.064566 -35.739368
v -265.977905 1.064566 -35.704121
v -266.017120 0.000564 -35.735416
v -266.017120 1.064566 -35.735416
v -266.013153 0.000564 -35.700169
v -266.013153 1.064566 -35.700169
v -265.959778 0.000564 -35.542511
v -265.963745 0.000564 -35.577755
v -265.963745 1.064566 -35.577755
v -265.959778 1.064566 -35.542511
v -265.998993 0.000564 -35.573803
v -265.998993 1.064566 -35.573803
v -265.995026 0.000564 -35.538559
v -265.995026 1.064566 -35.538559
v -265.941650 0.000564 -35.380901
v -265.945618 0.000564 -35.416149
v -265.945618 1.064566 -35.416149
v -265.941650 1.064566 -35.380901
v -265.980865 0.000564 -35.412197
v -265.980865 1.064566 -35.412197
v -265.976898 0.000564 -35.376949
v -265.976898 1.064566 -35.376949
v -265.923553 0.000564 -35.219296
v -265.927490 0.000564 -35.254539
v -265.927490 1.064566 -35.254539
v -265.923553 1.064566 -35.219296
v -265.962738 0.000564 -35.250587
v -265.962738 1.064566 -35.250587
v -265.958771 0.000564 -35.215343
v -265.958771 1.064566 -35.215343
v -265.904938 0.000564 -35.053593
v -265.908905 0.000564 -35.088837
v -265.908905 1.064566 -35.088837
v -265.904938 1.064566 -35.053593
v -265.944153 0.000564 -35.084885
v -265.944153 1.064566 -35.084885
v -265.940186 0.000564 -35.049641
v -265.940186 1.064566 -35.049641
v -265.886810 0.000564 -34.891979
v -265.890778 0.000564 -34.927227
v -265.890778 1.064566 -34.927227
v -265.886810 1.064566 -34.891979
v -265.926025 0.000564 -34.923275
v -265.926025 1.064566 -34.923275
v -265.922058 0.000564 -34.888027
v -265.922058 1.064566 -34.888027
v -265.868683 0.000564 -34.730370
v -265.872650 0.000564 -34.765614
v -265.872650 1.064566 -34.765614
v -265.868683 1.064566 -34.730370
v -265.907898 0.000564 -34.761662
v -265.907898 1.064566 -34.761662
v -265.903931 0.000564 -34.726418
v -265.903931 1.064566 -34.726418
v -265.258606 0.000562 -29.291389
v -265.262573 0.000562 -29.326637
v -265.262573 1.064564 -29.326637
v -265.258606 1.064564 -29.291389
v -265.297821 0.000562 -29.322685
v -265.297821 1.064564 -29.322685
v -265.293854 0.000562 -29.287437
v -265.293854 1.064564 -29.287437
v -265.240479 0.000562 -29.129780
v -265.244446 0.000562 -29.165024
v -265.244446 1.064564 -29.165024
v -265.240479 1.064564 -29.129780
v -265.279694 0.000562 -29.161072
v -265.279694 1.064564 -29.161072
v -265.275726 0.000562 -29.125828
v -265.275726 1.064564 -29.125828
v -265.222351 0.000562 -28.968170
v -265.226318 0.000562 -29.003414
v -265.226318 1.064564 -29.003414
v -265.222351 1.064564 -28.968170
v -265.261566 0.000562 -28.999462
v -265.261566 1.064564 -28.999462
v -265.257599 0.000562 -28.964218
v -265.257599 1.064564 -28.964218
v -265.204224 0.000562 -28.806561
v -265.208191 0.000562 -28.841808
v -265.208191 1.064564 -28.841808
v -265.204224 1.064564 -28.806561
v -265.243439 0.000562 -28.837856
v -265.243439 1.064564 -28.837856
v -265.239471 0.000562 -28.802608
v -265.239471 1.064564 -28.802608
v -265.186096 0.000562 -28.644955
v -265.190063 0.000562 -28.680199
v -265.190063 1.064564 -28.680199
v -265.186096 1.064564 -28.644955
v -265.225311 0.000562 -28.676247
v -265.225311 1.064564 -28.676247
v -265.221344 0.000562 -28.641003
v -265.221344 1.064564 -28.641003
v -265.168976 0.000562 -28.492283
v -265.172943 0.000562 -28.527531
v -265.172943 1.064564 -28.527531
v -265.168976 1.064564 -28.492283
v -265.208191 0.000562 -28.523579
v -265.208191 1.064564 -28.523579
v -265.204224 0.000562 -28.488331
v -265.204224 1.064564 -28.488331
v -265.150848 0.000562 -28.330669
v -265.154816 0.000562 -28.365917
v -265.154816 1.064564 -28.365921
v -265.150848 1.064564 -28.330673
v -265.190063 0.000562 -28.361965
v -265.190063 1.064564 -28.361969
v -265.186096 0.000562 -28.326717
v -265.186096 1.064564 -28.326721
v -265.132721 0.000562 -28.169064
v -265.136688 0.000562 -28.204308
v -265.136688 1.064564 -28.204308
v -265.132721 1.064564 -28.169064
v -265.171936 0.000562 -28.200356
v -265.171936 1.064564 -28.200356
v -265.167969 0.000562 -28.165112
v -265.167969 1.064564 -28.165112
v -265.114594 0.000562 -28.007450
v -265.118561 0.000562 -28.042694
v -265.118561 1.064564 -28.042694
v -265.114594 1.064564 -28.007450
v -265.153809 0.000562 -28.038742
v -265.153809 1.064564 -28.038742
v -265.149841 0.000562 -28.003498
v -265.149841 1.064564 -28.003498
v -265.096466 0.000562 -27.845840
v -265.100433 0.000562 -27.881084
v -265.100433 1.064564 -27.881084
v -265.096466 1.064564 -27.845840
v -265.135681 0.000562 -27.877132
v -265.135681 1.064564 -27.877132
v -265.131714 0.000562 -27.841888
v -265.131714 1.064564 -27.841888
v -265.078339 0.000562 -27.684227
v -265.082306 0.000562 -27.719479
v -265.082306 1.064564 -27.719479
v -265.078339 1.064564 -27.684227
v -265.117554 0.000562 -27.715527
v -265.117554 1.064564 -27.715527
v -265.113586 0.000562 -27.680275
v -265.113586 1.064564 -27.680275
v -265.060211 0.000560 -27.522621
v -265.064178 0.000560 -27.557865
v -265.064178 1.064564 -27.557865
v -265.060211 1.064564 -27.522621
v -265.099426 0.000560 -27.553913
v -265.099426 1.064564 -27.553913
v -265.095459 0.000560 -27.518669
v -265.095459 1.064564 -27.518669
v -265.042084 0.000560 -27.361015
v -265.046051 0.000560 -27.396259
v -265.046051 1.064562 -27.396259
v -265.042084 1.064562 -27.361015
v -265.081299 0.000560 -27.392307
v -265.081299 1.064562 -27.392307
v -265.077332 0.000560 -27.357063
v -265.077332 1.064562 -27.357063
v -265.023956 0.000560 -27.199402
v -265.027924 0.000560 -27.234646
v -265.027924 1.064562 -27.234646
v -265.023956 1.064562 -27.199402
v -265.063171 0.000560 -27.230694
v -265.063171 1.064562 -27.230694
v -265.059204 0.000560 -27.195450
v -265.059204 1.064562 -27.195450
v -265.005829 0.000560 -27.037792
v -265.009796 0.000560 -27.073040
v -265.009796 1.064562 -27.073040
v -265.005829 1.064562 -27.037792
v -265.045044 0.000560 -27.069088
v -265.045044 1.064562 -27.069088
v -265.041077 0.000560 -27.033840
v -265.041077 1.064562 -27.033840
v -266.194336 1.064566 -37.156338
v -266.123840 1.064566 -37.164242
v -265.774933 1.064566 -34.053425
v -265.845398 1.064566 -34.045521
v -264.972504 1.064562 -26.899601
v -265.042999 1.064562 -26.891697
v -265.329102 1.064564 -29.442383
v -265.258606 1.064564 -29.450287
v -266.123840 1.135499 -37.164242
v -266.194336 1.135499 -37.156338
v -265.845398 1.135499 -34.045521
v -265.774933 1.135499 -34.053425
v -265.042999 1.135495 -26.891697
v -264.972504 1.135495 -26.899601
v -265.258606 1.135497 -29.450287
v -265.329102 1.135497 -29.442383
v -265.847931 0.000564 -34.545361
v -265.851898 0.000564 -34.580605
v -265.851898 1.064566 -34.580605
v -265.847931 1.064566 -34.545361
v -265.887146 0.000564 -34.576653
v -265.887146 1.064566 -34.576653
v -265.883179 0.000564 -34.541409
v -265.883179 1.064566 -34.541409
v -265.829803 0.000564 -34.383747
v -265.833771 0.000564 -34.418995
v -265.833771 1.064566 -34.418995
v -265.829803 1.064566 -34.383747
v -265.869019 0.000564 -34.415043
v -265.869019 1.064566 -34.415043
v -265.865051 0.000564 -34.379795
v -265.865051 1.064566 -34.379795
v -265.811676 0.000564 -34.222137
v -265.815643 0.000564 -34.257385
v -265.815643 1.064566 -34.257385
v -265.811676 1.064566 -34.222137
v -265.850891 0.000564 -34.253433
v -265.850891 1.064566 -34.253433
v -265.846924 0.000564 -34.218185
v -265.846924 1.064566 -34.218185
v -265.862122 0.000563 -37.373585
v -265.897369 0.000563 -37.369629
v -265.897369 1.064566 -37.369629
v -265.862122 1.064566 -37.373585
v -265.893402 0.000563 -37.334381
v -265.893402 1.064566 -37.334381
v -265.858154 0.000563 -37.338337
v -265.858154 1.064566 -37.338337
v -265.700500 0.000563 -37.391712
v -265.735748 0.000563 -37.387756
v -265.735748 1.064566 -37.387756
v -265.700500 1.064565 -37.391712
v -265.731812 0.000563 -37.352509
v -265.731812 1.064566 -37.352509
v -265.696564 0.000563 -37.356464
v -265.696564 1.064565 -37.356464
v -265.538910 0.000563 -37.409840
v -265.574158 0.000563 -37.405884
v -265.574158 1.064565 -37.405884
v -265.538910 1.064565 -37.409840
v -265.570190 0.000563 -37.370636
v -265.570190 1.064565 -37.370636
v -265.534943 0.000563 -37.374592
v -265.534943 1.064565 -37.374592
v -265.377289 0.000563 -37.427963
v -265.412537 0.000563 -37.424011
v -265.412537 1.064565 -37.424011
v -265.377289 1.064565 -37.427963
v -265.408569 0.000563 -37.388763
v -265.408569 1.064565 -37.388763
v -265.373352 0.000563 -37.392715
v -265.373352 1.064565 -37.392715
v -265.215668 0.000563 -37.446095
v -265.250916 0.000563 -37.442139
v -265.250916 1.064565 -37.442139
v -265.215668 1.064565 -37.446095
v -265.246979 0.000563 -37.406891
v -265.246979 1.064565 -37.406891
v -265.211731 0.000563 -37.410847
v -265.211731 1.064565 -37.410847
v -265.054077 0.000563 -37.464222
v -265.089325 0.000563 -37.460266
v -265.089325 1.064565 -37.460266
v -265.054077 1.064565 -37.464222
v -265.085358 0.000563 -37.425018
v -265.085358 1.064565 -37.425018
v -265.050110 0.000563 -37.428974
v -265.050110 1.064565 -37.428974
v -264.892456 0.000563 -37.482349
v -264.927704 0.000563 -37.478394
v -264.927704 1.064565 -37.478394
v -264.892456 1.064565 -37.482349
v -264.923767 0.000563 -37.443146
v -264.923767 1.064565 -37.443146
v -264.888519 0.000563 -37.447102
v -264.888519 1.064565 -37.447102
v -264.730865 0.000563 -37.500473
v -264.766083 0.000563 -37.496521
v -264.766083 1.064565 -37.496521
v -264.730865 1.064565 -37.500473
v -264.762146 0.000563 -37.461273
v -264.762146 1.064565 -37.461273
v -264.726898 0.000563 -37.465225
v -264.726898 1.064565 -37.465225
v -264.569244 0.000563 -37.518600
v -264.604492 0.000563 -37.514648
v -264.604492 1.064565 -37.514648
v -264.569244 1.064565 -37.518600
v -264.600525 0.000563 -37.479401
v -264.600525 1.064565 -37.479401
v -264.565277 0.000563 -37.483353
v -264.565277 1.064565 -37.483353
v -264.407623 0.000563 -37.536732
v -264.442871 0.000563 -37.532776
v -264.442871 1.064565 -37.532776
v -264.407623 1.064565 -37.536732
v -264.438934 0.000563 -37.497528
v -264.438934 1.064565 -37.497528
v -264.403687 0.000563 -37.501484
v -264.403687 1.064565 -37.501484
v -264.246033 0.000563 -37.554855
v -264.281281 0.000563 -37.550903
v -264.281281 1.064565 -37.550903
v -264.246033 1.064565 -37.554855
v -264.277313 0.000563 -37.515656
v -264.277313 1.064565 -37.515656
v -264.242065 0.000563 -37.519608
v -264.242065 1.064565 -37.519608
v -264.084412 0.000563 -37.572983
v -264.119659 0.000563 -37.569031
v -264.119659 1.064565 -37.569031
v -264.084412 1.064565 -37.572983
v -264.115692 0.000563 -37.533783
v -264.115692 1.064565 -37.533783
v -264.080444 0.000563 -37.537735
v -264.080444 1.064565 -37.537735
v -266.021454 1.064566 -37.302174
v -266.029358 1.064566 -37.372665
v -264.008087 1.064565 -37.599388
v -264.000153 1.064565 -37.528896
v -266.029358 1.135499 -37.372665
v -266.021454 1.135499 -37.302174
v -264.000183 1.135499 -37.528896
v -264.008057 1.135499 -37.599388
v -252.158691 -0.425042 -33.516109
v -252.400406 -0.425040 -35.671036
v -252.400406 -0.212239 -35.671036
v -252.158691 -0.212241 -33.516109
v -251.735748 -0.637841 -33.563549
v -251.977463 -0.637839 -35.718475
v -251.977463 -0.425040 -35.718475
v -251.735748 -0.425042 -33.563549
v -252.823364 -0.212239 -35.623592
v -252.581650 -0.212241 -33.468666
v -252.581650 -0.637841 -33.468666
v -260.589966 -0.425042 -26.597801
v -258.181091 -0.425042 -26.867996
v -258.181091 -0.212242 -26.867996
v -260.589966 -0.212241 -26.597801
v -260.542511 -0.637842 -26.174850
v -258.133636 -0.637842 -26.445045
v -258.133636 -0.425042 -26.445045
v -260.542511 -0.425042 -26.174850
v -258.228516 -0.212242 -27.290947
v -260.637390 -0.212241 -27.020752
v -260.637390 -0.637842 -27.020752
v -258.228516 -0.637842 -27.290947
v -266.402008 -0.425039 -33.617752
v -265.966644 -0.425039 -29.736454
v -265.966644 -0.212238 -29.736454
v -266.402008 -0.212238 -33.617752
v -266.824951 -0.637838 -33.570320
v -266.389587 -0.637839 -29.689014
v -266.389587 -0.425039 -29.689014
v -266.824951 -0.425039 -33.570320
v -265.543701 -0.212238 -29.783897
v -265.979065 -0.212238 -33.665195
v -265.979065 -0.637838 -33.665195
v -265.543701 -0.637839 -29.783897
v -256.781616 6.732589 -39.133148
v -256.781616 6.957137 -39.133148
v -256.771729 6.957137 -39.045036
v -256.771729 6.791032 -39.045036
v -256.866974 6.732589 -39.123573
v -256.866974 6.957137 -39.123573
v -256.857117 6.791032 -39.035461
v -256.857117 6.957137 -39.035461
v -256.732178 6.542400 -38.692635
v -256.722321 6.600841 -38.604523
v -256.817566 6.542400 -38.683060
v -256.807678 6.600841 -38.594948
v -256.732178 -0.278944 -38.692635
v -256.722321 -0.278944 -38.604523
v -256.817566 -0.278944 -38.683060
v -256.807709 -0.278944 -38.594948
v -263.711029 6.732590 -38.355892
v -263.711029 6.957137 -38.355892
v -263.701141 6.957137 -38.267780
v -263.701141 6.791032 -38.267780
v -263.800415 6.732590 -38.345867
v -263.800415 6.957137 -38.345867
v -263.790527 6.791032 -38.257755
v -263.790527 6.957137 -38.257755
v -263.661621 6.542400 -37.915379
v -263.651733 6.600842 -37.827267
v -263.751007 6.542400 -37.905354
v -263.741119 6.600842 -37.817242
v -263.661621 -0.278943 -37.915379
v -263.651733 -0.278943 -37.827267
v -263.751007 -0.278943 -37.905354
v -263.741119 -0.278943 -37.817242
v -254.945389 6.732589 -38.332474
v -254.945389 6.957136 -38.332474
v -255.033508 6.957136 -38.322590
v -255.033508 6.791031 -38.322590
v -254.956360 6.732589 -38.430202
v -254.956360 6.957136 -38.430202
v -255.044464 6.791031 -38.420319
v -255.044464 6.957136 -38.420319
v -255.385895 6.542399 -38.283062
v -255.474014 6.600840 -38.273178
v -255.396866 6.542399 -38.380791
v -255.484985 6.600840 -38.370907
v -255.385895 3.403616 -38.283066
v -255.474014 3.403616 -38.273182
v -255.396866 3.403616 -38.380791
v -255.484985 3.403616 -38.370907
v -254.089249 6.732587 -30.699726
v -254.089249 6.957134 -30.699726
v -254.177353 6.957134 -30.689842
v -254.177353 6.791029 -30.689842
v -254.099442 6.732587 -30.790611
v -254.099442 6.957134 -30.790611
v -254.187561 6.791029 -30.780727
v -254.187561 6.957134 -30.780727
v -254.529755 6.542397 -30.650314
v -254.617874 6.600838 -30.640430
v -254.539948 6.542397 -30.741199
v -254.628067 6.600838 -30.731316
v -254.529755 3.403614 -30.650318
v -254.617874 3.403614 -30.640434
v -254.539948 3.403614 -30.741203
v -254.628067 3.403614 -30.731319
v -254.820679 6.732587 -29.654606
v -254.820679 6.957134 -29.654606
v -254.830566 6.957134 -29.742722
v -254.830566 6.791029 -29.742722
v -254.733276 6.732587 -29.664413
v -254.733276 6.957134 -29.664413
v -254.743149 6.791029 -29.752529
v -254.743149 6.957134 -29.752529
v -254.870087 6.542397 -30.095116
v -254.879974 6.600838 -30.183231
v -254.782684 6.542397 -30.104923
v -254.792572 6.600838 -30.193039
v -254.870087 3.403614 -30.095119
v -254.879974 3.403614 -30.183235
v -254.782684 3.403614 -30.104927
v -254.792572 3.403614 -30.193043
v -262.795166 6.732588 -28.760128
v -262.795166 6.957135 -28.760128
v -262.805054 6.957135 -28.848244
v -262.805054 6.791030 -28.848244
v -262.705872 6.732588 -28.770145
v -262.705872 6.957135 -28.770145
v -262.715759 6.791030 -28.858261
v -262.715759 6.957135 -28.858261
v -262.844604 6.542398 -29.200638
v -262.854462 6.600840 -29.288754
v -262.755280 6.542398 -29.210655
v -262.765167 6.600840 -29.298771
v -262.844604 3.403615 -29.200642
v -262.854462 3.403615 -29.288757
v -262.755280 3.403615 -29.210659
v -262.765167 3.403615 -29.298775
v -251.881714 -0.557346 -28.182240
v -251.881714 3.075732 -28.182240
v -251.969833 3.075732 -28.172356
v -251.969833 -0.557346 -28.172356
v -251.892563 -0.557346 -28.278900
v -251.892563 3.075732 -28.278900
v -251.980682 -0.557346 -28.269024
v -251.980682 3.075732 -28.269016
v -264.538544 6.732590 -37.355389
v -264.538544 6.957137 -37.355389
v -264.450439 6.957137 -37.365273
v -264.450439 6.791032 -37.365273
v -264.528442 6.732590 -37.265274
v -264.528442 6.957137 -37.265274
v -264.440338 6.791032 -37.275158
v -264.440338 6.957137 -37.275158
v -264.098053 6.542400 -37.404800
v -264.009918 6.600842 -37.414684
v -264.087921 6.542400 -37.314686
v -263.999817 6.600842 -37.324570
v -264.098053 3.403617 -37.404800
v -264.009918 3.403617 -37.414684
v -264.087921 3.403617 -37.314686
v -263.999817 3.403617 -37.324570
v -263.682007 6.732588 -29.718998
v -263.682007 6.957135 -29.718998
v -263.593872 6.957135 -29.728882
v -263.593872 6.791030 -29.728882
v -263.670258 6.732588 -29.614452
v -263.670258 6.957135 -29.614452
v -263.582153 6.791030 -29.624336
v -263.582153 6.957135 -29.624336
v -263.241486 6.542398 -29.768410
v -263.153381 6.600840 -29.778294
v -263.229767 6.542398 -29.663864
v -263.141632 6.600840 -29.673748
v -263.241486 3.403615 -29.768414
v -263.153381 3.403615 -29.778297
v -263.229767 3.403615 -29.663864
v -263.141632 3.403615 -29.673748
v -252.121078 -0.557346 -27.893356
v -252.121078 3.075732 -27.893356
v -252.209183 3.075732 -27.883472
v -252.209183 -0.557346 -27.883472
v -252.131912 -0.557346 -27.990025
v -252.131912 3.075732 -27.990025
v -252.220032 -0.557346 -27.980141
v -252.220032 3.075732 -27.980141
v -264.925903 -0.557346 -26.457069
v -264.925903 3.075734 -26.457069
v -265.014008 3.075734 -26.447186
v -265.014008 -0.557346 -26.447186
v -264.936737 -0.557346 -26.553738
v -264.936737 3.075734 -26.553738
v -265.024872 -0.557346 -26.543854
v -265.024872 3.075734 -26.543854
v -265.199127 -0.557346 -26.665760
v -265.199127 3.075734 -26.665760
v -265.287262 3.075734 -26.655876
v -265.287262 -0.557346 -26.655876
v -265.209991 -0.557346 -26.762428
v -265.209991 3.075734 -26.762428
v -265.298096 -0.557346 -26.752544
v -265.298096 3.075734 -26.752544
v -266.386871 -0.557342 -37.254795
v -266.386871 3.075738 -37.254795
v -266.475006 3.075738 -37.244911
v -266.475006 -0.557342 -37.244911
v -266.397736 -0.557342 -37.351463
v -266.397736 3.075738 -37.351463
v -266.485840 -0.557342 -37.341579
v -266.485840 3.075738 -37.341579
v -252.716385 2.832604 -39.715694
v -252.716385 3.057153 -39.715694
v -252.706497 3.057153 -39.627579
v -252.706497 2.891043 -39.627579
v -252.801773 2.832604 -39.706116
v -252.801773 3.057153 -39.706116
v -252.791885 2.891043 -39.618000
v -252.791885 3.057153 -39.618000
v -252.652954 2.642413 -39.150196
v -252.643066 2.700852 -39.062084
v -252.738342 2.642413 -39.140617
v -252.728455 2.700852 -39.052505
v -252.652954 -0.278944 -39.150196
v -252.643066 -0.278944 -39.062084
v -252.738342 -0.278944 -39.140617
v -252.728455 -0.278944 -39.052505
vt 0.000000 0.000000
vt 0.000000 0.000000
vt 0.000000 0.000000
vt 0.000000 0.000000
vt 0.000000 0.000000
vt 0.000000 0.000000
vt 0.000000 0.000000
vt 0.000000 0.000000
vt 0.000000 0.000000
vt 0.000000 0.000000
vt 0.000000 0.000000
vt 0.000000 0.000000
vt 0.000000 0.000000
vt 0.000000 0.000000
vt 0.000000 0.000000
vt 0.000000 0.000000
vt 0.000000 0.000000
vt 0.000000 0.000000
vt 0.000000 0.000000
vt 0.000000 0.000000
vt 0.000000 0.000000
vt 0.000000 0.000000
vt 0.000000 0.000000
vt 0.000000 0.000000
vt 0.000000 0.000000
vt 0.000000 0.000000
vt 0.000000 0.000000
vt 0.000000 0.000000
vt 0.000000 0.000000
vt 0.000000 0.000000
vt 0.000000 0.000000
vt 0.000000 0.000000
vt 0.000000 0.000000
vt 0.000000 0.000000
vt 0.000000 0.000000
vt 0.000000 0.000000
vt 0.000000 0.000000
vt 0.000000 0.000000
vt 0.000000 0.000000
vt 0.000000 0.000000
vt 0.000000 0.000000
vt 0.000000 0.000000
vt 0.000000 0.000000
vt 0.000000 0.000000
vt 0.000000 0.000000
vt 0.000000 0.000000
vt 0.000000 0.000000
vt 0.000000 0.000000
vt 0.000000 0.000000
vt 0.000000 0.000000
vt 0.000000 0.000000
vt 0.000000 0.000000
vt 0.000000 0.000000
vt 0.000000 0.000000
vt 0.000000 0.000000
vt 0.000000 0.000000
vt 0.000000 0.000000
vt 0.000000 0.000000
vt 0.000000 0.000000
vt 0.000000 0.000000
vt 0.000000 0.000000
vt 0.000000 0.000000
vt 0.000000 0.000000
vt 0.000000 0.000000
vt 0.000000 0.000000
vt 0.000000 0.000000
vt 0.000000 0.000000
vt 0.000000 0.000000
vt 0.000000 0.000000
vt 0.000000 0.000000
vt 0.000000 0.000000
vt 0.000000 0.000000
vt 0.000000 0.000000
vt 0.000000 0.000000
vt 0.000000 0.000000
vt 0.000000 0.000000
vt 0.000000 0.000000
vt 0.000000 0.000000
vt 0.000000 0.000000
vt 0.000000 0.000000
vt 0.000000 0.000000
vt 0.000000 0.000000
vt 0.000000 0.000000
vt 0.000000 0.000000
vt 0.000000 0.000000
vt 0.000000 0.000000
vt 0.000000 0.000000
vt 0.000000 0.000000
vt 0.000000 0.000000
vt 0.000000 0.000000
vt 0.000000 0.000000
vt 0.000000 0.000000
vt 0.000000 0.000000
vt 0.000000 0.000000
vt 0.000000 0.000000
vt 0.000000 0.000000
vt 0.000000 0.000000
vt 0.000000 0.000000
vt 0.000000 0.000000
vt 0.000000 0.000000
vt 0.000000 0.000000
vt 0.000000 0.000000
vt 0.000000 0.000000
vt 0.000000 0.000000
vt 0.000000 0.000000
vt 0.000000 0.000000
vt 0.000000 0.000000
vt 0.000000 0.000000
vt 0.000000 0.000000
vt 0.000000 0.000000
vt 0.000000 0.000000
vt 0.000000 0.000000
vt 0.000000 0.000000
vt 0.000000 0.000000
vt 0.000000 0.000000
vt 0.000000 0.000000
vt 0.000000 0.000000
vt 0.000000 0.000000
vt 0.000000 0.000000
vt 0.000000 0.000000
vt 0.000000 0.000000
vt 0.000000 0.000000
vt 0.000000 0.000000
vt 0.000000 0.000000
vt 0.000000 0.000000
vt 0.000000 0.000000
vt 0.000000 0.000000
vt 0.000000 0.000000
vt 0.000000 0.000000
vt 0.000000 0.000000
vt 0.000000 0.000000
vt 0.000000 0.000000
vt 0.000000 0.000000
vt 0.000000 0.000000
vt 0.000000 0.000000
vt 0.000000 0.000000
vt 0.000000 0.000000
vt 0.000000 0.000000
vt 0.000000 0.000000
vt 0.000000 0.000000
vt 0.000000 0.000000
vt 0.000000 0.000000
vt 0.000000 0.000000
vt 0.000000 0.000000
vt 0.000000 0.000000
vt 0.000000 0.000000
vt 0.000000 0.000000
vt 0.000000 0.000000
vt 0.000000 0.000000
vt 0.000000 0.000000
vt 0.000000 0.000000
vt 0.000000 0.000000
vt 0.000000 0.000000
vt 0.000000 0.000000
vt 0.000000 0.000000
vt 0.000000 0.000000
vt 0.000000 0.000000
vt 0.000000 0.000000
vt 0.000000 0.000000
vt 0.000000 0.000000
vt 0.000000 0.000000
vt 0.000000 0.000000
vt 0.000000 0.000000
vt 0.000000 0.000000
vt 0.000000 0.000000
vt 0.000000 0.000000
vt 0.000000 0.000000
vt 0.000000 0.000000
vt 0.000000 0.000000
vt 0.000000 0.000000
vt 0.000000 0.000000
vt 0.000000 0.000000
vt 0.000000 0.000000
vt 0.000000 0.000000
vt 0.000000 0.000000
vt 0.000000 0.000000
vt 0.000000 0.000000
vt 0.000000 0.000000
vt 0.000000 0.000000
vt 0.000000 0.000000
vt 0.000000 0.000000
vt 0.000000 0.000000
vt 0.000000 0.000000
vt 0.000000 0.000000
vt 0.000000 0.000000
vt 0.000000 0.000000
vt 0.000000 0.000000
vt 0.000000 0.000000
vt 0.000000 0.000000
vt 0.000000 0.000000
vt 0.000000 0.000000
vt 0.000000 0.000000
vt 0.000000 0.000000
vt 0.000000 0.000000
vt 0.000000 0.000000
vt 0.000000 0.000000
vt 0.000000 0.000000
vt 0.000000 0.000000
vt 0.000000 0.000000
vt 0.000000 0.000000
vt 0.000000 0.000000
vt 0.000000 0.000000
vt 0.000000 0.000000
vt 0.000000 0.000000
vt 0.000000 0.000000
vt 0.000000 0.000000
vt 0.000000 0.000000
vt 0.000000 0.000000
vt 0.000000 0.000000
vt 0.000000 0.000000
vt 0.000000 0.000000
vt 0.000000 0.000000
vt 0.000000 0.000000
vt 0.000000 0.000000
vt 0.000000 0.000000
vt 0.000000 0.000000
vt 0.000000 0.000000
vt 0.000000 0.000000
vt 0.000000 0.000000
vt 0.000000 0.000000
vt 0.000000 0.000000
vt 0.000000 0.000000
vt 0.000000 0.000000
vt 0.000000 0.000000
vt 0.000000 0.000000
vt 0.000000 0.000000
vt 0.000000 0.000000
vt 0.000000 0.000000
vt 0.000000 0.000000
vt 0.000000 0.000000
vt 0.000000 0.000000
vt 0.000000 0.000000
vt 0.000000 0.000000
vt 0.000000 0.000000
vt 0.000000 0.000000
vt 0.000000 0.000000
vt 0.000000 0.000000
vt 0.000000 0.000000
vt 0.000000 0.000000
vt 0.000000 0.000000
vt 0.000000 0.000000
vt 0.000000 0.000000
vt 0.000000 0.000000
vt 0.000000 0.000000
vt 0.000000 0.000000
vt 0.000000 0.000000
vt 0.000000 0.000000
vt 0.000000 0.000000
vt 0.000000 0.000000
vt 0.000000 0.000000
vt 0.000000 0.000000
vt 0.000000 0.000000
vt 0.000000 0.000000
vt 0.000000 0.000000
vt 0.000000 0.000000
vt 0.000000 0.000000
vt 0.000000 0.000000
vt 0.000000 0.000000
vt 0.000000 0.000000
vt 0.000000 0.000000
vt 0.000000 0.000000
vt 0.000000 0.000000
vt 0.000000 0.000000
vt 0.000000 0.000000
vt 0.000000 0.000000
vt 0.000000 0.000000
vt 0.000000 0.000000
vt 0.000000 0.000000
vt 0.000000 0.000000
vt 0.000000 0.000000
vt 0.000000 0.000000
vt 0.000000 0.000000
vt 0.000000 0.000000
vt 0.000000 0.000000
vt 0.000000 0.000000
vt 0.000000 0.000000
vt 0.000000 0.000000
vt 0.000000 0.000000
vt 0.000000 0.000000
vt 0.000000 0.000000
vt 0.000000 0.000000
vt 0.000000 0.000000
vt 0.000000 0.000000
vt 0.000000 0.000000
vt 0.000000 0.000000
vt 0.000000 0.000000
vt 0.000000 0.000000
vt 0.000000 0.000000
vt 0.000000 0.000000
vt 0.000000 0.000000
vt 0.000000 0.000000
vt 0.000000 0.000000
vt 0.000000 0.000000
vt 0.000000 0.000000
vt 0.000000 0.000000
vt 0.000000 0.000000
vt 0.000000 0.000000
vt 0.000000 0.000000
vt 0.000000 0.000000
vt 0.000000 0.000000
vt 0.000000 0.000000
vt 0.000000 0.000000
vt 0.000000 0.000000
vt 0.000000 0.000000
vt 0.000000 0.000000
vt 0.000000 0.000000
vt 0.000000 0.000000
vt 0.000000 0.000000
vt 0.000000 0.000000
vt 0.000000 0.000000
vt 0.000000 0.000000
vt 0.000000 0.000000
vt 0.000000 0.000000
vt 0.000000 0.000000
vt 0.000000 0.000000
vt 0.000000 0.000000
vt 0.000000 0.000000
vt 0.000000 0.000000
vt 0.000000 0.000000
vt 0.000000 0.000000
vt 0.000000 0.000000
vt 0.000000 0.000000
vt 0.000000 0.000000
vt 0.000000 0.000000
vt 0.000000 0.000000
vt 0.000000 0.000000
vt 0.000000 0.000000
vt 0.000000 0.000000
vt 0.000000 0.000000
vt 0.000000 0.000000
vt 0.000000 0.000000
vt 0.000000 0.000000
vt 0.000000 0.000000
vt 0.000000 0.000000
vt 0.000000 0.000000
vt 0.000000 0.000000
vt 0.000000 0.000000
vt 0.000000 0.000000
vt 0.000000 0.000000
vt 0.000000 0.000000
vt 0.000000 0.000000
vt 0.000000 0.000000
vt 0.000000 0.000000
vt 0.000000 0.000000
vt 0.000000 0.000000
vt 0.000000 0.000000
vt 0.000000 0.000000
vt 0.000000 0.000000
vt 0.000000 0.000000
vt 0.000000 0.000000
vt 0.000000 0.000000
vt 0.000000 0.000000
vt 0.000000 0.000000
vt 0.000000 0.000000
vt 0.000000 0.000000
vt 0.000000 0.000000
vt 0.000000 0.000000
vt 0.000000 0.000000
vt 0.000000 0.000000
vt 0.000000 0.000000
vt 0.000000 0.000000
vt 0.000000 0.000000
vt 0.000000 0.000000
vt 0.000000 0.000000
vt 0.000000 0.000000
vt 0.000000 0.000000
vt 0.000000 0.000000
vt 0.000000 0.000000
vt 0.000000 0.000000
vt 0.000000 0.000000
vt 0.000000 0.000000
vt 0.000000 0.000000
vt 0.000000 0.000000
vt 0.000000 0.000000
vt 0.000000 0.000000
vt 0.000000 0.000000
vt 0.000000 0.000000
vt 0.000000 0.000000
vt 0.000000 0.000000
vt 0.000000 0.000000
vt 0.000000 0.000000
vt 0.000000 0.000000
vt 0.000000 0.000000
vt 0.000000 0.000000
vt 0.000000 0.000000
vt 0.000000 0.000000
vt 0.000000 0.000000
vt 0.000000 0.000000
vt 0.000000 0.000000
vt 0.000000 0.000000
vt 0.000000 0.000000
vt 0.000000 0.000000
vt 0.000000 0.000000
vt 0.000000 0.000000
vt 0.000000 0.000000
vt 0.000000 0.000000
vt 0.000000 0.000000
vt 0.000000 0.000000
vt 0.000000 0.000000
vt 0.000000 0.000000
vt 0.000000 0.000000
vt 0.000000 0.000000
vt 0.000000 0.000000
vt 0.000000 0.000000
vt 0.000000 0.000000
vt 0.000000 0.000000
vt 0.000000 0.000000
vt 0.000000 0.000000
vt 0.000000 0.000000
vt 0.000000 0.000000
vt 0.000000 0.000000
vt 0.000000 0.000000
vt 0.000000 0.000000
vt 0.000000 0.000000
vt 0.000000 0.000000
vt 0.000000 0.000000
vt 0.000000 0.000000
vt 0.000000 0.000000
vt 0.000000 0.000000
vt 0.000000 0.000000
vt 0.000000 0.000000
vt 0.000000 0.000000
vt 0.000000 0.000000
vt 0.000000 0.000000
vt 0.000000 0.000000
vt 0.000000 0.000000
vt 0.000000 0.000000
vt 0.000000 0.000000
vt 0.000000 0.000000
vt 0.000000 0.000000
vt 0.000000 0.000000
vt 0.000000 0.000000
vt 0.000000 0.000000
vt 0.000000 0.000000
vt 0.000000 0.000000
vt 0.000000 0.000000
vt 0.000000 0.000000
vt 0.000000 0.000000
vt 0.000000 0.000000
vt 0.000000 0.000000
vt 0.000000 0.000000
vt 0.000000 0.000000
vt 0.000000 0.000000
vt 0.000000 0.000000
vt 0.000000 0.000000
vt 0.000000 0.000000
vt 0.000000 0.000000
vt 0.000000 0.000000
vt 0.000000 0.000000
vt 0.000000 0.000000
vt 0.000000 0.000000
vt 0.000000 0.000000
vt 0.000000 0.000000
vt 0.000000 0.000000
vt 0.000000 0.000000
vt 0.000000 0.000000
vt 0.000000 0.000000
vt 0.000000 0.000000
vt 0.000000 0.000000
vt 0.000000 0.000000
vt 0.000000 0.000000
vt 0.000000 0.000000
vt 0.000000 0.000000
vt 0.000000 0.000000
vt 0.000000 0.000000
vt 0.000000 0.000000
vt 0.000000 0.000000
vt 0.000000 0.000000
vt 0.000000 0.000000
vt 0.000000 0.000000
vt 0.000000 0.000000
vt 0.000000 0.000000
vt 0.000000 0.000000
vt 0.000000 0.000000
vt 0.000000 0.000000
vt 0.000000 0.000000
vt 0.000000 0.000000
vt 0.000000 0.000000
vt 0.000000 0.000000
vt 0.000000 0.000000
vt 0.000000 0.000000
vt 0.000000 0.000000
vt 0.000000 0.000000
vt 0.000000 0.000000
vt 0.000000 0.000000
vt 0.000000 0.000000
vt 0.000000 0.000000
vt 0.000000 0.000000
vt 0.000000 0.000000
vt 0.000000 0.000000
vt 0.000000 0.000000
vt 0.000000 0.000000
vt 0.000000 0.000000
vt 0.000000 0.000000
vt 0.000000 0.000000
vt 0.000000 0.000000
vt 0.000000 0.000000
vt 0.000000 0.000000
vt 0.000000 0.000000
vt 0.000000 0.000000
vt 0.000000 0.000000
vt 0.000000 0.000000
vt 0.000000 0.000000
vt 0.000000 0.000000
vt 0.000000 0.000000
vt 0.000000 0.000000
vt 0.000000 0.000000
vt 0.000000 0.000000
vt 0.000000 0.000000
vt 0.000000 0.000000
vt 0.000000 0.000000
vt 0.000000 0.000000
vt 0.000000 0.000000
vt 0.000000 0.000000
vt 0.000000 0.000000
vt 0.000000 0.000000
vt 0.000000 0.000000
vt 0.000000 0.000000
vt 0.000000 0.000000
vt 0.000000 0.000000
vt 0.000000 0.000000
vt 0.000000 0.000000
vt 0.000000 0.000000
vt 0.000000 0.000000
vt 0.000000 0.000000
vt 0.000000 0.000000
vt 0.000000 0.000000
vt 0.000000 0.000000
vt 0.000000 0.000000
vt 0.000000 0.000000
vt 0.000000 0.000000
vt 0.000000 0.000000
vt 0.000000 0.000000
vt 0.000000 0.000000
vt 0.000000 0.000000
vt 0.000000 0.000000
vt 0.000000 0.000000
vt 0.000000 0.000000
vt 0.000000 0.000000
vt 0.000000 0.000000
vt 0.000000 0.000000
vt 0.000000 0.000000
vt 0.000000 0.000000
vt 0.000000 0.000000
vt 0.000000 0.000000
vt 0.000000 0.000000
vt 0.000000 0.000000
vt 0.000000 0.000000
vt 0.000000 0.000000
vt 0.000000 0.000000
vt 0.000000 0.000000
vt 0.000000 0.000000
vt 0.000000 0.000000
vt 0.000000 0.000000
vt 0.000000 0.000000
vt 0.000000 0.000000
vt 0.000000 0.000000
vt 0.000000 0.000000
vt 0.000000 0.000000
vt 0.000000 0.000000
vt 0.000000 0.000000
vt 0.000000 0.000000
vt 0.000000 0.000000
vt 0.000000 0.000000
vt 0.000000 0.000000
vt 0.000000 0.000000
vt 0.000000 0.000000
vt 0.000000 0.000000
vt 0.000000 0.000000
vt 0.000000 0.000000
vt 0.000000 0.000000
vt 0.000000 0.000000
vt 0.000000 0.000000
vt 0.000000 0.000000
vt 0.000000 0.000000
vt 0.000000 0.000000
vt 0.000000 0.000000
vt 0.000000 0.000000
vt 0.000000 0.000000
vt 0.000000 0.000000
vt 0.000000 0.000000
vt 0.000000 0.000000
vt 0.000000 0.000000
vt 0.000000 0.000000
vt 0.000000 0.000000
vt 0.000000 0.000000
vt 0.000000 0.000000
vt 0.000000 0.000000
vt 0.000000 0.000000
vt 0.000000 0.000000
vt 0.000000 0.000000
vt 0.000000 0.000000
vt 0.000000 0.000000
vt 0.000000 0.000000
vt 0.000000 0.000000
vt 0.000000 0.000000
vt 0.000000 0.000000
vt 0.000000 0.000000
vt 0.000000 0.000000
vt 0.000000 0.000000
vt 0.000000 0.000000
vt 0.000000 0.000000
vt 0.000000 0.000000
vt 0.000000 0.000000
vt 0.000000 0.000000
vt 0.000000 0.000000
vt 0.000000 0.000000
vt 0.000000 0.000000
vt 0.000000 0.000000
vt 0.000000 0.000000
vt 0.000000 0.000000
vt 0.000000 0.000000
vt 0.000000 0.000000
vt 0.000000 0.000000
vt 0.000000 0.000000
vt 0.000000 0.000000
vt 0.000000 0.000000
vt 0.000000 0.000000
vt 0.000000 0.000000
vt 0.000000 0.000000
vt 0.000000 0.000000
vt 0.000000 0.000000
vt 0.000000 0.000000
vt 0.000000 0.000000
vt 0.000000 0.000000
vt 0.000000 0.000000
vt 0.000000 0.000000
vt 0.000000 0.000000
vt 0.000000 0.000000
vt 0.000000 0.000000
vt 0.000000 0.000000
vt 0.000000 0.000000
vt 0.000000 0.000000
vt 0.000000 0.000000
vt 0.000000 0.000000
vt 0.000000 0.000000
vt 0.000000 0.000000
vt 0.000000 0.000000
vt 0.000000 0.000000
vt 0.000000 0.000000
vt 0.000000 0.000000
vt 0.000000 0.000000
vt 0.000000 0.000000
vt 0.000000 0.000000
vt 0.000000 0.000000
vt 0.000000 0.000000
vt 0.000000 0.000000
vt 0.000000 0.000000
vt 0.000000 0.000000
vt 0.000000 0.000000
vt 0.000000 0.000000
vt 0.000000 0.000000
vt 0.000000 0.000000
vt 0.000000 0.000000
vt 0.000000 0.000000
vt 0.000000 0.000000
vt 0.000000 0.000000
vt 0.000000 0.000000
vt 0.000000 0.000000
vt 0.000000 0.000000
vt 0.000000 0.000000
vt 0.000000 0.000000
vt 0.000000 0.000000
vt 0.000000 0.000000
vt 0.000000 0.000000
vt 0.000000 0.000000
vt 0.000000 0.000000
vt 0.000000 0.000000
vt 0.000000 0.000000
vt 0.000000 0.000000
vt 0.000000 0.000000
vt 0.000000 0.000000
vt 0.000000 0.000000
vt 0.000000 0.000000
vt 0.000000 0.000000
vt 0.000000 0.000000
vt 0.000000 0.000000
vt 0.000000 0.000000
vt 0.000000 0.000000
vt 0.000000 0.000000
vt 0.000000 0.000000
vt 0.000000 0.000000
vt 0.000000 0.000000
vt 0.000000 0.000000
vt 0.000000 0.000000
vt 0.000000 0.000000
vt 0.000000 0.000000
vt 0.000000 0.000000
vt 0.000000 0.000000
vt 0.000000 0.000000
vt 0.000000 0.000000
vt 0.000000 0.000000
vt 0.000000 0.000000
vt 0.000000 0.000000
vt 0.000000 0.000000
vt 0.000000 0.000000
vt 0.000000 0.000000
vt 0.000000 0.000000
vt 0.000000 0.000000
vt 0.000000 0.000000
vt 0.000000 0.000000
vt 0.000000 0.000000
vt 0.000000 0.000000
vt 0.000000 0.000000
vt 0.000000 0.000000
vt 0.000000 0.000000
vt 0.000000 0.000000
vt 0.000000 0.000000
vt 0.000000 0.000000
vt 0.000000 0.000000
vt 0.000000 0.000000
vt 0.000000 0.000000
vt 0.000000 0.000000
vt 0.000000 0.000000
vt 0.000000 0.000000
vt 0.000000 0.000000
vt 0.000000 0.000000
vt 0.000000 0.000000
vt 0.000000 0.000000
vt 0.000000 0.000000
vt 0.000000 0.000000
vt 0.000000 0.000000
vt 0.000000 0.000000
vt 0.000000 0.000000
vt 0.000000 0.000000
vt 0.000000 0.000000
vt 0.000000 0.000000
vt 0.000000 0.000000
vt 0.000000 0.000000
vt 0.000000 0.000000
vt 0.000000 0.000000
vt 0.000000 0.000000
vt 0.000000 0.000000
vt 0.000000 0.000000
vt 0.000000 0.000000
vt 0.000000 0.000000
vt 0.000000 0.000000
vt 0.000000 0.000000
vt 0.000000 0.000000
vt 0.000000 0.000000
vt 0.000000 0.000000
vt 0.000000 0.000000
vt 0.000000 0.000000
vt 0.000000 0.000000
vt 0.000000 0.000000
vt 0.000000 0.000000
vt 0.000000 0.000000
vt 0.000000 0.000000
vt 0.000000 0.000000
vt 0.000000 0.000000
vt 0.000000 0.000000
vt 0.000000 0.000000
vt 0.000000 0.000000
vt 0.000000 0.000000
vt 0.000000 0.000000
vt 0.000000 0.000000
vt 0.000000 0.000000
vt 0.000000 0.000000
vt 0.000000 0.000000
vt 0.000000 0.000000
vt 0.000000 0.000000
vt 0.000000 0.000000
vt 0.000000 0.000000
vt 0.000000 0.000000
vt 0.000000 0.000000
vt 0.000000 0.000000
vt 0.000000 0.000000
vt 0.000000 0.000000
vt 0.000000 0.000000
vt 0.000000 0.000000
vt 0.000000 0.000000
vt 0.000000 0.000000
vt 0.000000 0.000000
vt 0.000000 0.000000
vt 0.000000 0.000000
vt 0.000000 0.000000
vt 0.000000 0.000000
vt 0.000000 0.000000
vt 0.000000 0.000000
vt 0.000000 0.000000
vt 0.000000 0.000000
vt 0.000000 0.000000
vt 0.000000 0.000000
vt 0.000000 0.000000
vt 0.000000 0.000000
vt 0.000000 0.000000
vt 0.000000 0.000000
vt 0.000000 0.000000
vt 0.000000 0.000000
vt 0.000000 0.000000
vt 0.000000 0.000000
vt 0.000000 0.000000
vt 0.000000 0.000000
vt 0.000000 0.000000
vt 0.000000 0.000000
vt 0.000000 0.000000
vt 0.000000 0.000000
vt 0.000000 0.000000
vt 0.000000 0.000000
vt 0.000000 0.000000
vt 0.000000 0.000000
vt 0.000000 0.000000
vt 0.000000 0.000000
vt 0.000000 0.000000
vt 0.000000 0.000000
vt 0.000000 0.000000
vt 0.000000 0.000000
vt 0.000000 0.000000
vt 0.000000 0.000000
vt 0.000000 0.000000
vt 0.000000 0.000000
vt 0.000000 0.000000
vt 0.000000 0.000000
vt 0.000000 0.000000
vt 0.000000 0.000000
vt 0.000000 0.000000
vt 0.000000 0.000000
vt 0.000000 0.000000
vt 0.000000 0.000000
vt 0.000000 0.000000
vt 0.000000 0.000000
vt 0.000000 0.000000
vt 0.000000 0.000000
vt 0.000000 0.000000
vt 0.000000 0.000000
vt 0.000000 0.000000
vt 0.000000 0.000000
vt 0.000000 0.000000
vt 0.000000 0.000000
vt 0.000000 0.000000
vt 0.000000 0.000000
vt 0.000000 0.000000
vt 0.000000 0.000000
vt 0.000000 0.000000
vt 0.000000 0.000000
vt 0.000000 0.000000
vt 0.000000 0.000000
vt 0.000000 0.000000
vt 0.000000 0.000000
vt 0.000000 0.000000
vt 0.000000 0.000000
vt 0.000000 0.000000
vt 0.000000 0.000000
vt 0.000000 0.000000
vt 0.000000 0.000000
vt 0.000000 0.000000
vt 0.000000 0.000000
vt 0.000000 0.000000
vt 0.000000 0.000000
vt 0.000000 0.000000
vt 0.000000 0.000000
vt 0.000000 0.000000
vt 0.000000 0.000000
vt 0.000000 0.000000
vt 0.000000 0.000000
vt 0.000000 0.000000
vt 0.000000 0.000000
vt 0.000000 0.000000
vt 0.000000 0.000000
vt 0.000000 0.000000
vt 0.000000 0.000000
vt 0.000000 0.000000
vt 0.000000 0.000000
vt 0.000000 0.000000
vt 0.000000 0.000000
vt 0.000000 0.000000
vt 0.000000 0.000000
vt 0.000000 0.000000
vt 0.000000 0.000000
vt 0.000000 0.000000
vt 0.000000 0.000000
vt 0.000000 0.000000
vt 0.000000 0.000000
vt 0.000000 0.000000
vt 0.000000 0.000000
vt 0.000000 0.000000
vt 0.000000 0.000000
vt 0.000000 0.000000
vt 0.000000 0.000000
vt 0.000000 0.000000
vt 0.000000 0.000000
vt 0.000000 0.000000
vt 0.000000 0.000000
vt 0.000000 0.000000
vt 0.000000 0.000000
vt 0.000000 0.000000
vt 0.000000 0.000000
vt 0.000000 0.000000
vt 0.000000 0.000000
vt 0.000000 0.000000
vt 0.000000 0.000000
vt 0.000000 0.000000
vt 0.000000 0.000000
vt 0.000000 0.000000
vt 0.000000 0.000000
vt 0.000000 0.000000
vt 0.000000 0.000000
vt 0.000000 0.000000
vt 0.000000 0.000000
vt 0.000000 0.000000
vt 0.000000 0.000000
vt 0.000000 0.000000
vt 0.000000 0.000000
vt 0.000000 0.000000
vt 0.000000 0.000000
vt 0.000000 0.000000
vt 0.000000 0.000000
vt 0.000000 0.000000
vt 0.000000 0.000000
vt 0.000000 0.000000
vt 0.000000 0.000000
vt 0.000000 0.000000
vt 0.000000 0.000000
vt 0.000000 0.000000
vt 0.000000 0.000000
vt 0.000000 0.000000
vt 0.000000 0.000000
vt 0.000000 0.000000
vt 0.000000 0.000000
vt 0.000000 0.000000
vt 0.000000 0.000000
vt 0.000000 0.000000
vt 0.000000 0.000000
vt 0.000000 0.000000
vt 0.000000 0.000000
vt 0.000000 0.000000
vt 0.000000 0.000000
vt 0.000000 0.000000
vt 0.000000 0.000000
vt 0.000000 0.000000
vt 0.000000 0.000000
vt 0.000000 0.000000
vt 0.000000 0.000000
vt 0.000000 0.000000
vt 0.000000 0.000000
vt 0.000000 0.000000
vt 0.000000 0.000000
vt 0.000000 0.000000
vt 0.000000 0.000000
vt 0.000000 0.000000
vt 0.000000 0.000000
vt 0.000000 0.000000
vt 0.000000 0.000000
vt 0.000000 0.000000
vt 0.000000 0.000000
vt 0.000000 0.000000
vt 0.000000 0.000000
vt 0.000000 0.000000
vt 0.000000 0.000000
vt 0.000000 0.000000
vt 0.000000 0.000000
vt 0.000000 0.000000
vt 0.000000 0.000000
vt 0.000000 0.000000
vt 0.000000 0.000000
vt 0.000000 0.000000
vt 0.000000 0.000000
vt 0.000000 0.000000
vt 0.000000 0.000000
vt 0.000000 0.000000
vt 0.000000 0.000000
vt 0.000000 0.000000
vt 0.000000 0.000000
vt 0.000000 0.000000
vt 0.000000 0.000000
vt 0.000000 0.000000
vt 0.000000 0.000000
vt 0.000000 0.000000
vt 0.000000 0.000000
vt 0.000000 0.000000
vt 0.000000 0.000000
vt 0.000000 0.000000
vt 0.000000 0.000000
vt 0.000000 0.000000
vt 0.000000 0.000000
vt 0.000000 0.000000
vt 0.000000 0.000000
vt 0.000000 0.000000
vt 0.000000 0.000000
vt 0.000000 0.000000
vt 0.000000 0.000000
vt 0.000000 0.000000
vt 0.000000 0.000000
vt 0.000000 0.000000
vt 0.000000 0.000000
vt 0.000000 0.000000
vt 0.000000 0.000000
vt 0.000000 0.000000
vt 0.000000 0.000000
vt 0.000000 0.000000
vt 0.000000 0.000000
vt 0.000000 0.000000
vt 0.000000 0.000000
vt 0.000000 0.000000
vt 0.000000 0.000000
vt 0.000000 0.000000
vt 0.000000 0.000000
vt 0.000000 0.000000
vt 0.000000 0.000000
vt 0.000000 0.000000
vt 0.000000 0.000000
vt 0.000000 0.000000
vt 0.000000 0.000000
vt 0.000000 0.000000
vt 0.000000 0.000000
vt 0.000000 0.000000
vt 0.000000 0.000000
vt 0.000000 0.000000
vt 0.000000 0.000000
vt 0.000000 0.000000
vt 0.000000 0.000000
vt 0.000000 0.000000
vt 0.000000 0.000000
vt 0.000000 0.000000
vt 0.000000 0.000000
vt 0.000000 0.000000
vt 0.000000 0.000000
vt 0.000000 0.000000
vt 0.000000 0.000000
vt 0.000000 0.000000
vt 0.000000 0.000000
vt 0.000000 0.000000
vt 0.000000 0.000000
vt 0.000000 0.000000
vt 0.000000 0.000000
vt 0.000000 0.000000
vt 0.000000 0.000000
vt 0.000000 0.000000
vt 0.000000 0.000000
vt 0.000000 0.000000
vt 0.000000 0.000000
vt 0.000000 0.000000
vt 0.000000 0.000000
vt 0.000000 0.000000
vt 0.000000 0.000000
vt 0.000000 0.000000
vt 0.000000 0.000000
vt 0.000000 0.000000
vt 0.000000 0.000000
vt 0.000000 0.000000
vt 0.000000 0.000000
vt 0.000000 0.000000
vt 0.000000 0.000000
vt 0.000000 0.000000
vt 0.000000 0.000000
vt 0.000000 0.000000
vt 0.000000 0.000000
vt 0.000000 0.000000
vt 0.000000 0.000000
vt 0.000000 0.000000
vt 0.000000 0.000000
vt 0.000000 0.000000
vt 0.000000 0.000000
vt 0.000000 0.000000
vt 0.000000 0.000000
vt 0.000000 0.000000
vt 0.000000 0.000000
vt 0.000000 0.000000
vt 0.000000 0.000000
vt 0.000000 0.000000
vt 0.000000 0.000000
vt 0.000000 0.000000
vt 0.000000 0.000000
vt 0.000000 0.000000
vt 0.000000 0.000000
vt 0.000000 0.000000
vt 0.000000 0.000000
vt 0.000000 0.000000
vt 0.000000 0.000000
vt 0.000000 0.000000
vt 0.000000 0.000000
vt 0.000000 0.000000
vt 0.000000 0.000000
vt 0.000000 0.000000
vt 0.000000 0.000000
vt 0.000000 0.000000
vt 0.000000 0.000000
vt 0.000000 0.000000
vt 0.000000 0.000000
vt 0.000000 0.000000
vt 0.000000 0.000000
vt 0.000000 0.000000
vt 0.000000 0.000000
vt 0.000000 0.000000
vt 0.000000 0.000000
vt 0.000000 0.000000
vt 0.000000 0.000000
vt 0.000000 0.000000
vt 0.000000 0.000000
vt 0.000000 0.000000
vt 0.000000 0.000000
vt 0.000000 0.000000
vt 0.000000 0.000000
vt 0.000000 0.000000
vt 0.000000 0.000000
vt 0.000000 0.000000
vt 0.000000 0.000000
vt 0.000000 0.000000
vt 0.000000 0.000000
vt 0.000000 0.000000
vt 0.000000 0.000000
vt 0.000000 0.000000
vt 0.000000 0.000000
vt 0.000000 0.000000
vt 0.000000 0.000000
vt 0.000000 0.000000
vt 0.000000 0.000000
vt 0.000000 0.000000
vt 0.000000 0.000000
vt 0.000000 0.000000
vt 0.000000 0.000000
vt 0.000000 0.000000
vt 0.000000 0.000000
vt 0.000000 0.000000
vt 0.000000 0.000000
vt 0.000000 0.000000
vt 0.000000 0.000000
vt 0.000000 0.000000
vt 0.000000 0.000000
vt 0.000000 0.000000
vt 0.000000 0.000000
vt 0.000000 0.000000
vt 0.000000 0.000000
vt 0.000000 0.000000
vt 0.000000 0.000000
vt 0.000000 0.000000
vt 0.000000 0.000000
vt 0.000000 0.000000
vt 0.000000 0.000000
vt 0.000000 0.000000
vt 0.000000 0.000000
vt 0.000000 0.000000
vt 0.000000 0.000000
vt 0.000000 0.000000
vt 0.000000 0.000000
vt 0.000000 0.000000
vt 0.000000 0.000000
vt 0.000000 0.000000
vt 0.000000 0.000000
vt 0.000000 0.000000
vt 0.000000 0.000000
vt 0.000000 0.000000
vt 0.000000 0.000000
vt 0.000000 0.000000
vt 0.000000 0.000000
vt 0.000000 0.000000
vt 0.000000 0.000000
vt 0.000000 0.000000
vt 0.000000 0.000000
vt 0.000000 0.000000
vt 0.000000 0.000000
vt 0.000000 0.000000
vt 0.000000 0.000000
vt 0.000000 0.000000
vt 0.000000 0.000000
vt 0.000000 0.000000
vt 0.000000 0.000000
vt 0.000000 0.000000
vt 0.000000 0.000000
vt 0.000000 0.000000
vt 0.000000 0.000000
vt 0.000000 0.000000
vt 0.000000 0.000000
vt 0.000000 0.000000
vt 0.000000 0.000000
vt 0.000000 0.000000
vt 0.000000 0.000000
vt 0.000000 0.000000
vt 0.000000 0.000000
vt 0.000000 0.000000
vt 0.000000 0.000000
vt 0.000000 0.000000
vt 0.000000 0.000000
vt 0.000000 0.000000
vt 0.000000 0.000000
vt 0.000000 0.000000
vt 0.000000 0.000000
vt 0.000000 0.000000
vt 0.000000 0.000000
vt 0.000000 0.000000
vt 0.000000 0.000000
vt 0.000000 0.000000
vt 0.000000 0.000000
vt 0.000000 0.000000
vt 0.000000 0.000000
vt 0.000000 0.000000
vt 0.000000 0.000000
vt 0.000000 0.000000
vt 0.000000 0.000000
vt 0.000000 0.000000
vt 0.000000 0.000000
vt 0.000000 0.000000
vt 0.000000 0.000000
vt 0.000000 0.000000
vt 0.000000 0.000000
vt 0.000000 0.000000
vt 0.000000 0.000000
vt 0.000000 0.000000
vt 0.000000 0.000000
vt 0.000000 0.000000
vt 0.000000 0.000000
vt 0.000000 0.000000
vt 0.000000 0.000000
vt 0.000000 0.000000
vt 0.000000 0.000000
vt 0.000000 0.000000
vt 0.000000 0.000000
vt 0.000000 0.000000
vt 0.000000 0.000000
vt 0.000000 0.000000
vt 0.000000 0.000000
vt 0.000000 0.000000
vt 0.000000 0.000000
vt 0.000000 0.000000
vt 0.000000 0.000000
vt 0.000000 0.000000
vt 0.000000 0.000000
vt 0.000000 0.000000
vt 0.000000 0.000000
vt 0.000000 0.000000
vt 0.000000 0.000000
vt 0.000000 0.000000
vt 0.000000 0.000000
vt 0.000000 0.000000
vt 0.000000 0.000000
vt 0.000000 0.000000
vt 0.000000 0.000000
vt 0.000000 0.000000
vt 0.000000 0.000000
vt 0.000000 0.000000
vt 0.000000 0.000000
vt 0.000000 0.000000
vt 0.000000 0.000000
vt 0.000000 0.000000
vt 0.000000 0.000000
vt 0.000000 0.000000
vt 0.000000 0.000000
vt 0.000000 0.000000
vt 0.000000 0.000000
vt 0.000000 0.000000
vt 0.000000 0.000000
vt 0.000000 0.000000
vt 0.000000 0.000000
vt 0.000000 0.000000
vt 0.000000 0.000000
vt 0.000000 0.000000
vt 0.000000 0.000000
vt 0.000000 0.000000
vt 0.000000 0.000000
vt 0.000000 0.000000
vt 0.000000 0.000000
vt 0.000000 0.000000
vt 0.000000 0.000000
vt 0.000000 0.000000
vt 0.000000 0.000000
vt 0.000000 0.000000
vt 0.000000 0.000000
vt 0.000000 0.000000
vt 0.000000 0.000000
vt 0.000000 0.000000
vt 0.000000 0.000000
vt 0.000000 0.000000
vt 0.000000 0.000000
vt 0.000000 0.000000
vt 0.000000 0.000000
vt 0.000000 0.000000
vt 0.000000 0.000000
vt 0.000000 0.000000
vt 0.000000 0.000000
vt 0.000000 0.000000
vt 0.000000 0.000000
vt 0.000000 0.000000
vt 0.000000 0.000000
vt 0.000000 0.000000
vt 0.000000 0.000000
vt 0.000000 0.000000
vt 0.000000 0.000000
vt 0.000000 0.000000
vt 0.000000 0.000000
vt 0.000000 0.000000
vt 0.000000 0.000000
vt 0.000000 0.000000
vt 0.000000 0.000000
vt 0.000000 0.000000
vt 0.000000 0.000000
vt 0.000000 0.000000
vt 0.000000 0.000000
vt 0.000000 0.000000
vt 0.000000 0.000000
vt 0.000000 0.000000
vt 0.000000 0.000000
vt 0.000000 0.000000
vt 0.000000 0.000000
vt 0.000000 0.000000
vt 0.000000 0.000000
vt 0.000000 0.000000
vt 0.000000 0.000000
vt 0.000000 0.000000
vt 0.000000 0.000000
vt 0.000000 0.000000
vt 0.000000 0.000000
vt 0.000000 0.000000
vt 0.000000 0.000000
vt 0.000000 0.000000
vt 0.000000 0.000000
vt 0.000000 0.000000
vt 0.000000 0.000000
vt 0.000000 0.000000
vt 0.000000 0.000000
vt 0.000000 0.000000
vt 0.000000 0.000000
vt 0.000000 0.000000
vt 0.000000 0.000000
vt 0.000000 0.000000
vt 0.000000 0.000000
vt 0.000000 0.000000
vt 0.000000 0.000000
vt 0.000000 0.000000
vt 0.000000 0.000000
vt 0.000000 0.000000
vt 0.000000 0.000000
vt 0.000000 0.000000
vt 0.000000 0.000000
vt 0.000000 0.000000
vt 0.000000 0.000000
vt 0.000000 0.000000
vt 0.000000 0.000000
vt 0.000000 0.000000
vt 0.000000 0.000000
vt 0.000000 0.000000
vt 0.000000 0.000000
vt 0.000000 0.000000
vt 0.000000 0.000000
vt 0.000000 0.000000
vt 0.000000 0.000000
vt 0.000000 0.000000
vt 0.000000 0.000000
vt 0.000000 0.000000
vt 0.000000 0.000000
vt 0.000000 0.000000
vt 0.000000 0.000000
vt 0.000000 0.000000
vt 0.000000 0.000000
vt 0.000000 0.000000
vt 0.000000 0.000000
vt 0.000000 0.000000
vt 0.000000 0.000000
vt 0.000000 0.000000
vt 0.000000 0.000000
vt 0.000000 0.000000
vt 0.000000 0.000000
vt 0.000000 0.000000
vt 0.000000 0.000000
vt 0.000000 0.000000
vt 0.000000 0.000000
vt 0.000000 0.000000
vt 0.000000 0.000000
vt 0.000000 0.000000
vt 0.000000 0.000000
vt 0.000000 0.000000
vt 0.000000 0.000000
vt 0.000000 0.000000
vt 0.000000 0.000000
vt 0.000000 0.000000
vt 0.000000 0.000000
vt 0.000000 0.000000
vt 0.000000 0.000000
vt 0.000000 0.000000
vt 0.000000 0.000000
vt 0.000000 0.000000
vt 0.000000 0.000000
vt 0.000000 0.000000
vt 0.000000 0.000000
vt 0.000000 0.000000
vt 0.000000 0.000000
vt 0.000000 0.000000
vt 0.000000 0.000000
vt 0.000000 0.000000
vt 0.000000 0.000000
vt 0.000000 0.000000
vt 0.000000 0.000000
vt 0.000000 0.000000
vt 0.000000 0.000000
vt 0.000000 0.000000
vt 0.000000 0.000000
vt 0.000000 0.000000
vt 0.000000 0.000000
vt 0.000000 0.000000
vt 0.000000 0.000000
vt 0.000000 0.000000
vt 0.000000 0.000000
vt 0.000000 0.000000
vt 0.000000 0.000000
vt 0.000000 0.000000
vt 0.000000 0.000000
vt 0.000000 0.000000
vt 0.000000 0.000000
vt 0.000000 0.000000
vt 0.000000 0.000000
vt 0.000000 0.000000
vt 0.000000 0.000000
vt 0.000000 0.000000
vt 0.000000 0.000000
vt 0.000000 0.000000
vt 0.000000 0.000000
vt 0.000000 0.000000
vt 0.000000 0.000000
vt 0.000000 0.000000
vt 0.000000 0.000000
vt 0.000000 0.000000
vt 0.000000 0.000000
vt 0.000000 0.000000
vt 0.000000 0.000000
vt 0.000000 0.000000
vt 0.000000 0.000000
vt 0.000000 0.000000
vt 0.000000 0.000000
vt 0.000000 0.000000
vt 0.000000 0.000000
vt 0.000000 0.000000
vt 0.000000 0.000000
vt 0.000000 0.000000
vt 0.000000 0.000000
vt 0.000000 0.000000
vt 0.000000 0.000000
vt 0.000000 0.000000
vt 0.000000 0.000000
vt 0.000000 0.000000
vt 0.000000 0.000000
vt 0.000000 0.000000
vt 0.000000 0.000000
vt 0.000000 0.000000
vt 0.000000 0.000000
vt 0.000000 0.000000
vt 0.000000 0.000000
vt 0.000000 0.000000
vt 0.000000 0.000000
vt 0.000000 0.000000
vt 0.000000 0.000000
vt 0.000000 0.000000
vt 0.000000 0.000000
vt 0.000000 0.000000
vt 0.000000 0.000000
vt 0.000000 0.000000
vt 0.000000 0.000000
vt 0.000000 0.000000
vt 0.000000 0.000000
vt 0.000000 0.000000
vt 0.000000 0.000000
vt 0.000000 0.000000
vt 0.000000 0.000000
vt 0.000000 0.000000
vt 0.000000 0.000000
vt 0.000000 0.000000
vt 0.000000 0.000000
vt 0.000000 0.000000
vt 0.000000 0.000000
vt 0.000000 0.000000
vt 0.000000 0.000000
vt 0.000000 0.000000
vt 0.000000 0.000000
vt 0.000000 0.000000
vt 0.000000 0.000000
vt 0.000000 0.000000
vt 0.000000 0.000000
vt 0.000000 0.000000
vt 0.000000 0.000000
vt 0.000000 0.000000
vt 0.000000 0.000000
vt 0.000000 0.000000
vt 0.000000 0.000000
vt 0.000000 0.000000
vt 0.000000 0.000000
vt 0.000000 0.000000
vt 0.000000 0.000000
vt 0.000000 0.000000
vt 0.000000 0.000000
vt 0.000000 0.000000
vt 0.000000 0.000000
vt 0.000000 0.000000
vt 0.000000 0.000000
vt 0.000000 0.000000
vt 0.000000 0.000000
vt 0.000000 0.000000
vt 0.000000 0.000000
vt 0.000000 0.000000
vt 0.000000 0.000000
vt 0.000000 0.000000
vt 0.000000 0.000000
vt 0.000000 0.000000
vt 0.000000 0.000000
vt 0.000000 0.000000
vt 0.000000 0.000000
vt 0.000000 0.000000
vt 0.000000 0.000000
vt 0.000000 0.000000
vt 0.000000 0.000000
vt 0.000000 0.000000
vt 0.000000 0.000000
vt 0.000000 0.000000
vt 0.000000 0.000000
vt 0.000000 0.000000
vt 0.000000 0.000000
vt 0.000000 0.000000
vt 0.000000 0.000000
vt 0.000000 0.000000
vt 0.000000 0.000000
vt 0.000000 0.000000
vt 0.000000 0.000000
vt 0.000000 0.000000
vt 0.000000 0.000000
vt 0.000000 0.000000
vt 0.000000 0.000000
vt 0.000000 0.000000
vt 0.000000 0.000000
vt 0.000000 0.000000
vt 0.000000 0.000000
vt 0.000000 0.000000
vt 0.000000 0.000000
vt 0.000000 0.000000
vt 0.000000 0.000000
vt 0.000000 0.000000
vt 0.000000 0.000000
vt 0.000000 0.000000
vt 0.000000 0.000000
vt 0.000000 0.000000
vt 0.000000 0.000000
vt 0.000000 0.000000
vt 0.000000 0.000000
vt 0.000000 0.000000
vt 0.000000 0.000000
vt 0.000000 0.000000
vt 0.000000 0.000000
vt 0.000000 0.000000
vt 0.000000 0.000000
vt 0.000000 0.000000
vt 0.000000 0.000000
vt 0.000000 0.000000
vt 0.000000 0.000000
vt 0.000000 0.000000
vt 0.000000 0.000000
vt 0.000000 0.000000
vt 0.000000 0.000000
vt 0.000000 0.000000
vt 0.000000 0.000000
vt 0.000000 0.000000
vt 0.000000 0.000000
vt 0.000000 0.000000
vt 0.000000 0.000000
vt 0.000000 0.000000
vt 0.000000 0.000000
vt 0.000000 0.000000
vt 0.000000 0.000000
vt 0.000000 0.000000
vt 0.000000 0.000000
vt 0.000000 0.000000
vt 0.000000 0.000000
vt 0.000000 0.000000
vt 0.000000 0.000000
vt 0.000000 0.000000
vt 0.000000 0.000000
vt 0.000000 0.000000
vt 0.000000 0.000000
vt 0.000000 0.000000
vt 0.000000 0.000000
vt 0.000000 0.000000
vt 0.000000 0.000000
vt 0.000000 0.000000
vt 0.000000 0.000000
vt 0.000000 0.000000
vt 0.000000 0.000000
vt 0.000000 0.000000
vt 0.000000 0.000000
vt 0.000000 0.000000
vt 0.000000 0.000000
vt 0.000000 0.000000
vt 0.000000 0.000000
vt 0.000000 0.000000
vt 0.000000 0.000000
vt 0.000000 0.000000
vt 0.000000 0.000000
vt 0.000000 0.000000
vt 0.000000 0.000000
vt 0.000000 0.000000
vt 0.000000 0.000000
vt 0.000000 0.000000
vt 0.000000 0.000000
vt 0.000000 0.000000
vt 0.000000 0.000000
vt 0.000000 0.000000
vt 0.000000 0.000000
vt 0.000000 0.000000
vt 0.000000 0.000000
vt 0.000000 0.000000
vt 0.000000 0.000000
vt 0.000000 0.000000
vt 0.000000 0.000000
vt 0.000000 0.000000
vt 0.000000 0.000000
vt 0.000000 0.000000
vt 0.000000 0.000000
vt 0.000000 0.000000
vt 0.000000 0.000000
vt 0.000000 0.000000
vt 0.000000 0.000000
vt 0.000000 0.000000
vt 0.000000 0.000000
vt 0.000000 0.000000
vt 0.000000 0.000000
vt 0.000000 0.000000
vt 0.000000 0.000000
vt 0.000000 0.000000
vt 0.000000 0.000000
vt 0.000000 0.000000
vt 0.000000 0.000000
vt 0.000000 0.000000
vt 0.000000 0.000000
vt 0.000000 0.000000
vt 0.000000 0.000000
vt 0.000000 0.000000
vt 0.000000 0.000000
vt 0.000000 0.000000
vt 0.000000 0.000000
vt 0.000000 0.000000
vt 0.000000 0.000000
vt 0.000000 0.000000
vt 0.000000 0.000000
vt 0.000000 0.000000
vt 0.000000 0.000000
vt 0.000000 0.000000
vt 0.000000 0.000000
vt 0.000000 0.000000
vt 0.000000 0.000000
vt 0.000000 0.000000
vt 0.000000 0.000000
vt 0.000000 0.000000
vt 0.000000 0.000000
vt 0.000000 0.000000
vt 0.000000 0.000000
vt 0.000000 0.000000
vt 0.000000 0.000000
vt 0.000000 0.000000
vt 0.000000 0.000000
vt 0.000000 0.000000
vt 0.000000 0.000000
vt 0.000000 0.000000
vt 0.000000 0.000000
vt 0.000000 0.000000
vt 0.000000 0.000000
vt 0.000000 0.000000
vt 0.000000 0.000000
vt 0.000000 0.000000
vt 0.000000 0.000000
vt 0.000000 0.000000
vt 0.000000 0.000000
vt 0.000000 0.000000
vt 0.000000 0.000000
vt 0.000000 0.000000
vt 0.000000 0.000000
vt 0.000000 0.000000
vt 0.000000 0.000000
vt 0.000000 0.000000
vt 0.000000 0.000000
vt 0.000000 0.000000
vt 0.000000 0.000000
vt 0.000000 0.000000
vt 0.000000 0.000000
vt 0.000000 0.000000
vt 0.000000 0.000000
vt 0.000000 0.000000
vt 0.000000 0.000000
vt 0.000000 0.000000
vt 0.000000 0.000000
vt 0.000000 0.000000
vt 0.000000 0.000000
vt 0.000000 0.000000
vt 0.000000 0.000000
vt 0.000000 0.000000
vt 0.000000 0.000000
vt 0.000000 0.000000
vt 0.000000 0.000000
vt 0.000000 0.000000
vt 0.000000 0.000000
vt 0.000000 0.000000
vt 0.000000 0.000000
vt 0.000000 0.000000
vt 0.000000 0.000000
vt 0.000000 0.000000
vt 0.000000 0.000000
vt 0.000000 0.000000
vt 0.000000 0.000000
vt 0.000000 0.000000
vt 0.000000 0.000000
vt 0.000000 0.000000
vt 0.000000 0.000000
vt 0.000000 0.000000
vt 0.000000 0.000000
vt 0.000000 0.000000
vt 0.000000 0.000000
vt 0.000000 0.000000
vt 0.000000 0.000000
vt 0.000000 0.000000
vt 0.000000 0.000000
vt 0.000000 0.000000
vt 0.000000 0.000000
vt 0.000000 0.000000
vt 0.000000 0.000000
vt 0.000000 0.000000
vt 0.000000 0.000000
vt 0.000000 0.000000
vt 0.000000 0.000000
vt 0.000000 0.000000
vt 0.000000 0.000000
vt 0.000000 0.000000
vt 0.000000 0.000000
vt 0.000000 0.000000
vt 0.000000 0.000000
vt 0.000000 0.000000
vt 0.000000 0.000000
vt 0.000000 0.000000
vt 0.000000 0.000000
vt 0.000000 0.000000
vt 0.000000 0.000000
vt 0.000000 0.000000
vt 0.000000 0.000000
vt 0.000000 0.000000
vt 0.000000 0.000000
vt 0.000000 0.000000
vt 0.000000 0.000000
vt 0.000000 0.000000
vt 0.000000 0.000000
vt 0.000000 0.000000
vt 0.000000 0.000000
vt 0.000000 0.000000
vt 0.000000 0.000000
vt 0.000000 0.000000
vt 0.000000 0.000000
vt 0.000000 0.000000
vt 0.000000 0.000000
vt 0.000000 0.000000
vt 0.000000 0.000000
vt 0.000000 0.000000
vt 0.000000 0.000000
vt 0.000000 0.000000
vt 0.000000 0.000000
vt 0.000000 0.000000
vt 0.000000 0.000000
vt 0.000000 0.000000
vt 0.000000 0.000000
vt 0.000000 0.000000
vt 0.000000 0.000000
vt 0.000000 0.000000
vt 0.000000 0.000000
vt 0.000000 0.000000
vt 0.000000 0.000000
vt 0.000000 0.000000
vt 0.000000 0.000000
vt 0.000000 0.000000
vt 0.000000 0.000000
vt 0.000000 0.000000
vt 0.000000 0.000000
vt 0.000000 0.000000
vt 0.000000 0.000000
vt 0.000000 0.000000
vt 0.000000 0.000000
vt 0.000000 0.000000
vt 0.000000 0.000000
vt 0.000000 0.000000
vt 0.000000 0.000000
vt 0.000000 0.000000
vt 0.000000 0.000000
vt 0.000000 0.000000
vt 0.000000 0.000000
vt 0.000000 0.000000
vt 0.000000 0.000000
vt 0.000000 0.000000
vt 0.000000 0.000000
vt 0.000000 0.000000
vt 0.000000 0.000000
vt 0.000000 0.000000
vt 0.000000 0.000000
vt 0.000000 0.000000
vt 0.000000 0.000000
vt 0.000000 0.000000
vt 0.000000 0.000000
vt 0.000000 0.000000
vt 0.000000 0.000000
vt 0.000000 0.000000
vt 0.000000 0.000000
vt 0.000000 0.000000
vt 0.000000 0.000000
vt 0.000000 0.000000
vt 0.000000 0.000000
vt 0.000000 0.000000
vt 0.000000 0.000000
vt 0.000000 0.000000
vt 0.000000 0.000000
vt 0.000000 0.000000
vt 0.000000 0.000000
vt 0.000000 0.000000
vt 0.000000 0.000000
vt 0.000000 0.000000
vt 0.000000 0.000000
vt 0.000000 0.000000
vt 0.000000 0.000000
vt 0.000000 0.000000
vt 0.000000 0.000000
vt 0.000000 0.000000
vt 0.000000 0.000000
vt 0.000000 0.000000
vt 0.000000 0.000000
vt 0.000000 0.000000
vt 0.000000 0.000000
vt 0.000000 0.000000
vt 0.000000 0.000000
vt 0.000000 0.000000
vt 0.000000 0.000000
vt 0.000000 0.000000
vt 0.000000 0.000000
vt 0.000000 0.000000
vt 0.000000 0.000000
vt 0.000000 0.000000
vt 0.000000 0.000000
vt 0.000000 0.000000
vt 0.000000 0.000000
vt 0.000000 0.000000
vt 0.000000 0.000000
vt 0.000000 0.000000
vt 0.000000 0.000000
vt 0.000000 0.000000
vt 0.000000 0.000000
vt 0.000000 0.000000
vt 0.000000 0.000000
vt 0.000000 0.000000
vt 0.000000 0.000000
vt 0.000000 0.000000
vt 0.000000 0.000000
vt 0.000000 0.000000
vt 0.000000 0.000000
vt 0.000000 0.000000
vt 0.000000 0.000000
vt 0.000000 0.000000
vt 0.000000 0.000000
vt 0.000000 0.000000
vt 0.000000 0.000000
vt 0.000000 0.000000
vt 0.000000 0.000000
vt 0.000000 0.000000
vt 0.000000 0.000000
vt 0.000000 0.000000
vt 0.000000 0.000000
vt 0.000000 0.000000
vt 0.000000 0.000000
vt 0.000000 0.000000
vt 0.000000 0.000000
vt 0.000000 0.000000
vt 0.000000 0.000000
vt 0.000000 0.000000
vt 0.000000 0.000000
vt 0.000000 0.000000
vt 0.000000 0.000000
vt 0.000000 0.000000
vt 0.000000 0.000000
vt 0.000000 0.000000
vt 0.000000 0.000000
vt 0.000000 0.000000
vt 0.000000 0.000000
vt 0.000000 0.000000
vt 0.000000 0.000000
vt 0.000000 0.000000
vt 0.000000 0.000000
vt 0.000000 0.000000
vt 0.000000 0.000000
vt 0.000000 0.000000
vt 0.000000 0.000000
vt 0.000000 0.000000
vt 0.000000 0.000000
vt 0.000000 0.000000
vt 0.000000 0.000000
vt 0.000000 0.000000
vt 0.000000 0.000000
vt 0.000000 0.000000
vt 0.000000 0.000000
vt 0.000000 0.000000
vt 0.000000 0.000000
vt 0.000000 0.000000
vt 0.000000 0.000000
vt 0.000000 0.000000
vt 0.000000 0.000000
vt 0.000000 0.000000
vt 0.000000 0.000000
vt 0.000000 0.000000
vt 0.000000 0.000000
vt 0.000000 0.000000
vt 0.000000 0.000000
vt 0.000000 0.000000
vt 0.000000 0.000000
vt 0.000000 0.000000
vt 0.000000 0.000000
vt 0.000000 0.000000
vt 0.000000 0.000000
vt 0.000000 0.000000
vt 0.000000 0.000000
vt 0.000000 0.000000
vt 0.000000 0.000000
vt 0.000000 0.000000
vt 0.000000 0.000000
vt 0.000000 0.000000
vt 0.000000 0.000000
vt 0.000000 0.000000
vt 0.000000 0.000000
vt 0.000000 0.000000
vt 0.000000 0.000000
vt 0.000000 0.000000
vt 0.000000 0.000000
vt 0.000000 0.000000
vt 0.000000 0.000000
vt 0.000000 0.000000
vt 0.000000 0.000000
vt 0.000000 0.000000
vt 0.000000 0.000000
vt 0.000000 0.000000
vt 0.000000 0.000000
vt 0.000000 0.000000
vt 0.000000 0.000000
vt 0.000000 0.000000
vt 0.000000 0.000000
vt 0.000000 0.000000
vt 0.000000 0.000000
vt 0.000000 0.000000
vt 0.000000 0.000000
vt 0.000000 0.000000
vt 0.000000 0.000000
vt 0.000000 0.000000
vt 0.000000 0.000000
vt 0.000000 0.000000
vt 0.000000 0.000000
vt 0.000000 0.000000
vt 0.000000 0.000000
vt 0.000000 0.000000
vt 0.000000 0.000000
vt 0.000000 0.000000
vt 0.000000 0.000000
vt 0.000000 0.000000
vt 0.000000 0.000000
vt 0.000000 0.000000
vt 0.000000 0.000000
vt 0.000000 0.000000
vt 0.000000 0.000000
vt 0.000000 0.000000
vt 0.000000 0.000000
vt 0.000000 0.000000
vt 0.000000 0.000000
vt 0.000000 0.000000
vt 0.000000 0.000000
vt 0.000000 0.000000
vt 0.000000 0.000000
vt 0.000000 0.000000
vt 0.000000 0.000000
vt 0.000000 0.000000
vt 0.000000 0.000000
vt 0.000000 0.000000
vt 0.000000 0.000000
vt 0.000000 0.000000
vt 0.000000 0.000000
vt 0.000000 0.000000
vt 0.000000 0.000000
vt 0.000000 0.000000
vt 0.000000 0.000000
vt 0.000000 0.000000
vt 0.000000 0.000000
vt 0.000000 0.000000
vt 0.000000 0.000000
vt 0.000000 0.000000
vt 0.000000 0.000000
vt 0.000000 0.000000
vt 0.000000 0.000000
vt 0.000000 0.000000
vt 0.000000 0.000000
vt 0.000000 0.000000
vt 0.000000 0.000000
vt 0.000000 0.000000
vt 0.000000 0.000000
vt 0.000000 0.000000
vt 0.000000 0.000000
vt 0.000000 0.000000
vt 0.000000 0.000000
vt 0.000000 0.000000
vt 0.000000 0.000000
vt 0.000000 0.000000
vt 0.000000 0.000000
vt 0.000000 0.000000
vt 0.000000 0.000000
vt 0.000000 0.000000
vt 0.000000 0.000000
vt 0.000000 0.000000
vt 0.000000 0.000000
vt 0.000000 0.000000
vt 0.000000 0.000000
vt 0.000000 0.000000
vt 0.000000 0.000000
vt 0.000000 0.000000
vt 0.000000 0.000000
vt 0.000000 0.000000
vt 0.000000 0.000000
vt 0.000000 0.000000
vt 0.000000 0.000000
vt 0.000000 0.000000
vt 0.000000 0.000000
vt 0.000000 0.000000
vt 0.000000 0.000000
vt 0.000000 0.000000
vt 0.000000 0.000000
vt 0.000000 0.000000
vt 0.000000 0.000000
vt 0.000000 0.000000
vt 0.000000 0.000000
vt 0.000000 0.000000
vt 0.000000 0.000000
vt 0.000000 0.000000
vt 0.000000 0.000000
vt 0.000000 0.000000
vt 0.000000 0.000000
vt 0.000000 0.000000
vt 0.000000 0.000000
vt 0.000000 0.000000
vt 0.000000 0.000000
vt 0.000000 0.000000
vt 0.000000 0.000000
vt 0.000000 0.000000
vt 0.000000 0.000000
vt 0.000000 0.000000
vt 0.000000 0.000000
vt 0.000000 0.000000
vt 0.000000 0.000000
vt 0.000000 0.000000
vt 0.000000 0.000000
vt 0.000000 0.000000
vt 0.000000 0.000000
vt 0.000000 0.000000
vt 0.000000 0.000000
vt 0.000000 0.000000
vt 0.000000 0.000000
vt 0.000000 0.000000
vt 0.000000 0.000000
vt 0.000000 0.000000
vt 0.000000 0.000000
vt 0.000000 0.000000
vt 0.000000 0.000000
vt 0.000000 0.000000
vt 0.000000 0.000000
vt 0.000000 0.000000
vt 0.000000 0.000000
vt 0.000000 0.000000
vt 0.000000 0.000000
vt 0.000000 0.000000
vt 0.000000 0.000000
vt 0.000000 0.000000
vt 0.000000 0.000000
vt 0.000000 0.000000
vt 0.000000 0.000000
vt 0.000000 0.000000
vt 0.000000 0.000000
vt 0.000000 0.000000
vt 0.000000 0.000000
vt 0.000000 0.000000
vt 0.000000 0.000000
vt 0.000000 0.000000
vt 0.000000 0.000000
vt 0.000000 0.000000
vt 0.000000 0.000000
vt 0.000000 0.000000
vt 0.000000 0.000000
vt 0.000000 0.000000
vt 0.000000 0.000000
vt 0.000000 0.000000
vt 0.000000 0.000000
vt 0.000000 0.000000
vt 0.000000 0.000000
vt 0.000000 0.000000
vt 0.000000 0.000000
vt 0.000000 0.000000
vt 0.000000 0.000000
vt 0.000000 0.000000
vt 0.000000 0.000000
vt 0.000000 0.000000
vt 0.000000 0.000000
vt 0.000000 0.000000
vt 0.000000 0.000000
vt 0.000000 0.000000
vt 0.000000 0.000000
vt 0.000000 0.000000
vt 0.000000 0.000000
vt 0.000000 0.000000
vt 0.000000 0.000000
vt 0.000000 0.000000
vt 0.000000 0.000000
vt 0.000000 0.000000
vt 0.000000 0.000000
vt 0.000000 0.000000
vt 0.000000 0.000000
vt 0.000000 0.000000
vt 0.000000 0.000000
vt 0.000000 0.000000
vt 0.000000 0.000000
vt 0.000000 0.000000
vt 0.000000 0.000000
vt 0.000000 0.000000
vt 0.000000 0.000000
vt 0.000000 0.000000
vt 0.000000 0.000000
vt 0.000000 0.000000
vt 0.000000 0.000000
vt 0.000000 0.000000
vt 0.000000 0.000000
vt 0.000000 0.000000
vt 0.000000 0.000000
vt 0.000000 0.000000
vt 0.000000 0.000000
vt 0.000000 0.000000
vt 0.000000 0.000000
vt 0.000000 0.000000
vt 0.000000 0.000000
vt 0.000000 0.000000
vt 0.000000 0.000000
vt 0.000000 0.000000
vt 0.000000 0.000000
vt 0.000000 0.000000
vt 0.000000 0.000000
vt 0.000000 0.000000
vt 0.000000 0.000000
vt 0.000000 0.000000
vt 0.000000 0.000000
vt 0.000000 0.000000
vt 0.000000 0.000000
vt 0.000000 0.000000
vt 0.000000 0.000000
vt 0.000000 0.000000
vt 0.000000 0.000000
vt 0.000000 0.000000
vt 0.000000 0.000000
vt 0.000000 0.000000
vt 0.000000 0.000000
vt 0.000000 0.000000
vt 0.000000 0.000000
vt 0.000000 0.000000
vt 0.000000 0.000000
vt 0.000000 0.000000
vt 0.000000 0.000000
vt 0.000000 0.000000
vt 0.000000 0.000000
vt 0.000000 0.000000
vt 0.000000 0.000000
vt 0.000000 0.000000
vt 0.000000 0.000000
vt 0.000000 0.000000
vt 0.000000 0.000000
vt 0.000000 0.000000
vt 0.000000 0.000000
vt 0.000000 0.000000
vt 0.000000 0.000000
vt 0.000000 0.000000
vt 0.000000 0.000000
vt 0.000000 0.000000
vt 0.000000 0.000000
vt 0.000000 0.000000
vt 0.000000 0.000000
vt 0.000000 0.000000
vt 0.000000 0.000000
vt 0.000000 0.000000
vt 0.000000 0.000000
vt 0.000000 0.000000
vt 0.000000 0.000000
vt 0.000000 0.000000
vt 0.000000 0.000000
vt 0.000000 0.000000
vt 0.000000 0.000000
vt 0.000000 0.000000
vt 0.000000 0.000000
vt 0.000000 0.000000
vt 0.000000 0.000000
vt 0.000000 0.000000
vt 0.000000 0.000000
vt 0.000000 0.000000
vt 0.000000 0.000000
vt 0.000000 0.000000
vt 0.000000 0.000000
vt 0.000000 0.000000
vt 0.000000 0.000000
vt 0.000000 0.000000
vt 0.000000 0.000000
vt 0.000000 0.000000
vt 0.000000 0.000000
vt 0.000000 0.000000
vt 0.000000 0.000000
vt 0.000000 0.000000
vt 0.000000 0.000000
vt 0.000000 0.000000
vt 0.000000 0.000000
vt 0.000000 0.000000
vt 0.000000 0.000000
vt 0.000000 0.000000
vt 0.000000 0.000000
vt 0.000000 0.000000
vt 0.000000 0.000000
vt 0.000000 0.000000
vt 0.000000 0.000000
vt 0.000000 0.000000
vt 0.000000 0.000000
vt 0.000000 0.000000
vt 0.000000 0.000000
vt 0.000000 0.000000
vt 0.000000 0.000000
vt 0.000000 0.000000
vt 0.000000 0.000000
vt 0.000000 0.000000
vt 0.000000 0.000000
vt 0.000000 0.000000
vt 0.000000 0.000000
vt 0.000000 0.000000
vt 0.000000 0.000000
vt 0.000000 0.000000
vt 0.000000 0.000000
vt 0.000000 0.000000
vt 0.000000 0.000000
vt 0.000000 0.000000
vt 0.000000 0.000000
vt 0.000000 0.000000
vt 0.000000 0.000000
vt 0.000000 0.000000
vt 0.000000 0.000000
vt 0.000000 0.000000
vt 0.000000 0.000000
vt 0.000000 0.000000
vt 0.000000 0.000000
vt 0.000000 0.000000
vt 0.000000 0.000000
vt 0.000000 0.000000
vt 0.000000 0.000000
vt 0.000000 0.000000
vt 0.000000 0.000000
vt 0.000000 0.000000
vt 0.000000 0.000000
vt 0.000000 0.000000
vt 0.000000 0.000000
vt 0.000000 0.000000
vt 0.000000 0.000000
vt 0.000000 0.000000
vt 0.000000 0.000000
vt 0.000000 0.000000
vt 0.000000 0.000000
vt 0.000000 0.000000
vt 0.000000 0.000000
vt 0.000000 0.000000
vt 0.000000 0.000000
vt 0.000000 0.000000
vt 0.000000 0.000000
vt 0.000000 0.000000
vt 0.000000 0.000000
vt 0.000000 0.000000
vt 0.000000 0.000000
vt 0.000000 0.000000
vt 0.000000 0.000000
vt 0.000000 0.000000
vt 0.000000 0.000000
vt 0.000000 0.000000
vt 0.000000 0.000000
vt 0.000000 0.000000
vt 0.000000 0.000000
vt 0.000000 0.000000
vt 0.000000 0.000000
vt 0.000000 0.000000
vt 0.000000 0.000000
vt 0.000000 0.000000
vt 0.000000 0.000000
vt 0.000000 0.000000
vt 0.000000 0.000000
vt 0.000000 0.000000
vt 0.000000 0.000000
vt 0.000000 0.000000
vt 0.000000 0.000000
vt 0.000000 0.000000
vt 0.000000 0.000000
vt 0.000000 0.000000
vt 0.000000 0.000000
vt 0.000000 0.000000
vt 0.000000 0.000000
vt 0.000000 0.000000
vt 0.000000 0.000000
vt 0.000000 0.000000
vt 0.000000 0.000000
vt 0.000000 0.000000
vt 0.000000 0.000000
vt 0.000000 0.000000
vt 0.000000 0.000000
vt 0.000000 0.000000
vt 0.000000 0.000000
vt 0.000000 0.000000
vt 0.000000 0.000000
vt 0.000000 0.000000
vt 0.000000 0.000000
vt 0.000000 0.000000
vt 0.000000 0.000000
vt 0.000000 0.000000
vt 0.000000 0.000000
vt 0.000000 0.000000
vt 0.000000 0.000000
vt 0.000000 0.000000
vt 0.000000 0.000000
vt 0.000000 0.000000
vt 0.000000 0.000000
vt 0.000000 0.000000
vt 0.000000 0.000000
vt 0.000000 0.000000
vt 0.000000 0.000000
vt 0.000000 0.000000
vt 0.000000 0.000000
vt 0.000000 0.000000
vt 0.000000 0.000000
vt 0.000000 0.000000
vt 0.000000 0.000000
vt 0.000000 0.000000
vt 0.000000 0.000000
vt 0.000000 0.000000
vt 0.000000 0.000000
vt 0.000000 0.000000
vt 0.000000 0.000000
vt 0.000000 0.000000
vt 0.000000 0.000000
vt 0.000000 0.000000
vt 0.000000 0.000000
vt 0.000000 0.000000
vt 0.000000 0.000000
vt 0.000000 0.000000
vt 0.000000 0.000000
vt 0.000000 0.000000
vt 0.000000 0.000000
vt 0.000000 0.000000
vt 0.000000 0.000000
vt 0.000000 0.000000
vt 0.000000 0.000000
vt 0.000000 0.000000
vt 0.000000 0.000000
vt 0.000000 0.000000
vt 0.000000 0.000000
vt 0.000000 0.000000
vt 0.000000 0.000000
vt 0.000000 0.000000
vt 0.000000 0.000000
vt 0.000000 0.000000
vt 0.000000 0.000000
vt 0.000000 0.000000
vt 0.000000 0.000000
vt 0.000000 0.000000
vt 0.000000 0.000000
vt 0.000000 0.000000
vt 0.000000 0.000000
vt 0.000000 0.000000
vt 0.000000 0.000000
vt 0.000000 0.000000
vt 0.000000 0.000000
vt 0.000000 0.000000
vt 0.000000 0.000000
vt 0.000000 0.000000
vt 0.000000 0.000000
vt 0.000000 0.000000
vt 0.000000 0.000000
vt 0.000000 0.000000
vt 0.000000 0.000000
vt 0.000000 0.000000
vt 0.000000 0.000000
vt 0.000000 0.000000
vt 0.000000 0.000000
vt 0.000000 0.000000
vt 0.000000 0.000000
vt 0.000000 0.000000
vt 0.000000 0.000000
vt 0.000000 0.000000
vt 0.000000 0.000000
vt 0.000000 0.000000
vt 0.000000 0.000000
vt 0.000000 0.000000
vt 0.000000 0.000000
vt 0.000000 0.000000
vt 0.000000 0.000000
vt 0.000000 0.000000
vt 0.000000 0.000000
vt 0.000000 0.000000
vt 0.000000 0.000000
vt 0.000000 0.000000
vt 0.000000 0.000000
vt 0.000000 0.000000
vt 0.000000 0.000000
vt 0.000000 0.000000
vt 0.000000 0.000000
vt 0.000000 0.000000
vt 0.000000 0.000000
vt 0.000000 0.000000
vt 0.000000 0.000000
vt 0.000000 0.000000
vt 0.000000 0.000000
vt 0.000000 0.000000
vt 0.000000 0.000000
vt 0.000000 0.000000
vt 0.000000 0.000000
vt 0.000000 0.000000
vt 0.000000 0.000000
vt 0.000000 0.000000
vt 0.000000 0.000000
vt 0.000000 0.000000
vt 0.000000 0.000000
vt 0.000000 0.000000
vt 0.000000 0.000000
vt 0.000000 0.000000
vt 0.000000 0.000000
vt 0.000000 0.000000
vt 0.000000 0.000000
vt 0.000000 0.000000
vt 0.000000 0.000000
vt 0.000000 0.000000
vt 0.000000 0.000000
vt 0.000000 0.000000
vt 0.000000 0.000000
vt 0.000000 0.000000
vt 0.000000 0.000000
vt 0.000000 0.000000
vt 0.000000 0.000000
vt 0.000000 0.000000
vt 0.000000 0.000000
vt 0.000000 0.000000
vt 0.000000 0.000000
vt 0.000000 0.000000
vt 0.000000 0.000000
vt 0.000000 0.000000
vt 0.000000 0.000000
vt 0.000000 0.000000
vt 0.000000 0.000000
vt 0.000000 0.000000
vt 0.000000 0.000000
vt 0.000000 0.000000
vt 0.000000 0.000000
vt 0.000000 0.000000
vt 0.000000 0.000000
vt 0.000000 0.000000
vt 0.000000 0.000000
vt 0.000000 0.000000
vt 0.000000 0.000000
vt 0.000000 0.000000
vt 0.000000 0.000000
vt 0.000000 0.000000
vt 0.000000 0.000000
vt 0.000000 0.000000
vt 0.000000 0.000000
vt 0.000000 0.000000
vt 0.000000 0.000000
vt 0.000000 0.000000
vt 0.000000 0.000000
vt 0.000000 0.000000
vt 0.000000 0.000000
vt 0.000000 0.000000
vt 0.000000 0.000000
vt 0.000000 0.000000
vt 0.000000 0.000000
vt 0.000000 0.000000
vt 0.000000 0.000000
vt 0.000000 0.000000
vt 0.000000 0.000000
vt 0.000000 0.000000
vt 0.000000 0.000000
vt 0.000000 0.000000
vt 0.000000 0.000000
vt 0.000000 0.000000
vt 0.000000 0.000000
vt 0.000000 0.000000
vt 0.000000 0.000000
vt 0.000000 0.000000
vt 0.000000 0.000000
vt 0.000000 0.000000
vt 0.000000 0.000000
vt 0.000000 0.000000
vt 0.000000 0.000000
vt 0.000000 0.000000
vt 0.000000 0.000000
vt 0.000000 0.000000
vt 0.000000 0.000000
vt 0.000000 0.000000
vt 0.000000 0.000000
vt 0.000000 0.000000
vt 0.000000 0.000000
vt 0.000000 0.000000
vt 0.000000 0.000000
vt 0.000000 0.000000
vt 0.000000 0.000000
vt 0.000000 0.000000
vt 0.000000 0.000000
vt 0.000000 0.000000
vt 0.000000 0.000000
vt 0.000000 0.000000
vt 0.000000 0.000000
vt 0.000000 0.000000
vt 0.000000 0.000000
vt 0.000000 0.000000
vt 0.000000 0.000000
vt 0.000000 0.000000
vt 0.000000 0.000000
vt 0.000000 0.000000
vt 0.000000 0.000000
vt 0.000000 0.000000
vt 0.000000 0.000000
vt 0.000000 0.000000
vt 0.000000 0.000000
vt 0.000000 0.000000
vt 0.000000 0.000000
vt 0.000000 0.000000
vt 0.000000 0.000000
vt 0.000000 0.000000
vt 0.000000 0.000000
vt 0.000000 0.000000
vt 0.000000 0.000000
vt 0.000000 0.000000
vt 0.000000 0.000000
vt 0.000000 0.000000
vt 0.000000 0.000000
vt 0.000000 0.000000
vt 0.000000 0.000000
vt 0.000000 0.000000
vt 0.000000 0.000000
vt 0.000000 0.000000
vt 0.000000 0.000000
vt 0.000000 0.000000
vt 0.000000 0.000000
vt 0.000000 0.000000
vt 0.000000 0.000000
vt 0.000000 0.000000
vt 0.000000 0.000000
vt 0.000000 0.000000
vt 0.000000 0.000000
vt 0.000000 0.000000
vt 0.000000 0.000000
vt 0.000000 0.000000
vt 0.000000 0.000000
vt 0.000000 0.000000
vt 0.000000 0.000000
vt 0.000000 0.000000
vt 0.000000 0.000000
vt 0.000000 0.000000
vt 0.000000 0.000000
vt 0.000000 0.000000
vt 0.000000 0.000000
vt 0.000000 0.000000
vt 0.000000 0.000000
vt 0.000000 0.000000
vt 0.000000 0.000000
vt 0.000000 0.000000
vt 0.000000 0.000000
vt 0.000000 0.000000
vt 0.000000 0.000000
vt 0.000000 0.000000
vt 0.000000 0.000000
vt 0.000000 0.000000
vt 0.000000 0.000000
vt 0.000000 0.000000
vt 0.000000 0.000000
vt 0.000000 0.000000
vt 0.000000 0.000000
vt 0.000000 0.000000
vt 0.000000 0.000000
vt 0.000000 0.000000
vt 0.000000 0.000000
vt 0.000000 0.000000
vt 0.000000 0.000000
vt 0.000000 0.000000
vt 0.000000 0.000000
vt 0.000000 0.000000
vt 0.000000 0.000000
vt 0.000000 0.000000
vt 0.000000 0.000000
vt 0.000000 0.000000
vt 0.000000 0.000000
vt 0.000000 0.000000
vt 0.000000 0.000000
vt 0.000000 0.000000
vt 0.000000 0.000000
vt 0.000000 0.000000
vt 0.000000 0.000000
vt 0.000000 0.000000
vt 0.000000 0.000000
vt 0.000000 0.000000
vt 0.000000 0.000000
vt 0.000000 0.000000
vt 0.000000 0.000000
vt 0.000000 0.000000
vt 0.000000 0.000000
vt 0.000000 0.000000
vt 0.000000 0.000000
vt 0.000000 0.000000
vt 0.000000 0.000000
vt 0.000000 0.000000
vt 0.000000 0.000000
vt 0.000000 0.000000
vt 0.000000 0.000000
vt 0.000000 0.000000
vt 0.000000 0.000000
vt 0.000000 0.000000
vt 0.000000 0.000000
vt 0.000000 0.000000
vt 0.000000 0.000000
vt 0.000000 0.000000
vt 0.000000 0.000000
vt 0.000000 0.000000
vt 0.000000 0.000000
vt 0.000000 0.000000
vt 0.000000 0.000000
vt 0.000000 0.000000
vt 0.000000 0.000000
vt 0.000000 0.000000
vt 0.000000 0.000000
vt 0.000000 0.000000
vt 0.000000 0.000000
vt 0.000000 0.000000
vt 0.000000 0.000000
vt 0.000000 0.000000
vt 0.000000 0.000000
vt 0.000000 0.000000
vt 0.000000 0.000000
vt 0.000000 0.000000
vt 0.000000 0.000000
vt 0.000000 0.000000
vt 0.000000 0.000000
vt 0.000000 0.000000
vt 0.000000 0.000000
vt 0.000000 0.000000
vt 0.000000 0.000000
vt 0.000000 0.000000
vt 0.000000 0.000000
vt 0.000000 0.000000
vt 0.000000 0.000000
vt 0.000000 0.000000
vt 0.000000 0.000000
vt 0.000000 0.000000
vt 0.000000 0.000000
vt 0.000000 0.000000
vt 0.000000 0.000000
vt 0.000000 0.000000
vt 0.000000 0.000000
vt 0.000000 0.000000
vt 0.000000 0.000000
vt 0.000000 0.000000
vt 0.000000 0.000000
vt 0.000000 0.000000
vt 0.000000 0.000000
vt 0.000000 0.000000
vt 0.000000 0.000000
vt 0.000000 0.000000
vt 0.000000 0.000000
vt 0.000000 0.000000
vt 0.000000 0.000000
vt 0.000000 0.000000
vt 0.000000 0.000000
vt 0.000000 0.000000
vt 0.000000 0.000000
vt 0.000000 0.000000
vt 0.000000 0.000000
vt 0.000000 0.000000
vt 0.000000 0.000000
vt 0.000000 0.000000
vt 0.000000 0.000000
vt 0.000000 0.000000
vt 0.000000 0.000000
vt 0.000000 0.000000
vt 0.000000 0.000000
vt 0.000000 0.000000
vt 0.000000 0.000000
vt 0.000000 0.000000
vt 0.000000 0.000000
vt 0.000000 0.000000
vt 0.000000 0.000000
vt 0.000000 0.000000
vt 0.000000 0.000000
vt 0.000000 0.000000
vt 0.000000 0.000000
vt 0.000000 0.000000
vt 0.000000 0.000000
vt 0.000000 0.000000
vt 0.000000 0.000000
vt 0.000000 0.000000
vt 0.000000 0.000000
vt 0.000000 0.000000
vt 0.000000 0.000000
vt 0.000000 0.000000
vt 0.000000 0.000000
vt 0.000000 0.000000
vt 0.000000 0.000000
vt 0.000000 0.000000
vt 0.000000 0.000000
vt 0.000000 0.000000
vt 0.000000 0.000000
vt 0.000000 0.000000
vt 0.000000 0.000000
vt 0.000000 0.000000
vt 0.000000 0.000000
vt 0.000000 0.000000
vt 0.000000 0.000000
vt 0.000000 0.000000
vt 0.000000 0.000000
vt 0.000000 0.000000
vt 0.000000 0.000000
vt 0.000000 0.000000
vt 0.000000 0.000000
vt 0.000000 0.000000
vt 0.000000 0.000000
vt 0.000000 0.000000
vt 0.000000 0.000000
vt 0.000000 0.000000
vt 0.000000 0.000000
vt 0.000000 0.000000
vt 0.000000 0.000000
vt 0.000000 0.000000
vt 0.000000 0.000000
vt 0.000000 0.000000
vt 0.000000 0.000000
vt 0.000000 0.000000
vt 0.000000 0.000000
vt 0.000000 0.000000
vt 0.000000 0.000000
vt 0.000000 0.000000
vt 0.000000 0.000000
vt 0.000000 0.000000
vt 0.000000 0.000000
vt 0.000000 0.000000
vt 0.000000 0.000000
vt 0.000000 0.000000
vt 0.000000 0.000000
vt 0.000000 0.000000
vt 0.000000 0.000000
vt 0.000000 0.000000
vt 0.000000 0.000000
vt 0.000000 0.000000
vt 0.000000 0.000000
vt 0.000000 0.000000
vt 0.000000 0.000000
vt 0.000000 0.000000
vt 0.000000 0.000000
vt 0.000000 0.000000
vt 0.000000 0.000000
vt 0.000000 0.000000
vt 0.000000 0.000000
vt 0.000000 0.000000
vt 0.000000 0.000000
vt 0.000000 0.000000
vt 0.000000 0.000000
vt 0.000000 0.000000
vt 0.000000 0.000000
vt 0.000000 0.000000
vt 0.000000 0.000000
vt 0.000000 0.000000
vt 0.000000 0.000000
vt 0.000000 0.000000
vt 0.000000 0.000000
vt 0.000000 0.000000
vt 0.000000 0.000000
vt 0.000000 0.000000
vt 0.000000 0.000000
vt 0.000000 0.000000
vt 0.000000 0.000000
vt 0.000000 0.000000
vt 0.000000 0.000000
vt 0.000000 0.000000
vt 0.000000 0.000000
vt 0.000000 0.000000
vt 0.000000 0.000000
vt 0.000000 0.000000
vt 0.000000 0.000000
vt 0.000000 0.000000
vt 0.000000 0.000000
vt 0.000000 0.000000
vt 0.000000 0.000000
vt 0.000000 0.000000
vt 0.000000 0.000000
vt 0.000000 0.000000
vt 0.000000 0.000000
vt 0.000000 0.000000
vt 0.000000 0.000000
vt 0.000000 0.000000
vt 0.000000 0.000000
vt 0.000000 0.000000
vt 0.000000 0.000000
vt 0.000000 0.000000
vt 0.000000 0.000000
vt 0.000000 0.000000
vt 0.000000 0.000000
vt 0.000000 0.000000
vt 0.000000 0.000000
vt 0.000000 0.000000
vt 0.000000 0.000000
vt 0.000000 0.000000
vt 0.000000 0.000000
vt 0.000000 0.000000
vt 0.000000 0.000000
vt 0.000000 0.000000
vt 0.000000 0.000000
vt 0.000000 0.000000
vt 0.000000 0.000000
vt 0.000000 0.000000
vt 0.000000 0.000000
vt 0.000000 0.000000
vt 0.000000 0.000000
vt 0.000000 0.000000
vt 0.000000 0.000000
vt 0.000000 0.000000
vt 0.000000 0.000000
vt 0.000000 0.000000
vt 0.000000 0.000000
vt 0.000000 0.000000
vt 0.000000 0.000000
vt 0.000000 0.000000
vt 0.000000 0.000000
vt 0.000000 0.000000
vt 0.000000 0.000000
vt 0.000000 0.000000
vt 0.000000 0.000000
vt 0.000000 0.000000
vt 0.000000 0.000000
vt 0.000000 0.000000
vt 0.000000 0.000000
vt 0.000000 0.000000
vt 0.000000 0.000000
vt 0.000000 0.000000
vt 0.000000 0.000000
vt 0.000000 0.000000
vt 0.000000 0.000000
vt 0.000000 0.000000
vt 0.000000 0.000000
vt 0.000000 0.000000
vt 0.000000 0.000000
vt 0.000000 0.000000
vt 0.000000 0.000000
vt 0.000000 0.000000
vt 0.000000 0.000000
vt 0.000000 0.000000
vt 0.000000 0.000000
vt 0.000000 0.000000
vt 0.000000 0.000000
vt 0.000000 0.000000
vt 0.000000 0.000000
vt 0.000000 0.000000
vt 0.000000 0.000000
vt 0.000000 0.000000
vt 0.000000 0.000000
vt 0.000000 0.000000
vt 0.000000 0.000000
vt 0.000000 0.000000
vt 0.000000 0.000000
vt 0.000000 0.000000
vt 0.000000 0.000000
vt 0.000000 0.000000
vt 0.000000 0.000000
vt 0.000000 0.000000
vt 0.000000 0.000000
vt 0.000000 0.000000
vt 0.000000 0.000000
vt 0.000000 0.000000
vt 0.000000 0.000000
vt 0.000000 0.000000
vt 0.000000 0.000000
vt 0.000000 0.000000
vt 0.000000 0.000000
vt 0.000000 0.000000
vt 0.000000 0.000000
vt 0.000000 0.000000
vt 0.000000 0.000000
vt 0.000000 0.000000
vt 0.000000 0.000000
vt 0.000000 0.000000
vt 0.000000 0.000000
vt 0.000000 0.000000
vt 0.000000 0.000000
vt 0.000000 0.000000
vt 0.000000 0.000000
vt 0.000000 0.000000
vt 0.000000 0.000000
vt 0.000000 0.000000
vt 0.000000 0.000000
vt 0.000000 0.000000
vt 0.000000 0.000000
vt 0.000000 0.000000
vt 0.000000 0.000000
vt 0.000000 0.000000
vt 0.000000 0.000000
vt 0.000000 0.000000
vt 0.000000 0.000000
vt 0.000000 0.000000
vt 0.000000 0.000000
vt 0.000000 0.000000
vt 0.000000 0.000000
vt 0.000000 0.000000
vt 0.000000 0.000000
vt 0.000000 0.000000
vt 0.000000 0.000000
vt 0.000000 0.000000
vt 0.000000 0.000000
vt 0.000000 0.000000
vt 0.000000 0.000000
vt 0.000000 0.000000
vt 0.000000 0.000000
vt 0.000000 0.000000
vt 0.000000 0.000000
vt 0.000000 0.000000
vt 0.000000 0.000000
vt 0.000000 0.000000
vt 0.000000 0.000000
vt 0.000000 0.000000
vt 0.000000 0.000000
vt 0.000000 0.000000
vt 0.000000 0.000000
vt 0.000000 0.000000
vt 0.000000 0.000000
vt 0.000000 0.000000
vt 0.000000 0.000000
vt 0.000000 0.000000
vt 0.000000 0.000000
vt 0.000000 0.000000
vt 0.000000 0.000000
vt 0.000000 0.000000
vt 0.000000 0.000000
vt 0.000000 0.000000
vt 0.000000 0.000000
vt 0.000000 0.000000
vt 0.000000 0.000000
vt 0.000000 0.000000
vt 0.000000 0.000000
vt 0.000000 0.000000
vt 0.000000 0.000000
vt 0.000000 0.000000
vt 0.000000 0.000000
vt 0.000000 0.000000
vt 0.000000 0.000000
vt 0.000000 0.000000
vt 0.000000 0.000000
vt 0.000000 0.000000
vt 0.000000 0.000000
vt 0.000000 0.000000
vt 0.000000 0.000000
vt 0.000000 0.000000
vt 0.000000 0.000000
vt 0.000000 0.000000
vt 0.000000 0.000000
vt 0.000000 0.000000
vt 0.000000 0.000000
vt 0.000000 0.000000
vt 0.000000 0.000000
vt 0.000000 0.000000
vt 0.000000 0.000000
vt 0.000000 0.000000
vt 0.000000 0.000000
vt 0.000000 0.000000
vt 0.000000 0.000000
vt 0.000000 0.000000
vt 0.000000 0.000000
vt 0.000000 0.000000
vt 0.000000 0.000000
vt 0.000000 0.000000
vt 0.000000 0.000000
vt 0.000000 0.000000
vt 0.000000 0.000000
vt 0.000000 0.000000
vt 0.000000 0.000000
vt 0.000000 0.000000
vt 0.000000 0.000000
vt 0.000000 0.000000
vt 0.000000 0.000000
vt 0.000000 0.000000
vt 0.000000 0.000000
vt 0.000000 0.000000
vt 0.000000 0.000000
vt 0.000000 0.000000
vt 0.000000 0.000000
vt 0.000000 0.000000
vt 0.000000 0.000000
vt 0.000000 0.000000
vt 0.000000 0.000000
vt 0.000000 0.000000
vt 0.000000 0.000000
vt 0.000000 0.000000
vt 0.000000 0.000000
vt 0.000000 0.000000
vt 0.000000 0.000000
vt 0.000000 0.000000
vt 0.000000 0.000000
vt 0.000000 0.000000
vt 0.000000 0.000000
vt 0.000000 0.000000
vt 0.000000 0.000000
vt 0.000000 0.000000
vt 0.000000 0.000000
vt 0.000000 0.000000
vt 0.000000 0.000000
vt 0.000000 0.000000
vt 0.000000 0.000000
vt 0.000000 0.000000
vt 0.000000 0.000000
vt 0.000000 0.000000
vt 0.000000 0.000000
vt 0.000000 0.000000
vt 0.000000 0.000000
vt 0.000000 0.000000
vt 0.000000 0.000000
vt 0.000000 0.000000
vt 0.000000 0.000000
vt 0.000000 0.000000
vt 0.000000 0.000000
vt 0.000000 0.000000
vt 0.000000 0.000000
vt 0.000000 0.000000
vt 0.000000 0.000000
vt 0.000000 0.000000
vt 0.000000 0.000000
vt 0.000000 0.000000
vt 0.000000 0.000000
vt 0.000000 0.000000
vt 0.000000 0.000000
vt 0.000000 0.000000
vt 0.000000 0.000000
vt 0.000000 0.000000
vt 0.000000 0.000000
vt 0.000000 0.000000
vt 0.000000 0.000000
vt 0.000000 0.000000
vt 0.000000 0.000000
vt 0.000000 0.000000
vt 0.000000 0.000000
vt 0.000000 0.000000
vt 0.000000 0.000000
vt 0.000000 0.000000
vt 0.000000 0.000000
vt 0.000000 0.000000
vt 0.000000 0.000000
vt 0.000000 0.000000
vt 0.000000 0.000000
vt 0.000000 0.000000
vt 0.000000 0.000000
vt 0.000000 0.000000
vt 0.000000 0.000000
vt 0.000000 0.000000
vt 0.000000 0.000000
vt 0.000000 0.000000
vt 0.000000 0.000000
vt 0.000000 0.000000
vt 0.000000 0.000000
vt 0.000000 0.000000
vt 0.000000 0.000000
vt 0.000000 0.000000
vt 0.000000 0.000000
vt 0.000000 0.000000
vt 0.000000 0.000000
vt 0.000000 0.000000
vt 0.000000 0.000000
vt 0.000000 0.000000
vt 0.000000 0.000000
vt 0.000000 0.000000
vt 0.000000 0.000000
vt 0.000000 0.000000
vt 0.000000 0.000000
vt 0.000000 0.000000
vt 0.000000 0.000000
vt 0.000000 0.000000
vt 0.000000 0.000000
vt 0.000000 0.000000
vt 0.000000 0.000000
vt 0.000000 0.000000
vt 0.000000 0.000000
vt 0.000000 0.000000
vt 0.000000 0.000000
vt 0.000000 0.000000
vt 0.000000 0.000000
vt 0.000000 0.000000
vt 0.000000 0.000000
vt 0.000000 0.000000
vt 0.000000 0.000000
vt 0.000000 0.000000
vt 0.000000 0.000000
vt 0.000000 0.000000
vt 0.000000 0.000000
vt 0.000000 0.000000
vt 0.000000 0.000000
vt 0.000000 0.000000
vt 0.000000 0.000000
vt 0.000000 0.000000
vt 0.000000 0.000000
vt 0.000000 0.000000
vt 0.000000 0.000000
vt 0.000000 0.000000
vt 0.000000 0.000000
vt 0.000000 0.000000
vt 0.000000 0.000000
vt 0.000000 0.000000
vt 0.000000 0.000000
vt 0.000000 0.000000
vt 0.000000 0.000000
vt 0.000000 0.000000
vt 0.000000 0.000000
vt 0.000000 0.000000
vt 0.000000 0.000000
vt 0.000000 0.000000
vt 0.000000 0.000000
vt 0.000000 0.000000
vt 0.000000 0.000000
vt 0.000000 0.000000
vt 0.000000 0.000000
vt 0.000000 0.000000
vt 0.000000 0.000000
vt 0.000000 0.000000
vt 0.000000 0.000000
vt 0.000000 0.000000
vt 0.000000 0.000000
vt 0.000000 0.000000
vt 0.000000 0.000000
vt 0.000000 0.000000
vt 0.000000 0.000000
vt 0.000000 0.000000
vt 0.000000 0.000000
vt 0.000000 0.000000
vt 0.000000 0.000000
vt 0.000000 0.000000
vt 0.000000 0.000000
vt 0.000000 0.000000
vt 0.000000 0.000000
vt 0.000000 0.000000
vt 0.000000 0.000000
vt 0.000000 0.000000
vt 0.000000 0.000000
vt 0.000000 0.000000
vt 0.000000 0.000000
vt 0.000000 0.000000
vt 0.000000 0.000000
vt 0.000000 0.000000
vt 0.000000 0.000000
vt 0.000000 0.000000
vt 0.000000 0.000000
vt 0.000000 0.000000
vt 0.000000 0.000000
vt 0.000000 0.000000
vt 0.000000 0.000000
vt 0.000000 0.000000
vt 0.000000 0.000000
vt 0.000000 0.000000
vt 0.000000 0.000000
vt 0.000000 0.000000
vt 0.000000 0.000000
vt 0.000000 0.000000
vt 0.000000 0.000000
vt 0.000000 0.000000
vt 0.000000 0.000000
vt 0.000000 0.000000
vt 0.000000 0.000000
vt 0.000000 0.000000
vt 0.000000 0.000000
vt 0.000000 0.000000
vt 0.000000 0.000000
vt 0.000000 0.000000
vt 0.000000 0.000000
vt 0.000000 0.000000
vt 0.000000 0.000000
vt 0.000000 0.000000
vt 0.000000 0.000000
vt 0.000000 0.000000
vt 0.000000 0.000000
vt 0.000000 0.000000
vt 0.000000 0.000000
vt 0.000000 0.000000
vt 0.000000 0.000000
vt 0.000000 0.000000
vt 0.000000 0.000000
vt 0.000000 0.000000
vt 0.000000 0.000000
vt 0.000000 0.000000
vt 0.000000 0.000000
vt 0.000000 0.000000
vt 0.000000 0.000000
vt 0.000000 0.000000
vt 0.000000 0.000000
vt 0.000000 0.000000
vt 0.000000 0.000000
vt 0.000000 0.000000
vt 0.000000 0.000000
vt 0.000000 0.000000
vt 0.000000 0.000000
vt 0.000000 0.000000
vt 0.000000 0.000000
vt 0.000000 0.000000
vt 0.000000 0.000000
vt 0.000000 0.000000
vt 0.000000 0.000000
vt 0.000000 0.000000
vt 0.000000 0.000000
vt 0.000000 0.000000
vt 0.000000 0.000000
vt 0.000000 0.000000
vt 0.000000 0.000000
vt 0.000000 0.000000
vt 0.000000 0.000000
vt 0.000000 0.000000
vt 0.000000 0.000000
vt 0.000000 0.000000
vt 0.000000 0.000000
vt 0.000000 0.000000
vt 0.000000 0.000000
vt 0.000000 0.000000
vt 0.000000 0.000000
vt 0.000000 0.000000
vt 0.000000 0.000000
vt 0.000000 0.000000
vt 0.000000 0.000000
vt 0.000000 0.000000
vt 0.000000 0.000000
vt 0.000000 0.000000
vt 0.000000 0.000000
vt 0.000000 0.000000
vt 0.000000 0.000000
vt 0.000000 0.000000
vt 0.000000 0.000000
vt 0.000000 0.000000
vt 0.000000 0.000000
vt 0.000000 0.000000
vt 0.000000 0.000000
vt 0.000000 0.000000
vt 0.000000 0.000000
vt 0.000000 0.000000
vt 0.000000 0.000000
vt 0.000000 0.000000
vt 0.000000 0.000000
vt 0.000000 0.000000
vt 0.000000 0.000000
vt 0.000000 0.000000
vt 0.000000 0.000000
vt 0.000000 0.000000
vt 0.000000 0.000000
vt 0.000000 0.000000
vt 0.000000 0.000000
vt 0.000000 0.000000
vt 0.000000 0.000000
vt 0.000000 0.000000
vt 0.000000 0.000000
vt 0.000000 0.000000
vt 0.000000 0.000000
vt 0.000000 0.000000
vt 0.000000 0.000000
vt 0.000000 0.000000
vt 0.000000 0.000000
vt 0.000000 0.000000
vt 0.000000 0.000000
vt 0.000000 0.000000
vt 0.000000 0.000000
vt 0.000000 0.000000
vt 0.000000 0.000000
vt 0.000000 0.000000
vt 0.000000 0.000000
vt 0.000000 0.000000
vt 0.000000 0.000000
vt 0.000000 0.000000
vt 0.000000 0.000000
vt 0.000000 0.000000
vt 0.000000 0.000000
vt 0.000000 0.000000
vn 0.1115 -0.0000 0.9938
vn -0.1115 0.0000 -0.9938
vn 0.0000 1.0000 -0.0000
vn -0.9938 0.0000 0.1114
vn 0.0000 -1.0000 0.0000
vn 0.9938 0.0000 -0.1116
vn -0.9938 0.0000 0.1116
vn 0.9938 0.0000 -0.1114
vn 0.9938 0.0000 -0.1115
vn 0.9938 0.0001 -0.1115
vn 0.9938 -0.0001 -0.1115
vn 0.0002 1.0000 -0.0010
vn 0.0003 1.0000 -0.0010
vn -0.9938 0.0000 0.1115
vn -0.9938 0.0001 0.1115
vn -0.9938 -0.0003 0.1115
vn -0.0006 -1.0000 -0.0009
vn -0.0006 -1.0000 -0.0010
vn -0.9938 -0.0001 0.1115
vn -0.9938 0.0003 0.1114
vn 0.9938 0.0002 -0.1115
vn -0.1114 0.0000 -0.9938
vn 0.1114 0.0000 0.9938
vn -0.1114 0.0001 -0.9938
vn 0.5040 0.8619 -0.0565
vn 0.5044 0.8616 -0.0566
vn 0.4517 0.8882 -0.0837
vn 0.4672 0.8815 -0.0685
vn 0.4701 0.8819 -0.0363
vn 0.4590 0.8883 -0.0179
vn -0.0837 0.8882 -0.4518
vn -0.0685 0.8815 -0.4672
vn -0.0364 0.8819 -0.4701
vn -0.0180 0.8882 -0.4591
vn -0.0565 0.8618 -0.5041
vn -0.4516 0.8883 0.0836
vn -0.4673 0.8814 0.0685
vn -0.4700 0.8819 0.0363
vn -0.4590 0.8882 0.0180
vn -0.5040 0.8618 0.0565
vn -0.5041 0.8618 0.0565
vn 0.0363 0.8818 0.4702
vn 0.0179 0.8883 0.4589
vn 0.0565 0.8618 0.5041
vn 0.0837 0.8882 0.4517
vn 0.0685 0.8816 0.4671
vn -0.4813 -0.8749 0.0540
vn -0.4811 -0.8750 0.0540
vn -0.4812 -0.8749 0.0540
vn -0.4812 -0.8750 0.0539
vn -0.4813 -0.8749 0.0539
vn 0.0540 -0.8750 0.4811
vn 0.0540 -0.8750 0.4812
vn 0.0539 -0.8749 0.4813
vn 0.4812 -0.8749 -0.0540
vn 0.4811 -0.8750 -0.0540
vn 0.4814 -0.8748 -0.0540
vn 0.4811 -0.8750 -0.0539
vn 0.4815 -0.8748 -0.0540
vn 0.4810 -0.8751 -0.0540
vn -0.0540 -0.8750 -0.4811
vn -0.0539 -0.8750 -0.4811
vn -0.0540 -0.8750 -0.4812
vn -0.0540 -0.8749 -0.4812
vn -0.0539 -0.8750 -0.4812
vn 0.9581 -0.2656 -0.1075
vn 0.9574 -0.2679 -0.1074
vn -0.8694 0.4844 0.0975
vn -0.8693 0.4846 0.0975
vn 0.6565 -0.3187 0.6838
vn 0.6564 -0.3191 0.6836
vn 0.4887 -0.3188 -0.8121
vn 0.4886 -0.3191 -0.8121
vn 0.6838 -0.3187 -0.6564
vn 0.6836 -0.3191 -0.6563
vn -0.8123 -0.3180 -0.4889
vn -0.8122 -0.3183 -0.4889
vn -0.1074 -0.2666 -0.9578
vn -0.1074 -0.2667 -0.9578
vn 0.0975 0.4842 0.8695
vn 0.0975 0.4843 0.8695
vn -0.6566 -0.3187 -0.6836
vn -0.6565 -0.3183 -0.6838
vn -0.4886 -0.3195 0.8119
vn -0.4889 -0.3184 0.8122
vn -0.9573 -0.2683 0.1074
vn -0.9578 -0.2667 0.1074
vn 0.8688 0.4855 -0.0974
vn 0.8699 0.4835 -0.0976
vn 0.8117 -0.3206 0.4882
vn 0.8126 -0.3175 0.4888
vn 0.1074 -0.2668 0.9577
vn 0.1074 -0.2667 0.9578
vn -0.0975 0.4843 -0.8695
vn -0.0975 0.4840 -0.8696
vn -0.6836 -0.3188 0.6566
vn -0.6837 -0.3187 0.6565
vn 0.1115 -0.0001 0.9938
vn 0.9938 -0.0003 -0.1115
vn 0.9430 -0.3156 -0.1058
vn 0.9427 -0.3165 -0.1057
vn -0.1057 -0.3163 -0.9428
vn -0.1057 -0.3162 -0.9428
vn -0.9426 -0.3167 0.1057
vn -0.9426 -0.3166 0.1057
vn 0.1058 -0.3162 0.9428
vn 0.1057 -0.3163 0.9427
vn 0.3141 -0.9487 -0.0352
vn 0.3142 -0.9487 -0.0352
vn -0.0353 -0.9487 -0.3143
vn -0.3145 -0.9486 0.0353
vn -0.3142 -0.9487 0.0352
vn 0.0353 -0.9487 0.3143
vn 0.0352 -0.9487 0.3142
vn 0.4812 0.8749 -0.0540
vn -0.0540 0.8749 -0.4812
vn -0.4812 0.8749 0.0540
vn 0.0540 0.8749 0.4812
vn 0.0764 -0.7281 0.6812
vn -0.0772 -0.7216 -0.6880
vn 0.1018 -0.4070 0.9077
vn 0.1018 -0.4072 0.9077
vn -0.1018 -0.4071 -0.9077
vn -0.1018 -0.4072 -0.9077
vn 0.0270 -0.9703 0.2404
vn -0.0270 -0.9703 -0.2404
vn -0.9938 -0.0003 0.1114
vn 0.0005 -1.0000 0.0043
vn -0.0763 0.7288 -0.6804
vn 0.0772 0.7212 0.6884
vn 0.9938 0.0003 -0.1115
vn 0.9938 0.0003 -0.1113
vn 0.9938 0.0008 -0.1114
vn 0.9938 -0.0002 -0.1115
vn -0.9938 0.0002 0.1115
vn -0.1115 0.0001 -0.9938
vn 0.0806 0.6910 0.7184
vn -0.4263 0.6286 0.6505
vn -0.6448 0.5899 -0.4860
vn -0.0811 0.6860 -0.7231
vn -0.9938 -0.0005 0.1115
vn -0.9938 0.0006 0.1115
vn 0.9938 0.0004 -0.1115
vn 0.9938 -0.0007 -0.1115
vn -0.9938 0.0009 0.1115
vn -0.9938 0.0007 0.1115
vn -0.9937 0.0000 0.1119
vn -0.9938 -0.0009 0.1115
vn -0.9938 -0.0010 0.1115
vn 0.9938 -0.0010 -0.1115
vn 0.9937 0.0000 -0.1119
vn 0.9937 0.0000 -0.1118
vn 0.9938 0.0007 -0.1115
vn 0.9938 0.0016 -0.1115
vn -0.9937 0.0000 0.1118
vn -0.9938 0.0003 0.1115
vn -0.9938 0.0010 0.1115
vn -0.1113 0.0000 -0.9938
vn 0.1116 0.0000 0.9938
vn -0.1116 0.0000 -0.9938
vn 0.1113 0.0000 0.9938
vn 0.1118 0.0000 0.9937
vn -0.1121 0.0000 -0.9937
vn -0.1110 0.0000 -0.9938
vn 0.1112 0.0000 0.9938
vn 0.1122 0.0000 0.9937
vn -0.1112 0.0000 -0.9938
vn 0.9938 0.0008 -0.1115
vn 0.9938 -0.0014 -0.1115
vn 0.9938 0.0015 -0.1115
vn -0.9938 0.0012 0.1115
vn -0.9938 -0.0017 0.1115
vn -0.9938 -0.0004 0.1115
vn 0.9938 -0.0004 -0.1115
vn -0.9938 0.0017 0.1115
vn 0.1111 0.0000 0.9938
vn -0.1117 0.0000 -0.9937
vn -0.1122 0.0000 -0.9937
vn 0.1110 0.0000 0.9938
vn -0.1119 0.0000 -0.9937
vn 0.1107 0.0000 0.9939
vn -0.9938 -0.0002 0.1114
vn 0.9937 0.0000 -0.1116
vn 0.9937 0.0000 -0.1117
vn 0.9938 -0.0012 -0.1115
vn 0.9938 0.0021 -0.1115
vn -0.9938 0.0004 0.1115
vn -0.9938 0.0008 0.1115
vn 0.1108 0.0000 0.9938
vn 0.1117 0.0000 0.9937
vn -0.1111 0.0000 -0.9938
vn -0.1108 0.0000 -0.9938
vn 0.9938 0.0015 -0.1114
vn 0.9938 -0.0015 -0.1114
vn -0.9938 -0.0005 0.1116
vn -0.9937 0.0015 0.1118
vn 0.1120 0.0000 0.9937
vn -0.1106 -0.0000 -0.9939
vn -0.1115 -0.0001 -0.9938
vn 0.9938 0.0000 -0.1110
vn -0.9938 0.0000 0.1110
vn 0.1115 -0.0003 0.9938
vn 0.1115 0.0005 0.9938
vn -0.1115 -0.0003 -0.9938
vn -0.1115 0.0002 -0.9938
vn 0.9939 0.0000 -0.1101
vn 0.9939 0.0000 -0.1102
vn -0.9935 0.0000 0.1135
vn -0.9935 0.0000 0.1136
vn 0.1114 -0.0001 0.9938
vn 0.1114 -0.0002 0.9938
vn 0.1115 0.0001 0.9938
vn -0.9938 0.0000 0.1111
vn -0.9939 0.0000 0.1107
vn -0.1114 0.0002 -0.9938
vn -0.1114 -0.0003 -0.9938
vn -0.1116 0.0000 -0.9937
vn -0.9938 0.0000 0.1113
vn -0.9938 0.0000 0.1112
vn -0.9937 0.0000 0.1117
vn -0.9937 0.0000 0.1116
vn 0.1115 -0.0002 0.9938
vn 0.1115 0.0002 0.9938
vn -0.1115 -0.0002 -0.9938
vn 0.9935 0.0000 -0.1136
vn -0.9939 0.0000 0.1102
vn 0.9938 -0.0016 -0.1115
vn 0.9938 0.0020 -0.1115
vn -0.9938 -0.0011 0.1115
vn -0.9938 0.0005 0.1115
vn -0.9938 0.0021 0.1115
vn 0.9938 0.0014 -0.1115
vn 0.9938 -0.0022 -0.1115
vn 0.9938 -0.0018 -0.1115
vn 0.9938 0.0011 -0.1115
vn -0.9938 -0.0024 0.1115
vn -0.9938 0.0018 0.1115
vn 0.9938 0.0006 -0.1115
vn 0.9938 -0.0010 -0.1114
vn -0.9938 0.0011 0.1114
vn -0.9938 -0.0007 0.1115
vn 0.1119 -0.0000 0.9937
vn -0.1105 0.0000 -0.9939
vn 0.1109 -0.0000 0.9938
vn 0.9938 -0.0006 -0.1115
vn 0.9938 -0.0011 -0.1115
vn 0.9938 0.0019 -0.1115
vn -0.9938 0.0011 0.1115
vn -0.9938 -0.0014 0.1115
vn 0.9938 -0.0001 -0.1114
vn 0.9938 0.0004 -0.1114
vn -0.9938 -0.0002 0.1115
vn -0.1126 0.0000 -0.9936
vn 0.1116 0.0000 0.9937
vn 0.1115 0.0003 0.9938
vn -0.1118 0.0000 -0.9937
vn 0.9935 0.0000 -0.1135
vn 0.0000 1.0000 -0.0001
vn -0.9939 0.0000 0.1101
vn -0.9937 0.0000 0.1122
vn -0.0000 -1.0000 -0.0001
vn 0.0000 1.0000 0.0001
vn -0.1115 0.0003 -0.9938
vn -0.9935 0.0000 0.1134
vn 0.0000 -1.0000 0.0001
vn -0.0000 1.0000 -0.0003
vn -0.9938 -0.0015 0.1115
vn 0.9938 -0.0009 -0.1115
vn -0.9938 -0.0009 0.1114
vn 0.9938 0.0010 -0.1115
vn 0.9938 -0.0011 -0.1114
vn -0.9938 0.0009 0.1114
vn 0.9938 0.0003 -0.1114
vn -0.9938 0.0013 0.1115
vn -0.9938 -0.0008 0.1115
vn 0.9938 0.0001 -0.1110
vn -0.9938 -0.0012 0.1115
vn 0.9938 0.0025 -0.1115
vn 0.9938 -0.0019 -0.1115
vn -0.1109 0.0000 -0.9938
vn -0.9938 -0.0006 0.1115
vn 0.9938 0.0009 -0.1115
vn -0.1123 0.0000 -0.9937
vn -0.9938 -0.0013 0.1115
vn -0.9938 0.0015 0.1115
vn 0.9938 0.0013 -0.1115
vn -0.9938 0.0014 0.1115
vn 0.9938 -0.0008 -0.1115
vn -0.0665 0.8026 -0.5928
vn -0.0700 0.7330 -0.6766
vn 0.0987 0.7183 -0.6887
vn -0.0762 0.7296 -0.6796
vn -0.2411 0.7226 -0.6479
vn -0.0762 0.7298 -0.6794
vn 0.0769 0.7235 0.6860
vn 0.2421 0.7167 0.6540
vn 0.0769 0.7236 0.6859
vn 0.0672 0.7977 0.5993
vn 0.0706 0.7271 0.6829
vn -0.0984 0.7123 0.6949
vn 0.0762 -0.7296 0.6796
vn 0.0762 -0.7295 0.6797
vn 0.0762 -0.7298 0.6794
vn 0.0762 -0.7296 0.6797
vn 0.0763 -0.7294 0.6798
vn 0.0763 -0.7296 0.6796
vn -0.0769 -0.7235 -0.6860
vn -0.0770 -0.7238 -0.6857
vn -0.0769 -0.7237 -0.6858
vn -0.0770 -0.7238 -0.6858
vn -0.0571 -0.8587 -0.5093
vn -0.0571 -0.8587 -0.5092
vn 0.9938 0.0014 -0.1113
vn -0.9938 0.0010 0.1113
vn 0.0571 0.8587 0.5093
vn 0.0564 -0.8626 0.5027
vn -0.0564 0.8626 -0.5027
vn 0.9938 -0.0007 -0.1113
vn 0.9937 0.0016 -0.1117
vn -0.9938 -0.0004 0.1113
vn -0.9938 0.0005 0.1113
vn 0.0564 -0.8627 0.5026
vn -0.9937 0.0016 0.1117
vn 0.0765 -0.7279 0.6814
vn 0.0764 -0.7284 0.6809
vn -0.0763 0.7295 -0.6797
vn -0.0771 -0.7221 -0.6874
vn -0.0772 -0.7220 -0.6875
vn 0.0770 0.7236 0.6859
vn 0.0770 0.7235 0.6860
vn -0.4502 0.8915 0.0505
vn 0.4523 0.8904 -0.0507
vn 0.0482 0.9019 0.4293
vn 0.5481 0.0000 -0.8364
vn 0.7200 -0.0009 0.6940
vn 0.3146 -0.9488 -0.0300
vn 0.2861 0.9337 0.2154
vn 0.9457 -0.3152 -0.0797
vn 0.0317 -0.9404 0.3386
vn -0.6134 0.7867 0.0689
vn -0.5481 0.0000 0.8364
vn -0.2302 0.9339 0.2736
vn -0.4342 0.8995 0.0487
vn 0.6473 0.5583 0.5189
vn -0.4626 0.1407 -0.8753
vn 0.4523 0.8904 -0.0508
vn 0.4519 0.8906 -0.0504
vn 0.5067 -0.5835 -0.6347
vn 0.7178 -0.6916 -0.0805
vn 0.4502 -0.8915 -0.0505
vn 0.4501 -0.8915 -0.0505
vn -0.2636 -0.9438 -0.1994
vn -0.4523 -0.8904 0.0507
vn -0.4524 -0.8904 0.0508
vn -0.0481 -0.9019 -0.4293
vn -0.0482 -0.9019 -0.4293
vn 0.7198 0.0000 0.6942
vn 0.1886 0.2912 -0.9379
vn -0.9918 0.0000 0.1278
vn 0.0075 0.9999 0.0073
vn 0.6926 -0.3868 -0.6088
vn -0.7197 -0.6896 0.0807
vn -0.0011 -1.0000 -0.0011
vn -0.4594 0.8278 -0.3221
vn -0.9408 -0.3154 0.1238
vn 0.6134 0.7868 -0.0687
vn 0.5017 -0.1273 0.8556
vn -0.7198 -0.0007 -0.6942
vn 0.2897 -0.9566 -0.0324
vn -0.2896 -0.9566 0.0325
vn -0.2117 0.9441 0.2526
vn -0.4497 0.8917 0.0506
vn 0.5618 -0.2401 0.7917
vn 0.1220 -0.9807 -0.1528
vn 0.7486 0.6577 -0.0840
vn 0.4363 0.8985 -0.0489
vn 0.0502 0.8929 0.4474
vn 0.2635 0.9438 0.1993
vn 0.0074 0.9978 0.0657
vn 0.2636 0.9438 0.1993
vn 0.2117 -0.9441 -0.2526
vn 0.5476 0.3200 -0.7731
vn -0.1532 -0.9806 -0.1223
vn -0.4524 -0.8904 0.0507
vn -0.6353 -0.5824 -0.5071
vn 0.1022 -0.2405 0.9653
vn -0.6930 0.3857 0.6091
vn 0.8355 0.3090 -0.4544
vn -0.2116 0.9442 0.2525
vn -0.6601 -0.2940 0.6913
vn 0.6374 0.3028 -0.7085
vn -0.5157 0.5598 0.6485
vn -0.5416 0.0125 0.8406
vn -0.7555 -0.1377 -0.6405
vn -0.5478 -0.0069 0.8366
vn 0.9928 0.0453 -0.1113
vn 0.1115 -0.0005 0.9938
vn -0.9937 0.0078 0.1115
vn -0.3157 0.9484 0.0290
vn -0.2857 -0.9341 -0.2139
vn -0.9436 0.3213 0.0795
vn -0.0249 0.9599 -0.2793
vn 0.6120 -0.7879 -0.0687
vn 0.4593 -0.8271 0.3239
vn 0.5643 -0.0267 -0.8252
vn 0.2273 -0.9356 -0.2700
vn 0.4289 -0.9021 -0.0481
vn 0.4469 -0.8932 -0.0501
vn -0.6542 -0.5455 -0.5239
vn 0.4591 -0.1173 0.8806
vn -0.4519 -0.8907 0.0490
vn -0.4539 -0.8896 0.0505
vn -0.5054 0.5828 0.6363
vn -0.7153 0.6942 0.0803
vn -0.4510 0.8914 0.0448
vn -0.4552 0.8889 0.0510
vn 0.2628 0.9439 0.2002
vn 0.4573 0.8878 -0.0514
vn 0.4543 0.8891 -0.0557
vn 0.0486 0.9007 0.4317
vn 0.0479 0.9029 0.4271
vn -0.7239 -0.0126 -0.6898
vn -0.1839 -0.3149 0.9311
vn 0.9918 -0.0001 -0.1278
vn -0.0073 -1.0000 -0.0057
vn -0.6792 0.4199 0.6020
vn 0.5633 -0.0260 -0.8258
vn 0.7170 0.6925 -0.0802
vn -0.0080 1.0000 0.0021
vn 0.9937 0.0000 -0.1122
vn 0.9388 0.3216 -0.1236
vn -0.6123 -0.7877 0.0686
vn -0.5005 0.1030 -0.8596
vn -0.3042 0.9520 0.0340
vn 0.2805 0.9593 -0.0315
vn 0.2117 -0.9441 -0.2527
vn 0.4550 -0.8890 -0.0513
vn -0.5593 0.2456 -0.7918
vn -0.1379 0.9790 0.1504
vn -0.7525 -0.6531 0.0844
vn -0.4311 -0.9010 0.0484
vn -0.0510 -0.8891 -0.4548
vn -0.2642 -0.9438 -0.1985
vn -0.0076 -0.9977 -0.0679
vn -0.2107 0.9442 0.2533
vn -0.5503 -0.3162 0.7728
vn -0.4510 0.8914 0.0444
vn -0.4560 0.8885 0.0511
vn 0.1525 0.9803 0.1254
vn 0.4650 0.8838 -0.0521
vn 0.4573 0.8868 -0.0668
vn 0.1115 -0.0021 0.9938
vn 0.6348 0.5812 0.5092
vn -0.1012 0.2729 -0.9567
vn 0.6715 -0.4161 -0.6131
vn -0.8155 -0.3721 0.4432
vn 0.2118 -0.9441 -0.2525
vn 0.6596 0.2908 -0.6931
vn 0.9065 -0.4099 -0.1017
vn -0.6443 -0.2775 0.7126
vn 0.5214 -0.5469 -0.6550
vn 0.8827 -0.4595 -0.0988
vn 0.8942 0.4363 -0.1003
vn 0.6995 0.2630 -0.6645
vn 0.6995 0.2630 -0.6644
vn 0.2817 -0.2142 -0.9353
vn 0.2815 -0.2141 -0.9353
vn -0.1044 -0.0226 -0.9943
vn -0.1006 0.4329 -0.8958
vn -0.8921 -0.4406 0.1001
vn -0.8622 0.4973 0.0969
vn -0.5293 0.2980 0.7944
vn -0.8331 0.2046 -0.5139
vn 0.7146 0.2051 0.6688
vn 0.1004 -0.4339 0.8954
vn 0.6993 0.0214 0.7145
vn 0.8701 0.4832 -0.0969
vn 0.8702 0.4832 -0.0969
vn 0.6945 0.2950 -0.6562
vn 0.6946 0.2950 -0.6562
vn 0.2895 -0.2133 -0.9331
vn 0.2894 -0.2133 -0.9331
vn -0.1121 0.0173 -0.9936
vn -0.1120 0.0173 -0.9936
vn -0.1010 0.4203 -0.9017
vn -0.1010 0.4203 -0.9018
vn -0.8080 -0.5822 0.0905
vn -0.8736 0.4768 0.0978
vn -0.5068 0.3861 0.7708
vn -0.5067 0.3861 0.7708
vn -0.8313 0.2008 -0.5182
vn -0.8313 0.2008 -0.5183
vn 0.6428 0.4374 0.6289
vn 0.1000 -0.4377 0.8936
vn 0.0772 -0.7216 0.6880
vn 0.7467 -0.6598 -0.0843
vn -0.1111 -0.0002 -0.9938
vn -0.3136 -0.9487 0.0389
vn -0.7053 -0.3207 -0.6322
vn 0.0533 0.8900 0.4527
vn 0.2585 0.1406 -0.9557
vn -0.9142 0.3118 -0.2589
vn -0.7821 0.3013 -0.5455
vn -0.3901 0.2913 -0.8735
vn -0.6900 -0.3106 -0.6538
vn -0.8862 -0.4524 0.0994
vn 0.7487 0.6576 -0.0840
vn 0.8861 0.4528 -0.0994
vn 0.5288 -0.3135 -0.7887
vn -0.8846 0.4557 0.0992
vn -0.2865 0.1986 0.9373
vn -0.7481 -0.6584 0.0832
vn 0.8853 -0.4543 -0.0993
vn -0.1005 0.4319 -0.8963
vn -0.3777 -0.9243 -0.0549
vn 0.1005 -0.4320 0.8963
vn 0.3547 -0.9249 -0.1366
vn 0.9961 0.0000 -0.0879
vn 0.1004 0.0000 0.9950
vn -0.1111 0.0002 -0.9938
vn 0.0012 -1.0000 -0.0018
vn 0.7055 0.3197 0.6325
vn 0.7198 0.0002 0.6941
vn 0.2599 -0.1863 -0.9475
vn -0.8858 -0.4515 0.1076
vn -0.0092 -0.9982 -0.0595
vn -0.7198 0.0000 -0.6941
vn -0.6896 -0.3116 -0.6538
vn -0.8859 -0.4531 0.0994
vn -0.7472 0.6593 0.0838
vn 0.8860 0.4529 -0.0994
vn 0.5287 -0.3137 -0.7887
vn -0.8850 0.4548 0.0993
vn 0.5261 0.7545 -0.3923
vn -0.2864 0.1987 0.9373
vn 0.8843 -0.4563 -0.0992
vn -0.1005 0.4320 -0.8962
vn 0.7951 -0.2947 0.5300
vn 0.1116 -0.0001 0.9938
vn -0.0001 -1.0000 -0.0010
vn -0.0773 0.7244 -0.6850
vn -0.7415 0.6657 0.0837
vn 0.1086 -0.0029 0.9941
vn 0.0001 1.0000 -0.0001
vn 0.3149 0.9483 -0.0391
vn 0.6878 0.3669 0.6264
vn -0.0529 -0.8920 -0.4489
vn -0.2628 -0.1645 0.9507
vn 0.8932 -0.3719 0.2528
vn 0.7806 -0.3030 0.5467
vn 0.3846 -0.3134 0.8682
vn 0.6936 0.3038 0.6532
vn 0.8881 0.4488 -0.0996
vn -0.7529 -0.6526 0.0844
vn -0.1196 0.0164 -0.9927
vn -0.8808 -0.4631 0.0988
vn -0.5301 0.3113 0.7887
vn 0.8872 -0.4505 -0.0995
vn 0.2855 -0.2015 -0.9370
vn 0.7355 0.6726 -0.0818
vn -0.8907 0.4435 0.0999
vn 0.1000 -0.4409 0.8920
vn 0.3738 0.9255 0.0604
vn -0.1005 0.4317 -0.8964
vn -0.3491 0.9263 0.1416
vn -0.9961 0.0004 0.0880
vn -0.1004 0.0043 -0.9949
vn 0.6880 0.3147 0.6540
vn 0.4601 -0.8300 0.3152
vn -0.0003 1.0000 -0.0013
vn 0.1146 -0.0031 0.9934
vn 0.0849 0.9964 -0.0073
vn -0.6763 -0.3608 -0.6422
vn 0.7137 0.0241 0.7001
vn -0.7204 -0.0103 -0.6935
vn -0.2389 0.2267 0.9442
vn 0.8677 0.4857 -0.1055
vn 0.0129 0.9956 0.0926
vn -0.8867 0.4515 0.0995
vn 0.8941 0.4365 -0.1003
vn -0.1150 0.0064 -0.9933
vn 0.7394 -0.6682 -0.0828
vn 0.1005 -0.4324 0.8961
vn -0.8930 -0.4387 0.1003
vn -0.5258 -0.7575 0.3869
vn 0.3066 -0.1577 -0.9387
vn -0.5269 0.3168 0.7887
vn 0.8876 -0.4498 -0.0996
vn -0.7953 0.2907 -0.5319
vn 0.9937 -0.0001 -0.1119
vn 0.9937 0.0001 -0.1119
vn -0.9937 0.0001 0.1119
vn 0.9938 0.0000 -0.1113
vn -0.0439 -0.9191 -0.3917
vn -0.0439 -0.9190 -0.3917
vn 0.0439 0.9190 0.3917
vn 0.0439 0.9190 0.3919
vn 0.9938 0.0000 -0.1112
vn -0.0440 -0.9189 -0.3920
vn 0.0440 0.9189 0.3920
vn 0.3918 -0.9190 -0.0440
vn -0.3918 0.9190 0.0439
vn -0.3919 0.9190 0.0440
vn 0.3918 -0.9190 -0.0439
vn 0.3919 -0.9190 -0.0440
vn -0.3918 0.9190 0.0440
vn 0.0440 -0.9189 0.3919
vn 0.0440 -0.9190 0.3918
vn 0.9938 -0.0004 -0.1114
vn -0.0440 0.9190 -0.3918
vn 0.0440 -0.9189 0.3921
vn 0.0439 -0.9190 0.3917
vn -0.0439 0.9191 -0.3915
vn -0.0440 0.9189 -0.3921
vn -0.3918 -0.9190 0.0439
vn -0.3918 -0.9190 0.0441
vn 0.3918 0.9190 -0.0439
vn 0.3919 0.9190 -0.0439
vn -0.3918 -0.9190 0.0440
vn 0.3918 0.9190 -0.0440
vn -0.0353 -0.9484 -0.3151
vn -0.0354 -0.9484 -0.3150
vn 0.0353 0.9484 0.3150
vn 0.0354 0.9485 0.3149
usemtl None
s off
f 1/1/1 2/2/1 3/3/1
f 1/1/1 3/3/1 4/4/1
f 5/5/1 6/6/1 7/7/1
f 5/5/1 7/7/1 8/8/1
f 9/9/1 10/10/1 11/11/1
f 9/9/1 11/11/1 7/7/1
f 9/9/1 7/7/1 6/6/1
f 9/9/1 6/6/1 12/12/1
f 13/13/1 14/14/1 15/15/1
f 13/13/1 15/15/1 5/5/1
f 13/13/1 5/5/1 8/8/1
f 13/13/1 8/8/1 16/16/1
f 16/16/1 11/11/1 10/10/1
f 16/16/1 10/10/1 13/13/1
f 12/12/1 15/15/1 14/14/1
f 12/12/1 14/14/1 9/9/1
f 17/17/2 18/18/2 19/19/2
f 17/17/2 19/19/2 20/20/2
f 21/21/2 22/22/2 23/23/2
f 21/21/2 23/23/2 24/24/2
f 25/25/2 26/26/2 27/27/2
f 25/25/2 27/27/2 21/21/2
f 27/27/2 28/28/2 22/22/2
f 27/27/2 22/22/2 21/21/2
f 29/29/2 30/30/2 31/31/2
f 29/29/2 31/31/2 23/23/2
f 31/31/2 32/32/2 24/24/2
f 31/31/2 24/24/2 23/23/2
f 26/26/2 25/25/2 32/32/2
f 26/26/2 32/32/2 31/31/2
f 30/30/2 29/29/2 28/28/2
f 30/30/2 28/28/2 27/27/2
f 17/17/3 20/20/3 4/4/3
f 17/17/3 4/4/3 3/3/3
f 20/20/4 19/19/4 1/1/4
f 20/20/4 1/1/4 4/4/4
f 19/19/5 18/18/5 2/2/5
f 19/19/5 2/2/5 1/1/5
f 21/21/6 24/24/6 8/8/6
f 21/21/6 8/8/6 7/7/6
f 23/23/7 22/22/7 6/6/7
f 23/23/7 6/6/7 5/5/7
f 27/27/5 26/26/5 10/10/5
f 27/27/5 10/10/5 9/9/5
f 25/25/3 21/21/3 7/7/3
f 25/25/3 7/7/3 11/11/3
f 22/22/3 28/28/3 12/12/3
f 22/22/3 12/12/3 6/6/3
f 31/31/3 30/30/3 14/14/3
f 31/31/3 14/14/3 13/13/3
f 29/29/5 23/23/5 5/5/5
f 29/29/5 5/5/5 15/15/5
f 24/24/5 32/32/5 16/16/5
f 24/24/5 16/16/5 8/8/5
f 26/26/8 31/31/8 13/13/8
f 26/26/8 13/13/8 10/10/8
f 32/32/4 25/25/4 11/11/4
f 32/32/4 11/11/4 16/16/4
f 28/28/8 29/29/8 15/15/8
f 28/28/8 15/15/8 12/12/8
f 33/33/9 34/34/9 35/35/9
f 33/33/9 35/35/9 36/36/9
f 37/37/10 3/3/10 38/38/10
f 37/37/11 38/38/11 35/35/11
f 37/37/10 35/35/10 34/34/10
f 37/37/9 34/34/9 39/39/9
f 40/40/9 41/41/9 33/33/9
f 40/40/9 33/33/9 36/36/9
f 40/40/9 36/36/9 42/42/9
f 40/40/9 42/42/9 2/2/9
f 40/40/12 2/2/13 43/43/13
f 42/42/9 38/38/9 3/3/9
f 42/42/9 3/3/9 2/2/9
f 39/39/9 41/41/9 40/40/9
f 39/39/9 40/40/9 37/37/9
f 44/44/14 45/45/14 46/46/14
f 44/44/14 46/46/14 47/47/14
f 48/48/14 17/17/14 49/49/14
f 48/48/14 49/49/14 44/44/14
f 49/49/15 50/50/15 45/45/15
f 49/49/16 45/45/16 44/44/16
f 46/46/14 51/51/14 52/52/14
f 46/46/14 52/52/14 47/47/14
f 52/52/17 53/53/18 18/18/18
f 52/52/14 18/18/14 54/54/14
f 52/52/14 54/54/14 47/47/14
f 17/17/14 48/48/14 54/54/14
f 17/17/14 54/54/14 18/18/14
f 52/52/14 51/51/14 50/50/14
f 52/52/14 50/50/14 49/49/14
f 44/44/1 47/47/1 36/36/1
f 44/44/1 36/36/1 35/35/1
f 46/46/2 45/45/2 34/34/2
f 46/46/2 34/34/2 33/33/2
f 49/49/3 17/17/3 3/3/3
f 49/49/3 3/3/3 37/37/3
f 48/48/5 44/44/5 35/35/5
f 48/48/5 35/35/5 38/38/5
f 45/45/5 50/50/5 39/39/5
f 45/45/5 39/39/5 34/34/5
f 18/18/5 53/53/5 43/43/5
f 18/18/5 43/43/5 2/2/5
f 53/53/5 52/52/5 40/40/5
f 53/53/5 40/40/5 43/43/5
f 51/51/3 46/46/3 33/33/3
f 51/51/3 33/33/3 41/41/3
f 47/47/3 54/54/3 42/42/3
f 47/47/3 42/42/3 36/36/3
f 54/54/2 48/48/2 38/38/2
f 54/54/2 38/38/2 42/42/2
f 50/50/1 51/51/1 41/41/1
f 50/50/1 41/41/1 39/39/1
f 55/55/14 56/56/14 57/57/14
f 55/55/14 57/57/14 58/58/14
f 14/14/15 59/59/15 60/60/15
f 14/14/14 60/60/14 57/57/14
f 14/14/14 57/57/14 56/56/14
f 14/14/19 56/56/19 61/61/19
f 62/62/14 9/9/14 63/63/14
f 62/62/14 63/63/14 55/55/14
f 62/62/20 55/55/20 58/58/20
f 62/62/14 58/58/14 64/64/14
f 64/64/14 60/60/14 59/59/14
f 64/64/14 59/59/14 62/62/14
f 61/61/14 63/63/14 9/9/14
f 61/61/14 9/9/14 14/14/14
f 65/65/9 66/66/9 67/67/9
f 65/65/9 67/67/9 68/68/9
f 69/69/9 70/70/9 30/30/9
f 69/69/9 30/30/9 65/65/9
f 30/30/11 71/71/11 66/66/11
f 30/30/11 66/66/11 65/65/11
f 72/72/9 27/27/9 73/73/9
f 72/72/9 73/73/9 67/67/9
f 73/73/9 74/74/9 68/68/9
f 73/73/21 68/68/21 67/67/21
f 70/70/9 69/69/9 74/74/9
f 70/70/9 74/74/9 73/73/9
f 27/27/9 72/72/9 71/71/9
f 27/27/9 71/71/9 30/30/9
f 65/65/2 68/68/2 58/58/2
f 65/65/22 58/58/22 57/57/22
f 67/67/1 66/66/1 56/56/1
f 67/67/23 56/56/23 55/55/23
f 30/30/3 70/70/3 59/59/3
f 30/30/3 59/59/3 14/14/3
f 69/69/5 65/65/5 57/57/5
f 69/69/5 57/57/5 60/60/5
f 66/66/5 71/71/5 61/61/5
f 66/66/5 61/61/5 56/56/5
f 73/73/5 27/27/5 9/9/5
f 73/73/5 9/9/5 62/62/5
f 72/72/3 67/67/3 55/55/3
f 72/72/3 55/55/3 63/63/3
f 68/68/3 74/74/3 64/64/3
f 68/68/3 64/64/3 58/58/3
f 74/74/23 69/69/23 60/60/23
f 74/74/1 60/60/1 64/64/1
f 71/71/2 72/72/2 63/63/2
f 71/71/2 63/63/2 61/61/2
f 75/75/2 76/76/2 77/77/2
f 75/75/2 77/77/2 78/78/2
f 59/59/2 37/37/2 79/79/2
f 59/59/2 79/79/2 77/77/2
f 59/59/2 77/77/2 76/76/2
f 59/59/2 76/76/2 80/80/2
f 40/40/2 62/62/2 81/81/2
f 40/40/2 81/81/2 75/75/2
f 40/40/24 75/75/24 78/78/24
f 40/40/2 78/78/2 82/82/2
f 82/82/2 79/79/2 37/37/2
f 82/82/2 37/37/2 40/40/2
f 80/80/2 81/81/2 62/62/2
f 80/80/2 62/62/2 59/59/2
f 83/83/1 84/84/1 85/85/1
f 83/83/1 85/85/1 86/86/1
f 87/87/1 49/49/1 70/70/1
f 87/87/1 70/70/1 83/83/1
f 70/70/1 88/88/1 84/84/1
f 70/70/1 84/84/1 83/83/1
f 89/89/1 73/73/1 52/52/1
f 89/89/1 52/52/1 85/85/1
f 52/52/1 90/90/1 86/86/1
f 52/52/23 86/86/23 85/85/23
f 49/49/1 87/87/1 90/90/1
f 49/49/1 90/90/1 52/52/1
f 73/73/1 89/89/1 88/88/1
f 73/73/1 88/88/1 70/70/1
f 83/83/6 86/86/6 78/78/6
f 83/83/6 78/78/6 77/77/6
f 85/85/7 84/84/7 76/76/7
f 85/85/7 76/76/7 75/75/7
f 70/70/3 49/49/3 37/37/3
f 70/70/3 37/37/3 59/59/3
f 87/87/5 83/83/5 77/77/5
f 87/87/5 77/77/5 79/79/5
f 84/84/5 88/88/5 80/80/5
f 84/84/5 80/80/5 76/76/5
f 52/52/5 73/73/5 62/62/5
f 52/52/5 62/62/5 40/40/5
f 89/89/3 85/85/3 75/75/3
f 89/89/3 75/75/3 81/81/3
f 86/86/3 90/90/3 82/82/3
f 86/86/3 82/82/3 78/78/3
f 90/90/4 87/87/4 79/79/4
f 90/90/4 79/79/4 82/82/4
f 88/88/6 89/89/6 81/81/6
f 88/88/6 81/81/6 80/80/6
f 91/91/25 92/92/25 93/93/25
f 91/91/26 93/93/26 94/94/26
f 92/92/27 95/95/27 96/96/27
f 92/92/28 96/96/28 93/93/28
f 95/95/29 91/91/29 94/94/29
f 95/95/30 94/94/30 96/96/30
f 97/97/31 95/95/31 98/98/31
f 97/97/32 98/98/32 99/99/32
f 95/95/33 92/92/33 100/100/33
f 95/95/34 100/100/34 98/98/34
f 92/92/35 97/97/35 99/99/35
f 92/92/35 99/99/35 100/100/35
f 101/101/36 95/95/36 102/102/36
f 101/101/37 102/102/37 103/103/37
f 95/95/38 97/97/38 104/104/38
f 95/95/39 104/104/39 102/102/39
f 97/97/40 101/101/40 103/103/40
f 97/97/41 103/103/41 104/104/41
f 95/95/42 101/101/42 105/105/42
f 95/95/43 105/105/43 106/106/43
f 101/101/44 91/91/44 107/107/44
f 101/101/44 107/107/44 105/105/44
f 91/91/45 95/95/45 106/106/45
f 91/91/46 106/106/46 107/107/46
f 108/108/47 109/109/47 110/110/47
f 108/108/48 110/110/48 111/111/48
f 112/112/49 113/113/49 109/109/49
f 112/112/50 109/109/50 108/108/50
f 111/111/48 110/110/48 113/113/48
f 111/111/51 113/113/51 112/112/51
f 114/114/52 113/113/52 115/115/52
f 114/114/53 115/115/53 116/116/53
f 117/117/52 109/109/52 113/113/52
f 117/117/54 113/113/54 114/114/54
f 116/116/52 115/115/52 109/109/52
f 116/116/53 109/109/53 117/117/53
f 118/118/55 113/113/55 119/119/55
f 118/118/56 119/119/56 120/120/56
f 121/121/57 115/115/57 113/113/57
f 121/121/58 113/113/58 118/118/58
f 120/120/59 119/119/59 115/115/59
f 120/120/60 115/115/60 121/121/60
f 122/122/61 119/119/61 113/113/61
f 122/122/62 113/113/62 123/123/62
f 124/124/63 110/110/63 119/119/63
f 124/124/64 119/119/64 122/122/64
f 123/123/64 113/113/64 110/110/64
f 123/123/65 110/110/65 124/124/65
f 92/92/66 91/91/66 110/110/66
f 92/92/67 110/110/67 109/109/67
f 94/94/68 93/93/68 108/108/68
f 94/94/69 108/108/69 111/111/69
f 93/93/70 96/96/70 112/112/70
f 93/93/71 112/112/71 108/108/71
f 96/96/72 94/94/72 111/111/72
f 96/96/73 111/111/73 112/112/73
f 99/99/74 98/98/74 114/114/74
f 99/99/75 114/114/75 116/116/75
f 98/98/76 100/100/76 117/117/76
f 98/98/77 117/117/77 114/114/77
f 97/97/78 92/92/78 109/109/78
f 97/97/79 109/109/79 115/115/79
f 100/100/80 99/99/80 116/116/80
f 100/100/81 116/116/81 117/117/81
f 103/103/82 102/102/82 118/118/82
f 103/103/83 118/118/83 120/120/83
f 102/102/84 104/104/84 121/121/84
f 102/102/85 121/121/85 118/118/85
f 101/101/86 97/97/86 115/115/86
f 101/101/87 115/115/87 119/119/87
f 104/104/88 103/103/88 120/120/88
f 104/104/89 120/120/89 121/121/89
f 106/106/90 105/105/90 122/122/90
f 106/106/91 122/122/91 123/123/91
f 91/91/92 101/101/92 119/119/92
f 91/91/93 119/119/93 110/110/93
f 105/105/94 107/107/94 124/124/94
f 105/105/95 124/124/95 122/122/95
f 107/107/96 106/106/96 123/123/96
f 107/107/97 123/123/97 124/124/97
f 109/109/9 110/110/9 125/125/9
f 109/109/9 125/125/9 126/126/9
f 115/115/2 109/109/2 126/126/2
f 115/115/2 126/126/2 127/127/2
f 119/119/14 115/115/14 127/127/14
f 119/119/14 127/127/14 128/128/14
f 110/110/1 119/119/1 128/128/1
f 110/110/1 128/128/1 125/125/1
f 128/128/5 127/127/5 126/126/5
f 128/128/5 126/126/5 125/125/5
f 129/129/9 130/130/9 131/131/9
f 129/129/9 131/131/9 132/132/9
f 130/130/2 133/133/2 134/134/2
f 130/130/2 134/134/2 131/131/2
f 133/133/14 135/135/14 136/136/14
f 133/133/14 136/136/14 134/134/14
f 135/135/1 129/129/1 132/132/1
f 135/135/98 132/132/98 136/136/98
f 137/137/14 138/138/14 139/139/14
f 137/137/14 139/139/14 110/110/14
f 115/115/1 140/140/1 138/138/1
f 115/115/1 138/138/1 137/137/1
f 119/119/9 141/141/9 140/140/9
f 119/119/99 140/140/99 115/115/99
f 110/110/2 139/139/2 141/141/2
f 110/110/2 141/141/2 119/119/2
f 142/142/100 130/130/100 129/129/100
f 142/142/101 129/129/101 143/143/101
f 144/144/102 133/133/102 130/130/102
f 144/144/103 130/130/103 142/142/103
f 145/145/104 135/135/104 133/133/104
f 145/145/105 133/133/105 144/144/105
f 143/143/106 129/129/106 135/135/106
f 143/143/107 135/135/107 145/145/107
f 146/146/108 142/142/108 143/143/108
f 146/146/109 143/143/109 147/147/109
f 148/148/110 144/144/110 142/142/110
f 148/148/110 142/142/110 146/146/110
f 149/149/111 145/145/111 144/144/111
f 149/149/112 144/144/112 148/148/112
f 147/147/113 143/143/113 145/145/113
f 147/147/114 145/145/114 149/149/114
f 137/137/3 110/110/3 132/132/3
f 137/137/3 132/132/3 131/131/3
f 139/139/5 138/138/5 146/146/5
f 139/139/5 146/146/5 147/147/5
f 115/115/3 137/137/3 131/131/3
f 115/115/3 131/131/3 134/134/3
f 138/138/5 140/140/5 148/148/5
f 138/138/5 148/148/5 146/146/5
f 119/119/3 115/115/3 134/134/3
f 119/119/3 134/134/3 136/136/3
f 140/140/5 141/141/5 149/149/5
f 140/140/5 149/149/5 148/148/5
f 110/110/3 119/119/3 136/136/3
f 110/110/3 136/136/3 132/132/3
f 141/141/5 139/139/5 147/147/5
f 141/141/5 147/147/5 149/149/5
f 150/150/115 151/151/115 112/112/115
f 152/152/116 114/114/116 153/153/116
f 154/154/117 118/118/117 155/155/117
f 123/123/118 156/156/118 157/157/118
f 158/158/14 159/159/14 160/160/14
f 158/158/14 160/160/14 161/161/14
f 162/162/9 163/163/9 164/164/9
f 162/162/9 164/164/9 165/165/9
f 165/165/2 164/164/2 160/160/2
f 165/165/2 160/160/2 159/159/2
f 166/166/9 167/167/9 168/168/9
f 166/166/9 168/168/9 169/169/9
f 170/170/14 171/171/14 172/172/14
f 170/170/14 172/172/14 173/173/14
f 166/166/1 170/170/1 173/173/1
f 166/166/1 173/173/1 167/167/1
f 162/162/1 158/158/1 161/161/1
f 162/162/1 161/161/1 163/163/1
f 169/169/2 168/168/2 172/172/2
f 169/169/2 172/172/2 171/171/2
f 166/166/5 169/169/5 161/161/5
f 166/166/5 161/161/5 160/160/5
f 168/168/3 167/167/3 159/159/3
f 168/168/3 159/159/3 158/158/3
f 169/169/5 171/171/5 163/163/5
f 169/169/5 163/163/5 161/161/5
f 173/173/3 172/172/3 162/162/3
f 173/173/3 162/162/3 165/165/3
f 171/171/5 170/170/5 164/164/5
f 171/171/5 164/164/5 163/163/5
f 167/167/3 173/173/3 165/165/3
f 167/167/3 165/165/3 159/159/3
f 170/170/5 166/166/5 160/160/5
f 170/170/5 160/160/5 164/164/5
f 174/174/3 175/175/3 176/176/3
f 174/174/3 176/176/3 177/177/3
f 175/175/3 178/178/3 179/179/3
f 175/175/3 179/179/3 176/176/3
f 178/178/3 180/180/3 181/181/3
f 178/178/3 181/181/3 179/179/3
f 180/180/3 174/174/3 177/177/3
f 180/180/3 177/177/3 181/181/3
f 172/172/5 162/162/5 158/158/5
f 172/172/5 158/158/5 168/168/5
f 168/168/9 167/167/9 177/177/9
f 168/168/9 177/177/9 176/176/9
f 159/159/14 158/158/14 175/175/14
f 159/159/14 175/175/14 174/174/14
f 172/172/2 168/168/2 176/176/2
f 172/172/2 176/176/2 179/179/2
f 158/158/1 162/162/1 178/178/1
f 158/158/1 178/178/1 175/175/1
f 173/173/14 172/172/14 179/179/14
f 173/173/14 179/179/14 181/181/14
f 162/162/9 165/165/9 180/180/9
f 162/162/9 180/180/9 178/178/9
f 167/167/1 173/173/1 181/181/1
f 167/167/1 181/181/1 177/177/1
f 165/165/2 159/159/2 174/174/2
f 165/165/2 174/174/2 180/180/2
f 182/182/5 183/183/5 184/184/5
f 182/182/5 184/184/5 185/185/5
f 182/182/5 185/185/5 186/186/5
f 184/184/5 183/183/5 187/187/5
f 188/188/3 189/189/3 190/190/3
f 188/188/3 190/190/3 191/191/3
f 190/190/3 192/192/3 191/191/3
f 193/193/3 189/189/3 188/188/3
f 191/191/1 192/192/1 186/186/1
f 191/191/1 186/186/1 185/185/1
f 192/192/14 190/190/14 182/182/14
f 192/192/14 182/182/14 186/186/14
f 190/190/2 189/189/2 183/183/2
f 190/190/2 183/183/2 182/182/2
f 188/188/9 191/191/9 185/185/9
f 188/188/9 185/185/9 184/184/9
f 189/189/9 193/193/9 187/187/9
f 189/189/9 187/187/9 183/183/9
f 193/193/1 188/188/1 184/184/1
f 193/193/1 184/184/1 187/187/1
f 194/194/119 195/195/119 196/196/119
f 194/194/119 196/196/119 197/197/119
f 198/198/120 194/194/120 197/197/120
f 198/198/120 197/197/120 199/199/120
f 200/200/121 201/201/121 202/202/121
f 200/200/122 202/202/122 203/203/122
f 204/204/123 205/205/123 206/206/123
f 204/204/124 206/206/124 207/207/124
f 208/208/125 200/200/125 203/203/125
f 208/208/125 203/203/125 209/209/125
f 210/210/126 204/204/126 207/207/126
f 210/210/126 207/207/126 211/211/126
f 197/197/9 196/196/9 212/212/9
f 197/197/9 212/212/9 213/213/9
f 196/196/2 195/195/2 214/214/2
f 196/196/2 214/214/2 212/212/2
f 195/195/14 194/194/14 215/215/14
f 195/195/14 215/215/14 214/214/14
f 198/198/1 199/199/1 216/216/1
f 198/198/1 216/216/1 217/217/1
f 199/199/9 197/197/9 213/213/9
f 199/199/9 213/213/9 216/216/9
f 194/194/14 198/198/14 217/217/14
f 194/194/127 217/217/127 215/215/127
f 218/218/9 219/219/9 220/220/9
f 221/221/14 222/222/14 223/223/14
f 223/223/128 222/222/128 219/219/128
f 223/223/128 219/219/128 218/218/128
f 222/222/129 221/221/129 220/220/129
f 222/222/129 220/220/129 219/219/129
f 221/221/1 223/223/1 218/218/1
f 221/221/1 218/218/1 220/220/1
f 224/224/9 225/225/9 226/226/9
f 227/227/14 228/228/14 229/229/14
f 228/228/5 224/224/5 226/226/5
f 228/228/5 226/226/5 229/229/5
f 229/229/130 226/226/130 225/225/130
f 229/229/130 225/225/130 227/227/130
f 227/227/2 225/225/2 224/224/2
f 227/227/2 224/224/2 228/228/2
f 230/230/2 231/231/2 232/232/2
f 230/230/2 232/232/2 233/233/2
f 201/201/1 234/234/1 235/235/1
f 201/201/1 235/235/1 202/202/1
f 208/208/5 209/209/5 233/233/5
f 208/208/5 233/233/5 232/232/5
f 233/233/14 209/209/14 203/203/14
f 233/233/15 203/203/15 202/202/15
f 230/230/4 233/233/4 202/202/4
f 230/230/4 202/202/4 235/235/4
f 235/235/3 234/234/3 231/231/3
f 235/235/3 231/231/3 230/230/3
f 232/232/8 231/231/8 234/234/8
f 232/232/131 234/234/131 208/208/131
f 234/234/9 201/201/9 200/200/9
f 234/234/132 200/200/132 208/208/132
f 236/236/2 237/237/2 206/206/2
f 236/236/2 206/206/2 205/205/2
f 238/238/1 239/239/1 240/240/1
f 238/238/1 240/240/1 241/241/1
f 238/238/5 241/241/5 210/210/5
f 238/238/5 210/210/5 211/211/5
f 236/236/14 205/205/14 204/204/14
f 236/236/14 204/204/14 210/210/14
f 236/236/127 210/210/127 241/241/127
f 236/236/4 241/241/4 240/240/4
f 240/240/3 239/239/3 237/237/3
f 240/240/3 237/237/3 236/236/3
f 206/206/8 237/237/8 239/239/8
f 206/206/8 239/239/8 238/238/8
f 207/207/133 206/206/133 238/238/133
f 207/207/9 238/238/9 211/211/9
f 242/242/9 243/243/9 244/244/9
f 242/242/9 244/244/9 245/245/9
f 43/43/10 2/2/10 246/246/10
f 43/43/134 246/246/134 244/244/134
f 43/43/8 244/244/8 243/243/8
f 43/43/9 243/243/9 247/247/9
f 248/248/9 249/249/9 242/242/9
f 248/248/9 242/242/9 245/245/9
f 248/248/9 246/246/9 2/2/9
f 248/248/9 2/2/9 249/249/9
f 43/43/9 247/247/9 250/250/9
f 43/43/9 250/250/9 251/251/9
f 252/252/14 253/253/14 254/254/14
f 252/252/14 254/254/14 255/255/14
f 256/256/14 257/257/14 258/258/14
f 256/256/135 258/258/135 252/252/135
f 258/258/15 259/259/15 253/253/15
f 258/258/127 253/253/127 252/252/127
f 254/254/14 260/260/14 261/261/14
f 254/254/19 261/261/19 255/255/19
f 257/257/14 256/256/14 261/261/14
f 257/257/14 261/261/14 260/260/14
f 262/262/14 259/259/14 258/258/14
f 262/262/14 258/258/14 263/263/14
f 252/252/1 255/255/1 245/245/1
f 252/252/1 245/245/1 244/244/1
f 254/254/2 253/253/2 243/243/2
f 254/254/22 243/243/22 242/242/22
f 258/258/3 257/257/3 2/2/3
f 258/258/3 2/2/3 43/43/3
f 256/256/5 252/252/5 244/244/5
f 256/256/5 244/244/5 246/246/5
f 253/253/5 259/259/5 247/247/5
f 253/253/5 247/247/5 243/243/5
f 255/255/3 261/261/3 248/248/3
f 255/255/3 248/248/3 245/245/3
f 260/260/5 254/254/5 242/242/5
f 260/260/5 242/242/5 249/249/5
f 261/261/2 256/256/2 246/246/2
f 261/261/2 246/246/2 248/248/2
f 262/262/5 263/263/5 251/251/5
f 262/262/5 251/251/5 250/250/5
f 259/259/23 262/262/23 250/250/23
f 259/259/1 250/250/1 247/247/1
f 264/264/1 249/249/1 2/2/1
f 264/264/1 2/2/1 1/1/1
f 257/257/2 260/260/2 170/170/2
f 257/257/2 170/170/2 19/19/2
f 257/257/3 19/19/3 1/1/3
f 257/257/3 1/1/3 2/2/3
f 19/19/4 170/170/4 264/264/4
f 19/19/4 264/264/4 1/1/4
f 170/170/5 260/260/5 249/249/5
f 170/170/5 249/249/5 264/264/5
f 265/265/2 266/266/2 267/267/2
f 265/265/2 267/267/2 268/268/2
f 62/62/2 269/269/2 270/270/2
f 62/62/2 270/270/2 267/267/2
f 62/62/2 267/267/2 266/266/2
f 62/62/2 266/266/2 271/271/2
f 272/272/2 273/273/2 265/265/2
f 272/272/2 265/265/2 268/268/2
f 272/272/2 268/268/2 274/274/2
f 272/272/2 274/274/2 189/189/2
f 274/274/2 270/270/2 269/269/2
f 274/274/2 269/269/2 189/189/2
f 271/271/2 273/273/2 272/272/2
f 271/271/2 272/272/2 62/62/2
f 275/275/1 276/276/1 277/277/1
f 275/275/1 277/277/1 278/278/1
f 279/279/1 280/280/1 73/73/1
f 279/279/98 73/73/98 275/275/98
f 73/73/1 281/281/1 276/276/1
f 73/73/1 276/276/1 275/275/1
f 277/277/1 282/282/1 283/283/1
f 277/277/1 283/283/1 278/278/1
f 283/283/1 284/284/1 285/285/1
f 283/283/1 285/285/1 278/278/1
f 280/280/1 279/279/1 285/285/1
f 280/280/1 285/285/1 284/284/1
f 283/283/1 282/282/1 281/281/1
f 283/283/1 281/281/1 73/73/1
f 275/275/8 278/278/8 268/268/8
f 275/275/8 268/268/8 267/267/8
f 277/277/7 276/276/7 266/266/7
f 277/277/7 266/266/7 265/265/7
f 73/73/3 280/280/3 269/269/3
f 73/73/3 269/269/3 62/62/3
f 279/279/5 275/275/5 267/267/5
f 279/279/5 267/267/5 270/270/5
f 276/276/5 281/281/5 271/271/5
f 276/276/5 271/271/5 266/266/5
f 282/282/3 277/277/3 265/265/3
f 282/282/3 265/265/3 273/273/3
f 278/278/3 285/285/3 274/274/3
f 278/278/3 274/274/3 268/268/3
f 284/284/5 283/283/5 272/272/5
f 284/284/5 272/272/5 189/189/5
f 285/285/14 279/279/14 270/270/14
f 285/285/14 270/270/14 274/274/14
f 281/281/8 282/282/8 273/273/8
f 281/281/8 273/273/8 271/271/8
f 286/286/1 287/287/1 288/288/1
f 286/286/1 288/288/1 289/289/1
f 290/290/1 291/291/1 288/288/1
f 290/290/1 288/288/1 287/287/1
f 10/10/1 9/9/1 292/292/1
f 10/10/1 292/292/1 286/286/1
f 10/10/1 286/286/1 289/289/1
f 10/10/1 289/289/1 293/293/1
f 10/10/1 293/293/1 294/294/1
f 10/10/1 294/294/1 295/295/1
f 290/290/1 292/292/1 9/9/1
f 290/290/1 9/9/1 291/291/1
f 296/296/2 297/297/2 298/298/2
f 296/296/2 298/298/2 299/299/2
f 296/296/2 300/300/2 301/301/2
f 296/296/2 301/301/2 297/297/2
f 302/302/2 27/27/2 26/26/2
f 302/302/136 26/26/136 298/298/136
f 26/26/2 303/303/2 299/299/2
f 26/26/2 299/299/2 298/298/2
f 304/304/2 303/303/2 26/26/2
f 304/304/2 26/26/2 166/166/2
f 27/27/2 302/302/2 301/301/2
f 27/27/2 301/301/2 300/300/2
f 298/298/4 297/297/4 287/287/4
f 298/298/4 287/287/4 286/286/4
f 297/297/3 301/301/3 290/290/3
f 297/297/3 290/290/3 287/287/3
f 300/300/5 296/296/5 288/288/5
f 300/300/5 288/288/5 291/291/5
f 26/26/3 27/27/3 9/9/3
f 26/26/3 9/9/3 10/10/3
f 302/302/5 298/298/5 286/286/5
f 302/302/5 286/286/5 292/292/5
f 304/304/5 166/166/5 295/295/5
f 304/304/5 295/295/5 294/294/5
f 166/166/8 26/26/8 10/10/8
f 166/166/8 10/10/8 295/295/8
f 301/301/8 302/302/8 292/292/8
f 301/301/8 292/292/8 290/290/8
f 289/289/6 288/288/6 296/296/6
f 289/289/6 296/296/6 299/299/6
f 293/293/5 289/289/5 299/299/5
f 293/293/5 299/299/5 303/303/5
f 294/294/4 293/293/4 303/303/4
f 294/294/4 303/303/4 304/304/4
f 305/305/14 306/306/14 307/307/14
f 305/305/14 307/307/14 308/308/14
f 9/9/14 62/62/14 309/309/14
f 9/9/15 309/309/15 307/307/15
f 9/9/14 307/307/14 306/306/14
f 9/9/14 306/306/14 310/310/14
f 311/311/14 272/272/14 305/305/14
f 311/311/14 305/305/14 308/308/14
f 311/311/14 309/309/14 62/62/14
f 311/311/14 62/62/14 272/272/14
f 310/310/14 312/312/14 291/291/14
f 310/310/14 291/291/14 9/9/14
f 313/313/9 314/314/9 315/315/9
f 313/313/9 315/315/9 316/316/9
f 317/317/9 73/73/9 27/27/9
f 317/317/9 27/27/9 313/313/9
f 27/27/9 318/318/9 314/314/9
f 27/27/99 314/314/99 313/313/99
f 315/315/9 283/283/9 319/319/9
f 315/315/9 319/319/9 316/316/9
f 73/73/9 317/317/9 319/319/9
f 73/73/9 319/319/9 283/283/9
f 300/300/9 320/320/9 318/318/9
f 300/300/9 318/318/9 27/27/9
f 313/313/2 316/316/2 308/308/2
f 313/313/2 308/308/2 307/307/2
f 315/315/23 314/314/23 306/306/23
f 315/315/1 306/306/1 305/305/1
f 27/27/3 73/73/3 62/62/3
f 27/27/3 62/62/3 9/9/3
f 317/317/5 313/313/5 307/307/5
f 317/317/5 307/307/5 309/309/5
f 314/314/5 318/318/5 310/310/5
f 314/314/5 310/310/5 306/306/5
f 316/316/3 319/319/3 311/311/3
f 316/316/3 311/311/3 308/308/3
f 283/283/5 315/315/5 305/305/5
f 283/283/5 305/305/5 272/272/5
f 319/319/1 317/317/1 309/309/1
f 319/319/23 309/309/23 311/311/23
f 318/318/2 320/320/2 312/312/2
f 318/318/2 312/312/2 310/310/2
f 320/320/5 300/300/5 291/291/5
f 320/320/5 291/291/5 312/312/5
f 321/321/1 251/251/1 193/193/1
f 321/321/1 193/193/1 322/322/1
f 323/323/2 263/263/2 324/324/2
f 323/323/2 324/324/2 325/325/2
f 325/325/3 324/324/3 321/321/3
f 325/325/3 321/321/3 322/322/3
f 263/263/5 323/323/5 193/193/5
f 263/263/5 193/193/5 251/251/5
f 326/326/9 322/322/9 327/327/9
f 326/326/9 327/327/9 328/328/9
f 328/328/11 327/327/11 329/329/11
f 330/330/9 331/331/9 193/193/9
f 330/330/9 193/193/9 189/189/9
f 331/331/9 327/327/9 322/322/9
f 331/331/9 322/322/9 193/193/9
f 329/329/9 330/330/9 189/189/9
f 329/329/9 189/189/9 328/328/9
f 332/332/14 325/325/14 333/333/14
f 332/332/14 333/333/14 334/334/14
f 332/332/14 334/334/14 335/335/14
f 323/323/14 336/336/14 337/337/14
f 323/323/14 337/337/14 284/284/14
f 325/325/14 332/332/14 336/336/14
f 325/325/14 336/336/14 323/323/14
f 284/284/14 337/337/14 335/335/14
f 284/284/14 335/335/14 334/334/14
f 326/326/137 333/333/137 325/325/137
f 326/326/138 325/325/138 322/322/138
f 332/332/5 335/335/5 329/329/5
f 332/332/5 329/329/5 327/327/5
f 323/323/5 284/284/5 189/189/5
f 323/323/5 189/189/5 193/193/5
f 337/337/3 336/336/3 331/331/3
f 337/337/3 331/331/3 330/330/3
f 336/336/22 332/332/22 327/327/22
f 336/336/2 327/327/2 331/331/2
f 335/335/1 337/337/1 330/330/1
f 335/335/1 330/330/1 329/329/1
f 326/326/139 328/328/139 334/334/139
f 326/326/140 334/334/140 333/333/140
f 338/338/9 339/339/9 327/327/9
f 338/338/8 327/327/8 331/331/8
f 340/340/11 338/338/11 331/331/11
f 340/340/9 331/331/9 330/330/9
f 341/341/8 340/340/8 330/330/8
f 341/341/8 330/330/8 329/329/8
f 339/339/131 341/341/131 329/329/131
f 339/339/9 329/329/9 327/327/9
f 332/332/4 342/342/4 343/343/4
f 332/332/4 343/343/4 336/336/4
f 336/336/14 343/343/14 344/344/14
f 336/336/141 344/344/141 337/337/141
f 337/337/4 344/344/4 345/345/4
f 337/337/4 345/345/4 335/335/4
f 335/335/14 345/345/14 342/342/14
f 335/335/142 342/342/142 332/332/142
f 346/346/8 347/347/8 348/348/8
f 346/346/8 348/348/8 349/349/8
f 350/350/143 346/346/143 349/349/143
f 350/350/9 349/349/9 351/351/9
f 352/352/8 350/350/8 351/351/8
f 352/352/8 351/351/8 353/353/8
f 347/347/144 352/352/144 353/353/144
f 347/347/9 353/353/9 348/348/9
f 354/354/4 355/355/4 356/356/4
f 354/354/4 356/356/4 357/357/4
f 357/357/145 356/356/145 358/358/145
f 357/357/146 358/358/146 359/359/146
f 359/359/147 358/358/147 360/360/147
f 359/359/147 360/360/147 361/361/147
f 361/361/148 360/360/148 355/355/148
f 361/361/149 355/355/149 354/354/149
f 362/362/8 363/363/8 364/364/8
f 362/362/8 364/364/8 354/354/8
f 365/365/150 362/362/150 354/354/150
f 365/365/9 354/354/9 361/361/9
f 366/366/151 365/365/151 361/361/151
f 366/366/152 361/361/152 367/367/152
f 363/363/153 366/366/153 367/367/153
f 363/363/154 367/367/154 364/364/154
f 368/368/155 369/369/155 370/370/155
f 368/368/4 370/370/4 371/371/4
f 371/371/14 370/370/14 372/372/14
f 371/371/156 372/372/156 373/373/156
f 373/373/4 372/372/4 374/374/4
f 373/373/14 374/374/14 375/375/14
f 375/375/145 374/374/145 369/369/145
f 375/375/157 369/369/157 368/368/157
f 332/332/23 336/336/23 331/331/23
f 332/332/1 331/331/1 327/327/1
f 343/343/2 342/342/2 339/339/2
f 343/343/22 339/339/22 338/338/22
f 336/336/5 337/337/5 330/330/5
f 336/336/5 330/330/5 331/331/5
f 344/344/3 343/343/3 338/338/3
f 344/344/3 338/338/3 340/340/3
f 337/337/2 335/335/2 329/329/2
f 337/337/2 329/329/2 330/330/2
f 345/345/1 344/344/1 340/340/1
f 345/345/1 340/340/1 341/341/1
f 335/335/3 332/332/3 327/327/3
f 335/335/3 327/327/3 329/329/3
f 342/342/5 345/345/5 341/341/5
f 342/342/5 341/341/5 339/339/5
f 354/354/23 357/357/23 349/349/23
f 354/354/23 349/349/23 348/348/23
f 356/356/2 355/355/2 347/347/2
f 356/356/158 347/347/158 346/346/158
f 357/357/5 359/359/5 351/351/5
f 357/357/5 351/351/5 349/349/5
f 358/358/3 356/356/3 346/346/3
f 358/358/3 346/346/3 350/350/3
f 359/359/22 361/361/22 353/353/22
f 359/359/22 353/353/22 351/351/22
f 360/360/23 358/358/23 350/350/23
f 360/360/1 350/350/1 352/352/1
f 361/361/3 354/354/3 348/348/3
f 361/361/3 348/348/3 353/353/3
f 355/355/5 360/360/5 352/352/5
f 355/355/5 352/352/5 347/347/5
f 368/368/159 371/371/159 354/354/159
f 368/368/159 354/354/159 364/364/159
f 370/370/2 369/369/2 363/363/2
f 370/370/2 363/363/2 362/362/2
f 371/371/5 373/373/5 361/361/5
f 371/371/5 361/361/5 354/354/5
f 372/372/3 370/370/3 362/362/3
f 372/372/3 362/362/3 365/365/3
f 373/373/160 375/375/160 367/367/160
f 373/373/160 367/367/160 361/361/160
f 374/374/161 372/372/161 365/365/161
f 374/374/162 365/365/162 366/366/162
f 375/375/3 368/368/3 364/364/3
f 375/375/3 364/364/3 367/367/3
f 369/369/5 374/374/5 366/366/5
f 369/369/5 366/366/5 363/363/5
f 376/376/9 377/377/9 378/378/9
f 376/376/9 378/378/9 379/379/9
f 380/380/14 381/381/14 382/382/14
f 380/380/14 382/382/14 383/383/14
f 380/380/5 383/383/5 379/379/5
f 380/380/5 379/379/5 378/378/5
f 383/383/163 382/382/163 376/376/163
f 383/383/164 376/376/164 379/379/164
f 382/382/3 381/381/3 377/377/3
f 382/382/3 377/377/3 376/376/3
f 381/381/165 380/380/165 378/378/165
f 381/381/166 378/378/166 377/377/166
f 384/384/9 385/385/9 386/386/9
f 384/384/9 386/386/9 387/387/9
f 388/388/14 389/389/14 390/390/14
f 388/388/14 390/390/14 391/391/14
f 388/388/5 391/391/5 387/387/5
f 388/388/5 387/387/5 386/386/5
f 391/391/167 390/390/167 384/384/167
f 391/391/167 384/384/167 387/387/167
f 390/390/3 389/389/3 385/385/3
f 390/390/3 385/385/3 384/384/3
f 389/389/23 388/388/23 386/386/23
f 389/389/23 386/386/23 385/385/23
f 392/392/8 393/393/8 246/246/8
f 392/392/8 246/246/8 248/248/8
f 394/394/168 392/392/168 248/248/168
f 394/394/9 248/248/9 245/245/9
f 395/395/8 394/394/8 245/245/8
f 395/395/8 245/245/8 244/244/8
f 393/393/169 395/395/169 244/244/169
f 393/393/170 244/244/170 246/246/170
f 256/256/4 396/396/4 397/397/4
f 256/256/4 397/397/4 261/261/4
f 261/261/14 397/397/14 398/398/14
f 261/261/171 398/398/171 399/399/171
f 399/399/4 398/398/4 400/400/4
f 399/399/4 400/400/4 252/252/4
f 252/252/14 400/400/14 396/396/14
f 252/252/172 396/396/172 256/256/172
f 401/401/8 402/402/8 403/403/8
f 401/401/8 403/403/8 404/404/8
f 405/405/99 401/401/99 404/404/99
f 405/405/9 404/404/9 406/406/9
f 407/407/8 405/405/8 406/406/8
f 407/407/8 406/406/8 408/408/8
f 402/402/11 407/407/11 408/408/11
f 402/402/154 408/408/154 403/403/154
f 409/409/4 410/410/4 411/411/4
f 409/409/4 411/411/4 412/412/4
f 412/412/14 411/411/14 413/413/14
f 412/412/173 413/413/173 414/414/173
f 414/414/4 413/413/4 415/415/4
f 414/414/4 415/415/4 416/416/4
f 416/416/14 415/415/14 410/410/14
f 416/416/15 410/410/15 409/409/15
f 417/417/8 418/418/8 419/419/8
f 417/417/8 419/419/8 409/409/8
f 420/420/10 417/417/10 409/409/10
f 420/420/9 409/409/9 416/416/9
f 421/421/8 420/420/8 416/416/8
f 421/421/8 416/416/8 422/422/8
f 418/418/174 421/421/174 422/422/174
f 418/418/9 422/422/9 419/419/9
f 423/423/14 424/424/14 425/425/14
f 423/423/4 425/425/4 426/426/4
f 426/426/172 425/425/172 427/427/172
f 426/426/175 427/427/175 428/428/175
f 428/428/4 427/427/4 429/429/4
f 428/428/4 429/429/4 430/430/4
f 430/430/14 429/429/14 424/424/14
f 430/430/173 424/424/173 423/423/173
f 256/256/1 261/261/1 248/248/1
f 256/256/1 248/248/1 246/246/1
f 397/397/2 396/396/2 393/393/2
f 397/397/2 393/393/2 392/392/2
f 261/261/5 399/399/5 245/245/5
f 261/261/5 245/245/5 248/248/5
f 398/398/3 397/397/3 392/392/3
f 398/398/3 392/392/3 394/394/3
f 399/399/22 252/252/22 244/244/22
f 399/399/2 244/244/2 245/245/2
f 400/400/1 398/398/1 394/394/1
f 400/400/1 394/394/1 395/395/1
f 252/252/3 256/256/3 246/246/3
f 252/252/3 246/246/3 244/244/3
f 396/396/5 400/400/5 395/395/5
f 396/396/5 395/395/5 393/393/5
f 409/409/1 412/412/1 404/404/1
f 409/409/176 404/404/176 403/403/176
f 411/411/2 410/410/2 402/402/2
f 411/411/2 402/402/2 401/401/2
f 412/412/5 414/414/5 406/406/5
f 412/412/5 406/406/5 404/404/5
f 413/413/3 411/411/3 401/401/3
f 413/413/3 401/401/3 405/405/3
f 414/414/22 416/416/22 408/408/22
f 414/414/177 408/408/177 406/406/177
f 415/415/159 413/413/159 405/405/159
f 415/415/1 405/405/1 407/407/1
f 416/416/3 409/409/3 403/403/3
f 416/416/3 403/403/3 408/408/3
f 410/410/5 415/415/5 407/407/5
f 410/410/5 407/407/5 402/402/5
f 423/423/1 426/426/1 409/409/1
f 423/423/23 409/409/23 419/419/23
f 425/425/2 424/424/2 418/418/2
f 425/425/22 418/418/22 417/417/22
f 426/426/5 428/428/5 416/416/5
f 426/426/5 416/416/5 409/409/5
f 427/427/3 425/425/3 417/417/3
f 427/427/3 417/417/3 420/420/3
f 428/428/2 430/430/2 422/422/2
f 428/428/22 422/422/22 416/416/22
f 429/429/23 427/427/23 420/420/23
f 429/429/23 420/420/23 421/421/23
f 430/430/3 423/423/3 419/419/3
f 430/430/3 419/419/3 422/422/3
f 424/424/5 429/429/5 421/421/5
f 424/424/5 421/421/5 418/418/5
f 431/431/9 432/432/9 433/433/9
f 431/431/9 433/433/9 434/434/9
f 435/435/14 436/436/14 437/437/14
f 435/435/14 437/437/14 438/438/14
f 435/435/5 438/438/5 434/434/5
f 435/435/5 434/434/5 433/433/5
f 438/438/167 437/437/167 431/431/167
f 438/438/178 431/431/178 434/434/178
f 437/437/3 436/436/3 432/432/3
f 437/437/3 432/432/3 431/431/3
f 436/436/179 435/435/179 433/433/179
f 436/436/1 433/433/1 432/432/1
f 439/439/9 440/440/9 441/441/9
f 439/439/9 441/441/9 442/442/9
f 443/443/14 444/444/14 445/445/14
f 443/443/14 445/445/14 446/446/14
f 443/443/5 446/446/5 442/442/5
f 443/443/5 442/442/5 441/441/5
f 446/446/22 445/445/22 439/439/22
f 446/446/180 439/439/180 442/442/180
f 445/445/3 444/444/3 440/440/3
f 445/445/3 440/440/3 439/439/3
f 444/444/181 443/443/181 441/441/181
f 444/444/165 441/441/165 440/440/165
f 447/447/9 448/448/9 449/449/9
f 447/447/9 449/449/9 450/450/9
f 451/451/9 452/452/9 453/453/9
f 451/451/9 453/453/9 454/454/9
f 451/451/9 454/454/9 455/455/9
f 451/451/9 455/455/9 456/456/9
f 451/451/9 456/456/9 457/457/9
f 451/451/9 457/457/9 449/449/9
f 451/451/9 449/449/9 448/448/9
f 451/451/9 448/448/9 458/458/9
f 451/451/9 458/458/9 459/459/9
f 451/451/9 459/459/9 460/460/9
f 451/451/9 460/460/9 461/461/9
f 451/451/9 461/461/9 462/462/9
f 463/463/21 453/453/21 452/452/21
f 463/463/134 452/452/134 464/464/134
f 464/464/8 465/465/8 466/466/8
f 464/464/8 466/466/8 467/467/8
f 464/464/8 467/467/8 468/468/8
f 464/464/8 468/468/8 469/469/8
f 464/464/8 469/469/8 470/470/8
f 464/464/8 470/470/8 447/447/8
f 464/464/8 447/447/8 450/450/8
f 464/464/8 450/450/8 471/471/8
f 464/464/8 471/471/8 472/472/8
f 464/464/8 472/472/8 473/473/8
f 464/464/8 473/473/8 474/474/8
f 464/464/8 474/474/8 463/463/8
f 462/462/11 466/466/11 465/465/11
f 462/462/9 465/465/9 451/451/9
f 473/473/9 455/455/9 454/454/9
f 473/473/9 454/454/9 474/474/9
f 471/471/9 457/457/9 456/456/9
f 471/471/9 456/456/9 472/472/9
f 460/460/9 468/468/9 467/467/9
f 460/460/9 467/467/9 461/461/9
f 458/458/9 470/470/9 469/469/9
f 458/458/9 469/469/9 459/459/9
f 475/475/14 476/476/14 477/477/14
f 475/475/14 477/477/14 478/478/14
f 479/479/14 480/480/14 481/481/14
f 479/479/14 481/481/14 482/482/14
f 481/481/14 483/483/14 484/484/14
f 481/481/14 484/484/14 485/485/14
f 481/481/14 485/485/14 486/486/14
f 481/481/14 486/486/14 487/487/14
f 481/481/14 487/487/14 476/476/14
f 481/481/14 476/476/14 475/475/14
f 481/481/14 475/475/14 488/488/14
f 481/481/14 488/488/14 489/489/14
f 481/481/14 489/489/14 490/490/14
f 481/481/14 490/490/14 482/482/14
f 480/480/182 479/479/182 491/491/182
f 480/480/14 491/491/14 492/492/14
f 493/493/14 494/494/14 492/492/14
f 493/493/14 492/492/14 495/495/14
f 492/492/14 491/491/14 496/496/14
f 492/492/14 496/496/14 497/497/14
f 492/492/14 497/497/14 498/498/14
f 492/492/14 498/498/14 499/499/14
f 492/492/14 499/499/14 478/478/14
f 492/492/14 478/478/14 477/477/14
f 492/492/14 477/477/14 500/500/14
f 492/492/14 500/500/14 501/501/14
f 492/492/14 501/501/14 502/502/14
f 492/492/14 502/502/14 495/495/14
f 494/494/14 493/493/14 483/483/14
f 494/494/15 483/483/15 481/481/15
f 482/482/14 490/490/14 497/497/14
f 482/482/14 497/497/14 496/496/14
f 489/489/14 488/488/14 499/499/14
f 489/489/14 499/499/14 498/498/14
f 495/495/14 502/502/14 485/485/14
f 495/495/14 485/485/14 484/484/14
f 501/501/14 500/500/14 487/487/14
f 501/501/4 487/487/4 486/486/4
f 475/475/5 478/478/5 450/450/5
f 475/475/5 450/450/5 449/449/5
f 477/477/3 476/476/3 448/448/3
f 477/477/3 448/448/3 447/447/3
f 481/481/23 480/480/23 452/452/23
f 481/481/23 452/452/23 451/451/23
f 479/479/22 482/482/22 454/454/22
f 479/479/2 454/454/2 453/453/2
f 490/490/2 489/489/2 456/456/2
f 490/490/2 456/456/2 455/455/2
f 488/488/22 475/475/22 449/449/22
f 488/488/2 449/449/2 457/457/2
f 476/476/22 487/487/22 458/458/22
f 476/476/2 458/458/2 448/448/2
f 486/486/2 485/485/2 460/460/2
f 486/486/22 460/460/22 459/459/22
f 484/484/22 483/483/22 462/462/22
f 484/484/2 462/462/2 461/461/2
f 480/480/5 492/492/5 464/464/5
f 480/480/5 464/464/5 452/452/5
f 491/491/3 479/479/3 453/453/3
f 491/491/3 453/453/3 463/463/3
f 492/492/22 494/494/22 465/465/22
f 492/492/22 465/465/22 464/464/22
f 493/493/23 495/495/23 467/467/23
f 493/493/1 467/467/1 466/466/1
f 502/502/1 501/501/1 469/469/1
f 502/502/23 469/469/23 468/468/23
f 500/500/23 477/477/23 447/447/23
f 500/500/1 447/447/1 470/470/1
f 478/478/1 499/499/1 471/471/1
f 478/478/23 471/471/23 450/450/23
f 498/498/23 497/497/23 473/473/23
f 498/498/1 473/473/1 472/472/1
f 496/496/1 491/491/1 463/463/1
f 496/496/23 463/463/23 474/474/23
f 494/494/3 481/481/3 451/451/3
f 494/494/3 451/451/3 465/465/3
f 483/483/5 493/493/5 466/466/5
f 483/483/5 466/466/5 462/462/5
f 482/482/5 496/496/5 474/474/5
f 482/482/5 474/474/5 454/454/5
f 497/497/3 490/490/3 455/455/3
f 497/497/3 455/455/3 473/473/3
f 489/489/5 498/498/5 472/472/5
f 489/489/5 472/472/5 456/456/5
f 499/499/3 488/488/3 457/457/3
f 499/499/3 457/457/3 471/471/3
f 495/495/3 484/484/3 461/461/3
f 495/495/3 461/461/3 467/467/3
f 485/485/5 502/502/5 468/468/5
f 485/485/5 468/468/5 460/460/5
f 501/501/3 486/486/3 459/459/3
f 501/501/3 459/459/3 469/469/3
f 487/487/5 500/500/5 470/470/5
f 487/487/5 470/470/5 458/458/5
f 503/503/183 504/504/183 243/243/183
f 503/503/184 243/243/184 242/242/184
f 505/505/185 503/503/185 242/242/185
f 505/505/186 242/242/186 250/250/186
f 506/506/183 505/505/183 250/250/183
f 506/506/183 250/250/183 247/247/183
f 504/504/9 506/506/9 247/247/9
f 504/504/144 247/247/144 243/243/144
f 507/507/4 508/508/4 509/509/4
f 507/507/4 509/509/4 510/510/4
f 510/510/14 509/509/14 511/511/14
f 510/510/187 511/511/187 512/512/187
f 512/512/4 511/511/4 513/513/4
f 512/512/4 513/513/4 514/514/4
f 514/514/188 513/513/188 508/508/188
f 514/514/141 508/508/141 507/507/141
f 507/507/1 510/510/1 242/242/1
f 507/507/23 242/242/23 243/243/23
f 509/509/2 508/508/2 504/504/2
f 509/509/2 504/504/2 503/503/2
f 510/510/5 512/512/5 250/250/5
f 510/510/5 250/250/5 242/242/5
f 511/511/3 509/509/3 503/503/3
f 511/511/3 503/503/3 505/505/3
f 512/512/22 514/514/22 247/247/22
f 512/512/2 247/247/2 250/250/2
f 513/513/1 511/511/1 505/505/1
f 513/513/23 505/505/23 506/506/23
f 514/514/3 507/507/3 243/243/3
f 514/514/3 243/243/3 247/247/3
f 508/508/5 513/513/5 506/506/5
f 508/508/5 506/506/5 504/504/5
f 515/515/9 516/516/9 517/517/9
f 515/515/9 517/517/9 518/518/9
f 519/519/9 520/520/9 521/521/9
f 519/519/9 521/521/9 522/522/9
f 523/523/9 524/524/9 525/525/9
f 523/523/9 525/525/9 526/526/9
f 527/527/9 528/528/9 529/529/9
f 527/527/9 529/529/9 530/530/9
f 531/531/9 532/532/9 533/533/9
f 531/531/9 533/533/9 534/534/9
f 535/535/9 536/536/9 537/537/9
f 535/535/9 537/537/9 538/538/9
f 539/539/14 540/540/14 541/541/14
f 539/539/14 541/541/14 542/542/14
f 543/543/14 544/544/14 545/545/14
f 543/543/14 545/545/14 546/546/14
f 547/547/14 548/548/14 549/549/14
f 547/547/14 549/549/14 550/550/14
f 551/551/14 552/552/14 553/553/14
f 551/551/14 553/553/14 554/554/14
f 555/555/14 556/556/14 557/557/14
f 555/555/14 557/557/14 558/558/14
f 559/559/14 560/560/14 561/561/14
f 559/559/14 561/561/14 562/562/14
f 539/539/5 542/542/5 518/518/5
f 539/539/5 518/518/5 517/517/5
f 542/542/177 541/541/177 515/515/177
f 542/542/158 515/515/158 518/518/158
f 541/541/3 540/540/3 516/516/3
f 541/541/3 516/516/3 515/515/3
f 540/540/189 539/539/189 517/517/189
f 540/540/190 517/517/190 516/516/190
f 543/543/5 546/546/5 522/522/5
f 543/543/5 522/522/5 521/521/5
f 546/546/177 545/545/177 519/519/177
f 546/546/191 519/519/191 522/522/191
f 545/545/3 544/544/3 520/520/3
f 545/545/3 520/520/3 519/519/3
f 544/544/161 543/543/161 521/521/161
f 544/544/190 521/521/190 520/520/190
f 547/547/5 550/550/5 526/526/5
f 547/547/5 526/526/5 525/525/5
f 550/550/177 549/549/177 523/523/177
f 550/550/158 523/523/158 526/526/158
f 549/549/3 548/548/3 524/524/3
f 549/549/3 524/524/3 523/523/3
f 548/548/189 547/547/189 525/525/189
f 548/548/190 525/525/190 524/524/190
f 551/551/3 554/554/3 530/530/3
f 551/551/3 530/530/3 529/529/3
f 554/554/189 553/553/189 527/527/189
f 554/554/190 527/527/190 530/530/190
f 553/553/5 552/552/5 528/528/5
f 553/553/5 528/528/5 527/527/5
f 552/552/177 551/551/177 529/529/177
f 552/552/192 529/529/192 528/528/192
f 555/555/3 558/558/3 534/534/3
f 555/555/3 534/534/3 533/533/3
f 558/558/176 557/557/176 531/531/176
f 558/558/190 531/531/190 534/534/190
f 557/557/5 556/556/5 532/532/5
f 557/557/5 532/532/5 531/531/5
f 556/556/177 555/555/177 533/533/177
f 556/556/192 533/533/192 532/532/192
f 559/559/3 562/562/3 538/538/3
f 559/559/3 538/538/3 537/537/3
f 562/562/189 561/561/189 535/535/189
f 562/562/190 535/535/190 538/538/190
f 561/561/5 560/560/5 536/536/5
f 561/561/5 536/536/5 535/535/5
f 560/560/177 559/559/177 537/537/177
f 560/560/192 537/537/192 536/536/192
f 563/563/193 564/564/193 565/565/193
f 563/563/8 565/565/8 566/566/8
f 564/564/8 567/567/8 568/568/8
f 564/564/8 568/568/8 565/565/8
f 567/567/194 569/569/194 570/570/194
f 567/567/8 570/570/8 568/568/8
f 569/569/8 563/563/8 566/566/8
f 569/569/8 566/566/8 570/570/8
f 566/566/5 565/565/5 571/571/5
f 566/566/5 571/571/5 572/572/5
f 565/565/2 568/568/2 573/573/2
f 565/565/2 573/573/2 571/571/2
f 568/568/3 570/570/3 574/574/3
f 568/568/3 574/574/3 573/573/3
f 566/566/176 572/572/176 574/574/176
f 566/566/23 574/574/23 570/570/23
f 575/575/162 576/576/162 577/577/162
f 575/575/159 577/577/159 578/578/159
f 571/571/9 573/573/9 576/576/9
f 571/571/9 576/576/9 575/575/9
f 573/573/3 574/574/3 577/577/3
f 573/573/3 577/577/3 576/576/3
f 574/574/14 572/572/14 578/578/14
f 574/574/14 578/578/14 577/577/14
f 572/572/5 571/571/5 575/575/5
f 572/572/5 575/575/5 578/578/5
f 579/579/155 580/580/155 581/581/155
f 579/579/195 581/581/195 582/582/195
f 582/582/14 581/581/14 583/583/14
f 582/582/4 583/583/4 584/584/4
f 584/584/196 583/583/196 585/585/196
f 584/584/7 585/585/7 586/586/7
f 586/586/14 585/585/14 580/580/14
f 586/586/4 580/580/4 579/579/4
f 580/580/5 587/587/5 588/588/5
f 580/580/5 588/588/5 581/581/5
f 581/581/160 588/588/160 589/589/160
f 581/581/22 589/589/22 583/583/22
f 583/583/3 589/589/3 590/590/3
f 583/583/3 590/590/3 585/585/3
f 580/580/23 585/585/23 590/590/23
f 580/580/23 590/590/23 587/587/23
f 591/591/161 592/592/161 593/593/161
f 591/591/162 593/593/162 594/594/162
f 588/588/14 591/591/14 594/594/14
f 588/588/14 594/594/14 589/589/14
f 589/589/3 594/594/3 593/593/3
f 589/589/3 593/593/3 590/590/3
f 590/590/8 593/593/8 592/592/8
f 590/590/8 592/592/8 587/587/8
f 587/587/5 592/592/5 591/591/5
f 587/587/5 591/591/5 588/588/5
f 582/582/5 564/564/5 563/563/5
f 582/582/5 563/563/5 579/579/5
f 584/584/2 567/567/2 564/564/2
f 584/584/2 564/564/2 582/582/2
f 586/586/3 569/569/3 567/567/3
f 586/586/3 567/567/3 584/584/3
f 579/579/197 563/563/197 569/569/197
f 579/579/159 569/569/159 586/586/159
f 595/595/1 596/596/1 597/597/1
f 595/595/1 597/597/1 598/598/1
f 599/599/1 600/600/1 601/601/1
f 599/599/189 601/601/189 602/602/189
f 599/599/190 602/602/190 603/603/190
f 599/599/1 603/603/1 604/604/1
f 599/599/1 604/604/1 605/605/1
f 599/599/23 605/605/23 597/597/23
f 599/599/1 597/597/1 596/596/1
f 599/599/1 596/596/1 606/606/1
f 599/599/23 606/606/23 607/607/23
f 599/599/1 607/607/1 608/608/1
f 599/599/1 608/608/1 609/609/1
f 599/599/1 609/609/1 610/610/1
f 611/611/1 601/601/1 600/600/1
f 611/611/1 600/600/1 612/612/1
f 612/612/1 613/613/1 614/614/1
f 612/612/165 614/614/165 615/615/165
f 612/612/159 615/615/159 616/616/159
f 612/612/23 616/616/23 617/617/23
f 612/612/1 617/617/1 618/618/1
f 612/612/1 618/618/1 595/595/1
f 612/612/1 595/595/1 598/598/1
f 612/612/1 598/598/1 619/619/1
f 612/612/23 619/619/23 620/620/23
f 612/612/23 620/620/23 621/621/23
f 612/612/1 621/621/1 622/622/1
f 612/612/23 622/622/23 611/611/23
f 610/610/1 614/614/1 613/613/1
f 610/610/1 613/613/1 599/599/1
f 621/621/1 603/603/1 602/602/1
f 621/621/1 602/602/1 622/622/1
f 619/619/1 605/605/1 604/604/1
f 619/619/1 604/604/1 620/620/1
f 608/608/1 616/616/1 615/615/1
f 608/608/1 615/615/1 609/609/1
f 606/606/1 618/618/1 617/617/1
f 606/606/1 617/617/1 607/607/1
f 623/623/2 624/624/2 625/625/2
f 623/623/2 625/625/2 626/626/2
f 627/627/22 628/628/22 629/629/22
f 627/627/198 629/629/198 630/630/198
f 629/629/22 631/631/22 632/632/22
f 629/629/2 632/632/2 633/633/2
f 629/629/2 633/633/2 634/634/2
f 629/629/2 634/634/2 635/635/2
f 629/629/2 635/635/2 624/624/2
f 629/629/2 624/624/2 623/623/2
f 629/629/22 623/623/22 636/636/22
f 629/629/2 636/636/2 637/637/2
f 629/629/160 637/637/160 638/638/160
f 629/629/22 638/638/22 630/630/22
f 628/628/2 627/627/2 639/639/2
f 628/628/2 639/639/2 640/640/2
f 641/641/2 642/642/2 640/640/2
f 641/641/2 640/640/2 643/643/2
f 640/640/2 639/639/2 644/644/2
f 640/640/2 644/644/2 645/645/2
f 640/640/160 645/645/160 646/646/160
f 640/640/22 646/646/22 647/647/22
f 640/640/2 647/647/2 626/626/2
f 640/640/2 626/626/2 625/625/2
f 640/640/22 625/625/22 648/648/22
f 640/640/2 648/648/2 649/649/2
f 640/640/158 649/649/158 650/650/158
f 640/640/158 650/650/158 643/643/158
f 642/642/199 641/641/199 631/631/199
f 642/642/2 631/631/2 629/629/2
f 630/630/2 638/638/2 645/645/2
f 630/630/2 645/645/2 644/644/2
f 637/637/2 636/636/2 647/647/2
f 637/637/2 647/647/2 646/646/2
f 643/643/2 650/650/2 633/633/2
f 643/643/2 633/633/2 632/632/2
f 649/649/2 648/648/2 635/635/2
f 649/649/2 635/635/2 634/634/2
f 623/623/5 626/626/5 598/598/5
f 623/623/5 598/598/5 597/597/5
f 625/625/3 624/624/3 596/596/3
f 625/625/3 596/596/3 595/595/3
f 629/629/155 628/628/155 600/600/155
f 629/629/147 600/600/147 599/599/147
f 627/627/200 630/630/200 602/602/200
f 627/627/200 602/602/200 601/601/200
f 638/638/200 637/637/200 604/604/200
f 638/638/200 604/604/200 603/603/200
f 636/636/200 623/623/200 597/597/200
f 636/636/200 597/597/200 605/605/200
f 624/624/200 635/635/200 606/606/200
f 624/624/200 606/606/200 596/596/200
f 634/634/200 633/633/200 608/608/200
f 634/634/200 608/608/200 607/607/200
f 632/632/200 631/631/200 610/610/200
f 632/632/200 610/610/200 609/609/200
f 628/628/5 640/640/5 612/612/5
f 628/628/5 612/612/5 600/600/5
f 639/639/3 627/627/3 601/601/3
f 639/639/3 601/601/3 611/611/3
f 640/640/151 642/642/151 613/613/151
f 640/640/151 613/613/151 612/612/151
f 641/641/201 643/643/201 615/615/201
f 641/641/201 615/615/201 614/614/201
f 650/650/201 649/649/201 617/617/201
f 650/650/201 617/617/201 616/616/201
f 648/648/201 625/625/201 595/595/201
f 648/648/201 595/595/201 618/618/201
f 626/626/201 647/647/201 619/619/201
f 626/626/201 619/619/201 598/598/201
f 646/646/201 645/645/201 621/621/201
f 646/646/201 621/621/201 620/620/201
f 644/644/201 639/639/201 611/611/201
f 644/644/201 611/611/201 622/622/201
f 642/642/3 629/629/3 599/599/3
f 642/642/3 599/599/3 613/613/3
f 631/631/5 641/641/5 614/614/5
f 631/631/5 614/614/5 610/610/5
f 630/630/5 644/644/5 622/622/5
f 630/630/5 622/622/5 602/602/5
f 645/645/3 638/638/3 603/603/3
f 645/645/3 603/603/3 621/621/3
f 637/637/5 646/646/5 620/620/5
f 637/637/5 620/620/5 604/604/5
f 647/647/3 636/636/3 605/605/3
f 647/647/3 605/605/3 619/619/3
f 643/643/3 632/632/3 609/609/3
f 643/643/3 609/609/3 615/615/3
f 633/633/5 650/650/5 616/616/5
f 633/633/5 616/616/5 608/608/5
f 649/649/3 634/634/3 607/607/3
f 649/649/3 607/607/3 617/617/3
f 635/635/5 648/648/5 618/618/5
f 635/635/5 618/618/5 606/606/5
f 651/651/1 652/652/1 653/653/1
f 651/651/23 653/653/23 654/654/23
f 655/655/202 651/651/202 654/654/202
f 655/655/203 654/654/203 656/656/203
f 657/657/23 655/655/23 656/656/23
f 657/657/1 656/656/1 658/658/1
f 652/652/1 657/657/1 658/658/1
f 652/652/98 658/658/98 653/653/98
f 659/659/2 660/660/2 661/661/2
f 659/659/22 661/661/22 662/662/22
f 662/662/204 661/661/204 663/663/204
f 662/662/205 663/663/205 664/664/205
f 664/664/22 663/663/22 665/665/22
f 664/664/22 665/665/22 666/666/22
f 666/666/136 665/665/136 660/660/136
f 666/666/2 660/660/2 659/659/2
f 659/659/7 662/662/7 654/654/7
f 659/659/7 654/654/7 653/653/7
f 661/661/6 660/660/6 652/652/6
f 661/661/6 652/652/6 651/651/6
f 662/662/5 664/664/5 656/656/5
f 662/662/5 656/656/5 654/654/5
f 663/663/3 661/661/3 651/651/3
f 663/663/3 651/651/3 655/655/3
f 664/664/8 666/666/8 658/658/8
f 664/664/8 658/658/8 656/656/8
f 665/665/4 663/663/4 655/655/4
f 665/665/4 655/655/4 657/657/4
f 666/666/3 659/659/3 653/653/3
f 666/666/3 653/653/3 658/658/3
f 660/660/5 665/665/5 657/657/5
f 660/660/5 657/657/5 652/652/5
f 667/667/1 668/668/1 669/669/1
f 667/667/1 669/669/1 670/670/1
f 671/671/1 672/672/1 673/673/1
f 671/671/1 673/673/1 674/674/1
f 675/675/1 676/676/1 677/677/1
f 675/675/1 677/677/1 678/678/1
f 679/679/1 680/680/1 681/681/1
f 679/679/1 681/681/1 682/682/1
f 683/683/1 684/684/1 685/685/1
f 683/683/1 685/685/1 686/686/1
f 687/687/1 688/688/1 689/689/1
f 687/687/1 689/689/1 690/690/1
f 691/691/2 692/692/2 693/693/2
f 691/691/2 693/693/2 694/694/2
f 695/695/2 696/696/2 697/697/2
f 695/695/2 697/697/2 698/698/2
f 699/699/2 700/700/2 701/701/2
f 699/699/2 701/701/2 702/702/2
f 703/703/2 704/704/2 705/705/2
f 703/703/2 705/705/2 706/706/2
f 707/707/2 708/708/2 709/709/2
f 707/707/2 709/709/2 710/710/2
f 711/711/2 712/712/2 713/713/2
f 711/711/2 713/713/2 714/714/2
f 691/691/5 694/694/5 670/670/5
f 691/691/5 670/670/5 669/669/5
f 694/694/206 693/693/206 667/667/206
f 694/694/207 667/667/207 670/670/207
f 693/693/3 692/692/3 668/668/3
f 693/693/3 668/668/3 667/667/3
f 692/692/208 691/691/208 669/669/208
f 692/692/208 669/669/208 668/668/208
f 695/695/5 698/698/5 674/674/5
f 695/695/5 674/674/5 673/673/5
f 698/698/206 697/697/206 671/671/206
f 698/698/206 671/671/206 674/674/206
f 697/697/3 696/696/3 672/672/3
f 697/697/3 672/672/3 671/671/3
f 696/696/208 695/695/208 673/673/208
f 696/696/208 673/673/208 672/672/208
f 699/699/5 702/702/5 678/678/5
f 699/699/5 678/678/5 677/677/5
f 702/702/206 701/701/206 675/675/206
f 702/702/206 675/675/206 678/678/206
f 701/701/3 700/700/3 676/676/3
f 701/701/3 676/676/3 675/675/3
f 700/700/209 699/699/209 677/677/209
f 700/700/208 677/677/208 676/676/208
f 703/703/3 706/706/3 682/682/3
f 703/703/3 682/682/3 681/681/3
f 706/706/208 705/705/208 679/679/208
f 706/706/208 679/679/208 682/682/208
f 705/705/5 704/704/5 680/680/5
f 705/705/5 680/680/5 679/679/5
f 704/704/206 703/703/206 681/681/206
f 704/704/206 681/681/206 680/680/206
f 707/707/3 710/710/3 686/686/3
f 707/707/3 686/686/3 685/685/3
f 710/710/209 709/709/209 683/683/209
f 710/710/208 683/683/208 686/686/208
f 709/709/5 708/708/5 684/684/5
f 709/709/5 684/684/5 683/683/5
f 708/708/206 707/707/206 685/685/206
f 708/708/206 685/685/206 684/684/206
f 711/711/3 714/714/3 690/690/3
f 711/711/3 690/690/3 689/689/3
f 714/714/208 713/713/208 687/687/208
f 714/714/208 687/687/208 690/690/208
f 713/713/5 712/712/5 688/688/5
f 713/713/5 688/688/5 687/687/5
f 712/712/206 711/711/206 689/689/206
f 712/712/206 689/689/206 688/688/206
f 715/715/210 716/716/210 717/717/210
f 715/715/211 717/717/211 718/718/211
f 716/716/23 719/719/23 720/720/23
f 716/716/23 720/720/23 717/717/23
f 719/719/212 721/721/212 722/722/212
f 719/719/23 722/722/23 720/720/23
f 721/721/23 715/715/23 718/718/23
f 721/721/23 718/718/23 722/722/23
f 718/718/5 717/717/5 723/723/5
f 718/718/5 723/723/5 724/724/5
f 717/717/8 720/720/8 725/725/8
f 717/717/8 725/725/8 723/723/8
f 720/720/3 722/722/3 726/726/3
f 720/720/3 726/726/3 725/725/3
f 718/718/213 724/724/213 726/726/213
f 718/718/213 726/726/213 722/722/213
f 727/727/214 728/728/214 729/729/214
f 727/727/214 729/729/214 730/730/214
f 723/723/23 725/725/23 728/728/23
f 723/723/1 728/728/1 727/727/1
f 725/725/3 726/726/3 729/729/3
f 725/725/3 729/729/3 728/728/3
f 726/726/2 724/724/2 730/730/2
f 726/726/2 730/730/2 729/729/2
f 724/724/5 723/723/5 727/727/5
f 724/724/5 727/727/5 730/730/5
f 731/731/22 732/732/22 733/733/22
f 731/731/205 733/733/205 734/734/205
f 734/734/158 733/733/158 735/735/158
f 734/734/2 735/735/2 736/736/2
f 736/736/215 735/735/215 737/737/215
f 736/736/216 737/737/216 738/738/216
f 738/738/217 737/737/217 732/732/217
f 738/738/22 732/732/22 731/731/22
f 732/732/5 739/739/5 740/740/5
f 732/732/5 740/740/5 733/733/5
f 733/733/9 740/740/9 741/741/9
f 733/733/9 741/741/9 735/735/9
f 735/735/3 741/741/3 742/742/3
f 735/735/3 742/742/3 737/737/3
f 732/732/218 737/737/218 742/742/218
f 732/732/219 742/742/219 739/739/219
f 743/743/214 744/744/214 745/745/214
f 743/743/214 745/745/214 746/746/214
f 740/740/2 743/743/2 746/746/2
f 740/740/2 746/746/2 741/741/2
f 741/741/3 746/746/3 745/745/3
f 741/741/3 745/745/3 742/742/3
f 742/742/23 745/745/23 744/744/23
f 742/742/1 744/744/1 739/739/1
f 739/739/5 744/744/5 743/743/5
f 739/739/5 743/743/5 740/740/5
f 734/734/5 716/716/5 715/715/5
f 734/734/5 715/715/5 731/731/5
f 736/736/183 719/719/183 716/716/183
f 736/736/183 716/716/183 734/734/183
f 738/738/3 721/721/3 719/719/3
f 738/738/3 719/719/3 736/736/3
f 731/731/220 715/715/220 721/721/220
f 731/731/221 721/721/221 738/738/221
f 747/747/23 748/748/23 749/749/23
f 747/747/176 749/749/176 750/750/176
f 751/751/222 747/747/222 750/750/222
f 751/751/223 750/750/223 752/752/223
f 753/753/161 751/751/161 752/752/161
f 753/753/23 752/752/23 754/754/23
f 748/748/1 753/753/1 754/754/1
f 748/748/1 754/754/1 749/749/1
f 302/302/22 755/755/22 756/756/22
f 302/302/22 756/756/22 301/301/22
f 301/301/199 756/756/199 757/757/199
f 301/301/136 757/757/136 297/297/136
f 297/297/158 757/757/158 758/758/158
f 297/297/2 758/758/2 298/298/2
f 298/298/205 758/758/205 755/755/205
f 298/298/224 755/755/224 302/302/224
f 759/759/159 760/760/159 761/761/159
f 759/759/1 761/761/1 762/762/1
f 763/763/98 759/759/98 762/762/98
f 763/763/212 762/762/212 764/764/212
f 765/765/159 763/763/159 764/764/159
f 765/765/1 764/764/1 766/766/1
f 760/760/223 765/765/223 766/766/223
f 760/760/222 766/766/222 761/761/222
f 767/767/2 768/768/2 769/769/2
f 767/767/2 769/769/2 770/770/2
f 770/770/2 769/769/2 771/771/2
f 770/770/2 771/771/2 772/772/2
f 772/772/2 771/771/2 773/773/2
f 772/772/2 773/773/2 774/774/2
f 774/774/199 773/773/199 768/768/199
f 774/774/136 768/768/136 767/767/136
f 775/775/162 776/776/162 777/777/162
f 775/775/159 777/777/159 767/767/159
f 778/778/1 775/775/1 767/767/1
f 778/778/1 767/767/1 774/774/1
f 779/779/1 778/778/1 774/774/1
f 779/779/159 774/774/159 780/780/159
f 776/776/212 779/779/212 780/780/212
f 776/776/98 780/780/98 777/777/98
f 781/781/2 782/782/2 783/783/2
f 781/781/22 783/783/22 784/784/22
f 784/784/224 783/783/224 785/785/224
f 784/784/205 785/785/205 786/786/205
f 786/786/2 785/785/2 787/787/2
f 786/786/2 787/787/2 788/788/2
f 788/788/2 787/787/2 782/782/2
f 788/788/2 782/782/2 781/781/2
f 302/302/4 301/301/4 750/750/4
f 302/302/4 750/750/4 749/749/4
f 756/756/8 755/755/8 748/748/8
f 756/756/8 748/748/8 747/747/8
f 301/301/5 297/297/5 752/752/5
f 301/301/5 752/752/5 750/750/5
f 757/757/3 756/756/3 747/747/3
f 757/757/3 747/747/3 751/751/3
f 297/297/8 298/298/8 754/754/8
f 297/297/8 754/754/8 752/752/8
f 758/758/4 757/757/4 751/751/4
f 758/758/4 751/751/4 753/753/4
f 298/298/3 302/302/3 749/749/3
f 298/298/3 749/749/3 754/754/3
f 755/755/5 758/758/5 753/753/5
f 755/755/5 753/753/5 748/748/5
f 767/767/147 770/770/147 762/762/147
f 767/767/147 762/762/147 761/761/147
f 769/769/151 768/768/151 760/760/151
f 769/769/151 760/760/151 759/759/151
f 770/770/5 772/772/5 764/764/5
f 770/770/5 764/764/5 762/762/5
f 771/771/3 769/769/3 759/759/3
f 771/771/3 759/759/3 763/763/3
f 772/772/151 774/774/151 766/766/151
f 772/772/151 766/766/151 764/764/151
f 773/773/147 771/771/147 763/763/147
f 773/773/155 763/763/155 765/765/155
f 774/774/3 767/767/3 761/761/3
f 774/774/3 761/761/3 766/766/3
f 768/768/5 773/773/5 765/765/5
f 768/768/5 765/765/5 760/760/5
f 781/781/201 784/784/201 767/767/201
f 781/781/201 767/767/201 777/777/201
f 783/783/200 782/782/200 776/776/200
f 783/783/200 776/776/200 775/775/200
f 784/784/5 786/786/5 774/774/5
f 784/784/5 774/774/5 767/767/5
f 785/785/3 783/783/3 775/775/3
f 785/785/3 775/775/3 778/778/3
f 786/786/200 788/788/200 780/780/200
f 786/786/200 780/780/200 774/774/200
f 787/787/201 785/785/201 778/778/201
f 787/787/201 778/778/201 779/779/201
f 788/788/3 781/781/3 777/777/3
f 788/788/3 777/777/3 780/780/3
f 782/782/5 787/787/5 779/779/5
f 782/782/5 779/779/5 776/776/5
f 789/789/1 790/790/1 791/791/1
f 789/789/1 791/791/1 792/792/1
f 793/793/2 794/794/2 795/795/2
f 793/793/2 795/795/2 796/796/2
f 793/793/5 796/796/5 792/792/5
f 793/793/5 792/792/5 791/791/5
f 796/796/207 795/795/207 789/789/207
f 796/796/207 789/789/207 792/792/207
f 795/795/3 794/794/3 790/790/3
f 795/795/3 790/790/3 789/789/3
f 794/794/209 793/793/209 791/791/209
f 794/794/209 791/791/209 790/790/209
f 797/797/1 798/798/1 799/799/1
f 797/797/1 799/799/1 800/800/1
f 801/801/2 802/802/2 803/803/2
f 801/801/2 803/803/2 804/804/2
f 801/801/5 804/804/5 800/800/5
f 801/801/5 800/800/5 799/799/5
f 804/804/225 803/803/225 797/797/225
f 804/804/225 797/797/225 800/800/225
f 803/803/3 802/802/3 798/798/3
f 803/803/3 798/798/3 797/797/3
f 802/802/226 801/801/226 799/799/226
f 802/802/226 799/799/226 798/798/226
f 805/805/227 806/806/227 807/807/227
f 805/805/9 807/807/9 808/808/9
f 809/809/151 805/805/151 808/808/151
f 809/809/151 808/808/151 317/317/151
f 810/810/228 809/809/228 317/317/228
f 810/810/150 317/317/150 313/313/150
f 806/806/200 810/810/200 313/313/200
f 806/806/200 313/313/200 807/807/200
f 811/811/229 812/812/229 813/813/229
f 811/811/230 813/813/230 814/814/230
f 814/814/155 813/813/155 815/815/155
f 814/814/147 815/815/147 309/309/147
f 309/309/231 815/815/231 816/816/231
f 309/309/149 816/816/149 307/307/149
f 307/307/201 816/816/201 812/812/201
f 307/307/201 812/812/201 811/811/201
f 817/817/232 818/818/232 819/819/232
f 817/817/233 819/819/233 820/820/233
f 821/821/152 817/817/152 820/820/152
f 821/821/151 820/820/151 822/822/151
f 823/823/234 821/821/234 822/822/234
f 823/823/235 822/822/235 824/824/235
f 818/818/151 823/823/151 824/824/151
f 818/818/151 824/824/151 819/819/151
f 825/825/171 826/826/171 827/827/171
f 825/825/148 827/827/148 828/828/148
f 828/828/147 827/827/147 829/829/147
f 828/828/147 829/829/147 830/830/147
f 830/830/236 829/829/236 831/831/236
f 830/830/237 831/831/237 832/832/237
f 832/832/155 831/831/155 826/826/155
f 832/832/147 826/826/147 825/825/147
f 833/833/9 834/834/9 835/835/9
f 833/833/8 835/835/8 825/825/8
f 836/836/200 833/833/200 825/825/200
f 836/836/200 825/825/200 832/832/200
f 837/837/238 836/836/238 832/832/238
f 837/837/239 832/832/239 838/838/239
f 834/834/200 837/837/200 838/838/200
f 834/834/200 838/838/200 835/835/200
f 839/839/14 840/840/14 841/841/14
f 839/839/171 841/841/171 842/842/171
f 842/842/201 841/841/201 843/843/201
f 842/842/147 843/843/147 844/844/147
f 844/844/240 843/843/240 845/845/240
f 844/844/241 845/845/241 846/846/241
f 846/846/155 845/845/155 840/840/155
f 846/846/147 840/840/147 839/839/147
f 811/811/5 814/814/5 808/808/5
f 811/811/5 808/808/5 807/807/5
f 813/813/3 812/812/3 806/806/3
f 813/813/3 806/806/3 805/805/3
f 814/814/22 309/309/22 317/317/22
f 814/814/22 317/317/22 808/808/22
f 815/815/1 813/813/1 805/805/1
f 815/815/23 805/805/23 809/809/23
f 309/309/3 307/307/3 313/313/3
f 309/309/3 313/313/3 317/317/3
f 816/816/5 815/815/5 809/809/5
f 816/816/5 809/809/5 810/810/5
f 307/307/1 811/811/1 807/807/1
f 307/307/23 807/807/23 313/313/23
f 812/812/2 816/816/2 810/810/2
f 812/812/2 810/810/2 806/806/2
f 825/825/5 828/828/5 820/820/5
f 825/825/5 820/820/5 819/819/5
f 827/827/3 826/826/3 818/818/3
f 827/827/3 818/818/3 817/817/3
f 828/828/177 830/830/177 822/822/177
f 828/828/158 822/822/158 820/820/158
f 829/829/23 827/827/23 817/817/23
f 829/829/23 817/817/23 821/821/23
f 830/830/3 832/832/3 824/824/3
f 830/830/3 824/824/3 822/822/3
f 831/831/5 829/829/5 821/821/5
f 831/831/5 821/821/5 823/823/5
f 832/832/165 825/825/165 819/819/165
f 832/832/1 819/819/1 824/824/1
f 826/826/22 831/831/22 823/823/22
f 826/826/177 823/823/177 818/818/177
f 839/839/5 842/842/5 825/825/5
f 839/839/5 825/825/5 835/835/5
f 841/841/3 840/840/3 834/834/3
f 841/841/3 834/834/3 833/833/3
f 842/842/2 844/844/2 832/832/2
f 842/842/2 832/832/2 825/825/2
f 843/843/1 841/841/1 833/833/1
f 843/843/242 833/833/242 836/836/242
f 844/844/3 846/846/3 838/838/3
f 844/844/3 838/838/3 832/832/3
f 845/845/5 843/843/5 836/836/5
f 845/845/5 836/836/5 837/837/5
f 846/846/159 839/839/159 835/835/159
f 846/846/190 835/835/190 838/838/190
f 840/840/2 845/845/2 837/837/2
f 840/840/22 837/837/22 834/834/22
f 847/847/9 848/848/9 849/849/9
f 847/847/9 849/849/9 850/850/9
f 851/851/14 852/852/14 853/853/14
f 851/851/14 853/853/14 854/854/14
f 851/851/243 854/854/243 850/850/243
f 851/851/22 850/850/22 849/849/22
f 854/854/3 853/853/3 847/847/3
f 854/854/3 847/847/3 850/850/3
f 853/853/242 852/852/242 848/848/242
f 853/853/23 848/848/23 847/847/23
f 852/852/5 851/851/5 849/849/5
f 852/852/5 849/849/5 848/848/5
f 855/855/9 856/856/9 857/857/9
f 855/855/9 857/857/9 858/858/9
f 859/859/4 860/860/4 861/861/4
f 859/859/4 861/861/4 862/862/4
f 859/859/22 862/862/22 858/858/22
f 859/859/180 858/858/180 857/857/180
f 862/862/3 861/861/3 855/855/3
f 862/862/3 855/855/3 858/858/3
f 861/861/179 860/860/179 856/856/179
f 861/861/244 856/856/244 855/855/244
f 860/860/5 859/859/5 857/857/5
f 860/860/5 857/857/5 856/856/5
f 863/863/245 864/864/245 865/865/245
f 863/863/246 865/865/246 866/866/246
f 867/867/151 863/863/151 866/866/151
f 867/867/152 866/866/152 314/314/152
f 868/868/247 867/867/247 314/314/247
f 868/868/9 314/314/9 318/318/9
f 864/864/200 868/868/200 318/318/200
f 864/864/200 318/318/200 865/865/200
f 869/869/229 870/870/229 871/871/229
f 869/869/248 871/871/248 872/872/248
f 872/872/155 871/871/155 873/873/155
f 872/872/155 873/873/155 306/306/155
f 306/306/248 873/873/248 874/874/248
f 306/306/249 874/874/249 310/310/249
f 310/310/201 874/874/201 870/870/201
f 310/310/201 870/870/201 869/869/201
f 875/875/21 876/876/21 877/877/21
f 875/875/99 877/877/99 878/878/99
f 879/879/8 875/875/8 878/878/8
f 879/879/8 878/878/8 880/880/8
f 881/881/11 879/879/11 880/880/11
f 881/881/9 880/880/9 882/882/9
f 876/876/8 881/881/8 882/882/8
f 876/876/8 882/882/8 877/877/8
f 883/883/135 884/884/135 885/885/135
f 883/883/19 885/885/19 886/886/19
f 886/886/4 885/885/4 887/887/4
f 886/886/4 887/887/4 888/888/4
f 888/888/14 887/887/14 889/889/14
f 888/888/14 889/889/14 890/890/14
f 890/890/4 889/889/4 884/884/4
f 890/890/4 884/884/4 883/883/4
f 891/891/250 892/892/250 886/886/250
f 891/891/131 886/886/131 893/893/131
f 894/894/6 891/891/6 893/893/6
f 894/894/6 893/893/6 895/895/6
f 896/896/251 894/894/251 895/895/251
f 896/896/99 895/895/99 888/888/99
f 892/892/6 896/896/6 888/888/6
f 892/892/6 888/888/6 886/886/6
f 897/897/14 898/898/14 899/899/14
f 897/897/135 899/899/135 900/900/135
f 900/900/7 899/899/7 901/901/7
f 900/900/7 901/901/7 902/902/7
f 902/902/252 901/901/252 903/903/252
f 902/902/19 903/903/19 904/904/19
f 904/904/4 903/903/4 898/898/4
f 904/904/4 898/898/4 897/897/4
f 905/905/134 906/906/134 900/900/134
f 905/905/131 900/900/131 907/907/131
f 908/908/8 905/905/8 907/907/8
f 908/908/8 907/907/8 909/909/8
f 910/910/11 908/908/11 909/909/11
f 910/910/9 909/909/9 902/902/9
f 906/906/8 910/910/8 902/902/8
f 906/906/8 902/902/8 900/900/8
f 911/911/14 912/912/14 913/913/14
f 911/911/15 913/913/15 914/914/15
f 914/914/4 913/913/4 915/915/4
f 914/914/4 915/915/4 916/916/4
f 916/916/252 915/915/252 917/917/252
f 916/916/14 917/917/14 918/918/14
f 918/918/4 917/917/4 912/912/4
f 918/918/4 912/912/4 911/911/4
f 869/869/5 872/872/5 866/866/5
f 869/869/5 866/866/5 865/865/5
f 871/871/3 870/870/3 864/864/3
f 871/871/3 864/864/3 863/863/3
f 872/872/2 306/306/2 314/314/2
f 872/872/22 314/314/22 866/866/22
f 873/873/1 871/871/1 863/863/1
f 873/873/1 863/863/1 867/867/1
f 306/306/3 310/310/3 318/318/3
f 306/306/3 318/318/3 314/314/3
f 874/874/5 873/873/5 867/867/5
f 874/874/5 867/867/5 868/868/5
f 310/310/1 869/869/1 865/865/1
f 310/310/1 865/865/1 318/318/1
f 870/870/2 874/874/2 868/868/2
f 870/870/2 868/868/2 864/864/2
f 883/883/5 886/886/5 878/878/5
f 883/883/5 878/878/5 877/877/5
f 885/885/3 884/884/3 876/876/3
f 885/885/3 876/876/3 875/875/3
f 886/886/2 888/888/2 880/880/2
f 886/886/2 880/880/2 878/878/2
f 887/887/159 885/885/159 875/875/159
f 887/887/159 875/875/159 879/879/159
f 888/888/3 890/890/3 882/882/3
f 888/888/3 882/882/3 880/880/3
f 889/889/5 887/887/5 879/879/5
f 889/889/5 879/879/5 881/881/5
f 890/890/1 883/883/1 877/877/1
f 890/890/1 877/877/1 882/882/1
f 884/884/22 889/889/22 881/881/22
f 884/884/160 881/881/160 876/876/160
f 897/897/5 900/900/5 893/893/5
f 897/897/5 893/893/5 886/886/5
f 899/899/3 898/898/3 892/892/3
f 899/899/3 892/892/3 891/891/3
f 900/900/22 902/902/22 895/895/22
f 900/900/2 895/895/2 893/893/2
f 901/901/23 899/899/23 891/891/23
f 901/901/23 891/891/23 894/894/23
f 902/902/3 904/904/3 888/888/3
f 902/902/3 888/888/3 895/895/3
f 903/903/5 901/901/5 894/894/5
f 903/903/5 894/894/5 896/896/5
f 904/904/23 897/897/23 886/886/23
f 904/904/23 886/886/23 888/888/23
f 898/898/177 903/903/177 896/896/177
f 898/898/2 896/896/2 892/892/2
f 911/911/5 914/914/5 907/907/5
f 911/911/5 907/907/5 900/900/5
f 913/913/3 912/912/3 906/906/3
f 913/913/3 906/906/3 905/905/3
f 914/914/22 916/916/22 909/909/22
f 914/914/22 909/909/22 907/907/22
f 915/915/23 913/913/23 905/905/23
f 915/915/23 905/905/23 908/908/23
f 916/916/3 918/918/3 902/902/3
f 916/916/3 902/902/3 909/909/3
f 917/917/5 915/915/5 908/908/5
f 917/917/5 908/908/5 910/910/5
f 918/918/23 911/911/23 900/900/23
f 918/918/23 900/900/23 902/902/23
f 912/912/22 917/917/22 910/910/22
f 912/912/22 910/910/22 906/906/22
f 919/919/9 920/920/9 921/921/9
f 919/919/9 921/921/9 922/922/9
f 923/923/14 924/924/14 925/925/14
f 923/923/14 925/925/14 926/926/14
f 923/923/2 926/926/2 922/922/2
f 923/923/192 922/922/192 921/921/192
f 926/926/3 925/925/3 919/919/3
f 926/926/3 919/919/3 922/922/3
f 925/925/1 924/924/1 920/920/1
f 925/925/1 920/920/1 919/919/1
f 924/924/5 923/923/5 921/921/5
f 924/924/5 921/921/5 920/920/5
f 927/927/8 928/928/8 929/929/8
f 927/927/8 929/929/8 930/930/8
f 931/931/14 932/932/14 933/933/14
f 931/931/14 933/933/14 934/934/14
f 931/931/192 934/934/192 930/930/192
f 931/931/192 930/930/192 929/929/192
f 934/934/3 933/933/3 927/927/3
f 934/934/3 927/927/3 930/930/3
f 933/933/242 932/932/242 928/928/242
f 933/933/242 928/928/242 927/927/242
f 932/932/5 931/931/5 929/929/5
f 932/932/5 929/929/5 928/928/5
f 935/935/9 936/936/9 937/937/9
f 935/935/9 937/937/9 938/938/9
f 939/939/4 940/940/4 941/941/4
f 939/939/4 941/941/4 942/942/4
f 939/939/180 942/942/180 938/938/180
f 939/939/253 938/938/253 937/937/253
f 942/942/3 941/941/3 935/935/3
f 942/942/3 935/935/3 938/938/3
f 941/941/1 940/940/1 936/936/1
f 941/941/1 936/936/1 935/935/1
f 940/940/5 939/939/5 937/937/5
f 940/940/5 937/937/5 936/936/5
f 943/943/1 944/944/1 281/281/1
f 943/943/23 281/281/23 282/282/23
f 945/945/98 943/943/98 282/282/98
f 945/945/1 282/282/1 277/277/1
f 946/946/1 945/945/1 277/277/1
f 946/946/165 277/277/165 276/276/165
f 944/944/1 946/946/1 276/276/1
f 944/944/1 276/276/1 281/281/1
f 271/271/160 947/947/160 948/948/160
f 271/271/217 948/948/217 273/273/217
f 273/273/224 948/948/224 949/949/224
f 273/273/199 949/949/199 265/265/199
f 265/265/2 949/949/2 950/950/2
f 265/265/158 950/950/158 266/266/158
f 266/266/2 950/950/2 947/947/2
f 266/266/136 947/947/136 271/271/136
f 951/951/1 952/952/1 953/953/1
f 951/951/23 953/953/23 954/954/23
f 955/955/222 951/951/222 954/954/222
f 955/955/1 954/954/1 956/956/1
f 957/957/254 955/955/254 956/956/254
f 957/957/23 956/956/23 958/958/23
f 952/952/255 957/957/255 958/958/255
f 952/952/222 958/958/222 953/953/222
f 959/959/2 960/960/2 961/961/2
f 959/959/158 961/961/158 962/962/158
f 962/962/2 961/961/2 963/963/2
f 962/962/136 963/963/136 964/964/136
f 964/964/158 963/963/158 965/965/158
f 964/964/256 965/965/256 966/966/256
f 966/966/136 965/965/136 960/960/136
f 966/966/224 960/960/224 959/959/224
f 967/967/23 968/968/23 969/969/23
f 967/967/23 969/969/23 959/959/23
f 970/970/1 967/967/1 959/959/1
f 970/970/222 959/959/222 966/966/222
f 971/971/1 970/970/1 966/966/1
f 971/971/162 966/966/162 972/972/162
f 968/968/98 971/971/98 972/972/98
f 968/968/223 972/972/223 969/969/223
f 973/973/2 974/974/2 975/975/2
f 973/973/22 975/975/22 976/976/22
f 976/976/2 975/975/2 977/977/2
f 976/976/136 977/977/136 978/978/136
f 978/978/2 977/977/2 979/979/2
f 978/978/158 979/979/158 980/980/158
f 980/980/136 979/979/136 974/974/136
f 980/980/224 974/974/224 973/973/224
f 271/271/4 273/273/4 282/282/4
f 271/271/4 282/282/4 281/281/4
f 948/948/6 947/947/6 944/944/6
f 948/948/6 944/944/6 943/943/6
f 273/273/5 265/265/5 277/277/5
f 273/273/5 277/277/5 282/282/5
f 949/949/3 948/948/3 943/943/3
f 949/949/3 943/943/3 945/945/3
f 265/265/6 266/266/6 276/276/6
f 265/265/6 276/276/6 277/277/6
f 950/950/7 949/949/7 945/945/7
f 950/950/7 945/945/7 946/946/7
f 266/266/3 271/271/3 281/281/3
f 266/266/3 281/281/3 276/276/3
f 947/947/5 950/950/5 946/946/5
f 947/947/5 946/946/5 944/944/5
f 959/959/201 962/962/201 954/954/201
f 959/959/201 954/954/201 953/953/201
f 961/961/200 960/960/200 952/952/200
f 961/961/200 952/952/200 951/951/200
f 962/962/5 964/964/5 956/956/5
f 962/962/5 956/956/5 954/954/5
f 963/963/3 961/961/3 951/951/3
f 963/963/3 951/951/3 955/955/3
f 964/964/200 966/966/200 958/958/200
f 964/964/200 958/958/200 956/956/200
f 965/965/201 963/963/201 955/955/201
f 965/965/201 955/955/201 957/957/201
f 966/966/3 959/959/3 953/953/3
f 966/966/3 953/953/3 958/958/3
f 960/960/5 965/965/5 957/957/5
f 960/960/5 957/957/5 952/952/5
f 973/973/155 976/976/155 959/959/155
f 973/973/147 959/959/147 969/969/147
f 975/975/152 974/974/152 968/968/152
f 975/975/151 968/968/151 967/967/151
f 976/976/5 978/978/5 966/966/5
f 976/976/5 966/966/5 959/959/5
f 977/977/3 975/975/3 967/967/3
f 977/977/3 967/967/3 970/970/3
f 978/978/151 980/980/151 972/972/151
f 978/978/151 972/972/151 966/966/151
f 979/979/155 977/977/155 970/970/155
f 979/979/155 970/970/155 971/971/155
f 980/980/3 973/973/3 969/969/3
f 980/980/3 969/969/3 972/972/3
f 974/974/5 979/979/5 971/971/5
f 974/974/5 971/971/5 968/968/5
f 981/981/1 982/982/1 983/983/1
f 981/981/1 983/983/1 984/984/1
f 985/985/2 986/986/2 987/987/2
f 985/985/2 987/987/2 988/988/2
f 985/985/5 988/988/5 984/984/5
f 985/985/5 984/984/5 983/983/5
f 988/988/257 987/987/257 981/981/257
f 988/988/257 981/981/257 984/984/257
f 987/987/3 986/986/3 982/982/3
f 987/987/258 982/982/258 981/981/258
f 986/986/259 985/985/259 983/983/259
f 986/986/259 983/983/259 982/982/259
f 989/989/1 990/990/1 991/991/1
f 989/989/1 991/991/1 992/992/1
f 993/993/2 994/994/2 995/995/2
f 993/993/2 995/995/2 996/996/2
f 993/993/5 996/996/5 992/992/5
f 993/993/5 992/992/5 991/991/5
f 996/996/206 995/995/206 989/989/206
f 996/996/207 989/989/207 992/992/207
f 995/995/3 994/994/3 990/990/3
f 995/995/3 990/990/3 989/989/3
f 994/994/208 993/993/208 991/991/208
f 994/994/209 991/991/209 990/990/209
f 997/997/2 998/998/2 274/274/2
f 997/997/136 274/274/136 268/268/136
f 999/999/167 997/997/167 268/268/167
f 999/999/22 268/268/22 267/267/22
f 1000/1000/2 999/999/2 267/267/2
f 1000/1000/199 267/267/199 270/270/199
f 998/998/160 1000/1000/160 270/270/160
f 998/998/217 270/270/217 274/274/217
f 285/285/1 1001/1001/1 1002/1002/1
f 285/285/98 1002/1002/98 278/278/98
f 278/278/161 1002/1002/161 1003/1003/161
f 278/278/159 1003/1003/159 275/275/159
f 275/275/1 1003/1003/1 1004/1004/1
f 275/275/1 1004/1004/1 279/279/1
f 279/279/244 1004/1004/244 1001/1001/244
f 279/279/190 1001/1001/190 285/285/190
f 1005/1005/2 1006/1006/2 1007/1007/2
f 1005/1005/199 1007/1007/199 1008/1008/199
f 1009/1009/158 1005/1005/158 1008/1008/158
f 1009/1009/177 1008/1008/177 1010/1010/177
f 1011/1011/199 1009/1009/199 1010/1010/199
f 1011/1011/136 1010/1010/136 1012/1012/136
f 1006/1006/2 1011/1011/2 1012/1012/2
f 1006/1006/158 1012/1012/158 1007/1007/158
f 1013/1013/212 1014/1014/212 1015/1015/212
f 1013/1013/98 1015/1015/98 1016/1016/98
f 1016/1016/159 1015/1015/159 1017/1017/159
f 1016/1016/244 1017/1017/244 1018/1018/244
f 1018/1018/1 1017/1017/1 1019/1019/1
f 1018/1018/1 1019/1019/1 1020/1020/1
f 1020/1020/23 1019/1019/23 1014/1014/23
f 1020/1020/161 1014/1014/161 1013/1013/161
f 1021/1021/224 1022/1022/224 1023/1023/224
f 1021/1021/2 1023/1023/2 1013/1013/2
f 1024/1024/177 1021/1021/177 1013/1013/177
f 1024/1024/2 1013/1013/2 1020/1020/2
f 1025/1025/205 1024/1024/205 1020/1020/205
f 1025/1025/2 1020/1020/2 1026/1026/2
f 1022/1022/2 1025/1025/2 1026/1026/2
f 1022/1022/158 1026/1026/158 1023/1023/158
f 1027/1027/1 1028/1028/1 1029/1029/1
f 1027/1027/212 1029/1029/212 1030/1030/212
f 1030/1030/244 1029/1029/244 1031/1031/244
f 1030/1030/1 1031/1031/1 1032/1032/1
f 1032/1032/98 1031/1031/98 1033/1033/98
f 1032/1032/98 1033/1033/98 1034/1034/98
f 1034/1034/23 1033/1033/23 1028/1028/23
f 1034/1034/244 1028/1028/244 1027/1027/244
f 285/285/5 278/278/5 268/268/5
f 285/285/5 268/268/5 274/274/5
f 1002/1002/3 1001/1001/3 998/998/3
f 1002/1002/3 998/998/3 997/997/3
f 278/278/4 275/275/4 267/267/4
f 278/278/4 267/267/4 268/268/4
f 1003/1003/8 1002/1002/8 997/997/8
f 1003/1003/8 997/997/8 999/999/8
f 275/275/3 279/279/3 270/270/3
f 275/275/3 270/270/3 267/267/3
f 1004/1004/5 1003/1003/5 999/999/5
f 1004/1004/5 999/999/5 1000/1000/5
f 279/279/9 285/285/9 274/274/9
f 279/279/9 274/274/9 270/270/9
f 1001/1001/14 1004/1004/14 1000/1000/14
f 1001/1001/14 1000/1000/14 998/998/14
f 1013/1013/5 1016/1016/5 1008/1008/5
f 1013/1013/5 1008/1008/5 1007/1007/5
f 1015/1015/3 1014/1014/3 1006/1006/3
f 1015/1015/3 1006/1006/3 1005/1005/3
f 1016/1016/147 1018/1018/147 1010/1010/147
f 1016/1016/147 1010/1010/147 1008/1008/147
f 1017/1017/151 1015/1015/151 1005/1005/151
f 1017/1017/152 1005/1005/152 1009/1009/152
f 1018/1018/3 1020/1020/3 1012/1012/3
f 1018/1018/3 1012/1012/3 1010/1010/3
f 1019/1019/5 1017/1017/5 1009/1009/5
f 1019/1019/5 1009/1009/5 1011/1011/5
f 1020/1020/8 1013/1013/8 1007/1007/8
f 1020/1020/8 1007/1007/8 1012/1012/8
f 1014/1014/4 1019/1019/4 1011/1011/4
f 1014/1014/4 1011/1011/4 1006/1006/4
f 1027/1027/5 1030/1030/5 1013/1013/5
f 1027/1027/5 1013/1013/5 1023/1023/5
f 1029/1029/3 1028/1028/3 1022/1022/3
f 1029/1029/3 1022/1022/3 1021/1021/3
f 1030/1030/4 1032/1032/4 1020/1020/4
f 1030/1030/4 1020/1020/4 1013/1013/4
f 1031/1031/152 1029/1029/152 1021/1021/152
f 1031/1031/151 1021/1021/151 1024/1024/151
f 1032/1032/3 1034/1034/3 1026/1026/3
f 1032/1032/3 1026/1026/3 1020/1020/3
f 1033/1033/5 1031/1031/5 1024/1024/5
f 1033/1033/5 1024/1024/5 1025/1025/5
f 1034/1034/8 1027/1027/8 1023/1023/8
f 1034/1034/8 1023/1023/8 1026/1026/8
f 1028/1028/4 1033/1033/4 1025/1025/4
f 1028/1028/4 1025/1025/4 1022/1022/4
f 1035/1035/2 1036/1036/2 1037/1037/2
f 1035/1035/2 1037/1037/2 1038/1038/2
f 1039/1039/1 1040/1040/1 1041/1041/1
f 1039/1039/1 1041/1041/1 1042/1042/1
f 1039/1039/259 1042/1042/259 1038/1038/259
f 1039/1039/226 1038/1038/226 1037/1037/226
f 1042/1042/3 1041/1041/3 1035/1035/3
f 1042/1042/3 1035/1035/3 1038/1038/3
f 1041/1041/207 1040/1040/207 1036/1036/207
f 1041/1041/207 1036/1036/207 1035/1035/207
f 1040/1040/5 1039/1039/5 1037/1037/5
f 1040/1040/5 1037/1037/5 1036/1036/5
f 1043/1043/2 1044/1044/2 1045/1045/2
f 1043/1043/2 1045/1045/2 1046/1046/2
f 1047/1047/1 1048/1048/1 1049/1049/1
f 1047/1047/1 1049/1049/1 1050/1050/1
f 1047/1047/147 1050/1050/147 1046/1046/147
f 1047/1047/260 1046/1046/260 1045/1045/260
f 1050/1050/3 1049/1049/3 1043/1043/3
f 1050/1050/3 1043/1043/3 1046/1046/3
f 1049/1049/151 1048/1048/151 1044/1044/151
f 1049/1049/151 1044/1044/151 1043/1043/151
f 1048/1048/5 1047/1047/5 1045/1045/5
f 1048/1048/5 1045/1045/5 1044/1044/5
f 1051/1051/1 1052/1052/1 88/88/1
f 1051/1051/1 88/88/1 89/89/1
f 1053/1053/223 1051/1051/223 89/89/223
f 1053/1053/1 89/89/1 85/85/1
f 1054/1054/159 1053/1053/159 85/85/159
f 1054/1054/23 85/85/23 84/84/23
f 1052/1052/1 1054/1054/1 84/84/1
f 1052/1052/1 84/84/1 88/88/1
f 80/80/2 1055/1055/2 1056/1056/2
f 80/80/22 1056/1056/22 81/81/22
f 81/81/2 1056/1056/2 1057/1057/2
f 81/81/136 1057/1057/136 75/75/136
f 75/75/2 1057/1057/2 1058/1058/2
f 75/75/2 1058/1058/2 76/76/2
f 76/76/224 1058/1058/224 1055/1055/224
f 76/76/136 1055/1055/136 80/80/136
f 1059/1059/161 1060/1060/161 1061/1061/161
f 1059/1059/1 1061/1061/1 1062/1062/1
f 1063/1063/98 1059/1059/98 1062/1062/98
f 1063/1063/212 1062/1062/212 1064/1064/212
f 1065/1065/1 1063/1063/1 1064/1064/1
f 1065/1065/161 1064/1064/161 1066/1066/161
f 1060/1060/222 1065/1065/222 1066/1066/222
f 1060/1060/223 1066/1066/223 1061/1061/223
f 1067/1067/160 1068/1068/160 1069/1069/160
f 1067/1067/158 1069/1069/158 1070/1070/158
f 1070/1070/2 1069/1069/2 1071/1071/2
f 1070/1070/2 1071/1071/2 1072/1072/2
f 1072/1072/22 1071/1071/22 1073/1073/22
f 1072/1072/22 1073/1073/22 1074/1074/22
f 1074/1074/205 1073/1073/205 1068/1068/205
f 1074/1074/224 1068/1068/224 1067/1067/224
f 1075/1075/161 1076/1076/161 1077/1077/161
f 1075/1075/1 1077/1077/1 1067/1067/1
f 1078/1078/1 1075/1075/1 1067/1067/1
f 1078/1078/1 1067/1067/1 1074/1074/1
f 1079/1079/1 1078/1078/1 1074/1074/1
f 1079/1079/161 1074/1074/161 1080/1080/161
f 1076/1076/222 1079/1079/222 1080/1080/222
f 1076/1076/223 1080/1080/223 1077/1077/223
f 1081/1081/22 1082/1082/22 1083/1083/22
f 1081/1081/2 1083/1083/2 1084/1084/2
f 1084/1084/2 1083/1083/2 1085/1085/2
f 1084/1084/136 1085/1085/136 1086/1086/136
f 1086/1086/22 1085/1085/22 1087/1087/22
f 1086/1086/177 1087/1087/177 1088/1088/177
f 1088/1088/199 1087/1087/199 1082/1082/199
f 1088/1088/2 1082/1082/2 1081/1081/2
f 80/80/7 81/81/7 89/89/7
f 80/80/7 89/89/7 88/88/7
f 1056/1056/8 1055/1055/8 1052/1052/8
f 1056/1056/8 1052/1052/8 1051/1051/8
f 81/81/5 75/75/5 85/85/5
f 81/81/5 85/85/5 89/89/5
f 1057/1057/3 1056/1056/3 1051/1051/3
f 1057/1057/3 1051/1051/3 1053/1053/3
f 75/75/6 76/76/6 84/84/6
f 75/75/6 84/84/6 85/85/6
f 1058/1058/7 1057/1057/7 1053/1053/7
f 1058/1058/7 1053/1053/7 1054/1054/7
f 76/76/3 80/80/3 88/88/3
f 76/76/3 88/88/3 84/84/3
f 1055/1055/5 1058/1058/5 1054/1054/5
f 1055/1055/5 1054/1054/5 1052/1052/5
f 1067/1067/155 1070/1070/155 1062/1062/155
f 1067/1067/147 1062/1062/147 1061/1061/147
f 1069/1069/151 1068/1068/151 1060/1060/151
f 1069/1069/151 1060/1060/151 1059/1059/151
f 1070/1070/5 1072/1072/5 1064/1064/5
f 1070/1070/5 1064/1064/5 1062/1062/5
f 1071/1071/3 1069/1069/3 1059/1059/3
f 1071/1071/3 1059/1059/3 1063/1063/3
f 1072/1072/200 1074/1074/200 1066/1066/200
f 1072/1072/200 1066/1066/200 1064/1064/200
f 1073/1073/201 1071/1071/201 1063/1063/201
f 1073/1073/201 1063/1063/201 1065/1065/201
f 1074/1074/3 1067/1067/3 1061/1061/3
f 1074/1074/3 1061/1061/3 1066/1066/3
f 1068/1068/5 1073/1073/5 1065/1065/5
f 1068/1068/5 1065/1065/5 1060/1060/5
f 1081/1081/201 1084/1084/201 1067/1067/201
f 1081/1081/201 1067/1067/201 1077/1077/201
f 1083/1083/200 1082/1082/200 1076/1076/200
f 1083/1083/200 1076/1076/200 1075/1075/200
f 1084/1084/5 1086/1086/5 1074/1074/5
f 1084/1084/5 1074/1074/5 1067/1067/5
f 1085/1085/3 1083/1083/3 1075/1075/3
f 1085/1085/3 1075/1075/3 1078/1078/3
f 1086/1086/152 1088/1088/152 1080/1080/152
f 1086/1086/151 1080/1080/151 1074/1074/151
f 1087/1087/155 1085/1085/155 1078/1078/155
f 1087/1087/147 1078/1078/147 1079/1079/147
f 1088/1088/3 1081/1081/3 1077/1077/3
f 1088/1088/3 1077/1077/3 1080/1080/3
f 1082/1082/5 1087/1087/5 1079/1079/5
f 1082/1082/5 1079/1079/5 1076/1076/5
f 1089/1089/1 1090/1090/1 1091/1091/1
f 1089/1089/1 1091/1091/1 1092/1092/1
f 1093/1093/2 1094/1094/2 1095/1095/2
f 1093/1093/2 1095/1095/2 1096/1096/2
f 1093/1093/5 1096/1096/5 1092/1092/5
f 1093/1093/5 1092/1092/5 1091/1091/5
f 1096/1096/206 1095/1095/206 1089/1089/206
f 1096/1096/206 1089/1089/206 1092/1092/206
f 1095/1095/3 1094/1094/3 1090/1090/3
f 1095/1095/3 1090/1090/3 1089/1089/3
f 1094/1094/259 1093/1093/259 1091/1091/259
f 1094/1094/226 1091/1091/226 1090/1090/226
f 1097/1097/1 1098/1098/1 1099/1099/1
f 1097/1097/1 1099/1099/1 1100/1100/1
f 1101/1101/2 1102/1102/2 1103/1103/2
f 1101/1101/2 1103/1103/2 1104/1104/2
f 1101/1101/261 1104/1104/261 1100/1100/261
f 1101/1101/5 1100/1100/5 1099/1099/5
f 1104/1104/225 1103/1103/225 1097/1097/225
f 1104/1104/225 1097/1097/225 1100/1100/225
f 1103/1103/262 1102/1102/262 1098/1098/262
f 1103/1103/258 1098/1098/258 1097/1097/258
f 1102/1102/226 1101/1101/226 1099/1099/226
f 1102/1102/226 1099/1099/226 1098/1098/226
f 1105/1105/199 1106/1106/199 82/82/199
f 1105/1105/263 82/82/263 78/78/263
f 1107/1107/160 1105/1105/160 78/78/160
f 1107/1107/158 78/78/158 77/77/158
f 1108/1108/136 1107/1107/136 77/77/136
f 1108/1108/204 77/77/204 79/79/204
f 1106/1106/158 1108/1108/158 79/79/158
f 1106/1106/167 79/79/167 82/82/167
f 90/90/98 1109/1109/98 1110/1110/98
f 90/90/1 1110/1110/1 86/86/1
f 86/86/23 1110/1110/23 1111/1111/23
f 86/86/159 1111/1111/159 83/83/159
f 83/83/212 1111/1111/212 1112/1112/212
f 83/83/1 1112/1112/1 87/87/1
f 87/87/159 1112/1112/159 1109/1109/159
f 87/87/190 1109/1109/190 90/90/190
f 1113/1113/224 1114/1114/224 1115/1115/224
f 1113/1113/2 1115/1115/2 1116/1116/2
f 1117/1117/217 1113/1113/217 1116/1116/217
f 1117/1117/177 1116/1116/177 1118/1118/177
f 1119/1119/263 1117/1117/263 1118/1118/263
f 1119/1119/199 1118/1118/199 1120/1120/199
f 1114/1114/2 1119/1119/2 1120/1120/2
f 1114/1114/22 1120/1120/22 1115/1115/22
f 1121/1121/1 1122/1122/1 1123/1123/1
f 1121/1121/1 1123/1123/1 1124/1124/1
f 1124/1124/23 1123/1123/23 1125/1125/23
f 1124/1124/162 1125/1125/162 1126/1126/162
f 1126/1126/98 1125/1125/98 1127/1127/98
f 1126/1126/212 1127/1127/212 1128/1128/212
f 1128/1128/23 1127/1127/23 1122/1122/23
f 1128/1128/165 1122/1122/165 1121/1121/165
f 1129/1129/199 1130/1130/199 1131/1131/199
f 1129/1129/2 1131/1131/2 1121/1121/2
f 1132/1132/22 1129/1129/22 1121/1121/22
f 1132/1132/160 1121/1121/160 1128/1128/160
f 1133/1133/2 1132/1132/2 1128/1128/2
f 1133/1133/136 1128/1128/136 1134/1134/136
f 1130/1130/22 1133/1133/22 1134/1134/22
f 1130/1130/22 1134/1134/22 1131/1131/22
f 1135/1135/1 1136/1136/1 1137/1137/1
f 1135/1135/223 1137/1137/223 1138/1138/223
f 1138/1138/23 1137/1137/23 1139/1139/23
f 1138/1138/1 1139/1139/1 1140/1140/1
f 1140/1140/1 1139/1139/1 1141/1141/1
f 1140/1140/223 1141/1141/223 1142/1142/223
f 1142/1142/1 1141/1141/1 1136/1136/1
f 1142/1142/165 1136/1136/165 1135/1135/165
f 90/90/5 86/86/5 78/78/5
f 90/90/5 78/78/5 82/82/5
f 1110/1110/3 1109/1109/3 1106/1106/3
f 1110/1110/3 1106/1106/3 1105/1105/3
f 86/86/7 83/83/7 77/77/7
f 86/86/7 77/77/7 78/78/7
f 1111/1111/8 1110/1110/8 1105/1105/8
f 1111/1111/8 1105/1105/8 1107/1107/8
f 83/83/3 87/87/3 79/79/3
f 83/83/3 79/79/3 77/77/3
f 1112/1112/5 1111/1111/5 1107/1107/5
f 1112/1112/5 1107/1107/5 1108/1108/5
f 87/87/8 90/90/8 82/82/8
f 87/87/8 82/82/8 79/79/8
f 1109/1109/4 1112/1112/4 1108/1108/4
f 1109/1109/4 1108/1108/4 1106/1106/4
f 1121/1121/5 1124/1124/5 1116/1116/5
f 1121/1121/5 1116/1116/5 1115/1115/5
f 1123/1123/3 1122/1122/3 1114/1114/3
f 1123/1123/3 1114/1114/3 1113/1113/3
f 1124/1124/201 1126/1126/201 1118/1118/201
f 1124/1124/201 1118/1118/201 1116/1116/201
f 1125/1125/151 1123/1123/151 1113/1113/151
f 1125/1125/151 1113/1113/151 1117/1117/151
f 1126/1126/3 1128/1128/3 1120/1120/3
f 1126/1126/3 1120/1120/3 1118/1118/3
f 1127/1127/5 1125/1125/5 1117/1117/5
f 1127/1127/5 1117/1117/5 1119/1119/5
f 1128/1128/151 1121/1121/151 1115/1115/151
f 1128/1128/151 1115/1115/151 1120/1120/151
f 1122/1122/147 1127/1127/147 1119/1119/147
f 1122/1122/155 1119/1119/155 1114/1114/155
f 1135/1135/5 1138/1138/5 1121/1121/5
f 1135/1135/5 1121/1121/5 1131/1131/5
f 1137/1137/3 1136/1136/3 1130/1130/3
f 1137/1137/3 1130/1130/3 1129/1129/3
f 1138/1138/201 1140/1140/201 1128/1128/201
f 1138/1138/201 1128/1128/201 1121/1121/201
f 1139/1139/200 1137/1137/200 1129/1129/200
f 1139/1139/200 1129/1129/200 1132/1132/200
f 1140/1140/3 1142/1142/3 1134/1134/3
f 1140/1140/3 1134/1134/3 1128/1128/3
f 1141/1141/5 1139/1139/5 1132/1132/5
f 1141/1141/5 1132/1132/5 1133/1133/5
f 1142/1142/200 1135/1135/200 1131/1131/200
f 1142/1142/200 1131/1131/200 1134/1134/200
f 1136/1136/147 1141/1141/147 1133/1133/147
f 1136/1136/201 1133/1133/201 1130/1130/201
f 1143/1143/2 1144/1144/2 1145/1145/2
f 1143/1143/2 1145/1145/2 1146/1146/2
f 1147/1147/1 1148/1148/1 1149/1149/1
f 1147/1147/1 1149/1149/1 1150/1150/1
f 1147/1147/209 1150/1150/209 1146/1146/209
f 1147/1147/264 1146/1146/264 1145/1145/264
f 1150/1150/258 1149/1149/258 1143/1143/258
f 1150/1150/262 1143/1143/262 1146/1146/262
f 1149/1149/225 1148/1148/225 1144/1144/225
f 1149/1149/225 1144/1144/225 1143/1143/225
f 1148/1148/5 1147/1147/5 1145/1145/5
f 1148/1148/5 1145/1145/5 1144/1144/5
f 1151/1151/2 1152/1152/2 1153/1153/2
f 1151/1151/2 1153/1153/2 1154/1154/2
f 1155/1155/1 1156/1156/1 1157/1157/1
f 1155/1155/1 1157/1157/1 1158/1158/1
f 1155/1155/226 1158/1158/226 1154/1154/226
f 1155/1155/259 1154/1154/259 1153/1153/259
f 1158/1158/258 1157/1157/258 1151/1151/258
f 1158/1158/262 1151/1151/262 1154/1154/262
f 1157/1157/207 1156/1156/207 1152/1152/207
f 1157/1157/207 1152/1152/207 1151/1151/207
f 1156/1156/5 1155/1155/5 1153/1153/5
f 1156/1156/261 1153/1153/261 1152/1152/261
f 1159/1159/1 1160/1160/1 8/8/1
f 1159/1159/23 8/8/23 7/7/23
f 1161/1161/1 1159/1159/1 7/7/1
f 1161/1161/98 7/7/98 11/11/98
f 1162/1162/23 1161/1161/23 11/11/23
f 1162/1162/1 11/11/1 16/16/1
f 1160/1160/212 1162/1162/212 16/16/212
f 1160/1160/1 16/16/1 8/8/1
f 1163/1163/2 1164/1164/2 1165/1165/2
f 1163/1163/22 1165/1165/22 1166/1166/22
f 1166/1166/136 1165/1165/136 1167/1167/136
f 1166/1166/224 1167/1167/224 1168/1168/224
f 1168/1168/2 1167/1167/2 1169/1169/2
f 1168/1168/158 1169/1169/158 1170/1170/158
f 1170/1170/2 1169/1169/2 1164/1164/2
f 1170/1170/136 1164/1164/136 1163/1163/136
f 1171/1171/1 1172/1172/1 1173/1173/1
f 1171/1171/162 1173/1173/162 1174/1174/162
f 1175/1175/212 1171/1171/212 1174/1174/212
f 1175/1175/222 1174/1174/222 1176/1176/222
f 1177/1177/23 1175/1175/23 1176/1176/23
f 1177/1177/159 1176/1176/159 1178/1178/159
f 1172/1172/212 1177/1177/212 1178/1178/212
f 1172/1172/1 1178/1178/1 1173/1173/1
f 1179/1179/2 1180/1180/2 1181/1181/2
f 1179/1179/167 1181/1181/167 1182/1182/167
f 1182/1182/199 1181/1181/199 1183/1183/199
f 1182/1182/205 1183/1183/205 1184/1184/205
f 1184/1184/2 1183/1183/2 1185/1185/2
f 1184/1184/158 1185/1185/158 1186/1186/158
f 1186/1186/199 1185/1185/199 1180/1180/199
f 1186/1186/136 1180/1180/136 1179/1179/136
f 1187/1187/23 1188/1188/23 1189/1189/23
f 1187/1187/1 1189/1189/1 1179/1179/1
f 1190/1190/223 1187/1187/223 1179/1179/223
f 1190/1190/98 1179/1179/98 1186/1186/98
f 1191/1191/159 1190/1190/159 1186/1186/159
f 1191/1191/1 1186/1186/1 1192/1192/1
f 1188/1188/223 1191/1191/223 1192/1192/223
f 1188/1188/98 1192/1192/98 1189/1189/98
f 1193/1193/217 1194/1194/217 1195/1195/217
f 1193/1193/2 1195/1195/2 1196/1196/2
f 1196/1196/136 1195/1195/136 1197/1197/136
f 1196/1196/199 1197/1197/199 1198/1198/199
f 1198/1198/217 1197/1197/217 1199/1199/217
f 1198/1198/2 1199/1199/2 1200/1200/2
f 1200/1200/199 1199/1199/199 1194/1194/199
f 1200/1200/205 1194/1194/205 1193/1193/205
f 1163/1163/7 1166/1166/7 7/7/7
f 1163/1163/7 7/7/7 8/8/7
f 1165/1165/6 1164/1164/6 1160/1160/6
f 1165/1165/6 1160/1160/6 1159/1159/6
f 1166/1166/5 1168/1168/5 11/11/5
f 1166/1166/5 11/11/5 7/7/5
f 1167/1167/3 1165/1165/3 1159/1159/3
f 1167/1167/3 1159/1159/3 1161/1161/3
f 1168/1168/8 1170/1170/8 16/16/8
f 1168/1168/8 16/16/8 11/11/8
f 1169/1169/4 1167/1167/4 1161/1161/4
f 1169/1169/4 1161/1161/4 1162/1162/4
f 1170/1170/3 1163/1163/3 8/8/3
f 1170/1170/3 8/8/3 16/16/3
f 1164/1164/5 1169/1169/5 1162/1162/5
f 1164/1164/5 1162/1162/5 1160/1160/5
f 1179/1179/201 1182/1182/201 1174/1174/201
f 1179/1179/201 1174/1174/201 1173/1173/201
f 1181/1181/200 1180/1180/200 1172/1172/200
f 1181/1181/200 1172/1172/200 1171/1171/200
f 1182/1182/5 1184/1184/5 1176/1176/5
f 1182/1182/5 1176/1176/5 1174/1174/5
f 1183/1183/3 1181/1181/3 1171/1171/3
f 1183/1183/3 1171/1171/3 1175/1175/3
f 1184/1184/151 1186/1186/151 1178/1178/151
f 1184/1184/151 1178/1178/151 1176/1176/151
f 1185/1185/147 1183/1183/147 1175/1175/147
f 1185/1185/147 1175/1175/147 1177/1177/147
f 1186/1186/3 1179/1179/3 1173/1173/3
f 1186/1186/3 1173/1173/3 1178/1178/3
f 1180/1180/5 1185/1185/5 1177/1177/5
f 1180/1180/5 1177/1177/5 1172/1172/5
f 1193/1193/155 1196/1196/155 1179/1179/155
f 1193/1193/147 1179/1179/147 1189/1189/147
f 1195/1195/151 1194/1194/151 1188/1188/151
f 1195/1195/151 1188/1188/151 1187/1187/151
f 1196/1196/5 1198/1198/5 1186/1186/5
f 1196/1196/5 1186/1186/5 1179/1179/5
f 1197/1197/3 1195/1195/3 1187/1187/3
f 1197/1197/3 1187/1187/3 1190/1190/3
f 1198/1198/200 1200/1200/200 1192/1192/200
f 1198/1198/200 1192/1192/200 1186/1186/200
f 1199/1199/201 1197/1197/201 1190/1190/201
f 1199/1199/201 1190/1190/201 1191/1191/201
f 1200/1200/3 1193/1193/3 1189/1189/3
f 1200/1200/3 1189/1189/3 1192/1192/3
f 1194/1194/5 1199/1199/5 1191/1191/5
f 1194/1194/5 1191/1191/5 1188/1188/5
f 1201/1201/1 1202/1202/1 1203/1203/1
f 1201/1201/1 1203/1203/1 1204/1204/1
f 1205/1205/2 1206/1206/2 1207/1207/2
f 1205/1205/2 1207/1207/2 1208/1208/2
f 1205/1205/5 1208/1208/5 1204/1204/5
f 1205/1205/265 1204/1204/265 1203/1203/265
f 1208/1208/257 1207/1207/257 1201/1201/257
f 1208/1208/257 1201/1201/257 1204/1204/257
f 1207/1207/266 1206/1206/266 1202/1202/266
f 1207/1207/3 1202/1202/3 1201/1201/3
f 1206/1206/259 1205/1205/259 1203/1203/259
f 1206/1206/259 1203/1203/259 1202/1202/259
f 1209/1209/1 1210/1210/1 1211/1211/1
f 1209/1209/1 1211/1211/1 1212/1212/1
f 1213/1213/2 1214/1214/2 1215/1215/2
f 1213/1213/2 1215/1215/2 1216/1216/2
f 1213/1213/5 1216/1216/5 1212/1212/5
f 1213/1213/5 1212/1212/5 1211/1211/5
f 1216/1216/207 1215/1215/207 1209/1209/207
f 1216/1216/206 1209/1209/206 1212/1212/206
f 1215/1215/262 1214/1214/262 1210/1210/262
f 1215/1215/258 1210/1210/258 1209/1209/258
f 1214/1214/208 1213/1213/208 1211/1211/208
f 1214/1214/208 1211/1211/208 1210/1210/208
f 1217/1217/1 1218/1218/1 15/15/1
f 1217/1217/159 15/15/159 12/12/159
f 1219/1219/1 1217/1217/1 12/12/1
f 1219/1219/98 12/12/98 6/6/98
f 1220/1220/1 1219/1219/1 6/6/1
f 1220/1220/23 6/6/23 5/5/23
f 1218/1218/98 1220/1220/98 5/5/98
f 1218/1218/223 5/5/223 15/15/223
f 1221/1221/2 1222/1222/2 1223/1223/2
f 1221/1221/2 1223/1223/2 1224/1224/2
f 1224/1224/2 1223/1223/2 1225/1225/2
f 1224/1224/2 1225/1225/2 1226/1226/2
f 1226/1226/2 1225/1225/2 1227/1227/2
f 1226/1226/22 1227/1227/22 1228/1228/22
f 1228/1228/2 1227/1227/2 1222/1222/2
f 1228/1228/2 1222/1222/2 1221/1221/2
f 1229/1229/159 1230/1230/159 1231/1231/159
f 1229/1229/242 1231/1231/242 1232/1232/242
f 1233/1233/98 1229/1229/98 1232/1232/98
f 1233/1233/1 1232/1232/1 1234/1234/1
f 1235/1235/1 1233/1233/1 1234/1234/1
f 1235/1235/159 1234/1234/159 1236/1236/159
f 1230/1230/1 1235/1235/1 1236/1236/1
f 1230/1230/1 1236/1236/1 1231/1231/1
f 1237/1237/2 1238/1238/2 1239/1239/2
f 1237/1237/2 1239/1239/2 1240/1240/2
f 1240/1240/199 1239/1239/199 1241/1241/199
f 1240/1240/136 1241/1241/136 1242/1242/136
f 1242/1242/2 1241/1241/2 1243/1243/2
f 1242/1242/2 1243/1243/2 1244/1244/2
f 1244/1244/2 1243/1243/2 1238/1238/2
f 1244/1244/2 1238/1238/2 1237/1237/2
f 1245/1245/161 1246/1246/161 1247/1247/161
f 1245/1245/1 1247/1247/1 1237/1237/1
f 1248/1248/212 1245/1245/212 1237/1237/212
f 1248/1248/98 1237/1237/98 1244/1244/98
f 1249/1249/1 1248/1248/1 1244/1244/1
f 1249/1249/190 1244/1244/190 1250/1250/190
f 1246/1246/1 1249/1249/1 1250/1250/1
f 1246/1246/1 1250/1250/1 1247/1247/1
f 1251/1251/2 1252/1252/2 1253/1253/2
f 1251/1251/160 1253/1253/160 1254/1254/160
f 1254/1254/199 1253/1253/199 1255/1255/199
f 1254/1254/136 1255/1255/136 1256/1256/136
f 1256/1256/217 1255/1255/217 1257/1257/217
f 1256/1256/2 1257/1257/2 1258/1258/2
f 1258/1258/204 1257/1257/204 1252/1252/204
f 1258/1258/205 1252/1252/205 1251/1251/205
f 1221/1221/4 1224/1224/4 12/12/4
f 1221/1221/4 12/12/4 15/15/4
f 1223/1223/8 1222/1222/8 1218/1218/8
f 1223/1223/8 1218/1218/8 1217/1217/8
f 1224/1224/5 1226/1226/5 6/6/5
f 1224/1224/5 6/6/5 12/12/5
f 1225/1225/3 1223/1223/3 1217/1217/3
f 1225/1225/3 1217/1217/3 1219/1219/3
f 1226/1226/6 1228/1228/6 5/5/6
f 1226/1226/6 5/5/6 6/6/6
f 1227/1227/7 1225/1225/7 1219/1219/7
f 1227/1227/7 1219/1219/7 1220/1220/7
f 1228/1228/3 1221/1221/3 15/15/3
f 1228/1228/3 15/15/3 5/5/3
f 1222/1222/5 1227/1227/5 1220/1220/5
f 1222/1222/5 1220/1220/5 1218/1218/5
f 1237/1237/147 1240/1240/147 1232/1232/147
f 1237/1237/147 1232/1232/147 1231/1231/147
f 1239/1239/151 1238/1238/151 1230/1230/151
f 1239/1239/151 1230/1230/151 1229/1229/151
f 1240/1240/5 1242/1242/5 1234/1234/5
f 1240/1240/5 1234/1234/5 1232/1232/5
f 1241/1241/3 1239/1239/3 1229/1229/3
f 1241/1241/3 1229/1229/3 1233/1233/3
f 1242/1242/200 1244/1244/200 1236/1236/200
f 1242/1242/200 1236/1236/200 1234/1234/200
f 1243/1243/201 1241/1241/201 1233/1233/201
f 1243/1243/201 1233/1233/201 1235/1235/201
f 1244/1244/3 1237/1237/3 1231/1231/3
f 1244/1244/3 1231/1231/3 1236/1236/3
f 1238/1238/5 1243/1243/5 1235/1235/5
f 1238/1238/5 1235/1235/5 1230/1230/5
f 1251/1251/201 1254/1254/201 1237/1237/201
f 1251/1251/201 1237/1237/201 1247/1247/201
f 1253/1253/200 1252/1252/200 1246/1246/200
f 1253/1253/200 1246/1246/200 1245/1245/200
f 1254/1254/5 1256/1256/5 1244/1244/5
f 1254/1254/5 1244/1244/5 1237/1237/5
f 1255/1255/3 1253/1253/3 1245/1245/3
f 1255/1255/3 1245/1245/3 1248/1248/3
f 1256/1256/152 1258/1258/152 1250/1250/152
f 1256/1256/151 1250/1250/151 1244/1244/151
f 1257/1257/147 1255/1255/147 1248/1248/147
f 1257/1257/147 1248/1248/147 1249/1249/147
f 1258/1258/3 1251/1251/3 1247/1247/3
f 1258/1258/3 1247/1247/3 1250/1250/3
f 1252/1252/5 1257/1257/5 1249/1249/5
f 1252/1252/5 1249/1249/5 1246/1246/5
f 1259/1259/1 1260/1260/1 1261/1261/1
f 1259/1259/1 1261/1261/1 1262/1262/1
f 1263/1263/2 1264/1264/2 1265/1265/2
f 1263/1263/2 1265/1265/2 1266/1266/2
f 1263/1263/5 1266/1266/5 1262/1262/5
f 1263/1263/5 1262/1262/5 1261/1261/5
f 1266/1266/206 1265/1265/206 1259/1259/206
f 1266/1266/206 1259/1259/206 1262/1262/206
f 1265/1265/3 1264/1264/3 1260/1260/3
f 1265/1265/3 1260/1260/3 1259/1259/3
f 1264/1264/208 1263/1263/208 1261/1261/208
f 1264/1264/208 1261/1261/208 1260/1260/208
f 1267/1267/1 1268/1268/1 1269/1269/1
f 1267/1267/1 1269/1269/1 1270/1270/1
f 1271/1271/2 1272/1272/2 1273/1273/2
f 1271/1271/2 1273/1273/2 1274/1274/2
f 1271/1271/5 1274/1274/5 1270/1270/5
f 1271/1271/5 1270/1270/5 1269/1269/5
f 1274/1274/257 1273/1273/257 1267/1267/257
f 1274/1274/257 1267/1267/257 1270/1270/257
f 1273/1273/3 1272/1272/3 1268/1268/3
f 1273/1273/3 1268/1268/3 1267/1267/3
f 1272/1272/226 1271/1271/226 1269/1269/226
f 1272/1272/259 1269/1269/259 1268/1268/259
f 1275/1275/201 1276/1276/201 60/60/201
f 1275/1275/201 60/60/201 1277/1277/201
f 1278/1278/15 1275/1275/15 1277/1277/15
f 1278/1278/14 1277/1277/14 58/58/14
f 1279/1279/147 1278/1278/147 58/58/147
f 1279/1279/147 58/58/147 57/57/147
f 1276/1276/267 1279/1279/267 57/57/267
f 1276/1276/175 57/57/175 60/60/175
f 69/69/152 1280/1280/152 1281/1281/152
f 69/69/151 1281/1281/151 74/74/151
f 74/74/268 1281/1281/268 1282/1282/268
f 74/74/99 1282/1282/99 68/68/99
f 68/68/152 1282/1282/152 1283/1283/152
f 68/68/151 1283/1283/151 65/65/151
f 65/65/9 1283/1283/9 1280/1280/9
f 65/65/168 1280/1280/168 69/69/168
f 1284/1284/201 1285/1285/201 1286/1286/201
f 1284/1284/201 1286/1286/201 1287/1287/201
f 1288/1288/230 1284/1284/230 1287/1287/230
f 1288/1288/4 1287/1287/4 1289/1289/4
f 1290/1290/201 1288/1288/201 1289/1289/201
f 1290/1290/201 1289/1289/201 1291/1291/201
f 1285/1285/156 1290/1290/156 1291/1291/156
f 1285/1285/269 1291/1291/269 1286/1286/269
f 1292/1292/200 1293/1293/200 1294/1294/200
f 1292/1292/200 1294/1294/200 1295/1295/200
f 1295/1295/270 1294/1294/270 1296/1296/270
f 1295/1295/271 1296/1296/271 1297/1297/271
f 1297/1297/200 1296/1296/200 1298/1298/200
f 1297/1297/200 1298/1298/200 1299/1299/200
f 1299/1299/270 1298/1298/270 1293/1293/270
f 1299/1299/268 1293/1293/268 1292/1292/268
f 1300/1300/201 1301/1301/201 1302/1302/201
f 1300/1300/201 1302/1302/201 1292/1292/201
f 1303/1303/149 1300/1300/149 1292/1292/149
f 1303/1303/145 1292/1292/145 1299/1299/145
f 1304/1304/201 1303/1303/201 1299/1299/201
f 1304/1304/201 1299/1299/201 1305/1305/201
f 1301/1301/229 1304/1304/229 1305/1305/229
f 1301/1301/272 1305/1305/272 1302/1302/272
f 1306/1306/200 1307/1307/200 1308/1308/200
f 1306/1306/200 1308/1308/200 1309/1309/200
f 1309/1309/9 1308/1308/9 1310/1310/9
f 1309/1309/143 1310/1310/143 1311/1311/143
f 1311/1311/200 1310/1310/200 1312/1312/200
f 1311/1311/200 1312/1312/200 1313/1313/200
f 1313/1313/9 1312/1312/9 1307/1307/9
f 1313/1313/273 1307/1307/273 1306/1306/273
f 69/69/22 74/74/22 1277/1277/22
f 69/69/2 1277/1277/2 60/60/2
f 1281/1281/23 1280/1280/23 1276/1276/23
f 1281/1281/1 1276/1276/1 1275/1275/1
f 74/74/5 68/68/5 58/58/5
f 74/74/5 58/58/5 1277/1277/5
f 1282/1282/3 1281/1281/3 1275/1275/3
f 1282/1282/3 1275/1275/3 1278/1278/3
f 68/68/1 65/65/1 57/57/1
f 68/68/23 57/57/23 58/58/23
f 1283/1283/2 1282/1282/2 1278/1278/2
f 1283/1283/22 1278/1278/22 1279/1279/22
f 65/65/3 69/69/3 60/60/3
f 65/65/3 60/60/3 57/57/3
f 1280/1280/5 1283/1283/5 1279/1279/5
f 1280/1280/5 1279/1279/5 1276/1276/5
f 1292/1292/22 1295/1295/22 1287/1287/22
f 1292/1292/22 1287/1287/22 1286/1286/22
f 1294/1294/161 1293/1293/161 1285/1285/161
f 1294/1294/1 1285/1285/1 1284/1284/1
f 1295/1295/5 1297/1297/5 1289/1289/5
f 1295/1295/5 1289/1289/5 1287/1287/5
f 1296/1296/3 1294/1294/3 1284/1284/3
f 1296/1296/3 1284/1284/3 1288/1288/3
f 1297/1297/23 1299/1299/23 1291/1291/23
f 1297/1297/23 1291/1291/23 1289/1289/23
f 1298/1298/158 1296/1296/158 1288/1288/158
f 1298/1298/2 1288/1288/2 1290/1290/2
f 1299/1299/3 1292/1292/3 1286/1286/3
f 1299/1299/3 1286/1286/3 1291/1291/3
f 1293/1293/5 1298/1298/5 1290/1290/5
f 1293/1293/5 1290/1290/5 1285/1285/5
f 1306/1306/2 1309/1309/2 1292/1292/2
f 1306/1306/158 1292/1292/158 1302/1302/158
f 1308/1308/161 1307/1307/161 1301/1301/161
f 1308/1308/1 1301/1301/1 1300/1300/1
f 1309/1309/5 1311/1311/5 1299/1299/5
f 1309/1309/5 1299/1299/5 1292/1292/5
f 1310/1310/3 1308/1308/3 1300/1300/3
f 1310/1310/3 1300/1300/3 1303/1303/3
f 1311/1311/161 1313/1313/161 1305/1305/161
f 1311/1311/1 1305/1305/1 1299/1299/1
f 1312/1312/2 1310/1310/2 1303/1303/2
f 1312/1312/158 1303/1303/158 1304/1304/158
f 1313/1313/3 1306/1306/3 1302/1302/3
f 1313/1313/3 1302/1302/3 1305/1305/3
f 1307/1307/5 1312/1312/5 1304/1304/5
f 1307/1307/5 1304/1304/5 1301/1301/5
f 1314/1314/14 1315/1315/14 1316/1316/14
f 1314/1314/14 1316/1316/14 1317/1317/14
f 1318/1318/9 1319/1319/9 1320/1320/9
f 1318/1318/9 1320/1320/9 1321/1321/9
f 1318/1318/5 1321/1321/5 1317/1317/5
f 1318/1318/5 1317/1317/5 1316/1316/5
f 1321/1321/197 1320/1320/197 1314/1314/197
f 1321/1321/165 1314/1314/165 1317/1317/165
f 1320/1320/3 1319/1319/3 1315/1315/3
f 1320/1320/3 1315/1315/3 1314/1314/3
f 1319/1319/192 1318/1318/192 1316/1316/192
f 1319/1319/217 1316/1316/217 1315/1315/217
f 1322/1322/14 1323/1323/14 1324/1324/14
f 1322/1322/14 1324/1324/14 1325/1325/14
f 1326/1326/9 1327/1327/9 1328/1328/9
f 1326/1326/9 1328/1328/9 1329/1329/9
f 1326/1326/5 1329/1329/5 1325/1325/5
f 1326/1326/5 1325/1325/5 1324/1324/5
f 1329/1329/190 1328/1328/190 1322/1322/190
f 1329/1329/190 1322/1322/190 1325/1325/190
f 1328/1328/3 1327/1327/3 1323/1323/3
f 1328/1328/3 1323/1323/3 1322/1322/3
f 1327/1327/198 1326/1326/198 1324/1324/198
f 1327/1327/163 1324/1324/163 1323/1323/163
f 1330/1330/135 1331/1331/135 55/55/135
f 1330/1330/14 55/55/14 63/63/14
f 1332/1332/155 1330/1330/155 63/63/155
f 1332/1332/155 63/63/155 61/61/155
f 1333/1333/19 1332/1332/19 61/61/19
f 1333/1333/14 61/61/14 56/56/14
f 1331/1331/147 1333/1333/147 56/56/147
f 1331/1331/155 56/56/155 55/55/155
f 67/67/9 1334/1334/9 1335/1335/9
f 67/67/99 1335/1335/99 72/72/99
f 72/72/152 1335/1335/152 1336/1336/152
f 72/72/152 1336/1336/152 71/71/152
f 71/71/185 1336/1336/185 1337/1337/185
f 71/71/143 1337/1337/143 66/66/143
f 66/66/151 1337/1337/151 1334/1334/151
f 66/66/152 1334/1334/152 67/67/152
f 1338/1338/267 1339/1339/267 1340/1340/267
f 1338/1338/274 1340/1340/274 1341/1341/274
f 1342/1342/201 1338/1338/201 1341/1341/201
f 1342/1342/201 1341/1341/201 1343/1343/201
f 1344/1344/275 1342/1342/275 1343/1343/275
f 1344/1344/274 1343/1343/274 1345/1345/274
f 1339/1339/201 1344/1344/201 1345/1345/201
f 1339/1339/201 1345/1345/201 1340/1340/201
f 1346/1346/169 1347/1347/169 1348/1348/169
f 1346/1346/234 1348/1348/234 1349/1349/234
f 1349/1349/200 1348/1348/200 1350/1350/200
f 1349/1349/276 1350/1350/276 1351/1351/276
f 1351/1351/9 1350/1350/9 1352/1352/9
f 1351/1351/186 1352/1352/186 1353/1353/186
f 1353/1353/151 1352/1352/151 1347/1347/151
f 1353/1353/151 1347/1347/151 1346/1346/151
f 1354/1354/141 1355/1355/141 1356/1356/141
f 1354/1354/171 1356/1356/171 1346/1346/171
f 1357/1357/201 1354/1354/201 1346/1346/201
f 1357/1357/201 1346/1346/201 1353/1353/201
f 1358/1358/19 1357/1357/19 1353/1353/19
f 1358/1358/277 1353/1353/277 1359/1359/277
f 1355/1355/201 1358/1358/201 1359/1359/201
f 1355/1355/201 1359/1359/201 1356/1356/201
f 1360/1360/9 1361/1361/9 1362/1362/9
f 1360/1360/232 1362/1362/232 1363/1363/232
f 1363/1363/200 1362/1362/200 1364/1364/200
f 1363/1363/200 1364/1364/200 1365/1365/200
f 1365/1365/278 1364/1364/278 1366/1366/278
f 1365/1365/279 1366/1366/279 1367/1367/279
f 1367/1367/200 1366/1366/200 1361/1361/200
f 1367/1367/200 1361/1361/200 1360/1360/200
f 67/67/5 72/72/5 63/63/5
f 67/67/5 63/63/5 55/55/5
f 1335/1335/3 1334/1334/3 1331/1331/3
f 1335/1335/3 1331/1331/3 1330/1330/3
f 72/72/1 71/71/1 61/61/1
f 72/72/1 61/61/1 63/63/1
f 1336/1336/2 1335/1335/2 1330/1330/2
f 1336/1336/2 1330/1330/2 1332/1332/2
f 71/71/3 66/66/3 56/56/3
f 71/71/3 56/56/3 61/61/3
f 1337/1337/5 1336/1336/5 1332/1332/5
f 1337/1337/5 1332/1332/5 1333/1333/5
f 66/66/2 67/67/2 55/55/2
f 66/66/22 55/55/22 56/56/22
f 1334/1334/1 1337/1337/1 1333/1333/1
f 1334/1334/23 1333/1333/23 1331/1331/23
f 1346/1346/5 1349/1349/5 1341/1341/5
f 1346/1346/5 1341/1341/5 1340/1340/5
f 1348/1348/3 1347/1347/3 1339/1339/3
f 1348/1348/3 1339/1339/3 1338/1338/3
f 1349/1349/23 1351/1351/23 1343/1343/23
f 1349/1349/1 1343/1343/1 1341/1341/1
f 1350/1350/22 1348/1348/22 1338/1338/22
f 1350/1350/22 1338/1338/22 1342/1342/22
f 1351/1351/3 1353/1353/3 1345/1345/3
f 1351/1351/3 1345/1345/3 1343/1343/3
f 1352/1352/5 1350/1350/5 1342/1342/5
f 1352/1352/5 1342/1342/5 1344/1344/5
f 1353/1353/2 1346/1346/2 1340/1340/2
f 1353/1353/2 1340/1340/2 1345/1345/2
f 1347/1347/23 1352/1352/23 1344/1344/23
f 1347/1347/23 1344/1344/23 1339/1339/23
f 1360/1360/5 1363/1363/5 1346/1346/5
f 1360/1360/5 1346/1346/5 1356/1356/5
f 1362/1362/3 1361/1361/3 1355/1355/3
f 1362/1362/3 1355/1355/3 1354/1354/3
f 1363/1363/23 1365/1365/23 1353/1353/23
f 1363/1363/1 1353/1353/1 1346/1346/1
f 1364/1364/158 1362/1362/158 1354/1354/158
f 1364/1364/22 1354/1354/22 1357/1357/22
f 1365/1365/3 1367/1367/3 1359/1359/3
f 1365/1365/3 1359/1359/3 1353/1353/3
f 1366/1366/5 1364/1364/5 1357/1357/5
f 1366/1366/5 1357/1357/5 1358/1358/5
f 1367/1367/167 1360/1360/167 1356/1356/167
f 1367/1367/22 1356/1356/22 1359/1359/22
f 1361/1361/23 1366/1366/23 1358/1358/23
f 1361/1361/161 1358/1358/161 1355/1355/161
f 1368/1368/14 1369/1369/14 1370/1370/14
f 1368/1368/14 1370/1370/14 1371/1371/14
f 1372/1372/9 1373/1373/9 1374/1374/9
f 1372/1372/9 1374/1374/9 1375/1375/9
f 1372/1372/242 1375/1375/242 1371/1371/242
f 1372/1372/242 1371/1371/242 1370/1370/242
f 1375/1375/3 1374/1374/3 1368/1368/3
f 1375/1375/3 1368/1368/3 1371/1371/3
f 1374/1374/2 1373/1373/2 1369/1369/2
f 1374/1374/2 1369/1369/2 1368/1368/2
f 1373/1373/5 1372/1372/5 1370/1370/5
f 1373/1373/5 1370/1370/5 1369/1369/5
f 1376/1376/14 1377/1377/14 1378/1378/14
f 1376/1376/14 1378/1378/14 1379/1379/14
f 1380/1380/9 1381/1381/9 1382/1382/9
f 1380/1380/9 1382/1382/9 1383/1383/9
f 1380/1380/1 1383/1383/1 1379/1379/1
f 1380/1380/244 1379/1379/244 1378/1378/244
f 1383/1383/3 1382/1382/3 1376/1376/3
f 1383/1383/3 1376/1376/3 1379/1379/3
f 1382/1382/2 1381/1381/2 1377/1377/2
f 1382/1382/280 1377/1377/280 1376/1376/280
f 1381/1381/5 1380/1380/5 1378/1378/5
f 1381/1381/5 1378/1378/5 1377/1377/5
f 1384/1384/4 1385/1385/4 50/50/4
f 1384/1384/4 50/50/4 51/51/4
f 1386/1386/19 1384/1384/19 51/51/19
f 1386/1386/14 51/51/14 46/46/14
f 1387/1387/4 1386/1386/4 46/46/4
f 1387/1387/4 46/46/4 45/45/4
f 1385/1385/281 1387/1387/281 45/45/281
f 1385/1385/14 45/45/14 50/50/14
f 39/39/8 1388/1388/8 1389/1389/8
f 39/39/9 1389/1389/9 41/41/9
f 41/41/9 1389/1389/9 1390/1390/9
f 41/41/11 1390/1390/11 33/33/11
f 33/33/8 1390/1390/8 1391/1391/8
f 33/33/8 1391/1391/8 34/34/8
f 34/34/282 1391/1391/282 1388/1388/282
f 34/34/245 1388/1388/245 39/39/245
f 1392/1392/14 1393/1393/14 1394/1394/14
f 1392/1392/4 1394/1394/4 1395/1395/4
f 1396/1396/15 1392/1392/15 1395/1395/15
f 1396/1396/14 1395/1395/14 1397/1397/14
f 1398/1398/4 1396/1396/4 1397/1397/4
f 1398/1398/14 1397/1397/14 1399/1399/14
f 1393/1393/16 1398/1398/16 1399/1399/16
f 1393/1393/14 1399/1399/14 1394/1394/14
f 1400/1400/8 1401/1401/8 1402/1402/8
f 1400/1400/9 1402/1402/9 1403/1403/9
f 1403/1403/270 1402/1402/270 1404/1404/270
f 1403/1403/144 1404/1404/144 1405/1405/144
f 1405/1405/9 1404/1404/9 1406/1406/9
f 1405/1405/8 1406/1406/8 1407/1407/8
f 1407/1407/9 1406/1406/9 1401/1401/9
f 1407/1407/143 1401/1401/143 1400/1400/143
f 1408/1408/4 1409/1409/4 1410/1410/4
f 1408/1408/14 1410/1410/14 1400/1400/14
f 1411/1411/281 1408/1408/281 1400/1400/281
f 1411/1411/145 1400/1400/145 1407/1407/145
f 1412/1412/14 1411/1411/14 1407/1407/14
f 1412/1412/4 1407/1407/4 1413/1413/4
f 1409/1409/135 1412/1412/135 1413/1413/135
f 1409/1409/14 1413/1413/14 1410/1410/14
f 1414/1414/152 1415/1415/152 1416/1416/152
f 1414/1414/151 1416/1416/151 1417/1417/151
f 1417/1417/239 1416/1416/239 1418/1418/239
f 1417/1417/153 1418/1418/153 1419/1419/153
f 1419/1419/151 1418/1418/151 1420/1420/151
f 1419/1419/151 1420/1420/151 1421/1421/151
f 1421/1421/8 1420/1420/8 1415/1415/8
f 1421/1421/11 1415/1415/11 1414/1414/11
f 39/39/2 41/41/2 51/51/2
f 39/39/2 51/51/2 50/50/2
f 1389/1389/1 1388/1388/1 1385/1385/1
f 1389/1389/1 1385/1385/1 1384/1384/1
f 41/41/5 33/33/5 46/46/5
f 41/41/5 46/46/5 51/51/5
f 1390/1390/3 1389/1389/3 1384/1384/3
f 1390/1390/3 1384/1384/3 1386/1386/3
f 33/33/1 34/34/1 45/45/1
f 33/33/1 45/45/1 46/46/1
f 1391/1391/2 1390/1390/2 1386/1386/2
f 1391/1391/2 1386/1386/2 1387/1387/2
f 34/34/3 39/39/3 50/50/3
f 34/34/3 50/50/3 45/45/3
f 1388/1388/5 1391/1391/5 1387/1387/5
f 1388/1388/5 1387/1387/5 1385/1385/5
f 1400/1400/160 1403/1403/160 1395/1395/160
f 1400/1400/22 1395/1395/22 1394/1394/22
f 1402/1402/1 1401/1401/1 1393/1393/1
f 1402/1402/1 1393/1393/1 1392/1392/1
f 1403/1403/5 1405/1405/5 1397/1397/5
f 1403/1403/5 1397/1397/5 1395/1395/5
f 1404/1404/3 1402/1402/3 1392/1392/3
f 1404/1404/3 1392/1392/3 1396/1396/3
f 1405/1405/23 1407/1407/23 1399/1399/23
f 1405/1405/159 1399/1399/159 1397/1397/159
f 1406/1406/2 1404/1404/2 1396/1396/2
f 1406/1406/2 1396/1396/2 1398/1398/2
f 1407/1407/3 1400/1400/3 1394/1394/3
f 1407/1407/3 1394/1394/3 1399/1399/3
f 1401/1401/5 1406/1406/5 1398/1398/5
f 1401/1401/5 1398/1398/5 1393/1393/5
f 1414/1414/2 1417/1417/2 1400/1400/2
f 1414/1414/2 1400/1400/2 1410/1410/2
f 1416/1416/161 1415/1415/161 1409/1409/161
f 1416/1416/1 1409/1409/1 1408/1408/1
f 1417/1417/5 1419/1419/5 1407/1407/5
f 1417/1417/5 1407/1407/5 1400/1400/5
f 1418/1418/3 1416/1416/3 1408/1408/3
f 1418/1418/3 1408/1408/3 1411/1411/3
f 1419/1419/1 1421/1421/1 1413/1413/1
f 1419/1419/161 1413/1413/161 1407/1407/161
f 1420/1420/2 1418/1418/2 1411/1411/2
f 1420/1420/2 1411/1411/2 1412/1412/2
f 1421/1421/3 1414/1414/3 1410/1410/3
f 1421/1421/3 1410/1410/3 1413/1413/3
f 1415/1415/5 1420/1420/5 1412/1412/5
f 1415/1415/5 1412/1412/5 1409/1409/5
f 1422/1422/14 1423/1423/14 1424/1424/14
f 1422/1422/14 1424/1424/14 1425/1425/14
f 1426/1426/9 1427/1427/9 1428/1428/9
f 1426/1426/9 1428/1428/9 1429/1429/9
f 1426/1426/5 1429/1429/5 1425/1425/5
f 1426/1426/5 1425/1425/5 1424/1424/5
f 1429/1429/179 1428/1428/179 1422/1422/179
f 1429/1429/162 1422/1422/162 1425/1425/162
f 1428/1428/3 1427/1427/3 1423/1423/3
f 1428/1428/3 1423/1423/3 1422/1422/3
f 1427/1427/256 1426/1426/256 1424/1424/256
f 1427/1427/191 1424/1424/191 1423/1423/191
f 1430/1430/14 1431/1431/14 1432/1432/14
f 1430/1430/14 1432/1432/14 1433/1433/14
f 1434/1434/9 1435/1435/9 1436/1436/9
f 1434/1434/9 1436/1436/9 1437/1437/9
f 1434/1434/5 1437/1437/5 1433/1433/5
f 1434/1434/5 1433/1433/5 1432/1432/5
f 1437/1437/161 1436/1436/161 1430/1430/161
f 1437/1437/23 1430/1430/23 1433/1433/23
f 1436/1436/3 1435/1435/3 1431/1431/3
f 1436/1436/3 1431/1431/3 1430/1430/3
f 1435/1435/283 1434/1434/283 1432/1432/283
f 1435/1435/164 1432/1432/164 1431/1431/164
f 1438/1438/4 1439/1439/4 1440/1440/4
f 1438/1438/14 1440/1440/14 1441/1441/14
f 1442/1442/145 1438/1438/145 1441/1441/145
f 1442/1442/14 1441/1441/14 54/54/14
f 1443/1443/4 1442/1442/4 54/54/4
f 1443/1443/4 54/54/4 48/48/4
f 1439/1439/275 1443/1443/275 48/48/275
f 1439/1439/14 48/48/14 1440/1440/14
f 1444/1444/152 1445/1445/152 1446/1446/152
f 1444/1444/151 1446/1446/151 36/36/151
f 36/36/227 1446/1446/227 1447/1447/227
f 36/36/143 1447/1447/143 42/42/143
f 42/42/8 1447/1447/8 1448/1448/8
f 42/42/8 1448/1448/8 38/38/8
f 38/38/9 1448/1448/9 1445/1445/9
f 38/38/235 1445/1445/235 1444/1444/235
f 1449/1449/4 1450/1450/4 1451/1451/4
f 1449/1449/4 1451/1451/4 1452/1452/4
f 1453/1453/284 1449/1449/284 1452/1452/284
f 1453/1453/14 1452/1452/14 1454/1454/14
f 1455/1455/4 1453/1453/4 1454/1454/4
f 1455/1455/4 1454/1454/4 1456/1456/4
f 1450/1450/285 1455/1455/285 1456/1456/285
f 1450/1450/14 1456/1456/14 1451/1451/14
f 1457/1457/8 1458/1458/8 1459/1459/8
f 1457/1457/8 1459/1459/8 1460/1460/8
f 1460/1460/9 1459/1459/9 1461/1461/9
f 1460/1460/131 1461/1461/131 1462/1462/131
f 1462/1462/8 1461/1461/8 1463/1463/8
f 1462/1462/8 1463/1463/8 1464/1464/8
f 1464/1464/9 1463/1463/9 1458/1458/9
f 1464/1464/286 1458/1458/286 1457/1457/286
f 1465/1465/4 1466/1466/4 1467/1467/4
f 1465/1465/14 1467/1467/14 1457/1457/14
f 1468/1468/287 1465/1465/287 1457/1457/287
f 1468/1468/14 1457/1457/14 1464/1464/14
f 1469/1469/4 1468/1468/4 1464/1464/4
f 1469/1469/4 1464/1464/4 1470/1470/4
f 1466/1466/187 1469/1469/187 1470/1470/187
f 1466/1466/14 1470/1470/14 1467/1467/14
f 1471/1471/8 1472/1472/8 1473/1473/8
f 1471/1471/9 1473/1473/9 1474/1474/9
f 1474/1474/9 1473/1473/9 1475/1475/9
f 1474/1474/288 1475/1475/288 1476/1476/288
f 1476/1476/8 1475/1475/8 1477/1477/8
f 1476/1476/8 1477/1477/8 1478/1478/8
f 1478/1478/9 1477/1477/9 1472/1472/9
f 1478/1478/168 1472/1472/168 1471/1471/168
f 1444/1444/2 36/36/2 1441/1441/2
f 1444/1444/2 1441/1441/2 1440/1440/2
f 1446/1446/23 1445/1445/23 1439/1439/23
f 1446/1446/1 1439/1439/1 1438/1438/1
f 36/36/5 42/42/5 54/54/5
f 36/36/5 54/54/5 1441/1441/5
f 1447/1447/3 1446/1446/3 1438/1438/3
f 1447/1447/3 1438/1438/3 1442/1442/3
f 42/42/1 38/38/1 48/48/1
f 42/42/1 48/48/1 54/54/1
f 1448/1448/2 1447/1447/2 1442/1442/2
f 1448/1448/2 1442/1442/2 1443/1443/2
f 38/38/3 1444/1444/3 1440/1440/3
f 38/38/3 1440/1440/3 48/48/3
f 1445/1445/5 1448/1448/5 1443/1443/5
f 1445/1445/5 1443/1443/5 1439/1439/5
f 1457/1457/160 1460/1460/160 1452/1452/160
f 1457/1457/160 1452/1452/160 1451/1451/160
f 1459/1459/161 1458/1458/161 1450/1450/161
f 1459/1459/190 1450/1450/190 1449/1449/190
f 1460/1460/5 1462/1462/5 1454/1454/5
f 1460/1460/5 1454/1454/5 1452/1452/5
f 1461/1461/3 1459/1459/3 1449/1449/3
f 1461/1461/3 1449/1449/3 1453/1453/3
f 1462/1462/1 1464/1464/1 1456/1456/1
f 1462/1462/190 1456/1456/190 1454/1454/190
f 1463/1463/160 1461/1461/160 1453/1453/160
f 1463/1463/160 1453/1453/160 1455/1455/160
f 1464/1464/3 1457/1457/3 1451/1451/3
f 1464/1464/3 1451/1451/3 1456/1456/3
f 1458/1458/5 1463/1463/5 1455/1455/5
f 1458/1458/5 1455/1455/5 1450/1450/5
f 1471/1471/158 1474/1474/158 1457/1457/158
f 1471/1471/2 1457/1457/2 1467/1467/2
f 1473/1473/1 1472/1472/1 1466/1466/1
f 1473/1473/1 1466/1466/1 1465/1465/1
f 1474/1474/5 1476/1476/5 1464/1464/5
f 1474/1474/5 1464/1464/5 1457/1457/5
f 1475/1475/3 1473/1473/3 1465/1465/3
f 1475/1475/3 1465/1465/3 1468/1468/3
f 1476/1476/1 1478/1478/1 1470/1470/1
f 1476/1476/161 1470/1470/161 1464/1464/161
f 1477/1477/2 1475/1475/2 1468/1468/2
f 1477/1477/2 1468/1468/2 1469/1469/2
f 1478/1478/3 1471/1471/3 1467/1467/3
f 1478/1478/3 1467/1467/3 1470/1470/3
f 1472/1472/5 1477/1477/5 1469/1469/5
f 1472/1472/5 1469/1469/5 1466/1466/5
f 1479/1479/14 1480/1480/14 1481/1481/14
f 1479/1479/14 1481/1481/14 1482/1482/14
f 1483/1483/9 1484/1484/9 1485/1485/9
f 1483/1483/9 1485/1485/9 1486/1486/9
f 1483/1483/5 1486/1486/5 1482/1482/5
f 1483/1483/5 1482/1482/5 1481/1481/5
f 1486/1486/23 1485/1485/23 1479/1479/23
f 1486/1486/23 1479/1479/23 1482/1482/23
f 1485/1485/3 1484/1484/3 1480/1480/3
f 1485/1485/3 1480/1480/3 1479/1479/3
f 1484/1484/256 1483/1483/256 1481/1481/256
f 1484/1484/164 1481/1481/164 1480/1480/164
f 1487/1487/14 1488/1488/14 1489/1489/14
f 1487/1487/14 1489/1489/14 1490/1490/14
f 1491/1491/9 1492/1492/9 1493/1493/9
f 1491/1491/9 1493/1493/9 1494/1494/9
f 1491/1491/5 1494/1494/5 1490/1490/5
f 1491/1491/5 1490/1490/5 1489/1489/5
f 1494/1494/23 1493/1493/23 1487/1487/23
f 1494/1494/23 1487/1487/23 1490/1490/23
f 1493/1493/3 1492/1492/3 1488/1488/3
f 1493/1493/3 1488/1488/3 1487/1487/3
f 1492/1492/217 1491/1491/217 1489/1489/217
f 1492/1492/192 1489/1489/192 1488/1488/192
f 1495/1495/289 1496/1496/289 1497/1497/289
f 1495/1495/289 1497/1497/289 1498/1498/289
f 1496/1496/290 1499/1499/290 1500/1500/290
f 1496/1496/291 1500/1500/291 1497/1497/291
f 1499/1499/292 1501/1501/292 1502/1502/292
f 1499/1499/292 1502/1502/292 1500/1500/292
f 1501/1501/293 1495/1495/293 1498/1498/293
f 1501/1501/294 1498/1498/294 1502/1502/294
f 1503/1503/295 1504/1504/295 1505/1505/295
f 1503/1503/295 1505/1505/295 1506/1506/295
f 1504/1504/296 1496/1496/296 1507/1507/296
f 1504/1504/297 1507/1507/297 1505/1505/297
f 1496/1496/298 1495/1495/298 1508/1508/298
f 1496/1496/298 1508/1508/298 1507/1507/298
f 1495/1495/299 1503/1503/299 1506/1506/299
f 1495/1495/300 1506/1506/300 1508/1508/300
f 1509/1509/301 213/213/301 215/215/301
f 1509/1509/301 215/215/301 1510/1510/301
f 1511/1511/302 212/212/302 213/213/302
f 1511/1511/303 213/213/303 1509/1509/303
f 1512/1512/301 214/214/301 212/212/301
f 1512/1512/304 212/212/304 1511/1511/304
f 1510/1510/305 215/215/305 214/214/305
f 1510/1510/306 214/214/306 1512/1512/306
f 1513/1513/307 216/216/307 217/217/307
f 1513/1513/307 217/217/307 1514/1514/307
f 1515/1515/307 213/213/307 216/216/307
f 1515/1515/308 216/216/308 1513/1513/308
f 1516/1516/307 215/215/307 213/213/307
f 1516/1516/307 213/213/307 1515/1515/307
f 1514/1514/309 217/217/309 215/215/309
f 1514/1514/310 215/215/310 1516/1516/310
f 1498/1498/311 1497/1497/311 1509/1509/311
f 1498/1498/312 1509/1509/312 1510/1510/312
f 1499/1499/313 1496/1496/313 213/213/313
f 1499/1499/150 213/213/150 212/212/150
f 1497/1497/15 1500/1500/15 1511/1511/15
f 1497/1497/314 1511/1511/314 1509/1509/314
f 1501/1501/311 1499/1499/311 212/212/311
f 1501/1501/312 212/212/312 214/214/312
f 1500/1500/315 1502/1502/315 1512/1512/315
f 1500/1500/315 1512/1512/315 1511/1511/315
f 1495/1495/19 1501/1501/19 214/214/19
f 1495/1495/218 214/214/218 215/215/218
f 1502/1502/9 1498/1498/9 1510/1510/9
f 1502/1502/9 1510/1510/9 1512/1512/9
f 1504/1504/316 1503/1503/316 217/217/316
f 1504/1504/316 217/217/316 216/216/316
f 1506/1506/317 1505/1505/317 1513/1513/317
f 1506/1506/317 1513/1513/317 1514/1514/317
f 1496/1496/318 1504/1504/318 216/216/318
f 1496/1496/319 216/216/319 213/213/319
f 1505/1505/320 1507/1507/320 1515/1515/320
f 1505/1505/321 1515/1515/321 1513/1513/321
f 1507/1507/322 1508/1508/322 1516/1516/322
f 1507/1507/316 1516/1516/316 1515/1515/316
f 1503/1503/323 1495/1495/323 215/215/323
f 1503/1503/218 215/215/218 217/217/218
f 1508/1508/6 1506/1506/6 1514/1514/6
f 1508/1508/6 1514/1514/6 1516/1516/6
f 1511/1511/292 1512/1512/292 1510/1510/292
f 1511/1511/292 1510/1510/292 1509/1509/292
f 1515/1515/295 1516/1516/295 1514/1514/295
f 1515/1515/295 1514/1514/295 1513/1513/295
f 1517/1517/9 1518/1518/9 1519/1519/9
f 1517/1517/9 1519/1519/9 1520/1520/9
f 1518/1518/9 1521/1521/9 1522/1522/9
f 1518/1518/9 1522/1522/9 1519/1519/9
f 1523/1523/14 1496/1496/14 1524/1524/14
f 1523/1523/14 1524/1524/14 1525/1525/14
f 1526/1526/14 1527/1527/14 1496/1496/14
f 1526/1526/14 1496/1496/14 1523/1523/14
f 1523/1523/324 1525/1525/324 1520/1520/324
f 1523/1523/325 1520/1520/325 1519/1519/325
f 1525/1525/2 1524/1524/2 1517/1517/2
f 1525/1525/2 1517/1517/2 1520/1520/2
f 1524/1524/326 1496/1496/326 1518/1518/326
f 1524/1524/292 1518/1518/292 1517/1517/292
f 1526/1526/327 1523/1523/327 1519/1519/327
f 1526/1526/328 1519/1519/328 1522/1522/328
f 1496/1496/329 1527/1527/329 1521/1521/329
f 1496/1496/330 1521/1521/330 1518/1518/330
f 1527/1527/1 1526/1526/1 1522/1522/1
f 1527/1527/1 1522/1522/1 1521/1521/1
f 1528/1528/331 1529/1529/331 1530/1530/331
f 1531/1531/332 1532/1532/332 1533/1533/332
f 1534/1534/333 1535/1535/333 1536/1536/333
f 1537/1537/334 1538/1538/334 1539/1539/334
f 1540/1540/335 1541/1541/335 1542/1542/335
f 1538/1538/334 1543/1543/334 1539/1539/334
f 1544/1544/14 1538/1538/14 1545/1545/14
f 1546/1546/2 1547/1547/2 1538/1538/2
f 1548/1548/9 1549/1549/9 1547/1547/9
f 1550/1550/336 1551/1551/336 1546/1546/336
f 1538/1538/337 1552/1552/337 1553/1553/337
f 1554/1554/338 1538/1538/338 1551/1551/338
f 1555/1555/339 1546/1546/339 1539/1539/339
f 1540/1540/340 1547/1547/340 1556/1556/340
f 1539/1539/341 1546/1546/341 1557/1557/341
f 1558/1558/342 1547/1547/342 1559/1559/342
f 1560/1560/343 1561/1561/343 1562/1562/343
f 1563/1563/331 1558/1558/331 1564/1564/331
f 1565/1565/344 1566/1566/344 1567/1567/344
f 1547/1547/345 1568/1568/345 1559/1559/345
f 1569/1569/346 1570/1570/346 1571/1571/346
f 1565/1565/347 1570/1570/347 1572/1572/347
f 1573/1573/348 1535/1535/348 1528/1528/348
f 1574/1574/349 1560/1560/349 1528/1528/349
f 1549/1549/350 1574/1574/350 1529/1529/350
f 1530/1530/351 1549/1549/351 1529/1529/351
f 1533/1533/352 1575/1575/352 1532/1532/352
f 1576/1576/353 1533/1533/353 1531/1531/353
f 1577/1577/354 1576/1576/354 1531/1531/354
f 1538/1538/355 1536/1536/355 1534/1534/355
f 1573/1573/356 1575/1575/356 1535/1535/356
f 1541/1541/357 1555/1555/357 1542/1542/357
f 1560/1560/358 1573/1573/358 1528/1528/358
f 1547/1547/359 1578/1578/359 1579/1579/359
f 1547/1547/360 1555/1555/360 1539/1539/360
f 1572/1572/361 1570/1570/361 1580/1580/361
f 1537/1537/341 1539/1539/341 1557/1557/341
f 1565/1565/362 1577/1577/362 1532/1532/362
f 1528/1528/331 1574/1574/331 1529/1529/331
f 1531/1531/332 1577/1577/332 1532/1532/332
f 1534/1534/333 1575/1575/333 1535/1535/333
f 1548/1548/363 1541/1541/363 1556/1556/363
f 1544/1544/14 1546/1546/14 1538/1538/14
f 1546/1546/2 1548/1548/2 1547/1547/2
f 1548/1548/9 1581/1581/9 1549/1549/9
f 1549/1549/364 1564/1564/364 1582/1582/364
f 1547/1547/365 1579/1579/365 1556/1556/365
f 1538/1538/366 1537/1537/366 1551/1551/366
f 1568/1568/367 1547/1547/367 1536/1536/367
f 1542/1542/368 1547/1547/368 1540/1540/368
f 1551/1551/369 1537/1537/369 1557/1557/369
f 1541/1541/370 1540/1540/370 1556/1556/370
f 1558/1558/371 1583/1583/371 1562/1562/371
f 1560/1560/372 1584/1584/372 1561/1561/372
f 1585/1585/350 1586/1586/350 1587/1587/350
f 1576/1576/373 1569/1569/373 1571/1571/373
f 1536/1536/374 1547/1547/374 1530/1530/374
f 1552/1552/375 1576/1576/375 1571/1571/375
f 1565/1565/376 1567/1567/376 1570/1570/376
f 1588/1588/377 1553/1553/377 1559/1559/377
f 1553/1553/378 1552/1552/378 1566/1566/378
f 1566/1566/379 1573/1573/379 1583/1583/379
f 1566/1566/380 1552/1552/380 1567/1567/380
f 1535/1535/381 1530/1530/381 1528/1528/381
f 1549/1549/382 1563/1563/382 1564/1564/382
f 1549/1549/350 1582/1582/350 1574/1574/350
f 1530/1530/351 1547/1547/351 1549/1549/351
f 1538/1538/383 1534/1534/383 1533/1533/383
f 1576/1576/384 1538/1538/384 1533/1533/384
f 1577/1577/353 1580/1580/353 1576/1576/353
f 1573/1573/356 1589/1589/356 1575/1575/356
f 1575/1575/385 1589/1589/385 1532/1532/385
f 1538/1538/386 1588/1588/386 1559/1559/386
f 1572/1572/387 1580/1580/387 1577/1577/387
f 1573/1573/388 1560/1560/388 1583/1583/388
f 1558/1558/389 1559/1559/389 1583/1583/389
f 1575/1575/390 1533/1533/390 1566/1566/390
f 1536/1536/391 1530/1530/391 1559/1559/391
f 1583/1583/392 1560/1560/392 1562/1562/392
f 1590/1590/353 1591/1591/353 1592/1592/353
f 1593/1593/356 1594/1594/356 1595/1595/356
f 1596/1596/393 1597/1597/393 1598/1598/393
f 1599/1599/394 1600/1600/394 1601/1601/394
f 1598/1598/395 1597/1597/395 1602/1602/395
f 1598/1598/396 1603/1603/396 1604/1604/396
f 1605/1605/397 1606/1606/397 1598/1598/397
f 1606/1606/398 1605/1605/398 1607/1607/398
f 1608/1608/399 1603/1603/399 1609/1609/399
f 1610/1610/400 1611/1611/400 1612/1612/400
f 1613/1613/401 1609/1609/401 1598/1598/401
f 1614/1614/402 1597/1597/402 1603/1603/402
f 1599/1599/403 1615/1615/403 1605/1605/403
f 1616/1616/404 1617/1617/404 1618/1618/404
f 1597/1597/405 1619/1619/405 1603/1603/405
f 1620/1620/406 1621/1621/406 1622/1622/406
f 1623/1623/407 1624/1624/407 1618/1618/407
f 1625/1625/408 1616/1616/408 1620/1620/408
f 1626/1626/409 1627/1627/409 1628/1628/409
f 1622/1622/410 1621/1621/410 1629/1629/410
f 1630/1630/411 1631/1631/411 1632/1632/411
f 1626/1626/412 1633/1633/412 1632/1632/412
f 1634/1634/413 1635/1635/413 1636/1636/413
f 1637/1637/414 1635/1635/414 1623/1623/414
f 1617/1617/415 1638/1638/415 1637/1637/415
f 1639/1639/416 1638/1638/416 1617/1617/416
f 1640/1640/417 1641/1641/417 1642/1642/417
f 1643/1643/418 1644/1644/418 1640/1640/418
f 1645/1645/419 1644/1644/419 1643/1643/419
f 1610/1610/420 1646/1646/420 1647/1647/420
f 1634/1634/421 1636/1636/421 1642/1642/421
f 1601/1601/422 1600/1600/422 1614/1614/422
f 1623/1623/423 1635/1635/423 1634/1634/423
f 1605/1605/424 1648/1648/424 1649/1649/424
f 1605/1605/425 1597/1597/425 1614/1614/425
f 1633/1633/426 1650/1650/426 1632/1632/426
f 1596/1596/427 1619/1619/427 1597/1597/427
f 1626/1626/428 1641/1641/428 1645/1645/428
f 1585/1585/350 1587/1587/350 1651/1651/350
f 1590/1590/353 1592/1592/353 1652/1652/353
f 1593/1593/356 1595/1595/356 1653/1653/356
f 1606/1606/429 1615/1615/429 1601/1601/429
f 1606/1606/4 1607/1607/4 1654/1654/4
f 1603/1603/430 1655/1655/430 1604/1604/430
f 1605/1605/431 1615/1615/431 1648/1648/431
f 1598/1598/432 1609/1609/432 1596/1596/432
f 1629/1629/433 1647/1647/433 1622/1622/433
f 1609/1609/434 1619/1619/434 1596/1596/434
f 1601/1601/435 1615/1615/435 1599/1599/435
f 1620/1620/436 1624/1624/436 1656/1656/436
f 1623/1623/437 1618/1618/437 1657/1657/437
f 1643/1643/438 1631/1631/438 1630/1630/438
f 1647/1647/439 1639/1639/439 1622/1622/439
f 1612/1612/440 1631/1631/440 1643/1643/440
f 1626/1626/441 1632/1632/441 1627/1627/441
f 1658/1658/442 1621/1621/442 1611/1611/442
f 1611/1611/443 1628/1628/443 1612/1612/443
f 1628/1628/444 1656/1656/444 1634/1634/444
f 1628/1628/352 1627/1627/352 1612/1612/352
f 1636/1636/445 1635/1635/445 1639/1639/445
f 1617/1617/446 1616/1616/446 1625/1625/446
f 1617/1617/447 1637/1637/447 1659/1659/447
f 1639/1639/448 1617/1617/448 1622/1622/448
f 1610/1610/449 1640/1640/449 1646/1646/449
f 1643/1643/450 1640/1640/450 1610/1610/450
f 1645/1645/451 1643/1643/451 1650/1650/451
f 1606/1606/452 1603/1603/452 1598/1598/452
f 1634/1634/421 1642/1642/421 1660/1660/421
f 1642/1642/453 1641/1641/453 1660/1660/453
f 1610/1610/454 1621/1621/454 1658/1658/454
f 1633/1633/455 1645/1645/455 1650/1650/455
f 1634/1634/456 1656/1656/456 1623/1623/456
f 1620/1620/457 1656/1656/457 1621/1621/457
f 1642/1642/458 1628/1628/458 1640/1640/458
f 1533/1533/459 1591/1591/459 1590/1590/459
f 1647/1647/460 1621/1621/460 1639/1639/460
f 1656/1656/461 1624/1624/461 1623/1623/461
f 1533/1533/462 1590/1590/462 1531/1531/462
f 1528/1528/463 1651/1651/463 1574/1574/463
f 1534/1534/464 1653/1653/464 1575/1575/465
f 1531/1531/466 1652/1652/466 1577/1577/467
f 1574/1574/468 1587/1587/468 1529/1529/468
f 1575/1575/469 1595/1595/469 1535/1535/469
f 1529/1529/470 1586/1586/470 1530/1530/470
f 1577/1577/471 1592/1592/471 1532/1532/471
f 1532/1532/472 1591/1591/472 1533/1533/472
f 1535/1535/473 1594/1594/473 1536/1536/473
f 1528/1528/474 1586/1586/474 1585/1585/474
f 1536/1536/475 1593/1593/475 1534/1534/475
f 1614/1614/476 1600/1600/476 1599/1599/476
f 1528/1528/477 1585/1585/478 1651/1651/477
f 1534/1534/479 1593/1593/480 1653/1653/479
f 1531/1531/481 1590/1590/481 1652/1652/482
f 1574/1574/483 1651/1651/484 1587/1587/484
f 1575/1575/485 1653/1653/486 1595/1595/485
f 1529/1529/487 1587/1587/487 1586/1586/487
f 1577/1577/488 1652/1652/488 1592/1592/488
f 1532/1532/489 1592/1592/490 1591/1591/490
f 1535/1535/491 1595/1595/492 1594/1594/492
f 1528/1528/493 1530/1530/493 1586/1586/493
f 1536/1536/494 1594/1594/494 1593/1593/494
f 1538/1538/3 1661/1661/3 1545/1545/3
f 1550/1550/22 1545/1545/22 1554/1554/22
f 1547/1547/3 1543/1543/3 1538/1538/3
f 1546/1546/495 1555/1555/495 1548/1548/495
f 1574/1574/496 1584/1584/496 1560/1560/496
f 1581/1581/2 1662/1662/2 1549/1549/2
f 1579/1579/497 1662/1662/497 1556/1556/497
f 1548/1548/5 1662/1662/5 1581/1581/5
f 1564/1564/364 1561/1561/364 1582/1582/364
f 1662/1662/498 1548/1548/498 1556/1556/498
f 1584/1584/499 1582/1582/499 1561/1561/499
f 1568/1568/500 1538/1538/500 1559/1559/500
f 1588/1588/501 1538/1538/501 1553/1553/501
f 1565/1565/502 1589/1589/502 1566/1566/502
f 1533/1533/503 1534/1534/503 1553/1553/503
f 1589/1589/504 1565/1565/504 1532/1532/504
f 1545/1545/2 1661/1661/2 1554/1554/2
f 1562/1562/505 1530/1530/505 1558/1558/505
f 1561/1561/506 1528/1528/506 1562/1562/506
f 1552/1552/507 1538/1538/507 1576/1576/507
f 1564/1564/1 1574/1574/1 1561/1561/1
f 1558/1558/508 1529/1529/508 1564/1564/508
f 1567/1567/509 1533/1533/509 1532/1532/509
f 1571/1571/510 1533/1533/510 1552/1552/510
f 1571/1571/511 1577/1577/511 1531/1531/511
f 1572/1572/512 1577/1577/512 1565/1565/512
f 1567/1567/513 1577/1577/513 1570/1570/513
f 1553/1553/514 1536/1536/514 1559/1559/514
f 1566/1566/515 1533/1533/515 1553/1553/515
f 1583/1583/516 1575/1575/516 1566/1566/516
f 1559/1559/517 1530/1530/517 1583/1583/517
f 1661/1661/518 1538/1538/518 1554/1554/518
f 1543/1543/519 1547/1547/519 1539/1539/519
f 1546/1546/5 1544/1544/5 1550/1550/5
f 1554/1554/520 1551/1551/520 1550/1550/520
f 1550/1550/2 1544/1544/2 1545/1545/2
f 1551/1551/521 1557/1557/521 1546/1546/521
f 1547/1547/3 1549/1549/3 1578/1578/3
f 1579/1579/2 1578/1578/2 1549/1549/2
f 1574/1574/522 1582/1582/522 1584/1584/522
f 1662/1662/2 1579/1579/2 1549/1549/2
f 1555/1555/523 1541/1541/523 1548/1548/523
f 1569/1569/524 1576/1576/524 1570/1570/524
f 1558/1558/525 1563/1563/525 1549/1549/525
f 1538/1538/526 1568/1568/526 1536/1536/526
f 1542/1542/527 1555/1555/527 1547/1547/527
f 1562/1562/528 1528/1528/528 1530/1530/528
f 1566/1566/379 1589/1589/379 1573/1573/379
f 1561/1561/529 1574/1574/529 1528/1528/529
f 1564/1564/211 1529/1529/211 1574/1574/211
f 1547/1547/530 1558/1558/530 1549/1549/530
f 1558/1558/531 1530/1530/531 1529/1529/531
f 1567/1567/532 1552/1552/532 1533/1533/532
f 1571/1571/533 1531/1531/533 1533/1533/533
f 1570/1570/534 1576/1576/534 1580/1580/534
f 1571/1571/535 1570/1570/535 1577/1577/535
f 1567/1567/536 1532/1532/536 1577/1577/536
f 1553/1553/537 1534/1534/537 1536/1536/537
f 1530/1530/538 1535/1535/538 1583/1583/538
f 1583/1583/516 1535/1535/516 1575/1575/516
f 1598/1598/5 1604/1604/5 1663/1663/5
f 1608/1608/539 1613/1613/539 1604/1604/539
f 1605/1605/540 1598/1598/540 1602/1602/540
f 1603/1603/541 1606/1606/541 1614/1614/541
f 1637/1637/542 1623/1623/542 1657/1657/542
f 1654/1654/165 1607/1607/165 1664/1664/165
f 1648/1648/543 1615/1615/543 1664/1664/543
f 1606/1606/544 1654/1654/544 1664/1664/544
f 1664/1664/545 1615/1615/545 1606/1606/545
f 1657/1657/546 1618/1618/546 1659/1659/546
f 1629/1629/547 1621/1621/547 1610/1610/547
f 1658/1658/548 1611/1611/548 1610/1610/548
f 1626/1626/549 1628/1628/549 1660/1660/549
f 1640/1640/550 1611/1611/550 1646/1646/550
f 1660/1660/551 1641/1641/551 1626/1626/551
f 1604/1604/211 1613/1613/211 1663/1663/211
f 1639/1639/552 1635/1635/552 1620/1620/552
f 1618/1618/553 1624/1624/553 1635/1635/553
f 1612/1612/554 1643/1643/554 1610/1610/554
f 1616/1616/555 1618/1618/555 1637/1637/555
f 1638/1638/556 1639/1639/556 1616/1616/556
f 1640/1640/557 1612/1612/557 1641/1641/557
f 1640/1640/558 1644/1644/558 1612/1612/558
f 1631/1631/559 1644/1644/559 1645/1645/559
f 1633/1633/560 1626/1626/560 1645/1645/560
f 1645/1645/561 1641/1641/561 1632/1632/561
f 1647/1647/562 1646/1646/562 1621/1621/562
f 1628/1628/563 1611/1611/563 1640/1640/563
f 1642/1642/564 1636/1636/564 1628/1628/564
f 1621/1621/565 1656/1656/565 1639/1639/565
f 1663/1663/566 1613/1613/566 1598/1598/566
f 1602/1602/567 1597/1597/567 1605/1605/567
f 1635/1635/568 1624/1624/568 1620/1620/568
f 1617/1617/569 1659/1659/569 1618/1618/569
f 1603/1603/570 1608/1608/570 1655/1655/570
f 1613/1613/571 1608/1608/571 1609/1609/571
f 1608/1608/159 1604/1604/159 1655/1655/159
f 1609/1609/572 1603/1603/572 1619/1619/572
f 1605/1605/261 1649/1649/261 1607/1607/261
f 1648/1648/211 1607/1607/211 1649/1649/211
f 1637/1637/573 1657/1657/573 1659/1659/573
f 1664/1664/222 1607/1607/222 1648/1648/222
f 1605/1605/574 1614/1614/574 1599/1599/574
f 1614/1614/575 1606/1606/575 1601/1601/575
f 1630/1630/576 1632/1632/576 1643/1643/576
f 1620/1620/577 1617/1617/577 1625/1625/577
f 1610/1610/578 1647/1647/578 1629/1629/578
f 1641/1641/579 1627/1627/579 1632/1632/579
f 1628/1628/444 1634/1634/444 1660/1660/444
f 1618/1618/580 1635/1635/580 1637/1637/580
f 1616/1616/581 1637/1637/581 1638/1638/581
f 1622/1622/582 1617/1617/582 1620/1620/582
f 1636/1636/514 1656/1656/514 1628/1628/514
f 1646/1646/583 1611/1611/583 1621/1621/583
f 1639/1639/584 1620/1620/584 1616/1616/584
f 1632/1632/585 1650/1650/585 1643/1643/585
f 1631/1631/586 1645/1645/586 1632/1632/586
f 1612/1612/587 1627/1627/587 1641/1641/587
f 1644/1644/588 1631/1631/588 1612/1612/588
f 1639/1639/589 1656/1656/589 1636/1636/589
f 1538/1538/9 1665/1665/9 1545/1545/9
f 1547/1547/1 1666/1666/1 1538/1538/1
f 1549/1549/14 1667/1667/14 1547/1547/14
f 1668/1668/5 1669/1669/5 1667/1667/5
f 1669/1669/5 1666/1666/5 1667/1667/5
f 1670/1670/5 1665/1665/5 1666/1666/5
f 1671/1671/2 1549/1549/2 1582/1582/2
f 1538/1538/9 1666/1666/9 1665/1665/9
f 1547/1547/1 1667/1667/1 1666/1666/1
f 1549/1549/14 1668/1668/14 1667/1667/14
f 1668/1668/5 1671/1671/5 1669/1669/5
f 1669/1669/5 1670/1670/5 1666/1666/5
f 1670/1670/5 1672/1672/5 1665/1665/5
f 1671/1671/2 1668/1668/2 1549/1549/2
f 1673/1673/3 1674/1674/3 1675/1675/3
f 1673/1673/3 1675/1675/3 1676/1676/3
f 1674/1674/3 1677/1677/3 1678/1678/3
f 1674/1674/3 1678/1678/3 1675/1675/3
f 1677/1677/3 1679/1679/3 1680/1680/3
f 1677/1677/3 1680/1680/3 1678/1678/3
f 1679/1679/3 1673/1673/3 1676/1676/3
f 1679/1679/3 1676/1676/3 1680/1680/3
f 1681/1681/5 1682/1682/5 1683/1683/5
f 1681/1681/5 1683/1683/5 1684/1684/5
f 1682/1682/5 1685/1685/5 1686/1686/5
f 1682/1682/5 1686/1686/5 1683/1683/5
f 1685/1685/5 1687/1687/5 1688/1688/5
f 1685/1685/5 1688/1688/5 1686/1686/5
f 1687/1687/5 1681/1681/5 1684/1684/5
f 1687/1687/5 1684/1684/5 1688/1688/5
f 1689/1689/3 1690/1690/3 1691/1691/3
f 1689/1689/3 1691/1691/3 1692/1692/3
f 1690/1690/3 1693/1693/3 1694/1694/3
f 1690/1690/3 1694/1694/3 1691/1691/3
f 1693/1693/3 1695/1695/3 1696/1696/3
f 1693/1693/3 1696/1696/3 1694/1694/3
f 1695/1695/3 1689/1689/3 1692/1692/3
f 1695/1695/3 1692/1692/3 1696/1696/3
f 1697/1697/3 1698/1698/3 1699/1699/3
f 1697/1697/3 1699/1699/3 1700/1700/3
f 1698/1698/3 1701/1701/3 1702/1702/3
f 1698/1698/3 1702/1702/3 1699/1699/3
f 1701/1701/3 1703/1703/3 1704/1704/3
f 1701/1701/3 1704/1704/3 1702/1702/3
f 1703/1703/3 1697/1697/3 1700/1700/3
f 1703/1703/3 1700/1700/3 1704/1704/3
f 1705/1705/5 1706/1706/5 1707/1707/5
f 1705/1705/5 1707/1707/5 1708/1708/5
f 1706/1706/5 1709/1709/5 1710/1710/5
f 1706/1706/5 1710/1710/5 1707/1707/5
f 1709/1709/5 1711/1711/5 1712/1712/5
f 1709/1709/5 1712/1712/5 1710/1710/5
f 1711/1711/5 1705/1705/5 1708/1708/5
f 1711/1711/5 1708/1708/5 1712/1712/5
f 1713/1713/3 1714/1714/3 1715/1715/3
f 1713/1713/3 1715/1715/3 1716/1716/3
f 1714/1714/3 1717/1717/3 1718/1718/3
f 1714/1714/3 1718/1718/3 1715/1715/3
f 1717/1717/3 1719/1719/3 1720/1720/3
f 1717/1717/3 1720/1720/3 1718/1718/3
f 1719/1719/3 1713/1713/3 1716/1716/3
f 1719/1719/3 1716/1716/3 1720/1720/3
f 1721/1721/3 1722/1722/3 1723/1723/3
f 1721/1721/3 1723/1723/3 1724/1724/3
f 1722/1722/3 1725/1725/3 1726/1726/3
f 1722/1722/3 1726/1726/3 1723/1723/3
f 1725/1725/3 1727/1727/3 1728/1728/3
f 1725/1725/3 1728/1728/3 1726/1726/3
f 1727/1727/3 1721/1721/3 1724/1724/3
f 1727/1727/3 1724/1724/3 1728/1728/3
f 1729/1729/5 1730/1730/5 1731/1731/5
f 1729/1729/5 1731/1731/5 1732/1732/5
f 1730/1730/5 1733/1733/5 1734/1734/5
f 1730/1730/5 1734/1734/5 1731/1731/5
f 1733/1733/5 1735/1735/5 1736/1736/5
f 1733/1733/5 1736/1736/5 1734/1734/5
f 1735/1735/5 1729/1729/5 1732/1732/5
f 1735/1735/5 1732/1732/5 1736/1736/5
f 1737/1737/3 1738/1738/3 1739/1739/3
f 1737/1737/3 1739/1739/3 1740/1740/3
f 1738/1738/3 1741/1741/3 1742/1742/3
f 1738/1738/3 1742/1742/3 1739/1739/3
f 1741/1741/3 1743/1743/3 1744/1744/3
f 1741/1741/3 1744/1744/3 1742/1742/3
f 1743/1743/3 1737/1737/3 1740/1740/3
f 1743/1743/3 1740/1740/3 1744/1744/3
f 1745/1745/3 1746/1746/3 1747/1747/3
f 1745/1745/3 1747/1747/3 1748/1748/3
f 1746/1746/3 1749/1749/3 1750/1750/3
f 1746/1746/3 1750/1750/3 1747/1747/3
f 1749/1749/3 1751/1751/3 1752/1752/3
f 1749/1749/3 1752/1752/3 1750/1750/3
f 1751/1751/3 1745/1745/3 1748/1748/3
f 1751/1751/3 1748/1748/3 1752/1752/3
f 1753/1753/5 1754/1754/5 1755/1755/5
f 1753/1753/5 1755/1755/5 1756/1756/5
f 1754/1754/5 1757/1757/5 1758/1758/5
f 1754/1754/5 1758/1758/5 1755/1755/5
f 1757/1757/5 1759/1759/5 1760/1760/5
f 1757/1757/5 1760/1760/5 1758/1758/5
f 1759/1759/5 1753/1753/5 1756/1756/5
f 1759/1759/5 1756/1756/5 1760/1760/5
f 1761/1761/3 1762/1762/3 1763/1763/3
f 1761/1761/3 1763/1763/3 1764/1764/3
f 1762/1762/3 1765/1765/3 1766/1766/3
f 1762/1762/3 1766/1766/3 1763/1763/3
f 1765/1765/3 1767/1767/3 1768/1768/3
f 1765/1765/3 1768/1768/3 1766/1766/3
f 1767/1767/3 1761/1761/3 1764/1764/3
f 1767/1767/3 1764/1764/3 1768/1768/3
f 1769/1769/3 1770/1770/3 1771/1771/3
f 1769/1769/3 1771/1771/3 1772/1772/3
f 1770/1770/3 1773/1773/3 1774/1774/3
f 1770/1770/3 1774/1774/3 1771/1771/3
f 1773/1773/3 1775/1775/3 1776/1776/3
f 1773/1773/3 1776/1776/3 1774/1774/3
f 1775/1775/3 1769/1769/3 1772/1772/3
f 1775/1775/3 1772/1772/3 1776/1776/3
f 1777/1777/5 1778/1778/5 1779/1779/5
f 1777/1777/5 1779/1779/5 1780/1780/5
f 1778/1778/5 1781/1781/5 1782/1782/5
f 1778/1778/5 1782/1782/5 1779/1779/5
f 1781/1781/5 1783/1783/5 1784/1784/5
f 1781/1781/5 1784/1784/5 1782/1782/5
f 1783/1783/5 1777/1777/5 1780/1780/5
f 1783/1783/5 1780/1780/5 1784/1784/5
f 1785/1785/3 1786/1786/3 1787/1787/3
f 1785/1785/3 1787/1787/3 1788/1788/3
f 1786/1786/3 1789/1789/3 1790/1790/3
f 1786/1786/3 1790/1790/3 1787/1787/3
f 1789/1789/3 1791/1791/3 1792/1792/3
f 1789/1789/3 1792/1792/3 1790/1790/3
f 1791/1791/3 1785/1785/3 1788/1788/3
f 1791/1791/3 1788/1788/3 1792/1792/3
f 1793/1793/3 1794/1794/3 1795/1795/3
f 1793/1793/3 1795/1795/3 1796/1796/3
f 1794/1794/3 1797/1797/3 1798/1798/3
f 1794/1794/3 1798/1798/3 1795/1795/3
f 1797/1797/3 1799/1799/3 1800/1800/3
f 1797/1797/3 1800/1800/3 1798/1798/3
f 1799/1799/3 1793/1793/3 1796/1796/3
f 1799/1799/3 1796/1796/3 1800/1800/3
f 1801/1801/5 1802/1802/5 1803/1803/5
f 1801/1801/5 1803/1803/5 1804/1804/5
f 1802/1802/5 1805/1805/5 1806/1806/5
f 1802/1802/5 1806/1806/5 1803/1803/5
f 1805/1805/5 1807/1807/5 1808/1808/5
f 1805/1805/5 1808/1808/5 1806/1806/5
f 1807/1807/5 1801/1801/5 1804/1804/5
f 1807/1807/5 1804/1804/5 1808/1808/5
f 1809/1809/3 1810/1810/3 1811/1811/3
f 1809/1809/3 1811/1811/3 1812/1812/3
f 1810/1810/3 1813/1813/3 1814/1814/3
f 1810/1810/3 1814/1814/3 1811/1811/3
f 1813/1813/3 1815/1815/3 1816/1816/3
f 1813/1813/3 1816/1816/3 1814/1814/3
f 1815/1815/3 1809/1809/3 1812/1812/3
f 1815/1815/3 1812/1812/3 1816/1816/3
f 1817/1817/3 1818/1818/3 1819/1819/3
f 1817/1817/3 1819/1819/3 1820/1820/3
f 1818/1818/3 1821/1821/3 1822/1822/3
f 1818/1818/3 1822/1822/3 1819/1819/3
f 1821/1821/3 1823/1823/3 1824/1824/3
f 1821/1821/3 1824/1824/3 1822/1822/3
f 1823/1823/3 1817/1817/3 1820/1820/3
f 1823/1823/3 1820/1820/3 1824/1824/3
f 1825/1825/5 1826/1826/5 1827/1827/5
f 1825/1825/5 1827/1827/5 1828/1828/5
f 1826/1826/5 1829/1829/5 1830/1830/5
f 1826/1826/5 1830/1830/5 1827/1827/5
f 1829/1829/5 1831/1831/5 1832/1832/5
f 1829/1829/5 1832/1832/5 1830/1830/5
f 1831/1831/5 1825/1825/5 1828/1828/5
f 1831/1831/5 1828/1828/5 1832/1832/5
f 1833/1833/3 1834/1834/3 1835/1835/3
f 1833/1833/3 1835/1835/3 1836/1836/3
f 1834/1834/3 1837/1837/3 1838/1838/3
f 1834/1834/3 1838/1838/3 1835/1835/3
f 1837/1837/3 1839/1839/3 1840/1840/3
f 1837/1837/3 1840/1840/3 1838/1838/3
f 1839/1839/3 1833/1833/3 1836/1836/3
f 1839/1839/3 1836/1836/3 1840/1840/3
f 1841/1841/3 1842/1842/3 1843/1843/3
f 1841/1841/3 1843/1843/3 1844/1844/3
f 1842/1842/3 1845/1845/3 1846/1846/3
f 1842/1842/3 1846/1846/3 1843/1843/3
f 1845/1845/3 1847/1847/3 1848/1848/3
f 1845/1845/3 1848/1848/3 1846/1846/3
f 1847/1847/3 1841/1841/3 1844/1844/3
f 1847/1847/3 1844/1844/3 1848/1848/3
f 1849/1849/5 1850/1850/5 1851/1851/5
f 1849/1849/5 1851/1851/5 1852/1852/5
f 1850/1850/5 1853/1853/5 1854/1854/5
f 1850/1850/5 1854/1854/5 1851/1851/5
f 1853/1853/5 1855/1855/5 1856/1856/5
f 1853/1853/5 1856/1856/5 1854/1854/5
f 1855/1855/5 1849/1849/5 1852/1852/5
f 1855/1855/5 1852/1852/5 1856/1856/5
f 1857/1857/3 1858/1858/3 1859/1859/3
f 1857/1857/3 1859/1859/3 1860/1860/3
f 1858/1858/3 1861/1861/3 1862/1862/3
f 1858/1858/3 1862/1862/3 1859/1859/3
f 1861/1861/3 1863/1863/3 1864/1864/3
f 1861/1861/3 1864/1864/3 1862/1862/3
f 1863/1863/3 1857/1857/3 1860/1860/3
f 1863/1863/3 1860/1860/3 1864/1864/3
f 1865/1865/3 1866/1866/3 1867/1867/3
f 1865/1865/3 1867/1867/3 1868/1868/3
f 1866/1866/3 1869/1869/3 1870/1870/3
f 1866/1866/3 1870/1870/3 1867/1867/3
f 1869/1869/3 1871/1871/3 1872/1872/3
f 1869/1869/3 1872/1872/3 1870/1870/3
f 1871/1871/3 1865/1865/3 1868/1868/3
f 1871/1871/3 1868/1868/3 1872/1872/3
f 1873/1873/5 1874/1874/5 1875/1875/5
f 1873/1873/5 1875/1875/5 1876/1876/5
f 1874/1874/5 1877/1877/5 1878/1878/5
f 1874/1874/5 1878/1878/5 1875/1875/5
f 1877/1877/5 1879/1879/5 1880/1880/5
f 1877/1877/5 1880/1880/5 1878/1878/5
f 1879/1879/5 1873/1873/5 1876/1876/5
f 1879/1879/5 1876/1876/5 1880/1880/5
f 1881/1881/3 1882/1882/3 1883/1883/3
f 1881/1881/3 1883/1883/3 1884/1884/3
f 1882/1882/3 1885/1885/3 1886/1886/3
f 1882/1882/3 1886/1886/3 1883/1883/3
f 1885/1885/3 1887/1887/3 1888/1888/3
f 1885/1885/3 1888/1888/3 1886/1886/3
f 1887/1887/3 1881/1881/3 1884/1884/3
f 1887/1887/3 1884/1884/3 1888/1888/3
f 1889/1889/3 1890/1890/3 1891/1891/3
f 1889/1889/3 1891/1891/3 1892/1892/3
f 1890/1890/3 1893/1893/3 1894/1894/3
f 1890/1890/3 1894/1894/3 1891/1891/3
f 1893/1893/3 1895/1895/3 1896/1896/3
f 1893/1893/3 1896/1896/3 1894/1894/3
f 1895/1895/3 1889/1889/3 1892/1892/3
f 1895/1895/3 1892/1892/3 1896/1896/3
f 1897/1897/5 1898/1898/5 1899/1899/5
f 1897/1897/5 1899/1899/5 1900/1900/5
f 1898/1898/5 1901/1901/5 1902/1902/5
f 1898/1898/5 1902/1902/5 1899/1899/5
f 1901/1901/5 1903/1903/5 1904/1904/5
f 1901/1901/5 1904/1904/5 1902/1902/5
f 1903/1903/5 1897/1897/5 1900/1900/5
f 1903/1903/5 1900/1900/5 1904/1904/5
f 1905/1905/3 1906/1906/3 1907/1907/3
f 1905/1905/3 1907/1907/3 1908/1908/3
f 1906/1906/3 1909/1909/3 1910/1910/3
f 1906/1906/3 1910/1910/3 1907/1907/3
f 1909/1909/3 1911/1911/3 1912/1912/3
f 1909/1909/3 1912/1912/3 1910/1910/3
f 1911/1911/3 1905/1905/3 1908/1908/3
f 1911/1911/3 1908/1908/3 1912/1912/3
f 1913/1913/3 1914/1914/3 1915/1915/3
f 1913/1913/3 1915/1915/3 1916/1916/3
f 1914/1914/3 1917/1917/3 1918/1918/3
f 1914/1914/3 1918/1918/3 1915/1915/3
f 1917/1917/3 1919/1919/3 1920/1920/3
f 1917/1917/3 1920/1920/3 1918/1918/3
f 1919/1919/3 1913/1913/3 1916/1916/3
f 1919/1919/3 1916/1916/3 1920/1920/3
f 1921/1921/5 1922/1922/5 1923/1923/5
f 1921/1921/5 1923/1923/5 1924/1924/5
f 1922/1922/5 1925/1925/5 1926/1926/5
f 1922/1922/5 1926/1926/5 1923/1923/5
f 1925/1925/5 1927/1927/5 1928/1928/5
f 1925/1925/5 1928/1928/5 1926/1926/5
f 1927/1927/5 1921/1921/5 1924/1924/5
f 1927/1927/5 1924/1924/5 1928/1928/5
f 1929/1929/3 1930/1930/3 1931/1931/3
f 1929/1929/3 1931/1931/3 1932/1932/3
f 1930/1930/3 1933/1933/3 1934/1934/3
f 1930/1930/3 1934/1934/3 1931/1931/3
f 1933/1933/3 1935/1935/3 1936/1936/3
f 1933/1933/3 1936/1936/3 1934/1934/3
f 1935/1935/3 1929/1929/3 1932/1932/3
f 1935/1935/3 1932/1932/3 1936/1936/3
f 1937/1937/9 1692/1692/9 1691/1691/9
f 1937/1937/9 1691/1691/9 1938/1938/9
f 1939/1939/2 1696/1696/2 1692/1692/2
f 1939/1939/2 1692/1692/2 1937/1937/2
f 1940/1940/14 1694/1694/14 1696/1696/14
f 1940/1940/14 1696/1696/14 1939/1939/14
f 1938/1938/1 1691/1691/1 1694/1694/1
f 1938/1938/1 1694/1694/1 1940/1940/1
f 1682/1682/9 1681/1681/9 1674/1674/9
f 1682/1682/9 1674/1674/9 1673/1673/9
f 1685/1685/2 1682/1682/2 1673/1673/2
f 1685/1685/2 1673/1673/2 1679/1679/2
f 1687/1687/4 1685/1685/4 1679/1679/4
f 1687/1687/4 1679/1679/4 1677/1677/4
f 1681/1681/23 1687/1687/23 1677/1677/23
f 1681/1681/23 1677/1677/23 1674/1674/23
f 1941/1941/9 1942/1942/9 1684/1684/9
f 1941/1941/9 1684/1684/9 1683/1683/9
f 1943/1943/2 1941/1941/2 1683/1683/2
f 1943/1943/2 1683/1683/2 1686/1686/2
f 1944/1944/4 1943/1943/4 1686/1686/4
f 1944/1944/14 1686/1686/14 1688/1688/14
f 1942/1942/1 1944/1944/1 1688/1688/1
f 1942/1942/1 1688/1688/1 1684/1684/1
f 1942/1942/3 1941/1941/3 1943/1943/3
f 1942/1942/3 1943/1943/3 1944/1944/3
f 1676/1676/9 1675/1675/9 1690/1690/9
f 1676/1676/9 1690/1690/9 1689/1689/9
f 1680/1680/2 1676/1676/2 1689/1689/2
f 1680/1680/2 1689/1689/2 1695/1695/2
f 1678/1678/14 1680/1680/14 1695/1695/14
f 1678/1678/4 1695/1695/4 1693/1693/4
f 1675/1675/1 1678/1678/1 1693/1693/1
f 1675/1675/1 1693/1693/1 1690/1690/1
f 1939/1939/5 1937/1937/5 1938/1938/5
f 1939/1939/5 1938/1938/5 1940/1940/5
f 1945/1945/9 1716/1716/9 1715/1715/9
f 1945/1945/9 1715/1715/9 1946/1946/9
f 1947/1947/2 1720/1720/2 1716/1716/2
f 1947/1947/2 1716/1716/2 1945/1945/2
f 1948/1948/14 1718/1718/14 1720/1720/14
f 1948/1948/14 1720/1720/14 1947/1947/14
f 1946/1946/1 1715/1715/1 1718/1718/1
f 1946/1946/1 1718/1718/1 1948/1948/1
f 1706/1706/8 1705/1705/8 1698/1698/8
f 1706/1706/8 1698/1698/8 1697/1697/8
f 1709/1709/2 1706/1706/2 1697/1697/2
f 1709/1709/2 1697/1697/2 1703/1703/2
f 1711/1711/4 1709/1709/4 1703/1703/4
f 1711/1711/4 1703/1703/4 1701/1701/4
f 1705/1705/1 1711/1711/1 1701/1701/1
f 1705/1705/1 1701/1701/1 1698/1698/1
f 1949/1949/8 1950/1950/8 1708/1708/8
f 1949/1949/8 1708/1708/8 1707/1707/8
f 1951/1951/2 1949/1949/2 1707/1707/2
f 1951/1951/2 1707/1707/2 1710/1710/2
f 1952/1952/4 1951/1951/4 1710/1710/4
f 1952/1952/4 1710/1710/4 1712/1712/4
f 1950/1950/1 1952/1952/1 1712/1712/1
f 1950/1950/1 1712/1712/1 1708/1708/1
f 1950/1950/3 1949/1949/3 1951/1951/3
f 1950/1950/3 1951/1951/3 1952/1952/3
f 1700/1700/8 1699/1699/8 1714/1714/8
f 1700/1700/8 1714/1714/8 1713/1713/8
f 1704/1704/2 1700/1700/2 1713/1713/2
f 1704/1704/2 1713/1713/2 1719/1719/2
f 1702/1702/4 1704/1704/4 1719/1719/4
f 1702/1702/14 1719/1719/14 1717/1717/14
f 1699/1699/1 1702/1702/1 1717/1717/1
f 1699/1699/1 1717/1717/1 1714/1714/1
f 1947/1947/5 1945/1945/5 1946/1946/5
f 1947/1947/5 1946/1946/5 1948/1948/5
f 1953/1953/9 1740/1740/9 1739/1739/9
f 1953/1953/9 1739/1739/9 191/191/9
f 1954/1954/2 1744/1744/2 1740/1740/2
f 1954/1954/2 1740/1740/2 1953/1953/2
f 1955/1955/14 1742/1742/14 1744/1744/14
f 1955/1955/14 1744/1744/14 1954/1954/14
f 191/191/1 1739/1739/1 1742/1742/1
f 191/191/1 1742/1742/1 1955/1955/1
f 1730/1730/8 1729/1729/8 1722/1722/8
f 1730/1730/8 1722/1722/8 1721/1721/8
f 1733/1733/2 1730/1730/2 1721/1721/2
f 1733/1733/2 1721/1721/2 1727/1727/2
f 1735/1735/4 1733/1733/4 1727/1727/4
f 1735/1735/4 1727/1727/4 1725/1725/4
f 1729/1729/1 1735/1735/1 1725/1725/1
f 1729/1729/1 1725/1725/1 1722/1722/1
f 1956/1956/8 1957/1957/8 1732/1732/8
f 1956/1956/8 1732/1732/8 1731/1731/8
f 1958/1958/2 1956/1956/2 1731/1731/2
f 1958/1958/2 1731/1731/2 1734/1734/2
f 1959/1959/4 1958/1958/4 1734/1734/4
f 1959/1959/4 1734/1734/4 1736/1736/4
f 1957/1957/1 1959/1959/1 1736/1736/1
f 1957/1957/1 1736/1736/1 1732/1732/1
f 1957/1957/3 1956/1956/3 1958/1958/3
f 1957/1957/3 1958/1958/3 1959/1959/3
f 1724/1724/8 1723/1723/8 1738/1738/8
f 1724/1724/8 1738/1738/8 1737/1737/8
f 1728/1728/2 1724/1724/2 1737/1737/2
f 1728/1728/2 1737/1737/2 1743/1743/2
f 1726/1726/4 1728/1728/4 1743/1743/4
f 1726/1726/4 1743/1743/4 1741/1741/4
f 1723/1723/1 1726/1726/1 1741/1741/1
f 1723/1723/1 1741/1741/1 1738/1738/1
f 1954/1954/5 1953/1953/5 191/191/5
f 1954/1954/5 191/191/5 1955/1955/5
f 1960/1960/9 1764/1764/9 1763/1763/9
f 1960/1960/9 1763/1763/9 1961/1961/9
f 1962/1962/2 1768/1768/2 1764/1764/2
f 1962/1962/2 1764/1764/2 1960/1960/2
f 1963/1963/14 1766/1766/14 1768/1768/14
f 1963/1963/14 1768/1768/14 1962/1962/14
f 1961/1961/1 1763/1763/1 1766/1766/1
f 1961/1961/1 1766/1766/1 1963/1963/1
f 1754/1754/9 1753/1753/9 1746/1746/9
f 1754/1754/9 1746/1746/9 1745/1745/9
f 1757/1757/2 1754/1754/2 1745/1745/2
f 1757/1757/2 1745/1745/2 1751/1751/2
f 1759/1759/4 1757/1757/4 1751/1751/4
f 1759/1759/4 1751/1751/4 1749/1749/4
f 1753/1753/23 1759/1759/23 1749/1749/23
f 1753/1753/23 1749/1749/23 1746/1746/23
f 1964/1964/9 1965/1965/9 1756/1756/9
f 1964/1964/9 1756/1756/9 1755/1755/9
f 1966/1966/2 1964/1964/2 1755/1755/2
f 1966/1966/2 1755/1755/2 1758/1758/2
f 1967/1967/4 1966/1966/4 1758/1758/4
f 1967/1967/4 1758/1758/4 1760/1760/4
f 1965/1965/23 1967/1967/23 1760/1760/23
f 1965/1965/1 1760/1760/1 1756/1756/1
f 1965/1965/3 1964/1964/3 1966/1966/3
f 1965/1965/3 1966/1966/3 1967/1967/3
f 1748/1748/9 1747/1747/9 1762/1762/9
f 1748/1748/9 1762/1762/9 1761/1761/9
f 1752/1752/2 1748/1748/2 1761/1761/2
f 1752/1752/2 1761/1761/2 1767/1767/2
f 1750/1750/4 1752/1752/4 1767/1767/4
f 1750/1750/4 1767/1767/4 1765/1765/4
f 1747/1747/1 1750/1750/1 1765/1765/1
f 1747/1747/1 1765/1765/1 1762/1762/1
f 1962/1962/5 1960/1960/5 1961/1961/5
f 1962/1962/5 1961/1961/5 1963/1963/5
f 1968/1968/9 1788/1788/9 1787/1787/9
f 1968/1968/9 1787/1787/9 1969/1969/9
f 1970/1970/2 1792/1792/2 1788/1788/2
f 1970/1970/2 1788/1788/2 1968/1968/2
f 1971/1971/14 1790/1790/14 1792/1792/14
f 1971/1971/14 1792/1792/14 1970/1970/14
f 1969/1969/1 1787/1787/1 1790/1790/1
f 1969/1969/1 1790/1790/1 1971/1971/1
f 1778/1778/8 1777/1777/8 1770/1770/8
f 1778/1778/8 1770/1770/8 1769/1769/8
f 1781/1781/22 1778/1778/22 1769/1769/22
f 1781/1781/2 1769/1769/2 1775/1775/2
f 1783/1783/4 1781/1781/4 1775/1775/4
f 1783/1783/4 1775/1775/4 1773/1773/4
f 1777/1777/23 1783/1783/23 1773/1773/23
f 1777/1777/23 1773/1773/23 1770/1770/23
f 1972/1972/8 1973/1973/8 1780/1780/8
f 1972/1972/8 1780/1780/8 1779/1779/8
f 1974/1974/2 1972/1972/2 1779/1779/2
f 1974/1974/2 1779/1779/2 1782/1782/2
f 1975/1975/14 1974/1974/14 1782/1782/14
f 1975/1975/14 1782/1782/14 1784/1784/14
f 1973/1973/1 1975/1975/1 1784/1784/1
f 1973/1973/1 1784/1784/1 1780/1780/1
f 1973/1973/3 1972/1972/3 1974/1974/3
f 1973/1973/3 1974/1974/3 1975/1975/3
f 1772/1772/8 1771/1771/8 1786/1786/8
f 1772/1772/8 1786/1786/8 1785/1785/8
f 1776/1776/2 1772/1772/2 1785/1785/2
f 1776/1776/2 1785/1785/2 1791/1791/2
f 1774/1774/14 1776/1776/14 1791/1791/14
f 1774/1774/14 1791/1791/14 1789/1789/14
f 1771/1771/1 1774/1774/1 1789/1789/1
f 1771/1771/1 1789/1789/1 1786/1786/1
f 1970/1970/5 1968/1968/5 1969/1969/5
f 1970/1970/5 1969/1969/5 1971/1971/5
f 1976/1976/9 1812/1812/9 1811/1811/9
f 1976/1976/9 1811/1811/9 1977/1977/9
f 1978/1978/2 1816/1816/2 1812/1812/2
f 1978/1978/2 1812/1812/2 1976/1976/2
f 1979/1979/14 1814/1814/14 1816/1816/14
f 1979/1979/14 1816/1816/14 1978/1978/14
f 1977/1977/1 1811/1811/1 1814/1814/1
f 1977/1977/1 1814/1814/1 1979/1979/1
f 1802/1802/8 1801/1801/8 1794/1794/8
f 1802/1802/8 1794/1794/8 1793/1793/8
f 1805/1805/2 1802/1802/2 1793/1793/2
f 1805/1805/22 1793/1793/22 1799/1799/22
f 1807/1807/4 1805/1805/4 1799/1799/4
f 1807/1807/4 1799/1799/4 1797/1797/4
f 1801/1801/23 1807/1807/23 1797/1797/23
f 1801/1801/1 1797/1797/1 1794/1794/1
f 1980/1980/8 1981/1981/8 1804/1804/8
f 1980/1980/8 1804/1804/8 1803/1803/8
f 1982/1982/2 1980/1980/2 1803/1803/2
f 1982/1982/2 1803/1803/2 1806/1806/2
f 1983/1983/14 1982/1982/14 1806/1806/14
f 1983/1983/14 1806/1806/14 1808/1808/14
f 1981/1981/1 1983/1983/1 1808/1808/1
f 1981/1981/1 1808/1808/1 1804/1804/1
f 1981/1981/3 1980/1980/3 1982/1982/3
f 1981/1981/3 1982/1982/3 1983/1983/3
f 1796/1796/8 1795/1795/8 1810/1810/8
f 1796/1796/8 1810/1810/8 1809/1809/8
f 1800/1800/2 1796/1796/2 1809/1809/2
f 1800/1800/2 1809/1809/2 1815/1815/2
f 1798/1798/14 1800/1800/14 1815/1815/14
f 1798/1798/14 1815/1815/14 1813/1813/14
f 1795/1795/1 1798/1798/1 1813/1813/1
f 1795/1795/1 1813/1813/1 1810/1810/1
f 1978/1978/5 1976/1976/5 1977/1977/5
f 1978/1978/5 1977/1977/5 1979/1979/5
f 1984/1984/9 1836/1836/9 1835/1835/9
f 1984/1984/9 1835/1835/9 1985/1985/9
f 1986/1986/2 1840/1840/2 1836/1836/2
f 1986/1986/2 1836/1836/2 1984/1984/2
f 1987/1987/14 1838/1838/14 1840/1840/14
f 1987/1987/14 1840/1840/14 1986/1986/14
f 1985/1985/1 1835/1835/1 1838/1838/1
f 1985/1985/1 1838/1838/1 1987/1987/1
f 1826/1826/8 1825/1825/8 1818/1818/8
f 1826/1826/8 1818/1818/8 1817/1817/8
f 1829/1829/2 1826/1826/2 1817/1817/2
f 1829/1829/22 1817/1817/22 1823/1823/22
f 1831/1831/7 1829/1829/7 1823/1823/7
f 1831/1831/7 1823/1823/7 1821/1821/7
f 1825/1825/1 1831/1831/1 1821/1821/1
f 1825/1825/1 1821/1821/1 1818/1818/1
f 1988/1988/9 1989/1989/9 1828/1828/9
f 1988/1988/9 1828/1828/9 1827/1827/9
f 1990/1990/2 1988/1988/2 1827/1827/2
f 1990/1990/2 1827/1827/2 1830/1830/2
f 1991/1991/14 1990/1990/14 1830/1830/14
f 1991/1991/14 1830/1830/14 1832/1832/14
f 1989/1989/1 1991/1991/1 1832/1832/1
f 1989/1989/1 1832/1832/1 1828/1828/1
f 1989/1989/3 1988/1988/3 1990/1990/3
f 1989/1989/3 1990/1990/3 1991/1991/3
f 1820/1820/9 1819/1819/9 1834/1834/9
f 1820/1820/9 1834/1834/9 1833/1833/9
f 1824/1824/2 1820/1820/2 1833/1833/2
f 1824/1824/2 1833/1833/2 1839/1839/2
f 1822/1822/14 1824/1824/14 1839/1839/14
f 1822/1822/14 1839/1839/14 1837/1837/14
f 1819/1819/1 1822/1822/1 1837/1837/1
f 1819/1819/1 1837/1837/1 1834/1834/1
f 1986/1986/5 1984/1984/5 1985/1985/5
f 1986/1986/5 1985/1985/5 1987/1987/5
f 1992/1992/9 1860/1860/9 1859/1859/9
f 1992/1992/9 1859/1859/9 1993/1993/9
f 1994/1994/2 1864/1864/2 1860/1860/2
f 1994/1994/2 1860/1860/2 1992/1992/2
f 192/192/14 1862/1862/14 1864/1864/14
f 192/192/14 1864/1864/14 1994/1994/14
f 1993/1993/1 1859/1859/1 1862/1862/1
f 1993/1993/1 1862/1862/1 192/192/1
f 1850/1850/8 1849/1849/8 1842/1842/8
f 1850/1850/8 1842/1842/8 1841/1841/8
f 1853/1853/22 1850/1850/22 1841/1841/22
f 1853/1853/2 1841/1841/2 1847/1847/2
f 1855/1855/7 1853/1853/7 1847/1847/7
f 1855/1855/7 1847/1847/7 1845/1845/7
f 1849/1849/1 1855/1855/1 1845/1845/1
f 1849/1849/1 1845/1845/1 1842/1842/1
f 1995/1995/9 1996/1996/9 1852/1852/9
f 1995/1995/9 1852/1852/9 1851/1851/9
f 1997/1997/2 1995/1995/2 1851/1851/2
f 1997/1997/2 1851/1851/2 1854/1854/2
f 1998/1998/4 1997/1997/4 1854/1854/4
f 1998/1998/4 1854/1854/4 1856/1856/4
f 1996/1996/1 1998/1998/1 1856/1856/1
f 1996/1996/1 1856/1856/1 1852/1852/1
f 1996/1996/3 1995/1995/3 1997/1997/3
f 1996/1996/3 1997/1997/3 1998/1998/3
f 1844/1844/9 1843/1843/9 1858/1858/9
f 1844/1844/9 1858/1858/9 1857/1857/9
f 1848/1848/2 1844/1844/2 1857/1857/2
f 1848/1848/2 1857/1857/2 1863/1863/2
f 1846/1846/4 1848/1848/4 1863/1863/4
f 1846/1846/4 1863/1863/4 1861/1861/4
f 1843/1843/1 1846/1846/1 1861/1861/1
f 1843/1843/1 1861/1861/1 1858/1858/1
f 1994/1994/5 1992/1992/5 1993/1993/5
f 1994/1994/5 1993/1993/5 192/192/5
f 1999/1999/9 1884/1884/9 1883/1883/9
f 1999/1999/9 1883/1883/9 2000/2000/9
f 2001/2001/2 1888/1888/2 1884/1884/2
f 2001/2001/2 1884/1884/2 1999/1999/2
f 2002/2002/14 1886/1886/14 1888/1888/14
f 2002/2002/14 1888/1888/14 2001/2001/14
f 2000/2000/1 1883/1883/1 1886/1886/1
f 2000/2000/1 1886/1886/1 2002/2002/1
f 1874/1874/8 1873/1873/8 1866/1866/8
f 1874/1874/8 1866/1866/8 1865/1865/8
f 1877/1877/2 1874/1874/2 1865/1865/2
f 1877/1877/22 1865/1865/22 1871/1871/22
f 1879/1879/4 1877/1877/4 1871/1871/4
f 1879/1879/4 1871/1871/4 1869/1869/4
f 1873/1873/1 1879/1879/1 1869/1869/1
f 1873/1873/23 1869/1869/23 1866/1866/23
f 2003/2003/8 2004/2004/8 1876/1876/8
f 2003/2003/8 1876/1876/8 1875/1875/8
f 2005/2005/2 2003/2003/2 1875/1875/2
f 2005/2005/2 1875/1875/2 1878/1878/2
f 2006/2006/14 2005/2005/14 1878/1878/14
f 2006/2006/14 1878/1878/14 1880/1880/14
f 2004/2004/1 2006/2006/1 1880/1880/1
f 2004/2004/1 1880/1880/1 1876/1876/1
f 2004/2004/3 2003/2003/3 2005/2005/3
f 2004/2004/3 2005/2005/3 2006/2006/3
f 1868/1868/8 1867/1867/8 1882/1882/8
f 1868/1868/8 1882/1882/8 1881/1881/8
f 1872/1872/2 1868/1868/2 1881/1881/2
f 1872/1872/2 1881/1881/2 1887/1887/2
f 1870/1870/14 1872/1872/14 1887/1887/14
f 1870/1870/14 1887/1887/14 1885/1885/14
f 1867/1867/1 1870/1870/1 1885/1885/1
f 1867/1867/1 1885/1885/1 1882/1882/1
f 2001/2001/5 1999/1999/5 2000/2000/5
f 2001/2001/5 2000/2000/5 2002/2002/5
f 2007/2007/9 1908/1908/9 1907/1907/9
f 2007/2007/9 1907/1907/9 2008/2008/9
f 2009/2009/2 1912/1912/2 1908/1908/2
f 2009/2009/2 1908/1908/2 2007/2007/2
f 2010/2010/14 1910/1910/14 1912/1912/14
f 2010/2010/14 1912/1912/14 2009/2009/14
f 2008/2008/1 1907/1907/1 1910/1910/1
f 2008/2008/1 1910/1910/1 2010/2010/1
f 1898/1898/8 1897/1897/8 1890/1890/8
f 1898/1898/8 1890/1890/8 1889/1889/8
f 1901/1901/22 1898/1898/22 1889/1889/22
f 1901/1901/2 1889/1889/2 1895/1895/2
f 1903/1903/4 1901/1901/4 1895/1895/4
f 1903/1903/4 1895/1895/4 1893/1893/4
f 1897/1897/23 1903/1903/23 1893/1893/23
f 1897/1897/23 1893/1893/23 1890/1890/23
f 2011/2011/9 2012/2012/9 1900/1900/9
f 2011/2011/9 1900/1900/9 1899/1899/9
f 2013/2013/2 2011/2011/2 1899/1899/2
f 2013/2013/2 1899/1899/2 1902/1902/2
f 2014/2014/4 2013/2013/4 1902/1902/4
f 2014/2014/4 1902/1902/4 1904/1904/4
f 2012/2012/1 2014/2014/1 1904/1904/1
f 2012/2012/1 1904/1904/1 1900/1900/1
f 2012/2012/3 2011/2011/3 2013/2013/3
f 2012/2012/3 2013/2013/3 2014/2014/3
f 1892/1892/9 1891/1891/9 1906/1906/9
f 1892/1892/9 1906/1906/9 1905/1905/9
f 1896/1896/2 1892/1892/2 1905/1905/2
f 1896/1896/2 1905/1905/2 1911/1911/2
f 1894/1894/4 1896/1896/4 1911/1911/4
f 1894/1894/4 1911/1911/4 1909/1909/4
f 1891/1891/1 1894/1894/1 1909/1909/1
f 1891/1891/1 1909/1909/1 1906/1906/1
f 2009/2009/5 2007/2007/5 2008/2008/5
f 2009/2009/5 2008/2008/5 2010/2010/5
f 2015/2015/9 1932/1932/9 1931/1931/9
f 2015/2015/9 1931/1931/9 2016/2016/9
f 190/190/2 1936/1936/2 1932/1932/2
f 190/190/2 1932/1932/2 2015/2015/2
f 2017/2017/14 1934/1934/14 1936/1936/14
f 2017/2017/14 1936/1936/14 190/190/14
f 2016/2016/1 1931/1931/1 1934/1934/1
f 2016/2016/1 1934/1934/1 2017/2017/1
f 1922/1922/8 1921/1921/8 1914/1914/8
f 1922/1922/8 1914/1914/8 1913/1913/8
f 1925/1925/22 1922/1922/22 1913/1913/22
f 1925/1925/22 1913/1913/22 1919/1919/22
f 1927/1927/7 1925/1925/7 1919/1919/7
f 1927/1927/7 1919/1919/7 1917/1917/7
f 1921/1921/1 1927/1927/1 1917/1917/1
f 1921/1921/1 1917/1917/1 1914/1914/1
f 2018/2018/9 2019/2019/9 1924/1924/9
f 2018/2018/9 1924/1924/9 1923/1923/9
f 2020/2020/2 2018/2018/2 1923/1923/2
f 2020/2020/2 1923/1923/2 1926/1926/2
f 2021/2021/14 2020/2020/14 1926/1926/14
f 2021/2021/14 1926/1926/14 1928/1928/14
f 2019/2019/1 2021/2021/1 1928/1928/1
f 2019/2019/1 1928/1928/1 1924/1924/1
f 2019/2019/3 2018/2018/3 2020/2020/3
f 2019/2019/3 2020/2020/3 2021/2021/3
f 1916/1916/9 1915/1915/9 1930/1930/9
f 1916/1916/9 1930/1930/9 1929/1929/9
f 1920/1920/2 1916/1916/2 1929/1929/2
f 1920/1920/2 1929/1929/2 1935/1935/2
f 1918/1918/14 1920/1920/14 1935/1935/14
f 1918/1918/14 1935/1935/14 1933/1933/14
f 1915/1915/1 1918/1918/1 1933/1933/1
f 1915/1915/1 1933/1933/1 1930/1930/1
f 190/190/5 2015/2015/5 2016/2016/5
f 190/190/5 2016/2016/5 2017/2017/5
f 2022/2022/5 2023/2023/5 2024/2024/5
f 2022/2022/5 2024/2024/5 2025/2025/5
f 2026/2026/3 2027/2027/3 2028/2028/3
f 2026/2026/3 2028/2028/3 2029/2029/3
f 2022/2022/9 2025/2025/9 2027/2027/9
f 2022/2022/9 2027/2027/9 2026/2026/9
f 2024/2024/14 2023/2023/14 2029/2029/14
f 2024/2024/14 2029/2029/14 2028/2028/14
f 2030/2030/8 2031/2031/8 2032/2032/8
f 2030/2030/8 2032/2032/8 2033/2033/8
f 2031/2031/22 2034/2034/22 2035/2035/22
f 2031/2031/22 2035/2035/22 2032/2032/22
f 2034/2034/4 2036/2036/4 2037/2037/4
f 2034/2034/4 2037/2037/4 2035/2035/4
f 2036/2036/23 2030/2030/23 2033/2033/23
f 2036/2036/159 2033/2033/159 2037/2037/159
f 2038/2038/8 2039/2039/8 2040/2040/8
f 2038/2038/8 2040/2040/8 2041/2041/8
f 2039/2039/22 2042/2042/22 2043/2043/22
f 2039/2039/160 2043/2043/160 2040/2040/160
f 2042/2042/4 2044/2044/4 2045/2045/4
f 2042/2042/4 2045/2045/4 2043/2043/4
f 2044/2044/23 2038/2038/23 2041/2041/23
f 2044/2044/23 2041/2041/23 2045/2045/23
f 2046/2046/9 2047/2047/9 2048/2048/9
f 2046/2046/8 2048/2048/8 2049/2049/8
f 2047/2047/22 2050/2050/22 2051/2051/22
f 2047/2047/22 2051/2051/22 2048/2048/22
f 2050/2050/4 2052/2052/4 2053/2053/4
f 2050/2050/4 2053/2053/4 2051/2051/4
f 2052/2052/23 2046/2046/23 2049/2049/23
f 2052/2052/23 2049/2049/23 2053/2053/23
f 2054/2054/8 2055/2055/8 2056/2056/8
f 2054/2054/8 2056/2056/8 2057/2057/8
f 2055/2055/160 2058/2058/160 2059/2059/160
f 2055/2055/22 2059/2059/22 2056/2056/22
f 2058/2058/4 2060/2060/4 2061/2061/4
f 2058/2058/14 2061/2061/14 2059/2059/14
f 2060/2060/23 2054/2054/23 2057/2057/23
f 2060/2060/23 2057/2057/23 2061/2061/23
f 2062/2062/8 2063/2063/8 2064/2064/8
f 2062/2062/8 2064/2064/8 2065/2065/8
f 2063/2063/191 2066/2066/191 2067/2067/191
f 2063/2063/22 2067/2067/22 2064/2064/22
f 2066/2066/4 2068/2068/4 2069/2069/4
f 2066/2066/4 2069/2069/4 2067/2067/4
f 2068/2068/23 2062/2062/23 2065/2065/23
f 2068/2068/23 2065/2065/23 2069/2069/23
f 2070/2070/8 2071/2071/8 2072/2072/8
f 2070/2070/8 2072/2072/8 2073/2073/8
f 2071/2071/160 2074/2074/160 2075/2075/160
f 2071/2071/22 2075/2075/22 2072/2072/22
f 2074/2074/4 2076/2076/4 2077/2077/4
f 2074/2074/4 2077/2077/4 2075/2075/4
f 2076/2076/23 2070/2070/23 2073/2073/23
f 2076/2076/23 2073/2073/23 2077/2077/23
f 2078/2078/8 2079/2079/8 2080/2080/8
f 2078/2078/8 2080/2080/8 2081/2081/8
f 2079/2079/22 2082/2082/22 2083/2083/22
f 2079/2079/22 2083/2083/22 2080/2080/22
f 2082/2082/4 2084/2084/4 2085/2085/4
f 2082/2082/4 2085/2085/4 2083/2083/4
f 2084/2084/23 2078/2078/23 2081/2081/23
f 2084/2084/23 2081/2081/23 2085/2085/23
f 2086/2086/8 2087/2087/8 2088/2088/8
f 2086/2086/8 2088/2088/8 2089/2089/8
f 2087/2087/22 2090/2090/22 2091/2091/22
f 2087/2087/22 2091/2091/22 2088/2088/22
f 2090/2090/4 2092/2092/4 2093/2093/4
f 2090/2090/4 2093/2093/4 2091/2091/4
f 2092/2092/159 2086/2086/159 2089/2089/159
f 2092/2092/23 2089/2089/23 2093/2093/23
f 2094/2094/8 2095/2095/8 2096/2096/8
f 2094/2094/8 2096/2096/8 2097/2097/8
f 2095/2095/22 2098/2098/22 2099/2099/22
f 2095/2095/22 2099/2099/22 2096/2096/22
f 2098/2098/4 2100/2100/4 2101/2101/4
f 2098/2098/4 2101/2101/4 2099/2099/4
f 2100/2100/23 2094/2094/23 2097/2097/23
f 2100/2100/23 2097/2097/23 2101/2101/23
f 2102/2102/8 2103/2103/8 2104/2104/8
f 2102/2102/8 2104/2104/8 2105/2105/8
f 2103/2103/22 2106/2106/22 2107/2107/22
f 2103/2103/22 2107/2107/22 2104/2104/22
f 2106/2106/4 2108/2108/4 2109/2109/4
f 2106/2106/4 2109/2109/4 2107/2107/4
f 2108/2108/23 2102/2102/23 2105/2105/23
f 2108/2108/159 2105/2105/159 2109/2109/159
f 2110/2110/8 2111/2111/8 2112/2112/8
f 2110/2110/8 2112/2112/8 2113/2113/8
f 2111/2111/177 2114/2114/177 2115/2115/177
f 2111/2111/160 2115/2115/160 2112/2112/160
f 2114/2114/4 2116/2116/4 2117/2117/4
f 2114/2114/4 2117/2117/4 2115/2115/4
f 2116/2116/23 2110/2110/23 2113/2113/23
f 2116/2116/23 2113/2113/23 2117/2117/23
f 2118/2118/8 2119/2119/8 2120/2120/8
f 2118/2118/8 2120/2120/8 2121/2121/8
f 2119/2119/22 2122/2122/22 2123/2123/22
f 2119/2119/22 2123/2123/22 2120/2120/22
f 2122/2122/4 2124/2124/4 2125/2125/4
f 2122/2122/4 2125/2125/4 2123/2123/4
f 2124/2124/23 2118/2118/23 2121/2121/23
f 2124/2124/159 2121/2121/159 2125/2125/159
f 2126/2126/8 2127/2127/8 2128/2128/8
f 2126/2126/8 2128/2128/8 2129/2129/8
f 2127/2127/22 2130/2130/22 2131/2131/22
f 2127/2127/22 2131/2131/22 2128/2128/22
f 2130/2130/4 2132/2132/4 2133/2133/4
f 2130/2130/4 2133/2133/4 2131/2131/4
f 2132/2132/23 2126/2126/23 2129/2129/23
f 2132/2132/23 2129/2129/23 2133/2133/23
f 2134/2134/8 2135/2135/8 2136/2136/8
f 2134/2134/8 2136/2136/8 2137/2137/8
f 2135/2135/22 2138/2138/22 2139/2139/22
f 2135/2135/22 2139/2139/22 2136/2136/22
f 2138/2138/4 2140/2140/4 2141/2141/4
f 2138/2138/4 2141/2141/4 2139/2139/4
f 2140/2140/159 2134/2134/159 2137/2137/159
f 2140/2140/23 2137/2137/23 2141/2141/23
f 2142/2142/8 2143/2143/8 2144/2144/8
f 2142/2142/8 2144/2144/8 2145/2145/8
f 2143/2143/22 2146/2146/22 2147/2147/22
f 2143/2143/177 2147/2147/177 2144/2144/177
f 2146/2146/4 2148/2148/4 2149/2149/4
f 2146/2146/4 2149/2149/4 2147/2147/4
f 2148/2148/23 2142/2142/23 2145/2145/23
f 2148/2148/23 2145/2145/23 2149/2149/23
f 2150/2150/8 2151/2151/8 2152/2152/8
f 2150/2150/8 2152/2152/8 2153/2153/8
f 2151/2151/2 2154/2154/2 2155/2155/2
f 2151/2151/22 2155/2155/22 2152/2152/22
f 2154/2154/4 2156/2156/4 2157/2157/4
f 2154/2154/4 2157/2157/4 2155/2155/4
f 2156/2156/23 2150/2150/23 2153/2153/23
f 2156/2156/23 2153/2153/23 2157/2157/23
f 2158/2158/8 2159/2159/8 2160/2160/8
f 2158/2158/8 2160/2160/8 2161/2161/8
f 2159/2159/2 2162/2162/2 2163/2163/2
f 2159/2159/22 2163/2163/22 2160/2160/22
f 2162/2162/4 2164/2164/4 2165/2165/4
f 2162/2162/4 2165/2165/4 2163/2163/4
f 2164/2164/23 2158/2158/23 2161/2161/23
f 2164/2164/23 2161/2161/23 2165/2165/23
f 2166/2166/8 2167/2167/8 2168/2168/8
f 2166/2166/8 2168/2168/8 2169/2169/8
f 2167/2167/22 2170/2170/22 2171/2171/22
f 2167/2167/22 2171/2171/22 2168/2168/22
f 2170/2170/4 2172/2172/4 2173/2173/4
f 2170/2170/4 2173/2173/4 2171/2171/4
f 2172/2172/1 2166/2166/1 2169/2169/1
f 2172/2172/23 2169/2169/23 2173/2173/23
f 2174/2174/8 2175/2175/8 2176/2176/8
f 2174/2174/8 2176/2176/8 2177/2177/8
f 2175/2175/22 2178/2178/22 2179/2179/22
f 2175/2175/22 2179/2179/22 2176/2176/22
f 2178/2178/4 2180/2180/4 2181/2181/4
f 2178/2178/4 2181/2181/4 2179/2179/4
f 2180/2180/23 2174/2174/23 2177/2177/23
f 2180/2180/1 2177/2177/1 2181/2181/1
f 2182/2182/8 2183/2183/8 2184/2184/8
f 2182/2182/8 2184/2184/8 2185/2185/8
f 2183/2183/22 2186/2186/22 2187/2187/22
f 2183/2183/22 2187/2187/22 2184/2184/22
f 2186/2186/4 2188/2188/4 2189/2189/4
f 2186/2186/4 2189/2189/4 2187/2187/4
f 2188/2188/1 2182/2182/1 2185/2185/1
f 2188/2188/23 2185/2185/23 2189/2189/23
f 2190/2190/8 2191/2191/8 2192/2192/8
f 2190/2190/8 2192/2192/8 2193/2193/8
f 2191/2191/22 2194/2194/22 2195/2195/22
f 2191/2191/2 2195/2195/2 2192/2192/2
f 2194/2194/4 2196/2196/4 2197/2197/4
f 2194/2194/4 2197/2197/4 2195/2195/4
f 2196/2196/23 2190/2190/23 2193/2193/23
f 2196/2196/1 2193/2193/1 2197/2197/1
f 2198/2198/8 2199/2199/8 2200/2200/8
f 2198/2198/8 2200/2200/8 2201/2201/8
f 2199/2199/22 2202/2202/22 2203/2203/22
f 2199/2199/2 2203/2203/2 2200/2200/2
f 2202/2202/4 2204/2204/4 2205/2205/4
f 2202/2202/4 2205/2205/4 2203/2203/4
f 2204/2204/23 2198/2198/23 2201/2201/23
f 2204/2204/1 2201/2201/1 2205/2205/1
f 2206/2206/8 2207/2207/8 2208/2208/8
f 2206/2206/8 2208/2208/8 2209/2209/8
f 2207/2207/22 2210/2210/22 2211/2211/22
f 2207/2207/2 2211/2211/2 2208/2208/2
f 2210/2210/4 2212/2212/4 2213/2213/4
f 2210/2210/4 2213/2213/4 2211/2211/4
f 2212/2212/23 2206/2206/23 2209/2209/23
f 2212/2212/23 2209/2209/23 2213/2213/23
f 2214/2214/8 2215/2215/8 2216/2216/8
f 2214/2214/8 2216/2216/8 2217/2217/8
f 2215/2215/2 2218/2218/2 2219/2219/2
f 2215/2215/22 2219/2219/22 2216/2216/22
f 2218/2218/4 2220/2220/4 2221/2221/4
f 2218/2218/4 2221/2221/4 2219/2219/4
f 2220/2220/23 2214/2214/23 2217/2217/23
f 2220/2220/23 2217/2217/23 2221/2221/23
f 2222/2222/8 2223/2223/8 2224/2224/8
f 2222/2222/8 2224/2224/8 2225/2225/8
f 2223/2223/2 2226/2226/2 2227/2227/2
f 2223/2223/22 2227/2227/22 2224/2224/22
f 2226/2226/4 2228/2228/4 2229/2229/4
f 2226/2226/4 2229/2229/4 2227/2227/4
f 2228/2228/23 2222/2222/23 2225/2225/23
f 2228/2228/23 2225/2225/23 2229/2229/23
f 2230/2230/8 2231/2231/8 2232/2232/8
f 2230/2230/8 2232/2232/8 2233/2233/8
f 2231/2231/2 2234/2234/2 2235/2235/2
f 2231/2231/22 2235/2235/22 2232/2232/22
f 2234/2234/4 2236/2236/4 2237/2237/4
f 2234/2234/4 2237/2237/4 2235/2235/4
f 2236/2236/23 2230/2230/23 2233/2233/23
f 2236/2236/23 2233/2233/23 2237/2237/23
f 2238/2238/1 2239/2239/1 2240/2240/1
f 2238/2238/159 2240/2240/159 2241/2241/159
f 2239/2239/8 2242/2242/8 2243/2243/8
f 2239/2239/8 2243/2243/8 2240/2240/8
f 2242/2242/256 2244/2244/256 2245/2245/256
f 2242/2242/160 2245/2245/160 2243/2243/160
f 2244/2244/4 2238/2238/4 2241/2241/4
f 2244/2244/4 2241/2241/4 2245/2245/4
f 2246/2246/1 2247/2247/1 2248/2248/1
f 2246/2246/242 2248/2248/242 2249/2249/242
f 2247/2247/8 2250/2250/8 2251/2251/8
f 2247/2247/8 2251/2251/8 2248/2248/8
f 2250/2250/2 2252/2252/2 2253/2253/2
f 2250/2250/180 2253/2253/180 2251/2251/180
f 2252/2252/4 2246/2246/4 2249/2249/4
f 2252/2252/4 2249/2249/4 2253/2253/4
f 2254/2254/254 2255/2255/254 2256/2256/254
f 2254/2254/1 2256/2256/1 2257/2257/1
f 2255/2255/8 2258/2258/8 2259/2259/8
f 2255/2255/8 2259/2259/8 2256/2256/8
f 2258/2258/217 2260/2260/217 2261/2261/217
f 2258/2258/2 2261/2261/2 2259/2259/2
f 2260/2260/4 2254/2254/4 2257/2257/4
f 2260/2260/4 2257/2257/4 2261/2261/4
f 2262/2262/1 2263/2263/1 2264/2264/1
f 2262/2262/1 2264/2264/1 2265/2265/1
f 2263/2263/8 2266/2266/8 2267/2267/8
f 2263/2263/8 2267/2267/8 2264/2264/8
f 2266/2266/178 2268/2268/178 2269/2269/178
f 2266/2266/2 2269/2269/2 2267/2267/2
f 2268/2268/147 2262/2262/147 2265/2265/147
f 2268/2268/147 2265/2265/147 2269/2269/147
f 2270/2270/1 2271/2271/1 2272/2272/1
f 2270/2270/242 2272/2272/242 2273/2273/242
f 2271/2271/8 2274/2274/8 2275/2275/8
f 2271/2271/8 2275/2275/8 2272/2272/8
f 2274/2274/256 2276/2276/256 2277/2277/256
f 2274/2274/180 2277/2277/180 2275/2275/180
f 2276/2276/4 2270/2270/4 2273/2273/4
f 2276/2276/4 2273/2273/4 2277/2277/4
f 2278/2278/159 2279/2279/159 2280/2280/159
f 2278/2278/1 2280/2280/1 2281/2281/1
f 2279/2279/8 2282/2282/8 2283/2283/8
f 2279/2279/8 2283/2283/8 2280/2280/8
f 2282/2282/2 2284/2284/2 2285/2285/2
f 2282/2282/2 2285/2285/2 2283/2283/2
f 2284/2284/4 2278/2278/4 2281/2281/4
f 2284/2284/4 2281/2281/4 2285/2285/4
f 2286/2286/242 2287/2287/242 2288/2288/242
f 2286/2286/1 2288/2288/1 2289/2289/1
f 2287/2287/8 2290/2290/8 2291/2291/8
f 2287/2287/8 2291/2291/8 2288/2288/8
f 2290/2290/160 2292/2292/160 2293/2293/160
f 2290/2290/2 2293/2293/2 2291/2291/2
f 2292/2292/4 2286/2286/4 2289/2289/4
f 2292/2292/4 2289/2289/4 2293/2293/4
f 2294/2294/23 2295/2295/23 2296/2296/23
f 2294/2294/23 2296/2296/23 2297/2297/23
f 2295/2295/8 2298/2298/8 2299/2299/8
f 2295/2295/8 2299/2299/8 2296/2296/8
f 2298/2298/2 2300/2300/2 2301/2301/2
f 2298/2298/217 2301/2301/217 2299/2299/217
f 2300/2300/4 2294/2294/4 2297/2297/4
f 2300/2300/4 2297/2297/4 2301/2301/4
f 2302/2302/1 2303/2303/1 2304/2304/1
f 2302/2302/242 2304/2304/242 2305/2305/242
f 2303/2303/8 2306/2306/8 2307/2307/8
f 2303/2303/8 2307/2307/8 2304/2304/8
f 2306/2306/2 2308/2308/2 2309/2309/2
f 2306/2306/180 2309/2309/180 2307/2307/180
f 2308/2308/4 2302/2302/4 2305/2305/4
f 2308/2308/4 2305/2305/4 2309/2309/4
f 2310/2310/159 2311/2311/159 2312/2312/159
f 2310/2310/1 2312/2312/1 2313/2313/1
f 2311/2311/8 2314/2314/8 2315/2315/8
f 2311/2311/8 2315/2315/8 2312/2312/8
f 2314/2314/2 2316/2316/2 2317/2317/2
f 2314/2314/2 2317/2317/2 2315/2315/2
f 2316/2316/4 2310/2310/4 2313/2313/4
f 2316/2316/4 2313/2313/4 2317/2317/4
f 2318/2318/1 2319/2319/1 2320/2320/1
f 2318/2318/1 2320/2320/1 2321/2321/1
f 2319/2319/8 2322/2322/8 2323/2323/8
f 2319/2319/8 2323/2323/8 2320/2320/8
f 2322/2322/217 2324/2324/217 2325/2325/217
f 2322/2322/2 2325/2325/2 2323/2323/2
f 2324/2324/4 2318/2318/4 2321/2321/4
f 2324/2324/4 2321/2321/4 2325/2325/4
f 2326/2326/1 2327/2327/1 2328/2328/1
f 2326/2326/159 2328/2328/159 2329/2329/159
f 2327/2327/8 2330/2330/8 2331/2331/8
f 2327/2327/8 2331/2331/8 2328/2328/8
f 2330/2330/2 2332/2332/2 2333/2333/2
f 2330/2330/160 2333/2333/160 2331/2331/160
f 2332/2332/4 2326/2326/4 2329/2329/4
f 2332/2332/4 2329/2329/4 2333/2333/4
f 2334/2334/159 2335/2335/159 2336/2336/159
f 2334/2334/1 2336/2336/1 2337/2337/1
f 2335/2335/8 2338/2338/8 2339/2339/8
f 2335/2335/8 2339/2339/8 2336/2336/8
f 2338/2338/2 2340/2340/2 2341/2341/2
f 2338/2338/22 2341/2341/22 2339/2339/22
f 2340/2340/4 2334/2334/4 2337/2337/4
f 2340/2340/4 2337/2337/4 2341/2341/4
f 2342/2342/1 2343/2343/1 2344/2344/1
f 2342/2342/162 2344/2344/162 2345/2345/162
f 2343/2343/8 2346/2346/8 2347/2347/8
f 2343/2343/8 2347/2347/8 2344/2344/8
f 2346/2346/160 2348/2348/160 2349/2349/160
f 2346/2346/256 2349/2349/256 2347/2347/256
f 2348/2348/4 2342/2342/4 2345/2345/4
f 2348/2348/4 2345/2345/4 2349/2349/4
f 2350/2350/1 2351/2351/1 2352/2352/1
f 2350/2350/254 2352/2352/254 2353/2353/254
f 2351/2351/8 2354/2354/8 2355/2355/8
f 2351/2351/8 2355/2355/8 2352/2352/8
f 2354/2354/2 2356/2356/2 2357/2357/2
f 2354/2354/160 2357/2357/160 2355/2355/160
f 2356/2356/147 2350/2350/147 2353/2353/147
f 2356/2356/147 2353/2353/147 2357/2357/147
f 2358/2358/23 2359/2359/23 2360/2360/23
f 2358/2358/23 2360/2360/23 2361/2361/23
f 2359/2359/8 2362/2362/8 2363/2363/8
f 2359/2359/8 2363/2363/8 2360/2360/8
f 2362/2362/2 2364/2364/2 2365/2365/2
f 2362/2362/177 2365/2365/177 2363/2363/177
f 2364/2364/4 2358/2358/4 2361/2361/4
f 2364/2364/4 2361/2361/4 2365/2365/4
f 2366/2366/23 2367/2367/23 2368/2368/23
f 2366/2366/1 2368/2368/1 2369/2369/1
f 2367/2367/151 2370/2370/151 2371/2371/151
f 2367/2367/8 2371/2371/8 2368/2368/8
f 2370/2370/22 2372/2372/22 2373/2373/22
f 2370/2370/2 2373/2373/2 2371/2371/2
f 2372/2372/4 2366/2366/4 2369/2369/4
f 2372/2372/4 2369/2369/4 2373/2373/4
f 2374/2374/1 2375/2375/1 2376/2376/1
f 2374/2374/23 2376/2376/23 2377/2377/23
f 2375/2375/8 2378/2378/8 2379/2379/8
f 2375/2375/8 2379/2379/8 2376/2376/8
f 2378/2378/22 2380/2380/22 2381/2381/22
f 2378/2378/22 2381/2381/22 2379/2379/22
f 2380/2380/4 2374/2374/4 2377/2377/4
f 2380/2380/4 2377/2377/4 2381/2381/4
f 2382/2382/23 2383/2383/23 2384/2384/23
f 2382/2382/23 2384/2384/23 2385/2385/23
f 2383/2383/8 2386/2386/8 2387/2387/8
f 2383/2383/8 2387/2387/8 2384/2384/8
f 2386/2386/2 2388/2388/2 2389/2389/2
f 2386/2386/22 2389/2389/22 2387/2387/22
f 2388/2388/4 2382/2382/4 2385/2385/4
f 2388/2388/4 2385/2385/4 2389/2389/4
f 2390/2390/23 2391/2391/23 2392/2392/23
f 2390/2390/190 2392/2392/190 2393/2393/190
f 2391/2391/8 2394/2394/8 2395/2395/8
f 2391/2391/8 2395/2395/8 2392/2392/8
f 2394/2394/22 2396/2396/22 2397/2397/22
f 2394/2394/2 2397/2397/2 2395/2395/2
f 2396/2396/4 2390/2390/4 2393/2393/4
f 2396/2396/4 2393/2393/4 2397/2397/4
f 2398/2398/23 2399/2399/23 2400/2400/23
f 2398/2398/1 2400/2400/1 2401/2401/1
f 2399/2399/200 2402/2402/200 2403/2403/200
f 2399/2399/200 2403/2403/200 2400/2400/200
f 2402/2402/22 2404/2404/22 2405/2405/22
f 2402/2402/2 2405/2405/2 2403/2403/2
f 2404/2404/201 2398/2398/201 2401/2401/201
f 2404/2404/201 2401/2401/201 2405/2405/201
f 2406/2406/1 2407/2407/1 2408/2408/1
f 2406/2406/23 2408/2408/23 2409/2409/23
f 2407/2407/151 2410/2410/151 2411/2411/151
f 2407/2407/151 2411/2411/151 2408/2408/151
f 2410/2410/22 2412/2412/22 2413/2413/22
f 2410/2410/22 2413/2413/22 2411/2411/22
f 2412/2412/147 2406/2406/147 2409/2409/147
f 2412/2412/147 2409/2409/147 2413/2413/147
f 2414/2414/23 2415/2415/23 2416/2416/23
f 2414/2414/23 2416/2416/23 2417/2417/23
f 2415/2415/200 2418/2418/200 2419/2419/200
f 2415/2415/200 2419/2419/200 2416/2416/200
f 2418/2418/2 2420/2420/2 2421/2421/2
f 2418/2418/22 2421/2421/22 2419/2419/22
f 2420/2420/201 2414/2414/201 2417/2417/201
f 2420/2420/201 2417/2417/201 2421/2421/201
f 2422/2422/1 2423/2423/1 2424/2424/1
f 2422/2422/23 2424/2424/23 2425/2425/23
f 2423/2423/151 2426/2426/151 2427/2427/151
f 2423/2423/151 2427/2427/151 2424/2424/151
f 2426/2426/22 2428/2428/22 2429/2429/22
f 2426/2426/2 2429/2429/2 2427/2427/2
f 2428/2428/147 2422/2422/147 2425/2425/147
f 2428/2428/147 2425/2425/147 2429/2429/147
f 2430/2430/23 2431/2431/23 2432/2432/23
f 2430/2430/23 2432/2432/23 2433/2433/23
f 2431/2431/151 2434/2434/151 2435/2435/151
f 2431/2431/151 2435/2435/151 2432/2432/151
f 2434/2434/2 2436/2436/2 2437/2437/2
f 2434/2434/2 2437/2437/2 2435/2435/2
f 2436/2436/201 2430/2430/201 2433/2433/201
f 2436/2436/201 2433/2433/201 2437/2437/201
f 2438/2438/23 2439/2439/23 2440/2440/23
f 2438/2438/190 2440/2440/190 2441/2441/190
f 2439/2439/200 2442/2442/200 2443/2443/200
f 2439/2439/200 2443/2443/200 2440/2440/200
f 2442/2442/2 2444/2444/2 2445/2445/2
f 2442/2442/22 2445/2445/22 2443/2443/22
f 2444/2444/201 2438/2438/201 2441/2441/201
f 2444/2444/201 2441/2441/201 2445/2445/201
f 2446/2446/1 2447/2447/1 2448/2448/1
f 2446/2446/23 2448/2448/23 2449/2449/23
f 2447/2447/152 2450/2450/152 2451/2451/152
f 2447/2447/151 2451/2451/151 2448/2448/151
f 2450/2450/22 2452/2452/22 2453/2453/22
f 2450/2450/256 2453/2453/256 2451/2451/256
f 2452/2452/155 2446/2446/155 2449/2449/155
f 2452/2452/147 2449/2449/147 2453/2453/147
f 2454/2454/23 2455/2455/23 2456/2456/23
f 2454/2454/23 2456/2456/23 2457/2457/23
f 2455/2455/200 2458/2458/200 2459/2459/200
f 2455/2455/200 2459/2459/200 2456/2456/200
f 2458/2458/22 2460/2460/22 2461/2461/22
f 2458/2458/22 2461/2461/22 2459/2459/22
f 2460/2460/201 2454/2454/201 2457/2457/201
f 2460/2460/201 2457/2457/201 2461/2461/201
f 2462/2462/23 2463/2463/23 2464/2464/23
f 2462/2462/23 2464/2464/23 2465/2465/23
f 2463/2463/151 2466/2466/151 2467/2467/151
f 2463/2463/151 2467/2467/151 2464/2464/151
f 2466/2466/2 2468/2468/2 2469/2469/2
f 2466/2466/22 2469/2469/22 2467/2467/22
f 2468/2468/147 2462/2462/147 2465/2465/147
f 2468/2468/147 2465/2465/147 2469/2469/147
f 2470/2470/23 2471/2471/23 2472/2472/23
f 2470/2470/1 2472/2472/1 2473/2473/1
f 2471/2471/151 2474/2474/151 2475/2475/151
f 2471/2471/151 2475/2475/151 2472/2472/151
f 2474/2474/22 2476/2476/22 2477/2477/22
f 2474/2474/2 2477/2477/2 2475/2475/2
f 2476/2476/147 2470/2470/147 2473/2473/147
f 2476/2476/147 2473/2473/147 2477/2477/147
f 2478/2478/1 2479/2479/1 2480/2480/1
f 2478/2478/23 2480/2480/23 2481/2481/23
f 2479/2479/200 2482/2482/200 2483/2483/200
f 2479/2479/200 2483/2483/200 2480/2480/200
f 2482/2482/22 2484/2484/22 2485/2485/22
f 2482/2482/22 2485/2485/22 2483/2483/22
f 2484/2484/201 2478/2478/201 2481/2481/201
f 2484/2484/201 2481/2481/201 2485/2485/201
f 2486/2486/1 2487/2487/1 2488/2488/1
f 2486/2486/162 2488/2488/162 2489/2489/162
f 2487/2487/200 2490/2490/200 2491/2491/200
f 2487/2487/200 2491/2491/200 2488/2488/200
f 2490/2490/2 2492/2492/2 2493/2493/2
f 2490/2490/22 2493/2493/22 2491/2491/22
f 2492/2492/147 2486/2486/147 2489/2489/147
f 2492/2492/147 2489/2489/147 2493/2493/147
f 2494/2494/23 2495/2495/23 2496/2496/23
f 2494/2494/1 2496/2496/1 2497/2497/1
f 2495/2495/151 2498/2498/151 2499/2499/151
f 2495/2495/151 2499/2499/151 2496/2496/151
f 2498/2498/22 2500/2500/22 2501/2501/22
f 2498/2498/2 2501/2501/2 2499/2499/2
f 2500/2500/147 2494/2494/147 2497/2497/147
f 2500/2500/147 2497/2497/147 2501/2501/147
f 2502/2502/1 2503/2503/1 2504/2504/1
f 2502/2502/23 2504/2504/23 2505/2505/23
f 2503/2503/200 2506/2506/200 2507/2507/200
f 2503/2503/200 2507/2507/200 2504/2504/200
f 2506/2506/22 2508/2508/22 2509/2509/22
f 2506/2506/22 2509/2509/22 2507/2507/22
f 2508/2508/201 2502/2502/201 2505/2505/201
f 2508/2508/201 2505/2505/201 2509/2509/201
f 2510/2510/23 2511/2511/23 2512/2512/23
f 2510/2510/23 2512/2512/23 2513/2513/23
f 2511/2511/151 2514/2514/151 2515/2515/151
f 2511/2511/151 2515/2515/151 2512/2512/151
f 2514/2514/2 2516/2516/2 2517/2517/2
f 2514/2514/22 2517/2517/22 2515/2515/22
f 2516/2516/147 2510/2510/147 2513/2513/147
f 2516/2516/147 2513/2513/147 2517/2517/147
f 2518/2518/23 2519/2519/23 2520/2520/23
f 2518/2518/23 2520/2520/23 2521/2521/23
f 2519/2519/151 2522/2522/151 2523/2523/151
f 2519/2519/151 2523/2523/151 2520/2520/151
f 2522/2522/22 2524/2524/22 2525/2525/22
f 2522/2522/2 2525/2525/2 2523/2523/2
f 2524/2524/147 2518/2518/147 2521/2521/147
f 2524/2524/147 2521/2521/147 2525/2525/147
f 2526/2526/23 2527/2527/23 2528/2528/23
f 2526/2526/1 2528/2528/1 2529/2529/1
f 2527/2527/200 2530/2530/200 2531/2531/200
f 2527/2527/200 2531/2531/200 2528/2528/200
f 2530/2530/22 2532/2532/22 2533/2533/22
f 2530/2530/22 2533/2533/22 2531/2531/22
f 2532/2532/201 2526/2526/201 2529/2529/201
f 2532/2532/201 2529/2529/201 2533/2533/201
f 2534/2534/1 2535/2535/1 2536/2536/1
f 2534/2534/23 2536/2536/23 2537/2537/23
f 2535/2535/151 2538/2538/151 2539/2539/151
f 2535/2535/151 2539/2539/151 2536/2536/151
f 2538/2538/22 2540/2540/22 2541/2541/22
f 2538/2538/22 2541/2541/22 2539/2539/22
f 2540/2540/147 2534/2534/147 2537/2537/147
f 2540/2540/147 2537/2537/147 2541/2541/147
f 2542/2542/23 2543/2543/23 2544/2544/23
f 2542/2542/23 2544/2544/23 2545/2545/23
f 2543/2543/151 2546/2546/151 2547/2547/151
f 2543/2543/151 2547/2547/151 2544/2544/151
f 2546/2546/2 2548/2548/2 2549/2549/2
f 2546/2546/22 2549/2549/22 2547/2547/22
f 2548/2548/147 2542/2542/147 2545/2545/147
f 2548/2548/147 2545/2545/147 2549/2549/147
f 2550/2550/23 2551/2551/23 2552/2552/23
f 2550/2550/1 2552/2552/1 2553/2553/1
f 2551/2551/200 2554/2554/200 2555/2555/200
f 2551/2551/200 2555/2555/200 2552/2552/200
f 2554/2554/22 2556/2556/22 2557/2557/22
f 2554/2554/2 2557/2557/2 2555/2555/2
f 2556/2556/201 2550/2550/201 2553/2553/201
f 2556/2556/201 2553/2553/201 2557/2557/201
f 2558/2558/1 2559/2559/1 2560/2560/1
f 2558/2558/23 2560/2560/23 2561/2561/23
f 2559/2559/151 2562/2562/151 2563/2563/151
f 2559/2559/151 2563/2563/151 2560/2560/151
f 2562/2562/22 2564/2564/22 2565/2565/22
f 2562/2562/22 2565/2565/22 2563/2563/22
f 2564/2564/147 2558/2558/147 2561/2561/147
f 2564/2564/147 2561/2561/147 2565/2565/147
f 2566/2566/1 2567/2567/1 2568/2568/1
f 2566/2566/1 2568/2568/1 2569/2569/1
f 2567/2567/151 2570/2570/151 2571/2571/151
f 2567/2567/151 2571/2571/151 2568/2568/151
f 2570/2570/256 2572/2572/256 2573/2573/256
f 2570/2570/2 2573/2573/2 2571/2571/2
f 2572/2572/147 2566/2566/147 2569/2569/147
f 2572/2572/147 2569/2569/147 2573/2573/147
f 2574/2574/1 2575/2575/1 2576/2576/1
f 2574/2574/159 2576/2576/159 2577/2577/159
f 2575/2575/590 2578/2578/590 2579/2579/590
f 2575/2575/200 2579/2579/200 2576/2576/200
f 2578/2578/160 2580/2580/160 2581/2581/160
f 2578/2578/160 2581/2581/160 2579/2579/160
f 2580/2580/201 2574/2574/201 2577/2577/201
f 2580/2580/201 2577/2577/201 2581/2581/201
f 2582/2582/162 2583/2583/162 2584/2584/162
f 2582/2582/159 2584/2584/159 2585/2585/159
f 2583/2583/200 2586/2586/200 2587/2587/200
f 2583/2583/200 2587/2587/200 2584/2584/200
f 2586/2586/256 2588/2588/256 2589/2589/256
f 2586/2586/160 2589/2589/160 2587/2587/160
f 2588/2588/201 2582/2582/201 2585/2585/201
f 2588/2588/201 2585/2585/201 2589/2589/201
f 2590/2590/242 2591/2591/242 2592/2592/242
f 2590/2590/1 2592/2592/1 2593/2593/1
f 2591/2591/151 2594/2594/151 2595/2595/151
f 2591/2591/151 2595/2595/151 2592/2592/151
f 2594/2594/2 2596/2596/2 2597/2597/2
f 2594/2594/2 2597/2597/2 2595/2595/2
f 2596/2596/147 2590/2590/147 2593/2593/147
f 2596/2596/147 2593/2593/147 2597/2597/147
f 2598/2598/1 2599/2599/1 2600/2600/1
f 2598/2598/1 2600/2600/1 2601/2601/1
f 2599/2599/200 2602/2602/200 2603/2603/200
f 2599/2599/200 2603/2603/200 2600/2600/200
f 2602/2602/180 2604/2604/180 2605/2605/180
f 2602/2602/2 2605/2605/2 2603/2603/2
f 2604/2604/201 2598/2598/201 2601/2601/201
f 2604/2604/201 2601/2601/201 2605/2605/201
f 2606/2606/162 2607/2607/162 2608/2608/162
f 2606/2606/159 2608/2608/159 2609/2609/159
f 2607/2607/151 2610/2610/151 2611/2611/151
f 2607/2607/151 2611/2611/151 2608/2608/151
f 2610/2610/2 2612/2612/2 2613/2613/2
f 2610/2610/160 2613/2613/160 2611/2611/160
f 2612/2612/147 2606/2606/147 2609/2609/147
f 2612/2612/147 2609/2609/147 2613/2613/147
f 2614/2614/242 2615/2615/242 2616/2616/242
f 2614/2614/1 2616/2616/1 2617/2617/1
f 2615/2615/151 2618/2618/151 2619/2619/151
f 2615/2615/151 2619/2619/151 2616/2616/151
f 2618/2618/256 2620/2620/256 2621/2621/256
f 2618/2618/2 2621/2621/2 2619/2619/2
f 2620/2620/147 2614/2614/147 2617/2617/147
f 2620/2620/147 2617/2617/147 2621/2621/147
f 2622/2622/242 2623/2623/242 2624/2624/242
f 2622/2622/1 2624/2624/1 2625/2625/1
f 2623/2623/200 2626/2626/200 2627/2627/200
f 2623/2623/200 2627/2627/200 2624/2624/200
f 2626/2626/180 2628/2628/180 2629/2629/180
f 2626/2626/2 2629/2629/2 2627/2627/2
f 2628/2628/201 2622/2622/201 2625/2625/201
f 2628/2628/201 2625/2625/201 2629/2629/201
f 2630/2630/1 2631/2631/1 2632/2632/1
f 2630/2630/1 2632/2632/1 2633/2633/1
f 2631/2631/151 2634/2634/151 2635/2635/151
f 2631/2631/151 2635/2635/151 2632/2632/151
f 2634/2634/160 2636/2636/160 2637/2637/160
f 2634/2634/2 2637/2637/2 2635/2635/2
f 2636/2636/147 2630/2630/147 2633/2633/147
f 2636/2636/147 2633/2633/147 2637/2637/147
f 2638/2638/1 2639/2639/1 2640/2640/1
f 2638/2638/159 2640/2640/159 2641/2641/159
f 2639/2639/151 2642/2642/151 2643/2643/151
f 2639/2639/151 2643/2643/151 2640/2640/151
f 2642/2642/2 2644/2644/2 2645/2645/2
f 2642/2642/160 2645/2645/160 2643/2643/160
f 2644/2644/147 2638/2638/147 2641/2641/147
f 2644/2644/147 2641/2641/147 2645/2645/147
f 2646/2646/5 2647/2647/5 2648/2648/5
f 2646/2646/5 2648/2648/5 2649/2649/5
f 2650/2650/5 2651/2651/5 2652/2652/5
f 2650/2650/5 2652/2652/5 2653/2653/5
f 2654/2654/3 2655/2655/3 2656/2656/3
f 2654/2654/3 2656/2656/3 2657/2657/3
f 2658/2658/3 2659/2659/3 2660/2660/3
f 2658/2658/3 2660/2660/3 2661/2661/3
f 2647/2647/1 2654/2654/1 2657/2657/1
f 2647/2647/1 2657/2657/1 2648/2648/1
f 2659/2659/1 2650/2650/1 2653/2653/1
f 2659/2659/1 2653/2653/1 2660/2660/1
f 2651/2651/2 2658/2658/2 2661/2661/2
f 2651/2651/2 2661/2661/2 2652/2652/2
f 2655/2655/2 2646/2646/2 2649/2649/2
f 2655/2655/2 2649/2649/2 2656/2656/2
f 2662/2662/152 2663/2663/152 2664/2664/152
f 2662/2662/151 2664/2664/151 2665/2665/151
f 2663/2663/22 2666/2666/22 2667/2667/22
f 2663/2663/177 2667/2667/177 2664/2664/177
f 2666/2666/155 2668/2668/155 2669/2669/155
f 2666/2666/155 2669/2669/155 2667/2667/155
f 2668/2668/159 2662/2662/159 2665/2665/159
f 2668/2668/23 2665/2665/23 2669/2669/23
f 2670/2670/151 2671/2671/151 2672/2672/151
f 2670/2670/152 2672/2672/152 2673/2673/152
f 2671/2671/22 2674/2674/22 2675/2675/22
f 2671/2671/22 2675/2675/22 2672/2672/22
f 2674/2674/147 2676/2676/147 2677/2677/147
f 2674/2674/147 2677/2677/147 2675/2675/147
f 2676/2676/23 2670/2670/23 2673/2673/23
f 2676/2676/190 2673/2673/190 2677/2677/190
f 2678/2678/152 2679/2679/152 2680/2680/152
f 2678/2678/151 2680/2680/151 2681/2681/151
f 2679/2679/22 2682/2682/22 2683/2683/22
f 2679/2679/177 2683/2683/177 2680/2680/177
f 2682/2682/155 2684/2684/155 2685/2685/155
f 2682/2682/155 2685/2685/155 2683/2683/155
f 2684/2684/159 2678/2678/159 2681/2681/159
f 2684/2684/23 2681/2681/23 2685/2685/23
f 2686/2686/151 2687/2687/151 2688/2688/151
f 2686/2686/152 2688/2688/152 2689/2689/152
f 2687/2687/22 2690/2690/22 2691/2691/22
f 2687/2687/22 2691/2691/22 2688/2688/22
f 2690/2690/147 2692/2692/147 2693/2693/147
f 2690/2690/155 2693/2693/155 2691/2691/155
f 2692/2692/23 2686/2686/23 2689/2689/23
f 2692/2692/23 2689/2689/23 2693/2693/23
f 2694/2694/151 2695/2695/151 2696/2696/151
f 2694/2694/151 2696/2696/151 2697/2697/151
f 2695/2695/22 2698/2698/22 2699/2699/22
f 2695/2695/22 2699/2699/22 2696/2696/22
f 2698/2698/155 2700/2700/155 2701/2701/155
f 2698/2698/147 2701/2701/147 2699/2699/147
f 2700/2700/23 2694/2694/23 2697/2697/23
f 2700/2700/159 2697/2697/159 2701/2701/159
f 2702/2702/152 2703/2703/152 2704/2704/152
f 2702/2702/151 2704/2704/151 2705/2705/151
f 2703/2703/160 2706/2706/160 2707/2707/160
f 2703/2703/22 2707/2707/22 2704/2704/22
f 2706/2706/147 2708/2708/147 2709/2709/147
f 2706/2706/147 2709/2709/147 2707/2707/147
f 2708/2708/23 2702/2702/23 2705/2705/23
f 2708/2708/23 2705/2705/23 2709/2709/23
f 2710/2710/152 2711/2711/152 2712/2712/152
f 2710/2710/151 2712/2712/151 2713/2713/151
f 2711/2711/22 2714/2714/22 2715/2715/22
f 2711/2711/22 2715/2715/22 2712/2712/22
f 2714/2714/155 2716/2716/155 2717/2717/155
f 2714/2714/155 2717/2717/155 2715/2715/155
f 2716/2716/23 2710/2710/23 2713/2713/23
f 2716/2716/159 2713/2713/159 2717/2717/159
f 2718/2718/151 2719/2719/151 2720/2720/151
f 2718/2718/152 2720/2720/152 2721/2721/152
f 2719/2719/22 2722/2722/22 2723/2723/22
f 2719/2719/160 2723/2723/160 2720/2720/160
f 2722/2722/155 2724/2724/155 2725/2725/155
f 2722/2722/147 2725/2725/147 2723/2723/147
f 2724/2724/23 2718/2718/23 2721/2721/23
f 2724/2724/23 2721/2721/23 2725/2725/23
f 2726/2726/152 2727/2727/152 2728/2728/152
f 2726/2726/151 2728/2728/151 2729/2729/151
f 2727/2727/22 2730/2730/22 2731/2731/22
f 2727/2727/22 2731/2731/22 2728/2728/22
f 2730/2730/147 2732/2732/147 2733/2733/147
f 2730/2730/155 2733/2733/155 2731/2731/155
f 2732/2732/23 2726/2726/23 2729/2729/23
f 2732/2732/244 2729/2729/244 2733/2733/244
f 2734/2734/151 2735/2735/151 2736/2736/151
f 2734/2734/152 2736/2736/152 2737/2737/152
f 2735/2735/160 2738/2738/160 2739/2739/160
f 2735/2735/280 2739/2739/280 2736/2736/280
f 2738/2738/155 2740/2740/155 2741/2741/155
f 2738/2738/147 2741/2741/147 2739/2739/147
f 2740/2740/23 2734/2734/23 2737/2737/23
f 2740/2740/23 2737/2737/23 2741/2741/23
f 2742/2742/151 2743/2743/151 2744/2744/151
f 2742/2742/152 2744/2744/152 2745/2745/152
f 2743/2743/22 2746/2746/22 2747/2747/22
f 2743/2743/22 2747/2747/22 2744/2744/22
f 2746/2746/147 2748/2748/147 2749/2749/147
f 2746/2746/155 2749/2749/155 2747/2747/155
f 2748/2748/23 2742/2742/23 2745/2745/23
f 2748/2748/190 2745/2745/190 2749/2749/190
f 2750/2750/200 2751/2751/200 2752/2752/200
f 2750/2750/200 2752/2752/200 2753/2753/200
f 2751/2751/22 2754/2754/22 2755/2755/22
f 2751/2751/177 2755/2755/177 2752/2752/177
f 2754/2754/147 2756/2756/147 2757/2757/147
f 2754/2754/155 2757/2757/155 2755/2755/155
f 2756/2756/190 2750/2750/190 2753/2753/190
f 2756/2756/1 2753/2753/1 2757/2757/1
f 2758/2758/152 2759/2759/152 2760/2760/152
f 2758/2758/151 2760/2760/151 2761/2761/151
f 2759/2759/160 2762/2762/160 2763/2763/160
f 2759/2759/22 2763/2763/22 2760/2760/22
f 2762/2762/147 2764/2764/147 2765/2765/147
f 2762/2762/147 2765/2765/147 2763/2763/147
f 2764/2764/23 2758/2758/23 2761/2761/23
f 2764/2764/23 2761/2761/23 2765/2765/23
f 2766/2766/151 2767/2767/151 2768/2768/151
f 2766/2766/152 2768/2768/152 2769/2769/152
f 2767/2767/22 2770/2770/22 2771/2771/22
f 2767/2767/22 2771/2771/22 2768/2768/22
f 2770/2770/147 2772/2772/147 2773/2773/147
f 2770/2770/155 2773/2773/155 2771/2771/155
f 2772/2772/23 2766/2766/23 2769/2769/23
f 2772/2772/190 2769/2769/190 2773/2773/190
f 2774/2774/151 2775/2775/151 2776/2776/151
f 2774/2774/152 2776/2776/152 2777/2777/152
f 2775/2775/22 2778/2778/22 2779/2779/22
f 2775/2775/177 2779/2779/177 2776/2776/177
f 2778/2778/155 2780/2780/155 2781/2781/155
f 2778/2778/147 2781/2781/147 2779/2779/147
f 2780/2780/23 2774/2774/23 2777/2777/23
f 2780/2780/23 2777/2777/23 2781/2781/23
f 2782/2782/151 2783/2783/151 2784/2784/151
f 2782/2782/152 2784/2784/152 2785/2785/152
f 2783/2783/22 2786/2786/22 2787/2787/22
f 2783/2783/22 2787/2787/22 2784/2784/22
f 2786/2786/147 2788/2788/147 2789/2789/147
f 2786/2786/155 2789/2789/155 2787/2787/155
f 2788/2788/23 2782/2782/23 2785/2785/23
f 2788/2788/23 2785/2785/23 2789/2789/23
f 2790/2790/151 2791/2791/151 2792/2792/151
f 2790/2790/151 2792/2792/151 2793/2793/151
f 2791/2791/2 2794/2794/2 2795/2795/2
f 2791/2791/22 2795/2795/22 2792/2792/22
f 2794/2794/147 2796/2796/147 2797/2797/147
f 2794/2794/147 2797/2797/147 2795/2795/147
f 2796/2796/23 2790/2790/23 2793/2793/23
f 2796/2796/23 2793/2793/23 2797/2797/23
f 2798/2798/151 2799/2799/151 2800/2800/151
f 2798/2798/151 2800/2800/151 2801/2801/151
f 2799/2799/2 2802/2802/2 2803/2803/2
f 2799/2799/22 2803/2803/22 2800/2800/22
f 2802/2802/147 2804/2804/147 2805/2805/147
f 2802/2802/147 2805/2805/147 2803/2803/147
f 2804/2804/23 2798/2798/23 2801/2801/23
f 2804/2804/23 2801/2801/23 2805/2805/23
f 2806/2806/151 2807/2807/151 2808/2808/151
f 2806/2806/151 2808/2808/151 2809/2809/151
f 2807/2807/22 2810/2810/22 2811/2811/22
f 2807/2807/22 2811/2811/22 2808/2808/22
f 2810/2810/155 2812/2812/155 2813/2813/155
f 2810/2810/147 2813/2813/147 2811/2811/147
f 2812/2812/1 2806/2806/1 2809/2809/1
f 2812/2812/23 2809/2809/23 2813/2813/23
f 2814/2814/151 2815/2815/151 2816/2816/151
f 2814/2814/151 2816/2816/151 2817/2817/151
f 2815/2815/22 2818/2818/22 2819/2819/22
f 2815/2815/2 2819/2819/2 2816/2816/2
f 2818/2818/147 2820/2820/147 2821/2821/147
f 2818/2818/147 2821/2821/147 2819/2819/147
f 2820/2820/23 2814/2814/23 2817/2817/23
f 2820/2820/1 2817/2817/1 2821/2821/1
f 2822/2822/152 2823/2823/152 2824/2824/152
f 2822/2822/151 2824/2824/151 2825/2825/151
f 2823/2823/22 2826/2826/22 2827/2827/22
f 2823/2823/2 2827/2827/2 2824/2824/2
f 2826/2826/155 2828/2828/155 2829/2829/155
f 2826/2826/147 2829/2829/147 2827/2827/147
f 2828/2828/1 2822/2822/1 2825/2825/1
f 2828/2828/23 2825/2825/23 2829/2829/23
f 2830/2830/152 2831/2831/152 2832/2832/152
f 2830/2830/591 2832/2832/591 2833/2833/591
f 2831/2831/22 2834/2834/22 2835/2835/22
f 2831/2831/2 2835/2835/2 2832/2832/2
f 2834/2834/155 2836/2836/155 2837/2837/155
f 2834/2834/592 2837/2837/592 2835/2835/592
f 2836/2836/23 2830/2830/23 2833/2833/23
f 2836/2836/1 2833/2833/1 2837/2837/1
f 2838/2838/151 2839/2839/151 2840/2840/151
f 2838/2838/151 2840/2840/151 2841/2841/151
f 2839/2839/22 2842/2842/22 2843/2843/22
f 2839/2839/2 2843/2843/2 2840/2840/2
f 2842/2842/147 2844/2844/147 2845/2845/147
f 2842/2842/147 2845/2845/147 2843/2843/147
f 2844/2844/23 2838/2838/23 2841/2841/23
f 2844/2844/23 2841/2841/23 2845/2845/23
f 2846/2846/151 2847/2847/151 2848/2848/151
f 2846/2846/151 2848/2848/151 2849/2849/151
f 2847/2847/2 2850/2850/2 2851/2851/2
f 2847/2847/22 2851/2851/22 2848/2848/22
f 2850/2850/147 2852/2852/147 2853/2853/147
f 2850/2850/147 2853/2853/147 2851/2851/147
f 2852/2852/23 2846/2846/23 2849/2849/23
f 2852/2852/23 2849/2849/23 2853/2853/23
f 2854/2854/151 2855/2855/151 2856/2856/151
f 2854/2854/151 2856/2856/151 2857/2857/151
f 2855/2855/2 2858/2858/2 2859/2859/2
f 2855/2855/22 2859/2859/22 2856/2856/22
f 2858/2858/147 2860/2860/147 2861/2861/147
f 2858/2858/147 2861/2861/147 2859/2859/147
f 2860/2860/23 2854/2854/23 2857/2857/23
f 2860/2860/23 2857/2857/23 2861/2861/23
f 2862/2862/152 2863/2863/152 2864/2864/152
f 2862/2862/152 2864/2864/152 2865/2865/152
f 2863/2863/2 2866/2866/2 2867/2867/2
f 2863/2863/22 2867/2867/22 2864/2864/22
f 2866/2866/155 2868/2868/155 2869/2869/155
f 2866/2866/155 2869/2869/155 2867/2867/155
f 2868/2868/23 2862/2862/23 2865/2865/23
f 2868/2868/1 2865/2865/1 2869/2869/1
f 2870/2870/151 2871/2871/151 2872/2872/151
f 2870/2870/151 2872/2872/151 2873/2873/151
f 2871/2871/22 2874/2874/22 2875/2875/22
f 2871/2871/2 2875/2875/2 2872/2872/2
f 2874/2874/147 2876/2876/147 2877/2877/147
f 2874/2874/147 2877/2877/147 2875/2875/147
f 2876/2876/23 2870/2870/23 2873/2873/23
f 2876/2876/1 2873/2873/1 2877/2877/1
f 2878/2878/151 2879/2879/151 2880/2880/151
f 2878/2878/151 2880/2880/151 2881/2881/151
f 2879/2879/22 2882/2882/22 2883/2883/22
f 2879/2879/22 2883/2883/22 2880/2880/22
f 2882/2882/147 2884/2884/147 2885/2885/147
f 2882/2882/147 2885/2885/147 2883/2883/147
f 2884/2884/1 2878/2878/1 2881/2881/1
f 2884/2884/23 2881/2881/23 2885/2885/23
f 2886/2886/151 2887/2887/151 2888/2888/151
f 2886/2886/151 2888/2888/151 2889/2889/151
f 2887/2887/22 2890/2890/22 2891/2891/22
f 2887/2887/22 2891/2891/22 2888/2888/22
f 2890/2890/147 2892/2892/147 2893/2893/147
f 2890/2890/147 2893/2893/147 2891/2891/147
f 2892/2892/1 2886/2886/1 2889/2889/1
f 2892/2892/23 2889/2889/23 2893/2893/23
f 2894/2894/151 2895/2895/151 2896/2896/151
f 2894/2894/151 2896/2896/151 2897/2897/151
f 2895/2895/22 2898/2898/22 2899/2899/22
f 2895/2895/22 2899/2899/22 2896/2896/22
f 2898/2898/147 2900/2900/147 2901/2901/147
f 2898/2898/155 2901/2901/155 2899/2899/155
f 2900/2900/1 2894/2894/1 2897/2897/1
f 2900/2900/23 2897/2897/23 2901/2901/23
f 2902/2902/5 2903/2903/5 2904/2904/5
f 2902/2902/5 2904/2904/5 2905/2905/5
f 2906/2906/5 2907/2907/5 2908/2908/5
f 2906/2906/5 2908/2908/5 2909/2909/5
f 2910/2910/3 2911/2911/3 2912/2912/3
f 2910/2910/3 2912/2912/3 2913/2913/3
f 2914/2914/3 2915/2915/3 2916/2916/3
f 2914/2914/3 2916/2916/3 2917/2917/3
f 2903/2903/9 2910/2910/9 2913/2913/9
f 2903/2903/9 2913/2913/9 2904/2904/9
f 2915/2915/9 2906/2906/9 2909/2909/9
f 2915/2915/9 2909/2909/9 2916/2916/9
f 2907/2907/14 2914/2914/14 2917/2917/14
f 2907/2907/14 2917/2917/14 2908/2908/14
f 2911/2911/14 2902/2902/14 2905/2905/14
f 2911/2911/14 2905/2905/14 2912/2912/14
f 2918/2918/152 2919/2919/152 2920/2920/152
f 2918/2918/151 2920/2920/151 2921/2921/151
f 2919/2919/160 2922/2922/160 2923/2923/160
f 2919/2919/177 2923/2923/177 2920/2920/177
f 2922/2922/147 2924/2924/147 2925/2925/147
f 2922/2922/147 2925/2925/147 2923/2923/147
f 2924/2924/23 2918/2918/23 2921/2921/23
f 2924/2924/23 2921/2921/23 2925/2925/23
f 2926/2926/151 2927/2927/151 2928/2928/151
f 2926/2926/152 2928/2928/152 2929/2929/152
f 2927/2927/22 2930/2930/22 2931/2931/22
f 2927/2927/22 2931/2931/22 2928/2928/22
f 2930/2930/147 2932/2932/147 2933/2933/147
f 2930/2930/155 2933/2933/155 2931/2931/155
f 2932/2932/23 2926/2926/23 2929/2929/23
f 2932/2932/190 2929/2929/190 2933/2933/190
f 2934/2934/152 2935/2935/152 2936/2936/152
f 2934/2934/152 2936/2936/152 2937/2937/152
f 2935/2935/22 2938/2938/22 2939/2939/22
f 2935/2935/22 2939/2939/22 2936/2936/22
f 2938/2938/155 2940/2940/155 2941/2941/155
f 2938/2938/155 2941/2941/155 2939/2939/155
f 2940/2940/23 2934/2934/23 2937/2937/23
f 2940/2940/23 2937/2937/23 2941/2941/23
f 2942/2942/22 2943/2943/22 2944/2944/22
f 2942/2942/160 2944/2944/160 2945/2945/160
f 2943/2943/147 2946/2946/147 2947/2947/147
f 2943/2943/155 2947/2947/155 2944/2944/155
f 2946/2946/159 2948/2948/159 2949/2949/159
f 2946/2946/161 2949/2949/161 2947/2947/161
f 2948/2948/151 2942/2942/151 2945/2945/151
f 2948/2948/151 2945/2945/151 2949/2949/151
f 2950/2950/22 2951/2951/22 2952/2952/22
f 2950/2950/177 2952/2952/177 2953/2953/177
f 2951/2951/201 2954/2954/201 2955/2955/201
f 2951/2951/201 2955/2955/201 2952/2952/201
f 2954/2954/159 2956/2956/159 2957/2957/159
f 2954/2954/1 2957/2957/1 2955/2955/1
f 2956/2956/200 2950/2950/200 2953/2953/200
f 2956/2956/200 2953/2953/200 2957/2957/200
f 2958/2958/160 2959/2959/160 2960/2960/160
f 2958/2958/160 2960/2960/160 2961/2961/160
f 2959/2959/155 2962/2962/155 2963/2963/155
f 2959/2959/147 2963/2963/147 2960/2960/147
f 2962/2962/159 2964/2964/159 2965/2965/159
f 2962/2962/23 2965/2965/23 2963/2963/23
f 2964/2964/152 2958/2958/152 2961/2961/152
f 2964/2964/152 2961/2961/152 2965/2965/152
f 2966/2966/22 2967/2967/22 2968/2968/22
f 2966/2966/22 2968/2968/22 2969/2969/22
f 2967/2967/155 2970/2970/155 2971/2971/155
f 2967/2967/155 2971/2971/155 2968/2968/155
f 2970/2970/179 2972/2972/179 2973/2973/179
f 2970/2970/1 2973/2973/1 2971/2971/1
f 2972/2972/200 2966/2966/200 2969/2969/200
f 2972/2972/200 2969/2969/200 2973/2973/200
f 2974/2974/22 2975/2975/22 2976/2976/22
f 2974/2974/160 2976/2976/160 2977/2977/160
f 2975/2975/201 2978/2978/201 2979/2979/201
f 2975/2975/201 2979/2979/201 2976/2976/201
f 2978/2978/162 2980/2980/162 2981/2981/162
f 2978/2978/23 2981/2981/23 2979/2979/23
f 2980/2980/200 2974/2974/200 2977/2977/200
f 2980/2980/200 2977/2977/200 2981/2981/200
f 2982/2982/22 2983/2983/22 2984/2984/22
f 2982/2982/160 2984/2984/160 2985/2985/160
f 2983/2983/155 2986/2986/155 2987/2987/155
f 2983/2983/155 2987/2987/155 2984/2984/155
f 2986/2986/159 2988/2988/159 2989/2989/159
f 2986/2986/159 2989/2989/159 2987/2987/159
f 2988/2988/152 2982/2982/152 2985/2985/152
f 2988/2988/151 2985/2985/151 2989/2989/151
f 2990/2990/22 2991/2991/22 2992/2992/22
f 2990/2990/160 2992/2992/160 2993/2993/160
f 2991/2991/201 2994/2994/201 2995/2995/201
f 2991/2991/201 2995/2995/201 2992/2992/201
f 2994/2994/159 2996/2996/159 2997/2997/159
f 2994/2994/23 2997/2997/23 2995/2995/23
f 2996/2996/200 2990/2990/200 2993/2993/200
f 2996/2996/200 2993/2993/200 2997/2997/200
f 2998/2998/2 2999/2999/2 3000/3000/2
f 2998/2998/167 3000/3000/167 3001/3001/167
f 2999/2999/201 3002/3002/201 3003/3003/201
f 2999/2999/201 3003/3003/201 3000/3000/201
f 3002/3002/23 3004/3004/23 3005/3005/23
f 3002/3002/23 3005/3005/23 3003/3003/23
f 3004/3004/151 2998/2998/151 3001/3001/151
f 3004/3004/152 3001/3001/152 3005/3005/152
f 3006/3006/22 3007/3007/22 3008/3008/22
f 3006/3006/160 3008/3008/160 3009/3009/160
f 3007/3007/155 3010/3010/155 3011/3011/155
f 3007/3007/147 3011/3011/147 3008/3008/147
f 3010/3010/23 3012/3012/23 3013/3013/23
f 3010/3010/23 3013/3013/23 3011/3011/23
f 3012/3012/152 3006/3006/152 3009/3009/152
f 3012/3012/152 3009/3009/152 3013/3013/152
f 3014/3014/160 3015/3015/160 3016/3016/160
f 3014/3014/160 3016/3016/160 3017/3017/160
f 3015/3015/201 3018/3018/201 3019/3019/201
f 3015/3015/201 3019/3019/201 3016/3016/201
f 3018/3018/159 3020/3020/159 3021/3021/159
f 3018/3018/23 3021/3021/23 3019/3019/23
f 3020/3020/200 3014/3014/200 3017/3017/200
f 3020/3020/200 3017/3017/200 3021/3021/200
f 3022/3022/160 3023/3023/160 3024/3024/160
f 3022/3022/22 3024/3024/22 3025/3025/22
f 3023/3023/155 3026/3026/155 3027/3027/155
f 3023/3023/147 3027/3027/147 3024/3024/147
f 3026/3026/23 3028/3028/23 3029/3029/23
f 3026/3026/23 3029/3029/23 3027/3027/23
f 3028/3028/152 3022/3022/152 3025/3025/152
f 3028/3028/152 3025/3025/152 3029/3029/152
f 3030/3030/22 3031/3031/22 3032/3032/22
f 3030/3030/22 3032/3032/22 3033/3033/22
f 3031/3031/155 3034/3034/155 3035/3035/155
f 3031/3031/155 3035/3035/155 3032/3032/155
f 3034/3034/159 3036/3036/159 3037/3037/159
f 3034/3034/23 3037/3037/23 3035/3035/23
f 3036/3036/152 3030/3030/152 3033/3033/152
f 3036/3036/151 3033/3033/151 3037/3037/151
f 3038/3038/5 3039/3039/5 3040/3040/5
f 3038/3038/5 3040/3040/5 3041/3041/5
f 3042/3042/3 3043/3043/3 3044/3044/3
f 3042/3042/3 3044/3044/3 3045/3045/3
f 3039/3039/2 3042/3042/2 3045/3045/2
f 3039/3039/136 3045/3045/136 3040/3040/136
f 3043/3043/1 3038/3038/1 3041/3041/1
f 3043/3043/1 3041/3041/1 3044/3044/1
f 3046/3046/9 3047/3047/9 3048/3048/9
f 3046/3046/9 3048/3048/9 3049/3049/9
f 3050/3050/9 3051/3051/9 3052/3052/9
f 3050/3050/9 3052/3052/9 3053/3053/9
f 3054/3054/3 3055/3055/3 3049/3049/3
f 3054/3054/3 3049/3049/3 3048/3048/3
f 3047/3047/3 3046/3046/3 3053/3053/3
f 3047/3047/3 3053/3053/3 3052/3052/3
f 3046/3046/1 3049/3049/1 3055/3055/1
f 3046/3046/1 3055/3055/1 3056/3056/1
f 3046/3046/1 3056/3056/1 3050/3050/1
f 3046/3046/1 3050/3050/1 3053/3053/1
f 3051/3051/5 3050/3050/5 3056/3056/5
f 3051/3051/5 3056/3056/5 184/184/5
f 3047/3047/2 3052/3052/2 3051/3051/2
f 3047/3047/2 3051/3051/2 184/184/2
f 3048/3048/2 3047/3047/2 184/184/2
f 3048/3048/2 184/184/2 3054/3054/2
f 184/184/14 3056/3056/14 3055/3055/14
f 184/184/14 3055/3055/14 3054/3054/14
f 3057/3057/1 3058/3058/1 3059/3059/1
f 3057/3057/1 3059/3059/1 3060/3060/1
f 3061/3061/1 3062/3062/1 3063/3063/1
f 3061/3061/1 3063/3063/1 3064/3064/1
f 3065/3065/3 3066/3066/3 3060/3060/3
f 3065/3065/3 3060/3060/3 3059/3059/3
f 3058/3058/3 3057/3057/3 3064/3064/3
f 3058/3058/3 3064/3064/3 3063/3063/3
f 3057/3057/4 3060/3060/4 3066/3066/4
f 3057/3057/4 3066/3066/4 3067/3067/4
f 3057/3057/135 3067/3067/135 3061/3061/135
f 3057/3057/14 3061/3061/14 3064/3064/14
f 3062/3062/5 3061/3061/5 3067/3067/5
f 3062/3062/5 3067/3067/5 3068/3068/5
f 3058/3058/9 3063/3063/9 3062/3062/9
f 3058/3058/134 3062/3062/134 3068/3068/134
f 3059/3059/8 3058/3058/8 3068/3068/8
f 3059/3059/8 3068/3068/8 3065/3065/8
f 3068/3068/2 3067/3067/2 3066/3066/2
f 3068/3068/2 3066/3066/2 3065/3065/2
f 3069/3069/14 3070/3070/14 3071/3071/14
f 3069/3069/14 3071/3071/14 3072/3072/14
f 3073/3073/14 3074/3074/14 3075/3075/14
f 3073/3073/14 3075/3075/14 3076/3076/14
f 3077/3077/3 3078/3078/3 3072/3072/3
f 3077/3077/3 3072/3072/3 3071/3071/3
f 3070/3070/3 3069/3069/3 3076/3076/3
f 3070/3070/3 3076/3076/3 3075/3075/3
f 3069/3069/2 3072/3072/2 3078/3078/2
f 3069/3069/2 3078/3078/2 3079/3079/2
f 3069/3069/2 3079/3079/2 3073/3073/2
f 3069/3069/22 3073/3073/22 3076/3076/22
f 3074/3074/5 3073/3073/5 3079/3079/5
f 3074/3074/5 3079/3079/5 3080/3080/5
f 3070/3070/1 3075/3075/1 3074/3074/1
f 3070/3070/1 3074/3074/1 3080/3080/1
f 3071/3071/1 3070/3070/1 3080/3080/1
f 3071/3071/1 3080/3080/1 3077/3077/1
f 3080/3080/9 3079/3079/9 3078/3078/9
f 3080/3080/9 3078/3078/9 3077/3077/9
f 3081/3081/9 3082/3082/9 3083/3083/9
f 3081/3081/9 3083/3083/9 3084/3084/9
f 3085/3085/2 3086/3086/2 3082/3082/2
f 3085/3085/2 3082/3082/2 3081/3081/2
f 3087/3087/219 3088/3088/219 3086/3086/219
f 3087/3087/219 3086/3086/219 3085/3085/219
f 3084/3084/23 3083/3083/23 3088/3088/23
f 3084/3084/1 3088/3088/1 3087/3087/1
f 3089/3089/131 3081/3081/131 3084/3084/131
f 3089/3089/593 3084/3084/593 3090/3090/593
f 3091/3091/594 3085/3085/594 3081/3081/594
f 3091/3091/595 3081/3081/595 3089/3089/595
f 3092/3092/4 3087/3087/4 3085/3085/4
f 3092/3092/14 3085/3085/14 3091/3091/14
f 3090/3090/596 3084/3084/596 3087/3087/596
f 3090/3090/597 3087/3087/597 3092/3092/597
f 3093/3093/598 3089/3089/598 3090/3090/598
f 3093/3093/598 3090/3090/598 3094/3094/598
f 3095/3095/22 3091/3091/22 3089/3089/22
f 3095/3095/22 3089/3089/22 3093/3093/22
f 3096/3096/14 3092/3092/14 3091/3091/14
f 3096/3096/219 3091/3091/219 3095/3095/219
f 3094/3094/23 3090/3090/23 3092/3092/23
f 3094/3094/23 3092/3092/23 3096/3096/23
f 3086/3086/3 3088/3088/3 3083/3083/3
f 3086/3086/3 3083/3083/3 3082/3082/3
f 3094/3094/5 3096/3096/5 3095/3095/5
f 3094/3094/5 3095/3095/5 3093/3093/5
f 3097/3097/9 3098/3098/9 3099/3099/9
f 3097/3097/9 3099/3099/9 3100/3100/9
f 3101/3101/22 3102/3102/22 3098/3098/22
f 3101/3101/22 3098/3098/22 3097/3097/22
f 3103/3103/14 3104/3104/14 3102/3102/14
f 3103/3103/14 3102/3102/14 3101/3101/14
f 3100/3100/23 3099/3099/23 3104/3104/23
f 3100/3100/23 3104/3104/23 3103/3103/23
f 3105/3105/134 3097/3097/134 3100/3100/134
f 3105/3105/9 3100/3100/9 3106/3106/9
f 3107/3107/599 3101/3101/599 3097/3097/599
f 3107/3107/599 3097/3097/599 3105/3105/599
f 3108/3108/14 3103/3103/14 3101/3101/14
f 3108/3108/14 3101/3101/14 3107/3107/14
f 3106/3106/600 3100/3100/600 3103/3103/600
f 3106/3106/600 3103/3103/600 3108/3108/600
f 3109/3109/9 3105/3105/9 3106/3106/9
f 3109/3109/9 3106/3106/9 3110/3110/9
f 3111/3111/2 3107/3107/2 3105/3105/2
f 3111/3111/22 3105/3105/22 3109/3109/22
f 3112/3112/14 3108/3108/14 3107/3107/14
f 3112/3112/14 3107/3107/14 3111/3111/14
f 3110/3110/1 3106/3106/1 3108/3108/1
f 3110/3110/1 3108/3108/1 3112/3112/1
f 3102/3102/3 3104/3104/3 3099/3099/3
f 3102/3102/3 3099/3099/3 3098/3098/3
f 3110/3110/5 3112/3112/5 3111/3111/5
f 3110/3110/5 3111/3111/5 3109/3109/5
f 3113/3113/1 3114/3114/1 3115/3115/1
f 3113/3113/23 3115/3115/23 3116/3116/23
f 3117/3117/6 3118/3118/6 3114/3114/6
f 3117/3117/6 3114/3114/6 3113/3113/6
f 3119/3119/2 3120/3120/2 3118/3118/2
f 3119/3119/22 3118/3118/22 3117/3117/22
f 3116/3116/4 3115/3115/4 3120/3120/4
f 3116/3116/4 3120/3120/4 3119/3119/4
f 3121/3121/1 3113/3113/1 3116/3116/1
f 3121/3121/1 3116/3116/1 3122/3122/1
f 3123/3123/601 3117/3117/601 3113/3113/601
f 3123/3123/601 3113/3113/601 3121/3121/601
f 3124/3124/22 3119/3119/22 3117/3117/22
f 3124/3124/22 3117/3117/22 3123/3123/22
f 3122/3122/602 3116/3116/602 3119/3119/602
f 3122/3122/603 3119/3119/603 3124/3124/603
f 3125/3125/1 3121/3121/1 3122/3122/1
f 3125/3125/1 3122/3122/1 3126/3126/1
f 3127/3127/6 3123/3123/6 3121/3121/6
f 3127/3127/6 3121/3121/6 3125/3125/6
f 3128/3128/22 3124/3124/22 3123/3123/22
f 3128/3128/2 3123/3123/2 3127/3127/2
f 3126/3126/7 3122/3122/7 3124/3124/7
f 3126/3126/7 3124/3124/7 3128/3128/7
f 3118/3118/3 3120/3120/3 3115/3115/3
f 3118/3118/3 3115/3115/3 3114/3114/3
f 3126/3126/5 3128/3128/5 3127/3127/5
f 3126/3126/5 3127/3127/5 3125/3125/5
f 3129/3129/1 3130/3130/1 3131/3131/1
f 3129/3129/1 3131/3131/1 3132/3132/1
f 3133/3133/9 3134/3134/9 3130/3130/9
f 3133/3133/8 3130/3130/8 3129/3129/8
f 3135/3135/2 3136/3136/2 3134/3134/2
f 3135/3135/2 3134/3134/2 3133/3133/2
f 3132/3132/7 3131/3131/7 3136/3136/7
f 3132/3132/7 3136/3136/7 3135/3135/7
f 3137/3137/1 3129/3129/1 3132/3132/1
f 3137/3137/1 3132/3132/1 3138/3138/1
f 3139/3139/604 3133/3133/604 3129/3129/604
f 3139/3139/605 3129/3129/605 3137/3137/605
f 3140/3140/2 3135/3135/2 3133/3133/2
f 3140/3140/2 3133/3133/2 3139/3139/2
f 3138/3138/606 3132/3132/606 3135/3135/606
f 3138/3138/602 3135/3135/602 3140/3140/602
f 3141/3141/23 3137/3137/23 3138/3138/23
f 3141/3141/1 3138/3138/1 3142/3142/1
f 3143/3143/9 3139/3139/9 3137/3137/9
f 3143/3143/8 3137/3137/8 3141/3141/8
f 3144/3144/2 3140/3140/2 3139/3139/2
f 3144/3144/2 3139/3139/2 3143/3143/2
f 3142/3142/14 3138/3138/14 3140/3140/14
f 3142/3142/4 3140/3140/4 3144/3144/4
f 3134/3134/3 3136/3136/3 3131/3131/3
f 3134/3134/3 3131/3131/3 3130/3130/3
f 3142/3142/5 3144/3144/5 3143/3143/5
f 3142/3142/5 3143/3143/5 3141/3141/5
f 3145/3145/14 3146/3146/14 3147/3147/14
f 3145/3145/14 3147/3147/14 3148/3148/14
f 3149/3149/1 3150/3150/1 3146/3146/1
f 3149/3149/1 3146/3146/1 3145/3145/1
f 3151/3151/593 3152/3152/593 3150/3150/593
f 3151/3151/593 3150/3150/593 3149/3149/593
f 3148/3148/2 3147/3147/2 3152/3152/2
f 3148/3148/2 3152/3152/2 3151/3151/2
f 3153/3153/252 3145/3145/252 3148/3148/252
f 3153/3153/14 3148/3148/14 3154/3154/14
f 3155/3155/607 3149/3149/607 3145/3145/607
f 3155/3155/608 3145/3145/608 3153/3153/608
f 3156/3156/609 3151/3151/609 3149/3149/609
f 3156/3156/9 3149/3149/9 3155/3155/9
f 3154/3154/610 3148/3148/610 3151/3151/610
f 3154/3154/610 3151/3151/610 3156/3156/610
f 3157/3157/14 3153/3153/14 3154/3154/14
f 3157/3157/14 3154/3154/14 3158/3158/14
f 3159/3159/1 3155/3155/1 3153/3153/1
f 3159/3159/1 3153/3153/1 3157/3157/1
f 3160/3160/9 3156/3156/9 3155/3155/9
f 3160/3160/9 3155/3155/9 3159/3159/9
f 3158/3158/2 3154/3154/2 3156/3156/2
f 3158/3158/2 3156/3156/2 3160/3160/2
f 3150/3150/3 3152/3152/3 3147/3147/3
f 3150/3150/3 3147/3147/3 3146/3146/3
f 3158/3158/5 3160/3160/5 3159/3159/5
f 3158/3158/5 3159/3159/5 3157/3157/5
f 3161/3161/14 3162/3162/14 3163/3163/14
f 3161/3161/14 3163/3163/14 3164/3164/14
f 3165/3165/1 3166/3166/1 3162/3162/1
f 3165/3165/1 3162/3162/1 3161/3161/1
f 3167/3167/9 3168/3168/9 3166/3166/9
f 3167/3167/9 3166/3166/9 3165/3165/9
f 3164/3164/2 3163/3163/2 3168/3168/2
f 3164/3164/2 3168/3168/2 3167/3167/2
f 3169/3169/15 3161/3161/15 3164/3164/15
f 3169/3169/4 3164/3164/4 3170/3170/4
f 3171/3171/611 3165/3165/611 3161/3161/611
f 3171/3171/612 3161/3161/612 3169/3169/612
f 3172/3172/134 3167/3167/134 3165/3165/134
f 3172/3172/143 3165/3165/143 3171/3171/143
f 3170/3170/613 3164/3164/613 3167/3167/613
f 3170/3170/614 3167/3167/614 3172/3172/614
f 3173/3173/219 3169/3169/219 3170/3170/219
f 3173/3173/219 3170/3170/219 3174/3174/219
f 3175/3175/1 3171/3171/1 3169/3169/1
f 3175/3175/23 3169/3169/23 3173/3173/23
f 3176/3176/9 3172/3172/9 3171/3171/9
f 3176/3176/9 3171/3171/9 3175/3175/9
f 3174/3174/2 3170/3170/2 3172/3172/2
f 3174/3174/2 3172/3172/2 3176/3176/2
f 3166/3166/3 3168/3168/3 3163/3163/3
f 3166/3166/3 3163/3163/3 3162/3162/3
f 3174/3174/5 3176/3176/5 3175/3175/5
f 3174/3174/5 3175/3175/5 3173/3173/5
f 3177/3177/1 3178/3178/1 3179/3179/1
f 3177/3177/1 3179/3179/1 3180/3180/1
f 3181/3181/9 3182/3182/9 3178/3178/9
f 3181/3181/9 3178/3178/9 3177/3177/9
f 3183/3183/2 3184/3184/2 3182/3182/2
f 3183/3183/22 3182/3182/22 3181/3181/22
f 3180/3180/14 3179/3179/14 3184/3184/14
f 3180/3180/14 3184/3184/14 3183/3183/14
f 3180/3180/5 3183/3183/5 3181/3181/5
f 3180/3180/5 3181/3181/5 3177/3177/5
f 3185/3185/164 3186/3186/164 3187/3187/164
f 3185/3185/2 3187/3187/2 3188/3188/2
f 3189/3189/4 3190/3190/4 3186/3186/4
f 3189/3189/4 3186/3186/4 3185/3185/4
f 3191/3191/23 3192/3192/23 3190/3190/23
f 3191/3191/159 3190/3190/159 3189/3189/159
f 3188/3188/8 3187/3187/8 3192/3192/8
f 3188/3188/8 3192/3192/8 3191/3191/8
f 3193/3193/2 3185/3185/2 3188/3188/2
f 3193/3193/2 3188/3188/2 3194/3194/2
f 3195/3195/615 3189/3189/615 3185/3185/615
f 3195/3195/616 3185/3185/616 3193/3193/616
f 3196/3196/1 3191/3191/1 3189/3189/1
f 3196/3196/1 3189/3189/1 3195/3195/1
f 3194/3194/617 3188/3188/617 3191/3191/617
f 3194/3194/618 3191/3191/618 3196/3196/618
f 3197/3197/191 3193/3193/191 3194/3194/191
f 3197/3197/22 3194/3194/22 3198/3198/22
f 3199/3199/220 3195/3195/220 3193/3193/220
f 3199/3199/220 3193/3193/220 3197/3197/220
f 3200/3200/159 3196/3196/159 3195/3195/159
f 3200/3200/23 3195/3195/23 3199/3199/23
f 3198/3198/8 3194/3194/8 3196/3196/8
f 3198/3198/8 3196/3196/8 3200/3200/8
f 3190/3190/3 3192/3192/3 3187/3187/3
f 3190/3190/3 3187/3187/3 3186/3186/3
f 3198/3198/5 3200/3200/5 3199/3199/5
f 3198/3198/5 3199/3199/5 3197/3197/5
f 3201/3201/22 3202/3202/22 3203/3203/22
f 3201/3201/22 3203/3203/22 3204/3204/22
f 3205/3205/220 3206/3206/220 3202/3202/220
f 3205/3205/220 3202/3202/220 3201/3201/220
f 3207/3207/1 3208/3208/1 3206/3206/1
f 3207/3207/1 3206/3206/1 3205/3205/1
f 3204/3204/8 3203/3203/8 3208/3208/8
f 3204/3204/8 3208/3208/8 3207/3207/8
f 3209/3209/2 3201/3201/2 3204/3204/2
f 3209/3209/2 3204/3204/2 3210/3210/2
f 3211/3211/619 3205/3205/619 3201/3201/619
f 3211/3211/615 3201/3201/615 3209/3209/615
f 3212/3212/1 3207/3207/1 3205/3205/1
f 3212/3212/1 3205/3205/1 3211/3211/1
f 3210/3210/618 3204/3204/618 3207/3207/618
f 3210/3210/620 3207/3207/620 3212/3212/620
f 3213/3213/2 3209/3209/2 3210/3210/2
f 3213/3213/2 3210/3210/2 3214/3214/2
f 3215/3215/4 3211/3211/4 3209/3209/4
f 3215/3215/4 3209/3209/4 3213/3213/4
f 3216/3216/1 3212/3212/1 3211/3211/1
f 3216/3216/23 3211/3211/23 3215/3215/23
f 3214/3214/184 3210/3210/184 3212/3212/184
f 3214/3214/184 3212/3212/184 3216/3216/184
f 3206/3206/3 3208/3208/3 3203/3203/3
f 3206/3206/3 3203/3203/3 3202/3202/3
f 3214/3214/5 3216/3216/5 3215/3215/5
f 3214/3214/5 3215/3215/5 3213/3213/5
f 3217/3217/1 3218/3218/1 3219/3219/1
f 3217/3217/1 3219/3219/1 3220/3220/1
f 3221/3221/8 3222/3222/8 3218/3218/8
f 3221/3221/8 3218/3218/8 3217/3217/8
f 3223/3223/2 3224/3224/2 3222/3222/2
f 3223/3223/22 3222/3222/22 3221/3221/22
f 3220/3220/14 3219/3219/14 3224/3224/14
f 3220/3220/14 3224/3224/14 3223/3223/14
f 3220/3220/5 3223/3223/5 3221/3221/5
f 3220/3220/5 3221/3221/5 3217/3217/5
f 3225/3225/1 3226/3226/1 3227/3227/1
f 3225/3225/1 3227/3227/1 3228/3228/1
f 3229/3229/8 3230/3230/8 3226/3226/8
f 3229/3229/8 3226/3226/8 3225/3225/8
f 3231/3231/22 3232/3232/22 3230/3230/22
f 3231/3231/2 3230/3230/2 3229/3229/2
f 3228/3228/220 3227/3227/220 3232/3232/220
f 3228/3228/220 3232/3232/220 3231/3231/220
f 3228/3228/5 3231/3231/5 3229/3229/5
f 3228/3228/5 3229/3229/5 3225/3225/5
f 3233/3233/23 3234/3234/23 3235/3235/23
f 3233/3233/23 3235/3235/23 3236/3236/23
f 3237/3237/184 3238/3238/184 3234/3234/184
f 3237/3237/184 3234/3234/184 3233/3233/184
f 3239/3239/2 3240/3240/2 3238/3238/2
f 3239/3239/2 3238/3238/2 3237/3237/2
f 3236/3236/4 3235/3235/4 3240/3240/4
f 3236/3236/4 3240/3240/4 3239/3239/4
f 3236/3236/5 3239/3239/5 3237/3237/5
f 3236/3236/5 3237/3237/5 3233/3233/5
f 3241/3241/23 3242/3242/23 3243/3243/23
f 3241/3241/159 3243/3243/159 3244/3244/159
f 3245/3245/184 3246/3246/184 3242/3242/184
f 3245/3245/184 3242/3242/184 3241/3241/184
f 3247/3247/22 3248/3248/22 3246/3246/22
f 3247/3247/2 3246/3246/2 3245/3245/2
f 3244/3244/4 3243/3243/4 3248/3248/4
f 3244/3244/4 3248/3248/4 3247/3247/4
f 3244/3244/5 3247/3247/5 3245/3245/5
f 3244/3244/5 3245/3245/5 3241/3241/5
f 3249/3249/9 3250/3250/9 3251/3251/9
f 3249/3249/9 3251/3251/9 3252/3252/9
f 3253/3253/2 3254/3254/2 3250/3250/2
f 3253/3253/22 3250/3250/22 3249/3249/22
f 3255/3255/14 3256/3256/14 3254/3254/14
f 3255/3255/14 3254/3254/14 3253/3253/14
f 3252/3252/1 3251/3251/1 3256/3256/1
f 3252/3252/1 3256/3256/1 3255/3255/1
f 3257/3257/11 3249/3249/11 3252/3252/11
f 3257/3257/9 3252/3252/9 3258/3258/9
f 3259/3259/621 3253/3253/621 3249/3249/621
f 3259/3259/622 3249/3249/622 3257/3257/622
f 3260/3260/16 3255/3255/16 3253/3253/16
f 3260/3260/14 3253/3253/14 3259/3259/14
f 3258/3258/623 3252/3252/623 3255/3255/623
f 3258/3258/624 3255/3255/624 3260/3260/624
f 3261/3261/9 3257/3257/9 3258/3258/9
f 3261/3261/9 3258/3258/9 3262/3262/9
f 3263/3263/2 3259/3259/2 3257/3257/2
f 3263/3263/22 3257/3257/22 3261/3261/22
f 3264/3264/14 3260/3260/14 3259/3259/14
f 3264/3264/14 3259/3259/14 3263/3263/14
f 3262/3262/23 3258/3258/23 3260/3260/23
f 3262/3262/1 3260/3260/1 3264/3264/1
f 3254/3254/3 3256/3256/3 3251/3251/3
f 3254/3254/3 3251/3251/3 3250/3250/3
f 3262/3262/5 3264/3264/5 3263/3263/5
f 3262/3262/5 3263/3263/5 3261/3261/5
