schema_version,experiment_name,environment,severity,seed,scenario_id,scenario_fingerprint,algorithm,status,task_count,uav_count,horizon_minutes,arrival_profile,objective_value,served_tasks,deferred_tasks,average_completion_delay,total_distance,total_travel_time,total_energy,requested_parcels,dropped_parcels,parcel_delivery_rate,safe_return_rate,runtime_seconds,planner_runtime_seconds,route_runtime_seconds,recourse_runtime_seconds,dispatch_count,mission_count,peak_queue_size,candidate_count,max_candidate_count,max_pending_considered,search_truncated_dispatches,phase_high_tasks,phase_medium_tasks,phase_low_tasks,recourse_trigger_count,accepted_replacements,rejected_replacements,replacement_gain,displaced_task_count,rejection_reasons
pgbm_v2_paired_metrics.v1,pgbm_v2_task_replacement_recourse,synthetic,moderate,101,synthetic_101,413b35bca8473eec86041bb5efbb57c86008347c417709fba83186c075d38c87,V1,ok,30,3,120.0,three_phase,11.39296613026786,23,7,26.44139072626561,2514.484728780848,251.4484728780848,2659.545959054989,46,34,0.7391304347826086,1.0,0.4697838750000001,0.4689435420000002,0.45475992899999873,0.0,17,0,11,4433,2625,8,0,15,10,5,0,0,0,0.0,0,{}
pgbm_v2_paired_metrics.v1,pgbm_v2_task_replacement_recourse,synthetic,moderate,101,synthetic_tasks_30_uavs_3_seed_101,413b35bca8473eec86041bb5efbb57c86008347c417709fba83186c075d38c87,V2,ok,30,3,120.0,three_phase,11.868845123971877,23,7,28.675022827344264,2771.3437308799666,277.13437308799666,2937.659878234373,46,34,0.7391304347826086,1.0,0.722697667,0.5534567910000001,0.5461576939999999,0.15382096100000053,14,12,11,704,175,8,0,15,10,5,17,5,12,1.1011778122394378,5,"{""no_feasible_candidate"": 4, ""no_positive_gain"": 4, ""no_uncompleted_active_task"": 4}"
pgbm_v2_paired_metrics.v1,pgbm_v2_task_replacement_recourse,synthetic,moderate,102,synthetic_102,5b96074dd5c39be490a305c43527c85fac5e34ce95cbb01cd35dbaa534a69d74,V1,ok,30,3,120.0,three_phase,13.818683717592382,24,6,20.08953597534838,2300.8020582429012,230.08020582429012,2454.2795064413,55,41,0.7454545454545455,1.0,0.705690208,0.7048104980000003,0.7009071400000022,0.0,16,0,9,870,257,8,0,15,10,5,0,0,0,0.0,0,{}
pgbm_v2_paired_metrics.v1,pgbm_v2_task_replacement_recourse,synthetic,moderate,102,synthetic_tasks_30_uavs_3_seed_102,5b96074dd5c39be490a305c43527c85fac5e34ce95cbb01cd35dbaa534a69d74,V2,ok,30,3,120.0,three_phase,13.55439660474244,23,7,20.870826434569643,2325.5569758200636,232.55569758200636,2507.3219429199266,55,39,0.7090909090909091,1.0,1.9397765420000002,1.4547617080000004,1.448323963999997,0.472113749,16,14,11,595,161,8,0,15,10,5,13,7,6,1.5725441984559738,7,"{""no_feasible_candidate"": 3, ""no_positive_gain"": 3}"
pgbm_v2_paired_metrics.v1,pgbm_v2_task_replacement_recourse,synthetic,moderate,103,synthetic_103,f430a6f94f592ab8c1cf26dbeb11300699fdc41b74e82ba416bbaa1ea373aec3,V1,ok,30,3,120.0,three_phase,9.99448903629506,21,9,23.010538584849122,2518.4494416549337,251.84494416549336,2668.7258858187006,46,31,0.6739130434782609,1.0,1.8333881659999998,1.832528624,1.7591870450000573,0.0,14,0,9,20531,10733,8,0,15,10,5,0,0,0,0.0,0,{}
pgbm_v2_paired_metrics.v1,pgbm_v2_task_replacement_recourse,synthetic,moderate,103,synthetic_tasks_30_uavs_3_seed_103,f430a6f94f592ab8c1cf26dbeb11300699fdc41b74e82ba416bbaa1ea373aec3,V2,ok,30,3,120.0,three_phase,11.287074466155797,20,10,14.42207387109749,2569.941827339288,256.9941827339288,2740.8757819954985,46,26,0.5652173913043478,1.0,3.657867917000001,3.1308369590000007,3.0969959699999423,0.5094286649999997,14,10,10,4529,1877,8,0,15,10,5,18,7,11,2.1446477842273253,7,"{""no_feasible_candidate"": 5, ""no_positive_gain"": 6}"
pgbm_v2_paired_metrics.v1,pgbm_v2_task_replacement_recourse,synthetic,moderate,104,synthetic_104,c209581c694960af5678bb90caaaa8d198065af1b2d427afa3f8a874cf7b1c16,V1,ok,30,3,120.0,three_phase,12.862793625955243,23,7,20.158643366587576,2480.411258460792,248.04112584607918,2645.7827931019897,50,37,0.74,1.0,1.9525870840000001,1.9515597070000004,1.9450797669999904,0.0,19,0,7,2271,1773,7,0,15,10,5,0,0,0,0.0,0,{}
pgbm_v2_paired_metrics.v1,pgbm_v2_task_replacement_recourse,synthetic,moderate,104,synthetic_tasks_30_uavs_3_seed_104,c209581c694960af5678bb90caaaa8d198065af1b2d427afa3f8a874cf7b1c16,V2,ok,30,3,120.0,three_phase,13.661722846130331,22,8,16.745854089132994,2653.4175854259865,265.34175854259865,2834.6389135420377,50,34,0.68,1.0,4.1652087080000015,3.4282334569999975,3.4234165559999887,0.7221523720000036,13,12,8,422,104,8,0,15,10,5,18,9,9,2.813886845858315,9,"{""no_feasible_candidate"": 4, ""no_positive_gain"": 4, ""no_uncompleted_active_task"": 1}"
pgbm_v2_paired_metrics.v1,pgbm_v2_task_replacement_recourse,synthetic,moderate,105,synthetic_105,68d488ccbc6f1015d3fd8736090a9e808a732d04b569e2156d3bb9f83f6ed882,V1,ok,30,3,120.0,three_phase,11.832446485181705,24,6,28.233174030569,2657.023690017282,265.70236900172824,2804.330695608706,51,35,0.6862745098039216,1.0,1.0779481669999997,1.0771966679999982,1.0739525020000018,0.0,12,0,11,562,257,8,0,15,10,5,0,0,0,0.0,0,{}
pgbm_v2_paired_metrics.v1,pgbm_v2_task_replacement_recourse,synthetic,moderate,105,synthetic_tasks_30_uavs_3_seed_105,68d488ccbc6f1015d3fd8736090a9e808a732d04b569e2156d3bb9f83f6ed882,V2,ok,30,3,120.0,three_phase,12.366578863911098,22,8,22.498321839758177,2616.8486121459105,261.684861214591,2770.720690826298,51,34,0.6666666666666666,1.0,2.982912041999999,2.950102790999999,2.941843162000019,0.021085376000002043,13,12,11,740,135,8,0,15,10,5,19,7,12,1.0548898695717437,7,"{""no_feasible_candidate"": 8, ""no_positive_gain"": 4}"
pgbm_v2_paired_metrics.v1,pgbm_v2_task_replacement_recourse,synthetic,moderate,106,synthetic_106,7eda3d0069e802aa0221dee27802b996d47f31c566162ef855552abab9836726,V1,ok,30,3,120.0,three_phase,13.274852508814712,25,5,22.003750060056745,2749.7414640843344,274.97414640843346,2899.308298901683,43,35,0.813953488372093,1.0,2.815993208,2.8151088770000037,2.8084648010000013,0.0,14,0,11,1703,725,8,0,15,10,5,0,0,0,0.0,0,{}
pgbm_v2_paired_metrics.v1,pgbm_v2_task_replacement_recourse,synthetic,moderate,106,synthetic_tasks_30_uavs_3_seed_106,7eda3d0069e802aa0221dee27802b996d47f31c566162ef855552abab9836726,V2,ok,30,3,120.0,three_phase,13.982572176546846,24,6,18.042619494548312,2749.7057110950554,274.97057110950556,2902.0152423258696,43,35,0.813953488372093,1.0,6.898090374999999,6.3452612920000036,6.3336329479999876,0.5364187099999889,13,12,11,1073,361,8,0,15,10,5,17,5,12,1.6548391152877957,5,"{""no_feasible_candidate"": 6, ""no_positive_gain"": 3, ""no_uncompleted_active_task"": 3}"
pgbm_v2_paired_metrics.v1,pgbm_v2_task_replacement_recourse,synthetic,moderate,107,synthetic_107,8b8b3c4b91903aa97c9ab1987f2cc089564cc3458042502b19ba18506a860584,V1,ok,30,3,120.0,three_phase,14.145736543387175,24,6,21.764691831069968,2616.4344577364423,261.6434457736442,2748.644200606682,47,36,0.7659574468085106,1.0,1.4846016659999997,1.4838047919999973,1.4799493080000126,0.0,13,0,9,739,425,8,0,15,10,5,0,0,0,0.0,0,{}
pgbm_v2_paired_metrics.v1,pgbm_v2_task_replacement_recourse,synthetic,moderate,107,synthetic_tasks_30_uavs_3_seed_107,8b8b3c4b91903aa97c9ab1987f2cc089564cc3458042502b19ba18506a860584,V2,ok,30,3,120.0,three_phase,14.752253553712979,25,5,19.99427325260679,2676.2773735667024,267.62773735667025,2812.128895889143,47,36,0.7659574468085106,1.0,3.5441505000000006,3.05804100000001,3.0494623830000087,0.46740162600000446,13,12,9,728,425,8,0,15,10,5,18,2,16,0.5172005758738035,2,"{""no_feasible_candidate"": 8, ""no_positive_gain"": 6, ""no_uncompleted_active_task"": 2}"
pgbm_v2_paired_metrics.v1,pgbm_v2_task_replacement_recourse,synthetic,moderate,108,synthetic_108,0ed65fc8c4ac6cad3bba444585e5daf0b9cdd30540f66675ecb1c50e6b8fe532,V1,ok,30,3,120.0,three_phase,11.572238897996995,22,8,23.935560262056324,2507.0847198917377,250.70847198917377,2656.206848027271,53,34,0.6415094339622641,1.0,1.575686791999999,1.5747962930000057,1.571607328999992,0.0,13,0,10,518,175,8,0,15,10,5,0,0,0,0.0,0,{}
pgbm_v2_paired_metrics.v1,pgbm_v2_task_replacement_recourse,synthetic,moderate,108,synthetic_tasks_30_uavs_3_seed_108,0ed65fc8c4ac6cad3bba444585e5daf0b9cdd30540f66675ecb1c50e6b8fe532,V2,ok,30,3,120.0,three_phase,11.792962761105159,22,8,22.23655825392061,2546.3945032939655,254.63945032939654,2689.3481862494627,53,31,0.5849056603773585,1.0,3.0881063750000024,2.5264232479999933,2.519071412999981,0.5488086650000028,11,11,12,603,175,8,0,15,10,5,15,7,8,1.3125204376954898,7,"{""no_feasible_candidate"": 6, ""no_positive_gain"": 2}"
pgbm_v2_paired_metrics.v1,pgbm_v2_task_replacement_recourse,synthetic,moderate,109,synthetic_109,05fd2c764d3f7ca74b11b0a9520f6ac3b6518b594fe4683b5e0eb0f327b74123,V1,ok,30,3,120.0,three_phase,10.155087887862479,20,10,26.086963723940055,2334.549584571709,233.4549584571709,2468.4544506432603,47,31,0.6595744680851063,1.0,4.763360208,4.762479459999996,4.579745353000632,0.0,13,0,10,60708,50000,8,1,15,10,5,0,0,0,0.0,0,{}
pgbm_v2_paired_metrics.v1,pgbm_v2_task_replacement_recourse,synthetic,moderate,109,synthetic_tasks_30_uavs_3_seed_109,05fd2c764d3f7ca74b11b0a9520f6ac3b6518b594fe4683b5e0eb0f327b74123,V2,ok,30,3,120.0,three_phase,10.768268634916122,19,11,20.121748260492883,2490.8049044184545,249.08049044184546,2614.0947709615734,47,28,0.5957446808510638,1.0,8.809277334,7.650351706999999,7.319898545000505,1.131550750999999,12,9,11,57130,50000,8,1,15,10,5,20,8,12,1.8315089796076593,8,"{""no_feasible_candidate"": 9, ""no_positive_gain"": 2, ""no_uncompleted_active_task"": 1}"
pgbm_v2_paired_metrics.v1,pgbm_v2_task_replacement_recourse,synthetic,moderate,110,synthetic_110,354b0a76df7adbc683e77993ddcbeda57797855068d4dc45a9926e748d1d827e,V1,ok,30,3,120.0,three_phase,10.760523066374313,20,10,24.83772044182715,2540.4534294003693,254.04534294003693,2707.139668583339,48,31,0.6458333333333334,1.0,4.011090165999999,4.0101578740000114,3.580327375999996,0.0,14,0,10,155792,50000,8,3,15,10,5,0,0,0,0.0,0,{}
pgbm_v2_paired_metrics.v1,pgbm_v2_task_replacement_recourse,synthetic,moderate,110,synthetic_tasks_30_uavs_3_seed_110,354b0a76df7adbc683e77993ddcbeda57797855068d4dc45a9926e748d1d827e,V2,ok,30,3,120.0,three_phase,12.293765185038145,20,10,18.636831449248398,2669.777838060133,266.9777838060133,2843.3459843258806,48,30,0.625,1.0,4.588502500000004,3.8621764580000146,3.615484220000056,0.702880040999986,14,9,10,35135,25735,8,0,15,10,5,14,7,7,2.268173661352148,7,"{""no_feasible_candidate"": 1, ""no_positive_gain"": 2, ""no_uncompleted_active_task"": 4}"
pgbm_v2_paired_metrics.v1,pgbm_v2_task_replacement_recourse,synthetic,moderate,101,synthetic_101,2a6d59614bee175a913b06b0a758d0110e1587b1c44526b818302b5432fd9430,V1,ok,30,5,120.0,three_phase,13.54299412426692,25,5,18.42581162410258,3527.9051803038014,352.79051803038016,3708.811280750498,46,39,0.8478260869565217,1.0,0.6665503749999999,0.6654849599999899,0.6150930210003303,0.0,22,0,7,23669,19736,7,0,15,10,5,0,0,0,0.0,0,{}
pgbm_v2_paired_metrics.v1,pgbm_v2_task_replacement_recourse,synthetic,moderate,101,synthetic_tasks_30_uavs_5_seed_101,2a6d59614bee175a913b06b0a758d0110e1587b1c44526b818302b5432fd9430,V2,ok,30,5,120.0,three_phase,13.700874852059668,25,5,19.320163978622535,3597.551577274194,359.75515772741943,3788.4064766854954,46,39,0.8478260869565217,1.0,1.6588969579999997,1.5954337079999945,1.466471595999586,0.04037054199999801,23,16,7,23742,19736,7,0,15,10,5,11,4,7,0.993958849915091,4,"{""no_feasible_candidate"": 4, ""no_positive_gain"": 2, ""no_uncompleted_active_task"": 1}"
pgbm_v2_paired_metrics.v1,pgbm_v2_task_replacement_recourse,synthetic,moderate,102,synthetic_102,168771cb133896110b50c3a242c9f0ea7227156ae1e7dbf9f8629f676f28f9df,V1,ok,30,5,120.0,three_phase,16.70757711073517,28,2,15.023933116630786,3237.944342221438,323.7944342221438,3437.9745044173983,55,50,0.9090909090909091,1.0,0.48134083300000086,0.48027646000000246,0.47810412500002286,0.0,21,0,8,421,257,8,0,15,10,5,0,0,0,0.0,0,{}
pgbm_v2_paired_metrics.v1,pgbm_v2_task_replacement_recourse,synthetic,moderate,102,synthetic_tasks_30_uavs_5_seed_102,168771cb133896110b50c3a242c9f0ea7227156ae1e7dbf9f8629f676f28f9df,V2,ok,30,5,120.0,three_phase,15.935249459925991,27,3,17.94980940293607,3415.642690249501,341.5642690249501,3633.998638658282,55,48,0.8727272727272727,1.0,1.3868374580000022,1.0449501259999892,1.0357518300000947,0.2933190829999859,25,18,8,649,186,8,0,15,10,5,9,6,3,1.6041226938184354,6,"{""no_positive_gain"": 3}"
pgbm_v2_paired_metrics.v1,pgbm_v2_task_replacement_recourse,synthetic,moderate,103,synthetic_103,becdae2947a80cd550dbea27616e19865f4a878105687fd390b6a563c5e29a91,V1,ok,30,5,120.0,three_phase,14.100120011213583,28,2,16.271122811093527,4139.273709056608,413.9273709056608,4361.666274494256,46,43,0.9347826086956522,1.0,0.8973149169999992,0.8962381239999999,0.8951255020000133,0.0,22,0,4,206,65,4,0,15,10,5,0,0,0,0.0,0,{}
pgbm_v2_paired_metrics.v1,pgbm_v2_task_replacement_recourse,synthetic,moderate,103,synthetic_tasks_30_uavs_5_seed_103,becdae2947a80cd550dbea27616e19865f4a878105687fd390b6a563c5e29a91,V2,ok,30,5,120.0,three_phase,14.204816459308619,28,2,16.109738572466625,4125.88345295822,412.588345295822,4351.096787044344,46,43,0.9347826086956522,1.0,2.322079667000004,1.921164458000007,1.9176523379999253,0.3714792909999929,22,18,4,224,65,4,0,15,10,5,6,3,3,0.6765598842008702,3,"{""no_feasible_candidate"": 2, ""no_positive_gain"": 1}"
pgbm_v2_paired_metrics.v1,pgbm_v2_task_replacement_recourse,synthetic,moderate,104,synthetic_104,d5b5c66c4d96fd169244f93a51ecbbadaabdd87003cbd7f746425f778b1b09dc,V1,ok,30,5,120.0,three_phase,15.204537199304934,26,4,13.781451741145103,3820.7617670914324,382.0761767091432,4026.2535929962937,50,44,0.88,1.0,1.6922691249999993,1.6909489150000034,1.688389718999943,0.0,26,0,4,834,505,4,0,15,10,5,0,0,0,0.0,0,{}
pgbm_v2_paired_metrics.v1,pgbm_v2_task_replacement_recourse,synthetic,moderate,104,synthetic_tasks_30_uavs_5_seed_104,d5b5c66c4d96fd169244f93a51ecbbadaabdd87003cbd7f746425f778b1b09dc,V2,ok,30,5,120.0,three_phase,14.89751543786505,25,5,13.170013182650683,3627.4527056785455,362.74527056785456,3826.6256895536812,50,41,0.82,1.0,4.517865209,4.147763452999982,4.1011554859998185,0.33906983200000695,28,19,5,5723,4597,5,0,15,10,5,6,2,4,0.5566014966210497,2,"{""no_feasible_candidate"": 2, ""no_positive_gain"": 2}"
pgbm_v2_paired_metrics.v1,pgbm_v2_task_replacement_recourse,synthetic,moderate,105,synthetic_105,8a4b2dbe48647954b395219db7fcf6bcf26f4f0fa3b59438b85b7575ee3fc670,V1,ok,30,5,120.0,three_phase,15.7673998509584,29,1,16.4363994841958,3936.692093953298,393.6692093953298,4133.725972343333,51,50,0.9803921568627451,1.0,0.27607533299999787,0.2750575809999951,0.27406774899998965,0.0,25,0,5,161,34,5,0,15,10,5,0,0,0,0.0,0,{}
pgbm_v2_paired_metrics.v1,pgbm_v2_task_replacement_recourse,synthetic,moderate,105,synthetic_tasks_30_uavs_5_seed_105,8a4b2dbe48647954b395219db7fcf6bcf26f4f0fa3b59438b85b7575ee3fc670,V2,ok,30,5,120.0,three_phase,16.01375906847003,29,1,18.058827996293008,4116.994342056497,411.6994342056497,4332.816171466422,51,50,0.9803921568627451,1.0,0.5149807080000031,0.3210142499999975,0.3180137960000238,0.15684520899999654,25,22,5,190,34,5,0,15,10,5,14,5,9,0.6648179033825306,5,"{""no_feasible_candidate"": 6, ""no_positive_gain"": 3}"
pgbm_v2_paired_metrics.v1,pgbm_v2_task_replacement_recourse,synthetic,moderate,106,synthetic_106,40366712a706d8bca58c665a8f2e7e54778f3ec6af5608154179084d30ef9737,V1,ok,30,5,120.0,three_phase,16.023273226474426,29,1,15.640467142954323,4201.197469127901,420.1197469127901,4404.828474702591,43,42,0.9767441860465116,1.0,1.687893625000001,1.686678085000004,1.6856674160000225,0.0,23,0,4,139,21,4,0,15,10,5,0,0,0,0.0,0,{}
pgbm_v2_paired_metrics.v1,pgbm_v2_task_replacement_recourse,synthetic,moderate,106,synthetic_tasks_30_uavs_5_seed_106,40366712a706d8bca58c665a8f2e7e54778f3ec6af5608154179084d30ef9737,V2,ok,30,5,120.0,three_phase,16.11274448885163,29,1,15.650804134685249,4197.33377103145,419.733377103145,4409.577537247352,43,42,0.9767441860465116,1.0,4.541319833000003,4.419076661999995,4.4145657090000014,0.08408733400000301,23,20,4,156,17,4,0,15,10,5,4,3,1,0.7730185364926198,3,"{""no_positive_gain"": 1}"
pgbm_v2_paired_metrics.v1,pgbm_v2_task_replacement_recourse,synthetic,moderate,107,synthetic_107,8ee179586e6c4543bb0cf7ac654aa1f4d0034e366ee6da66b25ce169723d202d,V1,ok,30,5,120.0,three_phase,16.9060588582154,27,3,13.261724005197564,3650.5819171382723,365.0581917138272,3826.659427516681,47,41,0.8723404255319149,1.0,1.0593262920000015,1.0581688339999857,1.056162495000045,0.0,24,0,5,505,206,5,0,15,10,5,0,0,0,0.0,0,{}
pgbm_v2_paired_metrics.v1,pgbm_v2_task_replacement_recourse,synthetic,moderate,107,synthetic_tasks_30_uavs_5_seed_107,8ee179586e6c4543bb0cf7ac654aa1f4d0034e366ee6da66b25ce169723d202d,V2,ok,30,5,120.0,three_phase,16.967627505714518,27,3,13.686601621428569,3656.318613398001,365.63186133980014,3838.063492359135,47,41,0.8723404255319149,1.0,3.4899413330000044,3.151240329999993,3.1442371039999557,0.3067398340000267,24,19,5,536,206,5,0,15,10,5,4,3,1,0.6989386983307969,3,"{""no_positive_gain"": 1}"
pgbm_v2_paired_metrics.v1,pgbm_v2_task_replacement_recourse,synthetic,moderate,108,synthetic_108,609c6595521e811193a606f5079e51b383ea87c576cad3472e69e3c72088006d,V1,ok,30,5,120.0,three_phase,15.523819687804071,28,2,16.192684718912282,3590.062613251134,359.00626132511337,3790.864949216305,53,48,0.9056603773584906,1.0,1.010002,1.0089003759999997,1.007218760999919,0.0,22,0,7,321,128,7,0,15,10,5,0,0,0,0.0,0,{}
pgbm_v2_paired_metrics.v1,pgbm_v2_task_replacement_recourse,synthetic,moderate,108,synthetic_tasks_30_uavs_5_seed_108,609c6595521e811193a606f5079e51b383ea87c576cad3472e69e3c72088006d,V2,ok,30,5,120.0,three_phase,15.623179825130991,28,2,17.31807529601071,3901.182655760317,390.1182655760317,4114.830391310283,53,48,0.9056603773584906,1.0,3.1595653330000033,2.6935428749999772,2.688188249999911,0.4287697499999723,23,19,7,263,82,7,0,15,10,5,9,4,5,1.479510345633419,4,"{""no_feasible_candidate"": 2, ""no_positive_gain"": 3}"
pgbm_v2_paired_metrics.v1,pgbm_v2_task_replacement_recourse,synthetic,moderate,109,synthetic_109,a42dcfa43b1295a922678b972644e7f4a303bd8842cd6ac3193ce23d4364df75,V1,ok,30,5,120.0,three_phase,14.361931206563638,26,4,17.408309674618685,3856.369739588741,385.63697395887414,4042.8370030682136,47,40,0.851063829787234,1.0,2.012299583000001,2.011081080000018,2.008541247999972,0.0,20,0,5,743,385,5,0,15,10,5,0,0,0,0.0,0,{}
pgbm_v2_paired_metrics.v1,pgbm_v2_task_replacement_recourse,synthetic,moderate,109,synthetic_tasks_30_uavs_5_seed_109,a42dcfa43b1295a922678b972644e7f4a303bd8842cd6ac3193ce23d4364df75,V2,ok,30,5,120.0,three_phase,14.876938056876055,27,3,16.67391248509404,3851.053429314991,385.1053429314991,4048.5406746777517,47,41,0.8723404255319149,1.0,6.5863546249999985,6.137504581999977,6.119977574999822,0.4151661660000059,23,17,5,505,137,5,0,15,10,5,9,2,7,0.13509396467098433,2,"{""no_feasible_candidate"": 5, ""no_positive_gain"": 2}"
pgbm_v2_paired_metrics.v1,pgbm_v2_task_replacement_recourse,synthetic,moderate,110,synthetic_110,0027d693f8f56768668a32e0caa9385fb50c12fd27534c6e86f9da650c317c95,V1,ok,30,5,120.0,three_phase,14.89475476539466,26,4,19.075313477351994,4053.214268565359,405.3214268565359,4278.737314549478,48,41,0.8541666666666666,1.0,1.392885917000001,1.391635665999992,1.3865970239998902,0.0,23,0,6,1575,977,6,0,15,10,5,0,0,0,0.0,0,{}
pgbm_v2_paired_metrics.v1,pgbm_v2_task_replacement_recourse,synthetic,moderate,110,synthetic_tasks_30_uavs_5_seed_110,0027d693f8f56768668a32e0caa9385fb50c12fd27534c6e86f9da650c317c95,V2,ok,30,5,120.0,three_phase,14.831060125936748,25,5,18.613140095571666,4144.517495781816,414.45174957818165,4373.363080647,48,39,0.8125,1.0,4.042227124999997,3.7576066639999937,3.6161252589995883,0.25599749699999563,24,16,6,20582,13646,6,0,15,10,5,8,5,3,1.1781709203730832,5,"{""no_feasible_candidate"": 1, ""no_positive_gain"": 2}"
pgbm_v2_paired_metrics.v1,pgbm_v2_task_replacement_recourse,synthetic,moderate,101,synthetic_101,9095cb9153069dde321b43a50666c1859208a32117527c635a5437f684406ffb,V1,ok,30,8,120.0,three_phase,14.313664376989673,25,5,12.725430605076397,4517.606040241009,451.7606040241009,4716.3522041446495,46,39,0.8478260869565217,1.0,1.161085,1.1597819139999999,1.0134620080013406,0.0,27,0,5,61418,50000,5,1,15,10,5,0,0,0,0.0,0,{}
pgbm_v2_paired_metrics.v1,pgbm_v2_task_replacement_recourse,synthetic,moderate,101,synthetic_tasks_30_uavs_8_seed_101,9095cb9153069dde321b43a50666c1859208a32117527c635a5437f684406ffb,V2,ok,30,8,120.0,three_phase,14.34566520384592,25,5,12.371664215178715,4510.306933565319,451.0306933565319,4701.723202983496,46,39,0.8478260869565217,1.0,3.347144666999995,3.3087833309999723,2.863378231001988,0.0026788750000008577,27,22,5,61425,50000,5,1,15,10,5,2,1,1,0.10995943263045466,1,"{""no_feasible_candidate"": 1}"
pgbm_v2_paired_metrics.v1,pgbm_v2_task_replacement_recourse,synthetic,moderate,102,synthetic_102,7f2562e874002d85f293329fe39da22a73239c8cf54eebf82fa1342d4e76c8ed,V1,ok,30,8,120.0,three_phase,17.493894519111453,28,2,10.533871602264725,3837.7917379732567,383.77917379732565,4043.8941396658356,55,50,0.9090909090909091,1.0,0.39269404200000224,0.39143379200004347,0.3900004089999527,0.0,26,0,5,222,57,5,0,15,10,5,0,0,0,0.0,0,{}
pgbm_v2_paired_metrics.v1,pgbm_v2_task_replacement_recourse,synthetic,moderate,102,synthetic_tasks_30_uavs_8_seed_102,7f2562e874002d85f293329fe39da22a73239c8cf54eebf82fa1342d4e76c8ed,V2,ok,30,8,120.0,three_phase,17.493894519111453,28,2,10.533871602264727,3837.7917379732567,383.77917379732565,4043.894139665836,55,50,0.9090909090909091,1.0,1.1552059169999893,1.0291360440000403,1.0218437080001337,0.08600949999998875,26,23,5,224,57,5,0,15,10,5,1,0,1,0.0,0,"{""no_positive_gain"": 1}"
pgbm_v2_paired_metrics.v1,pgbm_v2_task_replacement_recourse,synthetic,moderate,103,synthetic_103,89213fffaa9d666c055d2f5b613c82b2df9802f9b151e2e8eaf3ca64b572bc3f,V1,ok,30,8,120.0,three_phase,14.761534928622208,28,2,12.356601828639366,5359.441789088667,535.9441789088667,5609.237008204331,46,43,0.9347826086956522,1.0,0.8068773339999993,0.8055176239999824,0.8040833330000083,0.0,29,0,3,179,55,3,0,15,10,5,0,0,0,0.0,0,{}
pgbm_v2_paired_metrics.v1,pgbm_v2_task_replacement_recourse,synthetic,moderate,103,synthetic_tasks_30_uavs_8_seed_103,89213fffaa9d666c055d2f5b613c82b2df9802f9b151e2e8eaf3ca64b572bc3f,V2,ok,30,8,120.0,three_phase,14.92464131982033,28,2,12.246960342632708,5419.858550889454,541.9858550889454,5670.069573017289,46,43,0.9347826086956522,1.0,2.6139944580000076,2.1642039159999626,2.1583498739997964,0.3875890420000019,29,26,3,182,55,3,0,15,10,5,2,2,0,0.8276021239105156,2,{}
pgbm_v2_paired_metrics.v1,pgbm_v2_task_replacement_recourse,synthetic,moderate,104,synthetic_104,b6b7d03e89ee453d67b6f0dda3e437aa81a420583f012beadbb01c53a43cbc8a,V1,ok,30,8,120.0,three_phase,15.895585826970722,26,4,9.919537322865741,4602.030745898817,460.20307458988174,4815.476759806929,50,44,0.88,1.0,1.9684276670000003,1.9662481690000035,1.9429831340000376,0.0,33,0,4,7588,6665,4,0,15,10,5,0,0,0,0.0,0,{}
pgbm_v2_paired_metrics.v1,pgbm_v2_task_replacement_recourse,synthetic,moderate,104,synthetic_tasks_30_uavs_8_seed_104,b6b7d03e89ee453d67b6f0dda3e437aa81a420583f012beadbb01c53a43cbc8a,V2,ok,30,8,120.0,three_phase,15.895585826970722,26,4,9.919537322865741,4602.030745898818,460.2030745898818,4815.476759806929,50,44,0.88,1.0,4.565355083,4.506428370999927,4.436643587000077,0.0,33,26,4,7588,6665,4,0,15,10,5,0,0,0,0.0,0,{}
pgbm_v2_paired_metrics.v1,pgbm_v2_task_replacement_recourse,synthetic,moderate,105,synthetic_105,255748217c0a2cbe73452d1f802afec221cc4fc3ef16758299062ee8a86724f2,V1,ok,30,8,120.0,three_phase,17.685904864613022,30,0,10.046448862796176,4967.946091403651,496.7946091403651,5182.288609589733,51,51,1.0,1.0,0.15832966700000384,0.15706208400002453,0.15608566299998472,0.0,29,0,2,116,9,2,0,15,10,5,0,0,0,0.0,0,{}
pgbm_v2_paired_metrics.v1,pgbm_v2_task_replacement_recourse,synthetic,moderate,105,synthetic_tasks_30_uavs_8_seed_105,255748217c0a2cbe73452d1f802afec221cc4fc3ef16758299062ee8a86724f2,V2,ok,30,8,120.0,three_phase,17.685904864613025,30,0,10.046448862796176,4967.946091403651,496.7946091403651,5182.288609589733,51,51,1.0,1.0,0.49598641700001167,0.45730775200004814,0.45326016900003196,0.0,29,29,2,116,9,2,0,15,10,5,0,0,0,0.0,0,{}
pgbm_v2_paired_metrics.v1,pgbm_v2_task_replacement_recourse,synthetic,moderate,106,synthetic_106,f9dcd4d4dbce12eb2cd458309540b21fa1ddb837d90f344a0156a7bd7352768b,V1,ok,30,8,120.0,three_phase,16.80718435997102,29,1,11.040415520788372,5205.84893751313,520.5848937513131,5417.142820359902,43,42,0.9767441860465116,1.0,1.5721220830000036,1.5706276290000076,1.5694163709999884,0.0,28,0,2,121,9,2,0,15,10,5,0,0,0,0.0,0,{}
pgbm_v2_paired_metrics.v1,pgbm_v2_task_replacement_recourse,synthetic,moderate,106,synthetic_tasks_30_uavs_8_seed_106,f9dcd4d4dbce12eb2cd458309540b21fa1ddb837d90f344a0156a7bd7352768b,V2,ok,30,8,120.0,three_phase,16.820548522641733,29,1,11.022713235758408,5206.711539148663,520.6711539148663,5418.492241011283,43,42,0.9767441860465116,1.0,5.048318583000011,4.5947054150000355,4.587103426000098,0.39302445900000293,28,27,2,123,9,2,0,15,10,5,1,1,0,0.07971449183661972,1,{}
pgbm_v2_paired_metrics.v1,pgbm_v2_task_replacement_recourse,synthetic,moderate,107,synthetic_107,ac89957e37a843085a957571dc953f9e716497358ec55b83c3b810da4d9b1eab,V1,ok,30,8,120.0,three_phase,17.36724762478807,27,3,10.85011473255679,4476.918085340563,447.69180853405635,4661.437976627247,47,41,0.8723404255319149,1.0,0.7913005420000019,0.7898256670000166,0.7860019679999866,0.0,28,0,3,1107,554,3,0,15,10,5,0,0,0,0.0,0,{}
pgbm_v2_paired_metrics.v1,pgbm_v2_task_replacement_recourse,synthetic,moderate,107,synthetic_tasks_30_uavs_8_seed_107,ac89957e37a843085a957571dc953f9e716497358ec55b83c3b810da4d9b1eab,V2,ok,30,8,120.0,three_phase,17.367247624788074,27,3,10.85011473255679,4476.918085340563,447.69180853405635,4661.437976627247,47,41,0.8723404255319149,1.0,2.6268248330000006,2.572894501999997,2.559568665999734,0.0014521250000143482,28,24,3,1116,554,3,0,15,10,5,2,0,2,0.0,0,"{""no_feasible_candidate"": 2}"
pgbm_v2_paired_metrics.v1,pgbm_v2_task_replacement_recourse,synthetic,moderate,108,synthetic_108,b4a703032e3003b2ca283075356bc70cf1d06d893b94b57470adf4e55fb36792,V1,ok,30,8,120.0,three_phase,16.26374890784576,28,2,12.148304698413652,4545.298277908578,454.5298277908578,4761.1743421442,53,48,0.9056603773584906,1.0,1.0058288749999988,1.004455959000012,1.003015992999984,0.0,26,0,4,236,57,4,0,15,10,5,0,0,0,0.0,0,{}
pgbm_v2_paired_metrics.v1,pgbm_v2_task_replacement_recourse,synthetic,moderate,108,synthetic_tasks_30_uavs_8_seed_108,b4a703032e3003b2ca283075356bc70cf1d06d893b94b57470adf4e55fb36792,V2,ok,30,8,120.0,three_phase,16.26739027044895,28,2,12.368266046290229,4607.343230302622,460.7343230302622,4837.916430212519,53,48,0.9056603773584906,1.0,3.1724112090000034,2.8907173770000583,2.883304871999769,0.23206037499997478,28,22,4,303,73,4,0,15,10,5,3,3,0,0.506688898805405,3,{}
pgbm_v2_paired_metrics.v1,pgbm_v2_task_replacement_recourse,synthetic,moderate,109,synthetic_109,600f9064b92c6c207a6de4bd595aaba9b8c283d7e1e7bfc2f5e100de249a7e28,V1,ok,30,8,120.0,three_phase,15.625976545430685,27,3,11.491518696765281,4808.8120834461915,480.88120834461915,5016.422767431017,47,41,0.8723404255319149,1.0,1.8855292499999976,1.8838334140000157,1.8789732520000797,0.0,33,0,3,1617,554,3,0,15,10,5,0,0,0,0.0,0,{}
pgbm_v2_paired_metrics.v1,pgbm_v2_task_replacement_recourse,synthetic,moderate,109,synthetic_tasks_30_uavs_8_seed_109,600f9064b92c6c207a6de4bd595aaba9b8c283d7e1e7bfc2f5e100de249a7e28,V2,ok,30,8,120.0,three_phase,15.628422203803511,27,3,11.506367317804347,4898.02584006445,489.802584006445,5108.867957236382,47,41,0.8723404255319149,1.0,5.959238000000013,5.887381831000013,5.869188424999379,0.00654670800001611,33,25,3,1623,554,3,0,15,10,5,2,1,1,0.06684599489650511,1,"{""no_positive_gain"": 1}"
pgbm_v2_paired_metrics.v1,pgbm_v2_task_replacement_recourse,synthetic,moderate,110,synthetic_110,b893ffdb52695d5154f8ab307d2b624b9eba48c74ff6ed30f10bb1ba6aadab7a,V1,ok,30,8,120.0,three_phase,16.3776790788968,27,3,12.944736877050817,5340.560811947036,534.0560811947037,5581.585339505105,48,43,0.8958333333333334,1.0,1.2783510410000005,1.2767619149999945,1.273117199000069,0.0,31,0,3,1141,913,3,0,15,10,5,0,0,0,0.0,0,{}
pgbm_v2_paired_metrics.v1,pgbm_v2_task_replacement_recourse,synthetic,moderate,110,synthetic_tasks_30_uavs_8_seed_110,b893ffdb52695d5154f8ab307d2b624b9eba48c74ff6ed30f10bb1ba6aadab7a,V2,ok,30,8,120.0,three_phase,16.3776790788968,27,3,12.944736877050813,5340.560811947036,534.0560811947037,5581.585339505104,48,43,0.8958333333333334,1.0,4.5681820419999895,4.499744460000045,4.485331648000255,0.00611470800001257,31,24,3,1148,913,3,0,15,10,5,1,0,1,0.0,0,"{""no_positive_gain"": 1}"
pgbm_v2_paired_metrics.v1,pgbm_v2_task_replacement_recourse,synthetic,moderate,101,synthetic_101,f7f2418502cc0a1d9264c685bf9373aceceb5d4ba8639505426f15128df90c43,V1,ok,30,10,120.0,three_phase,14.559322427961026,25,5,10.974799241570615,4772.500876537879,477.2500876537879,4970.504841783248,46,39,0.8478260869565217,1.0,1.3178442090000004,1.3164277480000308,1.1324981090000392,0.0,29,0,5,73584,50000,5,1,15,10,5,0,0,0,0.0,0,{}
pgbm_v2_paired_metrics.v1,pgbm_v2_task_replacement_recourse,synthetic,moderate,101,synthetic_tasks_30_uavs_10_seed_101,f7f2418502cc0a1d9264c685bf9373aceceb5d4ba8639505426f15128df90c43,V2,ok,30,10,120.0,three_phase,14.559322427961026,25,5,10.974799241570615,4772.50087653788,477.250087653788,4970.504841783247,46,39,0.8478260869565217,1.0,4.523490584000001,4.441657708000008,3.7893405650015666,0.0,29,24,5,73584,50000,5,1,15,10,5,0,0,0,0.0,0,{}
pgbm_v2_paired_metrics.v1,pgbm_v2_task_replacement_recourse,synthetic,moderate,102,synthetic_102,07a2787c181a2a6843676950cf6446a6db3df243f1fdb451ea29cc85f0bb505c,V1,ok,30,10,120.0,three_phase,17.688911546525453,28,2,9.575348407823595,4052.5279317303607,405.2527931730361,4270.519949457842,55,50,0.9090909090909091,1.0,0.39289233299999893,0.39138625199998245,0.3896789170000261,0.0,29,0,3,266,91,3,0,15,10,5,0,0,0,0.0,0,{}
pgbm_v2_paired_metrics.v1,pgbm_v2_task_replacement_recourse,synthetic,moderate,102,synthetic_tasks_30_uavs_10_seed_102,07a2787c181a2a6843676950cf6446a6db3df243f1fdb451ea29cc85f0bb505c,V2,ok,30,10,120.0,three_phase,17.688911546525453,28,2,9.575348407823597,4052.5279317303607,405.2527931730361,4270.519949457842,55,50,0.9090909090909091,1.0,1.251264582999994,1.2072649579999677,1.200687558000169,0.0,29,26,3,266,91,3,0,15,10,5,0,0,0,0.0,0,{}
pgbm_v2_paired_metrics.v1,pgbm_v2_task_replacement_recourse,synthetic,moderate,103,synthetic_103,cba11dcccd41b980144286d5abce2450bb247d3597c39136e6e4be7172bb8459,V1,ok,30,10,120.0,three_phase,15.015115226189529,28,2,11.025240596194621,5673.611631498558,567.3611631498559,5919.926373734164,46,43,0.9347826086956522,1.0,0.810175166999997,0.8086184570000299,0.8068542920000183,0.0,31,0,2,251,89,2,0,15,10,5,0,0,0,0.0,0,{}
pgbm_v2_paired_metrics.v1,pgbm_v2_task_replacement_recourse,synthetic,moderate,103,synthetic_tasks_30_uavs_10_seed_103,cba11dcccd41b980144286d5abce2450bb247d3597c39136e6e4be7172bb8459,V2,ok,30,10,120.0,three_phase,15.015115226189529,28,2,11.025240596194623,5673.611631498558,567.3611631498559,5919.926373734165,46,43,0.9347826086956522,1.0,2.3326368749999915,2.2800912950000907,2.272720713999945,0.0,31,28,2,251,89,2,0,15,10,5,0,0,0,0.0,0,{}
pgbm_v2_paired_metrics.v1,pgbm_v2_task_replacement_recourse,synthetic,moderate,104,synthetic_104,57e4adaadb76d55bffd87e39e15aaa4a64d1fd65edb507d1aff971a11ebeb50f,V1,ok,30,10,120.0,three_phase,15.930346882549399,26,4,9.696212973056744,4602.030745898817,460.20307458988174,4815.476759806929,50,44,0.88,1.0,1.7153171659999984,1.7135120430000157,1.669714548000357,0.0,33,0,4,16865,15229,4,0,15,10,5,0,0,0,0.0,0,{}
pgbm_v2_paired_metrics.v1,pgbm_v2_task_replacement_recourse,synthetic,moderate,104,synthetic_tasks_30_uavs_10_seed_104,57e4adaadb76d55bffd87e39e15aaa4a64d1fd65edb507d1aff971a11ebeb50f,V2,ok,30,10,120.0,three_phase,15.930346882549399,26,4,9.696212973056744,4602.030745898818,460.2030745898818,4815.476759806929,50,44,0.88,1.0,5.131039584000007,5.073064622000004,4.927442270999649,0.0,33,26,4,16865,15229,4,0,15,10,5,0,0,0,0.0,0,{}
pgbm_v2_paired_metrics.v1,pgbm_v2_task_replacement_recourse,synthetic,moderate,105,synthetic_105,29a51915a9aa4902e579f2be96caa221e0b4938566923983f67dee571d260ebf,V1,ok,30,10,120.0,three_phase,17.85955696498653,30,0,9.245182356884543,5037.109414124656,503.71094141246556,5253.273546570661,51,51,1.0,1.0,0.1630890830000027,0.16173179199999055,0.16009546600003688,0.0,30,0,1,167,11,1,0,15,10,5,0,0,0,0.0,0,{}
pgbm_v2_paired_metrics.v1,pgbm_v2_task_replacement_recourse,synthetic,moderate,105,synthetic_tasks_30_uavs_10_seed_105,29a51915a9aa4902e579f2be96caa221e0b4938566923983f67dee571d260ebf,V2,ok,30,10,120.0,three_phase,17.859556964986535,30,0,9.245182356884543,5037.109414124656,503.71094141246556,5253.273546570662,51,51,1.0,1.0,0.5004961660000049,0.4612650860000542,0.4558226999999704,0.0,30,30,1,167,11,1,0,15,10,5,0,0,0,0.0,0,{}
pgbm_v2_paired_metrics.v1,pgbm_v2_task_replacement_recourse,synthetic,moderate,106,synthetic_106,aa7dfb18002c64bde2b1425d59ce368ba854fd1494d779896ec357cb51e0dd0e,V1,ok,30,10,120.0,three_phase,16.9506252999953,29,1,10.142068182977448,5443.940850634293,544.3940850634293,5662.501113172612,43,42,0.9767441860465116,1.0,1.4856589579999948,1.4839312100000015,1.4824235420000065,0.0,30,0,1,165,11,1,0,15,10,5,0,0,0,0.0,0,{}
pgbm_v2_paired_metrics.v1,pgbm_v2_task_replacement_recourse,synthetic,moderate,106,synthetic_tasks_30_uavs_10_seed_106,aa7dfb18002c64bde2b1425d59ce368ba854fd1494d779896ec357cb51e0dd0e,V2,ok,30,10,120.0,three_phase,16.9506252999953,29,1,10.142068182977447,5443.940850634294,544.3940850634294,5662.501113172613,43,42,0.9767441860465116,1.0,4.205878582999986,4.144786918999927,4.13891646199977,0.0,30,29,1,165,11,1,0,15,10,5,0,0,0,0.0,0,{}
pgbm_v2_paired_metrics.v1,pgbm_v2_task_replacement_recourse,synthetic,moderate,107,synthetic_107,3ecc6880975d76fee9113e91a65aa44b595359dcacc72be5b141f701cbbad053,V1,ok,30,10,120.0,three_phase,17.53342397802601,27,3,10.013187385529877,4508.292387003325,450.82923870033244,4691.553930603905,47,41,0.8723404255319149,1.0,0.8061556249999953,0.8046058760000179,0.7980593349998699,0.0,30,0,3,2102,1072,3,0,15,10,5,0,0,0,0.0,0,{}
pgbm_v2_paired_metrics.v1,pgbm_v2_task_replacement_recourse,synthetic,moderate,107,synthetic_tasks_30_uavs_10_seed_107,3ecc6880975d76fee9113e91a65aa44b595359dcacc72be5b141f701cbbad053,V2,ok,30,10,120.0,three_phase,17.53342397802601,27,3,10.013187385529877,4508.292387003325,450.82923870033244,4691.553930603905,47,41,0.8723404255319149,1.0,2.7730305829999793,2.7140584980000995,2.688694239000057,0.0,30,26,3,2102,1072,3,0,15,10,5,0,0,0,0.0,0,{}
pgbm_v2_paired_metrics.v1,pgbm_v2_task_replacement_recourse,synthetic,moderate,108,synthetic_108,1b701c80884d4bfa61e0ec27ee5b240af5b40f1a7113921556d61bebfa47f85e,V1,ok,30,10,120.0,three_phase,16.502477847694603,28,2,10.683106412770963,4962.977555187001,496.29775551870006,5185.805982212484,53,48,0.9056603773584906,1.0,1.0134772920000046,1.011795038999999,1.0095385799999903,0.0,31,0,2,372,111,2,0,15,10,5,0,0,0,0.0,0,{}
pgbm_v2_paired_metrics.v1,pgbm_v2_task_replacement_recourse,synthetic,moderate,108,synthetic_tasks_30_uavs_10_seed_108,1b701c80884d4bfa61e0ec27ee5b240af5b40f1a7113921556d61bebfa47f85e,V2,ok,30,10,120.0,three_phase,16.502477847694603,28,2,10.683106412770965,4962.977555187001,496.29775551870006,5185.805982212484,53,48,0.9056603773584906,1.0,3.752937999999972,3.665991706000028,3.6549644110002646,0.0,31,26,2,372,111,2,0,15,10,5,0,0,0,0.0,0,{}
pgbm_v2_paired_metrics.v1,pgbm_v2_task_replacement_recourse,synthetic,moderate,109,synthetic_109,913bbb2c71cb37d7a50795bd7bc06f70d871a0c769348bf6e469bf1a635d681e,V1,ok,30,10,120.0,three_phase,15.843510369608548,27,3,10.197975517010432,5096.9067791254965,509.69067791254963,5308.540671233379,47,41,0.8723404255319149,1.0,1.778261791999995,1.7764608729999622,1.7662136710000453,0.0,35,0,3,3630,1072,3,0,15,10,5,0,0,0,0.0,0,{}
pgbm_v2_paired_metrics.v1,pgbm_v2_task_replacement_recourse,synthetic,moderate,109,synthetic_tasks_30_uavs_10_seed_109,913bbb2c71cb37d7a50795bd7bc06f70d871a0c769348bf6e469bf1a635d681e,V2,ok,30,10,120.0,three_phase,15.84351036960855,27,3,10.197975517010436,5096.906779125497,509.69067791254975,5308.540671233379,47,41,0.8723404255319149,1.0,6.68757845799999,6.610822871999886,6.565596477999662,0.0,35,27,3,3630,1072,3,0,15,10,5,0,0,0,0.0,0,{}
pgbm_v2_paired_metrics.v1,pgbm_v2_task_replacement_recourse,synthetic,moderate,110,synthetic_110,2bf874ea8d3b60fcd04492fb8f28573921342cb23b8aeed27d3608b92bb2c7d2,V1,ok,30,10,120.0,three_phase,16.47871059766745,27,3,12.145320034572128,5772.356771797809,577.235677179781,6020.548785531196,48,43,0.8958333333333334,1.0,1.2932235829999996,1.291527295999984,1.2852498219995852,0.0,33,0,3,1926,1621,3,0,15,10,5,0,0,0,0.0,0,{}
pgbm_v2_paired_metrics.v1,pgbm_v2_task_replacement_recourse,synthetic,moderate,110,synthetic_tasks_30_uavs_10_seed_110,2bf874ea8d3b60fcd04492fb8f28573921342cb23b8aeed27d3608b92bb2c7d2,V2,ok,30,10,120.0,three_phase,16.47871059766745,27,3,12.145320034572128,5772.356771797809,577.235677179781,6020.548785531196,48,43,0.8958333333333334,1.0,4.965495583000006,4.877835874999931,4.843176203999917,0.0,33,26,3,1926,1621,3,0,15,10,5,0,0,0,0.0,0,{}
pgbm_v2_paired_metrics.v1,pgbm_v2_task_replacement_recourse,synthetic,moderate,101,synthetic_101,b53c0d7e95156ac6894750adaaa7f534235909e423cf3a7a73e5e240a3a2c2a6,V1,ok,60,3,120.0,three_phase,15.210430182434326,26,34,25.18986797802612,2711.2218138590847,271.12218138590845,2870.379714219595,97,36,0.3711340206185567,1.0,0.9635037080000046,0.9622342500000087,0.9521990389998933,0.0,15,0,34,2393,725,8,0,30,20,10,0,0,0,0.0,0,{}
pgbm_v2_paired_metrics.v1,pgbm_v2_task_replacement_recourse,synthetic,moderate,101,synthetic_tasks_60_uavs_3_seed_101,b53c0d7e95156ac6894750adaaa7f534235909e423cf3a7a73e5e240a3a2c2a6,V2,ok,60,3,120.0,three_phase,17.20590609014942,26,34,16.709808548072086,2633.46447149223,263.346447149223,2794.0932337135255,97,36,0.3711340206185567,1.0,4.137756916000001,3.2625174579999623,3.2288359640002398,0.839684917999989,15,11,34,2161,361,8,0,30,20,10,40,10,30,2.462210072718067,10,"{""no_feasible_candidate"": 8, ""no_positive_gain"": 17, ""no_uncompleted_active_task"": 5}"
pgbm_v2_paired_metrics.v1,pgbm_v2_task_replacement_recourse,synthetic,moderate,102,synthetic_102,f598b32627535f85bef7f4723a889672568dac84c94a9288ea995b5d01bc8b4e,V1,ok,60,3,120.0,three_phase,16.13821068029224,25,35,21.372062420033732,2758.659742308364,275.8659742308364,2921.2909239621426,108,42,0.3888888888888889,1.0,2.0970021669999994,2.0956859560000254,2.0907563230001927,0.0,14,0,35,868,161,8,0,30,20,10,0,0,0,0.0,0,{}
pgbm_v2_paired_metrics.v1,pgbm_v2_task_replacement_recourse,synthetic,moderate,102,synthetic_tasks_60_uavs_3_seed_102,f598b32627535f85bef7f4723a889672568dac84c94a9288ea995b5d01bc8b4e,V2,ok,60,3,120.0,three_phase,16.721795554937632,25,35,15.979168849982766,2827.7290549918102,282.77290549918104,2999.4404259393737,108,38,0.35185185185185186,1.0,6.412184916000001,5.878855416000022,5.865532447999868,0.5033797970000649,12,12,36,641,101,8,0,30,20,10,37,10,27,1.3360271219984146,10,"{""no_feasible_candidate"": 17, ""no_positive_gain"": 10}"
pgbm_v2_paired_metrics.v1,pgbm_v2_task_replacement_recourse,synthetic,moderate,103,synthetic_103,4215b185e5c6b2be8db41f657bb5f87a1eb2f17202a011669566c761d948ec3f,V1,ok,60,3,120.0,three_phase,14.996701765209163,24,36,21.46330962511964,2670.478658714787,267.0478658714787,2841.811053616456,116,42,0.3620689655172414,1.0,1.8083157080000092,1.8070375840000281,1.8016010500002437,0.0,15,0,36,987,161,8,0,30,20,10,0,0,0,0.0,0,{}
pgbm_v2_paired_metrics.v1,pgbm_v2_task_replacement_recourse,synthetic,moderate,103,synthetic_tasks_60_uavs_3_seed_103,4215b185e5c6b2be8db41f657bb5f87a1eb2f17202a011669566c761d948ec3f,V2,ok,60,3,120.0,three_phase,15.354160872785528,22,38,14.219917798340258,2711.034551816231,271.10345518162313,2877.7211034403413,116,34,0.29310344827586204,1.0,8.891388583000008,7.179895705999996,7.109833221000343,1.6812195459999941,14,11,38,4384,1877,8,0,30,20,10,33,10,23,1.6287024110553738,10,"{""no_feasible_candidate"": 13, ""no_positive_gain"": 10}"
pgbm_v2_paired_metrics.v1,pgbm_v2_task_replacement_recourse,synthetic,moderate,104,synthetic_104,24955107cd52dcb6730ace413f8102f893959798b9d79daebd4df9d85dfb2595,V1,ok,60,3,120.0,three_phase,17.337697029827485,27,33,19.248294649946583,2731.621846541618,273.1621846541618,2889.3082907660882,101,39,0.38613861386138615,1.0,2.979357625000006,2.978186334,2.972552501999999,0.0,12,0,36,898,215,8,0,30,20,10,0,0,0,0.0,0,{}
pgbm_v2_paired_metrics.v1,pgbm_v2_task_replacement_recourse,synthetic,moderate,104,synthetic_tasks_60_uavs_3_seed_104,24955107cd52dcb6730ace413f8102f893959798b9d79daebd4df9d85dfb2595,V2,ok,60,3,120.0,three_phase,18.159317153428773,27,33,16.07337575210694,2631.0750140245627,263.10750140245625,2793.6325996488395,101,39,0.38613861386138615,1.0,13.853898458000003,11.938501667000025,11.905949364999657,1.8743930800000328,14,12,35,1271,473,8,0,30,20,10,34,4,30,0.7177333375937451,4,"{""no_feasible_candidate"": 12, ""no_positive_gain"": 8, ""no_uncompleted_active_task"": 10}"
pgbm_v2_paired_metrics.v1,pgbm_v2_task_replacement_recourse,synthetic,moderate,105,synthetic_105,b22fd5ff5e712e1d6398862fdd1c70799bbcbf2eb61bf862009e25dc103362ad,V1,ok,60,3,120.0,three_phase,15.986475263009226,26,34,21.50172400523462,2724.2296667551195,272.42296667551193,2868.5940830307686,103,37,0.3592233009708738,1.0,2.438301375000009,2.4369407919999873,2.432003948000016,0.0,15,0,34,805,215,8,0,30,20,10,0,0,0,0.0,0,{}
pgbm_v2_paired_metrics.v1,pgbm_v2_task_replacement_recourse,synthetic,moderate,105,synthetic_tasks_60_uavs_3_seed_105,b22fd5ff5e712e1d6398862fdd1c70799bbcbf2eb61bf862009e25dc103362ad,V2,ok,60,3,120.0,three_phase,15.845250378326472,25,35,17.21101062863484,2696.387850272232,269.6387850272232,2842.290800647231,103,35,0.33980582524271846,1.0,7.633900667000006,7.1728336660000025,7.121670347999469,0.4319292070000529,15,12,35,2458,1069,8,0,30,20,10,30,5,25,0.8998214918371877,5,"{""no_feasible_candidate"": 13, ""no_positive_gain"": 7, ""no_uncompleted_active_task"": 5}"
pgbm_v2_paired_metrics.v1,pgbm_v2_task_replacement_recourse,synthetic,moderate,106,synthetic_106,4e3620279c2c6319519098ff89414e4d0d6cd4c361d35b1018c92d5b1d5e3597,V1,ok,60,3,120.0,three_phase,18.445139938190493,30,30,21.53939651864031,2615.6474657166,261.56474657166,2774.6966501488,97,41,0.422680412371134,1.0,5.109793542000006,5.105632585000052,5.083099791000265,0.0,19,0,31,2885,425,8,0,30,20,10,0,0,0,0.0,0,{}
pgbm_v2_paired_metrics.v1,pgbm_v2_task_replacement_recourse,synthetic,moderate,106,synthetic_tasks_60_uavs_3_seed_106,4e3620279c2c6319519098ff89414e4d0d6cd4c361d35b1018c92d5b1d5e3597,V2,ok,60,3,120.0,three_phase,18.122981996526125,28,32,16.950378452933695,2651.322028117054,265.1322028117054,2812.690940067095,97,38,0.3917525773195876,1.0,18.73029258400001,17.37557733400007,17.319522648000714,1.3039134600000466,14,13,33,1565,425,8,0,30,20,10,26,7,19,0.9099236630964026,7,"{""no_feasible_candidate"": 9, ""no_positive_gain"": 5, ""no_uncompleted_active_task"": 5}"
pgbm_v2_paired_metrics.v1,pgbm_v2_task_replacement_recourse,synthetic,moderate,107,synthetic_107,4d57f8b2e1393a81ad2cc4d03c0f7f317faedc5e137db07ead1cc5cbb736a713,V1,ok,60,3,120.0,three_phase,17.6981058537972,27,33,17.273230163910004,2649.1796931939575,264.91796931939575,2786.56847468257,105,40,0.38095238095238093,1.0,2.533994832999994,2.532609707999967,2.5260738810001016,0.0,16,0,33,1108,257,8,0,30,20,10,0,0,0,0.0,0,{}
pgbm_v2_paired_metrics.v1,pgbm_v2_task_replacement_recourse,synthetic,moderate,107,synthetic_tasks_60_uavs_3_seed_107,4d57f8b2e1393a81ad2cc4d03c0f7f317faedc5e137db07ead1cc5cbb736a713,V2,ok,60,3,120.0,three_phase,18.23983659243662,27,33,14.959660557867837,2623.674071893835,262.36740718938347,2766.28252601586,105,38,0.3619047619047619,1.0,9.322205165999975,8.186509914999988,7.85068985599861,1.1021241619998534,17,13,33,22044,15763,8,0,30,20,10,31,10,21,1.2963095486554792,10,"{""no_feasible_candidate"": 14, ""no_positive_gain"": 5, ""no_uncompleted_active_task"": 2}"
pgbm_v2_paired_metrics.v1,pgbm_v2_task_replacement_recourse,synthetic,moderate,108,synthetic_108,a868213c5a375c30ac8ecc22b665f18c3a78ec2063de7b4ba910d9d107327cde,V1,ok,60,3,120.0,three_phase,12.396637315433674,21,39,20.5432150133461,2497.9549695044443,249.79549695044443,2654.8515460711546,115,39,0.3391304347826087,1.0,2.875112999999999,2.8735497509999846,2.7348613489998996,0.0,16,0,39,55771,50000,8,1,30,20,10,0,0,0,0.0,0,{}
pgbm_v2_paired_metrics.v1,pgbm_v2_task_replacement_recourse,synthetic,moderate,108,synthetic_tasks_60_uavs_3_seed_108,a868213c5a375c30ac8ecc22b665f18c3a78ec2063de7b4ba910d9d107327cde,V2,ok,60,3,120.0,three_phase,13.303191769383549,19,41,14.956578534985418,2785.587205177787,278.5587205177787,2956.587927037174,115,32,0.2782608695652174,1.0,12.25979612499998,8.059329583000135,8.022351384998956,4.1732700420001265,13,11,41,1770,1265,8,0,30,20,10,41,15,26,2.6001417734177004,15,"{""no_feasible_candidate"": 4, ""no_positive_gain"": 19, ""no_uncompleted_active_task"": 3}"
pgbm_v2_paired_metrics.v1,pgbm_v2_task_replacement_recourse,synthetic,moderate,109,synthetic_109,ced2061e7a4589fda8337c006dd792e3503946eb2615f3550d5fc8de9d090c52,V1,ok,60,3,120.0,three_phase,14.369352631964098,25,35,23.80310080758821,2736.8592927926616,273.68592927926613,2885.9290122491775,108,41,0.37962962962962965,1.0,3.9482365420000036,3.9467560440000256,3.9412330149994403,0.0,17,0,35,957,111,8,0,30,20,10,0,0,0,0.0,0,{}
pgbm_v2_paired_metrics.v1,pgbm_v2_task_replacement_recourse,synthetic,moderate,109,synthetic_tasks_60_uavs_3_seed_109,ced2061e7a4589fda8337c006dd792e3503946eb2615f3550d5fc8de9d090c52,V2,ok,60,3,120.0,three_phase,16.196857466605245,26,34,19.235936078095513,2732.3628690244964,273.23628690244965,2886.076553874888,108,39,0.3611111111111111,1.0,16.839117999999985,15.129869793000069,15.112893841999608,1.6729074210003887,16,13,34,678,111,8,0,30,20,10,36,9,27,1.7925493412895215,9,"{""no_feasible_candidate"": 21, ""no_positive_gain"": 6}"
pgbm_v2_paired_metrics.v1,pgbm_v2_task_replacement_recourse,synthetic,moderate,110,synthetic_110,32eaceaa9219cb158c27e68cb758eaceba7494f22977ab8e353eea7182f15a3d,V1,ok,60,3,120.0,three_phase,13.88331717841988,23,37,24.070316840443105,2760.9261347503525,276.09261347503525,2927.7110292834836,101,34,0.33663366336633666,1.0,3.868490458000011,3.867087419000029,3.8591290030000778,0.0,16,0,37,1566,257,8,0,30,20,10,0,0,0,0.0,0,{}
pgbm_v2_paired_metrics.v1,pgbm_v2_task_replacement_recourse,synthetic,moderate,110,synthetic_tasks_60_uavs_3_seed_110,32eaceaa9219cb158c27e68cb758eaceba7494f22977ab8e353eea7182f15a3d,V2,ok,60,3,120.0,three_phase,14.87791689108215,22,38,16.767729759430278,2775.93960268337,277.593960268337,2938.689420506273,101,33,0.32673267326732675,1.0,13.563449166999987,10.202924874999951,10.176773036001634,3.322285538999836,16,11,38,1262,161,8,0,30,20,10,35,8,27,1.6763355916266791,8,"{""no_feasible_candidate"": 14, ""no_positive_gain"": 10, ""no_uncompleted_active_task"": 3}"
pgbm_v2_paired_metrics.v1,pgbm_v2_task_replacement_recourse,synthetic,moderate,101,synthetic_101,7231c75daccf2d5549b12ded5aaa3d7e190761f6d4403924ba39ef2a0be63a12,V1,ok,60,5,120.0,three_phase,22.2615627739271,40,20,23.24164731170677,4390.245046344079,439.0245046344079,4641.625530867967,97,59,0.6082474226804123,1.0,2.447666125000012,2.445871960999966,2.1825003059984027,0.0,24,0,21,102228,50000,8,1,30,20,10,0,0,0,0.0,0,{}
pgbm_v2_paired_metrics.v1,pgbm_v2_task_replacement_recourse,synthetic,moderate,101,synthetic_tasks_60_uavs_5_seed_101,7231c75daccf2d5549b12ded5aaa3d7e190761f6d4403924ba39ef2a0be63a12,V2,ok,60,5,120.0,three_phase,23.73615110048687,37,23,15.962761860190009,4219.09518558608,421.90951855860806,4464.4206302519815,97,54,0.5567010309278351,1.0,15.89807829099999,15.285002625999937,12.593002701993726,0.5593086669998684,24,17,23,229907,50000,8,4,30,20,10,35,15,20,4.448257847611446,15,"{""no_feasible_candidate"": 6, ""no_positive_gain"": 12, ""no_uncompleted_active_task"": 2}"
pgbm_v2_paired_metrics.v1,pgbm_v2_task_replacement_recourse,synthetic,moderate,102,synthetic_102,3e439dfdab694b2dd63a23a244c82325cb99f79973edd5595eb30e23b67bccf2,V1,ok,60,5,120.0,three_phase,23.608107220116295,41,19,25.678629607454823,4607.5550787411585,460.75550787411584,4883.170742020925,108,67,0.6203703703703703,1.0,2.446696750000001,2.4448747099999935,2.438261831000048,0.0,21,0,23,1220,215,8,0,30,20,10,0,0,0,0.0,0,{}
pgbm_v2_paired_metrics.v1,pgbm_v2_task_replacement_recourse,synthetic,moderate,102,synthetic_tasks_60_uavs_5_seed_102,3e439dfdab694b2dd63a23a244c82325cb99f79973edd5595eb30e23b67bccf2,V2,ok,60,5,120.0,three_phase,24.114550411356404,39,21,19.995740807220713,4639.400576696793,463.9400576696793,4917.533406237145,108,64,0.5925925925925926,1.0,9.051346874999979,8.286604329999989,8.26127127199942,0.7015912880000883,22,20,24,1004,161,8,0,30,20,10,26,13,13,1.6622550842957755,13,"{""no_feasible_candidate"": 5, ""no_positive_gain"": 8}"
pgbm_v2_paired_metrics.v1,pgbm_v2_task_replacement_recourse,synthetic,moderate,103,synthetic_103,26228afa88d5e940f0f20ca190eff4d99a6b3af56557b21f18899b53768f8363,V1,ok,60,5,120.0,three_phase,21.209087487921902,36,24,21.486276843959192,4496.654602291941,449.6654602291941,4767.132511573467,116,62,0.5344827586206896,1.0,2.449000041000005,2.447225377999999,2.435250690000103,0.0,24,0,24,2327,701,8,0,30,20,10,0,0,0,0.0,0,{}
pgbm_v2_paired_metrics.v1,pgbm_v2_task_replacement_recourse,synthetic,moderate,103,synthetic_tasks_60_uavs_5_seed_103,26228afa88d5e940f0f20ca190eff4d99a6b3af56557b21f18899b53768f8363,V2,ok,60,5,120.0,three_phase,23.244152816650555,37,23,18.34121700440934,4637.30526620665,463.73052662066505,4929.697638849392,116,63,0.5431034482758621,1.0,10.993011792000004,9.489023663999888,9.40469584099958,1.4350788739998848,23,20,24,6072,4909,8,0,30,20,10,29,11,18,2.207763710594218,11,"{""no_feasible_candidate"": 11, ""no_positive_gain"": 7}"
pgbm_v2_paired_metrics.v1,pgbm_v2_task_replacement_recourse,synthetic,moderate,104,synthetic_104,cc4aa73c19151700e8a1b3f4a3c3531bbd46ff8cf6acb352e8f2215713c41aab,V1,ok,60,5,120.0,three_phase,25.29194329184362,43,17,19.441908796861274,4207.265206226659,420.7265206226659,4471.628148309137,101,64,0.6336633663366337,1.0,3.8690355840000024,3.8667075859999898,3.840548325000384,0.0,25,0,21,6519,4909,8,0,30,20,10,0,0,0,0.0,0,{}
pgbm_v2_paired_metrics.v1,pgbm_v2_task_replacement_recourse,synthetic,moderate,104,synthetic_tasks_60_uavs_5_seed_104,cc4aa73c19151700e8a1b3f4a3c3531bbd46ff8cf6acb352e8f2215713c41aab,V2,ok,60,5,120.0,three_phase,25.09230184402046,40,20,16.45638654592552,4420.924706447755,442.0924706447755,4680.121968337617,101,61,0.6039603960396039,1.0,14.624909500000001,12.933784915000047,12.910448763999966,1.6268561660000387,21,20,25,1099,135,8,0,30,20,10,25,7,18,1.4801302351912602,7,"{""no_feasible_candidate"": 9, ""no_positive_gain"": 7, ""no_uncompleted_active_task"": 2}"
pgbm_v2_paired_metrics.v1,pgbm_v2_task_replacement_recourse,synthetic,moderate,105,synthetic_105,f831435b0f8843059cc05472b4f405fc3e289b662a6395af3eed0da71b5478d9,V1,ok,60,5,120.0,three_phase,22.74044642297347,39,21,19.069026729867602,4397.09434809075,439.709434809075,4640.630226372064,103,61,0.5922330097087378,1.0,3.6343567920000055,3.6323732469999896,3.580307170000708,0.0,25,0,23,10856,8275,8,0,30,20,10,0,0,0,0.0,0,{}
pgbm_v2_paired_metrics.v1,pgbm_v2_task_replacement_recourse,synthetic,moderate,105,synthetic_tasks_60_uavs_5_seed_105,f831435b0f8843059cc05472b4f405fc3e289b662a6395af3eed0da71b5478d9,V2,ok,60,5,120.0,three_phase,24.039742756525563,39,21,16.976704109594927,4465.1699558388655,446.51699558388657,4707.880567246537,103,59,0.5728155339805825,1.0,10.373251541000002,9.933649958999808,9.910746913000196,0.3844775809999419,23,20,21,1092,111,8,0,30,20,10,16,6,10,1.03936037770002,6,"{""no_feasible_candidate"": 4, ""no_positive_gain"": 6}"
pgbm_v2_paired_metrics.v1,pgbm_v2_task_replacement_recourse,synthetic,moderate,106,synthetic_106,2156b14fda6f79b1ed341d9ce24009dcdf64ebfafb060a371012467f8e55faee,V1,ok,60,5,120.0,three_phase,24.289345237008934,43,17,19.715540916855993,4226.148226707108,422.6148226707108,4478.0273543959065,97,64,0.6597938144329897,1.0,6.688258290999997,6.686265876000036,6.432465858000825,0.0,28,0,19,96409,50000,8,1,30,20,10,0,0,0,0.0,0,{}
pgbm_v2_paired_metrics.v1,pgbm_v2_task_replacement_recourse,synthetic,moderate,106,synthetic_tasks_60_uavs_5_seed_106,2156b14fda6f79b1ed341d9ce24009dcdf64ebfafb060a371012467f8e55faee,V2,ok,60,5,120.0,three_phase,25.24954164033957,41,19,15.864101222936979,4316.811297110973,431.6811297110973,4568.728455190846,97,58,0.5979381443298969,1.0,16.833289166999975,14.768665374999841,14.615776681999705,1.9974743330000706,27,20,19,6381,5041,8,0,30,20,10,19,11,8,2.108868976314765,11,"{""no_feasible_candidate"": 3, ""no_positive_gain"": 5}"
pgbm_v2_paired_metrics.v1,pgbm_v2_task_replacement_recourse,synthetic,moderate,107,synthetic_107,ded5d395c91c44e63f822955fd57d5d033e502dfbd6973512470fe1df54e3f86,V1,ok,60,5,120.0,three_phase,26.013948485199947,44,16,18.336846733047967,4452.830639945741,445.28306399457404,4698.310053748595,105,70,0.6666666666666666,1.0,2.7250164999999953,2.7233872460000157,2.716337462999718,0.0,24,0,19,1160,257,8,0,30,20,10,0,0,0,0.0,0,{}
pgbm_v2_paired_metrics.v1,pgbm_v2_task_replacement_recourse,synthetic,moderate,107,synthetic_tasks_60_uavs_5_seed_107,ded5d395c91c44e63f822955fd57d5d033e502dfbd6973512470fe1df54e3f86,V2,ok,60,5,120.0,three_phase,25.761848499736,42,18,18.06494996238883,4450.905838101553,445.0905838101553,4706.002371176514,105,63,0.6,1.0,10.997806666999963,9.004791252000018,8.966925229998594,1.91389621400009,25,22,23,1884,749,8,0,30,20,10,23,10,13,2.118162182331571,10,"{""no_feasible_candidate"": 4, ""no_positive_gain"": 9}"
pgbm_v2_paired_metrics.v1,pgbm_v2_task_replacement_recourse,synthetic,moderate,108,synthetic_108,e3c8d3ed97dfd7341d450d9df04a0ad77be4752f51b1478694af94c3334e337e,V1,ok,60,5,120.0,three_phase,18.8317866827705,33,27,22.306631475329464,4293.128074684679,429.3128074684679,4567.740655081744,115,64,0.5565217391304348,1.0,4.633563333000012,4.6315614159999825,4.234995069989225,0.0,23,0,27,126317,50000,8,1,30,20,10,0,0,0,0.0,0,{}
pgbm_v2_paired_metrics.v1,pgbm_v2_task_replacement_recourse,synthetic,moderate,108,synthetic_tasks_60_uavs_5_seed_108,e3c8d3ed97dfd7341d450d9df04a0ad77be4752f51b1478694af94c3334e337e,V2,ok,60,5,120.0,three_phase,19.923709056982613,31,29,16.32618683967778,4369.996815738827,436.99968157388264,4641.0503007683665,115,58,0.5043478260869565,1.0,15.804619207999963,12.14216779200001,11.475215499003468,3.5956439190000538,24,19,29,54413,48031,8,0,30,20,10,32,15,17,2.711311844507801,15,"{""no_feasible_candidate"": 6, ""no_positive_gain"": 9, ""no_uncompleted_active_task"": 2}"
pgbm_v2_paired_metrics.v1,pgbm_v2_task_replacement_recourse,synthetic,moderate,109,synthetic_109,29fb265a4d2b1ce303c21c86b9c08dc0ba4490f6371101e32e8c6f26de3d5421,V1,ok,60,5,120.0,three_phase,23.368136480598594,44,16,24.035979374607848,4580.16104495919,458.01610449591897,4853.1345700541215,108,73,0.6759259259259259,1.0,4.574912541999993,4.572552669000061,4.565495152999944,0.0,24,0,19,945,111,8,0,30,20,10,0,0,0,0.0,0,{}
pgbm_v2_paired_metrics.v1,pgbm_v2_task_replacement_recourse,synthetic,moderate,109,synthetic_tasks_60_uavs_5_seed_109,29fb265a4d2b1ce303c21c86b9c08dc0ba4490f6371101e32e8c6f26de3d5421,V2,ok,60,5,120.0,three_phase,23.786689029969192,44,16,23.65862681182335,4462.238875138197,446.2238875138197,4743.695216683082,108,72,0.6666666666666666,1.0,17.68839387500003,16.557934416999956,16.496013190999918,1.0493974990000652,26,23,20,2534,921,8,0,30,20,10,23,11,12,2.68920764462169,11,"{""no_feasible_candidate"": 8, ""no_positive_gain"": 3, ""no_uncompleted_active_task"": 1}"
pgbm_v2_paired_metrics.v1,pgbm_v2_task_replacement_recourse,synthetic,moderate,110,synthetic_110,69fb26d9eeb5a6a36b611fecf946758876d99b0e1e47286fcaea6784701ed6ef,V1,ok,60,5,120.0,three_phase,20.76017565416167,36,24,23.105581416141096,4411.034661216206,441.10346612162056,4664.710370845763,101,55,0.5445544554455446,1.0,6.923984040999983,6.921839081999934,6.503390086996575,0.0,27,0,24,172612,50000,8,2,30,20,10,0,0,0,0.0,0,{}
pgbm_v2_paired_metrics.v1,pgbm_v2_task_replacement_recourse,synthetic,moderate,110,synthetic_tasks_60_uavs_5_seed_110,69fb26d9eeb5a6a36b611fecf946758876d99b0e1e47286fcaea6784701ed6ef,V2,ok,60,5,120.0,three_phase,22.158817678282308,36,24,18.620574369676056,4464.473775518184,446.4473775518184,4726.95553362582,101,55,0.5445544554455446,1.0,22.85325899999998,17.930997252000168,16.911836310007345,4.856404747999989,26,17,24,77469,31153,8,0,30,20,10,23,11,12,2.7364272797820233,11,"{""no_feasible_candidate"": 8, ""no_positive_gain"": 3, ""no_uncompleted_active_task"": 1}"
pgbm_v2_paired_metrics.v1,pgbm_v2_task_replacement_recourse,synthetic,moderate,101,synthetic_101,7eed4fd50977df83c43074783f76081393dc5d9e734a20cbccea4dd1a2484df4,V1,ok,60,8,120.0,three_phase,29.539077186721862,54,6,21.095589442273514,6989.570964196994,698.9570964196994,7370.258899297007,97,87,0.8969072164948454,1.0,1.1721276250000017,1.1703334199999063,1.1325027120004165,0.0,37,0,12,11467,8185,8,0,30,20,10,0,0,0,0.0,0,{}
pgbm_v2_paired_metrics.v1,pgbm_v2_task_replacement_recourse,synthetic,moderate,101,synthetic_tasks_60_uavs_8_seed_101,7eed4fd50977df83c43074783f76081393dc5d9e734a20cbccea4dd1a2484df4,V2,ok,60,8,120.0,three_phase,29.552672797901476,52,8,20.33954518718975,6820.682081166822,682.0682081166822,7218.94914986322,97,82,0.845360824742268,1.0,9.216122041999995,8.380432790999919,7.02716982900796,0.7336870419999855,37,28,14,118946,50000,8,2,30,20,10,21,16,5,4.075963322899213,16,"{""no_feasible_candidate"": 1, ""no_positive_gain"": 4}"
pgbm_v2_paired_metrics.v1,pgbm_v2_task_replacement_recourse,synthetic,moderate,102,synthetic_102,d748dc888ff88283d52f1a13cd39d0ca0a7f7947b446ce19c5af5da1aeb62b57,V1,ok,60,8,120.0,three_phase,30.838708533364652,55,5,20.75186907966233,6947.6310683256015,694.7631068325602,7349.442087904892,108,98,0.9074074074074074,1.0,2.0642480420000027,2.0614743330000636,2.05105833900015,0.0,41,0,12,2298,970,8,0,30,20,10,0,0,0,0.0,0,{}
pgbm_v2_paired_metrics.v1,pgbm_v2_task_replacement_recourse,synthetic,moderate,102,synthetic_tasks_60_uavs_8_seed_102,d748dc888ff88283d52f1a13cd39d0ca0a7f7947b446ce19c5af5da1aeb62b57,V2,ok,60,8,120.0,three_phase,31.23378863316653,53,7,18.291453995292102,6755.798099436483,675.5798099436483,7163.783931297943,108,94,0.8703703703703703,1.0,12.159591166000041,11.601387955000348,10.369245902003797,0.4452429180000763,43,33,12,120998,50000,8,2,30,20,10,11,8,3,0.6555427820074322,8,"{""no_feasible_candidate"": 2, ""no_positive_gain"": 1}"
pgbm_v2_paired_metrics.v1,pgbm_v2_task_replacement_recourse,synthetic,moderate,103,synthetic_103,87c8841590acfebbaa9af7cca642e625171a1099e9a3a0ff9150c1ca71f9160f,V1,ok,60,8,120.0,three_phase,30.288220867833072,54,6,19.041348086487332,7216.830628830215,721.6830628830214,7645.402842530475,116,100,0.8620689655172413,1.0,2.676616500000023,2.6737843319999683,2.658977093998857,0.0,38,0,10,2787,1629,8,0,30,20,10,0,0,0,0.0,0,{}
pgbm_v2_paired_metrics.v1,pgbm_v2_task_replacement_recourse,synthetic,moderate,103,synthetic_tasks_60_uavs_8_seed_103,87c8841590acfebbaa9af7cca642e625171a1099e9a3a0ff9150c1ca71f9160f,V2,ok,60,8,120.0,three_phase,29.072491396925063,50,10,19.517239503752112,7053.696961359851,705.3696961359851,7500.497705258641,116,93,0.8017241379310345,1.0,16.529565332999994,14.714027334000207,12.895306160994835,1.693602500000111,39,31,12,167953,50000,8,3,30,20,10,16,11,5,3.0219737807553173,11,"{""no_feasible_candidate"": 2, ""no_positive_gain"": 3}"
pgbm_v2_paired_metrics.v1,pgbm_v2_task_replacement_recourse,synthetic,moderate,104,synthetic_104,6a6328443c070a580690f3985fc91af808d481b01bdb3dd9a20de7cb41779fd5,V1,ok,60,8,120.0,three_phase,31.49663180055371,55,5,16.958218514381517,6150.790527670052,615.0790527670052,6515.237674196471,101,89,0.8811881188118812,1.0,4.447784709000018,4.44398187699997,4.3568114410022645,0.0,38,0,10,30818,22100,8,0,30,20,10,0,0,0,0.0,0,{}
pgbm_v2_paired_metrics.v1,pgbm_v2_task_replacement_recourse,synthetic,moderate,104,synthetic_tasks_60_uavs_8_seed_104,6a6328443c070a580690f3985fc91af808d481b01bdb3dd9a20de7cb41779fd5,V2,ok,60,8,120.0,three_phase,31.79075128505732,55,5,19.25049132800158,6515.501670920114,651.5501670920114,6901.207137975151,101,90,0.8910891089108911,1.0,15.143758832999993,11.495785335000448,11.387784882993344,3.5007935850001104,38,30,12,8786,5836,8,0,30,20,10,13,8,5,2.302314029470835,8,"{""no_feasible_candidate"": 1, ""no_positive_gain"": 4}"
pgbm_v2_paired_metrics.v1,pgbm_v2_task_replacement_recourse,synthetic,moderate,105,synthetic_105,33b36923bea3ff0c349ced76e234619484a98d2c362fb52d2eb17f00397a9b6d,V1,ok,60,8,120.0,three_phase,30.3615505651578,55,5,18.000597894412827,6368.778256088681,636.8778256088681,6725.30511946869,103,93,0.9029126213592233,1.0,3.19118554100001,3.188822000999977,3.1198095670023065,0.0,43,0,11,24681,19075,8,0,30,20,10,0,0,0,0.0,0,{}
pgbm_v2_paired_metrics.v1,pgbm_v2_task_replacement_recourse,synthetic,moderate,105,synthetic_tasks_60_uavs_8_seed_105,33b36923bea3ff0c349ced76e234619484a98d2c362fb52d2eb17f00397a9b6d,V2,ok,60,8,120.0,three_phase,30.124067345136304,54,6,18.466949252122642,6317.284759933997,631.7284759933997,6691.972497907118,103,91,0.883495145631068,1.0,20.227504040999975,19.586166459000424,18.580821201982985,0.5185848739999983,41,29,10,83632,50000,8,1,30,20,10,11,6,5,1.7664546842151219,6,"{""no_positive_gain"": 5}"
pgbm_v2_paired_metrics.v1,pgbm_v2_task_replacement_recourse,synthetic,moderate,106,synthetic_106,7b737f598627dace7ba629784d0d60858a04be80cb8f04892e7e4fdd163fad3e,V1,ok,60,8,120.0,three_phase,29.725514137050304,54,6,19.774335899336844,6585.641692249702,658.5641692249702,6972.30866548778,97,89,0.9175257731958762,1.0,4.663244875000004,4.660571001999955,4.414226849002233,0.0,42,0,11,123531,50000,8,2,30,20,10,0,0,0,0.0,0,{}
pgbm_v2_paired_metrics.v1,pgbm_v2_task_replacement_recourse,synthetic,moderate,106,synthetic_tasks_60_uavs_8_seed_106,7b737f598627dace7ba629784d0d60858a04be80cb8f04892e7e4fdd163fad3e,V2,ok,60,8,120.0,three_phase,29.432997801390638,53,7,20.29355687048625,6519.348430019809,651.9348430019809,6905.76651027764,97,88,0.9072164948453608,1.0,20.43338445800009,19.60909291199971,17.84366258002308,0.6986603760001344,43,32,12,223310,50000,8,4,30,20,10,7,5,2,1.6321987476687019,5,"{""no_feasible_candidate"": 1, ""no_positive_gain"": 1}"
pgbm_v2_paired_metrics.v1,pgbm_v2_task_replacement_recourse,synthetic,moderate,107,synthetic_107,5fdb9448b6e21ab61b692e4eb49504f859f544d15360b3fb2d51983344d7dbeb,V1,ok,60,8,120.0,three_phase,34.37879751066136,57,3,12.321358963263659,6213.049339492742,621.3049339492742,6574.353895281108,105,101,0.9619047619047619,1.0,1.6904834590000064,1.6885847929999613,1.6850336499997525,0.0,42,0,6,966,481,6,0,30,20,10,0,0,0,0.0,0,{}
pgbm_v2_paired_metrics.v1,pgbm_v2_task_replacement_recourse,synthetic,moderate,107,synthetic_tasks_60_uavs_8_seed_107,5fdb9448b6e21ab61b692e4eb49504f859f544d15360b3fb2d51983344d7dbeb,V2,ok,60,8,120.0,three_phase,33.961149047208615,57,3,14.979793315721569,6476.27841897067,647.627841897067,6853.502617057953,105,101,0.9619047619047619,1.0,8.386897999999974,7.733914874999641,7.709748919001527,0.5340687069998467,42,36,7,1167,481,7,0,30,20,10,10,9,1,2.4879237814091355,9,"{""no_feasible_candidate"": 1}"
pgbm_v2_paired_metrics.v1,pgbm_v2_task_replacement_recourse,synthetic,moderate,108,synthetic_108,d2466f6e6734d0aed6eb13e9ea46d9c95e944409345b675175421c465f02962f,V1,ok,60,8,120.0,three_phase,26.086431816585108,48,12,23.101336436555002,6649.0223868599005,664.90223868599,7037.572346552853,115,90,0.782608695652174,1.0,8.578187541000005,8.574300289000035,7.812198465001643,0.0,37,0,15,294883,50000,8,5,30,20,10,0,0,0,0.0,0,{}
pgbm_v2_paired_metrics.v1,pgbm_v2_task_replacement_recourse,synthetic,moderate,108,synthetic_tasks_60_uavs_8_seed_108,d2466f6e6734d0aed6eb13e9ea46d9c95e944409345b675175421c465f02962f,V2,ok,60,8,120.0,three_phase,26.14902374455283,44,16,18.395969822180437,6900.896630803836,690.0896630803836,7303.090781666265,115,78,0.6782608695652174,1.0,22.141899291000072,19.527868918999843,17.63262870199003,2.5064936669996314,35,27,17,217436,50000,8,4,30,20,10,25,12,13,2.474041364183619,12,"{""no_feasible_candidate"": 2, ""no_positive_gain"": 11}"
pgbm_v2_paired_metrics.v1,pgbm_v2_task_replacement_recourse,synthetic,moderate,109,synthetic_109,c7a31fc01ca98c15544425aa4cc4e167388802dd9efaca779dce929ec35f3bde,V1,ok,60,8,120.0,three_phase,29.470170530878832,54,6,16.61273712648045,6150.936277065775,615.0936277065775,6505.467503169986,108,96,0.8888888888888888,1.0,5.896601333000007,5.894150457000109,5.606727712005352,0.0,42,0,10,114055,50000,8,1,30,20,10,0,0,0,0.0,0,{}
pgbm_v2_paired_metrics.v1,pgbm_v2_task_replacement_recourse,synthetic,moderate,109,synthetic_tasks_60_uavs_8_seed_109,c7a31fc01ca98c15544425aa4cc4e167388802dd9efaca779dce929ec35f3bde,V2,ok,60,8,120.0,three_phase,29.515729570895708,54,6,17.599919773916728,6482.7520386219985,648.2752038621999,6868.978601331612,108,96,0.8888888888888888,1.0,18.33539108299999,15.957160627000235,14.87480209801538,2.2608153739998897,47,34,10,114124,50000,8,1,30,20,10,14,9,5,2.2674884701100533,9,"{""no_feasible_candidate"": 3, ""no_positive_gain"": 2}"
pgbm_v2_paired_metrics.v1,pgbm_v2_task_replacement_recourse,synthetic,moderate,110,synthetic_110,8ac7bae654cac7085f77d873a839aa32a231202e894973643aaace383c3fa383,V1,ok,60,8,120.0,three_phase,24.85313666495613,47,13,21.626255483809302,6605.609335667057,660.5609335667057,6973.290774672538,101,77,0.7623762376237624,1.0,12.251269833999999,12.247635960999986,10.979086808006855,0.0,39,0,13,494432,50000,8,9,30,20,10,0,0,0,0.0,0,{}
pgbm_v2_paired_metrics.v1,pgbm_v2_task_replacement_recourse,synthetic,moderate,110,synthetic_tasks_60_uavs_8_seed_110,8ac7bae654cac7085f77d873a839aa32a231202e894973643aaace383c3fa383,V2,ok,60,8,120.0,three_phase,26.972777455578843,47,13,19.130335740509125,6866.393965245257,686.6393965245258,7248.574385891943,101,74,0.7326732673267327,1.0,36.208328583000025,31.889926372000218,28.497328503039853,4.1888730400000895,40,27,13,337130,50000,8,6,30,20,10,20,13,7,3.978017502255052,13,"{""no_feasible_candidate"": 6, ""no_positive_gain"": 1}"
pgbm_v2_paired_metrics.v1,pgbm_v2_task_replacement_recourse,synthetic,moderate,101,synthetic_101,cd13a5f4fd50f8e93eb1a69901525c41b8b90032e1c6b48676a5985407b7bc51,V1,ok,60,10,120.0,three_phase,31.668500962107508,56,4,16.385676402962865,7973.492984601591,797.3492984601592,8388.207352207974,97,91,0.9381443298969072,1.0,1.062767249999979,1.060628458999986,1.040934342999634,0.0,41,0,10,5737,4069,8,0,30,20,10,0,0,0,0.0,0,{}
pgbm_v2_paired_metrics.v1,pgbm_v2_task_replacement_recourse,synthetic,moderate,101,synthetic_tasks_60_uavs_10_seed_101,cd13a5f4fd50f8e93eb1a69901525c41b8b90032e1c6b48676a5985407b7bc51,V2,ok,60,10,120.0,three_phase,30.931208379182888,53,7,16.842656891358946,7672.957722446752,767.2957722446752,8126.176124625919,97,84,0.865979381443299,1.0,12.535572209000065,11.996699457000318,10.037948392978024,0.41834883400008493,46,33,10,194641,50000,8,3,30,20,10,14,10,4,2.9973811885517008,10,"{""no_positive_gain"": 4}"
pgbm_v2_paired_metrics.v1,pgbm_v2_task_replacement_recourse,synthetic,moderate,102,synthetic_102,ff01ff8c929f4c53bc39213cc07d756cc4c5656c34836f0a8e396475511291d6,V1,ok,60,10,120.0,three_phase,32.449590871627805,55,5,14.990249493964164,7676.119559612291,767.6119559612291,8092.857438042208,108,98,0.9074074074074074,1.0,2.0278960419999805,2.0254007489999992,1.841838354999311,0.0,50,0,9,71815,50000,8,1,30,20,10,0,0,0,0.0,0,{}
pgbm_v2_paired_metrics.v1,pgbm_v2_task_replacement_recourse,synthetic,moderate,102,synthetic_tasks_60_uavs_10_seed_102,ff01ff8c929f4c53bc39213cc07d756cc4c5656c34836f0a8e396475511291d6,V2,ok,60,10,120.0,three_phase,32.802319594791015,55,5,15.020640114965357,7578.661344715635,757.8661344715636,8004.728742390453,108,98,0.9074074074074074,1.0,10.744132917000002,9.955948088000014,8.704758215002016,0.6640018340000324,49,37,9,153150,50000,8,1,30,20,10,8,6,2,1.5350856946550815,6,"{""no_feasible_candidate"": 2}"
pgbm_v2_paired_metrics.v1,pgbm_v2_task_replacement_recourse,synthetic,moderate,103,synthetic_103,a597013721aed15ed421619f2a6fecfb5495b68c2d5359cfe485257ae9266c15,V1,ok,60,10,120.0,three_phase,32.30030622285306,56,4,15.392290242494274,8228.393966988653,822.8393966988654,8701.130544543126,116,107,0.9224137931034483,1.0,2.2856011249999995,2.2831451670000718,2.2286995189952563,0.0,51,0,7,21359,9451,7,0,30,20,10,0,0,0,0.0,0,{}
pgbm_v2_paired_metrics.v1,pgbm_v2_task_replacement_recourse,synthetic,moderate,103,synthetic_tasks_60_uavs_10_seed_103,a597013721aed15ed421619f2a6fecfb5495b68c2d5359cfe485257ae9266c15,V2,ok,60,10,120.0,three_phase,32.64163583775506,57,3,15.735768589866602,8626.10798852526,862.610798852526,9130.734408913979,116,109,0.9396551724137931,1.0,8.228616999999986,7.6093484579999995,7.5893221390010694,0.4817300830000022,49,40,6,1473,456,6,0,30,20,10,5,4,1,0.38202296651405937,4,"{""no_feasible_candidate"": 1}"
pgbm_v2_paired_metrics.v1,pgbm_v2_task_replacement_recourse,synthetic,moderate,104,synthetic_104,044f36eb419f9167ad66f8ca6d87b1f01ba6891f192a5fdb102daf9d05a56d92,V1,ok,60,10,120.0,three_phase,32.918404458433436,57,3,15.490615259778384,7091.270466961787,709.1270466961787,7483.733190569991,101,95,0.9405940594059405,1.0,4.129545791999988,4.127377208000013,4.118675373999508,0.0,38,0,9,2182,1072,8,0,30,20,10,0,0,0,0.0,0,{}
pgbm_v2_paired_metrics.v1,pgbm_v2_task_replacement_recourse,synthetic,moderate,104,synthetic_tasks_60_uavs_10_seed_104,044f36eb419f9167ad66f8ca6d87b1f01ba6891f192a5fdb102daf9d05a56d92,V2,ok,60,10,120.0,three_phase,33.10138730305855,57,3,16.184863349930072,7373.388197007376,737.3388197007376,7791.163827536287,101,95,0.9405940594059405,1.0,11.148186957999997,10.313841038000191,10.276768118000177,0.6912023329999784,42,35,7,3344,1421,7,0,30,20,10,2,2,0,0.38997536935037813,2,{}
pgbm_v2_paired_metrics.v1,pgbm_v2_task_replacement_recourse,synthetic,moderate,105,synthetic_105,b5b64282d4cb43d2babb95bbf3f15a521c6fc4d8af5ddbc1b38e93399599be3c,V1,ok,60,10,120.0,three_phase,32.24621630658453,56,4,14.049808299666225,7413.059508005981,741.3059508005981,7782.916447598152,103,94,0.912621359223301,1.0,2.044499000000002,2.0421160829999963,2.0256257850003294,0.0,45,0,9,5247,3767,8,0,30,20,10,0,0,0,0.0,0,{}
pgbm_v2_paired_metrics.v1,pgbm_v2_task_replacement_recourse,synthetic,moderate,105,synthetic_tasks_60_uavs_10_seed_105,b5b64282d4cb43d2babb95bbf3f15a521c6fc4d8af5ddbc1b38e93399599be3c,V2,ok,60,10,120.0,three_phase,32.174428245346114,56,4,14.892238139805515,7483.867377248856,748.3867377248856,7867.403878480382,103,94,0.912621359223301,1.0,7.905011124999987,7.280431749000172,7.233195714002022,0.5246251649998612,45,37,9,5252,3767,8,0,30,20,10,11,3,8,0.6028254004938727,3,"{""no_positive_gain"": 8}"
pgbm_v2_paired_metrics.v1,pgbm_v2_task_replacement_recourse,synthetic,moderate,106,synthetic_106,77523e213f47992ed25612d8a4ca038764ced35d80a5a2afcee45ff1a4b815df,V1,ok,60,10,120.0,three_phase,31.65719468541719,55,5,14.439584504566358,7220.8712821018735,722.0871282101873,7625.655360959719,97,90,0.9278350515463918,1.0,4.41299595800001,4.41063008099988,4.146717248002005,0.0,44,0,8,111973,50000,8,2,30,20,10,0,0,0,0.0,0,{}
pgbm_v2_paired_metrics.v1,pgbm_v2_task_replacement_recourse,synthetic,moderate,106,synthetic_tasks_60_uavs_10_seed_106,77523e213f47992ed25612d8a4ca038764ced35d80a5a2afcee45ff1a4b815df,V2,ok,60,10,120.0,three_phase,31.799575618012433,55,5,14.891340740704143,7255.707020108113,725.5707020108114,7676.165136468751,97,90,0.9278350515463918,1.0,10.701899750000052,10.062478293000368,9.431308010035423,0.5434366659999341,45,37,8,111883,50000,8,2,30,20,10,6,6,0,1.6298858741116644,6,{}
pgbm_v2_paired_metrics.v1,pgbm_v2_task_replacement_recourse,synthetic,moderate,107,synthetic_107,5835a208864cd8bc60be057aff737ae203b38d577e35a69a996c386753ddc723,V1,ok,60,10,120.0,three_phase,35.17480375831506,57,3,10.22101154042646,7294.084901836152,729.4084901836152,7669.012473310407,105,101,0.9619047619047619,1.0,1.3734040420000042,1.371354085999883,1.3656098459995576,0.0,50,0,4,1820,1288,4,0,30,20,10,0,0,0,0.0,0,{}
pgbm_v2_paired_metrics.v1,pgbm_v2_task_replacement_recourse,synthetic,moderate,107,synthetic_tasks_60_uavs_10_seed_107,5835a208864cd8bc60be057aff737ae203b38d577e35a69a996c386753ddc723,V2,ok,60,10,120.0,three_phase,35.09400930130261,57,3,10.968568243366853,7292.602777722277,729.2602777722277,7677.631899737483,105,101,0.9619047619047619,1.0,3.4205565839999963,3.315349039000239,3.302322172999311,0.009323083999902337,48,44,4,1397,961,4,0,30,20,10,3,2,1,0.7154150833103009,2,"{""no_feasible_candidate"": 1}"
pgbm_v2_paired_metrics.v1,pgbm_v2_task_replacement_recourse,synthetic,moderate,108,synthetic_108,70104a3a917365699aa6f95cef09aa670629b61dfbf1096cd93492fb0b19398c,V1,ok,60,10,120.0,three_phase,31.137964041481403,56,4,19.616552417909613,8440.82918595443,844.082918595443,8910.707449716187,115,108,0.9391304347826087,1.0,4.156050667000017,4.1536986670001,4.136181190999849,0.0,46,0,12,6402,3361,8,0,30,20,10,0,0,0,0.0,0,{}
pgbm_v2_paired_metrics.v1,pgbm_v2_task_replacement_recourse,synthetic,moderate,108,synthetic_tasks_60_uavs_10_seed_108,70104a3a917365699aa6f95cef09aa670629b61dfbf1096cd93492fb0b19398c,V2,ok,60,10,120.0,three_phase,30.333529336049786,52,8,17.8505930820556,8450.122503712162,845.0122503712162,8925.32176277584,115,97,0.8434782608695652,1.0,16.69252958300001,14.858374414000082,13.221556341013866,1.7321694579999303,46,36,12,215963,50000,8,4,30,20,10,13,10,3,2.4537799873252544,10,"{""no_feasible_candidate"": 1, ""no_positive_gain"": 2}"
pgbm_v2_paired_metrics.v1,pgbm_v2_task_replacement_recourse,synthetic,moderate,109,synthetic_109,25c9c3f52f3a12380876e419e4eae08aa3cff7b4c3d59066be1a8ed9cbe16f1b,V1,ok,60,10,120.0,three_phase,30.615786079190748,54,6,12.522121743515353,7043.073090914395,704.3073090914395,7412.658684234635,108,96,0.8888888888888888,1.0,4.976302500000003,4.973946338999951,4.5574902729934195,0.0,51,0,8,158014,50000,8,3,30,20,10,0,0,0,0.0,0,{}
pgbm_v2_paired_metrics.v1,pgbm_v2_task_replacement_recourse,synthetic,moderate,109,synthetic_tasks_60_uavs_10_seed_109,25c9c3f52f3a12380876e419e4eae08aa3cff7b4c3d59066be1a8ed9cbe16f1b,V2,ok,60,10,120.0,three_phase,30.693344724429128,54,6,13.010017818859447,6955.915005325931,695.591500532593,7340.9796451229895,108,96,0.8888888888888888,1.0,12.564813749999985,12.228236382000318,11.296351359002642,0.24138245799997549,51,40,8,158093,50000,8,3,30,20,10,8,4,4,1.588259747229591,4,"{""no_feasible_candidate"": 3, ""no_positive_gain"": 1}"
pgbm_v2_paired_metrics.v1,pgbm_v2_task_replacement_recourse,synthetic,moderate,110,synthetic_110,d957d43d282b3f8a7e00b2bb3a896f5582c170fec044a91d9012ded5f6279c32,V1,ok,60,10,120.0,three_phase,28.459045583018234,51,9,17.017723453279388,7905.750653595717,790.5750653595717,8310.016854244104,101,83,0.8217821782178217,1.0,9.966914291999984,9.96286045900004,9.051576020999676,0.0,49,0,11,336220,50000,8,5,30,20,10,0,0,0,0.0,0,{}
pgbm_v2_paired_metrics.v1,pgbm_v2_task_replacement_recourse,synthetic,moderate,110,synthetic_tasks_60_uavs_10_seed_110,d957d43d282b3f8a7e00b2bb3a896f5582c170fec044a91d9012ded5f6279c32,V2,ok,60,10,120.0,three_phase,28.176638775690435,49,11,16.257613417097986,7783.1221443585855,778.3122144358586,8194.059322671266,101,78,0.7722772277227723,1.0,23.806431958000076,22.05578117399989,19.825841139979048,1.647831376999875,48,32,11,383565,50000,8,7,30,20,10,15,7,8,2.4224851455789285,7,"{""no_feasible_candidate"": 6, ""no_positive_gain"": 2}"
pgbm_v2_paired_metrics.v1,pgbm_v2_task_replacement_recourse,synthetic,moderate,101,synthetic_101,ad7578063d4ce8492a373dd9cab72dcc44f7bd25bc734d44c4719272d98218fb,V1,ok,90,3,120.0,three_phase,16.797124983729187,28,62,24.423309598548943,2855.0094737485038,285.5009473748504,3019.55130420954,152,37,0.24342105263157895,1.0,1.001271416999998,0.9997930420000216,0.9928658579999876,0.0,12,0,62,1826,543,8,0,45,30,15,0,0,0,0.0,0,{}
pgbm_v2_paired_metrics.v1,pgbm_v2_task_replacement_recourse,synthetic,moderate,101,synthetic_tasks_90_uavs_3_seed_101,ad7578063d4ce8492a373dd9cab72dcc44f7bd25bc734d44c4719272d98218fb,V2,ok,90,3,120.0,three_phase,19.34944168012704,30,60,14.710683476346231,2823.994133775978,282.3994133775978,2988.362764999008,152,37,0.24342105263157895,1.0,2.729791999999975,1.5222868340001696,1.5097654439989583,1.1836024159995304,13,12,60,1213,175,8,0,45,30,15,68,14,54,2.0090283650328646,14,"{""no_feasible_candidate"": 10, ""no_positive_gain"": 28, ""no_uncompleted_active_task"": 16}"
pgbm_v2_paired_metrics.v1,pgbm_v2_task_replacement_recourse,synthetic,moderate,102,synthetic_102,3ff1892dbf9b5ef25f5101c036c7f87d71149450b477b1daf9abd3c616ebafdc,V1,ok,90,3,120.0,three_phase,16.124610587451084,24,66,20.324249018222034,2901.237435854644,290.1237435854644,3060.0302234364417,155,38,0.24516129032258063,1.0,2.3381317500000023,2.3364350010000408,2.3312235249999844,0.0,12,0,66,898,161,8,0,45,30,15,0,0,0,0.0,0,{}
pgbm_v2_paired_metrics.v1,pgbm_v2_task_replacement_recourse,synthetic,moderate,102,synthetic_tasks_90_uavs_3_seed_102,3ff1892dbf9b5ef25f5101c036c7f87d71149450b477b1daf9abd3c616ebafdc,V2,ok,90,3,120.0,three_phase,15.663254235714145,22,68,13.371718645221392,2768.4003713576794,276.84003713576794,2932.1168397920355,155,30,0.1935483870967742,1.0,5.94983645800005,4.794179002000078,4.751107132998982,1.1360701690005044,19,11,68,4967,2585,8,0,45,30,15,56,18,38,1.6075529286262107,18,"{""no_feasible_candidate"": 19, ""no_positive_gain"": 19}"
pgbm_v2_paired_metrics.v1,pgbm_v2_task_replacement_recourse,synthetic,moderate,103,synthetic_103,57d1a8813eaac2f884802f44d51c5f357b011a6cece058786272094c1a634b6b,V1,ok,90,3,120.0,three_phase,15.549619284424171,25,65,22.194083411731807,2691.3625132149177,269.1362513214918,2866.0173235051325,166,41,0.2469879518072289,1.0,2.0028891670000064,2.0010312069999827,1.9962730230003558,0.0,18,0,65,948,137,8,0,45,30,15,0,0,0,0.0,0,{}
pgbm_v2_paired_metrics.v1,pgbm_v2_task_replacement_recourse,synthetic,moderate,103,synthetic_tasks_90_uavs_3_seed_103,57d1a8813eaac2f884802f44d51c5f357b011a6cece058786272094c1a634b6b,V2,ok,90,3,120.0,three_phase,15.15056436841596,22,68,14.806660042664799,2709.873509756188,270.9873509756188,2877.865987123471,166,35,0.21084337349397592,1.0,5.25906708399998,3.2991918359999772,3.272130104999974,1.939120748000164,18,11,68,3055,701,8,0,45,30,15,52,15,37,1.7166544783233317,15,"{""no_feasible_candidate"": 12, ""no_positive_gain"": 25}"
pgbm_v2_paired_metrics.v1,pgbm_v2_task_replacement_recourse,synthetic,moderate,104,synthetic_104,4c1929dae3c5415db9aa1dfd8816c67a457511ffaacb719f949c213b59f8bdab,V1,ok,90,3,120.0,three_phase,18.662692351285465,28,62,20.83875085632025,2782.6144980027943,278.2614498002794,2955.432919480961,162,36,0.2222222222222222,1.0,4.221558083000019,4.219981791000066,4.214178404000222,0.0,15,0,62,1175,257,8,0,45,30,15,0,0,0,0.0,0,{}
pgbm_v2_paired_metrics.v1,pgbm_v2_task_replacement_recourse,synthetic,moderate,104,synthetic_tasks_90_uavs_3_seed_104,4c1929dae3c5415db9aa1dfd8816c67a457511ffaacb719f949c213b59f8bdab,V2,ok,90,3,120.0,three_phase,19.89006526007624,28,62,15.779450268853351,2657.8036099683823,265.7803609968382,2825.1678141074635,162,39,0.24074074074074073,1.0,9.962799416999928,7.4281347070000265,7.394022070000005,2.505511081999771,16,12,62,3913,1649,8,0,45,30,15,58,14,44,1.937926511152094,14,"{""no_feasible_candidate"": 30, ""no_positive_gain"": 12, ""no_uncompleted_active_task"": 2}"
pgbm_v2_paired_metrics.v1,pgbm_v2_task_replacement_recourse,synthetic,moderate,105,synthetic_105,6457623b4c5d31ae06540236fab9b6b1a49e92d332c568dafa22eca325606fb4,V1,ok,90,3,120.0,three_phase,17.993153552328366,28,62,21.98615335894471,2692.2728585201194,269.22728585201196,2853.565469175624,148,40,0.2702702702702703,1.0,2.174237416000011,2.1722840409999833,2.1634474320008508,0.0,14,0,62,1782,361,8,0,45,30,15,0,0,0,0.0,0,{}
pgbm_v2_paired_metrics.v1,pgbm_v2_task_replacement_recourse,synthetic,moderate,105,synthetic_tasks_90_uavs_3_seed_105,6457623b4c5d31ae06540236fab9b6b1a49e92d332c568dafa22eca325606fb4,V2,ok,90,3,120.0,three_phase,19.88034909645218,27,63,14.935143549882438,2813.494610047604,281.3494610047604,2972.4632729732534,148,35,0.23648648648648649,1.0,4.24153124999998,3.0612478749999354,3.0448389220007357,1.154843496999547,13,13,63,1182,257,8,0,45,30,15,62,13,49,2.7849788659404107,13,"{""no_feasible_candidate"": 28, ""no_positive_gain"": 20, ""no_uncompleted_active_task"": 1}"
pgbm_v2_paired_metrics.v1,pgbm_v2_task_replacement_recourse,synthetic,moderate,106,synthetic_106,bc6e275764267353e780e4b263860993c4441689bd0166e145623a81cefb43b9,V1,ok,90,3,120.0,three_phase,19.842772213375035,32,58,20.706578309995088,2748.0363489688248,274.8036348968825,2922.494411574306,156,45,0.28846153846153844,1.0,5.099492374999983,5.098012291999993,5.090948849000114,0.0,13,0,58,1151,361,8,0,45,30,15,0,0,0,0.0,0,{}
pgbm_v2_paired_metrics.v1,pgbm_v2_task_replacement_recourse,synthetic,moderate,106,synthetic_tasks_90_uavs_3_seed_106,bc6e275764267353e780e4b263860993c4441689bd0166e145623a81cefb43b9,V2,ok,90,3,120.0,three_phase,19.250942995949032,28,62,15.414668447979889,2751.366110120041,275.1366110120041,2922.917668524314,156,40,0.2564102564102564,1.0,17.17137520899996,14.426510000999883,14.405581766999035,2.716002372999469,17,13,62,1520,257,8,0,45,30,15,60,14,46,2.017271943658505,14,"{""no_feasible_candidate"": 24, ""no_positive_gain"": 12, ""no_uncompleted_active_task"": 10}"
pgbm_v2_paired_metrics.v1,pgbm_v2_task_replacement_recourse,synthetic,moderate,107,synthetic_107,5ea8d79163deb26596273f2917a0e52794a94f53aecd1444dbe609e1504ee0c0,V1,ok,90,3,120.0,three_phase,18.086463581467005,29,61,22.41273810323366,2792.485973685294,279.24859736852943,2950.882442881237,162,41,0.25308641975308643,1.0,3.125293959000004,3.123855749000029,3.118710053999763,0.0,13,0,61,1015,215,8,0,45,30,15,0,0,0,0.0,0,{}
pgbm_v2_paired_metrics.v1,pgbm_v2_task_replacement_recourse,synthetic,moderate,107,synthetic_tasks_90_uavs_3_seed_107,5ea8d79163deb26596273f2917a0e52794a94f53aecd1444dbe609e1504ee0c0,V2,ok,90,3,120.0,three_phase,19.750376769326426,29,61,14.447220354381265,2736.543528476487,273.65435284764874,2887.8149354233587,162,40,0.24691358024691357,1.0,10.170996082999977,7.770741873999782,7.738926560004074,2.365303086000381,17,13,61,2911,1649,8,0,45,30,15,58,12,46,1.5519482091682155,12,"{""no_feasible_candidate"": 22, ""no_positive_gain"": 19, ""no_uncompleted_active_task"": 5}"
pgbm_v2_paired_metrics.v1,pgbm_v2_task_replacement_recourse,synthetic,moderate,108,synthetic_108,415253d7523381208adc73fb5fbcb6cfd49bacdac05538d3fe4a56be8cc1f989,V1,ok,90,3,120.0,three_phase,18.968273976222395,29,61,17.86819959874943,2705.1805569982716,270.5180556998272,2869.53103719503,151,40,0.26490066225165565,1.0,2.450751042000036,2.4491709579999963,2.442568427000623,0.0,14,0,61,1410,257,8,0,45,30,15,0,0,0,0.0,0,{}
pgbm_v2_paired_metrics.v1,pgbm_v2_task_replacement_recourse,synthetic,moderate,108,synthetic_tasks_90_uavs_3_seed_108,415253d7523381208adc73fb5fbcb6cfd49bacdac05538d3fe4a56be8cc1f989,V2,ok,90,3,120.0,three_phase,18.77823825650684,27,63,15.467570511471244,2654.89188716512,265.489188716512,2809.597610922181,151,39,0.2582781456953642,1.0,7.6182842919999985,6.4465082910001,6.426854860000162,1.145107916000029,16,13,63,1702,361,8,0,45,30,15,53,10,43,1.5273448891402,10,"{""no_feasible_candidate"": 22, ""no_positive_gain"": 15, ""no_uncompleted_active_task"": 6}"
pgbm_v2_paired_metrics.v1,pgbm_v2_task_replacement_recourse,synthetic,moderate,109,synthetic_109,7003ee7d9d826aa974c303b753e3558c5051be0e825d38e25425b456d35d76de,V1,ok,90,3,120.0,three_phase,19.934626499230184,29,61,16.510122062903157,2814.305849169236,281.4305849169236,2977.417465250652,156,41,0.26282051282051283,1.0,5.9972568329999945,5.9955812929999865,5.988277082000991,0.0,12,0,61,1406,633,8,0,45,30,15,0,0,0,0.0,0,{}
pgbm_v2_paired_metrics.v1,pgbm_v2_task_replacement_recourse,synthetic,moderate,109,synthetic_tasks_90_uavs_3_seed_109,7003ee7d9d826aa974c303b753e3558c5051be0e825d38e25425b456d35d76de,V2,ok,90,3,120.0,three_phase,20.172774184546192,28,62,14.156077549972265,2663.60168806897,266.360168806897,2811.5039797818813,156,36,0.23076923076923078,1.0,15.40335595900001,11.447265248000349,11.255597305009815,3.926795666999965,15,11,62,23230,10519,8,0,45,30,15,56,10,46,1.966809318411081,10,"{""no_feasible_candidate"": 19, ""no_positive_gain"": 20, ""no_uncompleted_active_task"": 7}"
pgbm_v2_paired_metrics.v1,pgbm_v2_task_replacement_recourse,synthetic,moderate,110,synthetic_110,5588291c8cfbe6b2cac76be2e9c9c307a61b39782b455f394a2f3353423d1320,V1,ok,90,3,120.0,three_phase,16.093275784430872,25,65,21.609290442759097,2799.6648074231866,279.96648074231865,2963.8374205895493,156,34,0.21794871794871795,1.0,4.051011374999973,4.049470085999815,4.0429017710008,0.0,14,0,65,1338,257,8,0,45,30,15,0,0,0,0.0,0,{}
pgbm_v2_paired_metrics.v1,pgbm_v2_task_replacement_recourse,synthetic,moderate,110,synthetic_tasks_90_uavs_3_seed_110,5588291c8cfbe6b2cac76be2e9c9c307a61b39782b455f394a2f3353423d1320,V2,ok,90,3,120.0,three_phase,15.53863799879823,22,68,15.592765995007067,2794.410010276667,279.4410010276667,2953.5536168197123,156,26,0.16666666666666666,1.0,11.41614949999996,8.009127542999863,7.9388195229985286,3.376060498999891,15,10,68,9673,2877,8,0,45,30,15,56,13,43,1.9404519677107595,13,"{""no_feasible_candidate"": 23, ""no_positive_gain"": 14, ""no_uncompleted_active_task"": 6}"
pgbm_v2_paired_metrics.v1,pgbm_v2_task_replacement_recourse,synthetic,moderate,101,synthetic_101,2f3c65db043a9ec34c4a881140b0108f4f5c1b904394d2d10b781ada983652fa,V1,ok,90,5,120.0,three_phase,25.159374705017544,45,45,25.648482072977433,4762.20218298207,476.220218298207,5034.170389490231,152,62,0.40789473684210525,1.0,1.0488413329999844,1.0471937489999732,1.039612718999365,0.0,20,0,46,1895,361,8,0,45,30,15,0,0,0,0.0,0,{}
pgbm_v2_paired_metrics.v1,pgbm_v2_task_replacement_recourse,synthetic,moderate,101,synthetic_tasks_90_uavs_5_seed_101,2f3c65db043a9ec34c4a881140b0108f4f5c1b904394d2d10b781ada983652fa,V2,ok,90,5,120.0,three_phase,26.69311102539596,44,46,17.79618448262672,4530.653139342403,453.0653139342403,4807.902890617754,152,58,0.3815789473684211,1.0,5.045586374999971,4.24216570700014,3.746695488015348,0.7617551209999647,28,19,46,80677,25735,8,0,45,30,15,53,21,32,3.405104441677966,21,"{""no_feasible_candidate"": 6, ""no_positive_gain"": 16, ""no_uncompleted_active_task"": 10}"
pgbm_v2_paired_metrics.v1,pgbm_v2_task_replacement_recourse,synthetic,moderate,102,synthetic_102,018b484ea47eb9fe98f7d7198aa01b45e9002371772b0fc365d18ea809bd22b9,V1,ok,90,5,120.0,three_phase,24.565745497184604,38,52,17.710235475675763,4652.396280798001,465.23962807980007,4908.254210569456,155,58,0.3741935483870968,1.0,2.862305000000049,2.8602722500001505,2.8490809539992483,0.0,23,0,52,2510,1249,8,0,45,30,15,0,0,0,0.0,0,{}
pgbm_v2_paired_metrics.v1,pgbm_v2_task_replacement_recourse,synthetic,moderate,102,synthetic_tasks_90_uavs_5_seed_102,018b484ea47eb9fe98f7d7198aa01b45e9002371772b0fc365d18ea809bd22b9,V2,ok,90,5,120.0,three_phase,23.48945252939833,35,55,16.23303040743369,4702.400511940274,470.2400511940274,4977.349404101208,155,56,0.36129032258064514,1.0,6.1342522910000525,4.960148291000223,4.944900136000115,1.1346080419998543,21,20,55,1215,137,8,0,45,30,15,47,13,34,1.6971911038737435,13,"{""no_feasible_candidate"": 14, ""no_positive_gain"": 13, ""no_uncompleted_active_task"": 7}"
pgbm_v2_paired_metrics.v1,pgbm_v2_task_replacement_recourse,synthetic,moderate,103,synthetic_103,d39c17fbc1c8fe115b9a316da3ad2045f17edc3e4585a38e800b4f9e404376ac,V1,ok,90,5,120.0,three_phase,22.509388235327204,36,54,19.44866526542965,4563.495850431378,456.34958504313784,4837.69956200554,166,60,0.3614457831325301,1.0,2.758128957999986,2.755793998000115,2.646287669999822,0.0,27,0,54,52496,48031,8,0,45,30,15,0,0,0,0.0,0,{}
pgbm_v2_paired_metrics.v1,pgbm_v2_task_replacement_recourse,synthetic,moderate,103,synthetic_tasks_90_uavs_5_seed_103,d39c17fbc1c8fe115b9a316da3ad2045f17edc3e4585a38e800b4f9e404376ac,V2,ok,90,5,120.0,three_phase,22.50785745225165,35,55,18.298042617985857,4650.273494654393,465.02734946543933,4956.317137123795,166,57,0.3433734939759036,1.0,7.160641541000018,5.222515415000203,5.081711722999216,1.8989302500004897,22,19,55,18000,15763,8,0,45,30,15,49,16,33,1.6024878922695258,16,"{""no_feasible_candidate"": 8, ""no_positive_gain"": 24, ""no_uncompleted_active_task"": 1}"
pgbm_v2_paired_metrics.v1,pgbm_v2_task_replacement_recourse,synthetic,moderate,104,synthetic_104,fc61611da0e8577e81af89091171e057f01f71df6cea8c283a0a5ac2877aae35,V1,ok,90,5,120.0,three_phase,28.926808677877624,44,46,19.85425176918398,4523.188843800364,452.3188843800364,4799.692347037003,162,66,0.4074074074074074,1.0,4.638495458000023,4.6361539170000015,4.626213886000528,0.0,28,0,46,1927,473,8,0,45,30,15,0,0,0,0.0,0,{}
pgbm_v2_paired_metrics.v1,pgbm_v2_task_replacement_recourse,synthetic,moderate,104,synthetic_tasks_90_uavs_5_seed_104,fc61611da0e8577e81af89091171e057f01f71df6cea8c283a0a5ac2877aae35,V2,ok,90,5,120.0,three_phase,28.448307553152336,43,47,17.8837237568765,4647.599792434319,464.7599792434319,4953.996413046352,162,62,0.38271604938271603,1.0,10.018119875000025,6.766061333000039,6.751151017001462,3.2023603789997424,21,20,49,1420,257,8,0,45,30,15,51,16,35,1.8756257820795574,16,"{""no_feasible_candidate"": 11, ""no_positive_gain"": 19, ""no_uncompleted_active_task"": 5}"
pgbm_v2_paired_metrics.v1,pgbm_v2_task_replacement_recourse,synthetic,moderate,105,synthetic_105,9597f28ed38c9f4a5ea164614e0c6f860b5b9e20a36056dc1a51b0f6cb657392,V1,ok,90,5,120.0,three_phase,26.81978843768633,43,47,20.27091834777612,4403.271779938862,440.3271779938862,4660.4133865552485,148,65,0.4391891891891892,1.0,3.903975124999988,3.9017167100000734,3.6576004740054486,0.0,27,0,47,119824,50000,8,2,45,30,15,0,0,0,0.0,0,{}
pgbm_v2_paired_metrics.v1,pgbm_v2_task_replacement_recourse,synthetic,moderate,105,synthetic_tasks_90_uavs_5_seed_105,9597f28ed38c9f4a5ea164614e0c6f860b5b9e20a36056dc1a51b0f6cb657392,V2,ok,90,5,120.0,three_phase,27.179614661161736,40,50,17.792757392444024,4671.583713595713,467.1583713595713,4941.596134392778,148,60,0.40540540540540543,1.0,5.167764167000087,3.9807347070000105,3.9643359230007036,1.15070816599939,21,20,50,1451,361,8,0,45,30,15,42,15,27,3.798029988212309,15,"{""no_feasible_candidate"": 10, ""no_positive_gain"": 15, ""no_uncompleted_active_task"": 2}"
pgbm_v2_paired_metrics.v1,pgbm_v2_task_replacement_recourse,synthetic,moderate,106,synthetic_106,d47ac54b08ee8941d1710fb7659cfc198346483532ea26b2aef4e066ccd2158d,V1,ok,90,5,120.0,three_phase,28.31974749733363,45,45,18.99365538243133,4340.0833102224415,434.00833102224414,4614.746141297361,156,69,0.4423076923076923,1.0,12.730078208000009,12.727308083000025,12.105303145984692,0.0,32,0,45,228182,50000,8,1,45,30,15,0,0,0,0.0,0,{}
pgbm_v2_paired_metrics.v1,pgbm_v2_task_replacement_recourse,synthetic,moderate,106,synthetic_tasks_90_uavs_5_seed_106,d47ac54b08ee8941d1710fb7659cfc198346483532ea26b2aef4e066ccd2158d,V2,ok,90,5,120.0,three_phase,28.75798026565215,43,47,14.411435266380296,4549.804693671323,454.9804693671323,4824.057678232542,156,65,0.4166666666666667,1.0,23.524370542000042,18.02077858199982,17.92191816499951,5.454052492999722,28,20,47,10145,2877,8,0,45,30,15,51,21,30,3.42828323959974,21,"{""no_feasible_candidate"": 10, ""no_positive_gain"": 20}"
pgbm_v2_paired_metrics.v1,pgbm_v2_task_replacement_recourse,synthetic,moderate,107,synthetic_107,2d6d6d684c110185e3bcbdbff86eb7ad97c3b5fc49d6b724f7d7c8295663a2f1,V1,ok,90,5,120.0,three_phase,27.347850941079603,44,46,18.648866111888626,4461.273840724287,446.1273840724287,4705.56048712139,162,68,0.41975308641975306,1.0,6.365165415999968,6.36260420799988,5.9410441970065335,0.0,28,0,46,159702,50000,8,1,45,30,15,0,0,0,0.0,0,{}
pgbm_v2_paired_metrics.v1,pgbm_v2_task_replacement_recourse,synthetic,moderate,107,synthetic_tasks_90_uavs_5_seed_107,2d6d6d684c110185e3bcbdbff86eb7ad97c3b5fc49d6b724f7d7c8295663a2f1,V2,ok,90,5,120.0,three_phase,29.354017218645126,43,47,12.428915578006842,4347.373210339069,434.73732103390694,4591.784919816807,162,66,0.4074074074074074,1.0,16.17760058300007,14.569794580999883,13.383846535996668,1.5580456230005666,34,22,47,181906,50000,8,2,45,30,15,35,11,24,2.11988815946376,11,"{""no_feasible_candidate"": 9, ""no_positive_gain"": 15}"
pgbm_v2_paired_metrics.v1,pgbm_v2_task_replacement_recourse,synthetic,moderate,108,synthetic_108,57c8e7601f50cd7cb5bd4ccf16fccae63be3aed0a609b902607cc30746de19b9,V1,ok,90,5,120.0,three_phase,25.667974854399354,41,49,20.344857730905414,4457.0852249590735,445.70852249590735,4716.05281674412,151,63,0.41721854304635764,1.0,4.441130874999999,4.439042294000103,4.20068183101165,0.0,24,0,51,109227,50000,8,2,45,30,15,0,0,0,0.0,0,{}
pgbm_v2_paired_metrics.v1,pgbm_v2_task_replacement_recourse,synthetic,moderate,108,synthetic_tasks_90_uavs_5_seed_108,57c8e7601f50cd7cb5bd4ccf16fccae63be3aed0a609b902607cc30746de19b9,V2,ok,90,5,120.0,three_phase,26.727549029760088,40,50,15.734552744610179,4321.044450121947,432.10444501219473,4574.63187463693,151,61,0.40397350993377484,1.0,11.470364416000052,10.736590496999952,10.084563350008125,0.6916670030000205,26,19,50,119149,50000,8,2,45,30,15,34,8,26,1.5184137556126558,8,"{""no_feasible_candidate"": 15, ""no_positive_gain"": 11}"
pgbm_v2_paired_metrics.v1,pgbm_v2_task_replacement_recourse,synthetic,moderate,109,synthetic_109,265c3b7ea14182f96cc4f38a5ac2886778c2d55dbd0f53fd25001a079a48bf84,V1,ok,90,5,120.0,three_phase,28.695382245613427,46,44,18.869180133852453,4650.659271497523,465.0659271497523,4920.003289689909,156,67,0.42948717948717946,1.0,7.7766580829999725,7.774549208000224,7.759865758001013,0.0,23,0,44,3688,1069,8,0,45,30,15,0,0,0,0.0,0,{}
pgbm_v2_paired_metrics.v1,pgbm_v2_task_replacement_recourse,synthetic,moderate,109,synthetic_tasks_90_uavs_5_seed_109,265c3b7ea14182f96cc4f38a5ac2886778c2d55dbd0f53fd25001a079a48bf84,V2,ok,90,5,120.0,three_phase,31.061228072515792,46,44,12.857432824568793,4531.019122647985,453.10191226479844,4800.027739819196,156,63,0.40384615384615385,1.0,14.759196208000049,10.223592537999707,10.201603842997656,4.482126083999901,26,22,44,1968,473,8,0,45,30,15,37,19,18,2.8607125426291717,19,"{""no_feasible_candidate"": 9, ""no_positive_gain"": 9}"
pgbm_v2_paired_metrics.v1,pgbm_v2_task_replacement_recourse,synthetic,moderate,110,synthetic_110,d100a076ac0d95daf4c4d6b10d7f080479d287789c78475fe3b156e00b17fc6c,V1,ok,90,5,120.0,three_phase,23.067828194832106,36,54,20.597694634452257,4599.720266829404,459.9720266829404,4845.314864244659,156,52,0.3333333333333333,1.0,5.487983832999987,5.485965207999982,5.435980844999676,0.0,22,0,54,16315,5041,8,0,45,30,15,0,0,0,0.0,0,{}
pgbm_v2_paired_metrics.v1,pgbm_v2_task_replacement_recourse,synthetic,moderate,110,synthetic_tasks_90_uavs_5_seed_110,d100a076ac0d95daf4c4d6b10d7f080479d287789c78475fe3b156e00b17fc6c,V2,ok,90,5,120.0,three_phase,23.05919467305607,33,57,16.101500231194343,4573.070336508691,457.30703365086913,4819.684430290304,156,46,0.2948717948717949,1.0,14.074883375000013,12.210446709999701,11.817933603999109,1.8148904590001393,24,17,57,66418,50000,8,1,45,30,15,42,15,27,2.1145375459542315,15,"{""no_feasible_candidate"": 16, ""no_positive_gain"": 11}"
pgbm_v2_paired_metrics.v1,pgbm_v2_task_replacement_recourse,synthetic,moderate,101,synthetic_101,4a8922652dd0e40562b8a065187a88b6d77e0b9c6ffc0f1055bc3ceef9320194,V1,ok,90,8,120.0,three_phase,34.96072669745348,63,27,21.29325392499702,7245.948716880331,724.5948716880331,7661.176541671188,152,97,0.6381578947368421,1.0,3.0710498750000284,3.067980207999824,2.690150992012093,0.0,42,0,29,154174,50000,8,2,45,30,15,0,0,0,0.0,0,{}
pgbm_v2_paired_metrics.v1,pgbm_v2_task_replacement_recourse,synthetic,moderate,101,synthetic_tasks_90_uavs_8_seed_101,4a8922652dd0e40562b8a065187a88b6d77e0b9c6ffc0f1055bc3ceef9320194,V2,ok,90,8,120.0,three_phase,34.54762107765895,59,31,18.436699577068683,7240.459735279443,724.0459735279443,7666.314372222264,152,89,0.5855263157894737,1.0,7.56773116699992,6.377414581000153,5.233653750011058,1.1160193729996308,40,32,32,167956,50000,8,3,45,30,15,40,21,19,3.380090590248308,21,"{""no_feasible_candidate"": 2, ""no_positive_gain"": 15, ""no_uncompleted_active_task"": 2}"
pgbm_v2_paired_metrics.v1,pgbm_v2_task_replacement_recourse,synthetic,moderate,102,synthetic_102,43d020c6f76ad26718a9f4bb6cbfbc4ba255ecdea2d31a39a9f64e957816f5de,V1,ok,90,8,120.0,three_phase,33.90552699751618,58,32,20.88597329178965,7024.404100038147,702.4404100038147,7419.060751115803,155,92,0.5935483870967742,1.0,3.8001347089999626,3.797300583000151,3.5671178910000094,0.0,41,0,33,76198,50000,8,1,45,30,15,0,0,0,0.0,0,{}
pgbm_v2_paired_metrics.v1,pgbm_v2_task_replacement_recourse,synthetic,moderate,102,synthetic_tasks_90_uavs_8_seed_102,43d020c6f76ad26718a9f4bb6cbfbc4ba255ecdea2d31a39a9f64e957816f5de,V2,ok,90,8,120.0,three_phase,34.27218862773487,56,34,16.7894750928283,7192.031707691925,719.2031707691924,7605.883534593632,155,88,0.567741935483871,1.0,8.32267283300007,7.758179755000583,7.414867203995186,0.482957166999995,39,31,34,55717,50000,8,1,45,30,15,25,8,17,1.1523351206252965,8,"{""no_feasible_candidate"": 9, ""no_positive_gain"": 7, ""no_uncompleted_active_task"": 1}"
pgbm_v2_paired_metrics.v1,pgbm_v2_task_replacement_recourse,synthetic,moderate,103,synthetic_103,67d22f48ebe4c1b2d91607be4ff7bc58e3355ef6a0af9fc64103329884324f4d,V1,ok,90,8,120.0,three_phase,32.90440939148792,57,33,19.502699986810317,6856.064155790818,685.6064155790818,7301.307189909836,166,95,0.572289156626506,1.0,7.569539833000022,7.566464251999776,6.557387229994731,0.0,42,0,33,353665,50000,8,5,45,30,15,0,0,0,0.0,0,{}
pgbm_v2_paired_metrics.v1,pgbm_v2_task_replacement_recourse,synthetic,moderate,103,synthetic_tasks_90_uavs_8_seed_103,67d22f48ebe4c1b2d91607be4ff7bc58e3355ef6a0af9fc64103329884324f4d,V2,ok,90,8,120.0,three_phase,33.880308844117906,57,33,17.681863260795083,7185.51617096471,718.551617096471,7651.248094858821,166,97,0.5843373493975904,1.0,10.256184041999859,7.7181758349997835,7.148361038994608,2.446969747000594,41,31,33,107128,50000,8,1,45,30,15,30,12,18,1.8754938341856207,12,"{""no_feasible_candidate"": 7, ""no_positive_gain"": 11}"
pgbm_v2_paired_metrics.v1,pgbm_v2_task_replacement_recourse,synthetic,moderate,104,synthetic_104,8974d2987ab3289af01fe72579f84d1cd4e890101702dca06d7216e94a74dd08,V1,ok,90,8,120.0,three_phase,37.7136310340172,64,26,22.376693794110235,7141.820768640669,714.1820768640669,7586.558856063263,162,106,0.654320987654321,1.0,5.752132000000017,5.749313167000139,5.69226629499434,0.0,41,0,31,19263,14875,8,0,45,30,15,0,0,0,0.0,0,{}
pgbm_v2_paired_metrics.v1,pgbm_v2_task_replacement_recourse,synthetic,moderate,104,synthetic_tasks_90_uavs_8_seed_104,8974d2987ab3289af01fe72579f84d1cd4e890101702dca06d7216e94a74dd08,V2,ok,90,8,120.0,three_phase,39.80399456609545,64,26,17.1808628330842,7092.322927245162,709.2322927245161,7554.5581803962605,162,101,0.6234567901234568,1.0,18.493786624999984,15.278305380000802,14.65990551502091,3.10931854299929,43,32,30,94641,50000,8,1,45,30,15,35,15,20,3.384533474674604,15,"{""no_feasible_candidate"": 2, ""no_positive_gain"": 18}"
pgbm_v2_paired_metrics.v1,pgbm_v2_task_replacement_recourse,synthetic,moderate,105,synthetic_105,de2d6fba6f137deffe9a98cb02df803f1c0c14716af068e6b222874a5edd85ed,V1,ok,90,8,120.0,three_phase,37.40107046895183,64,26,20.21393654866858,6831.084668488804,683.1084668488804,7251.638970054374,148,109,0.7364864864864865,1.0,5.695217875000026,5.6924346270000115,5.13574184201417,0.0,41,0,28,261854,50000,8,5,45,30,15,0,0,0,0.0,0,{}
pgbm_v2_paired_metrics.v1,pgbm_v2_task_replacement_recourse,synthetic,moderate,105,synthetic_tasks_90_uavs_8_seed_105,de2d6fba6f137deffe9a98cb02df803f1c0c14716af068e6b222874a5edd85ed,V2,ok,90,8,120.0,three_phase,37.31876232886271,61,29,18.514303710418645,7201.0567607364155,720.1056760736416,7613.924517342531,148,98,0.6621621621621622,1.0,8.190537541999902,7.324712666000551,7.214315283012866,0.7837215459999243,38,32,29,12617,9629,8,0,45,30,15,27,16,11,4.324561352684289,16,"{""no_feasible_candidate"": 2, ""no_positive_gain"": 9}"
pgbm_v2_paired_metrics.v1,pgbm_v2_task_replacement_recourse,synthetic,moderate,106,synthetic_106,565c605e10dd7e42e0bdda044e4149b519d6e911f7a1a4448b5f95c8cb0c2d78,V1,ok,90,8,120.0,three_phase,38.39747814026271,69,21,21.807181981758372,7274.937312835185,727.4937312835185,7716.690921228973,156,111,0.7115384615384616,1.0,10.59411795899996,10.591430915000046,10.577859787000136,0.0,42,0,23,2655,425,8,0,45,30,15,0,0,0,0.0,0,{}
pgbm_v2_paired_metrics.v1,pgbm_v2_task_replacement_recourse,synthetic,moderate,106,synthetic_tasks_90_uavs_8_seed_106,565c605e10dd7e42e0bdda044e4149b519d6e911f7a1a4448b5f95c8cb0c2d78,V2,ok,90,8,120.0,three_phase,38.37107674211898,64,26,17.3857309269987,7082.125941822738,708.2125941822738,7517.025709626053,156,102,0.6538461538461539,1.0,38.172370208000075,30.956989294001005,28.825527877944296,7.101203165999777,45,32,28,283853,50000,8,5,45,30,15,34,18,16,3.730878215736219,18,"{""no_feasible_candidate"": 4, ""no_positive_gain"": 12}"
pgbm_v2_paired_metrics.v1,pgbm_v2_task_replacement_recourse,synthetic,moderate,107,synthetic_107,f3b5c749b072e4045f10ac79f6813d9c376de79cd87a7ba35ab40a4309167a8d,V1,ok,90,8,120.0,three_phase,40.0732725925675,67,23,16.901273714319437,7094.544798321242,709.4544798321242,7490.446898009741,162,110,0.6790123456790124,1.0,7.630629375000012,7.627601375999859,7.096901765012262,0.0,46,0,24,181190,50000,8,2,45,30,15,0,0,0,0.0,0,{}
pgbm_v2_paired_metrics.v1,pgbm_v2_task_replacement_recourse,synthetic,moderate,107,synthetic_tasks_90_uavs_8_seed_107,f3b5c749b072e4045f10ac79f6813d9c376de79cd87a7ba35ab40a4309167a8d,V2,ok,90,8,120.0,three_phase,39.992614683366725,65,25,15.498705190321985,7199.728167746031,719.9728167746032,7625.066052930588,162,105,0.6481481481481481,1.0,13.753659083000002,12.068914498999675,11.511208574008606,1.572804374999805,44,35,25,71721,25735,8,0,45,30,15,22,12,10,1.37588558034198,12,"{""no_feasible_candidate"": 3, ""no_positive_gain"": 7}"
pgbm_v2_paired_metrics.v1,pgbm_v2_task_replacement_recourse,synthetic,moderate,108,synthetic_108,bf4b487cbbea41ef84fbb83b4f561e82560f33d27f3babec4a662d935d1e94bf,V1,ok,90,8,120.0,three_phase,34.72868837849875,56,34,17.298854488544233,6784.145785228063,678.4145785228063,7167.209109688934,151,88,0.5827814569536424,1.0,8.945830249999972,8.94296308499986,8.034712533001596,0.0,38,0,34,416489,50000,8,8,45,30,15,0,0,0,0.0,0,{}
pgbm_v2_paired_metrics.v1,pgbm_v2_task_replacement_recourse,synthetic,moderate,108,synthetic_tasks_90_uavs_8_seed_108,bf4b487cbbea41ef84fbb83b4f561e82560f33d27f3babec4a662d935d1e94bf,V2,ok,90,8,120.0,three_phase,38.37819395894728,63,27,17.820036831973493,7177.767598944322,717.7767598944322,7587.015026445704,151,99,0.6556291390728477,1.0,11.78794791700011,10.073389663999933,9.98099583999965,1.4455371279996143,36,31,29,7896,2877,8,0,45,30,15,22,11,11,1.868153971714518,11,"{""no_feasible_candidate"": 3, ""no_positive_gain"": 8}"
pgbm_v2_paired_metrics.v1,pgbm_v2_task_replacement_recourse,synthetic,moderate,109,synthetic_109,f741fbb0eacf38379559dbaf3bbd2e6ad89e7b0dd28dcc24b671abac76e3e7e5,V1,ok,90,8,120.0,three_phase,40.27792910021657,70,20,17.62515950407675,7152.613977269843,715.2613977269843,7569.20486778128,156,108,0.6923076923076923,1.0,11.687430874999961,11.68472691699992,11.403111086993476,0.0,39,0,23,129879,50000,8,2,45,30,15,0,0,0,0.0,0,{}
pgbm_v2_paired_metrics.v1,pgbm_v2_task_replacement_recourse,synthetic,moderate,109,synthetic_tasks_90_uavs_8_seed_109,f741fbb0eacf38379559dbaf3bbd2e6ad89e7b0dd28dcc24b671abac76e3e7e5,V2,ok,90,8,120.0,three_phase,41.61626487614639,67,23,13.506702370332926,7218.975797345128,721.8975797345128,7660.777422867197,156,101,0.6474358974358975,1.0,24.368112208999946,21.657386420999728,21.56036009899276,2.602169542999718,41,35,23,7283,4909,8,0,45,30,15,21,12,9,2.8168266955266876,12,"{""no_feasible_candidate"": 3, ""no_positive_gain"": 6}"
pgbm_v2_paired_metrics.v1,pgbm_v2_task_replacement_recourse,synthetic,moderate,110,synthetic_110,7d59acb396ee330a3cc3c4cd64fbb8dcd94a425f2a82be6d4f6dcda1468fd35f,V1,ok,90,8,120.0,three_phase,32.44062047735307,55,35,21.154184624736764,7161.538757205528,716.1538757205528,7556.585051546525,156,88,0.5641025641025641,1.0,8.118390790999968,8.115206953999973,7.603912579014661,0.0,37,0,35,192662,50000,8,1,45,30,15,0,0,0,0.0,0,{}
pgbm_v2_paired_metrics.v1,pgbm_v2_task_replacement_recourse,synthetic,moderate,110,synthetic_tasks_90_uavs_8_seed_110,7d59acb396ee330a3cc3c4cd64fbb8dcd94a425f2a82be6d4f6dcda1468fd35f,V2,ok,90,8,120.0,three_phase,31.850731024000414,49,41,17.97322213050374,7124.719734184701,712.4719734184702,7505.393501005365,156,76,0.48717948717948717,1.0,22.677111791000016,19.44447466500037,17.977785338920967,3.1209047489999193,38,28,41,180487,50000,8,3,45,30,15,31,19,12,3.96448400729856,19,"{""no_feasible_candidate"": 8, ""no_positive_gain"": 4}"
pgbm_v2_paired_metrics.v1,pgbm_v2_task_replacement_recourse,synthetic,moderate,101,synthetic_101,046f747409f7ca23416eae8d8e6b52aa812193700c3e934d9162670406f40dc3,V1,ok,90,10,120.0,three_phase,39.6991848189464,76,14,22.28125635433879,9005.859566574953,900.5859566574952,9521.110294656875,152,122,0.8026315789473685,1.0,3.6267010830000004,3.6237646249999216,3.106063311987157,0.0,50,0,23,190560,50000,8,2,45,30,15,0,0,0,0.0,0,{}
pgbm_v2_paired_metrics.v1,pgbm_v2_task_replacement_recourse,synthetic,moderate,101,synthetic_tasks_90_uavs_10_seed_101,046f747409f7ca23416eae8d8e6b52aa812193700c3e934d9162670406f40dc3,V2,ok,90,10,120.0,three_phase,39.45471669118043,72,18,20.132466193904907,8751.57028085823,875.157028085823,9258.267655496193,152,113,0.743421052631579,1.0,10.531740707999916,9.257466410000006,7.350661977005984,1.1638665860004949,50,37,26,217330,50000,8,3,45,30,15,32,18,14,3.872354828621707,18,"{""no_feasible_candidate"": 2, ""no_positive_gain"": 12}"
pgbm_v2_paired_metrics.v1,pgbm_v2_task_replacement_recourse,synthetic,moderate,102,synthetic_102,287f89c281596a704d34fab9201ada546a3913a8f794286adcb6108011d45754,V1,ok,90,10,120.0,three_phase,39.56207422788971,70,20,20.78799553185988,8965.946811711008,896.5946811711008,9466.401497907686,155,115,0.7419354838709677,1.0,3.3971358749999467,3.3942270399997483,3.355700871999204,0.0,45,0,23,11798,6229,8,0,45,30,15,0,0,0,0.0,0,{}
pgbm_v2_paired_metrics.v1,pgbm_v2_task_replacement_recourse,synthetic,moderate,102,synthetic_tasks_90_uavs_10_seed_102,287f89c281596a704d34fab9201ada546a3913a8f794286adcb6108011d45754,V2,ok,90,10,120.0,three_phase,38.82583467249011,65,25,17.204568828461152,8731.163358423388,873.1163358423388,9202.072195739469,155,106,0.6838709677419355,1.0,15.610516582999935,14.452116793999721,12.876421482020532,1.039925373999722,48,37,25,227895,50000,8,4,45,30,15,22,8,14,1.7766194811527303,8,"{""no_feasible_candidate"": 7, ""no_positive_gain"": 7}"
pgbm_v2_paired_metrics.v1,pgbm_v2_task_replacement_recourse,synthetic,moderate,103,synthetic_103,694aec76311da2416daa9dfd539278de8bdeaee5eb9cbe65c352c1ba5141a828,V1,ok,90,10,120.0,three_phase,38.413799508288754,71,19,21.183436635138076,8724.341788932166,872.4341788932167,9289.729316095418,166,124,0.7469879518072289,1.0,7.2985122499999875,7.295330290000095,6.4277039660060495,0.0,52,0,23,304085,50000,8,5,45,30,15,0,0,0,0.0,0,{}
pgbm_v2_paired_metrics.v1,pgbm_v2_task_replacement_recourse,synthetic,moderate,103,synthetic_tasks_90_uavs_10_seed_103,694aec76311da2416daa9dfd539278de8bdeaee5eb9cbe65c352c1ba5141a828,V2,ok,90,10,120.0,three_phase,38.10280058639085,68,22,18.70402719690563,8781.466043954668,878.1466043954667,9335.020044455154,166,118,0.7108433734939759,1.0,16.389185624999982,15.00114036900186,13.147908951945965,1.2677925409998352,50,38,24,265525,50000,8,5,45,30,15,23,10,13,1.3548715001781735,10,"{""no_feasible_candidate"": 2, ""no_positive_gain"": 11}"
pgbm_v2_paired_metrics.v1,pgbm_v2_task_replacement_recourse,synthetic,moderate,104,synthetic_104,42f1fbd40a3eb1a82b439322b3dcb98c1de5fe6741b626b29fa067176b88faed,V1,ok,90,10,120.0,three_phase,43.64571632003864,77,13,22.38609746883508,8937.041960456669,893.7041960456669,9470.963473670427,162,129,0.7962962962962963,1.0,6.466153125000005,6.463204204000078,6.433029228999885,0.0,49,0,21,7828,4909,8,0,45,30,15,0,0,0,0.0,0,{}
pgbm_v2_paired_metrics.v1,pgbm_v2_task_replacement_recourse,synthetic,moderate,104,synthetic_tasks_90_uavs_10_seed_104,42f1fbd40a3eb1a82b439322b3dcb98c1de5fe6741b626b29fa067176b88faed,V2,ok,90,10,120.0,three_phase,43.86758949791546,73,17,18.42498590434371,9082.273786256368,908.2273786256368,9643.844801988778,162,120,0.7407407407407407,1.0,18.0732069579999,13.536390709000443,13.474290903995552,4.370140911999442,45,40,24,4900,2437,8,0,45,30,15,41,24,17,5.083598047781065,24,"{""no_feasible_candidate"": 2, ""no_positive_gain"": 15}"
pgbm_v2_paired_metrics.v1,pgbm_v2_task_replacement_recourse,synthetic,moderate,105,synthetic_105,e016de221c238de8dbd58720f93558eab758db3553bca726b859d2902de48652,V1,ok,90,10,120.0,three_phase,42.067872390662146,77,13,21.104818217669276,8444.487543877973,844.4487543877973,8941.585421760266,148,126,0.8513513513513513,1.0,7.589694707999968,7.5866319550002,6.765142985009049,0.0,49,0,19,358561,50000,8,7,45,30,15,0,0,0,0.0,0,{}
pgbm_v2_paired_metrics.v1,pgbm_v2_task_replacement_recourse,synthetic,moderate,105,synthetic_tasks_90_uavs_10_seed_105,e016de221c238de8dbd58720f93558eab758db3553bca726b859d2902de48652,V2,ok,90,10,120.0,three_phase,42.196412103425466,76,14,21.965703349116893,8743.047751839744,874.3047751839744,9253.723112293437,148,124,0.8378378378378378,1.0,11.4168682909999,10.654127207000101,9.970300041995415,0.6400643729998592,47,40,18,102756,50000,8,1,45,30,15,14,10,4,2.6592969987888466,10,"{""no_positive_gain"": 4}"
pgbm_v2_paired_metrics.v1,pgbm_v2_task_replacement_recourse,synthetic,moderate,106,synthetic_106,1274f5597fa01f1064039dd4b5eb4e439ae5a74dab3f26582aee6b44e365d0f9,V1,ok,90,10,120.0,three_phase,41.457703497118914,76,14,20.236369762833103,8606.821175473864,860.6821175473864,9126.26342340568,156,128,0.8205128205128205,1.0,14.433174666000014,14.42996450000021,13.394398607016683,0.0,54,0,16,375795,50000,8,6,45,30,15,0,0,0,0.0,0,{}
pgbm_v2_paired_metrics.v1,pgbm_v2_task_replacement_recourse,synthetic,moderate,106,synthetic_tasks_90_uavs_10_seed_106,1274f5597fa01f1064039dd4b5eb4e439ae5a74dab3f26582aee6b44e365d0f9,V2,ok,90,10,120.0,three_phase,42.37224339444498,74,16,19.25276717314961,8936.51135576168,893.651135576168,9483.89623326324,156,123,0.7884615384615384,1.0,37.50610974999995,30.145246414999747,28.090306898979634,7.211232626000083,51,40,18,302664,50000,8,5,45,30,15,35,23,12,5.841062892111134,23,"{""no_feasible_candidate"": 3, ""no_positive_gain"": 9}"
pgbm_v2_paired_metrics.v1,pgbm_v2_task_replacement_recourse,synthetic,moderate,107,synthetic_107,18d65bc76f6ca36f4b4d902b06db6a3fc293f736617ff1999a0d14a7ca94f47a,V1,ok,90,10,120.0,three_phase,43.9204625669875,77,13,18.313163075926653,8339.72137158204,833.972137158204,8819.210145420278,162,135,0.8333333333333334,1.0,12.231617333999964,12.228199711000059,10.860552137998184,0.0,58,0,15,543401,50000,8,10,45,30,15,0,0,0,0.0,0,{}
pgbm_v2_paired_metrics.v1,pgbm_v2_task_replacement_recourse,synthetic,moderate,107,synthetic_tasks_90_uavs_10_seed_107,18d65bc76f6ca36f4b4d902b06db6a3fc293f736617ff1999a0d14a7ca94f47a,V2,ok,90,10,120.0,three_phase,44.27945033240022,76,14,17.986711086807794,8743.64983451095,874.364983451095,9241.448529508554,162,131,0.808641975308642,1.0,14.151268707999861,13.189785454998628,12.050218811962168,0.8503922509999029,52,43,16,216653,50000,8,3,45,30,15,10,7,3,1.478695286165229,7,"{""no_positive_gain"": 3}"
pgbm_v2_paired_metrics.v1,pgbm_v2_task_replacement_recourse,synthetic,moderate,108,synthetic_108,ee913d9110d1b37d025696a464d19d8fec4c8a33486517b5966cd2618802c678,V1,ok,90,10,120.0,three_phase,41.264287991459156,70,20,17.95761134339271,8535.455635329823,853.5455635329823,9002.527478296337,151,114,0.7549668874172185,1.0,8.631268375000047,8.628221246999942,7.729577331990356,0.0,46,0,22,358839,50000,8,7,45,30,15,0,0,0,0.0,0,{}
pgbm_v2_paired_metrics.v1,pgbm_v2_task_replacement_recourse,synthetic,moderate,108,synthetic_tasks_90_uavs_10_seed_108,ee913d9110d1b37d025696a464d19d8fec4c8a33486517b5966cd2618802c678,V2,ok,90,10,120.0,three_phase,42.83124720350778,70,20,16.815067726452696,8419.336504331599,841.9336504331599,8906.171106605518,151,113,0.7483443708609272,1.0,16.99243879200003,16.070906792000642,13.85768352198761,0.8294215389998953,49,37,22,434454,50000,8,8,45,30,15,16,8,8,2.33876916192905,8,"{""no_feasible_candidate"": 1, ""no_positive_gain"": 7}"
pgbm_v2_paired_metrics.v1,pgbm_v2_task_replacement_recourse,synthetic,moderate,109,synthetic_109,9b6781dbfb57a630717736daac082871869b501b00d6dc8edea71ca55ecfeeb7,V1,ok,90,10,120.0,three_phase,46.977688800020196,81,9,14.835150657028953,8810.465131756688,881.0465131756688,9325.213846463277,156,133,0.8525641025641025,1.0,11.649461083000006,11.646422207999763,11.178201051003498,0.0,52,0,12,111724,50000,8,2,45,30,15,0,0,0,0.0,0,{}
pgbm_v2_paired_metrics.v1,pgbm_v2_task_replacement_recourse,synthetic,moderate,109,synthetic_tasks_90_uavs_10_seed_109,9b6781dbfb57a630717736daac082871869b501b00d6dc8edea71ca55ecfeeb7,V2,ok,90,10,120.0,three_phase,46.595297044779194,79,11,15.219668465675928,9029.201194574372,902.9201194574373,9565.81070637576,156,129,0.8269230769230769,1.0,21.86225741699991,18.16275762699979,18.060821117997875,3.581416836999324,50,45,14,10995,8275,8,0,45,30,15,17,11,6,3.3968716286130394,11,"{""no_positive_gain"": 5, ""no_uncompleted_active_task"": 1}"
pgbm_v2_paired_metrics.v1,pgbm_v2_task_replacement_recourse,synthetic,moderate,110,synthetic_110,0b016bb2624b011c7830b9d6a28d55b905cc7cb97a37b9a80ffb12474842e824,V1,ok,90,10,120.0,three_phase,38.240736162973754,68,22,20.50939336841285,8937.689571690293,893.7689571690292,9441.107150184129,156,112,0.717948717948718,1.0,9.554398625000033,9.55107645600009,9.036884947014926,0.0,43,0,22,206646,50000,8,4,45,30,15,0,0,0,0.0,0,{}
pgbm_v2_paired_metrics.v1,pgbm_v2_task_replacement_recourse,synthetic,moderate,110,synthetic_tasks_90_uavs_10_seed_110,0b016bb2624b011c7830b9d6a28d55b905cc7cb97a37b9a80ffb12474842e824,V2,ok,90,10,120.0,three_phase,37.946967362301905,63,27,17.582509035477095,9015.565392857661,901.5565392857661,9515.934966209901,156,104,0.6666666666666666,1.0,17.394992124999817,14.608834211999465,13.52162117902526,2.6778009600002406,43,36,27,203198,50000,8,3,45,30,15,31,19,12,4.553203508078387,19,"{""no_feasible_candidate"": 4, ""no_positive_gain"": 8}"
